ISO-10303-21;
HEADER;
FILE_DESCRIPTION(('Open CASCADE Model'),'2;1');
FILE_NAME('Open CASCADE Shape Model','2026-09-06T08:47:01',('Author'),(
    'Open CASCADE'),'Open CASCADE STEP processor 7.9','build123d',
  'Unknown');
FILE_SCHEMA(('AUTOMOTIVE_DESIGN { 1 0 10303 214 1 1 1 1 }'));
ENDSEC;
DATA;
#1 = APPLICATION_PROTOCOL_DEFINITION('international standard',
  'automotive_design',2000,#2);
#2 = APPLICATION_CONTEXT(
  'core data for automotive mechanical design processes');
#3 = SHAPE_DEFINITION_REPRESENTATION(#4,#10);
#4 = PRODUCT_DEFINITION_SHAPE('','',#5);
#5 = PRODUCT_DEFINITION('design','',#6,#9);
#6 = PRODUCT_DEFINITION_FORMATION('','',#7);
#7 = PRODUCT('=>[0:1:1:2]','=>[0:1:1:2]','',(#8));
#8 = PRODUCT_CONTEXT('',#2,'mechanical');
#9 = PRODUCT_DEFINITION_CONTEXT('part definition',#2,'design');
#10 = SHAPE_REPRESENTATION('',(#11,#15),#19);
#11 = AXIS2_PLACEMENT_3D('',#12,#13,#14);
#12 = CARTESIAN_POINT('',(0.,0.,0.));
#13 = DIRECTION('',(0.,0.,1.));
#14 = DIRECTION('',(1.,0.,-0.));
#15 = AXIS2_PLACEMENT_3D('',#16,#17,#18);
#16 = CARTESIAN_POINT('',(0.,0.,20.98));
#17 = DIRECTION('',(0.,-1.224646799147E-16,-1.));
#18 = DIRECTION('',(1.,0.,0.));
#19 = ( GEOMETRIC_REPRESENTATION_CONTEXT(3) 
GLOBAL_UNCERTAINTY_ASSIGNED_CONTEXT((#23)) GLOBAL_UNIT_ASSIGNED_CONTEXT(
(#20,#21,#22)) REPRESENTATION_CONTEXT('Context #1',
  '3D Context with UNIT and UNCERTAINTY') );
#20 = ( LENGTH_UNIT() NAMED_UNIT(*) SI_UNIT(.MILLI.,.METRE.) );
#21 = ( NAMED_UNIT(*) PLANE_ANGLE_UNIT() SI_UNIT($,.RADIAN.) );
#22 = ( NAMED_UNIT(*) SI_UNIT($,.STERADIAN.) SOLID_ANGLE_UNIT() );
#23 = UNCERTAINTY_MEASURE_WITH_UNIT(LENGTH_MEASURE(1.E-07),#20,
  'distance_accuracy_value','confusion accuracy');
#24 = PRODUCT_RELATED_PRODUCT_CATEGORY('part',$,(#7));
#25 = SHAPE_DEFINITION_REPRESENTATION(#26,#32);
#26 = PRODUCT_DEFINITION_SHAPE('','',#27);
#27 = PRODUCT_DEFINITION('design','',#28,#31);
#28 = PRODUCT_DEFINITION_FORMATION('','',#29);
#29 = PRODUCT('COMPOUND','COMPOUND','',(#30));
#30 = PRODUCT_CONTEXT('',#2,'mechanical');
#31 = PRODUCT_DEFINITION_CONTEXT('part definition',#2,'design');
#32 = ADVANCED_BREP_SHAPE_REPRESENTATION('',(#11,#33),#4590);
#33 = MANIFOLD_SOLID_BREP('',#34);
#34 = CLOSED_SHELL('',(#35,#77,#110,#1010,#1035,#1414,#1431,#1448,#1465,
    #1482,#1499,#1516,#1528,#1545,#1576,#1600,#1624,#1648,#1672,#1689,
    #1711,#1728,#1745,#1757,#1774,#1805,#1829,#1853,#1877,#1901,#1918,
    #1935,#1966,#1990,#2014,#2038,#2062,#2079,#2110,#2134,#2158,#2182,
    #2206,#2223,#2254,#2278,#2302,#2326,#2350,#2367,#2398,#2422,#2446,
    #2470,#2494,#2511,#2528,#2559,#2583,#2607,#2631,#2655,#2672,#2703,
    #2727,#2751,#2775,#2799,#2816,#2847,#2871,#2895,#2919,#2943,#2960,
    #2982,#2999,#3016,#3028,#3059,#3083,#3107,#3131,#3155,#3172,#3203,
    #3227,#3251,#3275,#3299,#3316,#3347,#3371,#3395,#3419,#3443,#3460,
    #3491,#3515,#3539,#3563,#3587,#3604,#3635,#3659,#3683,#3707,#3731,
    #3748,#3765,#3790,#3815,#3840,#3865,#3890,#3915,#3940,#3965,#3990,
    #4015,#4040,#4065,#4090,#4115,#4140,#4165,#4190,#4207,#4224,#4241,
    #4258,#4275,#4292,#4309,#4326,#4343,#4360,#4377,#4394,#4411,#4428,
    #4448,#4468,#4488,#4513,#4538,#4563,#4572,#4581));
#35 = ADVANCED_FACE('',(#36),#72,.T.);
#36 = FACE_BOUND('',#37,.T.);
#37 = EDGE_LOOP('',(#38,#48,#57,#65));
#38 = ORIENTED_EDGE('',*,*,#39,.F.);
#39 = EDGE_CURVE('',#40,#42,#44,.T.);
#40 = VERTEX_POINT('',#41);
#41 = CARTESIAN_POINT('',(68.599621826698,42.511498459052,19.48));
#42 = VERTEX_POINT('',#43);
#43 = CARTESIAN_POINT('',(68.599621826698,42.511498459052,20.98));
#44 = LINE('',#45,#46);
#45 = CARTESIAN_POINT('',(68.599621826698,42.511498459052,19.48));
#46 = VECTOR('',#47,1.);
#47 = DIRECTION('',(0.,0.,1.));
#48 = ORIENTED_EDGE('',*,*,#49,.T.);
#49 = EDGE_CURVE('',#40,#50,#52,.T.);
#50 = VERTEX_POINT('',#51);
#51 = CARTESIAN_POINT('',(-68.59962182669,42.511498459053,19.48));
#52 = CIRCLE('',#53,80.704);
#53 = AXIS2_PLACEMENT_3D('',#54,#55,#56);
#54 = CARTESIAN_POINT('',(0.,0.,19.48));
#55 = DIRECTION('',(0.,-0.,1.));
#56 = DIRECTION('',(0.850015139605,0.526758258067,0.));
#57 = ORIENTED_EDGE('',*,*,#58,.T.);
#58 = EDGE_CURVE('',#50,#59,#61,.T.);
#59 = VERTEX_POINT('',#60);
#60 = CARTESIAN_POINT('',(-68.59962182669,42.511498459052,20.98));
#61 = LINE('',#62,#63);
#62 = CARTESIAN_POINT('',(-68.59962182669,42.511498459052,19.48));
#63 = VECTOR('',#64,1.);
#64 = DIRECTION('',(0.,0.,1.));
#65 = ORIENTED_EDGE('',*,*,#66,.T.);
#66 = EDGE_CURVE('',#59,#42,#67,.T.);
#67 = CIRCLE('',#68,80.704);
#68 = AXIS2_PLACEMENT_3D('',#69,#70,#71);
#69 = CARTESIAN_POINT('',(0.,0.,20.98));
#70 = DIRECTION('',(0.,0.,-1.));
#71 = DIRECTION('',(0.881193602942,0.472755575466,0.));
#72 = CYLINDRICAL_SURFACE('',#73,80.704);
#73 = AXIS2_PLACEMENT_3D('',#74,#75,#76);
#74 = CARTESIAN_POINT('',(0.,0.,19.48));
#75 = DIRECTION('',(0.,0.,1.));
#76 = DIRECTION('',(1.,0.,-0.));
#77 = ADVANCED_FACE('',(#78),#105,.F.);
#78 = FACE_BOUND('',#79,.F.);
#79 = EDGE_LOOP('',(#80,#81,#90,#98));
#80 = ORIENTED_EDGE('',*,*,#39,.F.);
#81 = ORIENTED_EDGE('',*,*,#82,.T.);
#82 = EDGE_CURVE('',#40,#83,#85,.T.);
#83 = VERTEX_POINT('',#84);
#84 = CARTESIAN_POINT('',(71.115848531831,38.1532659624,19.48));
#85 = CIRCLE('',#86,4.5);
#86 = AXIS2_PLACEMENT_3D('',#87,#88,#89);
#87 = CARTESIAN_POINT('',(66.626798414752,38.467,19.48));
#88 = DIRECTION('',(0.,0.,1.));
#89 = DIRECTION('',(0.866025403784,0.5,-0.));
#90 = ORIENTED_EDGE('',*,*,#91,.T.);
#91 = EDGE_CURVE('',#83,#92,#94,.T.);
#92 = VERTEX_POINT('',#93);
#93 = CARTESIAN_POINT('',(71.115848531831,38.1532659624,20.98));
#94 = LINE('',#95,#96);
#95 = CARTESIAN_POINT('',(71.115848531831,38.1532659624,19.48));
#96 = VECTOR('',#97,1.);
#97 = DIRECTION('',(0.,0.,1.));
#98 = ORIENTED_EDGE('',*,*,#99,.F.);
#99 = EDGE_CURVE('',#42,#92,#100,.T.);
#100 = CIRCLE('',#101,4.5);
#101 = AXIS2_PLACEMENT_3D('',#102,#103,#104);
#102 = CARTESIAN_POINT('',(66.626798414752,38.467,20.98));
#103 = DIRECTION('',(0.,0.,1.));
#104 = DIRECTION('',(0.866025403784,0.5,-0.));
#105 = CYLINDRICAL_SURFACE('',#106,4.5);
#106 = AXIS2_PLACEMENT_3D('',#107,#108,#109);
#107 = CARTESIAN_POINT('',(66.626798414752,38.467,18.48));
#108 = DIRECTION('',(0.,0.,1.));
#109 = DIRECTION('',(0.866025403784,0.5,0.));
#110 = ADVANCED_FACE('',(#111,#182,#193,#243,#277,#288,#338,#349,#399,
    #449,#499,#549,#560,#610,#660,#710,#744,#794,#844,#894,#944,#994),
  #1005,.T.);
#111 = FACE_BOUND('',#112,.T.);
#112 = EDGE_LOOP('',(#113,#114,#115,#124,#133,#142,#151,#159,#167,#175)
  );
#113 = ORIENTED_EDGE('',*,*,#99,.F.);
#114 = ORIENTED_EDGE('',*,*,#66,.F.);
#115 = ORIENTED_EDGE('',*,*,#116,.F.);
#116 = EDGE_CURVE('',#117,#59,#119,.T.);
#117 = VERTEX_POINT('',#118);
#118 = CARTESIAN_POINT('',(-71.11584853183,38.1532659624,20.98));
#119 = CIRCLE('',#120,4.5);
#120 = AXIS2_PLACEMENT_3D('',#121,#122,#123);
#121 = CARTESIAN_POINT('',(-66.62679841475,38.467,20.98));
#122 = DIRECTION('',(0.,0.,1.));
#123 = DIRECTION('',(-0.866025403784,0.5,0.));
#124 = ORIENTED_EDGE('',*,*,#125,.F.);
#125 = EDGE_CURVE('',#126,#117,#128,.T.);
#126 = VERTEX_POINT('',#127);
#127 = CARTESIAN_POINT('',(-2.516226705134,-80.66476442145,20.98));
#128 = CIRCLE('',#129,80.704);
#129 = AXIS2_PLACEMENT_3D('',#130,#131,#132);
#130 = CARTESIAN_POINT('',(0.,0.,20.98));
#131 = DIRECTION('',(0.,0.,-1.));
#132 = DIRECTION('',(0.881193602942,0.472755575466,0.));
#133 = ORIENTED_EDGE('',*,*,#134,.F.);
#134 = EDGE_CURVE('',#135,#126,#137,.T.);
#135 = VERTEX_POINT('',#136);
#136 = CARTESIAN_POINT('',(2.516226705134,-80.66476442145,20.98));
#137 = CIRCLE('',#138,4.5);
#138 = AXIS2_PLACEMENT_3D('',#139,#140,#141);
#139 = CARTESIAN_POINT('',(-1.413254652684E-14,-76.934,20.98));
#140 = DIRECTION('',(0.,0.,1.));
#141 = DIRECTION('',(-2.22044604925E-16,-1.,0.));
#142 = ORIENTED_EDGE('',*,*,#143,.F.);
#143 = EDGE_CURVE('',#144,#135,#146,.T.);
#144 = VERTEX_POINT('',#145);
#145 = CARTESIAN_POINT('',(47.945653874654,-64.9180243887,20.98));
#146 = CIRCLE('',#147,80.704);
#147 = AXIS2_PLACEMENT_3D('',#148,#149,#150);
#148 = CARTESIAN_POINT('',(0.,0.,20.98));
#149 = DIRECTION('',(0.,0.,-1.));
#150 = DIRECTION('',(0.881193602942,0.472755575466,0.));
#151 = ORIENTED_EDGE('',*,*,#152,.T.);
#152 = EDGE_CURVE('',#144,#153,#155,.T.);
#153 = VERTEX_POINT('',#154);
#154 = CARTESIAN_POINT('',(44.831370988115,-61.20656657031,20.98));
#155 = LINE('',#156,#157);
#156 = CARTESIAN_POINT('',(20.50057438626,-32.21025230937,20.98));
#157 = VECTOR('',#158,1.);
#158 = DIRECTION('',(-0.642787609687,0.766044443119,0.));
#159 = ORIENTED_EDGE('',*,*,#160,.T.);
#160 = EDGE_CURVE('',#153,#161,#163,.T.);
#161 = VERTEX_POINT('',#162);
#162 = CARTESIAN_POINT('',(52.491815419305,-54.77869047344,20.98));
#163 = LINE('',#164,#165);
#164 = CARTESIAN_POINT('',(46.746482095912,-59.59959754609,20.98));
#165 = VECTOR('',#166,1.);
#166 = DIRECTION('',(0.766044443119,0.642787609687,-0.));
#167 = ORIENTED_EDGE('',*,*,#168,.F.);
#168 = EDGE_CURVE('',#169,#161,#171,.T.);
#169 = VERTEX_POINT('',#170);
#170 = CARTESIAN_POINT('',(55.606098305844,-58.49014829183,20.98));
#171 = LINE('',#172,#173);
#172 = CARTESIAN_POINT('',(28.16101881745,-25.7823762125,20.98));
#173 = VECTOR('',#174,1.);
#174 = DIRECTION('',(-0.642787609687,0.766044443119,0.));
#175 = ORIENTED_EDGE('',*,*,#176,.F.);
#176 = EDGE_CURVE('',#92,#169,#177,.T.);
#177 = CIRCLE('',#178,80.704);
#178 = AXIS2_PLACEMENT_3D('',#179,#180,#181);
#179 = CARTESIAN_POINT('',(0.,0.,20.98));
#180 = DIRECTION('',(0.,0.,-1.));
#181 = DIRECTION('',(0.881193602942,0.472755575466,0.));
#182 = FACE_BOUND('',#183,.T.);
#183 = EDGE_LOOP('',(#184));
#184 = ORIENTED_EDGE('',*,*,#185,.F.);
#185 = EDGE_CURVE('',#186,#186,#188,.T.);
#186 = VERTEX_POINT('',#187);
#187 = CARTESIAN_POINT('',(-39.452,-68.3328684602,20.98));
#188 = CIRCLE('',#189,1.7);
#189 = AXIS2_PLACEMENT_3D('',#190,#191,#192);
#190 = CARTESIAN_POINT('',(-38.602,-66.86062527377,20.98));
#191 = DIRECTION('',(0.,0.,1.));
#192 = DIRECTION('',(-0.5,-0.866025403784,0.));
#193 = FACE_BOUND('',#194,.T.);
#194 = EDGE_LOOP('',(#195,#205,#213,#221,#229,#237));
#195 = ORIENTED_EDGE('',*,*,#196,.T.);
#196 = EDGE_CURVE('',#197,#199,#201,.T.);
#197 = VERTEX_POINT('',#198);
#198 = CARTESIAN_POINT('',(-26.48667694316,-51.925,20.98));
#199 = VERTEX_POINT('',#200);
#200 = CARTESIAN_POINT('',(-23.51332305683,-51.925,20.98));
#201 = LINE('',#202,#203);
#202 = CARTESIAN_POINT('',(-11.75666152841,-51.925,20.98));
#203 = VECTOR('',#204,1.);
#204 = DIRECTION('',(1.,-1.49356325156E-16,0.));
#205 = ORIENTED_EDGE('',*,*,#206,.T.);
#206 = EDGE_CURVE('',#199,#207,#209,.T.);
#207 = VERTEX_POINT('',#208);
#208 = CARTESIAN_POINT('',(-22.02664611367,-54.5,20.98));
#209 = LINE('',#210,#211);
#210 = CARTESIAN_POINT('',(-31.07291147602,-38.83140877365,20.98));
#211 = VECTOR('',#212,1.);
#212 = DIRECTION('',(0.5,-0.866025403784,0.));
#213 = ORIENTED_EDGE('',*,*,#214,.T.);
#214 = EDGE_CURVE('',#207,#215,#217,.T.);
#215 = VERTEX_POINT('',#216);
#216 = CARTESIAN_POINT('',(-23.51332305683,-57.075,20.98));
#217 = LINE('',#218,#219);
#218 = CARTESIAN_POINT('',(-8.217057694483,-30.58109122634,20.98));
#219 = VECTOR('',#220,1.);
#220 = DIRECTION('',(-0.5,-0.866025403784,0.));
#221 = ORIENTED_EDGE('',*,*,#222,.T.);
#222 = EDGE_CURVE('',#215,#223,#225,.T.);
#223 = VERTEX_POINT('',#224);
#224 = CARTESIAN_POINT('',(-26.48667694316,-57.075,20.98));
#225 = LINE('',#226,#227);
#226 = CARTESIAN_POINT('',(-13.24333847158,-57.075,20.98));
#227 = VECTOR('',#228,1.);
#228 = DIRECTION('',(-1.,2.98712650312E-16,0.));
#229 = ORIENTED_EDGE('',*,*,#230,.T.);
#230 = EDGE_CURVE('',#223,#231,#233,.T.);
#231 = VERTEX_POINT('',#232);
#232 = CARTESIAN_POINT('',(-27.97335388632,-54.5,20.98));
#233 = LINE('',#234,#235);
#234 = CARTESIAN_POINT('',(-36.27628077709,-40.11890877365,20.98));
#235 = VECTOR('',#236,1.);
#236 = DIRECTION('',(-0.5,0.866025403784,0.));
#237 = ORIENTED_EDGE('',*,*,#238,.T.);
#238 = EDGE_CURVE('',#231,#197,#239,.T.);
#239 = LINE('',#240,#241);
#240 = CARTESIAN_POINT('',(-11.93375005239,-26.71859122634,20.98));
#241 = VECTOR('',#242,1.);
#242 = DIRECTION('',(0.5,0.866025403784,-0.));
#243 = FACE_BOUND('',#244,.T.);
#244 = EDGE_LOOP('',(#245,#255,#263,#271));
#245 = ORIENTED_EDGE('',*,*,#246,.T.);
#246 = EDGE_CURVE('',#247,#249,#251,.T.);
#247 = VERTEX_POINT('',#248);
#248 = CARTESIAN_POINT('',(-5.5,-36.3,20.98));
#249 = VERTEX_POINT('',#250);
#250 = CARTESIAN_POINT('',(-27.5,-36.3,20.98));
#251 = LINE('',#252,#253);
#252 = CARTESIAN_POINT('',(-13.75,-36.3,20.98));
#253 = VECTOR('',#254,1.);
#254 = DIRECTION('',(-1.,-0.,0.));
#255 = ORIENTED_EDGE('',*,*,#256,.T.);
#256 = EDGE_CURVE('',#249,#257,#259,.T.);
#257 = VERTEX_POINT('',#258);
#258 = CARTESIAN_POINT('',(-27.5,-33.3,20.98));
#259 = LINE('',#260,#261);
#260 = CARTESIAN_POINT('',(-27.5,-18.15,20.98));
#261 = VECTOR('',#262,1.);
#262 = DIRECTION('',(-0.,1.,0.));
#263 = ORIENTED_EDGE('',*,*,#264,.F.);
#264 = EDGE_CURVE('',#265,#257,#267,.T.);
#265 = VERTEX_POINT('',#266);
#266 = CARTESIAN_POINT('',(-5.5,-33.3,20.98));
#267 = LINE('',#268,#269);
#268 = CARTESIAN_POINT('',(-13.75,-33.3,20.98));
#269 = VECTOR('',#270,1.);
#270 = DIRECTION('',(-1.,-0.,0.));
#271 = ORIENTED_EDGE('',*,*,#272,.F.);
#272 = EDGE_CURVE('',#247,#265,#273,.T.);
#273 = LINE('',#274,#275);
#274 = CARTESIAN_POINT('',(-5.5,-18.15,20.98));
#275 = VECTOR('',#276,1.);
#276 = DIRECTION('',(-0.,1.,0.));
#277 = FACE_BOUND('',#278,.T.);
#278 = EDGE_LOOP('',(#279));
#279 = ORIENTED_EDGE('',*,*,#280,.F.);
#280 = EDGE_CURVE('',#281,#281,#283,.T.);
#281 = VERTEX_POINT('',#282);
#282 = CARTESIAN_POINT('',(-78.904,1.00793330157E-14,20.98));
#283 = CIRCLE('',#284,1.7);
#284 = AXIS2_PLACEMENT_3D('',#285,#286,#287);
#285 = CARTESIAN_POINT('',(-77.204,9.454763148137E-15,20.98));
#286 = DIRECTION('',(0.,0.,1.));
#287 = DIRECTION('',(-1.,1.224646799147E-16,0.));
#288 = FACE_BOUND('',#289,.T.);
#289 = EDGE_LOOP('',(#290,#300,#308,#316,#324,#332));
#290 = ORIENTED_EDGE('',*,*,#291,.T.);
#291 = EDGE_CURVE('',#292,#294,#296,.T.);
#292 = VERTEX_POINT('',#293);
#293 = CARTESIAN_POINT('',(31.513323056837,-51.925,20.98));
#294 = VERTEX_POINT('',#295);
#295 = CARTESIAN_POINT('',(34.486676943163,-51.925,20.98));
#296 = LINE('',#297,#298);
#297 = CARTESIAN_POINT('',(17.243338471582,-51.925,20.98));
#298 = VECTOR('',#299,1.);
#299 = DIRECTION('',(1.,-1.49356325156E-16,0.));
#300 = ORIENTED_EDGE('',*,*,#301,.T.);
#301 = EDGE_CURVE('',#294,#302,#304,.T.);
#302 = VERTEX_POINT('',#303);
#303 = CARTESIAN_POINT('',(35.973353886327,-54.5,20.98));
#304 = LINE('',#305,#306);
#305 = CARTESIAN_POINT('',(19.677088523973,-26.27404041877,20.98));
#306 = VECTOR('',#307,1.);
#307 = DIRECTION('',(0.5,-0.866025403784,0.));
#308 = ORIENTED_EDGE('',*,*,#309,.T.);
#309 = EDGE_CURVE('',#302,#310,#312,.T.);
#310 = VERTEX_POINT('',#311);
#311 = CARTESIAN_POINT('',(34.486676943163,-57.075,20.98));
#312 = LINE('',#313,#314);
#313 = CARTESIAN_POINT('',(42.532942305517,-43.13845958122,20.98));
#314 = VECTOR('',#315,1.);
#315 = DIRECTION('',(-0.5,-0.866025403784,0.));
#316 = ORIENTED_EDGE('',*,*,#317,.T.);
#317 = EDGE_CURVE('',#310,#318,#320,.T.);
#318 = VERTEX_POINT('',#319);
#319 = CARTESIAN_POINT('',(31.513323056837,-57.075,20.98));
#320 = LINE('',#321,#322);
#321 = CARTESIAN_POINT('',(15.756661528418,-57.075,20.98));
#322 = VECTOR('',#323,1.);
#323 = DIRECTION('',(-1.,2.98712650312E-16,0.));
#324 = ORIENTED_EDGE('',*,*,#325,.T.);
#325 = EDGE_CURVE('',#318,#326,#328,.T.);
#326 = VERTEX_POINT('',#327);
#327 = CARTESIAN_POINT('',(30.026646113673,-54.5,20.98));
#328 = LINE('',#329,#330);
#329 = CARTESIAN_POINT('',(14.473719222901,-27.56154041877,20.98));
#330 = VECTOR('',#331,1.);
#331 = DIRECTION('',(-0.5,0.866025403784,0.));
#332 = ORIENTED_EDGE('',*,*,#333,.T.);
#333 = EDGE_CURVE('',#326,#292,#334,.T.);
#334 = LINE('',#335,#336);
#335 = CARTESIAN_POINT('',(38.816249947609,-39.27595958122,20.98));
#336 = VECTOR('',#337,1.);
#337 = DIRECTION('',(0.5,0.866025403784,-0.));
#338 = FACE_BOUND('',#339,.T.);
#339 = EDGE_LOOP('',(#340));
#340 = ORIENTED_EDGE('',*,*,#341,.F.);
#341 = EDGE_CURVE('',#342,#342,#344,.T.);
#342 = VERTEX_POINT('',#343);
#343 = CARTESIAN_POINT('',(60.44397073986,-50.7185135547,20.98));
#344 = CIRCLE('',#345,1.7);
#345 = AXIS2_PLACEMENT_3D('',#346,#347,#348);
#346 = CARTESIAN_POINT('',(59.141695186558,-49.62577461824,20.98));
#347 = DIRECTION('',(0.,0.,1.));
#348 = DIRECTION('',(0.766044443119,-0.642787609687,0.));
#349 = FACE_BOUND('',#350,.T.);
#350 = EDGE_LOOP('',(#351,#361,#369,#377,#385,#393));
#351 = ORIENTED_EDGE('',*,*,#352,.T.);
#352 = EDGE_CURVE('',#353,#355,#357,.T.);
#353 = VERTEX_POINT('',#354);
#354 = CARTESIAN_POINT('',(-26.48667694316,5.075,20.98));
#355 = VERTEX_POINT('',#356);
#356 = CARTESIAN_POINT('',(-23.51332305683,5.075,20.98));
#357 = LINE('',#358,#359);
#358 = CARTESIAN_POINT('',(-11.75666152841,5.075,20.98));
#359 = VECTOR('',#360,1.);
#360 = DIRECTION('',(1.,-1.49356325156E-16,0.));
#361 = ORIENTED_EDGE('',*,*,#362,.T.);
#362 = EDGE_CURVE('',#355,#363,#365,.T.);
#363 = VERTEX_POINT('',#364);
#364 = CARTESIAN_POINT('',(-22.02664611367,2.5,20.98));
#365 = LINE('',#366,#367);
#366 = CARTESIAN_POINT('',(-18.73204947209,-3.206408773653,20.98));
#367 = VECTOR('',#368,1.);
#368 = DIRECTION('',(0.5,-0.866025403784,0.));
#369 = ORIENTED_EDGE('',*,*,#370,.T.);
#370 = EDGE_CURVE('',#363,#371,#373,.T.);
#371 = VERTEX_POINT('',#372);
#372 = CARTESIAN_POINT('',(-23.51332305683,-7.5E-02,20.98));
#373 = LINE('',#374,#375);
#374 = CARTESIAN_POINT('',(-20.55791969841,5.043908773653,20.98));
#375 = VECTOR('',#376,1.);
#376 = DIRECTION('',(-0.5,-0.866025403784,0.));
#377 = ORIENTED_EDGE('',*,*,#378,.T.);
#378 = EDGE_CURVE('',#371,#379,#381,.T.);
#379 = VERTEX_POINT('',#380);
#380 = CARTESIAN_POINT('',(-26.48667694316,-7.5E-02,20.98));
#381 = LINE('',#382,#383);
#382 = CARTESIAN_POINT('',(-13.24333847158,-7.5E-02,20.98));
#383 = VECTOR('',#384,1.);
#384 = DIRECTION('',(-1.,2.98712650312E-16,0.));
#385 = ORIENTED_EDGE('',*,*,#386,.T.);
#386 = EDGE_CURVE('',#379,#387,#389,.T.);
#387 = VERTEX_POINT('',#388);
#388 = CARTESIAN_POINT('',(-27.97335388632,2.5,20.98));
#389 = LINE('',#390,#391);
#390 = CARTESIAN_POINT('',(-23.93541877317,-4.493908773653,20.98));
#391 = VECTOR('',#392,1.);
#392 = DIRECTION('',(-0.5,0.866025403784,0.));
#393 = ORIENTED_EDGE('',*,*,#394,.T.);
#394 = EDGE_CURVE('',#387,#353,#395,.T.);
#395 = LINE('',#396,#397);
#396 = CARTESIAN_POINT('',(-24.27461205631,8.906408773653,20.98));
#397 = VECTOR('',#398,1.);
#398 = DIRECTION('',(0.5,0.866025403784,-0.));
#399 = FACE_BOUND('',#400,.T.);
#400 = EDGE_LOOP('',(#401,#411,#419,#427,#435,#443));
#401 = ORIENTED_EDGE('',*,*,#402,.T.);
#402 = EDGE_CURVE('',#403,#405,#407,.T.);
#403 = VERTEX_POINT('',#404);
#404 = CARTESIAN_POINT('',(-15.48667694316,31.529,20.98));
#405 = VERTEX_POINT('',#406);
#406 = CARTESIAN_POINT('',(-12.51332305683,31.529,20.98));
#407 = LINE('',#408,#409);
#408 = CARTESIAN_POINT('',(-6.256661528418,31.529,20.98));
#409 = VECTOR('',#410,1.);
#410 = DIRECTION('',(1.,-1.49356325156E-16,0.));
#411 = ORIENTED_EDGE('',*,*,#412,.T.);
#412 = EDGE_CURVE('',#405,#413,#415,.T.);
#413 = VERTEX_POINT('',#414);
#414 = CARTESIAN_POINT('',(-11.02664611367,28.954,20.98));
#415 = LINE('',#416,#417);
#416 = CARTESIAN_POINT('',(-3.379590464171,15.708911086754,20.98));
#417 = VECTOR('',#418,1.);
#418 = DIRECTION('',(0.5,-0.866025403784,0.));
#419 = ORIENTED_EDGE('',*,*,#420,.T.);
#420 = EDGE_CURVE('',#413,#421,#423,.T.);
#421 = VERTEX_POINT('',#422);
#422 = CARTESIAN_POINT('',(-12.51332305683,26.379,20.98));
#423 = LINE('',#424,#425);
#424 = CARTESIAN_POINT('',(-16.66037870634,19.196088913246,20.98));
#425 = VECTOR('',#426,1.);
#426 = DIRECTION('',(-0.5,-0.866025403784,0.));
#427 = ORIENTED_EDGE('',*,*,#428,.T.);
#428 = EDGE_CURVE('',#421,#429,#431,.T.);
#429 = VERTEX_POINT('',#430);
#430 = CARTESIAN_POINT('',(-15.48667694316,26.379,20.98));
#431 = LINE('',#432,#433);
#432 = CARTESIAN_POINT('',(-7.743338471582,26.379,20.98));
#433 = VECTOR('',#434,1.);
#434 = DIRECTION('',(-1.,2.98712650312E-16,0.));
#435 = ORIENTED_EDGE('',*,*,#436,.T.);
#436 = EDGE_CURVE('',#429,#437,#439,.T.);
#437 = VERTEX_POINT('',#438);
#438 = CARTESIAN_POINT('',(-16.97335388632,28.954,20.98));
#439 = LINE('',#440,#441);
#440 = CARTESIAN_POINT('',(-8.582959765242,14.421411086754,20.98));
#441 = VECTOR('',#442,1.);
#442 = DIRECTION('',(-0.5,0.866025403784,0.));
#443 = ORIENTED_EDGE('',*,*,#444,.T.);
#444 = EDGE_CURVE('',#437,#403,#445,.T.);
#445 = LINE('',#446,#447);
#446 = CARTESIAN_POINT('',(-20.37707106424,23.058588913246,20.98));
#447 = VECTOR('',#448,1.);
#448 = DIRECTION('',(0.5,0.866025403784,-0.));
#449 = FACE_BOUND('',#450,.T.);
#450 = EDGE_LOOP('',(#451,#461,#469,#477,#485,#493));
#451 = ORIENTED_EDGE('',*,*,#452,.T.);
#452 = EDGE_CURVE('',#453,#455,#457,.T.);
#453 = VERTEX_POINT('',#454);
#454 = CARTESIAN_POINT('',(-34.43463249574,44.855991295208,20.98));
#455 = VERTEX_POINT('',#456);
#456 = CARTESIAN_POINT('',(-31.46127860941,44.855991295208,20.98));
#457 = LINE('',#458,#459);
#458 = CARTESIAN_POINT('',(-15.7306393047,44.855991295208,20.98));
#459 = VECTOR('',#460,1.);
#460 = DIRECTION('',(1.,-1.49356325156E-16,0.));
#461 = ORIENTED_EDGE('',*,*,#462,.T.);
#462 = EDGE_CURVE('',#455,#463,#465,.T.);
#463 = VERTEX_POINT('',#464);
#464 = CARTESIAN_POINT('',(-29.97460166625,42.280991295208,20.98));
#465 = LINE('',#466,#467);
#466 = CARTESIAN_POINT('',(-17.07367331825,19.935927931682,20.98));
#467 = VECTOR('',#468,1.);
#468 = DIRECTION('',(0.5,-0.866025403784,0.));
#469 = ORIENTED_EDGE('',*,*,#470,.T.);
#470 = EDGE_CURVE('',#463,#471,#473,.T.);
#471 = VERTEX_POINT('',#472);
#472 = CARTESIAN_POINT('',(-31.46127860941,39.705991295208,20.98));
#473 = LINE('',#474,#475);
#474 = CARTESIAN_POINT('',(-36.12521806926,31.627811187328,20.98));
#475 = VECTOR('',#476,1.);
#476 = DIRECTION('',(-0.5,-0.866025403784,0.));
#477 = ORIENTED_EDGE('',*,*,#478,.T.);
#478 = EDGE_CURVE('',#471,#479,#481,.T.);
#479 = VERTEX_POINT('',#480);
#480 = CARTESIAN_POINT('',(-34.43463249574,39.705991295208,20.98));
#481 = LINE('',#482,#483);
#482 = CARTESIAN_POINT('',(-17.21731624787,39.705991295208,20.98));
#483 = VECTOR('',#484,1.);
#484 = DIRECTION('',(-1.,2.98712650312E-16,0.));
#485 = ORIENTED_EDGE('',*,*,#486,.T.);
#486 = EDGE_CURVE('',#479,#487,#489,.T.);
#487 = VERTEX_POINT('',#488);
#488 = CARTESIAN_POINT('',(-35.9213094389,42.280991295208,20.98));
#489 = LINE('',#490,#491);
#490 = CARTESIAN_POINT('',(-22.27704261933,18.648427931682,20.98));
#491 = VECTOR('',#492,1.);
#492 = DIRECTION('',(-0.5,0.866025403784,0.));
#493 = ORIENTED_EDGE('',*,*,#494,.T.);
#494 = EDGE_CURVE('',#487,#453,#495,.T.);
#495 = LINE('',#496,#497);
#496 = CARTESIAN_POINT('',(-39.84191042716,35.490311187328,20.98));
#497 = VECTOR('',#498,1.);
#498 = DIRECTION('',(0.5,0.866025403784,-0.));
#499 = FACE_BOUND('',#500,.T.);
#500 = EDGE_LOOP('',(#501,#511,#519,#527,#535,#543));
#501 = ORIENTED_EDGE('',*,*,#502,.T.);
#502 = EDGE_CURVE('',#503,#505,#507,.T.);
#503 = VERTEX_POINT('',#504);
#504 = CARTESIAN_POINT('',(-40.5909950756,61.770458469354,20.98));
#505 = VERTEX_POINT('',#506);
#506 = CARTESIAN_POINT('',(-37.61764118927,61.770458469354,20.98));
#507 = LINE('',#508,#509);
#508 = CARTESIAN_POINT('',(-18.80882059463,61.770458469354,20.98));
#509 = VECTOR('',#510,1.);
#510 = DIRECTION('',(1.,-1.49356325156E-16,0.));
#511 = ORIENTED_EDGE('',*,*,#512,.T.);
#512 = EDGE_CURVE('',#505,#513,#515,.T.);
#513 = VERTEX_POINT('',#514);
#514 = CARTESIAN_POINT('',(-36.13096424611,59.195458469354,20.98));
#515 = LINE('',#516,#517);
#516 = CARTESIAN_POINT('',(-18.79840100956,29.174578318256,20.98));
#517 = VECTOR('',#518,1.);
#518 = DIRECTION('',(0.5,-0.866025403784,0.));
#519 = ORIENTED_EDGE('',*,*,#520,.T.);
#520 = EDGE_CURVE('',#513,#521,#523,.T.);
#521 = VERTEX_POINT('',#522);
#522 = CARTESIAN_POINT('',(-37.61764118927,56.620458469354,20.98));
#523 = LINE('',#524,#525);
#524 = CARTESIAN_POINT('',(-45.17412489271,43.532244768436,20.98));
#525 = VECTOR('',#526,1.);
#526 = DIRECTION('',(-0.5,-0.866025403784,0.));
#527 = ORIENTED_EDGE('',*,*,#528,.T.);
#528 = EDGE_CURVE('',#521,#529,#531,.T.);
#529 = VERTEX_POINT('',#530);
#530 = CARTESIAN_POINT('',(-40.5909950756,56.620458469354,20.98));
#531 = LINE('',#532,#533);
#532 = CARTESIAN_POINT('',(-20.2954975378,56.620458469354,20.98));
#533 = VECTOR('',#534,1.);
#534 = DIRECTION('',(-1.,2.98712650312E-16,0.));
#535 = ORIENTED_EDGE('',*,*,#536,.T.);
#536 = EDGE_CURVE('',#529,#537,#539,.T.);
#537 = VERTEX_POINT('',#538);
#538 = CARTESIAN_POINT('',(-42.07767201876,59.195458469354,20.98));
#539 = LINE('',#540,#541);
#540 = CARTESIAN_POINT('',(-24.00177031063,27.887078318256,20.98));
#541 = VECTOR('',#542,1.);
#542 = DIRECTION('',(-0.5,0.866025403784,0.));
#543 = ORIENTED_EDGE('',*,*,#544,.T.);
#544 = EDGE_CURVE('',#537,#503,#545,.T.);
#545 = LINE('',#546,#547);
#546 = CARTESIAN_POINT('',(-48.89081725062,47.394744768436,20.98));
#547 = VECTOR('',#548,1.);
#548 = DIRECTION('',(0.5,0.866025403784,-0.));
#549 = FACE_BOUND('',#550,.T.);
#550 = EDGE_LOOP('',(#551));
#551 = ORIENTED_EDGE('',*,*,#552,.F.);
#552 = EDGE_CURVE('',#553,#553,#555,.T.);
#553 = VERTEX_POINT('',#554);
#554 = CARTESIAN_POINT('',(-39.452,68.332868460207,20.98));
#555 = CIRCLE('',#556,1.7);
#556 = AXIS2_PLACEMENT_3D('',#557,#558,#559);
#557 = CARTESIAN_POINT('',(-38.602,66.860625273774,20.98));
#558 = DIRECTION('',(0.,0.,1.));
#559 = DIRECTION('',(-0.5,0.866025403784,0.));
#560 = FACE_BOUND('',#561,.T.);
#561 = EDGE_LOOP('',(#562,#572,#580,#588,#596,#604));
#562 = ORIENTED_EDGE('',*,*,#563,.T.);
#563 = EDGE_CURVE('',#564,#566,#568,.T.);
#564 = VERTEX_POINT('',#565);
#565 = CARTESIAN_POINT('',(12.513323056837,31.529,20.98));
#566 = VERTEX_POINT('',#567);
#567 = CARTESIAN_POINT('',(15.486676943163,31.529,20.98));
#568 = LINE('',#569,#570);
#569 = CARTESIAN_POINT('',(7.743338471582,31.529,20.98));
#570 = VECTOR('',#571,1.);
#571 = DIRECTION('',(1.,-1.49356325156E-16,0.));
#572 = ORIENTED_EDGE('',*,*,#573,.T.);
#573 = EDGE_CURVE('',#566,#574,#576,.T.);
#574 = VERTEX_POINT('',#575);
#575 = CARTESIAN_POINT('',(16.973353886327,28.954,20.98));
#576 = LINE('',#577,#578);
#577 = CARTESIAN_POINT('',(21.120409535829,21.771088913246,20.98));
#578 = VECTOR('',#579,1.);
#579 = DIRECTION('',(0.5,-0.866025403784,0.));
#580 = ORIENTED_EDGE('',*,*,#581,.T.);
#581 = EDGE_CURVE('',#574,#582,#584,.T.);
#582 = VERTEX_POINT('',#583);
#583 = CARTESIAN_POINT('',(15.486676943163,26.379,20.98));
#584 = LINE('',#585,#586);
#585 = CARTESIAN_POINT('',(7.83962129366,13.133911086754,20.98));
#586 = VECTOR('',#587,1.);
#587 = DIRECTION('',(-0.5,-0.866025403784,0.));
#588 = ORIENTED_EDGE('',*,*,#589,.T.);
#589 = EDGE_CURVE('',#582,#590,#592,.T.);
#590 = VERTEX_POINT('',#591);
#591 = CARTESIAN_POINT('',(12.513323056837,26.379,20.98));
#592 = LINE('',#593,#594);
#593 = CARTESIAN_POINT('',(6.256661528418,26.379,20.98));
#594 = VECTOR('',#595,1.);
#595 = DIRECTION('',(-1.,2.98712650312E-16,0.));
#596 = ORIENTED_EDGE('',*,*,#597,.T.);
#597 = EDGE_CURVE('',#590,#598,#600,.T.);
#598 = VERTEX_POINT('',#599);
#599 = CARTESIAN_POINT('',(11.026646113673,28.954,20.98));
#600 = LINE('',#601,#602);
#601 = CARTESIAN_POINT('',(15.917040234758,20.483588913246,20.98));
#602 = VECTOR('',#603,1.);
#603 = DIRECTION('',(-0.5,0.866025403784,0.));
#604 = ORIENTED_EDGE('',*,*,#605,.T.);
#605 = EDGE_CURVE('',#598,#564,#606,.T.);
#606 = LINE('',#607,#608);
#607 = CARTESIAN_POINT('',(4.122928935752,16.996411086754,20.98));
#608 = VECTOR('',#609,1.);
#609 = DIRECTION('',(0.5,0.866025403784,-0.));
#610 = FACE_BOUND('',#611,.T.);
#611 = EDGE_LOOP('',(#612,#622,#630,#638,#646,#654));
#612 = ORIENTED_EDGE('',*,*,#613,.T.);
#613 = EDGE_CURVE('',#614,#616,#618,.T.);
#614 = VERTEX_POINT('',#615);
#615 = CARTESIAN_POINT('',(31.513323056837,5.075,20.98));
#616 = VERTEX_POINT('',#617);
#617 = CARTESIAN_POINT('',(34.486676943163,5.075,20.98));
#618 = LINE('',#619,#620);
#619 = CARTESIAN_POINT('',(17.243338471582,5.075,20.98));
#620 = VECTOR('',#621,1.);
#621 = DIRECTION('',(1.,-1.49356325156E-16,0.));
#622 = ORIENTED_EDGE('',*,*,#623,.T.);
#623 = EDGE_CURVE('',#616,#624,#626,.T.);
#624 = VERTEX_POINT('',#625);
#625 = CARTESIAN_POINT('',(35.973353886327,2.5,20.98));
#626 = LINE('',#627,#628);
#627 = CARTESIAN_POINT('',(32.017950527901,9.350959581222,20.98));
#628 = VECTOR('',#629,1.);
#629 = DIRECTION('',(0.5,-0.866025403784,0.));
#630 = ORIENTED_EDGE('',*,*,#631,.T.);
#631 = EDGE_CURVE('',#624,#632,#634,.T.);
#632 = VERTEX_POINT('',#633);
#633 = CARTESIAN_POINT('',(34.486676943163,-7.5E-02,20.98));
#634 = LINE('',#635,#636);
#635 = CARTESIAN_POINT('',(30.192080301589,-7.513459581222,20.98));
#636 = VECTOR('',#637,1.);
#637 = DIRECTION('',(-0.5,-0.866025403784,0.));
#638 = ORIENTED_EDGE('',*,*,#639,.T.);
#639 = EDGE_CURVE('',#632,#640,#642,.T.);
#640 = VERTEX_POINT('',#641);
#641 = CARTESIAN_POINT('',(31.513323056837,-7.5E-02,20.98));
#642 = LINE('',#643,#644);
#643 = CARTESIAN_POINT('',(15.756661528418,-7.499999999999E-02,20.98));
#644 = VECTOR('',#645,1.);
#645 = DIRECTION('',(-1.,2.98712650312E-16,0.));
#646 = ORIENTED_EDGE('',*,*,#647,.T.);
#647 = EDGE_CURVE('',#640,#648,#650,.T.);
#648 = VERTEX_POINT('',#649);
#649 = CARTESIAN_POINT('',(30.026646113673,2.5,20.98));
#650 = LINE('',#651,#652);
#651 = CARTESIAN_POINT('',(26.81458122683,8.063459581222,20.98));
#652 = VECTOR('',#653,1.);
#653 = DIRECTION('',(-0.5,0.866025403784,0.));
#654 = ORIENTED_EDGE('',*,*,#655,.T.);
#655 = EDGE_CURVE('',#648,#614,#656,.T.);
#656 = LINE('',#657,#658);
#657 = CARTESIAN_POINT('',(26.475387943681,-3.650959581222,20.98));
#658 = VECTOR('',#659,1.);
#659 = DIRECTION('',(0.5,0.866025403784,-0.));
#660 = FACE_BOUND('',#661,.T.);
#661 = EDGE_LOOP('',(#662,#672,#680,#688,#696,#704));
#662 = ORIENTED_EDGE('',*,*,#663,.T.);
#663 = EDGE_CURVE('',#664,#666,#668,.T.);
#664 = VERTEX_POINT('',#665);
#665 = CARTESIAN_POINT('',(37.404196022097,25.20241699797,20.98));
#666 = VERTEX_POINT('',#667);
#667 = CARTESIAN_POINT('',(40.377549908423,25.20241699797,20.98));
#668 = LINE('',#669,#670);
#669 = CARTESIAN_POINT('',(20.188774954212,25.20241699797,20.98));
#670 = VECTOR('',#671,1.);
#671 = DIRECTION('',(1.,-1.49356325156E-16,0.));
#672 = ORIENTED_EDGE('',*,*,#673,.T.);
#673 = EDGE_CURVE('',#666,#674,#676,.T.);
#674 = VERTEX_POINT('',#675);
#675 = CARTESIAN_POINT('',(41.864226851587,22.62741699797,20.98));
#676 = LINE('',#677,#678);
#677 = CARTESIAN_POINT('',(41.530177980705,23.206006614548,20.98));
#678 = VECTOR('',#679,1.);
#679 = DIRECTION('',(0.5,-0.866025403784,0.));
#680 = ORIENTED_EDGE('',*,*,#681,.T.);
#681 = EDGE_CURVE('',#674,#682,#684,.T.);
#682 = VERTEX_POINT('',#683);
#683 = CARTESIAN_POINT('',(40.377549908423,20.05241699797,20.98));
#684 = LINE('',#685,#686);
#685 = CARTESIAN_POINT('',(30.98888053799,3.790764632914,20.98));
#686 = VECTOR('',#687,1.);
#687 = DIRECTION('',(-0.5,-0.866025403784,0.));
#688 = ORIENTED_EDGE('',*,*,#689,.T.);
#689 = EDGE_CURVE('',#682,#690,#692,.T.);
#690 = VERTEX_POINT('',#691);
#691 = CARTESIAN_POINT('',(37.404196022097,20.05241699797,20.98));
#692 = LINE('',#693,#694);
#693 = CARTESIAN_POINT('',(18.702098011048,20.05241699797,20.98));
#694 = VECTOR('',#695,1.);
#695 = DIRECTION('',(-1.,2.98712650312E-16,0.));
#696 = ORIENTED_EDGE('',*,*,#697,.T.);
#697 = EDGE_CURVE('',#690,#698,#700,.T.);
#698 = VERTEX_POINT('',#699);
#699 = CARTESIAN_POINT('',(35.917519078934,22.62741699797,20.98));
#700 = LINE('',#701,#702);
#701 = CARTESIAN_POINT('',(36.326808679633,21.918506614548,20.98));
#702 = VECTOR('',#703,1.);
#703 = DIRECTION('',(-0.5,0.866025403784,0.));
#704 = ORIENTED_EDGE('',*,*,#705,.T.);
#705 = EDGE_CURVE('',#698,#664,#706,.T.);
#706 = LINE('',#707,#708);
#707 = CARTESIAN_POINT('',(27.272188180082,7.653264632914,20.98));
#708 = VECTOR('',#709,1.);
#709 = DIRECTION('',(0.5,0.866025403784,-0.));
#710 = FACE_BOUND('',#711,.T.);
#711 = EDGE_LOOP('',(#712,#722,#730,#738));
#712 = ORIENTED_EDGE('',*,*,#713,.T.);
#713 = EDGE_CURVE('',#714,#716,#718,.T.);
#714 = VERTEX_POINT('',#715);
#715 = CARTESIAN_POINT('',(5.3,46.704,20.98));
#716 = VERTEX_POINT('',#717);
#717 = CARTESIAN_POINT('',(5.3,40.704,20.98));
#718 = LINE('',#719,#720);
#719 = CARTESIAN_POINT('',(5.3,20.352,20.98));
#720 = VECTOR('',#721,1.);
#721 = DIRECTION('',(-2.22044604925E-16,-1.,0.));
#722 = ORIENTED_EDGE('',*,*,#723,.T.);
#723 = EDGE_CURVE('',#716,#724,#726,.T.);
#724 = VERTEX_POINT('',#725);
#725 = CARTESIAN_POINT('',(-5.3,40.704,20.98));
#726 = LINE('',#727,#728);
#727 = CARTESIAN_POINT('',(2.65,40.704,20.98));
#728 = VECTOR('',#729,1.);
#729 = DIRECTION('',(-1.,2.22044604925E-16,0.));
#730 = ORIENTED_EDGE('',*,*,#731,.F.);
#731 = EDGE_CURVE('',#732,#724,#734,.T.);
#732 = VERTEX_POINT('',#733);
#733 = CARTESIAN_POINT('',(-5.3,46.704,20.98));
#734 = LINE('',#735,#736);
#735 = CARTESIAN_POINT('',(-5.3,20.352,20.98));
#736 = VECTOR('',#737,1.);
#737 = DIRECTION('',(-2.22044604925E-16,-1.,0.));
#738 = ORIENTED_EDGE('',*,*,#739,.F.);
#739 = EDGE_CURVE('',#714,#732,#740,.T.);
#740 = LINE('',#741,#742);
#741 = CARTESIAN_POINT('',(2.65,46.704,20.98));
#742 = VECTOR('',#743,1.);
#743 = DIRECTION('',(-1.,2.22044604925E-16,0.));
#744 = FACE_BOUND('',#745,.T.);
#745 = EDGE_LOOP('',(#746,#756,#764,#772,#780,#788));
#746 = ORIENTED_EDGE('',*,*,#747,.T.);
#747 = EDGE_CURVE('',#748,#750,#752,.T.);
#748 = VERTEX_POINT('',#749);
#749 = CARTESIAN_POINT('',(-3.424776009805,56.142656024955,20.98));
#750 = VERTEX_POINT('',#751);
#751 = CARTESIAN_POINT('',(-0.451422123478,56.142656024955,20.98));
#752 = LINE('',#753,#754);
#753 = CARTESIAN_POINT('',(-0.225711061739,56.142656024955,20.98));
#754 = VECTOR('',#755,1.);
#755 = DIRECTION('',(1.,-1.49356325156E-16,0.));
#756 = ORIENTED_EDGE('',*,*,#757,.T.);
#757 = EDGE_CURVE('',#750,#758,#760,.T.);
#758 = VERTEX_POINT('',#759);
#759 = CARTESIAN_POINT('',(1.035254819685,53.567656024955,20.98));
#760 = LINE('',#761,#762);
#761 = CARTESIAN_POINT('',(12.503585701924,33.703924258906,20.98));
#762 = VECTOR('',#763,1.);
#763 = DIRECTION('',(0.5,-0.866025403784,0.));
#764 = ORIENTED_EDGE('',*,*,#765,.T.);
#765 = EDGE_CURVE('',#758,#766,#768,.T.);
#766 = VERTEX_POINT('',#767);
#767 = CARTESIAN_POINT('',(-0.451422123478,50.992656024955,20.98));
#768 = LINE('',#769,#770);
#769 = CARTESIAN_POINT('',(-11.43522823905,31.968145772287,20.98));
#770 = VECTOR('',#771,1.);
#771 = DIRECTION('',(-0.5,-0.866025403784,0.));
#772 = ORIENTED_EDGE('',*,*,#773,.T.);
#773 = EDGE_CURVE('',#766,#774,#776,.T.);
#774 = VERTEX_POINT('',#775);
#775 = CARTESIAN_POINT('',(-3.424776009805,50.992656024955,20.98));
#776 = LINE('',#777,#778);
#777 = CARTESIAN_POINT('',(-1.712388004902,50.992656024955,20.98));
#778 = VECTOR('',#779,1.);
#779 = DIRECTION('',(-1.,2.98712650312E-16,0.));
#780 = ORIENTED_EDGE('',*,*,#781,.T.);
#781 = EDGE_CURVE('',#774,#782,#784,.T.);
#782 = VERTEX_POINT('',#783);
#783 = CARTESIAN_POINT('',(-4.911452952968,53.567656024955,20.98));
#784 = LINE('',#785,#786);
#785 = CARTESIAN_POINT('',(7.300216400852,32.416424258906,20.98));
#786 = VECTOR('',#787,1.);
#787 = DIRECTION('',(-0.5,0.866025403784,0.));
#788 = ORIENTED_EDGE('',*,*,#789,.T.);
#789 = EDGE_CURVE('',#782,#748,#790,.T.);
#790 = LINE('',#791,#792);
#791 = CARTESIAN_POINT('',(-15.15192059696,35.830645772287,20.98));
#792 = VECTOR('',#793,1.);
#793 = DIRECTION('',(0.5,0.866025403784,-0.));
#794 = FACE_BOUND('',#795,.T.);
#795 = EDGE_LOOP('',(#796,#806,#814,#822,#830,#838));
#796 = ORIENTED_EDGE('',*,*,#797,.T.);
#797 = EDGE_CURVE('',#798,#800,#802,.T.);
#798 = VERTEX_POINT('',#799);
#799 = CARTESIAN_POINT('',(21.140740054806,41.46587296526,20.98));
#800 = VERTEX_POINT('',#801);
#801 = CARTESIAN_POINT('',(24.114093941133,41.46587296526,20.98));
#802 = LINE('',#803,#804);
#803 = CARTESIAN_POINT('',(12.057046970566,41.46587296526,20.98));
#804 = VECTOR('',#805,1.);
#805 = DIRECTION('',(1.,-1.49356325156E-16,0.));
#806 = ORIENTED_EDGE('',*,*,#807,.T.);
#807 = EDGE_CURVE('',#800,#808,#810,.T.);
#808 = VERTEX_POINT('',#809);
#809 = CARTESIAN_POINT('',(25.600770884296,38.89087296526,20.98));
#810 = LINE('',#811,#812);
#811 = CARTESIAN_POINT('',(30.820795514576,29.849525088854,20.98));
#812 = VECTOR('',#813,1.);
#813 = DIRECTION('',(0.5,-0.866025403784,0.));
#814 = ORIENTED_EDGE('',*,*,#815,.T.);
#815 = EDGE_CURVE('',#808,#816,#818,.T.);
#816 = VERTEX_POINT('',#817);
#817 = CARTESIAN_POINT('',(24.114093941133,36.31587296526,20.98));
#818 = LINE('',#819,#820);
#819 = CARTESIAN_POINT('',(13.23721506136,17.476566117721,20.98));
#820 = VECTOR('',#821,1.);
#821 = DIRECTION('',(-0.5,-0.866025403784,0.));
#822 = ORIENTED_EDGE('',*,*,#823,.T.);
#823 = EDGE_CURVE('',#816,#824,#826,.T.);
#824 = VERTEX_POINT('',#825);
#825 = CARTESIAN_POINT('',(21.140740054806,36.31587296526,20.98));
#826 = LINE('',#827,#828);
#827 = CARTESIAN_POINT('',(10.570370027403,36.31587296526,20.98));
#828 = VECTOR('',#829,1.);
#829 = DIRECTION('',(-1.,2.98712650312E-16,0.));
#830 = ORIENTED_EDGE('',*,*,#831,.T.);
#831 = EDGE_CURVE('',#824,#832,#834,.T.);
#832 = VERTEX_POINT('',#833);
#833 = CARTESIAN_POINT('',(19.654063111643,38.89087296526,20.98));
#834 = LINE('',#835,#836);
#835 = CARTESIAN_POINT('',(25.617426213505,28.562025088854,20.98));
#836 = VECTOR('',#837,1.);
#837 = DIRECTION('',(-0.5,0.866025403784,0.));
#838 = ORIENTED_EDGE('',*,*,#839,.T.);
#839 = EDGE_CURVE('',#832,#798,#840,.T.);
#840 = LINE('',#841,#842);
#841 = CARTESIAN_POINT('',(9.520522703452,21.339066117721,20.98));
#842 = VECTOR('',#843,1.);
#843 = DIRECTION('',(0.5,0.866025403784,-0.));
#844 = FACE_BOUND('',#845,.T.);
#845 = EDGE_LOOP('',(#846,#856,#864,#872,#880,#888));
#846 = ORIENTED_EDGE('',*,*,#847,.T.);
#847 = EDGE_CURVE('',#848,#850,#852,.T.);
#848 = VERTEX_POINT('',#849);
#849 = CARTESIAN_POINT('',(-9.581138589667,73.057123199101,20.98));
#850 = VERTEX_POINT('',#851);
#851 = CARTESIAN_POINT('',(-6.60778470334,73.057123199101,20.98));
#852 = LINE('',#853,#854);
#853 = CARTESIAN_POINT('',(-3.30389235167,73.057123199101,20.98));
#854 = VECTOR('',#855,1.);
#855 = DIRECTION('',(1.,-1.49356325156E-16,0.));
#856 = ORIENTED_EDGE('',*,*,#857,.T.);
#857 = EDGE_CURVE('',#850,#858,#860,.T.);
#858 = VERTEX_POINT('',#859);
#859 = CARTESIAN_POINT('',(-5.121107760177,70.482123199101,20.98));
#860 = LINE('',#861,#862);
#861 = CARTESIAN_POINT('',(10.778858010617,42.942574645481,20.98));
#862 = VECTOR('',#863,1.);
#863 = DIRECTION('',(0.5,-0.866025403784,0.));
#864 = ORIENTED_EDGE('',*,*,#865,.T.);
#865 = EDGE_CURVE('',#858,#866,#868,.T.);
#866 = VERTEX_POINT('',#867);
#867 = CARTESIAN_POINT('',(-6.60778470334,67.907123199101,20.98));
#868 = LINE('',#869,#870);
#869 = CARTESIAN_POINT('',(-20.4841350625,43.872579353396,20.98));
#870 = VECTOR('',#871,1.);
#871 = DIRECTION('',(-0.5,-0.866025403784,0.));
#872 = ORIENTED_EDGE('',*,*,#873,.T.);
#873 = EDGE_CURVE('',#866,#874,#876,.T.);
#874 = VERTEX_POINT('',#875);
#875 = CARTESIAN_POINT('',(-9.581138589667,67.907123199101,20.98));
#876 = LINE('',#877,#878);
#877 = CARTESIAN_POINT('',(-4.790569294833,67.907123199101,20.98));
#878 = VECTOR('',#879,1.);
#879 = DIRECTION('',(-1.,2.98712650312E-16,0.));
#880 = ORIENTED_EDGE('',*,*,#881,.T.);
#881 = EDGE_CURVE('',#874,#882,#884,.T.);
#882 = VERTEX_POINT('',#883);
#883 = CARTESIAN_POINT('',(-11.06781553283,70.482123199101,20.98));
#884 = LINE('',#885,#886);
#885 = CARTESIAN_POINT('',(5.575488709545,41.655074645481,20.98));
#886 = VECTOR('',#887,1.);
#887 = DIRECTION('',(-0.5,0.866025403784,0.));
#888 = ORIENTED_EDGE('',*,*,#889,.T.);
#889 = EDGE_CURVE('',#882,#848,#890,.T.);
#890 = LINE('',#891,#892);
#891 = CARTESIAN_POINT('',(-24.20082742041,47.735079353396,20.98));
#892 = VECTOR('',#893,1.);
#893 = DIRECTION('',(0.5,0.866025403784,-0.));
#894 = FACE_BOUND('',#895,.T.);
#895 = EDGE_LOOP('',(#896,#906,#914,#922,#930,#938));
#896 = ORIENTED_EDGE('',*,*,#897,.T.);
#897 = EDGE_CURVE('',#898,#900,#902,.T.);
#898 = VERTEX_POINT('',#899);
#899 = CARTESIAN_POINT('',(37.404196022097,57.729328932551,20.98));
#900 = VERTEX_POINT('',#901);
#901 = CARTESIAN_POINT('',(40.377549908423,57.729328932551,20.98));
#902 = LINE('',#903,#904);
#903 = CARTESIAN_POINT('',(20.188774954212,57.729328932551,20.98));
#904 = VECTOR('',#905,1.);
#905 = DIRECTION('',(1.,-1.49356325156E-16,0.));
#906 = ORIENTED_EDGE('',*,*,#907,.T.);
#907 = EDGE_CURVE('',#900,#908,#910,.T.);
#908 = VERTEX_POINT('',#909);
#909 = CARTESIAN_POINT('',(41.864226851587,55.154328932551,20.98));
#910 = LINE('',#911,#912);
#911 = CARTESIAN_POINT('',(48.572460991206,43.535326573661,20.98));
#912 = VECTOR('',#913,1.);
#913 = DIRECTION('',(0.5,-0.866025403784,0.));
#914 = ORIENTED_EDGE('',*,*,#915,.T.);
#915 = EDGE_CURVE('',#908,#916,#918,.T.);
#916 = VERTEX_POINT('',#917);
#917 = CARTESIAN_POINT('',(40.377549908423,52.579328932551,20.98));
#918 = LINE('',#919,#920);
#919 = CARTESIAN_POINT('',(23.946597527489,24.120084592027,20.98));
#920 = VECTOR('',#921,1.);
#921 = DIRECTION('',(-0.5,-0.866025403784,0.));
#922 = ORIENTED_EDGE('',*,*,#923,.T.);
#923 = EDGE_CURVE('',#916,#924,#926,.T.);
#924 = VERTEX_POINT('',#925);
#925 = CARTESIAN_POINT('',(37.404196022097,52.579328932551,20.98));
#926 = LINE('',#927,#928);
#927 = CARTESIAN_POINT('',(18.702098011048,52.579328932551,20.98));
#928 = VECTOR('',#929,1.);
#929 = DIRECTION('',(-1.,2.98712650312E-16,0.));
#930 = ORIENTED_EDGE('',*,*,#931,.T.);
#931 = EDGE_CURVE('',#924,#932,#934,.T.);
#932 = VERTEX_POINT('',#933);
#933 = CARTESIAN_POINT('',(35.917519078934,55.154328932551,20.98));
#934 = LINE('',#935,#936);
#935 = CARTESIAN_POINT('',(43.369091690135,42.247826573661,20.98));
#936 = VECTOR('',#937,1.);
#937 = DIRECTION('',(-0.5,0.866025403784,0.));
#938 = ORIENTED_EDGE('',*,*,#939,.T.);
#939 = EDGE_CURVE('',#932,#898,#940,.T.);
#940 = LINE('',#941,#942);
#941 = CARTESIAN_POINT('',(20.22990516958,27.982584592027,20.98));
#942 = VECTOR('',#943,1.);
#943 = DIRECTION('',(0.5,0.866025403784,-0.));
#944 = FACE_BOUND('',#945,.T.);
#945 = EDGE_LOOP('',(#946,#956,#964,#972,#980,#988));
#946 = ORIENTED_EDGE('',*,*,#947,.T.);
#947 = EDGE_CURVE('',#948,#950,#952,.T.);
#948 = VERTEX_POINT('',#949);
#949 = CARTESIAN_POINT('',(53.667651989387,41.46587296526,20.98));
#950 = VERTEX_POINT('',#951);
#951 = CARTESIAN_POINT('',(56.641005875714,41.46587296526,20.98));
#952 = LINE('',#953,#954);
#953 = CARTESIAN_POINT('',(28.320502937857,41.46587296526,20.98));
#954 = VECTOR('',#955,1.);
#955 = DIRECTION('',(1.,-1.49356325156E-16,0.));
#956 = ORIENTED_EDGE('',*,*,#957,.T.);
#957 = EDGE_CURVE('',#950,#958,#960,.T.);
#958 = VERTEX_POINT('',#959);
#959 = CARTESIAN_POINT('',(58.127682818877,38.89087296526,20.98));
#960 = LINE('',#961,#962);
#961 = CARTESIAN_POINT('',(59.281843457335,36.891808099356,20.98));
#962 = VECTOR('',#963,1.);
#963 = DIRECTION('',(0.5,-0.866025403784,0.));
#964 = ORIENTED_EDGE('',*,*,#965,.T.);
#965 = EDGE_CURVE('',#958,#966,#968,.T.);
#966 = VERTEX_POINT('',#967);
#967 = CARTESIAN_POINT('',(56.641005875714,36.31587296526,20.98));
#968 = LINE('',#969,#970);
#969 = CARTESIAN_POINT('',(41.698263004119,10.43428310722,20.98));
#970 = VECTOR('',#971,1.);
#971 = DIRECTION('',(-0.5,-0.866025403784,0.));
#972 = ORIENTED_EDGE('',*,*,#973,.T.);
#973 = EDGE_CURVE('',#966,#974,#976,.T.);
#974 = VERTEX_POINT('',#975);
#975 = CARTESIAN_POINT('',(53.667651989387,36.31587296526,20.98));
#976 = LINE('',#977,#978);
#977 = CARTESIAN_POINT('',(26.833825994694,36.31587296526,20.98));
#978 = VECTOR('',#979,1.);
#979 = DIRECTION('',(-1.,2.98712650312E-16,0.));
#980 = ORIENTED_EDGE('',*,*,#981,.T.);
#981 = EDGE_CURVE('',#974,#982,#984,.T.);
#982 = VERTEX_POINT('',#983);
#983 = CARTESIAN_POINT('',(52.180975046224,38.89087296526,20.98));
#984 = LINE('',#985,#986);
#985 = CARTESIAN_POINT('',(54.078474156263,35.604308099356,20.98));
#986 = VECTOR('',#987,1.);
#987 = DIRECTION('',(-0.5,0.866025403784,0.));
#988 = ORIENTED_EDGE('',*,*,#989,.T.);
#989 = EDGE_CURVE('',#982,#948,#990,.T.);
#990 = LINE('',#991,#992);
#991 = CARTESIAN_POINT('',(37.981570646211,14.29678310722,20.98));
#992 = VECTOR('',#993,1.);
#993 = DIRECTION('',(0.5,0.866025403784,-0.));
#994 = FACE_BOUND('',#995,.T.);
#995 = EDGE_LOOP('',(#996));
#996 = ORIENTED_EDGE('',*,*,#997,.F.);
#997 = EDGE_CURVE('',#998,#998,#1000,.T.);
#998 = VERTEX_POINT('',#999);
#999 = CARTESIAN_POINT('',(50.718513554707,60.44397073986,20.98));
#1000 = CIRCLE('',#1001,1.7);
#1001 = AXIS2_PLACEMENT_3D('',#1002,#1003,#1004);
#1002 = CARTESIAN_POINT('',(49.62577461824,59.141695186558,20.98));
#1003 = DIRECTION('',(0.,0.,1.));
#1004 = DIRECTION('',(0.642787609687,0.766044443119,-0.));
#1005 = PLANE('',#1006);
#1006 = AXIS2_PLACEMENT_3D('',#1007,#1008,#1009);
#1007 = CARTESIAN_POINT('',(0.,0.,20.98));
#1008 = DIRECTION('',(0.,0.,1.));
#1009 = DIRECTION('',(1.,0.,-0.));
#1010 = ADVANCED_FACE('',(#1011),#1030,.F.);
#1011 = FACE_BOUND('',#1012,.F.);
#1012 = EDGE_LOOP('',(#1013,#1021,#1028,#1029));
#1013 = ORIENTED_EDGE('',*,*,#1014,.F.);
#1014 = EDGE_CURVE('',#1015,#117,#1017,.T.);
#1015 = VERTEX_POINT('',#1016);
#1016 = CARTESIAN_POINT('',(-71.11584853183,38.153265962399,19.48));
#1017 = LINE('',#1018,#1019);
#1018 = CARTESIAN_POINT('',(-71.11584853183,38.1532659624,19.48));
#1019 = VECTOR('',#1020,1.);
#1020 = DIRECTION('',(0.,0.,1.));
#1021 = ORIENTED_EDGE('',*,*,#1022,.T.);
#1022 = EDGE_CURVE('',#1015,#50,#1023,.T.);
#1023 = CIRCLE('',#1024,4.5);
#1024 = AXIS2_PLACEMENT_3D('',#1025,#1026,#1027);
#1025 = CARTESIAN_POINT('',(-66.62679841475,38.467,19.48));
#1026 = DIRECTION('',(0.,0.,1.));
#1027 = DIRECTION('',(-0.866025403784,0.5,0.));
#1028 = ORIENTED_EDGE('',*,*,#58,.T.);
#1029 = ORIENTED_EDGE('',*,*,#116,.F.);
#1030 = CYLINDRICAL_SURFACE('',#1031,4.5);
#1031 = AXIS2_PLACEMENT_3D('',#1032,#1033,#1034);
#1032 = CARTESIAN_POINT('',(-66.62679841475,38.467,18.48));
#1033 = DIRECTION('',(0.,0.,1.));
#1034 = DIRECTION('',(-0.866025403784,0.5,0.));
#1035 = ADVANCED_FACE('',(#1036,#1099,#1110,#1121,#1155,#1166,#1177,
    #1188,#1199,#1210,#1221,#1232,#1243,#1254,#1265,#1276,#1287,#1298,
    #1309,#1343,#1354,#1365,#1376,#1387,#1398),#1409,.F.);
#1036 = FACE_BOUND('',#1037,.F.);
#1037 = EDGE_LOOP('',(#1038,#1039,#1040,#1041,#1050,#1059,#1068,#1076,
    #1084,#1092));
#1038 = ORIENTED_EDGE('',*,*,#82,.F.);
#1039 = ORIENTED_EDGE('',*,*,#49,.T.);
#1040 = ORIENTED_EDGE('',*,*,#1022,.F.);
#1041 = ORIENTED_EDGE('',*,*,#1042,.T.);
#1042 = EDGE_CURVE('',#1015,#1043,#1045,.T.);
#1043 = VERTEX_POINT('',#1044);
#1044 = CARTESIAN_POINT('',(-2.516226705133,-80.66476442145,19.48));
#1045 = CIRCLE('',#1046,80.704);
#1046 = AXIS2_PLACEMENT_3D('',#1047,#1048,#1049);
#1047 = CARTESIAN_POINT('',(0.,0.,19.48));
#1048 = DIRECTION('',(0.,-0.,1.));
#1049 = DIRECTION('',(0.850015139605,0.526758258067,0.));
#1050 = ORIENTED_EDGE('',*,*,#1051,.F.);
#1051 = EDGE_CURVE('',#1052,#1043,#1054,.T.);
#1052 = VERTEX_POINT('',#1053);
#1053 = CARTESIAN_POINT('',(2.516226705133,-80.66476442145,19.48));
#1054 = CIRCLE('',#1055,4.5);
#1055 = AXIS2_PLACEMENT_3D('',#1056,#1057,#1058);
#1056 = CARTESIAN_POINT('',(-1.413254652684E-14,-76.934,19.48));
#1057 = DIRECTION('',(0.,0.,1.));
#1058 = DIRECTION('',(-2.22044604925E-16,-1.,0.));
#1059 = ORIENTED_EDGE('',*,*,#1060,.T.);
#1060 = EDGE_CURVE('',#1052,#1061,#1063,.T.);
#1061 = VERTEX_POINT('',#1062);
#1062 = CARTESIAN_POINT('',(47.945653874654,-64.9180243887,19.48));
#1063 = CIRCLE('',#1064,80.704);
#1064 = AXIS2_PLACEMENT_3D('',#1065,#1066,#1067);
#1065 = CARTESIAN_POINT('',(0.,0.,19.48));
#1066 = DIRECTION('',(0.,-0.,1.));
#1067 = DIRECTION('',(0.850015139605,0.526758258067,0.));
#1068 = ORIENTED_EDGE('',*,*,#1069,.T.);
#1069 = EDGE_CURVE('',#1061,#1070,#1072,.T.);
#1070 = VERTEX_POINT('',#1071);
#1071 = CARTESIAN_POINT('',(44.831370988115,-61.20656657031,19.48));
#1072 = LINE('',#1073,#1074);
#1073 = CARTESIAN_POINT('',(20.50057438626,-32.21025230937,19.48));
#1074 = VECTOR('',#1075,1.);
#1075 = DIRECTION('',(-0.642787609687,0.766044443119,0.));
#1076 = ORIENTED_EDGE('',*,*,#1077,.T.);
#1077 = EDGE_CURVE('',#1070,#1078,#1080,.T.);
#1078 = VERTEX_POINT('',#1079);
#1079 = CARTESIAN_POINT('',(52.491815419305,-54.77869047344,19.48));
#1080 = LINE('',#1081,#1082);
#1081 = CARTESIAN_POINT('',(46.746482095912,-59.59959754609,19.48));
#1082 = VECTOR('',#1083,1.);
#1083 = DIRECTION('',(0.766044443119,0.642787609687,-0.));
#1084 = ORIENTED_EDGE('',*,*,#1085,.F.);
#1085 = EDGE_CURVE('',#1086,#1078,#1088,.T.);
#1086 = VERTEX_POINT('',#1087);
#1087 = CARTESIAN_POINT('',(55.606098305844,-58.49014829183,19.48));
#1088 = LINE('',#1089,#1090);
#1089 = CARTESIAN_POINT('',(28.16101881745,-25.7823762125,19.48));
#1090 = VECTOR('',#1091,1.);
#1091 = DIRECTION('',(-0.642787609687,0.766044443119,0.));
#1092 = ORIENTED_EDGE('',*,*,#1093,.T.);
#1093 = EDGE_CURVE('',#1086,#83,#1094,.T.);
#1094 = CIRCLE('',#1095,80.704);
#1095 = AXIS2_PLACEMENT_3D('',#1096,#1097,#1098);
#1096 = CARTESIAN_POINT('',(0.,0.,19.48));
#1097 = DIRECTION('',(0.,-0.,1.));
#1098 = DIRECTION('',(0.850015139605,0.526758258067,0.));
#1099 = FACE_BOUND('',#1100,.F.);
#1100 = EDGE_LOOP('',(#1101));
#1101 = ORIENTED_EDGE('',*,*,#1102,.F.);
#1102 = EDGE_CURVE('',#1103,#1103,#1105,.T.);
#1103 = VERTEX_POINT('',#1104);
#1104 = CARTESIAN_POINT('',(-39.452,-68.3328684602,19.48));
#1105 = CIRCLE('',#1106,1.7);
#1106 = AXIS2_PLACEMENT_3D('',#1107,#1108,#1109);
#1107 = CARTESIAN_POINT('',(-38.602,-66.86062527377,19.48));
#1108 = DIRECTION('',(0.,0.,1.));
#1109 = DIRECTION('',(-0.5,-0.866025403784,0.));
#1110 = FACE_BOUND('',#1111,.F.);
#1111 = EDGE_LOOP('',(#1112));
#1112 = ORIENTED_EDGE('',*,*,#1113,.F.);
#1113 = EDGE_CURVE('',#1114,#1114,#1116,.T.);
#1114 = VERTEX_POINT('',#1115);
#1115 = CARTESIAN_POINT('',(-23.6,-54.5,19.48));
#1116 = CIRCLE('',#1117,1.4);
#1117 = AXIS2_PLACEMENT_3D('',#1118,#1119,#1120);
#1118 = CARTESIAN_POINT('',(-25.,-54.5,19.48));
#1119 = DIRECTION('',(0.,0.,1.));
#1120 = DIRECTION('',(1.,0.,-0.));
#1121 = FACE_BOUND('',#1122,.F.);
#1122 = EDGE_LOOP('',(#1123,#1133,#1141,#1149));
#1123 = ORIENTED_EDGE('',*,*,#1124,.T.);
#1124 = EDGE_CURVE('',#1125,#1127,#1129,.T.);
#1125 = VERTEX_POINT('',#1126);
#1126 = CARTESIAN_POINT('',(-5.5,-36.3,19.48));
#1127 = VERTEX_POINT('',#1128);
#1128 = CARTESIAN_POINT('',(-27.5,-36.3,19.48));
#1129 = LINE('',#1130,#1131);
#1130 = CARTESIAN_POINT('',(-13.75,-36.3,19.48));
#1131 = VECTOR('',#1132,1.);
#1132 = DIRECTION('',(-1.,-0.,0.));
#1133 = ORIENTED_EDGE('',*,*,#1134,.T.);
#1134 = EDGE_CURVE('',#1127,#1135,#1137,.T.);
#1135 = VERTEX_POINT('',#1136);
#1136 = CARTESIAN_POINT('',(-27.5,-33.3,19.48));
#1137 = LINE('',#1138,#1139);
#1138 = CARTESIAN_POINT('',(-27.5,-18.15,19.48));
#1139 = VECTOR('',#1140,1.);
#1140 = DIRECTION('',(-0.,1.,0.));
#1141 = ORIENTED_EDGE('',*,*,#1142,.F.);
#1142 = EDGE_CURVE('',#1143,#1135,#1145,.T.);
#1143 = VERTEX_POINT('',#1144);
#1144 = CARTESIAN_POINT('',(-5.5,-33.3,19.48));
#1145 = LINE('',#1146,#1147);
#1146 = CARTESIAN_POINT('',(-13.75,-33.3,19.48));
#1147 = VECTOR('',#1148,1.);
#1148 = DIRECTION('',(-1.,-0.,0.));
#1149 = ORIENTED_EDGE('',*,*,#1150,.F.);
#1150 = EDGE_CURVE('',#1125,#1143,#1151,.T.);
#1151 = LINE('',#1152,#1153);
#1152 = CARTESIAN_POINT('',(-5.5,-18.15,19.48));
#1153 = VECTOR('',#1154,1.);
#1154 = DIRECTION('',(-0.,1.,0.));
#1155 = FACE_BOUND('',#1156,.F.);
#1156 = EDGE_LOOP('',(#1157));
#1157 = ORIENTED_EDGE('',*,*,#1158,.F.);
#1158 = EDGE_CURVE('',#1159,#1159,#1161,.T.);
#1159 = VERTEX_POINT('',#1160);
#1160 = CARTESIAN_POINT('',(-78.904,1.00793330157E-14,19.48));
#1161 = CIRCLE('',#1162,1.7);
#1162 = AXIS2_PLACEMENT_3D('',#1163,#1164,#1165);
#1163 = CARTESIAN_POINT('',(-77.204,9.454763148137E-15,19.48));
#1164 = DIRECTION('',(0.,0.,1.));
#1165 = DIRECTION('',(-1.,1.224646799147E-16,0.));
#1166 = FACE_BOUND('',#1167,.F.);
#1167 = EDGE_LOOP('',(#1168));
#1168 = ORIENTED_EDGE('',*,*,#1169,.F.);
#1169 = EDGE_CURVE('',#1170,#1170,#1172,.T.);
#1170 = VERTEX_POINT('',#1171);
#1171 = CARTESIAN_POINT('',(-36.25,-24.5,19.48));
#1172 = CIRCLE('',#1173,2.75);
#1173 = AXIS2_PLACEMENT_3D('',#1174,#1175,#1176);
#1174 = CARTESIAN_POINT('',(-39.,-24.5,19.48));
#1175 = DIRECTION('',(0.,0.,1.));
#1176 = DIRECTION('',(1.,0.,-0.));
#1177 = FACE_BOUND('',#1178,.F.);
#1178 = EDGE_LOOP('',(#1179));
#1179 = ORIENTED_EDGE('',*,*,#1180,.F.);
#1180 = EDGE_CURVE('',#1181,#1181,#1183,.T.);
#1181 = VERTEX_POINT('',#1182);
#1182 = CARTESIAN_POINT('',(34.4,-54.5,19.48));
#1183 = CIRCLE('',#1184,1.4);
#1184 = AXIS2_PLACEMENT_3D('',#1185,#1186,#1187);
#1185 = CARTESIAN_POINT('',(33.,-54.5,19.48));
#1186 = DIRECTION('',(0.,0.,1.));
#1187 = DIRECTION('',(1.,0.,-0.));
#1188 = FACE_BOUND('',#1189,.F.);
#1189 = EDGE_LOOP('',(#1190));
#1190 = ORIENTED_EDGE('',*,*,#1191,.F.);
#1191 = EDGE_CURVE('',#1192,#1192,#1194,.T.);
#1192 = VERTEX_POINT('',#1193);
#1193 = CARTESIAN_POINT('',(60.44397073986,-50.7185135547,19.48));
#1194 = CIRCLE('',#1195,1.7);
#1195 = AXIS2_PLACEMENT_3D('',#1196,#1197,#1198);
#1196 = CARTESIAN_POINT('',(59.141695186558,-49.62577461824,19.48));
#1197 = DIRECTION('',(0.,0.,1.));
#1198 = DIRECTION('',(0.766044443119,-0.642787609687,0.));
#1199 = FACE_BOUND('',#1200,.F.);
#1200 = EDGE_LOOP('',(#1201));
#1201 = ORIENTED_EDGE('',*,*,#1202,.F.);
#1202 = EDGE_CURVE('',#1203,#1203,#1205,.T.);
#1203 = VERTEX_POINT('',#1204);
#1204 = CARTESIAN_POINT('',(-23.6,2.5,19.48));
#1205 = CIRCLE('',#1206,1.4);
#1206 = AXIS2_PLACEMENT_3D('',#1207,#1208,#1209);
#1207 = CARTESIAN_POINT('',(-25.,2.5,19.48));
#1208 = DIRECTION('',(0.,0.,1.));
#1209 = DIRECTION('',(1.,0.,-0.));
#1210 = FACE_BOUND('',#1211,.F.);
#1211 = EDGE_LOOP('',(#1212));
#1212 = ORIENTED_EDGE('',*,*,#1213,.F.);
#1213 = EDGE_CURVE('',#1214,#1214,#1216,.T.);
#1214 = VERTEX_POINT('',#1215);
#1215 = CARTESIAN_POINT('',(-36.25,24.5,19.48));
#1216 = CIRCLE('',#1217,2.75);
#1217 = AXIS2_PLACEMENT_3D('',#1218,#1219,#1220);
#1218 = CARTESIAN_POINT('',(-39.,24.5,19.48));
#1219 = DIRECTION('',(0.,0.,1.));
#1220 = DIRECTION('',(1.,0.,-0.));
#1221 = FACE_BOUND('',#1222,.F.);
#1222 = EDGE_LOOP('',(#1223));
#1223 = ORIENTED_EDGE('',*,*,#1224,.F.);
#1224 = EDGE_CURVE('',#1225,#1225,#1227,.T.);
#1225 = VERTEX_POINT('',#1226);
#1226 = CARTESIAN_POINT('',(-12.6,28.954,19.48));
#1227 = CIRCLE('',#1228,1.4);
#1228 = AXIS2_PLACEMENT_3D('',#1229,#1230,#1231);
#1229 = CARTESIAN_POINT('',(-14.,28.954,19.48));
#1230 = DIRECTION('',(0.,0.,1.));
#1231 = DIRECTION('',(1.,0.,-0.));
#1232 = FACE_BOUND('',#1233,.F.);
#1233 = EDGE_LOOP('',(#1234));
#1234 = ORIENTED_EDGE('',*,*,#1235,.F.);
#1235 = EDGE_CURVE('',#1236,#1236,#1238,.T.);
#1236 = VERTEX_POINT('',#1237);
#1237 = CARTESIAN_POINT('',(-31.54795555257,42.280991295208,19.48));
#1238 = CIRCLE('',#1239,1.4);
#1239 = AXIS2_PLACEMENT_3D('',#1240,#1241,#1242);
#1240 = CARTESIAN_POINT('',(-32.94795555257,42.280991295208,19.48));
#1241 = DIRECTION('',(0.,0.,1.));
#1242 = DIRECTION('',(1.,0.,-0.));
#1243 = FACE_BOUND('',#1244,.F.);
#1244 = EDGE_LOOP('',(#1245));
#1245 = ORIENTED_EDGE('',*,*,#1246,.F.);
#1246 = EDGE_CURVE('',#1247,#1247,#1249,.T.);
#1247 = VERTEX_POINT('',#1248);
#1248 = CARTESIAN_POINT('',(-37.70431813243,59.195458469354,19.48));
#1249 = CIRCLE('',#1250,1.4);
#1250 = AXIS2_PLACEMENT_3D('',#1251,#1252,#1253);
#1251 = CARTESIAN_POINT('',(-39.10431813243,59.195458469354,19.48));
#1252 = DIRECTION('',(0.,0.,1.));
#1253 = DIRECTION('',(1.,0.,-0.));
#1254 = FACE_BOUND('',#1255,.F.);
#1255 = EDGE_LOOP('',(#1256));
#1256 = ORIENTED_EDGE('',*,*,#1257,.F.);
#1257 = EDGE_CURVE('',#1258,#1258,#1260,.T.);
#1258 = VERTEX_POINT('',#1259);
#1259 = CARTESIAN_POINT('',(-39.452,68.332868460207,19.48));
#1260 = CIRCLE('',#1261,1.7);
#1261 = AXIS2_PLACEMENT_3D('',#1262,#1263,#1264);
#1262 = CARTESIAN_POINT('',(-38.602,66.860625273774,19.48));
#1263 = DIRECTION('',(0.,0.,1.));
#1264 = DIRECTION('',(-0.5,0.866025403784,0.));
#1265 = FACE_BOUND('',#1266,.F.);
#1266 = EDGE_LOOP('',(#1267));
#1267 = ORIENTED_EDGE('',*,*,#1268,.F.);
#1268 = EDGE_CURVE('',#1269,#1269,#1271,.T.);
#1269 = VERTEX_POINT('',#1270);
#1270 = CARTESIAN_POINT('',(21.75,24.5,19.48));
#1271 = CIRCLE('',#1272,2.75);
#1272 = AXIS2_PLACEMENT_3D('',#1273,#1274,#1275);
#1273 = CARTESIAN_POINT('',(19.,24.5,19.48));
#1274 = DIRECTION('',(0.,0.,1.));
#1275 = DIRECTION('',(1.,0.,-0.));
#1276 = FACE_BOUND('',#1277,.F.);
#1277 = EDGE_LOOP('',(#1278));
#1278 = ORIENTED_EDGE('',*,*,#1279,.F.);
#1279 = EDGE_CURVE('',#1280,#1280,#1282,.T.);
#1280 = VERTEX_POINT('',#1281);
#1281 = CARTESIAN_POINT('',(15.4,28.954,19.48));
#1282 = CIRCLE('',#1283,1.4);
#1283 = AXIS2_PLACEMENT_3D('',#1284,#1285,#1286);
#1284 = CARTESIAN_POINT('',(14.,28.954,19.48));
#1285 = DIRECTION('',(0.,0.,1.));
#1286 = DIRECTION('',(1.,0.,-0.));
#1287 = FACE_BOUND('',#1288,.F.);
#1288 = EDGE_LOOP('',(#1289));
#1289 = ORIENTED_EDGE('',*,*,#1290,.F.);
#1290 = EDGE_CURVE('',#1291,#1291,#1293,.T.);
#1291 = VERTEX_POINT('',#1292);
#1292 = CARTESIAN_POINT('',(34.4,2.5,19.48));
#1293 = CIRCLE('',#1294,1.4);
#1294 = AXIS2_PLACEMENT_3D('',#1295,#1296,#1297);
#1295 = CARTESIAN_POINT('',(33.,2.5,19.48));
#1296 = DIRECTION('',(0.,0.,1.));
#1297 = DIRECTION('',(1.,0.,-0.));
#1298 = FACE_BOUND('',#1299,.F.);
#1299 = EDGE_LOOP('',(#1300));
#1300 = ORIENTED_EDGE('',*,*,#1301,.F.);
#1301 = EDGE_CURVE('',#1302,#1302,#1304,.T.);
#1302 = VERTEX_POINT('',#1303);
#1303 = CARTESIAN_POINT('',(40.29087296526,22.62741699797,19.48));
#1304 = CIRCLE('',#1305,1.4);
#1305 = AXIS2_PLACEMENT_3D('',#1306,#1307,#1308);
#1306 = CARTESIAN_POINT('',(38.89087296526,22.62741699797,19.48));
#1307 = DIRECTION('',(0.,0.,1.));
#1308 = DIRECTION('',(1.,0.,-0.));
#1309 = FACE_BOUND('',#1310,.F.);
#1310 = EDGE_LOOP('',(#1311,#1321,#1329,#1337));
#1311 = ORIENTED_EDGE('',*,*,#1312,.T.);
#1312 = EDGE_CURVE('',#1313,#1315,#1317,.T.);
#1313 = VERTEX_POINT('',#1314);
#1314 = CARTESIAN_POINT('',(5.3,46.704,19.48));
#1315 = VERTEX_POINT('',#1316);
#1316 = CARTESIAN_POINT('',(5.3,40.704,19.48));
#1317 = LINE('',#1318,#1319);
#1318 = CARTESIAN_POINT('',(5.3,20.352,19.48));
#1319 = VECTOR('',#1320,1.);
#1320 = DIRECTION('',(-2.22044604925E-16,-1.,0.));
#1321 = ORIENTED_EDGE('',*,*,#1322,.T.);
#1322 = EDGE_CURVE('',#1315,#1323,#1325,.T.);
#1323 = VERTEX_POINT('',#1324);
#1324 = CARTESIAN_POINT('',(-5.3,40.704,19.48));
#1325 = LINE('',#1326,#1327);
#1326 = CARTESIAN_POINT('',(2.65,40.704,19.48));
#1327 = VECTOR('',#1328,1.);
#1328 = DIRECTION('',(-1.,2.22044604925E-16,0.));
#1329 = ORIENTED_EDGE('',*,*,#1330,.F.);
#1330 = EDGE_CURVE('',#1331,#1323,#1333,.T.);
#1331 = VERTEX_POINT('',#1332);
#1332 = CARTESIAN_POINT('',(-5.3,46.704,19.48));
#1333 = LINE('',#1334,#1335);
#1334 = CARTESIAN_POINT('',(-5.3,20.352,19.48));
#1335 = VECTOR('',#1336,1.);
#1336 = DIRECTION('',(-2.22044604925E-16,-1.,0.));
#1337 = ORIENTED_EDGE('',*,*,#1338,.F.);
#1338 = EDGE_CURVE('',#1313,#1331,#1339,.T.);
#1339 = LINE('',#1340,#1341);
#1340 = CARTESIAN_POINT('',(2.65,46.704,19.48));
#1341 = VECTOR('',#1342,1.);
#1342 = DIRECTION('',(-1.,2.22044604925E-16,0.));
#1343 = FACE_BOUND('',#1344,.F.);
#1344 = EDGE_LOOP('',(#1345));
#1345 = ORIENTED_EDGE('',*,*,#1346,.F.);
#1346 = EDGE_CURVE('',#1347,#1347,#1349,.T.);
#1347 = VERTEX_POINT('',#1348);
#1348 = CARTESIAN_POINT('',(-0.538099066642,53.567656024955,19.48));
#1349 = CIRCLE('',#1350,1.4);
#1350 = AXIS2_PLACEMENT_3D('',#1351,#1352,#1353);
#1351 = CARTESIAN_POINT('',(-1.938099066642,53.567656024955,19.48));
#1352 = DIRECTION('',(0.,0.,1.));
#1353 = DIRECTION('',(1.,0.,-0.));
#1354 = FACE_BOUND('',#1355,.F.);
#1355 = EDGE_LOOP('',(#1356));
#1356 = ORIENTED_EDGE('',*,*,#1357,.F.);
#1357 = EDGE_CURVE('',#1358,#1358,#1360,.T.);
#1358 = VERTEX_POINT('',#1359);
#1359 = CARTESIAN_POINT('',(24.02741699797,38.89087296526,19.48));
#1360 = CIRCLE('',#1361,1.4);
#1361 = AXIS2_PLACEMENT_3D('',#1362,#1363,#1364);
#1362 = CARTESIAN_POINT('',(22.62741699797,38.89087296526,19.48));
#1363 = DIRECTION('',(0.,0.,1.));
#1364 = DIRECTION('',(1.,0.,-0.));
#1365 = FACE_BOUND('',#1366,.F.);
#1366 = EDGE_LOOP('',(#1367));
#1367 = ORIENTED_EDGE('',*,*,#1368,.F.);
#1368 = EDGE_CURVE('',#1369,#1369,#1371,.T.);
#1369 = VERTEX_POINT('',#1370);
#1370 = CARTESIAN_POINT('',(-6.694461646504,70.482123199101,19.48));
#1371 = CIRCLE('',#1372,1.4);
#1372 = AXIS2_PLACEMENT_3D('',#1373,#1374,#1375);
#1373 = CARTESIAN_POINT('',(-8.094461646504,70.482123199101,19.48));
#1374 = DIRECTION('',(0.,0.,1.));
#1375 = DIRECTION('',(1.,0.,-0.));
#1376 = FACE_BOUND('',#1377,.F.);
#1377 = EDGE_LOOP('',(#1378));
#1378 = ORIENTED_EDGE('',*,*,#1379,.F.);
#1379 = EDGE_CURVE('',#1380,#1380,#1382,.T.);
#1380 = VERTEX_POINT('',#1381);
#1381 = CARTESIAN_POINT('',(56.554328932551,38.89087296526,19.48));
#1382 = CIRCLE('',#1383,1.4);
#1383 = AXIS2_PLACEMENT_3D('',#1384,#1385,#1386);
#1384 = CARTESIAN_POINT('',(55.154328932551,38.89087296526,19.48));
#1385 = DIRECTION('',(0.,0.,1.));
#1386 = DIRECTION('',(1.,0.,-0.));
#1387 = FACE_BOUND('',#1388,.F.);
#1388 = EDGE_LOOP('',(#1389));
#1389 = ORIENTED_EDGE('',*,*,#1390,.F.);
#1390 = EDGE_CURVE('',#1391,#1391,#1393,.T.);
#1391 = VERTEX_POINT('',#1392);
#1392 = CARTESIAN_POINT('',(40.29087296526,55.154328932551,19.48));
#1393 = CIRCLE('',#1394,1.4);
#1394 = AXIS2_PLACEMENT_3D('',#1395,#1396,#1397);
#1395 = CARTESIAN_POINT('',(38.89087296526,55.154328932551,19.48));
#1396 = DIRECTION('',(0.,0.,1.));
#1397 = DIRECTION('',(1.,0.,-0.));
#1398 = FACE_BOUND('',#1399,.F.);
#1399 = EDGE_LOOP('',(#1400));
#1400 = ORIENTED_EDGE('',*,*,#1401,.F.);
#1401 = EDGE_CURVE('',#1402,#1402,#1404,.T.);
#1402 = VERTEX_POINT('',#1403);
#1403 = CARTESIAN_POINT('',(50.718513554707,60.44397073986,19.48));
#1404 = CIRCLE('',#1405,1.7);
#1405 = AXIS2_PLACEMENT_3D('',#1406,#1407,#1408);
#1406 = CARTESIAN_POINT('',(49.62577461824,59.141695186558,19.48));
#1407 = DIRECTION('',(0.,0.,1.));
#1408 = DIRECTION('',(0.642787609687,0.766044443119,-0.));
#1409 = PLANE('',#1410);
#1410 = AXIS2_PLACEMENT_3D('',#1411,#1412,#1413);
#1411 = CARTESIAN_POINT('',(0.,0.,19.48));
#1412 = DIRECTION('',(0.,0.,1.));
#1413 = DIRECTION('',(1.,0.,-0.));
#1414 = ADVANCED_FACE('',(#1415),#1426,.T.);
#1415 = FACE_BOUND('',#1416,.T.);
#1416 = EDGE_LOOP('',(#1417,#1423,#1424,#1425));
#1417 = ORIENTED_EDGE('',*,*,#1418,.F.);
#1418 = EDGE_CURVE('',#1086,#169,#1419,.T.);
#1419 = LINE('',#1420,#1421);
#1420 = CARTESIAN_POINT('',(55.606098305844,-58.49014829183,19.48));
#1421 = VECTOR('',#1422,1.);
#1422 = DIRECTION('',(0.,0.,1.));
#1423 = ORIENTED_EDGE('',*,*,#1093,.T.);
#1424 = ORIENTED_EDGE('',*,*,#91,.T.);
#1425 = ORIENTED_EDGE('',*,*,#176,.T.);
#1426 = CYLINDRICAL_SURFACE('',#1427,80.704);
#1427 = AXIS2_PLACEMENT_3D('',#1428,#1429,#1430);
#1428 = CARTESIAN_POINT('',(0.,0.,19.48));
#1429 = DIRECTION('',(0.,0.,1.));
#1430 = DIRECTION('',(1.,0.,-0.));
#1431 = ADVANCED_FACE('',(#1432),#1443,.F.);
#1432 = FACE_BOUND('',#1433,.F.);
#1433 = EDGE_LOOP('',(#1434,#1435,#1441,#1442));
#1434 = ORIENTED_EDGE('',*,*,#1085,.T.);
#1435 = ORIENTED_EDGE('',*,*,#1436,.T.);
#1436 = EDGE_CURVE('',#1078,#161,#1437,.T.);
#1437 = LINE('',#1438,#1439);
#1438 = CARTESIAN_POINT('',(52.491815419305,-54.77869047344,18.48));
#1439 = VECTOR('',#1440,1.);
#1440 = DIRECTION('',(0.,0.,1.));
#1441 = ORIENTED_EDGE('',*,*,#168,.F.);
#1442 = ORIENTED_EDGE('',*,*,#1418,.F.);
#1443 = PLANE('',#1444);
#1444 = AXIS2_PLACEMENT_3D('',#1445,#1446,#1447);
#1445 = CARTESIAN_POINT('',(52.491815419305,-54.77869047344,18.48));
#1446 = DIRECTION('',(0.766044443119,0.642787609687,0.));
#1447 = DIRECTION('',(0.,0.,1.));
#1448 = ADVANCED_FACE('',(#1449),#1460,.T.);
#1449 = FACE_BOUND('',#1450,.T.);
#1450 = EDGE_LOOP('',(#1451,#1452,#1453,#1459));
#1451 = ORIENTED_EDGE('',*,*,#1014,.F.);
#1452 = ORIENTED_EDGE('',*,*,#1042,.T.);
#1453 = ORIENTED_EDGE('',*,*,#1454,.T.);
#1454 = EDGE_CURVE('',#1043,#126,#1455,.T.);
#1455 = LINE('',#1456,#1457);
#1456 = CARTESIAN_POINT('',(-2.516226705133,-80.66476442145,19.48));
#1457 = VECTOR('',#1458,1.);
#1458 = DIRECTION('',(0.,0.,1.));
#1459 = ORIENTED_EDGE('',*,*,#125,.T.);
#1460 = CYLINDRICAL_SURFACE('',#1461,80.704);
#1461 = AXIS2_PLACEMENT_3D('',#1462,#1463,#1464);
#1462 = CARTESIAN_POINT('',(0.,0.,19.48));
#1463 = DIRECTION('',(0.,0.,1.));
#1464 = DIRECTION('',(1.,0.,-0.));
#1465 = ADVANCED_FACE('',(#1466),#1477,.T.);
#1466 = FACE_BOUND('',#1467,.T.);
#1467 = EDGE_LOOP('',(#1468,#1474,#1475,#1476));
#1468 = ORIENTED_EDGE('',*,*,#1469,.F.);
#1469 = EDGE_CURVE('',#1070,#153,#1470,.T.);
#1470 = LINE('',#1471,#1472);
#1471 = CARTESIAN_POINT('',(44.831370988115,-61.20656657031,18.48));
#1472 = VECTOR('',#1473,1.);
#1473 = DIRECTION('',(0.,0.,1.));
#1474 = ORIENTED_EDGE('',*,*,#1077,.T.);
#1475 = ORIENTED_EDGE('',*,*,#1436,.T.);
#1476 = ORIENTED_EDGE('',*,*,#160,.F.);
#1477 = PLANE('',#1478);
#1478 = AXIS2_PLACEMENT_3D('',#1479,#1480,#1481);
#1479 = CARTESIAN_POINT('',(44.831370988115,-61.20656657031,18.48));
#1480 = DIRECTION('',(0.642787609687,-0.766044443119,0.));
#1481 = DIRECTION('',(0.,0.,1.));
#1482 = ADVANCED_FACE('',(#1483),#1494,.F.);
#1483 = FACE_BOUND('',#1484,.F.);
#1484 = EDGE_LOOP('',(#1485,#1486,#1492,#1493));
#1485 = ORIENTED_EDGE('',*,*,#134,.F.);
#1486 = ORIENTED_EDGE('',*,*,#1487,.F.);
#1487 = EDGE_CURVE('',#1052,#135,#1488,.T.);
#1488 = LINE('',#1489,#1490);
#1489 = CARTESIAN_POINT('',(2.516226705133,-80.66476442145,19.48));
#1490 = VECTOR('',#1491,1.);
#1491 = DIRECTION('',(0.,0.,1.));
#1492 = ORIENTED_EDGE('',*,*,#1051,.T.);
#1493 = ORIENTED_EDGE('',*,*,#1454,.T.);
#1494 = CYLINDRICAL_SURFACE('',#1495,4.5);
#1495 = AXIS2_PLACEMENT_3D('',#1496,#1497,#1498);
#1496 = CARTESIAN_POINT('',(-1.413254652684E-14,-76.934,18.48));
#1497 = DIRECTION('',(0.,0.,1.));
#1498 = DIRECTION('',(-2.22044604925E-16,-1.,0.));
#1499 = ADVANCED_FACE('',(#1500),#1511,.T.);
#1500 = FACE_BOUND('',#1501,.T.);
#1501 = EDGE_LOOP('',(#1502,#1503,#1504,#1505));
#1502 = ORIENTED_EDGE('',*,*,#1069,.T.);
#1503 = ORIENTED_EDGE('',*,*,#1469,.T.);
#1504 = ORIENTED_EDGE('',*,*,#152,.F.);
#1505 = ORIENTED_EDGE('',*,*,#1506,.F.);
#1506 = EDGE_CURVE('',#1061,#144,#1507,.T.);
#1507 = LINE('',#1508,#1509);
#1508 = CARTESIAN_POINT('',(47.945653874654,-64.9180243887,19.48));
#1509 = VECTOR('',#1510,1.);
#1510 = DIRECTION('',(0.,0.,1.));
#1511 = PLANE('',#1512);
#1512 = AXIS2_PLACEMENT_3D('',#1513,#1514,#1515);
#1513 = CARTESIAN_POINT('',(44.831370988115,-61.20656657031,18.48));
#1514 = DIRECTION('',(0.766044443119,0.642787609687,0.));
#1515 = DIRECTION('',(0.,0.,1.));
#1516 = ADVANCED_FACE('',(#1517),#1523,.T.);
#1517 = FACE_BOUND('',#1518,.T.);
#1518 = EDGE_LOOP('',(#1519,#1520,#1521,#1522));
#1519 = ORIENTED_EDGE('',*,*,#1487,.F.);
#1520 = ORIENTED_EDGE('',*,*,#1060,.T.);
#1521 = ORIENTED_EDGE('',*,*,#1506,.T.);
#1522 = ORIENTED_EDGE('',*,*,#143,.T.);
#1523 = CYLINDRICAL_SURFACE('',#1524,80.704);
#1524 = AXIS2_PLACEMENT_3D('',#1525,#1526,#1527);
#1525 = CARTESIAN_POINT('',(0.,0.,19.48));
#1526 = DIRECTION('',(0.,0.,1.));
#1527 = DIRECTION('',(1.,0.,-0.));
#1528 = ADVANCED_FACE('',(#1529),#1540,.F.);
#1529 = FACE_BOUND('',#1530,.F.);
#1530 = EDGE_LOOP('',(#1531,#1532,#1538,#1539));
#1531 = ORIENTED_EDGE('',*,*,#185,.F.);
#1532 = ORIENTED_EDGE('',*,*,#1533,.F.);
#1533 = EDGE_CURVE('',#1103,#186,#1534,.T.);
#1534 = LINE('',#1535,#1536);
#1535 = CARTESIAN_POINT('',(-39.452,-68.3328684602,18.48));
#1536 = VECTOR('',#1537,1.);
#1537 = DIRECTION('',(0.,0.,1.));
#1538 = ORIENTED_EDGE('',*,*,#1102,.T.);
#1539 = ORIENTED_EDGE('',*,*,#1533,.T.);
#1540 = CYLINDRICAL_SURFACE('',#1541,1.7);
#1541 = AXIS2_PLACEMENT_3D('',#1542,#1543,#1544);
#1542 = CARTESIAN_POINT('',(-38.602,-66.86062527377,18.48));
#1543 = DIRECTION('',(0.,0.,1.));
#1544 = DIRECTION('',(-0.5,-0.866025403784,0.));
#1545 = ADVANCED_FACE('',(#1546),#1571,.T.);
#1546 = FACE_BOUND('',#1547,.T.);
#1547 = EDGE_LOOP('',(#1548,#1558,#1564,#1565));
#1548 = ORIENTED_EDGE('',*,*,#1549,.F.);
#1549 = EDGE_CURVE('',#1550,#1552,#1554,.T.);
#1550 = VERTEX_POINT('',#1551);
#1551 = CARTESIAN_POINT('',(-23.51332305683,-51.925,19.98));
#1552 = VERTEX_POINT('',#1553);
#1553 = CARTESIAN_POINT('',(-26.48667694316,-51.925,19.98));
#1554 = LINE('',#1555,#1556);
#1555 = CARTESIAN_POINT('',(-23.51332305683,-51.925,19.98));
#1556 = VECTOR('',#1557,1.);
#1557 = DIRECTION('',(-1.,1.49356325156E-16,0.));
#1558 = ORIENTED_EDGE('',*,*,#1559,.T.);
#1559 = EDGE_CURVE('',#1550,#199,#1560,.T.);
#1560 = LINE('',#1561,#1562);
#1561 = CARTESIAN_POINT('',(-23.51332305683,-51.925,19.98));
#1562 = VECTOR('',#1563,1.);
#1563 = DIRECTION('',(0.,0.,1.));
#1564 = ORIENTED_EDGE('',*,*,#196,.F.);
#1565 = ORIENTED_EDGE('',*,*,#1566,.F.);
#1566 = EDGE_CURVE('',#1552,#197,#1567,.T.);
#1567 = LINE('',#1568,#1569);
#1568 = CARTESIAN_POINT('',(-26.48667694316,-51.925,19.98));
#1569 = VECTOR('',#1570,1.);
#1570 = DIRECTION('',(0.,0.,1.));
#1571 = PLANE('',#1572);
#1572 = AXIS2_PLACEMENT_3D('',#1573,#1574,#1575);
#1573 = CARTESIAN_POINT('',(-23.51332305683,-51.925,19.98));
#1574 = DIRECTION('',(-1.49356325156E-16,-1.,0.));
#1575 = DIRECTION('',(-1.,1.49356325156E-16,0.));
#1576 = ADVANCED_FACE('',(#1577),#1595,.T.);
#1577 = FACE_BOUND('',#1578,.T.);
#1578 = EDGE_LOOP('',(#1579,#1587,#1588,#1589));
#1579 = ORIENTED_EDGE('',*,*,#1580,.F.);
#1580 = EDGE_CURVE('',#1552,#1581,#1583,.T.);
#1581 = VERTEX_POINT('',#1582);
#1582 = CARTESIAN_POINT('',(-27.97335388632,-54.5,19.98));
#1583 = LINE('',#1584,#1585);
#1584 = CARTESIAN_POINT('',(-26.48667694316,-51.925,19.98));
#1585 = VECTOR('',#1586,1.);
#1586 = DIRECTION('',(-0.5,-0.866025403784,0.));
#1587 = ORIENTED_EDGE('',*,*,#1566,.T.);
#1588 = ORIENTED_EDGE('',*,*,#238,.F.);
#1589 = ORIENTED_EDGE('',*,*,#1590,.F.);
#1590 = EDGE_CURVE('',#1581,#231,#1591,.T.);
#1591 = LINE('',#1592,#1593);
#1592 = CARTESIAN_POINT('',(-27.97335388632,-54.5,19.98));
#1593 = VECTOR('',#1594,1.);
#1594 = DIRECTION('',(0.,0.,1.));
#1595 = PLANE('',#1596);
#1596 = AXIS2_PLACEMENT_3D('',#1597,#1598,#1599);
#1597 = CARTESIAN_POINT('',(-26.48667694316,-51.925,19.98));
#1598 = DIRECTION('',(0.866025403784,-0.5,0.));
#1599 = DIRECTION('',(-0.5,-0.866025403784,0.));
#1600 = ADVANCED_FACE('',(#1601),#1619,.T.);
#1601 = FACE_BOUND('',#1602,.T.);
#1602 = EDGE_LOOP('',(#1603,#1611,#1617,#1618));
#1603 = ORIENTED_EDGE('',*,*,#1604,.F.);
#1604 = EDGE_CURVE('',#1605,#1550,#1607,.T.);
#1605 = VERTEX_POINT('',#1606);
#1606 = CARTESIAN_POINT('',(-22.02664611367,-54.5,19.98));
#1607 = LINE('',#1608,#1609);
#1608 = CARTESIAN_POINT('',(-22.02664611367,-54.5,19.98));
#1609 = VECTOR('',#1610,1.);
#1610 = DIRECTION('',(-0.5,0.866025403784,0.));
#1611 = ORIENTED_EDGE('',*,*,#1612,.T.);
#1612 = EDGE_CURVE('',#1605,#207,#1613,.T.);
#1613 = LINE('',#1614,#1615);
#1614 = CARTESIAN_POINT('',(-22.02664611367,-54.5,19.98));
#1615 = VECTOR('',#1616,1.);
#1616 = DIRECTION('',(0.,0.,1.));
#1617 = ORIENTED_EDGE('',*,*,#206,.F.);
#1618 = ORIENTED_EDGE('',*,*,#1559,.F.);
#1619 = PLANE('',#1620);
#1620 = AXIS2_PLACEMENT_3D('',#1621,#1622,#1623);
#1621 = CARTESIAN_POINT('',(-22.02664611367,-54.5,19.98));
#1622 = DIRECTION('',(-0.866025403784,-0.5,0.));
#1623 = DIRECTION('',(-0.5,0.866025403784,0.));
#1624 = ADVANCED_FACE('',(#1625),#1643,.T.);
#1625 = FACE_BOUND('',#1626,.T.);
#1626 = EDGE_LOOP('',(#1627,#1635,#1636,#1637));
#1627 = ORIENTED_EDGE('',*,*,#1628,.F.);
#1628 = EDGE_CURVE('',#1581,#1629,#1631,.T.);
#1629 = VERTEX_POINT('',#1630);
#1630 = CARTESIAN_POINT('',(-26.48667694316,-57.075,19.98));
#1631 = LINE('',#1632,#1633);
#1632 = CARTESIAN_POINT('',(-27.97335388632,-54.5,19.98));
#1633 = VECTOR('',#1634,1.);
#1634 = DIRECTION('',(0.5,-0.866025403784,0.));
#1635 = ORIENTED_EDGE('',*,*,#1590,.T.);
#1636 = ORIENTED_EDGE('',*,*,#230,.F.);
#1637 = ORIENTED_EDGE('',*,*,#1638,.F.);
#1638 = EDGE_CURVE('',#1629,#223,#1639,.T.);
#1639 = LINE('',#1640,#1641);
#1640 = CARTESIAN_POINT('',(-26.48667694316,-57.075,19.98));
#1641 = VECTOR('',#1642,1.);
#1642 = DIRECTION('',(0.,0.,1.));
#1643 = PLANE('',#1644);
#1644 = AXIS2_PLACEMENT_3D('',#1645,#1646,#1647);
#1645 = CARTESIAN_POINT('',(-27.97335388632,-54.5,19.98));
#1646 = DIRECTION('',(0.866025403784,0.5,-0.));
#1647 = DIRECTION('',(0.5,-0.866025403784,0.));
#1648 = ADVANCED_FACE('',(#1649),#1667,.T.);
#1649 = FACE_BOUND('',#1650,.T.);
#1650 = EDGE_LOOP('',(#1651,#1659,#1665,#1666));
#1651 = ORIENTED_EDGE('',*,*,#1652,.F.);
#1652 = EDGE_CURVE('',#1653,#1605,#1655,.T.);
#1653 = VERTEX_POINT('',#1654);
#1654 = CARTESIAN_POINT('',(-23.51332305683,-57.075,19.98));
#1655 = LINE('',#1656,#1657);
#1656 = CARTESIAN_POINT('',(-23.51332305683,-57.075,19.98));
#1657 = VECTOR('',#1658,1.);
#1658 = DIRECTION('',(0.5,0.866025403784,0.));
#1659 = ORIENTED_EDGE('',*,*,#1660,.T.);
#1660 = EDGE_CURVE('',#1653,#215,#1661,.T.);
#1661 = LINE('',#1662,#1663);
#1662 = CARTESIAN_POINT('',(-23.51332305683,-57.075,19.98));
#1663 = VECTOR('',#1664,1.);
#1664 = DIRECTION('',(0.,0.,1.));
#1665 = ORIENTED_EDGE('',*,*,#214,.F.);
#1666 = ORIENTED_EDGE('',*,*,#1612,.F.);
#1667 = PLANE('',#1668);
#1668 = AXIS2_PLACEMENT_3D('',#1669,#1670,#1671);
#1669 = CARTESIAN_POINT('',(-23.51332305683,-57.075,19.98));
#1670 = DIRECTION('',(-0.866025403784,0.5,0.));
#1671 = DIRECTION('',(0.5,0.866025403784,0.));
#1672 = ADVANCED_FACE('',(#1673),#1684,.T.);
#1673 = FACE_BOUND('',#1674,.T.);
#1674 = EDGE_LOOP('',(#1675,#1681,#1682,#1683));
#1675 = ORIENTED_EDGE('',*,*,#1676,.F.);
#1676 = EDGE_CURVE('',#1629,#1653,#1677,.T.);
#1677 = LINE('',#1678,#1679);
#1678 = CARTESIAN_POINT('',(-26.48667694316,-57.075,19.98));
#1679 = VECTOR('',#1680,1.);
#1680 = DIRECTION('',(1.,-2.98712650312E-16,0.));
#1681 = ORIENTED_EDGE('',*,*,#1638,.T.);
#1682 = ORIENTED_EDGE('',*,*,#222,.F.);
#1683 = ORIENTED_EDGE('',*,*,#1660,.F.);
#1684 = PLANE('',#1685);
#1685 = AXIS2_PLACEMENT_3D('',#1686,#1687,#1688);
#1686 = CARTESIAN_POINT('',(-26.48667694316,-57.075,19.98));
#1687 = DIRECTION('',(2.98712650312E-16,1.,-0.));
#1688 = DIRECTION('',(1.,-2.98712650312E-16,0.));
#1689 = ADVANCED_FACE('',(#1690),#1706,.T.);
#1690 = FACE_BOUND('',#1691,.T.);
#1691 = EDGE_LOOP('',(#1692,#1698,#1699,#1705));
#1692 = ORIENTED_EDGE('',*,*,#1693,.F.);
#1693 = EDGE_CURVE('',#1125,#247,#1694,.T.);
#1694 = LINE('',#1695,#1696);
#1695 = CARTESIAN_POINT('',(-5.5,-36.3,18.48));
#1696 = VECTOR('',#1697,1.);
#1697 = DIRECTION('',(0.,0.,1.));
#1698 = ORIENTED_EDGE('',*,*,#1124,.T.);
#1699 = ORIENTED_EDGE('',*,*,#1700,.T.);
#1700 = EDGE_CURVE('',#1127,#249,#1701,.T.);
#1701 = LINE('',#1702,#1703);
#1702 = CARTESIAN_POINT('',(-27.5,-36.3,18.48));
#1703 = VECTOR('',#1704,1.);
#1704 = DIRECTION('',(0.,0.,1.));
#1705 = ORIENTED_EDGE('',*,*,#246,.F.);
#1706 = PLANE('',#1707);
#1707 = AXIS2_PLACEMENT_3D('',#1708,#1709,#1710);
#1708 = CARTESIAN_POINT('',(-27.5,-36.3,18.48));
#1709 = DIRECTION('',(-0.,1.,0.));
#1710 = DIRECTION('',(0.,0.,1.));
#1711 = ADVANCED_FACE('',(#1712),#1723,.F.);
#1712 = FACE_BOUND('',#1713,.F.);
#1713 = EDGE_LOOP('',(#1714,#1715,#1716,#1722));
#1714 = ORIENTED_EDGE('',*,*,#1693,.F.);
#1715 = ORIENTED_EDGE('',*,*,#1150,.T.);
#1716 = ORIENTED_EDGE('',*,*,#1717,.T.);
#1717 = EDGE_CURVE('',#1143,#265,#1718,.T.);
#1718 = LINE('',#1719,#1720);
#1719 = CARTESIAN_POINT('',(-5.5,-33.3,18.48));
#1720 = VECTOR('',#1721,1.);
#1721 = DIRECTION('',(0.,0.,1.));
#1722 = ORIENTED_EDGE('',*,*,#272,.F.);
#1723 = PLANE('',#1724);
#1724 = AXIS2_PLACEMENT_3D('',#1725,#1726,#1727);
#1725 = CARTESIAN_POINT('',(-5.5,-36.3,18.48));
#1726 = DIRECTION('',(1.,0.,-0.));
#1727 = DIRECTION('',(0.,0.,1.));
#1728 = ADVANCED_FACE('',(#1729),#1740,.T.);
#1729 = FACE_BOUND('',#1730,.T.);
#1730 = EDGE_LOOP('',(#1731,#1732,#1733,#1739));
#1731 = ORIENTED_EDGE('',*,*,#1700,.F.);
#1732 = ORIENTED_EDGE('',*,*,#1134,.T.);
#1733 = ORIENTED_EDGE('',*,*,#1734,.T.);
#1734 = EDGE_CURVE('',#1135,#257,#1735,.T.);
#1735 = LINE('',#1736,#1737);
#1736 = CARTESIAN_POINT('',(-27.5,-33.3,18.48));
#1737 = VECTOR('',#1738,1.);
#1738 = DIRECTION('',(0.,0.,1.));
#1739 = ORIENTED_EDGE('',*,*,#256,.F.);
#1740 = PLANE('',#1741);
#1741 = AXIS2_PLACEMENT_3D('',#1742,#1743,#1744);
#1742 = CARTESIAN_POINT('',(-27.5,-36.3,18.48));
#1743 = DIRECTION('',(1.,0.,-0.));
#1744 = DIRECTION('',(0.,0.,1.));
#1745 = ADVANCED_FACE('',(#1746),#1752,.F.);
#1746 = FACE_BOUND('',#1747,.F.);
#1747 = EDGE_LOOP('',(#1748,#1749,#1750,#1751));
#1748 = ORIENTED_EDGE('',*,*,#1717,.F.);
#1749 = ORIENTED_EDGE('',*,*,#1142,.T.);
#1750 = ORIENTED_EDGE('',*,*,#1734,.T.);
#1751 = ORIENTED_EDGE('',*,*,#264,.F.);
#1752 = PLANE('',#1753);
#1753 = AXIS2_PLACEMENT_3D('',#1754,#1755,#1756);
#1754 = CARTESIAN_POINT('',(-27.5,-33.3,18.48));
#1755 = DIRECTION('',(-0.,1.,0.));
#1756 = DIRECTION('',(0.,0.,1.));
#1757 = ADVANCED_FACE('',(#1758),#1769,.F.);
#1758 = FACE_BOUND('',#1759,.F.);
#1759 = EDGE_LOOP('',(#1760,#1761,#1767,#1768));
#1760 = ORIENTED_EDGE('',*,*,#280,.F.);
#1761 = ORIENTED_EDGE('',*,*,#1762,.F.);
#1762 = EDGE_CURVE('',#1159,#281,#1763,.T.);
#1763 = LINE('',#1764,#1765);
#1764 = CARTESIAN_POINT('',(-78.904,1.00793330157E-14,18.48));
#1765 = VECTOR('',#1766,1.);
#1766 = DIRECTION('',(0.,0.,1.));
#1767 = ORIENTED_EDGE('',*,*,#1158,.T.);
#1768 = ORIENTED_EDGE('',*,*,#1762,.T.);
#1769 = CYLINDRICAL_SURFACE('',#1770,1.7);
#1770 = AXIS2_PLACEMENT_3D('',#1771,#1772,#1773);
#1771 = CARTESIAN_POINT('',(-77.204,9.454763148137E-15,18.48));
#1772 = DIRECTION('',(0.,0.,1.));
#1773 = DIRECTION('',(-1.,1.224646799147E-16,0.));
#1774 = ADVANCED_FACE('',(#1775),#1800,.T.);
#1775 = FACE_BOUND('',#1776,.T.);
#1776 = EDGE_LOOP('',(#1777,#1787,#1793,#1794));
#1777 = ORIENTED_EDGE('',*,*,#1778,.F.);
#1778 = EDGE_CURVE('',#1779,#1781,#1783,.T.);
#1779 = VERTEX_POINT('',#1780);
#1780 = CARTESIAN_POINT('',(34.486676943163,-51.925,19.98));
#1781 = VERTEX_POINT('',#1782);
#1782 = CARTESIAN_POINT('',(31.513323056837,-51.925,19.98));
#1783 = LINE('',#1784,#1785);
#1784 = CARTESIAN_POINT('',(34.486676943163,-51.925,19.98));
#1785 = VECTOR('',#1786,1.);
#1786 = DIRECTION('',(-1.,1.49356325156E-16,0.));
#1787 = ORIENTED_EDGE('',*,*,#1788,.T.);
#1788 = EDGE_CURVE('',#1779,#294,#1789,.T.);
#1789 = LINE('',#1790,#1791);
#1790 = CARTESIAN_POINT('',(34.486676943163,-51.925,19.98));
#1791 = VECTOR('',#1792,1.);
#1792 = DIRECTION('',(0.,0.,1.));
#1793 = ORIENTED_EDGE('',*,*,#291,.F.);
#1794 = ORIENTED_EDGE('',*,*,#1795,.F.);
#1795 = EDGE_CURVE('',#1781,#292,#1796,.T.);
#1796 = LINE('',#1797,#1798);
#1797 = CARTESIAN_POINT('',(31.513323056837,-51.925,19.98));
#1798 = VECTOR('',#1799,1.);
#1799 = DIRECTION('',(0.,0.,1.));
#1800 = PLANE('',#1801);
#1801 = AXIS2_PLACEMENT_3D('',#1802,#1803,#1804);
#1802 = CARTESIAN_POINT('',(34.486676943163,-51.925,19.98));
#1803 = DIRECTION('',(-1.49356325156E-16,-1.,0.));
#1804 = DIRECTION('',(-1.,1.49356325156E-16,0.));
#1805 = ADVANCED_FACE('',(#1806),#1824,.T.);
#1806 = FACE_BOUND('',#1807,.T.);
#1807 = EDGE_LOOP('',(#1808,#1816,#1817,#1818));
#1808 = ORIENTED_EDGE('',*,*,#1809,.F.);
#1809 = EDGE_CURVE('',#1781,#1810,#1812,.T.);
#1810 = VERTEX_POINT('',#1811);
#1811 = CARTESIAN_POINT('',(30.026646113673,-54.5,19.98));
#1812 = LINE('',#1813,#1814);
#1813 = CARTESIAN_POINT('',(31.513323056837,-51.925,19.98));
#1814 = VECTOR('',#1815,1.);
#1815 = DIRECTION('',(-0.5,-0.866025403784,0.));
#1816 = ORIENTED_EDGE('',*,*,#1795,.T.);
#1817 = ORIENTED_EDGE('',*,*,#333,.F.);
#1818 = ORIENTED_EDGE('',*,*,#1819,.F.);
#1819 = EDGE_CURVE('',#1810,#326,#1820,.T.);
#1820 = LINE('',#1821,#1822);
#1821 = CARTESIAN_POINT('',(30.026646113673,-54.5,19.98));
#1822 = VECTOR('',#1823,1.);
#1823 = DIRECTION('',(0.,0.,1.));
#1824 = PLANE('',#1825);
#1825 = AXIS2_PLACEMENT_3D('',#1826,#1827,#1828);
#1826 = CARTESIAN_POINT('',(31.513323056837,-51.925,19.98));
#1827 = DIRECTION('',(0.866025403784,-0.5,0.));
#1828 = DIRECTION('',(-0.5,-0.866025403784,0.));
#1829 = ADVANCED_FACE('',(#1830),#1848,.T.);
#1830 = FACE_BOUND('',#1831,.T.);
#1831 = EDGE_LOOP('',(#1832,#1840,#1846,#1847));
#1832 = ORIENTED_EDGE('',*,*,#1833,.F.);
#1833 = EDGE_CURVE('',#1834,#1779,#1836,.T.);
#1834 = VERTEX_POINT('',#1835);
#1835 = CARTESIAN_POINT('',(35.973353886327,-54.5,19.98));
#1836 = LINE('',#1837,#1838);
#1837 = CARTESIAN_POINT('',(35.973353886327,-54.5,19.98));
#1838 = VECTOR('',#1839,1.);
#1839 = DIRECTION('',(-0.5,0.866025403784,0.));
#1840 = ORIENTED_EDGE('',*,*,#1841,.T.);
#1841 = EDGE_CURVE('',#1834,#302,#1842,.T.);
#1842 = LINE('',#1843,#1844);
#1843 = CARTESIAN_POINT('',(35.973353886327,-54.5,19.98));
#1844 = VECTOR('',#1845,1.);
#1845 = DIRECTION('',(0.,0.,1.));
#1846 = ORIENTED_EDGE('',*,*,#301,.F.);
#1847 = ORIENTED_EDGE('',*,*,#1788,.F.);
#1848 = PLANE('',#1849);
#1849 = AXIS2_PLACEMENT_3D('',#1850,#1851,#1852);
#1850 = CARTESIAN_POINT('',(35.973353886327,-54.5,19.98));
#1851 = DIRECTION('',(-0.866025403784,-0.5,0.));
#1852 = DIRECTION('',(-0.5,0.866025403784,0.));
#1853 = ADVANCED_FACE('',(#1854),#1872,.T.);
#1854 = FACE_BOUND('',#1855,.T.);
#1855 = EDGE_LOOP('',(#1856,#1864,#1865,#1866));
#1856 = ORIENTED_EDGE('',*,*,#1857,.F.);
#1857 = EDGE_CURVE('',#1810,#1858,#1860,.T.);
#1858 = VERTEX_POINT('',#1859);
#1859 = CARTESIAN_POINT('',(31.513323056837,-57.075,19.98));
#1860 = LINE('',#1861,#1862);
#1861 = CARTESIAN_POINT('',(30.026646113673,-54.5,19.98));
#1862 = VECTOR('',#1863,1.);
#1863 = DIRECTION('',(0.5,-0.866025403784,0.));
#1864 = ORIENTED_EDGE('',*,*,#1819,.T.);
#1865 = ORIENTED_EDGE('',*,*,#325,.F.);
#1866 = ORIENTED_EDGE('',*,*,#1867,.F.);
#1867 = EDGE_CURVE('',#1858,#318,#1868,.T.);
#1868 = LINE('',#1869,#1870);
#1869 = CARTESIAN_POINT('',(31.513323056837,-57.075,19.98));
#1870 = VECTOR('',#1871,1.);
#1871 = DIRECTION('',(0.,0.,1.));
#1872 = PLANE('',#1873);
#1873 = AXIS2_PLACEMENT_3D('',#1874,#1875,#1876);
#1874 = CARTESIAN_POINT('',(30.026646113673,-54.5,19.98));
#1875 = DIRECTION('',(0.866025403784,0.5,-0.));
#1876 = DIRECTION('',(0.5,-0.866025403784,0.));
#1877 = ADVANCED_FACE('',(#1878),#1896,.T.);
#1878 = FACE_BOUND('',#1879,.T.);
#1879 = EDGE_LOOP('',(#1880,#1888,#1894,#1895));
#1880 = ORIENTED_EDGE('',*,*,#1881,.F.);
#1881 = EDGE_CURVE('',#1882,#1834,#1884,.T.);
#1882 = VERTEX_POINT('',#1883);
#1883 = CARTESIAN_POINT('',(34.486676943163,-57.075,19.98));
#1884 = LINE('',#1885,#1886);
#1885 = CARTESIAN_POINT('',(34.486676943163,-57.075,19.98));
#1886 = VECTOR('',#1887,1.);
#1887 = DIRECTION('',(0.5,0.866025403784,0.));
#1888 = ORIENTED_EDGE('',*,*,#1889,.T.);
#1889 = EDGE_CURVE('',#1882,#310,#1890,.T.);
#1890 = LINE('',#1891,#1892);
#1891 = CARTESIAN_POINT('',(34.486676943163,-57.075,19.98));
#1892 = VECTOR('',#1893,1.);
#1893 = DIRECTION('',(0.,0.,1.));
#1894 = ORIENTED_EDGE('',*,*,#309,.F.);
#1895 = ORIENTED_EDGE('',*,*,#1841,.F.);
#1896 = PLANE('',#1897);
#1897 = AXIS2_PLACEMENT_3D('',#1898,#1899,#1900);
#1898 = CARTESIAN_POINT('',(34.486676943163,-57.075,19.98));
#1899 = DIRECTION('',(-0.866025403784,0.5,0.));
#1900 = DIRECTION('',(0.5,0.866025403784,0.));
#1901 = ADVANCED_FACE('',(#1902),#1913,.T.);
#1902 = FACE_BOUND('',#1903,.T.);
#1903 = EDGE_LOOP('',(#1904,#1910,#1911,#1912));
#1904 = ORIENTED_EDGE('',*,*,#1905,.F.);
#1905 = EDGE_CURVE('',#1858,#1882,#1906,.T.);
#1906 = LINE('',#1907,#1908);
#1907 = CARTESIAN_POINT('',(31.513323056837,-57.075,19.98));
#1908 = VECTOR('',#1909,1.);
#1909 = DIRECTION('',(1.,-2.98712650312E-16,0.));
#1910 = ORIENTED_EDGE('',*,*,#1867,.T.);
#1911 = ORIENTED_EDGE('',*,*,#317,.F.);
#1912 = ORIENTED_EDGE('',*,*,#1889,.F.);
#1913 = PLANE('',#1914);
#1914 = AXIS2_PLACEMENT_3D('',#1915,#1916,#1917);
#1915 = CARTESIAN_POINT('',(31.513323056837,-57.075,19.98));
#1916 = DIRECTION('',(2.98712650312E-16,1.,-0.));
#1917 = DIRECTION('',(1.,-2.98712650312E-16,0.));
#1918 = ADVANCED_FACE('',(#1919),#1930,.F.);
#1919 = FACE_BOUND('',#1920,.F.);
#1920 = EDGE_LOOP('',(#1921,#1922,#1928,#1929));
#1921 = ORIENTED_EDGE('',*,*,#341,.F.);
#1922 = ORIENTED_EDGE('',*,*,#1923,.F.);
#1923 = EDGE_CURVE('',#1192,#342,#1924,.T.);
#1924 = LINE('',#1925,#1926);
#1925 = CARTESIAN_POINT('',(60.44397073986,-50.7185135547,18.48));
#1926 = VECTOR('',#1927,1.);
#1927 = DIRECTION('',(0.,0.,1.));
#1928 = ORIENTED_EDGE('',*,*,#1191,.T.);
#1929 = ORIENTED_EDGE('',*,*,#1923,.T.);
#1930 = CYLINDRICAL_SURFACE('',#1931,1.7);
#1931 = AXIS2_PLACEMENT_3D('',#1932,#1933,#1934);
#1932 = CARTESIAN_POINT('',(59.141695186558,-49.62577461824,18.48));
#1933 = DIRECTION('',(0.,0.,1.));
#1934 = DIRECTION('',(0.766044443119,-0.642787609687,0.));
#1935 = ADVANCED_FACE('',(#1936),#1961,.T.);
#1936 = FACE_BOUND('',#1937,.T.);
#1937 = EDGE_LOOP('',(#1938,#1948,#1954,#1955));
#1938 = ORIENTED_EDGE('',*,*,#1939,.F.);
#1939 = EDGE_CURVE('',#1940,#1942,#1944,.T.);
#1940 = VERTEX_POINT('',#1941);
#1941 = CARTESIAN_POINT('',(-23.51332305683,5.075,19.98));
#1942 = VERTEX_POINT('',#1943);
#1943 = CARTESIAN_POINT('',(-26.48667694316,5.075,19.98));
#1944 = LINE('',#1945,#1946);
#1945 = CARTESIAN_POINT('',(-23.51332305683,5.075,19.98));
#1946 = VECTOR('',#1947,1.);
#1947 = DIRECTION('',(-1.,1.49356325156E-16,0.));
#1948 = ORIENTED_EDGE('',*,*,#1949,.T.);
#1949 = EDGE_CURVE('',#1940,#355,#1950,.T.);
#1950 = LINE('',#1951,#1952);
#1951 = CARTESIAN_POINT('',(-23.51332305683,5.075,19.98));
#1952 = VECTOR('',#1953,1.);
#1953 = DIRECTION('',(0.,0.,1.));
#1954 = ORIENTED_EDGE('',*,*,#352,.F.);
#1955 = ORIENTED_EDGE('',*,*,#1956,.F.);
#1956 = EDGE_CURVE('',#1942,#353,#1957,.T.);
#1957 = LINE('',#1958,#1959);
#1958 = CARTESIAN_POINT('',(-26.48667694316,5.075,19.98));
#1959 = VECTOR('',#1960,1.);
#1960 = DIRECTION('',(0.,0.,1.));
#1961 = PLANE('',#1962);
#1962 = AXIS2_PLACEMENT_3D('',#1963,#1964,#1965);
#1963 = CARTESIAN_POINT('',(-23.51332305683,5.075,19.98));
#1964 = DIRECTION('',(-1.49356325156E-16,-1.,0.));
#1965 = DIRECTION('',(-1.,1.49356325156E-16,0.));
#1966 = ADVANCED_FACE('',(#1967),#1985,.T.);
#1967 = FACE_BOUND('',#1968,.T.);
#1968 = EDGE_LOOP('',(#1969,#1977,#1978,#1979));
#1969 = ORIENTED_EDGE('',*,*,#1970,.F.);
#1970 = EDGE_CURVE('',#1942,#1971,#1973,.T.);
#1971 = VERTEX_POINT('',#1972);
#1972 = CARTESIAN_POINT('',(-27.97335388632,2.5,19.98));
#1973 = LINE('',#1974,#1975);
#1974 = CARTESIAN_POINT('',(-26.48667694316,5.075,19.98));
#1975 = VECTOR('',#1976,1.);
#1976 = DIRECTION('',(-0.5,-0.866025403784,0.));
#1977 = ORIENTED_EDGE('',*,*,#1956,.T.);
#1978 = ORIENTED_EDGE('',*,*,#394,.F.);
#1979 = ORIENTED_EDGE('',*,*,#1980,.F.);
#1980 = EDGE_CURVE('',#1971,#387,#1981,.T.);
#1981 = LINE('',#1982,#1983);
#1982 = CARTESIAN_POINT('',(-27.97335388632,2.5,19.98));
#1983 = VECTOR('',#1984,1.);
#1984 = DIRECTION('',(0.,0.,1.));
#1985 = PLANE('',#1986);
#1986 = AXIS2_PLACEMENT_3D('',#1987,#1988,#1989);
#1987 = CARTESIAN_POINT('',(-26.48667694316,5.075,19.98));
#1988 = DIRECTION('',(0.866025403784,-0.5,0.));
#1989 = DIRECTION('',(-0.5,-0.866025403784,0.));
#1990 = ADVANCED_FACE('',(#1991),#2009,.T.);
#1991 = FACE_BOUND('',#1992,.T.);
#1992 = EDGE_LOOP('',(#1993,#2001,#2007,#2008));
#1993 = ORIENTED_EDGE('',*,*,#1994,.F.);
#1994 = EDGE_CURVE('',#1995,#1940,#1997,.T.);
#1995 = VERTEX_POINT('',#1996);
#1996 = CARTESIAN_POINT('',(-22.02664611367,2.5,19.98));
#1997 = LINE('',#1998,#1999);
#1998 = CARTESIAN_POINT('',(-22.02664611367,2.5,19.98));
#1999 = VECTOR('',#2000,1.);
#2000 = DIRECTION('',(-0.5,0.866025403784,0.));
#2001 = ORIENTED_EDGE('',*,*,#2002,.T.);
#2002 = EDGE_CURVE('',#1995,#363,#2003,.T.);
#2003 = LINE('',#2004,#2005);
#2004 = CARTESIAN_POINT('',(-22.02664611367,2.5,19.98));
#2005 = VECTOR('',#2006,1.);
#2006 = DIRECTION('',(0.,0.,1.));
#2007 = ORIENTED_EDGE('',*,*,#362,.F.);
#2008 = ORIENTED_EDGE('',*,*,#1949,.F.);
#2009 = PLANE('',#2010);
#2010 = AXIS2_PLACEMENT_3D('',#2011,#2012,#2013);
#2011 = CARTESIAN_POINT('',(-22.02664611367,2.5,19.98));
#2012 = DIRECTION('',(-0.866025403784,-0.5,0.));
#2013 = DIRECTION('',(-0.5,0.866025403784,0.));
#2014 = ADVANCED_FACE('',(#2015),#2033,.T.);
#2015 = FACE_BOUND('',#2016,.T.);
#2016 = EDGE_LOOP('',(#2017,#2025,#2026,#2027));
#2017 = ORIENTED_EDGE('',*,*,#2018,.F.);
#2018 = EDGE_CURVE('',#1971,#2019,#2021,.T.);
#2019 = VERTEX_POINT('',#2020);
#2020 = CARTESIAN_POINT('',(-26.48667694316,-7.5E-02,19.98));
#2021 = LINE('',#2022,#2023);
#2022 = CARTESIAN_POINT('',(-27.97335388632,2.5,19.98));
#2023 = VECTOR('',#2024,1.);
#2024 = DIRECTION('',(0.5,-0.866025403784,0.));
#2025 = ORIENTED_EDGE('',*,*,#1980,.T.);
#2026 = ORIENTED_EDGE('',*,*,#386,.F.);
#2027 = ORIENTED_EDGE('',*,*,#2028,.F.);
#2028 = EDGE_CURVE('',#2019,#379,#2029,.T.);
#2029 = LINE('',#2030,#2031);
#2030 = CARTESIAN_POINT('',(-26.48667694316,-7.5E-02,19.98));
#2031 = VECTOR('',#2032,1.);
#2032 = DIRECTION('',(0.,0.,1.));
#2033 = PLANE('',#2034);
#2034 = AXIS2_PLACEMENT_3D('',#2035,#2036,#2037);
#2035 = CARTESIAN_POINT('',(-27.97335388632,2.5,19.98));
#2036 = DIRECTION('',(0.866025403784,0.5,-0.));
#2037 = DIRECTION('',(0.5,-0.866025403784,0.));
#2038 = ADVANCED_FACE('',(#2039),#2057,.T.);
#2039 = FACE_BOUND('',#2040,.T.);
#2040 = EDGE_LOOP('',(#2041,#2049,#2055,#2056));
#2041 = ORIENTED_EDGE('',*,*,#2042,.F.);
#2042 = EDGE_CURVE('',#2043,#1995,#2045,.T.);
#2043 = VERTEX_POINT('',#2044);
#2044 = CARTESIAN_POINT('',(-23.51332305683,-7.5E-02,19.98));
#2045 = LINE('',#2046,#2047);
#2046 = CARTESIAN_POINT('',(-23.51332305683,-7.5E-02,19.98));
#2047 = VECTOR('',#2048,1.);
#2048 = DIRECTION('',(0.5,0.866025403784,0.));
#2049 = ORIENTED_EDGE('',*,*,#2050,.T.);
#2050 = EDGE_CURVE('',#2043,#371,#2051,.T.);
#2051 = LINE('',#2052,#2053);
#2052 = CARTESIAN_POINT('',(-23.51332305683,-7.5E-02,19.98));
#2053 = VECTOR('',#2054,1.);
#2054 = DIRECTION('',(0.,0.,1.));
#2055 = ORIENTED_EDGE('',*,*,#370,.F.);
#2056 = ORIENTED_EDGE('',*,*,#2002,.F.);
#2057 = PLANE('',#2058);
#2058 = AXIS2_PLACEMENT_3D('',#2059,#2060,#2061);
#2059 = CARTESIAN_POINT('',(-23.51332305683,-7.5E-02,19.98));
#2060 = DIRECTION('',(-0.866025403784,0.5,0.));
#2061 = DIRECTION('',(0.5,0.866025403784,0.));
#2062 = ADVANCED_FACE('',(#2063),#2074,.T.);
#2063 = FACE_BOUND('',#2064,.T.);
#2064 = EDGE_LOOP('',(#2065,#2071,#2072,#2073));
#2065 = ORIENTED_EDGE('',*,*,#2066,.F.);
#2066 = EDGE_CURVE('',#2019,#2043,#2067,.T.);
#2067 = LINE('',#2068,#2069);
#2068 = CARTESIAN_POINT('',(-26.48667694316,-7.5E-02,19.98));
#2069 = VECTOR('',#2070,1.);
#2070 = DIRECTION('',(1.,-2.98712650312E-16,0.));
#2071 = ORIENTED_EDGE('',*,*,#2028,.T.);
#2072 = ORIENTED_EDGE('',*,*,#378,.F.);
#2073 = ORIENTED_EDGE('',*,*,#2050,.F.);
#2074 = PLANE('',#2075);
#2075 = AXIS2_PLACEMENT_3D('',#2076,#2077,#2078);
#2076 = CARTESIAN_POINT('',(-26.48667694316,-7.5E-02,19.98));
#2077 = DIRECTION('',(2.98712650312E-16,1.,-0.));
#2078 = DIRECTION('',(1.,-2.98712650312E-16,0.));
#2079 = ADVANCED_FACE('',(#2080),#2105,.T.);
#2080 = FACE_BOUND('',#2081,.T.);
#2081 = EDGE_LOOP('',(#2082,#2092,#2098,#2099));
#2082 = ORIENTED_EDGE('',*,*,#2083,.F.);
#2083 = EDGE_CURVE('',#2084,#2086,#2088,.T.);
#2084 = VERTEX_POINT('',#2085);
#2085 = CARTESIAN_POINT('',(-12.51332305683,31.529,19.98));
#2086 = VERTEX_POINT('',#2087);
#2087 = CARTESIAN_POINT('',(-15.48667694316,31.529,19.98));
#2088 = LINE('',#2089,#2090);
#2089 = CARTESIAN_POINT('',(-12.51332305683,31.529,19.98));
#2090 = VECTOR('',#2091,1.);
#2091 = DIRECTION('',(-1.,1.49356325156E-16,0.));
#2092 = ORIENTED_EDGE('',*,*,#2093,.T.);
#2093 = EDGE_CURVE('',#2084,#405,#2094,.T.);
#2094 = LINE('',#2095,#2096);
#2095 = CARTESIAN_POINT('',(-12.51332305683,31.529,19.98));
#2096 = VECTOR('',#2097,1.);
#2097 = DIRECTION('',(0.,0.,1.));
#2098 = ORIENTED_EDGE('',*,*,#402,.F.);
#2099 = ORIENTED_EDGE('',*,*,#2100,.F.);
#2100 = EDGE_CURVE('',#2086,#403,#2101,.T.);
#2101 = LINE('',#2102,#2103);
#2102 = CARTESIAN_POINT('',(-15.48667694316,31.529,19.98));
#2103 = VECTOR('',#2104,1.);
#2104 = DIRECTION('',(0.,0.,1.));
#2105 = PLANE('',#2106);
#2106 = AXIS2_PLACEMENT_3D('',#2107,#2108,#2109);
#2107 = CARTESIAN_POINT('',(-12.51332305683,31.529,19.98));
#2108 = DIRECTION('',(-1.49356325156E-16,-1.,0.));
#2109 = DIRECTION('',(-1.,1.49356325156E-16,0.));
#2110 = ADVANCED_FACE('',(#2111),#2129,.T.);
#2111 = FACE_BOUND('',#2112,.T.);
#2112 = EDGE_LOOP('',(#2113,#2121,#2122,#2123));
#2113 = ORIENTED_EDGE('',*,*,#2114,.F.);
#2114 = EDGE_CURVE('',#2086,#2115,#2117,.T.);
#2115 = VERTEX_POINT('',#2116);
#2116 = CARTESIAN_POINT('',(-16.97335388632,28.954,19.98));
#2117 = LINE('',#2118,#2119);
#2118 = CARTESIAN_POINT('',(-15.48667694316,31.529,19.98));
#2119 = VECTOR('',#2120,1.);
#2120 = DIRECTION('',(-0.5,-0.866025403784,0.));
#2121 = ORIENTED_EDGE('',*,*,#2100,.T.);
#2122 = ORIENTED_EDGE('',*,*,#444,.F.);
#2123 = ORIENTED_EDGE('',*,*,#2124,.F.);
#2124 = EDGE_CURVE('',#2115,#437,#2125,.T.);
#2125 = LINE('',#2126,#2127);
#2126 = CARTESIAN_POINT('',(-16.97335388632,28.954,19.98));
#2127 = VECTOR('',#2128,1.);
#2128 = DIRECTION('',(0.,0.,1.));
#2129 = PLANE('',#2130);
#2130 = AXIS2_PLACEMENT_3D('',#2131,#2132,#2133);
#2131 = CARTESIAN_POINT('',(-15.48667694316,31.529,19.98));
#2132 = DIRECTION('',(0.866025403784,-0.5,0.));
#2133 = DIRECTION('',(-0.5,-0.866025403784,0.));
#2134 = ADVANCED_FACE('',(#2135),#2153,.T.);
#2135 = FACE_BOUND('',#2136,.T.);
#2136 = EDGE_LOOP('',(#2137,#2145,#2146,#2147));
#2137 = ORIENTED_EDGE('',*,*,#2138,.F.);
#2138 = EDGE_CURVE('',#2115,#2139,#2141,.T.);
#2139 = VERTEX_POINT('',#2140);
#2140 = CARTESIAN_POINT('',(-15.48667694316,26.379,19.98));
#2141 = LINE('',#2142,#2143);
#2142 = CARTESIAN_POINT('',(-16.97335388632,28.954,19.98));
#2143 = VECTOR('',#2144,1.);
#2144 = DIRECTION('',(0.5,-0.866025403784,0.));
#2145 = ORIENTED_EDGE('',*,*,#2124,.T.);
#2146 = ORIENTED_EDGE('',*,*,#436,.F.);
#2147 = ORIENTED_EDGE('',*,*,#2148,.F.);
#2148 = EDGE_CURVE('',#2139,#429,#2149,.T.);
#2149 = LINE('',#2150,#2151);
#2150 = CARTESIAN_POINT('',(-15.48667694316,26.379,19.98));
#2151 = VECTOR('',#2152,1.);
#2152 = DIRECTION('',(0.,0.,1.));
#2153 = PLANE('',#2154);
#2154 = AXIS2_PLACEMENT_3D('',#2155,#2156,#2157);
#2155 = CARTESIAN_POINT('',(-16.97335388632,28.954,19.98));
#2156 = DIRECTION('',(0.866025403784,0.5,-0.));
#2157 = DIRECTION('',(0.5,-0.866025403784,0.));
#2158 = ADVANCED_FACE('',(#2159),#2177,.T.);
#2159 = FACE_BOUND('',#2160,.T.);
#2160 = EDGE_LOOP('',(#2161,#2169,#2170,#2171));
#2161 = ORIENTED_EDGE('',*,*,#2162,.F.);
#2162 = EDGE_CURVE('',#2139,#2163,#2165,.T.);
#2163 = VERTEX_POINT('',#2164);
#2164 = CARTESIAN_POINT('',(-12.51332305683,26.379,19.98));
#2165 = LINE('',#2166,#2167);
#2166 = CARTESIAN_POINT('',(-15.48667694316,26.379,19.98));
#2167 = VECTOR('',#2168,1.);
#2168 = DIRECTION('',(1.,-2.98712650312E-16,0.));
#2169 = ORIENTED_EDGE('',*,*,#2148,.T.);
#2170 = ORIENTED_EDGE('',*,*,#428,.F.);
#2171 = ORIENTED_EDGE('',*,*,#2172,.F.);
#2172 = EDGE_CURVE('',#2163,#421,#2173,.T.);
#2173 = LINE('',#2174,#2175);
#2174 = CARTESIAN_POINT('',(-12.51332305683,26.379,19.98));
#2175 = VECTOR('',#2176,1.);
#2176 = DIRECTION('',(0.,0.,1.));
#2177 = PLANE('',#2178);
#2178 = AXIS2_PLACEMENT_3D('',#2179,#2180,#2181);
#2179 = CARTESIAN_POINT('',(-15.48667694316,26.379,19.98));
#2180 = DIRECTION('',(2.98712650312E-16,1.,-0.));
#2181 = DIRECTION('',(1.,-2.98712650312E-16,0.));
#2182 = ADVANCED_FACE('',(#2183),#2201,.T.);
#2183 = FACE_BOUND('',#2184,.T.);
#2184 = EDGE_LOOP('',(#2185,#2193,#2194,#2195));
#2185 = ORIENTED_EDGE('',*,*,#2186,.F.);
#2186 = EDGE_CURVE('',#2163,#2187,#2189,.T.);
#2187 = VERTEX_POINT('',#2188);
#2188 = CARTESIAN_POINT('',(-11.02664611367,28.954,19.98));
#2189 = LINE('',#2190,#2191);
#2190 = CARTESIAN_POINT('',(-12.51332305683,26.379,19.98));
#2191 = VECTOR('',#2192,1.);
#2192 = DIRECTION('',(0.5,0.866025403784,0.));
#2193 = ORIENTED_EDGE('',*,*,#2172,.T.);
#2194 = ORIENTED_EDGE('',*,*,#420,.F.);
#2195 = ORIENTED_EDGE('',*,*,#2196,.F.);
#2196 = EDGE_CURVE('',#2187,#413,#2197,.T.);
#2197 = LINE('',#2198,#2199);
#2198 = CARTESIAN_POINT('',(-11.02664611367,28.954,19.98));
#2199 = VECTOR('',#2200,1.);
#2200 = DIRECTION('',(0.,0.,1.));
#2201 = PLANE('',#2202);
#2202 = AXIS2_PLACEMENT_3D('',#2203,#2204,#2205);
#2203 = CARTESIAN_POINT('',(-12.51332305683,26.379,19.98));
#2204 = DIRECTION('',(-0.866025403784,0.5,0.));
#2205 = DIRECTION('',(0.5,0.866025403784,0.));
#2206 = ADVANCED_FACE('',(#2207),#2218,.T.);
#2207 = FACE_BOUND('',#2208,.T.);
#2208 = EDGE_LOOP('',(#2209,#2215,#2216,#2217));
#2209 = ORIENTED_EDGE('',*,*,#2210,.F.);
#2210 = EDGE_CURVE('',#2187,#2084,#2211,.T.);
#2211 = LINE('',#2212,#2213);
#2212 = CARTESIAN_POINT('',(-11.02664611367,28.954,19.98));
#2213 = VECTOR('',#2214,1.);
#2214 = DIRECTION('',(-0.5,0.866025403784,0.));
#2215 = ORIENTED_EDGE('',*,*,#2196,.T.);
#2216 = ORIENTED_EDGE('',*,*,#412,.F.);
#2217 = ORIENTED_EDGE('',*,*,#2093,.F.);
#2218 = PLANE('',#2219);
#2219 = AXIS2_PLACEMENT_3D('',#2220,#2221,#2222);
#2220 = CARTESIAN_POINT('',(-11.02664611367,28.954,19.98));
#2221 = DIRECTION('',(-0.866025403784,-0.5,0.));
#2222 = DIRECTION('',(-0.5,0.866025403784,0.));
#2223 = ADVANCED_FACE('',(#2224),#2249,.T.);
#2224 = FACE_BOUND('',#2225,.T.);
#2225 = EDGE_LOOP('',(#2226,#2236,#2242,#2243));
#2226 = ORIENTED_EDGE('',*,*,#2227,.F.);
#2227 = EDGE_CURVE('',#2228,#2230,#2232,.T.);
#2228 = VERTEX_POINT('',#2229);
#2229 = CARTESIAN_POINT('',(-31.46127860941,44.855991295208,19.98));
#2230 = VERTEX_POINT('',#2231);
#2231 = CARTESIAN_POINT('',(-34.43463249574,44.855991295208,19.98));
#2232 = LINE('',#2233,#2234);
#2233 = CARTESIAN_POINT('',(-31.46127860941,44.855991295208,19.98));
#2234 = VECTOR('',#2235,1.);
#2235 = DIRECTION('',(-1.,1.49356325156E-16,0.));
#2236 = ORIENTED_EDGE('',*,*,#2237,.T.);
#2237 = EDGE_CURVE('',#2228,#455,#2238,.T.);
#2238 = LINE('',#2239,#2240);
#2239 = CARTESIAN_POINT('',(-31.46127860941,44.855991295208,19.98));
#2240 = VECTOR('',#2241,1.);
#2241 = DIRECTION('',(0.,0.,1.));
#2242 = ORIENTED_EDGE('',*,*,#452,.F.);
#2243 = ORIENTED_EDGE('',*,*,#2244,.F.);
#2244 = EDGE_CURVE('',#2230,#453,#2245,.T.);
#2245 = LINE('',#2246,#2247);
#2246 = CARTESIAN_POINT('',(-34.43463249574,44.855991295208,19.98));
#2247 = VECTOR('',#2248,1.);
#2248 = DIRECTION('',(0.,0.,1.));
#2249 = PLANE('',#2250);
#2250 = AXIS2_PLACEMENT_3D('',#2251,#2252,#2253);
#2251 = CARTESIAN_POINT('',(-31.46127860941,44.855991295208,19.98));
#2252 = DIRECTION('',(-1.49356325156E-16,-1.,0.));
#2253 = DIRECTION('',(-1.,1.49356325156E-16,0.));
#2254 = ADVANCED_FACE('',(#2255),#2273,.T.);
#2255 = FACE_BOUND('',#2256,.T.);
#2256 = EDGE_LOOP('',(#2257,#2265,#2266,#2267));
#2257 = ORIENTED_EDGE('',*,*,#2258,.F.);
#2258 = EDGE_CURVE('',#2230,#2259,#2261,.T.);
#2259 = VERTEX_POINT('',#2260);
#2260 = CARTESIAN_POINT('',(-35.9213094389,42.280991295208,19.98));
#2261 = LINE('',#2262,#2263);
#2262 = CARTESIAN_POINT('',(-34.43463249574,44.855991295208,19.98));
#2263 = VECTOR('',#2264,1.);
#2264 = DIRECTION('',(-0.5,-0.866025403784,0.));
#2265 = ORIENTED_EDGE('',*,*,#2244,.T.);
#2266 = ORIENTED_EDGE('',*,*,#494,.F.);
#2267 = ORIENTED_EDGE('',*,*,#2268,.F.);
#2268 = EDGE_CURVE('',#2259,#487,#2269,.T.);
#2269 = LINE('',#2270,#2271);
#2270 = CARTESIAN_POINT('',(-35.9213094389,42.280991295208,19.98));
#2271 = VECTOR('',#2272,1.);
#2272 = DIRECTION('',(0.,0.,1.));
#2273 = PLANE('',#2274);
#2274 = AXIS2_PLACEMENT_3D('',#2275,#2276,#2277);
#2275 = CARTESIAN_POINT('',(-34.43463249574,44.855991295208,19.98));
#2276 = DIRECTION('',(0.866025403784,-0.5,0.));
#2277 = DIRECTION('',(-0.5,-0.866025403784,0.));
#2278 = ADVANCED_FACE('',(#2279),#2297,.T.);
#2279 = FACE_BOUND('',#2280,.T.);
#2280 = EDGE_LOOP('',(#2281,#2289,#2295,#2296));
#2281 = ORIENTED_EDGE('',*,*,#2282,.F.);
#2282 = EDGE_CURVE('',#2283,#2228,#2285,.T.);
#2283 = VERTEX_POINT('',#2284);
#2284 = CARTESIAN_POINT('',(-29.97460166625,42.280991295208,19.98));
#2285 = LINE('',#2286,#2287);
#2286 = CARTESIAN_POINT('',(-29.97460166625,42.280991295208,19.98));
#2287 = VECTOR('',#2288,1.);
#2288 = DIRECTION('',(-0.5,0.866025403784,0.));
#2289 = ORIENTED_EDGE('',*,*,#2290,.T.);
#2290 = EDGE_CURVE('',#2283,#463,#2291,.T.);
#2291 = LINE('',#2292,#2293);
#2292 = CARTESIAN_POINT('',(-29.97460166625,42.280991295208,19.98));
#2293 = VECTOR('',#2294,1.);
#2294 = DIRECTION('',(0.,0.,1.));
#2295 = ORIENTED_EDGE('',*,*,#462,.F.);
#2296 = ORIENTED_EDGE('',*,*,#2237,.F.);
#2297 = PLANE('',#2298);
#2298 = AXIS2_PLACEMENT_3D('',#2299,#2300,#2301);
#2299 = CARTESIAN_POINT('',(-29.97460166625,42.280991295208,19.98));
#2300 = DIRECTION('',(-0.866025403784,-0.5,0.));
#2301 = DIRECTION('',(-0.5,0.866025403784,0.));
#2302 = ADVANCED_FACE('',(#2303),#2321,.T.);
#2303 = FACE_BOUND('',#2304,.T.);
#2304 = EDGE_LOOP('',(#2305,#2313,#2314,#2315));
#2305 = ORIENTED_EDGE('',*,*,#2306,.F.);
#2306 = EDGE_CURVE('',#2259,#2307,#2309,.T.);
#2307 = VERTEX_POINT('',#2308);
#2308 = CARTESIAN_POINT('',(-34.43463249574,39.705991295208,19.98));
#2309 = LINE('',#2310,#2311);
#2310 = CARTESIAN_POINT('',(-35.9213094389,42.280991295208,19.98));
#2311 = VECTOR('',#2312,1.);
#2312 = DIRECTION('',(0.5,-0.866025403784,0.));
#2313 = ORIENTED_EDGE('',*,*,#2268,.T.);
#2314 = ORIENTED_EDGE('',*,*,#486,.F.);
#2315 = ORIENTED_EDGE('',*,*,#2316,.F.);
#2316 = EDGE_CURVE('',#2307,#479,#2317,.T.);
#2317 = LINE('',#2318,#2319);
#2318 = CARTESIAN_POINT('',(-34.43463249574,39.705991295208,19.98));
#2319 = VECTOR('',#2320,1.);
#2320 = DIRECTION('',(0.,0.,1.));
#2321 = PLANE('',#2322);
#2322 = AXIS2_PLACEMENT_3D('',#2323,#2324,#2325);
#2323 = CARTESIAN_POINT('',(-35.9213094389,42.280991295208,19.98));
#2324 = DIRECTION('',(0.866025403784,0.5,-0.));
#2325 = DIRECTION('',(0.5,-0.866025403784,0.));
#2326 = ADVANCED_FACE('',(#2327),#2345,.T.);
#2327 = FACE_BOUND('',#2328,.T.);
#2328 = EDGE_LOOP('',(#2329,#2337,#2343,#2344));
#2329 = ORIENTED_EDGE('',*,*,#2330,.F.);
#2330 = EDGE_CURVE('',#2331,#2283,#2333,.T.);
#2331 = VERTEX_POINT('',#2332);
#2332 = CARTESIAN_POINT('',(-31.46127860941,39.705991295208,19.98));
#2333 = LINE('',#2334,#2335);
#2334 = CARTESIAN_POINT('',(-31.46127860941,39.705991295208,19.98));
#2335 = VECTOR('',#2336,1.);
#2336 = DIRECTION('',(0.5,0.866025403784,0.));
#2337 = ORIENTED_EDGE('',*,*,#2338,.T.);
#2338 = EDGE_CURVE('',#2331,#471,#2339,.T.);
#2339 = LINE('',#2340,#2341);
#2340 = CARTESIAN_POINT('',(-31.46127860941,39.705991295208,19.98));
#2341 = VECTOR('',#2342,1.);
#2342 = DIRECTION('',(0.,0.,1.));
#2343 = ORIENTED_EDGE('',*,*,#470,.F.);
#2344 = ORIENTED_EDGE('',*,*,#2290,.F.);
#2345 = PLANE('',#2346);
#2346 = AXIS2_PLACEMENT_3D('',#2347,#2348,#2349);
#2347 = CARTESIAN_POINT('',(-31.46127860941,39.705991295208,19.98));
#2348 = DIRECTION('',(-0.866025403784,0.5,0.));
#2349 = DIRECTION('',(0.5,0.866025403784,0.));
#2350 = ADVANCED_FACE('',(#2351),#2362,.T.);
#2351 = FACE_BOUND('',#2352,.T.);
#2352 = EDGE_LOOP('',(#2353,#2359,#2360,#2361));
#2353 = ORIENTED_EDGE('',*,*,#2354,.F.);
#2354 = EDGE_CURVE('',#2307,#2331,#2355,.T.);
#2355 = LINE('',#2356,#2357);
#2356 = CARTESIAN_POINT('',(-34.43463249574,39.705991295208,19.98));
#2357 = VECTOR('',#2358,1.);
#2358 = DIRECTION('',(1.,-2.98712650312E-16,0.));
#2359 = ORIENTED_EDGE('',*,*,#2316,.T.);
#2360 = ORIENTED_EDGE('',*,*,#478,.F.);
#2361 = ORIENTED_EDGE('',*,*,#2338,.F.);
#2362 = PLANE('',#2363);
#2363 = AXIS2_PLACEMENT_3D('',#2364,#2365,#2366);
#2364 = CARTESIAN_POINT('',(-34.43463249574,39.705991295208,19.98));
#2365 = DIRECTION('',(2.98712650312E-16,1.,-0.));
#2366 = DIRECTION('',(1.,-2.98712650312E-16,0.));
#2367 = ADVANCED_FACE('',(#2368),#2393,.T.);
#2368 = FACE_BOUND('',#2369,.T.);
#2369 = EDGE_LOOP('',(#2370,#2380,#2386,#2387));
#2370 = ORIENTED_EDGE('',*,*,#2371,.F.);
#2371 = EDGE_CURVE('',#2372,#2374,#2376,.T.);
#2372 = VERTEX_POINT('',#2373);
#2373 = CARTESIAN_POINT('',(-37.61764118927,61.770458469354,19.98));
#2374 = VERTEX_POINT('',#2375);
#2375 = CARTESIAN_POINT('',(-40.5909950756,61.770458469354,19.98));
#2376 = LINE('',#2377,#2378);
#2377 = CARTESIAN_POINT('',(-37.61764118927,61.770458469354,19.98));
#2378 = VECTOR('',#2379,1.);
#2379 = DIRECTION('',(-1.,1.49356325156E-16,0.));
#2380 = ORIENTED_EDGE('',*,*,#2381,.T.);
#2381 = EDGE_CURVE('',#2372,#505,#2382,.T.);
#2382 = LINE('',#2383,#2384);
#2383 = CARTESIAN_POINT('',(-37.61764118927,61.770458469354,19.98));
#2384 = VECTOR('',#2385,1.);
#2385 = DIRECTION('',(0.,0.,1.));
#2386 = ORIENTED_EDGE('',*,*,#502,.F.);
#2387 = ORIENTED_EDGE('',*,*,#2388,.F.);
#2388 = EDGE_CURVE('',#2374,#503,#2389,.T.);
#2389 = LINE('',#2390,#2391);
#2390 = CARTESIAN_POINT('',(-40.5909950756,61.770458469354,19.98));
#2391 = VECTOR('',#2392,1.);
#2392 = DIRECTION('',(0.,0.,1.));
#2393 = PLANE('',#2394);
#2394 = AXIS2_PLACEMENT_3D('',#2395,#2396,#2397);
#2395 = CARTESIAN_POINT('',(-37.61764118927,61.770458469354,19.98));
#2396 = DIRECTION('',(-1.49356325156E-16,-1.,0.));
#2397 = DIRECTION('',(-1.,1.49356325156E-16,0.));
#2398 = ADVANCED_FACE('',(#2399),#2417,.T.);
#2399 = FACE_BOUND('',#2400,.T.);
#2400 = EDGE_LOOP('',(#2401,#2409,#2410,#2411));
#2401 = ORIENTED_EDGE('',*,*,#2402,.F.);
#2402 = EDGE_CURVE('',#2374,#2403,#2405,.T.);
#2403 = VERTEX_POINT('',#2404);
#2404 = CARTESIAN_POINT('',(-42.07767201876,59.195458469354,19.98));
#2405 = LINE('',#2406,#2407);
#2406 = CARTESIAN_POINT('',(-40.5909950756,61.770458469354,19.98));
#2407 = VECTOR('',#2408,1.);
#2408 = DIRECTION('',(-0.5,-0.866025403784,0.));
#2409 = ORIENTED_EDGE('',*,*,#2388,.T.);
#2410 = ORIENTED_EDGE('',*,*,#544,.F.);
#2411 = ORIENTED_EDGE('',*,*,#2412,.F.);
#2412 = EDGE_CURVE('',#2403,#537,#2413,.T.);
#2413 = LINE('',#2414,#2415);
#2414 = CARTESIAN_POINT('',(-42.07767201876,59.195458469354,19.98));
#2415 = VECTOR('',#2416,1.);
#2416 = DIRECTION('',(0.,0.,1.));
#2417 = PLANE('',#2418);
#2418 = AXIS2_PLACEMENT_3D('',#2419,#2420,#2421);
#2419 = CARTESIAN_POINT('',(-40.5909950756,61.770458469354,19.98));
#2420 = DIRECTION('',(0.866025403784,-0.5,0.));
#2421 = DIRECTION('',(-0.5,-0.866025403784,0.));
#2422 = ADVANCED_FACE('',(#2423),#2441,.T.);
#2423 = FACE_BOUND('',#2424,.T.);
#2424 = EDGE_LOOP('',(#2425,#2433,#2439,#2440));
#2425 = ORIENTED_EDGE('',*,*,#2426,.F.);
#2426 = EDGE_CURVE('',#2427,#2372,#2429,.T.);
#2427 = VERTEX_POINT('',#2428);
#2428 = CARTESIAN_POINT('',(-36.13096424611,59.195458469354,19.98));
#2429 = LINE('',#2430,#2431);
#2430 = CARTESIAN_POINT('',(-36.13096424611,59.195458469354,19.98));
#2431 = VECTOR('',#2432,1.);
#2432 = DIRECTION('',(-0.5,0.866025403784,0.));
#2433 = ORIENTED_EDGE('',*,*,#2434,.T.);
#2434 = EDGE_CURVE('',#2427,#513,#2435,.T.);
#2435 = LINE('',#2436,#2437);
#2436 = CARTESIAN_POINT('',(-36.13096424611,59.195458469354,19.98));
#2437 = VECTOR('',#2438,1.);
#2438 = DIRECTION('',(0.,0.,1.));
#2439 = ORIENTED_EDGE('',*,*,#512,.F.);
#2440 = ORIENTED_EDGE('',*,*,#2381,.F.);
#2441 = PLANE('',#2442);
#2442 = AXIS2_PLACEMENT_3D('',#2443,#2444,#2445);
#2443 = CARTESIAN_POINT('',(-36.13096424611,59.195458469354,19.98));
#2444 = DIRECTION('',(-0.866025403784,-0.5,0.));
#2445 = DIRECTION('',(-0.5,0.866025403784,0.));
#2446 = ADVANCED_FACE('',(#2447),#2465,.T.);
#2447 = FACE_BOUND('',#2448,.T.);
#2448 = EDGE_LOOP('',(#2449,#2457,#2458,#2459));
#2449 = ORIENTED_EDGE('',*,*,#2450,.F.);
#2450 = EDGE_CURVE('',#2403,#2451,#2453,.T.);
#2451 = VERTEX_POINT('',#2452);
#2452 = CARTESIAN_POINT('',(-40.5909950756,56.620458469354,19.98));
#2453 = LINE('',#2454,#2455);
#2454 = CARTESIAN_POINT('',(-42.07767201876,59.195458469354,19.98));
#2455 = VECTOR('',#2456,1.);
#2456 = DIRECTION('',(0.5,-0.866025403784,0.));
#2457 = ORIENTED_EDGE('',*,*,#2412,.T.);
#2458 = ORIENTED_EDGE('',*,*,#536,.F.);
#2459 = ORIENTED_EDGE('',*,*,#2460,.F.);
#2460 = EDGE_CURVE('',#2451,#529,#2461,.T.);
#2461 = LINE('',#2462,#2463);
#2462 = CARTESIAN_POINT('',(-40.5909950756,56.620458469354,19.98));
#2463 = VECTOR('',#2464,1.);
#2464 = DIRECTION('',(0.,0.,1.));
#2465 = PLANE('',#2466);
#2466 = AXIS2_PLACEMENT_3D('',#2467,#2468,#2469);
#2467 = CARTESIAN_POINT('',(-42.07767201876,59.195458469354,19.98));
#2468 = DIRECTION('',(0.866025403784,0.5,-0.));
#2469 = DIRECTION('',(0.5,-0.866025403784,0.));
#2470 = ADVANCED_FACE('',(#2471),#2489,.T.);
#2471 = FACE_BOUND('',#2472,.T.);
#2472 = EDGE_LOOP('',(#2473,#2481,#2487,#2488));
#2473 = ORIENTED_EDGE('',*,*,#2474,.F.);
#2474 = EDGE_CURVE('',#2475,#2427,#2477,.T.);
#2475 = VERTEX_POINT('',#2476);
#2476 = CARTESIAN_POINT('',(-37.61764118927,56.620458469354,19.98));
#2477 = LINE('',#2478,#2479);
#2478 = CARTESIAN_POINT('',(-37.61764118927,56.620458469354,19.98));
#2479 = VECTOR('',#2480,1.);
#2480 = DIRECTION('',(0.5,0.866025403784,0.));
#2481 = ORIENTED_EDGE('',*,*,#2482,.T.);
#2482 = EDGE_CURVE('',#2475,#521,#2483,.T.);
#2483 = LINE('',#2484,#2485);
#2484 = CARTESIAN_POINT('',(-37.61764118927,56.620458469354,19.98));
#2485 = VECTOR('',#2486,1.);
#2486 = DIRECTION('',(0.,0.,1.));
#2487 = ORIENTED_EDGE('',*,*,#520,.F.);
#2488 = ORIENTED_EDGE('',*,*,#2434,.F.);
#2489 = PLANE('',#2490);
#2490 = AXIS2_PLACEMENT_3D('',#2491,#2492,#2493);
#2491 = CARTESIAN_POINT('',(-37.61764118927,56.620458469354,19.98));
#2492 = DIRECTION('',(-0.866025403784,0.5,0.));
#2493 = DIRECTION('',(0.5,0.866025403784,0.));
#2494 = ADVANCED_FACE('',(#2495),#2506,.T.);
#2495 = FACE_BOUND('',#2496,.T.);
#2496 = EDGE_LOOP('',(#2497,#2503,#2504,#2505));
#2497 = ORIENTED_EDGE('',*,*,#2498,.F.);
#2498 = EDGE_CURVE('',#2451,#2475,#2499,.T.);
#2499 = LINE('',#2500,#2501);
#2500 = CARTESIAN_POINT('',(-40.5909950756,56.620458469354,19.98));
#2501 = VECTOR('',#2502,1.);
#2502 = DIRECTION('',(1.,-2.98712650312E-16,0.));
#2503 = ORIENTED_EDGE('',*,*,#2460,.T.);
#2504 = ORIENTED_EDGE('',*,*,#528,.F.);
#2505 = ORIENTED_EDGE('',*,*,#2482,.F.);
#2506 = PLANE('',#2507);
#2507 = AXIS2_PLACEMENT_3D('',#2508,#2509,#2510);
#2508 = CARTESIAN_POINT('',(-40.5909950756,56.620458469354,19.98));
#2509 = DIRECTION('',(2.98712650312E-16,1.,-0.));
#2510 = DIRECTION('',(1.,-2.98712650312E-16,0.));
#2511 = ADVANCED_FACE('',(#2512),#2523,.F.);
#2512 = FACE_BOUND('',#2513,.F.);
#2513 = EDGE_LOOP('',(#2514,#2515,#2521,#2522));
#2514 = ORIENTED_EDGE('',*,*,#552,.F.);
#2515 = ORIENTED_EDGE('',*,*,#2516,.F.);
#2516 = EDGE_CURVE('',#1258,#553,#2517,.T.);
#2517 = LINE('',#2518,#2519);
#2518 = CARTESIAN_POINT('',(-39.452,68.332868460207,18.48));
#2519 = VECTOR('',#2520,1.);
#2520 = DIRECTION('',(0.,0.,1.));
#2521 = ORIENTED_EDGE('',*,*,#1257,.T.);
#2522 = ORIENTED_EDGE('',*,*,#2516,.T.);
#2523 = CYLINDRICAL_SURFACE('',#2524,1.7);
#2524 = AXIS2_PLACEMENT_3D('',#2525,#2526,#2527);
#2525 = CARTESIAN_POINT('',(-38.602,66.860625273774,18.48));
#2526 = DIRECTION('',(0.,0.,1.));
#2527 = DIRECTION('',(-0.5,0.866025403784,0.));
#2528 = ADVANCED_FACE('',(#2529),#2554,.T.);
#2529 = FACE_BOUND('',#2530,.T.);
#2530 = EDGE_LOOP('',(#2531,#2541,#2547,#2548));
#2531 = ORIENTED_EDGE('',*,*,#2532,.F.);
#2532 = EDGE_CURVE('',#2533,#2535,#2537,.T.);
#2533 = VERTEX_POINT('',#2534);
#2534 = CARTESIAN_POINT('',(15.486676943163,31.529,19.98));
#2535 = VERTEX_POINT('',#2536);
#2536 = CARTESIAN_POINT('',(12.513323056837,31.529,19.98));
#2537 = LINE('',#2538,#2539);
#2538 = CARTESIAN_POINT('',(15.486676943163,31.529,19.98));
#2539 = VECTOR('',#2540,1.);
#2540 = DIRECTION('',(-1.,1.49356325156E-16,0.));
#2541 = ORIENTED_EDGE('',*,*,#2542,.T.);
#2542 = EDGE_CURVE('',#2533,#566,#2543,.T.);
#2543 = LINE('',#2544,#2545);
#2544 = CARTESIAN_POINT('',(15.486676943163,31.529,19.98));
#2545 = VECTOR('',#2546,1.);
#2546 = DIRECTION('',(0.,0.,1.));
#2547 = ORIENTED_EDGE('',*,*,#563,.F.);
#2548 = ORIENTED_EDGE('',*,*,#2549,.F.);
#2549 = EDGE_CURVE('',#2535,#564,#2550,.T.);
#2550 = LINE('',#2551,#2552);
#2551 = CARTESIAN_POINT('',(12.513323056837,31.529,19.98));
#2552 = VECTOR('',#2553,1.);
#2553 = DIRECTION('',(0.,0.,1.));
#2554 = PLANE('',#2555);
#2555 = AXIS2_PLACEMENT_3D('',#2556,#2557,#2558);
#2556 = CARTESIAN_POINT('',(15.486676943163,31.529,19.98));
#2557 = DIRECTION('',(-1.49356325156E-16,-1.,0.));
#2558 = DIRECTION('',(-1.,1.49356325156E-16,0.));
#2559 = ADVANCED_FACE('',(#2560),#2578,.T.);
#2560 = FACE_BOUND('',#2561,.T.);
#2561 = EDGE_LOOP('',(#2562,#2570,#2571,#2572));
#2562 = ORIENTED_EDGE('',*,*,#2563,.F.);
#2563 = EDGE_CURVE('',#2535,#2564,#2566,.T.);
#2564 = VERTEX_POINT('',#2565);
#2565 = CARTESIAN_POINT('',(11.026646113673,28.954,19.98));
#2566 = LINE('',#2567,#2568);
#2567 = CARTESIAN_POINT('',(12.513323056837,31.529,19.98));
#2568 = VECTOR('',#2569,1.);
#2569 = DIRECTION('',(-0.5,-0.866025403784,0.));
#2570 = ORIENTED_EDGE('',*,*,#2549,.T.);
#2571 = ORIENTED_EDGE('',*,*,#605,.F.);
#2572 = ORIENTED_EDGE('',*,*,#2573,.F.);
#2573 = EDGE_CURVE('',#2564,#598,#2574,.T.);
#2574 = LINE('',#2575,#2576);
#2575 = CARTESIAN_POINT('',(11.026646113673,28.954,19.98));
#2576 = VECTOR('',#2577,1.);
#2577 = DIRECTION('',(0.,0.,1.));
#2578 = PLANE('',#2579);
#2579 = AXIS2_PLACEMENT_3D('',#2580,#2581,#2582);
#2580 = CARTESIAN_POINT('',(12.513323056837,31.529,19.98));
#2581 = DIRECTION('',(0.866025403784,-0.5,0.));
#2582 = DIRECTION('',(-0.5,-0.866025403784,0.));
#2583 = ADVANCED_FACE('',(#2584),#2602,.T.);
#2584 = FACE_BOUND('',#2585,.T.);
#2585 = EDGE_LOOP('',(#2586,#2594,#2600,#2601));
#2586 = ORIENTED_EDGE('',*,*,#2587,.F.);
#2587 = EDGE_CURVE('',#2588,#2533,#2590,.T.);
#2588 = VERTEX_POINT('',#2589);
#2589 = CARTESIAN_POINT('',(16.973353886327,28.954,19.98));
#2590 = LINE('',#2591,#2592);
#2591 = CARTESIAN_POINT('',(16.973353886327,28.954,19.98));
#2592 = VECTOR('',#2593,1.);
#2593 = DIRECTION('',(-0.5,0.866025403784,0.));
#2594 = ORIENTED_EDGE('',*,*,#2595,.T.);
#2595 = EDGE_CURVE('',#2588,#574,#2596,.T.);
#2596 = LINE('',#2597,#2598);
#2597 = CARTESIAN_POINT('',(16.973353886327,28.954,19.98));
#2598 = VECTOR('',#2599,1.);
#2599 = DIRECTION('',(0.,0.,1.));
#2600 = ORIENTED_EDGE('',*,*,#573,.F.);
#2601 = ORIENTED_EDGE('',*,*,#2542,.F.);
#2602 = PLANE('',#2603);
#2603 = AXIS2_PLACEMENT_3D('',#2604,#2605,#2606);
#2604 = CARTESIAN_POINT('',(16.973353886327,28.954,19.98));
#2605 = DIRECTION('',(-0.866025403784,-0.5,0.));
#2606 = DIRECTION('',(-0.5,0.866025403784,0.));
#2607 = ADVANCED_FACE('',(#2608),#2626,.T.);
#2608 = FACE_BOUND('',#2609,.T.);
#2609 = EDGE_LOOP('',(#2610,#2618,#2619,#2620));
#2610 = ORIENTED_EDGE('',*,*,#2611,.F.);
#2611 = EDGE_CURVE('',#2564,#2612,#2614,.T.);
#2612 = VERTEX_POINT('',#2613);
#2613 = CARTESIAN_POINT('',(12.513323056837,26.379,19.98));
#2614 = LINE('',#2615,#2616);
#2615 = CARTESIAN_POINT('',(11.026646113673,28.954,19.98));
#2616 = VECTOR('',#2617,1.);
#2617 = DIRECTION('',(0.5,-0.866025403784,0.));
#2618 = ORIENTED_EDGE('',*,*,#2573,.T.);
#2619 = ORIENTED_EDGE('',*,*,#597,.F.);
#2620 = ORIENTED_EDGE('',*,*,#2621,.F.);
#2621 = EDGE_CURVE('',#2612,#590,#2622,.T.);
#2622 = LINE('',#2623,#2624);
#2623 = CARTESIAN_POINT('',(12.513323056837,26.379,19.98));
#2624 = VECTOR('',#2625,1.);
#2625 = DIRECTION('',(0.,0.,1.));
#2626 = PLANE('',#2627);
#2627 = AXIS2_PLACEMENT_3D('',#2628,#2629,#2630);
#2628 = CARTESIAN_POINT('',(11.026646113673,28.954,19.98));
#2629 = DIRECTION('',(0.866025403784,0.5,-0.));
#2630 = DIRECTION('',(0.5,-0.866025403784,0.));
#2631 = ADVANCED_FACE('',(#2632),#2650,.T.);
#2632 = FACE_BOUND('',#2633,.T.);
#2633 = EDGE_LOOP('',(#2634,#2642,#2648,#2649));
#2634 = ORIENTED_EDGE('',*,*,#2635,.F.);
#2635 = EDGE_CURVE('',#2636,#2588,#2638,.T.);
#2636 = VERTEX_POINT('',#2637);
#2637 = CARTESIAN_POINT('',(15.486676943163,26.379,19.98));
#2638 = LINE('',#2639,#2640);
#2639 = CARTESIAN_POINT('',(15.486676943163,26.379,19.98));
#2640 = VECTOR('',#2641,1.);
#2641 = DIRECTION('',(0.5,0.866025403784,0.));
#2642 = ORIENTED_EDGE('',*,*,#2643,.T.);
#2643 = EDGE_CURVE('',#2636,#582,#2644,.T.);
#2644 = LINE('',#2645,#2646);
#2645 = CARTESIAN_POINT('',(15.486676943163,26.379,19.98));
#2646 = VECTOR('',#2647,1.);
#2647 = DIRECTION('',(0.,0.,1.));
#2648 = ORIENTED_EDGE('',*,*,#581,.F.);
#2649 = ORIENTED_EDGE('',*,*,#2595,.F.);
#2650 = PLANE('',#2651);
#2651 = AXIS2_PLACEMENT_3D('',#2652,#2653,#2654);
#2652 = CARTESIAN_POINT('',(15.486676943163,26.379,19.98));
#2653 = DIRECTION('',(-0.866025403784,0.5,0.));
#2654 = DIRECTION('',(0.5,0.866025403784,0.));
#2655 = ADVANCED_FACE('',(#2656),#2667,.T.);
#2656 = FACE_BOUND('',#2657,.T.);
#2657 = EDGE_LOOP('',(#2658,#2664,#2665,#2666));
#2658 = ORIENTED_EDGE('',*,*,#2659,.F.);
#2659 = EDGE_CURVE('',#2612,#2636,#2660,.T.);
#2660 = LINE('',#2661,#2662);
#2661 = CARTESIAN_POINT('',(12.513323056837,26.379,19.98));
#2662 = VECTOR('',#2663,1.);
#2663 = DIRECTION('',(1.,-2.98712650312E-16,0.));
#2664 = ORIENTED_EDGE('',*,*,#2621,.T.);
#2665 = ORIENTED_EDGE('',*,*,#589,.F.);
#2666 = ORIENTED_EDGE('',*,*,#2643,.F.);
#2667 = PLANE('',#2668);
#2668 = AXIS2_PLACEMENT_3D('',#2669,#2670,#2671);
#2669 = CARTESIAN_POINT('',(12.513323056837,26.379,19.98));
#2670 = DIRECTION('',(2.98712650312E-16,1.,-0.));
#2671 = DIRECTION('',(1.,-2.98712650312E-16,0.));
#2672 = ADVANCED_FACE('',(#2673),#2698,.T.);
#2673 = FACE_BOUND('',#2674,.T.);
#2674 = EDGE_LOOP('',(#2675,#2685,#2691,#2692));
#2675 = ORIENTED_EDGE('',*,*,#2676,.F.);
#2676 = EDGE_CURVE('',#2677,#2679,#2681,.T.);
#2677 = VERTEX_POINT('',#2678);
#2678 = CARTESIAN_POINT('',(34.486676943163,5.075,19.98));
#2679 = VERTEX_POINT('',#2680);
#2680 = CARTESIAN_POINT('',(31.513323056837,5.075,19.98));
#2681 = LINE('',#2682,#2683);
#2682 = CARTESIAN_POINT('',(34.486676943163,5.075,19.98));
#2683 = VECTOR('',#2684,1.);
#2684 = DIRECTION('',(-1.,1.49356325156E-16,0.));
#2685 = ORIENTED_EDGE('',*,*,#2686,.T.);
#2686 = EDGE_CURVE('',#2677,#616,#2687,.T.);
#2687 = LINE('',#2688,#2689);
#2688 = CARTESIAN_POINT('',(34.486676943163,5.075,19.98));
#2689 = VECTOR('',#2690,1.);
#2690 = DIRECTION('',(0.,0.,1.));
#2691 = ORIENTED_EDGE('',*,*,#613,.F.);
#2692 = ORIENTED_EDGE('',*,*,#2693,.F.);
#2693 = EDGE_CURVE('',#2679,#614,#2694,.T.);
#2694 = LINE('',#2695,#2696);
#2695 = CARTESIAN_POINT('',(31.513323056837,5.075,19.98));
#2696 = VECTOR('',#2697,1.);
#2697 = DIRECTION('',(0.,0.,1.));
#2698 = PLANE('',#2699);
#2699 = AXIS2_PLACEMENT_3D('',#2700,#2701,#2702);
#2700 = CARTESIAN_POINT('',(34.486676943163,5.075,19.98));
#2701 = DIRECTION('',(-1.49356325156E-16,-1.,0.));
#2702 = DIRECTION('',(-1.,1.49356325156E-16,0.));
#2703 = ADVANCED_FACE('',(#2704),#2722,.T.);
#2704 = FACE_BOUND('',#2705,.T.);
#2705 = EDGE_LOOP('',(#2706,#2714,#2715,#2716));
#2706 = ORIENTED_EDGE('',*,*,#2707,.F.);
#2707 = EDGE_CURVE('',#2679,#2708,#2710,.T.);
#2708 = VERTEX_POINT('',#2709);
#2709 = CARTESIAN_POINT('',(30.026646113673,2.5,19.98));
#2710 = LINE('',#2711,#2712);
#2711 = CARTESIAN_POINT('',(31.513323056837,5.075,19.98));
#2712 = VECTOR('',#2713,1.);
#2713 = DIRECTION('',(-0.5,-0.866025403784,0.));
#2714 = ORIENTED_EDGE('',*,*,#2693,.T.);
#2715 = ORIENTED_EDGE('',*,*,#655,.F.);
#2716 = ORIENTED_EDGE('',*,*,#2717,.F.);
#2717 = EDGE_CURVE('',#2708,#648,#2718,.T.);
#2718 = LINE('',#2719,#2720);
#2719 = CARTESIAN_POINT('',(30.026646113673,2.5,19.98));
#2720 = VECTOR('',#2721,1.);
#2721 = DIRECTION('',(0.,0.,1.));
#2722 = PLANE('',#2723);
#2723 = AXIS2_PLACEMENT_3D('',#2724,#2725,#2726);
#2724 = CARTESIAN_POINT('',(31.513323056837,5.075,19.98));
#2725 = DIRECTION('',(0.866025403784,-0.5,0.));
#2726 = DIRECTION('',(-0.5,-0.866025403784,0.));
#2727 = ADVANCED_FACE('',(#2728),#2746,.T.);
#2728 = FACE_BOUND('',#2729,.T.);
#2729 = EDGE_LOOP('',(#2730,#2738,#2744,#2745));
#2730 = ORIENTED_EDGE('',*,*,#2731,.F.);
#2731 = EDGE_CURVE('',#2732,#2677,#2734,.T.);
#2732 = VERTEX_POINT('',#2733);
#2733 = CARTESIAN_POINT('',(35.973353886327,2.5,19.98));
#2734 = LINE('',#2735,#2736);
#2735 = CARTESIAN_POINT('',(35.973353886327,2.5,19.98));
#2736 = VECTOR('',#2737,1.);
#2737 = DIRECTION('',(-0.5,0.866025403784,0.));
#2738 = ORIENTED_EDGE('',*,*,#2739,.T.);
#2739 = EDGE_CURVE('',#2732,#624,#2740,.T.);
#2740 = LINE('',#2741,#2742);
#2741 = CARTESIAN_POINT('',(35.973353886327,2.5,19.98));
#2742 = VECTOR('',#2743,1.);
#2743 = DIRECTION('',(0.,0.,1.));
#2744 = ORIENTED_EDGE('',*,*,#623,.F.);
#2745 = ORIENTED_EDGE('',*,*,#2686,.F.);
#2746 = PLANE('',#2747);
#2747 = AXIS2_PLACEMENT_3D('',#2748,#2749,#2750);
#2748 = CARTESIAN_POINT('',(35.973353886327,2.5,19.98));
#2749 = DIRECTION('',(-0.866025403784,-0.5,0.));
#2750 = DIRECTION('',(-0.5,0.866025403784,0.));
#2751 = ADVANCED_FACE('',(#2752),#2770,.T.);
#2752 = FACE_BOUND('',#2753,.T.);
#2753 = EDGE_LOOP('',(#2754,#2762,#2763,#2764));
#2754 = ORIENTED_EDGE('',*,*,#2755,.F.);
#2755 = EDGE_CURVE('',#2708,#2756,#2758,.T.);
#2756 = VERTEX_POINT('',#2757);
#2757 = CARTESIAN_POINT('',(31.513323056837,-7.5E-02,19.98));
#2758 = LINE('',#2759,#2760);
#2759 = CARTESIAN_POINT('',(30.026646113673,2.5,19.98));
#2760 = VECTOR('',#2761,1.);
#2761 = DIRECTION('',(0.5,-0.866025403784,0.));
#2762 = ORIENTED_EDGE('',*,*,#2717,.T.);
#2763 = ORIENTED_EDGE('',*,*,#647,.F.);
#2764 = ORIENTED_EDGE('',*,*,#2765,.F.);
#2765 = EDGE_CURVE('',#2756,#640,#2766,.T.);
#2766 = LINE('',#2767,#2768);
#2767 = CARTESIAN_POINT('',(31.513323056837,-7.5E-02,19.98));
#2768 = VECTOR('',#2769,1.);
#2769 = DIRECTION('',(0.,0.,1.));
#2770 = PLANE('',#2771);
#2771 = AXIS2_PLACEMENT_3D('',#2772,#2773,#2774);
#2772 = CARTESIAN_POINT('',(30.026646113673,2.5,19.98));
#2773 = DIRECTION('',(0.866025403784,0.5,-0.));
#2774 = DIRECTION('',(0.5,-0.866025403784,0.));
#2775 = ADVANCED_FACE('',(#2776),#2794,.T.);
#2776 = FACE_BOUND('',#2777,.T.);
#2777 = EDGE_LOOP('',(#2778,#2786,#2792,#2793));
#2778 = ORIENTED_EDGE('',*,*,#2779,.F.);
#2779 = EDGE_CURVE('',#2780,#2732,#2782,.T.);
#2780 = VERTEX_POINT('',#2781);
#2781 = CARTESIAN_POINT('',(34.486676943163,-7.5E-02,19.98));
#2782 = LINE('',#2783,#2784);
#2783 = CARTESIAN_POINT('',(34.486676943163,-7.5E-02,19.98));
#2784 = VECTOR('',#2785,1.);
#2785 = DIRECTION('',(0.5,0.866025403784,0.));
#2786 = ORIENTED_EDGE('',*,*,#2787,.T.);
#2787 = EDGE_CURVE('',#2780,#632,#2788,.T.);
#2788 = LINE('',#2789,#2790);
#2789 = CARTESIAN_POINT('',(34.486676943163,-7.5E-02,19.98));
#2790 = VECTOR('',#2791,1.);
#2791 = DIRECTION('',(0.,0.,1.));
#2792 = ORIENTED_EDGE('',*,*,#631,.F.);
#2793 = ORIENTED_EDGE('',*,*,#2739,.F.);
#2794 = PLANE('',#2795);
#2795 = AXIS2_PLACEMENT_3D('',#2796,#2797,#2798);
#2796 = CARTESIAN_POINT('',(34.486676943163,-7.5E-02,19.98));
#2797 = DIRECTION('',(-0.866025403784,0.5,0.));
#2798 = DIRECTION('',(0.5,0.866025403784,0.));
#2799 = ADVANCED_FACE('',(#2800),#2811,.T.);
#2800 = FACE_BOUND('',#2801,.T.);
#2801 = EDGE_LOOP('',(#2802,#2808,#2809,#2810));
#2802 = ORIENTED_EDGE('',*,*,#2803,.F.);
#2803 = EDGE_CURVE('',#2756,#2780,#2804,.T.);
#2804 = LINE('',#2805,#2806);
#2805 = CARTESIAN_POINT('',(31.513323056837,-7.5E-02,19.98));
#2806 = VECTOR('',#2807,1.);
#2807 = DIRECTION('',(1.,-2.98712650312E-16,0.));
#2808 = ORIENTED_EDGE('',*,*,#2765,.T.);
#2809 = ORIENTED_EDGE('',*,*,#639,.F.);
#2810 = ORIENTED_EDGE('',*,*,#2787,.F.);
#2811 = PLANE('',#2812);
#2812 = AXIS2_PLACEMENT_3D('',#2813,#2814,#2815);
#2813 = CARTESIAN_POINT('',(31.513323056837,-7.5E-02,19.98));
#2814 = DIRECTION('',(2.98712650312E-16,1.,-0.));
#2815 = DIRECTION('',(1.,-2.98712650312E-16,0.));
#2816 = ADVANCED_FACE('',(#2817),#2842,.T.);
#2817 = FACE_BOUND('',#2818,.T.);
#2818 = EDGE_LOOP('',(#2819,#2829,#2835,#2836));
#2819 = ORIENTED_EDGE('',*,*,#2820,.F.);
#2820 = EDGE_CURVE('',#2821,#2823,#2825,.T.);
#2821 = VERTEX_POINT('',#2822);
#2822 = CARTESIAN_POINT('',(40.377549908423,25.20241699797,19.98));
#2823 = VERTEX_POINT('',#2824);
#2824 = CARTESIAN_POINT('',(37.404196022097,25.20241699797,19.98));
#2825 = LINE('',#2826,#2827);
#2826 = CARTESIAN_POINT('',(40.377549908423,25.20241699797,19.98));
#2827 = VECTOR('',#2828,1.);
#2828 = DIRECTION('',(-1.,1.49356325156E-16,0.));
#2829 = ORIENTED_EDGE('',*,*,#2830,.T.);
#2830 = EDGE_CURVE('',#2821,#666,#2831,.T.);
#2831 = LINE('',#2832,#2833);
#2832 = CARTESIAN_POINT('',(40.377549908423,25.20241699797,19.98));
#2833 = VECTOR('',#2834,1.);
#2834 = DIRECTION('',(0.,0.,1.));
#2835 = ORIENTED_EDGE('',*,*,#663,.F.);
#2836 = ORIENTED_EDGE('',*,*,#2837,.F.);
#2837 = EDGE_CURVE('',#2823,#664,#2838,.T.);
#2838 = LINE('',#2839,#2840);
#2839 = CARTESIAN_POINT('',(37.404196022097,25.20241699797,19.98));
#2840 = VECTOR('',#2841,1.);
#2841 = DIRECTION('',(0.,0.,1.));
#2842 = PLANE('',#2843);
#2843 = AXIS2_PLACEMENT_3D('',#2844,#2845,#2846);
#2844 = CARTESIAN_POINT('',(40.377549908423,25.20241699797,19.98));
#2845 = DIRECTION('',(-1.49356325156E-16,-1.,0.));
#2846 = DIRECTION('',(-1.,1.49356325156E-16,0.));
#2847 = ADVANCED_FACE('',(#2848),#2866,.T.);
#2848 = FACE_BOUND('',#2849,.T.);
#2849 = EDGE_LOOP('',(#2850,#2858,#2859,#2860));
#2850 = ORIENTED_EDGE('',*,*,#2851,.F.);
#2851 = EDGE_CURVE('',#2823,#2852,#2854,.T.);
#2852 = VERTEX_POINT('',#2853);
#2853 = CARTESIAN_POINT('',(35.917519078934,22.62741699797,19.98));
#2854 = LINE('',#2855,#2856);
#2855 = CARTESIAN_POINT('',(37.404196022097,25.20241699797,19.98));
#2856 = VECTOR('',#2857,1.);
#2857 = DIRECTION('',(-0.5,-0.866025403784,0.));
#2858 = ORIENTED_EDGE('',*,*,#2837,.T.);
#2859 = ORIENTED_EDGE('',*,*,#705,.F.);
#2860 = ORIENTED_EDGE('',*,*,#2861,.F.);
#2861 = EDGE_CURVE('',#2852,#698,#2862,.T.);
#2862 = LINE('',#2863,#2864);
#2863 = CARTESIAN_POINT('',(35.917519078934,22.62741699797,19.98));
#2864 = VECTOR('',#2865,1.);
#2865 = DIRECTION('',(0.,0.,1.));
#2866 = PLANE('',#2867);
#2867 = AXIS2_PLACEMENT_3D('',#2868,#2869,#2870);
#2868 = CARTESIAN_POINT('',(37.404196022097,25.20241699797,19.98));
#2869 = DIRECTION('',(0.866025403784,-0.5,0.));
#2870 = DIRECTION('',(-0.5,-0.866025403784,0.));
#2871 = ADVANCED_FACE('',(#2872),#2890,.T.);
#2872 = FACE_BOUND('',#2873,.T.);
#2873 = EDGE_LOOP('',(#2874,#2882,#2888,#2889));
#2874 = ORIENTED_EDGE('',*,*,#2875,.F.);
#2875 = EDGE_CURVE('',#2876,#2821,#2878,.T.);
#2876 = VERTEX_POINT('',#2877);
#2877 = CARTESIAN_POINT('',(41.864226851587,22.62741699797,19.98));
#2878 = LINE('',#2879,#2880);
#2879 = CARTESIAN_POINT('',(41.864226851587,22.62741699797,19.98));
#2880 = VECTOR('',#2881,1.);
#2881 = DIRECTION('',(-0.5,0.866025403784,0.));
#2882 = ORIENTED_EDGE('',*,*,#2883,.T.);
#2883 = EDGE_CURVE('',#2876,#674,#2884,.T.);
#2884 = LINE('',#2885,#2886);
#2885 = CARTESIAN_POINT('',(41.864226851587,22.62741699797,19.98));
#2886 = VECTOR('',#2887,1.);
#2887 = DIRECTION('',(0.,0.,1.));
#2888 = ORIENTED_EDGE('',*,*,#673,.F.);
#2889 = ORIENTED_EDGE('',*,*,#2830,.F.);
#2890 = PLANE('',#2891);
#2891 = AXIS2_PLACEMENT_3D('',#2892,#2893,#2894);
#2892 = CARTESIAN_POINT('',(41.864226851587,22.62741699797,19.98));
#2893 = DIRECTION('',(-0.866025403784,-0.5,0.));
#2894 = DIRECTION('',(-0.5,0.866025403784,0.));
#2895 = ADVANCED_FACE('',(#2896),#2914,.T.);
#2896 = FACE_BOUND('',#2897,.T.);
#2897 = EDGE_LOOP('',(#2898,#2906,#2907,#2908));
#2898 = ORIENTED_EDGE('',*,*,#2899,.F.);
#2899 = EDGE_CURVE('',#2852,#2900,#2902,.T.);
#2900 = VERTEX_POINT('',#2901);
#2901 = CARTESIAN_POINT('',(37.404196022097,20.05241699797,19.98));
#2902 = LINE('',#2903,#2904);
#2903 = CARTESIAN_POINT('',(35.917519078934,22.62741699797,19.98));
#2904 = VECTOR('',#2905,1.);
#2905 = DIRECTION('',(0.5,-0.866025403784,0.));
#2906 = ORIENTED_EDGE('',*,*,#2861,.T.);
#2907 = ORIENTED_EDGE('',*,*,#697,.F.);
#2908 = ORIENTED_EDGE('',*,*,#2909,.F.);
#2909 = EDGE_CURVE('',#2900,#690,#2910,.T.);
#2910 = LINE('',#2911,#2912);
#2911 = CARTESIAN_POINT('',(37.404196022097,20.05241699797,19.98));
#2912 = VECTOR('',#2913,1.);
#2913 = DIRECTION('',(0.,0.,1.));
#2914 = PLANE('',#2915);
#2915 = AXIS2_PLACEMENT_3D('',#2916,#2917,#2918);
#2916 = CARTESIAN_POINT('',(35.917519078934,22.62741699797,19.98));
#2917 = DIRECTION('',(0.866025403784,0.5,-0.));
#2918 = DIRECTION('',(0.5,-0.866025403784,0.));
#2919 = ADVANCED_FACE('',(#2920),#2938,.T.);
#2920 = FACE_BOUND('',#2921,.T.);
#2921 = EDGE_LOOP('',(#2922,#2930,#2936,#2937));
#2922 = ORIENTED_EDGE('',*,*,#2923,.F.);
#2923 = EDGE_CURVE('',#2924,#2876,#2926,.T.);
#2924 = VERTEX_POINT('',#2925);
#2925 = CARTESIAN_POINT('',(40.377549908423,20.05241699797,19.98));
#2926 = LINE('',#2927,#2928);
#2927 = CARTESIAN_POINT('',(40.377549908423,20.05241699797,19.98));
#2928 = VECTOR('',#2929,1.);
#2929 = DIRECTION('',(0.5,0.866025403784,0.));
#2930 = ORIENTED_EDGE('',*,*,#2931,.T.);
#2931 = EDGE_CURVE('',#2924,#682,#2932,.T.);
#2932 = LINE('',#2933,#2934);
#2933 = CARTESIAN_POINT('',(40.377549908423,20.05241699797,19.98));
#2934 = VECTOR('',#2935,1.);
#2935 = DIRECTION('',(0.,0.,1.));
#2936 = ORIENTED_EDGE('',*,*,#681,.F.);
#2937 = ORIENTED_EDGE('',*,*,#2883,.F.);
#2938 = PLANE('',#2939);
#2939 = AXIS2_PLACEMENT_3D('',#2940,#2941,#2942);
#2940 = CARTESIAN_POINT('',(40.377549908423,20.05241699797,19.98));
#2941 = DIRECTION('',(-0.866025403784,0.5,0.));
#2942 = DIRECTION('',(0.5,0.866025403784,0.));
#2943 = ADVANCED_FACE('',(#2944),#2955,.T.);
#2944 = FACE_BOUND('',#2945,.T.);
#2945 = EDGE_LOOP('',(#2946,#2952,#2953,#2954));
#2946 = ORIENTED_EDGE('',*,*,#2947,.F.);
#2947 = EDGE_CURVE('',#2900,#2924,#2948,.T.);
#2948 = LINE('',#2949,#2950);
#2949 = CARTESIAN_POINT('',(37.404196022097,20.05241699797,19.98));
#2950 = VECTOR('',#2951,1.);
#2951 = DIRECTION('',(1.,-2.98712650312E-16,0.));
#2952 = ORIENTED_EDGE('',*,*,#2909,.T.);
#2953 = ORIENTED_EDGE('',*,*,#689,.F.);
#2954 = ORIENTED_EDGE('',*,*,#2931,.F.);
#2955 = PLANE('',#2956);
#2956 = AXIS2_PLACEMENT_3D('',#2957,#2958,#2959);
#2957 = CARTESIAN_POINT('',(37.404196022097,20.05241699797,19.98));
#2958 = DIRECTION('',(2.98712650312E-16,1.,-0.));
#2959 = DIRECTION('',(1.,-2.98712650312E-16,0.));
#2960 = ADVANCED_FACE('',(#2961),#2977,.T.);
#2961 = FACE_BOUND('',#2962,.T.);
#2962 = EDGE_LOOP('',(#2963,#2969,#2970,#2976));
#2963 = ORIENTED_EDGE('',*,*,#2964,.F.);
#2964 = EDGE_CURVE('',#1313,#714,#2965,.T.);
#2965 = LINE('',#2966,#2967);
#2966 = CARTESIAN_POINT('',(5.3,46.704,18.48));
#2967 = VECTOR('',#2968,1.);
#2968 = DIRECTION('',(0.,0.,1.));
#2969 = ORIENTED_EDGE('',*,*,#1312,.T.);
#2970 = ORIENTED_EDGE('',*,*,#2971,.T.);
#2971 = EDGE_CURVE('',#1315,#716,#2972,.T.);
#2972 = LINE('',#2973,#2974);
#2973 = CARTESIAN_POINT('',(5.3,40.704,18.48));
#2974 = VECTOR('',#2975,1.);
#2975 = DIRECTION('',(0.,0.,1.));
#2976 = ORIENTED_EDGE('',*,*,#713,.F.);
#2977 = PLANE('',#2978);
#2978 = AXIS2_PLACEMENT_3D('',#2979,#2980,#2981);
#2979 = CARTESIAN_POINT('',(5.3,40.704,18.48));
#2980 = DIRECTION('',(-1.,2.22044604925E-16,0.));
#2981 = DIRECTION('',(0.,0.,1.));
#2982 = ADVANCED_FACE('',(#2983),#2994,.F.);
#2983 = FACE_BOUND('',#2984,.F.);
#2984 = EDGE_LOOP('',(#2985,#2986,#2987,#2993));
#2985 = ORIENTED_EDGE('',*,*,#2964,.F.);
#2986 = ORIENTED_EDGE('',*,*,#1338,.T.);
#2987 = ORIENTED_EDGE('',*,*,#2988,.T.);
#2988 = EDGE_CURVE('',#1331,#732,#2989,.T.);
#2989 = LINE('',#2990,#2991);
#2990 = CARTESIAN_POINT('',(-5.3,46.704,18.48));
#2991 = VECTOR('',#2992,1.);
#2992 = DIRECTION('',(0.,0.,1.));
#2993 = ORIENTED_EDGE('',*,*,#739,.F.);
#2994 = PLANE('',#2995);
#2995 = AXIS2_PLACEMENT_3D('',#2996,#2997,#2998);
#2996 = CARTESIAN_POINT('',(5.3,46.704,18.48));
#2997 = DIRECTION('',(2.22044604925E-16,1.,0.));
#2998 = DIRECTION('',(0.,0.,1.));
#2999 = ADVANCED_FACE('',(#3000),#3011,.T.);
#3000 = FACE_BOUND('',#3001,.T.);
#3001 = EDGE_LOOP('',(#3002,#3003,#3004,#3010));
#3002 = ORIENTED_EDGE('',*,*,#2971,.F.);
#3003 = ORIENTED_EDGE('',*,*,#1322,.T.);
#3004 = ORIENTED_EDGE('',*,*,#3005,.T.);
#3005 = EDGE_CURVE('',#1323,#724,#3006,.T.);
#3006 = LINE('',#3007,#3008);
#3007 = CARTESIAN_POINT('',(-5.3,40.704,18.48));
#3008 = VECTOR('',#3009,1.);
#3009 = DIRECTION('',(0.,0.,1.));
#3010 = ORIENTED_EDGE('',*,*,#723,.F.);
#3011 = PLANE('',#3012);
#3012 = AXIS2_PLACEMENT_3D('',#3013,#3014,#3015);
#3013 = CARTESIAN_POINT('',(5.3,40.704,18.48));
#3014 = DIRECTION('',(2.22044604925E-16,1.,0.));
#3015 = DIRECTION('',(0.,0.,1.));
#3016 = ADVANCED_FACE('',(#3017),#3023,.F.);
#3017 = FACE_BOUND('',#3018,.F.);
#3018 = EDGE_LOOP('',(#3019,#3020,#3021,#3022));
#3019 = ORIENTED_EDGE('',*,*,#2988,.F.);
#3020 = ORIENTED_EDGE('',*,*,#1330,.T.);
#3021 = ORIENTED_EDGE('',*,*,#3005,.T.);
#3022 = ORIENTED_EDGE('',*,*,#731,.F.);
#3023 = PLANE('',#3024);
#3024 = AXIS2_PLACEMENT_3D('',#3025,#3026,#3027);
#3025 = CARTESIAN_POINT('',(-5.3,40.704,18.48));
#3026 = DIRECTION('',(-1.,2.22044604925E-16,0.));
#3027 = DIRECTION('',(0.,0.,1.));
#3028 = ADVANCED_FACE('',(#3029),#3054,.T.);
#3029 = FACE_BOUND('',#3030,.T.);
#3030 = EDGE_LOOP('',(#3031,#3041,#3047,#3048));
#3031 = ORIENTED_EDGE('',*,*,#3032,.F.);
#3032 = EDGE_CURVE('',#3033,#3035,#3037,.T.);
#3033 = VERTEX_POINT('',#3034);
#3034 = CARTESIAN_POINT('',(-0.451422123478,56.142656024955,19.98));
#3035 = VERTEX_POINT('',#3036);
#3036 = CARTESIAN_POINT('',(-3.424776009805,56.142656024955,19.98));
#3037 = LINE('',#3038,#3039);
#3038 = CARTESIAN_POINT('',(-0.451422123478,56.142656024955,19.98));
#3039 = VECTOR('',#3040,1.);
#3040 = DIRECTION('',(-1.,1.49356325156E-16,0.));
#3041 = ORIENTED_EDGE('',*,*,#3042,.T.);
#3042 = EDGE_CURVE('',#3033,#750,#3043,.T.);
#3043 = LINE('',#3044,#3045);
#3044 = CARTESIAN_POINT('',(-0.451422123478,56.142656024955,19.98));
#3045 = VECTOR('',#3046,1.);
#3046 = DIRECTION('',(0.,0.,1.));
#3047 = ORIENTED_EDGE('',*,*,#747,.F.);
#3048 = ORIENTED_EDGE('',*,*,#3049,.F.);
#3049 = EDGE_CURVE('',#3035,#748,#3050,.T.);
#3050 = LINE('',#3051,#3052);
#3051 = CARTESIAN_POINT('',(-3.424776009805,56.142656024955,19.98));
#3052 = VECTOR('',#3053,1.);
#3053 = DIRECTION('',(0.,0.,1.));
#3054 = PLANE('',#3055);
#3055 = AXIS2_PLACEMENT_3D('',#3056,#3057,#3058);
#3056 = CARTESIAN_POINT('',(-0.451422123478,56.142656024955,19.98));
#3057 = DIRECTION('',(-1.49356325156E-16,-1.,0.));
#3058 = DIRECTION('',(-1.,1.49356325156E-16,0.));
#3059 = ADVANCED_FACE('',(#3060),#3078,.T.);
#3060 = FACE_BOUND('',#3061,.T.);
#3061 = EDGE_LOOP('',(#3062,#3070,#3071,#3072));
#3062 = ORIENTED_EDGE('',*,*,#3063,.F.);
#3063 = EDGE_CURVE('',#3035,#3064,#3066,.T.);
#3064 = VERTEX_POINT('',#3065);
#3065 = CARTESIAN_POINT('',(-4.911452952968,53.567656024955,19.98));
#3066 = LINE('',#3067,#3068);
#3067 = CARTESIAN_POINT('',(-3.424776009805,56.142656024955,19.98));
#3068 = VECTOR('',#3069,1.);
#3069 = DIRECTION('',(-0.5,-0.866025403784,0.));
#3070 = ORIENTED_EDGE('',*,*,#3049,.T.);
#3071 = ORIENTED_EDGE('',*,*,#789,.F.);
#3072 = ORIENTED_EDGE('',*,*,#3073,.F.);
#3073 = EDGE_CURVE('',#3064,#782,#3074,.T.);
#3074 = LINE('',#3075,#3076);
#3075 = CARTESIAN_POINT('',(-4.911452952968,53.567656024955,19.98));
#3076 = VECTOR('',#3077,1.);
#3077 = DIRECTION('',(0.,0.,1.));
#3078 = PLANE('',#3079);
#3079 = AXIS2_PLACEMENT_3D('',#3080,#3081,#3082);
#3080 = CARTESIAN_POINT('',(-3.424776009805,56.142656024955,19.98));
#3081 = DIRECTION('',(0.866025403784,-0.5,0.));
#3082 = DIRECTION('',(-0.5,-0.866025403784,0.));
#3083 = ADVANCED_FACE('',(#3084),#3102,.T.);
#3084 = FACE_BOUND('',#3085,.T.);
#3085 = EDGE_LOOP('',(#3086,#3094,#3100,#3101));
#3086 = ORIENTED_EDGE('',*,*,#3087,.F.);
#3087 = EDGE_CURVE('',#3088,#3033,#3090,.T.);
#3088 = VERTEX_POINT('',#3089);
#3089 = CARTESIAN_POINT('',(1.035254819685,53.567656024955,19.98));
#3090 = LINE('',#3091,#3092);
#3091 = CARTESIAN_POINT('',(1.035254819685,53.567656024955,19.98));
#3092 = VECTOR('',#3093,1.);
#3093 = DIRECTION('',(-0.5,0.866025403784,0.));
#3094 = ORIENTED_EDGE('',*,*,#3095,.T.);
#3095 = EDGE_CURVE('',#3088,#758,#3096,.T.);
#3096 = LINE('',#3097,#3098);
#3097 = CARTESIAN_POINT('',(1.035254819685,53.567656024955,19.98));
#3098 = VECTOR('',#3099,1.);
#3099 = DIRECTION('',(0.,0.,1.));
#3100 = ORIENTED_EDGE('',*,*,#757,.F.);
#3101 = ORIENTED_EDGE('',*,*,#3042,.F.);
#3102 = PLANE('',#3103);
#3103 = AXIS2_PLACEMENT_3D('',#3104,#3105,#3106);
#3104 = CARTESIAN_POINT('',(1.035254819685,53.567656024955,19.98));
#3105 = DIRECTION('',(-0.866025403784,-0.5,0.));
#3106 = DIRECTION('',(-0.5,0.866025403784,0.));
#3107 = ADVANCED_FACE('',(#3108),#3126,.T.);
#3108 = FACE_BOUND('',#3109,.T.);
#3109 = EDGE_LOOP('',(#3110,#3118,#3119,#3120));
#3110 = ORIENTED_EDGE('',*,*,#3111,.F.);
#3111 = EDGE_CURVE('',#3064,#3112,#3114,.T.);
#3112 = VERTEX_POINT('',#3113);
#3113 = CARTESIAN_POINT('',(-3.424776009805,50.992656024955,19.98));
#3114 = LINE('',#3115,#3116);
#3115 = CARTESIAN_POINT('',(-4.911452952968,53.567656024955,19.98));
#3116 = VECTOR('',#3117,1.);
#3117 = DIRECTION('',(0.5,-0.866025403784,0.));
#3118 = ORIENTED_EDGE('',*,*,#3073,.T.);
#3119 = ORIENTED_EDGE('',*,*,#781,.F.);
#3120 = ORIENTED_EDGE('',*,*,#3121,.F.);
#3121 = EDGE_CURVE('',#3112,#774,#3122,.T.);
#3122 = LINE('',#3123,#3124);
#3123 = CARTESIAN_POINT('',(-3.424776009805,50.992656024955,19.98));
#3124 = VECTOR('',#3125,1.);
#3125 = DIRECTION('',(0.,0.,1.));
#3126 = PLANE('',#3127);
#3127 = AXIS2_PLACEMENT_3D('',#3128,#3129,#3130);
#3128 = CARTESIAN_POINT('',(-4.911452952968,53.567656024955,19.98));
#3129 = DIRECTION('',(0.866025403784,0.5,-0.));
#3130 = DIRECTION('',(0.5,-0.866025403784,0.));
#3131 = ADVANCED_FACE('',(#3132),#3150,.T.);
#3132 = FACE_BOUND('',#3133,.T.);
#3133 = EDGE_LOOP('',(#3134,#3142,#3148,#3149));
#3134 = ORIENTED_EDGE('',*,*,#3135,.F.);
#3135 = EDGE_CURVE('',#3136,#3088,#3138,.T.);
#3136 = VERTEX_POINT('',#3137);
#3137 = CARTESIAN_POINT('',(-0.451422123478,50.992656024955,19.98));
#3138 = LINE('',#3139,#3140);
#3139 = CARTESIAN_POINT('',(-0.451422123478,50.992656024955,19.98));
#3140 = VECTOR('',#3141,1.);
#3141 = DIRECTION('',(0.5,0.866025403784,0.));
#3142 = ORIENTED_EDGE('',*,*,#3143,.T.);
#3143 = EDGE_CURVE('',#3136,#766,#3144,.T.);
#3144 = LINE('',#3145,#3146);
#3145 = CARTESIAN_POINT('',(-0.451422123478,50.992656024955,19.98));
#3146 = VECTOR('',#3147,1.);
#3147 = DIRECTION('',(0.,0.,1.));
#3148 = ORIENTED_EDGE('',*,*,#765,.F.);
#3149 = ORIENTED_EDGE('',*,*,#3095,.F.);
#3150 = PLANE('',#3151);
#3151 = AXIS2_PLACEMENT_3D('',#3152,#3153,#3154);
#3152 = CARTESIAN_POINT('',(-0.451422123478,50.992656024955,19.98));
#3153 = DIRECTION('',(-0.866025403784,0.5,0.));
#3154 = DIRECTION('',(0.5,0.866025403784,0.));
#3155 = ADVANCED_FACE('',(#3156),#3167,.T.);
#3156 = FACE_BOUND('',#3157,.T.);
#3157 = EDGE_LOOP('',(#3158,#3164,#3165,#3166));
#3158 = ORIENTED_EDGE('',*,*,#3159,.F.);
#3159 = EDGE_CURVE('',#3112,#3136,#3160,.T.);
#3160 = LINE('',#3161,#3162);
#3161 = CARTESIAN_POINT('',(-3.424776009805,50.992656024955,19.98));
#3162 = VECTOR('',#3163,1.);
#3163 = DIRECTION('',(1.,-2.98712650312E-16,0.));
#3164 = ORIENTED_EDGE('',*,*,#3121,.T.);
#3165 = ORIENTED_EDGE('',*,*,#773,.F.);
#3166 = ORIENTED_EDGE('',*,*,#3143,.F.);
#3167 = PLANE('',#3168);
#3168 = AXIS2_PLACEMENT_3D('',#3169,#3170,#3171);
#3169 = CARTESIAN_POINT('',(-3.424776009805,50.992656024955,19.98));
#3170 = DIRECTION('',(2.98712650312E-16,1.,-0.));
#3171 = DIRECTION('',(1.,-2.98712650312E-16,0.));
#3172 = ADVANCED_FACE('',(#3173),#3198,.T.);
#3173 = FACE_BOUND('',#3174,.T.);
#3174 = EDGE_LOOP('',(#3175,#3185,#3191,#3192));
#3175 = ORIENTED_EDGE('',*,*,#3176,.F.);
#3176 = EDGE_CURVE('',#3177,#3179,#3181,.T.);
#3177 = VERTEX_POINT('',#3178);
#3178 = CARTESIAN_POINT('',(24.114093941133,41.46587296526,19.98));
#3179 = VERTEX_POINT('',#3180);
#3180 = CARTESIAN_POINT('',(21.140740054806,41.46587296526,19.98));
#3181 = LINE('',#3182,#3183);
#3182 = CARTESIAN_POINT('',(24.114093941133,41.46587296526,19.98));
#3183 = VECTOR('',#3184,1.);
#3184 = DIRECTION('',(-1.,1.49356325156E-16,0.));
#3185 = ORIENTED_EDGE('',*,*,#3186,.T.);
#3186 = EDGE_CURVE('',#3177,#800,#3187,.T.);
#3187 = LINE('',#3188,#3189);
#3188 = CARTESIAN_POINT('',(24.114093941133,41.46587296526,19.98));
#3189 = VECTOR('',#3190,1.);
#3190 = DIRECTION('',(0.,0.,1.));
#3191 = ORIENTED_EDGE('',*,*,#797,.F.);
#3192 = ORIENTED_EDGE('',*,*,#3193,.F.);
#3193 = EDGE_CURVE('',#3179,#798,#3194,.T.);
#3194 = LINE('',#3195,#3196);
#3195 = CARTESIAN_POINT('',(21.140740054806,41.46587296526,19.98));
#3196 = VECTOR('',#3197,1.);
#3197 = DIRECTION('',(0.,0.,1.));
#3198 = PLANE('',#3199);
#3199 = AXIS2_PLACEMENT_3D('',#3200,#3201,#3202);
#3200 = CARTESIAN_POINT('',(24.114093941133,41.46587296526,19.98));
#3201 = DIRECTION('',(-1.49356325156E-16,-1.,0.));
#3202 = DIRECTION('',(-1.,1.49356325156E-16,0.));
#3203 = ADVANCED_FACE('',(#3204),#3222,.T.);
#3204 = FACE_BOUND('',#3205,.T.);
#3205 = EDGE_LOOP('',(#3206,#3214,#3215,#3216));
#3206 = ORIENTED_EDGE('',*,*,#3207,.F.);
#3207 = EDGE_CURVE('',#3179,#3208,#3210,.T.);
#3208 = VERTEX_POINT('',#3209);
#3209 = CARTESIAN_POINT('',(19.654063111643,38.89087296526,19.98));
#3210 = LINE('',#3211,#3212);
#3211 = CARTESIAN_POINT('',(21.140740054806,41.46587296526,19.98));
#3212 = VECTOR('',#3213,1.);
#3213 = DIRECTION('',(-0.5,-0.866025403784,0.));
#3214 = ORIENTED_EDGE('',*,*,#3193,.T.);
#3215 = ORIENTED_EDGE('',*,*,#839,.F.);
#3216 = ORIENTED_EDGE('',*,*,#3217,.F.);
#3217 = EDGE_CURVE('',#3208,#832,#3218,.T.);
#3218 = LINE('',#3219,#3220);
#3219 = CARTESIAN_POINT('',(19.654063111643,38.89087296526,19.98));
#3220 = VECTOR('',#3221,1.);
#3221 = DIRECTION('',(0.,0.,1.));
#3222 = PLANE('',#3223);
#3223 = AXIS2_PLACEMENT_3D('',#3224,#3225,#3226);
#3224 = CARTESIAN_POINT('',(21.140740054806,41.46587296526,19.98));
#3225 = DIRECTION('',(0.866025403784,-0.5,0.));
#3226 = DIRECTION('',(-0.5,-0.866025403784,0.));
#3227 = ADVANCED_FACE('',(#3228),#3246,.T.);
#3228 = FACE_BOUND('',#3229,.T.);
#3229 = EDGE_LOOP('',(#3230,#3238,#3244,#3245));
#3230 = ORIENTED_EDGE('',*,*,#3231,.F.);
#3231 = EDGE_CURVE('',#3232,#3177,#3234,.T.);
#3232 = VERTEX_POINT('',#3233);
#3233 = CARTESIAN_POINT('',(25.600770884296,38.89087296526,19.98));
#3234 = LINE('',#3235,#3236);
#3235 = CARTESIAN_POINT('',(25.600770884296,38.89087296526,19.98));
#3236 = VECTOR('',#3237,1.);
#3237 = DIRECTION('',(-0.5,0.866025403784,0.));
#3238 = ORIENTED_EDGE('',*,*,#3239,.T.);
#3239 = EDGE_CURVE('',#3232,#808,#3240,.T.);
#3240 = LINE('',#3241,#3242);
#3241 = CARTESIAN_POINT('',(25.600770884296,38.89087296526,19.98));
#3242 = VECTOR('',#3243,1.);
#3243 = DIRECTION('',(0.,0.,1.));
#3244 = ORIENTED_EDGE('',*,*,#807,.F.);
#3245 = ORIENTED_EDGE('',*,*,#3186,.F.);
#3246 = PLANE('',#3247);
#3247 = AXIS2_PLACEMENT_3D('',#3248,#3249,#3250);
#3248 = CARTESIAN_POINT('',(25.600770884296,38.89087296526,19.98));
#3249 = DIRECTION('',(-0.866025403784,-0.5,0.));
#3250 = DIRECTION('',(-0.5,0.866025403784,0.));
#3251 = ADVANCED_FACE('',(#3252),#3270,.T.);
#3252 = FACE_BOUND('',#3253,.T.);
#3253 = EDGE_LOOP('',(#3254,#3262,#3263,#3264));
#3254 = ORIENTED_EDGE('',*,*,#3255,.F.);
#3255 = EDGE_CURVE('',#3208,#3256,#3258,.T.);
#3256 = VERTEX_POINT('',#3257);
#3257 = CARTESIAN_POINT('',(21.140740054806,36.31587296526,19.98));
#3258 = LINE('',#3259,#3260);
#3259 = CARTESIAN_POINT('',(19.654063111643,38.89087296526,19.98));
#3260 = VECTOR('',#3261,1.);
#3261 = DIRECTION('',(0.5,-0.866025403784,0.));
#3262 = ORIENTED_EDGE('',*,*,#3217,.T.);
#3263 = ORIENTED_EDGE('',*,*,#831,.F.);
#3264 = ORIENTED_EDGE('',*,*,#3265,.F.);
#3265 = EDGE_CURVE('',#3256,#824,#3266,.T.);
#3266 = LINE('',#3267,#3268);
#3267 = CARTESIAN_POINT('',(21.140740054806,36.31587296526,19.98));
#3268 = VECTOR('',#3269,1.);
#3269 = DIRECTION('',(0.,0.,1.));
#3270 = PLANE('',#3271);
#3271 = AXIS2_PLACEMENT_3D('',#3272,#3273,#3274);
#3272 = CARTESIAN_POINT('',(19.654063111643,38.89087296526,19.98));
#3273 = DIRECTION('',(0.866025403784,0.5,-0.));
#3274 = DIRECTION('',(0.5,-0.866025403784,0.));
#3275 = ADVANCED_FACE('',(#3276),#3294,.T.);
#3276 = FACE_BOUND('',#3277,.T.);
#3277 = EDGE_LOOP('',(#3278,#3286,#3292,#3293));
#3278 = ORIENTED_EDGE('',*,*,#3279,.F.);
#3279 = EDGE_CURVE('',#3280,#3232,#3282,.T.);
#3280 = VERTEX_POINT('',#3281);
#3281 = CARTESIAN_POINT('',(24.114093941133,36.31587296526,19.98));
#3282 = LINE('',#3283,#3284);
#3283 = CARTESIAN_POINT('',(24.114093941133,36.31587296526,19.98));
#3284 = VECTOR('',#3285,1.);
#3285 = DIRECTION('',(0.5,0.866025403784,0.));
#3286 = ORIENTED_EDGE('',*,*,#3287,.T.);
#3287 = EDGE_CURVE('',#3280,#816,#3288,.T.);
#3288 = LINE('',#3289,#3290);
#3289 = CARTESIAN_POINT('',(24.114093941133,36.31587296526,19.98));
#3290 = VECTOR('',#3291,1.);
#3291 = DIRECTION('',(0.,0.,1.));
#3292 = ORIENTED_EDGE('',*,*,#815,.F.);
#3293 = ORIENTED_EDGE('',*,*,#3239,.F.);
#3294 = PLANE('',#3295);
#3295 = AXIS2_PLACEMENT_3D('',#3296,#3297,#3298);
#3296 = CARTESIAN_POINT('',(24.114093941133,36.31587296526,19.98));
#3297 = DIRECTION('',(-0.866025403784,0.5,0.));
#3298 = DIRECTION('',(0.5,0.866025403784,0.));
#3299 = ADVANCED_FACE('',(#3300),#3311,.T.);
#3300 = FACE_BOUND('',#3301,.T.);
#3301 = EDGE_LOOP('',(#3302,#3308,#3309,#3310));
#3302 = ORIENTED_EDGE('',*,*,#3303,.F.);
#3303 = EDGE_CURVE('',#3256,#3280,#3304,.T.);
#3304 = LINE('',#3305,#3306);
#3305 = CARTESIAN_POINT('',(21.140740054806,36.31587296526,19.98));
#3306 = VECTOR('',#3307,1.);
#3307 = DIRECTION('',(1.,-2.98712650312E-16,0.));
#3308 = ORIENTED_EDGE('',*,*,#3265,.T.);
#3309 = ORIENTED_EDGE('',*,*,#823,.F.);
#3310 = ORIENTED_EDGE('',*,*,#3287,.F.);
#3311 = PLANE('',#3312);
#3312 = AXIS2_PLACEMENT_3D('',#3313,#3314,#3315);
#3313 = CARTESIAN_POINT('',(21.140740054806,36.31587296526,19.98));
#3314 = DIRECTION('',(2.98712650312E-16,1.,-0.));
#3315 = DIRECTION('',(1.,-2.98712650312E-16,0.));
#3316 = ADVANCED_FACE('',(#3317),#3342,.T.);
#3317 = FACE_BOUND('',#3318,.T.);
#3318 = EDGE_LOOP('',(#3319,#3329,#3335,#3336));
#3319 = ORIENTED_EDGE('',*,*,#3320,.F.);
#3320 = EDGE_CURVE('',#3321,#3323,#3325,.T.);
#3321 = VERTEX_POINT('',#3322);
#3322 = CARTESIAN_POINT('',(-6.60778470334,73.057123199101,19.98));
#3323 = VERTEX_POINT('',#3324);
#3324 = CARTESIAN_POINT('',(-9.581138589667,73.057123199101,19.98));
#3325 = LINE('',#3326,#3327);
#3326 = CARTESIAN_POINT('',(-6.60778470334,73.057123199101,19.98));
#3327 = VECTOR('',#3328,1.);
#3328 = DIRECTION('',(-1.,1.49356325156E-16,0.));
#3329 = ORIENTED_EDGE('',*,*,#3330,.T.);
#3330 = EDGE_CURVE('',#3321,#850,#3331,.T.);
#3331 = LINE('',#3332,#3333);
#3332 = CARTESIAN_POINT('',(-6.60778470334,73.057123199101,19.98));
#3333 = VECTOR('',#3334,1.);
#3334 = DIRECTION('',(0.,0.,1.));
#3335 = ORIENTED_EDGE('',*,*,#847,.F.);
#3336 = ORIENTED_EDGE('',*,*,#3337,.F.);
#3337 = EDGE_CURVE('',#3323,#848,#3338,.T.);
#3338 = LINE('',#3339,#3340);
#3339 = CARTESIAN_POINT('',(-9.581138589667,73.057123199101,19.98));
#3340 = VECTOR('',#3341,1.);
#3341 = DIRECTION('',(0.,0.,1.));
#3342 = PLANE('',#3343);
#3343 = AXIS2_PLACEMENT_3D('',#3344,#3345,#3346);
#3344 = CARTESIAN_POINT('',(-6.60778470334,73.057123199101,19.98));
#3345 = DIRECTION('',(-1.49356325156E-16,-1.,0.));
#3346 = DIRECTION('',(-1.,1.49356325156E-16,0.));
#3347 = ADVANCED_FACE('',(#3348),#3366,.T.);
#3348 = FACE_BOUND('',#3349,.T.);
#3349 = EDGE_LOOP('',(#3350,#3358,#3359,#3360));
#3350 = ORIENTED_EDGE('',*,*,#3351,.F.);
#3351 = EDGE_CURVE('',#3323,#3352,#3354,.T.);
#3352 = VERTEX_POINT('',#3353);
#3353 = CARTESIAN_POINT('',(-11.06781553283,70.482123199101,19.98));
#3354 = LINE('',#3355,#3356);
#3355 = CARTESIAN_POINT('',(-9.581138589667,73.057123199101,19.98));
#3356 = VECTOR('',#3357,1.);
#3357 = DIRECTION('',(-0.5,-0.866025403784,0.));
#3358 = ORIENTED_EDGE('',*,*,#3337,.T.);
#3359 = ORIENTED_EDGE('',*,*,#889,.F.);
#3360 = ORIENTED_EDGE('',*,*,#3361,.F.);
#3361 = EDGE_CURVE('',#3352,#882,#3362,.T.);
#3362 = LINE('',#3363,#3364);
#3363 = CARTESIAN_POINT('',(-11.06781553283,70.482123199101,19.98));
#3364 = VECTOR('',#3365,1.);
#3365 = DIRECTION('',(0.,0.,1.));
#3366 = PLANE('',#3367);
#3367 = AXIS2_PLACEMENT_3D('',#3368,#3369,#3370);
#3368 = CARTESIAN_POINT('',(-9.581138589667,73.057123199101,19.98));
#3369 = DIRECTION('',(0.866025403784,-0.5,0.));
#3370 = DIRECTION('',(-0.5,-0.866025403784,0.));
#3371 = ADVANCED_FACE('',(#3372),#3390,.T.);
#3372 = FACE_BOUND('',#3373,.T.);
#3373 = EDGE_LOOP('',(#3374,#3382,#3388,#3389));
#3374 = ORIENTED_EDGE('',*,*,#3375,.F.);
#3375 = EDGE_CURVE('',#3376,#3321,#3378,.T.);
#3376 = VERTEX_POINT('',#3377);
#3377 = CARTESIAN_POINT('',(-5.121107760177,70.482123199101,19.98));
#3378 = LINE('',#3379,#3380);
#3379 = CARTESIAN_POINT('',(-5.121107760177,70.482123199101,19.98));
#3380 = VECTOR('',#3381,1.);
#3381 = DIRECTION('',(-0.5,0.866025403784,0.));
#3382 = ORIENTED_EDGE('',*,*,#3383,.T.);
#3383 = EDGE_CURVE('',#3376,#858,#3384,.T.);
#3384 = LINE('',#3385,#3386);
#3385 = CARTESIAN_POINT('',(-5.121107760177,70.482123199101,19.98));
#3386 = VECTOR('',#3387,1.);
#3387 = DIRECTION('',(0.,0.,1.));
#3388 = ORIENTED_EDGE('',*,*,#857,.F.);
#3389 = ORIENTED_EDGE('',*,*,#3330,.F.);
#3390 = PLANE('',#3391);
#3391 = AXIS2_PLACEMENT_3D('',#3392,#3393,#3394);
#3392 = CARTESIAN_POINT('',(-5.121107760177,70.482123199101,19.98));
#3393 = DIRECTION('',(-0.866025403784,-0.5,0.));
#3394 = DIRECTION('',(-0.5,0.866025403784,0.));
#3395 = ADVANCED_FACE('',(#3396),#3414,.T.);
#3396 = FACE_BOUND('',#3397,.T.);
#3397 = EDGE_LOOP('',(#3398,#3406,#3407,#3408));
#3398 = ORIENTED_EDGE('',*,*,#3399,.F.);
#3399 = EDGE_CURVE('',#3352,#3400,#3402,.T.);
#3400 = VERTEX_POINT('',#3401);
#3401 = CARTESIAN_POINT('',(-9.581138589667,67.907123199101,19.98));
#3402 = LINE('',#3403,#3404);
#3403 = CARTESIAN_POINT('',(-11.06781553283,70.482123199101,19.98));
#3404 = VECTOR('',#3405,1.);
#3405 = DIRECTION('',(0.5,-0.866025403784,0.));
#3406 = ORIENTED_EDGE('',*,*,#3361,.T.);
#3407 = ORIENTED_EDGE('',*,*,#881,.F.);
#3408 = ORIENTED_EDGE('',*,*,#3409,.F.);
#3409 = EDGE_CURVE('',#3400,#874,#3410,.T.);
#3410 = LINE('',#3411,#3412);
#3411 = CARTESIAN_POINT('',(-9.581138589667,67.907123199101,19.98));
#3412 = VECTOR('',#3413,1.);
#3413 = DIRECTION('',(0.,0.,1.));
#3414 = PLANE('',#3415);
#3415 = AXIS2_PLACEMENT_3D('',#3416,#3417,#3418);
#3416 = CARTESIAN_POINT('',(-11.06781553283,70.482123199101,19.98));
#3417 = DIRECTION('',(0.866025403784,0.5,-0.));
#3418 = DIRECTION('',(0.5,-0.866025403784,0.));
#3419 = ADVANCED_FACE('',(#3420),#3438,.T.);
#3420 = FACE_BOUND('',#3421,.T.);
#3421 = EDGE_LOOP('',(#3422,#3430,#3436,#3437));
#3422 = ORIENTED_EDGE('',*,*,#3423,.F.);
#3423 = EDGE_CURVE('',#3424,#3376,#3426,.T.);
#3424 = VERTEX_POINT('',#3425);
#3425 = CARTESIAN_POINT('',(-6.60778470334,67.907123199101,19.98));
#3426 = LINE('',#3427,#3428);
#3427 = CARTESIAN_POINT('',(-6.60778470334,67.907123199101,19.98));
#3428 = VECTOR('',#3429,1.);
#3429 = DIRECTION('',(0.5,0.866025403784,0.));
#3430 = ORIENTED_EDGE('',*,*,#3431,.T.);
#3431 = EDGE_CURVE('',#3424,#866,#3432,.T.);
#3432 = LINE('',#3433,#3434);
#3433 = CARTESIAN_POINT('',(-6.60778470334,67.907123199101,19.98));
#3434 = VECTOR('',#3435,1.);
#3435 = DIRECTION('',(0.,0.,1.));
#3436 = ORIENTED_EDGE('',*,*,#865,.F.);
#3437 = ORIENTED_EDGE('',*,*,#3383,.F.);
#3438 = PLANE('',#3439);
#3439 = AXIS2_PLACEMENT_3D('',#3440,#3441,#3442);
#3440 = CARTESIAN_POINT('',(-6.60778470334,67.907123199101,19.98));
#3441 = DIRECTION('',(-0.866025403784,0.5,0.));
#3442 = DIRECTION('',(0.5,0.866025403784,0.));
#3443 = ADVANCED_FACE('',(#3444),#3455,.T.);
#3444 = FACE_BOUND('',#3445,.T.);
#3445 = EDGE_LOOP('',(#3446,#3452,#3453,#3454));
#3446 = ORIENTED_EDGE('',*,*,#3447,.F.);
#3447 = EDGE_CURVE('',#3400,#3424,#3448,.T.);
#3448 = LINE('',#3449,#3450);
#3449 = CARTESIAN_POINT('',(-9.581138589667,67.907123199101,19.98));
#3450 = VECTOR('',#3451,1.);
#3451 = DIRECTION('',(1.,-2.98712650312E-16,0.));
#3452 = ORIENTED_EDGE('',*,*,#3409,.T.);
#3453 = ORIENTED_EDGE('',*,*,#873,.F.);
#3454 = ORIENTED_EDGE('',*,*,#3431,.F.);
#3455 = PLANE('',#3456);
#3456 = AXIS2_PLACEMENT_3D('',#3457,#3458,#3459);
#3457 = CARTESIAN_POINT('',(-9.581138589667,67.907123199101,19.98));
#3458 = DIRECTION('',(2.98712650312E-16,1.,-0.));
#3459 = DIRECTION('',(1.,-2.98712650312E-16,0.));
#3460 = ADVANCED_FACE('',(#3461),#3486,.T.);
#3461 = FACE_BOUND('',#3462,.T.);
#3462 = EDGE_LOOP('',(#3463,#3473,#3479,#3480));
#3463 = ORIENTED_EDGE('',*,*,#3464,.F.);
#3464 = EDGE_CURVE('',#3465,#3467,#3469,.T.);
#3465 = VERTEX_POINT('',#3466);
#3466 = CARTESIAN_POINT('',(40.377549908423,57.729328932551,19.98));
#3467 = VERTEX_POINT('',#3468);
#3468 = CARTESIAN_POINT('',(37.404196022097,57.729328932551,19.98));
#3469 = LINE('',#3470,#3471);
#3470 = CARTESIAN_POINT('',(40.377549908423,57.729328932551,19.98));
#3471 = VECTOR('',#3472,1.);
#3472 = DIRECTION('',(-1.,1.49356325156E-16,0.));
#3473 = ORIENTED_EDGE('',*,*,#3474,.T.);
#3474 = EDGE_CURVE('',#3465,#900,#3475,.T.);
#3475 = LINE('',#3476,#3477);
#3476 = CARTESIAN_POINT('',(40.377549908423,57.729328932551,19.98));
#3477 = VECTOR('',#3478,1.);
#3478 = DIRECTION('',(0.,0.,1.));
#3479 = ORIENTED_EDGE('',*,*,#897,.F.);
#3480 = ORIENTED_EDGE('',*,*,#3481,.F.);
#3481 = EDGE_CURVE('',#3467,#898,#3482,.T.);
#3482 = LINE('',#3483,#3484);
#3483 = CARTESIAN_POINT('',(37.404196022097,57.729328932551,19.98));
#3484 = VECTOR('',#3485,1.);
#3485 = DIRECTION('',(0.,0.,1.));
#3486 = PLANE('',#3487);
#3487 = AXIS2_PLACEMENT_3D('',#3488,#3489,#3490);
#3488 = CARTESIAN_POINT('',(40.377549908423,57.729328932551,19.98));
#3489 = DIRECTION('',(-1.49356325156E-16,-1.,0.));
#3490 = DIRECTION('',(-1.,1.49356325156E-16,0.));
#3491 = ADVANCED_FACE('',(#3492),#3510,.T.);
#3492 = FACE_BOUND('',#3493,.T.);
#3493 = EDGE_LOOP('',(#3494,#3502,#3503,#3504));
#3494 = ORIENTED_EDGE('',*,*,#3495,.F.);
#3495 = EDGE_CURVE('',#3467,#3496,#3498,.T.);
#3496 = VERTEX_POINT('',#3497);
#3497 = CARTESIAN_POINT('',(35.917519078934,55.154328932551,19.98));
#3498 = LINE('',#3499,#3500);
#3499 = CARTESIAN_POINT('',(37.404196022097,57.729328932551,19.98));
#3500 = VECTOR('',#3501,1.);
#3501 = DIRECTION('',(-0.5,-0.866025403784,0.));
#3502 = ORIENTED_EDGE('',*,*,#3481,.T.);
#3503 = ORIENTED_EDGE('',*,*,#939,.F.);
#3504 = ORIENTED_EDGE('',*,*,#3505,.F.);
#3505 = EDGE_CURVE('',#3496,#932,#3506,.T.);
#3506 = LINE('',#3507,#3508);
#3507 = CARTESIAN_POINT('',(35.917519078934,55.154328932551,19.98));
#3508 = VECTOR('',#3509,1.);
#3509 = DIRECTION('',(0.,0.,1.));
#3510 = PLANE('',#3511);
#3511 = AXIS2_PLACEMENT_3D('',#3512,#3513,#3514);
#3512 = CARTESIAN_POINT('',(37.404196022097,57.729328932551,19.98));
#3513 = DIRECTION('',(0.866025403784,-0.5,0.));
#3514 = DIRECTION('',(-0.5,-0.866025403784,0.));
#3515 = ADVANCED_FACE('',(#3516),#3534,.T.);
#3516 = FACE_BOUND('',#3517,.T.);
#3517 = EDGE_LOOP('',(#3518,#3526,#3532,#3533));
#3518 = ORIENTED_EDGE('',*,*,#3519,.F.);
#3519 = EDGE_CURVE('',#3520,#3465,#3522,.T.);
#3520 = VERTEX_POINT('',#3521);
#3521 = CARTESIAN_POINT('',(41.864226851587,55.154328932551,19.98));
#3522 = LINE('',#3523,#3524);
#3523 = CARTESIAN_POINT('',(41.864226851587,55.154328932551,19.98));
#3524 = VECTOR('',#3525,1.);
#3525 = DIRECTION('',(-0.5,0.866025403784,0.));
#3526 = ORIENTED_EDGE('',*,*,#3527,.T.);
#3527 = EDGE_CURVE('',#3520,#908,#3528,.T.);
#3528 = LINE('',#3529,#3530);
#3529 = CARTESIAN_POINT('',(41.864226851587,55.154328932551,19.98));
#3530 = VECTOR('',#3531,1.);
#3531 = DIRECTION('',(0.,0.,1.));
#3532 = ORIENTED_EDGE('',*,*,#907,.F.);
#3533 = ORIENTED_EDGE('',*,*,#3474,.F.);
#3534 = PLANE('',#3535);
#3535 = AXIS2_PLACEMENT_3D('',#3536,#3537,#3538);
#3536 = CARTESIAN_POINT('',(41.864226851587,55.154328932551,19.98));
#3537 = DIRECTION('',(-0.866025403784,-0.5,0.));
#3538 = DIRECTION('',(-0.5,0.866025403784,0.));
#3539 = ADVANCED_FACE('',(#3540),#3558,.T.);
#3540 = FACE_BOUND('',#3541,.T.);
#3541 = EDGE_LOOP('',(#3542,#3550,#3551,#3552));
#3542 = ORIENTED_EDGE('',*,*,#3543,.F.);
#3543 = EDGE_CURVE('',#3496,#3544,#3546,.T.);
#3544 = VERTEX_POINT('',#3545);
#3545 = CARTESIAN_POINT('',(37.404196022097,52.579328932551,19.98));
#3546 = LINE('',#3547,#3548);
#3547 = CARTESIAN_POINT('',(35.917519078934,55.154328932551,19.98));
#3548 = VECTOR('',#3549,1.);
#3549 = DIRECTION('',(0.5,-0.866025403784,0.));
#3550 = ORIENTED_EDGE('',*,*,#3505,.T.);
#3551 = ORIENTED_EDGE('',*,*,#931,.F.);
#3552 = ORIENTED_EDGE('',*,*,#3553,.F.);
#3553 = EDGE_CURVE('',#3544,#924,#3554,.T.);
#3554 = LINE('',#3555,#3556);
#3555 = CARTESIAN_POINT('',(37.404196022097,52.579328932551,19.98));
#3556 = VECTOR('',#3557,1.);
#3557 = DIRECTION('',(0.,0.,1.));
#3558 = PLANE('',#3559);
#3559 = AXIS2_PLACEMENT_3D('',#3560,#3561,#3562);
#3560 = CARTESIAN_POINT('',(35.917519078934,55.154328932551,19.98));
#3561 = DIRECTION('',(0.866025403784,0.5,-0.));
#3562 = DIRECTION('',(0.5,-0.866025403784,0.));
#3563 = ADVANCED_FACE('',(#3564),#3582,.T.);
#3564 = FACE_BOUND('',#3565,.T.);
#3565 = EDGE_LOOP('',(#3566,#3574,#3580,#3581));
#3566 = ORIENTED_EDGE('',*,*,#3567,.F.);
#3567 = EDGE_CURVE('',#3568,#3520,#3570,.T.);
#3568 = VERTEX_POINT('',#3569);
#3569 = CARTESIAN_POINT('',(40.377549908423,52.579328932551,19.98));
#3570 = LINE('',#3571,#3572);
#3571 = CARTESIAN_POINT('',(40.377549908423,52.579328932551,19.98));
#3572 = VECTOR('',#3573,1.);
#3573 = DIRECTION('',(0.5,0.866025403784,0.));
#3574 = ORIENTED_EDGE('',*,*,#3575,.T.);
#3575 = EDGE_CURVE('',#3568,#916,#3576,.T.);
#3576 = LINE('',#3577,#3578);
#3577 = CARTESIAN_POINT('',(40.377549908423,52.579328932551,19.98));
#3578 = VECTOR('',#3579,1.);
#3579 = DIRECTION('',(0.,0.,1.));
#3580 = ORIENTED_EDGE('',*,*,#915,.F.);
#3581 = ORIENTED_EDGE('',*,*,#3527,.F.);
#3582 = PLANE('',#3583);
#3583 = AXIS2_PLACEMENT_3D('',#3584,#3585,#3586);
#3584 = CARTESIAN_POINT('',(40.377549908423,52.579328932551,19.98));
#3585 = DIRECTION('',(-0.866025403784,0.5,0.));
#3586 = DIRECTION('',(0.5,0.866025403784,0.));
#3587 = ADVANCED_FACE('',(#3588),#3599,.T.);
#3588 = FACE_BOUND('',#3589,.T.);
#3589 = EDGE_LOOP('',(#3590,#3596,#3597,#3598));
#3590 = ORIENTED_EDGE('',*,*,#3591,.F.);
#3591 = EDGE_CURVE('',#3544,#3568,#3592,.T.);
#3592 = LINE('',#3593,#3594);
#3593 = CARTESIAN_POINT('',(37.404196022097,52.579328932551,19.98));
#3594 = VECTOR('',#3595,1.);
#3595 = DIRECTION('',(1.,-2.98712650312E-16,0.));
#3596 = ORIENTED_EDGE('',*,*,#3553,.T.);
#3597 = ORIENTED_EDGE('',*,*,#923,.F.);
#3598 = ORIENTED_EDGE('',*,*,#3575,.F.);
#3599 = PLANE('',#3600);
#3600 = AXIS2_PLACEMENT_3D('',#3601,#3602,#3603);
#3601 = CARTESIAN_POINT('',(37.404196022097,52.579328932551,19.98));
#3602 = DIRECTION('',(2.98712650312E-16,1.,-0.));
#3603 = DIRECTION('',(1.,-2.98712650312E-16,0.));
#3604 = ADVANCED_FACE('',(#3605),#3630,.T.);
#3605 = FACE_BOUND('',#3606,.T.);
#3606 = EDGE_LOOP('',(#3607,#3617,#3623,#3624));
#3607 = ORIENTED_EDGE('',*,*,#3608,.F.);
#3608 = EDGE_CURVE('',#3609,#3611,#3613,.T.);
#3609 = VERTEX_POINT('',#3610);
#3610 = CARTESIAN_POINT('',(56.641005875714,41.46587296526,19.98));
#3611 = VERTEX_POINT('',#3612);
#3612 = CARTESIAN_POINT('',(53.667651989387,41.46587296526,19.98));
#3613 = LINE('',#3614,#3615);
#3614 = CARTESIAN_POINT('',(56.641005875714,41.46587296526,19.98));
#3615 = VECTOR('',#3616,1.);
#3616 = DIRECTION('',(-1.,1.49356325156E-16,0.));
#3617 = ORIENTED_EDGE('',*,*,#3618,.T.);
#3618 = EDGE_CURVE('',#3609,#950,#3619,.T.);
#3619 = LINE('',#3620,#3621);
#3620 = CARTESIAN_POINT('',(56.641005875714,41.46587296526,19.98));
#3621 = VECTOR('',#3622,1.);
#3622 = DIRECTION('',(0.,0.,1.));
#3623 = ORIENTED_EDGE('',*,*,#947,.F.);
#3624 = ORIENTED_EDGE('',*,*,#3625,.F.);
#3625 = EDGE_CURVE('',#3611,#948,#3626,.T.);
#3626 = LINE('',#3627,#3628);
#3627 = CARTESIAN_POINT('',(53.667651989387,41.46587296526,19.98));
#3628 = VECTOR('',#3629,1.);
#3629 = DIRECTION('',(0.,0.,1.));
#3630 = PLANE('',#3631);
#3631 = AXIS2_PLACEMENT_3D('',#3632,#3633,#3634);
#3632 = CARTESIAN_POINT('',(56.641005875714,41.46587296526,19.98));
#3633 = DIRECTION('',(-1.49356325156E-16,-1.,0.));
#3634 = DIRECTION('',(-1.,1.49356325156E-16,0.));
#3635 = ADVANCED_FACE('',(#3636),#3654,.T.);
#3636 = FACE_BOUND('',#3637,.T.);
#3637 = EDGE_LOOP('',(#3638,#3646,#3647,#3648));
#3638 = ORIENTED_EDGE('',*,*,#3639,.F.);
#3639 = EDGE_CURVE('',#3611,#3640,#3642,.T.);
#3640 = VERTEX_POINT('',#3641);
#3641 = CARTESIAN_POINT('',(52.180975046224,38.89087296526,19.98));
#3642 = LINE('',#3643,#3644);
#3643 = CARTESIAN_POINT('',(53.667651989387,41.46587296526,19.98));
#3644 = VECTOR('',#3645,1.);
#3645 = DIRECTION('',(-0.5,-0.866025403784,0.));
#3646 = ORIENTED_EDGE('',*,*,#3625,.T.);
#3647 = ORIENTED_EDGE('',*,*,#989,.F.);
#3648 = ORIENTED_EDGE('',*,*,#3649,.F.);
#3649 = EDGE_CURVE('',#3640,#982,#3650,.T.);
#3650 = LINE('',#3651,#3652);
#3651 = CARTESIAN_POINT('',(52.180975046224,38.89087296526,19.98));
#3652 = VECTOR('',#3653,1.);
#3653 = DIRECTION('',(0.,0.,1.));
#3654 = PLANE('',#3655);
#3655 = AXIS2_PLACEMENT_3D('',#3656,#3657,#3658);
#3656 = CARTESIAN_POINT('',(53.667651989387,41.46587296526,19.98));
#3657 = DIRECTION('',(0.866025403784,-0.5,0.));
#3658 = DIRECTION('',(-0.5,-0.866025403784,0.));
#3659 = ADVANCED_FACE('',(#3660),#3678,.T.);
#3660 = FACE_BOUND('',#3661,.T.);
#3661 = EDGE_LOOP('',(#3662,#3670,#3676,#3677));
#3662 = ORIENTED_EDGE('',*,*,#3663,.F.);
#3663 = EDGE_CURVE('',#3664,#3609,#3666,.T.);
#3664 = VERTEX_POINT('',#3665);
#3665 = CARTESIAN_POINT('',(58.127682818877,38.89087296526,19.98));
#3666 = LINE('',#3667,#3668);
#3667 = CARTESIAN_POINT('',(58.127682818877,38.89087296526,19.98));
#3668 = VECTOR('',#3669,1.);
#3669 = DIRECTION('',(-0.5,0.866025403784,0.));
#3670 = ORIENTED_EDGE('',*,*,#3671,.T.);
#3671 = EDGE_CURVE('',#3664,#958,#3672,.T.);
#3672 = LINE('',#3673,#3674);
#3673 = CARTESIAN_POINT('',(58.127682818877,38.89087296526,19.98));
#3674 = VECTOR('',#3675,1.);
#3675 = DIRECTION('',(0.,0.,1.));
#3676 = ORIENTED_EDGE('',*,*,#957,.F.);
#3677 = ORIENTED_EDGE('',*,*,#3618,.F.);
#3678 = PLANE('',#3679);
#3679 = AXIS2_PLACEMENT_3D('',#3680,#3681,#3682);
#3680 = CARTESIAN_POINT('',(58.127682818877,38.89087296526,19.98));
#3681 = DIRECTION('',(-0.866025403784,-0.5,0.));
#3682 = DIRECTION('',(-0.5,0.866025403784,0.));
#3683 = ADVANCED_FACE('',(#3684),#3702,.T.);
#3684 = FACE_BOUND('',#3685,.T.);
#3685 = EDGE_LOOP('',(#3686,#3694,#3695,#3696));
#3686 = ORIENTED_EDGE('',*,*,#3687,.F.);
#3687 = EDGE_CURVE('',#3640,#3688,#3690,.T.);
#3688 = VERTEX_POINT('',#3689);
#3689 = CARTESIAN_POINT('',(53.667651989387,36.31587296526,19.98));
#3690 = LINE('',#3691,#3692);
#3691 = CARTESIAN_POINT('',(52.180975046224,38.89087296526,19.98));
#3692 = VECTOR('',#3693,1.);
#3693 = DIRECTION('',(0.5,-0.866025403784,0.));
#3694 = ORIENTED_EDGE('',*,*,#3649,.T.);
#3695 = ORIENTED_EDGE('',*,*,#981,.F.);
#3696 = ORIENTED_EDGE('',*,*,#3697,.F.);
#3697 = EDGE_CURVE('',#3688,#974,#3698,.T.);
#3698 = LINE('',#3699,#3700);
#3699 = CARTESIAN_POINT('',(53.667651989387,36.31587296526,19.98));
#3700 = VECTOR('',#3701,1.);
#3701 = DIRECTION('',(0.,0.,1.));
#3702 = PLANE('',#3703);
#3703 = AXIS2_PLACEMENT_3D('',#3704,#3705,#3706);
#3704 = CARTESIAN_POINT('',(52.180975046224,38.89087296526,19.98));
#3705 = DIRECTION('',(0.866025403784,0.5,-0.));
#3706 = DIRECTION('',(0.5,-0.866025403784,0.));
#3707 = ADVANCED_FACE('',(#3708),#3726,.T.);
#3708 = FACE_BOUND('',#3709,.T.);
#3709 = EDGE_LOOP('',(#3710,#3718,#3724,#3725));
#3710 = ORIENTED_EDGE('',*,*,#3711,.F.);
#3711 = EDGE_CURVE('',#3712,#3664,#3714,.T.);
#3712 = VERTEX_POINT('',#3713);
#3713 = CARTESIAN_POINT('',(56.641005875714,36.31587296526,19.98));
#3714 = LINE('',#3715,#3716);
#3715 = CARTESIAN_POINT('',(56.641005875714,36.31587296526,19.98));
#3716 = VECTOR('',#3717,1.);
#3717 = DIRECTION('',(0.5,0.866025403784,0.));
#3718 = ORIENTED_EDGE('',*,*,#3719,.T.);
#3719 = EDGE_CURVE('',#3712,#966,#3720,.T.);
#3720 = LINE('',#3721,#3722);
#3721 = CARTESIAN_POINT('',(56.641005875714,36.31587296526,19.98));
#3722 = VECTOR('',#3723,1.);
#3723 = DIRECTION('',(0.,0.,1.));
#3724 = ORIENTED_EDGE('',*,*,#965,.F.);
#3725 = ORIENTED_EDGE('',*,*,#3671,.F.);
#3726 = PLANE('',#3727);
#3727 = AXIS2_PLACEMENT_3D('',#3728,#3729,#3730);
#3728 = CARTESIAN_POINT('',(56.641005875714,36.31587296526,19.98));
#3729 = DIRECTION('',(-0.866025403784,0.5,0.));
#3730 = DIRECTION('',(0.5,0.866025403784,0.));
#3731 = ADVANCED_FACE('',(#3732),#3743,.T.);
#3732 = FACE_BOUND('',#3733,.T.);
#3733 = EDGE_LOOP('',(#3734,#3740,#3741,#3742));
#3734 = ORIENTED_EDGE('',*,*,#3735,.F.);
#3735 = EDGE_CURVE('',#3688,#3712,#3736,.T.);
#3736 = LINE('',#3737,#3738);
#3737 = CARTESIAN_POINT('',(53.667651989387,36.31587296526,19.98));
#3738 = VECTOR('',#3739,1.);
#3739 = DIRECTION('',(1.,-2.98712650312E-16,0.));
#3740 = ORIENTED_EDGE('',*,*,#3697,.T.);
#3741 = ORIENTED_EDGE('',*,*,#973,.F.);
#3742 = ORIENTED_EDGE('',*,*,#3719,.F.);
#3743 = PLANE('',#3744);
#3744 = AXIS2_PLACEMENT_3D('',#3745,#3746,#3747);
#3745 = CARTESIAN_POINT('',(53.667651989387,36.31587296526,19.98));
#3746 = DIRECTION('',(2.98712650312E-16,1.,-0.));
#3747 = DIRECTION('',(1.,-2.98712650312E-16,0.));
#3748 = ADVANCED_FACE('',(#3749),#3760,.F.);
#3749 = FACE_BOUND('',#3750,.F.);
#3750 = EDGE_LOOP('',(#3751,#3752,#3758,#3759));
#3751 = ORIENTED_EDGE('',*,*,#997,.F.);
#3752 = ORIENTED_EDGE('',*,*,#3753,.F.);
#3753 = EDGE_CURVE('',#1402,#998,#3754,.T.);
#3754 = LINE('',#3755,#3756);
#3755 = CARTESIAN_POINT('',(50.718513554707,60.44397073986,18.48));
#3756 = VECTOR('',#3757,1.);
#3757 = DIRECTION('',(0.,0.,1.));
#3758 = ORIENTED_EDGE('',*,*,#1401,.T.);
#3759 = ORIENTED_EDGE('',*,*,#3753,.T.);
#3760 = CYLINDRICAL_SURFACE('',#3761,1.7);
#3761 = AXIS2_PLACEMENT_3D('',#3762,#3763,#3764);
#3762 = CARTESIAN_POINT('',(49.62577461824,59.141695186558,18.48));
#3763 = DIRECTION('',(0.,0.,1.));
#3764 = DIRECTION('',(0.642787609687,0.766044443119,0.));
#3765 = ADVANCED_FACE('',(#3766),#3785,.F.);
#3766 = FACE_BOUND('',#3767,.F.);
#3767 = EDGE_LOOP('',(#3768,#3777,#3783,#3784));
#3768 = ORIENTED_EDGE('',*,*,#3769,.F.);
#3769 = EDGE_CURVE('',#3770,#3770,#3772,.T.);
#3770 = VERTEX_POINT('',#3771);
#3771 = CARTESIAN_POINT('',(-23.6,-54.5,19.98));
#3772 = CIRCLE('',#3773,1.4);
#3773 = AXIS2_PLACEMENT_3D('',#3774,#3775,#3776);
#3774 = CARTESIAN_POINT('',(-25.,-54.5,19.98));
#3775 = DIRECTION('',(0.,0.,1.));
#3776 = DIRECTION('',(1.,0.,-0.));
#3777 = ORIENTED_EDGE('',*,*,#3778,.F.);
#3778 = EDGE_CURVE('',#1114,#3770,#3779,.T.);
#3779 = LINE('',#3780,#3781);
#3780 = CARTESIAN_POINT('',(-23.6,-54.5,18.48));
#3781 = VECTOR('',#3782,1.);
#3782 = DIRECTION('',(0.,0.,1.));
#3783 = ORIENTED_EDGE('',*,*,#1113,.T.);
#3784 = ORIENTED_EDGE('',*,*,#3778,.T.);
#3785 = CYLINDRICAL_SURFACE('',#3786,1.4);
#3786 = AXIS2_PLACEMENT_3D('',#3787,#3788,#3789);
#3787 = CARTESIAN_POINT('',(-25.,-54.5,18.48));
#3788 = DIRECTION('',(0.,0.,1.));
#3789 = DIRECTION('',(1.,0.,-0.));
#3790 = ADVANCED_FACE('',(#3791),#3810,.T.);
#3791 = FACE_BOUND('',#3792,.T.);
#3792 = EDGE_LOOP('',(#3793,#3794,#3802,#3809));
#3793 = ORIENTED_EDGE('',*,*,#1169,.F.);
#3794 = ORIENTED_EDGE('',*,*,#3795,.F.);
#3795 = EDGE_CURVE('',#3796,#1170,#3798,.T.);
#3796 = VERTEX_POINT('',#3797);
#3797 = CARTESIAN_POINT('',(-36.25,-24.5,2.78));
#3798 = LINE('',#3799,#3800);
#3799 = CARTESIAN_POINT('',(-36.25,-24.5,2.78));
#3800 = VECTOR('',#3801,1.);
#3801 = DIRECTION('',(0.,0.,1.));
#3802 = ORIENTED_EDGE('',*,*,#3803,.T.);
#3803 = EDGE_CURVE('',#3796,#3796,#3804,.T.);
#3804 = CIRCLE('',#3805,2.75);
#3805 = AXIS2_PLACEMENT_3D('',#3806,#3807,#3808);
#3806 = CARTESIAN_POINT('',(-39.,-24.5,2.78));
#3807 = DIRECTION('',(0.,0.,1.));
#3808 = DIRECTION('',(1.,0.,-0.));
#3809 = ORIENTED_EDGE('',*,*,#3795,.T.);
#3810 = CYLINDRICAL_SURFACE('',#3811,2.75);
#3811 = AXIS2_PLACEMENT_3D('',#3812,#3813,#3814);
#3812 = CARTESIAN_POINT('',(-39.,-24.5,2.78));
#3813 = DIRECTION('',(0.,0.,1.));
#3814 = DIRECTION('',(1.,0.,-0.));
#3815 = ADVANCED_FACE('',(#3816),#3835,.F.);
#3816 = FACE_BOUND('',#3817,.F.);
#3817 = EDGE_LOOP('',(#3818,#3827,#3833,#3834));
#3818 = ORIENTED_EDGE('',*,*,#3819,.F.);
#3819 = EDGE_CURVE('',#3820,#3820,#3822,.T.);
#3820 = VERTEX_POINT('',#3821);
#3821 = CARTESIAN_POINT('',(34.4,-54.5,19.98));
#3822 = CIRCLE('',#3823,1.4);
#3823 = AXIS2_PLACEMENT_3D('',#3824,#3825,#3826);
#3824 = CARTESIAN_POINT('',(33.,-54.5,19.98));
#3825 = DIRECTION('',(0.,0.,1.));
#3826 = DIRECTION('',(1.,0.,-0.));
#3827 = ORIENTED_EDGE('',*,*,#3828,.F.);
#3828 = EDGE_CURVE('',#1181,#3820,#3829,.T.);
#3829 = LINE('',#3830,#3831);
#3830 = CARTESIAN_POINT('',(34.4,-54.5,18.48));
#3831 = VECTOR('',#3832,1.);
#3832 = DIRECTION('',(0.,0.,1.));
#3833 = ORIENTED_EDGE('',*,*,#1180,.T.);
#3834 = ORIENTED_EDGE('',*,*,#3828,.T.);
#3835 = CYLINDRICAL_SURFACE('',#3836,1.4);
#3836 = AXIS2_PLACEMENT_3D('',#3837,#3838,#3839);
#3837 = CARTESIAN_POINT('',(33.,-54.5,18.48));
#3838 = DIRECTION('',(0.,0.,1.));
#3839 = DIRECTION('',(1.,0.,-0.));
#3840 = ADVANCED_FACE('',(#3841),#3860,.F.);
#3841 = FACE_BOUND('',#3842,.F.);
#3842 = EDGE_LOOP('',(#3843,#3852,#3858,#3859));
#3843 = ORIENTED_EDGE('',*,*,#3844,.F.);
#3844 = EDGE_CURVE('',#3845,#3845,#3847,.T.);
#3845 = VERTEX_POINT('',#3846);
#3846 = CARTESIAN_POINT('',(-23.6,2.5,19.98));
#3847 = CIRCLE('',#3848,1.4);
#3848 = AXIS2_PLACEMENT_3D('',#3849,#3850,#3851);
#3849 = CARTESIAN_POINT('',(-25.,2.5,19.98));
#3850 = DIRECTION('',(0.,0.,1.));
#3851 = DIRECTION('',(1.,0.,-0.));
#3852 = ORIENTED_EDGE('',*,*,#3853,.F.);
#3853 = EDGE_CURVE('',#1203,#3845,#3854,.T.);
#3854 = LINE('',#3855,#3856);
#3855 = CARTESIAN_POINT('',(-23.6,2.5,18.48));
#3856 = VECTOR('',#3857,1.);
#3857 = DIRECTION('',(0.,0.,1.));
#3858 = ORIENTED_EDGE('',*,*,#1202,.T.);
#3859 = ORIENTED_EDGE('',*,*,#3853,.T.);
#3860 = CYLINDRICAL_SURFACE('',#3861,1.4);
#3861 = AXIS2_PLACEMENT_3D('',#3862,#3863,#3864);
#3862 = CARTESIAN_POINT('',(-25.,2.5,18.48));
#3863 = DIRECTION('',(0.,0.,1.));
#3864 = DIRECTION('',(1.,0.,-0.));
#3865 = ADVANCED_FACE('',(#3866),#3885,.T.);
#3866 = FACE_BOUND('',#3867,.T.);
#3867 = EDGE_LOOP('',(#3868,#3869,#3877,#3884));
#3868 = ORIENTED_EDGE('',*,*,#1213,.F.);
#3869 = ORIENTED_EDGE('',*,*,#3870,.F.);
#3870 = EDGE_CURVE('',#3871,#1214,#3873,.T.);
#3871 = VERTEX_POINT('',#3872);
#3872 = CARTESIAN_POINT('',(-36.25,24.5,2.78));
#3873 = LINE('',#3874,#3875);
#3874 = CARTESIAN_POINT('',(-36.25,24.5,2.78));
#3875 = VECTOR('',#3876,1.);
#3876 = DIRECTION('',(0.,0.,1.));
#3877 = ORIENTED_EDGE('',*,*,#3878,.T.);
#3878 = EDGE_CURVE('',#3871,#3871,#3879,.T.);
#3879 = CIRCLE('',#3880,2.75);
#3880 = AXIS2_PLACEMENT_3D('',#3881,#3882,#3883);
#3881 = CARTESIAN_POINT('',(-39.,24.5,2.78));
#3882 = DIRECTION('',(0.,0.,1.));
#3883 = DIRECTION('',(1.,0.,-0.));
#3884 = ORIENTED_EDGE('',*,*,#3870,.T.);
#3885 = CYLINDRICAL_SURFACE('',#3886,2.75);
#3886 = AXIS2_PLACEMENT_3D('',#3887,#3888,#3889);
#3887 = CARTESIAN_POINT('',(-39.,24.5,2.78));
#3888 = DIRECTION('',(0.,0.,1.));
#3889 = DIRECTION('',(1.,0.,-0.));
#3890 = ADVANCED_FACE('',(#3891),#3910,.F.);
#3891 = FACE_BOUND('',#3892,.F.);
#3892 = EDGE_LOOP('',(#3893,#3902,#3908,#3909));
#3893 = ORIENTED_EDGE('',*,*,#3894,.F.);
#3894 = EDGE_CURVE('',#3895,#3895,#3897,.T.);
#3895 = VERTEX_POINT('',#3896);
#3896 = CARTESIAN_POINT('',(-12.6,28.954,19.98));
#3897 = CIRCLE('',#3898,1.4);
#3898 = AXIS2_PLACEMENT_3D('',#3899,#3900,#3901);
#3899 = CARTESIAN_POINT('',(-14.,28.954,19.98));
#3900 = DIRECTION('',(0.,0.,1.));
#3901 = DIRECTION('',(1.,0.,-0.));
#3902 = ORIENTED_EDGE('',*,*,#3903,.F.);
#3903 = EDGE_CURVE('',#1225,#3895,#3904,.T.);
#3904 = LINE('',#3905,#3906);
#3905 = CARTESIAN_POINT('',(-12.6,28.954,18.48));
#3906 = VECTOR('',#3907,1.);
#3907 = DIRECTION('',(0.,0.,1.));
#3908 = ORIENTED_EDGE('',*,*,#1224,.T.);
#3909 = ORIENTED_EDGE('',*,*,#3903,.T.);
#3910 = CYLINDRICAL_SURFACE('',#3911,1.4);
#3911 = AXIS2_PLACEMENT_3D('',#3912,#3913,#3914);
#3912 = CARTESIAN_POINT('',(-14.,28.954,18.48));
#3913 = DIRECTION('',(0.,0.,1.));
#3914 = DIRECTION('',(1.,0.,-0.));
#3915 = ADVANCED_FACE('',(#3916),#3935,.F.);
#3916 = FACE_BOUND('',#3917,.F.);
#3917 = EDGE_LOOP('',(#3918,#3927,#3933,#3934));
#3918 = ORIENTED_EDGE('',*,*,#3919,.F.);
#3919 = EDGE_CURVE('',#3920,#3920,#3922,.T.);
#3920 = VERTEX_POINT('',#3921);
#3921 = CARTESIAN_POINT('',(-31.54795555257,42.280991295208,19.98));
#3922 = CIRCLE('',#3923,1.4);
#3923 = AXIS2_PLACEMENT_3D('',#3924,#3925,#3926);
#3924 = CARTESIAN_POINT('',(-32.94795555257,42.280991295208,19.98));
#3925 = DIRECTION('',(0.,0.,1.));
#3926 = DIRECTION('',(1.,0.,-0.));
#3927 = ORIENTED_EDGE('',*,*,#3928,.F.);
#3928 = EDGE_CURVE('',#1236,#3920,#3929,.T.);
#3929 = LINE('',#3930,#3931);
#3930 = CARTESIAN_POINT('',(-31.54795555257,42.280991295208,18.48));
#3931 = VECTOR('',#3932,1.);
#3932 = DIRECTION('',(0.,0.,1.));
#3933 = ORIENTED_EDGE('',*,*,#1235,.T.);
#3934 = ORIENTED_EDGE('',*,*,#3928,.T.);
#3935 = CYLINDRICAL_SURFACE('',#3936,1.4);
#3936 = AXIS2_PLACEMENT_3D('',#3937,#3938,#3939);
#3937 = CARTESIAN_POINT('',(-32.94795555257,42.280991295208,18.48));
#3938 = DIRECTION('',(0.,0.,1.));
#3939 = DIRECTION('',(1.,0.,-0.));
#3940 = ADVANCED_FACE('',(#3941),#3960,.F.);
#3941 = FACE_BOUND('',#3942,.F.);
#3942 = EDGE_LOOP('',(#3943,#3952,#3958,#3959));
#3943 = ORIENTED_EDGE('',*,*,#3944,.F.);
#3944 = EDGE_CURVE('',#3945,#3945,#3947,.T.);
#3945 = VERTEX_POINT('',#3946);
#3946 = CARTESIAN_POINT('',(-37.70431813243,59.195458469354,19.98));
#3947 = CIRCLE('',#3948,1.4);
#3948 = AXIS2_PLACEMENT_3D('',#3949,#3950,#3951);
#3949 = CARTESIAN_POINT('',(-39.10431813243,59.195458469354,19.98));
#3950 = DIRECTION('',(0.,0.,1.));
#3951 = DIRECTION('',(1.,0.,-0.));
#3952 = ORIENTED_EDGE('',*,*,#3953,.F.);
#3953 = EDGE_CURVE('',#1247,#3945,#3954,.T.);
#3954 = LINE('',#3955,#3956);
#3955 = CARTESIAN_POINT('',(-37.70431813243,59.195458469354,18.48));
#3956 = VECTOR('',#3957,1.);
#3957 = DIRECTION('',(0.,0.,1.));
#3958 = ORIENTED_EDGE('',*,*,#1246,.T.);
#3959 = ORIENTED_EDGE('',*,*,#3953,.T.);
#3960 = CYLINDRICAL_SURFACE('',#3961,1.4);
#3961 = AXIS2_PLACEMENT_3D('',#3962,#3963,#3964);
#3962 = CARTESIAN_POINT('',(-39.10431813243,59.195458469354,18.48));
#3963 = DIRECTION('',(0.,0.,1.));
#3964 = DIRECTION('',(1.,0.,-0.));
#3965 = ADVANCED_FACE('',(#3966),#3985,.T.);
#3966 = FACE_BOUND('',#3967,.T.);
#3967 = EDGE_LOOP('',(#3968,#3969,#3977,#3984));
#3968 = ORIENTED_EDGE('',*,*,#1268,.F.);
#3969 = ORIENTED_EDGE('',*,*,#3970,.F.);
#3970 = EDGE_CURVE('',#3971,#1269,#3973,.T.);
#3971 = VERTEX_POINT('',#3972);
#3972 = CARTESIAN_POINT('',(21.75,24.5,2.78));
#3973 = LINE('',#3974,#3975);
#3974 = CARTESIAN_POINT('',(21.75,24.5,2.78));
#3975 = VECTOR('',#3976,1.);
#3976 = DIRECTION('',(0.,0.,1.));
#3977 = ORIENTED_EDGE('',*,*,#3978,.T.);
#3978 = EDGE_CURVE('',#3971,#3971,#3979,.T.);
#3979 = CIRCLE('',#3980,2.75);
#3980 = AXIS2_PLACEMENT_3D('',#3981,#3982,#3983);
#3981 = CARTESIAN_POINT('',(19.,24.5,2.78));
#3982 = DIRECTION('',(0.,0.,1.));
#3983 = DIRECTION('',(1.,0.,-0.));
#3984 = ORIENTED_EDGE('',*,*,#3970,.T.);
#3985 = CYLINDRICAL_SURFACE('',#3986,2.75);
#3986 = AXIS2_PLACEMENT_3D('',#3987,#3988,#3989);
#3987 = CARTESIAN_POINT('',(19.,24.5,2.78));
#3988 = DIRECTION('',(0.,0.,1.));
#3989 = DIRECTION('',(1.,0.,-0.));
#3990 = ADVANCED_FACE('',(#3991),#4010,.F.);
#3991 = FACE_BOUND('',#3992,.F.);
#3992 = EDGE_LOOP('',(#3993,#4002,#4008,#4009));
#3993 = ORIENTED_EDGE('',*,*,#3994,.F.);
#3994 = EDGE_CURVE('',#3995,#3995,#3997,.T.);
#3995 = VERTEX_POINT('',#3996);
#3996 = CARTESIAN_POINT('',(15.4,28.954,19.98));
#3997 = CIRCLE('',#3998,1.4);
#3998 = AXIS2_PLACEMENT_3D('',#3999,#4000,#4001);
#3999 = CARTESIAN_POINT('',(14.,28.954,19.98));
#4000 = DIRECTION('',(0.,0.,1.));
#4001 = DIRECTION('',(1.,0.,-0.));
#4002 = ORIENTED_EDGE('',*,*,#4003,.F.);
#4003 = EDGE_CURVE('',#1280,#3995,#4004,.T.);
#4004 = LINE('',#4005,#4006);
#4005 = CARTESIAN_POINT('',(15.4,28.954,18.48));
#4006 = VECTOR('',#4007,1.);
#4007 = DIRECTION('',(0.,0.,1.));
#4008 = ORIENTED_EDGE('',*,*,#1279,.T.);
#4009 = ORIENTED_EDGE('',*,*,#4003,.T.);
#4010 = CYLINDRICAL_SURFACE('',#4011,1.4);
#4011 = AXIS2_PLACEMENT_3D('',#4012,#4013,#4014);
#4012 = CARTESIAN_POINT('',(14.,28.954,18.48));
#4013 = DIRECTION('',(0.,0.,1.));
#4014 = DIRECTION('',(1.,0.,-0.));
#4015 = ADVANCED_FACE('',(#4016),#4035,.F.);
#4016 = FACE_BOUND('',#4017,.F.);
#4017 = EDGE_LOOP('',(#4018,#4027,#4033,#4034));
#4018 = ORIENTED_EDGE('',*,*,#4019,.F.);
#4019 = EDGE_CURVE('',#4020,#4020,#4022,.T.);
#4020 = VERTEX_POINT('',#4021);
#4021 = CARTESIAN_POINT('',(34.4,2.5,19.98));
#4022 = CIRCLE('',#4023,1.4);
#4023 = AXIS2_PLACEMENT_3D('',#4024,#4025,#4026);
#4024 = CARTESIAN_POINT('',(33.,2.5,19.98));
#4025 = DIRECTION('',(0.,0.,1.));
#4026 = DIRECTION('',(1.,0.,-0.));
#4027 = ORIENTED_EDGE('',*,*,#4028,.F.);
#4028 = EDGE_CURVE('',#1291,#4020,#4029,.T.);
#4029 = LINE('',#4030,#4031);
#4030 = CARTESIAN_POINT('',(34.4,2.5,18.48));
#4031 = VECTOR('',#4032,1.);
#4032 = DIRECTION('',(0.,0.,1.));
#4033 = ORIENTED_EDGE('',*,*,#1290,.T.);
#4034 = ORIENTED_EDGE('',*,*,#4028,.T.);
#4035 = CYLINDRICAL_SURFACE('',#4036,1.4);
#4036 = AXIS2_PLACEMENT_3D('',#4037,#4038,#4039);
#4037 = CARTESIAN_POINT('',(33.,2.5,18.48));
#4038 = DIRECTION('',(0.,0.,1.));
#4039 = DIRECTION('',(1.,0.,-0.));
#4040 = ADVANCED_FACE('',(#4041),#4060,.F.);
#4041 = FACE_BOUND('',#4042,.F.);
#4042 = EDGE_LOOP('',(#4043,#4052,#4058,#4059));
#4043 = ORIENTED_EDGE('',*,*,#4044,.F.);
#4044 = EDGE_CURVE('',#4045,#4045,#4047,.T.);
#4045 = VERTEX_POINT('',#4046);
#4046 = CARTESIAN_POINT('',(40.29087296526,22.62741699797,19.98));
#4047 = CIRCLE('',#4048,1.4);
#4048 = AXIS2_PLACEMENT_3D('',#4049,#4050,#4051);
#4049 = CARTESIAN_POINT('',(38.89087296526,22.62741699797,19.98));
#4050 = DIRECTION('',(0.,0.,1.));
#4051 = DIRECTION('',(1.,0.,-0.));
#4052 = ORIENTED_EDGE('',*,*,#4053,.F.);
#4053 = EDGE_CURVE('',#1302,#4045,#4054,.T.);
#4054 = LINE('',#4055,#4056);
#4055 = CARTESIAN_POINT('',(40.29087296526,22.62741699797,18.48));
#4056 = VECTOR('',#4057,1.);
#4057 = DIRECTION('',(0.,0.,1.));
#4058 = ORIENTED_EDGE('',*,*,#1301,.T.);
#4059 = ORIENTED_EDGE('',*,*,#4053,.T.);
#4060 = CYLINDRICAL_SURFACE('',#4061,1.4);
#4061 = AXIS2_PLACEMENT_3D('',#4062,#4063,#4064);
#4062 = CARTESIAN_POINT('',(38.89087296526,22.62741699797,18.48));
#4063 = DIRECTION('',(0.,0.,1.));
#4064 = DIRECTION('',(1.,0.,-0.));
#4065 = ADVANCED_FACE('',(#4066),#4085,.F.);
#4066 = FACE_BOUND('',#4067,.F.);
#4067 = EDGE_LOOP('',(#4068,#4077,#4083,#4084));
#4068 = ORIENTED_EDGE('',*,*,#4069,.F.);
#4069 = EDGE_CURVE('',#4070,#4070,#4072,.T.);
#4070 = VERTEX_POINT('',#4071);
#4071 = CARTESIAN_POINT('',(-0.538099066642,53.567656024955,19.98));
#4072 = CIRCLE('',#4073,1.4);
#4073 = AXIS2_PLACEMENT_3D('',#4074,#4075,#4076);
#4074 = CARTESIAN_POINT('',(-1.938099066642,53.567656024955,19.98));
#4075 = DIRECTION('',(0.,0.,1.));
#4076 = DIRECTION('',(1.,0.,-0.));
#4077 = ORIENTED_EDGE('',*,*,#4078,.F.);
#4078 = EDGE_CURVE('',#1347,#4070,#4079,.T.);
#4079 = LINE('',#4080,#4081);
#4080 = CARTESIAN_POINT('',(-0.538099066642,53.567656024955,18.48));
#4081 = VECTOR('',#4082,1.);
#4082 = DIRECTION('',(0.,0.,1.));
#4083 = ORIENTED_EDGE('',*,*,#1346,.T.);
#4084 = ORIENTED_EDGE('',*,*,#4078,.T.);
#4085 = CYLINDRICAL_SURFACE('',#4086,1.4);
#4086 = AXIS2_PLACEMENT_3D('',#4087,#4088,#4089);
#4087 = CARTESIAN_POINT('',(-1.938099066642,53.567656024955,18.48));
#4088 = DIRECTION('',(0.,0.,1.));
#4089 = DIRECTION('',(1.,0.,-0.));
#4090 = ADVANCED_FACE('',(#4091),#4110,.F.);
#4091 = FACE_BOUND('',#4092,.F.);
#4092 = EDGE_LOOP('',(#4093,#4102,#4108,#4109));
#4093 = ORIENTED_EDGE('',*,*,#4094,.F.);
#4094 = EDGE_CURVE('',#4095,#4095,#4097,.T.);
#4095 = VERTEX_POINT('',#4096);
#4096 = CARTESIAN_POINT('',(24.02741699797,38.89087296526,19.98));
#4097 = CIRCLE('',#4098,1.4);
#4098 = AXIS2_PLACEMENT_3D('',#4099,#4100,#4101);
#4099 = CARTESIAN_POINT('',(22.62741699797,38.89087296526,19.98));
#4100 = DIRECTION('',(0.,0.,1.));
#4101 = DIRECTION('',(1.,0.,-0.));
#4102 = ORIENTED_EDGE('',*,*,#4103,.F.);
#4103 = EDGE_CURVE('',#1358,#4095,#4104,.T.);
#4104 = LINE('',#4105,#4106);
#4105 = CARTESIAN_POINT('',(24.02741699797,38.89087296526,18.48));
#4106 = VECTOR('',#4107,1.);
#4107 = DIRECTION('',(0.,0.,1.));
#4108 = ORIENTED_EDGE('',*,*,#1357,.T.);
#4109 = ORIENTED_EDGE('',*,*,#4103,.T.);
#4110 = CYLINDRICAL_SURFACE('',#4111,1.4);
#4111 = AXIS2_PLACEMENT_3D('',#4112,#4113,#4114);
#4112 = CARTESIAN_POINT('',(22.62741699797,38.89087296526,18.48));
#4113 = DIRECTION('',(0.,0.,1.));
#4114 = DIRECTION('',(1.,0.,-0.));
#4115 = ADVANCED_FACE('',(#4116),#4135,.F.);
#4116 = FACE_BOUND('',#4117,.F.);
#4117 = EDGE_LOOP('',(#4118,#4127,#4133,#4134));
#4118 = ORIENTED_EDGE('',*,*,#4119,.F.);
#4119 = EDGE_CURVE('',#4120,#4120,#4122,.T.);
#4120 = VERTEX_POINT('',#4121);
#4121 = CARTESIAN_POINT('',(-6.694461646504,70.482123199101,19.98));
#4122 = CIRCLE('',#4123,1.4);
#4123 = AXIS2_PLACEMENT_3D('',#4124,#4125,#4126);
#4124 = CARTESIAN_POINT('',(-8.094461646504,70.482123199101,19.98));
#4125 = DIRECTION('',(0.,0.,1.));
#4126 = DIRECTION('',(1.,0.,-0.));
#4127 = ORIENTED_EDGE('',*,*,#4128,.F.);
#4128 = EDGE_CURVE('',#1369,#4120,#4129,.T.);
#4129 = LINE('',#4130,#4131);
#4130 = CARTESIAN_POINT('',(-6.694461646504,70.482123199101,18.48));
#4131 = VECTOR('',#4132,1.);
#4132 = DIRECTION('',(0.,0.,1.));
#4133 = ORIENTED_EDGE('',*,*,#1368,.T.);
#4134 = ORIENTED_EDGE('',*,*,#4128,.T.);
#4135 = CYLINDRICAL_SURFACE('',#4136,1.4);
#4136 = AXIS2_PLACEMENT_3D('',#4137,#4138,#4139);
#4137 = CARTESIAN_POINT('',(-8.094461646504,70.482123199101,18.48));
#4138 = DIRECTION('',(0.,0.,1.));
#4139 = DIRECTION('',(1.,0.,-0.));
#4140 = ADVANCED_FACE('',(#4141),#4160,.F.);
#4141 = FACE_BOUND('',#4142,.F.);
#4142 = EDGE_LOOP('',(#4143,#4152,#4158,#4159));
#4143 = ORIENTED_EDGE('',*,*,#4144,.F.);
#4144 = EDGE_CURVE('',#4145,#4145,#4147,.T.);
#4145 = VERTEX_POINT('',#4146);
#4146 = CARTESIAN_POINT('',(56.554328932551,38.89087296526,19.98));
#4147 = CIRCLE('',#4148,1.4);
#4148 = AXIS2_PLACEMENT_3D('',#4149,#4150,#4151);
#4149 = CARTESIAN_POINT('',(55.154328932551,38.89087296526,19.98));
#4150 = DIRECTION('',(0.,0.,1.));
#4151 = DIRECTION('',(1.,0.,-0.));
#4152 = ORIENTED_EDGE('',*,*,#4153,.F.);
#4153 = EDGE_CURVE('',#1380,#4145,#4154,.T.);
#4154 = LINE('',#4155,#4156);
#4155 = CARTESIAN_POINT('',(56.554328932551,38.89087296526,18.48));
#4156 = VECTOR('',#4157,1.);
#4157 = DIRECTION('',(0.,0.,1.));
#4158 = ORIENTED_EDGE('',*,*,#1379,.T.);
#4159 = ORIENTED_EDGE('',*,*,#4153,.T.);
#4160 = CYLINDRICAL_SURFACE('',#4161,1.4);
#4161 = AXIS2_PLACEMENT_3D('',#4162,#4163,#4164);
#4162 = CARTESIAN_POINT('',(55.154328932551,38.89087296526,18.48));
#4163 = DIRECTION('',(0.,0.,1.));
#4164 = DIRECTION('',(1.,0.,-0.));
#4165 = ADVANCED_FACE('',(#4166),#4185,.F.);
#4166 = FACE_BOUND('',#4167,.F.);
#4167 = EDGE_LOOP('',(#4168,#4177,#4183,#4184));
#4168 = ORIENTED_EDGE('',*,*,#4169,.F.);
#4169 = EDGE_CURVE('',#4170,#4170,#4172,.T.);
#4170 = VERTEX_POINT('',#4171);
#4171 = CARTESIAN_POINT('',(40.29087296526,55.154328932551,19.98));
#4172 = CIRCLE('',#4173,1.4);
#4173 = AXIS2_PLACEMENT_3D('',#4174,#4175,#4176);
#4174 = CARTESIAN_POINT('',(38.89087296526,55.154328932551,19.98));
#4175 = DIRECTION('',(0.,0.,1.));
#4176 = DIRECTION('',(1.,0.,-0.));
#4177 = ORIENTED_EDGE('',*,*,#4178,.F.);
#4178 = EDGE_CURVE('',#1391,#4170,#4179,.T.);
#4179 = LINE('',#4180,#4181);
#4180 = CARTESIAN_POINT('',(40.29087296526,55.154328932551,18.48));
#4181 = VECTOR('',#4182,1.);
#4182 = DIRECTION('',(0.,0.,1.));
#4183 = ORIENTED_EDGE('',*,*,#1390,.T.);
#4184 = ORIENTED_EDGE('',*,*,#4178,.T.);
#4185 = CYLINDRICAL_SURFACE('',#4186,1.4);
#4186 = AXIS2_PLACEMENT_3D('',#4187,#4188,#4189);
#4187 = CARTESIAN_POINT('',(38.89087296526,55.154328932551,18.48));
#4188 = DIRECTION('',(0.,0.,1.));
#4189 = DIRECTION('',(1.,0.,-0.));
#4190 = ADVANCED_FACE('',(#4191,#4199),#4202,.T.);
#4191 = FACE_BOUND('',#4192,.T.);
#4192 = EDGE_LOOP('',(#4193,#4194,#4195,#4196,#4197,#4198));
#4193 = ORIENTED_EDGE('',*,*,#1604,.T.);
#4194 = ORIENTED_EDGE('',*,*,#1549,.T.);
#4195 = ORIENTED_EDGE('',*,*,#1580,.T.);
#4196 = ORIENTED_EDGE('',*,*,#1628,.T.);
#4197 = ORIENTED_EDGE('',*,*,#1676,.T.);
#4198 = ORIENTED_EDGE('',*,*,#1652,.T.);
#4199 = FACE_BOUND('',#4200,.T.);
#4200 = EDGE_LOOP('',(#4201));
#4201 = ORIENTED_EDGE('',*,*,#3769,.F.);
#4202 = PLANE('',#4203);
#4203 = AXIS2_PLACEMENT_3D('',#4204,#4205,#4206);
#4204 = CARTESIAN_POINT('',(-25.,-54.5,19.98));
#4205 = DIRECTION('',(0.,0.,1.));
#4206 = DIRECTION('',(1.,0.,-0.));
#4207 = ADVANCED_FACE('',(#4208,#4216),#4219,.T.);
#4208 = FACE_BOUND('',#4209,.T.);
#4209 = EDGE_LOOP('',(#4210,#4211,#4212,#4213,#4214,#4215));
#4210 = ORIENTED_EDGE('',*,*,#1833,.T.);
#4211 = ORIENTED_EDGE('',*,*,#1778,.T.);
#4212 = ORIENTED_EDGE('',*,*,#1809,.T.);
#4213 = ORIENTED_EDGE('',*,*,#1857,.T.);
#4214 = ORIENTED_EDGE('',*,*,#1905,.T.);
#4215 = ORIENTED_EDGE('',*,*,#1881,.T.);
#4216 = FACE_BOUND('',#4217,.T.);
#4217 = EDGE_LOOP('',(#4218));
#4218 = ORIENTED_EDGE('',*,*,#3819,.F.);
#4219 = PLANE('',#4220);
#4220 = AXIS2_PLACEMENT_3D('',#4221,#4222,#4223);
#4221 = CARTESIAN_POINT('',(33.,-54.5,19.98));
#4222 = DIRECTION('',(0.,0.,1.));
#4223 = DIRECTION('',(1.,0.,-0.));
#4224 = ADVANCED_FACE('',(#4225,#4233),#4236,.T.);
#4225 = FACE_BOUND('',#4226,.T.);
#4226 = EDGE_LOOP('',(#4227,#4228,#4229,#4230,#4231,#4232));
#4227 = ORIENTED_EDGE('',*,*,#1994,.T.);
#4228 = ORIENTED_EDGE('',*,*,#1939,.T.);
#4229 = ORIENTED_EDGE('',*,*,#1970,.T.);
#4230 = ORIENTED_EDGE('',*,*,#2018,.T.);
#4231 = ORIENTED_EDGE('',*,*,#2066,.T.);
#4232 = ORIENTED_EDGE('',*,*,#2042,.T.);
#4233 = FACE_BOUND('',#4234,.T.);
#4234 = EDGE_LOOP('',(#4235));
#4235 = ORIENTED_EDGE('',*,*,#3844,.F.);
#4236 = PLANE('',#4237);
#4237 = AXIS2_PLACEMENT_3D('',#4238,#4239,#4240);
#4238 = CARTESIAN_POINT('',(-25.,2.5,19.98));
#4239 = DIRECTION('',(0.,0.,1.));
#4240 = DIRECTION('',(1.,0.,-0.));
#4241 = ADVANCED_FACE('',(#4242,#4250),#4253,.T.);
#4242 = FACE_BOUND('',#4243,.T.);
#4243 = EDGE_LOOP('',(#4244,#4245,#4246,#4247,#4248,#4249));
#4244 = ORIENTED_EDGE('',*,*,#2210,.T.);
#4245 = ORIENTED_EDGE('',*,*,#2083,.T.);
#4246 = ORIENTED_EDGE('',*,*,#2114,.T.);
#4247 = ORIENTED_EDGE('',*,*,#2138,.T.);
#4248 = ORIENTED_EDGE('',*,*,#2162,.T.);
#4249 = ORIENTED_EDGE('',*,*,#2186,.T.);
#4250 = FACE_BOUND('',#4251,.T.);
#4251 = EDGE_LOOP('',(#4252));
#4252 = ORIENTED_EDGE('',*,*,#3894,.F.);
#4253 = PLANE('',#4254);
#4254 = AXIS2_PLACEMENT_3D('',#4255,#4256,#4257);
#4255 = CARTESIAN_POINT('',(-14.,28.954,19.98));
#4256 = DIRECTION('',(0.,0.,1.));
#4257 = DIRECTION('',(1.,0.,-0.));
#4258 = ADVANCED_FACE('',(#4259,#4267),#4270,.T.);
#4259 = FACE_BOUND('',#4260,.T.);
#4260 = EDGE_LOOP('',(#4261,#4262,#4263,#4264,#4265,#4266));
#4261 = ORIENTED_EDGE('',*,*,#2282,.T.);
#4262 = ORIENTED_EDGE('',*,*,#2227,.T.);
#4263 = ORIENTED_EDGE('',*,*,#2258,.T.);
#4264 = ORIENTED_EDGE('',*,*,#2306,.T.);
#4265 = ORIENTED_EDGE('',*,*,#2354,.T.);
#4266 = ORIENTED_EDGE('',*,*,#2330,.T.);
#4267 = FACE_BOUND('',#4268,.T.);
#4268 = EDGE_LOOP('',(#4269));
#4269 = ORIENTED_EDGE('',*,*,#3919,.F.);
#4270 = PLANE('',#4271);
#4271 = AXIS2_PLACEMENT_3D('',#4272,#4273,#4274);
#4272 = CARTESIAN_POINT('',(-32.94795555257,42.280991295208,19.98));
#4273 = DIRECTION('',(0.,0.,1.));
#4274 = DIRECTION('',(1.,0.,-0.));
#4275 = ADVANCED_FACE('',(#4276,#4284),#4287,.T.);
#4276 = FACE_BOUND('',#4277,.T.);
#4277 = EDGE_LOOP('',(#4278,#4279,#4280,#4281,#4282,#4283));
#4278 = ORIENTED_EDGE('',*,*,#2426,.T.);
#4279 = ORIENTED_EDGE('',*,*,#2371,.T.);
#4280 = ORIENTED_EDGE('',*,*,#2402,.T.);
#4281 = ORIENTED_EDGE('',*,*,#2450,.T.);
#4282 = ORIENTED_EDGE('',*,*,#2498,.T.);
#4283 = ORIENTED_EDGE('',*,*,#2474,.T.);
#4284 = FACE_BOUND('',#4285,.T.);
#4285 = EDGE_LOOP('',(#4286));
#4286 = ORIENTED_EDGE('',*,*,#3944,.F.);
#4287 = PLANE('',#4288);
#4288 = AXIS2_PLACEMENT_3D('',#4289,#4290,#4291);
#4289 = CARTESIAN_POINT('',(-39.10431813243,59.195458469354,19.98));
#4290 = DIRECTION('',(0.,0.,1.));
#4291 = DIRECTION('',(1.,0.,-0.));
#4292 = ADVANCED_FACE('',(#4293,#4301),#4304,.T.);
#4293 = FACE_BOUND('',#4294,.T.);
#4294 = EDGE_LOOP('',(#4295,#4296,#4297,#4298,#4299,#4300));
#4295 = ORIENTED_EDGE('',*,*,#2587,.T.);
#4296 = ORIENTED_EDGE('',*,*,#2532,.T.);
#4297 = ORIENTED_EDGE('',*,*,#2563,.T.);
#4298 = ORIENTED_EDGE('',*,*,#2611,.T.);
#4299 = ORIENTED_EDGE('',*,*,#2659,.T.);
#4300 = ORIENTED_EDGE('',*,*,#2635,.T.);
#4301 = FACE_BOUND('',#4302,.T.);
#4302 = EDGE_LOOP('',(#4303));
#4303 = ORIENTED_EDGE('',*,*,#3994,.F.);
#4304 = PLANE('',#4305);
#4305 = AXIS2_PLACEMENT_3D('',#4306,#4307,#4308);
#4306 = CARTESIAN_POINT('',(14.,28.954,19.98));
#4307 = DIRECTION('',(0.,0.,1.));
#4308 = DIRECTION('',(1.,0.,-0.));
#4309 = ADVANCED_FACE('',(#4310,#4318),#4321,.T.);
#4310 = FACE_BOUND('',#4311,.T.);
#4311 = EDGE_LOOP('',(#4312,#4313,#4314,#4315,#4316,#4317));
#4312 = ORIENTED_EDGE('',*,*,#2731,.T.);
#4313 = ORIENTED_EDGE('',*,*,#2676,.T.);
#4314 = ORIENTED_EDGE('',*,*,#2707,.T.);
#4315 = ORIENTED_EDGE('',*,*,#2755,.T.);
#4316 = ORIENTED_EDGE('',*,*,#2803,.T.);
#4317 = ORIENTED_EDGE('',*,*,#2779,.T.);
#4318 = FACE_BOUND('',#4319,.T.);
#4319 = EDGE_LOOP('',(#4320));
#4320 = ORIENTED_EDGE('',*,*,#4019,.F.);
#4321 = PLANE('',#4322);
#4322 = AXIS2_PLACEMENT_3D('',#4323,#4324,#4325);
#4323 = CARTESIAN_POINT('',(33.,2.5,19.98));
#4324 = DIRECTION('',(0.,0.,1.));
#4325 = DIRECTION('',(1.,0.,-0.));
#4326 = ADVANCED_FACE('',(#4327,#4335),#4338,.T.);
#4327 = FACE_BOUND('',#4328,.T.);
#4328 = EDGE_LOOP('',(#4329,#4330,#4331,#4332,#4333,#4334));
#4329 = ORIENTED_EDGE('',*,*,#2875,.T.);
#4330 = ORIENTED_EDGE('',*,*,#2820,.T.);
#4331 = ORIENTED_EDGE('',*,*,#2851,.T.);
#4332 = ORIENTED_EDGE('',*,*,#2899,.T.);
#4333 = ORIENTED_EDGE('',*,*,#2947,.T.);
#4334 = ORIENTED_EDGE('',*,*,#2923,.T.);
#4335 = FACE_BOUND('',#4336,.T.);
#4336 = EDGE_LOOP('',(#4337));
#4337 = ORIENTED_EDGE('',*,*,#4044,.F.);
#4338 = PLANE('',#4339);
#4339 = AXIS2_PLACEMENT_3D('',#4340,#4341,#4342);
#4340 = CARTESIAN_POINT('',(38.89087296526,22.62741699797,19.98));
#4341 = DIRECTION('',(0.,0.,1.));
#4342 = DIRECTION('',(1.,0.,-0.));
#4343 = ADVANCED_FACE('',(#4344,#4352),#4355,.T.);
#4344 = FACE_BOUND('',#4345,.T.);
#4345 = EDGE_LOOP('',(#4346,#4347,#4348,#4349,#4350,#4351));
#4346 = ORIENTED_EDGE('',*,*,#3087,.T.);
#4347 = ORIENTED_EDGE('',*,*,#3032,.T.);
#4348 = ORIENTED_EDGE('',*,*,#3063,.T.);
#4349 = ORIENTED_EDGE('',*,*,#3111,.T.);
#4350 = ORIENTED_EDGE('',*,*,#3159,.T.);
#4351 = ORIENTED_EDGE('',*,*,#3135,.T.);
#4352 = FACE_BOUND('',#4353,.T.);
#4353 = EDGE_LOOP('',(#4354));
#4354 = ORIENTED_EDGE('',*,*,#4069,.F.);
#4355 = PLANE('',#4356);
#4356 = AXIS2_PLACEMENT_3D('',#4357,#4358,#4359);
#4357 = CARTESIAN_POINT('',(-1.938099066642,53.567656024955,19.98));
#4358 = DIRECTION('',(0.,0.,1.));
#4359 = DIRECTION('',(1.,0.,-0.));
#4360 = ADVANCED_FACE('',(#4361,#4369),#4372,.T.);
#4361 = FACE_BOUND('',#4362,.T.);
#4362 = EDGE_LOOP('',(#4363,#4364,#4365,#4366,#4367,#4368));
#4363 = ORIENTED_EDGE('',*,*,#3231,.T.);
#4364 = ORIENTED_EDGE('',*,*,#3176,.T.);
#4365 = ORIENTED_EDGE('',*,*,#3207,.T.);
#4366 = ORIENTED_EDGE('',*,*,#3255,.T.);
#4367 = ORIENTED_EDGE('',*,*,#3303,.T.);
#4368 = ORIENTED_EDGE('',*,*,#3279,.T.);
#4369 = FACE_BOUND('',#4370,.T.);
#4370 = EDGE_LOOP('',(#4371));
#4371 = ORIENTED_EDGE('',*,*,#4094,.F.);
#4372 = PLANE('',#4373);
#4373 = AXIS2_PLACEMENT_3D('',#4374,#4375,#4376);
#4374 = CARTESIAN_POINT('',(22.62741699797,38.89087296526,19.98));
#4375 = DIRECTION('',(0.,0.,1.));
#4376 = DIRECTION('',(1.,0.,-0.));
#4377 = ADVANCED_FACE('',(#4378,#4386),#4389,.T.);
#4378 = FACE_BOUND('',#4379,.T.);
#4379 = EDGE_LOOP('',(#4380,#4381,#4382,#4383,#4384,#4385));
#4380 = ORIENTED_EDGE('',*,*,#3375,.T.);
#4381 = ORIENTED_EDGE('',*,*,#3320,.T.);
#4382 = ORIENTED_EDGE('',*,*,#3351,.T.);
#4383 = ORIENTED_EDGE('',*,*,#3399,.T.);
#4384 = ORIENTED_EDGE('',*,*,#3447,.T.);
#4385 = ORIENTED_EDGE('',*,*,#3423,.T.);
#4386 = FACE_BOUND('',#4387,.T.);
#4387 = EDGE_LOOP('',(#4388));
#4388 = ORIENTED_EDGE('',*,*,#4119,.F.);
#4389 = PLANE('',#4390);
#4390 = AXIS2_PLACEMENT_3D('',#4391,#4392,#4393);
#4391 = CARTESIAN_POINT('',(-8.094461646504,70.482123199101,19.98));
#4392 = DIRECTION('',(0.,0.,1.));
#4393 = DIRECTION('',(1.,0.,-0.));
#4394 = ADVANCED_FACE('',(#4395,#4403),#4406,.T.);
#4395 = FACE_BOUND('',#4396,.T.);
#4396 = EDGE_LOOP('',(#4397,#4398,#4399,#4400,#4401,#4402));
#4397 = ORIENTED_EDGE('',*,*,#3519,.T.);
#4398 = ORIENTED_EDGE('',*,*,#3464,.T.);
#4399 = ORIENTED_EDGE('',*,*,#3495,.T.);
#4400 = ORIENTED_EDGE('',*,*,#3543,.T.);
#4401 = ORIENTED_EDGE('',*,*,#3591,.T.);
#4402 = ORIENTED_EDGE('',*,*,#3567,.T.);
#4403 = FACE_BOUND('',#4404,.T.);
#4404 = EDGE_LOOP('',(#4405));
#4405 = ORIENTED_EDGE('',*,*,#4169,.F.);
#4406 = PLANE('',#4407);
#4407 = AXIS2_PLACEMENT_3D('',#4408,#4409,#4410);
#4408 = CARTESIAN_POINT('',(38.89087296526,55.154328932551,19.98));
#4409 = DIRECTION('',(0.,0.,1.));
#4410 = DIRECTION('',(1.,0.,-0.));
#4411 = ADVANCED_FACE('',(#4412,#4420),#4423,.T.);
#4412 = FACE_BOUND('',#4413,.T.);
#4413 = EDGE_LOOP('',(#4414,#4415,#4416,#4417,#4418,#4419));
#4414 = ORIENTED_EDGE('',*,*,#3663,.T.);
#4415 = ORIENTED_EDGE('',*,*,#3608,.T.);
#4416 = ORIENTED_EDGE('',*,*,#3639,.T.);
#4417 = ORIENTED_EDGE('',*,*,#3687,.T.);
#4418 = ORIENTED_EDGE('',*,*,#3735,.T.);
#4419 = ORIENTED_EDGE('',*,*,#3711,.T.);
#4420 = FACE_BOUND('',#4421,.T.);
#4421 = EDGE_LOOP('',(#4422));
#4422 = ORIENTED_EDGE('',*,*,#4144,.F.);
#4423 = PLANE('',#4424);
#4424 = AXIS2_PLACEMENT_3D('',#4425,#4426,#4427);
#4425 = CARTESIAN_POINT('',(55.154328932551,38.89087296526,19.98));
#4426 = DIRECTION('',(0.,0.,1.));
#4427 = DIRECTION('',(1.,0.,-0.));
#4428 = ADVANCED_FACE('',(#4429,#4432),#4443,.F.);
#4429 = FACE_BOUND('',#4430,.F.);
#4430 = EDGE_LOOP('',(#4431));
#4431 = ORIENTED_EDGE('',*,*,#3803,.T.);
#4432 = FACE_BOUND('',#4433,.F.);
#4433 = EDGE_LOOP('',(#4434));
#4434 = ORIENTED_EDGE('',*,*,#4435,.F.);
#4435 = EDGE_CURVE('',#4436,#4436,#4438,.T.);
#4436 = VERTEX_POINT('',#4437);
#4437 = CARTESIAN_POINT('',(-37.4,-24.5,2.78));
#4438 = CIRCLE('',#4439,1.6);
#4439 = AXIS2_PLACEMENT_3D('',#4440,#4441,#4442);
#4440 = CARTESIAN_POINT('',(-39.,-24.5,2.78));
#4441 = DIRECTION('',(0.,0.,1.));
#4442 = DIRECTION('',(1.,0.,-0.));
#4443 = PLANE('',#4444);
#4444 = AXIS2_PLACEMENT_3D('',#4445,#4446,#4447);
#4445 = CARTESIAN_POINT('',(-39.,-24.5,2.78));
#4446 = DIRECTION('',(0.,0.,1.));
#4447 = DIRECTION('',(1.,0.,-0.));
#4448 = ADVANCED_FACE('',(#4449,#4452),#4463,.F.);
#4449 = FACE_BOUND('',#4450,.F.);
#4450 = EDGE_LOOP('',(#4451));
#4451 = ORIENTED_EDGE('',*,*,#3878,.T.);
#4452 = FACE_BOUND('',#4453,.F.);
#4453 = EDGE_LOOP('',(#4454));
#4454 = ORIENTED_EDGE('',*,*,#4455,.F.);
#4455 = EDGE_CURVE('',#4456,#4456,#4458,.T.);
#4456 = VERTEX_POINT('',#4457);
#4457 = CARTESIAN_POINT('',(-37.4,24.5,2.78));
#4458 = CIRCLE('',#4459,1.6);
#4459 = AXIS2_PLACEMENT_3D('',#4460,#4461,#4462);
#4460 = CARTESIAN_POINT('',(-39.,24.5,2.78));
#4461 = DIRECTION('',(0.,0.,1.));
#4462 = DIRECTION('',(1.,0.,-0.));
#4463 = PLANE('',#4464);
#4464 = AXIS2_PLACEMENT_3D('',#4465,#4466,#4467);
#4465 = CARTESIAN_POINT('',(-39.,24.5,2.78));
#4466 = DIRECTION('',(0.,0.,1.));
#4467 = DIRECTION('',(1.,0.,-0.));
#4468 = ADVANCED_FACE('',(#4469,#4472),#4483,.F.);
#4469 = FACE_BOUND('',#4470,.F.);
#4470 = EDGE_LOOP('',(#4471));
#4471 = ORIENTED_EDGE('',*,*,#3978,.T.);
#4472 = FACE_BOUND('',#4473,.F.);
#4473 = EDGE_LOOP('',(#4474));
#4474 = ORIENTED_EDGE('',*,*,#4475,.F.);
#4475 = EDGE_CURVE('',#4476,#4476,#4478,.T.);
#4476 = VERTEX_POINT('',#4477);
#4477 = CARTESIAN_POINT('',(20.6,24.5,2.78));
#4478 = CIRCLE('',#4479,1.6);
#4479 = AXIS2_PLACEMENT_3D('',#4480,#4481,#4482);
#4480 = CARTESIAN_POINT('',(19.,24.5,2.78));
#4481 = DIRECTION('',(0.,0.,1.));
#4482 = DIRECTION('',(1.,0.,-0.));
#4483 = PLANE('',#4484);
#4484 = AXIS2_PLACEMENT_3D('',#4485,#4486,#4487);
#4485 = CARTESIAN_POINT('',(19.,24.5,2.78));
#4486 = DIRECTION('',(0.,0.,1.));
#4487 = DIRECTION('',(1.,0.,-0.));
#4488 = ADVANCED_FACE('',(#4489),#4508,.F.);
#4489 = FACE_BOUND('',#4490,.F.);
#4490 = EDGE_LOOP('',(#4491,#4499,#4506,#4507));
#4491 = ORIENTED_EDGE('',*,*,#4492,.T.);
#4492 = EDGE_CURVE('',#4436,#4493,#4495,.T.);
#4493 = VERTEX_POINT('',#4494);
#4494 = CARTESIAN_POINT('',(-37.4,-24.5,6.78));
#4495 = LINE('',#4496,#4497);
#4496 = CARTESIAN_POINT('',(-37.4,-24.5,1.78));
#4497 = VECTOR('',#4498,1.);
#4498 = DIRECTION('',(0.,0.,1.));
#4499 = ORIENTED_EDGE('',*,*,#4500,.F.);
#4500 = EDGE_CURVE('',#4493,#4493,#4501,.T.);
#4501 = CIRCLE('',#4502,1.6);
#4502 = AXIS2_PLACEMENT_3D('',#4503,#4504,#4505);
#4503 = CARTESIAN_POINT('',(-39.,-24.5,6.78));
#4504 = DIRECTION('',(0.,0.,1.));
#4505 = DIRECTION('',(1.,0.,-0.));
#4506 = ORIENTED_EDGE('',*,*,#4492,.F.);
#4507 = ORIENTED_EDGE('',*,*,#4435,.T.);
#4508 = CYLINDRICAL_SURFACE('',#4509,1.6);
#4509 = AXIS2_PLACEMENT_3D('',#4510,#4511,#4512);
#4510 = CARTESIAN_POINT('',(-39.,-24.5,1.78));
#4511 = DIRECTION('',(0.,0.,1.));
#4512 = DIRECTION('',(1.,0.,-0.));
#4513 = ADVANCED_FACE('',(#4514),#4533,.F.);
#4514 = FACE_BOUND('',#4515,.F.);
#4515 = EDGE_LOOP('',(#4516,#4524,#4531,#4532));
#4516 = ORIENTED_EDGE('',*,*,#4517,.T.);
#4517 = EDGE_CURVE('',#4456,#4518,#4520,.T.);
#4518 = VERTEX_POINT('',#4519);
#4519 = CARTESIAN_POINT('',(-37.4,24.5,6.78));
#4520 = LINE('',#4521,#4522);
#4521 = CARTESIAN_POINT('',(-37.4,24.5,1.78));
#4522 = VECTOR('',#4523,1.);
#4523 = DIRECTION('',(0.,0.,1.));
#4524 = ORIENTED_EDGE('',*,*,#4525,.F.);
#4525 = EDGE_CURVE('',#4518,#4518,#4526,.T.);
#4526 = CIRCLE('',#4527,1.6);
#4527 = AXIS2_PLACEMENT_3D('',#4528,#4529,#4530);
#4528 = CARTESIAN_POINT('',(-39.,24.5,6.78));
#4529 = DIRECTION('',(0.,0.,1.));
#4530 = DIRECTION('',(1.,0.,-0.));
#4531 = ORIENTED_EDGE('',*,*,#4517,.F.);
#4532 = ORIENTED_EDGE('',*,*,#4455,.T.);
#4533 = CYLINDRICAL_SURFACE('',#4534,1.6);
#4534 = AXIS2_PLACEMENT_3D('',#4535,#4536,#4537);
#4535 = CARTESIAN_POINT('',(-39.,24.5,1.78));
#4536 = DIRECTION('',(0.,0.,1.));
#4537 = DIRECTION('',(1.,0.,-0.));
#4538 = ADVANCED_FACE('',(#4539),#4558,.F.);
#4539 = FACE_BOUND('',#4540,.F.);
#4540 = EDGE_LOOP('',(#4541,#4549,#4556,#4557));
#4541 = ORIENTED_EDGE('',*,*,#4542,.T.);
#4542 = EDGE_CURVE('',#4476,#4543,#4545,.T.);
#4543 = VERTEX_POINT('',#4544);
#4544 = CARTESIAN_POINT('',(20.6,24.5,6.78));
#4545 = LINE('',#4546,#4547);
#4546 = CARTESIAN_POINT('',(20.6,24.5,1.78));
#4547 = VECTOR('',#4548,1.);
#4548 = DIRECTION('',(0.,0.,1.));
#4549 = ORIENTED_EDGE('',*,*,#4550,.F.);
#4550 = EDGE_CURVE('',#4543,#4543,#4551,.T.);
#4551 = CIRCLE('',#4552,1.6);
#4552 = AXIS2_PLACEMENT_3D('',#4553,#4554,#4555);
#4553 = CARTESIAN_POINT('',(19.,24.5,6.78));
#4554 = DIRECTION('',(0.,0.,1.));
#4555 = DIRECTION('',(1.,0.,-0.));
#4556 = ORIENTED_EDGE('',*,*,#4542,.F.);
#4557 = ORIENTED_EDGE('',*,*,#4475,.T.);
#4558 = CYLINDRICAL_SURFACE('',#4559,1.6);
#4559 = AXIS2_PLACEMENT_3D('',#4560,#4561,#4562);
#4560 = CARTESIAN_POINT('',(19.,24.5,1.78));
#4561 = DIRECTION('',(0.,0.,1.));
#4562 = DIRECTION('',(1.,0.,-0.));
#4563 = ADVANCED_FACE('',(#4564),#4567,.F.);
#4564 = FACE_BOUND('',#4565,.F.);
#4565 = EDGE_LOOP('',(#4566));
#4566 = ORIENTED_EDGE('',*,*,#4500,.T.);
#4567 = PLANE('',#4568);
#4568 = AXIS2_PLACEMENT_3D('',#4569,#4570,#4571);
#4569 = CARTESIAN_POINT('',(-39.,-24.5,6.78));
#4570 = DIRECTION('',(0.,0.,1.));
#4571 = DIRECTION('',(1.,0.,-0.));
#4572 = ADVANCED_FACE('',(#4573),#4576,.F.);
#4573 = FACE_BOUND('',#4574,.F.);
#4574 = EDGE_LOOP('',(#4575));
#4575 = ORIENTED_EDGE('',*,*,#4525,.T.);
#4576 = PLANE('',#4577);
#4577 = AXIS2_PLACEMENT_3D('',#4578,#4579,#4580);
#4578 = CARTESIAN_POINT('',(-39.,24.5,6.78));
#4579 = DIRECTION('',(0.,0.,1.));
#4580 = DIRECTION('',(1.,0.,-0.));
#4581 = ADVANCED_FACE('',(#4582),#4585,.F.);
#4582 = FACE_BOUND('',#4583,.F.);
#4583 = EDGE_LOOP('',(#4584));
#4584 = ORIENTED_EDGE('',*,*,#4550,.T.);
#4585 = PLANE('',#4586);
#4586 = AXIS2_PLACEMENT_3D('',#4587,#4588,#4589);
#4587 = CARTESIAN_POINT('',(19.,24.5,6.78));
#4588 = DIRECTION('',(0.,0.,1.));
#4589 = DIRECTION('',(1.,0.,-0.));
#4590 = ( GEOMETRIC_REPRESENTATION_CONTEXT(3) 
GLOBAL_UNCERTAINTY_ASSIGNED_CONTEXT((#4594)) 
GLOBAL_UNIT_ASSIGNED_CONTEXT((#4591,#4592,#4593)) REPRESENTATION_CONTEXT
('Context #1','3D Context with UNIT and UNCERTAINTY') );
#4591 = ( LENGTH_UNIT() NAMED_UNIT(*) SI_UNIT(.MILLI.,.METRE.) );
#4592 = ( NAMED_UNIT(*) PLANE_ANGLE_UNIT() SI_UNIT($,.RADIAN.) );
#4593 = ( NAMED_UNIT(*) SI_UNIT($,.STERADIAN.) SOLID_ANGLE_UNIT() );
#4594 = UNCERTAINTY_MEASURE_WITH_UNIT(LENGTH_MEASURE(1.E-07),#4591,
  'distance_accuracy_value','confusion accuracy');
#4595 = CONTEXT_DEPENDENT_SHAPE_REPRESENTATION(#4596,#4598);
#4596 = ( REPRESENTATION_RELATIONSHIP('','',#32,#10) 
REPRESENTATION_RELATIONSHIP_WITH_TRANSFORMATION(#4597) 
SHAPE_REPRESENTATION_RELATIONSHIP() );
#4597 = ITEM_DEFINED_TRANSFORMATION('','',#11,#15);
#4598 = PRODUCT_DEFINITION_SHAPE('Placement','Placement of an item',
  #4599);
#4599 = NEXT_ASSEMBLY_USAGE_OCCURRENCE('3','=>[0:1:1:2]','',#5,#27,$);
#4600 = PRODUCT_RELATED_PRODUCT_CATEGORY('part',$,(#29));
ENDSEC;
END-ISO-10303-21;
