ISO-10303-21;
HEADER;
FILE_DESCRIPTION(('Open CASCADE Model'),'2;1');
FILE_NAME('Open CASCADE Shape Model','2026-09-06T08:47:00',('Author'),(
    'Open CASCADE'),'Open CASCADE STEP processor 7.9','build123d',
  'Unknown');
FILE_SCHEMA(('AUTOMOTIVE_DESIGN { 1 0 10303 214 1 1 1 1 }'));
ENDSEC;
DATA;
#1 = APPLICATION_PROTOCOL_DEFINITION('international standard',
  'automotive_design',2000,#2);
#2 = APPLICATION_CONTEXT(
  'core data for automotive mechanical design processes');
#3 = SHAPE_DEFINITION_REPRESENTATION(#4,#10);
#4 = PRODUCT_DEFINITION_SHAPE('','',#5);
#5 = PRODUCT_DEFINITION('design','',#6,#9);
#6 = PRODUCT_DEFINITION_FORMATION('','',#7);
#7 = PRODUCT('=>[0:1:1:2]','=>[0:1:1:2]','',(#8));
#8 = PRODUCT_CONTEXT('',#2,'mechanical');
#9 = PRODUCT_DEFINITION_CONTEXT('part definition',#2,'design');
#10 = SHAPE_REPRESENTATION('',(#11,#15),#19);
#11 = AXIS2_PLACEMENT_3D('',#12,#13,#14);
#12 = CARTESIAN_POINT('',(0.,0.,0.));
#13 = DIRECTION('',(0.,0.,1.));
#14 = DIRECTION('',(1.,0.,-0.));
#15 = AXIS2_PLACEMENT_3D('',#16,#17,#18);
#16 = CARTESIAN_POINT('',(0.,0.,-8.));
#17 = DIRECTION('',(0.,0.,1.));
#18 = DIRECTION('',(1.,0.,-0.));
#19 = ( GEOMETRIC_REPRESENTATION_CONTEXT(3) 
GLOBAL_UNCERTAINTY_ASSIGNED_CONTEXT((#23)) GLOBAL_UNIT_ASSIGNED_CONTEXT(
(#20,#21,#22)) REPRESENTATION_CONTEXT('Context #1',
  '3D Context with UNIT and UNCERTAINTY') );
#20 = ( LENGTH_UNIT() NAMED_UNIT(*) SI_UNIT(.MILLI.,.METRE.) );
#21 = ( NAMED_UNIT(*) PLANE_ANGLE_UNIT() SI_UNIT($,.RADIAN.) );
#22 = ( NAMED_UNIT(*) SI_UNIT($,.STERADIAN.) SOLID_ANGLE_UNIT() );
#23 = UNCERTAINTY_MEASURE_WITH_UNIT(LENGTH_MEASURE(1.E-07),#20,
  'distance_accuracy_value','confusion accuracy');
#24 = PRODUCT_RELATED_PRODUCT_CATEGORY('part',$,(#7));
#25 = SHAPE_DEFINITION_REPRESENTATION(#26,#32);
#26 = PRODUCT_DEFINITION_SHAPE('','',#27);
#27 = PRODUCT_DEFINITION('design','',#28,#31);
#28 = PRODUCT_DEFINITION_FORMATION('','',#29);
#29 = PRODUCT('COMPOUND','COMPOUND','',(#30));
#30 = PRODUCT_CONTEXT('',#2,'mechanical');
#31 = PRODUCT_DEFINITION_CONTEXT('part definition',#2,'design');
#32 = ADVANCED_BREP_SHAPE_REPRESENTATION('',(#11,#33),#17624);
#33 = MANIFOLD_SOLID_BREP('',#34);
#34 = CLOSED_SHELL('',(#35,#3476,#3602,#3618,#3667,#3691,#3738,#3749,
    #3771,#3923,#3963,#3988,#4028,#4064,#4104,#4129,#4169,#4205,#4245,
    #4270,#4303,#4375,#4463,#4528,#4560,#4584,#4609,#4626,#4658,#4682,
    #4707,#4724,#4756,#4780,#4805,#4822,#4854,#4878,#4903,#4920,#4952,
    #4976,#5001,#5018,#5050,#5074,#5099,#5116,#5148,#5172,#5197,#5214,
    #5246,#5270,#5295,#5312,#5344,#5368,#5393,#5410,#5442,#5466,#5491,
    #5508,#5540,#5564,#5589,#5606,#5638,#5662,#5687,#5704,#5736,#5760,
    #5785,#5802,#5834,#5858,#5883,#5900,#5932,#5956,#5981,#5998,#6030,
    #6054,#6079,#6096,#6128,#6152,#6177,#6194,#6226,#6250,#6275,#6292,
    #6324,#6348,#6373,#6390,#6422,#6446,#6471,#6488,#6520,#6544,#6569,
    #6586,#6618,#6642,#6667,#6684,#6716,#6740,#6765,#6782,#6814,#6838,
    #6863,#6880,#6912,#6936,#6961,#6978,#7010,#7034,#7059,#7076,#7108,
    #7132,#7157,#7174,#7206,#7230,#7255,#7272,#7304,#7328,#7353,#7370,
    #7402,#7426,#7451,#7468,#7500,#7524,#7549,#7566,#7598,#7622,#7647,
    #7664,#7696,#7720,#7745,#7762,#7794,#7818,#7843,#7860,#7892,#7916,
    #7941,#7958,#7990,#8014,#8039,#8056,#8088,#8112,#8137,#8154,#8186,
    #8210,#8235,#8252,#8284,#8308,#8333,#8350,#8382,#8406,#8431,#8448,
    #8480,#8504,#8529,#8546,#8578,#8602,#8627,#8644,#8676,#8700,#8725,
    #8742,#8774,#8798,#8823,#8840,#8872,#8896,#8921,#8938,#8970,#8994,
    #9019,#9036,#9068,#9092,#9117,#9134,#9166,#9190,#9215,#9232,#9264,
    #9288,#9313,#9330,#9362,#9386,#9411,#9428,#9460,#9484,#9509,#9526,
    #9558,#9582,#9607,#9624,#9656,#9680,#9705,#9722,#9754,#9778,#9803,
    #9820,#9852,#9876,#9901,#9918,#9950,#9974,#9999,#10016,#10048,#10072
    ,#10097,#10114,#10146,#10170,#10195,#10212,#10244,#10268,#10293,
    #10310,#10342,#10366,#10391,#10408,#10440,#10464,#10489,#10506,
    #10538,#10562,#10587,#10604,#10636,#10660,#10685,#10702,#10734,
    #10758,#10783,#10800,#10832,#10856,#10881,#10898,#10930,#10954,
    #10979,#10996,#11028,#11052,#11077,#11094,#11126,#11150,#11175,
    #11192,#11224,#11248,#11273,#11290,#11322,#11346,#11371,#11388,
    #11420,#11444,#11469,#11486,#11518,#11542,#11567,#11584,#11616,
    #11640,#11665,#11682,#11714,#11738,#11763,#11780,#11812,#11836,
    #11861,#11878,#11910,#11934,#11959,#11976,#12008,#12032,#12057,
    #12074,#12106,#12130,#12155,#12172,#12204,#12228,#12253,#12270,
    #12302,#12326,#12351,#12368,#12400,#12424,#12449,#12466,#12498,
    #12522,#12547,#12564,#12596,#12620,#12645,#12662,#12694,#12718,
    #12743,#12760,#12792,#12816,#12841,#12858,#12890,#12914,#12939,
    #12956,#12988,#13012,#13037,#13054,#13086,#13110,#13135,#13152,
    #13184,#13208,#13233,#13250,#13267,#13632,#13948,#13966,#13987,
    #14516,#14527,#14544,#14566,#14583,#14602,#14619,#14650,#14674,
    #14698,#14715,#14740,#14771,#14811,#14835,#14875,#14892,#14925,
    #14937,#14962,#14980,#14992,#15017,#15057,#15074,#15091,#15151,
    #15168,#15208,#15232,#15256,#15273,#15285,#15318,#15358,#15394,
    #15427,#15467,#15501,#15534,#15574,#15610,#15643,#15660,#15677,
    #15694,#15718,#15744,#15784,#15808,#15841,#15865,#15889,#15906,
    #15946,#15970,#16003,#16043,#16067,#16100,#16140,#16164,#16197,
    #16237,#16261,#16294,#16321,#16350,#16379,#16408,#16420,#16447,
    #16456,#16474,#16486,#16495,#16504,#16521,#16533,#16545,#16563,
    #16586,#16611,#16640,#16703,#16721,#16733,#16758,#16787,#16850,
    #16868,#16891,#16909,#16921,#16950,#17013,#17031,#17054,#17079,
    #17104,#17129,#17154,#17163,#17188,#17204,#17221,#17234,#17243,
    #17268,#17284,#17301,#17314,#17339,#17364,#17380,#17397,#17410,
    #17435,#17444,#17453,#17462,#17482,#17502,#17522,#17547,#17572,
    #17597,#17606,#17615));
#35 = ADVANCED_FACE('',(#36,#267,#303,#339,#375,#411,#447,#483,#519,#555
    ,#591,#627,#663,#699,#735,#771,#807,#843,#879,#915,#951,#987,#1023,
    #1059,#1095,#1131,#1167,#1203,#1239,#1275,#1311,#1347,#1383,#1419,
    #1455,#1491,#1527,#1563,#1599,#1635,#1671,#1707,#1743,#1779,#1815,
    #1851,#1887,#1923,#1959,#1995,#2031,#2067,#2103,#2139,#2175,#2211,
    #2247,#2283,#2319,#2355,#2391,#2427,#2463,#2499,#2535,#2571,#2607,
    #2643,#2679,#2715,#2751,#2787,#2823,#2859,#2895,#2931,#2967,#3003,
    #3039,#3075,#3111,#3147,#3183,#3219,#3255,#3291,#3327,#3363,#3399,
    #3435),#3471,.T.);
#36 = FACE_BOUND('',#37,.T.);
#37 = EDGE_LOOP('',(#38,#48,#57,#65,#74,#82,#91,#99,#108,#116,#125,#133,
    #142,#150,#159,#167,#176,#184,#193,#201,#208,#209,#218,#226,#235,
    #243,#252,#260));
#38 = ORIENTED_EDGE('',*,*,#39,.F.);
#39 = EDGE_CURVE('',#40,#42,#44,.T.);
#40 = VERTEX_POINT('',#41);
#41 = CARTESIAN_POINT('',(-10.50020215161,82.135547546572,14.3));
#42 = VERTEX_POINT('',#43);
#43 = CARTESIAN_POINT('',(-10.50020215161,82.135547546572,18.7));
#44 = LINE('',#45,#46);
#45 = CARTESIAN_POINT('',(-10.50020215161,82.135547546572,8.));
#46 = VECTOR('',#47,1.);
#47 = DIRECTION('',(0.,0.,1.));
#48 = ORIENTED_EDGE('',*,*,#49,.T.);
#49 = EDGE_CURVE('',#40,#50,#52,.T.);
#50 = VERTEX_POINT('',#51);
#51 = CARTESIAN_POINT('',(82.804,-2.028113071132E-14,14.3));
#52 = CIRCLE('',#53,82.804);
#53 = AXIS2_PLACEMENT_3D('',#54,#55,#56);
#54 = CARTESIAN_POINT('',(0.,0.,14.3));
#55 = DIRECTION('',(0.,0.,1.));
#56 = DIRECTION('',(1.,0.,-0.));
#57 = ORIENTED_EDGE('',*,*,#58,.T.);
#58 = EDGE_CURVE('',#50,#59,#61,.T.);
#59 = VERTEX_POINT('',#60);
#60 = CARTESIAN_POINT('',(82.804,-2.028113071132E-14,30.4));
#61 = LINE('',#62,#63);
#62 = CARTESIAN_POINT('',(82.804,-2.028113071132E-14,13.5));
#63 = VECTOR('',#64,1.);
#64 = DIRECTION('',(0.,1.86712640289E-31,1.));
#65 = ORIENTED_EDGE('',*,*,#66,.F.);
#66 = EDGE_CURVE('',#67,#59,#69,.T.);
#67 = VERTEX_POINT('',#68);
#68 = CARTESIAN_POINT('',(55.339870948863,-61.59546330179,30.4));
#69 = CIRCLE('',#70,82.804);
#70 = AXIS2_PLACEMENT_3D('',#71,#72,#73);
#71 = CARTESIAN_POINT('',(0.,0.,30.4));
#72 = DIRECTION('',(0.,0.,1.));
#73 = DIRECTION('',(1.,0.,-0.));
#74 = ORIENTED_EDGE('',*,*,#75,.T.);
#75 = EDGE_CURVE('',#67,#76,#78,.T.);
#76 = VERTEX_POINT('',#77);
#77 = CARTESIAN_POINT('',(55.339870948863,-61.59546330179,18.1));
#78 = LINE('',#79,#80);
#79 = CARTESIAN_POINT('',(55.339870948863,-61.59546330179,30.4));
#80 = VECTOR('',#81,1.);
#81 = DIRECTION('',(-5.776770209432E-16,-5.776770209432E-16,-1.));
#82 = ORIENTED_EDGE('',*,*,#83,.F.);
#83 = EDGE_CURVE('',#84,#76,#86,.T.);
#84 = VERTEX_POINT('',#85);
#85 = CARTESIAN_POINT('',(51.050022067397,-65.19507391604,18.1));
#86 = CIRCLE('',#87,82.804);
#87 = AXIS2_PLACEMENT_3D('',#88,#89,#90);
#88 = CARTESIAN_POINT('',(0.,0.,18.1));
#89 = DIRECTION('',(0.,0.,1.));
#90 = DIRECTION('',(1.,0.,-0.));
#91 = ORIENTED_EDGE('',*,*,#92,.T.);
#92 = EDGE_CURVE('',#84,#93,#95,.T.);
#93 = VERTEX_POINT('',#94);
#94 = CARTESIAN_POINT('',(51.050022067397,-65.19507391604,30.4));
#95 = LINE('',#96,#97);
#96 = CARTESIAN_POINT('',(51.050022067397,-65.19507391604,18.1));
#97 = VECTOR('',#98,1.);
#98 = DIRECTION('',(5.776770209432E-16,0.,1.));
#99 = ORIENTED_EDGE('',*,*,#100,.F.);
#100 = EDGE_CURVE('',#101,#93,#103,.T.);
#101 = VERTEX_POINT('',#102);
#102 = CARTESIAN_POINT('',(7.6,-82.45448693673,30.4));
#103 = CIRCLE('',#104,82.804);
#104 = AXIS2_PLACEMENT_3D('',#105,#106,#107);
#105 = CARTESIAN_POINT('',(0.,0.,30.4));
#106 = DIRECTION('',(0.,0.,1.));
#107 = DIRECTION('',(1.,0.,-0.));
#108 = ORIENTED_EDGE('',*,*,#109,.F.);
#109 = EDGE_CURVE('',#110,#101,#112,.T.);
#110 = VERTEX_POINT('',#111);
#111 = CARTESIAN_POINT('',(7.6,-82.45448693673,23.));
#112 = LINE('',#113,#114);
#113 = CARTESIAN_POINT('',(7.6,-82.45448693673,8.));
#114 = VECTOR('',#115,1.);
#115 = DIRECTION('',(0.,0.,1.));
#116 = ORIENTED_EDGE('',*,*,#117,.F.);
#117 = EDGE_CURVE('',#118,#110,#120,.T.);
#118 = VERTEX_POINT('',#119);
#119 = CARTESIAN_POINT('',(-7.6,-82.45448693673,23.));
#120 = CIRCLE('',#121,82.804);
#121 = AXIS2_PLACEMENT_3D('',#122,#123,#124);
#122 = CARTESIAN_POINT('',(0.,0.,23.));
#123 = DIRECTION('',(0.,0.,1.));
#124 = DIRECTION('',(1.,0.,-0.));
#125 = ORIENTED_EDGE('',*,*,#126,.T.);
#126 = EDGE_CURVE('',#118,#127,#129,.T.);
#127 = VERTEX_POINT('',#128);
#128 = CARTESIAN_POINT('',(-7.6,-82.45448693673,30.4));
#129 = LINE('',#130,#131);
#130 = CARTESIAN_POINT('',(-7.6,-82.45448693673,8.));
#131 = VECTOR('',#132,1.);
#132 = DIRECTION('',(0.,0.,1.));
#133 = ORIENTED_EDGE('',*,*,#134,.F.);
#134 = EDGE_CURVE('',#135,#127,#137,.T.);
#135 = VERTEX_POINT('',#136);
#136 = CARTESIAN_POINT('',(-75.20768034322,34.645450399605,30.4));
#137 = CIRCLE('',#138,82.804);
#138 = AXIS2_PLACEMENT_3D('',#139,#140,#141);
#139 = CARTESIAN_POINT('',(0.,0.,30.4));
#140 = DIRECTION('',(0.,0.,1.));
#141 = DIRECTION('',(1.,0.,-0.));
#142 = ORIENTED_EDGE('',*,*,#143,.F.);
#143 = EDGE_CURVE('',#144,#135,#146,.T.);
#144 = VERTEX_POINT('',#145);
#145 = CARTESIAN_POINT('',(-75.20768034322,34.645450399605,23.));
#146 = LINE('',#147,#148);
#147 = CARTESIAN_POINT('',(-75.20768034322,34.645450399605,8.));
#148 = VECTOR('',#149,1.);
#149 = DIRECTION('',(0.,0.,1.));
#150 = ORIENTED_EDGE('',*,*,#151,.F.);
#151 = EDGE_CURVE('',#152,#144,#154,.T.);
#152 = VERTEX_POINT('',#153);
#153 = CARTESIAN_POINT('',(-67.60768034322,47.809036537129,23.));
#154 = CIRCLE('',#155,82.804);
#155 = AXIS2_PLACEMENT_3D('',#156,#157,#158);
#156 = CARTESIAN_POINT('',(0.,0.,23.));
#157 = DIRECTION('',(0.,0.,1.));
#158 = DIRECTION('',(1.,0.,-0.));
#159 = ORIENTED_EDGE('',*,*,#160,.T.);
#160 = EDGE_CURVE('',#152,#161,#163,.T.);
#161 = VERTEX_POINT('',#162);
#162 = CARTESIAN_POINT('',(-67.60768034322,47.809036537129,30.4));
#163 = LINE('',#164,#165);
#164 = CARTESIAN_POINT('',(-67.60768034322,47.809036537129,8.));
#165 = VECTOR('',#166,1.);
#166 = DIRECTION('',(0.,0.,1.));
#167 = ORIENTED_EDGE('',*,*,#168,.F.);
#168 = EDGE_CURVE('',#169,#161,#171,.T.);
#169 = VERTEX_POINT('',#170);
#170 = CARTESIAN_POINT('',(67.607680343224,47.809036537129,30.4));
#171 = CIRCLE('',#172,82.804);
#172 = AXIS2_PLACEMENT_3D('',#173,#174,#175);
#173 = CARTESIAN_POINT('',(0.,0.,30.4));
#174 = DIRECTION('',(0.,0.,1.));
#175 = DIRECTION('',(1.,0.,-0.));
#176 = ORIENTED_EDGE('',*,*,#177,.F.);
#177 = EDGE_CURVE('',#178,#169,#180,.T.);
#178 = VERTEX_POINT('',#179);
#179 = CARTESIAN_POINT('',(67.607680343224,47.809036537129,23.));
#180 = LINE('',#181,#182);
#181 = CARTESIAN_POINT('',(67.607680343224,47.809036537129,8.));
#182 = VECTOR('',#183,1.);
#183 = DIRECTION('',(0.,0.,1.));
#184 = ORIENTED_EDGE('',*,*,#185,.F.);
#185 = EDGE_CURVE('',#186,#178,#188,.T.);
#186 = VERTEX_POINT('',#187);
#187 = CARTESIAN_POINT('',(75.207680343224,34.645450399605,23.));
#188 = CIRCLE('',#189,82.804);
#189 = AXIS2_PLACEMENT_3D('',#190,#191,#192);
#190 = CARTESIAN_POINT('',(0.,0.,23.));
#191 = DIRECTION('',(0.,0.,1.));
#192 = DIRECTION('',(1.,0.,-0.));
#193 = ORIENTED_EDGE('',*,*,#194,.T.);
#194 = EDGE_CURVE('',#186,#195,#197,.T.);
#195 = VERTEX_POINT('',#196);
#196 = CARTESIAN_POINT('',(75.207680343224,34.645450399605,30.4));
#197 = LINE('',#198,#199);
#198 = CARTESIAN_POINT('',(75.207680343224,34.645450399605,8.));
#199 = VECTOR('',#200,1.);
#200 = DIRECTION('',(0.,0.,1.));
#201 = ORIENTED_EDGE('',*,*,#202,.F.);
#202 = EDGE_CURVE('',#59,#195,#203,.T.);
#203 = CIRCLE('',#204,82.804);
#204 = AXIS2_PLACEMENT_3D('',#205,#206,#207);
#205 = CARTESIAN_POINT('',(0.,0.,30.4));
#206 = DIRECTION('',(0.,0.,1.));
#207 = DIRECTION('',(1.,0.,-0.));
#208 = ORIENTED_EDGE('',*,*,#58,.F.);
#209 = ORIENTED_EDGE('',*,*,#210,.T.);
#210 = EDGE_CURVE('',#50,#211,#213,.T.);
#211 = VERTEX_POINT('',#212);
#212 = CARTESIAN_POINT('',(10.500202151612,82.135547546572,14.3));
#213 = CIRCLE('',#214,82.804);
#214 = AXIS2_PLACEMENT_3D('',#215,#216,#217);
#215 = CARTESIAN_POINT('',(0.,0.,14.3));
#216 = DIRECTION('',(0.,0.,1.));
#217 = DIRECTION('',(1.,0.,-0.));
#218 = ORIENTED_EDGE('',*,*,#219,.T.);
#219 = EDGE_CURVE('',#211,#220,#222,.T.);
#220 = VERTEX_POINT('',#221);
#221 = CARTESIAN_POINT('',(10.500202151612,82.135547546572,18.7));
#222 = LINE('',#223,#224);
#223 = CARTESIAN_POINT('',(10.500202151612,82.135547546572,8.));
#224 = VECTOR('',#225,1.);
#225 = DIRECTION('',(0.,0.,1.));
#226 = ORIENTED_EDGE('',*,*,#227,.F.);
#227 = EDGE_CURVE('',#228,#220,#230,.T.);
#228 = VERTEX_POINT('',#229);
#229 = CARTESIAN_POINT('',(11.832159566199,81.954270273122,18.7));
#230 = CIRCLE('',#231,82.804);
#231 = AXIS2_PLACEMENT_3D('',#232,#233,#234);
#232 = CARTESIAN_POINT('',(0.,0.,18.7));
#233 = DIRECTION('',(0.,0.,1.));
#234 = DIRECTION('',(1.,0.,-0.));
#235 = ORIENTED_EDGE('',*,*,#236,.T.);
#236 = EDGE_CURVE('',#228,#237,#239,.T.);
#237 = VERTEX_POINT('',#238);
#238 = CARTESIAN_POINT('',(11.832159566199,81.954270273122,28.41));
#239 = LINE('',#240,#241);
#240 = CARTESIAN_POINT('',(11.832159566199,81.954270273122,8.));
#241 = VECTOR('',#242,1.);
#242 = DIRECTION('',(0.,0.,1.));
#243 = ORIENTED_EDGE('',*,*,#244,.T.);
#244 = EDGE_CURVE('',#237,#245,#247,.T.);
#245 = VERTEX_POINT('',#246);
#246 = CARTESIAN_POINT('',(-11.83215956619,81.954270273122,28.41));
#247 = CIRCLE('',#248,82.804);
#248 = AXIS2_PLACEMENT_3D('',#249,#250,#251);
#249 = CARTESIAN_POINT('',(0.,0.,28.41));
#250 = DIRECTION('',(0.,0.,1.));
#251 = DIRECTION('',(1.,0.,-0.));
#252 = ORIENTED_EDGE('',*,*,#253,.F.);
#253 = EDGE_CURVE('',#254,#245,#256,.T.);
#254 = VERTEX_POINT('',#255);
#255 = CARTESIAN_POINT('',(-11.83215956619,81.954270273122,18.7));
#256 = LINE('',#257,#258);
#257 = CARTESIAN_POINT('',(-11.83215956619,81.954270273122,8.));
#258 = VECTOR('',#259,1.);
#259 = DIRECTION('',(0.,0.,1.));
#260 = ORIENTED_EDGE('',*,*,#261,.F.);
#261 = EDGE_CURVE('',#42,#254,#262,.T.);
#262 = CIRCLE('',#263,82.804);
#263 = AXIS2_PLACEMENT_3D('',#264,#265,#266);
#264 = CARTESIAN_POINT('',(0.,0.,18.7));
#265 = DIRECTION('',(0.,0.,1.));
#266 = DIRECTION('',(1.,0.,-0.));
#267 = FACE_BOUND('',#268,.T.);
#268 = EDGE_LOOP('',(#269,#280,#288,#297));
#269 = ORIENTED_EDGE('',*,*,#270,.F.);
#270 = EDGE_CURVE('',#271,#273,#275,.T.);
#271 = VERTEX_POINT('',#272);
#272 = CARTESIAN_POINT('',(82.793693089417,1.306445795053,14.7));
#273 = VERTEX_POINT('',#274);
#274 = CARTESIAN_POINT('',(82.771878204382,2.306207822133,14.7));
#275 = CIRCLE('',#276,82.804);
#276 = AXIS2_PLACEMENT_3D('',#277,#278,#279);
#277 = CARTESIAN_POINT('',(0.,0.,14.7));
#278 = DIRECTION('',(0.,0.,1.));
#279 = DIRECTION('',(1.,0.,-0.));
#280 = ORIENTED_EDGE('',*,*,#281,.T.);
#281 = EDGE_CURVE('',#271,#282,#284,.T.);
#282 = VERTEX_POINT('',#283);
#283 = CARTESIAN_POINT('',(82.793693089417,1.306445795053,18.2));
#284 = LINE('',#285,#286);
#285 = CARTESIAN_POINT('',(82.793693089417,1.306445795053,8.));
#286 = VECTOR('',#287,1.);
#287 = DIRECTION('',(0.,0.,1.));
#288 = ORIENTED_EDGE('',*,*,#289,.T.);
#289 = EDGE_CURVE('',#282,#290,#292,.T.);
#290 = VERTEX_POINT('',#291);
#291 = CARTESIAN_POINT('',(82.771878204382,2.306207822133,18.2));
#292 = CIRCLE('',#293,82.804);
#293 = AXIS2_PLACEMENT_3D('',#294,#295,#296);
#294 = CARTESIAN_POINT('',(0.,0.,18.2));
#295 = DIRECTION('',(0.,0.,1.));
#296 = DIRECTION('',(1.,0.,-0.));
#297 = ORIENTED_EDGE('',*,*,#298,.F.);
#298 = EDGE_CURVE('',#273,#290,#299,.T.);
#299 = LINE('',#300,#301);
#300 = CARTESIAN_POINT('',(82.771878204383,2.306207822133,8.));
#301 = VECTOR('',#302,1.);
#302 = DIRECTION('',(0.,0.,1.));
#303 = FACE_BOUND('',#304,.T.);
#304 = EDGE_LOOP('',(#305,#316,#324,#333));
#305 = ORIENTED_EDGE('',*,*,#306,.F.);
#306 = EDGE_CURVE('',#307,#309,#311,.T.);
#307 = VERTEX_POINT('',#308);
#308 = CARTESIAN_POINT('',(82.65790547397,4.916612518415,14.7));
#309 = VERTEX_POINT('',#310);
#310 = CARTESIAN_POINT('',(82.59250234474,5.914471441654,14.7));
#311 = CIRCLE('',#312,82.804);
#312 = AXIS2_PLACEMENT_3D('',#313,#314,#315);
#313 = CARTESIAN_POINT('',(0.,0.,14.7));
#314 = DIRECTION('',(0.,0.,1.));
#315 = DIRECTION('',(1.,0.,-0.));
#316 = ORIENTED_EDGE('',*,*,#317,.T.);
#317 = EDGE_CURVE('',#307,#318,#320,.T.);
#318 = VERTEX_POINT('',#319);
#319 = CARTESIAN_POINT('',(82.65790547397,4.916612518415,18.2));
#320 = LINE('',#321,#322);
#321 = CARTESIAN_POINT('',(82.65790547397,4.916612518415,8.));
#322 = VECTOR('',#323,1.);
#323 = DIRECTION('',(0.,0.,1.));
#324 = ORIENTED_EDGE('',*,*,#325,.T.);
#325 = EDGE_CURVE('',#318,#326,#328,.T.);
#326 = VERTEX_POINT('',#327);
#327 = CARTESIAN_POINT('',(82.59250234474,5.914471441654,18.2));
#328 = CIRCLE('',#329,82.804);
#329 = AXIS2_PLACEMENT_3D('',#330,#331,#332);
#330 = CARTESIAN_POINT('',(0.,0.,18.2));
#331 = DIRECTION('',(0.,0.,1.));
#332 = DIRECTION('',(1.,0.,-0.));
#333 = ORIENTED_EDGE('',*,*,#334,.F.);
#334 = EDGE_CURVE('',#309,#326,#335,.T.);
#335 = LINE('',#336,#337);
#336 = CARTESIAN_POINT('',(82.59250234474,5.914471441654,8.));
#337 = VECTOR('',#338,1.);
#338 = DIRECTION('',(0.,0.,1.));
#339 = FACE_BOUND('',#340,.T.);
#340 = EDGE_LOOP('',(#341,#352,#360,#369));
#341 = ORIENTED_EDGE('',*,*,#342,.F.);
#342 = EDGE_CURVE('',#343,#345,#347,.T.);
#343 = VERTEX_POINT('',#344);
#344 = CARTESIAN_POINT('',(82.364773837485,8.517420190406,14.7));
#345 = VERTEX_POINT('',#346);
#346 = CARTESIAN_POINT('',(82.255906962633,9.511476528628,14.7));
#347 = CIRCLE('',#348,82.804);
#348 = AXIS2_PLACEMENT_3D('',#349,#350,#351);
#349 = CARTESIAN_POINT('',(0.,0.,14.7));
#350 = DIRECTION('',(0.,0.,1.));
#351 = DIRECTION('',(1.,0.,-0.));
#352 = ORIENTED_EDGE('',*,*,#353,.T.);
#353 = EDGE_CURVE('',#343,#354,#356,.T.);
#354 = VERTEX_POINT('',#355);
#355 = CARTESIAN_POINT('',(82.364773837485,8.517420190406,18.2));
#356 = LINE('',#357,#358);
#357 = CARTESIAN_POINT('',(82.364773837485,8.517420190406,8.));
#358 = VECTOR('',#359,1.);
#359 = DIRECTION('',(0.,0.,1.));
#360 = ORIENTED_EDGE('',*,*,#361,.T.);
#361 = EDGE_CURVE('',#354,#362,#364,.T.);
#362 = VERTEX_POINT('',#363);
#363 = CARTESIAN_POINT('',(82.255906962633,9.511476528628,18.2));
#364 = CIRCLE('',#365,82.804);
#365 = AXIS2_PLACEMENT_3D('',#366,#367,#368);
#366 = CARTESIAN_POINT('',(0.,0.,18.2));
#367 = DIRECTION('',(0.,0.,1.));
#368 = DIRECTION('',(1.,0.,-0.));
#369 = ORIENTED_EDGE('',*,*,#370,.F.);
#370 = EDGE_CURVE('',#345,#362,#371,.T.);
#371 = LINE('',#372,#373);
#372 = CARTESIAN_POINT('',(82.255906962633,9.511476528628,8.));
#373 = VECTOR('',#374,1.);
#374 = DIRECTION('',(0.,0.,1.));
#375 = FACE_BOUND('',#376,.T.);
#376 = EDGE_LOOP('',(#377,#388,#396,#405));
#377 = ORIENTED_EDGE('',*,*,#378,.F.);
#378 = EDGE_CURVE('',#379,#381,#383,.T.);
#379 = VERTEX_POINT('',#380);
#380 = CARTESIAN_POINT('',(81.914856172693,12.102014468966,14.7));
#381 = VERTEX_POINT('',#382);
#382 = CARTESIAN_POINT('',(81.762732786503,13.090375979434,14.7));
#383 = CIRCLE('',#384,82.804);
#384 = AXIS2_PLACEMENT_3D('',#385,#386,#387);
#385 = CARTESIAN_POINT('',(0.,0.,14.7));
#386 = DIRECTION('',(0.,0.,1.));
#387 = DIRECTION('',(1.,0.,-0.));
#388 = ORIENTED_EDGE('',*,*,#389,.T.);
#389 = EDGE_CURVE('',#379,#390,#392,.T.);
#390 = VERTEX_POINT('',#391);
#391 = CARTESIAN_POINT('',(81.914856172693,12.102014468966,18.2));
#392 = LINE('',#393,#394);
#393 = CARTESIAN_POINT('',(81.914856172693,12.102014468966,8.));
#394 = VECTOR('',#395,1.);
#395 = DIRECTION('',(0.,0.,1.));
#396 = ORIENTED_EDGE('',*,*,#397,.T.);
#397 = EDGE_CURVE('',#390,#398,#400,.T.);
#398 = VERTEX_POINT('',#399);
#399 = CARTESIAN_POINT('',(81.762732786503,13.090375979434,18.2));
#400 = CIRCLE('',#401,82.804);
#401 = AXIS2_PLACEMENT_3D('',#402,#403,#404);
#402 = CARTESIAN_POINT('',(0.,0.,18.2));
#403 = DIRECTION('',(0.,0.,1.));
#404 = DIRECTION('',(1.,0.,-0.));
#405 = ORIENTED_EDGE('',*,*,#406,.F.);
#406 = EDGE_CURVE('',#381,#398,#407,.T.);
#407 = LINE('',#408,#409);
#408 = CARTESIAN_POINT('',(81.762732786503,13.090375979434,8.));
#409 = VECTOR('',#410,1.);
#410 = DIRECTION('',(0.,0.,1.));
#411 = FACE_BOUND('',#412,.T.);
#412 = EDGE_LOOP('',(#413,#424,#432,#441));
#413 = ORIENTED_EDGE('',*,*,#414,.F.);
#414 = EDGE_CURVE('',#415,#417,#419,.T.);
#415 = VERTEX_POINT('',#416);
#416 = CARTESIAN_POINT('',(81.30900892344,15.663571875151,14.7));
#417 = VERTEX_POINT('',#418);
#418 = CARTESIAN_POINT('',(81.113918601423,16.644357155554,14.7));
#419 = CIRCLE('',#420,82.804);
#420 = AXIS2_PLACEMENT_3D('',#421,#422,#423);
#421 = CARTESIAN_POINT('',(0.,0.,14.7));
#422 = DIRECTION('',(0.,0.,1.));
#423 = DIRECTION('',(1.,0.,-0.));
#424 = ORIENTED_EDGE('',*,*,#425,.T.);
#425 = EDGE_CURVE('',#415,#426,#428,.T.);
#426 = VERTEX_POINT('',#427);
#427 = CARTESIAN_POINT('',(81.30900892344,15.663571875151,18.2));
#428 = LINE('',#429,#430);
#429 = CARTESIAN_POINT('',(81.30900892344,15.663571875151,8.));
#430 = VECTOR('',#431,1.);
#431 = DIRECTION('',(0.,0.,1.));
#432 = ORIENTED_EDGE('',*,*,#433,.T.);
#433 = EDGE_CURVE('',#426,#434,#436,.T.);
#434 = VERTEX_POINT('',#435);
#435 = CARTESIAN_POINT('',(81.113918601423,16.644357155554,18.2));
#436 = CIRCLE('',#437,82.804);
#437 = AXIS2_PLACEMENT_3D('',#438,#439,#440);
#438 = CARTESIAN_POINT('',(0.,0.,18.2));
#439 = DIRECTION('',(0.,0.,1.));
#440 = DIRECTION('',(1.,0.,-0.));
#441 = ORIENTED_EDGE('',*,*,#442,.F.);
#442 = EDGE_CURVE('',#417,#434,#443,.T.);
#443 = LINE('',#444,#445);
#444 = CARTESIAN_POINT('',(81.113918601423,16.644357155554,8.));
#445 = VECTOR('',#446,1.);
#446 = DIRECTION('',(0.,0.,1.));
#447 = FACE_BOUND('',#448,.T.);
#448 = EDGE_LOOP('',(#449,#460,#468,#477));
#449 = ORIENTED_EDGE('',*,*,#450,.F.);
#450 = EDGE_CURVE('',#451,#453,#455,.T.);
#451 = VERTEX_POINT('',#452);
#452 = CARTESIAN_POINT('',(80.548385354399,19.195312782012,14.7));
#453 = VERTEX_POINT('',#454);
#454 = CARTESIAN_POINT('',(80.310699462073,20.166654851825,14.7));
#455 = CIRCLE('',#456,82.804);
#456 = AXIS2_PLACEMENT_3D('',#457,#458,#459);
#457 = CARTESIAN_POINT('',(0.,0.,14.7));
#458 = DIRECTION('',(0.,0.,1.));
#459 = DIRECTION('',(1.,0.,-0.));
#460 = ORIENTED_EDGE('',*,*,#461,.T.);
#461 = EDGE_CURVE('',#451,#462,#464,.T.);
#462 = VERTEX_POINT('',#463);
#463 = CARTESIAN_POINT('',(80.548385354399,19.195312782012,18.2));
#464 = LINE('',#465,#466);
#465 = CARTESIAN_POINT('',(80.548385354399,19.195312782012,8.));
#466 = VECTOR('',#467,1.);
#467 = DIRECTION('',(0.,0.,1.));
#468 = ORIENTED_EDGE('',*,*,#469,.T.);
#469 = EDGE_CURVE('',#462,#470,#472,.T.);
#470 = VERTEX_POINT('',#471);
#471 = CARTESIAN_POINT('',(80.310699462073,20.166654851825,18.2));
#472 = CIRCLE('',#473,82.804);
#473 = AXIS2_PLACEMENT_3D('',#474,#475,#476);
#474 = CARTESIAN_POINT('',(0.,0.,18.2));
#475 = DIRECTION('',(0.,0.,1.));
#476 = DIRECTION('',(1.,0.,-0.));
#477 = ORIENTED_EDGE('',*,*,#478,.F.);
#478 = EDGE_CURVE('',#453,#470,#479,.T.);
#479 = LINE('',#480,#481);
#480 = CARTESIAN_POINT('',(80.310699462073,20.166654851825,8.));
#481 = VECTOR('',#482,1.);
#482 = DIRECTION('',(0.,0.,1.));
#483 = FACE_BOUND('',#484,.T.);
#484 = EDGE_LOOP('',(#485,#496,#504,#513));
#485 = ORIENTED_EDGE('',*,*,#486,.F.);
#486 = EDGE_CURVE('',#487,#489,#491,.T.);
#487 = VERTEX_POINT('',#488);
#488 = CARTESIAN_POINT('',(79.634433355765,22.690514320003,14.7));
#489 = VERTEX_POINT('',#490);
#490 = CARTESIAN_POINT('',(79.354604341734,23.650564174389,14.7));
#491 = CIRCLE('',#492,82.804);
#492 = AXIS2_PLACEMENT_3D('',#493,#494,#495);
#493 = CARTESIAN_POINT('',(0.,0.,14.7));
#494 = DIRECTION('',(0.,0.,1.));
#495 = DIRECTION('',(1.,0.,-0.));
#496 = ORIENTED_EDGE('',*,*,#497,.T.);
#497 = EDGE_CURVE('',#487,#498,#500,.T.);
#498 = VERTEX_POINT('',#499);
#499 = CARTESIAN_POINT('',(79.634433355765,22.690514320003,18.2));
#500 = LINE('',#501,#502);
#501 = CARTESIAN_POINT('',(79.634433355765,22.690514320003,8.));
#502 = VECTOR('',#503,1.);
#503 = DIRECTION('',(0.,0.,1.));
#504 = ORIENTED_EDGE('',*,*,#505,.T.);
#505 = EDGE_CURVE('',#498,#506,#508,.T.);
#506 = VERTEX_POINT('',#507);
#507 = CARTESIAN_POINT('',(79.354604341734,23.650564174389,18.2));
#508 = CIRCLE('',#509,82.804);
#509 = AXIS2_PLACEMENT_3D('',#510,#511,#512);
#510 = CARTESIAN_POINT('',(0.,0.,18.2));
#511 = DIRECTION('',(0.,0.,1.));
#512 = DIRECTION('',(1.,0.,-0.));
#513 = ORIENTED_EDGE('',*,*,#514,.F.);
#514 = EDGE_CURVE('',#489,#506,#515,.T.);
#515 = LINE('',#516,#517);
#516 = CARTESIAN_POINT('',(79.354604341734,23.650564174389,8.));
#517 = VECTOR('',#518,1.);
#518 = DIRECTION('',(0.,0.,1.));
#519 = FACE_BOUND('',#520,.T.);
#520 = EDGE_LOOP('',(#521,#532,#540,#549));
#521 = ORIENTED_EDGE('',*,*,#522,.F.);
#522 = EDGE_CURVE('',#523,#525,#527,.T.);
#523 = VERTEX_POINT('',#524);
#524 = CARTESIAN_POINT('',(78.568892687113,26.142523174341,14.7));
#525 = VERTEX_POINT('',#526);
#526 = CARTESIAN_POINT('',(78.24745322181,27.089453303836,14.7));
#527 = CIRCLE('',#528,82.804);
#528 = AXIS2_PLACEMENT_3D('',#529,#530,#531);
#529 = CARTESIAN_POINT('',(0.,0.,14.7));
#530 = DIRECTION('',(0.,0.,1.));
#531 = DIRECTION('',(1.,0.,-0.));
#532 = ORIENTED_EDGE('',*,*,#533,.T.);
#533 = EDGE_CURVE('',#523,#534,#536,.T.);
#534 = VERTEX_POINT('',#535);
#535 = CARTESIAN_POINT('',(78.568892687113,26.142523174341,18.2));
#536 = LINE('',#537,#538);
#537 = CARTESIAN_POINT('',(78.568892687113,26.142523174341,8.));
#538 = VECTOR('',#539,1.);
#539 = DIRECTION('',(0.,0.,1.));
#540 = ORIENTED_EDGE('',*,*,#541,.T.);
#541 = EDGE_CURVE('',#534,#542,#544,.T.);
#542 = VERTEX_POINT('',#543);
#543 = CARTESIAN_POINT('',(78.24745322181,27.089453303836,18.2));
#544 = CIRCLE('',#545,82.804);
#545 = AXIS2_PLACEMENT_3D('',#546,#547,#548);
#546 = CARTESIAN_POINT('',(0.,0.,18.2));
#547 = DIRECTION('',(0.,0.,1.));
#548 = DIRECTION('',(1.,0.,-0.));
#549 = ORIENTED_EDGE('',*,*,#550,.F.);
#550 = EDGE_CURVE('',#525,#542,#551,.T.);
#551 = LINE('',#552,#553);
#552 = CARTESIAN_POINT('',(78.24745322181,27.089453303836,8.));
#553 = VECTOR('',#554,1.);
#554 = DIRECTION('',(0.,0.,1.));
#555 = FACE_BOUND('',#556,.T.);
#556 = EDGE_LOOP('',(#557,#568,#576,#585));
#557 = ORIENTED_EDGE('',*,*,#558,.F.);
#558 = EDGE_CURVE('',#559,#561,#563,.T.);
#559 = VERTEX_POINT('',#560);
#560 = CARTESIAN_POINT('',(77.353791665667,29.544768249972,14.7));
#561 = VERTEX_POINT('',#562);
#562 = CARTESIAN_POINT('',(76.991353627383,30.476776119255,14.7));
#563 = CIRCLE('',#564,82.804);
#564 = AXIS2_PLACEMENT_3D('',#565,#566,#567);
#565 = CARTESIAN_POINT('',(0.,0.,14.7));
#566 = DIRECTION('',(0.,0.,1.));
#567 = DIRECTION('',(1.,0.,-0.));
#568 = ORIENTED_EDGE('',*,*,#569,.T.);
#569 = EDGE_CURVE('',#559,#570,#572,.T.);
#570 = VERTEX_POINT('',#571);
#571 = CARTESIAN_POINT('',(77.353791665667,29.544768249972,18.2));
#572 = LINE('',#573,#574);
#573 = CARTESIAN_POINT('',(77.353791665667,29.544768249972,8.));
#574 = VECTOR('',#575,1.);
#575 = DIRECTION('',(0.,0.,1.));
#576 = ORIENTED_EDGE('',*,*,#577,.T.);
#577 = EDGE_CURVE('',#570,#578,#580,.T.);
#578 = VERTEX_POINT('',#579);
#579 = CARTESIAN_POINT('',(76.991353627383,30.476776119255,18.2));
#580 = CIRCLE('',#581,82.804);
#581 = AXIS2_PLACEMENT_3D('',#582,#583,#584);
#582 = CARTESIAN_POINT('',(0.,0.,18.2));
#583 = DIRECTION('',(0.,0.,1.));
#584 = DIRECTION('',(1.,0.,-0.));
#585 = ORIENTED_EDGE('',*,*,#586,.F.);
#586 = EDGE_CURVE('',#561,#578,#587,.T.);
#587 = LINE('',#588,#589);
#588 = CARTESIAN_POINT('',(76.991353627383,30.476776119255,8.));
#589 = VECTOR('',#590,1.);
#590 = DIRECTION('',(0.,0.,1.));
#591 = FACE_BOUND('',#592,.T.);
#592 = EDGE_LOOP('',(#593,#604,#612,#621));
#593 = ORIENTED_EDGE('',*,*,#594,.F.);
#594 = EDGE_CURVE('',#595,#597,#599,.T.);
#595 = VERTEX_POINT('',#596);
#596 = CARTESIAN_POINT('',(75.991443305284,32.890773180025,14.7));
#597 = VERTEX_POINT('',#598);
#598 = CARTESIAN_POINT('',(75.588696615425,33.806084659144,14.7));
#599 = CIRCLE('',#600,82.804);
#600 = AXIS2_PLACEMENT_3D('',#601,#602,#603);
#601 = CARTESIAN_POINT('',(0.,0.,14.7));
#602 = DIRECTION('',(0.,0.,1.));
#603 = DIRECTION('',(1.,0.,-0.));
#604 = ORIENTED_EDGE('',*,*,#605,.T.);
#605 = EDGE_CURVE('',#595,#606,#608,.T.);
#606 = VERTEX_POINT('',#607);
#607 = CARTESIAN_POINT('',(75.991443305284,32.890773180025,18.2));
#608 = LINE('',#609,#610);
#609 = CARTESIAN_POINT('',(75.991443305284,32.890773180025,8.));
#610 = VECTOR('',#611,1.);
#611 = DIRECTION('',(0.,0.,1.));
#612 = ORIENTED_EDGE('',*,*,#613,.T.);
#613 = EDGE_CURVE('',#606,#614,#616,.T.);
#614 = VERTEX_POINT('',#615);
#615 = CARTESIAN_POINT('',(75.588696615425,33.806084659144,18.2));
#616 = CIRCLE('',#617,82.804);
#617 = AXIS2_PLACEMENT_3D('',#618,#619,#620);
#618 = CARTESIAN_POINT('',(0.,0.,18.2));
#619 = DIRECTION('',(0.,0.,1.));
#620 = DIRECTION('',(1.,0.,-0.));
#621 = ORIENTED_EDGE('',*,*,#622,.F.);
#622 = EDGE_CURVE('',#597,#614,#623,.T.);
#623 = LINE('',#624,#625);
#624 = CARTESIAN_POINT('',(75.588696615425,33.806084659144,8.));
#625 = VECTOR('',#626,1.);
#626 = DIRECTION('',(0.,0.,1.));
#627 = FACE_BOUND('',#628,.T.);
#628 = EDGE_LOOP('',(#629,#640,#648,#657));
#629 = ORIENTED_EDGE('',*,*,#630,.F.);
#630 = EDGE_CURVE('',#631,#633,#635,.T.);
#631 = VERTEX_POINT('',#632);
#632 = CARTESIAN_POINT('',(67.071276425019,48.558689178341,14.7));
#633 = VERTEX_POINT('',#634);
#634 = CARTESIAN_POINT('',(66.479966776655,49.365133782608,14.7));
#635 = CIRCLE('',#636,82.804);
#636 = AXIS2_PLACEMENT_3D('',#637,#638,#639);
#637 = CARTESIAN_POINT('',(0.,0.,14.7));
#638 = DIRECTION('',(0.,0.,1.));
#639 = DIRECTION('',(1.,0.,-0.));
#640 = ORIENTED_EDGE('',*,*,#641,.T.);
#641 = EDGE_CURVE('',#631,#642,#644,.T.);
#642 = VERTEX_POINT('',#643);
#643 = CARTESIAN_POINT('',(67.071276425019,48.558689178341,18.2));
#644 = LINE('',#645,#646);
#645 = CARTESIAN_POINT('',(67.071276425019,48.558689178341,8.));
#646 = VECTOR('',#647,1.);
#647 = DIRECTION('',(0.,0.,1.));
#648 = ORIENTED_EDGE('',*,*,#649,.T.);
#649 = EDGE_CURVE('',#642,#650,#652,.T.);
#650 = VERTEX_POINT('',#651);
#651 = CARTESIAN_POINT('',(66.479966776655,49.365133782608,18.2));
#652 = CIRCLE('',#653,82.804);
#653 = AXIS2_PLACEMENT_3D('',#654,#655,#656);
#654 = CARTESIAN_POINT('',(0.,0.,18.2));
#655 = DIRECTION('',(0.,0.,1.));
#656 = DIRECTION('',(1.,0.,-0.));
#657 = ORIENTED_EDGE('',*,*,#658,.F.);
#658 = EDGE_CURVE('',#633,#650,#659,.T.);
#659 = LINE('',#660,#661);
#660 = CARTESIAN_POINT('',(66.479966776655,49.365133782608,8.));
#661 = VECTOR('',#662,1.);
#662 = DIRECTION('',(0.,0.,1.));
#663 = FACE_BOUND('',#664,.T.);
#664 = EDGE_LOOP('',(#665,#676,#684,#693));
#665 = ORIENTED_EDGE('',*,*,#666,.F.);
#666 = EDGE_CURVE('',#667,#669,#671,.T.);
#667 = VERTEX_POINT('',#668);
#668 = CARTESIAN_POINT('',(64.889339158417,51.438080053438,14.7));
#669 = VERTEX_POINT('',#670);
#670 = CARTESIAN_POINT('',(64.263415686233,52.217964536531,14.7));
#671 = CIRCLE('',#672,82.804);
#672 = AXIS2_PLACEMENT_3D('',#673,#674,#675);
#673 = CARTESIAN_POINT('',(0.,0.,14.7));
#674 = DIRECTION('',(0.,0.,1.));
#675 = DIRECTION('',(1.,0.,-0.));
#676 = ORIENTED_EDGE('',*,*,#677,.T.);
#677 = EDGE_CURVE('',#667,#678,#680,.T.);
#678 = VERTEX_POINT('',#679);
#679 = CARTESIAN_POINT('',(64.889339158417,51.438080053438,18.2));
#680 = LINE('',#681,#682);
#681 = CARTESIAN_POINT('',(64.889339158417,51.438080053438,8.));
#682 = VECTOR('',#683,1.);
#683 = DIRECTION('',(0.,0.,1.));
#684 = ORIENTED_EDGE('',*,*,#685,.T.);
#685 = EDGE_CURVE('',#678,#686,#688,.T.);
#686 = VERTEX_POINT('',#687);
#687 = CARTESIAN_POINT('',(64.263415686233,52.217964536531,18.2));
#688 = CIRCLE('',#689,82.804);
#689 = AXIS2_PLACEMENT_3D('',#690,#691,#692);
#690 = CARTESIAN_POINT('',(0.,0.,18.2));
#691 = DIRECTION('',(0.,0.,1.));
#692 = DIRECTION('',(1.,0.,-0.));
#693 = ORIENTED_EDGE('',*,*,#694,.F.);
#694 = EDGE_CURVE('',#669,#686,#695,.T.);
#695 = LINE('',#696,#697);
#696 = CARTESIAN_POINT('',(64.263415686233,52.217964536531,8.));
#697 = VECTOR('',#698,1.);
#698 = DIRECTION('',(0.,0.,1.));
#699 = FACE_BOUND('',#700,.T.);
#700 = EDGE_LOOP('',(#701,#712,#720,#729));
#701 = ORIENTED_EDGE('',*,*,#702,.F.);
#702 = EDGE_CURVE('',#703,#705,#707,.T.);
#703 = VERTEX_POINT('',#704);
#704 = CARTESIAN_POINT('',(62.583881346659,54.219555619604,14.7));
#705 = VERTEX_POINT('',#706);
#706 = CARTESIAN_POINT('',(61.924535531559,54.971395427083,14.7));
#707 = CIRCLE('',#708,82.804);
#708 = AXIS2_PLACEMENT_3D('',#709,#710,#711);
#709 = CARTESIAN_POINT('',(0.,0.,14.7));
#710 = DIRECTION('',(0.,0.,1.));
#711 = DIRECTION('',(1.,0.,-0.));
#712 = ORIENTED_EDGE('',*,*,#713,.T.);
#713 = EDGE_CURVE('',#703,#714,#716,.T.);
#714 = VERTEX_POINT('',#715);
#715 = CARTESIAN_POINT('',(62.583881346659,54.219555619604,18.2));
#716 = LINE('',#717,#718);
#717 = CARTESIAN_POINT('',(62.583881346659,54.219555619604,8.));
#718 = VECTOR('',#719,1.);
#719 = DIRECTION('',(0.,0.,1.));
#720 = ORIENTED_EDGE('',*,*,#721,.T.);
#721 = EDGE_CURVE('',#714,#722,#724,.T.);
#722 = VERTEX_POINT('',#723);
#723 = CARTESIAN_POINT('',(61.924535531559,54.971395427083,18.2));
#724 = CIRCLE('',#725,82.804);
#725 = AXIS2_PLACEMENT_3D('',#726,#727,#728);
#726 = CARTESIAN_POINT('',(0.,0.,18.2));
#727 = DIRECTION('',(0.,0.,1.));
#728 = DIRECTION('',(1.,0.,-0.));
#729 = ORIENTED_EDGE('',*,*,#730,.F.);
#730 = EDGE_CURVE('',#705,#722,#731,.T.);
#731 = LINE('',#732,#733);
#732 = CARTESIAN_POINT('',(61.924535531559,54.971395427083,8.));
#733 = VECTOR('',#734,1.);
#734 = DIRECTION('',(0.,0.,1.));
#735 = FACE_BOUND('',#736,.T.);
#736 = EDGE_LOOP('',(#737,#748,#756,#765));
#737 = ORIENTED_EDGE('',*,*,#738,.F.);
#738 = EDGE_CURVE('',#739,#741,#743,.T.);
#739 = VERTEX_POINT('',#740);
#740 = CARTESIAN_POINT('',(60.159291559722,56.89782118001,14.7));
#741 = VERTEX_POINT('',#742);
#742 = CARTESIAN_POINT('',(59.467778503939,57.62018514207,14.7));
#743 = CIRCLE('',#744,82.804);
#744 = AXIS2_PLACEMENT_3D('',#745,#746,#747);
#745 = CARTESIAN_POINT('',(0.,0.,14.7));
#746 = DIRECTION('',(0.,0.,1.));
#747 = DIRECTION('',(1.,0.,-0.));
#748 = ORIENTED_EDGE('',*,*,#749,.T.);
#749 = EDGE_CURVE('',#739,#750,#752,.T.);
#750 = VERTEX_POINT('',#751);
#751 = CARTESIAN_POINT('',(60.159291559722,56.89782118001,18.2));
#752 = LINE('',#753,#754);
#753 = CARTESIAN_POINT('',(60.159291559722,56.89782118001,8.));
#754 = VECTOR('',#755,1.);
#755 = DIRECTION('',(0.,0.,1.));
#756 = ORIENTED_EDGE('',*,*,#757,.T.);
#757 = EDGE_CURVE('',#750,#758,#760,.T.);
#758 = VERTEX_POINT('',#759);
#759 = CARTESIAN_POINT('',(59.467778503939,57.62018514207,18.2));
#760 = CIRCLE('',#761,82.804);
#761 = AXIS2_PLACEMENT_3D('',#762,#763,#764);
#762 = CARTESIAN_POINT('',(0.,0.,18.2));
#763 = DIRECTION('',(0.,0.,1.));
#764 = DIRECTION('',(1.,0.,-0.));
#765 = ORIENTED_EDGE('',*,*,#766,.F.);
#766 = EDGE_CURVE('',#741,#758,#767,.T.);
#767 = LINE('',#768,#769);
#768 = CARTESIAN_POINT('',(59.467778503939,57.62018514207,8.));
#769 = VECTOR('',#770,1.);
#770 = DIRECTION('',(0.,0.,1.));
#771 = FACE_BOUND('',#772,.T.);
#772 = EDGE_LOOP('',(#773,#784,#792,#801));
#773 = ORIENTED_EDGE('',*,*,#774,.F.);
#774 = EDGE_CURVE('',#775,#777,#779,.T.);
#775 = VERTEX_POINT('',#776);
#776 = CARTESIAN_POINT('',(46.4183336908,68.569969471844,14.7));
#777 = VERTEX_POINT('',#778);
#778 = CARTESIAN_POINT('',(45.586864078497,69.125539704863,14.7));
#779 = CIRCLE('',#780,82.804);
#780 = AXIS2_PLACEMENT_3D('',#781,#782,#783);
#781 = CARTESIAN_POINT('',(0.,0.,14.7));
#782 = DIRECTION('',(0.,0.,1.));
#783 = DIRECTION('',(1.,0.,-0.));
#784 = ORIENTED_EDGE('',*,*,#785,.T.);
#785 = EDGE_CURVE('',#775,#786,#788,.T.);
#786 = VERTEX_POINT('',#787);
#787 = CARTESIAN_POINT('',(46.4183336908,68.569969471844,18.2));
#788 = LINE('',#789,#790);
#789 = CARTESIAN_POINT('',(46.4183336908,68.569969471844,8.));
#790 = VECTOR('',#791,1.);
#791 = DIRECTION('',(0.,0.,1.));
#792 = ORIENTED_EDGE('',*,*,#793,.T.);
#793 = EDGE_CURVE('',#786,#794,#796,.T.);
#794 = VERTEX_POINT('',#795);
#795 = CARTESIAN_POINT('',(45.586864078497,69.125539704863,18.2));
#796 = CIRCLE('',#797,82.804);
#797 = AXIS2_PLACEMENT_3D('',#798,#799,#800);
#798 = CARTESIAN_POINT('',(0.,0.,18.2));
#799 = DIRECTION('',(0.,0.,1.));
#800 = DIRECTION('',(1.,0.,-0.));
#801 = ORIENTED_EDGE('',*,*,#802,.F.);
#802 = EDGE_CURVE('',#777,#794,#803,.T.);
#803 = LINE('',#804,#805);
#804 = CARTESIAN_POINT('',(45.586864078497,69.125539704863,8.));
#805 = VECTOR('',#806,1.);
#806 = DIRECTION('',(0.,0.,1.));
#807 = FACE_BOUND('',#808,.T.);
#808 = EDGE_LOOP('',(#809,#820,#828,#837));
#809 = ORIENTED_EDGE('',*,*,#810,.F.);
#810 = EDGE_CURVE('',#811,#813,#815,.T.);
#811 = VERTEX_POINT('',#812);
#812 = CARTESIAN_POINT('',(43.383173662565,70.52944533288,14.7));
#813 = VERTEX_POINT('',#814);
#814 = CARTESIAN_POINT('',(42.528261791892,71.048218591041,14.7));
#815 = CIRCLE('',#816,82.804);
#816 = AXIS2_PLACEMENT_3D('',#817,#818,#819);
#817 = CARTESIAN_POINT('',(0.,0.,14.7));
#818 = DIRECTION('',(0.,0.,1.));
#819 = DIRECTION('',(1.,0.,-0.));
#820 = ORIENTED_EDGE('',*,*,#821,.T.);
#821 = EDGE_CURVE('',#811,#822,#824,.T.);
#822 = VERTEX_POINT('',#823);
#823 = CARTESIAN_POINT('',(43.383173662565,70.52944533288,18.2));
#824 = LINE('',#825,#826);
#825 = CARTESIAN_POINT('',(43.383173662565,70.52944533288,8.));
#826 = VECTOR('',#827,1.);
#827 = DIRECTION('',(0.,0.,1.));
#828 = ORIENTED_EDGE('',*,*,#829,.T.);
#829 = EDGE_CURVE('',#822,#830,#832,.T.);
#830 = VERTEX_POINT('',#831);
#831 = CARTESIAN_POINT('',(42.528261791892,71.048218591041,18.2));
#832 = CIRCLE('',#833,82.804);
#833 = AXIS2_PLACEMENT_3D('',#834,#835,#836);
#834 = CARTESIAN_POINT('',(0.,0.,18.2));
#835 = DIRECTION('',(0.,0.,1.));
#836 = DIRECTION('',(1.,0.,-0.));
#837 = ORIENTED_EDGE('',*,*,#838,.F.);
#838 = EDGE_CURVE('',#813,#830,#839,.T.);
#839 = LINE('',#840,#841);
#840 = CARTESIAN_POINT('',(42.528261791892,71.048218591041,8.));
#841 = VECTOR('',#842,1.);
#842 = DIRECTION('',(0.,0.,1.));
#843 = FACE_BOUND('',#844,.T.);
#844 = EDGE_LOOP('',(#845,#856,#864,#873));
#845 = ORIENTED_EDGE('',*,*,#846,.F.);
#846 = EDGE_CURVE('',#847,#849,#851,.T.);
#847 = VERTEX_POINT('',#848);
#848 = CARTESIAN_POINT('',(40.265431297525,72.354664386094,14.7));
#849 = VERTEX_POINT('',#850);
#850 = CARTESIAN_POINT('',(39.388704541818,72.835653155013,14.7));
#851 = CIRCLE('',#852,82.804);
#852 = AXIS2_PLACEMENT_3D('',#853,#854,#855);
#853 = CARTESIAN_POINT('',(0.,0.,14.7));
#854 = DIRECTION('',(0.,0.,1.));
#855 = DIRECTION('',(1.,0.,-0.));
#856 = ORIENTED_EDGE('',*,*,#857,.T.);
#857 = EDGE_CURVE('',#847,#858,#860,.T.);
#858 = VERTEX_POINT('',#859);
#859 = CARTESIAN_POINT('',(40.265431297525,72.354664386094,18.2));
#860 = LINE('',#861,#862);
#861 = CARTESIAN_POINT('',(40.265431297525,72.354664386094,8.));
#862 = VECTOR('',#863,1.);
#863 = DIRECTION('',(0.,0.,1.));
#864 = ORIENTED_EDGE('',*,*,#865,.T.);
#865 = EDGE_CURVE('',#858,#866,#868,.T.);
#866 = VERTEX_POINT('',#867);
#867 = CARTESIAN_POINT('',(39.388704541818,72.835653155013,18.2));
#868 = CIRCLE('',#869,82.804);
#869 = AXIS2_PLACEMENT_3D('',#870,#871,#872);
#870 = CARTESIAN_POINT('',(0.,0.,18.2));
#871 = DIRECTION('',(0.,0.,1.));
#872 = DIRECTION('',(1.,0.,-0.));
#873 = ORIENTED_EDGE('',*,*,#874,.F.);
#874 = EDGE_CURVE('',#849,#866,#875,.T.);
#875 = LINE('',#876,#877);
#876 = CARTESIAN_POINT('',(39.388704541818,72.835653155013,8.));
#877 = VECTOR('',#878,1.);
#878 = DIRECTION('',(0.,0.,1.));
#879 = FACE_BOUND('',#880,.T.);
#880 = EDGE_LOOP('',(#881,#892,#900,#909));
#881 = ORIENTED_EDGE('',*,*,#882,.F.);
#882 = EDGE_CURVE('',#883,#885,#887,.T.);
#883 = VERTEX_POINT('',#884);
#884 = CARTESIAN_POINT('',(37.071041395473,74.042152223278,14.7));
#885 = VERTEX_POINT('',#886);
#886 = CARTESIAN_POINT('',(36.17416865394,74.484440913497,14.7));
#887 = CIRCLE('',#888,82.804);
#888 = AXIS2_PLACEMENT_3D('',#889,#890,#891);
#889 = CARTESIAN_POINT('',(0.,0.,14.7));
#890 = DIRECTION('',(0.,0.,1.));
#891 = DIRECTION('',(1.,0.,-0.));
#892 = ORIENTED_EDGE('',*,*,#893,.T.);
#893 = EDGE_CURVE('',#883,#894,#896,.T.);
#894 = VERTEX_POINT('',#895);
#895 = CARTESIAN_POINT('',(37.071041395473,74.042152223278,18.2));
#896 = LINE('',#897,#898);
#897 = CARTESIAN_POINT('',(37.071041395473,74.042152223278,8.));
#898 = VECTOR('',#899,1.);
#899 = DIRECTION('',(0.,0.,1.));
#900 = ORIENTED_EDGE('',*,*,#901,.T.);
#901 = EDGE_CURVE('',#894,#902,#904,.T.);
#902 = VERTEX_POINT('',#903);
#903 = CARTESIAN_POINT('',(36.17416865394,74.484440913497,18.2));
#904 = CIRCLE('',#905,82.804);
#905 = AXIS2_PLACEMENT_3D('',#906,#907,#908);
#906 = CARTESIAN_POINT('',(0.,0.,18.2));
#907 = DIRECTION('',(0.,0.,1.));
#908 = DIRECTION('',(1.,0.,-0.));
#909 = ORIENTED_EDGE('',*,*,#910,.F.);
#910 = EDGE_CURVE('',#885,#902,#911,.T.);
#911 = LINE('',#912,#913);
#912 = CARTESIAN_POINT('',(36.17416865394,74.484440913497,8.));
#913 = VECTOR('',#914,1.);
#914 = DIRECTION('',(0.,0.,1.));
#915 = FACE_BOUND('',#916,.T.);
#916 = EDGE_LOOP('',(#917,#928,#936,#945));
#917 = ORIENTED_EDGE('',*,*,#918,.F.);
#918 = EDGE_CURVE('',#919,#921,#923,.T.);
#919 = VERTEX_POINT('',#920);
#920 = CARTESIAN_POINT('',(33.806084659144,75.588696615425,14.7));
#921 = VERTEX_POINT('',#922);
#922 = CARTESIAN_POINT('',(32.890773180025,75.991443305284,14.7));
#923 = CIRCLE('',#924,82.804);
#924 = AXIS2_PLACEMENT_3D('',#925,#926,#927);
#925 = CARTESIAN_POINT('',(0.,0.,14.7));
#926 = DIRECTION('',(0.,0.,1.));
#927 = DIRECTION('',(1.,0.,-0.));
#928 = ORIENTED_EDGE('',*,*,#929,.T.);
#929 = EDGE_CURVE('',#919,#930,#932,.T.);
#930 = VERTEX_POINT('',#931);
#931 = CARTESIAN_POINT('',(33.806084659144,75.588696615425,18.2));
#932 = LINE('',#933,#934);
#933 = CARTESIAN_POINT('',(33.806084659144,75.588696615425,8.));
#934 = VECTOR('',#935,1.);
#935 = DIRECTION('',(0.,0.,1.));
#936 = ORIENTED_EDGE('',*,*,#937,.T.);
#937 = EDGE_CURVE('',#930,#938,#940,.T.);
#938 = VERTEX_POINT('',#939);
#939 = CARTESIAN_POINT('',(32.890773180025,75.991443305284,18.2));
#940 = CIRCLE('',#941,82.804);
#941 = AXIS2_PLACEMENT_3D('',#942,#943,#944);
#942 = CARTESIAN_POINT('',(0.,0.,18.2));
#943 = DIRECTION('',(0.,0.,1.));
#944 = DIRECTION('',(1.,0.,-0.));
#945 = ORIENTED_EDGE('',*,*,#946,.F.);
#946 = EDGE_CURVE('',#921,#938,#947,.T.);
#947 = LINE('',#948,#949);
#948 = CARTESIAN_POINT('',(32.890773180025,75.991443305284,8.));
#949 = VECTOR('',#950,1.);
#950 = DIRECTION('',(0.,0.,1.));
#951 = FACE_BOUND('',#952,.T.);
#952 = EDGE_LOOP('',(#953,#964,#972,#981));
#953 = ORIENTED_EDGE('',*,*,#954,.F.);
#954 = EDGE_CURVE('',#955,#957,#959,.T.);
#955 = VERTEX_POINT('',#956);
#956 = CARTESIAN_POINT('',(30.476776119255,76.991353627383,14.7));
#957 = VERTEX_POINT('',#958);
#958 = CARTESIAN_POINT('',(29.544768249972,77.353791665667,14.7));
#959 = CIRCLE('',#960,82.804);
#960 = AXIS2_PLACEMENT_3D('',#961,#962,#963);
#961 = CARTESIAN_POINT('',(0.,0.,14.7));
#962 = DIRECTION('',(0.,0.,1.));
#963 = DIRECTION('',(1.,0.,-0.));
#964 = ORIENTED_EDGE('',*,*,#965,.T.);
#965 = EDGE_CURVE('',#955,#966,#968,.T.);
#966 = VERTEX_POINT('',#967);
#967 = CARTESIAN_POINT('',(30.476776119255,76.991353627383,18.2));
#968 = LINE('',#969,#970);
#969 = CARTESIAN_POINT('',(30.476776119255,76.991353627383,8.));
#970 = VECTOR('',#971,1.);
#971 = DIRECTION('',(0.,0.,1.));
#972 = ORIENTED_EDGE('',*,*,#973,.T.);
#973 = EDGE_CURVE('',#966,#974,#976,.T.);
#974 = VERTEX_POINT('',#975);
#975 = CARTESIAN_POINT('',(29.544768249972,77.353791665667,18.2));
#976 = CIRCLE('',#977,82.804);
#977 = AXIS2_PLACEMENT_3D('',#978,#979,#980);
#978 = CARTESIAN_POINT('',(0.,0.,18.2));
#979 = DIRECTION('',(0.,0.,1.));
#980 = DIRECTION('',(1.,0.,-0.));
#981 = ORIENTED_EDGE('',*,*,#982,.F.);
#982 = EDGE_CURVE('',#957,#974,#983,.T.);
#983 = LINE('',#984,#985);
#984 = CARTESIAN_POINT('',(29.544768249972,77.353791665667,8.));
#985 = VECTOR('',#986,1.);
#986 = DIRECTION('',(0.,0.,1.));
#987 = FACE_BOUND('',#988,.T.);
#988 = EDGE_LOOP('',(#989,#1000,#1008,#1017));
#989 = ORIENTED_EDGE('',*,*,#990,.F.);
#990 = EDGE_CURVE('',#991,#993,#995,.T.);
#991 = VERTEX_POINT('',#992);
#992 = CARTESIAN_POINT('',(27.089453303836,78.24745322181,14.7));
#993 = VERTEX_POINT('',#994);
#994 = CARTESIAN_POINT('',(26.142523174341,78.568892687113,14.7));
#995 = CIRCLE('',#996,82.804);
#996 = AXIS2_PLACEMENT_3D('',#997,#998,#999);
#997 = CARTESIAN_POINT('',(0.,0.,14.7));
#998 = DIRECTION('',(0.,0.,1.));
#999 = DIRECTION('',(1.,0.,-0.));
#1000 = ORIENTED_EDGE('',*,*,#1001,.T.);
#1001 = EDGE_CURVE('',#991,#1002,#1004,.T.);
#1002 = VERTEX_POINT('',#1003);
#1003 = CARTESIAN_POINT('',(27.089453303836,78.24745322181,18.2));
#1004 = LINE('',#1005,#1006);
#1005 = CARTESIAN_POINT('',(27.089453303836,78.24745322181,8.));
#1006 = VECTOR('',#1007,1.);
#1007 = DIRECTION('',(0.,0.,1.));
#1008 = ORIENTED_EDGE('',*,*,#1009,.T.);
#1009 = EDGE_CURVE('',#1002,#1010,#1012,.T.);
#1010 = VERTEX_POINT('',#1011);
#1011 = CARTESIAN_POINT('',(26.142523174341,78.568892687113,18.2));
#1012 = CIRCLE('',#1013,82.804);
#1013 = AXIS2_PLACEMENT_3D('',#1014,#1015,#1016);
#1014 = CARTESIAN_POINT('',(0.,0.,18.2));
#1015 = DIRECTION('',(0.,0.,1.));
#1016 = DIRECTION('',(1.,0.,-0.));
#1017 = ORIENTED_EDGE('',*,*,#1018,.F.);
#1018 = EDGE_CURVE('',#993,#1010,#1019,.T.);
#1019 = LINE('',#1020,#1021);
#1020 = CARTESIAN_POINT('',(26.142523174341,78.568892687113,8.));
#1021 = VECTOR('',#1022,1.);
#1022 = DIRECTION('',(0.,0.,1.));
#1023 = FACE_BOUND('',#1024,.T.);
#1024 = EDGE_LOOP('',(#1025,#1036,#1044,#1053));
#1025 = ORIENTED_EDGE('',*,*,#1026,.F.);
#1026 = EDGE_CURVE('',#1027,#1029,#1031,.T.);
#1027 = VERTEX_POINT('',#1028);
#1028 = CARTESIAN_POINT('',(-26.14252317434,78.568892687113,14.7));
#1029 = VERTEX_POINT('',#1030);
#1030 = CARTESIAN_POINT('',(-27.08945330383,78.24745322181,14.7));
#1031 = CIRCLE('',#1032,82.804);
#1032 = AXIS2_PLACEMENT_3D('',#1033,#1034,#1035);
#1033 = CARTESIAN_POINT('',(0.,0.,14.7));
#1034 = DIRECTION('',(0.,0.,1.));
#1035 = DIRECTION('',(1.,0.,-0.));
#1036 = ORIENTED_EDGE('',*,*,#1037,.T.);
#1037 = EDGE_CURVE('',#1027,#1038,#1040,.T.);
#1038 = VERTEX_POINT('',#1039);
#1039 = CARTESIAN_POINT('',(-26.14252317434,78.568892687113,18.2));
#1040 = LINE('',#1041,#1042);
#1041 = CARTESIAN_POINT('',(-26.14252317434,78.568892687113,8.));
#1042 = VECTOR('',#1043,1.);
#1043 = DIRECTION('',(0.,0.,1.));
#1044 = ORIENTED_EDGE('',*,*,#1045,.T.);
#1045 = EDGE_CURVE('',#1038,#1046,#1048,.T.);
#1046 = VERTEX_POINT('',#1047);
#1047 = CARTESIAN_POINT('',(-27.08945330383,78.24745322181,18.2));
#1048 = CIRCLE('',#1049,82.804);
#1049 = AXIS2_PLACEMENT_3D('',#1050,#1051,#1052);
#1050 = CARTESIAN_POINT('',(0.,0.,18.2));
#1051 = DIRECTION('',(0.,0.,1.));
#1052 = DIRECTION('',(1.,0.,-0.));
#1053 = ORIENTED_EDGE('',*,*,#1054,.F.);
#1054 = EDGE_CURVE('',#1029,#1046,#1055,.T.);
#1055 = LINE('',#1056,#1057);
#1056 = CARTESIAN_POINT('',(-27.08945330383,78.24745322181,8.));
#1057 = VECTOR('',#1058,1.);
#1058 = DIRECTION('',(0.,0.,1.));
#1059 = FACE_BOUND('',#1060,.T.);
#1060 = EDGE_LOOP('',(#1061,#1072,#1080,#1089));
#1061 = ORIENTED_EDGE('',*,*,#1062,.F.);
#1062 = EDGE_CURVE('',#1063,#1065,#1067,.T.);
#1063 = VERTEX_POINT('',#1064);
#1064 = CARTESIAN_POINT('',(-29.54476824997,77.353791665667,14.7));
#1065 = VERTEX_POINT('',#1066);
#1066 = CARTESIAN_POINT('',(-30.47677611925,76.991353627383,14.7));
#1067 = CIRCLE('',#1068,82.804);
#1068 = AXIS2_PLACEMENT_3D('',#1069,#1070,#1071);
#1069 = CARTESIAN_POINT('',(0.,0.,14.7));
#1070 = DIRECTION('',(0.,0.,1.));
#1071 = DIRECTION('',(1.,0.,-0.));
#1072 = ORIENTED_EDGE('',*,*,#1073,.T.);
#1073 = EDGE_CURVE('',#1063,#1074,#1076,.T.);
#1074 = VERTEX_POINT('',#1075);
#1075 = CARTESIAN_POINT('',(-29.54476824997,77.353791665667,18.2));
#1076 = LINE('',#1077,#1078);
#1077 = CARTESIAN_POINT('',(-29.54476824997,77.353791665667,8.));
#1078 = VECTOR('',#1079,1.);
#1079 = DIRECTION('',(0.,0.,1.));
#1080 = ORIENTED_EDGE('',*,*,#1081,.T.);
#1081 = EDGE_CURVE('',#1074,#1082,#1084,.T.);
#1082 = VERTEX_POINT('',#1083);
#1083 = CARTESIAN_POINT('',(-30.47677611925,76.991353627383,18.2));
#1084 = CIRCLE('',#1085,82.804);
#1085 = AXIS2_PLACEMENT_3D('',#1086,#1087,#1088);
#1086 = CARTESIAN_POINT('',(0.,0.,18.2));
#1087 = DIRECTION('',(0.,0.,1.));
#1088 = DIRECTION('',(1.,0.,-0.));
#1089 = ORIENTED_EDGE('',*,*,#1090,.F.);
#1090 = EDGE_CURVE('',#1065,#1082,#1091,.T.);
#1091 = LINE('',#1092,#1093);
#1092 = CARTESIAN_POINT('',(-30.47677611925,76.991353627383,8.));
#1093 = VECTOR('',#1094,1.);
#1094 = DIRECTION('',(0.,0.,1.));
#1095 = FACE_BOUND('',#1096,.T.);
#1096 = EDGE_LOOP('',(#1097,#1108,#1116,#1125));
#1097 = ORIENTED_EDGE('',*,*,#1098,.F.);
#1098 = EDGE_CURVE('',#1099,#1101,#1103,.T.);
#1099 = VERTEX_POINT('',#1100);
#1100 = CARTESIAN_POINT('',(-32.89077318002,75.991443305284,14.7));
#1101 = VERTEX_POINT('',#1102);
#1102 = CARTESIAN_POINT('',(-33.80608465914,75.588696615425,14.7));
#1103 = CIRCLE('',#1104,82.804);
#1104 = AXIS2_PLACEMENT_3D('',#1105,#1106,#1107);
#1105 = CARTESIAN_POINT('',(0.,0.,14.7));
#1106 = DIRECTION('',(0.,0.,1.));
#1107 = DIRECTION('',(1.,0.,-0.));
#1108 = ORIENTED_EDGE('',*,*,#1109,.T.);
#1109 = EDGE_CURVE('',#1099,#1110,#1112,.T.);
#1110 = VERTEX_POINT('',#1111);
#1111 = CARTESIAN_POINT('',(-32.89077318002,75.991443305284,18.2));
#1112 = LINE('',#1113,#1114);
#1113 = CARTESIAN_POINT('',(-32.89077318002,75.991443305284,8.));
#1114 = VECTOR('',#1115,1.);
#1115 = DIRECTION('',(0.,0.,1.));
#1116 = ORIENTED_EDGE('',*,*,#1117,.T.);
#1117 = EDGE_CURVE('',#1110,#1118,#1120,.T.);
#1118 = VERTEX_POINT('',#1119);
#1119 = CARTESIAN_POINT('',(-33.80608465914,75.588696615425,18.2));
#1120 = CIRCLE('',#1121,82.804);
#1121 = AXIS2_PLACEMENT_3D('',#1122,#1123,#1124);
#1122 = CARTESIAN_POINT('',(0.,0.,18.2));
#1123 = DIRECTION('',(0.,0.,1.));
#1124 = DIRECTION('',(1.,0.,-0.));
#1125 = ORIENTED_EDGE('',*,*,#1126,.F.);
#1126 = EDGE_CURVE('',#1101,#1118,#1127,.T.);
#1127 = LINE('',#1128,#1129);
#1128 = CARTESIAN_POINT('',(-33.80608465914,75.588696615425,8.));
#1129 = VECTOR('',#1130,1.);
#1130 = DIRECTION('',(0.,0.,1.));
#1131 = FACE_BOUND('',#1132,.T.);
#1132 = EDGE_LOOP('',(#1133,#1144,#1152,#1161));
#1133 = ORIENTED_EDGE('',*,*,#1134,.F.);
#1134 = EDGE_CURVE('',#1135,#1137,#1139,.T.);
#1135 = VERTEX_POINT('',#1136);
#1136 = CARTESIAN_POINT('',(-48.55868917834,67.071276425019,14.7));
#1137 = VERTEX_POINT('',#1138);
#1138 = CARTESIAN_POINT('',(-49.3651337826,66.479966776655,14.7));
#1139 = CIRCLE('',#1140,82.804);
#1140 = AXIS2_PLACEMENT_3D('',#1141,#1142,#1143);
#1141 = CARTESIAN_POINT('',(0.,0.,14.7));
#1142 = DIRECTION('',(0.,0.,1.));
#1143 = DIRECTION('',(1.,0.,-0.));
#1144 = ORIENTED_EDGE('',*,*,#1145,.T.);
#1145 = EDGE_CURVE('',#1135,#1146,#1148,.T.);
#1146 = VERTEX_POINT('',#1147);
#1147 = CARTESIAN_POINT('',(-48.55868917834,67.071276425019,18.2));
#1148 = LINE('',#1149,#1150);
#1149 = CARTESIAN_POINT('',(-48.55868917834,67.071276425019,8.));
#1150 = VECTOR('',#1151,1.);
#1151 = DIRECTION('',(0.,0.,1.));
#1152 = ORIENTED_EDGE('',*,*,#1153,.T.);
#1153 = EDGE_CURVE('',#1146,#1154,#1156,.T.);
#1154 = VERTEX_POINT('',#1155);
#1155 = CARTESIAN_POINT('',(-49.3651337826,66.479966776655,18.2));
#1156 = CIRCLE('',#1157,82.804);
#1157 = AXIS2_PLACEMENT_3D('',#1158,#1159,#1160);
#1158 = CARTESIAN_POINT('',(0.,0.,18.2));
#1159 = DIRECTION('',(0.,0.,1.));
#1160 = DIRECTION('',(1.,0.,-0.));
#1161 = ORIENTED_EDGE('',*,*,#1162,.F.);
#1162 = EDGE_CURVE('',#1137,#1154,#1163,.T.);
#1163 = LINE('',#1164,#1165);
#1164 = CARTESIAN_POINT('',(-49.3651337826,66.479966776655,8.));
#1165 = VECTOR('',#1166,1.);
#1166 = DIRECTION('',(0.,0.,1.));
#1167 = FACE_BOUND('',#1168,.T.);
#1168 = EDGE_LOOP('',(#1169,#1180,#1188,#1197));
#1169 = ORIENTED_EDGE('',*,*,#1170,.F.);
#1170 = EDGE_CURVE('',#1171,#1173,#1175,.T.);
#1171 = VERTEX_POINT('',#1172);
#1172 = CARTESIAN_POINT('',(-51.43808005343,64.889339158417,14.7));
#1173 = VERTEX_POINT('',#1174);
#1174 = CARTESIAN_POINT('',(-52.21796453653,64.263415686233,14.7));
#1175 = CIRCLE('',#1176,82.804);
#1176 = AXIS2_PLACEMENT_3D('',#1177,#1178,#1179);
#1177 = CARTESIAN_POINT('',(0.,0.,14.7));
#1178 = DIRECTION('',(0.,0.,1.));
#1179 = DIRECTION('',(1.,0.,-0.));
#1180 = ORIENTED_EDGE('',*,*,#1181,.T.);
#1181 = EDGE_CURVE('',#1171,#1182,#1184,.T.);
#1182 = VERTEX_POINT('',#1183);
#1183 = CARTESIAN_POINT('',(-51.43808005343,64.889339158417,18.2));
#1184 = LINE('',#1185,#1186);
#1185 = CARTESIAN_POINT('',(-51.43808005343,64.889339158417,8.));
#1186 = VECTOR('',#1187,1.);
#1187 = DIRECTION('',(0.,0.,1.));
#1188 = ORIENTED_EDGE('',*,*,#1189,.T.);
#1189 = EDGE_CURVE('',#1182,#1190,#1192,.T.);
#1190 = VERTEX_POINT('',#1191);
#1191 = CARTESIAN_POINT('',(-52.21796453653,64.263415686233,18.2));
#1192 = CIRCLE('',#1193,82.804);
#1193 = AXIS2_PLACEMENT_3D('',#1194,#1195,#1196);
#1194 = CARTESIAN_POINT('',(0.,0.,18.2));
#1195 = DIRECTION('',(0.,0.,1.));
#1196 = DIRECTION('',(1.,0.,-0.));
#1197 = ORIENTED_EDGE('',*,*,#1198,.F.);
#1198 = EDGE_CURVE('',#1173,#1190,#1199,.T.);
#1199 = LINE('',#1200,#1201);
#1200 = CARTESIAN_POINT('',(-52.21796453653,64.263415686233,8.));
#1201 = VECTOR('',#1202,1.);
#1202 = DIRECTION('',(0.,0.,1.));
#1203 = FACE_BOUND('',#1204,.T.);
#1204 = EDGE_LOOP('',(#1205,#1216,#1224,#1233));
#1205 = ORIENTED_EDGE('',*,*,#1206,.F.);
#1206 = EDGE_CURVE('',#1207,#1209,#1211,.T.);
#1207 = VERTEX_POINT('',#1208);
#1208 = CARTESIAN_POINT('',(-54.2195556196,62.583881346659,14.7));
#1209 = VERTEX_POINT('',#1210);
#1210 = CARTESIAN_POINT('',(-54.97139542708,61.924535531559,14.7));
#1211 = CIRCLE('',#1212,82.804);
#1212 = AXIS2_PLACEMENT_3D('',#1213,#1214,#1215);
#1213 = CARTESIAN_POINT('',(0.,0.,14.7));
#1214 = DIRECTION('',(0.,0.,1.));
#1215 = DIRECTION('',(1.,0.,-0.));
#1216 = ORIENTED_EDGE('',*,*,#1217,.T.);
#1217 = EDGE_CURVE('',#1207,#1218,#1220,.T.);
#1218 = VERTEX_POINT('',#1219);
#1219 = CARTESIAN_POINT('',(-54.2195556196,62.583881346659,18.2));
#1220 = LINE('',#1221,#1222);
#1221 = CARTESIAN_POINT('',(-54.2195556196,62.583881346659,8.));
#1222 = VECTOR('',#1223,1.);
#1223 = DIRECTION('',(0.,0.,1.));
#1224 = ORIENTED_EDGE('',*,*,#1225,.T.);
#1225 = EDGE_CURVE('',#1218,#1226,#1228,.T.);
#1226 = VERTEX_POINT('',#1227);
#1227 = CARTESIAN_POINT('',(-54.97139542708,61.924535531559,18.2));
#1228 = CIRCLE('',#1229,82.804);
#1229 = AXIS2_PLACEMENT_3D('',#1230,#1231,#1232);
#1230 = CARTESIAN_POINT('',(0.,0.,18.2));
#1231 = DIRECTION('',(0.,0.,1.));
#1232 = DIRECTION('',(1.,0.,-0.));
#1233 = ORIENTED_EDGE('',*,*,#1234,.F.);
#1234 = EDGE_CURVE('',#1209,#1226,#1235,.T.);
#1235 = LINE('',#1236,#1237);
#1236 = CARTESIAN_POINT('',(-54.97139542708,61.924535531559,8.));
#1237 = VECTOR('',#1238,1.);
#1238 = DIRECTION('',(0.,0.,1.));
#1239 = FACE_BOUND('',#1240,.T.);
#1240 = EDGE_LOOP('',(#1241,#1252,#1260,#1269));
#1241 = ORIENTED_EDGE('',*,*,#1242,.F.);
#1242 = EDGE_CURVE('',#1243,#1245,#1247,.T.);
#1243 = VERTEX_POINT('',#1244);
#1244 = CARTESIAN_POINT('',(-56.89782118001,60.159291559722,14.7));
#1245 = VERTEX_POINT('',#1246);
#1246 = CARTESIAN_POINT('',(-57.62018514207,59.467778503939,14.7));
#1247 = CIRCLE('',#1248,82.804);
#1248 = AXIS2_PLACEMENT_3D('',#1249,#1250,#1251);
#1249 = CARTESIAN_POINT('',(0.,0.,14.7));
#1250 = DIRECTION('',(0.,0.,1.));
#1251 = DIRECTION('',(1.,0.,-0.));
#1252 = ORIENTED_EDGE('',*,*,#1253,.T.);
#1253 = EDGE_CURVE('',#1243,#1254,#1256,.T.);
#1254 = VERTEX_POINT('',#1255);
#1255 = CARTESIAN_POINT('',(-56.89782118001,60.159291559722,18.2));
#1256 = LINE('',#1257,#1258);
#1257 = CARTESIAN_POINT('',(-56.89782118001,60.159291559722,8.));
#1258 = VECTOR('',#1259,1.);
#1259 = DIRECTION('',(0.,0.,1.));
#1260 = ORIENTED_EDGE('',*,*,#1261,.T.);
#1261 = EDGE_CURVE('',#1254,#1262,#1264,.T.);
#1262 = VERTEX_POINT('',#1263);
#1263 = CARTESIAN_POINT('',(-57.62018514207,59.467778503939,18.2));
#1264 = CIRCLE('',#1265,82.804);
#1265 = AXIS2_PLACEMENT_3D('',#1266,#1267,#1268);
#1266 = CARTESIAN_POINT('',(0.,0.,18.2));
#1267 = DIRECTION('',(0.,0.,1.));
#1268 = DIRECTION('',(1.,0.,-0.));
#1269 = ORIENTED_EDGE('',*,*,#1270,.F.);
#1270 = EDGE_CURVE('',#1245,#1262,#1271,.T.);
#1271 = LINE('',#1272,#1273);
#1272 = CARTESIAN_POINT('',(-57.62018514207,59.467778503939,8.));
#1273 = VECTOR('',#1274,1.);
#1274 = DIRECTION('',(0.,0.,1.));
#1275 = FACE_BOUND('',#1276,.T.);
#1276 = EDGE_LOOP('',(#1277,#1288,#1296,#1305));
#1277 = ORIENTED_EDGE('',*,*,#1278,.F.);
#1278 = EDGE_CURVE('',#1279,#1281,#1283,.T.);
#1279 = VERTEX_POINT('',#1280);
#1280 = CARTESIAN_POINT('',(-59.46777850393,57.62018514207,14.7));
#1281 = VERTEX_POINT('',#1282);
#1282 = CARTESIAN_POINT('',(-60.15929155972,56.89782118001,14.7));
#1283 = CIRCLE('',#1284,82.804);
#1284 = AXIS2_PLACEMENT_3D('',#1285,#1286,#1287);
#1285 = CARTESIAN_POINT('',(0.,0.,14.7));
#1286 = DIRECTION('',(0.,0.,1.));
#1287 = DIRECTION('',(1.,0.,-0.));
#1288 = ORIENTED_EDGE('',*,*,#1289,.T.);
#1289 = EDGE_CURVE('',#1279,#1290,#1292,.T.);
#1290 = VERTEX_POINT('',#1291);
#1291 = CARTESIAN_POINT('',(-59.46777850393,57.62018514207,18.2));
#1292 = LINE('',#1293,#1294);
#1293 = CARTESIAN_POINT('',(-59.46777850393,57.62018514207,8.));
#1294 = VECTOR('',#1295,1.);
#1295 = DIRECTION('',(0.,0.,1.));
#1296 = ORIENTED_EDGE('',*,*,#1297,.T.);
#1297 = EDGE_CURVE('',#1290,#1298,#1300,.T.);
#1298 = VERTEX_POINT('',#1299);
#1299 = CARTESIAN_POINT('',(-60.15929155972,56.89782118001,18.2));
#1300 = CIRCLE('',#1301,82.804);
#1301 = AXIS2_PLACEMENT_3D('',#1302,#1303,#1304);
#1302 = CARTESIAN_POINT('',(0.,0.,18.2));
#1303 = DIRECTION('',(0.,0.,1.));
#1304 = DIRECTION('',(1.,0.,-0.));
#1305 = ORIENTED_EDGE('',*,*,#1306,.F.);
#1306 = EDGE_CURVE('',#1281,#1298,#1307,.T.);
#1307 = LINE('',#1308,#1309);
#1308 = CARTESIAN_POINT('',(-60.15929155972,56.89782118001,8.));
#1309 = VECTOR('',#1310,1.);
#1310 = DIRECTION('',(0.,0.,1.));
#1311 = FACE_BOUND('',#1312,.T.);
#1312 = EDGE_LOOP('',(#1313,#1324,#1332,#1341));
#1313 = ORIENTED_EDGE('',*,*,#1314,.F.);
#1314 = EDGE_CURVE('',#1315,#1317,#1319,.T.);
#1315 = VERTEX_POINT('',#1316);
#1316 = CARTESIAN_POINT('',(-61.92453553155,54.971395427083,14.7));
#1317 = VERTEX_POINT('',#1318);
#1318 = CARTESIAN_POINT('',(-62.58388134665,54.219555619604,14.7));
#1319 = CIRCLE('',#1320,82.804);
#1320 = AXIS2_PLACEMENT_3D('',#1321,#1322,#1323);
#1321 = CARTESIAN_POINT('',(0.,0.,14.7));
#1322 = DIRECTION('',(0.,0.,1.));
#1323 = DIRECTION('',(1.,0.,-0.));
#1324 = ORIENTED_EDGE('',*,*,#1325,.T.);
#1325 = EDGE_CURVE('',#1315,#1326,#1328,.T.);
#1326 = VERTEX_POINT('',#1327);
#1327 = CARTESIAN_POINT('',(-61.92453553155,54.971395427083,18.2));
#1328 = LINE('',#1329,#1330);
#1329 = CARTESIAN_POINT('',(-61.92453553155,54.971395427083,8.));
#1330 = VECTOR('',#1331,1.);
#1331 = DIRECTION('',(0.,0.,1.));
#1332 = ORIENTED_EDGE('',*,*,#1333,.T.);
#1333 = EDGE_CURVE('',#1326,#1334,#1336,.T.);
#1334 = VERTEX_POINT('',#1335);
#1335 = CARTESIAN_POINT('',(-62.58388134665,54.219555619604,18.2));
#1336 = CIRCLE('',#1337,82.804);
#1337 = AXIS2_PLACEMENT_3D('',#1338,#1339,#1340);
#1338 = CARTESIAN_POINT('',(0.,0.,18.2));
#1339 = DIRECTION('',(0.,0.,1.));
#1340 = DIRECTION('',(1.,0.,-0.));
#1341 = ORIENTED_EDGE('',*,*,#1342,.F.);
#1342 = EDGE_CURVE('',#1317,#1334,#1343,.T.);
#1343 = LINE('',#1344,#1345);
#1344 = CARTESIAN_POINT('',(-62.58388134665,54.219555619604,8.));
#1345 = VECTOR('',#1346,1.);
#1346 = DIRECTION('',(0.,0.,1.));
#1347 = FACE_BOUND('',#1348,.T.);
#1348 = EDGE_LOOP('',(#1349,#1360,#1368,#1377));
#1349 = ORIENTED_EDGE('',*,*,#1350,.F.);
#1350 = EDGE_CURVE('',#1351,#1353,#1355,.T.);
#1351 = VERTEX_POINT('',#1352);
#1352 = CARTESIAN_POINT('',(-64.26341568623,52.217964536531,14.7));
#1353 = VERTEX_POINT('',#1354);
#1354 = CARTESIAN_POINT('',(-64.88933915841,51.438080053438,14.7));
#1355 = CIRCLE('',#1356,82.804);
#1356 = AXIS2_PLACEMENT_3D('',#1357,#1358,#1359);
#1357 = CARTESIAN_POINT('',(0.,0.,14.7));
#1358 = DIRECTION('',(0.,0.,1.));
#1359 = DIRECTION('',(1.,0.,-0.));
#1360 = ORIENTED_EDGE('',*,*,#1361,.T.);
#1361 = EDGE_CURVE('',#1351,#1362,#1364,.T.);
#1362 = VERTEX_POINT('',#1363);
#1363 = CARTESIAN_POINT('',(-64.26341568623,52.217964536531,18.2));
#1364 = LINE('',#1365,#1366);
#1365 = CARTESIAN_POINT('',(-64.26341568623,52.217964536531,8.));
#1366 = VECTOR('',#1367,1.);
#1367 = DIRECTION('',(0.,0.,1.));
#1368 = ORIENTED_EDGE('',*,*,#1369,.T.);
#1369 = EDGE_CURVE('',#1362,#1370,#1372,.T.);
#1370 = VERTEX_POINT('',#1371);
#1371 = CARTESIAN_POINT('',(-64.88933915841,51.438080053438,18.2));
#1372 = CIRCLE('',#1373,82.804);
#1373 = AXIS2_PLACEMENT_3D('',#1374,#1375,#1376);
#1374 = CARTESIAN_POINT('',(0.,0.,18.2));
#1375 = DIRECTION('',(0.,0.,1.));
#1376 = DIRECTION('',(1.,0.,-0.));
#1377 = ORIENTED_EDGE('',*,*,#1378,.F.);
#1378 = EDGE_CURVE('',#1353,#1370,#1379,.T.);
#1379 = LINE('',#1380,#1381);
#1380 = CARTESIAN_POINT('',(-64.88933915841,51.438080053438,8.));
#1381 = VECTOR('',#1382,1.);
#1382 = DIRECTION('',(0.,0.,1.));
#1383 = FACE_BOUND('',#1384,.T.);
#1384 = EDGE_LOOP('',(#1385,#1396,#1404,#1413));
#1385 = ORIENTED_EDGE('',*,*,#1386,.F.);
#1386 = EDGE_CURVE('',#1387,#1389,#1391,.T.);
#1387 = VERTEX_POINT('',#1388);
#1388 = CARTESIAN_POINT('',(-66.47996677665,49.365133782608,14.7));
#1389 = VERTEX_POINT('',#1390);
#1390 = CARTESIAN_POINT('',(-67.07127642501,48.558689178341,14.7));
#1391 = CIRCLE('',#1392,82.804);
#1392 = AXIS2_PLACEMENT_3D('',#1393,#1394,#1395);
#1393 = CARTESIAN_POINT('',(0.,0.,14.7));
#1394 = DIRECTION('',(0.,0.,1.));
#1395 = DIRECTION('',(1.,0.,-0.));
#1396 = ORIENTED_EDGE('',*,*,#1397,.T.);
#1397 = EDGE_CURVE('',#1387,#1398,#1400,.T.);
#1398 = VERTEX_POINT('',#1399);
#1399 = CARTESIAN_POINT('',(-66.47996677665,49.365133782608,18.2));
#1400 = LINE('',#1401,#1402);
#1401 = CARTESIAN_POINT('',(-66.47996677665,49.365133782608,8.));
#1402 = VECTOR('',#1403,1.);
#1403 = DIRECTION('',(0.,0.,1.));
#1404 = ORIENTED_EDGE('',*,*,#1405,.T.);
#1405 = EDGE_CURVE('',#1398,#1406,#1408,.T.);
#1406 = VERTEX_POINT('',#1407);
#1407 = CARTESIAN_POINT('',(-67.07127642501,48.558689178341,18.2));
#1408 = CIRCLE('',#1409,82.804);
#1409 = AXIS2_PLACEMENT_3D('',#1410,#1411,#1412);
#1410 = CARTESIAN_POINT('',(0.,0.,18.2));
#1411 = DIRECTION('',(0.,0.,1.));
#1412 = DIRECTION('',(1.,0.,-0.));
#1413 = ORIENTED_EDGE('',*,*,#1414,.F.);
#1414 = EDGE_CURVE('',#1389,#1406,#1415,.T.);
#1415 = LINE('',#1416,#1417);
#1416 = CARTESIAN_POINT('',(-67.07127642501,48.558689178341,8.));
#1417 = VECTOR('',#1418,1.);
#1418 = DIRECTION('',(0.,0.,1.));
#1419 = FACE_BOUND('',#1420,.T.);
#1420 = EDGE_LOOP('',(#1421,#1432,#1440,#1449));
#1421 = ORIENTED_EDGE('',*,*,#1422,.F.);
#1422 = EDGE_CURVE('',#1423,#1425,#1427,.T.);
#1423 = VERTEX_POINT('',#1424);
#1424 = CARTESIAN_POINT('',(-75.58869661542,33.806084659144,14.7));
#1425 = VERTEX_POINT('',#1426);
#1426 = CARTESIAN_POINT('',(-75.99144330528,32.890773180025,14.7));
#1427 = CIRCLE('',#1428,82.804);
#1428 = AXIS2_PLACEMENT_3D('',#1429,#1430,#1431);
#1429 = CARTESIAN_POINT('',(0.,0.,14.7));
#1430 = DIRECTION('',(0.,0.,1.));
#1431 = DIRECTION('',(1.,0.,-0.));
#1432 = ORIENTED_EDGE('',*,*,#1433,.T.);
#1433 = EDGE_CURVE('',#1423,#1434,#1436,.T.);
#1434 = VERTEX_POINT('',#1435);
#1435 = CARTESIAN_POINT('',(-75.58869661542,33.806084659144,18.2));
#1436 = LINE('',#1437,#1438);
#1437 = CARTESIAN_POINT('',(-75.58869661542,33.806084659144,8.));
#1438 = VECTOR('',#1439,1.);
#1439 = DIRECTION('',(0.,0.,1.));
#1440 = ORIENTED_EDGE('',*,*,#1441,.T.);
#1441 = EDGE_CURVE('',#1434,#1442,#1444,.T.);
#1442 = VERTEX_POINT('',#1443);
#1443 = CARTESIAN_POINT('',(-75.99144330528,32.890773180025,18.2));
#1444 = CIRCLE('',#1445,82.804);
#1445 = AXIS2_PLACEMENT_3D('',#1446,#1447,#1448);
#1446 = CARTESIAN_POINT('',(0.,0.,18.2));
#1447 = DIRECTION('',(0.,0.,1.));
#1448 = DIRECTION('',(1.,0.,-0.));
#1449 = ORIENTED_EDGE('',*,*,#1450,.F.);
#1450 = EDGE_CURVE('',#1425,#1442,#1451,.T.);
#1451 = LINE('',#1452,#1453);
#1452 = CARTESIAN_POINT('',(-75.99144330528,32.890773180025,8.));
#1453 = VECTOR('',#1454,1.);
#1454 = DIRECTION('',(0.,0.,1.));
#1455 = FACE_BOUND('',#1456,.T.);
#1456 = EDGE_LOOP('',(#1457,#1468,#1476,#1485));
#1457 = ORIENTED_EDGE('',*,*,#1458,.F.);
#1458 = EDGE_CURVE('',#1459,#1461,#1463,.T.);
#1459 = VERTEX_POINT('',#1460);
#1460 = CARTESIAN_POINT('',(-76.99135362738,30.476776119255,14.7));
#1461 = VERTEX_POINT('',#1462);
#1462 = CARTESIAN_POINT('',(-77.35379166566,29.544768249972,14.7));
#1463 = CIRCLE('',#1464,82.804);
#1464 = AXIS2_PLACEMENT_3D('',#1465,#1466,#1467);
#1465 = CARTESIAN_POINT('',(0.,0.,14.7));
#1466 = DIRECTION('',(0.,0.,1.));
#1467 = DIRECTION('',(1.,0.,-0.));
#1468 = ORIENTED_EDGE('',*,*,#1469,.T.);
#1469 = EDGE_CURVE('',#1459,#1470,#1472,.T.);
#1470 = VERTEX_POINT('',#1471);
#1471 = CARTESIAN_POINT('',(-76.99135362738,30.476776119255,18.2));
#1472 = LINE('',#1473,#1474);
#1473 = CARTESIAN_POINT('',(-76.99135362738,30.476776119255,8.));
#1474 = VECTOR('',#1475,1.);
#1475 = DIRECTION('',(0.,0.,1.));
#1476 = ORIENTED_EDGE('',*,*,#1477,.T.);
#1477 = EDGE_CURVE('',#1470,#1478,#1480,.T.);
#1478 = VERTEX_POINT('',#1479);
#1479 = CARTESIAN_POINT('',(-77.35379166566,29.544768249972,18.2));
#1480 = CIRCLE('',#1481,82.804);
#1481 = AXIS2_PLACEMENT_3D('',#1482,#1483,#1484);
#1482 = CARTESIAN_POINT('',(0.,0.,18.2));
#1483 = DIRECTION('',(0.,0.,1.));
#1484 = DIRECTION('',(1.,0.,-0.));
#1485 = ORIENTED_EDGE('',*,*,#1486,.F.);
#1486 = EDGE_CURVE('',#1461,#1478,#1487,.T.);
#1487 = LINE('',#1488,#1489);
#1488 = CARTESIAN_POINT('',(-77.35379166566,29.544768249972,8.));
#1489 = VECTOR('',#1490,1.);
#1490 = DIRECTION('',(0.,0.,1.));
#1491 = FACE_BOUND('',#1492,.T.);
#1492 = EDGE_LOOP('',(#1493,#1504,#1512,#1521));
#1493 = ORIENTED_EDGE('',*,*,#1494,.F.);
#1494 = EDGE_CURVE('',#1495,#1497,#1499,.T.);
#1495 = VERTEX_POINT('',#1496);
#1496 = CARTESIAN_POINT('',(-78.24745322181,27.089453303836,14.7));
#1497 = VERTEX_POINT('',#1498);
#1498 = CARTESIAN_POINT('',(-78.56889268711,26.142523174341,14.7));
#1499 = CIRCLE('',#1500,82.804);
#1500 = AXIS2_PLACEMENT_3D('',#1501,#1502,#1503);
#1501 = CARTESIAN_POINT('',(0.,0.,14.7));
#1502 = DIRECTION('',(0.,0.,1.));
#1503 = DIRECTION('',(1.,0.,-0.));
#1504 = ORIENTED_EDGE('',*,*,#1505,.T.);
#1505 = EDGE_CURVE('',#1495,#1506,#1508,.T.);
#1506 = VERTEX_POINT('',#1507);
#1507 = CARTESIAN_POINT('',(-78.24745322181,27.089453303836,18.2));
#1508 = LINE('',#1509,#1510);
#1509 = CARTESIAN_POINT('',(-78.24745322181,27.089453303836,8.));
#1510 = VECTOR('',#1511,1.);
#1511 = DIRECTION('',(0.,0.,1.));
#1512 = ORIENTED_EDGE('',*,*,#1513,.T.);
#1513 = EDGE_CURVE('',#1506,#1514,#1516,.T.);
#1514 = VERTEX_POINT('',#1515);
#1515 = CARTESIAN_POINT('',(-78.56889268711,26.142523174341,18.2));
#1516 = CIRCLE('',#1517,82.804);
#1517 = AXIS2_PLACEMENT_3D('',#1518,#1519,#1520);
#1518 = CARTESIAN_POINT('',(0.,0.,18.2));
#1519 = DIRECTION('',(0.,0.,1.));
#1520 = DIRECTION('',(1.,0.,-0.));
#1521 = ORIENTED_EDGE('',*,*,#1522,.F.);
#1522 = EDGE_CURVE('',#1497,#1514,#1523,.T.);
#1523 = LINE('',#1524,#1525);
#1524 = CARTESIAN_POINT('',(-78.56889268711,26.142523174341,8.));
#1525 = VECTOR('',#1526,1.);
#1526 = DIRECTION('',(0.,0.,1.));
#1527 = FACE_BOUND('',#1528,.T.);
#1528 = EDGE_LOOP('',(#1529,#1540,#1548,#1557));
#1529 = ORIENTED_EDGE('',*,*,#1530,.F.);
#1530 = EDGE_CURVE('',#1531,#1533,#1535,.T.);
#1531 = VERTEX_POINT('',#1532);
#1532 = CARTESIAN_POINT('',(-79.35460434173,23.650564174389,14.7));
#1533 = VERTEX_POINT('',#1534);
#1534 = CARTESIAN_POINT('',(-79.63443335576,22.690514320003,14.7));
#1535 = CIRCLE('',#1536,82.804);
#1536 = AXIS2_PLACEMENT_3D('',#1537,#1538,#1539);
#1537 = CARTESIAN_POINT('',(0.,0.,14.7));
#1538 = DIRECTION('',(0.,0.,1.));
#1539 = DIRECTION('',(1.,0.,-0.));
#1540 = ORIENTED_EDGE('',*,*,#1541,.T.);
#1541 = EDGE_CURVE('',#1531,#1542,#1544,.T.);
#1542 = VERTEX_POINT('',#1543);
#1543 = CARTESIAN_POINT('',(-79.35460434173,23.650564174389,18.2));
#1544 = LINE('',#1545,#1546);
#1545 = CARTESIAN_POINT('',(-79.35460434173,23.650564174389,8.));
#1546 = VECTOR('',#1547,1.);
#1547 = DIRECTION('',(0.,0.,1.));
#1548 = ORIENTED_EDGE('',*,*,#1549,.T.);
#1549 = EDGE_CURVE('',#1542,#1550,#1552,.T.);
#1550 = VERTEX_POINT('',#1551);
#1551 = CARTESIAN_POINT('',(-79.63443335576,22.690514320003,18.2));
#1552 = CIRCLE('',#1553,82.804);
#1553 = AXIS2_PLACEMENT_3D('',#1554,#1555,#1556);
#1554 = CARTESIAN_POINT('',(0.,0.,18.2));
#1555 = DIRECTION('',(0.,0.,1.));
#1556 = DIRECTION('',(1.,0.,-0.));
#1557 = ORIENTED_EDGE('',*,*,#1558,.F.);
#1558 = EDGE_CURVE('',#1533,#1550,#1559,.T.);
#1559 = LINE('',#1560,#1561);
#1560 = CARTESIAN_POINT('',(-79.63443335576,22.690514320003,8.));
#1561 = VECTOR('',#1562,1.);
#1562 = DIRECTION('',(0.,0.,1.));
#1563 = FACE_BOUND('',#1564,.T.);
#1564 = EDGE_LOOP('',(#1565,#1576,#1584,#1593));
#1565 = ORIENTED_EDGE('',*,*,#1566,.F.);
#1566 = EDGE_CURVE('',#1567,#1569,#1571,.T.);
#1567 = VERTEX_POINT('',#1568);
#1568 = CARTESIAN_POINT('',(-80.31069946207,20.166654851825,14.7));
#1569 = VERTEX_POINT('',#1570);
#1570 = CARTESIAN_POINT('',(-80.54838535439,19.195312782012,14.7));
#1571 = CIRCLE('',#1572,82.804);
#1572 = AXIS2_PLACEMENT_3D('',#1573,#1574,#1575);
#1573 = CARTESIAN_POINT('',(0.,0.,14.7));
#1574 = DIRECTION('',(0.,0.,1.));
#1575 = DIRECTION('',(1.,0.,-0.));
#1576 = ORIENTED_EDGE('',*,*,#1577,.T.);
#1577 = EDGE_CURVE('',#1567,#1578,#1580,.T.);
#1578 = VERTEX_POINT('',#1579);
#1579 = CARTESIAN_POINT('',(-80.31069946207,20.166654851825,18.2));
#1580 = LINE('',#1581,#1582);
#1581 = CARTESIAN_POINT('',(-80.31069946207,20.166654851825,8.));
#1582 = VECTOR('',#1583,1.);
#1583 = DIRECTION('',(0.,0.,1.));
#1584 = ORIENTED_EDGE('',*,*,#1585,.T.);
#1585 = EDGE_CURVE('',#1578,#1586,#1588,.T.);
#1586 = VERTEX_POINT('',#1587);
#1587 = CARTESIAN_POINT('',(-80.54838535439,19.195312782012,18.2));
#1588 = CIRCLE('',#1589,82.804);
#1589 = AXIS2_PLACEMENT_3D('',#1590,#1591,#1592);
#1590 = CARTESIAN_POINT('',(0.,0.,18.2));
#1591 = DIRECTION('',(0.,0.,1.));
#1592 = DIRECTION('',(1.,0.,-0.));
#1593 = ORIENTED_EDGE('',*,*,#1594,.F.);
#1594 = EDGE_CURVE('',#1569,#1586,#1595,.T.);
#1595 = LINE('',#1596,#1597);
#1596 = CARTESIAN_POINT('',(-80.54838535439,19.195312782012,8.));
#1597 = VECTOR('',#1598,1.);
#1598 = DIRECTION('',(0.,0.,1.));
#1599 = FACE_BOUND('',#1600,.T.);
#1600 = EDGE_LOOP('',(#1601,#1612,#1620,#1629));
#1601 = ORIENTED_EDGE('',*,*,#1602,.F.);
#1602 = EDGE_CURVE('',#1603,#1605,#1607,.T.);
#1603 = VERTEX_POINT('',#1604);
#1604 = CARTESIAN_POINT('',(-81.11391860142,16.644357155554,14.7));
#1605 = VERTEX_POINT('',#1606);
#1606 = CARTESIAN_POINT('',(-81.30900892344,15.663571875151,14.7));
#1607 = CIRCLE('',#1608,82.804);
#1608 = AXIS2_PLACEMENT_3D('',#1609,#1610,#1611);
#1609 = CARTESIAN_POINT('',(0.,0.,14.7));
#1610 = DIRECTION('',(0.,0.,1.));
#1611 = DIRECTION('',(1.,0.,-0.));
#1612 = ORIENTED_EDGE('',*,*,#1613,.T.);
#1613 = EDGE_CURVE('',#1603,#1614,#1616,.T.);
#1614 = VERTEX_POINT('',#1615);
#1615 = CARTESIAN_POINT('',(-81.11391860142,16.644357155554,18.2));
#1616 = LINE('',#1617,#1618);
#1617 = CARTESIAN_POINT('',(-81.11391860142,16.644357155554,8.));
#1618 = VECTOR('',#1619,1.);
#1619 = DIRECTION('',(0.,0.,1.));
#1620 = ORIENTED_EDGE('',*,*,#1621,.T.);
#1621 = EDGE_CURVE('',#1614,#1622,#1624,.T.);
#1622 = VERTEX_POINT('',#1623);
#1623 = CARTESIAN_POINT('',(-81.30900892344,15.663571875151,18.2));
#1624 = CIRCLE('',#1625,82.804);
#1625 = AXIS2_PLACEMENT_3D('',#1626,#1627,#1628);
#1626 = CARTESIAN_POINT('',(0.,0.,18.2));
#1627 = DIRECTION('',(0.,0.,1.));
#1628 = DIRECTION('',(1.,0.,-0.));
#1629 = ORIENTED_EDGE('',*,*,#1630,.F.);
#1630 = EDGE_CURVE('',#1605,#1622,#1631,.T.);
#1631 = LINE('',#1632,#1633);
#1632 = CARTESIAN_POINT('',(-81.30900892344,15.663571875151,8.));
#1633 = VECTOR('',#1634,1.);
#1634 = DIRECTION('',(0.,0.,1.));
#1635 = FACE_BOUND('',#1636,.T.);
#1636 = EDGE_LOOP('',(#1637,#1648,#1656,#1665));
#1637 = ORIENTED_EDGE('',*,*,#1638,.F.);
#1638 = EDGE_CURVE('',#1639,#1641,#1643,.T.);
#1639 = VERTEX_POINT('',#1640);
#1640 = CARTESIAN_POINT('',(-81.7627327865,13.090375979434,14.7));
#1641 = VERTEX_POINT('',#1642);
#1642 = CARTESIAN_POINT('',(-81.91485617269,12.102014468966,14.7));
#1643 = CIRCLE('',#1644,82.804);
#1644 = AXIS2_PLACEMENT_3D('',#1645,#1646,#1647);
#1645 = CARTESIAN_POINT('',(0.,0.,14.7));
#1646 = DIRECTION('',(0.,0.,1.));
#1647 = DIRECTION('',(1.,0.,-0.));
#1648 = ORIENTED_EDGE('',*,*,#1649,.T.);
#1649 = EDGE_CURVE('',#1639,#1650,#1652,.T.);
#1650 = VERTEX_POINT('',#1651);
#1651 = CARTESIAN_POINT('',(-81.7627327865,13.090375979434,18.2));
#1652 = LINE('',#1653,#1654);
#1653 = CARTESIAN_POINT('',(-81.7627327865,13.090375979434,8.));
#1654 = VECTOR('',#1655,1.);
#1655 = DIRECTION('',(0.,0.,1.));
#1656 = ORIENTED_EDGE('',*,*,#1657,.T.);
#1657 = EDGE_CURVE('',#1650,#1658,#1660,.T.);
#1658 = VERTEX_POINT('',#1659);
#1659 = CARTESIAN_POINT('',(-81.91485617269,12.102014468966,18.2));
#1660 = CIRCLE('',#1661,82.804);
#1661 = AXIS2_PLACEMENT_3D('',#1662,#1663,#1664);
#1662 = CARTESIAN_POINT('',(0.,0.,18.2));
#1663 = DIRECTION('',(0.,0.,1.));
#1664 = DIRECTION('',(1.,0.,-0.));
#1665 = ORIENTED_EDGE('',*,*,#1666,.F.);
#1666 = EDGE_CURVE('',#1641,#1658,#1667,.T.);
#1667 = LINE('',#1668,#1669);
#1668 = CARTESIAN_POINT('',(-81.91485617269,12.102014468966,8.));
#1669 = VECTOR('',#1670,1.);
#1670 = DIRECTION('',(0.,0.,1.));
#1671 = FACE_BOUND('',#1672,.T.);
#1672 = EDGE_LOOP('',(#1673,#1684,#1692,#1701));
#1673 = ORIENTED_EDGE('',*,*,#1674,.F.);
#1674 = EDGE_CURVE('',#1675,#1677,#1679,.T.);
#1675 = VERTEX_POINT('',#1676);
#1676 = CARTESIAN_POINT('',(-82.25590696263,9.511476528628,14.7));
#1677 = VERTEX_POINT('',#1678);
#1678 = CARTESIAN_POINT('',(-82.36477383748,8.517420190406,14.7));
#1679 = CIRCLE('',#1680,82.804);
#1680 = AXIS2_PLACEMENT_3D('',#1681,#1682,#1683);
#1681 = CARTESIAN_POINT('',(0.,0.,14.7));
#1682 = DIRECTION('',(0.,0.,1.));
#1683 = DIRECTION('',(1.,0.,-0.));
#1684 = ORIENTED_EDGE('',*,*,#1685,.T.);
#1685 = EDGE_CURVE('',#1675,#1686,#1688,.T.);
#1686 = VERTEX_POINT('',#1687);
#1687 = CARTESIAN_POINT('',(-82.25590696263,9.511476528628,18.2));
#1688 = LINE('',#1689,#1690);
#1689 = CARTESIAN_POINT('',(-82.25590696263,9.511476528628,8.));
#1690 = VECTOR('',#1691,1.);
#1691 = DIRECTION('',(0.,0.,1.));
#1692 = ORIENTED_EDGE('',*,*,#1693,.T.);
#1693 = EDGE_CURVE('',#1686,#1694,#1696,.T.);
#1694 = VERTEX_POINT('',#1695);
#1695 = CARTESIAN_POINT('',(-82.36477383748,8.517420190406,18.2));
#1696 = CIRCLE('',#1697,82.804);
#1697 = AXIS2_PLACEMENT_3D('',#1698,#1699,#1700);
#1698 = CARTESIAN_POINT('',(0.,0.,18.2));
#1699 = DIRECTION('',(0.,0.,1.));
#1700 = DIRECTION('',(1.,0.,-0.));
#1701 = ORIENTED_EDGE('',*,*,#1702,.F.);
#1702 = EDGE_CURVE('',#1677,#1694,#1703,.T.);
#1703 = LINE('',#1704,#1705);
#1704 = CARTESIAN_POINT('',(-82.36477383748,8.517420190406,8.));
#1705 = VECTOR('',#1706,1.);
#1706 = DIRECTION('',(0.,0.,1.));
#1707 = FACE_BOUND('',#1708,.T.);
#1708 = EDGE_LOOP('',(#1709,#1720,#1728,#1737));
#1709 = ORIENTED_EDGE('',*,*,#1710,.F.);
#1710 = EDGE_CURVE('',#1711,#1713,#1715,.T.);
#1711 = VERTEX_POINT('',#1712);
#1712 = CARTESIAN_POINT('',(-82.36477383748,-8.517420190406,14.7));
#1713 = VERTEX_POINT('',#1714);
#1714 = CARTESIAN_POINT('',(-82.25590696263,-9.511476528628,14.7));
#1715 = CIRCLE('',#1716,82.804);
#1716 = AXIS2_PLACEMENT_3D('',#1717,#1718,#1719);
#1717 = CARTESIAN_POINT('',(0.,0.,14.7));
#1718 = DIRECTION('',(0.,0.,1.));
#1719 = DIRECTION('',(1.,0.,-0.));
#1720 = ORIENTED_EDGE('',*,*,#1721,.T.);
#1721 = EDGE_CURVE('',#1711,#1722,#1724,.T.);
#1722 = VERTEX_POINT('',#1723);
#1723 = CARTESIAN_POINT('',(-82.36477383748,-8.517420190406,18.2));
#1724 = LINE('',#1725,#1726);
#1725 = CARTESIAN_POINT('',(-82.36477383748,-8.517420190406,8.));
#1726 = VECTOR('',#1727,1.);
#1727 = DIRECTION('',(0.,0.,1.));
#1728 = ORIENTED_EDGE('',*,*,#1729,.T.);
#1729 = EDGE_CURVE('',#1722,#1730,#1732,.T.);
#1730 = VERTEX_POINT('',#1731);
#1731 = CARTESIAN_POINT('',(-82.25590696263,-9.511476528628,18.2));
#1732 = CIRCLE('',#1733,82.804);
#1733 = AXIS2_PLACEMENT_3D('',#1734,#1735,#1736);
#1734 = CARTESIAN_POINT('',(0.,0.,18.2));
#1735 = DIRECTION('',(0.,0.,1.));
#1736 = DIRECTION('',(1.,0.,-0.));
#1737 = ORIENTED_EDGE('',*,*,#1738,.F.);
#1738 = EDGE_CURVE('',#1713,#1730,#1739,.T.);
#1739 = LINE('',#1740,#1741);
#1740 = CARTESIAN_POINT('',(-82.25590696263,-9.511476528628,8.));
#1741 = VECTOR('',#1742,1.);
#1742 = DIRECTION('',(0.,0.,1.));
#1743 = FACE_BOUND('',#1744,.T.);
#1744 = EDGE_LOOP('',(#1745,#1756,#1764,#1773));
#1745 = ORIENTED_EDGE('',*,*,#1746,.F.);
#1746 = EDGE_CURVE('',#1747,#1749,#1751,.T.);
#1747 = VERTEX_POINT('',#1748);
#1748 = CARTESIAN_POINT('',(-81.91485617269,-12.10201446896,14.7));
#1749 = VERTEX_POINT('',#1750);
#1750 = CARTESIAN_POINT('',(-81.7627327865,-13.09037597943,14.7));
#1751 = CIRCLE('',#1752,82.804);
#1752 = AXIS2_PLACEMENT_3D('',#1753,#1754,#1755);
#1753 = CARTESIAN_POINT('',(0.,0.,14.7));
#1754 = DIRECTION('',(0.,0.,1.));
#1755 = DIRECTION('',(1.,0.,-0.));
#1756 = ORIENTED_EDGE('',*,*,#1757,.T.);
#1757 = EDGE_CURVE('',#1747,#1758,#1760,.T.);
#1758 = VERTEX_POINT('',#1759);
#1759 = CARTESIAN_POINT('',(-81.91485617269,-12.10201446896,18.2));
#1760 = LINE('',#1761,#1762);
#1761 = CARTESIAN_POINT('',(-81.91485617269,-12.10201446896,8.));
#1762 = VECTOR('',#1763,1.);
#1763 = DIRECTION('',(0.,0.,1.));
#1764 = ORIENTED_EDGE('',*,*,#1765,.T.);
#1765 = EDGE_CURVE('',#1758,#1766,#1768,.T.);
#1766 = VERTEX_POINT('',#1767);
#1767 = CARTESIAN_POINT('',(-81.7627327865,-13.09037597943,18.2));
#1768 = CIRCLE('',#1769,82.804);
#1769 = AXIS2_PLACEMENT_3D('',#1770,#1771,#1772);
#1770 = CARTESIAN_POINT('',(0.,0.,18.2));
#1771 = DIRECTION('',(0.,0.,1.));
#1772 = DIRECTION('',(1.,0.,-0.));
#1773 = ORIENTED_EDGE('',*,*,#1774,.F.);
#1774 = EDGE_CURVE('',#1749,#1766,#1775,.T.);
#1775 = LINE('',#1776,#1777);
#1776 = CARTESIAN_POINT('',(-81.7627327865,-13.09037597943,8.));
#1777 = VECTOR('',#1778,1.);
#1778 = DIRECTION('',(0.,0.,1.));
#1779 = FACE_BOUND('',#1780,.T.);
#1780 = EDGE_LOOP('',(#1781,#1792,#1800,#1809));
#1781 = ORIENTED_EDGE('',*,*,#1782,.F.);
#1782 = EDGE_CURVE('',#1783,#1785,#1787,.T.);
#1783 = VERTEX_POINT('',#1784);
#1784 = CARTESIAN_POINT('',(-81.30900892344,-15.66357187515,14.7));
#1785 = VERTEX_POINT('',#1786);
#1786 = CARTESIAN_POINT('',(-81.11391860142,-16.64435715555,14.7));
#1787 = CIRCLE('',#1788,82.804);
#1788 = AXIS2_PLACEMENT_3D('',#1789,#1790,#1791);
#1789 = CARTESIAN_POINT('',(0.,0.,14.7));
#1790 = DIRECTION('',(0.,0.,1.));
#1791 = DIRECTION('',(1.,0.,-0.));
#1792 = ORIENTED_EDGE('',*,*,#1793,.T.);
#1793 = EDGE_CURVE('',#1783,#1794,#1796,.T.);
#1794 = VERTEX_POINT('',#1795);
#1795 = CARTESIAN_POINT('',(-81.30900892344,-15.66357187515,18.2));
#1796 = LINE('',#1797,#1798);
#1797 = CARTESIAN_POINT('',(-81.30900892344,-15.66357187515,8.));
#1798 = VECTOR('',#1799,1.);
#1799 = DIRECTION('',(0.,0.,1.));
#1800 = ORIENTED_EDGE('',*,*,#1801,.T.);
#1801 = EDGE_CURVE('',#1794,#1802,#1804,.T.);
#1802 = VERTEX_POINT('',#1803);
#1803 = CARTESIAN_POINT('',(-81.11391860142,-16.64435715555,18.2));
#1804 = CIRCLE('',#1805,82.804);
#1805 = AXIS2_PLACEMENT_3D('',#1806,#1807,#1808);
#1806 = CARTESIAN_POINT('',(0.,0.,18.2));
#1807 = DIRECTION('',(0.,0.,1.));
#1808 = DIRECTION('',(1.,0.,-0.));
#1809 = ORIENTED_EDGE('',*,*,#1810,.F.);
#1810 = EDGE_CURVE('',#1785,#1802,#1811,.T.);
#1811 = LINE('',#1812,#1813);
#1812 = CARTESIAN_POINT('',(-81.11391860142,-16.64435715555,8.));
#1813 = VECTOR('',#1814,1.);
#1814 = DIRECTION('',(0.,0.,1.));
#1815 = FACE_BOUND('',#1816,.T.);
#1816 = EDGE_LOOP('',(#1817,#1828,#1836,#1845));
#1817 = ORIENTED_EDGE('',*,*,#1818,.F.);
#1818 = EDGE_CURVE('',#1819,#1821,#1823,.T.);
#1819 = VERTEX_POINT('',#1820);
#1820 = CARTESIAN_POINT('',(-80.54838535439,-19.19531278201,14.7));
#1821 = VERTEX_POINT('',#1822);
#1822 = CARTESIAN_POINT('',(-80.31069946207,-20.16665485182,14.7));
#1823 = CIRCLE('',#1824,82.804);
#1824 = AXIS2_PLACEMENT_3D('',#1825,#1826,#1827);
#1825 = CARTESIAN_POINT('',(0.,0.,14.7));
#1826 = DIRECTION('',(0.,0.,1.));
#1827 = DIRECTION('',(1.,0.,-0.));
#1828 = ORIENTED_EDGE('',*,*,#1829,.T.);
#1829 = EDGE_CURVE('',#1819,#1830,#1832,.T.);
#1830 = VERTEX_POINT('',#1831);
#1831 = CARTESIAN_POINT('',(-80.54838535439,-19.19531278201,18.2));
#1832 = LINE('',#1833,#1834);
#1833 = CARTESIAN_POINT('',(-80.54838535439,-19.19531278201,8.));
#1834 = VECTOR('',#1835,1.);
#1835 = DIRECTION('',(0.,0.,1.));
#1836 = ORIENTED_EDGE('',*,*,#1837,.T.);
#1837 = EDGE_CURVE('',#1830,#1838,#1840,.T.);
#1838 = VERTEX_POINT('',#1839);
#1839 = CARTESIAN_POINT('',(-80.31069946207,-20.16665485182,18.2));
#1840 = CIRCLE('',#1841,82.804);
#1841 = AXIS2_PLACEMENT_3D('',#1842,#1843,#1844);
#1842 = CARTESIAN_POINT('',(0.,0.,18.2));
#1843 = DIRECTION('',(0.,0.,1.));
#1844 = DIRECTION('',(1.,0.,-0.));
#1845 = ORIENTED_EDGE('',*,*,#1846,.F.);
#1846 = EDGE_CURVE('',#1821,#1838,#1847,.T.);
#1847 = LINE('',#1848,#1849);
#1848 = CARTESIAN_POINT('',(-80.31069946207,-20.16665485182,8.));
#1849 = VECTOR('',#1850,1.);
#1850 = DIRECTION('',(0.,0.,1.));
#1851 = FACE_BOUND('',#1852,.T.);
#1852 = EDGE_LOOP('',(#1853,#1864,#1872,#1881));
#1853 = ORIENTED_EDGE('',*,*,#1854,.F.);
#1854 = EDGE_CURVE('',#1855,#1857,#1859,.T.);
#1855 = VERTEX_POINT('',#1856);
#1856 = CARTESIAN_POINT('',(-79.63443335576,-22.69051432,14.7));
#1857 = VERTEX_POINT('',#1858);
#1858 = CARTESIAN_POINT('',(-79.35460434173,-23.65056417438,14.7));
#1859 = CIRCLE('',#1860,82.804);
#1860 = AXIS2_PLACEMENT_3D('',#1861,#1862,#1863);
#1861 = CARTESIAN_POINT('',(0.,0.,14.7));
#1862 = DIRECTION('',(0.,0.,1.));
#1863 = DIRECTION('',(1.,0.,-0.));
#1864 = ORIENTED_EDGE('',*,*,#1865,.T.);
#1865 = EDGE_CURVE('',#1855,#1866,#1868,.T.);
#1866 = VERTEX_POINT('',#1867);
#1867 = CARTESIAN_POINT('',(-79.63443335576,-22.69051432,18.2));
#1868 = LINE('',#1869,#1870);
#1869 = CARTESIAN_POINT('',(-79.63443335576,-22.69051432,8.));
#1870 = VECTOR('',#1871,1.);
#1871 = DIRECTION('',(0.,0.,1.));
#1872 = ORIENTED_EDGE('',*,*,#1873,.T.);
#1873 = EDGE_CURVE('',#1866,#1874,#1876,.T.);
#1874 = VERTEX_POINT('',#1875);
#1875 = CARTESIAN_POINT('',(-79.35460434173,-23.65056417438,18.2));
#1876 = CIRCLE('',#1877,82.804);
#1877 = AXIS2_PLACEMENT_3D('',#1878,#1879,#1880);
#1878 = CARTESIAN_POINT('',(0.,0.,18.2));
#1879 = DIRECTION('',(0.,0.,1.));
#1880 = DIRECTION('',(1.,0.,-0.));
#1881 = ORIENTED_EDGE('',*,*,#1882,.F.);
#1882 = EDGE_CURVE('',#1857,#1874,#1883,.T.);
#1883 = LINE('',#1884,#1885);
#1884 = CARTESIAN_POINT('',(-79.35460434173,-23.65056417438,8.));
#1885 = VECTOR('',#1886,1.);
#1886 = DIRECTION('',(0.,0.,1.));
#1887 = FACE_BOUND('',#1888,.T.);
#1888 = EDGE_LOOP('',(#1889,#1900,#1908,#1917));
#1889 = ORIENTED_EDGE('',*,*,#1890,.F.);
#1890 = EDGE_CURVE('',#1891,#1893,#1895,.T.);
#1891 = VERTEX_POINT('',#1892);
#1892 = CARTESIAN_POINT('',(-78.56889268711,-26.14252317434,14.7));
#1893 = VERTEX_POINT('',#1894);
#1894 = CARTESIAN_POINT('',(-78.24745322181,-27.08945330383,14.7));
#1895 = CIRCLE('',#1896,82.804);
#1896 = AXIS2_PLACEMENT_3D('',#1897,#1898,#1899);
#1897 = CARTESIAN_POINT('',(0.,0.,14.7));
#1898 = DIRECTION('',(0.,0.,1.));
#1899 = DIRECTION('',(1.,0.,-0.));
#1900 = ORIENTED_EDGE('',*,*,#1901,.T.);
#1901 = EDGE_CURVE('',#1891,#1902,#1904,.T.);
#1902 = VERTEX_POINT('',#1903);
#1903 = CARTESIAN_POINT('',(-78.56889268711,-26.14252317434,18.2));
#1904 = LINE('',#1905,#1906);
#1905 = CARTESIAN_POINT('',(-78.56889268711,-26.14252317434,8.));
#1906 = VECTOR('',#1907,1.);
#1907 = DIRECTION('',(0.,0.,1.));
#1908 = ORIENTED_EDGE('',*,*,#1909,.T.);
#1909 = EDGE_CURVE('',#1902,#1910,#1912,.T.);
#1910 = VERTEX_POINT('',#1911);
#1911 = CARTESIAN_POINT('',(-78.24745322181,-27.08945330383,18.2));
#1912 = CIRCLE('',#1913,82.804);
#1913 = AXIS2_PLACEMENT_3D('',#1914,#1915,#1916);
#1914 = CARTESIAN_POINT('',(0.,0.,18.2));
#1915 = DIRECTION('',(0.,0.,1.));
#1916 = DIRECTION('',(1.,0.,-0.));
#1917 = ORIENTED_EDGE('',*,*,#1918,.F.);
#1918 = EDGE_CURVE('',#1893,#1910,#1919,.T.);
#1919 = LINE('',#1920,#1921);
#1920 = CARTESIAN_POINT('',(-78.24745322181,-27.08945330383,8.));
#1921 = VECTOR('',#1922,1.);
#1922 = DIRECTION('',(0.,0.,1.));
#1923 = FACE_BOUND('',#1924,.T.);
#1924 = EDGE_LOOP('',(#1925,#1936,#1944,#1953));
#1925 = ORIENTED_EDGE('',*,*,#1926,.F.);
#1926 = EDGE_CURVE('',#1927,#1929,#1931,.T.);
#1927 = VERTEX_POINT('',#1928);
#1928 = CARTESIAN_POINT('',(-77.35379166566,-29.54476824997,14.7));
#1929 = VERTEX_POINT('',#1930);
#1930 = CARTESIAN_POINT('',(-76.99135362738,-30.47677611925,14.7));
#1931 = CIRCLE('',#1932,82.804);
#1932 = AXIS2_PLACEMENT_3D('',#1933,#1934,#1935);
#1933 = CARTESIAN_POINT('',(0.,0.,14.7));
#1934 = DIRECTION('',(0.,0.,1.));
#1935 = DIRECTION('',(1.,0.,-0.));
#1936 = ORIENTED_EDGE('',*,*,#1937,.T.);
#1937 = EDGE_CURVE('',#1927,#1938,#1940,.T.);
#1938 = VERTEX_POINT('',#1939);
#1939 = CARTESIAN_POINT('',(-77.35379166566,-29.54476824997,18.2));
#1940 = LINE('',#1941,#1942);
#1941 = CARTESIAN_POINT('',(-77.35379166566,-29.54476824997,8.));
#1942 = VECTOR('',#1943,1.);
#1943 = DIRECTION('',(0.,0.,1.));
#1944 = ORIENTED_EDGE('',*,*,#1945,.T.);
#1945 = EDGE_CURVE('',#1938,#1946,#1948,.T.);
#1946 = VERTEX_POINT('',#1947);
#1947 = CARTESIAN_POINT('',(-76.99135362738,-30.47677611925,18.2));
#1948 = CIRCLE('',#1949,82.804);
#1949 = AXIS2_PLACEMENT_3D('',#1950,#1951,#1952);
#1950 = CARTESIAN_POINT('',(0.,0.,18.2));
#1951 = DIRECTION('',(0.,0.,1.));
#1952 = DIRECTION('',(1.,0.,-0.));
#1953 = ORIENTED_EDGE('',*,*,#1954,.F.);
#1954 = EDGE_CURVE('',#1929,#1946,#1955,.T.);
#1955 = LINE('',#1956,#1957);
#1956 = CARTESIAN_POINT('',(-76.99135362738,-30.47677611925,8.));
#1957 = VECTOR('',#1958,1.);
#1958 = DIRECTION('',(0.,0.,1.));
#1959 = FACE_BOUND('',#1960,.T.);
#1960 = EDGE_LOOP('',(#1961,#1972,#1980,#1989));
#1961 = ORIENTED_EDGE('',*,*,#1962,.F.);
#1962 = EDGE_CURVE('',#1963,#1965,#1967,.T.);
#1963 = VERTEX_POINT('',#1964);
#1964 = CARTESIAN_POINT('',(-75.99144330528,-32.89077318002,14.7));
#1965 = VERTEX_POINT('',#1966);
#1966 = CARTESIAN_POINT('',(-75.58869661542,-33.80608465914,14.7));
#1967 = CIRCLE('',#1968,82.804);
#1968 = AXIS2_PLACEMENT_3D('',#1969,#1970,#1971);
#1969 = CARTESIAN_POINT('',(0.,0.,14.7));
#1970 = DIRECTION('',(0.,0.,1.));
#1971 = DIRECTION('',(1.,0.,-0.));
#1972 = ORIENTED_EDGE('',*,*,#1973,.T.);
#1973 = EDGE_CURVE('',#1963,#1974,#1976,.T.);
#1974 = VERTEX_POINT('',#1975);
#1975 = CARTESIAN_POINT('',(-75.99144330528,-32.89077318002,18.2));
#1976 = LINE('',#1977,#1978);
#1977 = CARTESIAN_POINT('',(-75.99144330528,-32.89077318002,8.));
#1978 = VECTOR('',#1979,1.);
#1979 = DIRECTION('',(0.,0.,1.));
#1980 = ORIENTED_EDGE('',*,*,#1981,.T.);
#1981 = EDGE_CURVE('',#1974,#1982,#1984,.T.);
#1982 = VERTEX_POINT('',#1983);
#1983 = CARTESIAN_POINT('',(-75.58869661542,-33.80608465914,18.2));
#1984 = CIRCLE('',#1985,82.804);
#1985 = AXIS2_PLACEMENT_3D('',#1986,#1987,#1988);
#1986 = CARTESIAN_POINT('',(0.,0.,18.2));
#1987 = DIRECTION('',(0.,0.,1.));
#1988 = DIRECTION('',(1.,0.,-0.));
#1989 = ORIENTED_EDGE('',*,*,#1990,.F.);
#1990 = EDGE_CURVE('',#1965,#1982,#1991,.T.);
#1991 = LINE('',#1992,#1993);
#1992 = CARTESIAN_POINT('',(-75.58869661542,-33.80608465914,8.));
#1993 = VECTOR('',#1994,1.);
#1994 = DIRECTION('',(0.,0.,1.));
#1995 = FACE_BOUND('',#1996,.T.);
#1996 = EDGE_LOOP('',(#1997,#2008,#2016,#2025));
#1997 = ORIENTED_EDGE('',*,*,#1998,.F.);
#1998 = EDGE_CURVE('',#1999,#2001,#2003,.T.);
#1999 = VERTEX_POINT('',#2000);
#2000 = CARTESIAN_POINT('',(-74.48444091349,-36.17416865394,14.7));
#2001 = VERTEX_POINT('',#2002);
#2002 = CARTESIAN_POINT('',(-74.04215222327,-37.07104139547,14.7));
#2003 = CIRCLE('',#2004,82.804);
#2004 = AXIS2_PLACEMENT_3D('',#2005,#2006,#2007);
#2005 = CARTESIAN_POINT('',(0.,0.,14.7));
#2006 = DIRECTION('',(0.,0.,1.));
#2007 = DIRECTION('',(1.,0.,-0.));
#2008 = ORIENTED_EDGE('',*,*,#2009,.T.);
#2009 = EDGE_CURVE('',#1999,#2010,#2012,.T.);
#2010 = VERTEX_POINT('',#2011);
#2011 = CARTESIAN_POINT('',(-74.48444091349,-36.17416865394,18.2));
#2012 = LINE('',#2013,#2014);
#2013 = CARTESIAN_POINT('',(-74.48444091349,-36.17416865394,8.));
#2014 = VECTOR('',#2015,1.);
#2015 = DIRECTION('',(0.,0.,1.));
#2016 = ORIENTED_EDGE('',*,*,#2017,.T.);
#2017 = EDGE_CURVE('',#2010,#2018,#2020,.T.);
#2018 = VERTEX_POINT('',#2019);
#2019 = CARTESIAN_POINT('',(-74.04215222327,-37.07104139547,18.2));
#2020 = CIRCLE('',#2021,82.804);
#2021 = AXIS2_PLACEMENT_3D('',#2022,#2023,#2024);
#2022 = CARTESIAN_POINT('',(0.,0.,18.2));
#2023 = DIRECTION('',(0.,0.,1.));
#2024 = DIRECTION('',(1.,0.,-0.));
#2025 = ORIENTED_EDGE('',*,*,#2026,.F.);
#2026 = EDGE_CURVE('',#2001,#2018,#2027,.T.);
#2027 = LINE('',#2028,#2029);
#2028 = CARTESIAN_POINT('',(-74.04215222327,-37.07104139547,8.));
#2029 = VECTOR('',#2030,1.);
#2030 = DIRECTION('',(0.,0.,1.));
#2031 = FACE_BOUND('',#2032,.T.);
#2032 = EDGE_LOOP('',(#2033,#2044,#2052,#2061));
#2033 = ORIENTED_EDGE('',*,*,#2034,.F.);
#2034 = EDGE_CURVE('',#2035,#2037,#2039,.T.);
#2035 = VERTEX_POINT('',#2036);
#2036 = CARTESIAN_POINT('',(-72.83565315501,-39.38870454181,14.7));
#2037 = VERTEX_POINT('',#2038);
#2038 = CARTESIAN_POINT('',(-72.35466438609,-40.26543129752,14.7));
#2039 = CIRCLE('',#2040,82.804);
#2040 = AXIS2_PLACEMENT_3D('',#2041,#2042,#2043);
#2041 = CARTESIAN_POINT('',(0.,0.,14.7));
#2042 = DIRECTION('',(0.,0.,1.));
#2043 = DIRECTION('',(1.,0.,-0.));
#2044 = ORIENTED_EDGE('',*,*,#2045,.T.);
#2045 = EDGE_CURVE('',#2035,#2046,#2048,.T.);
#2046 = VERTEX_POINT('',#2047);
#2047 = CARTESIAN_POINT('',(-72.83565315501,-39.38870454181,18.2));
#2048 = LINE('',#2049,#2050);
#2049 = CARTESIAN_POINT('',(-72.83565315501,-39.38870454181,8.));
#2050 = VECTOR('',#2051,1.);
#2051 = DIRECTION('',(0.,0.,1.));
#2052 = ORIENTED_EDGE('',*,*,#2053,.T.);
#2053 = EDGE_CURVE('',#2046,#2054,#2056,.T.);
#2054 = VERTEX_POINT('',#2055);
#2055 = CARTESIAN_POINT('',(-72.35466438609,-40.26543129752,18.2));
#2056 = CIRCLE('',#2057,82.804);
#2057 = AXIS2_PLACEMENT_3D('',#2058,#2059,#2060);
#2058 = CARTESIAN_POINT('',(0.,0.,18.2));
#2059 = DIRECTION('',(0.,0.,1.));
#2060 = DIRECTION('',(1.,0.,-0.));
#2061 = ORIENTED_EDGE('',*,*,#2062,.F.);
#2062 = EDGE_CURVE('',#2037,#2054,#2063,.T.);
#2063 = LINE('',#2064,#2065);
#2064 = CARTESIAN_POINT('',(-72.35466438609,-40.26543129752,8.));
#2065 = VECTOR('',#2066,1.);
#2066 = DIRECTION('',(0.,0.,1.));
#2067 = FACE_BOUND('',#2068,.T.);
#2068 = EDGE_LOOP('',(#2069,#2080,#2088,#2097));
#2069 = ORIENTED_EDGE('',*,*,#2070,.F.);
#2070 = EDGE_CURVE('',#2071,#2073,#2075,.T.);
#2071 = VERTEX_POINT('',#2072);
#2072 = CARTESIAN_POINT('',(-71.04821859104,-42.52826179189,14.7));
#2073 = VERTEX_POINT('',#2074);
#2074 = CARTESIAN_POINT('',(-70.52944533288,-43.38317366256,14.7));
#2075 = CIRCLE('',#2076,82.804);
#2076 = AXIS2_PLACEMENT_3D('',#2077,#2078,#2079);
#2077 = CARTESIAN_POINT('',(0.,0.,14.7));
#2078 = DIRECTION('',(0.,0.,1.));
#2079 = DIRECTION('',(1.,0.,-0.));
#2080 = ORIENTED_EDGE('',*,*,#2081,.T.);
#2081 = EDGE_CURVE('',#2071,#2082,#2084,.T.);
#2082 = VERTEX_POINT('',#2083);
#2083 = CARTESIAN_POINT('',(-71.04821859104,-42.52826179189,18.2));
#2084 = LINE('',#2085,#2086);
#2085 = CARTESIAN_POINT('',(-71.04821859104,-42.52826179189,8.));
#2086 = VECTOR('',#2087,1.);
#2087 = DIRECTION('',(0.,0.,1.));
#2088 = ORIENTED_EDGE('',*,*,#2089,.T.);
#2089 = EDGE_CURVE('',#2082,#2090,#2092,.T.);
#2090 = VERTEX_POINT('',#2091);
#2091 = CARTESIAN_POINT('',(-70.52944533288,-43.38317366256,18.2));
#2092 = CIRCLE('',#2093,82.804);
#2093 = AXIS2_PLACEMENT_3D('',#2094,#2095,#2096);
#2094 = CARTESIAN_POINT('',(0.,0.,18.2));
#2095 = DIRECTION('',(0.,0.,1.));
#2096 = DIRECTION('',(1.,0.,-0.));
#2097 = ORIENTED_EDGE('',*,*,#2098,.F.);
#2098 = EDGE_CURVE('',#2073,#2090,#2099,.T.);
#2099 = LINE('',#2100,#2101);
#2100 = CARTESIAN_POINT('',(-70.52944533288,-43.38317366256,8.));
#2101 = VECTOR('',#2102,1.);
#2102 = DIRECTION('',(0.,0.,1.));
#2103 = FACE_BOUND('',#2104,.T.);
#2104 = EDGE_LOOP('',(#2105,#2116,#2124,#2133));
#2105 = ORIENTED_EDGE('',*,*,#2106,.F.);
#2106 = EDGE_CURVE('',#2107,#2109,#2111,.T.);
#2107 = VERTEX_POINT('',#2108);
#2108 = CARTESIAN_POINT('',(-69.12553970486,-45.58686407849,14.7));
#2109 = VERTEX_POINT('',#2110);
#2110 = CARTESIAN_POINT('',(-68.56996947184,-46.4183336908,14.7));
#2111 = CIRCLE('',#2112,82.804);
#2112 = AXIS2_PLACEMENT_3D('',#2113,#2114,#2115);
#2113 = CARTESIAN_POINT('',(0.,0.,14.7));
#2114 = DIRECTION('',(0.,0.,1.));
#2115 = DIRECTION('',(1.,0.,-0.));
#2116 = ORIENTED_EDGE('',*,*,#2117,.T.);
#2117 = EDGE_CURVE('',#2107,#2118,#2120,.T.);
#2118 = VERTEX_POINT('',#2119);
#2119 = CARTESIAN_POINT('',(-69.12553970486,-45.58686407849,18.2));
#2120 = LINE('',#2121,#2122);
#2121 = CARTESIAN_POINT('',(-69.12553970486,-45.58686407849,8.));
#2122 = VECTOR('',#2123,1.);
#2123 = DIRECTION('',(0.,0.,1.));
#2124 = ORIENTED_EDGE('',*,*,#2125,.T.);
#2125 = EDGE_CURVE('',#2118,#2126,#2128,.T.);
#2126 = VERTEX_POINT('',#2127);
#2127 = CARTESIAN_POINT('',(-68.56996947184,-46.4183336908,18.2));
#2128 = CIRCLE('',#2129,82.804);
#2129 = AXIS2_PLACEMENT_3D('',#2130,#2131,#2132);
#2130 = CARTESIAN_POINT('',(0.,0.,18.2));
#2131 = DIRECTION('',(0.,0.,1.));
#2132 = DIRECTION('',(1.,0.,-0.));
#2133 = ORIENTED_EDGE('',*,*,#2134,.F.);
#2134 = EDGE_CURVE('',#2109,#2126,#2135,.T.);
#2135 = LINE('',#2136,#2137);
#2136 = CARTESIAN_POINT('',(-68.56996947184,-46.4183336908,8.));
#2137 = VECTOR('',#2138,1.);
#2138 = DIRECTION('',(0.,0.,1.));
#2139 = FACE_BOUND('',#2140,.T.);
#2140 = EDGE_LOOP('',(#2141,#2152,#2160,#2169));
#2141 = ORIENTED_EDGE('',*,*,#2142,.F.);
#2142 = EDGE_CURVE('',#2143,#2145,#2147,.T.);
#2143 = VERTEX_POINT('',#2144);
#2144 = CARTESIAN_POINT('',(-67.07127642501,-48.55868917834,14.7));
#2145 = VERTEX_POINT('',#2146);
#2146 = CARTESIAN_POINT('',(-66.47996677665,-49.3651337826,14.7));
#2147 = CIRCLE('',#2148,82.804);
#2148 = AXIS2_PLACEMENT_3D('',#2149,#2150,#2151);
#2149 = CARTESIAN_POINT('',(0.,0.,14.7));
#2150 = DIRECTION('',(0.,0.,1.));
#2151 = DIRECTION('',(1.,0.,-0.));
#2152 = ORIENTED_EDGE('',*,*,#2153,.T.);
#2153 = EDGE_CURVE('',#2143,#2154,#2156,.T.);
#2154 = VERTEX_POINT('',#2155);
#2155 = CARTESIAN_POINT('',(-67.07127642501,-48.55868917834,18.2));
#2156 = LINE('',#2157,#2158);
#2157 = CARTESIAN_POINT('',(-67.07127642501,-48.55868917834,8.));
#2158 = VECTOR('',#2159,1.);
#2159 = DIRECTION('',(0.,0.,1.));
#2160 = ORIENTED_EDGE('',*,*,#2161,.T.);
#2161 = EDGE_CURVE('',#2154,#2162,#2164,.T.);
#2162 = VERTEX_POINT('',#2163);
#2163 = CARTESIAN_POINT('',(-66.47996677665,-49.3651337826,18.2));
#2164 = CIRCLE('',#2165,82.804);
#2165 = AXIS2_PLACEMENT_3D('',#2166,#2167,#2168);
#2166 = CARTESIAN_POINT('',(0.,0.,18.2));
#2167 = DIRECTION('',(0.,0.,1.));
#2168 = DIRECTION('',(1.,0.,-0.));
#2169 = ORIENTED_EDGE('',*,*,#2170,.F.);
#2170 = EDGE_CURVE('',#2145,#2162,#2171,.T.);
#2171 = LINE('',#2172,#2173);
#2172 = CARTESIAN_POINT('',(-66.47996677665,-49.3651337826,8.));
#2173 = VECTOR('',#2174,1.);
#2174 = DIRECTION('',(0.,0.,1.));
#2175 = FACE_BOUND('',#2176,.T.);
#2176 = EDGE_LOOP('',(#2177,#2188,#2196,#2205));
#2177 = ORIENTED_EDGE('',*,*,#2178,.F.);
#2178 = EDGE_CURVE('',#2179,#2181,#2183,.T.);
#2179 = VERTEX_POINT('',#2180);
#2180 = CARTESIAN_POINT('',(-64.88933915841,-51.43808005343,14.7));
#2181 = VERTEX_POINT('',#2182);
#2182 = CARTESIAN_POINT('',(-64.26341568623,-52.21796453653,14.7));
#2183 = CIRCLE('',#2184,82.804);
#2184 = AXIS2_PLACEMENT_3D('',#2185,#2186,#2187);
#2185 = CARTESIAN_POINT('',(0.,0.,14.7));
#2186 = DIRECTION('',(0.,0.,1.));
#2187 = DIRECTION('',(1.,0.,-0.));
#2188 = ORIENTED_EDGE('',*,*,#2189,.T.);
#2189 = EDGE_CURVE('',#2179,#2190,#2192,.T.);
#2190 = VERTEX_POINT('',#2191);
#2191 = CARTESIAN_POINT('',(-64.88933915841,-51.43808005343,18.2));
#2192 = LINE('',#2193,#2194);
#2193 = CARTESIAN_POINT('',(-64.88933915841,-51.43808005343,8.));
#2194 = VECTOR('',#2195,1.);
#2195 = DIRECTION('',(0.,0.,1.));
#2196 = ORIENTED_EDGE('',*,*,#2197,.T.);
#2197 = EDGE_CURVE('',#2190,#2198,#2200,.T.);
#2198 = VERTEX_POINT('',#2199);
#2199 = CARTESIAN_POINT('',(-64.26341568623,-52.21796453653,18.2));
#2200 = CIRCLE('',#2201,82.804);
#2201 = AXIS2_PLACEMENT_3D('',#2202,#2203,#2204);
#2202 = CARTESIAN_POINT('',(0.,0.,18.2));
#2203 = DIRECTION('',(0.,0.,1.));
#2204 = DIRECTION('',(1.,0.,-0.));
#2205 = ORIENTED_EDGE('',*,*,#2206,.F.);
#2206 = EDGE_CURVE('',#2181,#2198,#2207,.T.);
#2207 = LINE('',#2208,#2209);
#2208 = CARTESIAN_POINT('',(-64.26341568623,-52.21796453653,8.));
#2209 = VECTOR('',#2210,1.);
#2210 = DIRECTION('',(0.,0.,1.));
#2211 = FACE_BOUND('',#2212,.T.);
#2212 = EDGE_LOOP('',(#2213,#2224,#2232,#2241));
#2213 = ORIENTED_EDGE('',*,*,#2214,.F.);
#2214 = EDGE_CURVE('',#2215,#2217,#2219,.T.);
#2215 = VERTEX_POINT('',#2216);
#2216 = CARTESIAN_POINT('',(-62.58388134665,-54.2195556196,14.7));
#2217 = VERTEX_POINT('',#2218);
#2218 = CARTESIAN_POINT('',(-61.92453553155,-54.97139542708,14.7));
#2219 = CIRCLE('',#2220,82.804);
#2220 = AXIS2_PLACEMENT_3D('',#2221,#2222,#2223);
#2221 = CARTESIAN_POINT('',(0.,0.,14.7));
#2222 = DIRECTION('',(0.,0.,1.));
#2223 = DIRECTION('',(1.,0.,-0.));
#2224 = ORIENTED_EDGE('',*,*,#2225,.T.);
#2225 = EDGE_CURVE('',#2215,#2226,#2228,.T.);
#2226 = VERTEX_POINT('',#2227);
#2227 = CARTESIAN_POINT('',(-62.58388134665,-54.2195556196,18.2));
#2228 = LINE('',#2229,#2230);
#2229 = CARTESIAN_POINT('',(-62.58388134665,-54.2195556196,8.));
#2230 = VECTOR('',#2231,1.);
#2231 = DIRECTION('',(0.,0.,1.));
#2232 = ORIENTED_EDGE('',*,*,#2233,.T.);
#2233 = EDGE_CURVE('',#2226,#2234,#2236,.T.);
#2234 = VERTEX_POINT('',#2235);
#2235 = CARTESIAN_POINT('',(-61.92453553155,-54.97139542708,18.2));
#2236 = CIRCLE('',#2237,82.804);
#2237 = AXIS2_PLACEMENT_3D('',#2238,#2239,#2240);
#2238 = CARTESIAN_POINT('',(0.,0.,18.2));
#2239 = DIRECTION('',(0.,0.,1.));
#2240 = DIRECTION('',(1.,0.,-0.));
#2241 = ORIENTED_EDGE('',*,*,#2242,.F.);
#2242 = EDGE_CURVE('',#2217,#2234,#2243,.T.);
#2243 = LINE('',#2244,#2245);
#2244 = CARTESIAN_POINT('',(-61.92453553155,-54.97139542708,8.));
#2245 = VECTOR('',#2246,1.);
#2246 = DIRECTION('',(0.,0.,1.));
#2247 = FACE_BOUND('',#2248,.T.);
#2248 = EDGE_LOOP('',(#2249,#2260,#2268,#2277));
#2249 = ORIENTED_EDGE('',*,*,#2250,.F.);
#2250 = EDGE_CURVE('',#2251,#2253,#2255,.T.);
#2251 = VERTEX_POINT('',#2252);
#2252 = CARTESIAN_POINT('',(-60.15929155972,-56.89782118001,14.7));
#2253 = VERTEX_POINT('',#2254);
#2254 = CARTESIAN_POINT('',(-59.46777850393,-57.62018514207,14.7));
#2255 = CIRCLE('',#2256,82.804);
#2256 = AXIS2_PLACEMENT_3D('',#2257,#2258,#2259);
#2257 = CARTESIAN_POINT('',(0.,0.,14.7));
#2258 = DIRECTION('',(0.,0.,1.));
#2259 = DIRECTION('',(1.,0.,-0.));
#2260 = ORIENTED_EDGE('',*,*,#2261,.T.);
#2261 = EDGE_CURVE('',#2251,#2262,#2264,.T.);
#2262 = VERTEX_POINT('',#2263);
#2263 = CARTESIAN_POINT('',(-60.15929155972,-56.89782118001,18.2));
#2264 = LINE('',#2265,#2266);
#2265 = CARTESIAN_POINT('',(-60.15929155972,-56.89782118001,8.));
#2266 = VECTOR('',#2267,1.);
#2267 = DIRECTION('',(0.,0.,1.));
#2268 = ORIENTED_EDGE('',*,*,#2269,.T.);
#2269 = EDGE_CURVE('',#2262,#2270,#2272,.T.);
#2270 = VERTEX_POINT('',#2271);
#2271 = CARTESIAN_POINT('',(-59.46777850393,-57.62018514207,18.2));
#2272 = CIRCLE('',#2273,82.804);
#2273 = AXIS2_PLACEMENT_3D('',#2274,#2275,#2276);
#2274 = CARTESIAN_POINT('',(0.,0.,18.2));
#2275 = DIRECTION('',(0.,0.,1.));
#2276 = DIRECTION('',(1.,0.,-0.));
#2277 = ORIENTED_EDGE('',*,*,#2278,.F.);
#2278 = EDGE_CURVE('',#2253,#2270,#2279,.T.);
#2279 = LINE('',#2280,#2281);
#2280 = CARTESIAN_POINT('',(-59.46777850393,-57.62018514207,8.));
#2281 = VECTOR('',#2282,1.);
#2282 = DIRECTION('',(0.,0.,1.));
#2283 = FACE_BOUND('',#2284,.T.);
#2284 = EDGE_LOOP('',(#2285,#2296,#2304,#2313));
#2285 = ORIENTED_EDGE('',*,*,#2286,.F.);
#2286 = EDGE_CURVE('',#2287,#2289,#2291,.T.);
#2287 = VERTEX_POINT('',#2288);
#2288 = CARTESIAN_POINT('',(-57.62018514207,-59.46777850393,14.7));
#2289 = VERTEX_POINT('',#2290);
#2290 = CARTESIAN_POINT('',(-56.89782118001,-60.15929155972,14.7));
#2291 = CIRCLE('',#2292,82.804);
#2292 = AXIS2_PLACEMENT_3D('',#2293,#2294,#2295);
#2293 = CARTESIAN_POINT('',(0.,0.,14.7));
#2294 = DIRECTION('',(0.,0.,1.));
#2295 = DIRECTION('',(1.,0.,-0.));
#2296 = ORIENTED_EDGE('',*,*,#2297,.T.);
#2297 = EDGE_CURVE('',#2287,#2298,#2300,.T.);
#2298 = VERTEX_POINT('',#2299);
#2299 = CARTESIAN_POINT('',(-57.62018514207,-59.46777850393,18.2));
#2300 = LINE('',#2301,#2302);
#2301 = CARTESIAN_POINT('',(-57.62018514207,-59.46777850393,8.));
#2302 = VECTOR('',#2303,1.);
#2303 = DIRECTION('',(0.,0.,1.));
#2304 = ORIENTED_EDGE('',*,*,#2305,.T.);
#2305 = EDGE_CURVE('',#2298,#2306,#2308,.T.);
#2306 = VERTEX_POINT('',#2307);
#2307 = CARTESIAN_POINT('',(-56.89782118001,-60.15929155972,18.2));
#2308 = CIRCLE('',#2309,82.804);
#2309 = AXIS2_PLACEMENT_3D('',#2310,#2311,#2312);
#2310 = CARTESIAN_POINT('',(0.,0.,18.2));
#2311 = DIRECTION('',(0.,0.,1.));
#2312 = DIRECTION('',(1.,0.,-0.));
#2313 = ORIENTED_EDGE('',*,*,#2314,.F.);
#2314 = EDGE_CURVE('',#2289,#2306,#2315,.T.);
#2315 = LINE('',#2316,#2317);
#2316 = CARTESIAN_POINT('',(-56.89782118001,-60.15929155972,8.));
#2317 = VECTOR('',#2318,1.);
#2318 = DIRECTION('',(0.,0.,1.));
#2319 = FACE_BOUND('',#2320,.T.);
#2320 = EDGE_LOOP('',(#2321,#2332,#2340,#2349));
#2321 = ORIENTED_EDGE('',*,*,#2322,.F.);
#2322 = EDGE_CURVE('',#2323,#2325,#2327,.T.);
#2323 = VERTEX_POINT('',#2324);
#2324 = CARTESIAN_POINT('',(-54.97139542708,-61.92453553155,14.7));
#2325 = VERTEX_POINT('',#2326);
#2326 = CARTESIAN_POINT('',(-54.2195556196,-62.58388134665,14.7));
#2327 = CIRCLE('',#2328,82.804);
#2328 = AXIS2_PLACEMENT_3D('',#2329,#2330,#2331);
#2329 = CARTESIAN_POINT('',(0.,0.,14.7));
#2330 = DIRECTION('',(0.,0.,1.));
#2331 = DIRECTION('',(1.,0.,-0.));
#2332 = ORIENTED_EDGE('',*,*,#2333,.T.);
#2333 = EDGE_CURVE('',#2323,#2334,#2336,.T.);
#2334 = VERTEX_POINT('',#2335);
#2335 = CARTESIAN_POINT('',(-54.97139542708,-61.92453553155,18.2));
#2336 = LINE('',#2337,#2338);
#2337 = CARTESIAN_POINT('',(-54.97139542708,-61.92453553155,8.));
#2338 = VECTOR('',#2339,1.);
#2339 = DIRECTION('',(0.,0.,1.));
#2340 = ORIENTED_EDGE('',*,*,#2341,.T.);
#2341 = EDGE_CURVE('',#2334,#2342,#2344,.T.);
#2342 = VERTEX_POINT('',#2343);
#2343 = CARTESIAN_POINT('',(-54.2195556196,-62.58388134665,18.2));
#2344 = CIRCLE('',#2345,82.804);
#2345 = AXIS2_PLACEMENT_3D('',#2346,#2347,#2348);
#2346 = CARTESIAN_POINT('',(0.,0.,18.2));
#2347 = DIRECTION('',(0.,0.,1.));
#2348 = DIRECTION('',(1.,0.,-0.));
#2349 = ORIENTED_EDGE('',*,*,#2350,.F.);
#2350 = EDGE_CURVE('',#2325,#2342,#2351,.T.);
#2351 = LINE('',#2352,#2353);
#2352 = CARTESIAN_POINT('',(-54.2195556196,-62.58388134665,8.));
#2353 = VECTOR('',#2354,1.);
#2354 = DIRECTION('',(0.,0.,1.));
#2355 = FACE_BOUND('',#2356,.T.);
#2356 = EDGE_LOOP('',(#2357,#2368,#2376,#2385));
#2357 = ORIENTED_EDGE('',*,*,#2358,.F.);
#2358 = EDGE_CURVE('',#2359,#2361,#2363,.T.);
#2359 = VERTEX_POINT('',#2360);
#2360 = CARTESIAN_POINT('',(-52.21796453653,-64.26341568623,14.7));
#2361 = VERTEX_POINT('',#2362);
#2362 = CARTESIAN_POINT('',(-51.43808005343,-64.88933915841,14.7));
#2363 = CIRCLE('',#2364,82.804);
#2364 = AXIS2_PLACEMENT_3D('',#2365,#2366,#2367);
#2365 = CARTESIAN_POINT('',(0.,0.,14.7));
#2366 = DIRECTION('',(0.,0.,1.));
#2367 = DIRECTION('',(1.,0.,-0.));
#2368 = ORIENTED_EDGE('',*,*,#2369,.T.);
#2369 = EDGE_CURVE('',#2359,#2370,#2372,.T.);
#2370 = VERTEX_POINT('',#2371);
#2371 = CARTESIAN_POINT('',(-52.21796453653,-64.26341568623,18.2));
#2372 = LINE('',#2373,#2374);
#2373 = CARTESIAN_POINT('',(-52.21796453653,-64.26341568623,8.));
#2374 = VECTOR('',#2375,1.);
#2375 = DIRECTION('',(0.,0.,1.));
#2376 = ORIENTED_EDGE('',*,*,#2377,.T.);
#2377 = EDGE_CURVE('',#2370,#2378,#2380,.T.);
#2378 = VERTEX_POINT('',#2379);
#2379 = CARTESIAN_POINT('',(-51.43808005343,-64.88933915841,18.2));
#2380 = CIRCLE('',#2381,82.804);
#2381 = AXIS2_PLACEMENT_3D('',#2382,#2383,#2384);
#2382 = CARTESIAN_POINT('',(0.,0.,18.2));
#2383 = DIRECTION('',(0.,0.,1.));
#2384 = DIRECTION('',(1.,0.,-0.));
#2385 = ORIENTED_EDGE('',*,*,#2386,.F.);
#2386 = EDGE_CURVE('',#2361,#2378,#2387,.T.);
#2387 = LINE('',#2388,#2389);
#2388 = CARTESIAN_POINT('',(-51.43808005343,-64.88933915841,8.));
#2389 = VECTOR('',#2390,1.);
#2390 = DIRECTION('',(0.,0.,1.));
#2391 = FACE_BOUND('',#2392,.T.);
#2392 = EDGE_LOOP('',(#2393,#2404,#2412,#2421));
#2393 = ORIENTED_EDGE('',*,*,#2394,.F.);
#2394 = EDGE_CURVE('',#2395,#2397,#2399,.T.);
#2395 = VERTEX_POINT('',#2396);
#2396 = CARTESIAN_POINT('',(-49.3651337826,-66.47996677665,14.7));
#2397 = VERTEX_POINT('',#2398);
#2398 = CARTESIAN_POINT('',(-48.55868917834,-67.07127642501,14.7));
#2399 = CIRCLE('',#2400,82.804);
#2400 = AXIS2_PLACEMENT_3D('',#2401,#2402,#2403);
#2401 = CARTESIAN_POINT('',(0.,0.,14.7));
#2402 = DIRECTION('',(0.,0.,1.));
#2403 = DIRECTION('',(1.,0.,-0.));
#2404 = ORIENTED_EDGE('',*,*,#2405,.T.);
#2405 = EDGE_CURVE('',#2395,#2406,#2408,.T.);
#2406 = VERTEX_POINT('',#2407);
#2407 = CARTESIAN_POINT('',(-49.3651337826,-66.47996677665,18.2));
#2408 = LINE('',#2409,#2410);
#2409 = CARTESIAN_POINT('',(-49.3651337826,-66.47996677665,8.));
#2410 = VECTOR('',#2411,1.);
#2411 = DIRECTION('',(0.,0.,1.));
#2412 = ORIENTED_EDGE('',*,*,#2413,.T.);
#2413 = EDGE_CURVE('',#2406,#2414,#2416,.T.);
#2414 = VERTEX_POINT('',#2415);
#2415 = CARTESIAN_POINT('',(-48.55868917834,-67.07127642501,18.2));
#2416 = CIRCLE('',#2417,82.804);
#2417 = AXIS2_PLACEMENT_3D('',#2418,#2419,#2420);
#2418 = CARTESIAN_POINT('',(0.,0.,18.2));
#2419 = DIRECTION('',(0.,0.,1.));
#2420 = DIRECTION('',(1.,0.,-0.));
#2421 = ORIENTED_EDGE('',*,*,#2422,.F.);
#2422 = EDGE_CURVE('',#2397,#2414,#2423,.T.);
#2423 = LINE('',#2424,#2425);
#2424 = CARTESIAN_POINT('',(-48.55868917834,-67.07127642501,8.));
#2425 = VECTOR('',#2426,1.);
#2426 = DIRECTION('',(0.,0.,1.));
#2427 = FACE_BOUND('',#2428,.T.);
#2428 = EDGE_LOOP('',(#2429,#2440,#2448,#2457));
#2429 = ORIENTED_EDGE('',*,*,#2430,.F.);
#2430 = EDGE_CURVE('',#2431,#2433,#2435,.T.);
#2431 = VERTEX_POINT('',#2432);
#2432 = CARTESIAN_POINT('',(-33.80608465914,-75.58869661542,14.7));
#2433 = VERTEX_POINT('',#2434);
#2434 = CARTESIAN_POINT('',(-32.89077318002,-75.99144330528,14.7));
#2435 = CIRCLE('',#2436,82.804);
#2436 = AXIS2_PLACEMENT_3D('',#2437,#2438,#2439);
#2437 = CARTESIAN_POINT('',(0.,0.,14.7));
#2438 = DIRECTION('',(0.,0.,1.));
#2439 = DIRECTION('',(1.,0.,-0.));
#2440 = ORIENTED_EDGE('',*,*,#2441,.T.);
#2441 = EDGE_CURVE('',#2431,#2442,#2444,.T.);
#2442 = VERTEX_POINT('',#2443);
#2443 = CARTESIAN_POINT('',(-33.80608465914,-75.58869661542,18.2));
#2444 = LINE('',#2445,#2446);
#2445 = CARTESIAN_POINT('',(-33.80608465914,-75.58869661542,8.));
#2446 = VECTOR('',#2447,1.);
#2447 = DIRECTION('',(0.,0.,1.));
#2448 = ORIENTED_EDGE('',*,*,#2449,.T.);
#2449 = EDGE_CURVE('',#2442,#2450,#2452,.T.);
#2450 = VERTEX_POINT('',#2451);
#2451 = CARTESIAN_POINT('',(-32.89077318002,-75.99144330528,18.2));
#2452 = CIRCLE('',#2453,82.804);
#2453 = AXIS2_PLACEMENT_3D('',#2454,#2455,#2456);
#2454 = CARTESIAN_POINT('',(0.,0.,18.2));
#2455 = DIRECTION('',(0.,0.,1.));
#2456 = DIRECTION('',(1.,0.,-0.));
#2457 = ORIENTED_EDGE('',*,*,#2458,.F.);
#2458 = EDGE_CURVE('',#2433,#2450,#2459,.T.);
#2459 = LINE('',#2460,#2461);
#2460 = CARTESIAN_POINT('',(-32.89077318002,-75.99144330528,8.));
#2461 = VECTOR('',#2462,1.);
#2462 = DIRECTION('',(0.,0.,1.));
#2463 = FACE_BOUND('',#2464,.T.);
#2464 = EDGE_LOOP('',(#2465,#2476,#2484,#2493));
#2465 = ORIENTED_EDGE('',*,*,#2466,.F.);
#2466 = EDGE_CURVE('',#2467,#2469,#2471,.T.);
#2467 = VERTEX_POINT('',#2468);
#2468 = CARTESIAN_POINT('',(-30.47677611925,-76.99135362738,14.7));
#2469 = VERTEX_POINT('',#2470);
#2470 = CARTESIAN_POINT('',(-29.54476824997,-77.35379166566,14.7));
#2471 = CIRCLE('',#2472,82.804);
#2472 = AXIS2_PLACEMENT_3D('',#2473,#2474,#2475);
#2473 = CARTESIAN_POINT('',(0.,0.,14.7));
#2474 = DIRECTION('',(0.,0.,1.));
#2475 = DIRECTION('',(1.,0.,-0.));
#2476 = ORIENTED_EDGE('',*,*,#2477,.T.);
#2477 = EDGE_CURVE('',#2467,#2478,#2480,.T.);
#2478 = VERTEX_POINT('',#2479);
#2479 = CARTESIAN_POINT('',(-30.47677611925,-76.99135362738,18.2));
#2480 = LINE('',#2481,#2482);
#2481 = CARTESIAN_POINT('',(-30.47677611925,-76.99135362738,8.));
#2482 = VECTOR('',#2483,1.);
#2483 = DIRECTION('',(0.,0.,1.));
#2484 = ORIENTED_EDGE('',*,*,#2485,.T.);
#2485 = EDGE_CURVE('',#2478,#2486,#2488,.T.);
#2486 = VERTEX_POINT('',#2487);
#2487 = CARTESIAN_POINT('',(-29.54476824997,-77.35379166566,18.2));
#2488 = CIRCLE('',#2489,82.804);
#2489 = AXIS2_PLACEMENT_3D('',#2490,#2491,#2492);
#2490 = CARTESIAN_POINT('',(0.,0.,18.2));
#2491 = DIRECTION('',(0.,0.,1.));
#2492 = DIRECTION('',(1.,0.,-0.));
#2493 = ORIENTED_EDGE('',*,*,#2494,.F.);
#2494 = EDGE_CURVE('',#2469,#2486,#2495,.T.);
#2495 = LINE('',#2496,#2497);
#2496 = CARTESIAN_POINT('',(-29.54476824997,-77.35379166566,8.));
#2497 = VECTOR('',#2498,1.);
#2498 = DIRECTION('',(0.,0.,1.));
#2499 = FACE_BOUND('',#2500,.T.);
#2500 = EDGE_LOOP('',(#2501,#2512,#2520,#2529));
#2501 = ORIENTED_EDGE('',*,*,#2502,.F.);
#2502 = EDGE_CURVE('',#2503,#2505,#2507,.T.);
#2503 = VERTEX_POINT('',#2504);
#2504 = CARTESIAN_POINT('',(-27.08945330383,-78.24745322181,14.7));
#2505 = VERTEX_POINT('',#2506);
#2506 = CARTESIAN_POINT('',(-26.14252317434,-78.56889268711,14.7));
#2507 = CIRCLE('',#2508,82.804);
#2508 = AXIS2_PLACEMENT_3D('',#2509,#2510,#2511);
#2509 = CARTESIAN_POINT('',(0.,0.,14.7));
#2510 = DIRECTION('',(0.,0.,1.));
#2511 = DIRECTION('',(1.,0.,-0.));
#2512 = ORIENTED_EDGE('',*,*,#2513,.T.);
#2513 = EDGE_CURVE('',#2503,#2514,#2516,.T.);
#2514 = VERTEX_POINT('',#2515);
#2515 = CARTESIAN_POINT('',(-27.08945330383,-78.24745322181,18.2));
#2516 = LINE('',#2517,#2518);
#2517 = CARTESIAN_POINT('',(-27.08945330383,-78.24745322181,8.));
#2518 = VECTOR('',#2519,1.);
#2519 = DIRECTION('',(0.,0.,1.));
#2520 = ORIENTED_EDGE('',*,*,#2521,.T.);
#2521 = EDGE_CURVE('',#2514,#2522,#2524,.T.);
#2522 = VERTEX_POINT('',#2523);
#2523 = CARTESIAN_POINT('',(-26.14252317434,-78.56889268711,18.2));
#2524 = CIRCLE('',#2525,82.804);
#2525 = AXIS2_PLACEMENT_3D('',#2526,#2527,#2528);
#2526 = CARTESIAN_POINT('',(0.,0.,18.2));
#2527 = DIRECTION('',(0.,0.,1.));
#2528 = DIRECTION('',(1.,0.,-0.));
#2529 = ORIENTED_EDGE('',*,*,#2530,.F.);
#2530 = EDGE_CURVE('',#2505,#2522,#2531,.T.);
#2531 = LINE('',#2532,#2533);
#2532 = CARTESIAN_POINT('',(-26.14252317434,-78.56889268711,8.));
#2533 = VECTOR('',#2534,1.);
#2534 = DIRECTION('',(0.,0.,1.));
#2535 = FACE_BOUND('',#2536,.T.);
#2536 = EDGE_LOOP('',(#2537,#2548,#2556,#2565));
#2537 = ORIENTED_EDGE('',*,*,#2538,.F.);
#2538 = EDGE_CURVE('',#2539,#2541,#2543,.T.);
#2539 = VERTEX_POINT('',#2540);
#2540 = CARTESIAN_POINT('',(8.517420190406,-82.36477383748,14.7));
#2541 = VERTEX_POINT('',#2542);
#2542 = CARTESIAN_POINT('',(9.511476528628,-82.25590696263,14.7));
#2543 = CIRCLE('',#2544,82.804);
#2544 = AXIS2_PLACEMENT_3D('',#2545,#2546,#2547);
#2545 = CARTESIAN_POINT('',(0.,0.,14.7));
#2546 = DIRECTION('',(0.,0.,1.));
#2547 = DIRECTION('',(1.,0.,-0.));
#2548 = ORIENTED_EDGE('',*,*,#2549,.T.);
#2549 = EDGE_CURVE('',#2539,#2550,#2552,.T.);
#2550 = VERTEX_POINT('',#2551);
#2551 = CARTESIAN_POINT('',(8.517420190406,-82.36477383748,18.2));
#2552 = LINE('',#2553,#2554);
#2553 = CARTESIAN_POINT('',(8.517420190406,-82.36477383748,8.));
#2554 = VECTOR('',#2555,1.);
#2555 = DIRECTION('',(0.,0.,1.));
#2556 = ORIENTED_EDGE('',*,*,#2557,.T.);
#2557 = EDGE_CURVE('',#2550,#2558,#2560,.T.);
#2558 = VERTEX_POINT('',#2559);
#2559 = CARTESIAN_POINT('',(9.511476528628,-82.25590696263,18.2));
#2560 = CIRCLE('',#2561,82.804);
#2561 = AXIS2_PLACEMENT_3D('',#2562,#2563,#2564);
#2562 = CARTESIAN_POINT('',(0.,0.,18.2));
#2563 = DIRECTION('',(0.,0.,1.));
#2564 = DIRECTION('',(1.,0.,-0.));
#2565 = ORIENTED_EDGE('',*,*,#2566,.F.);
#2566 = EDGE_CURVE('',#2541,#2558,#2567,.T.);
#2567 = LINE('',#2568,#2569);
#2568 = CARTESIAN_POINT('',(9.511476528628,-82.25590696263,8.));
#2569 = VECTOR('',#2570,1.);
#2570 = DIRECTION('',(0.,0.,1.));
#2571 = FACE_BOUND('',#2572,.T.);
#2572 = EDGE_LOOP('',(#2573,#2584,#2592,#2601));
#2573 = ORIENTED_EDGE('',*,*,#2574,.F.);
#2574 = EDGE_CURVE('',#2575,#2577,#2579,.T.);
#2575 = VERTEX_POINT('',#2576);
#2576 = CARTESIAN_POINT('',(12.102014468966,-81.91485617269,14.7));
#2577 = VERTEX_POINT('',#2578);
#2578 = CARTESIAN_POINT('',(13.090375979434,-81.7627327865,14.7));
#2579 = CIRCLE('',#2580,82.804);
#2580 = AXIS2_PLACEMENT_3D('',#2581,#2582,#2583);
#2581 = CARTESIAN_POINT('',(0.,0.,14.7));
#2582 = DIRECTION('',(0.,0.,1.));
#2583 = DIRECTION('',(1.,0.,-0.));
#2584 = ORIENTED_EDGE('',*,*,#2585,.T.);
#2585 = EDGE_CURVE('',#2575,#2586,#2588,.T.);
#2586 = VERTEX_POINT('',#2587);
#2587 = CARTESIAN_POINT('',(12.102014468966,-81.91485617269,18.2));
#2588 = LINE('',#2589,#2590);
#2589 = CARTESIAN_POINT('',(12.102014468966,-81.91485617269,8.));
#2590 = VECTOR('',#2591,1.);
#2591 = DIRECTION('',(0.,0.,1.));
#2592 = ORIENTED_EDGE('',*,*,#2593,.T.);
#2593 = EDGE_CURVE('',#2586,#2594,#2596,.T.);
#2594 = VERTEX_POINT('',#2595);
#2595 = CARTESIAN_POINT('',(13.090375979434,-81.7627327865,18.2));
#2596 = CIRCLE('',#2597,82.804);
#2597 = AXIS2_PLACEMENT_3D('',#2598,#2599,#2600);
#2598 = CARTESIAN_POINT('',(0.,0.,18.2));
#2599 = DIRECTION('',(0.,0.,1.));
#2600 = DIRECTION('',(1.,0.,-0.));
#2601 = ORIENTED_EDGE('',*,*,#2602,.F.);
#2602 = EDGE_CURVE('',#2577,#2594,#2603,.T.);
#2603 = LINE('',#2604,#2605);
#2604 = CARTESIAN_POINT('',(13.090375979434,-81.7627327865,8.));
#2605 = VECTOR('',#2606,1.);
#2606 = DIRECTION('',(0.,0.,1.));
#2607 = FACE_BOUND('',#2608,.T.);
#2608 = EDGE_LOOP('',(#2609,#2620,#2628,#2637));
#2609 = ORIENTED_EDGE('',*,*,#2610,.F.);
#2610 = EDGE_CURVE('',#2611,#2613,#2615,.T.);
#2611 = VERTEX_POINT('',#2612);
#2612 = CARTESIAN_POINT('',(15.663571875151,-81.30900892344,14.7));
#2613 = VERTEX_POINT('',#2614);
#2614 = CARTESIAN_POINT('',(16.644357155554,-81.11391860142,14.7));
#2615 = CIRCLE('',#2616,82.804);
#2616 = AXIS2_PLACEMENT_3D('',#2617,#2618,#2619);
#2617 = CARTESIAN_POINT('',(0.,0.,14.7));
#2618 = DIRECTION('',(0.,0.,1.));
#2619 = DIRECTION('',(1.,0.,-0.));
#2620 = ORIENTED_EDGE('',*,*,#2621,.T.);
#2621 = EDGE_CURVE('',#2611,#2622,#2624,.T.);
#2622 = VERTEX_POINT('',#2623);
#2623 = CARTESIAN_POINT('',(15.663571875151,-81.30900892344,18.2));
#2624 = LINE('',#2625,#2626);
#2625 = CARTESIAN_POINT('',(15.663571875151,-81.30900892344,8.));
#2626 = VECTOR('',#2627,1.);
#2627 = DIRECTION('',(0.,0.,1.));
#2628 = ORIENTED_EDGE('',*,*,#2629,.T.);
#2629 = EDGE_CURVE('',#2622,#2630,#2632,.T.);
#2630 = VERTEX_POINT('',#2631);
#2631 = CARTESIAN_POINT('',(16.644357155554,-81.11391860142,18.2));
#2632 = CIRCLE('',#2633,82.804);
#2633 = AXIS2_PLACEMENT_3D('',#2634,#2635,#2636);
#2634 = CARTESIAN_POINT('',(0.,0.,18.2));
#2635 = DIRECTION('',(0.,0.,1.));
#2636 = DIRECTION('',(1.,0.,-0.));
#2637 = ORIENTED_EDGE('',*,*,#2638,.F.);
#2638 = EDGE_CURVE('',#2613,#2630,#2639,.T.);
#2639 = LINE('',#2640,#2641);
#2640 = CARTESIAN_POINT('',(16.644357155554,-81.11391860142,8.));
#2641 = VECTOR('',#2642,1.);
#2642 = DIRECTION('',(0.,0.,1.));
#2643 = FACE_BOUND('',#2644,.T.);
#2644 = EDGE_LOOP('',(#2645,#2656,#2664,#2673));
#2645 = ORIENTED_EDGE('',*,*,#2646,.F.);
#2646 = EDGE_CURVE('',#2647,#2649,#2651,.T.);
#2647 = VERTEX_POINT('',#2648);
#2648 = CARTESIAN_POINT('',(19.195312782012,-80.54838535439,14.7));
#2649 = VERTEX_POINT('',#2650);
#2650 = CARTESIAN_POINT('',(20.166654851825,-80.31069946207,14.7));
#2651 = CIRCLE('',#2652,82.804);
#2652 = AXIS2_PLACEMENT_3D('',#2653,#2654,#2655);
#2653 = CARTESIAN_POINT('',(0.,0.,14.7));
#2654 = DIRECTION('',(0.,0.,1.));
#2655 = DIRECTION('',(1.,0.,-0.));
#2656 = ORIENTED_EDGE('',*,*,#2657,.T.);
#2657 = EDGE_CURVE('',#2647,#2658,#2660,.T.);
#2658 = VERTEX_POINT('',#2659);
#2659 = CARTESIAN_POINT('',(19.195312782012,-80.54838535439,18.2));
#2660 = LINE('',#2661,#2662);
#2661 = CARTESIAN_POINT('',(19.195312782012,-80.54838535439,8.));
#2662 = VECTOR('',#2663,1.);
#2663 = DIRECTION('',(0.,0.,1.));
#2664 = ORIENTED_EDGE('',*,*,#2665,.T.);
#2665 = EDGE_CURVE('',#2658,#2666,#2668,.T.);
#2666 = VERTEX_POINT('',#2667);
#2667 = CARTESIAN_POINT('',(20.166654851825,-80.31069946207,18.2));
#2668 = CIRCLE('',#2669,82.804);
#2669 = AXIS2_PLACEMENT_3D('',#2670,#2671,#2672);
#2670 = CARTESIAN_POINT('',(0.,0.,18.2));
#2671 = DIRECTION('',(0.,0.,1.));
#2672 = DIRECTION('',(1.,0.,-0.));
#2673 = ORIENTED_EDGE('',*,*,#2674,.F.);
#2674 = EDGE_CURVE('',#2649,#2666,#2675,.T.);
#2675 = LINE('',#2676,#2677);
#2676 = CARTESIAN_POINT('',(20.166654851825,-80.31069946207,8.));
#2677 = VECTOR('',#2678,1.);
#2678 = DIRECTION('',(0.,0.,1.));
#2679 = FACE_BOUND('',#2680,.T.);
#2680 = EDGE_LOOP('',(#2681,#2692,#2700,#2709));
#2681 = ORIENTED_EDGE('',*,*,#2682,.F.);
#2682 = EDGE_CURVE('',#2683,#2685,#2687,.T.);
#2683 = VERTEX_POINT('',#2684);
#2684 = CARTESIAN_POINT('',(22.690514320003,-79.63443335576,14.7));
#2685 = VERTEX_POINT('',#2686);
#2686 = CARTESIAN_POINT('',(23.650564174389,-79.35460434173,14.7));
#2687 = CIRCLE('',#2688,82.804);
#2688 = AXIS2_PLACEMENT_3D('',#2689,#2690,#2691);
#2689 = CARTESIAN_POINT('',(0.,0.,14.7));
#2690 = DIRECTION('',(0.,0.,1.));
#2691 = DIRECTION('',(1.,0.,-0.));
#2692 = ORIENTED_EDGE('',*,*,#2693,.T.);
#2693 = EDGE_CURVE('',#2683,#2694,#2696,.T.);
#2694 = VERTEX_POINT('',#2695);
#2695 = CARTESIAN_POINT('',(22.690514320003,-79.63443335576,18.2));
#2696 = LINE('',#2697,#2698);
#2697 = CARTESIAN_POINT('',(22.690514320003,-79.63443335576,8.));
#2698 = VECTOR('',#2699,1.);
#2699 = DIRECTION('',(0.,0.,1.));
#2700 = ORIENTED_EDGE('',*,*,#2701,.T.);
#2701 = EDGE_CURVE('',#2694,#2702,#2704,.T.);
#2702 = VERTEX_POINT('',#2703);
#2703 = CARTESIAN_POINT('',(23.650564174389,-79.35460434173,18.2));
#2704 = CIRCLE('',#2705,82.804);
#2705 = AXIS2_PLACEMENT_3D('',#2706,#2707,#2708);
#2706 = CARTESIAN_POINT('',(0.,0.,18.2));
#2707 = DIRECTION('',(0.,0.,1.));
#2708 = DIRECTION('',(1.,0.,-0.));
#2709 = ORIENTED_EDGE('',*,*,#2710,.F.);
#2710 = EDGE_CURVE('',#2685,#2702,#2711,.T.);
#2711 = LINE('',#2712,#2713);
#2712 = CARTESIAN_POINT('',(23.650564174389,-79.35460434173,8.));
#2713 = VECTOR('',#2714,1.);
#2714 = DIRECTION('',(0.,0.,1.));
#2715 = FACE_BOUND('',#2716,.T.);
#2716 = EDGE_LOOP('',(#2717,#2728,#2736,#2745));
#2717 = ORIENTED_EDGE('',*,*,#2718,.F.);
#2718 = EDGE_CURVE('',#2719,#2721,#2723,.T.);
#2719 = VERTEX_POINT('',#2720);
#2720 = CARTESIAN_POINT('',(26.14252317434,-78.56889268711,14.7));
#2721 = VERTEX_POINT('',#2722);
#2722 = CARTESIAN_POINT('',(27.089453303836,-78.24745322181,14.7));
#2723 = CIRCLE('',#2724,82.804);
#2724 = AXIS2_PLACEMENT_3D('',#2725,#2726,#2727);
#2725 = CARTESIAN_POINT('',(0.,0.,14.7));
#2726 = DIRECTION('',(0.,0.,1.));
#2727 = DIRECTION('',(1.,0.,-0.));
#2728 = ORIENTED_EDGE('',*,*,#2729,.T.);
#2729 = EDGE_CURVE('',#2719,#2730,#2732,.T.);
#2730 = VERTEX_POINT('',#2731);
#2731 = CARTESIAN_POINT('',(26.14252317434,-78.56889268711,18.2));
#2732 = LINE('',#2733,#2734);
#2733 = CARTESIAN_POINT('',(26.142523174341,-78.56889268711,8.));
#2734 = VECTOR('',#2735,1.);
#2735 = DIRECTION('',(0.,0.,1.));
#2736 = ORIENTED_EDGE('',*,*,#2737,.T.);
#2737 = EDGE_CURVE('',#2730,#2738,#2740,.T.);
#2738 = VERTEX_POINT('',#2739);
#2739 = CARTESIAN_POINT('',(27.089453303836,-78.24745322181,18.2));
#2740 = CIRCLE('',#2741,82.804);
#2741 = AXIS2_PLACEMENT_3D('',#2742,#2743,#2744);
#2742 = CARTESIAN_POINT('',(0.,0.,18.2));
#2743 = DIRECTION('',(0.,0.,1.));
#2744 = DIRECTION('',(1.,0.,-0.));
#2745 = ORIENTED_EDGE('',*,*,#2746,.F.);
#2746 = EDGE_CURVE('',#2721,#2738,#2747,.T.);
#2747 = LINE('',#2748,#2749);
#2748 = CARTESIAN_POINT('',(27.089453303836,-78.24745322181,8.));
#2749 = VECTOR('',#2750,1.);
#2750 = DIRECTION('',(0.,0.,1.));
#2751 = FACE_BOUND('',#2752,.T.);
#2752 = EDGE_LOOP('',(#2753,#2764,#2772,#2781));
#2753 = ORIENTED_EDGE('',*,*,#2754,.F.);
#2754 = EDGE_CURVE('',#2755,#2757,#2759,.T.);
#2755 = VERTEX_POINT('',#2756);
#2756 = CARTESIAN_POINT('',(29.544768249972,-77.35379166566,14.7));
#2757 = VERTEX_POINT('',#2758);
#2758 = CARTESIAN_POINT('',(30.476776119255,-76.99135362738,14.7));
#2759 = CIRCLE('',#2760,82.804);
#2760 = AXIS2_PLACEMENT_3D('',#2761,#2762,#2763);
#2761 = CARTESIAN_POINT('',(0.,0.,14.7));
#2762 = DIRECTION('',(0.,0.,1.));
#2763 = DIRECTION('',(1.,0.,-0.));
#2764 = ORIENTED_EDGE('',*,*,#2765,.T.);
#2765 = EDGE_CURVE('',#2755,#2766,#2768,.T.);
#2766 = VERTEX_POINT('',#2767);
#2767 = CARTESIAN_POINT('',(29.544768249972,-77.35379166566,18.2));
#2768 = LINE('',#2769,#2770);
#2769 = CARTESIAN_POINT('',(29.544768249972,-77.35379166566,8.));
#2770 = VECTOR('',#2771,1.);
#2771 = DIRECTION('',(0.,0.,1.));
#2772 = ORIENTED_EDGE('',*,*,#2773,.T.);
#2773 = EDGE_CURVE('',#2766,#2774,#2776,.T.);
#2774 = VERTEX_POINT('',#2775);
#2775 = CARTESIAN_POINT('',(30.476776119255,-76.99135362738,18.2));
#2776 = CIRCLE('',#2777,82.804);
#2777 = AXIS2_PLACEMENT_3D('',#2778,#2779,#2780);
#2778 = CARTESIAN_POINT('',(0.,0.,18.2));
#2779 = DIRECTION('',(0.,0.,1.));
#2780 = DIRECTION('',(1.,0.,-0.));
#2781 = ORIENTED_EDGE('',*,*,#2782,.F.);
#2782 = EDGE_CURVE('',#2757,#2774,#2783,.T.);
#2783 = LINE('',#2784,#2785);
#2784 = CARTESIAN_POINT('',(30.476776119255,-76.99135362738,8.));
#2785 = VECTOR('',#2786,1.);
#2786 = DIRECTION('',(0.,0.,1.));
#2787 = FACE_BOUND('',#2788,.T.);
#2788 = EDGE_LOOP('',(#2789,#2800,#2808,#2817));
#2789 = ORIENTED_EDGE('',*,*,#2790,.F.);
#2790 = EDGE_CURVE('',#2791,#2793,#2795,.T.);
#2791 = VERTEX_POINT('',#2792);
#2792 = CARTESIAN_POINT('',(32.890773180025,-75.99144330528,14.7));
#2793 = VERTEX_POINT('',#2794);
#2794 = CARTESIAN_POINT('',(33.806084659144,-75.58869661542,14.7));
#2795 = CIRCLE('',#2796,82.804);
#2796 = AXIS2_PLACEMENT_3D('',#2797,#2798,#2799);
#2797 = CARTESIAN_POINT('',(0.,0.,14.7));
#2798 = DIRECTION('',(0.,0.,1.));
#2799 = DIRECTION('',(1.,0.,-0.));
#2800 = ORIENTED_EDGE('',*,*,#2801,.T.);
#2801 = EDGE_CURVE('',#2791,#2802,#2804,.T.);
#2802 = VERTEX_POINT('',#2803);
#2803 = CARTESIAN_POINT('',(32.890773180025,-75.99144330528,18.2));
#2804 = LINE('',#2805,#2806);
#2805 = CARTESIAN_POINT('',(32.890773180025,-75.99144330528,8.));
#2806 = VECTOR('',#2807,1.);
#2807 = DIRECTION('',(0.,0.,1.));
#2808 = ORIENTED_EDGE('',*,*,#2809,.T.);
#2809 = EDGE_CURVE('',#2802,#2810,#2812,.T.);
#2810 = VERTEX_POINT('',#2811);
#2811 = CARTESIAN_POINT('',(33.806084659144,-75.58869661542,18.2));
#2812 = CIRCLE('',#2813,82.804);
#2813 = AXIS2_PLACEMENT_3D('',#2814,#2815,#2816);
#2814 = CARTESIAN_POINT('',(0.,0.,18.2));
#2815 = DIRECTION('',(0.,0.,1.));
#2816 = DIRECTION('',(1.,0.,-0.));
#2817 = ORIENTED_EDGE('',*,*,#2818,.F.);
#2818 = EDGE_CURVE('',#2793,#2810,#2819,.T.);
#2819 = LINE('',#2820,#2821);
#2820 = CARTESIAN_POINT('',(33.806084659144,-75.58869661542,8.));
#2821 = VECTOR('',#2822,1.);
#2822 = DIRECTION('',(0.,0.,1.));
#2823 = FACE_BOUND('',#2824,.T.);
#2824 = EDGE_LOOP('',(#2825,#2836,#2844,#2853));
#2825 = ORIENTED_EDGE('',*,*,#2826,.F.);
#2826 = EDGE_CURVE('',#2827,#2829,#2831,.T.);
#2827 = VERTEX_POINT('',#2828);
#2828 = CARTESIAN_POINT('',(36.17416865394,-74.48444091349,14.7));
#2829 = VERTEX_POINT('',#2830);
#2830 = CARTESIAN_POINT('',(37.071041395473,-74.04215222327,14.7));
#2831 = CIRCLE('',#2832,82.804);
#2832 = AXIS2_PLACEMENT_3D('',#2833,#2834,#2835);
#2833 = CARTESIAN_POINT('',(0.,0.,14.7));
#2834 = DIRECTION('',(0.,0.,1.));
#2835 = DIRECTION('',(1.,0.,-0.));
#2836 = ORIENTED_EDGE('',*,*,#2837,.T.);
#2837 = EDGE_CURVE('',#2827,#2838,#2840,.T.);
#2838 = VERTEX_POINT('',#2839);
#2839 = CARTESIAN_POINT('',(36.17416865394,-74.48444091349,18.2));
#2840 = LINE('',#2841,#2842);
#2841 = CARTESIAN_POINT('',(36.17416865394,-74.48444091349,8.));
#2842 = VECTOR('',#2843,1.);
#2843 = DIRECTION('',(0.,0.,1.));
#2844 = ORIENTED_EDGE('',*,*,#2845,.T.);
#2845 = EDGE_CURVE('',#2838,#2846,#2848,.T.);
#2846 = VERTEX_POINT('',#2847);
#2847 = CARTESIAN_POINT('',(37.071041395473,-74.04215222327,18.2));
#2848 = CIRCLE('',#2849,82.804);
#2849 = AXIS2_PLACEMENT_3D('',#2850,#2851,#2852);
#2850 = CARTESIAN_POINT('',(0.,0.,18.2));
#2851 = DIRECTION('',(0.,0.,1.));
#2852 = DIRECTION('',(1.,0.,-0.));
#2853 = ORIENTED_EDGE('',*,*,#2854,.F.);
#2854 = EDGE_CURVE('',#2829,#2846,#2855,.T.);
#2855 = LINE('',#2856,#2857);
#2856 = CARTESIAN_POINT('',(37.071041395473,-74.04215222327,8.));
#2857 = VECTOR('',#2858,1.);
#2858 = DIRECTION('',(0.,0.,1.));
#2859 = FACE_BOUND('',#2860,.T.);
#2860 = EDGE_LOOP('',(#2861,#2872,#2880,#2889));
#2861 = ORIENTED_EDGE('',*,*,#2862,.F.);
#2862 = EDGE_CURVE('',#2863,#2865,#2867,.T.);
#2863 = VERTEX_POINT('',#2864);
#2864 = CARTESIAN_POINT('',(39.388704541818,-72.83565315501,14.7));
#2865 = VERTEX_POINT('',#2866);
#2866 = CARTESIAN_POINT('',(40.265431297525,-72.35466438609,14.7));
#2867 = CIRCLE('',#2868,82.804);
#2868 = AXIS2_PLACEMENT_3D('',#2869,#2870,#2871);
#2869 = CARTESIAN_POINT('',(0.,0.,14.7));
#2870 = DIRECTION('',(0.,0.,1.));
#2871 = DIRECTION('',(1.,0.,-0.));
#2872 = ORIENTED_EDGE('',*,*,#2873,.T.);
#2873 = EDGE_CURVE('',#2863,#2874,#2876,.T.);
#2874 = VERTEX_POINT('',#2875);
#2875 = CARTESIAN_POINT('',(39.388704541818,-72.83565315501,18.2));
#2876 = LINE('',#2877,#2878);
#2877 = CARTESIAN_POINT('',(39.388704541818,-72.83565315501,8.));
#2878 = VECTOR('',#2879,1.);
#2879 = DIRECTION('',(0.,0.,1.));
#2880 = ORIENTED_EDGE('',*,*,#2881,.T.);
#2881 = EDGE_CURVE('',#2874,#2882,#2884,.T.);
#2882 = VERTEX_POINT('',#2883);
#2883 = CARTESIAN_POINT('',(40.265431297525,-72.35466438609,18.2));
#2884 = CIRCLE('',#2885,82.804);
#2885 = AXIS2_PLACEMENT_3D('',#2886,#2887,#2888);
#2886 = CARTESIAN_POINT('',(0.,0.,18.2));
#2887 = DIRECTION('',(0.,0.,1.));
#2888 = DIRECTION('',(1.,0.,-0.));
#2889 = ORIENTED_EDGE('',*,*,#2890,.F.);
#2890 = EDGE_CURVE('',#2865,#2882,#2891,.T.);
#2891 = LINE('',#2892,#2893);
#2892 = CARTESIAN_POINT('',(40.265431297525,-72.35466438609,8.));
#2893 = VECTOR('',#2894,1.);
#2894 = DIRECTION('',(0.,0.,1.));
#2895 = FACE_BOUND('',#2896,.T.);
#2896 = EDGE_LOOP('',(#2897,#2908,#2916,#2925));
#2897 = ORIENTED_EDGE('',*,*,#2898,.F.);
#2898 = EDGE_CURVE('',#2899,#2901,#2903,.T.);
#2899 = VERTEX_POINT('',#2900);
#2900 = CARTESIAN_POINT('',(42.528261791892,-71.04821859104,14.7));
#2901 = VERTEX_POINT('',#2902);
#2902 = CARTESIAN_POINT('',(43.383173662565,-70.52944533288,14.7));
#2903 = CIRCLE('',#2904,82.804);
#2904 = AXIS2_PLACEMENT_3D('',#2905,#2906,#2907);
#2905 = CARTESIAN_POINT('',(0.,0.,14.7));
#2906 = DIRECTION('',(0.,0.,1.));
#2907 = DIRECTION('',(1.,0.,-0.));
#2908 = ORIENTED_EDGE('',*,*,#2909,.T.);
#2909 = EDGE_CURVE('',#2899,#2910,#2912,.T.);
#2910 = VERTEX_POINT('',#2911);
#2911 = CARTESIAN_POINT('',(42.528261791892,-71.04821859104,18.2));
#2912 = LINE('',#2913,#2914);
#2913 = CARTESIAN_POINT('',(42.528261791892,-71.04821859104,8.));
#2914 = VECTOR('',#2915,1.);
#2915 = DIRECTION('',(0.,0.,1.));
#2916 = ORIENTED_EDGE('',*,*,#2917,.T.);
#2917 = EDGE_CURVE('',#2910,#2918,#2920,.T.);
#2918 = VERTEX_POINT('',#2919);
#2919 = CARTESIAN_POINT('',(43.383173662565,-70.52944533288,18.2));
#2920 = CIRCLE('',#2921,82.804);
#2921 = AXIS2_PLACEMENT_3D('',#2922,#2923,#2924);
#2922 = CARTESIAN_POINT('',(0.,0.,18.2));
#2923 = DIRECTION('',(0.,0.,1.));
#2924 = DIRECTION('',(1.,0.,-0.));
#2925 = ORIENTED_EDGE('',*,*,#2926,.F.);
#2926 = EDGE_CURVE('',#2901,#2918,#2927,.T.);
#2927 = LINE('',#2928,#2929);
#2928 = CARTESIAN_POINT('',(43.383173662565,-70.52944533288,8.));
#2929 = VECTOR('',#2930,1.);
#2930 = DIRECTION('',(0.,0.,1.));
#2931 = FACE_BOUND('',#2932,.T.);
#2932 = EDGE_LOOP('',(#2933,#2944,#2952,#2961));
#2933 = ORIENTED_EDGE('',*,*,#2934,.F.);
#2934 = EDGE_CURVE('',#2935,#2937,#2939,.T.);
#2935 = VERTEX_POINT('',#2936);
#2936 = CARTESIAN_POINT('',(45.586864078497,-69.12553970486,14.7));
#2937 = VERTEX_POINT('',#2938);
#2938 = CARTESIAN_POINT('',(46.418333690799,-68.56996947184,14.7));
#2939 = CIRCLE('',#2940,82.804);
#2940 = AXIS2_PLACEMENT_3D('',#2941,#2942,#2943);
#2941 = CARTESIAN_POINT('',(0.,0.,14.7));
#2942 = DIRECTION('',(0.,0.,1.));
#2943 = DIRECTION('',(1.,0.,-0.));
#2944 = ORIENTED_EDGE('',*,*,#2945,.T.);
#2945 = EDGE_CURVE('',#2935,#2946,#2948,.T.);
#2946 = VERTEX_POINT('',#2947);
#2947 = CARTESIAN_POINT('',(45.586864078497,-69.12553970486,18.2));
#2948 = LINE('',#2949,#2950);
#2949 = CARTESIAN_POINT('',(45.586864078497,-69.12553970486,8.));
#2950 = VECTOR('',#2951,1.);
#2951 = DIRECTION('',(0.,0.,1.));
#2952 = ORIENTED_EDGE('',*,*,#2953,.T.);
#2953 = EDGE_CURVE('',#2946,#2954,#2956,.T.);
#2954 = VERTEX_POINT('',#2955);
#2955 = CARTESIAN_POINT('',(46.418333690799,-68.56996947184,18.2));
#2956 = CIRCLE('',#2957,82.804);
#2957 = AXIS2_PLACEMENT_3D('',#2958,#2959,#2960);
#2958 = CARTESIAN_POINT('',(0.,0.,18.2));
#2959 = DIRECTION('',(0.,0.,1.));
#2960 = DIRECTION('',(1.,0.,-0.));
#2961 = ORIENTED_EDGE('',*,*,#2962,.F.);
#2962 = EDGE_CURVE('',#2937,#2954,#2963,.T.);
#2963 = LINE('',#2964,#2965);
#2964 = CARTESIAN_POINT('',(46.418333690799,-68.56996947184,8.));
#2965 = VECTOR('',#2966,1.);
#2966 = DIRECTION('',(0.,0.,1.));
#2967 = FACE_BOUND('',#2968,.T.);
#2968 = EDGE_LOOP('',(#2969,#2980,#2988,#2997));
#2969 = ORIENTED_EDGE('',*,*,#2970,.F.);
#2970 = EDGE_CURVE('',#2971,#2973,#2975,.T.);
#2971 = VERTEX_POINT('',#2972);
#2972 = CARTESIAN_POINT('',(68.569969471844,-46.4183336908,14.7));
#2973 = VERTEX_POINT('',#2974);
#2974 = CARTESIAN_POINT('',(69.125539704863,-45.58686407849,14.7));
#2975 = CIRCLE('',#2976,82.804);
#2976 = AXIS2_PLACEMENT_3D('',#2977,#2978,#2979);
#2977 = CARTESIAN_POINT('',(0.,0.,14.7));
#2978 = DIRECTION('',(0.,0.,1.));
#2979 = DIRECTION('',(1.,0.,-0.));
#2980 = ORIENTED_EDGE('',*,*,#2981,.T.);
#2981 = EDGE_CURVE('',#2971,#2982,#2984,.T.);
#2982 = VERTEX_POINT('',#2983);
#2983 = CARTESIAN_POINT('',(68.569969471844,-46.4183336908,18.2));
#2984 = LINE('',#2985,#2986);
#2985 = CARTESIAN_POINT('',(68.569969471844,-46.4183336908,8.));
#2986 = VECTOR('',#2987,1.);
#2987 = DIRECTION('',(0.,0.,1.));
#2988 = ORIENTED_EDGE('',*,*,#2989,.T.);
#2989 = EDGE_CURVE('',#2982,#2990,#2992,.T.);
#2990 = VERTEX_POINT('',#2991);
#2991 = CARTESIAN_POINT('',(69.125539704863,-45.58686407849,18.2));
#2992 = CIRCLE('',#2993,82.804);
#2993 = AXIS2_PLACEMENT_3D('',#2994,#2995,#2996);
#2994 = CARTESIAN_POINT('',(0.,0.,18.2));
#2995 = DIRECTION('',(0.,0.,1.));
#2996 = DIRECTION('',(1.,0.,-0.));
#2997 = ORIENTED_EDGE('',*,*,#2998,.F.);
#2998 = EDGE_CURVE('',#2973,#2990,#2999,.T.);
#2999 = LINE('',#3000,#3001);
#3000 = CARTESIAN_POINT('',(69.125539704863,-45.58686407849,8.));
#3001 = VECTOR('',#3002,1.);
#3002 = DIRECTION('',(0.,0.,1.));
#3003 = FACE_BOUND('',#3004,.T.);
#3004 = EDGE_LOOP('',(#3005,#3016,#3024,#3033));
#3005 = ORIENTED_EDGE('',*,*,#3006,.F.);
#3006 = EDGE_CURVE('',#3007,#3009,#3011,.T.);
#3007 = VERTEX_POINT('',#3008);
#3008 = CARTESIAN_POINT('',(70.52944533288,-43.38317366256,14.7));
#3009 = VERTEX_POINT('',#3010);
#3010 = CARTESIAN_POINT('',(71.048218591041,-42.52826179189,14.7));
#3011 = CIRCLE('',#3012,82.804);
#3012 = AXIS2_PLACEMENT_3D('',#3013,#3014,#3015);
#3013 = CARTESIAN_POINT('',(0.,0.,14.7));
#3014 = DIRECTION('',(0.,0.,1.));
#3015 = DIRECTION('',(1.,0.,-0.));
#3016 = ORIENTED_EDGE('',*,*,#3017,.T.);
#3017 = EDGE_CURVE('',#3007,#3018,#3020,.T.);
#3018 = VERTEX_POINT('',#3019);
#3019 = CARTESIAN_POINT('',(70.52944533288,-43.38317366256,18.2));
#3020 = LINE('',#3021,#3022);
#3021 = CARTESIAN_POINT('',(70.52944533288,-43.38317366256,8.));
#3022 = VECTOR('',#3023,1.);
#3023 = DIRECTION('',(0.,0.,1.));
#3024 = ORIENTED_EDGE('',*,*,#3025,.T.);
#3025 = EDGE_CURVE('',#3018,#3026,#3028,.T.);
#3026 = VERTEX_POINT('',#3027);
#3027 = CARTESIAN_POINT('',(71.048218591041,-42.52826179189,18.2));
#3028 = CIRCLE('',#3029,82.804);
#3029 = AXIS2_PLACEMENT_3D('',#3030,#3031,#3032);
#3030 = CARTESIAN_POINT('',(0.,0.,18.2));
#3031 = DIRECTION('',(0.,0.,1.));
#3032 = DIRECTION('',(1.,0.,-0.));
#3033 = ORIENTED_EDGE('',*,*,#3034,.F.);
#3034 = EDGE_CURVE('',#3009,#3026,#3035,.T.);
#3035 = LINE('',#3036,#3037);
#3036 = CARTESIAN_POINT('',(71.048218591041,-42.52826179189,8.));
#3037 = VECTOR('',#3038,1.);
#3038 = DIRECTION('',(0.,0.,1.));
#3039 = FACE_BOUND('',#3040,.T.);
#3040 = EDGE_LOOP('',(#3041,#3052,#3060,#3069));
#3041 = ORIENTED_EDGE('',*,*,#3042,.F.);
#3042 = EDGE_CURVE('',#3043,#3045,#3047,.T.);
#3043 = VERTEX_POINT('',#3044);
#3044 = CARTESIAN_POINT('',(72.354664386094,-40.26543129752,14.7));
#3045 = VERTEX_POINT('',#3046);
#3046 = CARTESIAN_POINT('',(72.835653155013,-39.38870454181,14.7));
#3047 = CIRCLE('',#3048,82.804);
#3048 = AXIS2_PLACEMENT_3D('',#3049,#3050,#3051);
#3049 = CARTESIAN_POINT('',(0.,0.,14.7));
#3050 = DIRECTION('',(0.,0.,1.));
#3051 = DIRECTION('',(1.,0.,-0.));
#3052 = ORIENTED_EDGE('',*,*,#3053,.T.);
#3053 = EDGE_CURVE('',#3043,#3054,#3056,.T.);
#3054 = VERTEX_POINT('',#3055);
#3055 = CARTESIAN_POINT('',(72.354664386094,-40.26543129752,18.2));
#3056 = LINE('',#3057,#3058);
#3057 = CARTESIAN_POINT('',(72.354664386094,-40.26543129752,8.));
#3058 = VECTOR('',#3059,1.);
#3059 = DIRECTION('',(0.,0.,1.));
#3060 = ORIENTED_EDGE('',*,*,#3061,.T.);
#3061 = EDGE_CURVE('',#3054,#3062,#3064,.T.);
#3062 = VERTEX_POINT('',#3063);
#3063 = CARTESIAN_POINT('',(72.835653155013,-39.38870454181,18.2));
#3064 = CIRCLE('',#3065,82.804);
#3065 = AXIS2_PLACEMENT_3D('',#3066,#3067,#3068);
#3066 = CARTESIAN_POINT('',(0.,0.,18.2));
#3067 = DIRECTION('',(0.,0.,1.));
#3068 = DIRECTION('',(1.,0.,-0.));
#3069 = ORIENTED_EDGE('',*,*,#3070,.F.);
#3070 = EDGE_CURVE('',#3045,#3062,#3071,.T.);
#3071 = LINE('',#3072,#3073);
#3072 = CARTESIAN_POINT('',(72.835653155013,-39.38870454181,8.));
#3073 = VECTOR('',#3074,1.);
#3074 = DIRECTION('',(0.,0.,1.));
#3075 = FACE_BOUND('',#3076,.T.);
#3076 = EDGE_LOOP('',(#3077,#3088,#3096,#3105));
#3077 = ORIENTED_EDGE('',*,*,#3078,.F.);
#3078 = EDGE_CURVE('',#3079,#3081,#3083,.T.);
#3079 = VERTEX_POINT('',#3080);
#3080 = CARTESIAN_POINT('',(74.042152223278,-37.07104139547,14.7));
#3081 = VERTEX_POINT('',#3082);
#3082 = CARTESIAN_POINT('',(74.484440913497,-36.17416865394,14.7));
#3083 = CIRCLE('',#3084,82.804);
#3084 = AXIS2_PLACEMENT_3D('',#3085,#3086,#3087);
#3085 = CARTESIAN_POINT('',(0.,0.,14.7));
#3086 = DIRECTION('',(0.,0.,1.));
#3087 = DIRECTION('',(1.,0.,-0.));
#3088 = ORIENTED_EDGE('',*,*,#3089,.T.);
#3089 = EDGE_CURVE('',#3079,#3090,#3092,.T.);
#3090 = VERTEX_POINT('',#3091);
#3091 = CARTESIAN_POINT('',(74.042152223278,-37.07104139547,18.2));
#3092 = LINE('',#3093,#3094);
#3093 = CARTESIAN_POINT('',(74.042152223278,-37.07104139547,8.));
#3094 = VECTOR('',#3095,1.);
#3095 = DIRECTION('',(0.,0.,1.));
#3096 = ORIENTED_EDGE('',*,*,#3097,.T.);
#3097 = EDGE_CURVE('',#3090,#3098,#3100,.T.);
#3098 = VERTEX_POINT('',#3099);
#3099 = CARTESIAN_POINT('',(74.484440913497,-36.17416865394,18.2));
#3100 = CIRCLE('',#3101,82.804);
#3101 = AXIS2_PLACEMENT_3D('',#3102,#3103,#3104);
#3102 = CARTESIAN_POINT('',(0.,0.,18.2));
#3103 = DIRECTION('',(0.,0.,1.));
#3104 = DIRECTION('',(1.,0.,-0.));
#3105 = ORIENTED_EDGE('',*,*,#3106,.F.);
#3106 = EDGE_CURVE('',#3081,#3098,#3107,.T.);
#3107 = LINE('',#3108,#3109);
#3108 = CARTESIAN_POINT('',(74.484440913497,-36.17416865394,8.));
#3109 = VECTOR('',#3110,1.);
#3110 = DIRECTION('',(0.,0.,1.));
#3111 = FACE_BOUND('',#3112,.T.);
#3112 = EDGE_LOOP('',(#3113,#3124,#3132,#3141));
#3113 = ORIENTED_EDGE('',*,*,#3114,.F.);
#3114 = EDGE_CURVE('',#3115,#3117,#3119,.T.);
#3115 = VERTEX_POINT('',#3116);
#3116 = CARTESIAN_POINT('',(75.588696615425,-33.80608465914,14.7));
#3117 = VERTEX_POINT('',#3118);
#3118 = CARTESIAN_POINT('',(75.991443305284,-32.89077318002,14.7));
#3119 = CIRCLE('',#3120,82.804);
#3120 = AXIS2_PLACEMENT_3D('',#3121,#3122,#3123);
#3121 = CARTESIAN_POINT('',(0.,0.,14.7));
#3122 = DIRECTION('',(0.,0.,1.));
#3123 = DIRECTION('',(1.,0.,-0.));
#3124 = ORIENTED_EDGE('',*,*,#3125,.T.);
#3125 = EDGE_CURVE('',#3115,#3126,#3128,.T.);
#3126 = VERTEX_POINT('',#3127);
#3127 = CARTESIAN_POINT('',(75.588696615425,-33.80608465914,18.2));
#3128 = LINE('',#3129,#3130);
#3129 = CARTESIAN_POINT('',(75.588696615425,-33.80608465914,8.));
#3130 = VECTOR('',#3131,1.);
#3131 = DIRECTION('',(0.,0.,1.));
#3132 = ORIENTED_EDGE('',*,*,#3133,.T.);
#3133 = EDGE_CURVE('',#3126,#3134,#3136,.T.);
#3134 = VERTEX_POINT('',#3135);
#3135 = CARTESIAN_POINT('',(75.991443305284,-32.89077318002,18.2));
#3136 = CIRCLE('',#3137,82.804);
#3137 = AXIS2_PLACEMENT_3D('',#3138,#3139,#3140);
#3138 = CARTESIAN_POINT('',(0.,0.,18.2));
#3139 = DIRECTION('',(0.,0.,1.));
#3140 = DIRECTION('',(1.,0.,-0.));
#3141 = ORIENTED_EDGE('',*,*,#3142,.F.);
#3142 = EDGE_CURVE('',#3117,#3134,#3143,.T.);
#3143 = LINE('',#3144,#3145);
#3144 = CARTESIAN_POINT('',(75.991443305284,-32.89077318002,8.));
#3145 = VECTOR('',#3146,1.);
#3146 = DIRECTION('',(0.,0.,1.));
#3147 = FACE_BOUND('',#3148,.T.);
#3148 = EDGE_LOOP('',(#3149,#3160,#3168,#3177));
#3149 = ORIENTED_EDGE('',*,*,#3150,.F.);
#3150 = EDGE_CURVE('',#3151,#3153,#3155,.T.);
#3151 = VERTEX_POINT('',#3152);
#3152 = CARTESIAN_POINT('',(76.991353627383,-30.47677611925,14.7));
#3153 = VERTEX_POINT('',#3154);
#3154 = CARTESIAN_POINT('',(77.353791665667,-29.54476824997,14.7));
#3155 = CIRCLE('',#3156,82.804);
#3156 = AXIS2_PLACEMENT_3D('',#3157,#3158,#3159);
#3157 = CARTESIAN_POINT('',(0.,0.,14.7));
#3158 = DIRECTION('',(0.,0.,1.));
#3159 = DIRECTION('',(1.,0.,-0.));
#3160 = ORIENTED_EDGE('',*,*,#3161,.T.);
#3161 = EDGE_CURVE('',#3151,#3162,#3164,.T.);
#3162 = VERTEX_POINT('',#3163);
#3163 = CARTESIAN_POINT('',(76.991353627383,-30.47677611925,18.2));
#3164 = LINE('',#3165,#3166);
#3165 = CARTESIAN_POINT('',(76.991353627383,-30.47677611925,8.));
#3166 = VECTOR('',#3167,1.);
#3167 = DIRECTION('',(0.,0.,1.));
#3168 = ORIENTED_EDGE('',*,*,#3169,.T.);
#3169 = EDGE_CURVE('',#3162,#3170,#3172,.T.);
#3170 = VERTEX_POINT('',#3171);
#3171 = CARTESIAN_POINT('',(77.353791665667,-29.54476824997,18.2));
#3172 = CIRCLE('',#3173,82.804);
#3173 = AXIS2_PLACEMENT_3D('',#3174,#3175,#3176);
#3174 = CARTESIAN_POINT('',(0.,0.,18.2));
#3175 = DIRECTION('',(0.,0.,1.));
#3176 = DIRECTION('',(1.,0.,-0.));
#3177 = ORIENTED_EDGE('',*,*,#3178,.F.);
#3178 = EDGE_CURVE('',#3153,#3170,#3179,.T.);
#3179 = LINE('',#3180,#3181);
#3180 = CARTESIAN_POINT('',(77.353791665667,-29.54476824997,8.));
#3181 = VECTOR('',#3182,1.);
#3182 = DIRECTION('',(0.,0.,1.));
#3183 = FACE_BOUND('',#3184,.T.);
#3184 = EDGE_LOOP('',(#3185,#3196,#3204,#3213));
#3185 = ORIENTED_EDGE('',*,*,#3186,.F.);
#3186 = EDGE_CURVE('',#3187,#3189,#3191,.T.);
#3187 = VERTEX_POINT('',#3188);
#3188 = CARTESIAN_POINT('',(78.24745322181,-27.08945330383,14.7));
#3189 = VERTEX_POINT('',#3190);
#3190 = CARTESIAN_POINT('',(78.568892687113,-26.14252317434,14.7));
#3191 = CIRCLE('',#3192,82.804);
#3192 = AXIS2_PLACEMENT_3D('',#3193,#3194,#3195);
#3193 = CARTESIAN_POINT('',(0.,0.,14.7));
#3194 = DIRECTION('',(0.,0.,1.));
#3195 = DIRECTION('',(1.,0.,-0.));
#3196 = ORIENTED_EDGE('',*,*,#3197,.T.);
#3197 = EDGE_CURVE('',#3187,#3198,#3200,.T.);
#3198 = VERTEX_POINT('',#3199);
#3199 = CARTESIAN_POINT('',(78.24745322181,-27.08945330383,18.2));
#3200 = LINE('',#3201,#3202);
#3201 = CARTESIAN_POINT('',(78.24745322181,-27.08945330383,8.));
#3202 = VECTOR('',#3203,1.);
#3203 = DIRECTION('',(0.,0.,1.));
#3204 = ORIENTED_EDGE('',*,*,#3205,.T.);
#3205 = EDGE_CURVE('',#3198,#3206,#3208,.T.);
#3206 = VERTEX_POINT('',#3207);
#3207 = CARTESIAN_POINT('',(78.568892687113,-26.14252317434,18.2));
#3208 = CIRCLE('',#3209,82.804);
#3209 = AXIS2_PLACEMENT_3D('',#3210,#3211,#3212);
#3210 = CARTESIAN_POINT('',(0.,0.,18.2));
#3211 = DIRECTION('',(0.,0.,1.));
#3212 = DIRECTION('',(1.,0.,-0.));
#3213 = ORIENTED_EDGE('',*,*,#3214,.F.);
#3214 = EDGE_CURVE('',#3189,#3206,#3215,.T.);
#3215 = LINE('',#3216,#3217);
#3216 = CARTESIAN_POINT('',(78.568892687113,-26.14252317434,8.));
#3217 = VECTOR('',#3218,1.);
#3218 = DIRECTION('',(0.,0.,1.));
#3219 = FACE_BOUND('',#3220,.T.);
#3220 = EDGE_LOOP('',(#3221,#3232,#3240,#3249));
#3221 = ORIENTED_EDGE('',*,*,#3222,.F.);
#3222 = EDGE_CURVE('',#3223,#3225,#3227,.T.);
#3223 = VERTEX_POINT('',#3224);
#3224 = CARTESIAN_POINT('',(79.354604341734,-23.65056417438,14.7));
#3225 = VERTEX_POINT('',#3226);
#3226 = CARTESIAN_POINT('',(79.634433355765,-22.69051432,14.7));
#3227 = CIRCLE('',#3228,82.804);
#3228 = AXIS2_PLACEMENT_3D('',#3229,#3230,#3231);
#3229 = CARTESIAN_POINT('',(0.,0.,14.7));
#3230 = DIRECTION('',(0.,0.,1.));
#3231 = DIRECTION('',(1.,0.,-0.));
#3232 = ORIENTED_EDGE('',*,*,#3233,.T.);
#3233 = EDGE_CURVE('',#3223,#3234,#3236,.T.);
#3234 = VERTEX_POINT('',#3235);
#3235 = CARTESIAN_POINT('',(79.354604341734,-23.65056417438,18.2));
#3236 = LINE('',#3237,#3238);
#3237 = CARTESIAN_POINT('',(79.354604341734,-23.65056417438,8.));
#3238 = VECTOR('',#3239,1.);
#3239 = DIRECTION('',(0.,0.,1.));
#3240 = ORIENTED_EDGE('',*,*,#3241,.T.);
#3241 = EDGE_CURVE('',#3234,#3242,#3244,.T.);
#3242 = VERTEX_POINT('',#3243);
#3243 = CARTESIAN_POINT('',(79.634433355765,-22.69051432,18.2));
#3244 = CIRCLE('',#3245,82.804);
#3245 = AXIS2_PLACEMENT_3D('',#3246,#3247,#3248);
#3246 = CARTESIAN_POINT('',(0.,0.,18.2));
#3247 = DIRECTION('',(0.,0.,1.));
#3248 = DIRECTION('',(1.,0.,-0.));
#3249 = ORIENTED_EDGE('',*,*,#3250,.F.);
#3250 = EDGE_CURVE('',#3225,#3242,#3251,.T.);
#3251 = LINE('',#3252,#3253);
#3252 = CARTESIAN_POINT('',(79.634433355765,-22.69051432,8.));
#3253 = VECTOR('',#3254,1.);
#3254 = DIRECTION('',(0.,0.,1.));
#3255 = FACE_BOUND('',#3256,.T.);
#3256 = EDGE_LOOP('',(#3257,#3268,#3276,#3285));
#3257 = ORIENTED_EDGE('',*,*,#3258,.F.);
#3258 = EDGE_CURVE('',#3259,#3261,#3263,.T.);
#3259 = VERTEX_POINT('',#3260);
#3260 = CARTESIAN_POINT('',(80.310699462073,-20.16665485182,14.7));
#3261 = VERTEX_POINT('',#3262);
#3262 = CARTESIAN_POINT('',(80.548385354399,-19.19531278201,14.7));
#3263 = CIRCLE('',#3264,82.804);
#3264 = AXIS2_PLACEMENT_3D('',#3265,#3266,#3267);
#3265 = CARTESIAN_POINT('',(0.,0.,14.7));
#3266 = DIRECTION('',(0.,0.,1.));
#3267 = DIRECTION('',(1.,0.,-0.));
#3268 = ORIENTED_EDGE('',*,*,#3269,.T.);
#3269 = EDGE_CURVE('',#3259,#3270,#3272,.T.);
#3270 = VERTEX_POINT('',#3271);
#3271 = CARTESIAN_POINT('',(80.310699462073,-20.16665485182,18.2));
#3272 = LINE('',#3273,#3274);
#3273 = CARTESIAN_POINT('',(80.310699462073,-20.16665485182,8.));
#3274 = VECTOR('',#3275,1.);
#3275 = DIRECTION('',(0.,0.,1.));
#3276 = ORIENTED_EDGE('',*,*,#3277,.T.);
#3277 = EDGE_CURVE('',#3270,#3278,#3280,.T.);
#3278 = VERTEX_POINT('',#3279);
#3279 = CARTESIAN_POINT('',(80.548385354399,-19.19531278201,18.2));
#3280 = CIRCLE('',#3281,82.804);
#3281 = AXIS2_PLACEMENT_3D('',#3282,#3283,#3284);
#3282 = CARTESIAN_POINT('',(0.,0.,18.2));
#3283 = DIRECTION('',(0.,0.,1.));
#3284 = DIRECTION('',(1.,0.,-0.));
#3285 = ORIENTED_EDGE('',*,*,#3286,.F.);
#3286 = EDGE_CURVE('',#3261,#3278,#3287,.T.);
#3287 = LINE('',#3288,#3289);
#3288 = CARTESIAN_POINT('',(80.548385354399,-19.19531278201,8.));
#3289 = VECTOR('',#3290,1.);
#3290 = DIRECTION('',(0.,0.,1.));
#3291 = FACE_BOUND('',#3292,.T.);
#3292 = EDGE_LOOP('',(#3293,#3304,#3312,#3321));
#3293 = ORIENTED_EDGE('',*,*,#3294,.F.);
#3294 = EDGE_CURVE('',#3295,#3297,#3299,.T.);
#3295 = VERTEX_POINT('',#3296);
#3296 = CARTESIAN_POINT('',(81.113918601423,-16.64435715555,14.7));
#3297 = VERTEX_POINT('',#3298);
#3298 = CARTESIAN_POINT('',(81.30900892344,-15.66357187515,14.7));
#3299 = CIRCLE('',#3300,82.804);
#3300 = AXIS2_PLACEMENT_3D('',#3301,#3302,#3303);
#3301 = CARTESIAN_POINT('',(0.,0.,14.7));
#3302 = DIRECTION('',(0.,0.,1.));
#3303 = DIRECTION('',(1.,0.,-0.));
#3304 = ORIENTED_EDGE('',*,*,#3305,.T.);
#3305 = EDGE_CURVE('',#3295,#3306,#3308,.T.);
#3306 = VERTEX_POINT('',#3307);
#3307 = CARTESIAN_POINT('',(81.113918601423,-16.64435715555,18.2));
#3308 = LINE('',#3309,#3310);
#3309 = CARTESIAN_POINT('',(81.113918601423,-16.64435715555,8.));
#3310 = VECTOR('',#3311,1.);
#3311 = DIRECTION('',(0.,0.,1.));
#3312 = ORIENTED_EDGE('',*,*,#3313,.T.);
#3313 = EDGE_CURVE('',#3306,#3314,#3316,.T.);
#3314 = VERTEX_POINT('',#3315);
#3315 = CARTESIAN_POINT('',(81.30900892344,-15.66357187515,18.2));
#3316 = CIRCLE('',#3317,82.804);
#3317 = AXIS2_PLACEMENT_3D('',#3318,#3319,#3320);
#3318 = CARTESIAN_POINT('',(0.,0.,18.2));
#3319 = DIRECTION('',(0.,0.,1.));
#3320 = DIRECTION('',(1.,0.,-0.));
#3321 = ORIENTED_EDGE('',*,*,#3322,.F.);
#3322 = EDGE_CURVE('',#3297,#3314,#3323,.T.);
#3323 = LINE('',#3324,#3325);
#3324 = CARTESIAN_POINT('',(81.30900892344,-15.66357187515,8.));
#3325 = VECTOR('',#3326,1.);
#3326 = DIRECTION('',(0.,0.,1.));
#3327 = FACE_BOUND('',#3328,.T.);
#3328 = EDGE_LOOP('',(#3329,#3340,#3348,#3357));
#3329 = ORIENTED_EDGE('',*,*,#3330,.F.);
#3330 = EDGE_CURVE('',#3331,#3333,#3335,.T.);
#3331 = VERTEX_POINT('',#3332);
#3332 = CARTESIAN_POINT('',(81.762732786503,-13.09037597943,14.7));
#3333 = VERTEX_POINT('',#3334);
#3334 = CARTESIAN_POINT('',(81.914856172693,-12.10201446896,14.7));
#3335 = CIRCLE('',#3336,82.804);
#3336 = AXIS2_PLACEMENT_3D('',#3337,#3338,#3339);
#3337 = CARTESIAN_POINT('',(0.,0.,14.7));
#3338 = DIRECTION('',(0.,0.,1.));
#3339 = DIRECTION('',(1.,0.,-0.));
#3340 = ORIENTED_EDGE('',*,*,#3341,.T.);
#3341 = EDGE_CURVE('',#3331,#3342,#3344,.T.);
#3342 = VERTEX_POINT('',#3343);
#3343 = CARTESIAN_POINT('',(81.762732786503,-13.09037597943,18.2));
#3344 = LINE('',#3345,#3346);
#3345 = CARTESIAN_POINT('',(81.762732786503,-13.09037597943,8.));
#3346 = VECTOR('',#3347,1.);
#3347 = DIRECTION('',(0.,0.,1.));
#3348 = ORIENTED_EDGE('',*,*,#3349,.T.);
#3349 = EDGE_CURVE('',#3342,#3350,#3352,.T.);
#3350 = VERTEX_POINT('',#3351);
#3351 = CARTESIAN_POINT('',(81.914856172693,-12.10201446896,18.2));
#3352 = CIRCLE('',#3353,82.804);
#3353 = AXIS2_PLACEMENT_3D('',#3354,#3355,#3356);
#3354 = CARTESIAN_POINT('',(0.,0.,18.2));
#3355 = DIRECTION('',(0.,0.,1.));
#3356 = DIRECTION('',(1.,0.,-0.));
#3357 = ORIENTED_EDGE('',*,*,#3358,.F.);
#3358 = EDGE_CURVE('',#3333,#3350,#3359,.T.);
#3359 = LINE('',#3360,#3361);
#3360 = CARTESIAN_POINT('',(81.914856172693,-12.10201446896,8.));
#3361 = VECTOR('',#3362,1.);
#3362 = DIRECTION('',(0.,0.,1.));
#3363 = FACE_BOUND('',#3364,.T.);
#3364 = EDGE_LOOP('',(#3365,#3376,#3384,#3393));
#3365 = ORIENTED_EDGE('',*,*,#3366,.F.);
#3366 = EDGE_CURVE('',#3367,#3369,#3371,.T.);
#3367 = VERTEX_POINT('',#3368);
#3368 = CARTESIAN_POINT('',(82.255906962633,-9.511476528628,14.7));
#3369 = VERTEX_POINT('',#3370);
#3370 = CARTESIAN_POINT('',(82.364773837485,-8.517420190406,14.7));
#3371 = CIRCLE('',#3372,82.804);
#3372 = AXIS2_PLACEMENT_3D('',#3373,#3374,#3375);
#3373 = CARTESIAN_POINT('',(0.,0.,14.7));
#3374 = DIRECTION('',(0.,0.,1.));
#3375 = DIRECTION('',(1.,0.,-0.));
#3376 = ORIENTED_EDGE('',*,*,#3377,.T.);
#3377 = EDGE_CURVE('',#3367,#3378,#3380,.T.);
#3378 = VERTEX_POINT('',#3379);
#3379 = CARTESIAN_POINT('',(82.255906962633,-9.511476528628,18.2));
#3380 = LINE('',#3381,#3382);
#3381 = CARTESIAN_POINT('',(82.255906962633,-9.511476528628,8.));
#3382 = VECTOR('',#3383,1.);
#3383 = DIRECTION('',(0.,0.,1.));
#3384 = ORIENTED_EDGE('',*,*,#3385,.T.);
#3385 = EDGE_CURVE('',#3378,#3386,#3388,.T.);
#3386 = VERTEX_POINT('',#3387);
#3387 = CARTESIAN_POINT('',(82.364773837485,-8.517420190406,18.2));
#3388 = CIRCLE('',#3389,82.804);
#3389 = AXIS2_PLACEMENT_3D('',#3390,#3391,#3392);
#3390 = CARTESIAN_POINT('',(0.,0.,18.2));
#3391 = DIRECTION('',(0.,0.,1.));
#3392 = DIRECTION('',(1.,0.,-0.));
#3393 = ORIENTED_EDGE('',*,*,#3394,.F.);
#3394 = EDGE_CURVE('',#3369,#3386,#3395,.T.);
#3395 = LINE('',#3396,#3397);
#3396 = CARTESIAN_POINT('',(82.364773837485,-8.517420190406,8.));
#3397 = VECTOR('',#3398,1.);
#3398 = DIRECTION('',(0.,0.,1.));
#3399 = FACE_BOUND('',#3400,.T.);
#3400 = EDGE_LOOP('',(#3401,#3412,#3420,#3429));
#3401 = ORIENTED_EDGE('',*,*,#3402,.F.);
#3402 = EDGE_CURVE('',#3403,#3405,#3407,.T.);
#3403 = VERTEX_POINT('',#3404);
#3404 = CARTESIAN_POINT('',(82.59250234474,-5.914471441654,14.7));
#3405 = VERTEX_POINT('',#3406);
#3406 = CARTESIAN_POINT('',(82.65790547397,-4.916612518415,14.7));
#3407 = CIRCLE('',#3408,82.804);
#3408 = AXIS2_PLACEMENT_3D('',#3409,#3410,#3411);
#3409 = CARTESIAN_POINT('',(0.,0.,14.7));
#3410 = DIRECTION('',(0.,0.,1.));
#3411 = DIRECTION('',(1.,0.,-0.));
#3412 = ORIENTED_EDGE('',*,*,#3413,.T.);
#3413 = EDGE_CURVE('',#3403,#3414,#3416,.T.);
#3414 = VERTEX_POINT('',#3415);
#3415 = CARTESIAN_POINT('',(82.59250234474,-5.914471441654,18.2));
#3416 = LINE('',#3417,#3418);
#3417 = CARTESIAN_POINT('',(82.59250234474,-5.914471441654,8.));
#3418 = VECTOR('',#3419,1.);
#3419 = DIRECTION('',(0.,0.,1.));
#3420 = ORIENTED_EDGE('',*,*,#3421,.T.);
#3421 = EDGE_CURVE('',#3414,#3422,#3424,.T.);
#3422 = VERTEX_POINT('',#3423);
#3423 = CARTESIAN_POINT('',(82.65790547397,-4.916612518415,18.2));
#3424 = CIRCLE('',#3425,82.804);
#3425 = AXIS2_PLACEMENT_3D('',#3426,#3427,#3428);
#3426 = CARTESIAN_POINT('',(0.,0.,18.2));
#3427 = DIRECTION('',(0.,0.,1.));
#3428 = DIRECTION('',(1.,0.,-0.));
#3429 = ORIENTED_EDGE('',*,*,#3430,.F.);
#3430 = EDGE_CURVE('',#3405,#3422,#3431,.T.);
#3431 = LINE('',#3432,#3433);
#3432 = CARTESIAN_POINT('',(82.65790547397,-4.916612518415,8.));
#3433 = VECTOR('',#3434,1.);
#3434 = DIRECTION('',(0.,0.,1.));
#3435 = FACE_BOUND('',#3436,.T.);
#3436 = EDGE_LOOP('',(#3437,#3448,#3456,#3465));
#3437 = ORIENTED_EDGE('',*,*,#3438,.F.);
#3438 = EDGE_CURVE('',#3439,#3441,#3443,.T.);
#3439 = VERTEX_POINT('',#3440);
#3440 = CARTESIAN_POINT('',(82.771878204383,-2.306207822133,14.7));
#3441 = VERTEX_POINT('',#3442);
#3442 = CARTESIAN_POINT('',(82.793693089417,-1.306445795053,14.7));
#3443 = CIRCLE('',#3444,82.804);
#3444 = AXIS2_PLACEMENT_3D('',#3445,#3446,#3447);
#3445 = CARTESIAN_POINT('',(0.,0.,14.7));
#3446 = DIRECTION('',(0.,0.,1.));
#3447 = DIRECTION('',(1.,0.,-0.));
#3448 = ORIENTED_EDGE('',*,*,#3449,.T.);
#3449 = EDGE_CURVE('',#3439,#3450,#3452,.T.);
#3450 = VERTEX_POINT('',#3451);
#3451 = CARTESIAN_POINT('',(82.771878204383,-2.306207822133,18.2));
#3452 = LINE('',#3453,#3454);
#3453 = CARTESIAN_POINT('',(82.771878204383,-2.306207822133,8.));
#3454 = VECTOR('',#3455,1.);
#3455 = DIRECTION('',(0.,0.,1.));
#3456 = ORIENTED_EDGE('',*,*,#3457,.T.);
#3457 = EDGE_CURVE('',#3450,#3458,#3460,.T.);
#3458 = VERTEX_POINT('',#3459);
#3459 = CARTESIAN_POINT('',(82.793693089417,-1.306445795053,18.2));
#3460 = CIRCLE('',#3461,82.804);
#3461 = AXIS2_PLACEMENT_3D('',#3462,#3463,#3464);
#3462 = CARTESIAN_POINT('',(0.,0.,18.2));
#3463 = DIRECTION('',(0.,0.,1.));
#3464 = DIRECTION('',(1.,0.,-0.));
#3465 = ORIENTED_EDGE('',*,*,#3466,.F.);
#3466 = EDGE_CURVE('',#3441,#3458,#3467,.T.);
#3467 = LINE('',#3468,#3469);
#3468 = CARTESIAN_POINT('',(82.793693089417,-1.306445795053,8.));
#3469 = VECTOR('',#3470,1.);
#3470 = DIRECTION('',(0.,0.,1.));
#3471 = CYLINDRICAL_SURFACE('',#3472,82.804);
#3472 = AXIS2_PLACEMENT_3D('',#3473,#3474,#3475);
#3473 = CARTESIAN_POINT('',(0.,0.,8.));
#3474 = DIRECTION('',(0.,0.,1.));
#3475 = DIRECTION('',(1.,0.,-0.));
#3476 = ADVANCED_FACE('',(#3477),#3597,.F.);
#3477 = FACE_BOUND('',#3478,.F.);
#3478 = EDGE_LOOP('',(#3479,#3486,#3487,#3496,#3504,#3513,#3521,#3530,
    #3538,#3547,#3555,#3564,#3572,#3581,#3589,#3596));
#3479 = ORIENTED_EDGE('',*,*,#3480,.T.);
#3480 = EDGE_CURVE('',#40,#211,#3481,.T.);
#3481 = CIRCLE('',#3482,19.5);
#3482 = AXIS2_PLACEMENT_3D('',#3483,#3484,#3485);
#3483 = CARTESIAN_POINT('',(4.023209664559E-15,65.704,14.3));
#3484 = DIRECTION('',(0.,0.,-1.));
#3485 = DIRECTION('',(-0.538471905211,0.842643463927,0.));
#3486 = ORIENTED_EDGE('',*,*,#219,.T.);
#3487 = ORIENTED_EDGE('',*,*,#3488,.F.);
#3488 = EDGE_CURVE('',#3489,#220,#3491,.T.);
#3489 = VERTEX_POINT('',#3490);
#3490 = CARTESIAN_POINT('',(11.832159566199,81.204,18.7));
#3491 = CIRCLE('',#3492,19.5);
#3492 = AXIS2_PLACEMENT_3D('',#3493,#3494,#3495);
#3493 = CARTESIAN_POINT('',(4.023209664559E-15,65.704,18.7));
#3494 = DIRECTION('',(0.,0.,1.));
#3495 = DIRECTION('',(2.22044604925E-16,1.,-0.));
#3496 = ORIENTED_EDGE('',*,*,#3497,.T.);
#3497 = EDGE_CURVE('',#3489,#3498,#3500,.T.);
#3498 = VERTEX_POINT('',#3499);
#3499 = CARTESIAN_POINT('',(11.832159566199,81.204,18.8));
#3500 = LINE('',#3501,#3502);
#3501 = CARTESIAN_POINT('',(11.832159566199,81.204,8.));
#3502 = VECTOR('',#3503,1.);
#3503 = DIRECTION('',(0.,0.,1.));
#3504 = ORIENTED_EDGE('',*,*,#3505,.F.);
#3505 = EDGE_CURVE('',#3506,#3498,#3508,.T.);
#3506 = VERTEX_POINT('',#3507);
#3507 = CARTESIAN_POINT('',(13.110753799029,80.138615852916,18.8));
#3508 = CIRCLE('',#3509,19.5);
#3509 = AXIS2_PLACEMENT_3D('',#3510,#3511,#3512);
#3510 = CARTESIAN_POINT('',(4.023209664559E-15,65.704,18.8));
#3511 = DIRECTION('',(0.,-0.,1.));
#3512 = DIRECTION('',(2.22044604925E-16,1.,0.));
#3513 = ORIENTED_EDGE('',*,*,#3514,.F.);
#3514 = EDGE_CURVE('',#3515,#3506,#3517,.T.);
#3515 = VERTEX_POINT('',#3516);
#3516 = CARTESIAN_POINT('',(13.110753799029,80.138615852916,8.));
#3517 = LINE('',#3518,#3519);
#3518 = CARTESIAN_POINT('',(13.110753799029,80.138615852916,7.99));
#3519 = VECTOR('',#3520,1.);
#3520 = DIRECTION('',(0.,0.,1.));
#3521 = ORIENTED_EDGE('',*,*,#3522,.T.);
#3522 = EDGE_CURVE('',#3515,#3523,#3525,.T.);
#3523 = VERTEX_POINT('',#3524);
#3524 = CARTESIAN_POINT('',(7.902320194764,83.531039449652,8.));
#3525 = CIRCLE('',#3526,19.5);
#3526 = AXIS2_PLACEMENT_3D('',#3527,#3528,#3529);
#3527 = CARTESIAN_POINT('',(4.023209664559E-15,65.704,8.));
#3528 = DIRECTION('',(0.,-0.,1.));
#3529 = DIRECTION('',(2.22044604925E-16,1.,0.));
#3530 = ORIENTED_EDGE('',*,*,#3531,.T.);
#3531 = EDGE_CURVE('',#3523,#3532,#3534,.T.);
#3532 = VERTEX_POINT('',#3533);
#3533 = CARTESIAN_POINT('',(7.90232019476,83.531039449653,13.5));
#3534 = LINE('',#3535,#3536);
#3535 = CARTESIAN_POINT('',(7.90232019476,83.531039449653,8.));
#3536 = VECTOR('',#3537,1.);
#3537 = DIRECTION('',(0.,0.,1.));
#3538 = ORIENTED_EDGE('',*,*,#3539,.F.);
#3539 = EDGE_CURVE('',#3540,#3532,#3542,.T.);
#3540 = VERTEX_POINT('',#3541);
#3541 = CARTESIAN_POINT('',(-7.90232019476,83.531039449653,13.5));
#3542 = CIRCLE('',#3543,19.5);
#3543 = AXIS2_PLACEMENT_3D('',#3544,#3545,#3546);
#3544 = CARTESIAN_POINT('',(4.023209664559E-15,65.704,13.5));
#3545 = DIRECTION('',(0.,0.,-1.));
#3546 = DIRECTION('',(-0.405247189475,0.914207151264,0.));
#3547 = ORIENTED_EDGE('',*,*,#3548,.F.);
#3548 = EDGE_CURVE('',#3549,#3540,#3551,.T.);
#3549 = VERTEX_POINT('',#3550);
#3550 = CARTESIAN_POINT('',(-7.902320194764,83.531039449652,8.));
#3551 = LINE('',#3552,#3553);
#3552 = CARTESIAN_POINT('',(-7.90232019476,83.531039449653,8.));
#3553 = VECTOR('',#3554,1.);
#3554 = DIRECTION('',(0.,0.,1.));
#3555 = ORIENTED_EDGE('',*,*,#3556,.T.);
#3556 = EDGE_CURVE('',#3549,#3557,#3559,.T.);
#3557 = VERTEX_POINT('',#3558);
#3558 = CARTESIAN_POINT('',(-13.11075379902,80.138615852916,8.));
#3559 = CIRCLE('',#3560,19.5);
#3560 = AXIS2_PLACEMENT_3D('',#3561,#3562,#3563);
#3561 = CARTESIAN_POINT('',(4.023209664559E-15,65.704,8.));
#3562 = DIRECTION('',(0.,-0.,1.));
#3563 = DIRECTION('',(2.22044604925E-16,1.,0.));
#3564 = ORIENTED_EDGE('',*,*,#3565,.T.);
#3565 = EDGE_CURVE('',#3557,#3566,#3568,.T.);
#3566 = VERTEX_POINT('',#3567);
#3567 = CARTESIAN_POINT('',(-13.11075379902,80.138615852916,18.8));
#3568 = LINE('',#3569,#3570);
#3569 = CARTESIAN_POINT('',(-13.11075379902,80.138615852916,7.99));
#3570 = VECTOR('',#3571,1.);
#3571 = DIRECTION('',(0.,0.,1.));
#3572 = ORIENTED_EDGE('',*,*,#3573,.F.);
#3573 = EDGE_CURVE('',#3574,#3566,#3576,.T.);
#3574 = VERTEX_POINT('',#3575);
#3575 = CARTESIAN_POINT('',(-11.83215956619,81.204,18.8));
#3576 = CIRCLE('',#3577,19.5);
#3577 = AXIS2_PLACEMENT_3D('',#3578,#3579,#3580);
#3578 = CARTESIAN_POINT('',(4.023209664559E-15,65.704,18.8));
#3579 = DIRECTION('',(0.,-0.,1.));
#3580 = DIRECTION('',(2.22044604925E-16,1.,0.));
#3581 = ORIENTED_EDGE('',*,*,#3582,.F.);
#3582 = EDGE_CURVE('',#3583,#3574,#3585,.T.);
#3583 = VERTEX_POINT('',#3584);
#3584 = CARTESIAN_POINT('',(-11.83215956619,81.204,18.7));
#3585 = LINE('',#3586,#3587);
#3586 = CARTESIAN_POINT('',(-11.83215956619,81.204,8.));
#3587 = VECTOR('',#3588,1.);
#3588 = DIRECTION('',(0.,0.,1.));
#3589 = ORIENTED_EDGE('',*,*,#3590,.F.);
#3590 = EDGE_CURVE('',#42,#3583,#3591,.T.);
#3591 = CIRCLE('',#3592,19.5);
#3592 = AXIS2_PLACEMENT_3D('',#3593,#3594,#3595);
#3593 = CARTESIAN_POINT('',(4.023209664559E-15,65.704,18.7));
#3594 = DIRECTION('',(0.,0.,1.));
#3595 = DIRECTION('',(2.22044604925E-16,1.,-0.));
#3596 = ORIENTED_EDGE('',*,*,#39,.F.);
#3597 = CYLINDRICAL_SURFACE('',#3598,19.5);
#3598 = AXIS2_PLACEMENT_3D('',#3599,#3600,#3601);
#3599 = CARTESIAN_POINT('',(4.023209664559E-15,65.704,8.));
#3600 = DIRECTION('',(0.,0.,1.));
#3601 = DIRECTION('',(2.22044604925E-16,1.,0.));
#3602 = ADVANCED_FACE('',(#3603),#3613,.T.);
#3603 = FACE_BOUND('',#3604,.T.);
#3604 = EDGE_LOOP('',(#3605,#3611,#3612));
#3605 = ORIENTED_EDGE('',*,*,#3606,.F.);
#3606 = EDGE_CURVE('',#3583,#254,#3607,.T.);
#3607 = LINE('',#3608,#3609);
#3608 = CARTESIAN_POINT('',(-11.83215956619,80.204,18.7));
#3609 = VECTOR('',#3610,1.);
#3610 = DIRECTION('',(2.22044604925E-16,1.,0.));
#3611 = ORIENTED_EDGE('',*,*,#3590,.F.);
#3612 = ORIENTED_EDGE('',*,*,#261,.T.);
#3613 = PLANE('',#3614);
#3614 = AXIS2_PLACEMENT_3D('',#3615,#3616,#3617);
#3615 = CARTESIAN_POINT('',(11.832159566199,80.204,18.7));
#3616 = DIRECTION('',(0.,0.,1.));
#3617 = DIRECTION('',(2.22044604925E-16,1.,0.));
#3618 = ADVANCED_FACE('',(#3619),#3662,.F.);
#3619 = FACE_BOUND('',#3620,.F.);
#3620 = EDGE_LOOP('',(#3621,#3622,#3623,#3631,#3639,#3647,#3655,#3661));
#3621 = ORIENTED_EDGE('',*,*,#3606,.F.);
#3622 = ORIENTED_EDGE('',*,*,#3582,.T.);
#3623 = ORIENTED_EDGE('',*,*,#3624,.T.);
#3624 = EDGE_CURVE('',#3574,#3625,#3627,.T.);
#3625 = VERTEX_POINT('',#3626);
#3626 = CARTESIAN_POINT('',(-11.83215956619,80.33734882357,18.8));
#3627 = LINE('',#3628,#3629);
#3628 = CARTESIAN_POINT('',(-11.83215956619,72.954,18.8));
#3629 = VECTOR('',#3630,1.);
#3630 = DIRECTION('',(-2.22044604925E-16,-1.,0.));
#3631 = ORIENTED_EDGE('',*,*,#3632,.T.);
#3632 = EDGE_CURVE('',#3625,#3633,#3635,.T.);
#3633 = VERTEX_POINT('',#3634);
#3634 = CARTESIAN_POINT('',(-11.83215956619,80.33734882357,28.4));
#3635 = LINE('',#3636,#3637);
#3636 = CARTESIAN_POINT('',(-11.83215956619,80.33734882357,7.99));
#3637 = VECTOR('',#3638,1.);
#3638 = DIRECTION('',(0.,0.,1.));
#3639 = ORIENTED_EDGE('',*,*,#3640,.T.);
#3640 = EDGE_CURVE('',#3633,#3641,#3643,.T.);
#3641 = VERTEX_POINT('',#3642);
#3642 = CARTESIAN_POINT('',(-11.83215956619,80.204,28.4));
#3643 = LINE('',#3644,#3645);
#3644 = CARTESIAN_POINT('',(-11.83215956619,40.102,28.4));
#3645 = VECTOR('',#3646,1.);
#3646 = DIRECTION('',(-2.22044604925E-16,-1.,0.));
#3647 = ORIENTED_EDGE('',*,*,#3648,.T.);
#3648 = EDGE_CURVE('',#3641,#3649,#3651,.T.);
#3649 = VERTEX_POINT('',#3650);
#3650 = CARTESIAN_POINT('',(-11.83215956619,80.204,28.41));
#3651 = LINE('',#3652,#3653);
#3652 = CARTESIAN_POINT('',(-11.83215956619,80.204,18.7));
#3653 = VECTOR('',#3654,1.);
#3654 = DIRECTION('',(0.,0.,1.));
#3655 = ORIENTED_EDGE('',*,*,#3656,.T.);
#3656 = EDGE_CURVE('',#3649,#245,#3657,.T.);
#3657 = LINE('',#3658,#3659);
#3658 = CARTESIAN_POINT('',(-11.83215956619,80.204,28.41));
#3659 = VECTOR('',#3660,1.);
#3660 = DIRECTION('',(2.22044604925E-16,1.,0.));
#3661 = ORIENTED_EDGE('',*,*,#253,.F.);
#3662 = PLANE('',#3663);
#3663 = AXIS2_PLACEMENT_3D('',#3664,#3665,#3666);
#3664 = CARTESIAN_POINT('',(-11.83215956619,80.204,18.7));
#3665 = DIRECTION('',(-1.,2.22044604925E-16,0.));
#3666 = DIRECTION('',(0.,0.,1.));
#3667 = ADVANCED_FACE('',(#3668),#3686,.F.);
#3668 = FACE_BOUND('',#3669,.F.);
#3669 = EDGE_LOOP('',(#3670,#3671,#3679,#3685));
#3670 = ORIENTED_EDGE('',*,*,#3656,.F.);
#3671 = ORIENTED_EDGE('',*,*,#3672,.F.);
#3672 = EDGE_CURVE('',#3673,#3649,#3675,.T.);
#3673 = VERTEX_POINT('',#3674);
#3674 = CARTESIAN_POINT('',(11.832159566199,80.204,28.41));
#3675 = LINE('',#3676,#3677);
#3676 = CARTESIAN_POINT('',(11.832159566199,80.204,28.41));
#3677 = VECTOR('',#3678,1.);
#3678 = DIRECTION('',(-1.,2.22044604925E-16,0.));
#3679 = ORIENTED_EDGE('',*,*,#3680,.T.);
#3680 = EDGE_CURVE('',#3673,#237,#3681,.T.);
#3681 = LINE('',#3682,#3683);
#3682 = CARTESIAN_POINT('',(11.832159566199,80.204,28.41));
#3683 = VECTOR('',#3684,1.);
#3684 = DIRECTION('',(2.22044604925E-16,1.,0.));
#3685 = ORIENTED_EDGE('',*,*,#244,.T.);
#3686 = PLANE('',#3687);
#3687 = AXIS2_PLACEMENT_3D('',#3688,#3689,#3690);
#3688 = CARTESIAN_POINT('',(11.832159566199,80.204,28.41));
#3689 = DIRECTION('',(0.,0.,1.));
#3690 = DIRECTION('',(2.22044604925E-16,1.,0.));
#3691 = ADVANCED_FACE('',(#3692),#3733,.T.);
#3692 = FACE_BOUND('',#3693,.T.);
#3693 = EDGE_LOOP('',(#3694,#3700,#3701,#3709,#3717,#3725,#3731,#3732));
#3694 = ORIENTED_EDGE('',*,*,#3695,.F.);
#3695 = EDGE_CURVE('',#3489,#228,#3696,.T.);
#3696 = LINE('',#3697,#3698);
#3697 = CARTESIAN_POINT('',(11.832159566199,80.204,18.7));
#3698 = VECTOR('',#3699,1.);
#3699 = DIRECTION('',(2.22044604925E-16,1.,0.));
#3700 = ORIENTED_EDGE('',*,*,#3497,.T.);
#3701 = ORIENTED_EDGE('',*,*,#3702,.T.);
#3702 = EDGE_CURVE('',#3498,#3703,#3705,.T.);
#3703 = VERTEX_POINT('',#3704);
#3704 = CARTESIAN_POINT('',(11.832159566199,80.33734882357,18.8));
#3705 = LINE('',#3706,#3707);
#3706 = CARTESIAN_POINT('',(11.832159566199,72.954,18.8));
#3707 = VECTOR('',#3708,1.);
#3708 = DIRECTION('',(-2.22044604925E-16,-1.,0.));
#3709 = ORIENTED_EDGE('',*,*,#3710,.T.);
#3710 = EDGE_CURVE('',#3703,#3711,#3713,.T.);
#3711 = VERTEX_POINT('',#3712);
#3712 = CARTESIAN_POINT('',(11.832159566199,80.33734882357,28.4));
#3713 = LINE('',#3714,#3715);
#3714 = CARTESIAN_POINT('',(11.832159566199,80.33734882357,7.99));
#3715 = VECTOR('',#3716,1.);
#3716 = DIRECTION('',(0.,0.,1.));
#3717 = ORIENTED_EDGE('',*,*,#3718,.T.);
#3718 = EDGE_CURVE('',#3711,#3719,#3721,.T.);
#3719 = VERTEX_POINT('',#3720);
#3720 = CARTESIAN_POINT('',(11.832159566199,80.204,28.4));
#3721 = LINE('',#3722,#3723);
#3722 = CARTESIAN_POINT('',(11.832159566199,40.102,28.4));
#3723 = VECTOR('',#3724,1.);
#3724 = DIRECTION('',(-2.22044604925E-16,-1.,0.));
#3725 = ORIENTED_EDGE('',*,*,#3726,.T.);
#3726 = EDGE_CURVE('',#3719,#3673,#3727,.T.);
#3727 = LINE('',#3728,#3729);
#3728 = CARTESIAN_POINT('',(11.832159566199,80.204,18.7));
#3729 = VECTOR('',#3730,1.);
#3730 = DIRECTION('',(0.,0.,1.));
#3731 = ORIENTED_EDGE('',*,*,#3680,.T.);
#3732 = ORIENTED_EDGE('',*,*,#236,.F.);
#3733 = PLANE('',#3734);
#3734 = AXIS2_PLACEMENT_3D('',#3735,#3736,#3737);
#3735 = CARTESIAN_POINT('',(11.832159566199,80.204,18.7));
#3736 = DIRECTION('',(-1.,2.22044604925E-16,0.));
#3737 = DIRECTION('',(0.,0.,1.));
#3738 = ADVANCED_FACE('',(#3739),#3744,.T.);
#3739 = FACE_BOUND('',#3740,.T.);
#3740 = EDGE_LOOP('',(#3741,#3742,#3743));
#3741 = ORIENTED_EDGE('',*,*,#3488,.F.);
#3742 = ORIENTED_EDGE('',*,*,#3695,.T.);
#3743 = ORIENTED_EDGE('',*,*,#227,.T.);
#3744 = PLANE('',#3745);
#3745 = AXIS2_PLACEMENT_3D('',#3746,#3747,#3748);
#3746 = CARTESIAN_POINT('',(11.832159566199,80.204,18.7));
#3747 = DIRECTION('',(0.,0.,1.));
#3748 = DIRECTION('',(2.22044604925E-16,1.,0.));
#3749 = ADVANCED_FACE('',(#3750,#3761),#3766,.T.);
#3750 = FACE_BOUND('',#3751,.T.);
#3751 = EDGE_LOOP('',(#3752));
#3752 = ORIENTED_EDGE('',*,*,#3753,.T.);
#3753 = EDGE_CURVE('',#3754,#3754,#3756,.T.);
#3754 = VERTEX_POINT('',#3755);
#3755 = CARTESIAN_POINT('',(86.704,-2.123635521465E-14,14.3));
#3756 = CIRCLE('',#3757,86.704);
#3757 = AXIS2_PLACEMENT_3D('',#3758,#3759,#3760);
#3758 = CARTESIAN_POINT('',(0.,0.,14.3));
#3759 = DIRECTION('',(0.,0.,1.));
#3760 = DIRECTION('',(1.,0.,-0.));
#3761 = FACE_BOUND('',#3762,.T.);
#3762 = EDGE_LOOP('',(#3763,#3764,#3765));
#3763 = ORIENTED_EDGE('',*,*,#210,.F.);
#3764 = ORIENTED_EDGE('',*,*,#49,.F.);
#3765 = ORIENTED_EDGE('',*,*,#3480,.T.);
#3766 = PLANE('',#3767);
#3767 = AXIS2_PLACEMENT_3D('',#3768,#3769,#3770);
#3768 = CARTESIAN_POINT('',(0.,0.,14.3));
#3769 = DIRECTION('',(0.,0.,1.));
#3770 = DIRECTION('',(1.,0.,-0.));
#3771 = ADVANCED_FACE('',(#3772,#3831,#3865,#3876),#3918,.T.);
#3772 = FACE_BOUND('',#3773,.T.);
#3773 = EDGE_LOOP('',(#3774,#3785,#3794,#3800,#3801,#3809,#3817,#3823,
    #3824,#3825));
#3774 = ORIENTED_EDGE('',*,*,#3775,.T.);
#3775 = EDGE_CURVE('',#3776,#3778,#3780,.T.);
#3776 = VERTEX_POINT('',#3777);
#3777 = CARTESIAN_POINT('',(57.088647946819,24.184422168085,30.4));
#3778 = VERTEX_POINT('',#3779);
#3779 = CARTESIAN_POINT('',(62.,0.,30.4));
#3780 = CIRCLE('',#3781,62.);
#3781 = AXIS2_PLACEMENT_3D('',#3782,#3783,#3784);
#3782 = CARTESIAN_POINT('',(0.,0.,30.4));
#3783 = DIRECTION('',(0.,0.,-1.));
#3784 = DIRECTION('',(0.920784644304,0.390071325292,0.));
#3785 = ORIENTED_EDGE('',*,*,#3786,.T.);
#3786 = EDGE_CURVE('',#3778,#3787,#3789,.T.);
#3787 = VERTEX_POINT('',#3788);
#3788 = CARTESIAN_POINT('',(7.6,-61.53243047369,30.4));
#3789 = CIRCLE('',#3790,62.);
#3790 = AXIS2_PLACEMENT_3D('',#3791,#3792,#3793);
#3791 = CARTESIAN_POINT('',(0.,0.,30.4));
#3792 = DIRECTION('',(0.,0.,-1.));
#3793 = DIRECTION('',(0.920784644304,0.390071325292,0.));
#3794 = ORIENTED_EDGE('',*,*,#3795,.T.);
#3795 = EDGE_CURVE('',#3787,#101,#3796,.T.);
#3796 = LINE('',#3797,#3798);
#3797 = CARTESIAN_POINT('',(7.6,-61.53243047369,30.4));
#3798 = VECTOR('',#3799,1.);
#3799 = DIRECTION('',(-1.910329845305E-15,-1.,0.));
#3800 = ORIENTED_EDGE('',*,*,#100,.T.);
#3801 = ORIENTED_EDGE('',*,*,#3802,.T.);
#3802 = EDGE_CURVE('',#93,#3803,#3805,.T.);
#3803 = VERTEX_POINT('',#3804);
#3804 = CARTESIAN_POINT('',(49.409213006566,-63.23963382303,30.4));
#3805 = LINE('',#3806,#3807);
#3806 = CARTESIAN_POINT('',(23.632144282916,-32.51971956508,30.4));
#3807 = VECTOR('',#3808,1.);
#3808 = DIRECTION('',(-0.642787609687,0.766044443119,0.));
#3809 = ORIENTED_EDGE('',*,*,#3810,.T.);
#3810 = EDGE_CURVE('',#3803,#3811,#3813,.T.);
#3811 = VERTEX_POINT('',#3812);
#3812 = CARTESIAN_POINT('',(53.699061888032,-59.64002320879,30.4));
#3813 = LINE('',#3814,#3815);
#3814 = CARTESIAN_POINT('',(50.481675226933,-62.33973116947,30.4));
#3815 = VECTOR('',#3816,1.);
#3816 = DIRECTION('',(0.766044443119,0.642787609687,-0.));
#3817 = ORIENTED_EDGE('',*,*,#3818,.F.);
#3818 = EDGE_CURVE('',#67,#3811,#3819,.T.);
#3819 = LINE('',#3820,#3821);
#3820 = CARTESIAN_POINT('',(27.921993164383,-28.92010895083,30.4));
#3821 = VECTOR('',#3822,1.);
#3822 = DIRECTION('',(-0.642787609687,0.766044443119,0.));
#3823 = ORIENTED_EDGE('',*,*,#66,.T.);
#3824 = ORIENTED_EDGE('',*,*,#202,.T.);
#3825 = ORIENTED_EDGE('',*,*,#3826,.T.);
#3826 = EDGE_CURVE('',#195,#3776,#3827,.T.);
#3827 = LINE('',#3828,#3829);
#3828 = CARTESIAN_POINT('',(75.207680343224,34.645450399605,30.4));
#3829 = VECTOR('',#3830,1.);
#3830 = DIRECTION('',(-0.866025403784,-0.5,0.));
#3831 = FACE_BOUND('',#3832,.T.);
#3832 = EDGE_LOOP('',(#3833,#3843,#3851,#3859));
#3833 = ORIENTED_EDGE('',*,*,#3834,.T.);
#3834 = EDGE_CURVE('',#3835,#3837,#3839,.T.);
#3835 = VERTEX_POINT('',#3836);
#3836 = CARTESIAN_POINT('',(47.931794592097,-63.65692847743,30.4));
#3837 = VERTEX_POINT('',#3838);
#3838 = CARTESIAN_POINT('',(47.160449460473,-62.73767514569,30.4));
#3839 = LINE('',#3840,#3841);
#3840 = CARTESIAN_POINT('',(21.971531399687,-32.71869155318,30.4));
#3841 = VECTOR('',#3842,1.);
#3842 = DIRECTION('',(-0.642787609687,0.766044443119,0.));
#3843 = ORIENTED_EDGE('',*,*,#3844,.T.);
#3844 = EDGE_CURVE('',#3837,#3845,#3847,.T.);
#3845 = VERTEX_POINT('',#3846);
#3846 = CARTESIAN_POINT('',(53.595222782673,-57.33825922432,30.4));
#3847 = LINE('',#3848,#3849);
#3848 = CARTESIAN_POINT('',(48.769142791023,-61.38782116534,30.4));
#3849 = VECTOR('',#3850,1.);
#3850 = DIRECTION('',(0.766044443119,0.642787609687,-0.));
#3851 = ORIENTED_EDGE('',*,*,#3852,.F.);
#3852 = EDGE_CURVE('',#3853,#3845,#3855,.T.);
#3853 = VERTEX_POINT('',#3854);
#3854 = CARTESIAN_POINT('',(54.366567914296,-58.25751255606,30.4));
#3855 = LINE('',#3856,#3857);
#3856 = CARTESIAN_POINT('',(28.406304721886,-27.31927563182,30.4));
#3857 = VECTOR('',#3858,1.);
#3858 = DIRECTION('',(-0.642787609687,0.766044443119,0.));
#3859 = ORIENTED_EDGE('',*,*,#3860,.F.);
#3860 = EDGE_CURVE('',#3835,#3853,#3861,.T.);
#3861 = LINE('',#3862,#3863);
#3862 = CARTESIAN_POINT('',(49.540487922647,-62.30707449709,30.4));
#3863 = VECTOR('',#3864,1.);
#3864 = DIRECTION('',(0.766044443119,0.642787609687,-0.));
#3865 = FACE_BOUND('',#3866,.T.);
#3866 = EDGE_LOOP('',(#3867));
#3867 = ORIENTED_EDGE('',*,*,#3868,.F.);
#3868 = EDGE_CURVE('',#3869,#3869,#3871,.T.);
#3869 = VERTEX_POINT('',#3870);
#3870 = CARTESIAN_POINT('',(59.106233808288,-34.125,30.4));
#3871 = CIRCLE('',#3872,1.);
#3872 = AXIS2_PLACEMENT_3D('',#3873,#3874,#3875);
#3873 = CARTESIAN_POINT('',(58.240208404503,-33.625,30.4));
#3874 = DIRECTION('',(0.,0.,1.));
#3875 = DIRECTION('',(0.866025403784,-0.5,0.));
#3876 = FACE_BOUND('',#3877,.T.);
#3877 = EDGE_LOOP('',(#3878,#3888,#3896,#3904,#3912));
#3878 = ORIENTED_EDGE('',*,*,#3879,.T.);
#3879 = EDGE_CURVE('',#3880,#3882,#3884,.T.);
#3880 = VERTEX_POINT('',#3881);
#3881 = CARTESIAN_POINT('',(62.,-20.,30.4));
#3882 = VERTEX_POINT('',#3883);
#3883 = CARTESIAN_POINT('',(62.,0.,30.4));
#3884 = LINE('',#3885,#3886);
#3885 = CARTESIAN_POINT('',(62.,-10.,30.4));
#3886 = VECTOR('',#3887,1.);
#3887 = DIRECTION('',(0.,1.,0.));
#3888 = ORIENTED_EDGE('',*,*,#3889,.T.);
#3889 = EDGE_CURVE('',#3882,#3890,#3892,.T.);
#3890 = VERTEX_POINT('',#3891);
#3891 = CARTESIAN_POINT('',(62.,12.,30.4));
#3892 = LINE('',#3893,#3894);
#3893 = CARTESIAN_POINT('',(62.,-10.,30.4));
#3894 = VECTOR('',#3895,1.);
#3895 = DIRECTION('',(0.,1.,0.));
#3896 = ORIENTED_EDGE('',*,*,#3897,.T.);
#3897 = EDGE_CURVE('',#3890,#3898,#3900,.T.);
#3898 = VERTEX_POINT('',#3899);
#3899 = CARTESIAN_POINT('',(68.75,12.,30.4));
#3900 = LINE('',#3901,#3902);
#3901 = CARTESIAN_POINT('',(62.,12.,30.4));
#3902 = VECTOR('',#3903,1.);
#3903 = DIRECTION('',(1.,0.,0.));
#3904 = ORIENTED_EDGE('',*,*,#3905,.F.);
#3905 = EDGE_CURVE('',#3906,#3898,#3908,.T.);
#3906 = VERTEX_POINT('',#3907);
#3907 = CARTESIAN_POINT('',(68.75,-20.,30.4));
#3908 = LINE('',#3909,#3910);
#3909 = CARTESIAN_POINT('',(68.75,-10.,30.4));
#3910 = VECTOR('',#3911,1.);
#3911 = DIRECTION('',(0.,1.,0.));
#3912 = ORIENTED_EDGE('',*,*,#3913,.T.);
#3913 = EDGE_CURVE('',#3906,#3880,#3914,.T.);
#3914 = LINE('',#3915,#3916);
#3915 = CARTESIAN_POINT('',(68.75,-20.,30.4));
#3916 = VECTOR('',#3917,1.);
#3917 = DIRECTION('',(-1.,0.,0.));
#3918 = PLANE('',#3919);
#3919 = AXIS2_PLACEMENT_3D('',#3920,#3921,#3922);
#3920 = CARTESIAN_POINT('',(0.,0.,30.4));
#3921 = DIRECTION('',(0.,0.,1.));
#3922 = DIRECTION('',(1.,0.,-0.));
#3923 = ADVANCED_FACE('',(#3924),#3958,.T.);
#3924 = FACE_BOUND('',#3925,.T.);
#3925 = EDGE_LOOP('',(#3926,#3934,#3942,#3950,#3956,#3957));
#3926 = ORIENTED_EDGE('',*,*,#3927,.F.);
#3927 = EDGE_CURVE('',#3928,#186,#3930,.T.);
#3928 = VERTEX_POINT('',#3929);
#3929 = CARTESIAN_POINT('',(73.816049674343,33.841992058314,23.));
#3930 = LINE('',#3931,#3932);
#3931 = CARTESIAN_POINT('',(72.912291323613,33.320206931238,23.));
#3932 = VECTOR('',#3933,1.);
#3933 = DIRECTION('',(0.866025403784,0.5,0.));
#3934 = ORIENTED_EDGE('',*,*,#3935,.T.);
#3935 = EDGE_CURVE('',#3928,#3936,#3938,.T.);
#3936 = VERTEX_POINT('',#3937);
#3937 = CARTESIAN_POINT('',(73.816049674343,33.841992058314,28.4));
#3938 = LINE('',#3939,#3940);
#3939 = CARTESIAN_POINT('',(73.816049674343,33.841992058314,23.));
#3940 = VECTOR('',#3941,1.);
#3941 = DIRECTION('',(0.,-7.894919286223E-15,1.));
#3942 = ORIENTED_EDGE('',*,*,#3943,.T.);
#3943 = EDGE_CURVE('',#3936,#3944,#3946,.T.);
#3944 = VERTEX_POINT('',#3945);
#3945 = CARTESIAN_POINT('',(57.088647946819,24.184422168085,28.4));
#3946 = LINE('',#3947,#3948);
#3947 = CARTESIAN_POINT('',(73.816049674343,33.841992058314,28.4));
#3948 = VECTOR('',#3949,1.);
#3949 = DIRECTION('',(-0.866025403784,-0.5,0.));
#3950 = ORIENTED_EDGE('',*,*,#3951,.T.);
#3951 = EDGE_CURVE('',#3944,#3776,#3952,.T.);
#3952 = LINE('',#3953,#3954);
#3953 = CARTESIAN_POINT('',(57.088647946819,24.184422168085,28.39));
#3954 = VECTOR('',#3955,1.);
#3955 = DIRECTION('',(0.,0.,1.));
#3956 = ORIENTED_EDGE('',*,*,#3826,.F.);
#3957 = ORIENTED_EDGE('',*,*,#194,.F.);
#3958 = PLANE('',#3959);
#3959 = AXIS2_PLACEMENT_3D('',#3960,#3961,#3962);
#3960 = CARTESIAN_POINT('',(72.912291323613,33.320206931238,23.));
#3961 = DIRECTION('',(-0.5,0.866025403784,0.));
#3962 = DIRECTION('',(0.,0.,1.));
#3963 = ADVANCED_FACE('',(#3964),#3983,.T.);
#3964 = FACE_BOUND('',#3965,.T.);
#3965 = EDGE_LOOP('',(#3966,#3975,#3976,#3977));
#3966 = ORIENTED_EDGE('',*,*,#3967,.F.);
#3967 = EDGE_CURVE('',#3928,#3968,#3970,.T.);
#3968 = VERTEX_POINT('',#3969);
#3969 = CARTESIAN_POINT('',(66.216049674343,47.005578195838,23.));
#3970 = CIRCLE('',#3971,81.204);
#3971 = AXIS2_PLACEMENT_3D('',#3972,#3973,#3974);
#3972 = CARTESIAN_POINT('',(0.,0.,23.));
#3973 = DIRECTION('',(0.,0.,1.));
#3974 = DIRECTION('',(1.,0.,-0.));
#3975 = ORIENTED_EDGE('',*,*,#3927,.T.);
#3976 = ORIENTED_EDGE('',*,*,#185,.T.);
#3977 = ORIENTED_EDGE('',*,*,#3978,.F.);
#3978 = EDGE_CURVE('',#3968,#178,#3979,.T.);
#3979 = LINE('',#3980,#3981);
#3980 = CARTESIAN_POINT('',(65.312291323613,46.483793068762,23.));
#3981 = VECTOR('',#3982,1.);
#3982 = DIRECTION('',(0.866025403784,0.5,0.));
#3983 = PLANE('',#3984);
#3984 = AXIS2_PLACEMENT_3D('',#3985,#3986,#3987);
#3985 = CARTESIAN_POINT('',(72.912291323613,33.320206931238,23.));
#3986 = DIRECTION('',(0.,0.,1.));
#3987 = DIRECTION('',(0.866025403784,0.5,0.));
#3988 = ADVANCED_FACE('',(#3989),#4023,.F.);
#3989 = FACE_BOUND('',#3990,.F.);
#3990 = EDGE_LOOP('',(#3991,#3992,#4000,#4008,#4016,#4022));
#3991 = ORIENTED_EDGE('',*,*,#3978,.F.);
#3992 = ORIENTED_EDGE('',*,*,#3993,.F.);
#3993 = EDGE_CURVE('',#3994,#3968,#3996,.T.);
#3994 = VERTEX_POINT('',#3995);
#3995 = CARTESIAN_POINT('',(66.216049674343,47.005578195838,28.4));
#3996 = LINE('',#3997,#3998);
#3997 = CARTESIAN_POINT('',(66.216049674343,47.005578195838,28.4));
#3998 = VECTOR('',#3999,1.);
#3999 = DIRECTION('',(-2.631639762074E-15,7.894919286223E-15,-1.));
#4000 = ORIENTED_EDGE('',*,*,#4001,.F.);
#4001 = EDGE_CURVE('',#4002,#3994,#4004,.T.);
#4002 = VERTEX_POINT('',#4003);
#4003 = CARTESIAN_POINT('',(49.488647946819,37.348008305609,28.4));
#4004 = LINE('',#4005,#4006);
#4005 = CARTESIAN_POINT('',(49.488647946819,37.348008305609,28.4));
#4006 = VECTOR('',#4007,1.);
#4007 = DIRECTION('',(0.866025403784,0.5,0.));
#4008 = ORIENTED_EDGE('',*,*,#4009,.T.);
#4009 = EDGE_CURVE('',#4002,#4010,#4012,.T.);
#4010 = VERTEX_POINT('',#4011);
#4011 = CARTESIAN_POINT('',(49.488647946819,37.348008305609,30.4));
#4012 = LINE('',#4013,#4014);
#4013 = CARTESIAN_POINT('',(49.488647946819,37.348008305609,28.39));
#4014 = VECTOR('',#4015,1.);
#4015 = DIRECTION('',(0.,0.,1.));
#4016 = ORIENTED_EDGE('',*,*,#4017,.T.);
#4017 = EDGE_CURVE('',#4010,#169,#4018,.T.);
#4018 = LINE('',#4019,#4020);
#4019 = CARTESIAN_POINT('',(49.488647946819,37.348008305609,30.4));
#4020 = VECTOR('',#4021,1.);
#4021 = DIRECTION('',(0.866025403784,0.5,0.));
#4022 = ORIENTED_EDGE('',*,*,#177,.F.);
#4023 = PLANE('',#4024);
#4024 = AXIS2_PLACEMENT_3D('',#4025,#4026,#4027);
#4025 = CARTESIAN_POINT('',(65.312291323613,46.483793068762,23.));
#4026 = DIRECTION('',(-0.5,0.866025403784,0.));
#4027 = DIRECTION('',(0.,0.,1.));
#4028 = ADVANCED_FACE('',(#4029,#4048),#4059,.T.);
#4029 = FACE_BOUND('',#4030,.T.);
#4030 = EDGE_LOOP('',(#4031,#4039,#4046,#4047));
#4031 = ORIENTED_EDGE('',*,*,#4032,.T.);
#4032 = EDGE_CURVE('',#161,#4033,#4035,.T.);
#4033 = VERTEX_POINT('',#4034);
#4034 = CARTESIAN_POINT('',(-49.48864794681,37.348008305609,30.4));
#4035 = LINE('',#4036,#4037);
#4036 = CARTESIAN_POINT('',(-67.60768034322,47.809036537129,30.4));
#4037 = VECTOR('',#4038,1.);
#4038 = DIRECTION('',(0.866025403784,-0.5,0.));
#4039 = ORIENTED_EDGE('',*,*,#4040,.T.);
#4040 = EDGE_CURVE('',#4033,#4010,#4041,.T.);
#4041 = CIRCLE('',#4042,62.);
#4042 = AXIS2_PLACEMENT_3D('',#4043,#4044,#4045);
#4043 = CARTESIAN_POINT('',(0.,0.,30.4));
#4044 = DIRECTION('',(0.,0.,-1.));
#4045 = DIRECTION('',(0.920784644304,0.390071325292,0.));
#4046 = ORIENTED_EDGE('',*,*,#4017,.T.);
#4047 = ORIENTED_EDGE('',*,*,#168,.T.);
#4048 = FACE_BOUND('',#4049,.T.);
#4049 = EDGE_LOOP('',(#4050));
#4050 = ORIENTED_EDGE('',*,*,#4051,.F.);
#4051 = EDGE_CURVE('',#4052,#4052,#4054,.T.);
#4052 = VERTEX_POINT('',#4053);
#4053 = CARTESIAN_POINT('',(34.125,59.106233808288,30.4));
#4054 = CIRCLE('',#4055,1.);
#4055 = AXIS2_PLACEMENT_3D('',#4056,#4057,#4058);
#4056 = CARTESIAN_POINT('',(33.625,58.240208404503,30.4));
#4057 = DIRECTION('',(0.,0.,1.));
#4058 = DIRECTION('',(0.5,0.866025403784,-0.));
#4059 = PLANE('',#4060);
#4060 = AXIS2_PLACEMENT_3D('',#4061,#4062,#4063);
#4061 = CARTESIAN_POINT('',(0.,0.,30.4));
#4062 = DIRECTION('',(0.,0.,1.));
#4063 = DIRECTION('',(1.,0.,-0.));
#4064 = ADVANCED_FACE('',(#4065),#4099,.T.);
#4065 = FACE_BOUND('',#4066,.T.);
#4066 = EDGE_LOOP('',(#4067,#4075,#4083,#4091,#4097,#4098));
#4067 = ORIENTED_EDGE('',*,*,#4068,.F.);
#4068 = EDGE_CURVE('',#4069,#152,#4071,.T.);
#4069 = VERTEX_POINT('',#4070);
#4070 = CARTESIAN_POINT('',(-66.21604967434,47.005578195838,23.));
#4071 = LINE('',#4072,#4073);
#4072 = CARTESIAN_POINT('',(-65.31229132361,46.483793068762,23.));
#4073 = VECTOR('',#4074,1.);
#4074 = DIRECTION('',(-0.866025403784,0.5,0.));
#4075 = ORIENTED_EDGE('',*,*,#4076,.T.);
#4076 = EDGE_CURVE('',#4069,#4077,#4079,.T.);
#4077 = VERTEX_POINT('',#4078);
#4078 = CARTESIAN_POINT('',(-66.21604967434,47.005578195838,28.4));
#4079 = LINE('',#4080,#4081);
#4080 = CARTESIAN_POINT('',(-66.21604967434,47.005578195838,23.));
#4081 = VECTOR('',#4082,1.);
#4082 = DIRECTION('',(2.631639762074E-15,-1.315819881037E-15,1.));
#4083 = ORIENTED_EDGE('',*,*,#4084,.T.);
#4084 = EDGE_CURVE('',#4077,#4085,#4087,.T.);
#4085 = VERTEX_POINT('',#4086);
#4086 = CARTESIAN_POINT('',(-49.48864794681,37.348008305609,28.4));
#4087 = LINE('',#4088,#4089);
#4088 = CARTESIAN_POINT('',(-66.21604967434,47.005578195838,28.4));
#4089 = VECTOR('',#4090,1.);
#4090 = DIRECTION('',(0.866025403784,-0.5,0.));
#4091 = ORIENTED_EDGE('',*,*,#4092,.T.);
#4092 = EDGE_CURVE('',#4085,#4033,#4093,.T.);
#4093 = LINE('',#4094,#4095);
#4094 = CARTESIAN_POINT('',(-49.48864794681,37.348008305609,28.39));
#4095 = VECTOR('',#4096,1.);
#4096 = DIRECTION('',(0.,0.,1.));
#4097 = ORIENTED_EDGE('',*,*,#4032,.F.);
#4098 = ORIENTED_EDGE('',*,*,#160,.F.);
#4099 = PLANE('',#4100);
#4100 = AXIS2_PLACEMENT_3D('',#4101,#4102,#4103);
#4101 = CARTESIAN_POINT('',(-65.31229132361,46.483793068762,23.));
#4102 = DIRECTION('',(-0.5,-0.866025403784,0.));
#4103 = DIRECTION('',(0.,0.,1.));
#4104 = ADVANCED_FACE('',(#4105),#4124,.T.);
#4105 = FACE_BOUND('',#4106,.T.);
#4106 = EDGE_LOOP('',(#4107,#4116,#4117,#4118));
#4107 = ORIENTED_EDGE('',*,*,#4108,.F.);
#4108 = EDGE_CURVE('',#4069,#4109,#4111,.T.);
#4109 = VERTEX_POINT('',#4110);
#4110 = CARTESIAN_POINT('',(-73.81604967434,33.841992058314,23.));
#4111 = CIRCLE('',#4112,81.204);
#4112 = AXIS2_PLACEMENT_3D('',#4113,#4114,#4115);
#4113 = CARTESIAN_POINT('',(0.,0.,23.));
#4114 = DIRECTION('',(0.,0.,1.));
#4115 = DIRECTION('',(1.,0.,-0.));
#4116 = ORIENTED_EDGE('',*,*,#4068,.T.);
#4117 = ORIENTED_EDGE('',*,*,#151,.T.);
#4118 = ORIENTED_EDGE('',*,*,#4119,.F.);
#4119 = EDGE_CURVE('',#4109,#144,#4120,.T.);
#4120 = LINE('',#4121,#4122);
#4121 = CARTESIAN_POINT('',(-72.91229132361,33.320206931238,23.));
#4122 = VECTOR('',#4123,1.);
#4123 = DIRECTION('',(-0.866025403784,0.5,0.));
#4124 = PLANE('',#4125);
#4125 = AXIS2_PLACEMENT_3D('',#4126,#4127,#4128);
#4126 = CARTESIAN_POINT('',(-65.31229132361,46.483793068762,23.));
#4127 = DIRECTION('',(0.,0.,1.));
#4128 = DIRECTION('',(-0.866025403784,0.5,0.));
#4129 = ADVANCED_FACE('',(#4130),#4164,.F.);
#4130 = FACE_BOUND('',#4131,.F.);
#4131 = EDGE_LOOP('',(#4132,#4133,#4141,#4149,#4157,#4163));
#4132 = ORIENTED_EDGE('',*,*,#4119,.F.);
#4133 = ORIENTED_EDGE('',*,*,#4134,.F.);
#4134 = EDGE_CURVE('',#4135,#4109,#4137,.T.);
#4135 = VERTEX_POINT('',#4136);
#4136 = CARTESIAN_POINT('',(-73.81604967434,33.841992058314,28.4));
#4137 = LINE('',#4138,#4139);
#4138 = CARTESIAN_POINT('',(-73.81604967434,33.841992058314,28.4));
#4139 = VECTOR('',#4140,1.);
#4140 = DIRECTION('',(0.,0.,-1.));
#4141 = ORIENTED_EDGE('',*,*,#4142,.F.);
#4142 = EDGE_CURVE('',#4143,#4135,#4145,.T.);
#4143 = VERTEX_POINT('',#4144);
#4144 = CARTESIAN_POINT('',(-57.08864794681,24.184422168085,28.4));
#4145 = LINE('',#4146,#4147);
#4146 = CARTESIAN_POINT('',(-57.08864794681,24.184422168085,28.4));
#4147 = VECTOR('',#4148,1.);
#4148 = DIRECTION('',(-0.866025403784,0.5,0.));
#4149 = ORIENTED_EDGE('',*,*,#4150,.T.);
#4150 = EDGE_CURVE('',#4143,#4151,#4153,.T.);
#4151 = VERTEX_POINT('',#4152);
#4152 = CARTESIAN_POINT('',(-57.08864794681,24.184422168085,30.4));
#4153 = LINE('',#4154,#4155);
#4154 = CARTESIAN_POINT('',(-57.08864794681,24.184422168085,28.39));
#4155 = VECTOR('',#4156,1.);
#4156 = DIRECTION('',(0.,0.,1.));
#4157 = ORIENTED_EDGE('',*,*,#4158,.T.);
#4158 = EDGE_CURVE('',#4151,#135,#4159,.T.);
#4159 = LINE('',#4160,#4161);
#4160 = CARTESIAN_POINT('',(-57.08864794681,24.184422168085,30.4));
#4161 = VECTOR('',#4162,1.);
#4162 = DIRECTION('',(-0.866025403784,0.5,0.));
#4163 = ORIENTED_EDGE('',*,*,#143,.F.);
#4164 = PLANE('',#4165);
#4165 = AXIS2_PLACEMENT_3D('',#4166,#4167,#4168);
#4166 = CARTESIAN_POINT('',(-72.91229132361,33.320206931238,23.));
#4167 = DIRECTION('',(-0.5,-0.866025403784,0.));
#4168 = DIRECTION('',(0.,0.,1.));
#4169 = ADVANCED_FACE('',(#4170,#4189),#4200,.T.);
#4170 = FACE_BOUND('',#4171,.T.);
#4171 = EDGE_LOOP('',(#4172,#4180,#4187,#4188));
#4172 = ORIENTED_EDGE('',*,*,#4173,.T.);
#4173 = EDGE_CURVE('',#127,#4174,#4176,.T.);
#4174 = VERTEX_POINT('',#4175);
#4175 = CARTESIAN_POINT('',(-7.6,-61.53243047369,30.4));
#4176 = LINE('',#4177,#4178);
#4177 = CARTESIAN_POINT('',(-7.6,-82.45448693673,30.4));
#4178 = VECTOR('',#4179,1.);
#4179 = DIRECTION('',(1.358456778884E-15,1.,0.));
#4180 = ORIENTED_EDGE('',*,*,#4181,.T.);
#4181 = EDGE_CURVE('',#4174,#4151,#4182,.T.);
#4182 = CIRCLE('',#4183,62.);
#4183 = AXIS2_PLACEMENT_3D('',#4184,#4185,#4186);
#4184 = CARTESIAN_POINT('',(0.,0.,30.4));
#4185 = DIRECTION('',(0.,0.,-1.));
#4186 = DIRECTION('',(0.920784644304,0.390071325292,0.));
#4187 = ORIENTED_EDGE('',*,*,#4158,.T.);
#4188 = ORIENTED_EDGE('',*,*,#134,.T.);
#4189 = FACE_BOUND('',#4190,.T.);
#4190 = EDGE_LOOP('',(#4191));
#4191 = ORIENTED_EDGE('',*,*,#4192,.F.);
#4192 = EDGE_CURVE('',#4193,#4193,#4195,.T.);
#4193 = VERTEX_POINT('',#4194);
#4194 = CARTESIAN_POINT('',(-59.10623380828,-34.125,30.4));
#4195 = CIRCLE('',#4196,1.);
#4196 = AXIS2_PLACEMENT_3D('',#4197,#4198,#4199);
#4197 = CARTESIAN_POINT('',(-58.2402084045,-33.625,30.4));
#4198 = DIRECTION('',(0.,0.,1.));
#4199 = DIRECTION('',(-0.866025403784,-0.5,0.));
#4200 = PLANE('',#4201);
#4201 = AXIS2_PLACEMENT_3D('',#4202,#4203,#4204);
#4202 = CARTESIAN_POINT('',(0.,0.,30.4));
#4203 = DIRECTION('',(0.,0.,1.));
#4204 = DIRECTION('',(1.,0.,-0.));
#4205 = ADVANCED_FACE('',(#4206),#4240,.T.);
#4206 = FACE_BOUND('',#4207,.T.);
#4207 = EDGE_LOOP('',(#4208,#4216,#4224,#4232,#4238,#4239));
#4208 = ORIENTED_EDGE('',*,*,#4209,.F.);
#4209 = EDGE_CURVE('',#4210,#118,#4212,.T.);
#4210 = VERTEX_POINT('',#4211);
#4211 = CARTESIAN_POINT('',(-7.6,-80.84757025415,23.));
#4212 = LINE('',#4213,#4214);
#4213 = CARTESIAN_POINT('',(-7.6,-79.804,23.));
#4214 = VECTOR('',#4215,1.);
#4215 = DIRECTION('',(-2.22044604925E-16,-1.,0.));
#4216 = ORIENTED_EDGE('',*,*,#4217,.T.);
#4217 = EDGE_CURVE('',#4210,#4218,#4220,.T.);
#4218 = VERTEX_POINT('',#4219);
#4219 = CARTESIAN_POINT('',(-7.6,-80.84757025415,28.4));
#4220 = LINE('',#4221,#4222);
#4221 = CARTESIAN_POINT('',(-7.6,-80.84757025415,23.));
#4222 = VECTOR('',#4223,1.);
#4223 = DIRECTION('',(-2.302684791815E-15,2.631639762074E-15,1.));
#4224 = ORIENTED_EDGE('',*,*,#4225,.T.);
#4225 = EDGE_CURVE('',#4218,#4226,#4228,.T.);
#4226 = VERTEX_POINT('',#4227);
#4227 = CARTESIAN_POINT('',(-7.6,-61.53243047369,28.4));
#4228 = LINE('',#4229,#4230);
#4229 = CARTESIAN_POINT('',(-7.6,-80.84757025415,28.4));
#4230 = VECTOR('',#4231,1.);
#4231 = DIRECTION('',(1.839341428114E-16,1.,0.));
#4232 = ORIENTED_EDGE('',*,*,#4233,.T.);
#4233 = EDGE_CURVE('',#4226,#4174,#4234,.T.);
#4234 = LINE('',#4235,#4236);
#4235 = CARTESIAN_POINT('',(-7.6,-61.53243047369,28.39));
#4236 = VECTOR('',#4237,1.);
#4237 = DIRECTION('',(0.,0.,1.));
#4238 = ORIENTED_EDGE('',*,*,#4173,.F.);
#4239 = ORIENTED_EDGE('',*,*,#126,.F.);
#4240 = PLANE('',#4241);
#4241 = AXIS2_PLACEMENT_3D('',#4242,#4243,#4244);
#4242 = CARTESIAN_POINT('',(-7.6,-79.804,23.));
#4243 = DIRECTION('',(1.,-2.22044604925E-16,0.));
#4244 = DIRECTION('',(0.,0.,1.));
#4245 = ADVANCED_FACE('',(#4246),#4265,.T.);
#4246 = FACE_BOUND('',#4247,.T.);
#4247 = EDGE_LOOP('',(#4248,#4257,#4258,#4259));
#4248 = ORIENTED_EDGE('',*,*,#4249,.F.);
#4249 = EDGE_CURVE('',#4210,#4250,#4252,.T.);
#4250 = VERTEX_POINT('',#4251);
#4251 = CARTESIAN_POINT('',(7.6,-80.84757025415,23.));
#4252 = CIRCLE('',#4253,81.204);
#4253 = AXIS2_PLACEMENT_3D('',#4254,#4255,#4256);
#4254 = CARTESIAN_POINT('',(0.,0.,23.));
#4255 = DIRECTION('',(0.,0.,1.));
#4256 = DIRECTION('',(1.,0.,-0.));
#4257 = ORIENTED_EDGE('',*,*,#4209,.T.);
#4258 = ORIENTED_EDGE('',*,*,#117,.T.);
#4259 = ORIENTED_EDGE('',*,*,#4260,.F.);
#4260 = EDGE_CURVE('',#4250,#110,#4261,.T.);
#4261 = LINE('',#4262,#4263);
#4262 = CARTESIAN_POINT('',(7.6,-79.804,23.));
#4263 = VECTOR('',#4264,1.);
#4264 = DIRECTION('',(-2.22044604925E-16,-1.,0.));
#4265 = PLANE('',#4266);
#4266 = AXIS2_PLACEMENT_3D('',#4267,#4268,#4269);
#4267 = CARTESIAN_POINT('',(-7.6,-79.804,23.));
#4268 = DIRECTION('',(0.,0.,1.));
#4269 = DIRECTION('',(-2.22044604925E-16,-1.,0.));
#4270 = ADVANCED_FACE('',(#4271),#4298,.F.);
#4271 = FACE_BOUND('',#4272,.F.);
#4272 = EDGE_LOOP('',(#4273,#4274,#4282,#4290,#4296,#4297));
#4273 = ORIENTED_EDGE('',*,*,#4260,.F.);
#4274 = ORIENTED_EDGE('',*,*,#4275,.F.);
#4275 = EDGE_CURVE('',#4276,#4250,#4278,.T.);
#4276 = VERTEX_POINT('',#4277);
#4277 = CARTESIAN_POINT('',(7.6,-80.84757025415,28.4));
#4278 = LINE('',#4279,#4280);
#4279 = CARTESIAN_POINT('',(7.6,-80.84757025415,28.4));
#4280 = VECTOR('',#4281,1.);
#4281 = DIRECTION('',(3.782982157982E-15,-2.631639762074E-15,-1.));
#4282 = ORIENTED_EDGE('',*,*,#4283,.F.);
#4283 = EDGE_CURVE('',#4284,#4276,#4286,.T.);
#4284 = VERTEX_POINT('',#4285);
#4285 = CARTESIAN_POINT('',(7.6,-61.53243047369,28.4));
#4286 = LINE('',#4287,#4288);
#4287 = CARTESIAN_POINT('',(7.6,-61.53243047369,28.4));
#4288 = VECTOR('',#4289,1.);
#4289 = DIRECTION('',(5.058188927313E-16,-1.,0.));
#4290 = ORIENTED_EDGE('',*,*,#4291,.T.);
#4291 = EDGE_CURVE('',#4284,#3787,#4292,.T.);
#4292 = LINE('',#4293,#4294);
#4293 = CARTESIAN_POINT('',(7.6,-61.53243047369,28.39));
#4294 = VECTOR('',#4295,1.);
#4295 = DIRECTION('',(0.,0.,1.));
#4296 = ORIENTED_EDGE('',*,*,#3795,.T.);
#4297 = ORIENTED_EDGE('',*,*,#109,.F.);
#4298 = PLANE('',#4299);
#4299 = AXIS2_PLACEMENT_3D('',#4300,#4301,#4302);
#4300 = CARTESIAN_POINT('',(7.6,-79.804,23.));
#4301 = DIRECTION('',(1.,-2.22044604925E-16,0.));
#4302 = DIRECTION('',(0.,0.,1.));
#4303 = ADVANCED_FACE('',(#4304),#4370,.T.);
#4304 = FACE_BOUND('',#4305,.T.);
#4305 = EDGE_LOOP('',(#4306,#4307,#4315,#4323,#4331,#4339,#4347,#4355,
    #4363,#4369));
#4306 = ORIENTED_EDGE('',*,*,#92,.F.);
#4307 = ORIENTED_EDGE('',*,*,#4308,.F.);
#4308 = EDGE_CURVE('',#4309,#84,#4311,.T.);
#4309 = VERTEX_POINT('',#4310);
#4310 = CARTESIAN_POINT('',(49.004256812464,-62.75702582387,18.1));
#4311 = LINE('',#4312,#4313);
#4312 = CARTESIAN_POINT('',(48.490026724714,-62.14419026937,18.1));
#4313 = VECTOR('',#4314,1.);
#4314 = DIRECTION('',(0.642787609687,-0.766044443119,0.));
#4315 = ORIENTED_EDGE('',*,*,#4316,.T.);
#4316 = EDGE_CURVE('',#4309,#4317,#4319,.T.);
#4317 = VERTEX_POINT('',#4318);
#4318 = CARTESIAN_POINT('',(49.004256812464,-62.75702582387,23.1));
#4319 = LINE('',#4320,#4321);
#4320 = CARTESIAN_POINT('',(49.004256812464,-62.75702582387,18.1));
#4321 = VECTOR('',#4322,1.);
#4322 = DIRECTION('',(-0.,0.,1.));
#4323 = ORIENTED_EDGE('',*,*,#4324,.T.);
#4324 = EDGE_CURVE('',#4317,#4325,#4327,.T.);
#4325 = VERTEX_POINT('',#4326);
#4326 = CARTESIAN_POINT('',(49.409213006566,-63.23963382303,23.1));
#4327 = LINE('',#4328,#4329);
#4328 = CARTESIAN_POINT('',(48.490026724714,-62.14419026937,23.1));
#4329 = VECTOR('',#4330,1.);
#4330 = DIRECTION('',(0.642787609687,-0.766044443119,0.));
#4331 = ORIENTED_EDGE('',*,*,#4332,.T.);
#4332 = EDGE_CURVE('',#4325,#4333,#4335,.T.);
#4333 = VERTEX_POINT('',#4334);
#4334 = CARTESIAN_POINT('',(49.409213006566,-63.23963382303,25.1));
#4335 = LINE('',#4336,#4337);
#4336 = CARTESIAN_POINT('',(49.409213006566,-63.23963382303,23.));
#4337 = VECTOR('',#4338,1.);
#4338 = DIRECTION('',(0.,0.,1.));
#4339 = ORIENTED_EDGE('',*,*,#4340,.F.);
#4340 = EDGE_CURVE('',#4341,#4333,#4343,.T.);
#4341 = VERTEX_POINT('',#4342);
#4342 = CARTESIAN_POINT('',(50.020961790223,-63.96868763372,25.1));
#4343 = LINE('',#4344,#4345);
#4344 = CARTESIAN_POINT('',(48.284334689615,-61.89905604757,25.1));
#4345 = VECTOR('',#4346,1.);
#4346 = DIRECTION('',(-0.642787609687,0.766044443119,0.));
#4347 = ORIENTED_EDGE('',*,*,#4348,.T.);
#4348 = EDGE_CURVE('',#4341,#4349,#4351,.T.);
#4349 = VERTEX_POINT('',#4350);
#4350 = CARTESIAN_POINT('',(50.020961790223,-63.96868763372,28.4));
#4351 = LINE('',#4352,#4353);
#4352 = CARTESIAN_POINT('',(50.020961790223,-63.96868763372,7.99));
#4353 = VECTOR('',#4354,1.);
#4354 = DIRECTION('',(0.,0.,1.));
#4355 = ORIENTED_EDGE('',*,*,#4356,.T.);
#4356 = EDGE_CURVE('',#4349,#4357,#4359,.T.);
#4357 = VERTEX_POINT('',#4358);
#4358 = CARTESIAN_POINT('',(49.409213006566,-63.23963382303,28.4));
#4359 = LINE('',#4360,#4361);
#4360 = CARTESIAN_POINT('',(23.632144282916,-32.51971956508,28.4));
#4361 = VECTOR('',#4362,1.);
#4362 = DIRECTION('',(-0.642787609687,0.766044443119,0.));
#4363 = ORIENTED_EDGE('',*,*,#4364,.T.);
#4364 = EDGE_CURVE('',#4357,#3803,#4365,.T.);
#4365 = LINE('',#4366,#4367);
#4366 = CARTESIAN_POINT('',(49.409213006566,-63.23963382303,23.));
#4367 = VECTOR('',#4368,1.);
#4368 = DIRECTION('',(0.,0.,1.));
#4369 = ORIENTED_EDGE('',*,*,#3802,.F.);
#4370 = PLANE('',#4371);
#4371 = AXIS2_PLACEMENT_3D('',#4372,#4373,#4374);
#4372 = CARTESIAN_POINT('',(49.409213006566,-63.23963382303,23.));
#4373 = DIRECTION('',(0.766044443119,0.642787609687,0.));
#4374 = DIRECTION('',(0.,0.,1.));
#4375 = ADVANCED_FACE('',(#4376),#4458,.T.);
#4376 = FACE_BOUND('',#4377,.T.);
#4377 = EDGE_LOOP('',(#4378,#4386,#4394,#4402,#4410,#4418,#4426,#4434,
    #4442,#4450,#4456,#4457));
#4378 = ORIENTED_EDGE('',*,*,#4379,.F.);
#4379 = EDGE_CURVE('',#4380,#76,#4382,.T.);
#4380 = VERTEX_POINT('',#4381);
#4381 = CARTESIAN_POINT('',(53.29410569393,-59.15741520962,18.1));
#4382 = LINE('',#4383,#4384);
#4383 = CARTESIAN_POINT('',(52.779875606181,-58.54457965513,18.1));
#4384 = VECTOR('',#4385,1.);
#4385 = DIRECTION('',(0.642787609687,-0.766044443119,0.));
#4386 = ORIENTED_EDGE('',*,*,#4387,.T.);
#4387 = EDGE_CURVE('',#4380,#4388,#4390,.T.);
#4388 = VERTEX_POINT('',#4389);
#4389 = CARTESIAN_POINT('',(54.366567914296,-58.25751255606,18.1));
#4390 = LINE('',#4391,#4392);
#4391 = CARTESIAN_POINT('',(47.931794592097,-63.65692847743,18.1));
#4392 = VECTOR('',#4393,1.);
#4393 = DIRECTION('',(0.766044443119,0.642787609687,0.));
#4394 = ORIENTED_EDGE('',*,*,#4395,.F.);
#4395 = EDGE_CURVE('',#4396,#4388,#4398,.T.);
#4396 = VERTEX_POINT('',#4397);
#4397 = CARTESIAN_POINT('',(53.595222782673,-57.33825922432,18.1));
#4398 = LINE('',#4399,#4400);
#4399 = CARTESIAN_POINT('',(53.595222782673,-57.33825922432,18.1));
#4400 = VECTOR('',#4401,1.);
#4401 = DIRECTION('',(0.642787609687,-0.766044443119,0.));
#4402 = ORIENTED_EDGE('',*,*,#4403,.F.);
#4403 = EDGE_CURVE('',#4404,#4396,#4406,.T.);
#4404 = VERTEX_POINT('',#4405);
#4405 = CARTESIAN_POINT('',(50.607649454509,-59.8451309021,18.1));
#4406 = LINE('',#4407,#4408);
#4407 = CARTESIAN_POINT('',(47.160449460473,-62.73767514569,18.1));
#4408 = VECTOR('',#4409,1.);
#4409 = DIRECTION('',(0.766044443119,0.642787609687,0.));
#4410 = ORIENTED_EDGE('',*,*,#4411,.T.);
#4411 = EDGE_CURVE('',#4404,#4412,#4414,.T.);
#4412 = VERTEX_POINT('',#4413);
#4413 = CARTESIAN_POINT('',(50.76834635693,-60.03664201288,18.1));
#4414 = LINE('',#4415,#4416);
#4415 = CARTESIAN_POINT('',(50.607649454509,-59.8451309021,18.1));
#4416 = VECTOR('',#4417,1.);
#4417 = DIRECTION('',(0.642787609687,-0.766044443119,0.));
#4418 = ORIENTED_EDGE('',*,*,#4419,.F.);
#4419 = EDGE_CURVE('',#4420,#4412,#4422,.T.);
#4420 = VERTEX_POINT('',#4421);
#4421 = CARTESIAN_POINT('',(50.308719691059,-60.42231457869,18.1));
#4422 = LINE('',#4423,#4424);
#4423 = CARTESIAN_POINT('',(50.308719691059,-60.42231457869,18.1));
#4424 = VECTOR('',#4425,1.);
#4425 = DIRECTION('',(0.766044443119,0.642787609687,0.));
#4426 = ORIENTED_EDGE('',*,*,#4427,.F.);
#4427 = EDGE_CURVE('',#4428,#4420,#4430,.T.);
#4428 = VERTEX_POINT('',#4429);
#4429 = CARTESIAN_POINT('',(50.148022788637,-60.23080346791,18.1));
#4430 = LINE('',#4431,#4432);
#4431 = CARTESIAN_POINT('',(50.148022788637,-60.23080346791,18.1));
#4432 = VECTOR('',#4433,1.);
#4433 = DIRECTION('',(0.642787609687,-0.766044443119,0.));
#4434 = ORIENTED_EDGE('',*,*,#4435,.F.);
#4435 = EDGE_CURVE('',#4436,#4428,#4438,.T.);
#4436 = VERTEX_POINT('',#4437);
#4437 = CARTESIAN_POINT('',(47.160449460473,-62.73767514569,18.1));
#4438 = LINE('',#4439,#4440);
#4439 = CARTESIAN_POINT('',(47.160449460473,-62.73767514569,18.1));
#4440 = VECTOR('',#4441,1.);
#4441 = DIRECTION('',(0.766044443119,0.642787609687,0.));
#4442 = ORIENTED_EDGE('',*,*,#4443,.T.);
#4443 = EDGE_CURVE('',#4436,#4444,#4446,.T.);
#4444 = VERTEX_POINT('',#4445);
#4445 = CARTESIAN_POINT('',(47.931794592097,-63.65692847743,18.1));
#4446 = LINE('',#4447,#4448);
#4447 = CARTESIAN_POINT('',(47.160449460473,-62.73767514569,18.1));
#4448 = VECTOR('',#4449,1.);
#4449 = DIRECTION('',(0.642787609687,-0.766044443119,0.));
#4450 = ORIENTED_EDGE('',*,*,#4451,.T.);
#4451 = EDGE_CURVE('',#4444,#4309,#4452,.T.);
#4452 = LINE('',#4453,#4454);
#4453 = CARTESIAN_POINT('',(47.931794592097,-63.65692847743,18.1));
#4454 = VECTOR('',#4455,1.);
#4455 = DIRECTION('',(0.766044443119,0.642787609687,0.));
#4456 = ORIENTED_EDGE('',*,*,#4308,.T.);
#4457 = ORIENTED_EDGE('',*,*,#83,.T.);
#4458 = PLANE('',#4459);
#4459 = AXIS2_PLACEMENT_3D('',#4460,#4461,#4462);
#4460 = CARTESIAN_POINT('',(48.490026724714,-62.14419026937,18.1));
#4461 = DIRECTION('',(0.,0.,1.));
#4462 = DIRECTION('',(0.642787609687,-0.766044443119,0.));
#4463 = ADVANCED_FACE('',(#4464),#4523,.F.);
#4464 = FACE_BOUND('',#4465,.F.);
#4465 = EDGE_LOOP('',(#4466,#4467,#4475,#4483,#4491,#4499,#4507,#4515,
    #4521,#4522));
#4466 = ORIENTED_EDGE('',*,*,#4379,.F.);
#4467 = ORIENTED_EDGE('',*,*,#4468,.T.);
#4468 = EDGE_CURVE('',#4380,#4469,#4471,.T.);
#4469 = VERTEX_POINT('',#4470);
#4470 = CARTESIAN_POINT('',(53.29410569393,-59.15741520962,23.1));
#4471 = LINE('',#4472,#4473);
#4472 = CARTESIAN_POINT('',(53.29410569393,-59.15741520962,18.1));
#4473 = VECTOR('',#4474,1.);
#4474 = DIRECTION('',(-0.,0.,1.));
#4475 = ORIENTED_EDGE('',*,*,#4476,.T.);
#4476 = EDGE_CURVE('',#4469,#4477,#4479,.T.);
#4477 = VERTEX_POINT('',#4478);
#4478 = CARTESIAN_POINT('',(53.699061888032,-59.64002320879,23.1));
#4479 = LINE('',#4480,#4481);
#4480 = CARTESIAN_POINT('',(52.779875606181,-58.54457965513,23.1));
#4481 = VECTOR('',#4482,1.);
#4482 = DIRECTION('',(0.642787609687,-0.766044443119,0.));
#4483 = ORIENTED_EDGE('',*,*,#4484,.T.);
#4484 = EDGE_CURVE('',#4477,#4485,#4487,.T.);
#4485 = VERTEX_POINT('',#4486);
#4486 = CARTESIAN_POINT('',(53.699061888032,-59.64002320879,25.1));
#4487 = LINE('',#4488,#4489);
#4488 = CARTESIAN_POINT('',(53.699061888032,-59.64002320879,23.));
#4489 = VECTOR('',#4490,1.);
#4490 = DIRECTION('',(0.,0.,1.));
#4491 = ORIENTED_EDGE('',*,*,#4492,.F.);
#4492 = EDGE_CURVE('',#4493,#4485,#4495,.T.);
#4493 = VERTEX_POINT('',#4494);
#4494 = CARTESIAN_POINT('',(54.310810671689,-60.36907701948,25.1));
#4495 = LINE('',#4496,#4497);
#4496 = CARTESIAN_POINT('',(52.574183571081,-58.29944543333,25.1));
#4497 = VECTOR('',#4498,1.);
#4498 = DIRECTION('',(-0.642787609687,0.766044443119,0.));
#4499 = ORIENTED_EDGE('',*,*,#4500,.T.);
#4500 = EDGE_CURVE('',#4493,#4501,#4503,.T.);
#4501 = VERTEX_POINT('',#4502);
#4502 = CARTESIAN_POINT('',(54.310810671689,-60.36907701948,28.4));
#4503 = LINE('',#4504,#4505);
#4504 = CARTESIAN_POINT('',(54.310810671689,-60.36907701948,7.99));
#4505 = VECTOR('',#4506,1.);
#4506 = DIRECTION('',(0.,0.,1.));
#4507 = ORIENTED_EDGE('',*,*,#4508,.T.);
#4508 = EDGE_CURVE('',#4501,#4509,#4511,.T.);
#4509 = VERTEX_POINT('',#4510);
#4510 = CARTESIAN_POINT('',(53.699061888032,-59.64002320879,28.4));
#4511 = LINE('',#4512,#4513);
#4512 = CARTESIAN_POINT('',(27.921993164383,-28.92010895083,28.4));
#4513 = VECTOR('',#4514,1.);
#4514 = DIRECTION('',(-0.642787609687,0.766044443119,0.));
#4515 = ORIENTED_EDGE('',*,*,#4516,.T.);
#4516 = EDGE_CURVE('',#4509,#3811,#4517,.T.);
#4517 = LINE('',#4518,#4519);
#4518 = CARTESIAN_POINT('',(53.699061888032,-59.64002320879,23.));
#4519 = VECTOR('',#4520,1.);
#4520 = DIRECTION('',(0.,0.,1.));
#4521 = ORIENTED_EDGE('',*,*,#3818,.F.);
#4522 = ORIENTED_EDGE('',*,*,#75,.T.);
#4523 = PLANE('',#4524);
#4524 = AXIS2_PLACEMENT_3D('',#4525,#4526,#4527);
#4525 = CARTESIAN_POINT('',(52.779875606181,-58.54457965513,18.1));
#4526 = DIRECTION('',(0.766044443119,0.642787609687,0.));
#4527 = DIRECTION('',(0.,0.,1.));
#4528 = ADVANCED_FACE('',(#4529),#4555,.T.);
#4529 = FACE_BOUND('',#4530,.T.);
#4530 = EDGE_LOOP('',(#4531,#4539,#4548,#4554));
#4531 = ORIENTED_EDGE('',*,*,#4532,.F.);
#4532 = EDGE_CURVE('',#4533,#273,#4535,.T.);
#4533 = VERTEX_POINT('',#4534);
#4534 = CARTESIAN_POINT('',(81.172229223175,2.271303357195,14.7));
#4535 = LINE('',#4536,#4537);
#4536 = CARTESIAN_POINT('',(80.1740061774,2.249522052852,14.7));
#4537 = VECTOR('',#4538,1.);
#4538 = DIRECTION('',(0.99976202708,2.181488503456E-02,0.));
#4539 = ORIENTED_EDGE('',*,*,#4540,.F.);
#4540 = EDGE_CURVE('',#4541,#4533,#4543,.T.);
#4541 = VERTEX_POINT('',#4542);
#4542 = CARTESIAN_POINT('',(81.194044108209,1.271541330115,14.7));
#4543 = CIRCLE('',#4544,81.204);
#4544 = AXIS2_PLACEMENT_3D('',#4545,#4546,#4547);
#4545 = CARTESIAN_POINT('',(0.,0.,14.7));
#4546 = DIRECTION('',(0.,0.,1.));
#4547 = DIRECTION('',(1.,0.,-0.));
#4548 = ORIENTED_EDGE('',*,*,#4549,.T.);
#4549 = EDGE_CURVE('',#4541,#271,#4550,.T.);
#4550 = LINE('',#4551,#4552);
#4551 = CARTESIAN_POINT('',(80.195821062434,1.249760025772,14.7));
#4552 = VECTOR('',#4553,1.);
#4553 = DIRECTION('',(0.99976202708,2.181488503456E-02,0.));
#4554 = ORIENTED_EDGE('',*,*,#270,.T.);
#4555 = PLANE('',#4556);
#4556 = AXIS2_PLACEMENT_3D('',#4557,#4558,#4559);
#4557 = CARTESIAN_POINT('',(80.195821062434,1.249760025772,14.7));
#4558 = DIRECTION('',(0.,0.,1.));
#4559 = DIRECTION('',(0.99976202708,2.181488503456E-02,0.));
#4560 = ADVANCED_FACE('',(#4561),#4579,.F.);
#4561 = FACE_BOUND('',#4562,.F.);
#4562 = EDGE_LOOP('',(#4563,#4564,#4572,#4578));
#4563 = ORIENTED_EDGE('',*,*,#4532,.F.);
#4564 = ORIENTED_EDGE('',*,*,#4565,.T.);
#4565 = EDGE_CURVE('',#4533,#4566,#4568,.T.);
#4566 = VERTEX_POINT('',#4567);
#4567 = CARTESIAN_POINT('',(81.172229223175,2.271303357195,18.2));
#4568 = LINE('',#4569,#4570);
#4569 = CARTESIAN_POINT('',(81.172229223175,2.271303357195,7.99));
#4570 = VECTOR('',#4571,1.);
#4571 = DIRECTION('',(0.,0.,1.));
#4572 = ORIENTED_EDGE('',*,*,#4573,.T.);
#4573 = EDGE_CURVE('',#4566,#290,#4574,.T.);
#4574 = LINE('',#4575,#4576);
#4575 = CARTESIAN_POINT('',(80.1740061774,2.249522052852,18.2));
#4576 = VECTOR('',#4577,1.);
#4577 = DIRECTION('',(0.99976202708,2.181488503456E-02,0.));
#4578 = ORIENTED_EDGE('',*,*,#298,.F.);
#4579 = PLANE('',#4580);
#4580 = AXIS2_PLACEMENT_3D('',#4581,#4582,#4583);
#4581 = CARTESIAN_POINT('',(80.1740061774,2.249522052852,14.7));
#4582 = DIRECTION('',(-2.181488503456E-02,0.99976202708,0.));
#4583 = DIRECTION('',(0.,0.,1.));
#4584 = ADVANCED_FACE('',(#4585),#4604,.F.);
#4585 = FACE_BOUND('',#4586,.F.);
#4586 = EDGE_LOOP('',(#4587,#4588,#4597,#4603));
#4587 = ORIENTED_EDGE('',*,*,#4573,.F.);
#4588 = ORIENTED_EDGE('',*,*,#4589,.F.);
#4589 = EDGE_CURVE('',#4590,#4566,#4592,.T.);
#4590 = VERTEX_POINT('',#4591);
#4591 = CARTESIAN_POINT('',(81.194044108209,1.271541330115,18.2));
#4592 = CIRCLE('',#4593,81.204);
#4593 = AXIS2_PLACEMENT_3D('',#4594,#4595,#4596);
#4594 = CARTESIAN_POINT('',(0.,0.,18.2));
#4595 = DIRECTION('',(0.,0.,1.));
#4596 = DIRECTION('',(1.,0.,-0.));
#4597 = ORIENTED_EDGE('',*,*,#4598,.T.);
#4598 = EDGE_CURVE('',#4590,#282,#4599,.T.);
#4599 = LINE('',#4600,#4601);
#4600 = CARTESIAN_POINT('',(80.195821062434,1.249760025772,18.2));
#4601 = VECTOR('',#4602,1.);
#4602 = DIRECTION('',(0.99976202708,2.181488503456E-02,0.));
#4603 = ORIENTED_EDGE('',*,*,#289,.T.);
#4604 = PLANE('',#4605);
#4605 = AXIS2_PLACEMENT_3D('',#4606,#4607,#4608);
#4606 = CARTESIAN_POINT('',(80.195821062434,1.249760025772,18.2));
#4607 = DIRECTION('',(0.,0.,1.));
#4608 = DIRECTION('',(0.99976202708,2.181488503456E-02,0.));
#4609 = ADVANCED_FACE('',(#4610),#4621,.T.);
#4610 = FACE_BOUND('',#4611,.T.);
#4611 = EDGE_LOOP('',(#4612,#4613,#4619,#4620));
#4612 = ORIENTED_EDGE('',*,*,#4549,.F.);
#4613 = ORIENTED_EDGE('',*,*,#4614,.T.);
#4614 = EDGE_CURVE('',#4541,#4590,#4615,.T.);
#4615 = LINE('',#4616,#4617);
#4616 = CARTESIAN_POINT('',(81.194044108209,1.271541330115,7.99));
#4617 = VECTOR('',#4618,1.);
#4618 = DIRECTION('',(0.,0.,1.));
#4619 = ORIENTED_EDGE('',*,*,#4598,.T.);
#4620 = ORIENTED_EDGE('',*,*,#281,.F.);
#4621 = PLANE('',#4622);
#4622 = AXIS2_PLACEMENT_3D('',#4623,#4624,#4625);
#4623 = CARTESIAN_POINT('',(80.195821062434,1.249760025772,14.7));
#4624 = DIRECTION('',(-2.181488503456E-02,0.99976202708,0.));
#4625 = DIRECTION('',(0.,0.,1.));
#4626 = ADVANCED_FACE('',(#4627),#4653,.T.);
#4627 = FACE_BOUND('',#4628,.T.);
#4628 = EDGE_LOOP('',(#4629,#4637,#4646,#4652));
#4629 = ORIENTED_EDGE('',*,*,#4630,.F.);
#4630 = EDGE_CURVE('',#4631,#309,#4633,.T.);
#4631 = VERTEX_POINT('',#4632);
#4632 = CARTESIAN_POINT('',(80.995898386286,5.809824489472,14.7));
#4633 = LINE('',#4634,#4635);
#4634 = CARTESIAN_POINT('',(79.999575514814,5.744522038394,14.7));
#4635 = VECTOR('',#4636,1.);
#4636 = DIRECTION('',(0.997858923239,6.540312923014E-02,0.));
#4637 = ORIENTED_EDGE('',*,*,#4638,.F.);
#4638 = EDGE_CURVE('',#4639,#4631,#4641,.T.);
#4639 = VERTEX_POINT('',#4640);
#4640 = CARTESIAN_POINT('',(81.061301515516,4.811965566233,14.7));
#4641 = CIRCLE('',#4642,81.204);
#4642 = AXIS2_PLACEMENT_3D('',#4643,#4644,#4645);
#4643 = CARTESIAN_POINT('',(0.,0.,14.7));
#4644 = DIRECTION('',(0.,0.,1.));
#4645 = DIRECTION('',(1.,0.,-0.));
#4646 = ORIENTED_EDGE('',*,*,#4647,.T.);
#4647 = EDGE_CURVE('',#4639,#307,#4648,.T.);
#4648 = LINE('',#4649,#4650);
#4649 = CARTESIAN_POINT('',(80.064978644044,4.746663115155,14.7));
#4650 = VECTOR('',#4651,1.);
#4651 = DIRECTION('',(0.997858923239,6.540312923014E-02,0.));
#4652 = ORIENTED_EDGE('',*,*,#306,.T.);
#4653 = PLANE('',#4654);
#4654 = AXIS2_PLACEMENT_3D('',#4655,#4656,#4657);
#4655 = CARTESIAN_POINT('',(80.064978644044,4.746663115155,14.7));
#4656 = DIRECTION('',(0.,0.,1.));
#4657 = DIRECTION('',(0.997858923239,6.540312923014E-02,0.));
#4658 = ADVANCED_FACE('',(#4659),#4677,.F.);
#4659 = FACE_BOUND('',#4660,.F.);
#4660 = EDGE_LOOP('',(#4661,#4662,#4670,#4676));
#4661 = ORIENTED_EDGE('',*,*,#4630,.F.);
#4662 = ORIENTED_EDGE('',*,*,#4663,.T.);
#4663 = EDGE_CURVE('',#4631,#4664,#4666,.T.);
#4664 = VERTEX_POINT('',#4665);
#4665 = CARTESIAN_POINT('',(80.995898386286,5.809824489472,18.2));
#4666 = LINE('',#4667,#4668);
#4667 = CARTESIAN_POINT('',(80.995898386286,5.809824489472,7.99));
#4668 = VECTOR('',#4669,1.);
#4669 = DIRECTION('',(0.,0.,1.));
#4670 = ORIENTED_EDGE('',*,*,#4671,.T.);
#4671 = EDGE_CURVE('',#4664,#326,#4672,.T.);
#4672 = LINE('',#4673,#4674);
#4673 = CARTESIAN_POINT('',(79.999575514814,5.744522038394,18.2));
#4674 = VECTOR('',#4675,1.);
#4675 = DIRECTION('',(0.997858923239,6.540312923014E-02,0.));
#4676 = ORIENTED_EDGE('',*,*,#334,.F.);
#4677 = PLANE('',#4678);
#4678 = AXIS2_PLACEMENT_3D('',#4679,#4680,#4681);
#4679 = CARTESIAN_POINT('',(79.999575514814,5.744522038394,14.7));
#4680 = DIRECTION('',(-6.540312923014E-02,0.997858923239,0.));
#4681 = DIRECTION('',(0.,0.,1.));
#4682 = ADVANCED_FACE('',(#4683),#4702,.F.);
#4683 = FACE_BOUND('',#4684,.F.);
#4684 = EDGE_LOOP('',(#4685,#4686,#4695,#4701));
#4685 = ORIENTED_EDGE('',*,*,#4671,.F.);
#4686 = ORIENTED_EDGE('',*,*,#4687,.F.);
#4687 = EDGE_CURVE('',#4688,#4664,#4690,.T.);
#4688 = VERTEX_POINT('',#4689);
#4689 = CARTESIAN_POINT('',(81.061301515516,4.811965566233,18.2));
#4690 = CIRCLE('',#4691,81.204);
#4691 = AXIS2_PLACEMENT_3D('',#4692,#4693,#4694);
#4692 = CARTESIAN_POINT('',(0.,0.,18.2));
#4693 = DIRECTION('',(0.,0.,1.));
#4694 = DIRECTION('',(1.,0.,-0.));
#4695 = ORIENTED_EDGE('',*,*,#4696,.T.);
#4696 = EDGE_CURVE('',#4688,#318,#4697,.T.);
#4697 = LINE('',#4698,#4699);
#4698 = CARTESIAN_POINT('',(80.064978644044,4.746663115155,18.2));
#4699 = VECTOR('',#4700,1.);
#4700 = DIRECTION('',(0.997858923239,6.540312923014E-02,0.));
#4701 = ORIENTED_EDGE('',*,*,#325,.T.);
#4702 = PLANE('',#4703);
#4703 = AXIS2_PLACEMENT_3D('',#4704,#4705,#4706);
#4704 = CARTESIAN_POINT('',(80.064978644044,4.746663115155,18.2));
#4705 = DIRECTION('',(0.,0.,1.));
#4706 = DIRECTION('',(0.997858923239,6.540312923014E-02,0.));
#4707 = ADVANCED_FACE('',(#4708),#4719,.T.);
#4708 = FACE_BOUND('',#4709,.T.);
#4709 = EDGE_LOOP('',(#4710,#4711,#4717,#4718));
#4710 = ORIENTED_EDGE('',*,*,#4647,.F.);
#4711 = ORIENTED_EDGE('',*,*,#4712,.T.);
#4712 = EDGE_CURVE('',#4639,#4688,#4713,.T.);
#4713 = LINE('',#4714,#4715);
#4714 = CARTESIAN_POINT('',(81.061301515516,4.811965566233,7.99));
#4715 = VECTOR('',#4716,1.);
#4716 = DIRECTION('',(0.,0.,1.));
#4717 = ORIENTED_EDGE('',*,*,#4696,.T.);
#4718 = ORIENTED_EDGE('',*,*,#317,.F.);
#4719 = PLANE('',#4720);
#4720 = AXIS2_PLACEMENT_3D('',#4721,#4722,#4723);
#4721 = CARTESIAN_POINT('',(80.064978644044,4.746663115155,14.7));
#4722 = DIRECTION('',(-6.540312923014E-02,0.997858923239,0.));
#4723 = DIRECTION('',(0.,0.,1.));
#4724 = ADVANCED_FACE('',(#4725),#4751,.T.);
#4725 = FACE_BOUND('',#4726,.T.);
#4726 = EDGE_LOOP('',(#4727,#4735,#4744,#4750));
#4727 = ORIENTED_EDGE('',*,*,#4728,.F.);
#4728 = EDGE_CURVE('',#4729,#345,#4731,.T.);
#4729 = VERTEX_POINT('',#4730);
#4730 = CARTESIAN_POINT('',(80.665387253313,9.337286290625,14.7));
#4731 = LINE('',#4732,#4733);
#4732 = CARTESIAN_POINT('',(79.672861113357,9.228586999738,14.7));
#4733 = VECTOR('',#4734,1.);
#4734 = DIRECTION('',(0.994056338222,0.108866874852,0.));
#4735 = ORIENTED_EDGE('',*,*,#4736,.F.);
#4736 = EDGE_CURVE('',#4737,#4729,#4739,.T.);
#4737 = VERTEX_POINT('',#4738);
#4738 = CARTESIAN_POINT('',(80.774254128165,8.343229952402,14.7));
#4739 = CIRCLE('',#4740,81.204);
#4740 = AXIS2_PLACEMENT_3D('',#4741,#4742,#4743);
#4741 = CARTESIAN_POINT('',(0.,0.,14.7));
#4742 = DIRECTION('',(0.,0.,1.));
#4743 = DIRECTION('',(1.,0.,-0.));
#4744 = ORIENTED_EDGE('',*,*,#4745,.T.);
#4745 = EDGE_CURVE('',#4737,#343,#4746,.T.);
#4746 = LINE('',#4747,#4748);
#4747 = CARTESIAN_POINT('',(79.781727988209,8.234530661516,14.7));
#4748 = VECTOR('',#4749,1.);
#4749 = DIRECTION('',(0.994056338222,0.108866874852,0.));
#4750 = ORIENTED_EDGE('',*,*,#342,.T.);
#4751 = PLANE('',#4752);
#4752 = AXIS2_PLACEMENT_3D('',#4753,#4754,#4755);
#4753 = CARTESIAN_POINT('',(79.781727988209,8.234530661516,14.7));
#4754 = DIRECTION('',(0.,0.,1.));
#4755 = DIRECTION('',(0.994056338222,0.108866874852,0.));
#4756 = ADVANCED_FACE('',(#4757),#4775,.F.);
#4757 = FACE_BOUND('',#4758,.F.);
#4758 = EDGE_LOOP('',(#4759,#4760,#4768,#4774));
#4759 = ORIENTED_EDGE('',*,*,#4728,.F.);
#4760 = ORIENTED_EDGE('',*,*,#4761,.T.);
#4761 = EDGE_CURVE('',#4729,#4762,#4764,.T.);
#4762 = VERTEX_POINT('',#4763);
#4763 = CARTESIAN_POINT('',(80.665387253313,9.337286290625,18.2));
#4764 = LINE('',#4765,#4766);
#4765 = CARTESIAN_POINT('',(80.665387253313,9.337286290625,7.99));
#4766 = VECTOR('',#4767,1.);
#4767 = DIRECTION('',(0.,0.,1.));
#4768 = ORIENTED_EDGE('',*,*,#4769,.T.);
#4769 = EDGE_CURVE('',#4762,#362,#4770,.T.);
#4770 = LINE('',#4771,#4772);
#4771 = CARTESIAN_POINT('',(79.672861113357,9.228586999738,18.2));
#4772 = VECTOR('',#4773,1.);
#4773 = DIRECTION('',(0.994056338222,0.108866874852,0.));
#4774 = ORIENTED_EDGE('',*,*,#370,.F.);
#4775 = PLANE('',#4776);
#4776 = AXIS2_PLACEMENT_3D('',#4777,#4778,#4779);
#4777 = CARTESIAN_POINT('',(79.672861113357,9.228586999738,14.7));
#4778 = DIRECTION('',(-0.108866874852,0.994056338222,0.));
#4779 = DIRECTION('',(0.,0.,1.));
#4780 = ADVANCED_FACE('',(#4781),#4800,.F.);
#4781 = FACE_BOUND('',#4782,.F.);
#4782 = EDGE_LOOP('',(#4783,#4784,#4793,#4799));
#4783 = ORIENTED_EDGE('',*,*,#4769,.F.);
#4784 = ORIENTED_EDGE('',*,*,#4785,.F.);
#4785 = EDGE_CURVE('',#4786,#4762,#4788,.T.);
#4786 = VERTEX_POINT('',#4787);
#4787 = CARTESIAN_POINT('',(80.774254128165,8.343229952402,18.2));
#4788 = CIRCLE('',#4789,81.204);
#4789 = AXIS2_PLACEMENT_3D('',#4790,#4791,#4792);
#4790 = CARTESIAN_POINT('',(0.,0.,18.2));
#4791 = DIRECTION('',(0.,0.,1.));
#4792 = DIRECTION('',(1.,0.,-0.));
#4793 = ORIENTED_EDGE('',*,*,#4794,.T.);
#4794 = EDGE_CURVE('',#4786,#354,#4795,.T.);
#4795 = LINE('',#4796,#4797);
#4796 = CARTESIAN_POINT('',(79.781727988209,8.234530661516,18.2));
#4797 = VECTOR('',#4798,1.);
#4798 = DIRECTION('',(0.994056338222,0.108866874852,0.));
#4799 = ORIENTED_EDGE('',*,*,#361,.T.);
#4800 = PLANE('',#4801);
#4801 = AXIS2_PLACEMENT_3D('',#4802,#4803,#4804);
#4802 = CARTESIAN_POINT('',(79.781727988209,8.234530661516,18.2));
#4803 = DIRECTION('',(0.,0.,1.));
#4804 = DIRECTION('',(0.994056338222,0.108866874852,0.));
#4805 = ADVANCED_FACE('',(#4806),#4817,.T.);
#4806 = FACE_BOUND('',#4807,.T.);
#4807 = EDGE_LOOP('',(#4808,#4809,#4815,#4816));
#4808 = ORIENTED_EDGE('',*,*,#4745,.F.);
#4809 = ORIENTED_EDGE('',*,*,#4810,.T.);
#4810 = EDGE_CURVE('',#4737,#4786,#4811,.T.);
#4811 = LINE('',#4812,#4813);
#4812 = CARTESIAN_POINT('',(80.774254128165,8.343229952402,7.99));
#4813 = VECTOR('',#4814,1.);
#4814 = DIRECTION('',(0.,0.,1.));
#4815 = ORIENTED_EDGE('',*,*,#4794,.T.);
#4816 = ORIENTED_EDGE('',*,*,#353,.F.);
#4817 = PLANE('',#4818);
#4818 = AXIS2_PLACEMENT_3D('',#4819,#4820,#4821);
#4819 = CARTESIAN_POINT('',(79.781727988209,8.234530661516,14.7));
#4820 = DIRECTION('',(-0.108866874852,0.994056338222,0.));
#4821 = DIRECTION('',(0.,0.,1.));
#4822 = ADVANCED_FACE('',(#4823),#4849,.T.);
#4823 = FACE_BOUND('',#4824,.T.);
#4824 = EDGE_LOOP('',(#4825,#4833,#4842,#4848));
#4825 = ORIENTED_EDGE('',*,*,#4826,.F.);
#4826 = EDGE_CURVE('',#4827,#381,#4829,.T.);
#4827 = VERTEX_POINT('',#4828);
#4828 = CARTESIAN_POINT('',(80.181324970982,12.846974036626,14.7));
#4829 = LINE('',#4830,#4831);
#4830 = CARTESIAN_POINT('',(79.194484892461,12.69508482121,14.7));
#4831 = VECTOR('',#4832,1.);
#4832 = DIRECTION('',(0.988361510468,0.15212338619,0.));
#4833 = ORIENTED_EDGE('',*,*,#4834,.F.);
#4834 = EDGE_CURVE('',#4835,#4827,#4837,.T.);
#4835 = VERTEX_POINT('',#4836);
#4836 = CARTESIAN_POINT('',(80.333448357172,11.858612526158,14.7));
#4837 = CIRCLE('',#4838,81.204);
#4838 = AXIS2_PLACEMENT_3D('',#4839,#4840,#4841);
#4839 = CARTESIAN_POINT('',(0.,0.,14.7));
#4840 = DIRECTION('',(0.,0.,1.));
#4841 = DIRECTION('',(1.,0.,-0.));
#4842 = ORIENTED_EDGE('',*,*,#4843,.T.);
#4843 = EDGE_CURVE('',#4835,#379,#4844,.T.);
#4844 = LINE('',#4845,#4846);
#4845 = CARTESIAN_POINT('',(79.346608278651,11.706723310742,14.7));
#4846 = VECTOR('',#4847,1.);
#4847 = DIRECTION('',(0.988361510468,0.15212338619,0.));
#4848 = ORIENTED_EDGE('',*,*,#378,.T.);
#4849 = PLANE('',#4850);
#4850 = AXIS2_PLACEMENT_3D('',#4851,#4852,#4853);
#4851 = CARTESIAN_POINT('',(79.346608278651,11.706723310742,14.7));
#4852 = DIRECTION('',(0.,0.,1.));
#4853 = DIRECTION('',(0.988361510468,0.15212338619,0.));
#4854 = ADVANCED_FACE('',(#4855),#4873,.F.);
#4855 = FACE_BOUND('',#4856,.F.);
#4856 = EDGE_LOOP('',(#4857,#4858,#4866,#4872));
#4857 = ORIENTED_EDGE('',*,*,#4826,.F.);
#4858 = ORIENTED_EDGE('',*,*,#4859,.T.);
#4859 = EDGE_CURVE('',#4827,#4860,#4862,.T.);
#4860 = VERTEX_POINT('',#4861);
#4861 = CARTESIAN_POINT('',(80.181324970982,12.846974036626,18.2));
#4862 = LINE('',#4863,#4864);
#4863 = CARTESIAN_POINT('',(80.181324970982,12.846974036626,7.99));
#4864 = VECTOR('',#4865,1.);
#4865 = DIRECTION('',(0.,0.,1.));
#4866 = ORIENTED_EDGE('',*,*,#4867,.T.);
#4867 = EDGE_CURVE('',#4860,#398,#4868,.T.);
#4868 = LINE('',#4869,#4870);
#4869 = CARTESIAN_POINT('',(79.194484892461,12.69508482121,18.2));
#4870 = VECTOR('',#4871,1.);
#4871 = DIRECTION('',(0.988361510468,0.15212338619,0.));
#4872 = ORIENTED_EDGE('',*,*,#406,.F.);
#4873 = PLANE('',#4874);
#4874 = AXIS2_PLACEMENT_3D('',#4875,#4876,#4877);
#4875 = CARTESIAN_POINT('',(79.194484892461,12.69508482121,14.7));
#4876 = DIRECTION('',(-0.15212338619,0.988361510468,0.));
#4877 = DIRECTION('',(0.,0.,1.));
#4878 = ADVANCED_FACE('',(#4879),#4898,.F.);
#4879 = FACE_BOUND('',#4880,.F.);
#4880 = EDGE_LOOP('',(#4881,#4882,#4891,#4897));
#4881 = ORIENTED_EDGE('',*,*,#4867,.F.);
#4882 = ORIENTED_EDGE('',*,*,#4883,.F.);
#4883 = EDGE_CURVE('',#4884,#4860,#4886,.T.);
#4884 = VERTEX_POINT('',#4885);
#4885 = CARTESIAN_POINT('',(80.333448357172,11.858612526158,18.2));
#4886 = CIRCLE('',#4887,81.204);
#4887 = AXIS2_PLACEMENT_3D('',#4888,#4889,#4890);
#4888 = CARTESIAN_POINT('',(0.,0.,18.2));
#4889 = DIRECTION('',(0.,0.,1.));
#4890 = DIRECTION('',(1.,0.,-0.));
#4891 = ORIENTED_EDGE('',*,*,#4892,.T.);
#4892 = EDGE_CURVE('',#4884,#390,#4893,.T.);
#4893 = LINE('',#4894,#4895);
#4894 = CARTESIAN_POINT('',(79.346608278651,11.706723310742,18.2));
#4895 = VECTOR('',#4896,1.);
#4896 = DIRECTION('',(0.988361510468,0.15212338619,0.));
#4897 = ORIENTED_EDGE('',*,*,#397,.T.);
#4898 = PLANE('',#4899);
#4899 = AXIS2_PLACEMENT_3D('',#4900,#4901,#4902);
#4900 = CARTESIAN_POINT('',(79.346608278651,11.706723310742,18.2));
#4901 = DIRECTION('',(0.,0.,1.));
#4902 = DIRECTION('',(0.988361510468,0.15212338619,0.));
#4903 = ADVANCED_FACE('',(#4904),#4915,.T.);
#4904 = FACE_BOUND('',#4905,.T.);
#4905 = EDGE_LOOP('',(#4906,#4907,#4913,#4914));
#4906 = ORIENTED_EDGE('',*,*,#4843,.F.);
#4907 = ORIENTED_EDGE('',*,*,#4908,.T.);
#4908 = EDGE_CURVE('',#4835,#4884,#4909,.T.);
#4909 = LINE('',#4910,#4911);
#4910 = CARTESIAN_POINT('',(80.333448357172,11.858612526158,7.99));
#4911 = VECTOR('',#4912,1.);
#4912 = DIRECTION('',(0.,0.,1.));
#4913 = ORIENTED_EDGE('',*,*,#4892,.T.);
#4914 = ORIENTED_EDGE('',*,*,#389,.F.);
#4915 = PLANE('',#4916);
#4916 = AXIS2_PLACEMENT_3D('',#4917,#4918,#4919);
#4917 = CARTESIAN_POINT('',(79.346608278651,11.706723310742,14.7));
#4918 = DIRECTION('',(-0.15212338619,0.988361510468,0.));
#4919 = DIRECTION('',(0.,0.,1.));
#4920 = ADVANCED_FACE('',(#4921),#4947,.T.);
#4921 = FACE_BOUND('',#4922,.T.);
#4922 = EDGE_LOOP('',(#4923,#4931,#4940,#4946));
#4923 = ORIENTED_EDGE('',*,*,#4924,.F.);
#4924 = EDGE_CURVE('',#4925,#417,#4927,.T.);
#4925 = VERTEX_POINT('',#4926);
#4926 = CARTESIAN_POINT('',(79.544632979361,16.332206837375,14.7));
#4927 = LINE('',#4928,#4929);
#4928 = CARTESIAN_POINT('',(78.565357468453,16.137416827183,14.7));
#4929 = VECTOR('',#4930,1.);
#4930 = DIRECTION('',(0.980785280403,0.195090322016,0.));
#4931 = ORIENTED_EDGE('',*,*,#4932,.F.);
#4932 = EDGE_CURVE('',#4933,#4925,#4935,.T.);
#4933 = VERTEX_POINT('',#4934);
#4934 = CARTESIAN_POINT('',(79.739723301377,15.351421556972,14.7));
#4935 = CIRCLE('',#4936,81.204);
#4936 = AXIS2_PLACEMENT_3D('',#4937,#4938,#4939);
#4937 = CARTESIAN_POINT('',(0.,0.,14.7));
#4938 = DIRECTION('',(0.,0.,1.));
#4939 = DIRECTION('',(1.,0.,-0.));
#4940 = ORIENTED_EDGE('',*,*,#4941,.T.);
#4941 = EDGE_CURVE('',#4933,#415,#4942,.T.);
#4942 = LINE('',#4943,#4944);
#4943 = CARTESIAN_POINT('',(78.760447790469,15.15663154678,14.7));
#4944 = VECTOR('',#4945,1.);
#4945 = DIRECTION('',(0.980785280403,0.195090322016,0.));
#4946 = ORIENTED_EDGE('',*,*,#414,.T.);
#4947 = PLANE('',#4948);
#4948 = AXIS2_PLACEMENT_3D('',#4949,#4950,#4951);
#4949 = CARTESIAN_POINT('',(78.760447790469,15.15663154678,14.7));
#4950 = DIRECTION('',(0.,0.,1.));
#4951 = DIRECTION('',(0.980785280403,0.195090322016,0.));
#4952 = ADVANCED_FACE('',(#4953),#4971,.F.);
#4953 = FACE_BOUND('',#4954,.F.);
#4954 = EDGE_LOOP('',(#4955,#4956,#4964,#4970));
#4955 = ORIENTED_EDGE('',*,*,#4924,.F.);
#4956 = ORIENTED_EDGE('',*,*,#4957,.T.);
#4957 = EDGE_CURVE('',#4925,#4958,#4960,.T.);
#4958 = VERTEX_POINT('',#4959);
#4959 = CARTESIAN_POINT('',(79.544632979361,16.332206837375,18.2));
#4960 = LINE('',#4961,#4962);
#4961 = CARTESIAN_POINT('',(79.544632979361,16.332206837375,7.99));
#4962 = VECTOR('',#4963,1.);
#4963 = DIRECTION('',(0.,0.,1.));
#4964 = ORIENTED_EDGE('',*,*,#4965,.T.);
#4965 = EDGE_CURVE('',#4958,#434,#4966,.T.);
#4966 = LINE('',#4967,#4968);
#4967 = CARTESIAN_POINT('',(78.565357468453,16.137416827183,18.2));
#4968 = VECTOR('',#4969,1.);
#4969 = DIRECTION('',(0.980785280403,0.195090322016,0.));
#4970 = ORIENTED_EDGE('',*,*,#442,.F.);
#4971 = PLANE('',#4972);
#4972 = AXIS2_PLACEMENT_3D('',#4973,#4974,#4975);
#4973 = CARTESIAN_POINT('',(78.565357468453,16.137416827183,14.7));
#4974 = DIRECTION('',(-0.195090322016,0.980785280403,0.));
#4975 = DIRECTION('',(0.,0.,1.));
#4976 = ADVANCED_FACE('',(#4977),#4996,.F.);
#4977 = FACE_BOUND('',#4978,.F.);
#4978 = EDGE_LOOP('',(#4979,#4980,#4989,#4995));
#4979 = ORIENTED_EDGE('',*,*,#4965,.F.);
#4980 = ORIENTED_EDGE('',*,*,#4981,.F.);
#4981 = EDGE_CURVE('',#4982,#4958,#4984,.T.);
#4982 = VERTEX_POINT('',#4983);
#4983 = CARTESIAN_POINT('',(79.739723301377,15.351421556972,18.2));
#4984 = CIRCLE('',#4985,81.204);
#4985 = AXIS2_PLACEMENT_3D('',#4986,#4987,#4988);
#4986 = CARTESIAN_POINT('',(0.,0.,18.2));
#4987 = DIRECTION('',(0.,0.,1.));
#4988 = DIRECTION('',(1.,0.,-0.));
#4989 = ORIENTED_EDGE('',*,*,#4990,.T.);
#4990 = EDGE_CURVE('',#4982,#426,#4991,.T.);
#4991 = LINE('',#4992,#4993);
#4992 = CARTESIAN_POINT('',(78.760447790469,15.15663154678,18.2));
#4993 = VECTOR('',#4994,1.);
#4994 = DIRECTION('',(0.980785280403,0.195090322016,0.));
#4995 = ORIENTED_EDGE('',*,*,#433,.T.);
#4996 = PLANE('',#4997);
#4997 = AXIS2_PLACEMENT_3D('',#4998,#4999,#5000);
#4998 = CARTESIAN_POINT('',(78.760447790469,15.15663154678,18.2));
#4999 = DIRECTION('',(0.,0.,1.));
#5000 = DIRECTION('',(0.980785280403,0.195090322016,0.));
#5001 = ADVANCED_FACE('',(#5002),#5013,.T.);
#5002 = FACE_BOUND('',#5003,.T.);
#5003 = EDGE_LOOP('',(#5004,#5005,#5011,#5012));
#5004 = ORIENTED_EDGE('',*,*,#4941,.F.);
#5005 = ORIENTED_EDGE('',*,*,#5006,.T.);
#5006 = EDGE_CURVE('',#4933,#4982,#5007,.T.);
#5007 = LINE('',#5008,#5009);
#5008 = CARTESIAN_POINT('',(79.739723301377,15.351421556972,7.99));
#5009 = VECTOR('',#5010,1.);
#5010 = DIRECTION('',(0.,0.,1.));
#5011 = ORIENTED_EDGE('',*,*,#4990,.T.);
#5012 = ORIENTED_EDGE('',*,*,#425,.F.);
#5013 = PLANE('',#5014);
#5014 = AXIS2_PLACEMENT_3D('',#5015,#5016,#5017);
#5015 = CARTESIAN_POINT('',(78.760447790469,15.15663154678,14.7));
#5016 = DIRECTION('',(-0.195090322016,0.980785280403,0.));
#5017 = DIRECTION('',(0.,0.,1.));
#5018 = ADVANCED_FACE('',(#5019),#5045,.T.);
#5019 = FACE_BOUND('',#5020,.T.);
#5020 = EDGE_LOOP('',(#5021,#5029,#5038,#5044));
#5021 = ORIENTED_EDGE('',*,*,#5022,.F.);
#5022 = EDGE_CURVE('',#5023,#453,#5025,.T.);
#5023 = VERTEX_POINT('',#5024);
#5024 = CARTESIAN_POINT('',(78.756523257842,19.786350354147,14.7));
#5025 = LINE('',#5026,#5027);
#5026 = CARTESIAN_POINT('',(77.78667642114,19.549030343035,14.7));
#5027 = VECTOR('',#5028,1.);
#5028 = DIRECTION('',(0.971342069813,0.237685892326,0.));
#5029 = ORIENTED_EDGE('',*,*,#5030,.F.);
#5030 = EDGE_CURVE('',#5031,#5023,#5033,.T.);
#5031 = VERTEX_POINT('',#5032);
#5032 = CARTESIAN_POINT('',(78.994209150168,18.815008284333,14.7));
#5033 = CIRCLE('',#5034,81.204);
#5034 = AXIS2_PLACEMENT_3D('',#5035,#5036,#5037);
#5035 = CARTESIAN_POINT('',(0.,0.,14.7));
#5036 = DIRECTION('',(0.,0.,1.));
#5037 = DIRECTION('',(1.,0.,-0.));
#5038 = ORIENTED_EDGE('',*,*,#5039,.T.);
#5039 = EDGE_CURVE('',#5031,#451,#5040,.T.);
#5040 = LINE('',#5041,#5042);
#5041 = CARTESIAN_POINT('',(78.024362313466,18.577688273222,14.7));
#5042 = VECTOR('',#5043,1.);
#5043 = DIRECTION('',(0.971342069813,0.237685892326,0.));
#5044 = ORIENTED_EDGE('',*,*,#450,.T.);
#5045 = PLANE('',#5046);
#5046 = AXIS2_PLACEMENT_3D('',#5047,#5048,#5049);
#5047 = CARTESIAN_POINT('',(78.024362313466,18.577688273222,14.7));
#5048 = DIRECTION('',(0.,0.,1.));
#5049 = DIRECTION('',(0.971342069813,0.237685892326,0.));
#5050 = ADVANCED_FACE('',(#5051),#5069,.F.);
#5051 = FACE_BOUND('',#5052,.F.);
#5052 = EDGE_LOOP('',(#5053,#5054,#5062,#5068));
#5053 = ORIENTED_EDGE('',*,*,#5022,.F.);
#5054 = ORIENTED_EDGE('',*,*,#5055,.T.);
#5055 = EDGE_CURVE('',#5023,#5056,#5058,.T.);
#5056 = VERTEX_POINT('',#5057);
#5057 = CARTESIAN_POINT('',(78.756523257842,19.786350354147,18.2));
#5058 = LINE('',#5059,#5060);
#5059 = CARTESIAN_POINT('',(78.756523257842,19.786350354147,7.99));
#5060 = VECTOR('',#5061,1.);
#5061 = DIRECTION('',(0.,0.,1.));
#5062 = ORIENTED_EDGE('',*,*,#5063,.T.);
#5063 = EDGE_CURVE('',#5056,#470,#5064,.T.);
#5064 = LINE('',#5065,#5066);
#5065 = CARTESIAN_POINT('',(77.78667642114,19.549030343035,18.2));
#5066 = VECTOR('',#5067,1.);
#5067 = DIRECTION('',(0.971342069813,0.237685892326,0.));
#5068 = ORIENTED_EDGE('',*,*,#478,.F.);
#5069 = PLANE('',#5070);
#5070 = AXIS2_PLACEMENT_3D('',#5071,#5072,#5073);
#5071 = CARTESIAN_POINT('',(77.78667642114,19.549030343035,14.7));
#5072 = DIRECTION('',(-0.237685892326,0.971342069813,0.));
#5073 = DIRECTION('',(0.,0.,1.));
#5074 = ADVANCED_FACE('',(#5075),#5094,.F.);
#5075 = FACE_BOUND('',#5076,.F.);
#5076 = EDGE_LOOP('',(#5077,#5078,#5087,#5093));
#5077 = ORIENTED_EDGE('',*,*,#5063,.F.);
#5078 = ORIENTED_EDGE('',*,*,#5079,.F.);
#5079 = EDGE_CURVE('',#5080,#5056,#5082,.T.);
#5080 = VERTEX_POINT('',#5081);
#5081 = CARTESIAN_POINT('',(78.994209150168,18.815008284333,18.2));
#5082 = CIRCLE('',#5083,81.204);
#5083 = AXIS2_PLACEMENT_3D('',#5084,#5085,#5086);
#5084 = CARTESIAN_POINT('',(0.,0.,18.2));
#5085 = DIRECTION('',(0.,0.,1.));
#5086 = DIRECTION('',(1.,0.,-0.));
#5087 = ORIENTED_EDGE('',*,*,#5088,.T.);
#5088 = EDGE_CURVE('',#5080,#462,#5089,.T.);
#5089 = LINE('',#5090,#5091);
#5090 = CARTESIAN_POINT('',(78.024362313466,18.577688273222,18.2));
#5091 = VECTOR('',#5092,1.);
#5092 = DIRECTION('',(0.971342069813,0.237685892326,0.));
#5093 = ORIENTED_EDGE('',*,*,#469,.T.);
#5094 = PLANE('',#5095);
#5095 = AXIS2_PLACEMENT_3D('',#5096,#5097,#5098);
#5096 = CARTESIAN_POINT('',(78.024362313466,18.577688273222,18.2));
#5097 = DIRECTION('',(0.,0.,1.));
#5098 = DIRECTION('',(0.971342069813,0.237685892326,0.));
#5099 = ADVANCED_FACE('',(#5100),#5111,.T.);
#5100 = FACE_BOUND('',#5101,.T.);
#5101 = EDGE_LOOP('',(#5102,#5103,#5109,#5110));
#5102 = ORIENTED_EDGE('',*,*,#5039,.F.);
#5103 = ORIENTED_EDGE('',*,*,#5104,.T.);
#5104 = EDGE_CURVE('',#5031,#5080,#5105,.T.);
#5105 = LINE('',#5106,#5107);
#5106 = CARTESIAN_POINT('',(78.994209150168,18.815008284333,7.99));
#5107 = VECTOR('',#5108,1.);
#5108 = DIRECTION('',(0.,0.,1.));
#5109 = ORIENTED_EDGE('',*,*,#5088,.T.);
#5110 = ORIENTED_EDGE('',*,*,#461,.F.);
#5111 = PLANE('',#5112);
#5112 = AXIS2_PLACEMENT_3D('',#5113,#5114,#5115);
#5113 = CARTESIAN_POINT('',(78.024362313466,18.577688273222,14.7));
#5114 = DIRECTION('',(-0.237685892326,0.971342069813,0.));
#5115 = DIRECTION('',(0.,0.,1.));
#5116 = ADVANCED_FACE('',(#5117),#5143,.T.);
#5117 = FACE_BOUND('',#5118,.T.);
#5118 = EDGE_LOOP('',(#5119,#5127,#5136,#5142));
#5119 = ORIENTED_EDGE('',*,*,#5120,.F.);
#5120 = EDGE_CURVE('',#5121,#489,#5123,.T.);
#5121 = VERTEX_POINT('',#5122);
#5122 = CARTESIAN_POINT('',(77.818496018073,23.202829428437,14.7));
#5123 = LINE('',#5124,#5125);
#5124 = CARTESIAN_POINT('',(76.859924014154,22.923431168535,14.7));
#5125 = VECTOR('',#5126,1.);
#5126 = DIRECTION('',(0.960049854386,0.279829014031,0.));
#5127 = ORIENTED_EDGE('',*,*,#5128,.F.);
#5128 = EDGE_CURVE('',#5129,#5121,#5131,.T.);
#5129 = VERTEX_POINT('',#5130);
#5130 = CARTESIAN_POINT('',(78.098325032104,22.242779574051,14.7));
#5131 = CIRCLE('',#5132,81.204);
#5132 = AXIS2_PLACEMENT_3D('',#5133,#5134,#5135);
#5133 = CARTESIAN_POINT('',(0.,0.,14.7));
#5134 = DIRECTION('',(0.,0.,1.));
#5135 = DIRECTION('',(1.,0.,-0.));
#5136 = ORIENTED_EDGE('',*,*,#5137,.T.);
#5137 = EDGE_CURVE('',#5129,#487,#5138,.T.);
#5138 = LINE('',#5139,#5140);
#5139 = CARTESIAN_POINT('',(77.139753028185,21.963381314149,14.7));
#5140 = VECTOR('',#5141,1.);
#5141 = DIRECTION('',(0.960049854386,0.279829014031,0.));
#5142 = ORIENTED_EDGE('',*,*,#486,.T.);
#5143 = PLANE('',#5144);
#5144 = AXIS2_PLACEMENT_3D('',#5145,#5146,#5147);
#5145 = CARTESIAN_POINT('',(77.139753028185,21.963381314149,14.7));
#5146 = DIRECTION('',(0.,0.,1.));
#5147 = DIRECTION('',(0.960049854386,0.279829014031,0.));
#5148 = ADVANCED_FACE('',(#5149),#5167,.F.);
#5149 = FACE_BOUND('',#5150,.F.);
#5150 = EDGE_LOOP('',(#5151,#5152,#5160,#5166));
#5151 = ORIENTED_EDGE('',*,*,#5120,.F.);
#5152 = ORIENTED_EDGE('',*,*,#5153,.T.);
#5153 = EDGE_CURVE('',#5121,#5154,#5156,.T.);
#5154 = VERTEX_POINT('',#5155);
#5155 = CARTESIAN_POINT('',(77.818496018073,23.202829428437,18.2));
#5156 = LINE('',#5157,#5158);
#5157 = CARTESIAN_POINT('',(77.818496018073,23.202829428437,7.99));
#5158 = VECTOR('',#5159,1.);
#5159 = DIRECTION('',(0.,0.,1.));
#5160 = ORIENTED_EDGE('',*,*,#5161,.T.);
#5161 = EDGE_CURVE('',#5154,#506,#5162,.T.);
#5162 = LINE('',#5163,#5164);
#5163 = CARTESIAN_POINT('',(76.859924014154,22.923431168535,18.2));
#5164 = VECTOR('',#5165,1.);
#5165 = DIRECTION('',(0.960049854386,0.279829014031,0.));
#5166 = ORIENTED_EDGE('',*,*,#514,.F.);
#5167 = PLANE('',#5168);
#5168 = AXIS2_PLACEMENT_3D('',#5169,#5170,#5171);
#5169 = CARTESIAN_POINT('',(76.859924014154,22.923431168535,14.7));
#5170 = DIRECTION('',(-0.279829014031,0.960049854386,0.));
#5171 = DIRECTION('',(0.,0.,1.));
#5172 = ADVANCED_FACE('',(#5173),#5192,.F.);
#5173 = FACE_BOUND('',#5174,.F.);
#5174 = EDGE_LOOP('',(#5175,#5176,#5185,#5191));
#5175 = ORIENTED_EDGE('',*,*,#5161,.F.);
#5176 = ORIENTED_EDGE('',*,*,#5177,.F.);
#5177 = EDGE_CURVE('',#5178,#5154,#5180,.T.);
#5178 = VERTEX_POINT('',#5179);
#5179 = CARTESIAN_POINT('',(78.098325032104,22.242779574051,18.2));
#5180 = CIRCLE('',#5181,81.204);
#5181 = AXIS2_PLACEMENT_3D('',#5182,#5183,#5184);
#5182 = CARTESIAN_POINT('',(0.,0.,18.2));
#5183 = DIRECTION('',(0.,0.,1.));
#5184 = DIRECTION('',(1.,0.,-0.));
#5185 = ORIENTED_EDGE('',*,*,#5186,.T.);
#5186 = EDGE_CURVE('',#5178,#498,#5187,.T.);
#5187 = LINE('',#5188,#5189);
#5188 = CARTESIAN_POINT('',(77.139753028185,21.963381314149,18.2));
#5189 = VECTOR('',#5190,1.);
#5190 = DIRECTION('',(0.960049854386,0.279829014031,0.));
#5191 = ORIENTED_EDGE('',*,*,#505,.T.);
#5192 = PLANE('',#5193);
#5193 = AXIS2_PLACEMENT_3D('',#5194,#5195,#5196);
#5194 = CARTESIAN_POINT('',(77.139753028185,21.963381314149,18.2));
#5195 = DIRECTION('',(0.,0.,1.));
#5196 = DIRECTION('',(0.960049854386,0.279829014031,0.));
#5197 = ADVANCED_FACE('',(#5198),#5209,.T.);
#5198 = FACE_BOUND('',#5199,.T.);
#5199 = EDGE_LOOP('',(#5200,#5201,#5207,#5208));
#5200 = ORIENTED_EDGE('',*,*,#5137,.F.);
#5201 = ORIENTED_EDGE('',*,*,#5202,.T.);
#5202 = EDGE_CURVE('',#5129,#5178,#5203,.T.);
#5203 = LINE('',#5204,#5205);
#5204 = CARTESIAN_POINT('',(78.098325032104,22.242779574051,7.99));
#5205 = VECTOR('',#5206,1.);
#5206 = DIRECTION('',(0.,0.,1.));
#5207 = ORIENTED_EDGE('',*,*,#5186,.T.);
#5208 = ORIENTED_EDGE('',*,*,#497,.F.);
#5209 = PLANE('',#5210);
#5210 = AXIS2_PLACEMENT_3D('',#5211,#5212,#5213);
#5211 = CARTESIAN_POINT('',(77.139753028185,21.963381314149,14.7));
#5212 = DIRECTION('',(-0.279829014031,0.960049854386,0.));
#5213 = DIRECTION('',(0.,0.,1.));
#5214 = ADVANCED_FACE('',(#5215),#5241,.T.);
#5215 = FACE_BOUND('',#5216,.T.);
#5216 = EDGE_LOOP('',(#5217,#5225,#5234,#5240));
#5217 = ORIENTED_EDGE('',*,*,#5218,.F.);
#5218 = EDGE_CURVE('',#5219,#525,#5221,.T.);
#5219 = VERTEX_POINT('',#5220);
#5220 = CARTESIAN_POINT('',(76.73233684822,26.575140598147,14.7));
#5221 = LINE('',#5222,#5223);
#5222 = CARTESIAN_POINT('',(75.786864373374,26.254195939922,14.7));
#5223 = VECTOR('',#5224,1.);
#5224 = DIRECTION('',(0.946930129495,0.321439465303,0.));
#5225 = ORIENTED_EDGE('',*,*,#5226,.F.);
#5226 = EDGE_CURVE('',#5227,#5219,#5229,.T.);
#5227 = VERTEX_POINT('',#5228);
#5228 = CARTESIAN_POINT('',(77.053776313523,25.628210468652,14.7));
#5229 = CIRCLE('',#5230,81.204);
#5230 = AXIS2_PLACEMENT_3D('',#5231,#5232,#5233);
#5231 = CARTESIAN_POINT('',(0.,0.,14.7));
#5232 = DIRECTION('',(0.,0.,1.));
#5233 = DIRECTION('',(1.,0.,-0.));
#5234 = ORIENTED_EDGE('',*,*,#5235,.T.);
#5235 = EDGE_CURVE('',#5227,#523,#5236,.T.);
#5236 = LINE('',#5237,#5238);
#5237 = CARTESIAN_POINT('',(76.108303838677,25.307265810427,14.7));
#5238 = VECTOR('',#5239,1.);
#5239 = DIRECTION('',(0.946930129495,0.321439465303,0.));
#5240 = ORIENTED_EDGE('',*,*,#522,.T.);
#5241 = PLANE('',#5242);
#5242 = AXIS2_PLACEMENT_3D('',#5243,#5244,#5245);
#5243 = CARTESIAN_POINT('',(76.108303838677,25.307265810427,14.7));
#5244 = DIRECTION('',(0.,0.,1.));
#5245 = DIRECTION('',(0.946930129495,0.321439465303,0.));
#5246 = ADVANCED_FACE('',(#5247),#5265,.F.);
#5247 = FACE_BOUND('',#5248,.F.);
#5248 = EDGE_LOOP('',(#5249,#5250,#5258,#5264));
#5249 = ORIENTED_EDGE('',*,*,#5218,.F.);
#5250 = ORIENTED_EDGE('',*,*,#5251,.T.);
#5251 = EDGE_CURVE('',#5219,#5252,#5254,.T.);
#5252 = VERTEX_POINT('',#5253);
#5253 = CARTESIAN_POINT('',(76.73233684822,26.575140598147,18.2));
#5254 = LINE('',#5255,#5256);
#5255 = CARTESIAN_POINT('',(76.73233684822,26.575140598147,7.99));
#5256 = VECTOR('',#5257,1.);
#5257 = DIRECTION('',(0.,0.,1.));
#5258 = ORIENTED_EDGE('',*,*,#5259,.T.);
#5259 = EDGE_CURVE('',#5252,#542,#5260,.T.);
#5260 = LINE('',#5261,#5262);
#5261 = CARTESIAN_POINT('',(75.786864373374,26.254195939922,18.2));
#5262 = VECTOR('',#5263,1.);
#5263 = DIRECTION('',(0.946930129495,0.321439465303,0.));
#5264 = ORIENTED_EDGE('',*,*,#550,.F.);
#5265 = PLANE('',#5266);
#5266 = AXIS2_PLACEMENT_3D('',#5267,#5268,#5269);
#5267 = CARTESIAN_POINT('',(75.786864373374,26.254195939922,14.7));
#5268 = DIRECTION('',(-0.321439465303,0.946930129495,0.));
#5269 = DIRECTION('',(0.,0.,1.));
#5270 = ADVANCED_FACE('',(#5271),#5290,.F.);
#5271 = FACE_BOUND('',#5272,.F.);
#5272 = EDGE_LOOP('',(#5273,#5274,#5283,#5289));
#5273 = ORIENTED_EDGE('',*,*,#5259,.F.);
#5274 = ORIENTED_EDGE('',*,*,#5275,.F.);
#5275 = EDGE_CURVE('',#5276,#5252,#5278,.T.);
#5276 = VERTEX_POINT('',#5277);
#5277 = CARTESIAN_POINT('',(77.053776313523,25.628210468652,18.2));
#5278 = CIRCLE('',#5279,81.204);
#5279 = AXIS2_PLACEMENT_3D('',#5280,#5281,#5282);
#5280 = CARTESIAN_POINT('',(0.,0.,18.2));
#5281 = DIRECTION('',(0.,0.,1.));
#5282 = DIRECTION('',(1.,0.,-0.));
#5283 = ORIENTED_EDGE('',*,*,#5284,.T.);
#5284 = EDGE_CURVE('',#5276,#534,#5285,.T.);
#5285 = LINE('',#5286,#5287);
#5286 = CARTESIAN_POINT('',(76.108303838677,25.307265810427,18.2));
#5287 = VECTOR('',#5288,1.);
#5288 = DIRECTION('',(0.946930129495,0.321439465303,0.));
#5289 = ORIENTED_EDGE('',*,*,#541,.T.);
#5290 = PLANE('',#5291);
#5291 = AXIS2_PLACEMENT_3D('',#5292,#5293,#5294);
#5292 = CARTESIAN_POINT('',(76.108303838677,25.307265810427,18.2));
#5293 = DIRECTION('',(0.,0.,1.));
#5294 = DIRECTION('',(0.946930129495,0.321439465303,0.));
#5295 = ADVANCED_FACE('',(#5296),#5307,.T.);
#5296 = FACE_BOUND('',#5297,.T.);
#5297 = EDGE_LOOP('',(#5298,#5299,#5305,#5306));
#5298 = ORIENTED_EDGE('',*,*,#5235,.F.);
#5299 = ORIENTED_EDGE('',*,*,#5300,.T.);
#5300 = EDGE_CURVE('',#5227,#5276,#5301,.T.);
#5301 = LINE('',#5302,#5303);
#5302 = CARTESIAN_POINT('',(77.053776313523,25.628210468652,7.99));
#5303 = VECTOR('',#5304,1.);
#5304 = DIRECTION('',(0.,0.,1.));
#5305 = ORIENTED_EDGE('',*,*,#5284,.T.);
#5306 = ORIENTED_EDGE('',*,*,#533,.F.);
#5307 = PLANE('',#5308);
#5308 = AXIS2_PLACEMENT_3D('',#5309,#5310,#5311);
#5309 = CARTESIAN_POINT('',(76.108303838677,25.307265810427,14.7));
#5310 = DIRECTION('',(-0.321439465303,0.946930129495,0.));
#5311 = DIRECTION('',(0.,0.,1.));
#5312 = ADVANCED_FACE('',(#5313),#5339,.T.);
#5313 = FACE_BOUND('',#5314,.T.);
#5314 = EDGE_LOOP('',(#5315,#5323,#5332,#5338));
#5315 = ORIENTED_EDGE('',*,*,#5316,.F.);
#5316 = EDGE_CURVE('',#5317,#561,#5319,.T.);
#5317 = VERTEX_POINT('',#5318);
#5318 = CARTESIAN_POINT('',(75.500113313996,29.896864477297,14.7));
#5319 = LINE('',#5320,#5321);
#5320 = CARTESIAN_POINT('',(74.569540128816,29.534984357147,14.7));
#5321 = VECTOR('',#5322,1.);
#5322 = DIRECTION('',(0.932007869283,0.362438038284,0.));
#5323 = ORIENTED_EDGE('',*,*,#5324,.F.);
#5324 = EDGE_CURVE('',#5325,#5317,#5327,.T.);
#5325 = VERTEX_POINT('',#5326);
#5326 = CARTESIAN_POINT('',(75.862551352279,28.964856608014,14.7));
#5327 = CIRCLE('',#5328,81.204);
#5328 = AXIS2_PLACEMENT_3D('',#5329,#5330,#5331);
#5329 = CARTESIAN_POINT('',(0.,0.,14.7));
#5330 = DIRECTION('',(0.,0.,1.));
#5331 = DIRECTION('',(1.,0.,-0.));
#5332 = ORIENTED_EDGE('',*,*,#5333,.T.);
#5333 = EDGE_CURVE('',#5325,#559,#5334,.T.);
#5334 = LINE('',#5335,#5336);
#5335 = CARTESIAN_POINT('',(74.931978167099,28.602976487865,14.7));
#5336 = VECTOR('',#5337,1.);
#5337 = DIRECTION('',(0.932007869283,0.362438038284,0.));
#5338 = ORIENTED_EDGE('',*,*,#558,.T.);
#5339 = PLANE('',#5340);
#5340 = AXIS2_PLACEMENT_3D('',#5341,#5342,#5343);
#5341 = CARTESIAN_POINT('',(74.931978167099,28.602976487865,14.7));
#5342 = DIRECTION('',(0.,0.,1.));
#5343 = DIRECTION('',(0.932007869283,0.362438038284,0.));
#5344 = ADVANCED_FACE('',(#5345),#5363,.F.);
#5345 = FACE_BOUND('',#5346,.F.);
#5346 = EDGE_LOOP('',(#5347,#5348,#5356,#5362));
#5347 = ORIENTED_EDGE('',*,*,#5316,.F.);
#5348 = ORIENTED_EDGE('',*,*,#5349,.T.);
#5349 = EDGE_CURVE('',#5317,#5350,#5352,.T.);
#5350 = VERTEX_POINT('',#5351);
#5351 = CARTESIAN_POINT('',(75.500113313996,29.896864477297,18.2));
#5352 = LINE('',#5353,#5354);
#5353 = CARTESIAN_POINT('',(75.500113313996,29.896864477297,7.99));
#5354 = VECTOR('',#5355,1.);
#5355 = DIRECTION('',(0.,0.,1.));
#5356 = ORIENTED_EDGE('',*,*,#5357,.T.);
#5357 = EDGE_CURVE('',#5350,#578,#5358,.T.);
#5358 = LINE('',#5359,#5360);
#5359 = CARTESIAN_POINT('',(74.569540128816,29.534984357147,18.2));
#5360 = VECTOR('',#5361,1.);
#5361 = DIRECTION('',(0.932007869283,0.362438038284,0.));
#5362 = ORIENTED_EDGE('',*,*,#586,.F.);
#5363 = PLANE('',#5364);
#5364 = AXIS2_PLACEMENT_3D('',#5365,#5366,#5367);
#5365 = CARTESIAN_POINT('',(74.569540128816,29.534984357147,14.7));
#5366 = DIRECTION('',(-0.362438038284,0.932007869283,0.));
#5367 = DIRECTION('',(0.,0.,1.));
#5368 = ADVANCED_FACE('',(#5369),#5388,.F.);
#5369 = FACE_BOUND('',#5370,.F.);
#5370 = EDGE_LOOP('',(#5371,#5372,#5381,#5387));
#5371 = ORIENTED_EDGE('',*,*,#5357,.F.);
#5372 = ORIENTED_EDGE('',*,*,#5373,.F.);
#5373 = EDGE_CURVE('',#5374,#5350,#5376,.T.);
#5374 = VERTEX_POINT('',#5375);
#5375 = CARTESIAN_POINT('',(75.862551352279,28.964856608014,18.2));
#5376 = CIRCLE('',#5377,81.204);
#5377 = AXIS2_PLACEMENT_3D('',#5378,#5379,#5380);
#5378 = CARTESIAN_POINT('',(0.,0.,18.2));
#5379 = DIRECTION('',(0.,0.,1.));
#5380 = DIRECTION('',(1.,0.,-0.));
#5381 = ORIENTED_EDGE('',*,*,#5382,.T.);
#5382 = EDGE_CURVE('',#5374,#570,#5383,.T.);
#5383 = LINE('',#5384,#5385);
#5384 = CARTESIAN_POINT('',(74.931978167099,28.602976487865,18.2));
#5385 = VECTOR('',#5386,1.);
#5386 = DIRECTION('',(0.932007869283,0.362438038284,0.));
#5387 = ORIENTED_EDGE('',*,*,#577,.T.);
#5388 = PLANE('',#5389);
#5389 = AXIS2_PLACEMENT_3D('',#5390,#5391,#5392);
#5390 = CARTESIAN_POINT('',(74.931978167099,28.602976487865,18.2));
#5391 = DIRECTION('',(0.,0.,1.));
#5392 = DIRECTION('',(0.932007869283,0.362438038284,0.));
#5393 = ADVANCED_FACE('',(#5394),#5405,.T.);
#5394 = FACE_BOUND('',#5395,.T.);
#5395 = EDGE_LOOP('',(#5396,#5397,#5403,#5404));
#5396 = ORIENTED_EDGE('',*,*,#5333,.F.);
#5397 = ORIENTED_EDGE('',*,*,#5398,.T.);
#5398 = EDGE_CURVE('',#5325,#5374,#5399,.T.);
#5399 = LINE('',#5400,#5401);
#5400 = CARTESIAN_POINT('',(75.862551352279,28.964856608014,7.99));
#5401 = VECTOR('',#5402,1.);
#5402 = DIRECTION('',(0.,0.,1.));
#5403 = ORIENTED_EDGE('',*,*,#5382,.T.);
#5404 = ORIENTED_EDGE('',*,*,#569,.F.);
#5405 = PLANE('',#5406);
#5406 = AXIS2_PLACEMENT_3D('',#5407,#5408,#5409);
#5407 = CARTESIAN_POINT('',(74.931978167099,28.602976487865,14.7));
#5408 = DIRECTION('',(-0.362438038284,0.932007869283,0.));
#5409 = DIRECTION('',(0.,0.,1.));
#5410 = ADVANCED_FACE('',(#5411),#5437,.T.);
#5411 = FACE_BOUND('',#5412,.T.);
#5412 = EDGE_LOOP('',(#5413,#5421,#5430,#5436));
#5413 = ORIENTED_EDGE('',*,*,#5414,.F.);
#5414 = EDGE_CURVE('',#5415,#597,#5417,.T.);
#5415 = VERTEX_POINT('',#5416);
#5416 = CARTESIAN_POINT('',(74.124171022932,33.161677975687,14.7));
#5417 = LINE('',#5418,#5419);
#5418 = CARTESIAN_POINT('',(73.210268526367,32.75955125299,14.7));
#5419 = VECTOR('',#5420,1.);
#5420 = DIRECTION('',(0.915311479119,0.402746689859,0.));
#5421 = ORIENTED_EDGE('',*,*,#5422,.F.);
#5422 = EDGE_CURVE('',#5423,#5415,#5425,.T.);
#5423 = VERTEX_POINT('',#5424);
#5424 = CARTESIAN_POINT('',(74.526917712791,32.246366496567,14.7));
#5425 = CIRCLE('',#5426,81.204);
#5426 = AXIS2_PLACEMENT_3D('',#5427,#5428,#5429);
#5427 = CARTESIAN_POINT('',(0.,0.,14.7));
#5428 = DIRECTION('',(0.,0.,1.));
#5429 = DIRECTION('',(1.,0.,-0.));
#5430 = ORIENTED_EDGE('',*,*,#5431,.T.);
#5431 = EDGE_CURVE('',#5423,#595,#5432,.T.);
#5432 = LINE('',#5433,#5434);
#5433 = CARTESIAN_POINT('',(73.613015216225,31.84423977387,14.7));
#5434 = VECTOR('',#5435,1.);
#5435 = DIRECTION('',(0.915311479119,0.402746689859,0.));
#5436 = ORIENTED_EDGE('',*,*,#594,.T.);
#5437 = PLANE('',#5438);
#5438 = AXIS2_PLACEMENT_3D('',#5439,#5440,#5441);
#5439 = CARTESIAN_POINT('',(73.613015216225,31.84423977387,14.7));
#5440 = DIRECTION('',(0.,0.,1.));
#5441 = DIRECTION('',(0.915311479119,0.402746689859,0.));
#5442 = ADVANCED_FACE('',(#5443),#5461,.F.);
#5443 = FACE_BOUND('',#5444,.F.);
#5444 = EDGE_LOOP('',(#5445,#5446,#5454,#5460));
#5445 = ORIENTED_EDGE('',*,*,#5414,.F.);
#5446 = ORIENTED_EDGE('',*,*,#5447,.T.);
#5447 = EDGE_CURVE('',#5415,#5448,#5450,.T.);
#5448 = VERTEX_POINT('',#5449);
#5449 = CARTESIAN_POINT('',(74.124171022932,33.161677975687,18.2));
#5450 = LINE('',#5451,#5452);
#5451 = CARTESIAN_POINT('',(74.124171022932,33.161677975687,7.99));
#5452 = VECTOR('',#5453,1.);
#5453 = DIRECTION('',(0.,0.,1.));
#5454 = ORIENTED_EDGE('',*,*,#5455,.T.);
#5455 = EDGE_CURVE('',#5448,#614,#5456,.T.);
#5456 = LINE('',#5457,#5458);
#5457 = CARTESIAN_POINT('',(73.210268526367,32.75955125299,18.2));
#5458 = VECTOR('',#5459,1.);
#5459 = DIRECTION('',(0.915311479119,0.402746689859,0.));
#5460 = ORIENTED_EDGE('',*,*,#622,.F.);
#5461 = PLANE('',#5462);
#5462 = AXIS2_PLACEMENT_3D('',#5463,#5464,#5465);
#5463 = CARTESIAN_POINT('',(73.210268526367,32.75955125299,14.7));
#5464 = DIRECTION('',(-0.402746689859,0.915311479119,0.));
#5465 = DIRECTION('',(0.,0.,1.));
#5466 = ADVANCED_FACE('',(#5467),#5486,.F.);
#5467 = FACE_BOUND('',#5468,.F.);
#5468 = EDGE_LOOP('',(#5469,#5470,#5479,#5485));
#5469 = ORIENTED_EDGE('',*,*,#5455,.F.);
#5470 = ORIENTED_EDGE('',*,*,#5471,.F.);
#5471 = EDGE_CURVE('',#5472,#5448,#5474,.T.);
#5472 = VERTEX_POINT('',#5473);
#5473 = CARTESIAN_POINT('',(74.526917712791,32.246366496567,18.2));
#5474 = CIRCLE('',#5475,81.204);
#5475 = AXIS2_PLACEMENT_3D('',#5476,#5477,#5478);
#5476 = CARTESIAN_POINT('',(0.,0.,18.2));
#5477 = DIRECTION('',(0.,0.,1.));
#5478 = DIRECTION('',(1.,0.,-0.));
#5479 = ORIENTED_EDGE('',*,*,#5480,.T.);
#5480 = EDGE_CURVE('',#5472,#606,#5481,.T.);
#5481 = LINE('',#5482,#5483);
#5482 = CARTESIAN_POINT('',(73.613015216225,31.84423977387,18.2));
#5483 = VECTOR('',#5484,1.);
#5484 = DIRECTION('',(0.915311479119,0.402746689859,0.));
#5485 = ORIENTED_EDGE('',*,*,#613,.T.);
#5486 = PLANE('',#5487);
#5487 = AXIS2_PLACEMENT_3D('',#5488,#5489,#5490);
#5488 = CARTESIAN_POINT('',(73.613015216225,31.84423977387,18.2));
#5489 = DIRECTION('',(0.,0.,1.));
#5490 = DIRECTION('',(0.915311479119,0.402746689859,0.));
#5491 = ADVANCED_FACE('',(#5492),#5503,.T.);
#5492 = FACE_BOUND('',#5493,.T.);
#5493 = EDGE_LOOP('',(#5494,#5495,#5501,#5502));
#5494 = ORIENTED_EDGE('',*,*,#5431,.F.);
#5495 = ORIENTED_EDGE('',*,*,#5496,.T.);
#5496 = EDGE_CURVE('',#5423,#5472,#5497,.T.);
#5497 = LINE('',#5498,#5499);
#5498 = CARTESIAN_POINT('',(74.526917712791,32.246366496567,7.99));
#5499 = VECTOR('',#5500,1.);
#5500 = DIRECTION('',(0.,0.,1.));
#5501 = ORIENTED_EDGE('',*,*,#5480,.T.);
#5502 = ORIENTED_EDGE('',*,*,#605,.F.);
#5503 = PLANE('',#5504);
#5504 = AXIS2_PLACEMENT_3D('',#5505,#5506,#5507);
#5505 = CARTESIAN_POINT('',(73.613015216225,31.84423977387,14.7));
#5506 = DIRECTION('',(-0.402746689859,0.915311479119,0.));
#5507 = DIRECTION('',(0.,0.,1.));
#5508 = ADVANCED_FACE('',(#5509),#5535,.T.);
#5509 = FACE_BOUND('',#5510,.T.);
#5510 = EDGE_LOOP('',(#5511,#5519,#5528,#5534));
#5511 = ORIENTED_EDGE('',*,*,#5512,.F.);
#5512 = EDGE_CURVE('',#5513,#633,#5515,.T.);
#5513 = VERTEX_POINT('',#5514);
#5514 = CARTESIAN_POINT('',(65.189631422166,48.419020756745,14.7));
#5515 = LINE('',#5516,#5517);
#5516 = CARTESIAN_POINT('',(64.384428216487,47.828621339486,14.7));
#5517 = VECTOR('',#5518,1.);
#5518 = DIRECTION('',(0.806444604267,0.591309648364,0.));
#5519 = ORIENTED_EDGE('',*,*,#5520,.F.);
#5520 = EDGE_CURVE('',#5521,#5513,#5523,.T.);
#5521 = VERTEX_POINT('',#5522);
#5522 = CARTESIAN_POINT('',(65.78094107053,47.612576152478,14.7));
#5523 = CIRCLE('',#5524,81.204);
#5524 = AXIS2_PLACEMENT_3D('',#5525,#5526,#5527);
#5525 = CARTESIAN_POINT('',(0.,0.,14.7));
#5526 = DIRECTION('',(0.,0.,1.));
#5527 = DIRECTION('',(1.,0.,-0.));
#5528 = ORIENTED_EDGE('',*,*,#5529,.T.);
#5529 = EDGE_CURVE('',#5521,#631,#5530,.T.);
#5530 = LINE('',#5531,#5532);
#5531 = CARTESIAN_POINT('',(64.975737864851,47.022176735219,14.7));
#5532 = VECTOR('',#5533,1.);
#5533 = DIRECTION('',(0.806444604267,0.591309648364,0.));
#5534 = ORIENTED_EDGE('',*,*,#630,.T.);
#5535 = PLANE('',#5536);
#5536 = AXIS2_PLACEMENT_3D('',#5537,#5538,#5539);
#5537 = CARTESIAN_POINT('',(64.975737864851,47.022176735219,14.7));
#5538 = DIRECTION('',(0.,0.,1.));
#5539 = DIRECTION('',(0.806444604267,0.591309648364,0.));
#5540 = ADVANCED_FACE('',(#5541),#5559,.F.);
#5541 = FACE_BOUND('',#5542,.F.);
#5542 = EDGE_LOOP('',(#5543,#5544,#5552,#5558));
#5543 = ORIENTED_EDGE('',*,*,#5512,.F.);
#5544 = ORIENTED_EDGE('',*,*,#5545,.T.);
#5545 = EDGE_CURVE('',#5513,#5546,#5548,.T.);
#5546 = VERTEX_POINT('',#5547);
#5547 = CARTESIAN_POINT('',(65.189631422166,48.419020756745,18.2));
#5548 = LINE('',#5549,#5550);
#5549 = CARTESIAN_POINT('',(65.189631422166,48.419020756745,7.99));
#5550 = VECTOR('',#5551,1.);
#5551 = DIRECTION('',(0.,0.,1.));
#5552 = ORIENTED_EDGE('',*,*,#5553,.T.);
#5553 = EDGE_CURVE('',#5546,#650,#5554,.T.);
#5554 = LINE('',#5555,#5556);
#5555 = CARTESIAN_POINT('',(64.384428216487,47.828621339486,18.2));
#5556 = VECTOR('',#5557,1.);
#5557 = DIRECTION('',(0.806444604267,0.591309648364,0.));
#5558 = ORIENTED_EDGE('',*,*,#658,.F.);
#5559 = PLANE('',#5560);
#5560 = AXIS2_PLACEMENT_3D('',#5561,#5562,#5563);
#5561 = CARTESIAN_POINT('',(64.384428216487,47.828621339486,14.7));
#5562 = DIRECTION('',(-0.591309648364,0.806444604267,0.));
#5563 = DIRECTION('',(0.,0.,1.));
#5564 = ADVANCED_FACE('',(#5565),#5584,.F.);
#5565 = FACE_BOUND('',#5566,.F.);
#5566 = EDGE_LOOP('',(#5567,#5568,#5577,#5583));
#5567 = ORIENTED_EDGE('',*,*,#5553,.F.);
#5568 = ORIENTED_EDGE('',*,*,#5569,.F.);
#5569 = EDGE_CURVE('',#5570,#5546,#5572,.T.);
#5570 = VERTEX_POINT('',#5571);
#5571 = CARTESIAN_POINT('',(65.78094107053,47.612576152478,18.2));
#5572 = CIRCLE('',#5573,81.204);
#5573 = AXIS2_PLACEMENT_3D('',#5574,#5575,#5576);
#5574 = CARTESIAN_POINT('',(0.,0.,18.2));
#5575 = DIRECTION('',(0.,0.,1.));
#5576 = DIRECTION('',(1.,0.,-0.));
#5577 = ORIENTED_EDGE('',*,*,#5578,.T.);
#5578 = EDGE_CURVE('',#5570,#642,#5579,.T.);
#5579 = LINE('',#5580,#5581);
#5580 = CARTESIAN_POINT('',(64.975737864851,47.022176735219,18.2));
#5581 = VECTOR('',#5582,1.);
#5582 = DIRECTION('',(0.806444604267,0.591309648364,0.));
#5583 = ORIENTED_EDGE('',*,*,#649,.T.);
#5584 = PLANE('',#5585);
#5585 = AXIS2_PLACEMENT_3D('',#5586,#5587,#5588);
#5586 = CARTESIAN_POINT('',(64.975737864851,47.022176735219,18.2));
#5587 = DIRECTION('',(0.,0.,1.));
#5588 = DIRECTION('',(0.806444604267,0.591309648364,0.));
#5589 = ADVANCED_FACE('',(#5590),#5601,.T.);
#5590 = FACE_BOUND('',#5591,.T.);
#5591 = EDGE_LOOP('',(#5592,#5593,#5599,#5600));
#5592 = ORIENTED_EDGE('',*,*,#5529,.F.);
#5593 = ORIENTED_EDGE('',*,*,#5594,.T.);
#5594 = EDGE_CURVE('',#5521,#5570,#5595,.T.);
#5595 = LINE('',#5596,#5597);
#5596 = CARTESIAN_POINT('',(65.78094107053,47.612576152478,7.99));
#5597 = VECTOR('',#5598,1.);
#5598 = DIRECTION('',(0.,0.,1.));
#5599 = ORIENTED_EDGE('',*,*,#5578,.T.);
#5600 = ORIENTED_EDGE('',*,*,#641,.F.);
#5601 = PLANE('',#5602);
#5602 = AXIS2_PLACEMENT_3D('',#5603,#5604,#5605);
#5603 = CARTESIAN_POINT('',(64.975737864851,47.022176735219,14.7));
#5604 = DIRECTION('',(-0.591309648364,0.806444604267,0.));
#5605 = DIRECTION('',(0.,0.,1.));
#5606 = ADVANCED_FACE('',(#5607),#5633,.T.);
#5607 = FACE_BOUND('',#5608,.T.);
#5608 = EDGE_LOOP('',(#5609,#5617,#5626,#5632));
#5609 = ORIENTED_EDGE('',*,*,#5610,.F.);
#5610 = EDGE_CURVE('',#5611,#669,#5613,.T.);
#5611 = VERTEX_POINT('',#5612);
#5612 = CARTESIAN_POINT('',(63.015577315653,51.216468362968,14.7));
#5613 = LINE('',#5614,#5615);
#5614 = CARTESIAN_POINT('',(62.236893345889,50.591508404597,14.7));
#5615 = VECTOR('',#5616,1.);
#5616 = DIRECTION('',(0.779884483093,0.625923472184,0.));
#5617 = ORIENTED_EDGE('',*,*,#5618,.F.);
#5618 = EDGE_CURVE('',#5619,#5611,#5621,.T.);
#5619 = VERTEX_POINT('',#5620);
#5620 = CARTESIAN_POINT('',(63.641500787837,50.436583879876,14.7));
#5621 = CIRCLE('',#5622,81.204);
#5622 = AXIS2_PLACEMENT_3D('',#5623,#5624,#5625);
#5623 = CARTESIAN_POINT('',(0.,0.,14.7));
#5624 = DIRECTION('',(0.,0.,1.));
#5625 = DIRECTION('',(1.,0.,-0.));
#5626 = ORIENTED_EDGE('',*,*,#5627,.T.);
#5627 = EDGE_CURVE('',#5619,#667,#5628,.T.);
#5628 = LINE('',#5629,#5630);
#5629 = CARTESIAN_POINT('',(62.862816818074,49.811623921504,14.7));
#5630 = VECTOR('',#5631,1.);
#5631 = DIRECTION('',(0.779884483093,0.625923472184,0.));
#5632 = ORIENTED_EDGE('',*,*,#666,.T.);
#5633 = PLANE('',#5634);
#5634 = AXIS2_PLACEMENT_3D('',#5635,#5636,#5637);
#5635 = CARTESIAN_POINT('',(62.862816818074,49.811623921504,14.7));
#5636 = DIRECTION('',(0.,0.,1.));
#5637 = DIRECTION('',(0.779884483093,0.625923472184,0.));
#5638 = ADVANCED_FACE('',(#5639),#5657,.F.);
#5639 = FACE_BOUND('',#5640,.F.);
#5640 = EDGE_LOOP('',(#5641,#5642,#5650,#5656));
#5641 = ORIENTED_EDGE('',*,*,#5610,.F.);
#5642 = ORIENTED_EDGE('',*,*,#5643,.T.);
#5643 = EDGE_CURVE('',#5611,#5644,#5646,.T.);
#5644 = VERTEX_POINT('',#5645);
#5645 = CARTESIAN_POINT('',(63.015577315653,51.216468362968,18.2));
#5646 = LINE('',#5647,#5648);
#5647 = CARTESIAN_POINT('',(63.015577315653,51.216468362968,7.99));
#5648 = VECTOR('',#5649,1.);
#5649 = DIRECTION('',(0.,0.,1.));
#5650 = ORIENTED_EDGE('',*,*,#5651,.T.);
#5651 = EDGE_CURVE('',#5644,#686,#5652,.T.);
#5652 = LINE('',#5653,#5654);
#5653 = CARTESIAN_POINT('',(62.236893345889,50.591508404597,18.2));
#5654 = VECTOR('',#5655,1.);
#5655 = DIRECTION('',(0.779884483093,0.625923472184,0.));
#5656 = ORIENTED_EDGE('',*,*,#694,.F.);
#5657 = PLANE('',#5658);
#5658 = AXIS2_PLACEMENT_3D('',#5659,#5660,#5661);
#5659 = CARTESIAN_POINT('',(62.236893345889,50.591508404597,14.7));
#5660 = DIRECTION('',(-0.625923472184,0.779884483093,0.));
#5661 = DIRECTION('',(0.,0.,1.));
#5662 = ADVANCED_FACE('',(#5663),#5682,.F.);
#5663 = FACE_BOUND('',#5664,.F.);
#5664 = EDGE_LOOP('',(#5665,#5666,#5675,#5681));
#5665 = ORIENTED_EDGE('',*,*,#5651,.F.);
#5666 = ORIENTED_EDGE('',*,*,#5667,.F.);
#5667 = EDGE_CURVE('',#5668,#5644,#5670,.T.);
#5668 = VERTEX_POINT('',#5669);
#5669 = CARTESIAN_POINT('',(63.641500787837,50.436583879876,18.2));
#5670 = CIRCLE('',#5671,81.204);
#5671 = AXIS2_PLACEMENT_3D('',#5672,#5673,#5674);
#5672 = CARTESIAN_POINT('',(0.,0.,18.2));
#5673 = DIRECTION('',(0.,0.,1.));
#5674 = DIRECTION('',(1.,0.,-0.));
#5675 = ORIENTED_EDGE('',*,*,#5676,.T.);
#5676 = EDGE_CURVE('',#5668,#678,#5677,.T.);
#5677 = LINE('',#5678,#5679);
#5678 = CARTESIAN_POINT('',(62.862816818074,49.811623921504,18.2));
#5679 = VECTOR('',#5680,1.);
#5680 = DIRECTION('',(0.779884483093,0.625923472184,0.));
#5681 = ORIENTED_EDGE('',*,*,#685,.T.);
#5682 = PLANE('',#5683);
#5683 = AXIS2_PLACEMENT_3D('',#5684,#5685,#5686);
#5684 = CARTESIAN_POINT('',(62.862816818074,49.811623921504,18.2));
#5685 = DIRECTION('',(0.,0.,1.));
#5686 = DIRECTION('',(0.779884483093,0.625923472184,0.));
#5687 = ADVANCED_FACE('',(#5688),#5699,.T.);
#5688 = FACE_BOUND('',#5689,.T.);
#5689 = EDGE_LOOP('',(#5690,#5691,#5697,#5698));
#5690 = ORIENTED_EDGE('',*,*,#5627,.F.);
#5691 = ORIENTED_EDGE('',*,*,#5692,.T.);
#5692 = EDGE_CURVE('',#5619,#5668,#5693,.T.);
#5693 = LINE('',#5694,#5695);
#5694 = CARTESIAN_POINT('',(63.641500787837,50.436583879876,7.99));
#5695 = VECTOR('',#5696,1.);
#5696 = DIRECTION('',(0.,0.,1.));
#5697 = ORIENTED_EDGE('',*,*,#5676,.T.);
#5698 = ORIENTED_EDGE('',*,*,#677,.F.);
#5699 = PLANE('',#5700);
#5700 = AXIS2_PLACEMENT_3D('',#5701,#5702,#5703);
#5701 = CARTESIAN_POINT('',(62.862816818074,49.811623921504,14.7));
#5702 = DIRECTION('',(-0.625923472184,0.779884483093,0.));
#5703 = DIRECTION('',(0.,0.,1.));
#5704 = ADVANCED_FACE('',(#5705),#5731,.T.);
#5705 = FACE_BOUND('',#5706,.T.);
#5706 = EDGE_LOOP('',(#5707,#5715,#5724,#5730));
#5707 = ORIENTED_EDGE('',*,*,#5708,.F.);
#5708 = EDGE_CURVE('',#5709,#705,#5711,.T.);
#5709 = VERTEX_POINT('',#5710);
#5710 = CARTESIAN_POINT('',(60.721569476148,53.916422510709,14.7));
#5711 = LINE('',#5712,#5713);
#5712 = CARTESIAN_POINT('',(59.970887011494,53.258091658025,14.7));
#5713 = VECTOR('',#5714,1.);
#5714 = DIRECTION('',(0.751839807479,0.6593458151,0.));
#5715 = ORIENTED_EDGE('',*,*,#5716,.F.);
#5716 = EDGE_CURVE('',#5717,#5709,#5719,.T.);
#5717 = VERTEX_POINT('',#5718);
#5718 = CARTESIAN_POINT('',(61.380915291249,53.16458270323,14.7));
#5719 = CIRCLE('',#5720,81.204);
#5720 = AXIS2_PLACEMENT_3D('',#5721,#5722,#5723);
#5721 = CARTESIAN_POINT('',(0.,0.,14.7));
#5722 = DIRECTION('',(0.,0.,1.));
#5723 = DIRECTION('',(1.,0.,-0.));
#5724 = ORIENTED_EDGE('',*,*,#5725,.T.);
#5725 = EDGE_CURVE('',#5717,#703,#5726,.T.);
#5726 = LINE('',#5727,#5728);
#5727 = CARTESIAN_POINT('',(60.630232826594,52.506251850546,14.7));
#5728 = VECTOR('',#5729,1.);
#5729 = DIRECTION('',(0.751839807479,0.6593458151,0.));
#5730 = ORIENTED_EDGE('',*,*,#702,.T.);
#5731 = PLANE('',#5732);
#5732 = AXIS2_PLACEMENT_3D('',#5733,#5734,#5735);
#5733 = CARTESIAN_POINT('',(60.630232826594,52.506251850546,14.7));
#5734 = DIRECTION('',(0.,0.,1.));
#5735 = DIRECTION('',(0.751839807479,0.6593458151,0.));
#5736 = ADVANCED_FACE('',(#5737),#5755,.F.);
#5737 = FACE_BOUND('',#5738,.F.);
#5738 = EDGE_LOOP('',(#5739,#5740,#5748,#5754));
#5739 = ORIENTED_EDGE('',*,*,#5708,.F.);
#5740 = ORIENTED_EDGE('',*,*,#5741,.T.);
#5741 = EDGE_CURVE('',#5709,#5742,#5744,.T.);
#5742 = VERTEX_POINT('',#5743);
#5743 = CARTESIAN_POINT('',(60.721569476148,53.916422510709,18.2));
#5744 = LINE('',#5745,#5746);
#5745 = CARTESIAN_POINT('',(60.721569476148,53.916422510709,7.99));
#5746 = VECTOR('',#5747,1.);
#5747 = DIRECTION('',(0.,0.,1.));
#5748 = ORIENTED_EDGE('',*,*,#5749,.T.);
#5749 = EDGE_CURVE('',#5742,#722,#5750,.T.);
#5750 = LINE('',#5751,#5752);
#5751 = CARTESIAN_POINT('',(59.970887011494,53.258091658025,18.2));
#5752 = VECTOR('',#5753,1.);
#5753 = DIRECTION('',(0.751839807479,0.6593458151,0.));
#5754 = ORIENTED_EDGE('',*,*,#730,.F.);
#5755 = PLANE('',#5756);
#5756 = AXIS2_PLACEMENT_3D('',#5757,#5758,#5759);
#5757 = CARTESIAN_POINT('',(59.970887011494,53.258091658025,14.7));
#5758 = DIRECTION('',(-0.6593458151,0.751839807479,0.));
#5759 = DIRECTION('',(0.,0.,1.));
#5760 = ADVANCED_FACE('',(#5761),#5780,.F.);
#5761 = FACE_BOUND('',#5762,.F.);
#5762 = EDGE_LOOP('',(#5763,#5764,#5773,#5779));
#5763 = ORIENTED_EDGE('',*,*,#5749,.F.);
#5764 = ORIENTED_EDGE('',*,*,#5765,.F.);
#5765 = EDGE_CURVE('',#5766,#5742,#5768,.T.);
#5766 = VERTEX_POINT('',#5767);
#5767 = CARTESIAN_POINT('',(61.380915291249,53.16458270323,18.2));
#5768 = CIRCLE('',#5769,81.204);
#5769 = AXIS2_PLACEMENT_3D('',#5770,#5771,#5772);
#5770 = CARTESIAN_POINT('',(0.,0.,18.2));
#5771 = DIRECTION('',(0.,0.,1.));
#5772 = DIRECTION('',(1.,0.,-0.));
#5773 = ORIENTED_EDGE('',*,*,#5774,.T.);
#5774 = EDGE_CURVE('',#5766,#714,#5775,.T.);
#5775 = LINE('',#5776,#5777);
#5776 = CARTESIAN_POINT('',(60.630232826594,52.506251850546,18.2));
#5777 = VECTOR('',#5778,1.);
#5778 = DIRECTION('',(0.751839807479,0.6593458151,0.));
#5779 = ORIENTED_EDGE('',*,*,#721,.T.);
#5780 = PLANE('',#5781);
#5781 = AXIS2_PLACEMENT_3D('',#5782,#5783,#5784);
#5782 = CARTESIAN_POINT('',(60.630232826594,52.506251850546,18.2));
#5783 = DIRECTION('',(0.,0.,1.));
#5784 = DIRECTION('',(0.751839807479,0.6593458151,0.));
#5785 = ADVANCED_FACE('',(#5786),#5797,.T.);
#5786 = FACE_BOUND('',#5787,.T.);
#5787 = EDGE_LOOP('',(#5788,#5789,#5795,#5796));
#5788 = ORIENTED_EDGE('',*,*,#5725,.F.);
#5789 = ORIENTED_EDGE('',*,*,#5790,.T.);
#5790 = EDGE_CURVE('',#5717,#5766,#5791,.T.);
#5791 = LINE('',#5792,#5793);
#5792 = CARTESIAN_POINT('',(61.380915291249,53.16458270323,7.99));
#5793 = VECTOR('',#5794,1.);
#5794 = DIRECTION('',(0.,0.,1.));
#5795 = ORIENTED_EDGE('',*,*,#5774,.T.);
#5796 = ORIENTED_EDGE('',*,*,#713,.F.);
#5797 = PLANE('',#5798);
#5798 = AXIS2_PLACEMENT_3D('',#5799,#5800,#5801);
#5799 = CARTESIAN_POINT('',(60.630232826594,52.506251850546,14.7));
#5800 = DIRECTION('',(-0.6593458151,0.751839807479,0.));
#5801 = DIRECTION('',(0.,0.,1.));
#5802 = ADVANCED_FACE('',(#5803),#5829,.T.);
#5803 = FACE_BOUND('',#5804,.T.);
#5804 = EDGE_LOOP('',(#5805,#5813,#5822,#5828));
#5805 = ORIENTED_EDGE('',*,*,#5806,.F.);
#5806 = EDGE_CURVE('',#5807,#741,#5809,.T.);
#5807 = VERTEX_POINT('',#5808);
#5808 = CARTESIAN_POINT('',(58.311974677958,56.513743683791,14.7));
#5809 = LINE('',#5810,#5811);
#5810 = CARTESIAN_POINT('',(57.59072268515,55.823295106991,14.7));
#5811 = VECTOR('',#5812,1.);
#5812 = DIRECTION('',(0.72236396206,0.691513055782,0.));
#5813 = ORIENTED_EDGE('',*,*,#5814,.F.);
#5814 = EDGE_CURVE('',#5815,#5807,#5817,.T.);
#5815 = VERTEX_POINT('',#5816);
#5816 = CARTESIAN_POINT('',(59.00348773374,55.791379721731,14.7));
#5817 = CIRCLE('',#5818,81.204);
#5818 = AXIS2_PLACEMENT_3D('',#5819,#5820,#5821);
#5819 = CARTESIAN_POINT('',(0.,0.,14.7));
#5820 = DIRECTION('',(0.,0.,1.));
#5821 = DIRECTION('',(1.,0.,-0.));
#5822 = ORIENTED_EDGE('',*,*,#5823,.T.);
#5823 = EDGE_CURVE('',#5815,#739,#5824,.T.);
#5824 = LINE('',#5825,#5826);
#5825 = CARTESIAN_POINT('',(58.282235740932,55.100931144931,14.7));
#5826 = VECTOR('',#5827,1.);
#5827 = DIRECTION('',(0.72236396206,0.691513055782,0.));
#5828 = ORIENTED_EDGE('',*,*,#738,.T.);
#5829 = PLANE('',#5830);
#5830 = AXIS2_PLACEMENT_3D('',#5831,#5832,#5833);
#5831 = CARTESIAN_POINT('',(58.282235740932,55.100931144931,14.7));
#5832 = DIRECTION('',(0.,0.,1.));
#5833 = DIRECTION('',(0.72236396206,0.691513055782,0.));
#5834 = ADVANCED_FACE('',(#5835),#5853,.F.);
#5835 = FACE_BOUND('',#5836,.F.);
#5836 = EDGE_LOOP('',(#5837,#5838,#5846,#5852));
#5837 = ORIENTED_EDGE('',*,*,#5806,.F.);
#5838 = ORIENTED_EDGE('',*,*,#5839,.T.);
#5839 = EDGE_CURVE('',#5807,#5840,#5842,.T.);
#5840 = VERTEX_POINT('',#5841);
#5841 = CARTESIAN_POINT('',(58.311974677958,56.513743683791,18.2));
#5842 = LINE('',#5843,#5844);
#5843 = CARTESIAN_POINT('',(58.311974677958,56.513743683791,7.99));
#5844 = VECTOR('',#5845,1.);
#5845 = DIRECTION('',(0.,0.,1.));
#5846 = ORIENTED_EDGE('',*,*,#5847,.T.);
#5847 = EDGE_CURVE('',#5840,#758,#5848,.T.);
#5848 = LINE('',#5849,#5850);
#5849 = CARTESIAN_POINT('',(57.59072268515,55.823295106991,18.2));
#5850 = VECTOR('',#5851,1.);
#5851 = DIRECTION('',(0.72236396206,0.691513055782,0.));
#5852 = ORIENTED_EDGE('',*,*,#766,.F.);
#5853 = PLANE('',#5854);
#5854 = AXIS2_PLACEMENT_3D('',#5855,#5856,#5857);
#5855 = CARTESIAN_POINT('',(57.59072268515,55.823295106991,14.7));
#5856 = DIRECTION('',(-0.691513055782,0.72236396206,0.));
#5857 = DIRECTION('',(0.,0.,1.));
#5858 = ADVANCED_FACE('',(#5859),#5878,.F.);
#5859 = FACE_BOUND('',#5860,.F.);
#5860 = EDGE_LOOP('',(#5861,#5862,#5871,#5877));
#5861 = ORIENTED_EDGE('',*,*,#5847,.F.);
#5862 = ORIENTED_EDGE('',*,*,#5863,.F.);
#5863 = EDGE_CURVE('',#5864,#5840,#5866,.T.);
#5864 = VERTEX_POINT('',#5865);
#5865 = CARTESIAN_POINT('',(59.00348773374,55.791379721731,18.2));
#5866 = CIRCLE('',#5867,81.204);
#5867 = AXIS2_PLACEMENT_3D('',#5868,#5869,#5870);
#5868 = CARTESIAN_POINT('',(0.,0.,18.2));
#5869 = DIRECTION('',(0.,0.,1.));
#5870 = DIRECTION('',(1.,0.,-0.));
#5871 = ORIENTED_EDGE('',*,*,#5872,.T.);
#5872 = EDGE_CURVE('',#5864,#750,#5873,.T.);
#5873 = LINE('',#5874,#5875);
#5874 = CARTESIAN_POINT('',(58.282235740932,55.100931144931,18.2));
#5875 = VECTOR('',#5876,1.);
#5876 = DIRECTION('',(0.72236396206,0.691513055782,0.));
#5877 = ORIENTED_EDGE('',*,*,#757,.T.);
#5878 = PLANE('',#5879);
#5879 = AXIS2_PLACEMENT_3D('',#5880,#5881,#5882);
#5880 = CARTESIAN_POINT('',(58.282235740932,55.100931144931,18.2));
#5881 = DIRECTION('',(0.,0.,1.));
#5882 = DIRECTION('',(0.72236396206,0.691513055782,0.));
#5883 = ADVANCED_FACE('',(#5884),#5895,.T.);
#5884 = FACE_BOUND('',#5885,.T.);
#5885 = EDGE_LOOP('',(#5886,#5887,#5893,#5894));
#5886 = ORIENTED_EDGE('',*,*,#5823,.F.);
#5887 = ORIENTED_EDGE('',*,*,#5888,.T.);
#5888 = EDGE_CURVE('',#5815,#5864,#5889,.T.);
#5889 = LINE('',#5890,#5891);
#5890 = CARTESIAN_POINT('',(59.00348773374,55.791379721731,7.99));
#5891 = VECTOR('',#5892,1.);
#5892 = DIRECTION('',(0.,0.,1.));
#5893 = ORIENTED_EDGE('',*,*,#5872,.T.);
#5894 = ORIENTED_EDGE('',*,*,#749,.F.);
#5895 = PLANE('',#5896);
#5896 = AXIS2_PLACEMENT_3D('',#5897,#5898,#5899);
#5897 = CARTESIAN_POINT('',(58.282235740932,55.100931144931,14.7));
#5898 = DIRECTION('',(-0.691513055782,0.72236396206,0.));
#5899 = DIRECTION('',(0.,0.,1.));
#5900 = ADVANCED_FACE('',(#5901),#5927,.T.);
#5901 = FACE_BOUND('',#5902,.T.);
#5902 = EDGE_LOOP('',(#5903,#5911,#5920,#5926));
#5903 = ORIENTED_EDGE('',*,*,#5904,.F.);
#5904 = EDGE_CURVE('',#5905,#777,#5907,.T.);
#5905 = VERTEX_POINT('',#5906);
#5906 = CARTESIAN_POINT('',(44.697935180252,67.79516359315,14.7));
#5907 = LINE('',#5908,#5909);
#5908 = CARTESIAN_POINT('',(44.143220162953,66.964973901623,14.7));
#5909 = VECTOR('',#5910,1.);
#5910 = DIRECTION('',(0.55557023302,0.831469612303,0.));
#5911 = ORIENTED_EDGE('',*,*,#5912,.F.);
#5912 = EDGE_CURVE('',#5913,#5905,#5915,.T.);
#5913 = VERTEX_POINT('',#5914);
#5914 = CARTESIAN_POINT('',(45.529404792555,67.239593360131,14.7));
#5915 = CIRCLE('',#5916,81.204);
#5916 = AXIS2_PLACEMENT_3D('',#5917,#5918,#5919);
#5917 = CARTESIAN_POINT('',(0.,0.,14.7));
#5918 = DIRECTION('',(0.,0.,1.));
#5919 = DIRECTION('',(1.,0.,-0.));
#5920 = ORIENTED_EDGE('',*,*,#5921,.T.);
#5921 = EDGE_CURVE('',#5913,#775,#5922,.T.);
#5922 = LINE('',#5923,#5924);
#5923 = CARTESIAN_POINT('',(44.974689775255,66.409403668604,14.7));
#5924 = VECTOR('',#5925,1.);
#5925 = DIRECTION('',(0.55557023302,0.831469612303,0.));
#5926 = ORIENTED_EDGE('',*,*,#774,.T.);
#5927 = PLANE('',#5928);
#5928 = AXIS2_PLACEMENT_3D('',#5929,#5930,#5931);
#5929 = CARTESIAN_POINT('',(44.974689775255,66.409403668604,14.7));
#5930 = DIRECTION('',(0.,0.,1.));
#5931 = DIRECTION('',(0.55557023302,0.831469612303,0.));
#5932 = ADVANCED_FACE('',(#5933),#5951,.F.);
#5933 = FACE_BOUND('',#5934,.F.);
#5934 = EDGE_LOOP('',(#5935,#5936,#5944,#5950));
#5935 = ORIENTED_EDGE('',*,*,#5904,.F.);
#5936 = ORIENTED_EDGE('',*,*,#5937,.T.);
#5937 = EDGE_CURVE('',#5905,#5938,#5940,.T.);
#5938 = VERTEX_POINT('',#5939);
#5939 = CARTESIAN_POINT('',(44.697935180252,67.79516359315,18.2));
#5940 = LINE('',#5941,#5942);
#5941 = CARTESIAN_POINT('',(44.697935180252,67.79516359315,7.99));
#5942 = VECTOR('',#5943,1.);
#5943 = DIRECTION('',(0.,0.,1.));
#5944 = ORIENTED_EDGE('',*,*,#5945,.T.);
#5945 = EDGE_CURVE('',#5938,#794,#5946,.T.);
#5946 = LINE('',#5947,#5948);
#5947 = CARTESIAN_POINT('',(44.143220162953,66.964973901623,18.2));
#5948 = VECTOR('',#5949,1.);
#5949 = DIRECTION('',(0.55557023302,0.831469612303,0.));
#5950 = ORIENTED_EDGE('',*,*,#802,.F.);
#5951 = PLANE('',#5952);
#5952 = AXIS2_PLACEMENT_3D('',#5953,#5954,#5955);
#5953 = CARTESIAN_POINT('',(44.143220162953,66.964973901623,14.7));
#5954 = DIRECTION('',(-0.831469612303,0.55557023302,0.));
#5955 = DIRECTION('',(0.,0.,1.));
#5956 = ADVANCED_FACE('',(#5957),#5976,.F.);
#5957 = FACE_BOUND('',#5958,.F.);
#5958 = EDGE_LOOP('',(#5959,#5960,#5969,#5975));
#5959 = ORIENTED_EDGE('',*,*,#5945,.F.);
#5960 = ORIENTED_EDGE('',*,*,#5961,.F.);
#5961 = EDGE_CURVE('',#5962,#5938,#5964,.T.);
#5962 = VERTEX_POINT('',#5963);
#5963 = CARTESIAN_POINT('',(45.529404792555,67.239593360131,18.2));
#5964 = CIRCLE('',#5965,81.204);
#5965 = AXIS2_PLACEMENT_3D('',#5966,#5967,#5968);
#5966 = CARTESIAN_POINT('',(0.,0.,18.2));
#5967 = DIRECTION('',(0.,0.,1.));
#5968 = DIRECTION('',(1.,0.,-0.));
#5969 = ORIENTED_EDGE('',*,*,#5970,.T.);
#5970 = EDGE_CURVE('',#5962,#786,#5971,.T.);
#5971 = LINE('',#5972,#5973);
#5972 = CARTESIAN_POINT('',(44.974689775255,66.409403668604,18.2));
#5973 = VECTOR('',#5974,1.);
#5974 = DIRECTION('',(0.55557023302,0.831469612303,0.));
#5975 = ORIENTED_EDGE('',*,*,#793,.T.);
#5976 = PLANE('',#5977);
#5977 = AXIS2_PLACEMENT_3D('',#5978,#5979,#5980);
#5978 = CARTESIAN_POINT('',(44.974689775255,66.409403668604,18.2));
#5979 = DIRECTION('',(0.,0.,1.));
#5980 = DIRECTION('',(0.55557023302,0.831469612303,0.));
#5981 = ADVANCED_FACE('',(#5982),#5993,.T.);
#5982 = FACE_BOUND('',#5983,.T.);
#5983 = EDGE_LOOP('',(#5984,#5985,#5991,#5992));
#5984 = ORIENTED_EDGE('',*,*,#5921,.F.);
#5985 = ORIENTED_EDGE('',*,*,#5986,.T.);
#5986 = EDGE_CURVE('',#5913,#5962,#5987,.T.);
#5987 = LINE('',#5988,#5989);
#5988 = CARTESIAN_POINT('',(45.529404792555,67.239593360131,7.99));
#5989 = VECTOR('',#5990,1.);
#5990 = DIRECTION('',(0.,0.,1.));
#5991 = ORIENTED_EDGE('',*,*,#5970,.T.);
#5992 = ORIENTED_EDGE('',*,*,#785,.F.);
#5993 = PLANE('',#5994);
#5994 = AXIS2_PLACEMENT_3D('',#5995,#5996,#5997);
#5995 = CARTESIAN_POINT('',(44.974689775255,66.409403668604,14.7));
#5996 = DIRECTION('',(-0.831469612303,0.55557023302,0.));
#5997 = DIRECTION('',(0.,0.,1.));
#5998 = ADVANCED_FACE('',(#5999),#6025,.T.);
#5999 = FACE_BOUND('',#6000,.T.);
#6000 = EDGE_LOOP('',(#6001,#6009,#6018,#6024));
#6001 = ORIENTED_EDGE('',*,*,#6002,.F.);
#6002 = EDGE_CURVE('',#6003,#813,#6005,.T.);
#6003 = VERTEX_POINT('',#6004);
#6004 = CARTESIAN_POINT('',(41.698209147946,69.680334168646,14.7));
#6005 = LINE('',#6006,#6007);
#6006 = CARTESIAN_POINT('',(41.18023446217,68.826738304533,14.7));
#6007 = VECTOR('',#6008,1.);
#6008 = DIRECTION('',(0.518773258161,0.854911870673,0.));
#6009 = ORIENTED_EDGE('',*,*,#6010,.F.);
#6010 = EDGE_CURVE('',#6011,#6003,#6013,.T.);
#6011 = VERTEX_POINT('',#6012);
#6012 = CARTESIAN_POINT('',(42.553121018619,69.161560910485,14.7));
#6013 = CIRCLE('',#6014,81.204);
#6014 = AXIS2_PLACEMENT_3D('',#6015,#6016,#6017);
#6015 = CARTESIAN_POINT('',(0.,0.,14.7));
#6016 = DIRECTION('',(0.,0.,1.));
#6017 = DIRECTION('',(1.,0.,-0.));
#6018 = ORIENTED_EDGE('',*,*,#6019,.T.);
#6019 = EDGE_CURVE('',#6011,#811,#6020,.T.);
#6020 = LINE('',#6021,#6022);
#6021 = CARTESIAN_POINT('',(42.035146332843,68.307965046373,14.7));
#6022 = VECTOR('',#6023,1.);
#6023 = DIRECTION('',(0.518773258161,0.854911870673,0.));
#6024 = ORIENTED_EDGE('',*,*,#810,.T.);
#6025 = PLANE('',#6026);
#6026 = AXIS2_PLACEMENT_3D('',#6027,#6028,#6029);
#6027 = CARTESIAN_POINT('',(42.035146332843,68.307965046373,14.7));
#6028 = DIRECTION('',(0.,0.,1.));
#6029 = DIRECTION('',(0.518773258161,0.854911870673,0.));
#6030 = ADVANCED_FACE('',(#6031),#6049,.F.);
#6031 = FACE_BOUND('',#6032,.F.);
#6032 = EDGE_LOOP('',(#6033,#6034,#6042,#6048));
#6033 = ORIENTED_EDGE('',*,*,#6002,.F.);
#6034 = ORIENTED_EDGE('',*,*,#6035,.T.);
#6035 = EDGE_CURVE('',#6003,#6036,#6038,.T.);
#6036 = VERTEX_POINT('',#6037);
#6037 = CARTESIAN_POINT('',(41.698209147946,69.680334168646,18.2));
#6038 = LINE('',#6039,#6040);
#6039 = CARTESIAN_POINT('',(41.698209147946,69.680334168646,7.99));
#6040 = VECTOR('',#6041,1.);
#6041 = DIRECTION('',(0.,0.,1.));
#6042 = ORIENTED_EDGE('',*,*,#6043,.T.);
#6043 = EDGE_CURVE('',#6036,#830,#6044,.T.);
#6044 = LINE('',#6045,#6046);
#6045 = CARTESIAN_POINT('',(41.18023446217,68.826738304533,18.2));
#6046 = VECTOR('',#6047,1.);
#6047 = DIRECTION('',(0.518773258161,0.854911870673,0.));
#6048 = ORIENTED_EDGE('',*,*,#838,.F.);
#6049 = PLANE('',#6050);
#6050 = AXIS2_PLACEMENT_3D('',#6051,#6052,#6053);
#6051 = CARTESIAN_POINT('',(41.18023446217,68.826738304533,14.7));
#6052 = DIRECTION('',(-0.854911870673,0.518773258161,0.));
#6053 = DIRECTION('',(0.,0.,1.));
#6054 = ADVANCED_FACE('',(#6055),#6074,.F.);
#6055 = FACE_BOUND('',#6056,.F.);
#6056 = EDGE_LOOP('',(#6057,#6058,#6067,#6073));
#6057 = ORIENTED_EDGE('',*,*,#6043,.F.);
#6058 = ORIENTED_EDGE('',*,*,#6059,.F.);
#6059 = EDGE_CURVE('',#6060,#6036,#6062,.T.);
#6060 = VERTEX_POINT('',#6061);
#6061 = CARTESIAN_POINT('',(42.553121018619,69.161560910485,18.2));
#6062 = CIRCLE('',#6063,81.204);
#6063 = AXIS2_PLACEMENT_3D('',#6064,#6065,#6066);
#6064 = CARTESIAN_POINT('',(0.,0.,18.2));
#6065 = DIRECTION('',(0.,0.,1.));
#6066 = DIRECTION('',(1.,0.,-0.));
#6067 = ORIENTED_EDGE('',*,*,#6068,.T.);
#6068 = EDGE_CURVE('',#6060,#822,#6069,.T.);
#6069 = LINE('',#6070,#6071);
#6070 = CARTESIAN_POINT('',(42.035146332843,68.307965046373,18.2));
#6071 = VECTOR('',#6072,1.);
#6072 = DIRECTION('',(0.518773258161,0.854911870673,0.));
#6073 = ORIENTED_EDGE('',*,*,#829,.T.);
#6074 = PLANE('',#6075);
#6075 = AXIS2_PLACEMENT_3D('',#6076,#6077,#6078);
#6076 = CARTESIAN_POINT('',(42.035146332843,68.307965046373,18.2));
#6077 = DIRECTION('',(0.,0.,1.));
#6078 = DIRECTION('',(0.518773258161,0.854911870673,0.));
#6079 = ADVANCED_FACE('',(#6080),#6091,.T.);
#6080 = FACE_BOUND('',#6081,.T.);
#6081 = EDGE_LOOP('',(#6082,#6083,#6089,#6090));
#6082 = ORIENTED_EDGE('',*,*,#6019,.F.);
#6083 = ORIENTED_EDGE('',*,*,#6084,.T.);
#6084 = EDGE_CURVE('',#6011,#6060,#6085,.T.);
#6085 = LINE('',#6086,#6087);
#6086 = CARTESIAN_POINT('',(42.553121018619,69.161560910485,7.99));
#6087 = VECTOR('',#6088,1.);
#6088 = DIRECTION('',(0.,0.,1.));
#6089 = ORIENTED_EDGE('',*,*,#6068,.T.);
#6090 = ORIENTED_EDGE('',*,*,#821,.F.);
#6091 = PLANE('',#6092);
#6092 = AXIS2_PLACEMENT_3D('',#6093,#6094,#6095);
#6093 = CARTESIAN_POINT('',(42.035146332843,68.307965046373,14.7));
#6094 = DIRECTION('',(-0.854911870673,0.518773258161,0.));
#6095 = DIRECTION('',(0.,0.,1.));
#6096 = ADVANCED_FACE('',(#6097),#6123,.T.);
#6097 = FACE_BOUND('',#6098,.T.);
#6098 = EDGE_LOOP('',(#6099,#6107,#6116,#6122));
#6099 = ORIENTED_EDGE('',*,*,#6100,.F.);
#6100 = EDGE_CURVE('',#6101,#849,#6103,.T.);
#6101 = VERTEX_POINT('',#6102);
#6102 = CARTESIAN_POINT('',(38.619108204556,71.43286426768,14.7));
#6103 = LINE('',#6104,#6105);
#6104 = CARTESIAN_POINT('',(38.138859844557,70.557487099225,14.7));
#6105 = VECTOR('',#6106,1.);
#6106 = DIRECTION('',(0.480988768919,0.876726755708,0.));
#6107 = ORIENTED_EDGE('',*,*,#6108,.F.);
#6108 = EDGE_CURVE('',#6109,#6101,#6111,.T.);
#6109 = VERTEX_POINT('',#6110);
#6110 = CARTESIAN_POINT('',(39.495834960263,70.951875498761,14.7));
#6111 = CIRCLE('',#6112,81.204);
#6112 = AXIS2_PLACEMENT_3D('',#6113,#6114,#6115);
#6113 = CARTESIAN_POINT('',(0.,0.,14.7));
#6114 = DIRECTION('',(0.,0.,1.));
#6115 = DIRECTION('',(1.,0.,-0.));
#6116 = ORIENTED_EDGE('',*,*,#6117,.T.);
#6117 = EDGE_CURVE('',#6109,#847,#6118,.T.);
#6118 = LINE('',#6119,#6120);
#6119 = CARTESIAN_POINT('',(39.015586600264,70.076498330305,14.7));
#6120 = VECTOR('',#6121,1.);
#6121 = DIRECTION('',(0.480988768919,0.876726755708,0.));
#6122 = ORIENTED_EDGE('',*,*,#846,.T.);
#6123 = PLANE('',#6124);
#6124 = AXIS2_PLACEMENT_3D('',#6125,#6126,#6127);
#6125 = CARTESIAN_POINT('',(39.015586600264,70.076498330305,14.7));
#6126 = DIRECTION('',(0.,0.,1.));
#6127 = DIRECTION('',(0.480988768919,0.876726755708,0.));
#6128 = ADVANCED_FACE('',(#6129),#6147,.F.);
#6129 = FACE_BOUND('',#6130,.F.);
#6130 = EDGE_LOOP('',(#6131,#6132,#6140,#6146));
#6131 = ORIENTED_EDGE('',*,*,#6100,.F.);
#6132 = ORIENTED_EDGE('',*,*,#6133,.T.);
#6133 = EDGE_CURVE('',#6101,#6134,#6136,.T.);
#6134 = VERTEX_POINT('',#6135);
#6135 = CARTESIAN_POINT('',(38.619108204556,71.43286426768,18.2));
#6136 = LINE('',#6137,#6138);
#6137 = CARTESIAN_POINT('',(38.619108204556,71.43286426768,7.99));
#6138 = VECTOR('',#6139,1.);
#6139 = DIRECTION('',(0.,0.,1.));
#6140 = ORIENTED_EDGE('',*,*,#6141,.T.);
#6141 = EDGE_CURVE('',#6134,#866,#6142,.T.);
#6142 = LINE('',#6143,#6144);
#6143 = CARTESIAN_POINT('',(38.138859844557,70.557487099225,18.2));
#6144 = VECTOR('',#6145,1.);
#6145 = DIRECTION('',(0.480988768919,0.876726755708,0.));
#6146 = ORIENTED_EDGE('',*,*,#874,.F.);
#6147 = PLANE('',#6148);
#6148 = AXIS2_PLACEMENT_3D('',#6149,#6150,#6151);
#6149 = CARTESIAN_POINT('',(38.138859844557,70.557487099225,14.7));
#6150 = DIRECTION('',(-0.876726755708,0.480988768919,0.));
#6151 = DIRECTION('',(0.,0.,1.));
#6152 = ADVANCED_FACE('',(#6153),#6172,.F.);
#6153 = FACE_BOUND('',#6154,.F.);
#6154 = EDGE_LOOP('',(#6155,#6156,#6165,#6171));
#6155 = ORIENTED_EDGE('',*,*,#6141,.F.);
#6156 = ORIENTED_EDGE('',*,*,#6157,.F.);
#6157 = EDGE_CURVE('',#6158,#6134,#6160,.T.);
#6158 = VERTEX_POINT('',#6159);
#6159 = CARTESIAN_POINT('',(39.495834960263,70.951875498761,18.2));
#6160 = CIRCLE('',#6161,81.204);
#6161 = AXIS2_PLACEMENT_3D('',#6162,#6163,#6164);
#6162 = CARTESIAN_POINT('',(0.,0.,18.2));
#6163 = DIRECTION('',(0.,0.,1.));
#6164 = DIRECTION('',(1.,0.,-0.));
#6165 = ORIENTED_EDGE('',*,*,#6166,.T.);
#6166 = EDGE_CURVE('',#6158,#858,#6167,.T.);
#6167 = LINE('',#6168,#6169);
#6168 = CARTESIAN_POINT('',(39.015586600264,70.076498330305,18.2));
#6169 = VECTOR('',#6170,1.);
#6170 = DIRECTION('',(0.480988768919,0.876726755708,0.));
#6171 = ORIENTED_EDGE('',*,*,#865,.T.);
#6172 = PLANE('',#6173);
#6173 = AXIS2_PLACEMENT_3D('',#6174,#6175,#6176);
#6174 = CARTESIAN_POINT('',(39.015586600264,70.076498330305,18.2));
#6175 = DIRECTION('',(0.,0.,1.));
#6176 = DIRECTION('',(0.480988768919,0.876726755708,0.));
#6177 = ADVANCED_FACE('',(#6178),#6189,.T.);
#6178 = FACE_BOUND('',#6179,.T.);
#6179 = EDGE_LOOP('',(#6180,#6181,#6187,#6188));
#6180 = ORIENTED_EDGE('',*,*,#6117,.F.);
#6181 = ORIENTED_EDGE('',*,*,#6182,.T.);
#6182 = EDGE_CURVE('',#6109,#6158,#6183,.T.);
#6183 = LINE('',#6184,#6185);
#6184 = CARTESIAN_POINT('',(39.495834960263,70.951875498761,7.99));
#6185 = VECTOR('',#6186,1.);
#6186 = DIRECTION('',(0.,0.,1.));
#6187 = ORIENTED_EDGE('',*,*,#6166,.T.);
#6188 = ORIENTED_EDGE('',*,*,#857,.F.);
#6189 = PLANE('',#6190);
#6190 = AXIS2_PLACEMENT_3D('',#6191,#6192,#6193);
#6191 = CARTESIAN_POINT('',(39.015586600264,70.076498330305,14.7));
#6192 = DIRECTION('',(-0.876726755708,0.480988768919,0.));
#6193 = DIRECTION('',(0.,0.,1.));
#6194 = ADVANCED_FACE('',(#6195),#6221,.T.);
#6195 = FACE_BOUND('',#6196,.T.);
#6196 = EDGE_LOOP('',(#6197,#6205,#6214,#6220));
#6197 = ORIENTED_EDGE('',*,*,#6198,.F.);
#6198 = EDGE_CURVE('',#6199,#885,#6201,.T.);
#6199 = VERTEX_POINT('',#6200);
#6200 = CARTESIAN_POINT('',(35.466493593731,73.049417849603,14.7));
#6201 = LINE('',#6202,#6203);
#6202 = CARTESIAN_POINT('',(35.024885739558,72.153925706997,14.7));
#6203 = VECTOR('',#6204,1.);
#6204 = DIRECTION('',(0.442288690219,0.896872741533,0.));
#6205 = ORIENTED_EDGE('',*,*,#6206,.F.);
#6206 = EDGE_CURVE('',#6207,#6199,#6209,.T.);
#6207 = VERTEX_POINT('',#6208);
#6208 = CARTESIAN_POINT('',(36.363366335264,72.607129159383,14.7));
#6209 = CIRCLE('',#6210,81.204);
#6210 = AXIS2_PLACEMENT_3D('',#6211,#6212,#6213);
#6211 = CARTESIAN_POINT('',(0.,0.,14.7));
#6212 = DIRECTION('',(0.,0.,1.));
#6213 = DIRECTION('',(1.,0.,-0.));
#6214 = ORIENTED_EDGE('',*,*,#6215,.T.);
#6215 = EDGE_CURVE('',#6207,#883,#6216,.T.);
#6216 = LINE('',#6217,#6218);
#6217 = CARTESIAN_POINT('',(35.921758481091,71.711637016778,14.7));
#6218 = VECTOR('',#6219,1.);
#6219 = DIRECTION('',(0.442288690219,0.896872741533,0.));
#6220 = ORIENTED_EDGE('',*,*,#882,.T.);
#6221 = PLANE('',#6222);
#6222 = AXIS2_PLACEMENT_3D('',#6223,#6224,#6225);
#6223 = CARTESIAN_POINT('',(35.921758481091,71.711637016778,14.7));
#6224 = DIRECTION('',(0.,0.,1.));
#6225 = DIRECTION('',(0.442288690219,0.896872741533,0.));
#6226 = ADVANCED_FACE('',(#6227),#6245,.F.);
#6227 = FACE_BOUND('',#6228,.F.);
#6228 = EDGE_LOOP('',(#6229,#6230,#6238,#6244));
#6229 = ORIENTED_EDGE('',*,*,#6198,.F.);
#6230 = ORIENTED_EDGE('',*,*,#6231,.T.);
#6231 = EDGE_CURVE('',#6199,#6232,#6234,.T.);
#6232 = VERTEX_POINT('',#6233);
#6233 = CARTESIAN_POINT('',(35.466493593731,73.049417849603,18.2));
#6234 = LINE('',#6235,#6236);
#6235 = CARTESIAN_POINT('',(35.466493593731,73.049417849603,7.99));
#6236 = VECTOR('',#6237,1.);
#6237 = DIRECTION('',(0.,0.,1.));
#6238 = ORIENTED_EDGE('',*,*,#6239,.T.);
#6239 = EDGE_CURVE('',#6232,#902,#6240,.T.);
#6240 = LINE('',#6241,#6242);
#6241 = CARTESIAN_POINT('',(35.024885739558,72.153925706997,18.2));
#6242 = VECTOR('',#6243,1.);
#6243 = DIRECTION('',(0.442288690219,0.896872741533,0.));
#6244 = ORIENTED_EDGE('',*,*,#910,.F.);
#6245 = PLANE('',#6246);
#6246 = AXIS2_PLACEMENT_3D('',#6247,#6248,#6249);
#6247 = CARTESIAN_POINT('',(35.024885739558,72.153925706997,14.7));
#6248 = DIRECTION('',(-0.896872741533,0.442288690219,0.));
#6249 = DIRECTION('',(0.,0.,1.));
#6250 = ADVANCED_FACE('',(#6251),#6270,.F.);
#6251 = FACE_BOUND('',#6252,.F.);
#6252 = EDGE_LOOP('',(#6253,#6254,#6263,#6269));
#6253 = ORIENTED_EDGE('',*,*,#6239,.F.);
#6254 = ORIENTED_EDGE('',*,*,#6255,.F.);
#6255 = EDGE_CURVE('',#6256,#6232,#6258,.T.);
#6256 = VERTEX_POINT('',#6257);
#6257 = CARTESIAN_POINT('',(36.363366335264,72.607129159383,18.2));
#6258 = CIRCLE('',#6259,81.204);
#6259 = AXIS2_PLACEMENT_3D('',#6260,#6261,#6262);
#6260 = CARTESIAN_POINT('',(0.,0.,18.2));
#6261 = DIRECTION('',(0.,0.,1.));
#6262 = DIRECTION('',(1.,0.,-0.));
#6263 = ORIENTED_EDGE('',*,*,#6264,.T.);
#6264 = EDGE_CURVE('',#6256,#894,#6265,.T.);
#6265 = LINE('',#6266,#6267);
#6266 = CARTESIAN_POINT('',(35.921758481091,71.711637016778,18.2));
#6267 = VECTOR('',#6268,1.);
#6268 = DIRECTION('',(0.442288690219,0.896872741533,0.));
#6269 = ORIENTED_EDGE('',*,*,#901,.T.);
#6270 = PLANE('',#6271);
#6271 = AXIS2_PLACEMENT_3D('',#6272,#6273,#6274);
#6272 = CARTESIAN_POINT('',(35.921758481091,71.711637016778,18.2));
#6273 = DIRECTION('',(0.,0.,1.));
#6274 = DIRECTION('',(0.442288690219,0.896872741533,0.));
#6275 = ADVANCED_FACE('',(#6276),#6287,.T.);
#6276 = FACE_BOUND('',#6277,.T.);
#6277 = EDGE_LOOP('',(#6278,#6279,#6285,#6286));
#6278 = ORIENTED_EDGE('',*,*,#6215,.F.);
#6279 = ORIENTED_EDGE('',*,*,#6280,.T.);
#6280 = EDGE_CURVE('',#6207,#6256,#6281,.T.);
#6281 = LINE('',#6282,#6283);
#6282 = CARTESIAN_POINT('',(36.363366335264,72.607129159384,7.99));
#6283 = VECTOR('',#6284,1.);
#6284 = DIRECTION('',(0.,0.,1.));
#6285 = ORIENTED_EDGE('',*,*,#6264,.T.);
#6286 = ORIENTED_EDGE('',*,*,#893,.F.);
#6287 = PLANE('',#6288);
#6288 = AXIS2_PLACEMENT_3D('',#6289,#6290,#6291);
#6289 = CARTESIAN_POINT('',(35.921758481091,71.711637016778,14.7));
#6290 = DIRECTION('',(-0.896872741533,0.442288690219,0.));
#6291 = DIRECTION('',(0.,0.,1.));
#6292 = ADVANCED_FACE('',(#6293),#6319,.T.);
#6293 = FACE_BOUND('',#6294,.T.);
#6294 = EDGE_LOOP('',(#6295,#6303,#6312,#6318));
#6295 = ORIENTED_EDGE('',*,*,#6296,.F.);
#6296 = EDGE_CURVE('',#6297,#921,#6299,.T.);
#6297 = VERTEX_POINT('',#6298);
#6298 = CARTESIAN_POINT('',(32.246366496567,74.526917712791,14.7));
#6299 = LINE('',#6300,#6301);
#6300 = CARTESIAN_POINT('',(31.84423977387,73.613015216225,14.7));
#6301 = VECTOR('',#6302,1.);
#6302 = DIRECTION('',(0.402746689859,0.915311479119,0.));
#6303 = ORIENTED_EDGE('',*,*,#6304,.F.);
#6304 = EDGE_CURVE('',#6305,#6297,#6307,.T.);
#6305 = VERTEX_POINT('',#6306);
#6306 = CARTESIAN_POINT('',(33.161677975687,74.124171022932,14.7));
#6307 = CIRCLE('',#6308,81.204);
#6308 = AXIS2_PLACEMENT_3D('',#6309,#6310,#6311);
#6309 = CARTESIAN_POINT('',(0.,0.,14.7));
#6310 = DIRECTION('',(0.,0.,1.));
#6311 = DIRECTION('',(1.,0.,-0.));
#6312 = ORIENTED_EDGE('',*,*,#6313,.T.);
#6313 = EDGE_CURVE('',#6305,#919,#6314,.T.);
#6314 = LINE('',#6315,#6316);
#6315 = CARTESIAN_POINT('',(32.75955125299,73.210268526367,14.7));
#6316 = VECTOR('',#6317,1.);
#6317 = DIRECTION('',(0.402746689859,0.915311479119,0.));
#6318 = ORIENTED_EDGE('',*,*,#918,.T.);
#6319 = PLANE('',#6320);
#6320 = AXIS2_PLACEMENT_3D('',#6321,#6322,#6323);
#6321 = CARTESIAN_POINT('',(32.75955125299,73.210268526367,14.7));
#6322 = DIRECTION('',(0.,0.,1.));
#6323 = DIRECTION('',(0.402746689859,0.915311479119,0.));
#6324 = ADVANCED_FACE('',(#6325),#6343,.F.);
#6325 = FACE_BOUND('',#6326,.F.);
#6326 = EDGE_LOOP('',(#6327,#6328,#6336,#6342));
#6327 = ORIENTED_EDGE('',*,*,#6296,.F.);
#6328 = ORIENTED_EDGE('',*,*,#6329,.T.);
#6329 = EDGE_CURVE('',#6297,#6330,#6332,.T.);
#6330 = VERTEX_POINT('',#6331);
#6331 = CARTESIAN_POINT('',(32.246366496567,74.526917712791,18.2));
#6332 = LINE('',#6333,#6334);
#6333 = CARTESIAN_POINT('',(32.246366496567,74.526917712791,7.99));
#6334 = VECTOR('',#6335,1.);
#6335 = DIRECTION('',(0.,0.,1.));
#6336 = ORIENTED_EDGE('',*,*,#6337,.T.);
#6337 = EDGE_CURVE('',#6330,#938,#6338,.T.);
#6338 = LINE('',#6339,#6340);
#6339 = CARTESIAN_POINT('',(31.84423977387,73.613015216225,18.2));
#6340 = VECTOR('',#6341,1.);
#6341 = DIRECTION('',(0.402746689859,0.915311479119,0.));
#6342 = ORIENTED_EDGE('',*,*,#946,.F.);
#6343 = PLANE('',#6344);
#6344 = AXIS2_PLACEMENT_3D('',#6345,#6346,#6347);
#6345 = CARTESIAN_POINT('',(31.84423977387,73.613015216225,14.7));
#6346 = DIRECTION('',(-0.915311479119,0.402746689859,0.));
#6347 = DIRECTION('',(0.,0.,1.));
#6348 = ADVANCED_FACE('',(#6349),#6368,.F.);
#6349 = FACE_BOUND('',#6350,.F.);
#6350 = EDGE_LOOP('',(#6351,#6352,#6361,#6367));
#6351 = ORIENTED_EDGE('',*,*,#6337,.F.);
#6352 = ORIENTED_EDGE('',*,*,#6353,.F.);
#6353 = EDGE_CURVE('',#6354,#6330,#6356,.T.);
#6354 = VERTEX_POINT('',#6355);
#6355 = CARTESIAN_POINT('',(33.161677975687,74.124171022932,18.2));
#6356 = CIRCLE('',#6357,81.204);
#6357 = AXIS2_PLACEMENT_3D('',#6358,#6359,#6360);
#6358 = CARTESIAN_POINT('',(0.,0.,18.2));
#6359 = DIRECTION('',(0.,0.,1.));
#6360 = DIRECTION('',(1.,0.,-0.));
#6361 = ORIENTED_EDGE('',*,*,#6362,.T.);
#6362 = EDGE_CURVE('',#6354,#930,#6363,.T.);
#6363 = LINE('',#6364,#6365);
#6364 = CARTESIAN_POINT('',(32.75955125299,73.210268526367,18.2));
#6365 = VECTOR('',#6366,1.);
#6366 = DIRECTION('',(0.402746689859,0.915311479119,0.));
#6367 = ORIENTED_EDGE('',*,*,#937,.T.);
#6368 = PLANE('',#6369);
#6369 = AXIS2_PLACEMENT_3D('',#6370,#6371,#6372);
#6370 = CARTESIAN_POINT('',(32.75955125299,73.210268526367,18.2));
#6371 = DIRECTION('',(0.,0.,1.));
#6372 = DIRECTION('',(0.402746689859,0.915311479119,0.));
#6373 = ADVANCED_FACE('',(#6374),#6385,.T.);
#6374 = FACE_BOUND('',#6375,.T.);
#6375 = EDGE_LOOP('',(#6376,#6377,#6383,#6384));
#6376 = ORIENTED_EDGE('',*,*,#6313,.F.);
#6377 = ORIENTED_EDGE('',*,*,#6378,.T.);
#6378 = EDGE_CURVE('',#6305,#6354,#6379,.T.);
#6379 = LINE('',#6380,#6381);
#6380 = CARTESIAN_POINT('',(33.161677975687,74.124171022932,7.99));
#6381 = VECTOR('',#6382,1.);
#6382 = DIRECTION('',(0.,0.,1.));
#6383 = ORIENTED_EDGE('',*,*,#6362,.T.);
#6384 = ORIENTED_EDGE('',*,*,#929,.F.);
#6385 = PLANE('',#6386);
#6386 = AXIS2_PLACEMENT_3D('',#6387,#6388,#6389);
#6387 = CARTESIAN_POINT('',(32.75955125299,73.210268526367,14.7));
#6388 = DIRECTION('',(-0.915311479119,0.402746689859,0.));
#6389 = DIRECTION('',(0.,0.,1.));
#6390 = ADVANCED_FACE('',(#6391),#6417,.T.);
#6391 = FACE_BOUND('',#6392,.T.);
#6392 = EDGE_LOOP('',(#6393,#6401,#6410,#6416));
#6393 = ORIENTED_EDGE('',*,*,#6394,.F.);
#6394 = EDGE_CURVE('',#6395,#957,#6397,.T.);
#6395 = VERTEX_POINT('',#6396);
#6396 = CARTESIAN_POINT('',(28.964856608014,75.862551352279,14.7));
#6397 = LINE('',#6398,#6399);
#6398 = CARTESIAN_POINT('',(28.602976487865,74.931978167099,14.7));
#6399 = VECTOR('',#6400,1.);
#6400 = DIRECTION('',(0.362438038284,0.932007869283,0.));
#6401 = ORIENTED_EDGE('',*,*,#6402,.F.);
#6402 = EDGE_CURVE('',#6403,#6395,#6405,.T.);
#6403 = VERTEX_POINT('',#6404);
#6404 = CARTESIAN_POINT('',(29.896864477297,75.500113313996,14.7));
#6405 = CIRCLE('',#6406,81.204);
#6406 = AXIS2_PLACEMENT_3D('',#6407,#6408,#6409);
#6407 = CARTESIAN_POINT('',(0.,0.,14.7));
#6408 = DIRECTION('',(0.,0.,1.));
#6409 = DIRECTION('',(1.,0.,-0.));
#6410 = ORIENTED_EDGE('',*,*,#6411,.T.);
#6411 = EDGE_CURVE('',#6403,#955,#6412,.T.);
#6412 = LINE('',#6413,#6414);
#6413 = CARTESIAN_POINT('',(29.534984357147,74.569540128816,14.7));
#6414 = VECTOR('',#6415,1.);
#6415 = DIRECTION('',(0.362438038284,0.932007869283,0.));
#6416 = ORIENTED_EDGE('',*,*,#954,.T.);
#6417 = PLANE('',#6418);
#6418 = AXIS2_PLACEMENT_3D('',#6419,#6420,#6421);
#6419 = CARTESIAN_POINT('',(29.534984357147,74.569540128816,14.7));
#6420 = DIRECTION('',(0.,0.,1.));
#6421 = DIRECTION('',(0.362438038284,0.932007869283,0.));
#6422 = ADVANCED_FACE('',(#6423),#6441,.F.);
#6423 = FACE_BOUND('',#6424,.F.);
#6424 = EDGE_LOOP('',(#6425,#6426,#6434,#6440));
#6425 = ORIENTED_EDGE('',*,*,#6394,.F.);
#6426 = ORIENTED_EDGE('',*,*,#6427,.T.);
#6427 = EDGE_CURVE('',#6395,#6428,#6430,.T.);
#6428 = VERTEX_POINT('',#6429);
#6429 = CARTESIAN_POINT('',(28.964856608014,75.862551352279,18.2));
#6430 = LINE('',#6431,#6432);
#6431 = CARTESIAN_POINT('',(28.964856608014,75.862551352279,7.99));
#6432 = VECTOR('',#6433,1.);
#6433 = DIRECTION('',(0.,0.,1.));
#6434 = ORIENTED_EDGE('',*,*,#6435,.T.);
#6435 = EDGE_CURVE('',#6428,#974,#6436,.T.);
#6436 = LINE('',#6437,#6438);
#6437 = CARTESIAN_POINT('',(28.602976487865,74.931978167099,18.2));
#6438 = VECTOR('',#6439,1.);
#6439 = DIRECTION('',(0.362438038284,0.932007869283,0.));
#6440 = ORIENTED_EDGE('',*,*,#982,.F.);
#6441 = PLANE('',#6442);
#6442 = AXIS2_PLACEMENT_3D('',#6443,#6444,#6445);
#6443 = CARTESIAN_POINT('',(28.602976487865,74.931978167099,14.7));
#6444 = DIRECTION('',(-0.932007869283,0.362438038284,0.));
#6445 = DIRECTION('',(0.,0.,1.));
#6446 = ADVANCED_FACE('',(#6447),#6466,.F.);
#6447 = FACE_BOUND('',#6448,.F.);
#6448 = EDGE_LOOP('',(#6449,#6450,#6459,#6465));
#6449 = ORIENTED_EDGE('',*,*,#6435,.F.);
#6450 = ORIENTED_EDGE('',*,*,#6451,.F.);
#6451 = EDGE_CURVE('',#6452,#6428,#6454,.T.);
#6452 = VERTEX_POINT('',#6453);
#6453 = CARTESIAN_POINT('',(29.896864477297,75.500113313996,18.2));
#6454 = CIRCLE('',#6455,81.204);
#6455 = AXIS2_PLACEMENT_3D('',#6456,#6457,#6458);
#6456 = CARTESIAN_POINT('',(0.,0.,18.2));
#6457 = DIRECTION('',(0.,0.,1.));
#6458 = DIRECTION('',(1.,0.,-0.));
#6459 = ORIENTED_EDGE('',*,*,#6460,.T.);
#6460 = EDGE_CURVE('',#6452,#966,#6461,.T.);
#6461 = LINE('',#6462,#6463);
#6462 = CARTESIAN_POINT('',(29.534984357147,74.569540128816,18.2));
#6463 = VECTOR('',#6464,1.);
#6464 = DIRECTION('',(0.362438038284,0.932007869283,0.));
#6465 = ORIENTED_EDGE('',*,*,#973,.T.);
#6466 = PLANE('',#6467);
#6467 = AXIS2_PLACEMENT_3D('',#6468,#6469,#6470);
#6468 = CARTESIAN_POINT('',(29.534984357147,74.569540128816,18.2));
#6469 = DIRECTION('',(0.,0.,1.));
#6470 = DIRECTION('',(0.362438038284,0.932007869283,0.));
#6471 = ADVANCED_FACE('',(#6472),#6483,.T.);
#6472 = FACE_BOUND('',#6473,.T.);
#6473 = EDGE_LOOP('',(#6474,#6475,#6481,#6482));
#6474 = ORIENTED_EDGE('',*,*,#6411,.F.);
#6475 = ORIENTED_EDGE('',*,*,#6476,.T.);
#6476 = EDGE_CURVE('',#6403,#6452,#6477,.T.);
#6477 = LINE('',#6478,#6479);
#6478 = CARTESIAN_POINT('',(29.896864477297,75.500113313996,7.99));
#6479 = VECTOR('',#6480,1.);
#6480 = DIRECTION('',(0.,0.,1.));
#6481 = ORIENTED_EDGE('',*,*,#6460,.T.);
#6482 = ORIENTED_EDGE('',*,*,#965,.F.);
#6483 = PLANE('',#6484);
#6484 = AXIS2_PLACEMENT_3D('',#6485,#6486,#6487);
#6485 = CARTESIAN_POINT('',(29.534984357147,74.569540128816,14.7));
#6486 = DIRECTION('',(-0.932007869283,0.362438038284,0.));
#6487 = DIRECTION('',(0.,0.,1.));
#6488 = ADVANCED_FACE('',(#6489),#6515,.T.);
#6489 = FACE_BOUND('',#6490,.T.);
#6490 = EDGE_LOOP('',(#6491,#6499,#6508,#6514));
#6491 = ORIENTED_EDGE('',*,*,#6492,.F.);
#6492 = EDGE_CURVE('',#6493,#993,#6495,.T.);
#6493 = VERTEX_POINT('',#6494);
#6494 = CARTESIAN_POINT('',(25.628210468652,77.053776313523,14.7));
#6495 = LINE('',#6496,#6497);
#6496 = CARTESIAN_POINT('',(25.307265810427,76.108303838677,14.7));
#6497 = VECTOR('',#6498,1.);
#6498 = DIRECTION('',(0.321439465303,0.946930129495,0.));
#6499 = ORIENTED_EDGE('',*,*,#6500,.F.);
#6500 = EDGE_CURVE('',#6501,#6493,#6503,.T.);
#6501 = VERTEX_POINT('',#6502);
#6502 = CARTESIAN_POINT('',(26.575140598147,76.73233684822,14.7));
#6503 = CIRCLE('',#6504,81.204);
#6504 = AXIS2_PLACEMENT_3D('',#6505,#6506,#6507);
#6505 = CARTESIAN_POINT('',(0.,0.,14.7));
#6506 = DIRECTION('',(0.,0.,1.));
#6507 = DIRECTION('',(1.,0.,-0.));
#6508 = ORIENTED_EDGE('',*,*,#6509,.T.);
#6509 = EDGE_CURVE('',#6501,#991,#6510,.T.);
#6510 = LINE('',#6511,#6512);
#6511 = CARTESIAN_POINT('',(26.254195939922,75.786864373374,14.7));
#6512 = VECTOR('',#6513,1.);
#6513 = DIRECTION('',(0.321439465303,0.946930129495,0.));
#6514 = ORIENTED_EDGE('',*,*,#990,.T.);
#6515 = PLANE('',#6516);
#6516 = AXIS2_PLACEMENT_3D('',#6517,#6518,#6519);
#6517 = CARTESIAN_POINT('',(26.254195939922,75.786864373374,14.7));
#6518 = DIRECTION('',(0.,0.,1.));
#6519 = DIRECTION('',(0.321439465303,0.946930129495,0.));
#6520 = ADVANCED_FACE('',(#6521),#6539,.F.);
#6521 = FACE_BOUND('',#6522,.F.);
#6522 = EDGE_LOOP('',(#6523,#6524,#6532,#6538));
#6523 = ORIENTED_EDGE('',*,*,#6492,.F.);
#6524 = ORIENTED_EDGE('',*,*,#6525,.T.);
#6525 = EDGE_CURVE('',#6493,#6526,#6528,.T.);
#6526 = VERTEX_POINT('',#6527);
#6527 = CARTESIAN_POINT('',(25.628210468652,77.053776313523,18.2));
#6528 = LINE('',#6529,#6530);
#6529 = CARTESIAN_POINT('',(25.628210468652,77.053776313523,7.99));
#6530 = VECTOR('',#6531,1.);
#6531 = DIRECTION('',(0.,0.,1.));
#6532 = ORIENTED_EDGE('',*,*,#6533,.T.);
#6533 = EDGE_CURVE('',#6526,#1010,#6534,.T.);
#6534 = LINE('',#6535,#6536);
#6535 = CARTESIAN_POINT('',(25.307265810427,76.108303838677,18.2));
#6536 = VECTOR('',#6537,1.);
#6537 = DIRECTION('',(0.321439465303,0.946930129495,0.));
#6538 = ORIENTED_EDGE('',*,*,#1018,.F.);
#6539 = PLANE('',#6540);
#6540 = AXIS2_PLACEMENT_3D('',#6541,#6542,#6543);
#6541 = CARTESIAN_POINT('',(25.307265810427,76.108303838677,14.7));
#6542 = DIRECTION('',(-0.946930129495,0.321439465303,0.));
#6543 = DIRECTION('',(0.,0.,1.));
#6544 = ADVANCED_FACE('',(#6545),#6564,.F.);
#6545 = FACE_BOUND('',#6546,.F.);
#6546 = EDGE_LOOP('',(#6547,#6548,#6557,#6563));
#6547 = ORIENTED_EDGE('',*,*,#6533,.F.);
#6548 = ORIENTED_EDGE('',*,*,#6549,.F.);
#6549 = EDGE_CURVE('',#6550,#6526,#6552,.T.);
#6550 = VERTEX_POINT('',#6551);
#6551 = CARTESIAN_POINT('',(26.575140598147,76.73233684822,18.2));
#6552 = CIRCLE('',#6553,81.204);
#6553 = AXIS2_PLACEMENT_3D('',#6554,#6555,#6556);
#6554 = CARTESIAN_POINT('',(0.,0.,18.2));
#6555 = DIRECTION('',(0.,0.,1.));
#6556 = DIRECTION('',(1.,0.,-0.));
#6557 = ORIENTED_EDGE('',*,*,#6558,.T.);
#6558 = EDGE_CURVE('',#6550,#1002,#6559,.T.);
#6559 = LINE('',#6560,#6561);
#6560 = CARTESIAN_POINT('',(26.254195939922,75.786864373374,18.2));
#6561 = VECTOR('',#6562,1.);
#6562 = DIRECTION('',(0.321439465303,0.946930129495,0.));
#6563 = ORIENTED_EDGE('',*,*,#1009,.T.);
#6564 = PLANE('',#6565);
#6565 = AXIS2_PLACEMENT_3D('',#6566,#6567,#6568);
#6566 = CARTESIAN_POINT('',(26.254195939922,75.786864373374,18.2));
#6567 = DIRECTION('',(0.,0.,1.));
#6568 = DIRECTION('',(0.321439465303,0.946930129495,0.));
#6569 = ADVANCED_FACE('',(#6570),#6581,.T.);
#6570 = FACE_BOUND('',#6571,.T.);
#6571 = EDGE_LOOP('',(#6572,#6573,#6579,#6580));
#6572 = ORIENTED_EDGE('',*,*,#6509,.F.);
#6573 = ORIENTED_EDGE('',*,*,#6574,.T.);
#6574 = EDGE_CURVE('',#6501,#6550,#6575,.T.);
#6575 = LINE('',#6576,#6577);
#6576 = CARTESIAN_POINT('',(26.575140598147,76.73233684822,7.99));
#6577 = VECTOR('',#6578,1.);
#6578 = DIRECTION('',(0.,0.,1.));
#6579 = ORIENTED_EDGE('',*,*,#6558,.T.);
#6580 = ORIENTED_EDGE('',*,*,#1001,.F.);
#6581 = PLANE('',#6582);
#6582 = AXIS2_PLACEMENT_3D('',#6583,#6584,#6585);
#6583 = CARTESIAN_POINT('',(26.254195939922,75.786864373374,14.7));
#6584 = DIRECTION('',(-0.946930129495,0.321439465303,0.));
#6585 = DIRECTION('',(0.,0.,1.));
#6586 = ADVANCED_FACE('',(#6587),#6613,.T.);
#6587 = FACE_BOUND('',#6588,.T.);
#6588 = EDGE_LOOP('',(#6589,#6597,#6606,#6612));
#6589 = ORIENTED_EDGE('',*,*,#6590,.F.);
#6590 = EDGE_CURVE('',#6591,#1029,#6593,.T.);
#6591 = VERTEX_POINT('',#6592);
#6592 = CARTESIAN_POINT('',(-26.57514059814,76.73233684822,14.7));
#6593 = LINE('',#6594,#6595);
#6594 = CARTESIAN_POINT('',(-26.25419593992,75.786864373374,14.7));
#6595 = VECTOR('',#6596,1.);
#6596 = DIRECTION('',(-0.321439465303,0.946930129495,0.));
#6597 = ORIENTED_EDGE('',*,*,#6598,.F.);
#6598 = EDGE_CURVE('',#6599,#6591,#6601,.T.);
#6599 = VERTEX_POINT('',#6600);
#6600 = CARTESIAN_POINT('',(-25.62821046865,77.053776313523,14.7));
#6601 = CIRCLE('',#6602,81.204);
#6602 = AXIS2_PLACEMENT_3D('',#6603,#6604,#6605);
#6603 = CARTESIAN_POINT('',(0.,0.,14.7));
#6604 = DIRECTION('',(0.,0.,1.));
#6605 = DIRECTION('',(1.,0.,-0.));
#6606 = ORIENTED_EDGE('',*,*,#6607,.T.);
#6607 = EDGE_CURVE('',#6599,#1027,#6608,.T.);
#6608 = LINE('',#6609,#6610);
#6609 = CARTESIAN_POINT('',(-25.30726581042,76.108303838677,14.7));
#6610 = VECTOR('',#6611,1.);
#6611 = DIRECTION('',(-0.321439465303,0.946930129495,0.));
#6612 = ORIENTED_EDGE('',*,*,#1026,.T.);
#6613 = PLANE('',#6614);
#6614 = AXIS2_PLACEMENT_3D('',#6615,#6616,#6617);
#6615 = CARTESIAN_POINT('',(-25.30726581042,76.108303838677,14.7));
#6616 = DIRECTION('',(0.,0.,1.));
#6617 = DIRECTION('',(-0.321439465303,0.946930129495,0.));
#6618 = ADVANCED_FACE('',(#6619),#6637,.F.);
#6619 = FACE_BOUND('',#6620,.F.);
#6620 = EDGE_LOOP('',(#6621,#6622,#6630,#6636));
#6621 = ORIENTED_EDGE('',*,*,#6590,.F.);
#6622 = ORIENTED_EDGE('',*,*,#6623,.T.);
#6623 = EDGE_CURVE('',#6591,#6624,#6626,.T.);
#6624 = VERTEX_POINT('',#6625);
#6625 = CARTESIAN_POINT('',(-26.57514059814,76.73233684822,18.2));
#6626 = LINE('',#6627,#6628);
#6627 = CARTESIAN_POINT('',(-26.57514059814,76.73233684822,7.99));
#6628 = VECTOR('',#6629,1.);
#6629 = DIRECTION('',(0.,0.,1.));
#6630 = ORIENTED_EDGE('',*,*,#6631,.T.);
#6631 = EDGE_CURVE('',#6624,#1046,#6632,.T.);
#6632 = LINE('',#6633,#6634);
#6633 = CARTESIAN_POINT('',(-26.25419593992,75.786864373374,18.2));
#6634 = VECTOR('',#6635,1.);
#6635 = DIRECTION('',(-0.321439465303,0.946930129495,0.));
#6636 = ORIENTED_EDGE('',*,*,#1054,.F.);
#6637 = PLANE('',#6638);
#6638 = AXIS2_PLACEMENT_3D('',#6639,#6640,#6641);
#6639 = CARTESIAN_POINT('',(-26.25419593992,75.786864373374,14.7));
#6640 = DIRECTION('',(-0.946930129495,-0.321439465303,0.));
#6641 = DIRECTION('',(0.,0.,1.));
#6642 = ADVANCED_FACE('',(#6643),#6662,.F.);
#6643 = FACE_BOUND('',#6644,.F.);
#6644 = EDGE_LOOP('',(#6645,#6646,#6655,#6661));
#6645 = ORIENTED_EDGE('',*,*,#6631,.F.);
#6646 = ORIENTED_EDGE('',*,*,#6647,.F.);
#6647 = EDGE_CURVE('',#6648,#6624,#6650,.T.);
#6648 = VERTEX_POINT('',#6649);
#6649 = CARTESIAN_POINT('',(-25.62821046865,77.053776313523,18.2));
#6650 = CIRCLE('',#6651,81.204);
#6651 = AXIS2_PLACEMENT_3D('',#6652,#6653,#6654);
#6652 = CARTESIAN_POINT('',(0.,0.,18.2));
#6653 = DIRECTION('',(0.,0.,1.));
#6654 = DIRECTION('',(1.,0.,-0.));
#6655 = ORIENTED_EDGE('',*,*,#6656,.T.);
#6656 = EDGE_CURVE('',#6648,#1038,#6657,.T.);
#6657 = LINE('',#6658,#6659);
#6658 = CARTESIAN_POINT('',(-25.30726581042,76.108303838677,18.2));
#6659 = VECTOR('',#6660,1.);
#6660 = DIRECTION('',(-0.321439465303,0.946930129495,0.));
#6661 = ORIENTED_EDGE('',*,*,#1045,.T.);
#6662 = PLANE('',#6663);
#6663 = AXIS2_PLACEMENT_3D('',#6664,#6665,#6666);
#6664 = CARTESIAN_POINT('',(-25.30726581042,76.108303838677,18.2));
#6665 = DIRECTION('',(0.,0.,1.));
#6666 = DIRECTION('',(-0.321439465303,0.946930129495,0.));
#6667 = ADVANCED_FACE('',(#6668),#6679,.T.);
#6668 = FACE_BOUND('',#6669,.T.);
#6669 = EDGE_LOOP('',(#6670,#6671,#6677,#6678));
#6670 = ORIENTED_EDGE('',*,*,#6607,.F.);
#6671 = ORIENTED_EDGE('',*,*,#6672,.T.);
#6672 = EDGE_CURVE('',#6599,#6648,#6673,.T.);
#6673 = LINE('',#6674,#6675);
#6674 = CARTESIAN_POINT('',(-25.62821046865,77.053776313523,7.99));
#6675 = VECTOR('',#6676,1.);
#6676 = DIRECTION('',(0.,0.,1.));
#6677 = ORIENTED_EDGE('',*,*,#6656,.T.);
#6678 = ORIENTED_EDGE('',*,*,#1037,.F.);
#6679 = PLANE('',#6680);
#6680 = AXIS2_PLACEMENT_3D('',#6681,#6682,#6683);
#6681 = CARTESIAN_POINT('',(-25.30726581042,76.108303838677,14.7));
#6682 = DIRECTION('',(-0.946930129495,-0.321439465303,0.));
#6683 = DIRECTION('',(0.,0.,1.));
#6684 = ADVANCED_FACE('',(#6685),#6711,.T.);
#6685 = FACE_BOUND('',#6686,.T.);
#6686 = EDGE_LOOP('',(#6687,#6695,#6704,#6710));
#6687 = ORIENTED_EDGE('',*,*,#6688,.F.);
#6688 = EDGE_CURVE('',#6689,#1065,#6691,.T.);
#6689 = VERTEX_POINT('',#6690);
#6690 = CARTESIAN_POINT('',(-29.89686447729,75.500113313996,14.7));
#6691 = LINE('',#6692,#6693);
#6692 = CARTESIAN_POINT('',(-29.53498435714,74.569540128816,14.7));
#6693 = VECTOR('',#6694,1.);
#6694 = DIRECTION('',(-0.362438038284,0.932007869283,0.));
#6695 = ORIENTED_EDGE('',*,*,#6696,.F.);
#6696 = EDGE_CURVE('',#6697,#6689,#6699,.T.);
#6697 = VERTEX_POINT('',#6698);
#6698 = CARTESIAN_POINT('',(-28.96485660801,75.862551352279,14.7));
#6699 = CIRCLE('',#6700,81.204);
#6700 = AXIS2_PLACEMENT_3D('',#6701,#6702,#6703);
#6701 = CARTESIAN_POINT('',(0.,0.,14.7));
#6702 = DIRECTION('',(0.,0.,1.));
#6703 = DIRECTION('',(1.,0.,-0.));
#6704 = ORIENTED_EDGE('',*,*,#6705,.T.);
#6705 = EDGE_CURVE('',#6697,#1063,#6706,.T.);
#6706 = LINE('',#6707,#6708);
#6707 = CARTESIAN_POINT('',(-28.60297648786,74.931978167099,14.7));
#6708 = VECTOR('',#6709,1.);
#6709 = DIRECTION('',(-0.362438038284,0.932007869283,0.));
#6710 = ORIENTED_EDGE('',*,*,#1062,.T.);
#6711 = PLANE('',#6712);
#6712 = AXIS2_PLACEMENT_3D('',#6713,#6714,#6715);
#6713 = CARTESIAN_POINT('',(-28.60297648786,74.931978167099,14.7));
#6714 = DIRECTION('',(0.,0.,1.));
#6715 = DIRECTION('',(-0.362438038284,0.932007869283,0.));
#6716 = ADVANCED_FACE('',(#6717),#6735,.F.);
#6717 = FACE_BOUND('',#6718,.F.);
#6718 = EDGE_LOOP('',(#6719,#6720,#6728,#6734));
#6719 = ORIENTED_EDGE('',*,*,#6688,.F.);
#6720 = ORIENTED_EDGE('',*,*,#6721,.T.);
#6721 = EDGE_CURVE('',#6689,#6722,#6724,.T.);
#6722 = VERTEX_POINT('',#6723);
#6723 = CARTESIAN_POINT('',(-29.89686447729,75.500113313996,18.2));
#6724 = LINE('',#6725,#6726);
#6725 = CARTESIAN_POINT('',(-29.89686447729,75.500113313996,7.99));
#6726 = VECTOR('',#6727,1.);
#6727 = DIRECTION('',(0.,0.,1.));
#6728 = ORIENTED_EDGE('',*,*,#6729,.T.);
#6729 = EDGE_CURVE('',#6722,#1082,#6730,.T.);
#6730 = LINE('',#6731,#6732);
#6731 = CARTESIAN_POINT('',(-29.53498435714,74.569540128816,18.2));
#6732 = VECTOR('',#6733,1.);
#6733 = DIRECTION('',(-0.362438038284,0.932007869283,0.));
#6734 = ORIENTED_EDGE('',*,*,#1090,.F.);
#6735 = PLANE('',#6736);
#6736 = AXIS2_PLACEMENT_3D('',#6737,#6738,#6739);
#6737 = CARTESIAN_POINT('',(-29.53498435714,74.569540128816,14.7));
#6738 = DIRECTION('',(-0.932007869283,-0.362438038284,0.));
#6739 = DIRECTION('',(0.,0.,1.));
#6740 = ADVANCED_FACE('',(#6741),#6760,.F.);
#6741 = FACE_BOUND('',#6742,.F.);
#6742 = EDGE_LOOP('',(#6743,#6744,#6753,#6759));
#6743 = ORIENTED_EDGE('',*,*,#6729,.F.);
#6744 = ORIENTED_EDGE('',*,*,#6745,.F.);
#6745 = EDGE_CURVE('',#6746,#6722,#6748,.T.);
#6746 = VERTEX_POINT('',#6747);
#6747 = CARTESIAN_POINT('',(-28.96485660801,75.862551352279,18.2));
#6748 = CIRCLE('',#6749,81.204);
#6749 = AXIS2_PLACEMENT_3D('',#6750,#6751,#6752);
#6750 = CARTESIAN_POINT('',(0.,0.,18.2));
#6751 = DIRECTION('',(0.,0.,1.));
#6752 = DIRECTION('',(1.,0.,-0.));
#6753 = ORIENTED_EDGE('',*,*,#6754,.T.);
#6754 = EDGE_CURVE('',#6746,#1074,#6755,.T.);
#6755 = LINE('',#6756,#6757);
#6756 = CARTESIAN_POINT('',(-28.60297648786,74.931978167099,18.2));
#6757 = VECTOR('',#6758,1.);
#6758 = DIRECTION('',(-0.362438038284,0.932007869283,0.));
#6759 = ORIENTED_EDGE('',*,*,#1081,.T.);
#6760 = PLANE('',#6761);
#6761 = AXIS2_PLACEMENT_3D('',#6762,#6763,#6764);
#6762 = CARTESIAN_POINT('',(-28.60297648786,74.931978167099,18.2));
#6763 = DIRECTION('',(0.,0.,1.));
#6764 = DIRECTION('',(-0.362438038284,0.932007869283,0.));
#6765 = ADVANCED_FACE('',(#6766),#6777,.T.);
#6766 = FACE_BOUND('',#6767,.T.);
#6767 = EDGE_LOOP('',(#6768,#6769,#6775,#6776));
#6768 = ORIENTED_EDGE('',*,*,#6705,.F.);
#6769 = ORIENTED_EDGE('',*,*,#6770,.T.);
#6770 = EDGE_CURVE('',#6697,#6746,#6771,.T.);
#6771 = LINE('',#6772,#6773);
#6772 = CARTESIAN_POINT('',(-28.96485660801,75.862551352279,7.99));
#6773 = VECTOR('',#6774,1.);
#6774 = DIRECTION('',(0.,0.,1.));
#6775 = ORIENTED_EDGE('',*,*,#6754,.T.);
#6776 = ORIENTED_EDGE('',*,*,#1073,.F.);
#6777 = PLANE('',#6778);
#6778 = AXIS2_PLACEMENT_3D('',#6779,#6780,#6781);
#6779 = CARTESIAN_POINT('',(-28.60297648786,74.931978167099,14.7));
#6780 = DIRECTION('',(-0.932007869283,-0.362438038284,0.));
#6781 = DIRECTION('',(0.,0.,1.));
#6782 = ADVANCED_FACE('',(#6783),#6809,.T.);
#6783 = FACE_BOUND('',#6784,.T.);
#6784 = EDGE_LOOP('',(#6785,#6793,#6802,#6808));
#6785 = ORIENTED_EDGE('',*,*,#6786,.F.);
#6786 = EDGE_CURVE('',#6787,#1101,#6789,.T.);
#6787 = VERTEX_POINT('',#6788);
#6788 = CARTESIAN_POINT('',(-33.16167797568,74.124171022932,14.7));
#6789 = LINE('',#6790,#6791);
#6790 = CARTESIAN_POINT('',(-32.75955125299,73.210268526367,14.7));
#6791 = VECTOR('',#6792,1.);
#6792 = DIRECTION('',(-0.402746689859,0.915311479119,0.));
#6793 = ORIENTED_EDGE('',*,*,#6794,.F.);
#6794 = EDGE_CURVE('',#6795,#6787,#6797,.T.);
#6795 = VERTEX_POINT('',#6796);
#6796 = CARTESIAN_POINT('',(-32.24636649656,74.526917712791,14.7));
#6797 = CIRCLE('',#6798,81.204);
#6798 = AXIS2_PLACEMENT_3D('',#6799,#6800,#6801);
#6799 = CARTESIAN_POINT('',(0.,0.,14.7));
#6800 = DIRECTION('',(0.,0.,1.));
#6801 = DIRECTION('',(1.,0.,-0.));
#6802 = ORIENTED_EDGE('',*,*,#6803,.T.);
#6803 = EDGE_CURVE('',#6795,#1099,#6804,.T.);
#6804 = LINE('',#6805,#6806);
#6805 = CARTESIAN_POINT('',(-31.84423977387,73.613015216226,14.7));
#6806 = VECTOR('',#6807,1.);
#6807 = DIRECTION('',(-0.402746689859,0.915311479119,0.));
#6808 = ORIENTED_EDGE('',*,*,#1098,.T.);
#6809 = PLANE('',#6810);
#6810 = AXIS2_PLACEMENT_3D('',#6811,#6812,#6813);
#6811 = CARTESIAN_POINT('',(-31.84423977387,73.613015216226,14.7));
#6812 = DIRECTION('',(0.,0.,1.));
#6813 = DIRECTION('',(-0.402746689859,0.915311479119,0.));
#6814 = ADVANCED_FACE('',(#6815),#6833,.F.);
#6815 = FACE_BOUND('',#6816,.F.);
#6816 = EDGE_LOOP('',(#6817,#6818,#6826,#6832));
#6817 = ORIENTED_EDGE('',*,*,#6786,.F.);
#6818 = ORIENTED_EDGE('',*,*,#6819,.T.);
#6819 = EDGE_CURVE('',#6787,#6820,#6822,.T.);
#6820 = VERTEX_POINT('',#6821);
#6821 = CARTESIAN_POINT('',(-33.16167797568,74.124171022932,18.2));
#6822 = LINE('',#6823,#6824);
#6823 = CARTESIAN_POINT('',(-33.16167797568,74.124171022932,7.99));
#6824 = VECTOR('',#6825,1.);
#6825 = DIRECTION('',(0.,0.,1.));
#6826 = ORIENTED_EDGE('',*,*,#6827,.T.);
#6827 = EDGE_CURVE('',#6820,#1118,#6828,.T.);
#6828 = LINE('',#6829,#6830);
#6829 = CARTESIAN_POINT('',(-32.75955125299,73.210268526367,18.2));
#6830 = VECTOR('',#6831,1.);
#6831 = DIRECTION('',(-0.402746689859,0.915311479119,0.));
#6832 = ORIENTED_EDGE('',*,*,#1126,.F.);
#6833 = PLANE('',#6834);
#6834 = AXIS2_PLACEMENT_3D('',#6835,#6836,#6837);
#6835 = CARTESIAN_POINT('',(-32.75955125299,73.210268526367,14.7));
#6836 = DIRECTION('',(-0.915311479119,-0.402746689859,0.));
#6837 = DIRECTION('',(0.,0.,1.));
#6838 = ADVANCED_FACE('',(#6839),#6858,.F.);
#6839 = FACE_BOUND('',#6840,.F.);
#6840 = EDGE_LOOP('',(#6841,#6842,#6851,#6857));
#6841 = ORIENTED_EDGE('',*,*,#6827,.F.);
#6842 = ORIENTED_EDGE('',*,*,#6843,.F.);
#6843 = EDGE_CURVE('',#6844,#6820,#6846,.T.);
#6844 = VERTEX_POINT('',#6845);
#6845 = CARTESIAN_POINT('',(-32.24636649656,74.526917712791,18.2));
#6846 = CIRCLE('',#6847,81.204);
#6847 = AXIS2_PLACEMENT_3D('',#6848,#6849,#6850);
#6848 = CARTESIAN_POINT('',(0.,0.,18.2));
#6849 = DIRECTION('',(0.,0.,1.));
#6850 = DIRECTION('',(1.,0.,-0.));
#6851 = ORIENTED_EDGE('',*,*,#6852,.T.);
#6852 = EDGE_CURVE('',#6844,#1110,#6853,.T.);
#6853 = LINE('',#6854,#6855);
#6854 = CARTESIAN_POINT('',(-31.84423977387,73.613015216226,18.2));
#6855 = VECTOR('',#6856,1.);
#6856 = DIRECTION('',(-0.402746689859,0.915311479119,0.));
#6857 = ORIENTED_EDGE('',*,*,#1117,.T.);
#6858 = PLANE('',#6859);
#6859 = AXIS2_PLACEMENT_3D('',#6860,#6861,#6862);
#6860 = CARTESIAN_POINT('',(-31.84423977387,73.613015216226,18.2));
#6861 = DIRECTION('',(0.,0.,1.));
#6862 = DIRECTION('',(-0.402746689859,0.915311479119,0.));
#6863 = ADVANCED_FACE('',(#6864),#6875,.T.);
#6864 = FACE_BOUND('',#6865,.T.);
#6865 = EDGE_LOOP('',(#6866,#6867,#6873,#6874));
#6866 = ORIENTED_EDGE('',*,*,#6803,.F.);
#6867 = ORIENTED_EDGE('',*,*,#6868,.T.);
#6868 = EDGE_CURVE('',#6795,#6844,#6869,.T.);
#6869 = LINE('',#6870,#6871);
#6870 = CARTESIAN_POINT('',(-32.24636649656,74.526917712791,7.99));
#6871 = VECTOR('',#6872,1.);
#6872 = DIRECTION('',(0.,0.,1.));
#6873 = ORIENTED_EDGE('',*,*,#6852,.T.);
#6874 = ORIENTED_EDGE('',*,*,#1109,.F.);
#6875 = PLANE('',#6876);
#6876 = AXIS2_PLACEMENT_3D('',#6877,#6878,#6879);
#6877 = CARTESIAN_POINT('',(-31.84423977387,73.613015216226,14.7));
#6878 = DIRECTION('',(-0.915311479119,-0.402746689859,0.));
#6879 = DIRECTION('',(0.,0.,1.));
#6880 = ADVANCED_FACE('',(#6881),#6907,.T.);
#6881 = FACE_BOUND('',#6882,.T.);
#6882 = EDGE_LOOP('',(#6883,#6891,#6900,#6906));
#6883 = ORIENTED_EDGE('',*,*,#6884,.F.);
#6884 = EDGE_CURVE('',#6885,#1137,#6887,.T.);
#6885 = VERTEX_POINT('',#6886);
#6886 = CARTESIAN_POINT('',(-48.41902075674,65.189631422166,14.7));
#6887 = LINE('',#6888,#6889);
#6888 = CARTESIAN_POINT('',(-47.82862133948,64.384428216487,14.7));
#6889 = VECTOR('',#6890,1.);
#6890 = DIRECTION('',(-0.591309648364,0.806444604267,0.));
#6891 = ORIENTED_EDGE('',*,*,#6892,.F.);
#6892 = EDGE_CURVE('',#6893,#6885,#6895,.T.);
#6893 = VERTEX_POINT('',#6894);
#6894 = CARTESIAN_POINT('',(-47.61257615247,65.78094107053,14.7));
#6895 = CIRCLE('',#6896,81.204);
#6896 = AXIS2_PLACEMENT_3D('',#6897,#6898,#6899);
#6897 = CARTESIAN_POINT('',(0.,0.,14.7));
#6898 = DIRECTION('',(0.,0.,1.));
#6899 = DIRECTION('',(1.,0.,-0.));
#6900 = ORIENTED_EDGE('',*,*,#6901,.T.);
#6901 = EDGE_CURVE('',#6893,#1135,#6902,.T.);
#6902 = LINE('',#6903,#6904);
#6903 = CARTESIAN_POINT('',(-47.02217673521,64.975737864851,14.7));
#6904 = VECTOR('',#6905,1.);
#6905 = DIRECTION('',(-0.591309648364,0.806444604267,0.));
#6906 = ORIENTED_EDGE('',*,*,#1134,.T.);
#6907 = PLANE('',#6908);
#6908 = AXIS2_PLACEMENT_3D('',#6909,#6910,#6911);
#6909 = CARTESIAN_POINT('',(-47.02217673521,64.975737864851,14.7));
#6910 = DIRECTION('',(0.,0.,1.));
#6911 = DIRECTION('',(-0.591309648364,0.806444604267,0.));
#6912 = ADVANCED_FACE('',(#6913),#6931,.F.);
#6913 = FACE_BOUND('',#6914,.F.);
#6914 = EDGE_LOOP('',(#6915,#6916,#6924,#6930));
#6915 = ORIENTED_EDGE('',*,*,#6884,.F.);
#6916 = ORIENTED_EDGE('',*,*,#6917,.T.);
#6917 = EDGE_CURVE('',#6885,#6918,#6920,.T.);
#6918 = VERTEX_POINT('',#6919);
#6919 = CARTESIAN_POINT('',(-48.41902075674,65.189631422166,18.2));
#6920 = LINE('',#6921,#6922);
#6921 = CARTESIAN_POINT('',(-48.41902075674,65.189631422166,7.99));
#6922 = VECTOR('',#6923,1.);
#6923 = DIRECTION('',(0.,0.,1.));
#6924 = ORIENTED_EDGE('',*,*,#6925,.T.);
#6925 = EDGE_CURVE('',#6918,#1154,#6926,.T.);
#6926 = LINE('',#6927,#6928);
#6927 = CARTESIAN_POINT('',(-47.82862133948,64.384428216487,18.2));
#6928 = VECTOR('',#6929,1.);
#6929 = DIRECTION('',(-0.591309648364,0.806444604267,0.));
#6930 = ORIENTED_EDGE('',*,*,#1162,.F.);
#6931 = PLANE('',#6932);
#6932 = AXIS2_PLACEMENT_3D('',#6933,#6934,#6935);
#6933 = CARTESIAN_POINT('',(-47.82862133948,64.384428216487,14.7));
#6934 = DIRECTION('',(-0.806444604267,-0.591309648364,0.));
#6935 = DIRECTION('',(0.,0.,1.));
#6936 = ADVANCED_FACE('',(#6937),#6956,.F.);
#6937 = FACE_BOUND('',#6938,.F.);
#6938 = EDGE_LOOP('',(#6939,#6940,#6949,#6955));
#6939 = ORIENTED_EDGE('',*,*,#6925,.F.);
#6940 = ORIENTED_EDGE('',*,*,#6941,.F.);
#6941 = EDGE_CURVE('',#6942,#6918,#6944,.T.);
#6942 = VERTEX_POINT('',#6943);
#6943 = CARTESIAN_POINT('',(-47.61257615247,65.78094107053,18.2));
#6944 = CIRCLE('',#6945,81.204);
#6945 = AXIS2_PLACEMENT_3D('',#6946,#6947,#6948);
#6946 = CARTESIAN_POINT('',(0.,0.,18.2));
#6947 = DIRECTION('',(0.,0.,1.));
#6948 = DIRECTION('',(1.,0.,-0.));
#6949 = ORIENTED_EDGE('',*,*,#6950,.T.);
#6950 = EDGE_CURVE('',#6942,#1146,#6951,.T.);
#6951 = LINE('',#6952,#6953);
#6952 = CARTESIAN_POINT('',(-47.02217673521,64.975737864851,18.2));
#6953 = VECTOR('',#6954,1.);
#6954 = DIRECTION('',(-0.591309648364,0.806444604267,0.));
#6955 = ORIENTED_EDGE('',*,*,#1153,.T.);
#6956 = PLANE('',#6957);
#6957 = AXIS2_PLACEMENT_3D('',#6958,#6959,#6960);
#6958 = CARTESIAN_POINT('',(-47.02217673521,64.975737864851,18.2));
#6959 = DIRECTION('',(0.,0.,1.));
#6960 = DIRECTION('',(-0.591309648364,0.806444604267,0.));
#6961 = ADVANCED_FACE('',(#6962),#6973,.T.);
#6962 = FACE_BOUND('',#6963,.T.);
#6963 = EDGE_LOOP('',(#6964,#6965,#6971,#6972));
#6964 = ORIENTED_EDGE('',*,*,#6901,.F.);
#6965 = ORIENTED_EDGE('',*,*,#6966,.T.);
#6966 = EDGE_CURVE('',#6893,#6942,#6967,.T.);
#6967 = LINE('',#6968,#6969);
#6968 = CARTESIAN_POINT('',(-47.61257615247,65.78094107053,7.99));
#6969 = VECTOR('',#6970,1.);
#6970 = DIRECTION('',(0.,0.,1.));
#6971 = ORIENTED_EDGE('',*,*,#6950,.T.);
#6972 = ORIENTED_EDGE('',*,*,#1145,.F.);
#6973 = PLANE('',#6974);
#6974 = AXIS2_PLACEMENT_3D('',#6975,#6976,#6977);
#6975 = CARTESIAN_POINT('',(-47.02217673521,64.975737864851,14.7));
#6976 = DIRECTION('',(-0.806444604267,-0.591309648364,0.));
#6977 = DIRECTION('',(0.,0.,1.));
#6978 = ADVANCED_FACE('',(#6979),#7005,.T.);
#6979 = FACE_BOUND('',#6980,.T.);
#6980 = EDGE_LOOP('',(#6981,#6989,#6998,#7004));
#6981 = ORIENTED_EDGE('',*,*,#6982,.F.);
#6982 = EDGE_CURVE('',#6983,#1173,#6985,.T.);
#6983 = VERTEX_POINT('',#6984);
#6984 = CARTESIAN_POINT('',(-51.21646836296,63.015577315653,14.7));
#6985 = LINE('',#6986,#6987);
#6986 = CARTESIAN_POINT('',(-50.59150840459,62.236893345889,14.7));
#6987 = VECTOR('',#6988,1.);
#6988 = DIRECTION('',(-0.625923472184,0.779884483093,0.));
#6989 = ORIENTED_EDGE('',*,*,#6990,.F.);
#6990 = EDGE_CURVE('',#6991,#6983,#6993,.T.);
#6991 = VERTEX_POINT('',#6992);
#6992 = CARTESIAN_POINT('',(-50.43658387987,63.641500787837,14.7));
#6993 = CIRCLE('',#6994,81.204);
#6994 = AXIS2_PLACEMENT_3D('',#6995,#6996,#6997);
#6995 = CARTESIAN_POINT('',(0.,0.,14.7));
#6996 = DIRECTION('',(0.,0.,1.));
#6997 = DIRECTION('',(1.,0.,-0.));
#6998 = ORIENTED_EDGE('',*,*,#6999,.T.);
#6999 = EDGE_CURVE('',#6991,#1171,#7000,.T.);
#7000 = LINE('',#7001,#7002);
#7001 = CARTESIAN_POINT('',(-49.8116239215,62.862816818074,14.7));
#7002 = VECTOR('',#7003,1.);
#7003 = DIRECTION('',(-0.625923472184,0.779884483093,0.));
#7004 = ORIENTED_EDGE('',*,*,#1170,.T.);
#7005 = PLANE('',#7006);
#7006 = AXIS2_PLACEMENT_3D('',#7007,#7008,#7009);
#7007 = CARTESIAN_POINT('',(-49.8116239215,62.862816818074,14.7));
#7008 = DIRECTION('',(0.,0.,1.));
#7009 = DIRECTION('',(-0.625923472184,0.779884483093,0.));
#7010 = ADVANCED_FACE('',(#7011),#7029,.F.);
#7011 = FACE_BOUND('',#7012,.F.);
#7012 = EDGE_LOOP('',(#7013,#7014,#7022,#7028));
#7013 = ORIENTED_EDGE('',*,*,#6982,.F.);
#7014 = ORIENTED_EDGE('',*,*,#7015,.T.);
#7015 = EDGE_CURVE('',#6983,#7016,#7018,.T.);
#7016 = VERTEX_POINT('',#7017);
#7017 = CARTESIAN_POINT('',(-51.21646836296,63.015577315653,18.2));
#7018 = LINE('',#7019,#7020);
#7019 = CARTESIAN_POINT('',(-51.21646836296,63.015577315653,7.99));
#7020 = VECTOR('',#7021,1.);
#7021 = DIRECTION('',(0.,0.,1.));
#7022 = ORIENTED_EDGE('',*,*,#7023,.T.);
#7023 = EDGE_CURVE('',#7016,#1190,#7024,.T.);
#7024 = LINE('',#7025,#7026);
#7025 = CARTESIAN_POINT('',(-50.59150840459,62.236893345889,18.2));
#7026 = VECTOR('',#7027,1.);
#7027 = DIRECTION('',(-0.625923472184,0.779884483093,0.));
#7028 = ORIENTED_EDGE('',*,*,#1198,.F.);
#7029 = PLANE('',#7030);
#7030 = AXIS2_PLACEMENT_3D('',#7031,#7032,#7033);
#7031 = CARTESIAN_POINT('',(-50.59150840459,62.236893345889,14.7));
#7032 = DIRECTION('',(-0.779884483093,-0.625923472184,0.));
#7033 = DIRECTION('',(0.,0.,1.));
#7034 = ADVANCED_FACE('',(#7035),#7054,.F.);
#7035 = FACE_BOUND('',#7036,.F.);
#7036 = EDGE_LOOP('',(#7037,#7038,#7047,#7053));
#7037 = ORIENTED_EDGE('',*,*,#7023,.F.);
#7038 = ORIENTED_EDGE('',*,*,#7039,.F.);
#7039 = EDGE_CURVE('',#7040,#7016,#7042,.T.);
#7040 = VERTEX_POINT('',#7041);
#7041 = CARTESIAN_POINT('',(-50.43658387987,63.641500787837,18.2));
#7042 = CIRCLE('',#7043,81.204);
#7043 = AXIS2_PLACEMENT_3D('',#7044,#7045,#7046);
#7044 = CARTESIAN_POINT('',(0.,0.,18.2));
#7045 = DIRECTION('',(0.,0.,1.));
#7046 = DIRECTION('',(1.,0.,-0.));
#7047 = ORIENTED_EDGE('',*,*,#7048,.T.);
#7048 = EDGE_CURVE('',#7040,#1182,#7049,.T.);
#7049 = LINE('',#7050,#7051);
#7050 = CARTESIAN_POINT('',(-49.8116239215,62.862816818074,18.2));
#7051 = VECTOR('',#7052,1.);
#7052 = DIRECTION('',(-0.625923472184,0.779884483093,0.));
#7053 = ORIENTED_EDGE('',*,*,#1189,.T.);
#7054 = PLANE('',#7055);
#7055 = AXIS2_PLACEMENT_3D('',#7056,#7057,#7058);
#7056 = CARTESIAN_POINT('',(-49.8116239215,62.862816818074,18.2));
#7057 = DIRECTION('',(0.,0.,1.));
#7058 = DIRECTION('',(-0.625923472184,0.779884483093,0.));
#7059 = ADVANCED_FACE('',(#7060),#7071,.T.);
#7060 = FACE_BOUND('',#7061,.T.);
#7061 = EDGE_LOOP('',(#7062,#7063,#7069,#7070));
#7062 = ORIENTED_EDGE('',*,*,#6999,.F.);
#7063 = ORIENTED_EDGE('',*,*,#7064,.T.);
#7064 = EDGE_CURVE('',#6991,#7040,#7065,.T.);
#7065 = LINE('',#7066,#7067);
#7066 = CARTESIAN_POINT('',(-50.43658387987,63.641500787837,7.99));
#7067 = VECTOR('',#7068,1.);
#7068 = DIRECTION('',(0.,0.,1.));
#7069 = ORIENTED_EDGE('',*,*,#7048,.T.);
#7070 = ORIENTED_EDGE('',*,*,#1181,.F.);
#7071 = PLANE('',#7072);
#7072 = AXIS2_PLACEMENT_3D('',#7073,#7074,#7075);
#7073 = CARTESIAN_POINT('',(-49.8116239215,62.862816818074,14.7));
#7074 = DIRECTION('',(-0.779884483093,-0.625923472184,0.));
#7075 = DIRECTION('',(0.,0.,1.));
#7076 = ADVANCED_FACE('',(#7077),#7103,.T.);
#7077 = FACE_BOUND('',#7078,.T.);
#7078 = EDGE_LOOP('',(#7079,#7087,#7096,#7102));
#7079 = ORIENTED_EDGE('',*,*,#7080,.F.);
#7080 = EDGE_CURVE('',#7081,#1209,#7083,.T.);
#7081 = VERTEX_POINT('',#7082);
#7082 = CARTESIAN_POINT('',(-53.9164225107,60.721569476148,14.7));
#7083 = LINE('',#7084,#7085);
#7084 = CARTESIAN_POINT('',(-53.25809165802,59.970887011494,14.7));
#7085 = VECTOR('',#7086,1.);
#7086 = DIRECTION('',(-0.6593458151,0.751839807479,0.));
#7087 = ORIENTED_EDGE('',*,*,#7088,.F.);
#7088 = EDGE_CURVE('',#7089,#7081,#7091,.T.);
#7089 = VERTEX_POINT('',#7090);
#7090 = CARTESIAN_POINT('',(-53.16458270323,61.380915291249,14.7));
#7091 = CIRCLE('',#7092,81.204);
#7092 = AXIS2_PLACEMENT_3D('',#7093,#7094,#7095);
#7093 = CARTESIAN_POINT('',(0.,0.,14.7));
#7094 = DIRECTION('',(0.,0.,1.));
#7095 = DIRECTION('',(1.,0.,-0.));
#7096 = ORIENTED_EDGE('',*,*,#7097,.T.);
#7097 = EDGE_CURVE('',#7089,#1207,#7098,.T.);
#7098 = LINE('',#7099,#7100);
#7099 = CARTESIAN_POINT('',(-52.50625185054,60.630232826594,14.7));
#7100 = VECTOR('',#7101,1.);
#7101 = DIRECTION('',(-0.6593458151,0.751839807479,0.));
#7102 = ORIENTED_EDGE('',*,*,#1206,.T.);
#7103 = PLANE('',#7104);
#7104 = AXIS2_PLACEMENT_3D('',#7105,#7106,#7107);
#7105 = CARTESIAN_POINT('',(-52.50625185054,60.630232826594,14.7));
#7106 = DIRECTION('',(0.,0.,1.));
#7107 = DIRECTION('',(-0.6593458151,0.751839807479,0.));
#7108 = ADVANCED_FACE('',(#7109),#7127,.F.);
#7109 = FACE_BOUND('',#7110,.F.);
#7110 = EDGE_LOOP('',(#7111,#7112,#7120,#7126));
#7111 = ORIENTED_EDGE('',*,*,#7080,.F.);
#7112 = ORIENTED_EDGE('',*,*,#7113,.T.);
#7113 = EDGE_CURVE('',#7081,#7114,#7116,.T.);
#7114 = VERTEX_POINT('',#7115);
#7115 = CARTESIAN_POINT('',(-53.9164225107,60.721569476148,18.2));
#7116 = LINE('',#7117,#7118);
#7117 = CARTESIAN_POINT('',(-53.9164225107,60.721569476148,7.99));
#7118 = VECTOR('',#7119,1.);
#7119 = DIRECTION('',(0.,0.,1.));
#7120 = ORIENTED_EDGE('',*,*,#7121,.T.);
#7121 = EDGE_CURVE('',#7114,#1226,#7122,.T.);
#7122 = LINE('',#7123,#7124);
#7123 = CARTESIAN_POINT('',(-53.25809165802,59.970887011494,18.2));
#7124 = VECTOR('',#7125,1.);
#7125 = DIRECTION('',(-0.6593458151,0.751839807479,0.));
#7126 = ORIENTED_EDGE('',*,*,#1234,.F.);
#7127 = PLANE('',#7128);
#7128 = AXIS2_PLACEMENT_3D('',#7129,#7130,#7131);
#7129 = CARTESIAN_POINT('',(-53.25809165802,59.970887011494,14.7));
#7130 = DIRECTION('',(-0.751839807479,-0.6593458151,0.));
#7131 = DIRECTION('',(0.,0.,1.));
#7132 = ADVANCED_FACE('',(#7133),#7152,.F.);
#7133 = FACE_BOUND('',#7134,.F.);
#7134 = EDGE_LOOP('',(#7135,#7136,#7145,#7151));
#7135 = ORIENTED_EDGE('',*,*,#7121,.F.);
#7136 = ORIENTED_EDGE('',*,*,#7137,.F.);
#7137 = EDGE_CURVE('',#7138,#7114,#7140,.T.);
#7138 = VERTEX_POINT('',#7139);
#7139 = CARTESIAN_POINT('',(-53.16458270323,61.380915291249,18.2));
#7140 = CIRCLE('',#7141,81.204);
#7141 = AXIS2_PLACEMENT_3D('',#7142,#7143,#7144);
#7142 = CARTESIAN_POINT('',(0.,0.,18.2));
#7143 = DIRECTION('',(0.,0.,1.));
#7144 = DIRECTION('',(1.,0.,-0.));
#7145 = ORIENTED_EDGE('',*,*,#7146,.T.);
#7146 = EDGE_CURVE('',#7138,#1218,#7147,.T.);
#7147 = LINE('',#7148,#7149);
#7148 = CARTESIAN_POINT('',(-52.50625185054,60.630232826594,18.2));
#7149 = VECTOR('',#7150,1.);
#7150 = DIRECTION('',(-0.6593458151,0.751839807479,0.));
#7151 = ORIENTED_EDGE('',*,*,#1225,.T.);
#7152 = PLANE('',#7153);
#7153 = AXIS2_PLACEMENT_3D('',#7154,#7155,#7156);
#7154 = CARTESIAN_POINT('',(-52.50625185054,60.630232826594,18.2));
#7155 = DIRECTION('',(0.,0.,1.));
#7156 = DIRECTION('',(-0.6593458151,0.751839807479,0.));
#7157 = ADVANCED_FACE('',(#7158),#7169,.T.);
#7158 = FACE_BOUND('',#7159,.T.);
#7159 = EDGE_LOOP('',(#7160,#7161,#7167,#7168));
#7160 = ORIENTED_EDGE('',*,*,#7097,.F.);
#7161 = ORIENTED_EDGE('',*,*,#7162,.T.);
#7162 = EDGE_CURVE('',#7089,#7138,#7163,.T.);
#7163 = LINE('',#7164,#7165);
#7164 = CARTESIAN_POINT('',(-53.16458270323,61.380915291249,7.99));
#7165 = VECTOR('',#7166,1.);
#7166 = DIRECTION('',(0.,0.,1.));
#7167 = ORIENTED_EDGE('',*,*,#7146,.T.);
#7168 = ORIENTED_EDGE('',*,*,#1217,.F.);
#7169 = PLANE('',#7170);
#7170 = AXIS2_PLACEMENT_3D('',#7171,#7172,#7173);
#7171 = CARTESIAN_POINT('',(-52.50625185054,60.630232826594,14.7));
#7172 = DIRECTION('',(-0.751839807479,-0.6593458151,0.));
#7173 = DIRECTION('',(0.,0.,1.));
#7174 = ADVANCED_FACE('',(#7175),#7201,.T.);
#7175 = FACE_BOUND('',#7176,.T.);
#7176 = EDGE_LOOP('',(#7177,#7185,#7194,#7200));
#7177 = ORIENTED_EDGE('',*,*,#7178,.F.);
#7178 = EDGE_CURVE('',#7179,#1245,#7181,.T.);
#7179 = VERTEX_POINT('',#7180);
#7180 = CARTESIAN_POINT('',(-56.51374368379,58.311974677958,14.7));
#7181 = LINE('',#7182,#7183);
#7182 = CARTESIAN_POINT('',(-55.82329510699,57.59072268515,14.7));
#7183 = VECTOR('',#7184,1.);
#7184 = DIRECTION('',(-0.691513055782,0.72236396206,0.));
#7185 = ORIENTED_EDGE('',*,*,#7186,.F.);
#7186 = EDGE_CURVE('',#7187,#7179,#7189,.T.);
#7187 = VERTEX_POINT('',#7188);
#7188 = CARTESIAN_POINT('',(-55.79137972173,59.00348773374,14.7));
#7189 = CIRCLE('',#7190,81.204);
#7190 = AXIS2_PLACEMENT_3D('',#7191,#7192,#7193);
#7191 = CARTESIAN_POINT('',(0.,0.,14.7));
#7192 = DIRECTION('',(0.,0.,1.));
#7193 = DIRECTION('',(1.,0.,-0.));
#7194 = ORIENTED_EDGE('',*,*,#7195,.T.);
#7195 = EDGE_CURVE('',#7187,#1243,#7196,.T.);
#7196 = LINE('',#7197,#7198);
#7197 = CARTESIAN_POINT('',(-55.10093114493,58.282235740932,14.7));
#7198 = VECTOR('',#7199,1.);
#7199 = DIRECTION('',(-0.691513055782,0.72236396206,0.));
#7200 = ORIENTED_EDGE('',*,*,#1242,.T.);
#7201 = PLANE('',#7202);
#7202 = AXIS2_PLACEMENT_3D('',#7203,#7204,#7205);
#7203 = CARTESIAN_POINT('',(-55.10093114493,58.282235740932,14.7));
#7204 = DIRECTION('',(0.,0.,1.));
#7205 = DIRECTION('',(-0.691513055782,0.72236396206,0.));
#7206 = ADVANCED_FACE('',(#7207),#7225,.F.);
#7207 = FACE_BOUND('',#7208,.F.);
#7208 = EDGE_LOOP('',(#7209,#7210,#7218,#7224));
#7209 = ORIENTED_EDGE('',*,*,#7178,.F.);
#7210 = ORIENTED_EDGE('',*,*,#7211,.T.);
#7211 = EDGE_CURVE('',#7179,#7212,#7214,.T.);
#7212 = VERTEX_POINT('',#7213);
#7213 = CARTESIAN_POINT('',(-56.51374368379,58.311974677958,18.2));
#7214 = LINE('',#7215,#7216);
#7215 = CARTESIAN_POINT('',(-56.51374368379,58.311974677958,7.99));
#7216 = VECTOR('',#7217,1.);
#7217 = DIRECTION('',(0.,0.,1.));
#7218 = ORIENTED_EDGE('',*,*,#7219,.T.);
#7219 = EDGE_CURVE('',#7212,#1262,#7220,.T.);
#7220 = LINE('',#7221,#7222);
#7221 = CARTESIAN_POINT('',(-55.82329510699,57.59072268515,18.2));
#7222 = VECTOR('',#7223,1.);
#7223 = DIRECTION('',(-0.691513055782,0.72236396206,0.));
#7224 = ORIENTED_EDGE('',*,*,#1270,.F.);
#7225 = PLANE('',#7226);
#7226 = AXIS2_PLACEMENT_3D('',#7227,#7228,#7229);
#7227 = CARTESIAN_POINT('',(-55.82329510699,57.59072268515,14.7));
#7228 = DIRECTION('',(-0.72236396206,-0.691513055782,0.));
#7229 = DIRECTION('',(0.,0.,1.));
#7230 = ADVANCED_FACE('',(#7231),#7250,.F.);
#7231 = FACE_BOUND('',#7232,.F.);
#7232 = EDGE_LOOP('',(#7233,#7234,#7243,#7249));
#7233 = ORIENTED_EDGE('',*,*,#7219,.F.);
#7234 = ORIENTED_EDGE('',*,*,#7235,.F.);
#7235 = EDGE_CURVE('',#7236,#7212,#7238,.T.);
#7236 = VERTEX_POINT('',#7237);
#7237 = CARTESIAN_POINT('',(-55.79137972173,59.00348773374,18.2));
#7238 = CIRCLE('',#7239,81.204);
#7239 = AXIS2_PLACEMENT_3D('',#7240,#7241,#7242);
#7240 = CARTESIAN_POINT('',(0.,0.,18.2));
#7241 = DIRECTION('',(0.,0.,1.));
#7242 = DIRECTION('',(1.,0.,-0.));
#7243 = ORIENTED_EDGE('',*,*,#7244,.T.);
#7244 = EDGE_CURVE('',#7236,#1254,#7245,.T.);
#7245 = LINE('',#7246,#7247);
#7246 = CARTESIAN_POINT('',(-55.10093114493,58.282235740932,18.2));
#7247 = VECTOR('',#7248,1.);
#7248 = DIRECTION('',(-0.691513055782,0.72236396206,0.));
#7249 = ORIENTED_EDGE('',*,*,#1261,.T.);
#7250 = PLANE('',#7251);
#7251 = AXIS2_PLACEMENT_3D('',#7252,#7253,#7254);
#7252 = CARTESIAN_POINT('',(-55.10093114493,58.282235740932,18.2));
#7253 = DIRECTION('',(0.,0.,1.));
#7254 = DIRECTION('',(-0.691513055782,0.72236396206,0.));
#7255 = ADVANCED_FACE('',(#7256),#7267,.T.);
#7256 = FACE_BOUND('',#7257,.T.);
#7257 = EDGE_LOOP('',(#7258,#7259,#7265,#7266));
#7258 = ORIENTED_EDGE('',*,*,#7195,.F.);
#7259 = ORIENTED_EDGE('',*,*,#7260,.T.);
#7260 = EDGE_CURVE('',#7187,#7236,#7261,.T.);
#7261 = LINE('',#7262,#7263);
#7262 = CARTESIAN_POINT('',(-55.79137972173,59.00348773374,7.99));
#7263 = VECTOR('',#7264,1.);
#7264 = DIRECTION('',(0.,0.,1.));
#7265 = ORIENTED_EDGE('',*,*,#7244,.T.);
#7266 = ORIENTED_EDGE('',*,*,#1253,.F.);
#7267 = PLANE('',#7268);
#7268 = AXIS2_PLACEMENT_3D('',#7269,#7270,#7271);
#7269 = CARTESIAN_POINT('',(-55.10093114493,58.282235740932,14.7));
#7270 = DIRECTION('',(-0.72236396206,-0.691513055782,0.));
#7271 = DIRECTION('',(0.,0.,1.));
#7272 = ADVANCED_FACE('',(#7273),#7299,.T.);
#7273 = FACE_BOUND('',#7274,.T.);
#7274 = EDGE_LOOP('',(#7275,#7283,#7292,#7298));
#7275 = ORIENTED_EDGE('',*,*,#7276,.F.);
#7276 = EDGE_CURVE('',#7277,#1281,#7279,.T.);
#7277 = VERTEX_POINT('',#7278);
#7278 = CARTESIAN_POINT('',(-59.00348773374,55.791379721731,14.7));
#7279 = LINE('',#7280,#7281);
#7280 = CARTESIAN_POINT('',(-58.28223574093,55.100931144931,14.7));
#7281 = VECTOR('',#7282,1.);
#7282 = DIRECTION('',(-0.72236396206,0.691513055782,0.));
#7283 = ORIENTED_EDGE('',*,*,#7284,.F.);
#7284 = EDGE_CURVE('',#7285,#7277,#7287,.T.);
#7285 = VERTEX_POINT('',#7286);
#7286 = CARTESIAN_POINT('',(-58.31197467795,56.513743683791,14.7));
#7287 = CIRCLE('',#7288,81.204);
#7288 = AXIS2_PLACEMENT_3D('',#7289,#7290,#7291);
#7289 = CARTESIAN_POINT('',(0.,0.,14.7));
#7290 = DIRECTION('',(0.,0.,1.));
#7291 = DIRECTION('',(1.,0.,-0.));
#7292 = ORIENTED_EDGE('',*,*,#7293,.T.);
#7293 = EDGE_CURVE('',#7285,#1279,#7294,.T.);
#7294 = LINE('',#7295,#7296);
#7295 = CARTESIAN_POINT('',(-57.59072268514,55.823295106991,14.7));
#7296 = VECTOR('',#7297,1.);
#7297 = DIRECTION('',(-0.72236396206,0.691513055782,0.));
#7298 = ORIENTED_EDGE('',*,*,#1278,.T.);
#7299 = PLANE('',#7300);
#7300 = AXIS2_PLACEMENT_3D('',#7301,#7302,#7303);
#7301 = CARTESIAN_POINT('',(-57.59072268514,55.823295106991,14.7));
#7302 = DIRECTION('',(0.,0.,1.));
#7303 = DIRECTION('',(-0.72236396206,0.691513055782,0.));
#7304 = ADVANCED_FACE('',(#7305),#7323,.F.);
#7305 = FACE_BOUND('',#7306,.F.);
#7306 = EDGE_LOOP('',(#7307,#7308,#7316,#7322));
#7307 = ORIENTED_EDGE('',*,*,#7276,.F.);
#7308 = ORIENTED_EDGE('',*,*,#7309,.T.);
#7309 = EDGE_CURVE('',#7277,#7310,#7312,.T.);
#7310 = VERTEX_POINT('',#7311);
#7311 = CARTESIAN_POINT('',(-59.00348773374,55.791379721731,18.2));
#7312 = LINE('',#7313,#7314);
#7313 = CARTESIAN_POINT('',(-59.00348773374,55.791379721731,7.99));
#7314 = VECTOR('',#7315,1.);
#7315 = DIRECTION('',(0.,0.,1.));
#7316 = ORIENTED_EDGE('',*,*,#7317,.T.);
#7317 = EDGE_CURVE('',#7310,#1298,#7318,.T.);
#7318 = LINE('',#7319,#7320);
#7319 = CARTESIAN_POINT('',(-58.28223574093,55.100931144931,18.2));
#7320 = VECTOR('',#7321,1.);
#7321 = DIRECTION('',(-0.72236396206,0.691513055782,0.));
#7322 = ORIENTED_EDGE('',*,*,#1306,.F.);
#7323 = PLANE('',#7324);
#7324 = AXIS2_PLACEMENT_3D('',#7325,#7326,#7327);
#7325 = CARTESIAN_POINT('',(-58.28223574093,55.100931144931,14.7));
#7326 = DIRECTION('',(-0.691513055782,-0.72236396206,0.));
#7327 = DIRECTION('',(0.,0.,1.));
#7328 = ADVANCED_FACE('',(#7329),#7348,.F.);
#7329 = FACE_BOUND('',#7330,.F.);
#7330 = EDGE_LOOP('',(#7331,#7332,#7341,#7347));
#7331 = ORIENTED_EDGE('',*,*,#7317,.F.);
#7332 = ORIENTED_EDGE('',*,*,#7333,.F.);
#7333 = EDGE_CURVE('',#7334,#7310,#7336,.T.);
#7334 = VERTEX_POINT('',#7335);
#7335 = CARTESIAN_POINT('',(-58.31197467795,56.513743683791,18.2));
#7336 = CIRCLE('',#7337,81.204);
#7337 = AXIS2_PLACEMENT_3D('',#7338,#7339,#7340);
#7338 = CARTESIAN_POINT('',(0.,0.,18.2));
#7339 = DIRECTION('',(0.,0.,1.));
#7340 = DIRECTION('',(1.,0.,-0.));
#7341 = ORIENTED_EDGE('',*,*,#7342,.T.);
#7342 = EDGE_CURVE('',#7334,#1290,#7343,.T.);
#7343 = LINE('',#7344,#7345);
#7344 = CARTESIAN_POINT('',(-57.59072268514,55.823295106991,18.2));
#7345 = VECTOR('',#7346,1.);
#7346 = DIRECTION('',(-0.72236396206,0.691513055782,0.));
#7347 = ORIENTED_EDGE('',*,*,#1297,.T.);
#7348 = PLANE('',#7349);
#7349 = AXIS2_PLACEMENT_3D('',#7350,#7351,#7352);
#7350 = CARTESIAN_POINT('',(-57.59072268514,55.823295106991,18.2));
#7351 = DIRECTION('',(0.,0.,1.));
#7352 = DIRECTION('',(-0.72236396206,0.691513055782,0.));
#7353 = ADVANCED_FACE('',(#7354),#7365,.T.);
#7354 = FACE_BOUND('',#7355,.T.);
#7355 = EDGE_LOOP('',(#7356,#7357,#7363,#7364));
#7356 = ORIENTED_EDGE('',*,*,#7293,.F.);
#7357 = ORIENTED_EDGE('',*,*,#7358,.T.);
#7358 = EDGE_CURVE('',#7285,#7334,#7359,.T.);
#7359 = LINE('',#7360,#7361);
#7360 = CARTESIAN_POINT('',(-58.31197467795,56.513743683791,7.99));
#7361 = VECTOR('',#7362,1.);
#7362 = DIRECTION('',(0.,0.,1.));
#7363 = ORIENTED_EDGE('',*,*,#7342,.T.);
#7364 = ORIENTED_EDGE('',*,*,#1289,.F.);
#7365 = PLANE('',#7366);
#7366 = AXIS2_PLACEMENT_3D('',#7367,#7368,#7369);
#7367 = CARTESIAN_POINT('',(-57.59072268514,55.823295106991,14.7));
#7368 = DIRECTION('',(-0.691513055782,-0.72236396206,0.));
#7369 = DIRECTION('',(0.,0.,1.));
#7370 = ADVANCED_FACE('',(#7371),#7397,.T.);
#7371 = FACE_BOUND('',#7372,.T.);
#7372 = EDGE_LOOP('',(#7373,#7381,#7390,#7396));
#7373 = ORIENTED_EDGE('',*,*,#7374,.F.);
#7374 = EDGE_CURVE('',#7375,#1317,#7377,.T.);
#7375 = VERTEX_POINT('',#7376);
#7376 = CARTESIAN_POINT('',(-61.38091529124,53.16458270323,14.7));
#7377 = LINE('',#7378,#7379);
#7378 = CARTESIAN_POINT('',(-60.63023282659,52.506251850546,14.7));
#7379 = VECTOR('',#7380,1.);
#7380 = DIRECTION('',(-0.751839807479,0.6593458151,0.));
#7381 = ORIENTED_EDGE('',*,*,#7382,.F.);
#7382 = EDGE_CURVE('',#7383,#7375,#7385,.T.);
#7383 = VERTEX_POINT('',#7384);
#7384 = CARTESIAN_POINT('',(-60.72156947614,53.916422510709,14.7));
#7385 = CIRCLE('',#7386,81.204);
#7386 = AXIS2_PLACEMENT_3D('',#7387,#7388,#7389);
#7387 = CARTESIAN_POINT('',(0.,0.,14.7));
#7388 = DIRECTION('',(0.,0.,1.));
#7389 = DIRECTION('',(1.,0.,-0.));
#7390 = ORIENTED_EDGE('',*,*,#7391,.T.);
#7391 = EDGE_CURVE('',#7383,#1315,#7392,.T.);
#7392 = LINE('',#7393,#7394);
#7393 = CARTESIAN_POINT('',(-59.97088701149,53.258091658025,14.7));
#7394 = VECTOR('',#7395,1.);
#7395 = DIRECTION('',(-0.751839807479,0.6593458151,0.));
#7396 = ORIENTED_EDGE('',*,*,#1314,.T.);
#7397 = PLANE('',#7398);
#7398 = AXIS2_PLACEMENT_3D('',#7399,#7400,#7401);
#7399 = CARTESIAN_POINT('',(-59.97088701149,53.258091658025,14.7));
#7400 = DIRECTION('',(0.,0.,1.));
#7401 = DIRECTION('',(-0.751839807479,0.6593458151,0.));
#7402 = ADVANCED_FACE('',(#7403),#7421,.F.);
#7403 = FACE_BOUND('',#7404,.F.);
#7404 = EDGE_LOOP('',(#7405,#7406,#7414,#7420));
#7405 = ORIENTED_EDGE('',*,*,#7374,.F.);
#7406 = ORIENTED_EDGE('',*,*,#7407,.T.);
#7407 = EDGE_CURVE('',#7375,#7408,#7410,.T.);
#7408 = VERTEX_POINT('',#7409);
#7409 = CARTESIAN_POINT('',(-61.38091529124,53.16458270323,18.2));
#7410 = LINE('',#7411,#7412);
#7411 = CARTESIAN_POINT('',(-61.38091529124,53.16458270323,7.99));
#7412 = VECTOR('',#7413,1.);
#7413 = DIRECTION('',(0.,0.,1.));
#7414 = ORIENTED_EDGE('',*,*,#7415,.T.);
#7415 = EDGE_CURVE('',#7408,#1334,#7416,.T.);
#7416 = LINE('',#7417,#7418);
#7417 = CARTESIAN_POINT('',(-60.63023282659,52.506251850546,18.2));
#7418 = VECTOR('',#7419,1.);
#7419 = DIRECTION('',(-0.751839807479,0.6593458151,0.));
#7420 = ORIENTED_EDGE('',*,*,#1342,.F.);
#7421 = PLANE('',#7422);
#7422 = AXIS2_PLACEMENT_3D('',#7423,#7424,#7425);
#7423 = CARTESIAN_POINT('',(-60.63023282659,52.506251850546,14.7));
#7424 = DIRECTION('',(-0.6593458151,-0.751839807479,0.));
#7425 = DIRECTION('',(0.,0.,1.));
#7426 = ADVANCED_FACE('',(#7427),#7446,.F.);
#7427 = FACE_BOUND('',#7428,.F.);
#7428 = EDGE_LOOP('',(#7429,#7430,#7439,#7445));
#7429 = ORIENTED_EDGE('',*,*,#7415,.F.);
#7430 = ORIENTED_EDGE('',*,*,#7431,.F.);
#7431 = EDGE_CURVE('',#7432,#7408,#7434,.T.);
#7432 = VERTEX_POINT('',#7433);
#7433 = CARTESIAN_POINT('',(-60.72156947614,53.916422510709,18.2));
#7434 = CIRCLE('',#7435,81.204);
#7435 = AXIS2_PLACEMENT_3D('',#7436,#7437,#7438);
#7436 = CARTESIAN_POINT('',(0.,0.,18.2));
#7437 = DIRECTION('',(0.,0.,1.));
#7438 = DIRECTION('',(1.,0.,-0.));
#7439 = ORIENTED_EDGE('',*,*,#7440,.T.);
#7440 = EDGE_CURVE('',#7432,#1326,#7441,.T.);
#7441 = LINE('',#7442,#7443);
#7442 = CARTESIAN_POINT('',(-59.97088701149,53.258091658025,18.2));
#7443 = VECTOR('',#7444,1.);
#7444 = DIRECTION('',(-0.751839807479,0.6593458151,0.));
#7445 = ORIENTED_EDGE('',*,*,#1333,.T.);
#7446 = PLANE('',#7447);
#7447 = AXIS2_PLACEMENT_3D('',#7448,#7449,#7450);
#7448 = CARTESIAN_POINT('',(-59.97088701149,53.258091658025,18.2));
#7449 = DIRECTION('',(0.,0.,1.));
#7450 = DIRECTION('',(-0.751839807479,0.6593458151,0.));
#7451 = ADVANCED_FACE('',(#7452),#7463,.T.);
#7452 = FACE_BOUND('',#7453,.T.);
#7453 = EDGE_LOOP('',(#7454,#7455,#7461,#7462));
#7454 = ORIENTED_EDGE('',*,*,#7391,.F.);
#7455 = ORIENTED_EDGE('',*,*,#7456,.T.);
#7456 = EDGE_CURVE('',#7383,#7432,#7457,.T.);
#7457 = LINE('',#7458,#7459);
#7458 = CARTESIAN_POINT('',(-60.72156947614,53.916422510709,7.99));
#7459 = VECTOR('',#7460,1.);
#7460 = DIRECTION('',(0.,0.,1.));
#7461 = ORIENTED_EDGE('',*,*,#7440,.T.);
#7462 = ORIENTED_EDGE('',*,*,#1325,.F.);
#7463 = PLANE('',#7464);
#7464 = AXIS2_PLACEMENT_3D('',#7465,#7466,#7467);
#7465 = CARTESIAN_POINT('',(-59.97088701149,53.258091658025,14.7));
#7466 = DIRECTION('',(-0.6593458151,-0.751839807479,0.));
#7467 = DIRECTION('',(0.,0.,1.));
#7468 = ADVANCED_FACE('',(#7469),#7495,.T.);
#7469 = FACE_BOUND('',#7470,.T.);
#7470 = EDGE_LOOP('',(#7471,#7479,#7488,#7494));
#7471 = ORIENTED_EDGE('',*,*,#7472,.F.);
#7472 = EDGE_CURVE('',#7473,#1353,#7475,.T.);
#7473 = VERTEX_POINT('',#7474);
#7474 = CARTESIAN_POINT('',(-63.64150078783,50.436583879876,14.7));
#7475 = LINE('',#7476,#7477);
#7476 = CARTESIAN_POINT('',(-62.86281681807,49.811623921504,14.7));
#7477 = VECTOR('',#7478,1.);
#7478 = DIRECTION('',(-0.779884483093,0.625923472184,0.));
#7479 = ORIENTED_EDGE('',*,*,#7480,.F.);
#7480 = EDGE_CURVE('',#7481,#7473,#7483,.T.);
#7481 = VERTEX_POINT('',#7482);
#7482 = CARTESIAN_POINT('',(-63.01557731565,51.216468362968,14.7));
#7483 = CIRCLE('',#7484,81.204);
#7484 = AXIS2_PLACEMENT_3D('',#7485,#7486,#7487);
#7485 = CARTESIAN_POINT('',(0.,0.,14.7));
#7486 = DIRECTION('',(0.,0.,1.));
#7487 = DIRECTION('',(1.,0.,-0.));
#7488 = ORIENTED_EDGE('',*,*,#7489,.T.);
#7489 = EDGE_CURVE('',#7481,#1351,#7490,.T.);
#7490 = LINE('',#7491,#7492);
#7491 = CARTESIAN_POINT('',(-62.23689334588,50.591508404597,14.7));
#7492 = VECTOR('',#7493,1.);
#7493 = DIRECTION('',(-0.779884483093,0.625923472184,0.));
#7494 = ORIENTED_EDGE('',*,*,#1350,.T.);
#7495 = PLANE('',#7496);
#7496 = AXIS2_PLACEMENT_3D('',#7497,#7498,#7499);
#7497 = CARTESIAN_POINT('',(-62.23689334588,50.591508404597,14.7));
#7498 = DIRECTION('',(0.,0.,1.));
#7499 = DIRECTION('',(-0.779884483093,0.625923472184,0.));
#7500 = ADVANCED_FACE('',(#7501),#7519,.F.);
#7501 = FACE_BOUND('',#7502,.F.);
#7502 = EDGE_LOOP('',(#7503,#7504,#7512,#7518));
#7503 = ORIENTED_EDGE('',*,*,#7472,.F.);
#7504 = ORIENTED_EDGE('',*,*,#7505,.T.);
#7505 = EDGE_CURVE('',#7473,#7506,#7508,.T.);
#7506 = VERTEX_POINT('',#7507);
#7507 = CARTESIAN_POINT('',(-63.64150078783,50.436583879876,18.2));
#7508 = LINE('',#7509,#7510);
#7509 = CARTESIAN_POINT('',(-63.64150078783,50.436583879876,7.99));
#7510 = VECTOR('',#7511,1.);
#7511 = DIRECTION('',(0.,0.,1.));
#7512 = ORIENTED_EDGE('',*,*,#7513,.T.);
#7513 = EDGE_CURVE('',#7506,#1370,#7514,.T.);
#7514 = LINE('',#7515,#7516);
#7515 = CARTESIAN_POINT('',(-62.86281681807,49.811623921504,18.2));
#7516 = VECTOR('',#7517,1.);
#7517 = DIRECTION('',(-0.779884483093,0.625923472184,0.));
#7518 = ORIENTED_EDGE('',*,*,#1378,.F.);
#7519 = PLANE('',#7520);
#7520 = AXIS2_PLACEMENT_3D('',#7521,#7522,#7523);
#7521 = CARTESIAN_POINT('',(-62.86281681807,49.811623921504,14.7));
#7522 = DIRECTION('',(-0.625923472184,-0.779884483093,0.));
#7523 = DIRECTION('',(0.,0.,1.));
#7524 = ADVANCED_FACE('',(#7525),#7544,.F.);
#7525 = FACE_BOUND('',#7526,.F.);
#7526 = EDGE_LOOP('',(#7527,#7528,#7537,#7543));
#7527 = ORIENTED_EDGE('',*,*,#7513,.F.);
#7528 = ORIENTED_EDGE('',*,*,#7529,.F.);
#7529 = EDGE_CURVE('',#7530,#7506,#7532,.T.);
#7530 = VERTEX_POINT('',#7531);
#7531 = CARTESIAN_POINT('',(-63.01557731565,51.216468362968,18.2));
#7532 = CIRCLE('',#7533,81.204);
#7533 = AXIS2_PLACEMENT_3D('',#7534,#7535,#7536);
#7534 = CARTESIAN_POINT('',(0.,0.,18.2));
#7535 = DIRECTION('',(0.,0.,1.));
#7536 = DIRECTION('',(1.,0.,-0.));
#7537 = ORIENTED_EDGE('',*,*,#7538,.T.);
#7538 = EDGE_CURVE('',#7530,#1362,#7539,.T.);
#7539 = LINE('',#7540,#7541);
#7540 = CARTESIAN_POINT('',(-62.23689334588,50.591508404597,18.2));
#7541 = VECTOR('',#7542,1.);
#7542 = DIRECTION('',(-0.779884483093,0.625923472184,0.));
#7543 = ORIENTED_EDGE('',*,*,#1369,.T.);
#7544 = PLANE('',#7545);
#7545 = AXIS2_PLACEMENT_3D('',#7546,#7547,#7548);
#7546 = CARTESIAN_POINT('',(-62.23689334588,50.591508404597,18.2));
#7547 = DIRECTION('',(0.,0.,1.));
#7548 = DIRECTION('',(-0.779884483093,0.625923472184,0.));
#7549 = ADVANCED_FACE('',(#7550),#7561,.T.);
#7550 = FACE_BOUND('',#7551,.T.);
#7551 = EDGE_LOOP('',(#7552,#7553,#7559,#7560));
#7552 = ORIENTED_EDGE('',*,*,#7489,.F.);
#7553 = ORIENTED_EDGE('',*,*,#7554,.T.);
#7554 = EDGE_CURVE('',#7481,#7530,#7555,.T.);
#7555 = LINE('',#7556,#7557);
#7556 = CARTESIAN_POINT('',(-63.01557731565,51.216468362968,7.99));
#7557 = VECTOR('',#7558,1.);
#7558 = DIRECTION('',(0.,0.,1.));
#7559 = ORIENTED_EDGE('',*,*,#7538,.T.);
#7560 = ORIENTED_EDGE('',*,*,#1361,.F.);
#7561 = PLANE('',#7562);
#7562 = AXIS2_PLACEMENT_3D('',#7563,#7564,#7565);
#7563 = CARTESIAN_POINT('',(-62.23689334588,50.591508404597,14.7));
#7564 = DIRECTION('',(-0.625923472184,-0.779884483093,0.));
#7565 = DIRECTION('',(0.,0.,1.));
#7566 = ADVANCED_FACE('',(#7567),#7593,.T.);
#7567 = FACE_BOUND('',#7568,.T.);
#7568 = EDGE_LOOP('',(#7569,#7577,#7586,#7592));
#7569 = ORIENTED_EDGE('',*,*,#7570,.F.);
#7570 = EDGE_CURVE('',#7571,#1389,#7573,.T.);
#7571 = VERTEX_POINT('',#7572);
#7572 = CARTESIAN_POINT('',(-65.78094107053,47.612576152478,14.7));
#7573 = LINE('',#7574,#7575);
#7574 = CARTESIAN_POINT('',(-64.97573786485,47.022176735219,14.7));
#7575 = VECTOR('',#7576,1.);
#7576 = DIRECTION('',(-0.806444604267,0.591309648364,0.));
#7577 = ORIENTED_EDGE('',*,*,#7578,.F.);
#7578 = EDGE_CURVE('',#7579,#7571,#7581,.T.);
#7579 = VERTEX_POINT('',#7580);
#7580 = CARTESIAN_POINT('',(-65.18963142216,48.419020756745,14.7));
#7581 = CIRCLE('',#7582,81.204);
#7582 = AXIS2_PLACEMENT_3D('',#7583,#7584,#7585);
#7583 = CARTESIAN_POINT('',(0.,0.,14.7));
#7584 = DIRECTION('',(0.,0.,1.));
#7585 = DIRECTION('',(1.,0.,-0.));
#7586 = ORIENTED_EDGE('',*,*,#7587,.T.);
#7587 = EDGE_CURVE('',#7579,#1387,#7588,.T.);
#7588 = LINE('',#7589,#7590);
#7589 = CARTESIAN_POINT('',(-64.38442821648,47.828621339486,14.7));
#7590 = VECTOR('',#7591,1.);
#7591 = DIRECTION('',(-0.806444604267,0.591309648364,0.));
#7592 = ORIENTED_EDGE('',*,*,#1386,.T.);
#7593 = PLANE('',#7594);
#7594 = AXIS2_PLACEMENT_3D('',#7595,#7596,#7597);
#7595 = CARTESIAN_POINT('',(-64.38442821648,47.828621339486,14.7));
#7596 = DIRECTION('',(0.,0.,1.));
#7597 = DIRECTION('',(-0.806444604267,0.591309648364,0.));
#7598 = ADVANCED_FACE('',(#7599),#7617,.F.);
#7599 = FACE_BOUND('',#7600,.F.);
#7600 = EDGE_LOOP('',(#7601,#7602,#7610,#7616));
#7601 = ORIENTED_EDGE('',*,*,#7570,.F.);
#7602 = ORIENTED_EDGE('',*,*,#7603,.T.);
#7603 = EDGE_CURVE('',#7571,#7604,#7606,.T.);
#7604 = VERTEX_POINT('',#7605);
#7605 = CARTESIAN_POINT('',(-65.78094107053,47.612576152478,18.2));
#7606 = LINE('',#7607,#7608);
#7607 = CARTESIAN_POINT('',(-65.78094107053,47.612576152478,7.99));
#7608 = VECTOR('',#7609,1.);
#7609 = DIRECTION('',(0.,0.,1.));
#7610 = ORIENTED_EDGE('',*,*,#7611,.T.);
#7611 = EDGE_CURVE('',#7604,#1406,#7612,.T.);
#7612 = LINE('',#7613,#7614);
#7613 = CARTESIAN_POINT('',(-64.97573786485,47.022176735219,18.2));
#7614 = VECTOR('',#7615,1.);
#7615 = DIRECTION('',(-0.806444604267,0.591309648364,0.));
#7616 = ORIENTED_EDGE('',*,*,#1414,.F.);
#7617 = PLANE('',#7618);
#7618 = AXIS2_PLACEMENT_3D('',#7619,#7620,#7621);
#7619 = CARTESIAN_POINT('',(-64.97573786485,47.022176735219,14.7));
#7620 = DIRECTION('',(-0.591309648364,-0.806444604267,0.));
#7621 = DIRECTION('',(0.,0.,1.));
#7622 = ADVANCED_FACE('',(#7623),#7642,.F.);
#7623 = FACE_BOUND('',#7624,.F.);
#7624 = EDGE_LOOP('',(#7625,#7626,#7635,#7641));
#7625 = ORIENTED_EDGE('',*,*,#7611,.F.);
#7626 = ORIENTED_EDGE('',*,*,#7627,.F.);
#7627 = EDGE_CURVE('',#7628,#7604,#7630,.T.);
#7628 = VERTEX_POINT('',#7629);
#7629 = CARTESIAN_POINT('',(-65.18963142216,48.419020756745,18.2));
#7630 = CIRCLE('',#7631,81.204);
#7631 = AXIS2_PLACEMENT_3D('',#7632,#7633,#7634);
#7632 = CARTESIAN_POINT('',(0.,0.,18.2));
#7633 = DIRECTION('',(0.,0.,1.));
#7634 = DIRECTION('',(1.,0.,-0.));
#7635 = ORIENTED_EDGE('',*,*,#7636,.T.);
#7636 = EDGE_CURVE('',#7628,#1398,#7637,.T.);
#7637 = LINE('',#7638,#7639);
#7638 = CARTESIAN_POINT('',(-64.38442821648,47.828621339486,18.2));
#7639 = VECTOR('',#7640,1.);
#7640 = DIRECTION('',(-0.806444604267,0.591309648364,0.));
#7641 = ORIENTED_EDGE('',*,*,#1405,.T.);
#7642 = PLANE('',#7643);
#7643 = AXIS2_PLACEMENT_3D('',#7644,#7645,#7646);
#7644 = CARTESIAN_POINT('',(-64.38442821648,47.828621339486,18.2));
#7645 = DIRECTION('',(0.,0.,1.));
#7646 = DIRECTION('',(-0.806444604267,0.591309648364,0.));
#7647 = ADVANCED_FACE('',(#7648),#7659,.T.);
#7648 = FACE_BOUND('',#7649,.T.);
#7649 = EDGE_LOOP('',(#7650,#7651,#7657,#7658));
#7650 = ORIENTED_EDGE('',*,*,#7587,.F.);
#7651 = ORIENTED_EDGE('',*,*,#7652,.T.);
#7652 = EDGE_CURVE('',#7579,#7628,#7653,.T.);
#7653 = LINE('',#7654,#7655);
#7654 = CARTESIAN_POINT('',(-65.18963142216,48.419020756745,7.99));
#7655 = VECTOR('',#7656,1.);
#7656 = DIRECTION('',(0.,0.,1.));
#7657 = ORIENTED_EDGE('',*,*,#7636,.T.);
#7658 = ORIENTED_EDGE('',*,*,#1397,.F.);
#7659 = PLANE('',#7660);
#7660 = AXIS2_PLACEMENT_3D('',#7661,#7662,#7663);
#7661 = CARTESIAN_POINT('',(-64.38442821648,47.828621339486,14.7));
#7662 = DIRECTION('',(-0.591309648364,-0.806444604267,0.));
#7663 = DIRECTION('',(0.,0.,1.));
#7664 = ADVANCED_FACE('',(#7665),#7691,.T.);
#7665 = FACE_BOUND('',#7666,.T.);
#7666 = EDGE_LOOP('',(#7667,#7675,#7684,#7690));
#7667 = ORIENTED_EDGE('',*,*,#7668,.F.);
#7668 = EDGE_CURVE('',#7669,#1425,#7671,.T.);
#7669 = VERTEX_POINT('',#7670);
#7670 = CARTESIAN_POINT('',(-74.52691771279,32.246366496567,14.7));
#7671 = LINE('',#7672,#7673);
#7672 = CARTESIAN_POINT('',(-73.61301521622,31.84423977387,14.7));
#7673 = VECTOR('',#7674,1.);
#7674 = DIRECTION('',(-0.915311479119,0.402746689859,0.));
#7675 = ORIENTED_EDGE('',*,*,#7676,.F.);
#7676 = EDGE_CURVE('',#7677,#7669,#7679,.T.);
#7677 = VERTEX_POINT('',#7678);
#7678 = CARTESIAN_POINT('',(-74.12417102293,33.161677975687,14.7));
#7679 = CIRCLE('',#7680,81.204);
#7680 = AXIS2_PLACEMENT_3D('',#7681,#7682,#7683);
#7681 = CARTESIAN_POINT('',(0.,0.,14.7));
#7682 = DIRECTION('',(0.,0.,1.));
#7683 = DIRECTION('',(1.,0.,-0.));
#7684 = ORIENTED_EDGE('',*,*,#7685,.T.);
#7685 = EDGE_CURVE('',#7677,#1423,#7686,.T.);
#7686 = LINE('',#7687,#7688);
#7687 = CARTESIAN_POINT('',(-73.21026852636,32.75955125299,14.7));
#7688 = VECTOR('',#7689,1.);
#7689 = DIRECTION('',(-0.915311479119,0.402746689859,0.));
#7690 = ORIENTED_EDGE('',*,*,#1422,.T.);
#7691 = PLANE('',#7692);
#7692 = AXIS2_PLACEMENT_3D('',#7693,#7694,#7695);
#7693 = CARTESIAN_POINT('',(-73.21026852636,32.75955125299,14.7));
#7694 = DIRECTION('',(0.,0.,1.));
#7695 = DIRECTION('',(-0.915311479119,0.402746689859,0.));
#7696 = ADVANCED_FACE('',(#7697),#7715,.F.);
#7697 = FACE_BOUND('',#7698,.F.);
#7698 = EDGE_LOOP('',(#7699,#7700,#7708,#7714));
#7699 = ORIENTED_EDGE('',*,*,#7668,.F.);
#7700 = ORIENTED_EDGE('',*,*,#7701,.T.);
#7701 = EDGE_CURVE('',#7669,#7702,#7704,.T.);
#7702 = VERTEX_POINT('',#7703);
#7703 = CARTESIAN_POINT('',(-74.52691771279,32.246366496567,18.2));
#7704 = LINE('',#7705,#7706);
#7705 = CARTESIAN_POINT('',(-74.52691771279,32.246366496567,7.99));
#7706 = VECTOR('',#7707,1.);
#7707 = DIRECTION('',(0.,0.,1.));
#7708 = ORIENTED_EDGE('',*,*,#7709,.T.);
#7709 = EDGE_CURVE('',#7702,#1442,#7710,.T.);
#7710 = LINE('',#7711,#7712);
#7711 = CARTESIAN_POINT('',(-73.61301521622,31.84423977387,18.2));
#7712 = VECTOR('',#7713,1.);
#7713 = DIRECTION('',(-0.915311479119,0.402746689859,0.));
#7714 = ORIENTED_EDGE('',*,*,#1450,.F.);
#7715 = PLANE('',#7716);
#7716 = AXIS2_PLACEMENT_3D('',#7717,#7718,#7719);
#7717 = CARTESIAN_POINT('',(-73.61301521622,31.84423977387,14.7));
#7718 = DIRECTION('',(-0.402746689859,-0.915311479119,0.));
#7719 = DIRECTION('',(0.,0.,1.));
#7720 = ADVANCED_FACE('',(#7721),#7740,.F.);
#7721 = FACE_BOUND('',#7722,.F.);
#7722 = EDGE_LOOP('',(#7723,#7724,#7733,#7739));
#7723 = ORIENTED_EDGE('',*,*,#7709,.F.);
#7724 = ORIENTED_EDGE('',*,*,#7725,.F.);
#7725 = EDGE_CURVE('',#7726,#7702,#7728,.T.);
#7726 = VERTEX_POINT('',#7727);
#7727 = CARTESIAN_POINT('',(-74.12417102293,33.161677975687,18.2));
#7728 = CIRCLE('',#7729,81.204);
#7729 = AXIS2_PLACEMENT_3D('',#7730,#7731,#7732);
#7730 = CARTESIAN_POINT('',(0.,0.,18.2));
#7731 = DIRECTION('',(0.,0.,1.));
#7732 = DIRECTION('',(1.,0.,-0.));
#7733 = ORIENTED_EDGE('',*,*,#7734,.T.);
#7734 = EDGE_CURVE('',#7726,#1434,#7735,.T.);
#7735 = LINE('',#7736,#7737);
#7736 = CARTESIAN_POINT('',(-73.21026852636,32.75955125299,18.2));
#7737 = VECTOR('',#7738,1.);
#7738 = DIRECTION('',(-0.915311479119,0.402746689859,0.));
#7739 = ORIENTED_EDGE('',*,*,#1441,.T.);
#7740 = PLANE('',#7741);
#7741 = AXIS2_PLACEMENT_3D('',#7742,#7743,#7744);
#7742 = CARTESIAN_POINT('',(-73.21026852636,32.75955125299,18.2));
#7743 = DIRECTION('',(0.,0.,1.));
#7744 = DIRECTION('',(-0.915311479119,0.402746689859,0.));
#7745 = ADVANCED_FACE('',(#7746),#7757,.T.);
#7746 = FACE_BOUND('',#7747,.T.);
#7747 = EDGE_LOOP('',(#7748,#7749,#7755,#7756));
#7748 = ORIENTED_EDGE('',*,*,#7685,.F.);
#7749 = ORIENTED_EDGE('',*,*,#7750,.T.);
#7750 = EDGE_CURVE('',#7677,#7726,#7751,.T.);
#7751 = LINE('',#7752,#7753);
#7752 = CARTESIAN_POINT('',(-74.12417102293,33.161677975687,7.99));
#7753 = VECTOR('',#7754,1.);
#7754 = DIRECTION('',(0.,0.,1.));
#7755 = ORIENTED_EDGE('',*,*,#7734,.T.);
#7756 = ORIENTED_EDGE('',*,*,#1433,.F.);
#7757 = PLANE('',#7758);
#7758 = AXIS2_PLACEMENT_3D('',#7759,#7760,#7761);
#7759 = CARTESIAN_POINT('',(-73.21026852636,32.75955125299,14.7));
#7760 = DIRECTION('',(-0.402746689859,-0.915311479119,0.));
#7761 = DIRECTION('',(0.,0.,1.));
#7762 = ADVANCED_FACE('',(#7763),#7789,.T.);
#7763 = FACE_BOUND('',#7764,.T.);
#7764 = EDGE_LOOP('',(#7765,#7773,#7782,#7788));
#7765 = ORIENTED_EDGE('',*,*,#7766,.F.);
#7766 = EDGE_CURVE('',#7767,#1461,#7769,.T.);
#7767 = VERTEX_POINT('',#7768);
#7768 = CARTESIAN_POINT('',(-75.86255135227,28.964856608014,14.7));
#7769 = LINE('',#7770,#7771);
#7770 = CARTESIAN_POINT('',(-74.93197816709,28.602976487865,14.7));
#7771 = VECTOR('',#7772,1.);
#7772 = DIRECTION('',(-0.932007869283,0.362438038284,0.));
#7773 = ORIENTED_EDGE('',*,*,#7774,.F.);
#7774 = EDGE_CURVE('',#7775,#7767,#7777,.T.);
#7775 = VERTEX_POINT('',#7776);
#7776 = CARTESIAN_POINT('',(-75.50011331399,29.896864477297,14.7));
#7777 = CIRCLE('',#7778,81.204);
#7778 = AXIS2_PLACEMENT_3D('',#7779,#7780,#7781);
#7779 = CARTESIAN_POINT('',(0.,0.,14.7));
#7780 = DIRECTION('',(0.,0.,1.));
#7781 = DIRECTION('',(1.,0.,-0.));
#7782 = ORIENTED_EDGE('',*,*,#7783,.T.);
#7783 = EDGE_CURVE('',#7775,#1459,#7784,.T.);
#7784 = LINE('',#7785,#7786);
#7785 = CARTESIAN_POINT('',(-74.56954012881,29.534984357147,14.7));
#7786 = VECTOR('',#7787,1.);
#7787 = DIRECTION('',(-0.932007869283,0.362438038284,0.));
#7788 = ORIENTED_EDGE('',*,*,#1458,.T.);
#7789 = PLANE('',#7790);
#7790 = AXIS2_PLACEMENT_3D('',#7791,#7792,#7793);
#7791 = CARTESIAN_POINT('',(-74.56954012881,29.534984357147,14.7));
#7792 = DIRECTION('',(0.,0.,1.));
#7793 = DIRECTION('',(-0.932007869283,0.362438038284,0.));
#7794 = ADVANCED_FACE('',(#7795),#7813,.F.);
#7795 = FACE_BOUND('',#7796,.F.);
#7796 = EDGE_LOOP('',(#7797,#7798,#7806,#7812));
#7797 = ORIENTED_EDGE('',*,*,#7766,.F.);
#7798 = ORIENTED_EDGE('',*,*,#7799,.T.);
#7799 = EDGE_CURVE('',#7767,#7800,#7802,.T.);
#7800 = VERTEX_POINT('',#7801);
#7801 = CARTESIAN_POINT('',(-75.86255135227,28.964856608014,18.2));
#7802 = LINE('',#7803,#7804);
#7803 = CARTESIAN_POINT('',(-75.86255135227,28.964856608014,7.99));
#7804 = VECTOR('',#7805,1.);
#7805 = DIRECTION('',(0.,0.,1.));
#7806 = ORIENTED_EDGE('',*,*,#7807,.T.);
#7807 = EDGE_CURVE('',#7800,#1478,#7808,.T.);
#7808 = LINE('',#7809,#7810);
#7809 = CARTESIAN_POINT('',(-74.93197816709,28.602976487865,18.2));
#7810 = VECTOR('',#7811,1.);
#7811 = DIRECTION('',(-0.932007869283,0.362438038284,0.));
#7812 = ORIENTED_EDGE('',*,*,#1486,.F.);
#7813 = PLANE('',#7814);
#7814 = AXIS2_PLACEMENT_3D('',#7815,#7816,#7817);
#7815 = CARTESIAN_POINT('',(-74.93197816709,28.602976487865,14.7));
#7816 = DIRECTION('',(-0.362438038284,-0.932007869283,0.));
#7817 = DIRECTION('',(0.,0.,1.));
#7818 = ADVANCED_FACE('',(#7819),#7838,.F.);
#7819 = FACE_BOUND('',#7820,.F.);
#7820 = EDGE_LOOP('',(#7821,#7822,#7831,#7837));
#7821 = ORIENTED_EDGE('',*,*,#7807,.F.);
#7822 = ORIENTED_EDGE('',*,*,#7823,.F.);
#7823 = EDGE_CURVE('',#7824,#7800,#7826,.T.);
#7824 = VERTEX_POINT('',#7825);
#7825 = CARTESIAN_POINT('',(-75.50011331399,29.896864477297,18.2));
#7826 = CIRCLE('',#7827,81.204);
#7827 = AXIS2_PLACEMENT_3D('',#7828,#7829,#7830);
#7828 = CARTESIAN_POINT('',(0.,0.,18.2));
#7829 = DIRECTION('',(0.,0.,1.));
#7830 = DIRECTION('',(1.,0.,-0.));
#7831 = ORIENTED_EDGE('',*,*,#7832,.T.);
#7832 = EDGE_CURVE('',#7824,#1470,#7833,.T.);
#7833 = LINE('',#7834,#7835);
#7834 = CARTESIAN_POINT('',(-74.56954012881,29.534984357147,18.2));
#7835 = VECTOR('',#7836,1.);
#7836 = DIRECTION('',(-0.932007869283,0.362438038284,0.));
#7837 = ORIENTED_EDGE('',*,*,#1477,.T.);
#7838 = PLANE('',#7839);
#7839 = AXIS2_PLACEMENT_3D('',#7840,#7841,#7842);
#7840 = CARTESIAN_POINT('',(-74.56954012881,29.534984357147,18.2));
#7841 = DIRECTION('',(0.,0.,1.));
#7842 = DIRECTION('',(-0.932007869283,0.362438038284,0.));
#7843 = ADVANCED_FACE('',(#7844),#7855,.T.);
#7844 = FACE_BOUND('',#7845,.T.);
#7845 = EDGE_LOOP('',(#7846,#7847,#7853,#7854));
#7846 = ORIENTED_EDGE('',*,*,#7783,.F.);
#7847 = ORIENTED_EDGE('',*,*,#7848,.T.);
#7848 = EDGE_CURVE('',#7775,#7824,#7849,.T.);
#7849 = LINE('',#7850,#7851);
#7850 = CARTESIAN_POINT('',(-75.50011331399,29.896864477297,7.99));
#7851 = VECTOR('',#7852,1.);
#7852 = DIRECTION('',(0.,0.,1.));
#7853 = ORIENTED_EDGE('',*,*,#7832,.T.);
#7854 = ORIENTED_EDGE('',*,*,#1469,.F.);
#7855 = PLANE('',#7856);
#7856 = AXIS2_PLACEMENT_3D('',#7857,#7858,#7859);
#7857 = CARTESIAN_POINT('',(-74.56954012881,29.534984357147,14.7));
#7858 = DIRECTION('',(-0.362438038284,-0.932007869283,0.));
#7859 = DIRECTION('',(0.,0.,1.));
#7860 = ADVANCED_FACE('',(#7861),#7887,.T.);
#7861 = FACE_BOUND('',#7862,.T.);
#7862 = EDGE_LOOP('',(#7863,#7871,#7880,#7886));
#7863 = ORIENTED_EDGE('',*,*,#7864,.F.);
#7864 = EDGE_CURVE('',#7865,#1497,#7867,.T.);
#7865 = VERTEX_POINT('',#7866);
#7866 = CARTESIAN_POINT('',(-77.05377631352,25.628210468652,14.7));
#7867 = LINE('',#7868,#7869);
#7868 = CARTESIAN_POINT('',(-76.10830383867,25.307265810427,14.7));
#7869 = VECTOR('',#7870,1.);
#7870 = DIRECTION('',(-0.946930129495,0.321439465303,0.));
#7871 = ORIENTED_EDGE('',*,*,#7872,.F.);
#7872 = EDGE_CURVE('',#7873,#7865,#7875,.T.);
#7873 = VERTEX_POINT('',#7874);
#7874 = CARTESIAN_POINT('',(-76.73233684822,26.575140598147,14.7));
#7875 = CIRCLE('',#7876,81.204);
#7876 = AXIS2_PLACEMENT_3D('',#7877,#7878,#7879);
#7877 = CARTESIAN_POINT('',(0.,0.,14.7));
#7878 = DIRECTION('',(0.,0.,1.));
#7879 = DIRECTION('',(1.,0.,-0.));
#7880 = ORIENTED_EDGE('',*,*,#7881,.T.);
#7881 = EDGE_CURVE('',#7873,#1495,#7882,.T.);
#7882 = LINE('',#7883,#7884);
#7883 = CARTESIAN_POINT('',(-75.78686437337,26.254195939922,14.7));
#7884 = VECTOR('',#7885,1.);
#7885 = DIRECTION('',(-0.946930129495,0.321439465303,0.));
#7886 = ORIENTED_EDGE('',*,*,#1494,.T.);
#7887 = PLANE('',#7888);
#7888 = AXIS2_PLACEMENT_3D('',#7889,#7890,#7891);
#7889 = CARTESIAN_POINT('',(-75.78686437337,26.254195939922,14.7));
#7890 = DIRECTION('',(0.,0.,1.));
#7891 = DIRECTION('',(-0.946930129495,0.321439465303,0.));
#7892 = ADVANCED_FACE('',(#7893),#7911,.F.);
#7893 = FACE_BOUND('',#7894,.F.);
#7894 = EDGE_LOOP('',(#7895,#7896,#7904,#7910));
#7895 = ORIENTED_EDGE('',*,*,#7864,.F.);
#7896 = ORIENTED_EDGE('',*,*,#7897,.T.);
#7897 = EDGE_CURVE('',#7865,#7898,#7900,.T.);
#7898 = VERTEX_POINT('',#7899);
#7899 = CARTESIAN_POINT('',(-77.05377631352,25.628210468652,18.2));
#7900 = LINE('',#7901,#7902);
#7901 = CARTESIAN_POINT('',(-77.05377631352,25.628210468652,7.99));
#7902 = VECTOR('',#7903,1.);
#7903 = DIRECTION('',(0.,0.,1.));
#7904 = ORIENTED_EDGE('',*,*,#7905,.T.);
#7905 = EDGE_CURVE('',#7898,#1514,#7906,.T.);
#7906 = LINE('',#7907,#7908);
#7907 = CARTESIAN_POINT('',(-76.10830383867,25.307265810427,18.2));
#7908 = VECTOR('',#7909,1.);
#7909 = DIRECTION('',(-0.946930129495,0.321439465303,0.));
#7910 = ORIENTED_EDGE('',*,*,#1522,.F.);
#7911 = PLANE('',#7912);
#7912 = AXIS2_PLACEMENT_3D('',#7913,#7914,#7915);
#7913 = CARTESIAN_POINT('',(-76.10830383867,25.307265810427,14.7));
#7914 = DIRECTION('',(-0.321439465303,-0.946930129495,0.));
#7915 = DIRECTION('',(0.,0.,1.));
#7916 = ADVANCED_FACE('',(#7917),#7936,.F.);
#7917 = FACE_BOUND('',#7918,.F.);
#7918 = EDGE_LOOP('',(#7919,#7920,#7929,#7935));
#7919 = ORIENTED_EDGE('',*,*,#7905,.F.);
#7920 = ORIENTED_EDGE('',*,*,#7921,.F.);
#7921 = EDGE_CURVE('',#7922,#7898,#7924,.T.);
#7922 = VERTEX_POINT('',#7923);
#7923 = CARTESIAN_POINT('',(-76.73233684822,26.575140598147,18.2));
#7924 = CIRCLE('',#7925,81.204);
#7925 = AXIS2_PLACEMENT_3D('',#7926,#7927,#7928);
#7926 = CARTESIAN_POINT('',(0.,0.,18.2));
#7927 = DIRECTION('',(0.,0.,1.));
#7928 = DIRECTION('',(1.,0.,-0.));
#7929 = ORIENTED_EDGE('',*,*,#7930,.T.);
#7930 = EDGE_CURVE('',#7922,#1506,#7931,.T.);
#7931 = LINE('',#7932,#7933);
#7932 = CARTESIAN_POINT('',(-75.78686437337,26.254195939922,18.2));
#7933 = VECTOR('',#7934,1.);
#7934 = DIRECTION('',(-0.946930129495,0.321439465303,0.));
#7935 = ORIENTED_EDGE('',*,*,#1513,.T.);
#7936 = PLANE('',#7937);
#7937 = AXIS2_PLACEMENT_3D('',#7938,#7939,#7940);
#7938 = CARTESIAN_POINT('',(-75.78686437337,26.254195939922,18.2));
#7939 = DIRECTION('',(0.,0.,1.));
#7940 = DIRECTION('',(-0.946930129495,0.321439465303,0.));
#7941 = ADVANCED_FACE('',(#7942),#7953,.T.);
#7942 = FACE_BOUND('',#7943,.T.);
#7943 = EDGE_LOOP('',(#7944,#7945,#7951,#7952));
#7944 = ORIENTED_EDGE('',*,*,#7881,.F.);
#7945 = ORIENTED_EDGE('',*,*,#7946,.T.);
#7946 = EDGE_CURVE('',#7873,#7922,#7947,.T.);
#7947 = LINE('',#7948,#7949);
#7948 = CARTESIAN_POINT('',(-76.73233684822,26.575140598147,7.99));
#7949 = VECTOR('',#7950,1.);
#7950 = DIRECTION('',(0.,0.,1.));
#7951 = ORIENTED_EDGE('',*,*,#7930,.T.);
#7952 = ORIENTED_EDGE('',*,*,#1505,.F.);
#7953 = PLANE('',#7954);
#7954 = AXIS2_PLACEMENT_3D('',#7955,#7956,#7957);
#7955 = CARTESIAN_POINT('',(-75.78686437337,26.254195939922,14.7));
#7956 = DIRECTION('',(-0.321439465303,-0.946930129495,0.));
#7957 = DIRECTION('',(0.,0.,1.));
#7958 = ADVANCED_FACE('',(#7959),#7985,.T.);
#7959 = FACE_BOUND('',#7960,.T.);
#7960 = EDGE_LOOP('',(#7961,#7969,#7978,#7984));
#7961 = ORIENTED_EDGE('',*,*,#7962,.F.);
#7962 = EDGE_CURVE('',#7963,#1533,#7965,.T.);
#7963 = VERTEX_POINT('',#7964);
#7964 = CARTESIAN_POINT('',(-78.0983250321,22.242779574051,14.7));
#7965 = LINE('',#7966,#7967);
#7966 = CARTESIAN_POINT('',(-77.13975302818,21.963381314149,14.7));
#7967 = VECTOR('',#7968,1.);
#7968 = DIRECTION('',(-0.960049854386,0.279829014031,0.));
#7969 = ORIENTED_EDGE('',*,*,#7970,.F.);
#7970 = EDGE_CURVE('',#7971,#7963,#7973,.T.);
#7971 = VERTEX_POINT('',#7972);
#7972 = CARTESIAN_POINT('',(-77.81849601807,23.202829428437,14.7));
#7973 = CIRCLE('',#7974,81.204);
#7974 = AXIS2_PLACEMENT_3D('',#7975,#7976,#7977);
#7975 = CARTESIAN_POINT('',(0.,0.,14.7));
#7976 = DIRECTION('',(0.,0.,1.));
#7977 = DIRECTION('',(1.,0.,-0.));
#7978 = ORIENTED_EDGE('',*,*,#7979,.T.);
#7979 = EDGE_CURVE('',#7971,#1531,#7980,.T.);
#7980 = LINE('',#7981,#7982);
#7981 = CARTESIAN_POINT('',(-76.85992401415,22.923431168535,14.7));
#7982 = VECTOR('',#7983,1.);
#7983 = DIRECTION('',(-0.960049854386,0.279829014031,0.));
#7984 = ORIENTED_EDGE('',*,*,#1530,.T.);
#7985 = PLANE('',#7986);
#7986 = AXIS2_PLACEMENT_3D('',#7987,#7988,#7989);
#7987 = CARTESIAN_POINT('',(-76.85992401415,22.923431168535,14.7));
#7988 = DIRECTION('',(0.,0.,1.));
#7989 = DIRECTION('',(-0.960049854386,0.279829014031,0.));
#7990 = ADVANCED_FACE('',(#7991),#8009,.F.);
#7991 = FACE_BOUND('',#7992,.F.);
#7992 = EDGE_LOOP('',(#7993,#7994,#8002,#8008));
#7993 = ORIENTED_EDGE('',*,*,#7962,.F.);
#7994 = ORIENTED_EDGE('',*,*,#7995,.T.);
#7995 = EDGE_CURVE('',#7963,#7996,#7998,.T.);
#7996 = VERTEX_POINT('',#7997);
#7997 = CARTESIAN_POINT('',(-78.0983250321,22.242779574051,18.2));
#7998 = LINE('',#7999,#8000);
#7999 = CARTESIAN_POINT('',(-78.0983250321,22.242779574051,7.99));
#8000 = VECTOR('',#8001,1.);
#8001 = DIRECTION('',(0.,0.,1.));
#8002 = ORIENTED_EDGE('',*,*,#8003,.T.);
#8003 = EDGE_CURVE('',#7996,#1550,#8004,.T.);
#8004 = LINE('',#8005,#8006);
#8005 = CARTESIAN_POINT('',(-77.13975302818,21.963381314149,18.2));
#8006 = VECTOR('',#8007,1.);
#8007 = DIRECTION('',(-0.960049854386,0.279829014031,0.));
#8008 = ORIENTED_EDGE('',*,*,#1558,.F.);
#8009 = PLANE('',#8010);
#8010 = AXIS2_PLACEMENT_3D('',#8011,#8012,#8013);
#8011 = CARTESIAN_POINT('',(-77.13975302818,21.963381314149,14.7));
#8012 = DIRECTION('',(-0.279829014031,-0.960049854386,0.));
#8013 = DIRECTION('',(0.,0.,1.));
#8014 = ADVANCED_FACE('',(#8015),#8034,.F.);
#8015 = FACE_BOUND('',#8016,.F.);
#8016 = EDGE_LOOP('',(#8017,#8018,#8027,#8033));
#8017 = ORIENTED_EDGE('',*,*,#8003,.F.);
#8018 = ORIENTED_EDGE('',*,*,#8019,.F.);
#8019 = EDGE_CURVE('',#8020,#7996,#8022,.T.);
#8020 = VERTEX_POINT('',#8021);
#8021 = CARTESIAN_POINT('',(-77.81849601807,23.202829428437,18.2));
#8022 = CIRCLE('',#8023,81.204);
#8023 = AXIS2_PLACEMENT_3D('',#8024,#8025,#8026);
#8024 = CARTESIAN_POINT('',(0.,0.,18.2));
#8025 = DIRECTION('',(0.,0.,1.));
#8026 = DIRECTION('',(1.,0.,-0.));
#8027 = ORIENTED_EDGE('',*,*,#8028,.T.);
#8028 = EDGE_CURVE('',#8020,#1542,#8029,.T.);
#8029 = LINE('',#8030,#8031);
#8030 = CARTESIAN_POINT('',(-76.85992401415,22.923431168535,18.2));
#8031 = VECTOR('',#8032,1.);
#8032 = DIRECTION('',(-0.960049854386,0.279829014031,0.));
#8033 = ORIENTED_EDGE('',*,*,#1549,.T.);
#8034 = PLANE('',#8035);
#8035 = AXIS2_PLACEMENT_3D('',#8036,#8037,#8038);
#8036 = CARTESIAN_POINT('',(-76.85992401415,22.923431168535,18.2));
#8037 = DIRECTION('',(0.,0.,1.));
#8038 = DIRECTION('',(-0.960049854386,0.279829014031,0.));
#8039 = ADVANCED_FACE('',(#8040),#8051,.T.);
#8040 = FACE_BOUND('',#8041,.T.);
#8041 = EDGE_LOOP('',(#8042,#8043,#8049,#8050));
#8042 = ORIENTED_EDGE('',*,*,#7979,.F.);
#8043 = ORIENTED_EDGE('',*,*,#8044,.T.);
#8044 = EDGE_CURVE('',#7971,#8020,#8045,.T.);
#8045 = LINE('',#8046,#8047);
#8046 = CARTESIAN_POINT('',(-77.81849601807,23.202829428437,7.99));
#8047 = VECTOR('',#8048,1.);
#8048 = DIRECTION('',(0.,0.,1.));
#8049 = ORIENTED_EDGE('',*,*,#8028,.T.);
#8050 = ORIENTED_EDGE('',*,*,#1541,.F.);
#8051 = PLANE('',#8052);
#8052 = AXIS2_PLACEMENT_3D('',#8053,#8054,#8055);
#8053 = CARTESIAN_POINT('',(-76.85992401415,22.923431168535,14.7));
#8054 = DIRECTION('',(-0.279829014031,-0.960049854386,0.));
#8055 = DIRECTION('',(0.,0.,1.));
#8056 = ADVANCED_FACE('',(#8057),#8083,.T.);
#8057 = FACE_BOUND('',#8058,.T.);
#8058 = EDGE_LOOP('',(#8059,#8067,#8076,#8082));
#8059 = ORIENTED_EDGE('',*,*,#8060,.F.);
#8060 = EDGE_CURVE('',#8061,#1569,#8063,.T.);
#8061 = VERTEX_POINT('',#8062);
#8062 = CARTESIAN_POINT('',(-78.99420915016,18.815008284333,14.7));
#8063 = LINE('',#8064,#8065);
#8064 = CARTESIAN_POINT('',(-78.02436231346,18.577688273222,14.7));
#8065 = VECTOR('',#8066,1.);
#8066 = DIRECTION('',(-0.971342069813,0.237685892326,0.));
#8067 = ORIENTED_EDGE('',*,*,#8068,.F.);
#8068 = EDGE_CURVE('',#8069,#8061,#8071,.T.);
#8069 = VERTEX_POINT('',#8070);
#8070 = CARTESIAN_POINT('',(-78.75652325784,19.786350354147,14.7));
#8071 = CIRCLE('',#8072,81.204);
#8072 = AXIS2_PLACEMENT_3D('',#8073,#8074,#8075);
#8073 = CARTESIAN_POINT('',(0.,0.,14.7));
#8074 = DIRECTION('',(0.,0.,1.));
#8075 = DIRECTION('',(1.,0.,-0.));
#8076 = ORIENTED_EDGE('',*,*,#8077,.T.);
#8077 = EDGE_CURVE('',#8069,#1567,#8078,.T.);
#8078 = LINE('',#8079,#8080);
#8079 = CARTESIAN_POINT('',(-77.78667642114,19.549030343035,14.7));
#8080 = VECTOR('',#8081,1.);
#8081 = DIRECTION('',(-0.971342069813,0.237685892326,0.));
#8082 = ORIENTED_EDGE('',*,*,#1566,.T.);
#8083 = PLANE('',#8084);
#8084 = AXIS2_PLACEMENT_3D('',#8085,#8086,#8087);
#8085 = CARTESIAN_POINT('',(-77.78667642114,19.549030343035,14.7));
#8086 = DIRECTION('',(0.,0.,1.));
#8087 = DIRECTION('',(-0.971342069813,0.237685892326,0.));
#8088 = ADVANCED_FACE('',(#8089),#8107,.F.);
#8089 = FACE_BOUND('',#8090,.F.);
#8090 = EDGE_LOOP('',(#8091,#8092,#8100,#8106));
#8091 = ORIENTED_EDGE('',*,*,#8060,.F.);
#8092 = ORIENTED_EDGE('',*,*,#8093,.T.);
#8093 = EDGE_CURVE('',#8061,#8094,#8096,.T.);
#8094 = VERTEX_POINT('',#8095);
#8095 = CARTESIAN_POINT('',(-78.99420915016,18.815008284333,18.2));
#8096 = LINE('',#8097,#8098);
#8097 = CARTESIAN_POINT('',(-78.99420915016,18.815008284333,7.99));
#8098 = VECTOR('',#8099,1.);
#8099 = DIRECTION('',(0.,0.,1.));
#8100 = ORIENTED_EDGE('',*,*,#8101,.T.);
#8101 = EDGE_CURVE('',#8094,#1586,#8102,.T.);
#8102 = LINE('',#8103,#8104);
#8103 = CARTESIAN_POINT('',(-78.02436231346,18.577688273222,18.2));
#8104 = VECTOR('',#8105,1.);
#8105 = DIRECTION('',(-0.971342069813,0.237685892326,0.));
#8106 = ORIENTED_EDGE('',*,*,#1594,.F.);
#8107 = PLANE('',#8108);
#8108 = AXIS2_PLACEMENT_3D('',#8109,#8110,#8111);
#8109 = CARTESIAN_POINT('',(-78.02436231346,18.577688273222,14.7));
#8110 = DIRECTION('',(-0.237685892326,-0.971342069813,0.));
#8111 = DIRECTION('',(0.,0.,1.));
#8112 = ADVANCED_FACE('',(#8113),#8132,.F.);
#8113 = FACE_BOUND('',#8114,.F.);
#8114 = EDGE_LOOP('',(#8115,#8116,#8125,#8131));
#8115 = ORIENTED_EDGE('',*,*,#8101,.F.);
#8116 = ORIENTED_EDGE('',*,*,#8117,.F.);
#8117 = EDGE_CURVE('',#8118,#8094,#8120,.T.);
#8118 = VERTEX_POINT('',#8119);
#8119 = CARTESIAN_POINT('',(-78.75652325784,19.786350354147,18.2));
#8120 = CIRCLE('',#8121,81.204);
#8121 = AXIS2_PLACEMENT_3D('',#8122,#8123,#8124);
#8122 = CARTESIAN_POINT('',(0.,0.,18.2));
#8123 = DIRECTION('',(0.,0.,1.));
#8124 = DIRECTION('',(1.,0.,-0.));
#8125 = ORIENTED_EDGE('',*,*,#8126,.T.);
#8126 = EDGE_CURVE('',#8118,#1578,#8127,.T.);
#8127 = LINE('',#8128,#8129);
#8128 = CARTESIAN_POINT('',(-77.78667642114,19.549030343035,18.2));
#8129 = VECTOR('',#8130,1.);
#8130 = DIRECTION('',(-0.971342069813,0.237685892326,0.));
#8131 = ORIENTED_EDGE('',*,*,#1585,.T.);
#8132 = PLANE('',#8133);
#8133 = AXIS2_PLACEMENT_3D('',#8134,#8135,#8136);
#8134 = CARTESIAN_POINT('',(-77.78667642114,19.549030343035,18.2));
#8135 = DIRECTION('',(0.,0.,1.));
#8136 = DIRECTION('',(-0.971342069813,0.237685892326,0.));
#8137 = ADVANCED_FACE('',(#8138),#8149,.T.);
#8138 = FACE_BOUND('',#8139,.T.);
#8139 = EDGE_LOOP('',(#8140,#8141,#8147,#8148));
#8140 = ORIENTED_EDGE('',*,*,#8077,.F.);
#8141 = ORIENTED_EDGE('',*,*,#8142,.T.);
#8142 = EDGE_CURVE('',#8069,#8118,#8143,.T.);
#8143 = LINE('',#8144,#8145);
#8144 = CARTESIAN_POINT('',(-78.75652325784,19.786350354147,7.99));
#8145 = VECTOR('',#8146,1.);
#8146 = DIRECTION('',(0.,0.,1.));
#8147 = ORIENTED_EDGE('',*,*,#8126,.T.);
#8148 = ORIENTED_EDGE('',*,*,#1577,.F.);
#8149 = PLANE('',#8150);
#8150 = AXIS2_PLACEMENT_3D('',#8151,#8152,#8153);
#8151 = CARTESIAN_POINT('',(-77.78667642114,19.549030343035,14.7));
#8152 = DIRECTION('',(-0.237685892326,-0.971342069813,0.));
#8153 = DIRECTION('',(0.,0.,1.));
#8154 = ADVANCED_FACE('',(#8155),#8181,.T.);
#8155 = FACE_BOUND('',#8156,.T.);
#8156 = EDGE_LOOP('',(#8157,#8165,#8174,#8180));
#8157 = ORIENTED_EDGE('',*,*,#8158,.F.);
#8158 = EDGE_CURVE('',#8159,#1605,#8161,.T.);
#8159 = VERTEX_POINT('',#8160);
#8160 = CARTESIAN_POINT('',(-79.73972330137,15.351421556972,14.7));
#8161 = LINE('',#8162,#8163);
#8162 = CARTESIAN_POINT('',(-78.76044779046,15.15663154678,14.7));
#8163 = VECTOR('',#8164,1.);
#8164 = DIRECTION('',(-0.980785280403,0.195090322016,0.));
#8165 = ORIENTED_EDGE('',*,*,#8166,.F.);
#8166 = EDGE_CURVE('',#8167,#8159,#8169,.T.);
#8167 = VERTEX_POINT('',#8168);
#8168 = CARTESIAN_POINT('',(-79.54463297936,16.332206837375,14.7));
#8169 = CIRCLE('',#8170,81.204);
#8170 = AXIS2_PLACEMENT_3D('',#8171,#8172,#8173);
#8171 = CARTESIAN_POINT('',(0.,0.,14.7));
#8172 = DIRECTION('',(0.,0.,1.));
#8173 = DIRECTION('',(1.,0.,-0.));
#8174 = ORIENTED_EDGE('',*,*,#8175,.T.);
#8175 = EDGE_CURVE('',#8167,#1603,#8176,.T.);
#8176 = LINE('',#8177,#8178);
#8177 = CARTESIAN_POINT('',(-78.56535746845,16.137416827183,14.7));
#8178 = VECTOR('',#8179,1.);
#8179 = DIRECTION('',(-0.980785280403,0.195090322016,0.));
#8180 = ORIENTED_EDGE('',*,*,#1602,.T.);
#8181 = PLANE('',#8182);
#8182 = AXIS2_PLACEMENT_3D('',#8183,#8184,#8185);
#8183 = CARTESIAN_POINT('',(-78.56535746845,16.137416827183,14.7));
#8184 = DIRECTION('',(0.,0.,1.));
#8185 = DIRECTION('',(-0.980785280403,0.195090322016,0.));
#8186 = ADVANCED_FACE('',(#8187),#8205,.F.);
#8187 = FACE_BOUND('',#8188,.F.);
#8188 = EDGE_LOOP('',(#8189,#8190,#8198,#8204));
#8189 = ORIENTED_EDGE('',*,*,#8158,.F.);
#8190 = ORIENTED_EDGE('',*,*,#8191,.T.);
#8191 = EDGE_CURVE('',#8159,#8192,#8194,.T.);
#8192 = VERTEX_POINT('',#8193);
#8193 = CARTESIAN_POINT('',(-79.73972330137,15.351421556972,18.2));
#8194 = LINE('',#8195,#8196);
#8195 = CARTESIAN_POINT('',(-79.73972330137,15.351421556972,7.99));
#8196 = VECTOR('',#8197,1.);
#8197 = DIRECTION('',(0.,0.,1.));
#8198 = ORIENTED_EDGE('',*,*,#8199,.T.);
#8199 = EDGE_CURVE('',#8192,#1622,#8200,.T.);
#8200 = LINE('',#8201,#8202);
#8201 = CARTESIAN_POINT('',(-78.76044779046,15.15663154678,18.2));
#8202 = VECTOR('',#8203,1.);
#8203 = DIRECTION('',(-0.980785280403,0.195090322016,0.));
#8204 = ORIENTED_EDGE('',*,*,#1630,.F.);
#8205 = PLANE('',#8206);
#8206 = AXIS2_PLACEMENT_3D('',#8207,#8208,#8209);
#8207 = CARTESIAN_POINT('',(-78.76044779046,15.15663154678,14.7));
#8208 = DIRECTION('',(-0.195090322016,-0.980785280403,0.));
#8209 = DIRECTION('',(0.,0.,1.));
#8210 = ADVANCED_FACE('',(#8211),#8230,.F.);
#8211 = FACE_BOUND('',#8212,.F.);
#8212 = EDGE_LOOP('',(#8213,#8214,#8223,#8229));
#8213 = ORIENTED_EDGE('',*,*,#8199,.F.);
#8214 = ORIENTED_EDGE('',*,*,#8215,.F.);
#8215 = EDGE_CURVE('',#8216,#8192,#8218,.T.);
#8216 = VERTEX_POINT('',#8217);
#8217 = CARTESIAN_POINT('',(-79.54463297936,16.332206837375,18.2));
#8218 = CIRCLE('',#8219,81.204);
#8219 = AXIS2_PLACEMENT_3D('',#8220,#8221,#8222);
#8220 = CARTESIAN_POINT('',(0.,0.,18.2));
#8221 = DIRECTION('',(0.,0.,1.));
#8222 = DIRECTION('',(1.,0.,-0.));
#8223 = ORIENTED_EDGE('',*,*,#8224,.T.);
#8224 = EDGE_CURVE('',#8216,#1614,#8225,.T.);
#8225 = LINE('',#8226,#8227);
#8226 = CARTESIAN_POINT('',(-78.56535746845,16.137416827183,18.2));
#8227 = VECTOR('',#8228,1.);
#8228 = DIRECTION('',(-0.980785280403,0.195090322016,0.));
#8229 = ORIENTED_EDGE('',*,*,#1621,.T.);
#8230 = PLANE('',#8231);
#8231 = AXIS2_PLACEMENT_3D('',#8232,#8233,#8234);
#8232 = CARTESIAN_POINT('',(-78.56535746845,16.137416827183,18.2));
#8233 = DIRECTION('',(0.,0.,1.));
#8234 = DIRECTION('',(-0.980785280403,0.195090322016,0.));
#8235 = ADVANCED_FACE('',(#8236),#8247,.T.);
#8236 = FACE_BOUND('',#8237,.T.);
#8237 = EDGE_LOOP('',(#8238,#8239,#8245,#8246));
#8238 = ORIENTED_EDGE('',*,*,#8175,.F.);
#8239 = ORIENTED_EDGE('',*,*,#8240,.T.);
#8240 = EDGE_CURVE('',#8167,#8216,#8241,.T.);
#8241 = LINE('',#8242,#8243);
#8242 = CARTESIAN_POINT('',(-79.54463297936,16.332206837375,7.99));
#8243 = VECTOR('',#8244,1.);
#8244 = DIRECTION('',(0.,0.,1.));
#8245 = ORIENTED_EDGE('',*,*,#8224,.T.);
#8246 = ORIENTED_EDGE('',*,*,#1613,.F.);
#8247 = PLANE('',#8248);
#8248 = AXIS2_PLACEMENT_3D('',#8249,#8250,#8251);
#8249 = CARTESIAN_POINT('',(-78.56535746845,16.137416827183,14.7));
#8250 = DIRECTION('',(-0.195090322016,-0.980785280403,0.));
#8251 = DIRECTION('',(0.,0.,1.));
#8252 = ADVANCED_FACE('',(#8253),#8279,.T.);
#8253 = FACE_BOUND('',#8254,.T.);
#8254 = EDGE_LOOP('',(#8255,#8263,#8272,#8278));
#8255 = ORIENTED_EDGE('',*,*,#8256,.F.);
#8256 = EDGE_CURVE('',#8257,#1641,#8259,.T.);
#8257 = VERTEX_POINT('',#8258);
#8258 = CARTESIAN_POINT('',(-80.33344835717,11.858612526158,14.7));
#8259 = LINE('',#8260,#8261);
#8260 = CARTESIAN_POINT('',(-79.34660827865,11.706723310742,14.7));
#8261 = VECTOR('',#8262,1.);
#8262 = DIRECTION('',(-0.988361510468,0.15212338619,0.));
#8263 = ORIENTED_EDGE('',*,*,#8264,.F.);
#8264 = EDGE_CURVE('',#8265,#8257,#8267,.T.);
#8265 = VERTEX_POINT('',#8266);
#8266 = CARTESIAN_POINT('',(-80.18132497098,12.846974036626,14.7));
#8267 = CIRCLE('',#8268,81.204);
#8268 = AXIS2_PLACEMENT_3D('',#8269,#8270,#8271);
#8269 = CARTESIAN_POINT('',(0.,0.,14.7));
#8270 = DIRECTION('',(0.,0.,1.));
#8271 = DIRECTION('',(1.,0.,-0.));
#8272 = ORIENTED_EDGE('',*,*,#8273,.T.);
#8273 = EDGE_CURVE('',#8265,#1639,#8274,.T.);
#8274 = LINE('',#8275,#8276);
#8275 = CARTESIAN_POINT('',(-79.19448489246,12.69508482121,14.7));
#8276 = VECTOR('',#8277,1.);
#8277 = DIRECTION('',(-0.988361510468,0.15212338619,0.));
#8278 = ORIENTED_EDGE('',*,*,#1638,.T.);
#8279 = PLANE('',#8280);
#8280 = AXIS2_PLACEMENT_3D('',#8281,#8282,#8283);
#8281 = CARTESIAN_POINT('',(-79.19448489246,12.69508482121,14.7));
#8282 = DIRECTION('',(0.,0.,1.));
#8283 = DIRECTION('',(-0.988361510468,0.15212338619,0.));
#8284 = ADVANCED_FACE('',(#8285),#8303,.F.);
#8285 = FACE_BOUND('',#8286,.F.);
#8286 = EDGE_LOOP('',(#8287,#8288,#8296,#8302));
#8287 = ORIENTED_EDGE('',*,*,#8256,.F.);
#8288 = ORIENTED_EDGE('',*,*,#8289,.T.);
#8289 = EDGE_CURVE('',#8257,#8290,#8292,.T.);
#8290 = VERTEX_POINT('',#8291);
#8291 = CARTESIAN_POINT('',(-80.33344835717,11.858612526158,18.2));
#8292 = LINE('',#8293,#8294);
#8293 = CARTESIAN_POINT('',(-80.33344835717,11.858612526158,7.99));
#8294 = VECTOR('',#8295,1.);
#8295 = DIRECTION('',(0.,0.,1.));
#8296 = ORIENTED_EDGE('',*,*,#8297,.T.);
#8297 = EDGE_CURVE('',#8290,#1658,#8298,.T.);
#8298 = LINE('',#8299,#8300);
#8299 = CARTESIAN_POINT('',(-79.34660827865,11.706723310742,18.2));
#8300 = VECTOR('',#8301,1.);
#8301 = DIRECTION('',(-0.988361510468,0.15212338619,0.));
#8302 = ORIENTED_EDGE('',*,*,#1666,.F.);
#8303 = PLANE('',#8304);
#8304 = AXIS2_PLACEMENT_3D('',#8305,#8306,#8307);
#8305 = CARTESIAN_POINT('',(-79.34660827865,11.706723310742,14.7));
#8306 = DIRECTION('',(-0.15212338619,-0.988361510468,0.));
#8307 = DIRECTION('',(0.,0.,1.));
#8308 = ADVANCED_FACE('',(#8309),#8328,.F.);
#8309 = FACE_BOUND('',#8310,.F.);
#8310 = EDGE_LOOP('',(#8311,#8312,#8321,#8327));
#8311 = ORIENTED_EDGE('',*,*,#8297,.F.);
#8312 = ORIENTED_EDGE('',*,*,#8313,.F.);
#8313 = EDGE_CURVE('',#8314,#8290,#8316,.T.);
#8314 = VERTEX_POINT('',#8315);
#8315 = CARTESIAN_POINT('',(-80.18132497098,12.846974036626,18.2));
#8316 = CIRCLE('',#8317,81.204);
#8317 = AXIS2_PLACEMENT_3D('',#8318,#8319,#8320);
#8318 = CARTESIAN_POINT('',(0.,0.,18.2));
#8319 = DIRECTION('',(0.,0.,1.));
#8320 = DIRECTION('',(1.,0.,-0.));
#8321 = ORIENTED_EDGE('',*,*,#8322,.T.);
#8322 = EDGE_CURVE('',#8314,#1650,#8323,.T.);
#8323 = LINE('',#8324,#8325);
#8324 = CARTESIAN_POINT('',(-79.19448489246,12.69508482121,18.2));
#8325 = VECTOR('',#8326,1.);
#8326 = DIRECTION('',(-0.988361510468,0.15212338619,0.));
#8327 = ORIENTED_EDGE('',*,*,#1657,.T.);
#8328 = PLANE('',#8329);
#8329 = AXIS2_PLACEMENT_3D('',#8330,#8331,#8332);
#8330 = CARTESIAN_POINT('',(-79.19448489246,12.69508482121,18.2));
#8331 = DIRECTION('',(0.,0.,1.));
#8332 = DIRECTION('',(-0.988361510468,0.15212338619,0.));
#8333 = ADVANCED_FACE('',(#8334),#8345,.T.);
#8334 = FACE_BOUND('',#8335,.T.);
#8335 = EDGE_LOOP('',(#8336,#8337,#8343,#8344));
#8336 = ORIENTED_EDGE('',*,*,#8273,.F.);
#8337 = ORIENTED_EDGE('',*,*,#8338,.T.);
#8338 = EDGE_CURVE('',#8265,#8314,#8339,.T.);
#8339 = LINE('',#8340,#8341);
#8340 = CARTESIAN_POINT('',(-80.18132497098,12.846974036626,7.99));
#8341 = VECTOR('',#8342,1.);
#8342 = DIRECTION('',(0.,0.,1.));
#8343 = ORIENTED_EDGE('',*,*,#8322,.T.);
#8344 = ORIENTED_EDGE('',*,*,#1649,.F.);
#8345 = PLANE('',#8346);
#8346 = AXIS2_PLACEMENT_3D('',#8347,#8348,#8349);
#8347 = CARTESIAN_POINT('',(-79.19448489246,12.69508482121,14.7));
#8348 = DIRECTION('',(-0.15212338619,-0.988361510468,0.));
#8349 = DIRECTION('',(0.,0.,1.));
#8350 = ADVANCED_FACE('',(#8351),#8377,.T.);
#8351 = FACE_BOUND('',#8352,.T.);
#8352 = EDGE_LOOP('',(#8353,#8361,#8370,#8376));
#8353 = ORIENTED_EDGE('',*,*,#8354,.F.);
#8354 = EDGE_CURVE('',#8355,#1677,#8357,.T.);
#8355 = VERTEX_POINT('',#8356);
#8356 = CARTESIAN_POINT('',(-80.77425412816,8.343229952402,14.7));
#8357 = LINE('',#8358,#8359);
#8358 = CARTESIAN_POINT('',(-79.7817279882,8.234530661516,14.7));
#8359 = VECTOR('',#8360,1.);
#8360 = DIRECTION('',(-0.994056338222,0.108866874852,0.));
#8361 = ORIENTED_EDGE('',*,*,#8362,.F.);
#8362 = EDGE_CURVE('',#8363,#8355,#8365,.T.);
#8363 = VERTEX_POINT('',#8364);
#8364 = CARTESIAN_POINT('',(-80.66538725331,9.337286290625,14.7));
#8365 = CIRCLE('',#8366,81.204);
#8366 = AXIS2_PLACEMENT_3D('',#8367,#8368,#8369);
#8367 = CARTESIAN_POINT('',(0.,0.,14.7));
#8368 = DIRECTION('',(0.,0.,1.));
#8369 = DIRECTION('',(1.,0.,-0.));
#8370 = ORIENTED_EDGE('',*,*,#8371,.T.);
#8371 = EDGE_CURVE('',#8363,#1675,#8372,.T.);
#8372 = LINE('',#8373,#8374);
#8373 = CARTESIAN_POINT('',(-79.67286111335,9.228586999738,14.7));
#8374 = VECTOR('',#8375,1.);
#8375 = DIRECTION('',(-0.994056338222,0.108866874852,0.));
#8376 = ORIENTED_EDGE('',*,*,#1674,.T.);
#8377 = PLANE('',#8378);
#8378 = AXIS2_PLACEMENT_3D('',#8379,#8380,#8381);
#8379 = CARTESIAN_POINT('',(-79.67286111335,9.228586999738,14.7));
#8380 = DIRECTION('',(0.,0.,1.));
#8381 = DIRECTION('',(-0.994056338222,0.108866874852,0.));
#8382 = ADVANCED_FACE('',(#8383),#8401,.F.);
#8383 = FACE_BOUND('',#8384,.F.);
#8384 = EDGE_LOOP('',(#8385,#8386,#8394,#8400));
#8385 = ORIENTED_EDGE('',*,*,#8354,.F.);
#8386 = ORIENTED_EDGE('',*,*,#8387,.T.);
#8387 = EDGE_CURVE('',#8355,#8388,#8390,.T.);
#8388 = VERTEX_POINT('',#8389);
#8389 = CARTESIAN_POINT('',(-80.77425412816,8.343229952402,18.2));
#8390 = LINE('',#8391,#8392);
#8391 = CARTESIAN_POINT('',(-80.77425412816,8.343229952402,7.99));
#8392 = VECTOR('',#8393,1.);
#8393 = DIRECTION('',(0.,0.,1.));
#8394 = ORIENTED_EDGE('',*,*,#8395,.T.);
#8395 = EDGE_CURVE('',#8388,#1694,#8396,.T.);
#8396 = LINE('',#8397,#8398);
#8397 = CARTESIAN_POINT('',(-79.7817279882,8.234530661516,18.2));
#8398 = VECTOR('',#8399,1.);
#8399 = DIRECTION('',(-0.994056338222,0.108866874852,0.));
#8400 = ORIENTED_EDGE('',*,*,#1702,.F.);
#8401 = PLANE('',#8402);
#8402 = AXIS2_PLACEMENT_3D('',#8403,#8404,#8405);
#8403 = CARTESIAN_POINT('',(-79.7817279882,8.234530661516,14.7));
#8404 = DIRECTION('',(-0.108866874852,-0.994056338222,0.));
#8405 = DIRECTION('',(0.,0.,1.));
#8406 = ADVANCED_FACE('',(#8407),#8426,.F.);
#8407 = FACE_BOUND('',#8408,.F.);
#8408 = EDGE_LOOP('',(#8409,#8410,#8419,#8425));
#8409 = ORIENTED_EDGE('',*,*,#8395,.F.);
#8410 = ORIENTED_EDGE('',*,*,#8411,.F.);
#8411 = EDGE_CURVE('',#8412,#8388,#8414,.T.);
#8412 = VERTEX_POINT('',#8413);
#8413 = CARTESIAN_POINT('',(-80.66538725331,9.337286290625,18.2));
#8414 = CIRCLE('',#8415,81.204);
#8415 = AXIS2_PLACEMENT_3D('',#8416,#8417,#8418);
#8416 = CARTESIAN_POINT('',(0.,0.,18.2));
#8417 = DIRECTION('',(0.,0.,1.));
#8418 = DIRECTION('',(1.,0.,-0.));
#8419 = ORIENTED_EDGE('',*,*,#8420,.T.);
#8420 = EDGE_CURVE('',#8412,#1686,#8421,.T.);
#8421 = LINE('',#8422,#8423);
#8422 = CARTESIAN_POINT('',(-79.67286111335,9.228586999738,18.2));
#8423 = VECTOR('',#8424,1.);
#8424 = DIRECTION('',(-0.994056338222,0.108866874852,0.));
#8425 = ORIENTED_EDGE('',*,*,#1693,.T.);
#8426 = PLANE('',#8427);
#8427 = AXIS2_PLACEMENT_3D('',#8428,#8429,#8430);
#8428 = CARTESIAN_POINT('',(-79.67286111335,9.228586999738,18.2));
#8429 = DIRECTION('',(0.,0.,1.));
#8430 = DIRECTION('',(-0.994056338222,0.108866874852,0.));
#8431 = ADVANCED_FACE('',(#8432),#8443,.T.);
#8432 = FACE_BOUND('',#8433,.T.);
#8433 = EDGE_LOOP('',(#8434,#8435,#8441,#8442));
#8434 = ORIENTED_EDGE('',*,*,#8371,.F.);
#8435 = ORIENTED_EDGE('',*,*,#8436,.T.);
#8436 = EDGE_CURVE('',#8363,#8412,#8437,.T.);
#8437 = LINE('',#8438,#8439);
#8438 = CARTESIAN_POINT('',(-80.66538725331,9.337286290625,7.99));
#8439 = VECTOR('',#8440,1.);
#8440 = DIRECTION('',(0.,0.,1.));
#8441 = ORIENTED_EDGE('',*,*,#8420,.T.);
#8442 = ORIENTED_EDGE('',*,*,#1685,.F.);
#8443 = PLANE('',#8444);
#8444 = AXIS2_PLACEMENT_3D('',#8445,#8446,#8447);
#8445 = CARTESIAN_POINT('',(-79.67286111335,9.228586999738,14.7));
#8446 = DIRECTION('',(-0.108866874852,-0.994056338222,0.));
#8447 = DIRECTION('',(0.,0.,1.));
#8448 = ADVANCED_FACE('',(#8449),#8475,.T.);
#8449 = FACE_BOUND('',#8450,.T.);
#8450 = EDGE_LOOP('',(#8451,#8459,#8468,#8474));
#8451 = ORIENTED_EDGE('',*,*,#8452,.F.);
#8452 = EDGE_CURVE('',#8453,#1713,#8455,.T.);
#8453 = VERTEX_POINT('',#8454);
#8454 = CARTESIAN_POINT('',(-80.66538725331,-9.337286290624,14.7));
#8455 = LINE('',#8456,#8457);
#8456 = CARTESIAN_POINT('',(-79.67286111335,-9.228586999738,14.7));
#8457 = VECTOR('',#8458,1.);
#8458 = DIRECTION('',(-0.994056338222,-0.108866874852,0.));
#8459 = ORIENTED_EDGE('',*,*,#8460,.F.);
#8460 = EDGE_CURVE('',#8461,#8453,#8463,.T.);
#8461 = VERTEX_POINT('',#8462);
#8462 = CARTESIAN_POINT('',(-80.77425412816,-8.343229952402,14.7));
#8463 = CIRCLE('',#8464,81.204);
#8464 = AXIS2_PLACEMENT_3D('',#8465,#8466,#8467);
#8465 = CARTESIAN_POINT('',(0.,0.,14.7));
#8466 = DIRECTION('',(0.,0.,1.));
#8467 = DIRECTION('',(1.,0.,-0.));
#8468 = ORIENTED_EDGE('',*,*,#8469,.T.);
#8469 = EDGE_CURVE('',#8461,#1711,#8470,.T.);
#8470 = LINE('',#8471,#8472);
#8471 = CARTESIAN_POINT('',(-79.7817279882,-8.234530661516,14.7));
#8472 = VECTOR('',#8473,1.);
#8473 = DIRECTION('',(-0.994056338222,-0.108866874852,0.));
#8474 = ORIENTED_EDGE('',*,*,#1710,.T.);
#8475 = PLANE('',#8476);
#8476 = AXIS2_PLACEMENT_3D('',#8477,#8478,#8479);
#8477 = CARTESIAN_POINT('',(-79.7817279882,-8.234530661516,14.7));
#8478 = DIRECTION('',(0.,0.,1.));
#8479 = DIRECTION('',(-0.994056338222,-0.108866874852,0.));
#8480 = ADVANCED_FACE('',(#8481),#8499,.F.);
#8481 = FACE_BOUND('',#8482,.F.);
#8482 = EDGE_LOOP('',(#8483,#8484,#8492,#8498));
#8483 = ORIENTED_EDGE('',*,*,#8452,.F.);
#8484 = ORIENTED_EDGE('',*,*,#8485,.T.);
#8485 = EDGE_CURVE('',#8453,#8486,#8488,.T.);
#8486 = VERTEX_POINT('',#8487);
#8487 = CARTESIAN_POINT('',(-80.66538725331,-9.337286290624,18.2));
#8488 = LINE('',#8489,#8490);
#8489 = CARTESIAN_POINT('',(-80.66538725331,-9.337286290624,7.99));
#8490 = VECTOR('',#8491,1.);
#8491 = DIRECTION('',(0.,0.,1.));
#8492 = ORIENTED_EDGE('',*,*,#8493,.T.);
#8493 = EDGE_CURVE('',#8486,#1730,#8494,.T.);
#8494 = LINE('',#8495,#8496);
#8495 = CARTESIAN_POINT('',(-79.67286111335,-9.228586999738,18.2));
#8496 = VECTOR('',#8497,1.);
#8497 = DIRECTION('',(-0.994056338222,-0.108866874852,0.));
#8498 = ORIENTED_EDGE('',*,*,#1738,.F.);
#8499 = PLANE('',#8500);
#8500 = AXIS2_PLACEMENT_3D('',#8501,#8502,#8503);
#8501 = CARTESIAN_POINT('',(-79.67286111335,-9.228586999738,14.7));
#8502 = DIRECTION('',(0.108866874852,-0.994056338222,0.));
#8503 = DIRECTION('',(0.,0.,1.));
#8504 = ADVANCED_FACE('',(#8505),#8524,.F.);
#8505 = FACE_BOUND('',#8506,.F.);
#8506 = EDGE_LOOP('',(#8507,#8508,#8517,#8523));
#8507 = ORIENTED_EDGE('',*,*,#8493,.F.);
#8508 = ORIENTED_EDGE('',*,*,#8509,.F.);
#8509 = EDGE_CURVE('',#8510,#8486,#8512,.T.);
#8510 = VERTEX_POINT('',#8511);
#8511 = CARTESIAN_POINT('',(-80.77425412816,-8.343229952402,18.2));
#8512 = CIRCLE('',#8513,81.204);
#8513 = AXIS2_PLACEMENT_3D('',#8514,#8515,#8516);
#8514 = CARTESIAN_POINT('',(0.,0.,18.2));
#8515 = DIRECTION('',(0.,0.,1.));
#8516 = DIRECTION('',(1.,0.,-0.));
#8517 = ORIENTED_EDGE('',*,*,#8518,.T.);
#8518 = EDGE_CURVE('',#8510,#1722,#8519,.T.);
#8519 = LINE('',#8520,#8521);
#8520 = CARTESIAN_POINT('',(-79.7817279882,-8.234530661516,18.2));
#8521 = VECTOR('',#8522,1.);
#8522 = DIRECTION('',(-0.994056338222,-0.108866874852,0.));
#8523 = ORIENTED_EDGE('',*,*,#1729,.T.);
#8524 = PLANE('',#8525);
#8525 = AXIS2_PLACEMENT_3D('',#8526,#8527,#8528);
#8526 = CARTESIAN_POINT('',(-79.7817279882,-8.234530661516,18.2));
#8527 = DIRECTION('',(0.,0.,1.));
#8528 = DIRECTION('',(-0.994056338222,-0.108866874852,0.));
#8529 = ADVANCED_FACE('',(#8530),#8541,.T.);
#8530 = FACE_BOUND('',#8531,.T.);
#8531 = EDGE_LOOP('',(#8532,#8533,#8539,#8540));
#8532 = ORIENTED_EDGE('',*,*,#8469,.F.);
#8533 = ORIENTED_EDGE('',*,*,#8534,.T.);
#8534 = EDGE_CURVE('',#8461,#8510,#8535,.T.);
#8535 = LINE('',#8536,#8537);
#8536 = CARTESIAN_POINT('',(-80.77425412816,-8.343229952402,7.99));
#8537 = VECTOR('',#8538,1.);
#8538 = DIRECTION('',(0.,0.,1.));
#8539 = ORIENTED_EDGE('',*,*,#8518,.T.);
#8540 = ORIENTED_EDGE('',*,*,#1721,.F.);
#8541 = PLANE('',#8542);
#8542 = AXIS2_PLACEMENT_3D('',#8543,#8544,#8545);
#8543 = CARTESIAN_POINT('',(-79.7817279882,-8.234530661516,14.7));
#8544 = DIRECTION('',(0.108866874852,-0.994056338222,0.));
#8545 = DIRECTION('',(0.,0.,1.));
#8546 = ADVANCED_FACE('',(#8547),#8573,.T.);
#8547 = FACE_BOUND('',#8548,.T.);
#8548 = EDGE_LOOP('',(#8549,#8557,#8566,#8572));
#8549 = ORIENTED_EDGE('',*,*,#8550,.F.);
#8550 = EDGE_CURVE('',#8551,#1749,#8553,.T.);
#8551 = VERTEX_POINT('',#8552);
#8552 = CARTESIAN_POINT('',(-80.18132497098,-12.84697403662,14.7));
#8553 = LINE('',#8554,#8555);
#8554 = CARTESIAN_POINT('',(-79.19448489246,-12.69508482121,14.7));
#8555 = VECTOR('',#8556,1.);
#8556 = DIRECTION('',(-0.988361510468,-0.15212338619,0.));
#8557 = ORIENTED_EDGE('',*,*,#8558,.F.);
#8558 = EDGE_CURVE('',#8559,#8551,#8561,.T.);
#8559 = VERTEX_POINT('',#8560);
#8560 = CARTESIAN_POINT('',(-80.33344835717,-11.85861252615,14.7));
#8561 = CIRCLE('',#8562,81.204);
#8562 = AXIS2_PLACEMENT_3D('',#8563,#8564,#8565);
#8563 = CARTESIAN_POINT('',(0.,0.,14.7));
#8564 = DIRECTION('',(0.,0.,1.));
#8565 = DIRECTION('',(1.,0.,-0.));
#8566 = ORIENTED_EDGE('',*,*,#8567,.T.);
#8567 = EDGE_CURVE('',#8559,#1747,#8568,.T.);
#8568 = LINE('',#8569,#8570);
#8569 = CARTESIAN_POINT('',(-79.34660827865,-11.70672331074,14.7));
#8570 = VECTOR('',#8571,1.);
#8571 = DIRECTION('',(-0.988361510468,-0.15212338619,0.));
#8572 = ORIENTED_EDGE('',*,*,#1746,.T.);
#8573 = PLANE('',#8574);
#8574 = AXIS2_PLACEMENT_3D('',#8575,#8576,#8577);
#8575 = CARTESIAN_POINT('',(-79.34660827865,-11.70672331074,14.7));
#8576 = DIRECTION('',(0.,0.,1.));
#8577 = DIRECTION('',(-0.988361510468,-0.15212338619,0.));
#8578 = ADVANCED_FACE('',(#8579),#8597,.F.);
#8579 = FACE_BOUND('',#8580,.F.);
#8580 = EDGE_LOOP('',(#8581,#8582,#8590,#8596));
#8581 = ORIENTED_EDGE('',*,*,#8550,.F.);
#8582 = ORIENTED_EDGE('',*,*,#8583,.T.);
#8583 = EDGE_CURVE('',#8551,#8584,#8586,.T.);
#8584 = VERTEX_POINT('',#8585);
#8585 = CARTESIAN_POINT('',(-80.18132497098,-12.84697403662,18.2));
#8586 = LINE('',#8587,#8588);
#8587 = CARTESIAN_POINT('',(-80.18132497098,-12.84697403662,7.99));
#8588 = VECTOR('',#8589,1.);
#8589 = DIRECTION('',(0.,0.,1.));
#8590 = ORIENTED_EDGE('',*,*,#8591,.T.);
#8591 = EDGE_CURVE('',#8584,#1766,#8592,.T.);
#8592 = LINE('',#8593,#8594);
#8593 = CARTESIAN_POINT('',(-79.19448489246,-12.69508482121,18.2));
#8594 = VECTOR('',#8595,1.);
#8595 = DIRECTION('',(-0.988361510468,-0.15212338619,0.));
#8596 = ORIENTED_EDGE('',*,*,#1774,.F.);
#8597 = PLANE('',#8598);
#8598 = AXIS2_PLACEMENT_3D('',#8599,#8600,#8601);
#8599 = CARTESIAN_POINT('',(-79.19448489246,-12.69508482121,14.7));
#8600 = DIRECTION('',(0.15212338619,-0.988361510468,0.));
#8601 = DIRECTION('',(0.,0.,1.));
#8602 = ADVANCED_FACE('',(#8603),#8622,.F.);
#8603 = FACE_BOUND('',#8604,.F.);
#8604 = EDGE_LOOP('',(#8605,#8606,#8615,#8621));
#8605 = ORIENTED_EDGE('',*,*,#8591,.F.);
#8606 = ORIENTED_EDGE('',*,*,#8607,.F.);
#8607 = EDGE_CURVE('',#8608,#8584,#8610,.T.);
#8608 = VERTEX_POINT('',#8609);
#8609 = CARTESIAN_POINT('',(-80.33344835717,-11.85861252615,18.2));
#8610 = CIRCLE('',#8611,81.204);
#8611 = AXIS2_PLACEMENT_3D('',#8612,#8613,#8614);
#8612 = CARTESIAN_POINT('',(0.,0.,18.2));
#8613 = DIRECTION('',(0.,0.,1.));
#8614 = DIRECTION('',(1.,0.,-0.));
#8615 = ORIENTED_EDGE('',*,*,#8616,.T.);
#8616 = EDGE_CURVE('',#8608,#1758,#8617,.T.);
#8617 = LINE('',#8618,#8619);
#8618 = CARTESIAN_POINT('',(-79.34660827865,-11.70672331074,18.2));
#8619 = VECTOR('',#8620,1.);
#8620 = DIRECTION('',(-0.988361510468,-0.15212338619,0.));
#8621 = ORIENTED_EDGE('',*,*,#1765,.T.);
#8622 = PLANE('',#8623);
#8623 = AXIS2_PLACEMENT_3D('',#8624,#8625,#8626);
#8624 = CARTESIAN_POINT('',(-79.34660827865,-11.70672331074,18.2));
#8625 = DIRECTION('',(0.,0.,1.));
#8626 = DIRECTION('',(-0.988361510468,-0.15212338619,0.));
#8627 = ADVANCED_FACE('',(#8628),#8639,.T.);
#8628 = FACE_BOUND('',#8629,.T.);
#8629 = EDGE_LOOP('',(#8630,#8631,#8637,#8638));
#8630 = ORIENTED_EDGE('',*,*,#8567,.F.);
#8631 = ORIENTED_EDGE('',*,*,#8632,.T.);
#8632 = EDGE_CURVE('',#8559,#8608,#8633,.T.);
#8633 = LINE('',#8634,#8635);
#8634 = CARTESIAN_POINT('',(-80.33344835717,-11.85861252615,7.99));
#8635 = VECTOR('',#8636,1.);
#8636 = DIRECTION('',(0.,0.,1.));
#8637 = ORIENTED_EDGE('',*,*,#8616,.T.);
#8638 = ORIENTED_EDGE('',*,*,#1757,.F.);
#8639 = PLANE('',#8640);
#8640 = AXIS2_PLACEMENT_3D('',#8641,#8642,#8643);
#8641 = CARTESIAN_POINT('',(-79.34660827865,-11.70672331074,14.7));
#8642 = DIRECTION('',(0.15212338619,-0.988361510468,0.));
#8643 = DIRECTION('',(0.,0.,1.));
#8644 = ADVANCED_FACE('',(#8645),#8671,.T.);
#8645 = FACE_BOUND('',#8646,.T.);
#8646 = EDGE_LOOP('',(#8647,#8655,#8664,#8670));
#8647 = ORIENTED_EDGE('',*,*,#8648,.F.);
#8648 = EDGE_CURVE('',#8649,#1785,#8651,.T.);
#8649 = VERTEX_POINT('',#8650);
#8650 = CARTESIAN_POINT('',(-79.54463297936,-16.33220683737,14.7));
#8651 = LINE('',#8652,#8653);
#8652 = CARTESIAN_POINT('',(-78.56535746845,-16.13741682718,14.7));
#8653 = VECTOR('',#8654,1.);
#8654 = DIRECTION('',(-0.980785280403,-0.195090322016,0.));
#8655 = ORIENTED_EDGE('',*,*,#8656,.F.);
#8656 = EDGE_CURVE('',#8657,#8649,#8659,.T.);
#8657 = VERTEX_POINT('',#8658);
#8658 = CARTESIAN_POINT('',(-79.73972330137,-15.35142155697,14.7));
#8659 = CIRCLE('',#8660,81.204);
#8660 = AXIS2_PLACEMENT_3D('',#8661,#8662,#8663);
#8661 = CARTESIAN_POINT('',(0.,0.,14.7));
#8662 = DIRECTION('',(0.,0.,1.));
#8663 = DIRECTION('',(1.,0.,-0.));
#8664 = ORIENTED_EDGE('',*,*,#8665,.T.);
#8665 = EDGE_CURVE('',#8657,#1783,#8666,.T.);
#8666 = LINE('',#8667,#8668);
#8667 = CARTESIAN_POINT('',(-78.76044779046,-15.15663154678,14.7));
#8668 = VECTOR('',#8669,1.);
#8669 = DIRECTION('',(-0.980785280403,-0.195090322016,0.));
#8670 = ORIENTED_EDGE('',*,*,#1782,.T.);
#8671 = PLANE('',#8672);
#8672 = AXIS2_PLACEMENT_3D('',#8673,#8674,#8675);
#8673 = CARTESIAN_POINT('',(-78.76044779046,-15.15663154678,14.7));
#8674 = DIRECTION('',(0.,0.,1.));
#8675 = DIRECTION('',(-0.980785280403,-0.195090322016,0.));
#8676 = ADVANCED_FACE('',(#8677),#8695,.F.);
#8677 = FACE_BOUND('',#8678,.F.);
#8678 = EDGE_LOOP('',(#8679,#8680,#8688,#8694));
#8679 = ORIENTED_EDGE('',*,*,#8648,.F.);
#8680 = ORIENTED_EDGE('',*,*,#8681,.T.);
#8681 = EDGE_CURVE('',#8649,#8682,#8684,.T.);
#8682 = VERTEX_POINT('',#8683);
#8683 = CARTESIAN_POINT('',(-79.54463297936,-16.33220683737,18.2));
#8684 = LINE('',#8685,#8686);
#8685 = CARTESIAN_POINT('',(-79.54463297936,-16.33220683737,7.99));
#8686 = VECTOR('',#8687,1.);
#8687 = DIRECTION('',(0.,0.,1.));
#8688 = ORIENTED_EDGE('',*,*,#8689,.T.);
#8689 = EDGE_CURVE('',#8682,#1802,#8690,.T.);
#8690 = LINE('',#8691,#8692);
#8691 = CARTESIAN_POINT('',(-78.56535746845,-16.13741682718,18.2));
#8692 = VECTOR('',#8693,1.);
#8693 = DIRECTION('',(-0.980785280403,-0.195090322016,0.));
#8694 = ORIENTED_EDGE('',*,*,#1810,.F.);
#8695 = PLANE('',#8696);
#8696 = AXIS2_PLACEMENT_3D('',#8697,#8698,#8699);
#8697 = CARTESIAN_POINT('',(-78.56535746845,-16.13741682718,14.7));
#8698 = DIRECTION('',(0.195090322016,-0.980785280403,0.));
#8699 = DIRECTION('',(0.,0.,1.));
#8700 = ADVANCED_FACE('',(#8701),#8720,.F.);
#8701 = FACE_BOUND('',#8702,.F.);
#8702 = EDGE_LOOP('',(#8703,#8704,#8713,#8719));
#8703 = ORIENTED_EDGE('',*,*,#8689,.F.);
#8704 = ORIENTED_EDGE('',*,*,#8705,.F.);
#8705 = EDGE_CURVE('',#8706,#8682,#8708,.T.);
#8706 = VERTEX_POINT('',#8707);
#8707 = CARTESIAN_POINT('',(-79.73972330137,-15.35142155697,18.2));
#8708 = CIRCLE('',#8709,81.204);
#8709 = AXIS2_PLACEMENT_3D('',#8710,#8711,#8712);
#8710 = CARTESIAN_POINT('',(0.,0.,18.2));
#8711 = DIRECTION('',(0.,0.,1.));
#8712 = DIRECTION('',(1.,0.,-0.));
#8713 = ORIENTED_EDGE('',*,*,#8714,.T.);
#8714 = EDGE_CURVE('',#8706,#1794,#8715,.T.);
#8715 = LINE('',#8716,#8717);
#8716 = CARTESIAN_POINT('',(-78.76044779046,-15.15663154678,18.2));
#8717 = VECTOR('',#8718,1.);
#8718 = DIRECTION('',(-0.980785280403,-0.195090322016,0.));
#8719 = ORIENTED_EDGE('',*,*,#1801,.T.);
#8720 = PLANE('',#8721);
#8721 = AXIS2_PLACEMENT_3D('',#8722,#8723,#8724);
#8722 = CARTESIAN_POINT('',(-78.76044779046,-15.15663154678,18.2));
#8723 = DIRECTION('',(0.,0.,1.));
#8724 = DIRECTION('',(-0.980785280403,-0.195090322016,0.));
#8725 = ADVANCED_FACE('',(#8726),#8737,.T.);
#8726 = FACE_BOUND('',#8727,.T.);
#8727 = EDGE_LOOP('',(#8728,#8729,#8735,#8736));
#8728 = ORIENTED_EDGE('',*,*,#8665,.F.);
#8729 = ORIENTED_EDGE('',*,*,#8730,.T.);
#8730 = EDGE_CURVE('',#8657,#8706,#8731,.T.);
#8731 = LINE('',#8732,#8733);
#8732 = CARTESIAN_POINT('',(-79.73972330137,-15.35142155697,7.99));
#8733 = VECTOR('',#8734,1.);
#8734 = DIRECTION('',(0.,0.,1.));
#8735 = ORIENTED_EDGE('',*,*,#8714,.T.);
#8736 = ORIENTED_EDGE('',*,*,#1793,.F.);
#8737 = PLANE('',#8738);
#8738 = AXIS2_PLACEMENT_3D('',#8739,#8740,#8741);
#8739 = CARTESIAN_POINT('',(-78.76044779046,-15.15663154678,14.7));
#8740 = DIRECTION('',(0.195090322016,-0.980785280403,0.));
#8741 = DIRECTION('',(0.,0.,1.));
#8742 = ADVANCED_FACE('',(#8743),#8769,.T.);
#8743 = FACE_BOUND('',#8744,.T.);
#8744 = EDGE_LOOP('',(#8745,#8753,#8762,#8768));
#8745 = ORIENTED_EDGE('',*,*,#8746,.F.);
#8746 = EDGE_CURVE('',#8747,#1821,#8749,.T.);
#8747 = VERTEX_POINT('',#8748);
#8748 = CARTESIAN_POINT('',(-78.75652325784,-19.78635035414,14.7));
#8749 = LINE('',#8750,#8751);
#8750 = CARTESIAN_POINT('',(-77.78667642114,-19.54903034303,14.7));
#8751 = VECTOR('',#8752,1.);
#8752 = DIRECTION('',(-0.971342069813,-0.237685892326,0.));
#8753 = ORIENTED_EDGE('',*,*,#8754,.F.);
#8754 = EDGE_CURVE('',#8755,#8747,#8757,.T.);
#8755 = VERTEX_POINT('',#8756);
#8756 = CARTESIAN_POINT('',(-78.99420915016,-18.81500828433,14.7));
#8757 = CIRCLE('',#8758,81.204);
#8758 = AXIS2_PLACEMENT_3D('',#8759,#8760,#8761);
#8759 = CARTESIAN_POINT('',(0.,0.,14.7));
#8760 = DIRECTION('',(0.,0.,1.));
#8761 = DIRECTION('',(1.,0.,-0.));
#8762 = ORIENTED_EDGE('',*,*,#8763,.T.);
#8763 = EDGE_CURVE('',#8755,#1819,#8764,.T.);
#8764 = LINE('',#8765,#8766);
#8765 = CARTESIAN_POINT('',(-78.02436231346,-18.57768827322,14.7));
#8766 = VECTOR('',#8767,1.);
#8767 = DIRECTION('',(-0.971342069813,-0.237685892326,0.));
#8768 = ORIENTED_EDGE('',*,*,#1818,.T.);
#8769 = PLANE('',#8770);
#8770 = AXIS2_PLACEMENT_3D('',#8771,#8772,#8773);
#8771 = CARTESIAN_POINT('',(-78.02436231346,-18.57768827322,14.7));
#8772 = DIRECTION('',(0.,0.,1.));
#8773 = DIRECTION('',(-0.971342069813,-0.237685892326,0.));
#8774 = ADVANCED_FACE('',(#8775),#8793,.F.);
#8775 = FACE_BOUND('',#8776,.F.);
#8776 = EDGE_LOOP('',(#8777,#8778,#8786,#8792));
#8777 = ORIENTED_EDGE('',*,*,#8746,.F.);
#8778 = ORIENTED_EDGE('',*,*,#8779,.T.);
#8779 = EDGE_CURVE('',#8747,#8780,#8782,.T.);
#8780 = VERTEX_POINT('',#8781);
#8781 = CARTESIAN_POINT('',(-78.75652325784,-19.78635035414,18.2));
#8782 = LINE('',#8783,#8784);
#8783 = CARTESIAN_POINT('',(-78.75652325784,-19.78635035414,7.99));
#8784 = VECTOR('',#8785,1.);
#8785 = DIRECTION('',(0.,0.,1.));
#8786 = ORIENTED_EDGE('',*,*,#8787,.T.);
#8787 = EDGE_CURVE('',#8780,#1838,#8788,.T.);
#8788 = LINE('',#8789,#8790);
#8789 = CARTESIAN_POINT('',(-77.78667642114,-19.54903034303,18.2));
#8790 = VECTOR('',#8791,1.);
#8791 = DIRECTION('',(-0.971342069813,-0.237685892326,0.));
#8792 = ORIENTED_EDGE('',*,*,#1846,.F.);
#8793 = PLANE('',#8794);
#8794 = AXIS2_PLACEMENT_3D('',#8795,#8796,#8797);
#8795 = CARTESIAN_POINT('',(-77.78667642114,-19.54903034303,14.7));
#8796 = DIRECTION('',(0.237685892326,-0.971342069813,0.));
#8797 = DIRECTION('',(0.,0.,1.));
#8798 = ADVANCED_FACE('',(#8799),#8818,.F.);
#8799 = FACE_BOUND('',#8800,.F.);
#8800 = EDGE_LOOP('',(#8801,#8802,#8811,#8817));
#8801 = ORIENTED_EDGE('',*,*,#8787,.F.);
#8802 = ORIENTED_EDGE('',*,*,#8803,.F.);
#8803 = EDGE_CURVE('',#8804,#8780,#8806,.T.);
#8804 = VERTEX_POINT('',#8805);
#8805 = CARTESIAN_POINT('',(-78.99420915016,-18.81500828433,18.2));
#8806 = CIRCLE('',#8807,81.204);
#8807 = AXIS2_PLACEMENT_3D('',#8808,#8809,#8810);
#8808 = CARTESIAN_POINT('',(0.,0.,18.2));
#8809 = DIRECTION('',(0.,0.,1.));
#8810 = DIRECTION('',(1.,0.,-0.));
#8811 = ORIENTED_EDGE('',*,*,#8812,.T.);
#8812 = EDGE_CURVE('',#8804,#1830,#8813,.T.);
#8813 = LINE('',#8814,#8815);
#8814 = CARTESIAN_POINT('',(-78.02436231346,-18.57768827322,18.2));
#8815 = VECTOR('',#8816,1.);
#8816 = DIRECTION('',(-0.971342069813,-0.237685892326,0.));
#8817 = ORIENTED_EDGE('',*,*,#1837,.T.);
#8818 = PLANE('',#8819);
#8819 = AXIS2_PLACEMENT_3D('',#8820,#8821,#8822);
#8820 = CARTESIAN_POINT('',(-78.02436231346,-18.57768827322,18.2));
#8821 = DIRECTION('',(0.,0.,1.));
#8822 = DIRECTION('',(-0.971342069813,-0.237685892326,0.));
#8823 = ADVANCED_FACE('',(#8824),#8835,.T.);
#8824 = FACE_BOUND('',#8825,.T.);
#8825 = EDGE_LOOP('',(#8826,#8827,#8833,#8834));
#8826 = ORIENTED_EDGE('',*,*,#8763,.F.);
#8827 = ORIENTED_EDGE('',*,*,#8828,.T.);
#8828 = EDGE_CURVE('',#8755,#8804,#8829,.T.);
#8829 = LINE('',#8830,#8831);
#8830 = CARTESIAN_POINT('',(-78.99420915016,-18.81500828433,7.99));
#8831 = VECTOR('',#8832,1.);
#8832 = DIRECTION('',(0.,0.,1.));
#8833 = ORIENTED_EDGE('',*,*,#8812,.T.);
#8834 = ORIENTED_EDGE('',*,*,#1829,.F.);
#8835 = PLANE('',#8836);
#8836 = AXIS2_PLACEMENT_3D('',#8837,#8838,#8839);
#8837 = CARTESIAN_POINT('',(-78.02436231346,-18.57768827322,14.7));
#8838 = DIRECTION('',(0.237685892326,-0.971342069813,0.));
#8839 = DIRECTION('',(0.,0.,1.));
#8840 = ADVANCED_FACE('',(#8841),#8867,.T.);
#8841 = FACE_BOUND('',#8842,.T.);
#8842 = EDGE_LOOP('',(#8843,#8851,#8860,#8866));
#8843 = ORIENTED_EDGE('',*,*,#8844,.F.);
#8844 = EDGE_CURVE('',#8845,#1857,#8847,.T.);
#8845 = VERTEX_POINT('',#8846);
#8846 = CARTESIAN_POINT('',(-77.81849601807,-23.20282942843,14.7));
#8847 = LINE('',#8848,#8849);
#8848 = CARTESIAN_POINT('',(-76.85992401415,-22.92343116853,14.7));
#8849 = VECTOR('',#8850,1.);
#8850 = DIRECTION('',(-0.960049854386,-0.279829014031,0.));
#8851 = ORIENTED_EDGE('',*,*,#8852,.F.);
#8852 = EDGE_CURVE('',#8853,#8845,#8855,.T.);
#8853 = VERTEX_POINT('',#8854);
#8854 = CARTESIAN_POINT('',(-78.0983250321,-22.24277957405,14.7));
#8855 = CIRCLE('',#8856,81.204);
#8856 = AXIS2_PLACEMENT_3D('',#8857,#8858,#8859);
#8857 = CARTESIAN_POINT('',(0.,0.,14.7));
#8858 = DIRECTION('',(0.,0.,1.));
#8859 = DIRECTION('',(1.,0.,-0.));
#8860 = ORIENTED_EDGE('',*,*,#8861,.T.);
#8861 = EDGE_CURVE('',#8853,#1855,#8862,.T.);
#8862 = LINE('',#8863,#8864);
#8863 = CARTESIAN_POINT('',(-77.13975302818,-21.96338131414,14.7));
#8864 = VECTOR('',#8865,1.);
#8865 = DIRECTION('',(-0.960049854386,-0.279829014031,0.));
#8866 = ORIENTED_EDGE('',*,*,#1854,.T.);
#8867 = PLANE('',#8868);
#8868 = AXIS2_PLACEMENT_3D('',#8869,#8870,#8871);
#8869 = CARTESIAN_POINT('',(-77.13975302818,-21.96338131414,14.7));
#8870 = DIRECTION('',(0.,0.,1.));
#8871 = DIRECTION('',(-0.960049854386,-0.279829014031,0.));
#8872 = ADVANCED_FACE('',(#8873),#8891,.F.);
#8873 = FACE_BOUND('',#8874,.F.);
#8874 = EDGE_LOOP('',(#8875,#8876,#8884,#8890));
#8875 = ORIENTED_EDGE('',*,*,#8844,.F.);
#8876 = ORIENTED_EDGE('',*,*,#8877,.T.);
#8877 = EDGE_CURVE('',#8845,#8878,#8880,.T.);
#8878 = VERTEX_POINT('',#8879);
#8879 = CARTESIAN_POINT('',(-77.81849601807,-23.20282942843,18.2));
#8880 = LINE('',#8881,#8882);
#8881 = CARTESIAN_POINT('',(-77.81849601807,-23.20282942843,7.99));
#8882 = VECTOR('',#8883,1.);
#8883 = DIRECTION('',(0.,0.,1.));
#8884 = ORIENTED_EDGE('',*,*,#8885,.T.);
#8885 = EDGE_CURVE('',#8878,#1874,#8886,.T.);
#8886 = LINE('',#8887,#8888);
#8887 = CARTESIAN_POINT('',(-76.85992401415,-22.92343116853,18.2));
#8888 = VECTOR('',#8889,1.);
#8889 = DIRECTION('',(-0.960049854386,-0.279829014031,0.));
#8890 = ORIENTED_EDGE('',*,*,#1882,.F.);
#8891 = PLANE('',#8892);
#8892 = AXIS2_PLACEMENT_3D('',#8893,#8894,#8895);
#8893 = CARTESIAN_POINT('',(-76.85992401415,-22.92343116853,14.7));
#8894 = DIRECTION('',(0.279829014031,-0.960049854386,0.));
#8895 = DIRECTION('',(0.,0.,1.));
#8896 = ADVANCED_FACE('',(#8897),#8916,.F.);
#8897 = FACE_BOUND('',#8898,.F.);
#8898 = EDGE_LOOP('',(#8899,#8900,#8909,#8915));
#8899 = ORIENTED_EDGE('',*,*,#8885,.F.);
#8900 = ORIENTED_EDGE('',*,*,#8901,.F.);
#8901 = EDGE_CURVE('',#8902,#8878,#8904,.T.);
#8902 = VERTEX_POINT('',#8903);
#8903 = CARTESIAN_POINT('',(-78.0983250321,-22.24277957405,18.2));
#8904 = CIRCLE('',#8905,81.204);
#8905 = AXIS2_PLACEMENT_3D('',#8906,#8907,#8908);
#8906 = CARTESIAN_POINT('',(0.,0.,18.2));
#8907 = DIRECTION('',(0.,0.,1.));
#8908 = DIRECTION('',(1.,0.,-0.));
#8909 = ORIENTED_EDGE('',*,*,#8910,.T.);
#8910 = EDGE_CURVE('',#8902,#1866,#8911,.T.);
#8911 = LINE('',#8912,#8913);
#8912 = CARTESIAN_POINT('',(-77.13975302818,-21.96338131414,18.2));
#8913 = VECTOR('',#8914,1.);
#8914 = DIRECTION('',(-0.960049854386,-0.279829014031,0.));
#8915 = ORIENTED_EDGE('',*,*,#1873,.T.);
#8916 = PLANE('',#8917);
#8917 = AXIS2_PLACEMENT_3D('',#8918,#8919,#8920);
#8918 = CARTESIAN_POINT('',(-77.13975302818,-21.96338131414,18.2));
#8919 = DIRECTION('',(0.,0.,1.));
#8920 = DIRECTION('',(-0.960049854386,-0.279829014031,0.));
#8921 = ADVANCED_FACE('',(#8922),#8933,.T.);
#8922 = FACE_BOUND('',#8923,.T.);
#8923 = EDGE_LOOP('',(#8924,#8925,#8931,#8932));
#8924 = ORIENTED_EDGE('',*,*,#8861,.F.);
#8925 = ORIENTED_EDGE('',*,*,#8926,.T.);
#8926 = EDGE_CURVE('',#8853,#8902,#8927,.T.);
#8927 = LINE('',#8928,#8929);
#8928 = CARTESIAN_POINT('',(-78.0983250321,-22.24277957405,7.99));
#8929 = VECTOR('',#8930,1.);
#8930 = DIRECTION('',(0.,0.,1.));
#8931 = ORIENTED_EDGE('',*,*,#8910,.T.);
#8932 = ORIENTED_EDGE('',*,*,#1865,.F.);
#8933 = PLANE('',#8934);
#8934 = AXIS2_PLACEMENT_3D('',#8935,#8936,#8937);
#8935 = CARTESIAN_POINT('',(-77.13975302818,-21.96338131414,14.7));
#8936 = DIRECTION('',(0.279829014031,-0.960049854386,0.));
#8937 = DIRECTION('',(0.,0.,1.));
#8938 = ADVANCED_FACE('',(#8939),#8965,.T.);
#8939 = FACE_BOUND('',#8940,.T.);
#8940 = EDGE_LOOP('',(#8941,#8949,#8958,#8964));
#8941 = ORIENTED_EDGE('',*,*,#8942,.F.);
#8942 = EDGE_CURVE('',#8943,#1893,#8945,.T.);
#8943 = VERTEX_POINT('',#8944);
#8944 = CARTESIAN_POINT('',(-76.73233684822,-26.57514059814,14.7));
#8945 = LINE('',#8946,#8947);
#8946 = CARTESIAN_POINT('',(-75.78686437337,-26.25419593992,14.7));
#8947 = VECTOR('',#8948,1.);
#8948 = DIRECTION('',(-0.946930129495,-0.321439465303,0.));
#8949 = ORIENTED_EDGE('',*,*,#8950,.F.);
#8950 = EDGE_CURVE('',#8951,#8943,#8953,.T.);
#8951 = VERTEX_POINT('',#8952);
#8952 = CARTESIAN_POINT('',(-77.05377631352,-25.62821046865,14.7));
#8953 = CIRCLE('',#8954,81.204);
#8954 = AXIS2_PLACEMENT_3D('',#8955,#8956,#8957);
#8955 = CARTESIAN_POINT('',(0.,0.,14.7));
#8956 = DIRECTION('',(0.,0.,1.));
#8957 = DIRECTION('',(1.,0.,-0.));
#8958 = ORIENTED_EDGE('',*,*,#8959,.T.);
#8959 = EDGE_CURVE('',#8951,#1891,#8960,.T.);
#8960 = LINE('',#8961,#8962);
#8961 = CARTESIAN_POINT('',(-76.10830383867,-25.30726581042,14.7));
#8962 = VECTOR('',#8963,1.);
#8963 = DIRECTION('',(-0.946930129495,-0.321439465303,0.));
#8964 = ORIENTED_EDGE('',*,*,#1890,.T.);
#8965 = PLANE('',#8966);
#8966 = AXIS2_PLACEMENT_3D('',#8967,#8968,#8969);
#8967 = CARTESIAN_POINT('',(-76.10830383867,-25.30726581042,14.7));
#8968 = DIRECTION('',(0.,0.,1.));
#8969 = DIRECTION('',(-0.946930129495,-0.321439465303,0.));
#8970 = ADVANCED_FACE('',(#8971),#8989,.F.);
#8971 = FACE_BOUND('',#8972,.F.);
#8972 = EDGE_LOOP('',(#8973,#8974,#8982,#8988));
#8973 = ORIENTED_EDGE('',*,*,#8942,.F.);
#8974 = ORIENTED_EDGE('',*,*,#8975,.T.);
#8975 = EDGE_CURVE('',#8943,#8976,#8978,.T.);
#8976 = VERTEX_POINT('',#8977);
#8977 = CARTESIAN_POINT('',(-76.73233684822,-26.57514059814,18.2));
#8978 = LINE('',#8979,#8980);
#8979 = CARTESIAN_POINT('',(-76.73233684822,-26.57514059814,7.99));
#8980 = VECTOR('',#8981,1.);
#8981 = DIRECTION('',(0.,0.,1.));
#8982 = ORIENTED_EDGE('',*,*,#8983,.T.);
#8983 = EDGE_CURVE('',#8976,#1910,#8984,.T.);
#8984 = LINE('',#8985,#8986);
#8985 = CARTESIAN_POINT('',(-75.78686437337,-26.25419593992,18.2));
#8986 = VECTOR('',#8987,1.);
#8987 = DIRECTION('',(-0.946930129495,-0.321439465303,0.));
#8988 = ORIENTED_EDGE('',*,*,#1918,.F.);
#8989 = PLANE('',#8990);
#8990 = AXIS2_PLACEMENT_3D('',#8991,#8992,#8993);
#8991 = CARTESIAN_POINT('',(-75.78686437337,-26.25419593992,14.7));
#8992 = DIRECTION('',(0.321439465303,-0.946930129495,0.));
#8993 = DIRECTION('',(0.,0.,1.));
#8994 = ADVANCED_FACE('',(#8995),#9014,.F.);
#8995 = FACE_BOUND('',#8996,.F.);
#8996 = EDGE_LOOP('',(#8997,#8998,#9007,#9013));
#8997 = ORIENTED_EDGE('',*,*,#8983,.F.);
#8998 = ORIENTED_EDGE('',*,*,#8999,.F.);
#8999 = EDGE_CURVE('',#9000,#8976,#9002,.T.);
#9000 = VERTEX_POINT('',#9001);
#9001 = CARTESIAN_POINT('',(-77.05377631352,-25.62821046865,18.2));
#9002 = CIRCLE('',#9003,81.204);
#9003 = AXIS2_PLACEMENT_3D('',#9004,#9005,#9006);
#9004 = CARTESIAN_POINT('',(0.,0.,18.2));
#9005 = DIRECTION('',(0.,0.,1.));
#9006 = DIRECTION('',(1.,0.,-0.));
#9007 = ORIENTED_EDGE('',*,*,#9008,.T.);
#9008 = EDGE_CURVE('',#9000,#1902,#9009,.T.);
#9009 = LINE('',#9010,#9011);
#9010 = CARTESIAN_POINT('',(-76.10830383867,-25.30726581042,18.2));
#9011 = VECTOR('',#9012,1.);
#9012 = DIRECTION('',(-0.946930129495,-0.321439465303,0.));
#9013 = ORIENTED_EDGE('',*,*,#1909,.T.);
#9014 = PLANE('',#9015);
#9015 = AXIS2_PLACEMENT_3D('',#9016,#9017,#9018);
#9016 = CARTESIAN_POINT('',(-76.10830383867,-25.30726581042,18.2));
#9017 = DIRECTION('',(0.,0.,1.));
#9018 = DIRECTION('',(-0.946930129495,-0.321439465303,0.));
#9019 = ADVANCED_FACE('',(#9020),#9031,.T.);
#9020 = FACE_BOUND('',#9021,.T.);
#9021 = EDGE_LOOP('',(#9022,#9023,#9029,#9030));
#9022 = ORIENTED_EDGE('',*,*,#8959,.F.);
#9023 = ORIENTED_EDGE('',*,*,#9024,.T.);
#9024 = EDGE_CURVE('',#8951,#9000,#9025,.T.);
#9025 = LINE('',#9026,#9027);
#9026 = CARTESIAN_POINT('',(-77.05377631352,-25.62821046865,7.99));
#9027 = VECTOR('',#9028,1.);
#9028 = DIRECTION('',(0.,0.,1.));
#9029 = ORIENTED_EDGE('',*,*,#9008,.T.);
#9030 = ORIENTED_EDGE('',*,*,#1901,.F.);
#9031 = PLANE('',#9032);
#9032 = AXIS2_PLACEMENT_3D('',#9033,#9034,#9035);
#9033 = CARTESIAN_POINT('',(-76.10830383867,-25.30726581042,14.7));
#9034 = DIRECTION('',(0.321439465303,-0.946930129495,0.));
#9035 = DIRECTION('',(0.,0.,1.));
#9036 = ADVANCED_FACE('',(#9037),#9063,.T.);
#9037 = FACE_BOUND('',#9038,.T.);
#9038 = EDGE_LOOP('',(#9039,#9047,#9056,#9062));
#9039 = ORIENTED_EDGE('',*,*,#9040,.F.);
#9040 = EDGE_CURVE('',#9041,#1929,#9043,.T.);
#9041 = VERTEX_POINT('',#9042);
#9042 = CARTESIAN_POINT('',(-75.50011331399,-29.89686447729,14.7));
#9043 = LINE('',#9044,#9045);
#9044 = CARTESIAN_POINT('',(-74.56954012881,-29.53498435714,14.7));
#9045 = VECTOR('',#9046,1.);
#9046 = DIRECTION('',(-0.932007869283,-0.362438038284,0.));
#9047 = ORIENTED_EDGE('',*,*,#9048,.F.);
#9048 = EDGE_CURVE('',#9049,#9041,#9051,.T.);
#9049 = VERTEX_POINT('',#9050);
#9050 = CARTESIAN_POINT('',(-75.86255135227,-28.96485660801,14.7));
#9051 = CIRCLE('',#9052,81.204);
#9052 = AXIS2_PLACEMENT_3D('',#9053,#9054,#9055);
#9053 = CARTESIAN_POINT('',(0.,0.,14.7));
#9054 = DIRECTION('',(0.,0.,1.));
#9055 = DIRECTION('',(1.,0.,-0.));
#9056 = ORIENTED_EDGE('',*,*,#9057,.T.);
#9057 = EDGE_CURVE('',#9049,#1927,#9058,.T.);
#9058 = LINE('',#9059,#9060);
#9059 = CARTESIAN_POINT('',(-74.93197816709,-28.60297648786,14.7));
#9060 = VECTOR('',#9061,1.);
#9061 = DIRECTION('',(-0.932007869283,-0.362438038284,0.));
#9062 = ORIENTED_EDGE('',*,*,#1926,.T.);
#9063 = PLANE('',#9064);
#9064 = AXIS2_PLACEMENT_3D('',#9065,#9066,#9067);
#9065 = CARTESIAN_POINT('',(-74.93197816709,-28.60297648786,14.7));
#9066 = DIRECTION('',(0.,0.,1.));
#9067 = DIRECTION('',(-0.932007869283,-0.362438038284,0.));
#9068 = ADVANCED_FACE('',(#9069),#9087,.F.);
#9069 = FACE_BOUND('',#9070,.F.);
#9070 = EDGE_LOOP('',(#9071,#9072,#9080,#9086));
#9071 = ORIENTED_EDGE('',*,*,#9040,.F.);
#9072 = ORIENTED_EDGE('',*,*,#9073,.T.);
#9073 = EDGE_CURVE('',#9041,#9074,#9076,.T.);
#9074 = VERTEX_POINT('',#9075);
#9075 = CARTESIAN_POINT('',(-75.50011331399,-29.89686447729,18.2));
#9076 = LINE('',#9077,#9078);
#9077 = CARTESIAN_POINT('',(-75.50011331399,-29.89686447729,7.99));
#9078 = VECTOR('',#9079,1.);
#9079 = DIRECTION('',(0.,0.,1.));
#9080 = ORIENTED_EDGE('',*,*,#9081,.T.);
#9081 = EDGE_CURVE('',#9074,#1946,#9082,.T.);
#9082 = LINE('',#9083,#9084);
#9083 = CARTESIAN_POINT('',(-74.56954012881,-29.53498435714,18.2));
#9084 = VECTOR('',#9085,1.);
#9085 = DIRECTION('',(-0.932007869283,-0.362438038284,0.));
#9086 = ORIENTED_EDGE('',*,*,#1954,.F.);
#9087 = PLANE('',#9088);
#9088 = AXIS2_PLACEMENT_3D('',#9089,#9090,#9091);
#9089 = CARTESIAN_POINT('',(-74.56954012881,-29.53498435714,14.7));
#9090 = DIRECTION('',(0.362438038284,-0.932007869283,0.));
#9091 = DIRECTION('',(0.,0.,1.));
#9092 = ADVANCED_FACE('',(#9093),#9112,.F.);
#9093 = FACE_BOUND('',#9094,.F.);
#9094 = EDGE_LOOP('',(#9095,#9096,#9105,#9111));
#9095 = ORIENTED_EDGE('',*,*,#9081,.F.);
#9096 = ORIENTED_EDGE('',*,*,#9097,.F.);
#9097 = EDGE_CURVE('',#9098,#9074,#9100,.T.);
#9098 = VERTEX_POINT('',#9099);
#9099 = CARTESIAN_POINT('',(-75.86255135227,-28.96485660801,18.2));
#9100 = CIRCLE('',#9101,81.204);
#9101 = AXIS2_PLACEMENT_3D('',#9102,#9103,#9104);
#9102 = CARTESIAN_POINT('',(0.,0.,18.2));
#9103 = DIRECTION('',(0.,0.,1.));
#9104 = DIRECTION('',(1.,0.,-0.));
#9105 = ORIENTED_EDGE('',*,*,#9106,.T.);
#9106 = EDGE_CURVE('',#9098,#1938,#9107,.T.);
#9107 = LINE('',#9108,#9109);
#9108 = CARTESIAN_POINT('',(-74.93197816709,-28.60297648786,18.2));
#9109 = VECTOR('',#9110,1.);
#9110 = DIRECTION('',(-0.932007869283,-0.362438038284,0.));
#9111 = ORIENTED_EDGE('',*,*,#1945,.T.);
#9112 = PLANE('',#9113);
#9113 = AXIS2_PLACEMENT_3D('',#9114,#9115,#9116);
#9114 = CARTESIAN_POINT('',(-74.93197816709,-28.60297648786,18.2));
#9115 = DIRECTION('',(0.,0.,1.));
#9116 = DIRECTION('',(-0.932007869283,-0.362438038284,0.));
#9117 = ADVANCED_FACE('',(#9118),#9129,.T.);
#9118 = FACE_BOUND('',#9119,.T.);
#9119 = EDGE_LOOP('',(#9120,#9121,#9127,#9128));
#9120 = ORIENTED_EDGE('',*,*,#9057,.F.);
#9121 = ORIENTED_EDGE('',*,*,#9122,.T.);
#9122 = EDGE_CURVE('',#9049,#9098,#9123,.T.);
#9123 = LINE('',#9124,#9125);
#9124 = CARTESIAN_POINT('',(-75.86255135227,-28.96485660801,7.99));
#9125 = VECTOR('',#9126,1.);
#9126 = DIRECTION('',(0.,0.,1.));
#9127 = ORIENTED_EDGE('',*,*,#9106,.T.);
#9128 = ORIENTED_EDGE('',*,*,#1937,.F.);
#9129 = PLANE('',#9130);
#9130 = AXIS2_PLACEMENT_3D('',#9131,#9132,#9133);
#9131 = CARTESIAN_POINT('',(-74.93197816709,-28.60297648786,14.7));
#9132 = DIRECTION('',(0.362438038284,-0.932007869283,0.));
#9133 = DIRECTION('',(0.,0.,1.));
#9134 = ADVANCED_FACE('',(#9135),#9161,.T.);
#9135 = FACE_BOUND('',#9136,.T.);
#9136 = EDGE_LOOP('',(#9137,#9145,#9154,#9160));
#9137 = ORIENTED_EDGE('',*,*,#9138,.F.);
#9138 = EDGE_CURVE('',#9139,#1965,#9141,.T.);
#9139 = VERTEX_POINT('',#9140);
#9140 = CARTESIAN_POINT('',(-74.12417102293,-33.16167797568,14.7));
#9141 = LINE('',#9142,#9143);
#9142 = CARTESIAN_POINT('',(-73.21026852636,-32.75955125299,14.7));
#9143 = VECTOR('',#9144,1.);
#9144 = DIRECTION('',(-0.915311479119,-0.402746689859,0.));
#9145 = ORIENTED_EDGE('',*,*,#9146,.F.);
#9146 = EDGE_CURVE('',#9147,#9139,#9149,.T.);
#9147 = VERTEX_POINT('',#9148);
#9148 = CARTESIAN_POINT('',(-74.52691771279,-32.24636649656,14.7));
#9149 = CIRCLE('',#9150,81.204);
#9150 = AXIS2_PLACEMENT_3D('',#9151,#9152,#9153);
#9151 = CARTESIAN_POINT('',(0.,0.,14.7));
#9152 = DIRECTION('',(0.,0.,1.));
#9153 = DIRECTION('',(1.,0.,-0.));
#9154 = ORIENTED_EDGE('',*,*,#9155,.T.);
#9155 = EDGE_CURVE('',#9147,#1963,#9156,.T.);
#9156 = LINE('',#9157,#9158);
#9157 = CARTESIAN_POINT('',(-73.61301521622,-31.84423977387,14.7));
#9158 = VECTOR('',#9159,1.);
#9159 = DIRECTION('',(-0.915311479119,-0.402746689859,0.));
#9160 = ORIENTED_EDGE('',*,*,#1962,.T.);
#9161 = PLANE('',#9162);
#9162 = AXIS2_PLACEMENT_3D('',#9163,#9164,#9165);
#9163 = CARTESIAN_POINT('',(-73.61301521622,-31.84423977387,14.7));
#9164 = DIRECTION('',(0.,0.,1.));
#9165 = DIRECTION('',(-0.915311479119,-0.402746689859,0.));
#9166 = ADVANCED_FACE('',(#9167),#9185,.F.);
#9167 = FACE_BOUND('',#9168,.F.);
#9168 = EDGE_LOOP('',(#9169,#9170,#9178,#9184));
#9169 = ORIENTED_EDGE('',*,*,#9138,.F.);
#9170 = ORIENTED_EDGE('',*,*,#9171,.T.);
#9171 = EDGE_CURVE('',#9139,#9172,#9174,.T.);
#9172 = VERTEX_POINT('',#9173);
#9173 = CARTESIAN_POINT('',(-74.12417102293,-33.16167797568,18.2));
#9174 = LINE('',#9175,#9176);
#9175 = CARTESIAN_POINT('',(-74.12417102293,-33.16167797568,7.99));
#9176 = VECTOR('',#9177,1.);
#9177 = DIRECTION('',(0.,0.,1.));
#9178 = ORIENTED_EDGE('',*,*,#9179,.T.);
#9179 = EDGE_CURVE('',#9172,#1982,#9180,.T.);
#9180 = LINE('',#9181,#9182);
#9181 = CARTESIAN_POINT('',(-73.21026852636,-32.75955125299,18.2));
#9182 = VECTOR('',#9183,1.);
#9183 = DIRECTION('',(-0.915311479119,-0.402746689859,0.));
#9184 = ORIENTED_EDGE('',*,*,#1990,.F.);
#9185 = PLANE('',#9186);
#9186 = AXIS2_PLACEMENT_3D('',#9187,#9188,#9189);
#9187 = CARTESIAN_POINT('',(-73.21026852636,-32.75955125299,14.7));
#9188 = DIRECTION('',(0.402746689859,-0.915311479119,0.));
#9189 = DIRECTION('',(0.,0.,1.));
#9190 = ADVANCED_FACE('',(#9191),#9210,.F.);
#9191 = FACE_BOUND('',#9192,.F.);
#9192 = EDGE_LOOP('',(#9193,#9194,#9203,#9209));
#9193 = ORIENTED_EDGE('',*,*,#9179,.F.);
#9194 = ORIENTED_EDGE('',*,*,#9195,.F.);
#9195 = EDGE_CURVE('',#9196,#9172,#9198,.T.);
#9196 = VERTEX_POINT('',#9197);
#9197 = CARTESIAN_POINT('',(-74.52691771279,-32.24636649656,18.2));
#9198 = CIRCLE('',#9199,81.204);
#9199 = AXIS2_PLACEMENT_3D('',#9200,#9201,#9202);
#9200 = CARTESIAN_POINT('',(0.,0.,18.2));
#9201 = DIRECTION('',(0.,0.,1.));
#9202 = DIRECTION('',(1.,0.,-0.));
#9203 = ORIENTED_EDGE('',*,*,#9204,.T.);
#9204 = EDGE_CURVE('',#9196,#1974,#9205,.T.);
#9205 = LINE('',#9206,#9207);
#9206 = CARTESIAN_POINT('',(-73.61301521622,-31.84423977387,18.2));
#9207 = VECTOR('',#9208,1.);
#9208 = DIRECTION('',(-0.915311479119,-0.402746689859,0.));
#9209 = ORIENTED_EDGE('',*,*,#1981,.T.);
#9210 = PLANE('',#9211);
#9211 = AXIS2_PLACEMENT_3D('',#9212,#9213,#9214);
#9212 = CARTESIAN_POINT('',(-73.61301521622,-31.84423977387,18.2));
#9213 = DIRECTION('',(0.,0.,1.));
#9214 = DIRECTION('',(-0.915311479119,-0.402746689859,0.));
#9215 = ADVANCED_FACE('',(#9216),#9227,.T.);
#9216 = FACE_BOUND('',#9217,.T.);
#9217 = EDGE_LOOP('',(#9218,#9219,#9225,#9226));
#9218 = ORIENTED_EDGE('',*,*,#9155,.F.);
#9219 = ORIENTED_EDGE('',*,*,#9220,.T.);
#9220 = EDGE_CURVE('',#9147,#9196,#9221,.T.);
#9221 = LINE('',#9222,#9223);
#9222 = CARTESIAN_POINT('',(-74.52691771279,-32.24636649656,7.99));
#9223 = VECTOR('',#9224,1.);
#9224 = DIRECTION('',(0.,0.,1.));
#9225 = ORIENTED_EDGE('',*,*,#9204,.T.);
#9226 = ORIENTED_EDGE('',*,*,#1973,.F.);
#9227 = PLANE('',#9228);
#9228 = AXIS2_PLACEMENT_3D('',#9229,#9230,#9231);
#9229 = CARTESIAN_POINT('',(-73.61301521622,-31.84423977387,14.7));
#9230 = DIRECTION('',(0.402746689859,-0.915311479119,0.));
#9231 = DIRECTION('',(0.,0.,1.));
#9232 = ADVANCED_FACE('',(#9233),#9259,.T.);
#9233 = FACE_BOUND('',#9234,.T.);
#9234 = EDGE_LOOP('',(#9235,#9243,#9252,#9258));
#9235 = ORIENTED_EDGE('',*,*,#9236,.F.);
#9236 = EDGE_CURVE('',#9237,#2001,#9239,.T.);
#9237 = VERTEX_POINT('',#9238);
#9238 = CARTESIAN_POINT('',(-72.60712915938,-36.36336633526,14.7));
#9239 = LINE('',#9240,#9241);
#9240 = CARTESIAN_POINT('',(-71.71163701677,-35.92175848109,14.7));
#9241 = VECTOR('',#9242,1.);
#9242 = DIRECTION('',(-0.896872741533,-0.442288690219,0.));
#9243 = ORIENTED_EDGE('',*,*,#9244,.F.);
#9244 = EDGE_CURVE('',#9245,#9237,#9247,.T.);
#9245 = VERTEX_POINT('',#9246);
#9246 = CARTESIAN_POINT('',(-73.0494178496,-35.46649359373,14.7));
#9247 = CIRCLE('',#9248,81.204);
#9248 = AXIS2_PLACEMENT_3D('',#9249,#9250,#9251);
#9249 = CARTESIAN_POINT('',(0.,0.,14.7));
#9250 = DIRECTION('',(0.,0.,1.));
#9251 = DIRECTION('',(1.,0.,-0.));
#9252 = ORIENTED_EDGE('',*,*,#9253,.T.);
#9253 = EDGE_CURVE('',#9245,#1999,#9254,.T.);
#9254 = LINE('',#9255,#9256);
#9255 = CARTESIAN_POINT('',(-72.15392570699,-35.02488573955,14.7));
#9256 = VECTOR('',#9257,1.);
#9257 = DIRECTION('',(-0.896872741533,-0.442288690219,0.));
#9258 = ORIENTED_EDGE('',*,*,#1998,.T.);
#9259 = PLANE('',#9260);
#9260 = AXIS2_PLACEMENT_3D('',#9261,#9262,#9263);
#9261 = CARTESIAN_POINT('',(-72.15392570699,-35.02488573955,14.7));
#9262 = DIRECTION('',(0.,0.,1.));
#9263 = DIRECTION('',(-0.896872741533,-0.442288690219,0.));
#9264 = ADVANCED_FACE('',(#9265),#9283,.F.);
#9265 = FACE_BOUND('',#9266,.F.);
#9266 = EDGE_LOOP('',(#9267,#9268,#9276,#9282));
#9267 = ORIENTED_EDGE('',*,*,#9236,.F.);
#9268 = ORIENTED_EDGE('',*,*,#9269,.T.);
#9269 = EDGE_CURVE('',#9237,#9270,#9272,.T.);
#9270 = VERTEX_POINT('',#9271);
#9271 = CARTESIAN_POINT('',(-72.60712915938,-36.36336633526,18.2));
#9272 = LINE('',#9273,#9274);
#9273 = CARTESIAN_POINT('',(-72.60712915938,-36.36336633526,7.99));
#9274 = VECTOR('',#9275,1.);
#9275 = DIRECTION('',(0.,0.,1.));
#9276 = ORIENTED_EDGE('',*,*,#9277,.T.);
#9277 = EDGE_CURVE('',#9270,#2018,#9278,.T.);
#9278 = LINE('',#9279,#9280);
#9279 = CARTESIAN_POINT('',(-71.71163701677,-35.92175848109,18.2));
#9280 = VECTOR('',#9281,1.);
#9281 = DIRECTION('',(-0.896872741533,-0.442288690219,0.));
#9282 = ORIENTED_EDGE('',*,*,#2026,.F.);
#9283 = PLANE('',#9284);
#9284 = AXIS2_PLACEMENT_3D('',#9285,#9286,#9287);
#9285 = CARTESIAN_POINT('',(-71.71163701677,-35.92175848109,14.7));
#9286 = DIRECTION('',(0.442288690219,-0.896872741533,0.));
#9287 = DIRECTION('',(0.,0.,1.));
#9288 = ADVANCED_FACE('',(#9289),#9308,.F.);
#9289 = FACE_BOUND('',#9290,.F.);
#9290 = EDGE_LOOP('',(#9291,#9292,#9301,#9307));
#9291 = ORIENTED_EDGE('',*,*,#9277,.F.);
#9292 = ORIENTED_EDGE('',*,*,#9293,.F.);
#9293 = EDGE_CURVE('',#9294,#9270,#9296,.T.);
#9294 = VERTEX_POINT('',#9295);
#9295 = CARTESIAN_POINT('',(-73.0494178496,-35.46649359373,18.2));
#9296 = CIRCLE('',#9297,81.204);
#9297 = AXIS2_PLACEMENT_3D('',#9298,#9299,#9300);
#9298 = CARTESIAN_POINT('',(0.,0.,18.2));
#9299 = DIRECTION('',(0.,0.,1.));
#9300 = DIRECTION('',(1.,0.,-0.));
#9301 = ORIENTED_EDGE('',*,*,#9302,.T.);
#9302 = EDGE_CURVE('',#9294,#2010,#9303,.T.);
#9303 = LINE('',#9304,#9305);
#9304 = CARTESIAN_POINT('',(-72.15392570699,-35.02488573955,18.2));
#9305 = VECTOR('',#9306,1.);
#9306 = DIRECTION('',(-0.896872741533,-0.442288690219,0.));
#9307 = ORIENTED_EDGE('',*,*,#2017,.T.);
#9308 = PLANE('',#9309);
#9309 = AXIS2_PLACEMENT_3D('',#9310,#9311,#9312);
#9310 = CARTESIAN_POINT('',(-72.15392570699,-35.02488573955,18.2));
#9311 = DIRECTION('',(0.,0.,1.));
#9312 = DIRECTION('',(-0.896872741533,-0.442288690219,0.));
#9313 = ADVANCED_FACE('',(#9314),#9325,.T.);
#9314 = FACE_BOUND('',#9315,.T.);
#9315 = EDGE_LOOP('',(#9316,#9317,#9323,#9324));
#9316 = ORIENTED_EDGE('',*,*,#9253,.F.);
#9317 = ORIENTED_EDGE('',*,*,#9318,.T.);
#9318 = EDGE_CURVE('',#9245,#9294,#9319,.T.);
#9319 = LINE('',#9320,#9321);
#9320 = CARTESIAN_POINT('',(-73.0494178496,-35.46649359373,7.99));
#9321 = VECTOR('',#9322,1.);
#9322 = DIRECTION('',(0.,0.,1.));
#9323 = ORIENTED_EDGE('',*,*,#9302,.T.);
#9324 = ORIENTED_EDGE('',*,*,#2009,.F.);
#9325 = PLANE('',#9326);
#9326 = AXIS2_PLACEMENT_3D('',#9327,#9328,#9329);
#9327 = CARTESIAN_POINT('',(-72.15392570699,-35.02488573955,14.7));
#9328 = DIRECTION('',(0.442288690219,-0.896872741533,0.));
#9329 = DIRECTION('',(0.,0.,1.));
#9330 = ADVANCED_FACE('',(#9331),#9357,.T.);
#9331 = FACE_BOUND('',#9332,.T.);
#9332 = EDGE_LOOP('',(#9333,#9341,#9350,#9356));
#9333 = ORIENTED_EDGE('',*,*,#9334,.F.);
#9334 = EDGE_CURVE('',#9335,#2037,#9337,.T.);
#9335 = VERTEX_POINT('',#9336);
#9336 = CARTESIAN_POINT('',(-70.95187549876,-39.49583496026,14.7));
#9337 = LINE('',#9338,#9339);
#9338 = CARTESIAN_POINT('',(-70.0764983303,-39.01558660026,14.7));
#9339 = VECTOR('',#9340,1.);
#9340 = DIRECTION('',(-0.876726755708,-0.480988768919,0.));
#9341 = ORIENTED_EDGE('',*,*,#9342,.F.);
#9342 = EDGE_CURVE('',#9343,#9335,#9345,.T.);
#9343 = VERTEX_POINT('',#9344);
#9344 = CARTESIAN_POINT('',(-71.43286426768,-38.61910820455,14.7));
#9345 = CIRCLE('',#9346,81.204);
#9346 = AXIS2_PLACEMENT_3D('',#9347,#9348,#9349);
#9347 = CARTESIAN_POINT('',(0.,0.,14.7));
#9348 = DIRECTION('',(0.,0.,1.));
#9349 = DIRECTION('',(1.,0.,-0.));
#9350 = ORIENTED_EDGE('',*,*,#9351,.T.);
#9351 = EDGE_CURVE('',#9343,#2035,#9352,.T.);
#9352 = LINE('',#9353,#9354);
#9353 = CARTESIAN_POINT('',(-70.55748709922,-38.13885984455,14.7));
#9354 = VECTOR('',#9355,1.);
#9355 = DIRECTION('',(-0.876726755708,-0.480988768919,0.));
#9356 = ORIENTED_EDGE('',*,*,#2034,.T.);
#9357 = PLANE('',#9358);
#9358 = AXIS2_PLACEMENT_3D('',#9359,#9360,#9361);
#9359 = CARTESIAN_POINT('',(-70.55748709922,-38.13885984455,14.7));
#9360 = DIRECTION('',(0.,0.,1.));
#9361 = DIRECTION('',(-0.876726755708,-0.480988768919,0.));
#9362 = ADVANCED_FACE('',(#9363),#9381,.F.);
#9363 = FACE_BOUND('',#9364,.F.);
#9364 = EDGE_LOOP('',(#9365,#9366,#9374,#9380));
#9365 = ORIENTED_EDGE('',*,*,#9334,.F.);
#9366 = ORIENTED_EDGE('',*,*,#9367,.T.);
#9367 = EDGE_CURVE('',#9335,#9368,#9370,.T.);
#9368 = VERTEX_POINT('',#9369);
#9369 = CARTESIAN_POINT('',(-70.95187549876,-39.49583496026,18.2));
#9370 = LINE('',#9371,#9372);
#9371 = CARTESIAN_POINT('',(-70.95187549876,-39.49583496026,7.99));
#9372 = VECTOR('',#9373,1.);
#9373 = DIRECTION('',(0.,0.,1.));
#9374 = ORIENTED_EDGE('',*,*,#9375,.T.);
#9375 = EDGE_CURVE('',#9368,#2054,#9376,.T.);
#9376 = LINE('',#9377,#9378);
#9377 = CARTESIAN_POINT('',(-70.0764983303,-39.01558660026,18.2));
#9378 = VECTOR('',#9379,1.);
#9379 = DIRECTION('',(-0.876726755708,-0.480988768919,0.));
#9380 = ORIENTED_EDGE('',*,*,#2062,.F.);
#9381 = PLANE('',#9382);
#9382 = AXIS2_PLACEMENT_3D('',#9383,#9384,#9385);
#9383 = CARTESIAN_POINT('',(-70.0764983303,-39.01558660026,14.7));
#9384 = DIRECTION('',(0.480988768919,-0.876726755708,0.));
#9385 = DIRECTION('',(0.,0.,1.));
#9386 = ADVANCED_FACE('',(#9387),#9406,.F.);
#9387 = FACE_BOUND('',#9388,.F.);
#9388 = EDGE_LOOP('',(#9389,#9390,#9399,#9405));
#9389 = ORIENTED_EDGE('',*,*,#9375,.F.);
#9390 = ORIENTED_EDGE('',*,*,#9391,.F.);
#9391 = EDGE_CURVE('',#9392,#9368,#9394,.T.);
#9392 = VERTEX_POINT('',#9393);
#9393 = CARTESIAN_POINT('',(-71.43286426768,-38.61910820455,18.2));
#9394 = CIRCLE('',#9395,81.204);
#9395 = AXIS2_PLACEMENT_3D('',#9396,#9397,#9398);
#9396 = CARTESIAN_POINT('',(0.,0.,18.2));
#9397 = DIRECTION('',(0.,0.,1.));
#9398 = DIRECTION('',(1.,0.,-0.));
#9399 = ORIENTED_EDGE('',*,*,#9400,.T.);
#9400 = EDGE_CURVE('',#9392,#2046,#9401,.T.);
#9401 = LINE('',#9402,#9403);
#9402 = CARTESIAN_POINT('',(-70.55748709922,-38.13885984455,18.2));
#9403 = VECTOR('',#9404,1.);
#9404 = DIRECTION('',(-0.876726755708,-0.480988768919,0.));
#9405 = ORIENTED_EDGE('',*,*,#2053,.T.);
#9406 = PLANE('',#9407);
#9407 = AXIS2_PLACEMENT_3D('',#9408,#9409,#9410);
#9408 = CARTESIAN_POINT('',(-70.55748709922,-38.13885984455,18.2));
#9409 = DIRECTION('',(0.,0.,1.));
#9410 = DIRECTION('',(-0.876726755708,-0.480988768919,0.));
#9411 = ADVANCED_FACE('',(#9412),#9423,.T.);
#9412 = FACE_BOUND('',#9413,.T.);
#9413 = EDGE_LOOP('',(#9414,#9415,#9421,#9422));
#9414 = ORIENTED_EDGE('',*,*,#9351,.F.);
#9415 = ORIENTED_EDGE('',*,*,#9416,.T.);
#9416 = EDGE_CURVE('',#9343,#9392,#9417,.T.);
#9417 = LINE('',#9418,#9419);
#9418 = CARTESIAN_POINT('',(-71.43286426768,-38.61910820455,7.99));
#9419 = VECTOR('',#9420,1.);
#9420 = DIRECTION('',(0.,0.,1.));
#9421 = ORIENTED_EDGE('',*,*,#9400,.T.);
#9422 = ORIENTED_EDGE('',*,*,#2045,.F.);
#9423 = PLANE('',#9424);
#9424 = AXIS2_PLACEMENT_3D('',#9425,#9426,#9427);
#9425 = CARTESIAN_POINT('',(-70.55748709922,-38.13885984455,14.7));
#9426 = DIRECTION('',(0.480988768919,-0.876726755708,0.));
#9427 = DIRECTION('',(0.,0.,1.));
#9428 = ADVANCED_FACE('',(#9429),#9455,.T.);
#9429 = FACE_BOUND('',#9430,.T.);
#9430 = EDGE_LOOP('',(#9431,#9439,#9448,#9454));
#9431 = ORIENTED_EDGE('',*,*,#9432,.F.);
#9432 = EDGE_CURVE('',#9433,#2073,#9435,.T.);
#9433 = VERTEX_POINT('',#9434);
#9434 = CARTESIAN_POINT('',(-69.16156091048,-42.55312101861,14.7));
#9435 = LINE('',#9436,#9437);
#9436 = CARTESIAN_POINT('',(-68.30796504637,-42.03514633284,14.7));
#9437 = VECTOR('',#9438,1.);
#9438 = DIRECTION('',(-0.854911870673,-0.518773258161,0.));
#9439 = ORIENTED_EDGE('',*,*,#9440,.F.);
#9440 = EDGE_CURVE('',#9441,#9433,#9443,.T.);
#9441 = VERTEX_POINT('',#9442);
#9442 = CARTESIAN_POINT('',(-69.68033416864,-41.69820914794,14.7));
#9443 = CIRCLE('',#9444,81.204);
#9444 = AXIS2_PLACEMENT_3D('',#9445,#9446,#9447);
#9445 = CARTESIAN_POINT('',(0.,0.,14.7));
#9446 = DIRECTION('',(0.,0.,1.));
#9447 = DIRECTION('',(1.,0.,-0.));
#9448 = ORIENTED_EDGE('',*,*,#9449,.T.);
#9449 = EDGE_CURVE('',#9441,#2071,#9450,.T.);
#9450 = LINE('',#9451,#9452);
#9451 = CARTESIAN_POINT('',(-68.82673830453,-41.18023446217,14.7));
#9452 = VECTOR('',#9453,1.);
#9453 = DIRECTION('',(-0.854911870673,-0.518773258161,0.));
#9454 = ORIENTED_EDGE('',*,*,#2070,.T.);
#9455 = PLANE('',#9456);
#9456 = AXIS2_PLACEMENT_3D('',#9457,#9458,#9459);
#9457 = CARTESIAN_POINT('',(-68.82673830453,-41.18023446217,14.7));
#9458 = DIRECTION('',(0.,0.,1.));
#9459 = DIRECTION('',(-0.854911870673,-0.518773258161,0.));
#9460 = ADVANCED_FACE('',(#9461),#9479,.F.);
#9461 = FACE_BOUND('',#9462,.F.);
#9462 = EDGE_LOOP('',(#9463,#9464,#9472,#9478));
#9463 = ORIENTED_EDGE('',*,*,#9432,.F.);
#9464 = ORIENTED_EDGE('',*,*,#9465,.T.);
#9465 = EDGE_CURVE('',#9433,#9466,#9468,.T.);
#9466 = VERTEX_POINT('',#9467);
#9467 = CARTESIAN_POINT('',(-69.16156091048,-42.55312101861,18.2));
#9468 = LINE('',#9469,#9470);
#9469 = CARTESIAN_POINT('',(-69.16156091048,-42.55312101861,7.99));
#9470 = VECTOR('',#9471,1.);
#9471 = DIRECTION('',(0.,0.,1.));
#9472 = ORIENTED_EDGE('',*,*,#9473,.T.);
#9473 = EDGE_CURVE('',#9466,#2090,#9474,.T.);
#9474 = LINE('',#9475,#9476);
#9475 = CARTESIAN_POINT('',(-68.30796504637,-42.03514633284,18.2));
#9476 = VECTOR('',#9477,1.);
#9477 = DIRECTION('',(-0.854911870673,-0.518773258161,0.));
#9478 = ORIENTED_EDGE('',*,*,#2098,.F.);
#9479 = PLANE('',#9480);
#9480 = AXIS2_PLACEMENT_3D('',#9481,#9482,#9483);
#9481 = CARTESIAN_POINT('',(-68.30796504637,-42.03514633284,14.7));
#9482 = DIRECTION('',(0.518773258161,-0.854911870673,0.));
#9483 = DIRECTION('',(0.,0.,1.));
#9484 = ADVANCED_FACE('',(#9485),#9504,.F.);
#9485 = FACE_BOUND('',#9486,.F.);
#9486 = EDGE_LOOP('',(#9487,#9488,#9497,#9503));
#9487 = ORIENTED_EDGE('',*,*,#9473,.F.);
#9488 = ORIENTED_EDGE('',*,*,#9489,.F.);
#9489 = EDGE_CURVE('',#9490,#9466,#9492,.T.);
#9490 = VERTEX_POINT('',#9491);
#9491 = CARTESIAN_POINT('',(-69.68033416864,-41.69820914794,18.2));
#9492 = CIRCLE('',#9493,81.204);
#9493 = AXIS2_PLACEMENT_3D('',#9494,#9495,#9496);
#9494 = CARTESIAN_POINT('',(0.,0.,18.2));
#9495 = DIRECTION('',(0.,0.,1.));
#9496 = DIRECTION('',(1.,0.,-0.));
#9497 = ORIENTED_EDGE('',*,*,#9498,.T.);
#9498 = EDGE_CURVE('',#9490,#2082,#9499,.T.);
#9499 = LINE('',#9500,#9501);
#9500 = CARTESIAN_POINT('',(-68.82673830453,-41.18023446217,18.2));
#9501 = VECTOR('',#9502,1.);
#9502 = DIRECTION('',(-0.854911870673,-0.518773258161,0.));
#9503 = ORIENTED_EDGE('',*,*,#2089,.T.);
#9504 = PLANE('',#9505);
#9505 = AXIS2_PLACEMENT_3D('',#9506,#9507,#9508);
#9506 = CARTESIAN_POINT('',(-68.82673830453,-41.18023446217,18.2));
#9507 = DIRECTION('',(0.,0.,1.));
#9508 = DIRECTION('',(-0.854911870673,-0.518773258161,0.));
#9509 = ADVANCED_FACE('',(#9510),#9521,.T.);
#9510 = FACE_BOUND('',#9511,.T.);
#9511 = EDGE_LOOP('',(#9512,#9513,#9519,#9520));
#9512 = ORIENTED_EDGE('',*,*,#9449,.F.);
#9513 = ORIENTED_EDGE('',*,*,#9514,.T.);
#9514 = EDGE_CURVE('',#9441,#9490,#9515,.T.);
#9515 = LINE('',#9516,#9517);
#9516 = CARTESIAN_POINT('',(-69.68033416864,-41.69820914794,7.99));
#9517 = VECTOR('',#9518,1.);
#9518 = DIRECTION('',(0.,0.,1.));
#9519 = ORIENTED_EDGE('',*,*,#9498,.T.);
#9520 = ORIENTED_EDGE('',*,*,#2081,.F.);
#9521 = PLANE('',#9522);
#9522 = AXIS2_PLACEMENT_3D('',#9523,#9524,#9525);
#9523 = CARTESIAN_POINT('',(-68.82673830453,-41.18023446217,14.7));
#9524 = DIRECTION('',(0.518773258161,-0.854911870673,0.));
#9525 = DIRECTION('',(0.,0.,1.));
#9526 = ADVANCED_FACE('',(#9527),#9553,.T.);
#9527 = FACE_BOUND('',#9528,.T.);
#9528 = EDGE_LOOP('',(#9529,#9537,#9546,#9552));
#9529 = ORIENTED_EDGE('',*,*,#9530,.F.);
#9530 = EDGE_CURVE('',#9531,#2109,#9533,.T.);
#9531 = VERTEX_POINT('',#9532);
#9532 = CARTESIAN_POINT('',(-67.23959336013,-45.52940479255,14.7));
#9533 = LINE('',#9534,#9535);
#9534 = CARTESIAN_POINT('',(-66.4094036686,-44.97468977525,14.7));
#9535 = VECTOR('',#9536,1.);
#9536 = DIRECTION('',(-0.831469612303,-0.55557023302,0.));
#9537 = ORIENTED_EDGE('',*,*,#9538,.F.);
#9538 = EDGE_CURVE('',#9539,#9531,#9541,.T.);
#9539 = VERTEX_POINT('',#9540);
#9540 = CARTESIAN_POINT('',(-67.79516359315,-44.69793518025,14.7));
#9541 = CIRCLE('',#9542,81.204);
#9542 = AXIS2_PLACEMENT_3D('',#9543,#9544,#9545);
#9543 = CARTESIAN_POINT('',(0.,0.,14.7));
#9544 = DIRECTION('',(0.,0.,1.));
#9545 = DIRECTION('',(1.,0.,-0.));
#9546 = ORIENTED_EDGE('',*,*,#9547,.T.);
#9547 = EDGE_CURVE('',#9539,#2107,#9548,.T.);
#9548 = LINE('',#9549,#9550);
#9549 = CARTESIAN_POINT('',(-66.96497390162,-44.14322016295,14.7));
#9550 = VECTOR('',#9551,1.);
#9551 = DIRECTION('',(-0.831469612303,-0.55557023302,0.));
#9552 = ORIENTED_EDGE('',*,*,#2106,.T.);
#9553 = PLANE('',#9554);
#9554 = AXIS2_PLACEMENT_3D('',#9555,#9556,#9557);
#9555 = CARTESIAN_POINT('',(-66.96497390162,-44.14322016295,14.7));
#9556 = DIRECTION('',(0.,0.,1.));
#9557 = DIRECTION('',(-0.831469612303,-0.55557023302,0.));
#9558 = ADVANCED_FACE('',(#9559),#9577,.F.);
#9559 = FACE_BOUND('',#9560,.F.);
#9560 = EDGE_LOOP('',(#9561,#9562,#9570,#9576));
#9561 = ORIENTED_EDGE('',*,*,#9530,.F.);
#9562 = ORIENTED_EDGE('',*,*,#9563,.T.);
#9563 = EDGE_CURVE('',#9531,#9564,#9566,.T.);
#9564 = VERTEX_POINT('',#9565);
#9565 = CARTESIAN_POINT('',(-67.23959336013,-45.52940479255,18.2));
#9566 = LINE('',#9567,#9568);
#9567 = CARTESIAN_POINT('',(-67.23959336013,-45.52940479255,7.99));
#9568 = VECTOR('',#9569,1.);
#9569 = DIRECTION('',(0.,0.,1.));
#9570 = ORIENTED_EDGE('',*,*,#9571,.T.);
#9571 = EDGE_CURVE('',#9564,#2126,#9572,.T.);
#9572 = LINE('',#9573,#9574);
#9573 = CARTESIAN_POINT('',(-66.4094036686,-44.97468977525,18.2));
#9574 = VECTOR('',#9575,1.);
#9575 = DIRECTION('',(-0.831469612303,-0.55557023302,0.));
#9576 = ORIENTED_EDGE('',*,*,#2134,.F.);
#9577 = PLANE('',#9578);
#9578 = AXIS2_PLACEMENT_3D('',#9579,#9580,#9581);
#9579 = CARTESIAN_POINT('',(-66.4094036686,-44.97468977525,14.7));
#9580 = DIRECTION('',(0.55557023302,-0.831469612303,0.));
#9581 = DIRECTION('',(0.,0.,1.));
#9582 = ADVANCED_FACE('',(#9583),#9602,.F.);
#9583 = FACE_BOUND('',#9584,.F.);
#9584 = EDGE_LOOP('',(#9585,#9586,#9595,#9601));
#9585 = ORIENTED_EDGE('',*,*,#9571,.F.);
#9586 = ORIENTED_EDGE('',*,*,#9587,.F.);
#9587 = EDGE_CURVE('',#9588,#9564,#9590,.T.);
#9588 = VERTEX_POINT('',#9589);
#9589 = CARTESIAN_POINT('',(-67.79516359315,-44.69793518025,18.2));
#9590 = CIRCLE('',#9591,81.204);
#9591 = AXIS2_PLACEMENT_3D('',#9592,#9593,#9594);
#9592 = CARTESIAN_POINT('',(0.,0.,18.2));
#9593 = DIRECTION('',(0.,0.,1.));
#9594 = DIRECTION('',(1.,0.,-0.));
#9595 = ORIENTED_EDGE('',*,*,#9596,.T.);
#9596 = EDGE_CURVE('',#9588,#2118,#9597,.T.);
#9597 = LINE('',#9598,#9599);
#9598 = CARTESIAN_POINT('',(-66.96497390162,-44.14322016295,18.2));
#9599 = VECTOR('',#9600,1.);
#9600 = DIRECTION('',(-0.831469612303,-0.55557023302,0.));
#9601 = ORIENTED_EDGE('',*,*,#2125,.T.);
#9602 = PLANE('',#9603);
#9603 = AXIS2_PLACEMENT_3D('',#9604,#9605,#9606);
#9604 = CARTESIAN_POINT('',(-66.96497390162,-44.14322016295,18.2));
#9605 = DIRECTION('',(0.,0.,1.));
#9606 = DIRECTION('',(-0.831469612303,-0.55557023302,0.));
#9607 = ADVANCED_FACE('',(#9608),#9619,.T.);
#9608 = FACE_BOUND('',#9609,.T.);
#9609 = EDGE_LOOP('',(#9610,#9611,#9617,#9618));
#9610 = ORIENTED_EDGE('',*,*,#9547,.F.);
#9611 = ORIENTED_EDGE('',*,*,#9612,.T.);
#9612 = EDGE_CURVE('',#9539,#9588,#9613,.T.);
#9613 = LINE('',#9614,#9615);
#9614 = CARTESIAN_POINT('',(-67.79516359315,-44.69793518025,7.99));
#9615 = VECTOR('',#9616,1.);
#9616 = DIRECTION('',(0.,0.,1.));
#9617 = ORIENTED_EDGE('',*,*,#9596,.T.);
#9618 = ORIENTED_EDGE('',*,*,#2117,.F.);
#9619 = PLANE('',#9620);
#9620 = AXIS2_PLACEMENT_3D('',#9621,#9622,#9623);
#9621 = CARTESIAN_POINT('',(-66.96497390162,-44.14322016295,14.7));
#9622 = DIRECTION('',(0.55557023302,-0.831469612303,0.));
#9623 = DIRECTION('',(0.,0.,1.));
#9624 = ADVANCED_FACE('',(#9625),#9651,.T.);
#9625 = FACE_BOUND('',#9626,.T.);
#9626 = EDGE_LOOP('',(#9627,#9635,#9644,#9650));
#9627 = ORIENTED_EDGE('',*,*,#9628,.F.);
#9628 = EDGE_CURVE('',#9629,#2145,#9631,.T.);
#9629 = VERTEX_POINT('',#9630);
#9630 = CARTESIAN_POINT('',(-65.18963142216,-48.41902075674,14.7));
#9631 = LINE('',#9632,#9633);
#9632 = CARTESIAN_POINT('',(-64.38442821648,-47.82862133948,14.7));
#9633 = VECTOR('',#9634,1.);
#9634 = DIRECTION('',(-0.806444604267,-0.591309648364,0.));
#9635 = ORIENTED_EDGE('',*,*,#9636,.F.);
#9636 = EDGE_CURVE('',#9637,#9629,#9639,.T.);
#9637 = VERTEX_POINT('',#9638);
#9638 = CARTESIAN_POINT('',(-65.78094107053,-47.61257615247,14.7));
#9639 = CIRCLE('',#9640,81.204);
#9640 = AXIS2_PLACEMENT_3D('',#9641,#9642,#9643);
#9641 = CARTESIAN_POINT('',(0.,0.,14.7));
#9642 = DIRECTION('',(0.,0.,1.));
#9643 = DIRECTION('',(1.,0.,-0.));
#9644 = ORIENTED_EDGE('',*,*,#9645,.T.);
#9645 = EDGE_CURVE('',#9637,#2143,#9646,.T.);
#9646 = LINE('',#9647,#9648);
#9647 = CARTESIAN_POINT('',(-64.97573786485,-47.02217673521,14.7));
#9648 = VECTOR('',#9649,1.);
#9649 = DIRECTION('',(-0.806444604267,-0.591309648364,0.));
#9650 = ORIENTED_EDGE('',*,*,#2142,.T.);
#9651 = PLANE('',#9652);
#9652 = AXIS2_PLACEMENT_3D('',#9653,#9654,#9655);
#9653 = CARTESIAN_POINT('',(-64.97573786485,-47.02217673521,14.7));
#9654 = DIRECTION('',(0.,0.,1.));
#9655 = DIRECTION('',(-0.806444604267,-0.591309648364,0.));
#9656 = ADVANCED_FACE('',(#9657),#9675,.F.);
#9657 = FACE_BOUND('',#9658,.F.);
#9658 = EDGE_LOOP('',(#9659,#9660,#9668,#9674));
#9659 = ORIENTED_EDGE('',*,*,#9628,.F.);
#9660 = ORIENTED_EDGE('',*,*,#9661,.T.);
#9661 = EDGE_CURVE('',#9629,#9662,#9664,.T.);
#9662 = VERTEX_POINT('',#9663);
#9663 = CARTESIAN_POINT('',(-65.18963142216,-48.41902075674,18.2));
#9664 = LINE('',#9665,#9666);
#9665 = CARTESIAN_POINT('',(-65.18963142216,-48.41902075674,7.99));
#9666 = VECTOR('',#9667,1.);
#9667 = DIRECTION('',(0.,0.,1.));
#9668 = ORIENTED_EDGE('',*,*,#9669,.T.);
#9669 = EDGE_CURVE('',#9662,#2162,#9670,.T.);
#9670 = LINE('',#9671,#9672);
#9671 = CARTESIAN_POINT('',(-64.38442821648,-47.82862133948,18.2));
#9672 = VECTOR('',#9673,1.);
#9673 = DIRECTION('',(-0.806444604267,-0.591309648364,0.));
#9674 = ORIENTED_EDGE('',*,*,#2170,.F.);
#9675 = PLANE('',#9676);
#9676 = AXIS2_PLACEMENT_3D('',#9677,#9678,#9679);
#9677 = CARTESIAN_POINT('',(-64.38442821648,-47.82862133948,14.7));
#9678 = DIRECTION('',(0.591309648364,-0.806444604267,0.));
#9679 = DIRECTION('',(0.,0.,1.));
#9680 = ADVANCED_FACE('',(#9681),#9700,.F.);
#9681 = FACE_BOUND('',#9682,.F.);
#9682 = EDGE_LOOP('',(#9683,#9684,#9693,#9699));
#9683 = ORIENTED_EDGE('',*,*,#9669,.F.);
#9684 = ORIENTED_EDGE('',*,*,#9685,.F.);
#9685 = EDGE_CURVE('',#9686,#9662,#9688,.T.);
#9686 = VERTEX_POINT('',#9687);
#9687 = CARTESIAN_POINT('',(-65.78094107053,-47.61257615247,18.2));
#9688 = CIRCLE('',#9689,81.204);
#9689 = AXIS2_PLACEMENT_3D('',#9690,#9691,#9692);
#9690 = CARTESIAN_POINT('',(0.,0.,18.2));
#9691 = DIRECTION('',(0.,0.,1.));
#9692 = DIRECTION('',(1.,0.,-0.));
#9693 = ORIENTED_EDGE('',*,*,#9694,.T.);
#9694 = EDGE_CURVE('',#9686,#2154,#9695,.T.);
#9695 = LINE('',#9696,#9697);
#9696 = CARTESIAN_POINT('',(-64.97573786485,-47.02217673521,18.2));
#9697 = VECTOR('',#9698,1.);
#9698 = DIRECTION('',(-0.806444604267,-0.591309648364,0.));
#9699 = ORIENTED_EDGE('',*,*,#2161,.T.);
#9700 = PLANE('',#9701);
#9701 = AXIS2_PLACEMENT_3D('',#9702,#9703,#9704);
#9702 = CARTESIAN_POINT('',(-64.97573786485,-47.02217673521,18.2));
#9703 = DIRECTION('',(0.,0.,1.));
#9704 = DIRECTION('',(-0.806444604267,-0.591309648364,0.));
#9705 = ADVANCED_FACE('',(#9706),#9717,.T.);
#9706 = FACE_BOUND('',#9707,.T.);
#9707 = EDGE_LOOP('',(#9708,#9709,#9715,#9716));
#9708 = ORIENTED_EDGE('',*,*,#9645,.F.);
#9709 = ORIENTED_EDGE('',*,*,#9710,.T.);
#9710 = EDGE_CURVE('',#9637,#9686,#9711,.T.);
#9711 = LINE('',#9712,#9713);
#9712 = CARTESIAN_POINT('',(-65.78094107053,-47.61257615247,7.99));
#9713 = VECTOR('',#9714,1.);
#9714 = DIRECTION('',(0.,0.,1.));
#9715 = ORIENTED_EDGE('',*,*,#9694,.T.);
#9716 = ORIENTED_EDGE('',*,*,#2153,.F.);
#9717 = PLANE('',#9718);
#9718 = AXIS2_PLACEMENT_3D('',#9719,#9720,#9721);
#9719 = CARTESIAN_POINT('',(-64.97573786485,-47.02217673521,14.7));
#9720 = DIRECTION('',(0.591309648364,-0.806444604267,0.));
#9721 = DIRECTION('',(0.,0.,1.));
#9722 = ADVANCED_FACE('',(#9723),#9749,.T.);
#9723 = FACE_BOUND('',#9724,.T.);
#9724 = EDGE_LOOP('',(#9725,#9733,#9742,#9748));
#9725 = ORIENTED_EDGE('',*,*,#9726,.F.);
#9726 = EDGE_CURVE('',#9727,#2181,#9729,.T.);
#9727 = VERTEX_POINT('',#9728);
#9728 = CARTESIAN_POINT('',(-63.01557731565,-51.21646836296,14.7));
#9729 = LINE('',#9730,#9731);
#9730 = CARTESIAN_POINT('',(-62.23689334588,-50.59150840459,14.7));
#9731 = VECTOR('',#9732,1.);
#9732 = DIRECTION('',(-0.779884483093,-0.625923472184,0.));
#9733 = ORIENTED_EDGE('',*,*,#9734,.F.);
#9734 = EDGE_CURVE('',#9735,#9727,#9737,.T.);
#9735 = VERTEX_POINT('',#9736);
#9736 = CARTESIAN_POINT('',(-63.64150078783,-50.43658387987,14.7));
#9737 = CIRCLE('',#9738,81.204);
#9738 = AXIS2_PLACEMENT_3D('',#9739,#9740,#9741);
#9739 = CARTESIAN_POINT('',(0.,0.,14.7));
#9740 = DIRECTION('',(0.,0.,1.));
#9741 = DIRECTION('',(1.,0.,-0.));
#9742 = ORIENTED_EDGE('',*,*,#9743,.T.);
#9743 = EDGE_CURVE('',#9735,#2179,#9744,.T.);
#9744 = LINE('',#9745,#9746);
#9745 = CARTESIAN_POINT('',(-62.86281681807,-49.8116239215,14.7));
#9746 = VECTOR('',#9747,1.);
#9747 = DIRECTION('',(-0.779884483093,-0.625923472184,0.));
#9748 = ORIENTED_EDGE('',*,*,#2178,.T.);
#9749 = PLANE('',#9750);
#9750 = AXIS2_PLACEMENT_3D('',#9751,#9752,#9753);
#9751 = CARTESIAN_POINT('',(-62.86281681807,-49.8116239215,14.7));
#9752 = DIRECTION('',(0.,0.,1.));
#9753 = DIRECTION('',(-0.779884483093,-0.625923472184,0.));
#9754 = ADVANCED_FACE('',(#9755),#9773,.F.);
#9755 = FACE_BOUND('',#9756,.F.);
#9756 = EDGE_LOOP('',(#9757,#9758,#9766,#9772));
#9757 = ORIENTED_EDGE('',*,*,#9726,.F.);
#9758 = ORIENTED_EDGE('',*,*,#9759,.T.);
#9759 = EDGE_CURVE('',#9727,#9760,#9762,.T.);
#9760 = VERTEX_POINT('',#9761);
#9761 = CARTESIAN_POINT('',(-63.01557731565,-51.21646836296,18.2));
#9762 = LINE('',#9763,#9764);
#9763 = CARTESIAN_POINT('',(-63.01557731565,-51.21646836296,7.99));
#9764 = VECTOR('',#9765,1.);
#9765 = DIRECTION('',(0.,0.,1.));
#9766 = ORIENTED_EDGE('',*,*,#9767,.T.);
#9767 = EDGE_CURVE('',#9760,#2198,#9768,.T.);
#9768 = LINE('',#9769,#9770);
#9769 = CARTESIAN_POINT('',(-62.23689334588,-50.59150840459,18.2));
#9770 = VECTOR('',#9771,1.);
#9771 = DIRECTION('',(-0.779884483093,-0.625923472184,0.));
#9772 = ORIENTED_EDGE('',*,*,#2206,.F.);
#9773 = PLANE('',#9774);
#9774 = AXIS2_PLACEMENT_3D('',#9775,#9776,#9777);
#9775 = CARTESIAN_POINT('',(-62.23689334588,-50.59150840459,14.7));
#9776 = DIRECTION('',(0.625923472184,-0.779884483093,0.));
#9777 = DIRECTION('',(0.,0.,1.));
#9778 = ADVANCED_FACE('',(#9779),#9798,.F.);
#9779 = FACE_BOUND('',#9780,.F.);
#9780 = EDGE_LOOP('',(#9781,#9782,#9791,#9797));
#9781 = ORIENTED_EDGE('',*,*,#9767,.F.);
#9782 = ORIENTED_EDGE('',*,*,#9783,.F.);
#9783 = EDGE_CURVE('',#9784,#9760,#9786,.T.);
#9784 = VERTEX_POINT('',#9785);
#9785 = CARTESIAN_POINT('',(-63.64150078783,-50.43658387987,18.2));
#9786 = CIRCLE('',#9787,81.204);
#9787 = AXIS2_PLACEMENT_3D('',#9788,#9789,#9790);
#9788 = CARTESIAN_POINT('',(0.,0.,18.2));
#9789 = DIRECTION('',(0.,0.,1.));
#9790 = DIRECTION('',(1.,0.,-0.));
#9791 = ORIENTED_EDGE('',*,*,#9792,.T.);
#9792 = EDGE_CURVE('',#9784,#2190,#9793,.T.);
#9793 = LINE('',#9794,#9795);
#9794 = CARTESIAN_POINT('',(-62.86281681807,-49.8116239215,18.2));
#9795 = VECTOR('',#9796,1.);
#9796 = DIRECTION('',(-0.779884483093,-0.625923472184,0.));
#9797 = ORIENTED_EDGE('',*,*,#2197,.T.);
#9798 = PLANE('',#9799);
#9799 = AXIS2_PLACEMENT_3D('',#9800,#9801,#9802);
#9800 = CARTESIAN_POINT('',(-62.86281681807,-49.8116239215,18.2));
#9801 = DIRECTION('',(0.,0.,1.));
#9802 = DIRECTION('',(-0.779884483093,-0.625923472184,0.));
#9803 = ADVANCED_FACE('',(#9804),#9815,.T.);
#9804 = FACE_BOUND('',#9805,.T.);
#9805 = EDGE_LOOP('',(#9806,#9807,#9813,#9814));
#9806 = ORIENTED_EDGE('',*,*,#9743,.F.);
#9807 = ORIENTED_EDGE('',*,*,#9808,.T.);
#9808 = EDGE_CURVE('',#9735,#9784,#9809,.T.);
#9809 = LINE('',#9810,#9811);
#9810 = CARTESIAN_POINT('',(-63.64150078783,-50.43658387987,7.99));
#9811 = VECTOR('',#9812,1.);
#9812 = DIRECTION('',(0.,0.,1.));
#9813 = ORIENTED_EDGE('',*,*,#9792,.T.);
#9814 = ORIENTED_EDGE('',*,*,#2189,.F.);
#9815 = PLANE('',#9816);
#9816 = AXIS2_PLACEMENT_3D('',#9817,#9818,#9819);
#9817 = CARTESIAN_POINT('',(-62.86281681807,-49.8116239215,14.7));
#9818 = DIRECTION('',(0.625923472184,-0.779884483093,0.));
#9819 = DIRECTION('',(0.,0.,1.));
#9820 = ADVANCED_FACE('',(#9821),#9847,.T.);
#9821 = FACE_BOUND('',#9822,.T.);
#9822 = EDGE_LOOP('',(#9823,#9831,#9840,#9846));
#9823 = ORIENTED_EDGE('',*,*,#9824,.F.);
#9824 = EDGE_CURVE('',#9825,#2217,#9827,.T.);
#9825 = VERTEX_POINT('',#9826);
#9826 = CARTESIAN_POINT('',(-60.72156947614,-53.9164225107,14.7));
#9827 = LINE('',#9828,#9829);
#9828 = CARTESIAN_POINT('',(-59.97088701149,-53.25809165802,14.7));
#9829 = VECTOR('',#9830,1.);
#9830 = DIRECTION('',(-0.751839807479,-0.6593458151,0.));
#9831 = ORIENTED_EDGE('',*,*,#9832,.F.);
#9832 = EDGE_CURVE('',#9833,#9825,#9835,.T.);
#9833 = VERTEX_POINT('',#9834);
#9834 = CARTESIAN_POINT('',(-61.38091529124,-53.16458270323,14.7));
#9835 = CIRCLE('',#9836,81.204);
#9836 = AXIS2_PLACEMENT_3D('',#9837,#9838,#9839);
#9837 = CARTESIAN_POINT('',(0.,0.,14.7));
#9838 = DIRECTION('',(0.,0.,1.));
#9839 = DIRECTION('',(1.,0.,-0.));
#9840 = ORIENTED_EDGE('',*,*,#9841,.T.);
#9841 = EDGE_CURVE('',#9833,#2215,#9842,.T.);
#9842 = LINE('',#9843,#9844);
#9843 = CARTESIAN_POINT('',(-60.63023282659,-52.50625185054,14.7));
#9844 = VECTOR('',#9845,1.);
#9845 = DIRECTION('',(-0.751839807479,-0.6593458151,0.));
#9846 = ORIENTED_EDGE('',*,*,#2214,.T.);
#9847 = PLANE('',#9848);
#9848 = AXIS2_PLACEMENT_3D('',#9849,#9850,#9851);
#9849 = CARTESIAN_POINT('',(-60.63023282659,-52.50625185054,14.7));
#9850 = DIRECTION('',(0.,0.,1.));
#9851 = DIRECTION('',(-0.751839807479,-0.6593458151,0.));
#9852 = ADVANCED_FACE('',(#9853),#9871,.F.);
#9853 = FACE_BOUND('',#9854,.F.);
#9854 = EDGE_LOOP('',(#9855,#9856,#9864,#9870));
#9855 = ORIENTED_EDGE('',*,*,#9824,.F.);
#9856 = ORIENTED_EDGE('',*,*,#9857,.T.);
#9857 = EDGE_CURVE('',#9825,#9858,#9860,.T.);
#9858 = VERTEX_POINT('',#9859);
#9859 = CARTESIAN_POINT('',(-60.72156947614,-53.9164225107,18.2));
#9860 = LINE('',#9861,#9862);
#9861 = CARTESIAN_POINT('',(-60.72156947614,-53.9164225107,7.99));
#9862 = VECTOR('',#9863,1.);
#9863 = DIRECTION('',(0.,0.,1.));
#9864 = ORIENTED_EDGE('',*,*,#9865,.T.);
#9865 = EDGE_CURVE('',#9858,#2234,#9866,.T.);
#9866 = LINE('',#9867,#9868);
#9867 = CARTESIAN_POINT('',(-59.97088701149,-53.25809165802,18.2));
#9868 = VECTOR('',#9869,1.);
#9869 = DIRECTION('',(-0.751839807479,-0.6593458151,0.));
#9870 = ORIENTED_EDGE('',*,*,#2242,.F.);
#9871 = PLANE('',#9872);
#9872 = AXIS2_PLACEMENT_3D('',#9873,#9874,#9875);
#9873 = CARTESIAN_POINT('',(-59.97088701149,-53.25809165802,14.7));
#9874 = DIRECTION('',(0.6593458151,-0.751839807479,0.));
#9875 = DIRECTION('',(0.,0.,1.));
#9876 = ADVANCED_FACE('',(#9877),#9896,.F.);
#9877 = FACE_BOUND('',#9878,.F.);
#9878 = EDGE_LOOP('',(#9879,#9880,#9889,#9895));
#9879 = ORIENTED_EDGE('',*,*,#9865,.F.);
#9880 = ORIENTED_EDGE('',*,*,#9881,.F.);
#9881 = EDGE_CURVE('',#9882,#9858,#9884,.T.);
#9882 = VERTEX_POINT('',#9883);
#9883 = CARTESIAN_POINT('',(-61.38091529124,-53.16458270323,18.2));
#9884 = CIRCLE('',#9885,81.204);
#9885 = AXIS2_PLACEMENT_3D('',#9886,#9887,#9888);
#9886 = CARTESIAN_POINT('',(0.,0.,18.2));
#9887 = DIRECTION('',(0.,0.,1.));
#9888 = DIRECTION('',(1.,0.,-0.));
#9889 = ORIENTED_EDGE('',*,*,#9890,.T.);
#9890 = EDGE_CURVE('',#9882,#2226,#9891,.T.);
#9891 = LINE('',#9892,#9893);
#9892 = CARTESIAN_POINT('',(-60.63023282659,-52.50625185054,18.2));
#9893 = VECTOR('',#9894,1.);
#9894 = DIRECTION('',(-0.751839807479,-0.6593458151,0.));
#9895 = ORIENTED_EDGE('',*,*,#2233,.T.);
#9896 = PLANE('',#9897);
#9897 = AXIS2_PLACEMENT_3D('',#9898,#9899,#9900);
#9898 = CARTESIAN_POINT('',(-60.63023282659,-52.50625185054,18.2));
#9899 = DIRECTION('',(0.,0.,1.));
#9900 = DIRECTION('',(-0.751839807479,-0.6593458151,0.));
#9901 = ADVANCED_FACE('',(#9902),#9913,.T.);
#9902 = FACE_BOUND('',#9903,.T.);
#9903 = EDGE_LOOP('',(#9904,#9905,#9911,#9912));
#9904 = ORIENTED_EDGE('',*,*,#9841,.F.);
#9905 = ORIENTED_EDGE('',*,*,#9906,.T.);
#9906 = EDGE_CURVE('',#9833,#9882,#9907,.T.);
#9907 = LINE('',#9908,#9909);
#9908 = CARTESIAN_POINT('',(-61.38091529124,-53.16458270323,7.99));
#9909 = VECTOR('',#9910,1.);
#9910 = DIRECTION('',(0.,0.,1.));
#9911 = ORIENTED_EDGE('',*,*,#9890,.T.);
#9912 = ORIENTED_EDGE('',*,*,#2225,.F.);
#9913 = PLANE('',#9914);
#9914 = AXIS2_PLACEMENT_3D('',#9915,#9916,#9917);
#9915 = CARTESIAN_POINT('',(-60.63023282659,-52.50625185054,14.7));
#9916 = DIRECTION('',(0.6593458151,-0.751839807479,0.));
#9917 = DIRECTION('',(0.,0.,1.));
#9918 = ADVANCED_FACE('',(#9919),#9945,.T.);
#9919 = FACE_BOUND('',#9920,.T.);
#9920 = EDGE_LOOP('',(#9921,#9929,#9938,#9944));
#9921 = ORIENTED_EDGE('',*,*,#9922,.F.);
#9922 = EDGE_CURVE('',#9923,#2253,#9925,.T.);
#9923 = VERTEX_POINT('',#9924);
#9924 = CARTESIAN_POINT('',(-58.31197467795,-56.51374368379,14.7));
#9925 = LINE('',#9926,#9927);
#9926 = CARTESIAN_POINT('',(-57.59072268515,-55.82329510699,14.7));
#9927 = VECTOR('',#9928,1.);
#9928 = DIRECTION('',(-0.72236396206,-0.691513055782,0.));
#9929 = ORIENTED_EDGE('',*,*,#9930,.F.);
#9930 = EDGE_CURVE('',#9931,#9923,#9933,.T.);
#9931 = VERTEX_POINT('',#9932);
#9932 = CARTESIAN_POINT('',(-59.00348773374,-55.79137972173,14.7));
#9933 = CIRCLE('',#9934,81.204);
#9934 = AXIS2_PLACEMENT_3D('',#9935,#9936,#9937);
#9935 = CARTESIAN_POINT('',(0.,0.,14.7));
#9936 = DIRECTION('',(0.,0.,1.));
#9937 = DIRECTION('',(1.,0.,-0.));
#9938 = ORIENTED_EDGE('',*,*,#9939,.T.);
#9939 = EDGE_CURVE('',#9931,#2251,#9940,.T.);
#9940 = LINE('',#9941,#9942);
#9941 = CARTESIAN_POINT('',(-58.28223574093,-55.10093114493,14.7));
#9942 = VECTOR('',#9943,1.);
#9943 = DIRECTION('',(-0.72236396206,-0.691513055782,0.));
#9944 = ORIENTED_EDGE('',*,*,#2250,.T.);
#9945 = PLANE('',#9946);
#9946 = AXIS2_PLACEMENT_3D('',#9947,#9948,#9949);
#9947 = CARTESIAN_POINT('',(-58.28223574093,-55.10093114493,14.7));
#9948 = DIRECTION('',(0.,0.,1.));
#9949 = DIRECTION('',(-0.72236396206,-0.691513055782,0.));
#9950 = ADVANCED_FACE('',(#9951),#9969,.F.);
#9951 = FACE_BOUND('',#9952,.F.);
#9952 = EDGE_LOOP('',(#9953,#9954,#9962,#9968));
#9953 = ORIENTED_EDGE('',*,*,#9922,.F.);
#9954 = ORIENTED_EDGE('',*,*,#9955,.T.);
#9955 = EDGE_CURVE('',#9923,#9956,#9958,.T.);
#9956 = VERTEX_POINT('',#9957);
#9957 = CARTESIAN_POINT('',(-58.31197467795,-56.51374368379,18.2));
#9958 = LINE('',#9959,#9960);
#9959 = CARTESIAN_POINT('',(-58.31197467795,-56.51374368379,7.99));
#9960 = VECTOR('',#9961,1.);
#9961 = DIRECTION('',(0.,0.,1.));
#9962 = ORIENTED_EDGE('',*,*,#9963,.T.);
#9963 = EDGE_CURVE('',#9956,#2270,#9964,.T.);
#9964 = LINE('',#9965,#9966);
#9965 = CARTESIAN_POINT('',(-57.59072268515,-55.82329510699,18.2));
#9966 = VECTOR('',#9967,1.);
#9967 = DIRECTION('',(-0.72236396206,-0.691513055782,0.));
#9968 = ORIENTED_EDGE('',*,*,#2278,.F.);
#9969 = PLANE('',#9970);
#9970 = AXIS2_PLACEMENT_3D('',#9971,#9972,#9973);
#9971 = CARTESIAN_POINT('',(-57.59072268515,-55.82329510699,14.7));
#9972 = DIRECTION('',(0.691513055782,-0.72236396206,0.));
#9973 = DIRECTION('',(0.,0.,1.));
#9974 = ADVANCED_FACE('',(#9975),#9994,.F.);
#9975 = FACE_BOUND('',#9976,.F.);
#9976 = EDGE_LOOP('',(#9977,#9978,#9987,#9993));
#9977 = ORIENTED_EDGE('',*,*,#9963,.F.);
#9978 = ORIENTED_EDGE('',*,*,#9979,.F.);
#9979 = EDGE_CURVE('',#9980,#9956,#9982,.T.);
#9980 = VERTEX_POINT('',#9981);
#9981 = CARTESIAN_POINT('',(-59.00348773374,-55.79137972173,18.2));
#9982 = CIRCLE('',#9983,81.204);
#9983 = AXIS2_PLACEMENT_3D('',#9984,#9985,#9986);
#9984 = CARTESIAN_POINT('',(0.,0.,18.2));
#9985 = DIRECTION('',(0.,0.,1.));
#9986 = DIRECTION('',(1.,0.,-0.));
#9987 = ORIENTED_EDGE('',*,*,#9988,.T.);
#9988 = EDGE_CURVE('',#9980,#2262,#9989,.T.);
#9989 = LINE('',#9990,#9991);
#9990 = CARTESIAN_POINT('',(-58.28223574093,-55.10093114493,18.2));
#9991 = VECTOR('',#9992,1.);
#9992 = DIRECTION('',(-0.72236396206,-0.691513055782,0.));
#9993 = ORIENTED_EDGE('',*,*,#2269,.T.);
#9994 = PLANE('',#9995);
#9995 = AXIS2_PLACEMENT_3D('',#9996,#9997,#9998);
#9996 = CARTESIAN_POINT('',(-58.28223574093,-55.10093114493,18.2));
#9997 = DIRECTION('',(0.,0.,1.));
#9998 = DIRECTION('',(-0.72236396206,-0.691513055782,0.));
#9999 = ADVANCED_FACE('',(#10000),#10011,.T.);
#10000 = FACE_BOUND('',#10001,.T.);
#10001 = EDGE_LOOP('',(#10002,#10003,#10009,#10010));
#10002 = ORIENTED_EDGE('',*,*,#9939,.F.);
#10003 = ORIENTED_EDGE('',*,*,#10004,.T.);
#10004 = EDGE_CURVE('',#9931,#9980,#10005,.T.);
#10005 = LINE('',#10006,#10007);
#10006 = CARTESIAN_POINT('',(-59.00348773374,-55.79137972173,7.99));
#10007 = VECTOR('',#10008,1.);
#10008 = DIRECTION('',(0.,0.,1.));
#10009 = ORIENTED_EDGE('',*,*,#9988,.T.);
#10010 = ORIENTED_EDGE('',*,*,#2261,.F.);
#10011 = PLANE('',#10012);
#10012 = AXIS2_PLACEMENT_3D('',#10013,#10014,#10015);
#10013 = CARTESIAN_POINT('',(-58.28223574093,-55.10093114493,14.7));
#10014 = DIRECTION('',(0.691513055782,-0.72236396206,0.));
#10015 = DIRECTION('',(0.,0.,1.));
#10016 = ADVANCED_FACE('',(#10017),#10043,.T.);
#10017 = FACE_BOUND('',#10018,.T.);
#10018 = EDGE_LOOP('',(#10019,#10027,#10036,#10042));
#10019 = ORIENTED_EDGE('',*,*,#10020,.F.);
#10020 = EDGE_CURVE('',#10021,#2289,#10023,.T.);
#10021 = VERTEX_POINT('',#10022);
#10022 = CARTESIAN_POINT('',(-55.79137972173,-59.00348773374,14.7));
#10023 = LINE('',#10024,#10025);
#10024 = CARTESIAN_POINT('',(-55.10093114493,-58.28223574093,14.7));
#10025 = VECTOR('',#10026,1.);
#10026 = DIRECTION('',(-0.691513055782,-0.72236396206,0.));
#10027 = ORIENTED_EDGE('',*,*,#10028,.F.);
#10028 = EDGE_CURVE('',#10029,#10021,#10031,.T.);
#10029 = VERTEX_POINT('',#10030);
#10030 = CARTESIAN_POINT('',(-56.51374368379,-58.31197467795,14.7));
#10031 = CIRCLE('',#10032,81.204);
#10032 = AXIS2_PLACEMENT_3D('',#10033,#10034,#10035);
#10033 = CARTESIAN_POINT('',(0.,0.,14.7));
#10034 = DIRECTION('',(0.,0.,1.));
#10035 = DIRECTION('',(1.,0.,-0.));
#10036 = ORIENTED_EDGE('',*,*,#10037,.T.);
#10037 = EDGE_CURVE('',#10029,#2287,#10038,.T.);
#10038 = LINE('',#10039,#10040);
#10039 = CARTESIAN_POINT('',(-55.82329510699,-57.59072268514,14.7));
#10040 = VECTOR('',#10041,1.);
#10041 = DIRECTION('',(-0.691513055782,-0.72236396206,0.));
#10042 = ORIENTED_EDGE('',*,*,#2286,.T.);
#10043 = PLANE('',#10044);
#10044 = AXIS2_PLACEMENT_3D('',#10045,#10046,#10047);
#10045 = CARTESIAN_POINT('',(-55.82329510699,-57.59072268514,14.7));
#10046 = DIRECTION('',(0.,0.,1.));
#10047 = DIRECTION('',(-0.691513055782,-0.72236396206,0.));
#10048 = ADVANCED_FACE('',(#10049),#10067,.F.);
#10049 = FACE_BOUND('',#10050,.F.);
#10050 = EDGE_LOOP('',(#10051,#10052,#10060,#10066));
#10051 = ORIENTED_EDGE('',*,*,#10020,.F.);
#10052 = ORIENTED_EDGE('',*,*,#10053,.T.);
#10053 = EDGE_CURVE('',#10021,#10054,#10056,.T.);
#10054 = VERTEX_POINT('',#10055);
#10055 = CARTESIAN_POINT('',(-55.79137972173,-59.00348773374,18.2));
#10056 = LINE('',#10057,#10058);
#10057 = CARTESIAN_POINT('',(-55.79137972173,-59.00348773374,7.99));
#10058 = VECTOR('',#10059,1.);
#10059 = DIRECTION('',(0.,0.,1.));
#10060 = ORIENTED_EDGE('',*,*,#10061,.T.);
#10061 = EDGE_CURVE('',#10054,#2306,#10062,.T.);
#10062 = LINE('',#10063,#10064);
#10063 = CARTESIAN_POINT('',(-55.10093114493,-58.28223574093,18.2));
#10064 = VECTOR('',#10065,1.);
#10065 = DIRECTION('',(-0.691513055782,-0.72236396206,0.));
#10066 = ORIENTED_EDGE('',*,*,#2314,.F.);
#10067 = PLANE('',#10068);
#10068 = AXIS2_PLACEMENT_3D('',#10069,#10070,#10071);
#10069 = CARTESIAN_POINT('',(-55.10093114493,-58.28223574093,14.7));
#10070 = DIRECTION('',(0.72236396206,-0.691513055782,0.));
#10071 = DIRECTION('',(0.,0.,1.));
#10072 = ADVANCED_FACE('',(#10073),#10092,.F.);
#10073 = FACE_BOUND('',#10074,.F.);
#10074 = EDGE_LOOP('',(#10075,#10076,#10085,#10091));
#10075 = ORIENTED_EDGE('',*,*,#10061,.F.);
#10076 = ORIENTED_EDGE('',*,*,#10077,.F.);
#10077 = EDGE_CURVE('',#10078,#10054,#10080,.T.);
#10078 = VERTEX_POINT('',#10079);
#10079 = CARTESIAN_POINT('',(-56.51374368379,-58.31197467795,18.2));
#10080 = CIRCLE('',#10081,81.204);
#10081 = AXIS2_PLACEMENT_3D('',#10082,#10083,#10084);
#10082 = CARTESIAN_POINT('',(0.,0.,18.2));
#10083 = DIRECTION('',(0.,0.,1.));
#10084 = DIRECTION('',(1.,0.,-0.));
#10085 = ORIENTED_EDGE('',*,*,#10086,.T.);
#10086 = EDGE_CURVE('',#10078,#2298,#10087,.T.);
#10087 = LINE('',#10088,#10089);
#10088 = CARTESIAN_POINT('',(-55.82329510699,-57.59072268514,18.2));
#10089 = VECTOR('',#10090,1.);
#10090 = DIRECTION('',(-0.691513055782,-0.72236396206,0.));
#10091 = ORIENTED_EDGE('',*,*,#2305,.T.);
#10092 = PLANE('',#10093);
#10093 = AXIS2_PLACEMENT_3D('',#10094,#10095,#10096);
#10094 = CARTESIAN_POINT('',(-55.82329510699,-57.59072268514,18.2));
#10095 = DIRECTION('',(0.,0.,1.));
#10096 = DIRECTION('',(-0.691513055782,-0.72236396206,0.));
#10097 = ADVANCED_FACE('',(#10098),#10109,.T.);
#10098 = FACE_BOUND('',#10099,.T.);
#10099 = EDGE_LOOP('',(#10100,#10101,#10107,#10108));
#10100 = ORIENTED_EDGE('',*,*,#10037,.F.);
#10101 = ORIENTED_EDGE('',*,*,#10102,.T.);
#10102 = EDGE_CURVE('',#10029,#10078,#10103,.T.);
#10103 = LINE('',#10104,#10105);
#10104 = CARTESIAN_POINT('',(-56.51374368379,-58.31197467795,7.99));
#10105 = VECTOR('',#10106,1.);
#10106 = DIRECTION('',(0.,0.,1.));
#10107 = ORIENTED_EDGE('',*,*,#10086,.T.);
#10108 = ORIENTED_EDGE('',*,*,#2297,.F.);
#10109 = PLANE('',#10110);
#10110 = AXIS2_PLACEMENT_3D('',#10111,#10112,#10113);
#10111 = CARTESIAN_POINT('',(-55.82329510699,-57.59072268514,14.7));
#10112 = DIRECTION('',(0.72236396206,-0.691513055782,0.));
#10113 = DIRECTION('',(0.,0.,1.));
#10114 = ADVANCED_FACE('',(#10115),#10141,.T.);
#10115 = FACE_BOUND('',#10116,.T.);
#10116 = EDGE_LOOP('',(#10117,#10125,#10134,#10140));
#10117 = ORIENTED_EDGE('',*,*,#10118,.F.);
#10118 = EDGE_CURVE('',#10119,#2325,#10121,.T.);
#10119 = VERTEX_POINT('',#10120);
#10120 = CARTESIAN_POINT('',(-53.16458270323,-61.38091529124,14.7));
#10121 = LINE('',#10122,#10123);
#10122 = CARTESIAN_POINT('',(-52.50625185054,-60.63023282659,14.7));
#10123 = VECTOR('',#10124,1.);
#10124 = DIRECTION('',(-0.6593458151,-0.751839807479,0.));
#10125 = ORIENTED_EDGE('',*,*,#10126,.F.);
#10126 = EDGE_CURVE('',#10127,#10119,#10129,.T.);
#10127 = VERTEX_POINT('',#10128);
#10128 = CARTESIAN_POINT('',(-53.9164225107,-60.72156947614,14.7));
#10129 = CIRCLE('',#10130,81.204);
#10130 = AXIS2_PLACEMENT_3D('',#10131,#10132,#10133);
#10131 = CARTESIAN_POINT('',(0.,0.,14.7));
#10132 = DIRECTION('',(0.,0.,1.));
#10133 = DIRECTION('',(1.,0.,-0.));
#10134 = ORIENTED_EDGE('',*,*,#10135,.T.);
#10135 = EDGE_CURVE('',#10127,#2323,#10136,.T.);
#10136 = LINE('',#10137,#10138);
#10137 = CARTESIAN_POINT('',(-53.25809165802,-59.97088701149,14.7));
#10138 = VECTOR('',#10139,1.);
#10139 = DIRECTION('',(-0.6593458151,-0.751839807479,0.));
#10140 = ORIENTED_EDGE('',*,*,#2322,.T.);
#10141 = PLANE('',#10142);
#10142 = AXIS2_PLACEMENT_3D('',#10143,#10144,#10145);
#10143 = CARTESIAN_POINT('',(-53.25809165802,-59.97088701149,14.7));
#10144 = DIRECTION('',(0.,0.,1.));
#10145 = DIRECTION('',(-0.6593458151,-0.751839807479,0.));
#10146 = ADVANCED_FACE('',(#10147),#10165,.F.);
#10147 = FACE_BOUND('',#10148,.F.);
#10148 = EDGE_LOOP('',(#10149,#10150,#10158,#10164));
#10149 = ORIENTED_EDGE('',*,*,#10118,.F.);
#10150 = ORIENTED_EDGE('',*,*,#10151,.T.);
#10151 = EDGE_CURVE('',#10119,#10152,#10154,.T.);
#10152 = VERTEX_POINT('',#10153);
#10153 = CARTESIAN_POINT('',(-53.16458270323,-61.38091529124,18.2));
#10154 = LINE('',#10155,#10156);
#10155 = CARTESIAN_POINT('',(-53.16458270323,-61.38091529124,7.99));
#10156 = VECTOR('',#10157,1.);
#10157 = DIRECTION('',(0.,0.,1.));
#10158 = ORIENTED_EDGE('',*,*,#10159,.T.);
#10159 = EDGE_CURVE('',#10152,#2342,#10160,.T.);
#10160 = LINE('',#10161,#10162);
#10161 = CARTESIAN_POINT('',(-52.50625185054,-60.63023282659,18.2));
#10162 = VECTOR('',#10163,1.);
#10163 = DIRECTION('',(-0.6593458151,-0.751839807479,0.));
#10164 = ORIENTED_EDGE('',*,*,#2350,.F.);
#10165 = PLANE('',#10166);
#10166 = AXIS2_PLACEMENT_3D('',#10167,#10168,#10169);
#10167 = CARTESIAN_POINT('',(-52.50625185054,-60.63023282659,14.7));
#10168 = DIRECTION('',(0.751839807479,-0.6593458151,0.));
#10169 = DIRECTION('',(0.,0.,1.));
#10170 = ADVANCED_FACE('',(#10171),#10190,.F.);
#10171 = FACE_BOUND('',#10172,.F.);
#10172 = EDGE_LOOP('',(#10173,#10174,#10183,#10189));
#10173 = ORIENTED_EDGE('',*,*,#10159,.F.);
#10174 = ORIENTED_EDGE('',*,*,#10175,.F.);
#10175 = EDGE_CURVE('',#10176,#10152,#10178,.T.);
#10176 = VERTEX_POINT('',#10177);
#10177 = CARTESIAN_POINT('',(-53.9164225107,-60.72156947614,18.2));
#10178 = CIRCLE('',#10179,81.204);
#10179 = AXIS2_PLACEMENT_3D('',#10180,#10181,#10182);
#10180 = CARTESIAN_POINT('',(0.,0.,18.2));
#10181 = DIRECTION('',(0.,0.,1.));
#10182 = DIRECTION('',(1.,0.,-0.));
#10183 = ORIENTED_EDGE('',*,*,#10184,.T.);
#10184 = EDGE_CURVE('',#10176,#2334,#10185,.T.);
#10185 = LINE('',#10186,#10187);
#10186 = CARTESIAN_POINT('',(-53.25809165802,-59.97088701149,18.2));
#10187 = VECTOR('',#10188,1.);
#10188 = DIRECTION('',(-0.6593458151,-0.751839807479,0.));
#10189 = ORIENTED_EDGE('',*,*,#2341,.T.);
#10190 = PLANE('',#10191);
#10191 = AXIS2_PLACEMENT_3D('',#10192,#10193,#10194);
#10192 = CARTESIAN_POINT('',(-53.25809165802,-59.97088701149,18.2));
#10193 = DIRECTION('',(0.,0.,1.));
#10194 = DIRECTION('',(-0.6593458151,-0.751839807479,0.));
#10195 = ADVANCED_FACE('',(#10196),#10207,.T.);
#10196 = FACE_BOUND('',#10197,.T.);
#10197 = EDGE_LOOP('',(#10198,#10199,#10205,#10206));
#10198 = ORIENTED_EDGE('',*,*,#10135,.F.);
#10199 = ORIENTED_EDGE('',*,*,#10200,.T.);
#10200 = EDGE_CURVE('',#10127,#10176,#10201,.T.);
#10201 = LINE('',#10202,#10203);
#10202 = CARTESIAN_POINT('',(-53.9164225107,-60.72156947614,7.99));
#10203 = VECTOR('',#10204,1.);
#10204 = DIRECTION('',(0.,0.,1.));
#10205 = ORIENTED_EDGE('',*,*,#10184,.T.);
#10206 = ORIENTED_EDGE('',*,*,#2333,.F.);
#10207 = PLANE('',#10208);
#10208 = AXIS2_PLACEMENT_3D('',#10209,#10210,#10211);
#10209 = CARTESIAN_POINT('',(-53.25809165802,-59.97088701149,14.7));
#10210 = DIRECTION('',(0.751839807479,-0.6593458151,0.));
#10211 = DIRECTION('',(0.,0.,1.));
#10212 = ADVANCED_FACE('',(#10213),#10239,.T.);
#10213 = FACE_BOUND('',#10214,.T.);
#10214 = EDGE_LOOP('',(#10215,#10223,#10232,#10238));
#10215 = ORIENTED_EDGE('',*,*,#10216,.F.);
#10216 = EDGE_CURVE('',#10217,#2361,#10219,.T.);
#10217 = VERTEX_POINT('',#10218);
#10218 = CARTESIAN_POINT('',(-50.43658387987,-63.64150078783,14.7));
#10219 = LINE('',#10220,#10221);
#10220 = CARTESIAN_POINT('',(-49.8116239215,-62.86281681807,14.7));
#10221 = VECTOR('',#10222,1.);
#10222 = DIRECTION('',(-0.625923472184,-0.779884483093,0.));
#10223 = ORIENTED_EDGE('',*,*,#10224,.F.);
#10224 = EDGE_CURVE('',#10225,#10217,#10227,.T.);
#10225 = VERTEX_POINT('',#10226);
#10226 = CARTESIAN_POINT('',(-51.21646836296,-63.01557731565,14.7));
#10227 = CIRCLE('',#10228,81.204);
#10228 = AXIS2_PLACEMENT_3D('',#10229,#10230,#10231);
#10229 = CARTESIAN_POINT('',(0.,0.,14.7));
#10230 = DIRECTION('',(0.,0.,1.));
#10231 = DIRECTION('',(1.,0.,-0.));
#10232 = ORIENTED_EDGE('',*,*,#10233,.T.);
#10233 = EDGE_CURVE('',#10225,#2359,#10234,.T.);
#10234 = LINE('',#10235,#10236);
#10235 = CARTESIAN_POINT('',(-50.59150840459,-62.23689334588,14.7));
#10236 = VECTOR('',#10237,1.);
#10237 = DIRECTION('',(-0.625923472184,-0.779884483093,0.));
#10238 = ORIENTED_EDGE('',*,*,#2358,.T.);
#10239 = PLANE('',#10240);
#10240 = AXIS2_PLACEMENT_3D('',#10241,#10242,#10243);
#10241 = CARTESIAN_POINT('',(-50.59150840459,-62.23689334588,14.7));
#10242 = DIRECTION('',(0.,0.,1.));
#10243 = DIRECTION('',(-0.625923472184,-0.779884483093,0.));
#10244 = ADVANCED_FACE('',(#10245),#10263,.F.);
#10245 = FACE_BOUND('',#10246,.F.);
#10246 = EDGE_LOOP('',(#10247,#10248,#10256,#10262));
#10247 = ORIENTED_EDGE('',*,*,#10216,.F.);
#10248 = ORIENTED_EDGE('',*,*,#10249,.T.);
#10249 = EDGE_CURVE('',#10217,#10250,#10252,.T.);
#10250 = VERTEX_POINT('',#10251);
#10251 = CARTESIAN_POINT('',(-50.43658387987,-63.64150078783,18.2));
#10252 = LINE('',#10253,#10254);
#10253 = CARTESIAN_POINT('',(-50.43658387987,-63.64150078783,7.99));
#10254 = VECTOR('',#10255,1.);
#10255 = DIRECTION('',(0.,0.,1.));
#10256 = ORIENTED_EDGE('',*,*,#10257,.T.);
#10257 = EDGE_CURVE('',#10250,#2378,#10258,.T.);
#10258 = LINE('',#10259,#10260);
#10259 = CARTESIAN_POINT('',(-49.8116239215,-62.86281681807,18.2));
#10260 = VECTOR('',#10261,1.);
#10261 = DIRECTION('',(-0.625923472184,-0.779884483093,0.));
#10262 = ORIENTED_EDGE('',*,*,#2386,.F.);
#10263 = PLANE('',#10264);
#10264 = AXIS2_PLACEMENT_3D('',#10265,#10266,#10267);
#10265 = CARTESIAN_POINT('',(-49.8116239215,-62.86281681807,14.7));
#10266 = DIRECTION('',(0.779884483093,-0.625923472184,0.));
#10267 = DIRECTION('',(0.,0.,1.));
#10268 = ADVANCED_FACE('',(#10269),#10288,.F.);
#10269 = FACE_BOUND('',#10270,.F.);
#10270 = EDGE_LOOP('',(#10271,#10272,#10281,#10287));
#10271 = ORIENTED_EDGE('',*,*,#10257,.F.);
#10272 = ORIENTED_EDGE('',*,*,#10273,.F.);
#10273 = EDGE_CURVE('',#10274,#10250,#10276,.T.);
#10274 = VERTEX_POINT('',#10275);
#10275 = CARTESIAN_POINT('',(-51.21646836296,-63.01557731565,18.2));
#10276 = CIRCLE('',#10277,81.204);
#10277 = AXIS2_PLACEMENT_3D('',#10278,#10279,#10280);
#10278 = CARTESIAN_POINT('',(0.,0.,18.2));
#10279 = DIRECTION('',(0.,0.,1.));
#10280 = DIRECTION('',(1.,0.,-0.));
#10281 = ORIENTED_EDGE('',*,*,#10282,.T.);
#10282 = EDGE_CURVE('',#10274,#2370,#10283,.T.);
#10283 = LINE('',#10284,#10285);
#10284 = CARTESIAN_POINT('',(-50.59150840459,-62.23689334588,18.2));
#10285 = VECTOR('',#10286,1.);
#10286 = DIRECTION('',(-0.625923472184,-0.779884483093,0.));
#10287 = ORIENTED_EDGE('',*,*,#2377,.T.);
#10288 = PLANE('',#10289);
#10289 = AXIS2_PLACEMENT_3D('',#10290,#10291,#10292);
#10290 = CARTESIAN_POINT('',(-50.59150840459,-62.23689334588,18.2));
#10291 = DIRECTION('',(0.,0.,1.));
#10292 = DIRECTION('',(-0.625923472184,-0.779884483093,0.));
#10293 = ADVANCED_FACE('',(#10294),#10305,.T.);
#10294 = FACE_BOUND('',#10295,.T.);
#10295 = EDGE_LOOP('',(#10296,#10297,#10303,#10304));
#10296 = ORIENTED_EDGE('',*,*,#10233,.F.);
#10297 = ORIENTED_EDGE('',*,*,#10298,.T.);
#10298 = EDGE_CURVE('',#10225,#10274,#10299,.T.);
#10299 = LINE('',#10300,#10301);
#10300 = CARTESIAN_POINT('',(-51.21646836296,-63.01557731565,7.99));
#10301 = VECTOR('',#10302,1.);
#10302 = DIRECTION('',(0.,0.,1.));
#10303 = ORIENTED_EDGE('',*,*,#10282,.T.);
#10304 = ORIENTED_EDGE('',*,*,#2369,.F.);
#10305 = PLANE('',#10306);
#10306 = AXIS2_PLACEMENT_3D('',#10307,#10308,#10309);
#10307 = CARTESIAN_POINT('',(-50.59150840459,-62.23689334588,14.7));
#10308 = DIRECTION('',(0.779884483093,-0.625923472184,0.));
#10309 = DIRECTION('',(0.,0.,1.));
#10310 = ADVANCED_FACE('',(#10311),#10337,.T.);
#10311 = FACE_BOUND('',#10312,.T.);
#10312 = EDGE_LOOP('',(#10313,#10321,#10330,#10336));
#10313 = ORIENTED_EDGE('',*,*,#10314,.F.);
#10314 = EDGE_CURVE('',#10315,#2397,#10317,.T.);
#10315 = VERTEX_POINT('',#10316);
#10316 = CARTESIAN_POINT('',(-47.61257615247,-65.78094107053,14.7));
#10317 = LINE('',#10318,#10319);
#10318 = CARTESIAN_POINT('',(-47.02217673521,-64.97573786485,14.7));
#10319 = VECTOR('',#10320,1.);
#10320 = DIRECTION('',(-0.591309648364,-0.806444604267,0.));
#10321 = ORIENTED_EDGE('',*,*,#10322,.F.);
#10322 = EDGE_CURVE('',#10323,#10315,#10325,.T.);
#10323 = VERTEX_POINT('',#10324);
#10324 = CARTESIAN_POINT('',(-48.41902075674,-65.18963142216,14.7));
#10325 = CIRCLE('',#10326,81.204);
#10326 = AXIS2_PLACEMENT_3D('',#10327,#10328,#10329);
#10327 = CARTESIAN_POINT('',(0.,0.,14.7));
#10328 = DIRECTION('',(0.,0.,1.));
#10329 = DIRECTION('',(1.,0.,-0.));
#10330 = ORIENTED_EDGE('',*,*,#10331,.T.);
#10331 = EDGE_CURVE('',#10323,#2395,#10332,.T.);
#10332 = LINE('',#10333,#10334);
#10333 = CARTESIAN_POINT('',(-47.82862133948,-64.38442821648,14.7));
#10334 = VECTOR('',#10335,1.);
#10335 = DIRECTION('',(-0.591309648364,-0.806444604267,0.));
#10336 = ORIENTED_EDGE('',*,*,#2394,.T.);
#10337 = PLANE('',#10338);
#10338 = AXIS2_PLACEMENT_3D('',#10339,#10340,#10341);
#10339 = CARTESIAN_POINT('',(-47.82862133948,-64.38442821648,14.7));
#10340 = DIRECTION('',(0.,0.,1.));
#10341 = DIRECTION('',(-0.591309648364,-0.806444604267,0.));
#10342 = ADVANCED_FACE('',(#10343),#10361,.F.);
#10343 = FACE_BOUND('',#10344,.F.);
#10344 = EDGE_LOOP('',(#10345,#10346,#10354,#10360));
#10345 = ORIENTED_EDGE('',*,*,#10314,.F.);
#10346 = ORIENTED_EDGE('',*,*,#10347,.T.);
#10347 = EDGE_CURVE('',#10315,#10348,#10350,.T.);
#10348 = VERTEX_POINT('',#10349);
#10349 = CARTESIAN_POINT('',(-47.61257615247,-65.78094107053,18.2));
#10350 = LINE('',#10351,#10352);
#10351 = CARTESIAN_POINT('',(-47.61257615247,-65.78094107053,7.99));
#10352 = VECTOR('',#10353,1.);
#10353 = DIRECTION('',(0.,0.,1.));
#10354 = ORIENTED_EDGE('',*,*,#10355,.T.);
#10355 = EDGE_CURVE('',#10348,#2414,#10356,.T.);
#10356 = LINE('',#10357,#10358);
#10357 = CARTESIAN_POINT('',(-47.02217673521,-64.97573786485,18.2));
#10358 = VECTOR('',#10359,1.);
#10359 = DIRECTION('',(-0.591309648364,-0.806444604267,0.));
#10360 = ORIENTED_EDGE('',*,*,#2422,.F.);
#10361 = PLANE('',#10362);
#10362 = AXIS2_PLACEMENT_3D('',#10363,#10364,#10365);
#10363 = CARTESIAN_POINT('',(-47.02217673521,-64.97573786485,14.7));
#10364 = DIRECTION('',(0.806444604267,-0.591309648364,0.));
#10365 = DIRECTION('',(0.,0.,1.));
#10366 = ADVANCED_FACE('',(#10367),#10386,.F.);
#10367 = FACE_BOUND('',#10368,.F.);
#10368 = EDGE_LOOP('',(#10369,#10370,#10379,#10385));
#10369 = ORIENTED_EDGE('',*,*,#10355,.F.);
#10370 = ORIENTED_EDGE('',*,*,#10371,.F.);
#10371 = EDGE_CURVE('',#10372,#10348,#10374,.T.);
#10372 = VERTEX_POINT('',#10373);
#10373 = CARTESIAN_POINT('',(-48.41902075674,-65.18963142216,18.2));
#10374 = CIRCLE('',#10375,81.204);
#10375 = AXIS2_PLACEMENT_3D('',#10376,#10377,#10378);
#10376 = CARTESIAN_POINT('',(0.,0.,18.2));
#10377 = DIRECTION('',(0.,0.,1.));
#10378 = DIRECTION('',(1.,0.,-0.));
#10379 = ORIENTED_EDGE('',*,*,#10380,.T.);
#10380 = EDGE_CURVE('',#10372,#2406,#10381,.T.);
#10381 = LINE('',#10382,#10383);
#10382 = CARTESIAN_POINT('',(-47.82862133948,-64.38442821648,18.2));
#10383 = VECTOR('',#10384,1.);
#10384 = DIRECTION('',(-0.591309648364,-0.806444604267,0.));
#10385 = ORIENTED_EDGE('',*,*,#2413,.T.);
#10386 = PLANE('',#10387);
#10387 = AXIS2_PLACEMENT_3D('',#10388,#10389,#10390);
#10388 = CARTESIAN_POINT('',(-47.82862133948,-64.38442821648,18.2));
#10389 = DIRECTION('',(0.,0.,1.));
#10390 = DIRECTION('',(-0.591309648364,-0.806444604267,0.));
#10391 = ADVANCED_FACE('',(#10392),#10403,.T.);
#10392 = FACE_BOUND('',#10393,.T.);
#10393 = EDGE_LOOP('',(#10394,#10395,#10401,#10402));
#10394 = ORIENTED_EDGE('',*,*,#10331,.F.);
#10395 = ORIENTED_EDGE('',*,*,#10396,.T.);
#10396 = EDGE_CURVE('',#10323,#10372,#10397,.T.);
#10397 = LINE('',#10398,#10399);
#10398 = CARTESIAN_POINT('',(-48.41902075674,-65.18963142216,7.99));
#10399 = VECTOR('',#10400,1.);
#10400 = DIRECTION('',(0.,0.,1.));
#10401 = ORIENTED_EDGE('',*,*,#10380,.T.);
#10402 = ORIENTED_EDGE('',*,*,#2405,.F.);
#10403 = PLANE('',#10404);
#10404 = AXIS2_PLACEMENT_3D('',#10405,#10406,#10407);
#10405 = CARTESIAN_POINT('',(-47.82862133948,-64.38442821648,14.7));
#10406 = DIRECTION('',(0.806444604267,-0.591309648364,0.));
#10407 = DIRECTION('',(0.,0.,1.));
#10408 = ADVANCED_FACE('',(#10409),#10435,.T.);
#10409 = FACE_BOUND('',#10410,.T.);
#10410 = EDGE_LOOP('',(#10411,#10419,#10428,#10434));
#10411 = ORIENTED_EDGE('',*,*,#10412,.F.);
#10412 = EDGE_CURVE('',#10413,#2433,#10415,.T.);
#10413 = VERTEX_POINT('',#10414);
#10414 = CARTESIAN_POINT('',(-32.24636649656,-74.52691771279,14.7));
#10415 = LINE('',#10416,#10417);
#10416 = CARTESIAN_POINT('',(-31.84423977387,-73.61301521622,14.7));
#10417 = VECTOR('',#10418,1.);
#10418 = DIRECTION('',(-0.402746689859,-0.915311479119,0.));
#10419 = ORIENTED_EDGE('',*,*,#10420,.F.);
#10420 = EDGE_CURVE('',#10421,#10413,#10423,.T.);
#10421 = VERTEX_POINT('',#10422);
#10422 = CARTESIAN_POINT('',(-33.16167797568,-74.12417102293,14.7));
#10423 = CIRCLE('',#10424,81.204);
#10424 = AXIS2_PLACEMENT_3D('',#10425,#10426,#10427);
#10425 = CARTESIAN_POINT('',(0.,0.,14.7));
#10426 = DIRECTION('',(0.,0.,1.));
#10427 = DIRECTION('',(1.,0.,-0.));
#10428 = ORIENTED_EDGE('',*,*,#10429,.T.);
#10429 = EDGE_CURVE('',#10421,#2431,#10430,.T.);
#10430 = LINE('',#10431,#10432);
#10431 = CARTESIAN_POINT('',(-32.75955125299,-73.21026852636,14.7));
#10432 = VECTOR('',#10433,1.);
#10433 = DIRECTION('',(-0.402746689859,-0.915311479119,0.));
#10434 = ORIENTED_EDGE('',*,*,#2430,.T.);
#10435 = PLANE('',#10436);
#10436 = AXIS2_PLACEMENT_3D('',#10437,#10438,#10439);
#10437 = CARTESIAN_POINT('',(-32.75955125299,-73.21026852636,14.7));
#10438 = DIRECTION('',(0.,0.,1.));
#10439 = DIRECTION('',(-0.402746689859,-0.915311479119,0.));
#10440 = ADVANCED_FACE('',(#10441),#10459,.F.);
#10441 = FACE_BOUND('',#10442,.F.);
#10442 = EDGE_LOOP('',(#10443,#10444,#10452,#10458));
#10443 = ORIENTED_EDGE('',*,*,#10412,.F.);
#10444 = ORIENTED_EDGE('',*,*,#10445,.T.);
#10445 = EDGE_CURVE('',#10413,#10446,#10448,.T.);
#10446 = VERTEX_POINT('',#10447);
#10447 = CARTESIAN_POINT('',(-32.24636649656,-74.52691771279,18.2));
#10448 = LINE('',#10449,#10450);
#10449 = CARTESIAN_POINT('',(-32.24636649656,-74.52691771279,7.99));
#10450 = VECTOR('',#10451,1.);
#10451 = DIRECTION('',(0.,0.,1.));
#10452 = ORIENTED_EDGE('',*,*,#10453,.T.);
#10453 = EDGE_CURVE('',#10446,#2450,#10454,.T.);
#10454 = LINE('',#10455,#10456);
#10455 = CARTESIAN_POINT('',(-31.84423977387,-73.61301521622,18.2));
#10456 = VECTOR('',#10457,1.);
#10457 = DIRECTION('',(-0.402746689859,-0.915311479119,0.));
#10458 = ORIENTED_EDGE('',*,*,#2458,.F.);
#10459 = PLANE('',#10460);
#10460 = AXIS2_PLACEMENT_3D('',#10461,#10462,#10463);
#10461 = CARTESIAN_POINT('',(-31.84423977387,-73.61301521622,14.7));
#10462 = DIRECTION('',(0.915311479119,-0.402746689859,0.));
#10463 = DIRECTION('',(0.,0.,1.));
#10464 = ADVANCED_FACE('',(#10465),#10484,.F.);
#10465 = FACE_BOUND('',#10466,.F.);
#10466 = EDGE_LOOP('',(#10467,#10468,#10477,#10483));
#10467 = ORIENTED_EDGE('',*,*,#10453,.F.);
#10468 = ORIENTED_EDGE('',*,*,#10469,.F.);
#10469 = EDGE_CURVE('',#10470,#10446,#10472,.T.);
#10470 = VERTEX_POINT('',#10471);
#10471 = CARTESIAN_POINT('',(-33.16167797568,-74.12417102293,18.2));
#10472 = CIRCLE('',#10473,81.204);
#10473 = AXIS2_PLACEMENT_3D('',#10474,#10475,#10476);
#10474 = CARTESIAN_POINT('',(0.,0.,18.2));
#10475 = DIRECTION('',(0.,0.,1.));
#10476 = DIRECTION('',(1.,0.,-0.));
#10477 = ORIENTED_EDGE('',*,*,#10478,.T.);
#10478 = EDGE_CURVE('',#10470,#2442,#10479,.T.);
#10479 = LINE('',#10480,#10481);
#10480 = CARTESIAN_POINT('',(-32.75955125299,-73.21026852636,18.2));
#10481 = VECTOR('',#10482,1.);
#10482 = DIRECTION('',(-0.402746689859,-0.915311479119,0.));
#10483 = ORIENTED_EDGE('',*,*,#2449,.T.);
#10484 = PLANE('',#10485);
#10485 = AXIS2_PLACEMENT_3D('',#10486,#10487,#10488);
#10486 = CARTESIAN_POINT('',(-32.75955125299,-73.21026852636,18.2));
#10487 = DIRECTION('',(0.,0.,1.));
#10488 = DIRECTION('',(-0.402746689859,-0.915311479119,0.));
#10489 = ADVANCED_FACE('',(#10490),#10501,.T.);
#10490 = FACE_BOUND('',#10491,.T.);
#10491 = EDGE_LOOP('',(#10492,#10493,#10499,#10500));
#10492 = ORIENTED_EDGE('',*,*,#10429,.F.);
#10493 = ORIENTED_EDGE('',*,*,#10494,.T.);
#10494 = EDGE_CURVE('',#10421,#10470,#10495,.T.);
#10495 = LINE('',#10496,#10497);
#10496 = CARTESIAN_POINT('',(-33.16167797568,-74.12417102293,7.99));
#10497 = VECTOR('',#10498,1.);
#10498 = DIRECTION('',(0.,0.,1.));
#10499 = ORIENTED_EDGE('',*,*,#10478,.T.);
#10500 = ORIENTED_EDGE('',*,*,#2441,.F.);
#10501 = PLANE('',#10502);
#10502 = AXIS2_PLACEMENT_3D('',#10503,#10504,#10505);
#10503 = CARTESIAN_POINT('',(-32.75955125299,-73.21026852636,14.7));
#10504 = DIRECTION('',(0.915311479119,-0.402746689859,0.));
#10505 = DIRECTION('',(0.,0.,1.));
#10506 = ADVANCED_FACE('',(#10507),#10533,.T.);
#10507 = FACE_BOUND('',#10508,.T.);
#10508 = EDGE_LOOP('',(#10509,#10517,#10526,#10532));
#10509 = ORIENTED_EDGE('',*,*,#10510,.F.);
#10510 = EDGE_CURVE('',#10511,#2469,#10513,.T.);
#10511 = VERTEX_POINT('',#10512);
#10512 = CARTESIAN_POINT('',(-28.96485660801,-75.86255135227,14.7));
#10513 = LINE('',#10514,#10515);
#10514 = CARTESIAN_POINT('',(-28.60297648786,-74.93197816709,14.7));
#10515 = VECTOR('',#10516,1.);
#10516 = DIRECTION('',(-0.362438038284,-0.932007869283,0.));
#10517 = ORIENTED_EDGE('',*,*,#10518,.F.);
#10518 = EDGE_CURVE('',#10519,#10511,#10521,.T.);
#10519 = VERTEX_POINT('',#10520);
#10520 = CARTESIAN_POINT('',(-29.89686447729,-75.50011331399,14.7));
#10521 = CIRCLE('',#10522,81.204);
#10522 = AXIS2_PLACEMENT_3D('',#10523,#10524,#10525);
#10523 = CARTESIAN_POINT('',(0.,0.,14.7));
#10524 = DIRECTION('',(0.,0.,1.));
#10525 = DIRECTION('',(1.,0.,-0.));
#10526 = ORIENTED_EDGE('',*,*,#10527,.T.);
#10527 = EDGE_CURVE('',#10519,#2467,#10528,.T.);
#10528 = LINE('',#10529,#10530);
#10529 = CARTESIAN_POINT('',(-29.53498435714,-74.56954012881,14.7));
#10530 = VECTOR('',#10531,1.);
#10531 = DIRECTION('',(-0.362438038284,-0.932007869283,0.));
#10532 = ORIENTED_EDGE('',*,*,#2466,.T.);
#10533 = PLANE('',#10534);
#10534 = AXIS2_PLACEMENT_3D('',#10535,#10536,#10537);
#10535 = CARTESIAN_POINT('',(-29.53498435714,-74.56954012881,14.7));
#10536 = DIRECTION('',(0.,0.,1.));
#10537 = DIRECTION('',(-0.362438038284,-0.932007869283,0.));
#10538 = ADVANCED_FACE('',(#10539),#10557,.F.);
#10539 = FACE_BOUND('',#10540,.F.);
#10540 = EDGE_LOOP('',(#10541,#10542,#10550,#10556));
#10541 = ORIENTED_EDGE('',*,*,#10510,.F.);
#10542 = ORIENTED_EDGE('',*,*,#10543,.T.);
#10543 = EDGE_CURVE('',#10511,#10544,#10546,.T.);
#10544 = VERTEX_POINT('',#10545);
#10545 = CARTESIAN_POINT('',(-28.96485660801,-75.86255135227,18.2));
#10546 = LINE('',#10547,#10548);
#10547 = CARTESIAN_POINT('',(-28.96485660801,-75.86255135227,7.99));
#10548 = VECTOR('',#10549,1.);
#10549 = DIRECTION('',(0.,0.,1.));
#10550 = ORIENTED_EDGE('',*,*,#10551,.T.);
#10551 = EDGE_CURVE('',#10544,#2486,#10552,.T.);
#10552 = LINE('',#10553,#10554);
#10553 = CARTESIAN_POINT('',(-28.60297648786,-74.93197816709,18.2));
#10554 = VECTOR('',#10555,1.);
#10555 = DIRECTION('',(-0.362438038284,-0.932007869283,0.));
#10556 = ORIENTED_EDGE('',*,*,#2494,.F.);
#10557 = PLANE('',#10558);
#10558 = AXIS2_PLACEMENT_3D('',#10559,#10560,#10561);
#10559 = CARTESIAN_POINT('',(-28.60297648786,-74.93197816709,14.7));
#10560 = DIRECTION('',(0.932007869283,-0.362438038284,0.));
#10561 = DIRECTION('',(0.,0.,1.));
#10562 = ADVANCED_FACE('',(#10563),#10582,.F.);
#10563 = FACE_BOUND('',#10564,.F.);
#10564 = EDGE_LOOP('',(#10565,#10566,#10575,#10581));
#10565 = ORIENTED_EDGE('',*,*,#10551,.F.);
#10566 = ORIENTED_EDGE('',*,*,#10567,.F.);
#10567 = EDGE_CURVE('',#10568,#10544,#10570,.T.);
#10568 = VERTEX_POINT('',#10569);
#10569 = CARTESIAN_POINT('',(-29.89686447729,-75.50011331399,18.2));
#10570 = CIRCLE('',#10571,81.204);
#10571 = AXIS2_PLACEMENT_3D('',#10572,#10573,#10574);
#10572 = CARTESIAN_POINT('',(0.,0.,18.2));
#10573 = DIRECTION('',(0.,0.,1.));
#10574 = DIRECTION('',(1.,0.,-0.));
#10575 = ORIENTED_EDGE('',*,*,#10576,.T.);
#10576 = EDGE_CURVE('',#10568,#2478,#10577,.T.);
#10577 = LINE('',#10578,#10579);
#10578 = CARTESIAN_POINT('',(-29.53498435714,-74.56954012881,18.2));
#10579 = VECTOR('',#10580,1.);
#10580 = DIRECTION('',(-0.362438038284,-0.932007869283,0.));
#10581 = ORIENTED_EDGE('',*,*,#2485,.T.);
#10582 = PLANE('',#10583);
#10583 = AXIS2_PLACEMENT_3D('',#10584,#10585,#10586);
#10584 = CARTESIAN_POINT('',(-29.53498435714,-74.56954012881,18.2));
#10585 = DIRECTION('',(0.,0.,1.));
#10586 = DIRECTION('',(-0.362438038284,-0.932007869283,0.));
#10587 = ADVANCED_FACE('',(#10588),#10599,.T.);
#10588 = FACE_BOUND('',#10589,.T.);
#10589 = EDGE_LOOP('',(#10590,#10591,#10597,#10598));
#10590 = ORIENTED_EDGE('',*,*,#10527,.F.);
#10591 = ORIENTED_EDGE('',*,*,#10592,.T.);
#10592 = EDGE_CURVE('',#10519,#10568,#10593,.T.);
#10593 = LINE('',#10594,#10595);
#10594 = CARTESIAN_POINT('',(-29.89686447729,-75.50011331399,7.99));
#10595 = VECTOR('',#10596,1.);
#10596 = DIRECTION('',(0.,0.,1.));
#10597 = ORIENTED_EDGE('',*,*,#10576,.T.);
#10598 = ORIENTED_EDGE('',*,*,#2477,.F.);
#10599 = PLANE('',#10600);
#10600 = AXIS2_PLACEMENT_3D('',#10601,#10602,#10603);
#10601 = CARTESIAN_POINT('',(-29.53498435714,-74.56954012881,14.7));
#10602 = DIRECTION('',(0.932007869283,-0.362438038284,0.));
#10603 = DIRECTION('',(0.,0.,1.));
#10604 = ADVANCED_FACE('',(#10605),#10631,.T.);
#10605 = FACE_BOUND('',#10606,.T.);
#10606 = EDGE_LOOP('',(#10607,#10615,#10624,#10630));
#10607 = ORIENTED_EDGE('',*,*,#10608,.F.);
#10608 = EDGE_CURVE('',#10609,#2505,#10611,.T.);
#10609 = VERTEX_POINT('',#10610);
#10610 = CARTESIAN_POINT('',(-25.62821046865,-77.05377631352,14.7));
#10611 = LINE('',#10612,#10613);
#10612 = CARTESIAN_POINT('',(-25.30726581042,-76.10830383867,14.7));
#10613 = VECTOR('',#10614,1.);
#10614 = DIRECTION('',(-0.321439465303,-0.946930129495,0.));
#10615 = ORIENTED_EDGE('',*,*,#10616,.F.);
#10616 = EDGE_CURVE('',#10617,#10609,#10619,.T.);
#10617 = VERTEX_POINT('',#10618);
#10618 = CARTESIAN_POINT('',(-26.57514059814,-76.73233684822,14.7));
#10619 = CIRCLE('',#10620,81.204);
#10620 = AXIS2_PLACEMENT_3D('',#10621,#10622,#10623);
#10621 = CARTESIAN_POINT('',(0.,0.,14.7));
#10622 = DIRECTION('',(0.,0.,1.));
#10623 = DIRECTION('',(1.,0.,-0.));
#10624 = ORIENTED_EDGE('',*,*,#10625,.T.);
#10625 = EDGE_CURVE('',#10617,#2503,#10626,.T.);
#10626 = LINE('',#10627,#10628);
#10627 = CARTESIAN_POINT('',(-26.25419593992,-75.78686437337,14.7));
#10628 = VECTOR('',#10629,1.);
#10629 = DIRECTION('',(-0.321439465303,-0.946930129495,0.));
#10630 = ORIENTED_EDGE('',*,*,#2502,.T.);
#10631 = PLANE('',#10632);
#10632 = AXIS2_PLACEMENT_3D('',#10633,#10634,#10635);
#10633 = CARTESIAN_POINT('',(-26.25419593992,-75.78686437337,14.7));
#10634 = DIRECTION('',(0.,0.,1.));
#10635 = DIRECTION('',(-0.321439465303,-0.946930129495,0.));
#10636 = ADVANCED_FACE('',(#10637),#10655,.F.);
#10637 = FACE_BOUND('',#10638,.F.);
#10638 = EDGE_LOOP('',(#10639,#10640,#10648,#10654));
#10639 = ORIENTED_EDGE('',*,*,#10608,.F.);
#10640 = ORIENTED_EDGE('',*,*,#10641,.T.);
#10641 = EDGE_CURVE('',#10609,#10642,#10644,.T.);
#10642 = VERTEX_POINT('',#10643);
#10643 = CARTESIAN_POINT('',(-25.62821046865,-77.05377631352,18.2));
#10644 = LINE('',#10645,#10646);
#10645 = CARTESIAN_POINT('',(-25.62821046865,-77.05377631352,7.99));
#10646 = VECTOR('',#10647,1.);
#10647 = DIRECTION('',(0.,0.,1.));
#10648 = ORIENTED_EDGE('',*,*,#10649,.T.);
#10649 = EDGE_CURVE('',#10642,#2522,#10650,.T.);
#10650 = LINE('',#10651,#10652);
#10651 = CARTESIAN_POINT('',(-25.30726581042,-76.10830383867,18.2));
#10652 = VECTOR('',#10653,1.);
#10653 = DIRECTION('',(-0.321439465303,-0.946930129495,0.));
#10654 = ORIENTED_EDGE('',*,*,#2530,.F.);
#10655 = PLANE('',#10656);
#10656 = AXIS2_PLACEMENT_3D('',#10657,#10658,#10659);
#10657 = CARTESIAN_POINT('',(-25.30726581042,-76.10830383867,14.7));
#10658 = DIRECTION('',(0.946930129495,-0.321439465303,0.));
#10659 = DIRECTION('',(0.,0.,1.));
#10660 = ADVANCED_FACE('',(#10661),#10680,.F.);
#10661 = FACE_BOUND('',#10662,.F.);
#10662 = EDGE_LOOP('',(#10663,#10664,#10673,#10679));
#10663 = ORIENTED_EDGE('',*,*,#10649,.F.);
#10664 = ORIENTED_EDGE('',*,*,#10665,.F.);
#10665 = EDGE_CURVE('',#10666,#10642,#10668,.T.);
#10666 = VERTEX_POINT('',#10667);
#10667 = CARTESIAN_POINT('',(-26.57514059814,-76.73233684822,18.2));
#10668 = CIRCLE('',#10669,81.204);
#10669 = AXIS2_PLACEMENT_3D('',#10670,#10671,#10672);
#10670 = CARTESIAN_POINT('',(0.,0.,18.2));
#10671 = DIRECTION('',(0.,0.,1.));
#10672 = DIRECTION('',(1.,0.,-0.));
#10673 = ORIENTED_EDGE('',*,*,#10674,.T.);
#10674 = EDGE_CURVE('',#10666,#2514,#10675,.T.);
#10675 = LINE('',#10676,#10677);
#10676 = CARTESIAN_POINT('',(-26.25419593992,-75.78686437337,18.2));
#10677 = VECTOR('',#10678,1.);
#10678 = DIRECTION('',(-0.321439465303,-0.946930129495,0.));
#10679 = ORIENTED_EDGE('',*,*,#2521,.T.);
#10680 = PLANE('',#10681);
#10681 = AXIS2_PLACEMENT_3D('',#10682,#10683,#10684);
#10682 = CARTESIAN_POINT('',(-26.25419593992,-75.78686437337,18.2));
#10683 = DIRECTION('',(0.,0.,1.));
#10684 = DIRECTION('',(-0.321439465303,-0.946930129495,0.));
#10685 = ADVANCED_FACE('',(#10686),#10697,.T.);
#10686 = FACE_BOUND('',#10687,.T.);
#10687 = EDGE_LOOP('',(#10688,#10689,#10695,#10696));
#10688 = ORIENTED_EDGE('',*,*,#10625,.F.);
#10689 = ORIENTED_EDGE('',*,*,#10690,.T.);
#10690 = EDGE_CURVE('',#10617,#10666,#10691,.T.);
#10691 = LINE('',#10692,#10693);
#10692 = CARTESIAN_POINT('',(-26.57514059814,-76.73233684822,7.99));
#10693 = VECTOR('',#10694,1.);
#10694 = DIRECTION('',(0.,0.,1.));
#10695 = ORIENTED_EDGE('',*,*,#10674,.T.);
#10696 = ORIENTED_EDGE('',*,*,#2513,.F.);
#10697 = PLANE('',#10698);
#10698 = AXIS2_PLACEMENT_3D('',#10699,#10700,#10701);
#10699 = CARTESIAN_POINT('',(-26.25419593992,-75.78686437337,14.7));
#10700 = DIRECTION('',(0.946930129495,-0.321439465303,0.));
#10701 = DIRECTION('',(0.,0.,1.));
#10702 = ADVANCED_FACE('',(#10703),#10729,.T.);
#10703 = FACE_BOUND('',#10704,.T.);
#10704 = EDGE_LOOP('',(#10705,#10713,#10722,#10728));
#10705 = ORIENTED_EDGE('',*,*,#10706,.F.);
#10706 = EDGE_CURVE('',#10707,#2541,#10709,.T.);
#10707 = VERTEX_POINT('',#10708);
#10708 = CARTESIAN_POINT('',(9.337286290625,-80.66538725331,14.7));
#10709 = LINE('',#10710,#10711);
#10710 = CARTESIAN_POINT('',(9.228586999738,-79.67286111335,14.7));
#10711 = VECTOR('',#10712,1.);
#10712 = DIRECTION('',(0.108866874852,-0.994056338222,0.));
#10713 = ORIENTED_EDGE('',*,*,#10714,.F.);
#10714 = EDGE_CURVE('',#10715,#10707,#10717,.T.);
#10715 = VERTEX_POINT('',#10716);
#10716 = CARTESIAN_POINT('',(8.343229952402,-80.77425412816,14.7));
#10717 = CIRCLE('',#10718,81.204);
#10718 = AXIS2_PLACEMENT_3D('',#10719,#10720,#10721);
#10719 = CARTESIAN_POINT('',(0.,0.,14.7));
#10720 = DIRECTION('',(0.,0.,1.));
#10721 = DIRECTION('',(1.,0.,-0.));
#10722 = ORIENTED_EDGE('',*,*,#10723,.T.);
#10723 = EDGE_CURVE('',#10715,#2539,#10724,.T.);
#10724 = LINE('',#10725,#10726);
#10725 = CARTESIAN_POINT('',(8.234530661516,-79.7817279882,14.7));
#10726 = VECTOR('',#10727,1.);
#10727 = DIRECTION('',(0.108866874852,-0.994056338222,0.));
#10728 = ORIENTED_EDGE('',*,*,#2538,.T.);
#10729 = PLANE('',#10730);
#10730 = AXIS2_PLACEMENT_3D('',#10731,#10732,#10733);
#10731 = CARTESIAN_POINT('',(8.234530661516,-79.7817279882,14.7));
#10732 = DIRECTION('',(0.,0.,1.));
#10733 = DIRECTION('',(0.108866874852,-0.994056338222,0.));
#10734 = ADVANCED_FACE('',(#10735),#10753,.F.);
#10735 = FACE_BOUND('',#10736,.F.);
#10736 = EDGE_LOOP('',(#10737,#10738,#10746,#10752));
#10737 = ORIENTED_EDGE('',*,*,#10706,.F.);
#10738 = ORIENTED_EDGE('',*,*,#10739,.T.);
#10739 = EDGE_CURVE('',#10707,#10740,#10742,.T.);
#10740 = VERTEX_POINT('',#10741);
#10741 = CARTESIAN_POINT('',(9.337286290625,-80.66538725331,18.2));
#10742 = LINE('',#10743,#10744);
#10743 = CARTESIAN_POINT('',(9.337286290625,-80.66538725331,7.99));
#10744 = VECTOR('',#10745,1.);
#10745 = DIRECTION('',(0.,0.,1.));
#10746 = ORIENTED_EDGE('',*,*,#10747,.T.);
#10747 = EDGE_CURVE('',#10740,#2558,#10748,.T.);
#10748 = LINE('',#10749,#10750);
#10749 = CARTESIAN_POINT('',(9.228586999738,-79.67286111335,18.2));
#10750 = VECTOR('',#10751,1.);
#10751 = DIRECTION('',(0.108866874852,-0.994056338222,0.));
#10752 = ORIENTED_EDGE('',*,*,#2566,.F.);
#10753 = PLANE('',#10754);
#10754 = AXIS2_PLACEMENT_3D('',#10755,#10756,#10757);
#10755 = CARTESIAN_POINT('',(9.228586999738,-79.67286111335,14.7));
#10756 = DIRECTION('',(0.994056338222,0.108866874852,0.));
#10757 = DIRECTION('',(0.,0.,1.));
#10758 = ADVANCED_FACE('',(#10759),#10778,.F.);
#10759 = FACE_BOUND('',#10760,.F.);
#10760 = EDGE_LOOP('',(#10761,#10762,#10771,#10777));
#10761 = ORIENTED_EDGE('',*,*,#10747,.F.);
#10762 = ORIENTED_EDGE('',*,*,#10763,.F.);
#10763 = EDGE_CURVE('',#10764,#10740,#10766,.T.);
#10764 = VERTEX_POINT('',#10765);
#10765 = CARTESIAN_POINT('',(8.343229952402,-80.77425412816,18.2));
#10766 = CIRCLE('',#10767,81.204);
#10767 = AXIS2_PLACEMENT_3D('',#10768,#10769,#10770);
#10768 = CARTESIAN_POINT('',(0.,0.,18.2));
#10769 = DIRECTION('',(0.,0.,1.));
#10770 = DIRECTION('',(1.,0.,-0.));
#10771 = ORIENTED_EDGE('',*,*,#10772,.T.);
#10772 = EDGE_CURVE('',#10764,#2550,#10773,.T.);
#10773 = LINE('',#10774,#10775);
#10774 = CARTESIAN_POINT('',(8.234530661516,-79.7817279882,18.2));
#10775 = VECTOR('',#10776,1.);
#10776 = DIRECTION('',(0.108866874852,-0.994056338222,0.));
#10777 = ORIENTED_EDGE('',*,*,#2557,.T.);
#10778 = PLANE('',#10779);
#10779 = AXIS2_PLACEMENT_3D('',#10780,#10781,#10782);
#10780 = CARTESIAN_POINT('',(8.234530661516,-79.7817279882,18.2));
#10781 = DIRECTION('',(0.,0.,1.));
#10782 = DIRECTION('',(0.108866874852,-0.994056338222,0.));
#10783 = ADVANCED_FACE('',(#10784),#10795,.T.);
#10784 = FACE_BOUND('',#10785,.T.);
#10785 = EDGE_LOOP('',(#10786,#10787,#10793,#10794));
#10786 = ORIENTED_EDGE('',*,*,#10723,.F.);
#10787 = ORIENTED_EDGE('',*,*,#10788,.T.);
#10788 = EDGE_CURVE('',#10715,#10764,#10789,.T.);
#10789 = LINE('',#10790,#10791);
#10790 = CARTESIAN_POINT('',(8.343229952402,-80.77425412816,7.99));
#10791 = VECTOR('',#10792,1.);
#10792 = DIRECTION('',(0.,0.,1.));
#10793 = ORIENTED_EDGE('',*,*,#10772,.T.);
#10794 = ORIENTED_EDGE('',*,*,#2549,.F.);
#10795 = PLANE('',#10796);
#10796 = AXIS2_PLACEMENT_3D('',#10797,#10798,#10799);
#10797 = CARTESIAN_POINT('',(8.234530661516,-79.7817279882,14.7));
#10798 = DIRECTION('',(0.994056338222,0.108866874852,0.));
#10799 = DIRECTION('',(0.,0.,1.));
#10800 = ADVANCED_FACE('',(#10801),#10827,.T.);
#10801 = FACE_BOUND('',#10802,.T.);
#10802 = EDGE_LOOP('',(#10803,#10811,#10820,#10826));
#10803 = ORIENTED_EDGE('',*,*,#10804,.F.);
#10804 = EDGE_CURVE('',#10805,#2577,#10807,.T.);
#10805 = VERTEX_POINT('',#10806);
#10806 = CARTESIAN_POINT('',(12.846974036626,-80.18132497098,14.7));
#10807 = LINE('',#10808,#10809);
#10808 = CARTESIAN_POINT('',(12.69508482121,-79.19448489246,14.7));
#10809 = VECTOR('',#10810,1.);
#10810 = DIRECTION('',(0.15212338619,-0.988361510468,0.));
#10811 = ORIENTED_EDGE('',*,*,#10812,.F.);
#10812 = EDGE_CURVE('',#10813,#10805,#10815,.T.);
#10813 = VERTEX_POINT('',#10814);
#10814 = CARTESIAN_POINT('',(11.858612526158,-80.33344835717,14.7));
#10815 = CIRCLE('',#10816,81.204);
#10816 = AXIS2_PLACEMENT_3D('',#10817,#10818,#10819);
#10817 = CARTESIAN_POINT('',(0.,0.,14.7));
#10818 = DIRECTION('',(0.,0.,1.));
#10819 = DIRECTION('',(1.,0.,-0.));
#10820 = ORIENTED_EDGE('',*,*,#10821,.T.);
#10821 = EDGE_CURVE('',#10813,#2575,#10822,.T.);
#10822 = LINE('',#10823,#10824);
#10823 = CARTESIAN_POINT('',(11.706723310742,-79.34660827865,14.7));
#10824 = VECTOR('',#10825,1.);
#10825 = DIRECTION('',(0.15212338619,-0.988361510468,0.));
#10826 = ORIENTED_EDGE('',*,*,#2574,.T.);
#10827 = PLANE('',#10828);
#10828 = AXIS2_PLACEMENT_3D('',#10829,#10830,#10831);
#10829 = CARTESIAN_POINT('',(11.706723310742,-79.34660827865,14.7));
#10830 = DIRECTION('',(0.,0.,1.));
#10831 = DIRECTION('',(0.15212338619,-0.988361510468,0.));
#10832 = ADVANCED_FACE('',(#10833),#10851,.F.);
#10833 = FACE_BOUND('',#10834,.F.);
#10834 = EDGE_LOOP('',(#10835,#10836,#10844,#10850));
#10835 = ORIENTED_EDGE('',*,*,#10804,.F.);
#10836 = ORIENTED_EDGE('',*,*,#10837,.T.);
#10837 = EDGE_CURVE('',#10805,#10838,#10840,.T.);
#10838 = VERTEX_POINT('',#10839);
#10839 = CARTESIAN_POINT('',(12.846974036626,-80.18132497098,18.2));
#10840 = LINE('',#10841,#10842);
#10841 = CARTESIAN_POINT('',(12.846974036626,-80.18132497098,7.99));
#10842 = VECTOR('',#10843,1.);
#10843 = DIRECTION('',(0.,0.,1.));
#10844 = ORIENTED_EDGE('',*,*,#10845,.T.);
#10845 = EDGE_CURVE('',#10838,#2594,#10846,.T.);
#10846 = LINE('',#10847,#10848);
#10847 = CARTESIAN_POINT('',(12.69508482121,-79.19448489246,18.2));
#10848 = VECTOR('',#10849,1.);
#10849 = DIRECTION('',(0.15212338619,-0.988361510468,0.));
#10850 = ORIENTED_EDGE('',*,*,#2602,.F.);
#10851 = PLANE('',#10852);
#10852 = AXIS2_PLACEMENT_3D('',#10853,#10854,#10855);
#10853 = CARTESIAN_POINT('',(12.69508482121,-79.19448489246,14.7));
#10854 = DIRECTION('',(0.988361510468,0.15212338619,0.));
#10855 = DIRECTION('',(0.,0.,1.));
#10856 = ADVANCED_FACE('',(#10857),#10876,.F.);
#10857 = FACE_BOUND('',#10858,.F.);
#10858 = EDGE_LOOP('',(#10859,#10860,#10869,#10875));
#10859 = ORIENTED_EDGE('',*,*,#10845,.F.);
#10860 = ORIENTED_EDGE('',*,*,#10861,.F.);
#10861 = EDGE_CURVE('',#10862,#10838,#10864,.T.);
#10862 = VERTEX_POINT('',#10863);
#10863 = CARTESIAN_POINT('',(11.858612526158,-80.33344835717,18.2));
#10864 = CIRCLE('',#10865,81.204);
#10865 = AXIS2_PLACEMENT_3D('',#10866,#10867,#10868);
#10866 = CARTESIAN_POINT('',(0.,0.,18.2));
#10867 = DIRECTION('',(0.,0.,1.));
#10868 = DIRECTION('',(1.,0.,-0.));
#10869 = ORIENTED_EDGE('',*,*,#10870,.T.);
#10870 = EDGE_CURVE('',#10862,#2586,#10871,.T.);
#10871 = LINE('',#10872,#10873);
#10872 = CARTESIAN_POINT('',(11.706723310742,-79.34660827865,18.2));
#10873 = VECTOR('',#10874,1.);
#10874 = DIRECTION('',(0.15212338619,-0.988361510468,0.));
#10875 = ORIENTED_EDGE('',*,*,#2593,.T.);
#10876 = PLANE('',#10877);
#10877 = AXIS2_PLACEMENT_3D('',#10878,#10879,#10880);
#10878 = CARTESIAN_POINT('',(11.706723310742,-79.34660827865,18.2));
#10879 = DIRECTION('',(0.,0.,1.));
#10880 = DIRECTION('',(0.15212338619,-0.988361510468,0.));
#10881 = ADVANCED_FACE('',(#10882),#10893,.T.);
#10882 = FACE_BOUND('',#10883,.T.);
#10883 = EDGE_LOOP('',(#10884,#10885,#10891,#10892));
#10884 = ORIENTED_EDGE('',*,*,#10821,.F.);
#10885 = ORIENTED_EDGE('',*,*,#10886,.T.);
#10886 = EDGE_CURVE('',#10813,#10862,#10887,.T.);
#10887 = LINE('',#10888,#10889);
#10888 = CARTESIAN_POINT('',(11.858612526158,-80.33344835717,7.99));
#10889 = VECTOR('',#10890,1.);
#10890 = DIRECTION('',(0.,0.,1.));
#10891 = ORIENTED_EDGE('',*,*,#10870,.T.);
#10892 = ORIENTED_EDGE('',*,*,#2585,.F.);
#10893 = PLANE('',#10894);
#10894 = AXIS2_PLACEMENT_3D('',#10895,#10896,#10897);
#10895 = CARTESIAN_POINT('',(11.706723310742,-79.34660827865,14.7));
#10896 = DIRECTION('',(0.988361510468,0.15212338619,0.));
#10897 = DIRECTION('',(0.,0.,1.));
#10898 = ADVANCED_FACE('',(#10899),#10925,.T.);
#10899 = FACE_BOUND('',#10900,.T.);
#10900 = EDGE_LOOP('',(#10901,#10909,#10918,#10924));
#10901 = ORIENTED_EDGE('',*,*,#10902,.F.);
#10902 = EDGE_CURVE('',#10903,#2613,#10905,.T.);
#10903 = VERTEX_POINT('',#10904);
#10904 = CARTESIAN_POINT('',(16.332206837375,-79.54463297936,14.7));
#10905 = LINE('',#10906,#10907);
#10906 = CARTESIAN_POINT('',(16.137416827183,-78.56535746845,14.7));
#10907 = VECTOR('',#10908,1.);
#10908 = DIRECTION('',(0.195090322016,-0.980785280403,0.));
#10909 = ORIENTED_EDGE('',*,*,#10910,.F.);
#10910 = EDGE_CURVE('',#10911,#10903,#10913,.T.);
#10911 = VERTEX_POINT('',#10912);
#10912 = CARTESIAN_POINT('',(15.351421556972,-79.73972330137,14.7));
#10913 = CIRCLE('',#10914,81.204);
#10914 = AXIS2_PLACEMENT_3D('',#10915,#10916,#10917);
#10915 = CARTESIAN_POINT('',(0.,0.,14.7));
#10916 = DIRECTION('',(0.,0.,1.));
#10917 = DIRECTION('',(1.,0.,-0.));
#10918 = ORIENTED_EDGE('',*,*,#10919,.T.);
#10919 = EDGE_CURVE('',#10911,#2611,#10920,.T.);
#10920 = LINE('',#10921,#10922);
#10921 = CARTESIAN_POINT('',(15.15663154678,-78.76044779046,14.7));
#10922 = VECTOR('',#10923,1.);
#10923 = DIRECTION('',(0.195090322016,-0.980785280403,0.));
#10924 = ORIENTED_EDGE('',*,*,#2610,.T.);
#10925 = PLANE('',#10926);
#10926 = AXIS2_PLACEMENT_3D('',#10927,#10928,#10929);
#10927 = CARTESIAN_POINT('',(15.15663154678,-78.76044779046,14.7));
#10928 = DIRECTION('',(0.,0.,1.));
#10929 = DIRECTION('',(0.195090322016,-0.980785280403,0.));
#10930 = ADVANCED_FACE('',(#10931),#10949,.F.);
#10931 = FACE_BOUND('',#10932,.F.);
#10932 = EDGE_LOOP('',(#10933,#10934,#10942,#10948));
#10933 = ORIENTED_EDGE('',*,*,#10902,.F.);
#10934 = ORIENTED_EDGE('',*,*,#10935,.T.);
#10935 = EDGE_CURVE('',#10903,#10936,#10938,.T.);
#10936 = VERTEX_POINT('',#10937);
#10937 = CARTESIAN_POINT('',(16.332206837375,-79.54463297936,18.2));
#10938 = LINE('',#10939,#10940);
#10939 = CARTESIAN_POINT('',(16.332206837375,-79.54463297936,7.99));
#10940 = VECTOR('',#10941,1.);
#10941 = DIRECTION('',(0.,0.,1.));
#10942 = ORIENTED_EDGE('',*,*,#10943,.T.);
#10943 = EDGE_CURVE('',#10936,#2630,#10944,.T.);
#10944 = LINE('',#10945,#10946);
#10945 = CARTESIAN_POINT('',(16.137416827183,-78.56535746845,18.2));
#10946 = VECTOR('',#10947,1.);
#10947 = DIRECTION('',(0.195090322016,-0.980785280403,0.));
#10948 = ORIENTED_EDGE('',*,*,#2638,.F.);
#10949 = PLANE('',#10950);
#10950 = AXIS2_PLACEMENT_3D('',#10951,#10952,#10953);
#10951 = CARTESIAN_POINT('',(16.137416827183,-78.56535746845,14.7));
#10952 = DIRECTION('',(0.980785280403,0.195090322016,0.));
#10953 = DIRECTION('',(0.,0.,1.));
#10954 = ADVANCED_FACE('',(#10955),#10974,.F.);
#10955 = FACE_BOUND('',#10956,.F.);
#10956 = EDGE_LOOP('',(#10957,#10958,#10967,#10973));
#10957 = ORIENTED_EDGE('',*,*,#10943,.F.);
#10958 = ORIENTED_EDGE('',*,*,#10959,.F.);
#10959 = EDGE_CURVE('',#10960,#10936,#10962,.T.);
#10960 = VERTEX_POINT('',#10961);
#10961 = CARTESIAN_POINT('',(15.351421556972,-79.73972330137,18.2));
#10962 = CIRCLE('',#10963,81.204);
#10963 = AXIS2_PLACEMENT_3D('',#10964,#10965,#10966);
#10964 = CARTESIAN_POINT('',(0.,0.,18.2));
#10965 = DIRECTION('',(0.,0.,1.));
#10966 = DIRECTION('',(1.,0.,-0.));
#10967 = ORIENTED_EDGE('',*,*,#10968,.T.);
#10968 = EDGE_CURVE('',#10960,#2622,#10969,.T.);
#10969 = LINE('',#10970,#10971);
#10970 = CARTESIAN_POINT('',(15.15663154678,-78.76044779046,18.2));
#10971 = VECTOR('',#10972,1.);
#10972 = DIRECTION('',(0.195090322016,-0.980785280403,0.));
#10973 = ORIENTED_EDGE('',*,*,#2629,.T.);
#10974 = PLANE('',#10975);
#10975 = AXIS2_PLACEMENT_3D('',#10976,#10977,#10978);
#10976 = CARTESIAN_POINT('',(15.15663154678,-78.76044779046,18.2));
#10977 = DIRECTION('',(0.,0.,1.));
#10978 = DIRECTION('',(0.195090322016,-0.980785280403,0.));
#10979 = ADVANCED_FACE('',(#10980),#10991,.T.);
#10980 = FACE_BOUND('',#10981,.T.);
#10981 = EDGE_LOOP('',(#10982,#10983,#10989,#10990));
#10982 = ORIENTED_EDGE('',*,*,#10919,.F.);
#10983 = ORIENTED_EDGE('',*,*,#10984,.T.);
#10984 = EDGE_CURVE('',#10911,#10960,#10985,.T.);
#10985 = LINE('',#10986,#10987);
#10986 = CARTESIAN_POINT('',(15.351421556972,-79.73972330137,7.99));
#10987 = VECTOR('',#10988,1.);
#10988 = DIRECTION('',(0.,0.,1.));
#10989 = ORIENTED_EDGE('',*,*,#10968,.T.);
#10990 = ORIENTED_EDGE('',*,*,#2621,.F.);
#10991 = PLANE('',#10992);
#10992 = AXIS2_PLACEMENT_3D('',#10993,#10994,#10995);
#10993 = CARTESIAN_POINT('',(15.15663154678,-78.76044779046,14.7));
#10994 = DIRECTION('',(0.980785280403,0.195090322016,0.));
#10995 = DIRECTION('',(0.,0.,1.));
#10996 = ADVANCED_FACE('',(#10997),#11023,.T.);
#10997 = FACE_BOUND('',#10998,.T.);
#10998 = EDGE_LOOP('',(#10999,#11007,#11016,#11022));
#10999 = ORIENTED_EDGE('',*,*,#11000,.F.);
#11000 = EDGE_CURVE('',#11001,#2649,#11003,.T.);
#11001 = VERTEX_POINT('',#11002);
#11002 = CARTESIAN_POINT('',(19.786350354147,-78.75652325784,14.7));
#11003 = LINE('',#11004,#11005);
#11004 = CARTESIAN_POINT('',(19.549030343035,-77.78667642114,14.7));
#11005 = VECTOR('',#11006,1.);
#11006 = DIRECTION('',(0.237685892326,-0.971342069813,0.));
#11007 = ORIENTED_EDGE('',*,*,#11008,.F.);
#11008 = EDGE_CURVE('',#11009,#11001,#11011,.T.);
#11009 = VERTEX_POINT('',#11010);
#11010 = CARTESIAN_POINT('',(18.815008284333,-78.99420915016,14.7));
#11011 = CIRCLE('',#11012,81.204);
#11012 = AXIS2_PLACEMENT_3D('',#11013,#11014,#11015);
#11013 = CARTESIAN_POINT('',(0.,0.,14.7));
#11014 = DIRECTION('',(0.,0.,1.));
#11015 = DIRECTION('',(1.,0.,-0.));
#11016 = ORIENTED_EDGE('',*,*,#11017,.T.);
#11017 = EDGE_CURVE('',#11009,#2647,#11018,.T.);
#11018 = LINE('',#11019,#11020);
#11019 = CARTESIAN_POINT('',(18.577688273222,-78.02436231346,14.7));
#11020 = VECTOR('',#11021,1.);
#11021 = DIRECTION('',(0.237685892326,-0.971342069813,0.));
#11022 = ORIENTED_EDGE('',*,*,#2646,.T.);
#11023 = PLANE('',#11024);
#11024 = AXIS2_PLACEMENT_3D('',#11025,#11026,#11027);
#11025 = CARTESIAN_POINT('',(18.577688273222,-78.02436231346,14.7));
#11026 = DIRECTION('',(0.,0.,1.));
#11027 = DIRECTION('',(0.237685892326,-0.971342069813,0.));
#11028 = ADVANCED_FACE('',(#11029),#11047,.F.);
#11029 = FACE_BOUND('',#11030,.F.);
#11030 = EDGE_LOOP('',(#11031,#11032,#11040,#11046));
#11031 = ORIENTED_EDGE('',*,*,#11000,.F.);
#11032 = ORIENTED_EDGE('',*,*,#11033,.T.);
#11033 = EDGE_CURVE('',#11001,#11034,#11036,.T.);
#11034 = VERTEX_POINT('',#11035);
#11035 = CARTESIAN_POINT('',(19.786350354147,-78.75652325784,18.2));
#11036 = LINE('',#11037,#11038);
#11037 = CARTESIAN_POINT('',(19.786350354147,-78.75652325784,7.99));
#11038 = VECTOR('',#11039,1.);
#11039 = DIRECTION('',(0.,0.,1.));
#11040 = ORIENTED_EDGE('',*,*,#11041,.T.);
#11041 = EDGE_CURVE('',#11034,#2666,#11042,.T.);
#11042 = LINE('',#11043,#11044);
#11043 = CARTESIAN_POINT('',(19.549030343035,-77.78667642114,18.2));
#11044 = VECTOR('',#11045,1.);
#11045 = DIRECTION('',(0.237685892326,-0.971342069813,0.));
#11046 = ORIENTED_EDGE('',*,*,#2674,.F.);
#11047 = PLANE('',#11048);
#11048 = AXIS2_PLACEMENT_3D('',#11049,#11050,#11051);
#11049 = CARTESIAN_POINT('',(19.549030343035,-77.78667642114,14.7));
#11050 = DIRECTION('',(0.971342069813,0.237685892326,0.));
#11051 = DIRECTION('',(0.,0.,1.));
#11052 = ADVANCED_FACE('',(#11053),#11072,.F.);
#11053 = FACE_BOUND('',#11054,.F.);
#11054 = EDGE_LOOP('',(#11055,#11056,#11065,#11071));
#11055 = ORIENTED_EDGE('',*,*,#11041,.F.);
#11056 = ORIENTED_EDGE('',*,*,#11057,.F.);
#11057 = EDGE_CURVE('',#11058,#11034,#11060,.T.);
#11058 = VERTEX_POINT('',#11059);
#11059 = CARTESIAN_POINT('',(18.815008284333,-78.99420915016,18.2));
#11060 = CIRCLE('',#11061,81.204);
#11061 = AXIS2_PLACEMENT_3D('',#11062,#11063,#11064);
#11062 = CARTESIAN_POINT('',(0.,0.,18.2));
#11063 = DIRECTION('',(0.,0.,1.));
#11064 = DIRECTION('',(1.,0.,-0.));
#11065 = ORIENTED_EDGE('',*,*,#11066,.T.);
#11066 = EDGE_CURVE('',#11058,#2658,#11067,.T.);
#11067 = LINE('',#11068,#11069);
#11068 = CARTESIAN_POINT('',(18.577688273222,-78.02436231346,18.2));
#11069 = VECTOR('',#11070,1.);
#11070 = DIRECTION('',(0.237685892326,-0.971342069813,0.));
#11071 = ORIENTED_EDGE('',*,*,#2665,.T.);
#11072 = PLANE('',#11073);
#11073 = AXIS2_PLACEMENT_3D('',#11074,#11075,#11076);
#11074 = CARTESIAN_POINT('',(18.577688273222,-78.02436231346,18.2));
#11075 = DIRECTION('',(0.,0.,1.));
#11076 = DIRECTION('',(0.237685892326,-0.971342069813,0.));
#11077 = ADVANCED_FACE('',(#11078),#11089,.T.);
#11078 = FACE_BOUND('',#11079,.T.);
#11079 = EDGE_LOOP('',(#11080,#11081,#11087,#11088));
#11080 = ORIENTED_EDGE('',*,*,#11017,.F.);
#11081 = ORIENTED_EDGE('',*,*,#11082,.T.);
#11082 = EDGE_CURVE('',#11009,#11058,#11083,.T.);
#11083 = LINE('',#11084,#11085);
#11084 = CARTESIAN_POINT('',(18.815008284333,-78.99420915016,7.99));
#11085 = VECTOR('',#11086,1.);
#11086 = DIRECTION('',(0.,0.,1.));
#11087 = ORIENTED_EDGE('',*,*,#11066,.T.);
#11088 = ORIENTED_EDGE('',*,*,#2657,.F.);
#11089 = PLANE('',#11090);
#11090 = AXIS2_PLACEMENT_3D('',#11091,#11092,#11093);
#11091 = CARTESIAN_POINT('',(18.577688273222,-78.02436231346,14.7));
#11092 = DIRECTION('',(0.971342069813,0.237685892326,0.));
#11093 = DIRECTION('',(0.,0.,1.));
#11094 = ADVANCED_FACE('',(#11095),#11121,.T.);
#11095 = FACE_BOUND('',#11096,.T.);
#11096 = EDGE_LOOP('',(#11097,#11105,#11114,#11120));
#11097 = ORIENTED_EDGE('',*,*,#11098,.F.);
#11098 = EDGE_CURVE('',#11099,#2685,#11101,.T.);
#11099 = VERTEX_POINT('',#11100);
#11100 = CARTESIAN_POINT('',(23.202829428437,-77.81849601807,14.7));
#11101 = LINE('',#11102,#11103);
#11102 = CARTESIAN_POINT('',(22.923431168535,-76.85992401415,14.7));
#11103 = VECTOR('',#11104,1.);
#11104 = DIRECTION('',(0.279829014031,-0.960049854386,0.));
#11105 = ORIENTED_EDGE('',*,*,#11106,.F.);
#11106 = EDGE_CURVE('',#11107,#11099,#11109,.T.);
#11107 = VERTEX_POINT('',#11108);
#11108 = CARTESIAN_POINT('',(22.242779574051,-78.0983250321,14.7));
#11109 = CIRCLE('',#11110,81.204);
#11110 = AXIS2_PLACEMENT_3D('',#11111,#11112,#11113);
#11111 = CARTESIAN_POINT('',(0.,0.,14.7));
#11112 = DIRECTION('',(0.,0.,1.));
#11113 = DIRECTION('',(1.,0.,-0.));
#11114 = ORIENTED_EDGE('',*,*,#11115,.T.);
#11115 = EDGE_CURVE('',#11107,#2683,#11116,.T.);
#11116 = LINE('',#11117,#11118);
#11117 = CARTESIAN_POINT('',(21.963381314149,-77.13975302818,14.7));
#11118 = VECTOR('',#11119,1.);
#11119 = DIRECTION('',(0.279829014031,-0.960049854386,0.));
#11120 = ORIENTED_EDGE('',*,*,#2682,.T.);
#11121 = PLANE('',#11122);
#11122 = AXIS2_PLACEMENT_3D('',#11123,#11124,#11125);
#11123 = CARTESIAN_POINT('',(21.963381314149,-77.13975302818,14.7));
#11124 = DIRECTION('',(0.,0.,1.));
#11125 = DIRECTION('',(0.279829014031,-0.960049854386,0.));
#11126 = ADVANCED_FACE('',(#11127),#11145,.F.);
#11127 = FACE_BOUND('',#11128,.F.);
#11128 = EDGE_LOOP('',(#11129,#11130,#11138,#11144));
#11129 = ORIENTED_EDGE('',*,*,#11098,.F.);
#11130 = ORIENTED_EDGE('',*,*,#11131,.T.);
#11131 = EDGE_CURVE('',#11099,#11132,#11134,.T.);
#11132 = VERTEX_POINT('',#11133);
#11133 = CARTESIAN_POINT('',(23.202829428437,-77.81849601807,18.2));
#11134 = LINE('',#11135,#11136);
#11135 = CARTESIAN_POINT('',(23.202829428437,-77.81849601807,7.99));
#11136 = VECTOR('',#11137,1.);
#11137 = DIRECTION('',(0.,0.,1.));
#11138 = ORIENTED_EDGE('',*,*,#11139,.T.);
#11139 = EDGE_CURVE('',#11132,#2702,#11140,.T.);
#11140 = LINE('',#11141,#11142);
#11141 = CARTESIAN_POINT('',(22.923431168535,-76.85992401415,18.2));
#11142 = VECTOR('',#11143,1.);
#11143 = DIRECTION('',(0.279829014031,-0.960049854386,0.));
#11144 = ORIENTED_EDGE('',*,*,#2710,.F.);
#11145 = PLANE('',#11146);
#11146 = AXIS2_PLACEMENT_3D('',#11147,#11148,#11149);
#11147 = CARTESIAN_POINT('',(22.923431168535,-76.85992401415,14.7));
#11148 = DIRECTION('',(0.960049854386,0.279829014031,0.));
#11149 = DIRECTION('',(0.,0.,1.));
#11150 = ADVANCED_FACE('',(#11151),#11170,.F.);
#11151 = FACE_BOUND('',#11152,.F.);
#11152 = EDGE_LOOP('',(#11153,#11154,#11163,#11169));
#11153 = ORIENTED_EDGE('',*,*,#11139,.F.);
#11154 = ORIENTED_EDGE('',*,*,#11155,.F.);
#11155 = EDGE_CURVE('',#11156,#11132,#11158,.T.);
#11156 = VERTEX_POINT('',#11157);
#11157 = CARTESIAN_POINT('',(22.242779574051,-78.0983250321,18.2));
#11158 = CIRCLE('',#11159,81.204);
#11159 = AXIS2_PLACEMENT_3D('',#11160,#11161,#11162);
#11160 = CARTESIAN_POINT('',(0.,0.,18.2));
#11161 = DIRECTION('',(0.,0.,1.));
#11162 = DIRECTION('',(1.,0.,-0.));
#11163 = ORIENTED_EDGE('',*,*,#11164,.T.);
#11164 = EDGE_CURVE('',#11156,#2694,#11165,.T.);
#11165 = LINE('',#11166,#11167);
#11166 = CARTESIAN_POINT('',(21.963381314149,-77.13975302818,18.2));
#11167 = VECTOR('',#11168,1.);
#11168 = DIRECTION('',(0.279829014031,-0.960049854386,0.));
#11169 = ORIENTED_EDGE('',*,*,#2701,.T.);
#11170 = PLANE('',#11171);
#11171 = AXIS2_PLACEMENT_3D('',#11172,#11173,#11174);
#11172 = CARTESIAN_POINT('',(21.963381314149,-77.13975302818,18.2));
#11173 = DIRECTION('',(0.,0.,1.));
#11174 = DIRECTION('',(0.279829014031,-0.960049854386,0.));
#11175 = ADVANCED_FACE('',(#11176),#11187,.T.);
#11176 = FACE_BOUND('',#11177,.T.);
#11177 = EDGE_LOOP('',(#11178,#11179,#11185,#11186));
#11178 = ORIENTED_EDGE('',*,*,#11115,.F.);
#11179 = ORIENTED_EDGE('',*,*,#11180,.T.);
#11180 = EDGE_CURVE('',#11107,#11156,#11181,.T.);
#11181 = LINE('',#11182,#11183);
#11182 = CARTESIAN_POINT('',(22.242779574051,-78.0983250321,7.99));
#11183 = VECTOR('',#11184,1.);
#11184 = DIRECTION('',(0.,0.,1.));
#11185 = ORIENTED_EDGE('',*,*,#11164,.T.);
#11186 = ORIENTED_EDGE('',*,*,#2693,.F.);
#11187 = PLANE('',#11188);
#11188 = AXIS2_PLACEMENT_3D('',#11189,#11190,#11191);
#11189 = CARTESIAN_POINT('',(21.963381314149,-77.13975302818,14.7));
#11190 = DIRECTION('',(0.960049854386,0.279829014031,0.));
#11191 = DIRECTION('',(0.,0.,1.));
#11192 = ADVANCED_FACE('',(#11193),#11219,.T.);
#11193 = FACE_BOUND('',#11194,.T.);
#11194 = EDGE_LOOP('',(#11195,#11203,#11212,#11218));
#11195 = ORIENTED_EDGE('',*,*,#11196,.F.);
#11196 = EDGE_CURVE('',#11197,#2721,#11199,.T.);
#11197 = VERTEX_POINT('',#11198);
#11198 = CARTESIAN_POINT('',(26.575140598147,-76.73233684822,14.7));
#11199 = LINE('',#11200,#11201);
#11200 = CARTESIAN_POINT('',(26.254195939922,-75.78686437337,14.7));
#11201 = VECTOR('',#11202,1.);
#11202 = DIRECTION('',(0.321439465303,-0.946930129495,0.));
#11203 = ORIENTED_EDGE('',*,*,#11204,.F.);
#11204 = EDGE_CURVE('',#11205,#11197,#11207,.T.);
#11205 = VERTEX_POINT('',#11206);
#11206 = CARTESIAN_POINT('',(25.628210468652,-77.05377631352,14.7));
#11207 = CIRCLE('',#11208,81.204);
#11208 = AXIS2_PLACEMENT_3D('',#11209,#11210,#11211);
#11209 = CARTESIAN_POINT('',(0.,0.,14.7));
#11210 = DIRECTION('',(0.,0.,1.));
#11211 = DIRECTION('',(1.,0.,-0.));
#11212 = ORIENTED_EDGE('',*,*,#11213,.T.);
#11213 = EDGE_CURVE('',#11205,#2719,#11214,.T.);
#11214 = LINE('',#11215,#11216);
#11215 = CARTESIAN_POINT('',(25.307265810427,-76.10830383867,14.7));
#11216 = VECTOR('',#11217,1.);
#11217 = DIRECTION('',(0.321439465303,-0.946930129495,0.));
#11218 = ORIENTED_EDGE('',*,*,#2718,.T.);
#11219 = PLANE('',#11220);
#11220 = AXIS2_PLACEMENT_3D('',#11221,#11222,#11223);
#11221 = CARTESIAN_POINT('',(25.307265810427,-76.10830383867,14.7));
#11222 = DIRECTION('',(0.,0.,1.));
#11223 = DIRECTION('',(0.321439465303,-0.946930129495,0.));
#11224 = ADVANCED_FACE('',(#11225),#11243,.F.);
#11225 = FACE_BOUND('',#11226,.F.);
#11226 = EDGE_LOOP('',(#11227,#11228,#11236,#11242));
#11227 = ORIENTED_EDGE('',*,*,#11196,.F.);
#11228 = ORIENTED_EDGE('',*,*,#11229,.T.);
#11229 = EDGE_CURVE('',#11197,#11230,#11232,.T.);
#11230 = VERTEX_POINT('',#11231);
#11231 = CARTESIAN_POINT('',(26.575140598147,-76.73233684822,18.2));
#11232 = LINE('',#11233,#11234);
#11233 = CARTESIAN_POINT('',(26.575140598147,-76.73233684822,7.99));
#11234 = VECTOR('',#11235,1.);
#11235 = DIRECTION('',(0.,0.,1.));
#11236 = ORIENTED_EDGE('',*,*,#11237,.T.);
#11237 = EDGE_CURVE('',#11230,#2738,#11238,.T.);
#11238 = LINE('',#11239,#11240);
#11239 = CARTESIAN_POINT('',(26.254195939922,-75.78686437337,18.2));
#11240 = VECTOR('',#11241,1.);
#11241 = DIRECTION('',(0.321439465303,-0.946930129495,0.));
#11242 = ORIENTED_EDGE('',*,*,#2746,.F.);
#11243 = PLANE('',#11244);
#11244 = AXIS2_PLACEMENT_3D('',#11245,#11246,#11247);
#11245 = CARTESIAN_POINT('',(26.254195939922,-75.78686437337,14.7));
#11246 = DIRECTION('',(0.946930129495,0.321439465303,0.));
#11247 = DIRECTION('',(0.,0.,1.));
#11248 = ADVANCED_FACE('',(#11249),#11268,.F.);
#11249 = FACE_BOUND('',#11250,.F.);
#11250 = EDGE_LOOP('',(#11251,#11252,#11261,#11267));
#11251 = ORIENTED_EDGE('',*,*,#11237,.F.);
#11252 = ORIENTED_EDGE('',*,*,#11253,.F.);
#11253 = EDGE_CURVE('',#11254,#11230,#11256,.T.);
#11254 = VERTEX_POINT('',#11255);
#11255 = CARTESIAN_POINT('',(25.628210468652,-77.05377631352,18.2));
#11256 = CIRCLE('',#11257,81.204);
#11257 = AXIS2_PLACEMENT_3D('',#11258,#11259,#11260);
#11258 = CARTESIAN_POINT('',(0.,0.,18.2));
#11259 = DIRECTION('',(0.,0.,1.));
#11260 = DIRECTION('',(1.,0.,-0.));
#11261 = ORIENTED_EDGE('',*,*,#11262,.T.);
#11262 = EDGE_CURVE('',#11254,#2730,#11263,.T.);
#11263 = LINE('',#11264,#11265);
#11264 = CARTESIAN_POINT('',(25.307265810427,-76.10830383867,18.2));
#11265 = VECTOR('',#11266,1.);
#11266 = DIRECTION('',(0.321439465303,-0.946930129495,0.));
#11267 = ORIENTED_EDGE('',*,*,#2737,.T.);
#11268 = PLANE('',#11269);
#11269 = AXIS2_PLACEMENT_3D('',#11270,#11271,#11272);
#11270 = CARTESIAN_POINT('',(25.307265810427,-76.10830383867,18.2));
#11271 = DIRECTION('',(0.,0.,1.));
#11272 = DIRECTION('',(0.321439465303,-0.946930129495,0.));
#11273 = ADVANCED_FACE('',(#11274),#11285,.T.);
#11274 = FACE_BOUND('',#11275,.T.);
#11275 = EDGE_LOOP('',(#11276,#11277,#11283,#11284));
#11276 = ORIENTED_EDGE('',*,*,#11213,.F.);
#11277 = ORIENTED_EDGE('',*,*,#11278,.T.);
#11278 = EDGE_CURVE('',#11205,#11254,#11279,.T.);
#11279 = LINE('',#11280,#11281);
#11280 = CARTESIAN_POINT('',(25.628210468652,-77.05377631352,7.99));
#11281 = VECTOR('',#11282,1.);
#11282 = DIRECTION('',(0.,0.,1.));
#11283 = ORIENTED_EDGE('',*,*,#11262,.T.);
#11284 = ORIENTED_EDGE('',*,*,#2729,.F.);
#11285 = PLANE('',#11286);
#11286 = AXIS2_PLACEMENT_3D('',#11287,#11288,#11289);
#11287 = CARTESIAN_POINT('',(25.307265810427,-76.10830383867,14.7));
#11288 = DIRECTION('',(0.946930129495,0.321439465303,0.));
#11289 = DIRECTION('',(0.,0.,1.));
#11290 = ADVANCED_FACE('',(#11291),#11317,.T.);
#11291 = FACE_BOUND('',#11292,.T.);
#11292 = EDGE_LOOP('',(#11293,#11301,#11310,#11316));
#11293 = ORIENTED_EDGE('',*,*,#11294,.F.);
#11294 = EDGE_CURVE('',#11295,#2757,#11297,.T.);
#11295 = VERTEX_POINT('',#11296);
#11296 = CARTESIAN_POINT('',(29.896864477297,-75.50011331399,14.7));
#11297 = LINE('',#11298,#11299);
#11298 = CARTESIAN_POINT('',(29.534984357147,-74.56954012881,14.7));
#11299 = VECTOR('',#11300,1.);
#11300 = DIRECTION('',(0.362438038284,-0.932007869283,0.));
#11301 = ORIENTED_EDGE('',*,*,#11302,.F.);
#11302 = EDGE_CURVE('',#11303,#11295,#11305,.T.);
#11303 = VERTEX_POINT('',#11304);
#11304 = CARTESIAN_POINT('',(28.964856608014,-75.86255135227,14.7));
#11305 = CIRCLE('',#11306,81.204);
#11306 = AXIS2_PLACEMENT_3D('',#11307,#11308,#11309);
#11307 = CARTESIAN_POINT('',(0.,0.,14.7));
#11308 = DIRECTION('',(0.,0.,1.));
#11309 = DIRECTION('',(1.,0.,-0.));
#11310 = ORIENTED_EDGE('',*,*,#11311,.T.);
#11311 = EDGE_CURVE('',#11303,#2755,#11312,.T.);
#11312 = LINE('',#11313,#11314);
#11313 = CARTESIAN_POINT('',(28.602976487865,-74.93197816709,14.7));
#11314 = VECTOR('',#11315,1.);
#11315 = DIRECTION('',(0.362438038284,-0.932007869283,0.));
#11316 = ORIENTED_EDGE('',*,*,#2754,.T.);
#11317 = PLANE('',#11318);
#11318 = AXIS2_PLACEMENT_3D('',#11319,#11320,#11321);
#11319 = CARTESIAN_POINT('',(28.602976487865,-74.93197816709,14.7));
#11320 = DIRECTION('',(0.,0.,1.));
#11321 = DIRECTION('',(0.362438038284,-0.932007869283,0.));
#11322 = ADVANCED_FACE('',(#11323),#11341,.F.);
#11323 = FACE_BOUND('',#11324,.F.);
#11324 = EDGE_LOOP('',(#11325,#11326,#11334,#11340));
#11325 = ORIENTED_EDGE('',*,*,#11294,.F.);
#11326 = ORIENTED_EDGE('',*,*,#11327,.T.);
#11327 = EDGE_CURVE('',#11295,#11328,#11330,.T.);
#11328 = VERTEX_POINT('',#11329);
#11329 = CARTESIAN_POINT('',(29.896864477297,-75.50011331399,18.2));
#11330 = LINE('',#11331,#11332);
#11331 = CARTESIAN_POINT('',(29.896864477297,-75.50011331399,7.99));
#11332 = VECTOR('',#11333,1.);
#11333 = DIRECTION('',(0.,0.,1.));
#11334 = ORIENTED_EDGE('',*,*,#11335,.T.);
#11335 = EDGE_CURVE('',#11328,#2774,#11336,.T.);
#11336 = LINE('',#11337,#11338);
#11337 = CARTESIAN_POINT('',(29.534984357147,-74.56954012881,18.2));
#11338 = VECTOR('',#11339,1.);
#11339 = DIRECTION('',(0.362438038284,-0.932007869283,0.));
#11340 = ORIENTED_EDGE('',*,*,#2782,.F.);
#11341 = PLANE('',#11342);
#11342 = AXIS2_PLACEMENT_3D('',#11343,#11344,#11345);
#11343 = CARTESIAN_POINT('',(29.534984357147,-74.56954012881,14.7));
#11344 = DIRECTION('',(0.932007869283,0.362438038284,0.));
#11345 = DIRECTION('',(0.,0.,1.));
#11346 = ADVANCED_FACE('',(#11347),#11366,.F.);
#11347 = FACE_BOUND('',#11348,.F.);
#11348 = EDGE_LOOP('',(#11349,#11350,#11359,#11365));
#11349 = ORIENTED_EDGE('',*,*,#11335,.F.);
#11350 = ORIENTED_EDGE('',*,*,#11351,.F.);
#11351 = EDGE_CURVE('',#11352,#11328,#11354,.T.);
#11352 = VERTEX_POINT('',#11353);
#11353 = CARTESIAN_POINT('',(28.964856608014,-75.86255135227,18.2));
#11354 = CIRCLE('',#11355,81.204);
#11355 = AXIS2_PLACEMENT_3D('',#11356,#11357,#11358);
#11356 = CARTESIAN_POINT('',(0.,0.,18.2));
#11357 = DIRECTION('',(0.,0.,1.));
#11358 = DIRECTION('',(1.,0.,-0.));
#11359 = ORIENTED_EDGE('',*,*,#11360,.T.);
#11360 = EDGE_CURVE('',#11352,#2766,#11361,.T.);
#11361 = LINE('',#11362,#11363);
#11362 = CARTESIAN_POINT('',(28.602976487865,-74.93197816709,18.2));
#11363 = VECTOR('',#11364,1.);
#11364 = DIRECTION('',(0.362438038284,-0.932007869283,0.));
#11365 = ORIENTED_EDGE('',*,*,#2773,.T.);
#11366 = PLANE('',#11367);
#11367 = AXIS2_PLACEMENT_3D('',#11368,#11369,#11370);
#11368 = CARTESIAN_POINT('',(28.602976487865,-74.93197816709,18.2));
#11369 = DIRECTION('',(0.,0.,1.));
#11370 = DIRECTION('',(0.362438038284,-0.932007869283,0.));
#11371 = ADVANCED_FACE('',(#11372),#11383,.T.);
#11372 = FACE_BOUND('',#11373,.T.);
#11373 = EDGE_LOOP('',(#11374,#11375,#11381,#11382));
#11374 = ORIENTED_EDGE('',*,*,#11311,.F.);
#11375 = ORIENTED_EDGE('',*,*,#11376,.T.);
#11376 = EDGE_CURVE('',#11303,#11352,#11377,.T.);
#11377 = LINE('',#11378,#11379);
#11378 = CARTESIAN_POINT('',(28.964856608014,-75.86255135227,7.99));
#11379 = VECTOR('',#11380,1.);
#11380 = DIRECTION('',(0.,0.,1.));
#11381 = ORIENTED_EDGE('',*,*,#11360,.T.);
#11382 = ORIENTED_EDGE('',*,*,#2765,.F.);
#11383 = PLANE('',#11384);
#11384 = AXIS2_PLACEMENT_3D('',#11385,#11386,#11387);
#11385 = CARTESIAN_POINT('',(28.602976487865,-74.93197816709,14.7));
#11386 = DIRECTION('',(0.932007869283,0.362438038284,0.));
#11387 = DIRECTION('',(0.,0.,1.));
#11388 = ADVANCED_FACE('',(#11389),#11415,.T.);
#11389 = FACE_BOUND('',#11390,.T.);
#11390 = EDGE_LOOP('',(#11391,#11399,#11408,#11414));
#11391 = ORIENTED_EDGE('',*,*,#11392,.F.);
#11392 = EDGE_CURVE('',#11393,#2793,#11395,.T.);
#11393 = VERTEX_POINT('',#11394);
#11394 = CARTESIAN_POINT('',(33.161677975687,-74.12417102293,14.7));
#11395 = LINE('',#11396,#11397);
#11396 = CARTESIAN_POINT('',(32.75955125299,-73.21026852636,14.7));
#11397 = VECTOR('',#11398,1.);
#11398 = DIRECTION('',(0.402746689859,-0.915311479119,0.));
#11399 = ORIENTED_EDGE('',*,*,#11400,.F.);
#11400 = EDGE_CURVE('',#11401,#11393,#11403,.T.);
#11401 = VERTEX_POINT('',#11402);
#11402 = CARTESIAN_POINT('',(32.246366496567,-74.52691771279,14.7));
#11403 = CIRCLE('',#11404,81.204);
#11404 = AXIS2_PLACEMENT_3D('',#11405,#11406,#11407);
#11405 = CARTESIAN_POINT('',(0.,0.,14.7));
#11406 = DIRECTION('',(0.,0.,1.));
#11407 = DIRECTION('',(1.,0.,-0.));
#11408 = ORIENTED_EDGE('',*,*,#11409,.T.);
#11409 = EDGE_CURVE('',#11401,#2791,#11410,.T.);
#11410 = LINE('',#11411,#11412);
#11411 = CARTESIAN_POINT('',(31.84423977387,-73.61301521622,14.7));
#11412 = VECTOR('',#11413,1.);
#11413 = DIRECTION('',(0.402746689859,-0.915311479119,0.));
#11414 = ORIENTED_EDGE('',*,*,#2790,.T.);
#11415 = PLANE('',#11416);
#11416 = AXIS2_PLACEMENT_3D('',#11417,#11418,#11419);
#11417 = CARTESIAN_POINT('',(31.84423977387,-73.61301521622,14.7));
#11418 = DIRECTION('',(0.,0.,1.));
#11419 = DIRECTION('',(0.402746689859,-0.915311479119,0.));
#11420 = ADVANCED_FACE('',(#11421),#11439,.F.);
#11421 = FACE_BOUND('',#11422,.F.);
#11422 = EDGE_LOOP('',(#11423,#11424,#11432,#11438));
#11423 = ORIENTED_EDGE('',*,*,#11392,.F.);
#11424 = ORIENTED_EDGE('',*,*,#11425,.T.);
#11425 = EDGE_CURVE('',#11393,#11426,#11428,.T.);
#11426 = VERTEX_POINT('',#11427);
#11427 = CARTESIAN_POINT('',(33.161677975687,-74.12417102293,18.2));
#11428 = LINE('',#11429,#11430);
#11429 = CARTESIAN_POINT('',(33.161677975687,-74.12417102293,7.99));
#11430 = VECTOR('',#11431,1.);
#11431 = DIRECTION('',(0.,0.,1.));
#11432 = ORIENTED_EDGE('',*,*,#11433,.T.);
#11433 = EDGE_CURVE('',#11426,#2810,#11434,.T.);
#11434 = LINE('',#11435,#11436);
#11435 = CARTESIAN_POINT('',(32.75955125299,-73.21026852636,18.2));
#11436 = VECTOR('',#11437,1.);
#11437 = DIRECTION('',(0.402746689859,-0.915311479119,0.));
#11438 = ORIENTED_EDGE('',*,*,#2818,.F.);
#11439 = PLANE('',#11440);
#11440 = AXIS2_PLACEMENT_3D('',#11441,#11442,#11443);
#11441 = CARTESIAN_POINT('',(32.75955125299,-73.21026852636,14.7));
#11442 = DIRECTION('',(0.915311479119,0.402746689859,0.));
#11443 = DIRECTION('',(0.,0.,1.));
#11444 = ADVANCED_FACE('',(#11445),#11464,.F.);
#11445 = FACE_BOUND('',#11446,.F.);
#11446 = EDGE_LOOP('',(#11447,#11448,#11457,#11463));
#11447 = ORIENTED_EDGE('',*,*,#11433,.F.);
#11448 = ORIENTED_EDGE('',*,*,#11449,.F.);
#11449 = EDGE_CURVE('',#11450,#11426,#11452,.T.);
#11450 = VERTEX_POINT('',#11451);
#11451 = CARTESIAN_POINT('',(32.246366496567,-74.52691771279,18.2));
#11452 = CIRCLE('',#11453,81.204);
#11453 = AXIS2_PLACEMENT_3D('',#11454,#11455,#11456);
#11454 = CARTESIAN_POINT('',(0.,0.,18.2));
#11455 = DIRECTION('',(0.,0.,1.));
#11456 = DIRECTION('',(1.,0.,-0.));
#11457 = ORIENTED_EDGE('',*,*,#11458,.T.);
#11458 = EDGE_CURVE('',#11450,#2802,#11459,.T.);
#11459 = LINE('',#11460,#11461);
#11460 = CARTESIAN_POINT('',(31.84423977387,-73.61301521622,18.2));
#11461 = VECTOR('',#11462,1.);
#11462 = DIRECTION('',(0.402746689859,-0.915311479119,0.));
#11463 = ORIENTED_EDGE('',*,*,#2809,.T.);
#11464 = PLANE('',#11465);
#11465 = AXIS2_PLACEMENT_3D('',#11466,#11467,#11468);
#11466 = CARTESIAN_POINT('',(31.84423977387,-73.61301521622,18.2));
#11467 = DIRECTION('',(0.,0.,1.));
#11468 = DIRECTION('',(0.402746689859,-0.915311479119,0.));
#11469 = ADVANCED_FACE('',(#11470),#11481,.T.);
#11470 = FACE_BOUND('',#11471,.T.);
#11471 = EDGE_LOOP('',(#11472,#11473,#11479,#11480));
#11472 = ORIENTED_EDGE('',*,*,#11409,.F.);
#11473 = ORIENTED_EDGE('',*,*,#11474,.T.);
#11474 = EDGE_CURVE('',#11401,#11450,#11475,.T.);
#11475 = LINE('',#11476,#11477);
#11476 = CARTESIAN_POINT('',(32.246366496567,-74.52691771279,7.99));
#11477 = VECTOR('',#11478,1.);
#11478 = DIRECTION('',(0.,0.,1.));
#11479 = ORIENTED_EDGE('',*,*,#11458,.T.);
#11480 = ORIENTED_EDGE('',*,*,#2801,.F.);
#11481 = PLANE('',#11482);
#11482 = AXIS2_PLACEMENT_3D('',#11483,#11484,#11485);
#11483 = CARTESIAN_POINT('',(31.84423977387,-73.61301521622,14.7));
#11484 = DIRECTION('',(0.915311479119,0.402746689859,0.));
#11485 = DIRECTION('',(0.,0.,1.));
#11486 = ADVANCED_FACE('',(#11487),#11513,.T.);
#11487 = FACE_BOUND('',#11488,.T.);
#11488 = EDGE_LOOP('',(#11489,#11497,#11506,#11512));
#11489 = ORIENTED_EDGE('',*,*,#11490,.F.);
#11490 = EDGE_CURVE('',#11491,#2829,#11493,.T.);
#11491 = VERTEX_POINT('',#11492);
#11492 = CARTESIAN_POINT('',(36.363366335264,-72.60712915938,14.7));
#11493 = LINE('',#11494,#11495);
#11494 = CARTESIAN_POINT('',(35.921758481091,-71.71163701677,14.7));
#11495 = VECTOR('',#11496,1.);
#11496 = DIRECTION('',(0.442288690219,-0.896872741533,0.));
#11497 = ORIENTED_EDGE('',*,*,#11498,.F.);
#11498 = EDGE_CURVE('',#11499,#11491,#11501,.T.);
#11499 = VERTEX_POINT('',#11500);
#11500 = CARTESIAN_POINT('',(35.466493593731,-73.0494178496,14.7));
#11501 = CIRCLE('',#11502,81.204);
#11502 = AXIS2_PLACEMENT_3D('',#11503,#11504,#11505);
#11503 = CARTESIAN_POINT('',(0.,0.,14.7));
#11504 = DIRECTION('',(0.,0.,1.));
#11505 = DIRECTION('',(1.,0.,-0.));
#11506 = ORIENTED_EDGE('',*,*,#11507,.T.);
#11507 = EDGE_CURVE('',#11499,#2827,#11508,.T.);
#11508 = LINE('',#11509,#11510);
#11509 = CARTESIAN_POINT('',(35.024885739558,-72.15392570699,14.7));
#11510 = VECTOR('',#11511,1.);
#11511 = DIRECTION('',(0.442288690219,-0.896872741533,0.));
#11512 = ORIENTED_EDGE('',*,*,#2826,.T.);
#11513 = PLANE('',#11514);
#11514 = AXIS2_PLACEMENT_3D('',#11515,#11516,#11517);
#11515 = CARTESIAN_POINT('',(35.024885739558,-72.15392570699,14.7));
#11516 = DIRECTION('',(0.,0.,1.));
#11517 = DIRECTION('',(0.442288690219,-0.896872741533,0.));
#11518 = ADVANCED_FACE('',(#11519),#11537,.F.);
#11519 = FACE_BOUND('',#11520,.F.);
#11520 = EDGE_LOOP('',(#11521,#11522,#11530,#11536));
#11521 = ORIENTED_EDGE('',*,*,#11490,.F.);
#11522 = ORIENTED_EDGE('',*,*,#11523,.T.);
#11523 = EDGE_CURVE('',#11491,#11524,#11526,.T.);
#11524 = VERTEX_POINT('',#11525);
#11525 = CARTESIAN_POINT('',(36.363366335264,-72.60712915938,18.2));
#11526 = LINE('',#11527,#11528);
#11527 = CARTESIAN_POINT('',(36.363366335264,-72.60712915938,7.99));
#11528 = VECTOR('',#11529,1.);
#11529 = DIRECTION('',(0.,0.,1.));
#11530 = ORIENTED_EDGE('',*,*,#11531,.T.);
#11531 = EDGE_CURVE('',#11524,#2846,#11532,.T.);
#11532 = LINE('',#11533,#11534);
#11533 = CARTESIAN_POINT('',(35.921758481091,-71.71163701677,18.2));
#11534 = VECTOR('',#11535,1.);
#11535 = DIRECTION('',(0.442288690219,-0.896872741533,0.));
#11536 = ORIENTED_EDGE('',*,*,#2854,.F.);
#11537 = PLANE('',#11538);
#11538 = AXIS2_PLACEMENT_3D('',#11539,#11540,#11541);
#11539 = CARTESIAN_POINT('',(35.921758481091,-71.71163701677,14.7));
#11540 = DIRECTION('',(0.896872741533,0.442288690219,0.));
#11541 = DIRECTION('',(0.,0.,1.));
#11542 = ADVANCED_FACE('',(#11543),#11562,.F.);
#11543 = FACE_BOUND('',#11544,.F.);
#11544 = EDGE_LOOP('',(#11545,#11546,#11555,#11561));
#11545 = ORIENTED_EDGE('',*,*,#11531,.F.);
#11546 = ORIENTED_EDGE('',*,*,#11547,.F.);
#11547 = EDGE_CURVE('',#11548,#11524,#11550,.T.);
#11548 = VERTEX_POINT('',#11549);
#11549 = CARTESIAN_POINT('',(35.466493593731,-73.0494178496,18.2));
#11550 = CIRCLE('',#11551,81.204);
#11551 = AXIS2_PLACEMENT_3D('',#11552,#11553,#11554);
#11552 = CARTESIAN_POINT('',(0.,0.,18.2));
#11553 = DIRECTION('',(0.,0.,1.));
#11554 = DIRECTION('',(1.,0.,-0.));
#11555 = ORIENTED_EDGE('',*,*,#11556,.T.);
#11556 = EDGE_CURVE('',#11548,#2838,#11557,.T.);
#11557 = LINE('',#11558,#11559);
#11558 = CARTESIAN_POINT('',(35.024885739558,-72.15392570699,18.2));
#11559 = VECTOR('',#11560,1.);
#11560 = DIRECTION('',(0.442288690219,-0.896872741533,0.));
#11561 = ORIENTED_EDGE('',*,*,#2845,.T.);
#11562 = PLANE('',#11563);
#11563 = AXIS2_PLACEMENT_3D('',#11564,#11565,#11566);
#11564 = CARTESIAN_POINT('',(35.024885739558,-72.15392570699,18.2));
#11565 = DIRECTION('',(0.,0.,1.));
#11566 = DIRECTION('',(0.442288690219,-0.896872741533,0.));
#11567 = ADVANCED_FACE('',(#11568),#11579,.T.);
#11568 = FACE_BOUND('',#11569,.T.);
#11569 = EDGE_LOOP('',(#11570,#11571,#11577,#11578));
#11570 = ORIENTED_EDGE('',*,*,#11507,.F.);
#11571 = ORIENTED_EDGE('',*,*,#11572,.T.);
#11572 = EDGE_CURVE('',#11499,#11548,#11573,.T.);
#11573 = LINE('',#11574,#11575);
#11574 = CARTESIAN_POINT('',(35.466493593731,-73.0494178496,7.99));
#11575 = VECTOR('',#11576,1.);
#11576 = DIRECTION('',(0.,0.,1.));
#11577 = ORIENTED_EDGE('',*,*,#11556,.T.);
#11578 = ORIENTED_EDGE('',*,*,#2837,.F.);
#11579 = PLANE('',#11580);
#11580 = AXIS2_PLACEMENT_3D('',#11581,#11582,#11583);
#11581 = CARTESIAN_POINT('',(35.024885739558,-72.15392570699,14.7));
#11582 = DIRECTION('',(0.896872741533,0.442288690219,0.));
#11583 = DIRECTION('',(0.,0.,1.));
#11584 = ADVANCED_FACE('',(#11585),#11611,.T.);
#11585 = FACE_BOUND('',#11586,.T.);
#11586 = EDGE_LOOP('',(#11587,#11595,#11604,#11610));
#11587 = ORIENTED_EDGE('',*,*,#11588,.F.);
#11588 = EDGE_CURVE('',#11589,#2865,#11591,.T.);
#11589 = VERTEX_POINT('',#11590);
#11590 = CARTESIAN_POINT('',(39.495834960263,-70.95187549876,14.7));
#11591 = LINE('',#11592,#11593);
#11592 = CARTESIAN_POINT('',(39.015586600264,-70.0764983303,14.7));
#11593 = VECTOR('',#11594,1.);
#11594 = DIRECTION('',(0.480988768919,-0.876726755708,0.));
#11595 = ORIENTED_EDGE('',*,*,#11596,.F.);
#11596 = EDGE_CURVE('',#11597,#11589,#11599,.T.);
#11597 = VERTEX_POINT('',#11598);
#11598 = CARTESIAN_POINT('',(38.619108204556,-71.43286426768,14.7));
#11599 = CIRCLE('',#11600,81.204);
#11600 = AXIS2_PLACEMENT_3D('',#11601,#11602,#11603);
#11601 = CARTESIAN_POINT('',(0.,0.,14.7));
#11602 = DIRECTION('',(0.,0.,1.));
#11603 = DIRECTION('',(1.,0.,-0.));
#11604 = ORIENTED_EDGE('',*,*,#11605,.T.);
#11605 = EDGE_CURVE('',#11597,#2863,#11606,.T.);
#11606 = LINE('',#11607,#11608);
#11607 = CARTESIAN_POINT('',(38.138859844557,-70.55748709922,14.7));
#11608 = VECTOR('',#11609,1.);
#11609 = DIRECTION('',(0.480988768919,-0.876726755708,0.));
#11610 = ORIENTED_EDGE('',*,*,#2862,.T.);
#11611 = PLANE('',#11612);
#11612 = AXIS2_PLACEMENT_3D('',#11613,#11614,#11615);
#11613 = CARTESIAN_POINT('',(38.138859844557,-70.55748709922,14.7));
#11614 = DIRECTION('',(0.,0.,1.));
#11615 = DIRECTION('',(0.480988768919,-0.876726755708,0.));
#11616 = ADVANCED_FACE('',(#11617),#11635,.F.);
#11617 = FACE_BOUND('',#11618,.F.);
#11618 = EDGE_LOOP('',(#11619,#11620,#11628,#11634));
#11619 = ORIENTED_EDGE('',*,*,#11588,.F.);
#11620 = ORIENTED_EDGE('',*,*,#11621,.T.);
#11621 = EDGE_CURVE('',#11589,#11622,#11624,.T.);
#11622 = VERTEX_POINT('',#11623);
#11623 = CARTESIAN_POINT('',(39.495834960263,-70.95187549876,18.2));
#11624 = LINE('',#11625,#11626);
#11625 = CARTESIAN_POINT('',(39.495834960263,-70.95187549876,7.99));
#11626 = VECTOR('',#11627,1.);
#11627 = DIRECTION('',(0.,0.,1.));
#11628 = ORIENTED_EDGE('',*,*,#11629,.T.);
#11629 = EDGE_CURVE('',#11622,#2882,#11630,.T.);
#11630 = LINE('',#11631,#11632);
#11631 = CARTESIAN_POINT('',(39.015586600264,-70.0764983303,18.2));
#11632 = VECTOR('',#11633,1.);
#11633 = DIRECTION('',(0.480988768919,-0.876726755708,0.));
#11634 = ORIENTED_EDGE('',*,*,#2890,.F.);
#11635 = PLANE('',#11636);
#11636 = AXIS2_PLACEMENT_3D('',#11637,#11638,#11639);
#11637 = CARTESIAN_POINT('',(39.015586600264,-70.0764983303,14.7));
#11638 = DIRECTION('',(0.876726755708,0.480988768919,0.));
#11639 = DIRECTION('',(0.,0.,1.));
#11640 = ADVANCED_FACE('',(#11641),#11660,.F.);
#11641 = FACE_BOUND('',#11642,.F.);
#11642 = EDGE_LOOP('',(#11643,#11644,#11653,#11659));
#11643 = ORIENTED_EDGE('',*,*,#11629,.F.);
#11644 = ORIENTED_EDGE('',*,*,#11645,.F.);
#11645 = EDGE_CURVE('',#11646,#11622,#11648,.T.);
#11646 = VERTEX_POINT('',#11647);
#11647 = CARTESIAN_POINT('',(38.619108204556,-71.43286426768,18.2));
#11648 = CIRCLE('',#11649,81.204);
#11649 = AXIS2_PLACEMENT_3D('',#11650,#11651,#11652);
#11650 = CARTESIAN_POINT('',(0.,0.,18.2));
#11651 = DIRECTION('',(0.,0.,1.));
#11652 = DIRECTION('',(1.,0.,-0.));
#11653 = ORIENTED_EDGE('',*,*,#11654,.T.);
#11654 = EDGE_CURVE('',#11646,#2874,#11655,.T.);
#11655 = LINE('',#11656,#11657);
#11656 = CARTESIAN_POINT('',(38.138859844557,-70.55748709922,18.2));
#11657 = VECTOR('',#11658,1.);
#11658 = DIRECTION('',(0.480988768919,-0.876726755708,0.));
#11659 = ORIENTED_EDGE('',*,*,#2881,.T.);
#11660 = PLANE('',#11661);
#11661 = AXIS2_PLACEMENT_3D('',#11662,#11663,#11664);
#11662 = CARTESIAN_POINT('',(38.138859844557,-70.55748709922,18.2));
#11663 = DIRECTION('',(0.,0.,1.));
#11664 = DIRECTION('',(0.480988768919,-0.876726755708,0.));
#11665 = ADVANCED_FACE('',(#11666),#11677,.T.);
#11666 = FACE_BOUND('',#11667,.T.);
#11667 = EDGE_LOOP('',(#11668,#11669,#11675,#11676));
#11668 = ORIENTED_EDGE('',*,*,#11605,.F.);
#11669 = ORIENTED_EDGE('',*,*,#11670,.T.);
#11670 = EDGE_CURVE('',#11597,#11646,#11671,.T.);
#11671 = LINE('',#11672,#11673);
#11672 = CARTESIAN_POINT('',(38.619108204556,-71.43286426768,7.99));
#11673 = VECTOR('',#11674,1.);
#11674 = DIRECTION('',(0.,0.,1.));
#11675 = ORIENTED_EDGE('',*,*,#11654,.T.);
#11676 = ORIENTED_EDGE('',*,*,#2873,.F.);
#11677 = PLANE('',#11678);
#11678 = AXIS2_PLACEMENT_3D('',#11679,#11680,#11681);
#11679 = CARTESIAN_POINT('',(38.138859844557,-70.55748709922,14.7));
#11680 = DIRECTION('',(0.876726755708,0.480988768919,0.));
#11681 = DIRECTION('',(0.,0.,1.));
#11682 = ADVANCED_FACE('',(#11683),#11709,.T.);
#11683 = FACE_BOUND('',#11684,.T.);
#11684 = EDGE_LOOP('',(#11685,#11693,#11702,#11708));
#11685 = ORIENTED_EDGE('',*,*,#11686,.F.);
#11686 = EDGE_CURVE('',#11687,#2901,#11689,.T.);
#11687 = VERTEX_POINT('',#11688);
#11688 = CARTESIAN_POINT('',(42.553121018619,-69.16156091048,14.7));
#11689 = LINE('',#11690,#11691);
#11690 = CARTESIAN_POINT('',(42.035146332843,-68.30796504637,14.7));
#11691 = VECTOR('',#11692,1.);
#11692 = DIRECTION('',(0.518773258161,-0.854911870673,0.));
#11693 = ORIENTED_EDGE('',*,*,#11694,.F.);
#11694 = EDGE_CURVE('',#11695,#11687,#11697,.T.);
#11695 = VERTEX_POINT('',#11696);
#11696 = CARTESIAN_POINT('',(41.698209147946,-69.68033416864,14.7));
#11697 = CIRCLE('',#11698,81.204);
#11698 = AXIS2_PLACEMENT_3D('',#11699,#11700,#11701);
#11699 = CARTESIAN_POINT('',(0.,0.,14.7));
#11700 = DIRECTION('',(0.,0.,1.));
#11701 = DIRECTION('',(1.,0.,-0.));
#11702 = ORIENTED_EDGE('',*,*,#11703,.T.);
#11703 = EDGE_CURVE('',#11695,#2899,#11704,.T.);
#11704 = LINE('',#11705,#11706);
#11705 = CARTESIAN_POINT('',(41.18023446217,-68.82673830453,14.7));
#11706 = VECTOR('',#11707,1.);
#11707 = DIRECTION('',(0.518773258161,-0.854911870673,0.));
#11708 = ORIENTED_EDGE('',*,*,#2898,.T.);
#11709 = PLANE('',#11710);
#11710 = AXIS2_PLACEMENT_3D('',#11711,#11712,#11713);
#11711 = CARTESIAN_POINT('',(41.18023446217,-68.82673830453,14.7));
#11712 = DIRECTION('',(0.,0.,1.));
#11713 = DIRECTION('',(0.518773258161,-0.854911870673,0.));
#11714 = ADVANCED_FACE('',(#11715),#11733,.F.);
#11715 = FACE_BOUND('',#11716,.F.);
#11716 = EDGE_LOOP('',(#11717,#11718,#11726,#11732));
#11717 = ORIENTED_EDGE('',*,*,#11686,.F.);
#11718 = ORIENTED_EDGE('',*,*,#11719,.T.);
#11719 = EDGE_CURVE('',#11687,#11720,#11722,.T.);
#11720 = VERTEX_POINT('',#11721);
#11721 = CARTESIAN_POINT('',(42.553121018619,-69.16156091048,18.2));
#11722 = LINE('',#11723,#11724);
#11723 = CARTESIAN_POINT('',(42.553121018619,-69.16156091048,7.99));
#11724 = VECTOR('',#11725,1.);
#11725 = DIRECTION('',(0.,0.,1.));
#11726 = ORIENTED_EDGE('',*,*,#11727,.T.);
#11727 = EDGE_CURVE('',#11720,#2918,#11728,.T.);
#11728 = LINE('',#11729,#11730);
#11729 = CARTESIAN_POINT('',(42.035146332843,-68.30796504637,18.2));
#11730 = VECTOR('',#11731,1.);
#11731 = DIRECTION('',(0.518773258161,-0.854911870673,0.));
#11732 = ORIENTED_EDGE('',*,*,#2926,.F.);
#11733 = PLANE('',#11734);
#11734 = AXIS2_PLACEMENT_3D('',#11735,#11736,#11737);
#11735 = CARTESIAN_POINT('',(42.035146332843,-68.30796504637,14.7));
#11736 = DIRECTION('',(0.854911870673,0.518773258161,0.));
#11737 = DIRECTION('',(0.,0.,1.));
#11738 = ADVANCED_FACE('',(#11739),#11758,.F.);
#11739 = FACE_BOUND('',#11740,.F.);
#11740 = EDGE_LOOP('',(#11741,#11742,#11751,#11757));
#11741 = ORIENTED_EDGE('',*,*,#11727,.F.);
#11742 = ORIENTED_EDGE('',*,*,#11743,.F.);
#11743 = EDGE_CURVE('',#11744,#11720,#11746,.T.);
#11744 = VERTEX_POINT('',#11745);
#11745 = CARTESIAN_POINT('',(41.698209147946,-69.68033416864,18.2));
#11746 = CIRCLE('',#11747,81.204);
#11747 = AXIS2_PLACEMENT_3D('',#11748,#11749,#11750);
#11748 = CARTESIAN_POINT('',(0.,0.,18.2));
#11749 = DIRECTION('',(0.,0.,1.));
#11750 = DIRECTION('',(1.,0.,-0.));
#11751 = ORIENTED_EDGE('',*,*,#11752,.T.);
#11752 = EDGE_CURVE('',#11744,#2910,#11753,.T.);
#11753 = LINE('',#11754,#11755);
#11754 = CARTESIAN_POINT('',(41.18023446217,-68.82673830453,18.2));
#11755 = VECTOR('',#11756,1.);
#11756 = DIRECTION('',(0.518773258161,-0.854911870673,0.));
#11757 = ORIENTED_EDGE('',*,*,#2917,.T.);
#11758 = PLANE('',#11759);
#11759 = AXIS2_PLACEMENT_3D('',#11760,#11761,#11762);
#11760 = CARTESIAN_POINT('',(41.18023446217,-68.82673830453,18.2));
#11761 = DIRECTION('',(0.,0.,1.));
#11762 = DIRECTION('',(0.518773258161,-0.854911870673,0.));
#11763 = ADVANCED_FACE('',(#11764),#11775,.T.);
#11764 = FACE_BOUND('',#11765,.T.);
#11765 = EDGE_LOOP('',(#11766,#11767,#11773,#11774));
#11766 = ORIENTED_EDGE('',*,*,#11703,.F.);
#11767 = ORIENTED_EDGE('',*,*,#11768,.T.);
#11768 = EDGE_CURVE('',#11695,#11744,#11769,.T.);
#11769 = LINE('',#11770,#11771);
#11770 = CARTESIAN_POINT('',(41.698209147946,-69.68033416864,7.99));
#11771 = VECTOR('',#11772,1.);
#11772 = DIRECTION('',(0.,0.,1.));
#11773 = ORIENTED_EDGE('',*,*,#11752,.T.);
#11774 = ORIENTED_EDGE('',*,*,#2909,.F.);
#11775 = PLANE('',#11776);
#11776 = AXIS2_PLACEMENT_3D('',#11777,#11778,#11779);
#11777 = CARTESIAN_POINT('',(41.18023446217,-68.82673830453,14.7));
#11778 = DIRECTION('',(0.854911870673,0.518773258161,0.));
#11779 = DIRECTION('',(0.,0.,1.));
#11780 = ADVANCED_FACE('',(#11781),#11807,.T.);
#11781 = FACE_BOUND('',#11782,.T.);
#11782 = EDGE_LOOP('',(#11783,#11791,#11800,#11806));
#11783 = ORIENTED_EDGE('',*,*,#11784,.F.);
#11784 = EDGE_CURVE('',#11785,#2937,#11787,.T.);
#11785 = VERTEX_POINT('',#11786);
#11786 = CARTESIAN_POINT('',(45.529404792555,-67.23959336013,14.7));
#11787 = LINE('',#11788,#11789);
#11788 = CARTESIAN_POINT('',(44.974689775255,-66.4094036686,14.7));
#11789 = VECTOR('',#11790,1.);
#11790 = DIRECTION('',(0.55557023302,-0.831469612303,0.));
#11791 = ORIENTED_EDGE('',*,*,#11792,.F.);
#11792 = EDGE_CURVE('',#11793,#11785,#11795,.T.);
#11793 = VERTEX_POINT('',#11794);
#11794 = CARTESIAN_POINT('',(44.697935180252,-67.79516359315,14.7));
#11795 = CIRCLE('',#11796,81.204);
#11796 = AXIS2_PLACEMENT_3D('',#11797,#11798,#11799);
#11797 = CARTESIAN_POINT('',(0.,0.,14.7));
#11798 = DIRECTION('',(0.,0.,1.));
#11799 = DIRECTION('',(1.,0.,-0.));
#11800 = ORIENTED_EDGE('',*,*,#11801,.T.);
#11801 = EDGE_CURVE('',#11793,#2935,#11802,.T.);
#11802 = LINE('',#11803,#11804);
#11803 = CARTESIAN_POINT('',(44.143220162953,-66.96497390162,14.7));
#11804 = VECTOR('',#11805,1.);
#11805 = DIRECTION('',(0.55557023302,-0.831469612303,0.));
#11806 = ORIENTED_EDGE('',*,*,#2934,.T.);
#11807 = PLANE('',#11808);
#11808 = AXIS2_PLACEMENT_3D('',#11809,#11810,#11811);
#11809 = CARTESIAN_POINT('',(44.143220162953,-66.96497390162,14.7));
#11810 = DIRECTION('',(0.,0.,1.));
#11811 = DIRECTION('',(0.55557023302,-0.831469612303,0.));
#11812 = ADVANCED_FACE('',(#11813),#11831,.F.);
#11813 = FACE_BOUND('',#11814,.F.);
#11814 = EDGE_LOOP('',(#11815,#11816,#11824,#11830));
#11815 = ORIENTED_EDGE('',*,*,#11784,.F.);
#11816 = ORIENTED_EDGE('',*,*,#11817,.T.);
#11817 = EDGE_CURVE('',#11785,#11818,#11820,.T.);
#11818 = VERTEX_POINT('',#11819);
#11819 = CARTESIAN_POINT('',(45.529404792555,-67.23959336013,18.2));
#11820 = LINE('',#11821,#11822);
#11821 = CARTESIAN_POINT('',(45.529404792555,-67.23959336013,7.99));
#11822 = VECTOR('',#11823,1.);
#11823 = DIRECTION('',(0.,0.,1.));
#11824 = ORIENTED_EDGE('',*,*,#11825,.T.);
#11825 = EDGE_CURVE('',#11818,#2954,#11826,.T.);
#11826 = LINE('',#11827,#11828);
#11827 = CARTESIAN_POINT('',(44.974689775255,-66.4094036686,18.2));
#11828 = VECTOR('',#11829,1.);
#11829 = DIRECTION('',(0.55557023302,-0.831469612303,0.));
#11830 = ORIENTED_EDGE('',*,*,#2962,.F.);
#11831 = PLANE('',#11832);
#11832 = AXIS2_PLACEMENT_3D('',#11833,#11834,#11835);
#11833 = CARTESIAN_POINT('',(44.974689775255,-66.4094036686,14.7));
#11834 = DIRECTION('',(0.831469612303,0.55557023302,0.));
#11835 = DIRECTION('',(0.,0.,1.));
#11836 = ADVANCED_FACE('',(#11837),#11856,.F.);
#11837 = FACE_BOUND('',#11838,.F.);
#11838 = EDGE_LOOP('',(#11839,#11840,#11849,#11855));
#11839 = ORIENTED_EDGE('',*,*,#11825,.F.);
#11840 = ORIENTED_EDGE('',*,*,#11841,.F.);
#11841 = EDGE_CURVE('',#11842,#11818,#11844,.T.);
#11842 = VERTEX_POINT('',#11843);
#11843 = CARTESIAN_POINT('',(44.697935180252,-67.79516359315,18.2));
#11844 = CIRCLE('',#11845,81.204);
#11845 = AXIS2_PLACEMENT_3D('',#11846,#11847,#11848);
#11846 = CARTESIAN_POINT('',(0.,0.,18.2));
#11847 = DIRECTION('',(0.,0.,1.));
#11848 = DIRECTION('',(1.,0.,-0.));
#11849 = ORIENTED_EDGE('',*,*,#11850,.T.);
#11850 = EDGE_CURVE('',#11842,#2946,#11851,.T.);
#11851 = LINE('',#11852,#11853);
#11852 = CARTESIAN_POINT('',(44.143220162953,-66.96497390162,18.2));
#11853 = VECTOR('',#11854,1.);
#11854 = DIRECTION('',(0.55557023302,-0.831469612303,0.));
#11855 = ORIENTED_EDGE('',*,*,#2953,.T.);
#11856 = PLANE('',#11857);
#11857 = AXIS2_PLACEMENT_3D('',#11858,#11859,#11860);
#11858 = CARTESIAN_POINT('',(44.143220162953,-66.96497390162,18.2));
#11859 = DIRECTION('',(0.,0.,1.));
#11860 = DIRECTION('',(0.55557023302,-0.831469612303,0.));
#11861 = ADVANCED_FACE('',(#11862),#11873,.T.);
#11862 = FACE_BOUND('',#11863,.T.);
#11863 = EDGE_LOOP('',(#11864,#11865,#11871,#11872));
#11864 = ORIENTED_EDGE('',*,*,#11801,.F.);
#11865 = ORIENTED_EDGE('',*,*,#11866,.T.);
#11866 = EDGE_CURVE('',#11793,#11842,#11867,.T.);
#11867 = LINE('',#11868,#11869);
#11868 = CARTESIAN_POINT('',(44.697935180252,-67.79516359315,7.99));
#11869 = VECTOR('',#11870,1.);
#11870 = DIRECTION('',(0.,0.,1.));
#11871 = ORIENTED_EDGE('',*,*,#11850,.T.);
#11872 = ORIENTED_EDGE('',*,*,#2945,.F.);
#11873 = PLANE('',#11874);
#11874 = AXIS2_PLACEMENT_3D('',#11875,#11876,#11877);
#11875 = CARTESIAN_POINT('',(44.143220162953,-66.96497390162,14.7));
#11876 = DIRECTION('',(0.831469612303,0.55557023302,0.));
#11877 = DIRECTION('',(0.,0.,1.));
#11878 = ADVANCED_FACE('',(#11879),#11905,.T.);
#11879 = FACE_BOUND('',#11880,.T.);
#11880 = EDGE_LOOP('',(#11881,#11889,#11898,#11904));
#11881 = ORIENTED_EDGE('',*,*,#11882,.F.);
#11882 = EDGE_CURVE('',#11883,#2973,#11885,.T.);
#11883 = VERTEX_POINT('',#11884);
#11884 = CARTESIAN_POINT('',(67.79516359315,-44.69793518025,14.7));
#11885 = LINE('',#11886,#11887);
#11886 = CARTESIAN_POINT('',(66.964973901623,-44.14322016295,14.7));
#11887 = VECTOR('',#11888,1.);
#11888 = DIRECTION('',(0.831469612303,-0.55557023302,0.));
#11889 = ORIENTED_EDGE('',*,*,#11890,.F.);
#11890 = EDGE_CURVE('',#11891,#11883,#11893,.T.);
#11891 = VERTEX_POINT('',#11892);
#11892 = CARTESIAN_POINT('',(67.239593360131,-45.52940479255,14.7));
#11893 = CIRCLE('',#11894,81.204);
#11894 = AXIS2_PLACEMENT_3D('',#11895,#11896,#11897);
#11895 = CARTESIAN_POINT('',(0.,0.,14.7));
#11896 = DIRECTION('',(0.,0.,1.));
#11897 = DIRECTION('',(1.,0.,-0.));
#11898 = ORIENTED_EDGE('',*,*,#11899,.T.);
#11899 = EDGE_CURVE('',#11891,#2971,#11900,.T.);
#11900 = LINE('',#11901,#11902);
#11901 = CARTESIAN_POINT('',(66.409403668604,-44.97468977525,14.7));
#11902 = VECTOR('',#11903,1.);
#11903 = DIRECTION('',(0.831469612303,-0.55557023302,0.));
#11904 = ORIENTED_EDGE('',*,*,#2970,.T.);
#11905 = PLANE('',#11906);
#11906 = AXIS2_PLACEMENT_3D('',#11907,#11908,#11909);
#11907 = CARTESIAN_POINT('',(66.409403668604,-44.97468977525,14.7));
#11908 = DIRECTION('',(0.,0.,1.));
#11909 = DIRECTION('',(0.831469612303,-0.55557023302,0.));
#11910 = ADVANCED_FACE('',(#11911),#11929,.F.);
#11911 = FACE_BOUND('',#11912,.F.);
#11912 = EDGE_LOOP('',(#11913,#11914,#11922,#11928));
#11913 = ORIENTED_EDGE('',*,*,#11882,.F.);
#11914 = ORIENTED_EDGE('',*,*,#11915,.T.);
#11915 = EDGE_CURVE('',#11883,#11916,#11918,.T.);
#11916 = VERTEX_POINT('',#11917);
#11917 = CARTESIAN_POINT('',(67.79516359315,-44.69793518025,18.2));
#11918 = LINE('',#11919,#11920);
#11919 = CARTESIAN_POINT('',(67.79516359315,-44.69793518025,7.99));
#11920 = VECTOR('',#11921,1.);
#11921 = DIRECTION('',(0.,0.,1.));
#11922 = ORIENTED_EDGE('',*,*,#11923,.T.);
#11923 = EDGE_CURVE('',#11916,#2990,#11924,.T.);
#11924 = LINE('',#11925,#11926);
#11925 = CARTESIAN_POINT('',(66.964973901623,-44.14322016295,18.2));
#11926 = VECTOR('',#11927,1.);
#11927 = DIRECTION('',(0.831469612303,-0.55557023302,0.));
#11928 = ORIENTED_EDGE('',*,*,#2998,.F.);
#11929 = PLANE('',#11930);
#11930 = AXIS2_PLACEMENT_3D('',#11931,#11932,#11933);
#11931 = CARTESIAN_POINT('',(66.964973901623,-44.14322016295,14.7));
#11932 = DIRECTION('',(0.55557023302,0.831469612303,0.));
#11933 = DIRECTION('',(0.,0.,1.));
#11934 = ADVANCED_FACE('',(#11935),#11954,.F.);
#11935 = FACE_BOUND('',#11936,.F.);
#11936 = EDGE_LOOP('',(#11937,#11938,#11947,#11953));
#11937 = ORIENTED_EDGE('',*,*,#11923,.F.);
#11938 = ORIENTED_EDGE('',*,*,#11939,.F.);
#11939 = EDGE_CURVE('',#11940,#11916,#11942,.T.);
#11940 = VERTEX_POINT('',#11941);
#11941 = CARTESIAN_POINT('',(67.239593360131,-45.52940479255,18.2));
#11942 = CIRCLE('',#11943,81.204);
#11943 = AXIS2_PLACEMENT_3D('',#11944,#11945,#11946);
#11944 = CARTESIAN_POINT('',(0.,0.,18.2));
#11945 = DIRECTION('',(0.,0.,1.));
#11946 = DIRECTION('',(1.,0.,-0.));
#11947 = ORIENTED_EDGE('',*,*,#11948,.T.);
#11948 = EDGE_CURVE('',#11940,#2982,#11949,.T.);
#11949 = LINE('',#11950,#11951);
#11950 = CARTESIAN_POINT('',(66.409403668604,-44.97468977525,18.2));
#11951 = VECTOR('',#11952,1.);
#11952 = DIRECTION('',(0.831469612303,-0.55557023302,0.));
#11953 = ORIENTED_EDGE('',*,*,#2989,.T.);
#11954 = PLANE('',#11955);
#11955 = AXIS2_PLACEMENT_3D('',#11956,#11957,#11958);
#11956 = CARTESIAN_POINT('',(66.409403668604,-44.97468977525,18.2));
#11957 = DIRECTION('',(0.,0.,1.));
#11958 = DIRECTION('',(0.831469612303,-0.55557023302,0.));
#11959 = ADVANCED_FACE('',(#11960),#11971,.T.);
#11960 = FACE_BOUND('',#11961,.T.);
#11961 = EDGE_LOOP('',(#11962,#11963,#11969,#11970));
#11962 = ORIENTED_EDGE('',*,*,#11899,.F.);
#11963 = ORIENTED_EDGE('',*,*,#11964,.T.);
#11964 = EDGE_CURVE('',#11891,#11940,#11965,.T.);
#11965 = LINE('',#11966,#11967);
#11966 = CARTESIAN_POINT('',(67.239593360131,-45.52940479255,7.99));
#11967 = VECTOR('',#11968,1.);
#11968 = DIRECTION('',(0.,0.,1.));
#11969 = ORIENTED_EDGE('',*,*,#11948,.T.);
#11970 = ORIENTED_EDGE('',*,*,#2981,.F.);
#11971 = PLANE('',#11972);
#11972 = AXIS2_PLACEMENT_3D('',#11973,#11974,#11975);
#11973 = CARTESIAN_POINT('',(66.409403668604,-44.97468977525,14.7));
#11974 = DIRECTION('',(0.55557023302,0.831469612303,0.));
#11975 = DIRECTION('',(0.,0.,1.));
#11976 = ADVANCED_FACE('',(#11977),#12003,.T.);
#11977 = FACE_BOUND('',#11978,.T.);
#11978 = EDGE_LOOP('',(#11979,#11987,#11996,#12002));
#11979 = ORIENTED_EDGE('',*,*,#11980,.F.);
#11980 = EDGE_CURVE('',#11981,#3009,#11983,.T.);
#11981 = VERTEX_POINT('',#11982);
#11982 = CARTESIAN_POINT('',(69.680334168646,-41.69820914794,14.7));
#11983 = LINE('',#11984,#11985);
#11984 = CARTESIAN_POINT('',(68.826738304533,-41.18023446217,14.7));
#11985 = VECTOR('',#11986,1.);
#11986 = DIRECTION('',(0.854911870673,-0.518773258161,0.));
#11987 = ORIENTED_EDGE('',*,*,#11988,.F.);
#11988 = EDGE_CURVE('',#11989,#11981,#11991,.T.);
#11989 = VERTEX_POINT('',#11990);
#11990 = CARTESIAN_POINT('',(69.161560910485,-42.55312101861,14.7));
#11991 = CIRCLE('',#11992,81.204);
#11992 = AXIS2_PLACEMENT_3D('',#11993,#11994,#11995);
#11993 = CARTESIAN_POINT('',(0.,0.,14.7));
#11994 = DIRECTION('',(0.,0.,1.));
#11995 = DIRECTION('',(1.,0.,-0.));
#11996 = ORIENTED_EDGE('',*,*,#11997,.T.);
#11997 = EDGE_CURVE('',#11989,#3007,#11998,.T.);
#11998 = LINE('',#11999,#12000);
#11999 = CARTESIAN_POINT('',(68.307965046373,-42.03514633284,14.7));
#12000 = VECTOR('',#12001,1.);
#12001 = DIRECTION('',(0.854911870673,-0.518773258161,0.));
#12002 = ORIENTED_EDGE('',*,*,#3006,.T.);
#12003 = PLANE('',#12004);
#12004 = AXIS2_PLACEMENT_3D('',#12005,#12006,#12007);
#12005 = CARTESIAN_POINT('',(68.307965046373,-42.03514633284,14.7));
#12006 = DIRECTION('',(0.,0.,1.));
#12007 = DIRECTION('',(0.854911870673,-0.518773258161,0.));
#12008 = ADVANCED_FACE('',(#12009),#12027,.F.);
#12009 = FACE_BOUND('',#12010,.F.);
#12010 = EDGE_LOOP('',(#12011,#12012,#12020,#12026));
#12011 = ORIENTED_EDGE('',*,*,#11980,.F.);
#12012 = ORIENTED_EDGE('',*,*,#12013,.T.);
#12013 = EDGE_CURVE('',#11981,#12014,#12016,.T.);
#12014 = VERTEX_POINT('',#12015);
#12015 = CARTESIAN_POINT('',(69.680334168646,-41.69820914794,18.2));
#12016 = LINE('',#12017,#12018);
#12017 = CARTESIAN_POINT('',(69.680334168646,-41.69820914794,7.99));
#12018 = VECTOR('',#12019,1.);
#12019 = DIRECTION('',(0.,0.,1.));
#12020 = ORIENTED_EDGE('',*,*,#12021,.T.);
#12021 = EDGE_CURVE('',#12014,#3026,#12022,.T.);
#12022 = LINE('',#12023,#12024);
#12023 = CARTESIAN_POINT('',(68.826738304533,-41.18023446217,18.2));
#12024 = VECTOR('',#12025,1.);
#12025 = DIRECTION('',(0.854911870673,-0.518773258161,0.));
#12026 = ORIENTED_EDGE('',*,*,#3034,.F.);
#12027 = PLANE('',#12028);
#12028 = AXIS2_PLACEMENT_3D('',#12029,#12030,#12031);
#12029 = CARTESIAN_POINT('',(68.826738304533,-41.18023446217,14.7));
#12030 = DIRECTION('',(0.518773258161,0.854911870673,0.));
#12031 = DIRECTION('',(0.,0.,1.));
#12032 = ADVANCED_FACE('',(#12033),#12052,.F.);
#12033 = FACE_BOUND('',#12034,.F.);
#12034 = EDGE_LOOP('',(#12035,#12036,#12045,#12051));
#12035 = ORIENTED_EDGE('',*,*,#12021,.F.);
#12036 = ORIENTED_EDGE('',*,*,#12037,.F.);
#12037 = EDGE_CURVE('',#12038,#12014,#12040,.T.);
#12038 = VERTEX_POINT('',#12039);
#12039 = CARTESIAN_POINT('',(69.161560910485,-42.55312101861,18.2));
#12040 = CIRCLE('',#12041,81.204);
#12041 = AXIS2_PLACEMENT_3D('',#12042,#12043,#12044);
#12042 = CARTESIAN_POINT('',(0.,0.,18.2));
#12043 = DIRECTION('',(0.,0.,1.));
#12044 = DIRECTION('',(1.,0.,-0.));
#12045 = ORIENTED_EDGE('',*,*,#12046,.T.);
#12046 = EDGE_CURVE('',#12038,#3018,#12047,.T.);
#12047 = LINE('',#12048,#12049);
#12048 = CARTESIAN_POINT('',(68.307965046373,-42.03514633284,18.2));
#12049 = VECTOR('',#12050,1.);
#12050 = DIRECTION('',(0.854911870673,-0.518773258161,0.));
#12051 = ORIENTED_EDGE('',*,*,#3025,.T.);
#12052 = PLANE('',#12053);
#12053 = AXIS2_PLACEMENT_3D('',#12054,#12055,#12056);
#12054 = CARTESIAN_POINT('',(68.307965046373,-42.03514633284,18.2));
#12055 = DIRECTION('',(0.,0.,1.));
#12056 = DIRECTION('',(0.854911870673,-0.518773258161,0.));
#12057 = ADVANCED_FACE('',(#12058),#12069,.T.);
#12058 = FACE_BOUND('',#12059,.T.);
#12059 = EDGE_LOOP('',(#12060,#12061,#12067,#12068));
#12060 = ORIENTED_EDGE('',*,*,#11997,.F.);
#12061 = ORIENTED_EDGE('',*,*,#12062,.T.);
#12062 = EDGE_CURVE('',#11989,#12038,#12063,.T.);
#12063 = LINE('',#12064,#12065);
#12064 = CARTESIAN_POINT('',(69.161560910485,-42.55312101861,7.99));
#12065 = VECTOR('',#12066,1.);
#12066 = DIRECTION('',(0.,0.,1.));
#12067 = ORIENTED_EDGE('',*,*,#12046,.T.);
#12068 = ORIENTED_EDGE('',*,*,#3017,.F.);
#12069 = PLANE('',#12070);
#12070 = AXIS2_PLACEMENT_3D('',#12071,#12072,#12073);
#12071 = CARTESIAN_POINT('',(68.307965046373,-42.03514633284,14.7));
#12072 = DIRECTION('',(0.518773258161,0.854911870673,0.));
#12073 = DIRECTION('',(0.,0.,1.));
#12074 = ADVANCED_FACE('',(#12075),#12101,.T.);
#12075 = FACE_BOUND('',#12076,.T.);
#12076 = EDGE_LOOP('',(#12077,#12085,#12094,#12100));
#12077 = ORIENTED_EDGE('',*,*,#12078,.F.);
#12078 = EDGE_CURVE('',#12079,#3045,#12081,.T.);
#12079 = VERTEX_POINT('',#12080);
#12080 = CARTESIAN_POINT('',(71.43286426768,-38.61910820455,14.7));
#12081 = LINE('',#12082,#12083);
#12082 = CARTESIAN_POINT('',(70.557487099225,-38.13885984455,14.7));
#12083 = VECTOR('',#12084,1.);
#12084 = DIRECTION('',(0.876726755708,-0.480988768919,0.));
#12085 = ORIENTED_EDGE('',*,*,#12086,.F.);
#12086 = EDGE_CURVE('',#12087,#12079,#12089,.T.);
#12087 = VERTEX_POINT('',#12088);
#12088 = CARTESIAN_POINT('',(70.951875498761,-39.49583496026,14.7));
#12089 = CIRCLE('',#12090,81.204);
#12090 = AXIS2_PLACEMENT_3D('',#12091,#12092,#12093);
#12091 = CARTESIAN_POINT('',(0.,0.,14.7));
#12092 = DIRECTION('',(0.,0.,1.));
#12093 = DIRECTION('',(1.,0.,-0.));
#12094 = ORIENTED_EDGE('',*,*,#12095,.T.);
#12095 = EDGE_CURVE('',#12087,#3043,#12096,.T.);
#12096 = LINE('',#12097,#12098);
#12097 = CARTESIAN_POINT('',(70.076498330305,-39.01558660026,14.7));
#12098 = VECTOR('',#12099,1.);
#12099 = DIRECTION('',(0.876726755708,-0.480988768919,0.));
#12100 = ORIENTED_EDGE('',*,*,#3042,.T.);
#12101 = PLANE('',#12102);
#12102 = AXIS2_PLACEMENT_3D('',#12103,#12104,#12105);
#12103 = CARTESIAN_POINT('',(70.076498330305,-39.01558660026,14.7));
#12104 = DIRECTION('',(0.,0.,1.));
#12105 = DIRECTION('',(0.876726755708,-0.480988768919,0.));
#12106 = ADVANCED_FACE('',(#12107),#12125,.F.);
#12107 = FACE_BOUND('',#12108,.F.);
#12108 = EDGE_LOOP('',(#12109,#12110,#12118,#12124));
#12109 = ORIENTED_EDGE('',*,*,#12078,.F.);
#12110 = ORIENTED_EDGE('',*,*,#12111,.T.);
#12111 = EDGE_CURVE('',#12079,#12112,#12114,.T.);
#12112 = VERTEX_POINT('',#12113);
#12113 = CARTESIAN_POINT('',(71.43286426768,-38.61910820455,18.2));
#12114 = LINE('',#12115,#12116);
#12115 = CARTESIAN_POINT('',(71.43286426768,-38.61910820455,7.99));
#12116 = VECTOR('',#12117,1.);
#12117 = DIRECTION('',(0.,0.,1.));
#12118 = ORIENTED_EDGE('',*,*,#12119,.T.);
#12119 = EDGE_CURVE('',#12112,#3062,#12120,.T.);
#12120 = LINE('',#12121,#12122);
#12121 = CARTESIAN_POINT('',(70.557487099225,-38.13885984455,18.2));
#12122 = VECTOR('',#12123,1.);
#12123 = DIRECTION('',(0.876726755708,-0.480988768919,0.));
#12124 = ORIENTED_EDGE('',*,*,#3070,.F.);
#12125 = PLANE('',#12126);
#12126 = AXIS2_PLACEMENT_3D('',#12127,#12128,#12129);
#12127 = CARTESIAN_POINT('',(70.557487099225,-38.13885984455,14.7));
#12128 = DIRECTION('',(0.480988768919,0.876726755708,0.));
#12129 = DIRECTION('',(0.,0.,1.));
#12130 = ADVANCED_FACE('',(#12131),#12150,.F.);
#12131 = FACE_BOUND('',#12132,.F.);
#12132 = EDGE_LOOP('',(#12133,#12134,#12143,#12149));
#12133 = ORIENTED_EDGE('',*,*,#12119,.F.);
#12134 = ORIENTED_EDGE('',*,*,#12135,.F.);
#12135 = EDGE_CURVE('',#12136,#12112,#12138,.T.);
#12136 = VERTEX_POINT('',#12137);
#12137 = CARTESIAN_POINT('',(70.951875498761,-39.49583496026,18.2));
#12138 = CIRCLE('',#12139,81.204);
#12139 = AXIS2_PLACEMENT_3D('',#12140,#12141,#12142);
#12140 = CARTESIAN_POINT('',(0.,0.,18.2));
#12141 = DIRECTION('',(0.,0.,1.));
#12142 = DIRECTION('',(1.,0.,-0.));
#12143 = ORIENTED_EDGE('',*,*,#12144,.T.);
#12144 = EDGE_CURVE('',#12136,#3054,#12145,.T.);
#12145 = LINE('',#12146,#12147);
#12146 = CARTESIAN_POINT('',(70.076498330305,-39.01558660026,18.2));
#12147 = VECTOR('',#12148,1.);
#12148 = DIRECTION('',(0.876726755708,-0.480988768919,0.));
#12149 = ORIENTED_EDGE('',*,*,#3061,.T.);
#12150 = PLANE('',#12151);
#12151 = AXIS2_PLACEMENT_3D('',#12152,#12153,#12154);
#12152 = CARTESIAN_POINT('',(70.076498330305,-39.01558660026,18.2));
#12153 = DIRECTION('',(0.,0.,1.));
#12154 = DIRECTION('',(0.876726755708,-0.480988768919,0.));
#12155 = ADVANCED_FACE('',(#12156),#12167,.T.);
#12156 = FACE_BOUND('',#12157,.T.);
#12157 = EDGE_LOOP('',(#12158,#12159,#12165,#12166));
#12158 = ORIENTED_EDGE('',*,*,#12095,.F.);
#12159 = ORIENTED_EDGE('',*,*,#12160,.T.);
#12160 = EDGE_CURVE('',#12087,#12136,#12161,.T.);
#12161 = LINE('',#12162,#12163);
#12162 = CARTESIAN_POINT('',(70.951875498761,-39.49583496026,7.99));
#12163 = VECTOR('',#12164,1.);
#12164 = DIRECTION('',(0.,0.,1.));
#12165 = ORIENTED_EDGE('',*,*,#12144,.T.);
#12166 = ORIENTED_EDGE('',*,*,#3053,.F.);
#12167 = PLANE('',#12168);
#12168 = AXIS2_PLACEMENT_3D('',#12169,#12170,#12171);
#12169 = CARTESIAN_POINT('',(70.076498330305,-39.01558660026,14.7));
#12170 = DIRECTION('',(0.480988768919,0.876726755708,0.));
#12171 = DIRECTION('',(0.,0.,1.));
#12172 = ADVANCED_FACE('',(#12173),#12199,.T.);
#12173 = FACE_BOUND('',#12174,.T.);
#12174 = EDGE_LOOP('',(#12175,#12183,#12192,#12198));
#12175 = ORIENTED_EDGE('',*,*,#12176,.F.);
#12176 = EDGE_CURVE('',#12177,#3081,#12179,.T.);
#12177 = VERTEX_POINT('',#12178);
#12178 = CARTESIAN_POINT('',(73.049417849602,-35.46649359373,14.7));
#12179 = LINE('',#12180,#12181);
#12180 = CARTESIAN_POINT('',(72.153925706997,-35.02488573955,14.7));
#12181 = VECTOR('',#12182,1.);
#12182 = DIRECTION('',(0.896872741533,-0.442288690219,0.));
#12183 = ORIENTED_EDGE('',*,*,#12184,.F.);
#12184 = EDGE_CURVE('',#12185,#12177,#12187,.T.);
#12185 = VERTEX_POINT('',#12186);
#12186 = CARTESIAN_POINT('',(72.607129159383,-36.36336633526,14.7));
#12187 = CIRCLE('',#12188,81.204);
#12188 = AXIS2_PLACEMENT_3D('',#12189,#12190,#12191);
#12189 = CARTESIAN_POINT('',(0.,0.,14.7));
#12190 = DIRECTION('',(0.,0.,1.));
#12191 = DIRECTION('',(1.,0.,-0.));
#12192 = ORIENTED_EDGE('',*,*,#12193,.T.);
#12193 = EDGE_CURVE('',#12185,#3079,#12194,.T.);
#12194 = LINE('',#12195,#12196);
#12195 = CARTESIAN_POINT('',(71.711637016778,-35.92175848109,14.7));
#12196 = VECTOR('',#12197,1.);
#12197 = DIRECTION('',(0.896872741533,-0.442288690219,0.));
#12198 = ORIENTED_EDGE('',*,*,#3078,.T.);
#12199 = PLANE('',#12200);
#12200 = AXIS2_PLACEMENT_3D('',#12201,#12202,#12203);
#12201 = CARTESIAN_POINT('',(71.711637016778,-35.92175848109,14.7));
#12202 = DIRECTION('',(0.,0.,1.));
#12203 = DIRECTION('',(0.896872741533,-0.442288690219,0.));
#12204 = ADVANCED_FACE('',(#12205),#12223,.F.);
#12205 = FACE_BOUND('',#12206,.F.);
#12206 = EDGE_LOOP('',(#12207,#12208,#12216,#12222));
#12207 = ORIENTED_EDGE('',*,*,#12176,.F.);
#12208 = ORIENTED_EDGE('',*,*,#12209,.T.);
#12209 = EDGE_CURVE('',#12177,#12210,#12212,.T.);
#12210 = VERTEX_POINT('',#12211);
#12211 = CARTESIAN_POINT('',(73.049417849602,-35.46649359373,18.2));
#12212 = LINE('',#12213,#12214);
#12213 = CARTESIAN_POINT('',(73.049417849602,-35.46649359373,7.99));
#12214 = VECTOR('',#12215,1.);
#12215 = DIRECTION('',(0.,0.,1.));
#12216 = ORIENTED_EDGE('',*,*,#12217,.T.);
#12217 = EDGE_CURVE('',#12210,#3098,#12218,.T.);
#12218 = LINE('',#12219,#12220);
#12219 = CARTESIAN_POINT('',(72.153925706997,-35.02488573955,18.2));
#12220 = VECTOR('',#12221,1.);
#12221 = DIRECTION('',(0.896872741533,-0.442288690219,0.));
#12222 = ORIENTED_EDGE('',*,*,#3106,.F.);
#12223 = PLANE('',#12224);
#12224 = AXIS2_PLACEMENT_3D('',#12225,#12226,#12227);
#12225 = CARTESIAN_POINT('',(72.153925706997,-35.02488573955,14.7));
#12226 = DIRECTION('',(0.442288690219,0.896872741533,0.));
#12227 = DIRECTION('',(0.,0.,1.));
#12228 = ADVANCED_FACE('',(#12229),#12248,.F.);
#12229 = FACE_BOUND('',#12230,.F.);
#12230 = EDGE_LOOP('',(#12231,#12232,#12241,#12247));
#12231 = ORIENTED_EDGE('',*,*,#12217,.F.);
#12232 = ORIENTED_EDGE('',*,*,#12233,.F.);
#12233 = EDGE_CURVE('',#12234,#12210,#12236,.T.);
#12234 = VERTEX_POINT('',#12235);
#12235 = CARTESIAN_POINT('',(72.607129159383,-36.36336633526,18.2));
#12236 = CIRCLE('',#12237,81.204);
#12237 = AXIS2_PLACEMENT_3D('',#12238,#12239,#12240);
#12238 = CARTESIAN_POINT('',(0.,0.,18.2));
#12239 = DIRECTION('',(0.,0.,1.));
#12240 = DIRECTION('',(1.,0.,-0.));
#12241 = ORIENTED_EDGE('',*,*,#12242,.T.);
#12242 = EDGE_CURVE('',#12234,#3090,#12243,.T.);
#12243 = LINE('',#12244,#12245);
#12244 = CARTESIAN_POINT('',(71.711637016778,-35.92175848109,18.2));
#12245 = VECTOR('',#12246,1.);
#12246 = DIRECTION('',(0.896872741533,-0.442288690219,0.));
#12247 = ORIENTED_EDGE('',*,*,#3097,.T.);
#12248 = PLANE('',#12249);
#12249 = AXIS2_PLACEMENT_3D('',#12250,#12251,#12252);
#12250 = CARTESIAN_POINT('',(71.711637016778,-35.92175848109,18.2));
#12251 = DIRECTION('',(0.,0.,1.));
#12252 = DIRECTION('',(0.896872741533,-0.442288690219,0.));
#12253 = ADVANCED_FACE('',(#12254),#12265,.T.);
#12254 = FACE_BOUND('',#12255,.T.);
#12255 = EDGE_LOOP('',(#12256,#12257,#12263,#12264));
#12256 = ORIENTED_EDGE('',*,*,#12193,.F.);
#12257 = ORIENTED_EDGE('',*,*,#12258,.T.);
#12258 = EDGE_CURVE('',#12185,#12234,#12259,.T.);
#12259 = LINE('',#12260,#12261);
#12260 = CARTESIAN_POINT('',(72.607129159383,-36.36336633526,7.99));
#12261 = VECTOR('',#12262,1.);
#12262 = DIRECTION('',(0.,0.,1.));
#12263 = ORIENTED_EDGE('',*,*,#12242,.T.);
#12264 = ORIENTED_EDGE('',*,*,#3089,.F.);
#12265 = PLANE('',#12266);
#12266 = AXIS2_PLACEMENT_3D('',#12267,#12268,#12269);
#12267 = CARTESIAN_POINT('',(71.711637016778,-35.92175848109,14.7));
#12268 = DIRECTION('',(0.442288690219,0.896872741533,0.));
#12269 = DIRECTION('',(0.,0.,1.));
#12270 = ADVANCED_FACE('',(#12271),#12297,.T.);
#12271 = FACE_BOUND('',#12272,.T.);
#12272 = EDGE_LOOP('',(#12273,#12281,#12290,#12296));
#12273 = ORIENTED_EDGE('',*,*,#12274,.F.);
#12274 = EDGE_CURVE('',#12275,#3117,#12277,.T.);
#12275 = VERTEX_POINT('',#12276);
#12276 = CARTESIAN_POINT('',(74.526917712791,-32.24636649656,14.7));
#12277 = LINE('',#12278,#12279);
#12278 = CARTESIAN_POINT('',(73.613015216225,-31.84423977387,14.7));
#12279 = VECTOR('',#12280,1.);
#12280 = DIRECTION('',(0.915311479119,-0.402746689859,0.));
#12281 = ORIENTED_EDGE('',*,*,#12282,.F.);
#12282 = EDGE_CURVE('',#12283,#12275,#12285,.T.);
#12283 = VERTEX_POINT('',#12284);
#12284 = CARTESIAN_POINT('',(74.124171022932,-33.16167797568,14.7));
#12285 = CIRCLE('',#12286,81.204);
#12286 = AXIS2_PLACEMENT_3D('',#12287,#12288,#12289);
#12287 = CARTESIAN_POINT('',(0.,0.,14.7));
#12288 = DIRECTION('',(0.,0.,1.));
#12289 = DIRECTION('',(1.,0.,-0.));
#12290 = ORIENTED_EDGE('',*,*,#12291,.T.);
#12291 = EDGE_CURVE('',#12283,#3115,#12292,.T.);
#12292 = LINE('',#12293,#12294);
#12293 = CARTESIAN_POINT('',(73.210268526367,-32.75955125299,14.7));
#12294 = VECTOR('',#12295,1.);
#12295 = DIRECTION('',(0.915311479119,-0.402746689859,0.));
#12296 = ORIENTED_EDGE('',*,*,#3114,.T.);
#12297 = PLANE('',#12298);
#12298 = AXIS2_PLACEMENT_3D('',#12299,#12300,#12301);
#12299 = CARTESIAN_POINT('',(73.210268526367,-32.75955125299,14.7));
#12300 = DIRECTION('',(0.,0.,1.));
#12301 = DIRECTION('',(0.915311479119,-0.402746689859,0.));
#12302 = ADVANCED_FACE('',(#12303),#12321,.F.);
#12303 = FACE_BOUND('',#12304,.F.);
#12304 = EDGE_LOOP('',(#12305,#12306,#12314,#12320));
#12305 = ORIENTED_EDGE('',*,*,#12274,.F.);
#12306 = ORIENTED_EDGE('',*,*,#12307,.T.);
#12307 = EDGE_CURVE('',#12275,#12308,#12310,.T.);
#12308 = VERTEX_POINT('',#12309);
#12309 = CARTESIAN_POINT('',(74.526917712791,-32.24636649656,18.2));
#12310 = LINE('',#12311,#12312);
#12311 = CARTESIAN_POINT('',(74.526917712791,-32.24636649656,7.99));
#12312 = VECTOR('',#12313,1.);
#12313 = DIRECTION('',(0.,0.,1.));
#12314 = ORIENTED_EDGE('',*,*,#12315,.T.);
#12315 = EDGE_CURVE('',#12308,#3134,#12316,.T.);
#12316 = LINE('',#12317,#12318);
#12317 = CARTESIAN_POINT('',(73.613015216225,-31.84423977387,18.2));
#12318 = VECTOR('',#12319,1.);
#12319 = DIRECTION('',(0.915311479119,-0.402746689859,0.));
#12320 = ORIENTED_EDGE('',*,*,#3142,.F.);
#12321 = PLANE('',#12322);
#12322 = AXIS2_PLACEMENT_3D('',#12323,#12324,#12325);
#12323 = CARTESIAN_POINT('',(73.613015216225,-31.84423977387,14.7));
#12324 = DIRECTION('',(0.402746689859,0.915311479119,0.));
#12325 = DIRECTION('',(0.,0.,1.));
#12326 = ADVANCED_FACE('',(#12327),#12346,.F.);
#12327 = FACE_BOUND('',#12328,.F.);
#12328 = EDGE_LOOP('',(#12329,#12330,#12339,#12345));
#12329 = ORIENTED_EDGE('',*,*,#12315,.F.);
#12330 = ORIENTED_EDGE('',*,*,#12331,.F.);
#12331 = EDGE_CURVE('',#12332,#12308,#12334,.T.);
#12332 = VERTEX_POINT('',#12333);
#12333 = CARTESIAN_POINT('',(74.124171022932,-33.16167797568,18.2));
#12334 = CIRCLE('',#12335,81.204);
#12335 = AXIS2_PLACEMENT_3D('',#12336,#12337,#12338);
#12336 = CARTESIAN_POINT('',(0.,0.,18.2));
#12337 = DIRECTION('',(0.,0.,1.));
#12338 = DIRECTION('',(1.,0.,-0.));
#12339 = ORIENTED_EDGE('',*,*,#12340,.T.);
#12340 = EDGE_CURVE('',#12332,#3126,#12341,.T.);
#12341 = LINE('',#12342,#12343);
#12342 = CARTESIAN_POINT('',(73.210268526367,-32.75955125299,18.2));
#12343 = VECTOR('',#12344,1.);
#12344 = DIRECTION('',(0.915311479119,-0.402746689859,0.));
#12345 = ORIENTED_EDGE('',*,*,#3133,.T.);
#12346 = PLANE('',#12347);
#12347 = AXIS2_PLACEMENT_3D('',#12348,#12349,#12350);
#12348 = CARTESIAN_POINT('',(73.210268526367,-32.75955125299,18.2));
#12349 = DIRECTION('',(0.,0.,1.));
#12350 = DIRECTION('',(0.915311479119,-0.402746689859,0.));
#12351 = ADVANCED_FACE('',(#12352),#12363,.T.);
#12352 = FACE_BOUND('',#12353,.T.);
#12353 = EDGE_LOOP('',(#12354,#12355,#12361,#12362));
#12354 = ORIENTED_EDGE('',*,*,#12291,.F.);
#12355 = ORIENTED_EDGE('',*,*,#12356,.T.);
#12356 = EDGE_CURVE('',#12283,#12332,#12357,.T.);
#12357 = LINE('',#12358,#12359);
#12358 = CARTESIAN_POINT('',(74.124171022932,-33.16167797568,7.99));
#12359 = VECTOR('',#12360,1.);
#12360 = DIRECTION('',(0.,0.,1.));
#12361 = ORIENTED_EDGE('',*,*,#12340,.T.);
#12362 = ORIENTED_EDGE('',*,*,#3125,.F.);
#12363 = PLANE('',#12364);
#12364 = AXIS2_PLACEMENT_3D('',#12365,#12366,#12367);
#12365 = CARTESIAN_POINT('',(73.210268526367,-32.75955125299,14.7));
#12366 = DIRECTION('',(0.402746689859,0.915311479119,0.));
#12367 = DIRECTION('',(0.,0.,1.));
#12368 = ADVANCED_FACE('',(#12369),#12395,.T.);
#12369 = FACE_BOUND('',#12370,.T.);
#12370 = EDGE_LOOP('',(#12371,#12379,#12388,#12394));
#12371 = ORIENTED_EDGE('',*,*,#12372,.F.);
#12372 = EDGE_CURVE('',#12373,#3153,#12375,.T.);
#12373 = VERTEX_POINT('',#12374);
#12374 = CARTESIAN_POINT('',(75.862551352279,-28.96485660801,14.7));
#12375 = LINE('',#12376,#12377);
#12376 = CARTESIAN_POINT('',(74.931978167099,-28.60297648786,14.7));
#12377 = VECTOR('',#12378,1.);
#12378 = DIRECTION('',(0.932007869283,-0.362438038284,0.));
#12379 = ORIENTED_EDGE('',*,*,#12380,.F.);
#12380 = EDGE_CURVE('',#12381,#12373,#12383,.T.);
#12381 = VERTEX_POINT('',#12382);
#12382 = CARTESIAN_POINT('',(75.500113313996,-29.89686447729,14.7));
#12383 = CIRCLE('',#12384,81.204);
#12384 = AXIS2_PLACEMENT_3D('',#12385,#12386,#12387);
#12385 = CARTESIAN_POINT('',(0.,0.,14.7));
#12386 = DIRECTION('',(0.,0.,1.));
#12387 = DIRECTION('',(1.,0.,-0.));
#12388 = ORIENTED_EDGE('',*,*,#12389,.T.);
#12389 = EDGE_CURVE('',#12381,#3151,#12390,.T.);
#12390 = LINE('',#12391,#12392);
#12391 = CARTESIAN_POINT('',(74.569540128816,-29.53498435714,14.7));
#12392 = VECTOR('',#12393,1.);
#12393 = DIRECTION('',(0.932007869283,-0.362438038284,0.));
#12394 = ORIENTED_EDGE('',*,*,#3150,.T.);
#12395 = PLANE('',#12396);
#12396 = AXIS2_PLACEMENT_3D('',#12397,#12398,#12399);
#12397 = CARTESIAN_POINT('',(74.569540128816,-29.53498435714,14.7));
#12398 = DIRECTION('',(0.,0.,1.));
#12399 = DIRECTION('',(0.932007869283,-0.362438038284,0.));
#12400 = ADVANCED_FACE('',(#12401),#12419,.F.);
#12401 = FACE_BOUND('',#12402,.F.);
#12402 = EDGE_LOOP('',(#12403,#12404,#12412,#12418));
#12403 = ORIENTED_EDGE('',*,*,#12372,.F.);
#12404 = ORIENTED_EDGE('',*,*,#12405,.T.);
#12405 = EDGE_CURVE('',#12373,#12406,#12408,.T.);
#12406 = VERTEX_POINT('',#12407);
#12407 = CARTESIAN_POINT('',(75.862551352279,-28.96485660801,18.2));
#12408 = LINE('',#12409,#12410);
#12409 = CARTESIAN_POINT('',(75.862551352279,-28.96485660801,7.99));
#12410 = VECTOR('',#12411,1.);
#12411 = DIRECTION('',(0.,0.,1.));
#12412 = ORIENTED_EDGE('',*,*,#12413,.T.);
#12413 = EDGE_CURVE('',#12406,#3170,#12414,.T.);
#12414 = LINE('',#12415,#12416);
#12415 = CARTESIAN_POINT('',(74.931978167099,-28.60297648786,18.2));
#12416 = VECTOR('',#12417,1.);
#12417 = DIRECTION('',(0.932007869283,-0.362438038284,0.));
#12418 = ORIENTED_EDGE('',*,*,#3178,.F.);
#12419 = PLANE('',#12420);
#12420 = AXIS2_PLACEMENT_3D('',#12421,#12422,#12423);
#12421 = CARTESIAN_POINT('',(74.931978167099,-28.60297648786,14.7));
#12422 = DIRECTION('',(0.362438038284,0.932007869283,0.));
#12423 = DIRECTION('',(0.,0.,1.));
#12424 = ADVANCED_FACE('',(#12425),#12444,.F.);
#12425 = FACE_BOUND('',#12426,.F.);
#12426 = EDGE_LOOP('',(#12427,#12428,#12437,#12443));
#12427 = ORIENTED_EDGE('',*,*,#12413,.F.);
#12428 = ORIENTED_EDGE('',*,*,#12429,.F.);
#12429 = EDGE_CURVE('',#12430,#12406,#12432,.T.);
#12430 = VERTEX_POINT('',#12431);
#12431 = CARTESIAN_POINT('',(75.500113313996,-29.89686447729,18.2));
#12432 = CIRCLE('',#12433,81.204);
#12433 = AXIS2_PLACEMENT_3D('',#12434,#12435,#12436);
#12434 = CARTESIAN_POINT('',(0.,0.,18.2));
#12435 = DIRECTION('',(0.,0.,1.));
#12436 = DIRECTION('',(1.,0.,-0.));
#12437 = ORIENTED_EDGE('',*,*,#12438,.T.);
#12438 = EDGE_CURVE('',#12430,#3162,#12439,.T.);
#12439 = LINE('',#12440,#12441);
#12440 = CARTESIAN_POINT('',(74.569540128816,-29.53498435714,18.2));
#12441 = VECTOR('',#12442,1.);
#12442 = DIRECTION('',(0.932007869283,-0.362438038284,0.));
#12443 = ORIENTED_EDGE('',*,*,#3169,.T.);
#12444 = PLANE('',#12445);
#12445 = AXIS2_PLACEMENT_3D('',#12446,#12447,#12448);
#12446 = CARTESIAN_POINT('',(74.569540128816,-29.53498435714,18.2));
#12447 = DIRECTION('',(0.,0.,1.));
#12448 = DIRECTION('',(0.932007869283,-0.362438038284,0.));
#12449 = ADVANCED_FACE('',(#12450),#12461,.T.);
#12450 = FACE_BOUND('',#12451,.T.);
#12451 = EDGE_LOOP('',(#12452,#12453,#12459,#12460));
#12452 = ORIENTED_EDGE('',*,*,#12389,.F.);
#12453 = ORIENTED_EDGE('',*,*,#12454,.T.);
#12454 = EDGE_CURVE('',#12381,#12430,#12455,.T.);
#12455 = LINE('',#12456,#12457);
#12456 = CARTESIAN_POINT('',(75.500113313996,-29.89686447729,7.99));
#12457 = VECTOR('',#12458,1.);
#12458 = DIRECTION('',(0.,0.,1.));
#12459 = ORIENTED_EDGE('',*,*,#12438,.T.);
#12460 = ORIENTED_EDGE('',*,*,#3161,.F.);
#12461 = PLANE('',#12462);
#12462 = AXIS2_PLACEMENT_3D('',#12463,#12464,#12465);
#12463 = CARTESIAN_POINT('',(74.569540128816,-29.53498435714,14.7));
#12464 = DIRECTION('',(0.362438038284,0.932007869283,0.));
#12465 = DIRECTION('',(0.,0.,1.));
#12466 = ADVANCED_FACE('',(#12467),#12493,.T.);
#12467 = FACE_BOUND('',#12468,.T.);
#12468 = EDGE_LOOP('',(#12469,#12477,#12486,#12492));
#12469 = ORIENTED_EDGE('',*,*,#12470,.F.);
#12470 = EDGE_CURVE('',#12471,#3189,#12473,.T.);
#12471 = VERTEX_POINT('',#12472);
#12472 = CARTESIAN_POINT('',(77.053776313523,-25.62821046865,14.7));
#12473 = LINE('',#12474,#12475);
#12474 = CARTESIAN_POINT('',(76.108303838677,-25.30726581042,14.7));
#12475 = VECTOR('',#12476,1.);
#12476 = DIRECTION('',(0.946930129495,-0.321439465303,0.));
#12477 = ORIENTED_EDGE('',*,*,#12478,.F.);
#12478 = EDGE_CURVE('',#12479,#12471,#12481,.T.);
#12479 = VERTEX_POINT('',#12480);
#12480 = CARTESIAN_POINT('',(76.73233684822,-26.57514059814,14.7));
#12481 = CIRCLE('',#12482,81.204);
#12482 = AXIS2_PLACEMENT_3D('',#12483,#12484,#12485);
#12483 = CARTESIAN_POINT('',(0.,0.,14.7));
#12484 = DIRECTION('',(0.,0.,1.));
#12485 = DIRECTION('',(1.,0.,-0.));
#12486 = ORIENTED_EDGE('',*,*,#12487,.T.);
#12487 = EDGE_CURVE('',#12479,#3187,#12488,.T.);
#12488 = LINE('',#12489,#12490);
#12489 = CARTESIAN_POINT('',(75.786864373374,-26.25419593992,14.7));
#12490 = VECTOR('',#12491,1.);
#12491 = DIRECTION('',(0.946930129495,-0.321439465303,0.));
#12492 = ORIENTED_EDGE('',*,*,#3186,.T.);
#12493 = PLANE('',#12494);
#12494 = AXIS2_PLACEMENT_3D('',#12495,#12496,#12497);
#12495 = CARTESIAN_POINT('',(75.786864373374,-26.25419593992,14.7));
#12496 = DIRECTION('',(0.,0.,1.));
#12497 = DIRECTION('',(0.946930129495,-0.321439465303,0.));
#12498 = ADVANCED_FACE('',(#12499),#12517,.F.);
#12499 = FACE_BOUND('',#12500,.F.);
#12500 = EDGE_LOOP('',(#12501,#12502,#12510,#12516));
#12501 = ORIENTED_EDGE('',*,*,#12470,.F.);
#12502 = ORIENTED_EDGE('',*,*,#12503,.T.);
#12503 = EDGE_CURVE('',#12471,#12504,#12506,.T.);
#12504 = VERTEX_POINT('',#12505);
#12505 = CARTESIAN_POINT('',(77.053776313523,-25.62821046865,18.2));
#12506 = LINE('',#12507,#12508);
#12507 = CARTESIAN_POINT('',(77.053776313523,-25.62821046865,7.99));
#12508 = VECTOR('',#12509,1.);
#12509 = DIRECTION('',(0.,0.,1.));
#12510 = ORIENTED_EDGE('',*,*,#12511,.T.);
#12511 = EDGE_CURVE('',#12504,#3206,#12512,.T.);
#12512 = LINE('',#12513,#12514);
#12513 = CARTESIAN_POINT('',(76.108303838677,-25.30726581042,18.2));
#12514 = VECTOR('',#12515,1.);
#12515 = DIRECTION('',(0.946930129495,-0.321439465303,0.));
#12516 = ORIENTED_EDGE('',*,*,#3214,.F.);
#12517 = PLANE('',#12518);
#12518 = AXIS2_PLACEMENT_3D('',#12519,#12520,#12521);
#12519 = CARTESIAN_POINT('',(76.108303838677,-25.30726581042,14.7));
#12520 = DIRECTION('',(0.321439465303,0.946930129495,0.));
#12521 = DIRECTION('',(0.,0.,1.));
#12522 = ADVANCED_FACE('',(#12523),#12542,.F.);
#12523 = FACE_BOUND('',#12524,.F.);
#12524 = EDGE_LOOP('',(#12525,#12526,#12535,#12541));
#12525 = ORIENTED_EDGE('',*,*,#12511,.F.);
#12526 = ORIENTED_EDGE('',*,*,#12527,.F.);
#12527 = EDGE_CURVE('',#12528,#12504,#12530,.T.);
#12528 = VERTEX_POINT('',#12529);
#12529 = CARTESIAN_POINT('',(76.73233684822,-26.57514059814,18.2));
#12530 = CIRCLE('',#12531,81.204);
#12531 = AXIS2_PLACEMENT_3D('',#12532,#12533,#12534);
#12532 = CARTESIAN_POINT('',(0.,0.,18.2));
#12533 = DIRECTION('',(0.,0.,1.));
#12534 = DIRECTION('',(1.,0.,-0.));
#12535 = ORIENTED_EDGE('',*,*,#12536,.T.);
#12536 = EDGE_CURVE('',#12528,#3198,#12537,.T.);
#12537 = LINE('',#12538,#12539);
#12538 = CARTESIAN_POINT('',(75.786864373374,-26.25419593992,18.2));
#12539 = VECTOR('',#12540,1.);
#12540 = DIRECTION('',(0.946930129495,-0.321439465303,0.));
#12541 = ORIENTED_EDGE('',*,*,#3205,.T.);
#12542 = PLANE('',#12543);
#12543 = AXIS2_PLACEMENT_3D('',#12544,#12545,#12546);
#12544 = CARTESIAN_POINT('',(75.786864373374,-26.25419593992,18.2));
#12545 = DIRECTION('',(0.,0.,1.));
#12546 = DIRECTION('',(0.946930129495,-0.321439465303,0.));
#12547 = ADVANCED_FACE('',(#12548),#12559,.T.);
#12548 = FACE_BOUND('',#12549,.T.);
#12549 = EDGE_LOOP('',(#12550,#12551,#12557,#12558));
#12550 = ORIENTED_EDGE('',*,*,#12487,.F.);
#12551 = ORIENTED_EDGE('',*,*,#12552,.T.);
#12552 = EDGE_CURVE('',#12479,#12528,#12553,.T.);
#12553 = LINE('',#12554,#12555);
#12554 = CARTESIAN_POINT('',(76.73233684822,-26.57514059814,7.99));
#12555 = VECTOR('',#12556,1.);
#12556 = DIRECTION('',(0.,0.,1.));
#12557 = ORIENTED_EDGE('',*,*,#12536,.T.);
#12558 = ORIENTED_EDGE('',*,*,#3197,.F.);
#12559 = PLANE('',#12560);
#12560 = AXIS2_PLACEMENT_3D('',#12561,#12562,#12563);
#12561 = CARTESIAN_POINT('',(75.786864373374,-26.25419593992,14.7));
#12562 = DIRECTION('',(0.321439465303,0.946930129495,0.));
#12563 = DIRECTION('',(0.,0.,1.));
#12564 = ADVANCED_FACE('',(#12565),#12591,.T.);
#12565 = FACE_BOUND('',#12566,.T.);
#12566 = EDGE_LOOP('',(#12567,#12575,#12584,#12590));
#12567 = ORIENTED_EDGE('',*,*,#12568,.F.);
#12568 = EDGE_CURVE('',#12569,#3225,#12571,.T.);
#12569 = VERTEX_POINT('',#12570);
#12570 = CARTESIAN_POINT('',(78.098325032104,-22.24277957405,14.7));
#12571 = LINE('',#12572,#12573);
#12572 = CARTESIAN_POINT('',(77.139753028185,-21.96338131414,14.7));
#12573 = VECTOR('',#12574,1.);
#12574 = DIRECTION('',(0.960049854386,-0.279829014031,0.));
#12575 = ORIENTED_EDGE('',*,*,#12576,.F.);
#12576 = EDGE_CURVE('',#12577,#12569,#12579,.T.);
#12577 = VERTEX_POINT('',#12578);
#12578 = CARTESIAN_POINT('',(77.818496018073,-23.20282942843,14.7));
#12579 = CIRCLE('',#12580,81.204);
#12580 = AXIS2_PLACEMENT_3D('',#12581,#12582,#12583);
#12581 = CARTESIAN_POINT('',(0.,0.,14.7));
#12582 = DIRECTION('',(0.,0.,1.));
#12583 = DIRECTION('',(1.,0.,-0.));
#12584 = ORIENTED_EDGE('',*,*,#12585,.T.);
#12585 = EDGE_CURVE('',#12577,#3223,#12586,.T.);
#12586 = LINE('',#12587,#12588);
#12587 = CARTESIAN_POINT('',(76.859924014154,-22.92343116853,14.7));
#12588 = VECTOR('',#12589,1.);
#12589 = DIRECTION('',(0.960049854386,-0.279829014031,0.));
#12590 = ORIENTED_EDGE('',*,*,#3222,.T.);
#12591 = PLANE('',#12592);
#12592 = AXIS2_PLACEMENT_3D('',#12593,#12594,#12595);
#12593 = CARTESIAN_POINT('',(76.859924014154,-22.92343116853,14.7));
#12594 = DIRECTION('',(0.,0.,1.));
#12595 = DIRECTION('',(0.960049854386,-0.279829014031,0.));
#12596 = ADVANCED_FACE('',(#12597),#12615,.F.);
#12597 = FACE_BOUND('',#12598,.F.);
#12598 = EDGE_LOOP('',(#12599,#12600,#12608,#12614));
#12599 = ORIENTED_EDGE('',*,*,#12568,.F.);
#12600 = ORIENTED_EDGE('',*,*,#12601,.T.);
#12601 = EDGE_CURVE('',#12569,#12602,#12604,.T.);
#12602 = VERTEX_POINT('',#12603);
#12603 = CARTESIAN_POINT('',(78.098325032104,-22.24277957405,18.2));
#12604 = LINE('',#12605,#12606);
#12605 = CARTESIAN_POINT('',(78.098325032104,-22.24277957405,7.99));
#12606 = VECTOR('',#12607,1.);
#12607 = DIRECTION('',(0.,0.,1.));
#12608 = ORIENTED_EDGE('',*,*,#12609,.T.);
#12609 = EDGE_CURVE('',#12602,#3242,#12610,.T.);
#12610 = LINE('',#12611,#12612);
#12611 = CARTESIAN_POINT('',(77.139753028185,-21.96338131414,18.2));
#12612 = VECTOR('',#12613,1.);
#12613 = DIRECTION('',(0.960049854386,-0.279829014031,0.));
#12614 = ORIENTED_EDGE('',*,*,#3250,.F.);
#12615 = PLANE('',#12616);
#12616 = AXIS2_PLACEMENT_3D('',#12617,#12618,#12619);
#12617 = CARTESIAN_POINT('',(77.139753028185,-21.96338131414,14.7));
#12618 = DIRECTION('',(0.279829014031,0.960049854386,0.));
#12619 = DIRECTION('',(0.,0.,1.));
#12620 = ADVANCED_FACE('',(#12621),#12640,.F.);
#12621 = FACE_BOUND('',#12622,.F.);
#12622 = EDGE_LOOP('',(#12623,#12624,#12633,#12639));
#12623 = ORIENTED_EDGE('',*,*,#12609,.F.);
#12624 = ORIENTED_EDGE('',*,*,#12625,.F.);
#12625 = EDGE_CURVE('',#12626,#12602,#12628,.T.);
#12626 = VERTEX_POINT('',#12627);
#12627 = CARTESIAN_POINT('',(77.818496018073,-23.20282942843,18.2));
#12628 = CIRCLE('',#12629,81.204);
#12629 = AXIS2_PLACEMENT_3D('',#12630,#12631,#12632);
#12630 = CARTESIAN_POINT('',(0.,0.,18.2));
#12631 = DIRECTION('',(0.,0.,1.));
#12632 = DIRECTION('',(1.,0.,-0.));
#12633 = ORIENTED_EDGE('',*,*,#12634,.T.);
#12634 = EDGE_CURVE('',#12626,#3234,#12635,.T.);
#12635 = LINE('',#12636,#12637);
#12636 = CARTESIAN_POINT('',(76.859924014154,-22.92343116853,18.2));
#12637 = VECTOR('',#12638,1.);
#12638 = DIRECTION('',(0.960049854386,-0.279829014031,0.));
#12639 = ORIENTED_EDGE('',*,*,#3241,.T.);
#12640 = PLANE('',#12641);
#12641 = AXIS2_PLACEMENT_3D('',#12642,#12643,#12644);
#12642 = CARTESIAN_POINT('',(76.859924014154,-22.92343116853,18.2));
#12643 = DIRECTION('',(0.,0.,1.));
#12644 = DIRECTION('',(0.960049854386,-0.279829014031,0.));
#12645 = ADVANCED_FACE('',(#12646),#12657,.T.);
#12646 = FACE_BOUND('',#12647,.T.);
#12647 = EDGE_LOOP('',(#12648,#12649,#12655,#12656));
#12648 = ORIENTED_EDGE('',*,*,#12585,.F.);
#12649 = ORIENTED_EDGE('',*,*,#12650,.T.);
#12650 = EDGE_CURVE('',#12577,#12626,#12651,.T.);
#12651 = LINE('',#12652,#12653);
#12652 = CARTESIAN_POINT('',(77.818496018073,-23.20282942843,7.99));
#12653 = VECTOR('',#12654,1.);
#12654 = DIRECTION('',(0.,0.,1.));
#12655 = ORIENTED_EDGE('',*,*,#12634,.T.);
#12656 = ORIENTED_EDGE('',*,*,#3233,.F.);
#12657 = PLANE('',#12658);
#12658 = AXIS2_PLACEMENT_3D('',#12659,#12660,#12661);
#12659 = CARTESIAN_POINT('',(76.859924014154,-22.92343116853,14.7));
#12660 = DIRECTION('',(0.279829014031,0.960049854386,0.));
#12661 = DIRECTION('',(0.,0.,1.));
#12662 = ADVANCED_FACE('',(#12663),#12689,.T.);
#12663 = FACE_BOUND('',#12664,.T.);
#12664 = EDGE_LOOP('',(#12665,#12673,#12682,#12688));
#12665 = ORIENTED_EDGE('',*,*,#12666,.F.);
#12666 = EDGE_CURVE('',#12667,#3261,#12669,.T.);
#12667 = VERTEX_POINT('',#12668);
#12668 = CARTESIAN_POINT('',(78.994209150168,-18.81500828433,14.7));
#12669 = LINE('',#12670,#12671);
#12670 = CARTESIAN_POINT('',(78.024362313466,-18.57768827322,14.7));
#12671 = VECTOR('',#12672,1.);
#12672 = DIRECTION('',(0.971342069813,-0.237685892326,0.));
#12673 = ORIENTED_EDGE('',*,*,#12674,.F.);
#12674 = EDGE_CURVE('',#12675,#12667,#12677,.T.);
#12675 = VERTEX_POINT('',#12676);
#12676 = CARTESIAN_POINT('',(78.756523257842,-19.78635035414,14.7));
#12677 = CIRCLE('',#12678,81.204);
#12678 = AXIS2_PLACEMENT_3D('',#12679,#12680,#12681);
#12679 = CARTESIAN_POINT('',(0.,0.,14.7));
#12680 = DIRECTION('',(0.,0.,1.));
#12681 = DIRECTION('',(1.,0.,-0.));
#12682 = ORIENTED_EDGE('',*,*,#12683,.T.);
#12683 = EDGE_CURVE('',#12675,#3259,#12684,.T.);
#12684 = LINE('',#12685,#12686);
#12685 = CARTESIAN_POINT('',(77.78667642114,-19.54903034303,14.7));
#12686 = VECTOR('',#12687,1.);
#12687 = DIRECTION('',(0.971342069813,-0.237685892326,0.));
#12688 = ORIENTED_EDGE('',*,*,#3258,.T.);
#12689 = PLANE('',#12690);
#12690 = AXIS2_PLACEMENT_3D('',#12691,#12692,#12693);
#12691 = CARTESIAN_POINT('',(77.78667642114,-19.54903034303,14.7));
#12692 = DIRECTION('',(0.,0.,1.));
#12693 = DIRECTION('',(0.971342069813,-0.237685892326,0.));
#12694 = ADVANCED_FACE('',(#12695),#12713,.F.);
#12695 = FACE_BOUND('',#12696,.F.);
#12696 = EDGE_LOOP('',(#12697,#12698,#12706,#12712));
#12697 = ORIENTED_EDGE('',*,*,#12666,.F.);
#12698 = ORIENTED_EDGE('',*,*,#12699,.T.);
#12699 = EDGE_CURVE('',#12667,#12700,#12702,.T.);
#12700 = VERTEX_POINT('',#12701);
#12701 = CARTESIAN_POINT('',(78.994209150168,-18.81500828433,18.2));
#12702 = LINE('',#12703,#12704);
#12703 = CARTESIAN_POINT('',(78.994209150168,-18.81500828433,7.99));
#12704 = VECTOR('',#12705,1.);
#12705 = DIRECTION('',(0.,0.,1.));
#12706 = ORIENTED_EDGE('',*,*,#12707,.T.);
#12707 = EDGE_CURVE('',#12700,#3278,#12708,.T.);
#12708 = LINE('',#12709,#12710);
#12709 = CARTESIAN_POINT('',(78.024362313466,-18.57768827322,18.2));
#12710 = VECTOR('',#12711,1.);
#12711 = DIRECTION('',(0.971342069813,-0.237685892326,0.));
#12712 = ORIENTED_EDGE('',*,*,#3286,.F.);
#12713 = PLANE('',#12714);
#12714 = AXIS2_PLACEMENT_3D('',#12715,#12716,#12717);
#12715 = CARTESIAN_POINT('',(78.024362313466,-18.57768827322,14.7));
#12716 = DIRECTION('',(0.237685892326,0.971342069813,0.));
#12717 = DIRECTION('',(0.,0.,1.));
#12718 = ADVANCED_FACE('',(#12719),#12738,.F.);
#12719 = FACE_BOUND('',#12720,.F.);
#12720 = EDGE_LOOP('',(#12721,#12722,#12731,#12737));
#12721 = ORIENTED_EDGE('',*,*,#12707,.F.);
#12722 = ORIENTED_EDGE('',*,*,#12723,.F.);
#12723 = EDGE_CURVE('',#12724,#12700,#12726,.T.);
#12724 = VERTEX_POINT('',#12725);
#12725 = CARTESIAN_POINT('',(78.756523257842,-19.78635035414,18.2));
#12726 = CIRCLE('',#12727,81.204);
#12727 = AXIS2_PLACEMENT_3D('',#12728,#12729,#12730);
#12728 = CARTESIAN_POINT('',(0.,0.,18.2));
#12729 = DIRECTION('',(0.,0.,1.));
#12730 = DIRECTION('',(1.,0.,-0.));
#12731 = ORIENTED_EDGE('',*,*,#12732,.T.);
#12732 = EDGE_CURVE('',#12724,#3270,#12733,.T.);
#12733 = LINE('',#12734,#12735);
#12734 = CARTESIAN_POINT('',(77.78667642114,-19.54903034303,18.2));
#12735 = VECTOR('',#12736,1.);
#12736 = DIRECTION('',(0.971342069813,-0.237685892326,0.));
#12737 = ORIENTED_EDGE('',*,*,#3277,.T.);
#12738 = PLANE('',#12739);
#12739 = AXIS2_PLACEMENT_3D('',#12740,#12741,#12742);
#12740 = CARTESIAN_POINT('',(77.78667642114,-19.54903034303,18.2));
#12741 = DIRECTION('',(0.,0.,1.));
#12742 = DIRECTION('',(0.971342069813,-0.237685892326,0.));
#12743 = ADVANCED_FACE('',(#12744),#12755,.T.);
#12744 = FACE_BOUND('',#12745,.T.);
#12745 = EDGE_LOOP('',(#12746,#12747,#12753,#12754));
#12746 = ORIENTED_EDGE('',*,*,#12683,.F.);
#12747 = ORIENTED_EDGE('',*,*,#12748,.T.);
#12748 = EDGE_CURVE('',#12675,#12724,#12749,.T.);
#12749 = LINE('',#12750,#12751);
#12750 = CARTESIAN_POINT('',(78.756523257842,-19.78635035414,7.99));
#12751 = VECTOR('',#12752,1.);
#12752 = DIRECTION('',(0.,0.,1.));
#12753 = ORIENTED_EDGE('',*,*,#12732,.T.);
#12754 = ORIENTED_EDGE('',*,*,#3269,.F.);
#12755 = PLANE('',#12756);
#12756 = AXIS2_PLACEMENT_3D('',#12757,#12758,#12759);
#12757 = CARTESIAN_POINT('',(77.78667642114,-19.54903034303,14.7));
#12758 = DIRECTION('',(0.237685892326,0.971342069813,0.));
#12759 = DIRECTION('',(0.,0.,1.));
#12760 = ADVANCED_FACE('',(#12761),#12787,.T.);
#12761 = FACE_BOUND('',#12762,.T.);
#12762 = EDGE_LOOP('',(#12763,#12771,#12780,#12786));
#12763 = ORIENTED_EDGE('',*,*,#12764,.F.);
#12764 = EDGE_CURVE('',#12765,#3297,#12767,.T.);
#12765 = VERTEX_POINT('',#12766);
#12766 = CARTESIAN_POINT('',(79.739723301377,-15.35142155697,14.7));
#12767 = LINE('',#12768,#12769);
#12768 = CARTESIAN_POINT('',(78.760447790469,-15.15663154678,14.7));
#12769 = VECTOR('',#12770,1.);
#12770 = DIRECTION('',(0.980785280403,-0.195090322016,0.));
#12771 = ORIENTED_EDGE('',*,*,#12772,.F.);
#12772 = EDGE_CURVE('',#12773,#12765,#12775,.T.);
#12773 = VERTEX_POINT('',#12774);
#12774 = CARTESIAN_POINT('',(79.544632979361,-16.33220683737,14.7));
#12775 = CIRCLE('',#12776,81.204);
#12776 = AXIS2_PLACEMENT_3D('',#12777,#12778,#12779);
#12777 = CARTESIAN_POINT('',(0.,0.,14.7));
#12778 = DIRECTION('',(0.,0.,1.));
#12779 = DIRECTION('',(1.,0.,-0.));
#12780 = ORIENTED_EDGE('',*,*,#12781,.T.);
#12781 = EDGE_CURVE('',#12773,#3295,#12782,.T.);
#12782 = LINE('',#12783,#12784);
#12783 = CARTESIAN_POINT('',(78.565357468453,-16.13741682718,14.7));
#12784 = VECTOR('',#12785,1.);
#12785 = DIRECTION('',(0.980785280403,-0.195090322016,0.));
#12786 = ORIENTED_EDGE('',*,*,#3294,.T.);
#12787 = PLANE('',#12788);
#12788 = AXIS2_PLACEMENT_3D('',#12789,#12790,#12791);
#12789 = CARTESIAN_POINT('',(78.565357468453,-16.13741682718,14.7));
#12790 = DIRECTION('',(0.,0.,1.));
#12791 = DIRECTION('',(0.980785280403,-0.195090322016,0.));
#12792 = ADVANCED_FACE('',(#12793),#12811,.F.);
#12793 = FACE_BOUND('',#12794,.F.);
#12794 = EDGE_LOOP('',(#12795,#12796,#12804,#12810));
#12795 = ORIENTED_EDGE('',*,*,#12764,.F.);
#12796 = ORIENTED_EDGE('',*,*,#12797,.T.);
#12797 = EDGE_CURVE('',#12765,#12798,#12800,.T.);
#12798 = VERTEX_POINT('',#12799);
#12799 = CARTESIAN_POINT('',(79.739723301377,-15.35142155697,18.2));
#12800 = LINE('',#12801,#12802);
#12801 = CARTESIAN_POINT('',(79.739723301377,-15.35142155697,7.99));
#12802 = VECTOR('',#12803,1.);
#12803 = DIRECTION('',(0.,0.,1.));
#12804 = ORIENTED_EDGE('',*,*,#12805,.T.);
#12805 = EDGE_CURVE('',#12798,#3314,#12806,.T.);
#12806 = LINE('',#12807,#12808);
#12807 = CARTESIAN_POINT('',(78.760447790469,-15.15663154678,18.2));
#12808 = VECTOR('',#12809,1.);
#12809 = DIRECTION('',(0.980785280403,-0.195090322016,0.));
#12810 = ORIENTED_EDGE('',*,*,#3322,.F.);
#12811 = PLANE('',#12812);
#12812 = AXIS2_PLACEMENT_3D('',#12813,#12814,#12815);
#12813 = CARTESIAN_POINT('',(78.760447790469,-15.15663154678,14.7));
#12814 = DIRECTION('',(0.195090322016,0.980785280403,0.));
#12815 = DIRECTION('',(0.,0.,1.));
#12816 = ADVANCED_FACE('',(#12817),#12836,.F.);
#12817 = FACE_BOUND('',#12818,.F.);
#12818 = EDGE_LOOP('',(#12819,#12820,#12829,#12835));
#12819 = ORIENTED_EDGE('',*,*,#12805,.F.);
#12820 = ORIENTED_EDGE('',*,*,#12821,.F.);
#12821 = EDGE_CURVE('',#12822,#12798,#12824,.T.);
#12822 = VERTEX_POINT('',#12823);
#12823 = CARTESIAN_POINT('',(79.544632979361,-16.33220683737,18.2));
#12824 = CIRCLE('',#12825,81.204);
#12825 = AXIS2_PLACEMENT_3D('',#12826,#12827,#12828);
#12826 = CARTESIAN_POINT('',(0.,0.,18.2));
#12827 = DIRECTION('',(0.,0.,1.));
#12828 = DIRECTION('',(1.,0.,-0.));
#12829 = ORIENTED_EDGE('',*,*,#12830,.T.);
#12830 = EDGE_CURVE('',#12822,#3306,#12831,.T.);
#12831 = LINE('',#12832,#12833);
#12832 = CARTESIAN_POINT('',(78.565357468453,-16.13741682718,18.2));
#12833 = VECTOR('',#12834,1.);
#12834 = DIRECTION('',(0.980785280403,-0.195090322016,0.));
#12835 = ORIENTED_EDGE('',*,*,#3313,.T.);
#12836 = PLANE('',#12837);
#12837 = AXIS2_PLACEMENT_3D('',#12838,#12839,#12840);
#12838 = CARTESIAN_POINT('',(78.565357468453,-16.13741682718,18.2));
#12839 = DIRECTION('',(0.,0.,1.));
#12840 = DIRECTION('',(0.980785280403,-0.195090322016,0.));
#12841 = ADVANCED_FACE('',(#12842),#12853,.T.);
#12842 = FACE_BOUND('',#12843,.T.);
#12843 = EDGE_LOOP('',(#12844,#12845,#12851,#12852));
#12844 = ORIENTED_EDGE('',*,*,#12781,.F.);
#12845 = ORIENTED_EDGE('',*,*,#12846,.T.);
#12846 = EDGE_CURVE('',#12773,#12822,#12847,.T.);
#12847 = LINE('',#12848,#12849);
#12848 = CARTESIAN_POINT('',(79.544632979361,-16.33220683737,7.99));
#12849 = VECTOR('',#12850,1.);
#12850 = DIRECTION('',(0.,0.,1.));
#12851 = ORIENTED_EDGE('',*,*,#12830,.T.);
#12852 = ORIENTED_EDGE('',*,*,#3305,.F.);
#12853 = PLANE('',#12854);
#12854 = AXIS2_PLACEMENT_3D('',#12855,#12856,#12857);
#12855 = CARTESIAN_POINT('',(78.565357468453,-16.13741682718,14.7));
#12856 = DIRECTION('',(0.195090322016,0.980785280403,0.));
#12857 = DIRECTION('',(0.,0.,1.));
#12858 = ADVANCED_FACE('',(#12859),#12885,.T.);
#12859 = FACE_BOUND('',#12860,.T.);
#12860 = EDGE_LOOP('',(#12861,#12869,#12878,#12884));
#12861 = ORIENTED_EDGE('',*,*,#12862,.F.);
#12862 = EDGE_CURVE('',#12863,#3333,#12865,.T.);
#12863 = VERTEX_POINT('',#12864);
#12864 = CARTESIAN_POINT('',(80.333448357172,-11.85861252615,14.7));
#12865 = LINE('',#12866,#12867);
#12866 = CARTESIAN_POINT('',(79.346608278651,-11.70672331074,14.7));
#12867 = VECTOR('',#12868,1.);
#12868 = DIRECTION('',(0.988361510468,-0.15212338619,0.));
#12869 = ORIENTED_EDGE('',*,*,#12870,.F.);
#12870 = EDGE_CURVE('',#12871,#12863,#12873,.T.);
#12871 = VERTEX_POINT('',#12872);
#12872 = CARTESIAN_POINT('',(80.181324970982,-12.84697403662,14.7));
#12873 = CIRCLE('',#12874,81.204);
#12874 = AXIS2_PLACEMENT_3D('',#12875,#12876,#12877);
#12875 = CARTESIAN_POINT('',(0.,0.,14.7));
#12876 = DIRECTION('',(0.,0.,1.));
#12877 = DIRECTION('',(1.,0.,-0.));
#12878 = ORIENTED_EDGE('',*,*,#12879,.T.);
#12879 = EDGE_CURVE('',#12871,#3331,#12880,.T.);
#12880 = LINE('',#12881,#12882);
#12881 = CARTESIAN_POINT('',(79.194484892461,-12.69508482121,14.7));
#12882 = VECTOR('',#12883,1.);
#12883 = DIRECTION('',(0.988361510468,-0.15212338619,0.));
#12884 = ORIENTED_EDGE('',*,*,#3330,.T.);
#12885 = PLANE('',#12886);
#12886 = AXIS2_PLACEMENT_3D('',#12887,#12888,#12889);
#12887 = CARTESIAN_POINT('',(79.194484892461,-12.69508482121,14.7));
#12888 = DIRECTION('',(0.,0.,1.));
#12889 = DIRECTION('',(0.988361510468,-0.15212338619,0.));
#12890 = ADVANCED_FACE('',(#12891),#12909,.F.);
#12891 = FACE_BOUND('',#12892,.F.);
#12892 = EDGE_LOOP('',(#12893,#12894,#12902,#12908));
#12893 = ORIENTED_EDGE('',*,*,#12862,.F.);
#12894 = ORIENTED_EDGE('',*,*,#12895,.T.);
#12895 = EDGE_CURVE('',#12863,#12896,#12898,.T.);
#12896 = VERTEX_POINT('',#12897);
#12897 = CARTESIAN_POINT('',(80.333448357172,-11.85861252615,18.2));
#12898 = LINE('',#12899,#12900);
#12899 = CARTESIAN_POINT('',(80.333448357172,-11.85861252615,7.99));
#12900 = VECTOR('',#12901,1.);
#12901 = DIRECTION('',(0.,0.,1.));
#12902 = ORIENTED_EDGE('',*,*,#12903,.T.);
#12903 = EDGE_CURVE('',#12896,#3350,#12904,.T.);
#12904 = LINE('',#12905,#12906);
#12905 = CARTESIAN_POINT('',(79.346608278651,-11.70672331074,18.2));
#12906 = VECTOR('',#12907,1.);
#12907 = DIRECTION('',(0.988361510468,-0.15212338619,0.));
#12908 = ORIENTED_EDGE('',*,*,#3358,.F.);
#12909 = PLANE('',#12910);
#12910 = AXIS2_PLACEMENT_3D('',#12911,#12912,#12913);
#12911 = CARTESIAN_POINT('',(79.346608278651,-11.70672331074,14.7));
#12912 = DIRECTION('',(0.15212338619,0.988361510468,0.));
#12913 = DIRECTION('',(0.,0.,1.));
#12914 = ADVANCED_FACE('',(#12915),#12934,.F.);
#12915 = FACE_BOUND('',#12916,.F.);
#12916 = EDGE_LOOP('',(#12917,#12918,#12927,#12933));
#12917 = ORIENTED_EDGE('',*,*,#12903,.F.);
#12918 = ORIENTED_EDGE('',*,*,#12919,.F.);
#12919 = EDGE_CURVE('',#12920,#12896,#12922,.T.);
#12920 = VERTEX_POINT('',#12921);
#12921 = CARTESIAN_POINT('',(80.181324970982,-12.84697403662,18.2));
#12922 = CIRCLE('',#12923,81.204);
#12923 = AXIS2_PLACEMENT_3D('',#12924,#12925,#12926);
#12924 = CARTESIAN_POINT('',(0.,0.,18.2));
#12925 = DIRECTION('',(0.,0.,1.));
#12926 = DIRECTION('',(1.,0.,-0.));
#12927 = ORIENTED_EDGE('',*,*,#12928,.T.);
#12928 = EDGE_CURVE('',#12920,#3342,#12929,.T.);
#12929 = LINE('',#12930,#12931);
#12930 = CARTESIAN_POINT('',(79.194484892461,-12.69508482121,18.2));
#12931 = VECTOR('',#12932,1.);
#12932 = DIRECTION('',(0.988361510468,-0.15212338619,0.));
#12933 = ORIENTED_EDGE('',*,*,#3349,.T.);
#12934 = PLANE('',#12935);
#12935 = AXIS2_PLACEMENT_3D('',#12936,#12937,#12938);
#12936 = CARTESIAN_POINT('',(79.194484892461,-12.69508482121,18.2));
#12937 = DIRECTION('',(0.,0.,1.));
#12938 = DIRECTION('',(0.988361510468,-0.15212338619,0.));
#12939 = ADVANCED_FACE('',(#12940),#12951,.T.);
#12940 = FACE_BOUND('',#12941,.T.);
#12941 = EDGE_LOOP('',(#12942,#12943,#12949,#12950));
#12942 = ORIENTED_EDGE('',*,*,#12879,.F.);
#12943 = ORIENTED_EDGE('',*,*,#12944,.T.);
#12944 = EDGE_CURVE('',#12871,#12920,#12945,.T.);
#12945 = LINE('',#12946,#12947);
#12946 = CARTESIAN_POINT('',(80.181324970982,-12.84697403662,7.99));
#12947 = VECTOR('',#12948,1.);
#12948 = DIRECTION('',(0.,0.,1.));
#12949 = ORIENTED_EDGE('',*,*,#12928,.T.);
#12950 = ORIENTED_EDGE('',*,*,#3341,.F.);
#12951 = PLANE('',#12952);
#12952 = AXIS2_PLACEMENT_3D('',#12953,#12954,#12955);
#12953 = CARTESIAN_POINT('',(79.194484892461,-12.69508482121,14.7));
#12954 = DIRECTION('',(0.15212338619,0.988361510468,0.));
#12955 = DIRECTION('',(0.,0.,1.));
#12956 = ADVANCED_FACE('',(#12957),#12983,.T.);
#12957 = FACE_BOUND('',#12958,.T.);
#12958 = EDGE_LOOP('',(#12959,#12967,#12976,#12982));
#12959 = ORIENTED_EDGE('',*,*,#12960,.F.);
#12960 = EDGE_CURVE('',#12961,#3369,#12963,.T.);
#12961 = VERTEX_POINT('',#12962);
#12962 = CARTESIAN_POINT('',(80.774254128165,-8.343229952402,14.7));
#12963 = LINE('',#12964,#12965);
#12964 = CARTESIAN_POINT('',(79.781727988209,-8.234530661516,14.7));
#12965 = VECTOR('',#12966,1.);
#12966 = DIRECTION('',(0.994056338222,-0.108866874852,0.));
#12967 = ORIENTED_EDGE('',*,*,#12968,.F.);
#12968 = EDGE_CURVE('',#12969,#12961,#12971,.T.);
#12969 = VERTEX_POINT('',#12970);
#12970 = CARTESIAN_POINT('',(80.665387253313,-9.337286290624,14.7));
#12971 = CIRCLE('',#12972,81.204);
#12972 = AXIS2_PLACEMENT_3D('',#12973,#12974,#12975);
#12973 = CARTESIAN_POINT('',(0.,0.,14.7));
#12974 = DIRECTION('',(0.,0.,1.));
#12975 = DIRECTION('',(1.,0.,-0.));
#12976 = ORIENTED_EDGE('',*,*,#12977,.T.);
#12977 = EDGE_CURVE('',#12969,#3367,#12978,.T.);
#12978 = LINE('',#12979,#12980);
#12979 = CARTESIAN_POINT('',(79.672861113357,-9.228586999738,14.7));
#12980 = VECTOR('',#12981,1.);
#12981 = DIRECTION('',(0.994056338222,-0.108866874852,0.));
#12982 = ORIENTED_EDGE('',*,*,#3366,.T.);
#12983 = PLANE('',#12984);
#12984 = AXIS2_PLACEMENT_3D('',#12985,#12986,#12987);
#12985 = CARTESIAN_POINT('',(79.672861113357,-9.228586999738,14.7));
#12986 = DIRECTION('',(0.,0.,1.));
#12987 = DIRECTION('',(0.994056338222,-0.108866874852,0.));
#12988 = ADVANCED_FACE('',(#12989),#13007,.F.);
#12989 = FACE_BOUND('',#12990,.F.);
#12990 = EDGE_LOOP('',(#12991,#12992,#13000,#13006));
#12991 = ORIENTED_EDGE('',*,*,#12960,.F.);
#12992 = ORIENTED_EDGE('',*,*,#12993,.T.);
#12993 = EDGE_CURVE('',#12961,#12994,#12996,.T.);
#12994 = VERTEX_POINT('',#12995);
#12995 = CARTESIAN_POINT('',(80.774254128165,-8.343229952402,18.2));
#12996 = LINE('',#12997,#12998);
#12997 = CARTESIAN_POINT('',(80.774254128165,-8.343229952402,7.99));
#12998 = VECTOR('',#12999,1.);
#12999 = DIRECTION('',(0.,0.,1.));
#13000 = ORIENTED_EDGE('',*,*,#13001,.T.);
#13001 = EDGE_CURVE('',#12994,#3386,#13002,.T.);
#13002 = LINE('',#13003,#13004);
#13003 = CARTESIAN_POINT('',(79.781727988209,-8.234530661516,18.2));
#13004 = VECTOR('',#13005,1.);
#13005 = DIRECTION('',(0.994056338222,-0.108866874852,0.));
#13006 = ORIENTED_EDGE('',*,*,#3394,.F.);
#13007 = PLANE('',#13008);
#13008 = AXIS2_PLACEMENT_3D('',#13009,#13010,#13011);
#13009 = CARTESIAN_POINT('',(79.781727988209,-8.234530661516,14.7));
#13010 = DIRECTION('',(0.108866874852,0.994056338222,0.));
#13011 = DIRECTION('',(0.,0.,1.));
#13012 = ADVANCED_FACE('',(#13013),#13032,.F.);
#13013 = FACE_BOUND('',#13014,.F.);
#13014 = EDGE_LOOP('',(#13015,#13016,#13025,#13031));
#13015 = ORIENTED_EDGE('',*,*,#13001,.F.);
#13016 = ORIENTED_EDGE('',*,*,#13017,.F.);
#13017 = EDGE_CURVE('',#13018,#12994,#13020,.T.);
#13018 = VERTEX_POINT('',#13019);
#13019 = CARTESIAN_POINT('',(80.665387253313,-9.337286290624,18.2));
#13020 = CIRCLE('',#13021,81.204);
#13021 = AXIS2_PLACEMENT_3D('',#13022,#13023,#13024);
#13022 = CARTESIAN_POINT('',(0.,0.,18.2));
#13023 = DIRECTION('',(0.,0.,1.));
#13024 = DIRECTION('',(1.,0.,-0.));
#13025 = ORIENTED_EDGE('',*,*,#13026,.T.);
#13026 = EDGE_CURVE('',#13018,#3378,#13027,.T.);
#13027 = LINE('',#13028,#13029);
#13028 = CARTESIAN_POINT('',(79.672861113357,-9.228586999738,18.2));
#13029 = VECTOR('',#13030,1.);
#13030 = DIRECTION('',(0.994056338222,-0.108866874852,0.));
#13031 = ORIENTED_EDGE('',*,*,#3385,.T.);
#13032 = PLANE('',#13033);
#13033 = AXIS2_PLACEMENT_3D('',#13034,#13035,#13036);
#13034 = CARTESIAN_POINT('',(79.672861113357,-9.228586999738,18.2));
#13035 = DIRECTION('',(0.,0.,1.));
#13036 = DIRECTION('',(0.994056338222,-0.108866874852,0.));
#13037 = ADVANCED_FACE('',(#13038),#13049,.T.);
#13038 = FACE_BOUND('',#13039,.T.);
#13039 = EDGE_LOOP('',(#13040,#13041,#13047,#13048));
#13040 = ORIENTED_EDGE('',*,*,#12977,.F.);
#13041 = ORIENTED_EDGE('',*,*,#13042,.T.);
#13042 = EDGE_CURVE('',#12969,#13018,#13043,.T.);
#13043 = LINE('',#13044,#13045);
#13044 = CARTESIAN_POINT('',(80.665387253313,-9.337286290624,7.99));
#13045 = VECTOR('',#13046,1.);
#13046 = DIRECTION('',(0.,0.,1.));
#13047 = ORIENTED_EDGE('',*,*,#13026,.T.);
#13048 = ORIENTED_EDGE('',*,*,#3377,.F.);
#13049 = PLANE('',#13050);
#13050 = AXIS2_PLACEMENT_3D('',#13051,#13052,#13053);
#13051 = CARTESIAN_POINT('',(79.672861113357,-9.228586999738,14.7));
#13052 = DIRECTION('',(0.108866874852,0.994056338222,0.));
#13053 = DIRECTION('',(0.,0.,1.));
#13054 = ADVANCED_FACE('',(#13055),#13081,.T.);
#13055 = FACE_BOUND('',#13056,.T.);
#13056 = EDGE_LOOP('',(#13057,#13065,#13074,#13080));
#13057 = ORIENTED_EDGE('',*,*,#13058,.F.);
#13058 = EDGE_CURVE('',#13059,#3405,#13061,.T.);
#13059 = VERTEX_POINT('',#13060);
#13060 = CARTESIAN_POINT('',(81.061301515516,-4.811965566233,14.7));
#13061 = LINE('',#13062,#13063);
#13062 = CARTESIAN_POINT('',(80.064978644044,-4.746663115155,14.7));
#13063 = VECTOR('',#13064,1.);
#13064 = DIRECTION('',(0.997858923239,-6.540312923014E-02,0.));
#13065 = ORIENTED_EDGE('',*,*,#13066,.F.);
#13066 = EDGE_CURVE('',#13067,#13059,#13069,.T.);
#13067 = VERTEX_POINT('',#13068);
#13068 = CARTESIAN_POINT('',(80.995898386286,-5.809824489472,14.7));
#13069 = CIRCLE('',#13070,81.204);
#13070 = AXIS2_PLACEMENT_3D('',#13071,#13072,#13073);
#13071 = CARTESIAN_POINT('',(0.,0.,14.7));
#13072 = DIRECTION('',(0.,0.,1.));
#13073 = DIRECTION('',(1.,0.,-0.));
#13074 = ORIENTED_EDGE('',*,*,#13075,.T.);
#13075 = EDGE_CURVE('',#13067,#3403,#13076,.T.);
#13076 = LINE('',#13077,#13078);
#13077 = CARTESIAN_POINT('',(79.999575514814,-5.744522038394,14.7));
#13078 = VECTOR('',#13079,1.);
#13079 = DIRECTION('',(0.997858923239,-6.540312923014E-02,0.));
#13080 = ORIENTED_EDGE('',*,*,#3402,.T.);
#13081 = PLANE('',#13082);
#13082 = AXIS2_PLACEMENT_3D('',#13083,#13084,#13085);
#13083 = CARTESIAN_POINT('',(79.999575514814,-5.744522038394,14.7));
#13084 = DIRECTION('',(0.,0.,1.));
#13085 = DIRECTION('',(0.997858923239,-6.540312923014E-02,0.));
#13086 = ADVANCED_FACE('',(#13087),#13105,.F.);
#13087 = FACE_BOUND('',#13088,.F.);
#13088 = EDGE_LOOP('',(#13089,#13090,#13098,#13104));
#13089 = ORIENTED_EDGE('',*,*,#13058,.F.);
#13090 = ORIENTED_EDGE('',*,*,#13091,.T.);
#13091 = EDGE_CURVE('',#13059,#13092,#13094,.T.);
#13092 = VERTEX_POINT('',#13093);
#13093 = CARTESIAN_POINT('',(81.061301515516,-4.811965566233,18.2));
#13094 = LINE('',#13095,#13096);
#13095 = CARTESIAN_POINT('',(81.061301515516,-4.811965566233,7.99));
#13096 = VECTOR('',#13097,1.);
#13097 = DIRECTION('',(0.,0.,1.));
#13098 = ORIENTED_EDGE('',*,*,#13099,.T.);
#13099 = EDGE_CURVE('',#13092,#3422,#13100,.T.);
#13100 = LINE('',#13101,#13102);
#13101 = CARTESIAN_POINT('',(80.064978644044,-4.746663115155,18.2));
#13102 = VECTOR('',#13103,1.);
#13103 = DIRECTION('',(0.997858923239,-6.540312923014E-02,0.));
#13104 = ORIENTED_EDGE('',*,*,#3430,.F.);
#13105 = PLANE('',#13106);
#13106 = AXIS2_PLACEMENT_3D('',#13107,#13108,#13109);
#13107 = CARTESIAN_POINT('',(80.064978644044,-4.746663115155,14.7));
#13108 = DIRECTION('',(6.540312923014E-02,0.997858923239,0.));
#13109 = DIRECTION('',(0.,0.,1.));
#13110 = ADVANCED_FACE('',(#13111),#13130,.F.);
#13111 = FACE_BOUND('',#13112,.F.);
#13112 = EDGE_LOOP('',(#13113,#13114,#13123,#13129));
#13113 = ORIENTED_EDGE('',*,*,#13099,.F.);
#13114 = ORIENTED_EDGE('',*,*,#13115,.F.);
#13115 = EDGE_CURVE('',#13116,#13092,#13118,.T.);
#13116 = VERTEX_POINT('',#13117);
#13117 = CARTESIAN_POINT('',(80.995898386286,-5.809824489472,18.2));
#13118 = CIRCLE('',#13119,81.204);
#13119 = AXIS2_PLACEMENT_3D('',#13120,#13121,#13122);
#13120 = CARTESIAN_POINT('',(0.,0.,18.2));
#13121 = DIRECTION('',(0.,0.,1.));
#13122 = DIRECTION('',(1.,0.,-0.));
#13123 = ORIENTED_EDGE('',*,*,#13124,.T.);
#13124 = EDGE_CURVE('',#13116,#3414,#13125,.T.);
#13125 = LINE('',#13126,#13127);
#13126 = CARTESIAN_POINT('',(79.999575514814,-5.744522038394,18.2));
#13127 = VECTOR('',#13128,1.);
#13128 = DIRECTION('',(0.997858923239,-6.540312923014E-02,0.));
#13129 = ORIENTED_EDGE('',*,*,#3421,.T.);
#13130 = PLANE('',#13131);
#13131 = AXIS2_PLACEMENT_3D('',#13132,#13133,#13134);
#13132 = CARTESIAN_POINT('',(79.999575514814,-5.744522038394,18.2));
#13133 = DIRECTION('',(0.,0.,1.));
#13134 = DIRECTION('',(0.997858923239,-6.540312923014E-02,0.));
#13135 = ADVANCED_FACE('',(#13136),#13147,.T.);
#13136 = FACE_BOUND('',#13137,.T.);
#13137 = EDGE_LOOP('',(#13138,#13139,#13145,#13146));
#13138 = ORIENTED_EDGE('',*,*,#13075,.F.);
#13139 = ORIENTED_EDGE('',*,*,#13140,.T.);
#13140 = EDGE_CURVE('',#13067,#13116,#13141,.T.);
#13141 = LINE('',#13142,#13143);
#13142 = CARTESIAN_POINT('',(80.995898386286,-5.809824489472,7.99));
#13143 = VECTOR('',#13144,1.);
#13144 = DIRECTION('',(0.,0.,1.));
#13145 = ORIENTED_EDGE('',*,*,#13124,.T.);
#13146 = ORIENTED_EDGE('',*,*,#3413,.F.);
#13147 = PLANE('',#13148);
#13148 = AXIS2_PLACEMENT_3D('',#13149,#13150,#13151);
#13149 = CARTESIAN_POINT('',(79.999575514814,-5.744522038394,14.7));
#13150 = DIRECTION('',(6.540312923014E-02,0.997858923239,0.));
#13151 = DIRECTION('',(0.,0.,1.));
#13152 = ADVANCED_FACE('',(#13153),#13179,.T.);
#13153 = FACE_BOUND('',#13154,.T.);
#13154 = EDGE_LOOP('',(#13155,#13163,#13172,#13178));
#13155 = ORIENTED_EDGE('',*,*,#13156,.F.);
#13156 = EDGE_CURVE('',#13157,#3441,#13159,.T.);
#13157 = VERTEX_POINT('',#13158);
#13158 = CARTESIAN_POINT('',(81.194044108209,-1.271541330115,14.7));
#13159 = LINE('',#13160,#13161);
#13160 = CARTESIAN_POINT('',(80.195821062434,-1.249760025772,14.7));
#13161 = VECTOR('',#13162,1.);
#13162 = DIRECTION('',(0.99976202708,-2.181488503456E-02,0.));
#13163 = ORIENTED_EDGE('',*,*,#13164,.F.);
#13164 = EDGE_CURVE('',#13165,#13157,#13167,.T.);
#13165 = VERTEX_POINT('',#13166);
#13166 = CARTESIAN_POINT('',(81.172229223175,-2.271303357195,14.7));
#13167 = CIRCLE('',#13168,81.204);
#13168 = AXIS2_PLACEMENT_3D('',#13169,#13170,#13171);
#13169 = CARTESIAN_POINT('',(0.,0.,14.7));
#13170 = DIRECTION('',(0.,0.,1.));
#13171 = DIRECTION('',(1.,0.,-0.));
#13172 = ORIENTED_EDGE('',*,*,#13173,.T.);
#13173 = EDGE_CURVE('',#13165,#3439,#13174,.T.);
#13174 = LINE('',#13175,#13176);
#13175 = CARTESIAN_POINT('',(80.1740061774,-2.249522052852,14.7));
#13176 = VECTOR('',#13177,1.);
#13177 = DIRECTION('',(0.99976202708,-2.181488503456E-02,0.));
#13178 = ORIENTED_EDGE('',*,*,#3438,.T.);
#13179 = PLANE('',#13180);
#13180 = AXIS2_PLACEMENT_3D('',#13181,#13182,#13183);
#13181 = CARTESIAN_POINT('',(80.1740061774,-2.249522052852,14.7));
#13182 = DIRECTION('',(0.,0.,1.));
#13183 = DIRECTION('',(0.99976202708,-2.181488503456E-02,0.));
#13184 = ADVANCED_FACE('',(#13185),#13203,.F.);
#13185 = FACE_BOUND('',#13186,.F.);
#13186 = EDGE_LOOP('',(#13187,#13188,#13196,#13202));
#13187 = ORIENTED_EDGE('',*,*,#13156,.F.);
#13188 = ORIENTED_EDGE('',*,*,#13189,.T.);
#13189 = EDGE_CURVE('',#13157,#13190,#13192,.T.);
#13190 = VERTEX_POINT('',#13191);
#13191 = CARTESIAN_POINT('',(81.194044108209,-1.271541330115,18.2));
#13192 = LINE('',#13193,#13194);
#13193 = CARTESIAN_POINT('',(81.194044108209,-1.271541330115,7.99));
#13194 = VECTOR('',#13195,1.);
#13195 = DIRECTION('',(0.,0.,1.));
#13196 = ORIENTED_EDGE('',*,*,#13197,.T.);
#13197 = EDGE_CURVE('',#13190,#3458,#13198,.T.);
#13198 = LINE('',#13199,#13200);
#13199 = CARTESIAN_POINT('',(80.195821062434,-1.249760025772,18.2));
#13200 = VECTOR('',#13201,1.);
#13201 = DIRECTION('',(0.99976202708,-2.181488503456E-02,0.));
#13202 = ORIENTED_EDGE('',*,*,#3466,.F.);
#13203 = PLANE('',#13204);
#13204 = AXIS2_PLACEMENT_3D('',#13205,#13206,#13207);
#13205 = CARTESIAN_POINT('',(80.195821062434,-1.249760025772,14.7));
#13206 = DIRECTION('',(2.181488503456E-02,0.99976202708,0.));
#13207 = DIRECTION('',(0.,0.,1.));
#13208 = ADVANCED_FACE('',(#13209),#13228,.F.);
#13209 = FACE_BOUND('',#13210,.F.);
#13210 = EDGE_LOOP('',(#13211,#13212,#13221,#13227));
#13211 = ORIENTED_EDGE('',*,*,#13197,.F.);
#13212 = ORIENTED_EDGE('',*,*,#13213,.F.);
#13213 = EDGE_CURVE('',#13214,#13190,#13216,.T.);
#13214 = VERTEX_POINT('',#13215);
#13215 = CARTESIAN_POINT('',(81.172229223175,-2.271303357195,18.2));
#13216 = CIRCLE('',#13217,81.204);
#13217 = AXIS2_PLACEMENT_3D('',#13218,#13219,#13220);
#13218 = CARTESIAN_POINT('',(0.,0.,18.2));
#13219 = DIRECTION('',(0.,0.,1.));
#13220 = DIRECTION('',(1.,0.,-0.));
#13221 = ORIENTED_EDGE('',*,*,#13222,.T.);
#13222 = EDGE_CURVE('',#13214,#3450,#13223,.T.);
#13223 = LINE('',#13224,#13225);
#13224 = CARTESIAN_POINT('',(80.1740061774,-2.249522052852,18.2));
#13225 = VECTOR('',#13226,1.);
#13226 = DIRECTION('',(0.99976202708,-2.181488503456E-02,0.));
#13227 = ORIENTED_EDGE('',*,*,#3457,.T.);
#13228 = PLANE('',#13229);
#13229 = AXIS2_PLACEMENT_3D('',#13230,#13231,#13232);
#13230 = CARTESIAN_POINT('',(80.1740061774,-2.249522052852,18.2));
#13231 = DIRECTION('',(0.,0.,1.));
#13232 = DIRECTION('',(0.99976202708,-2.181488503456E-02,0.));
#13233 = ADVANCED_FACE('',(#13234),#13245,.T.);
#13234 = FACE_BOUND('',#13235,.T.);
#13235 = EDGE_LOOP('',(#13236,#13237,#13243,#13244));
#13236 = ORIENTED_EDGE('',*,*,#13173,.F.);
#13237 = ORIENTED_EDGE('',*,*,#13238,.T.);
#13238 = EDGE_CURVE('',#13165,#13214,#13239,.T.);
#13239 = LINE('',#13240,#13241);
#13240 = CARTESIAN_POINT('',(81.172229223175,-2.271303357195,7.99));
#13241 = VECTOR('',#13242,1.);
#13242 = DIRECTION('',(0.,0.,1.));
#13243 = ORIENTED_EDGE('',*,*,#13222,.T.);
#13244 = ORIENTED_EDGE('',*,*,#3449,.F.);
#13245 = PLANE('',#13246);
#13246 = AXIS2_PLACEMENT_3D('',#13247,#13248,#13249);
#13247 = CARTESIAN_POINT('',(80.1740061774,-2.249522052852,14.7));
#13248 = DIRECTION('',(2.181488503456E-02,0.99976202708,0.));
#13249 = DIRECTION('',(0.,0.,1.));
#13250 = ADVANCED_FACE('',(#13251),#13262,.F.);
#13251 = FACE_BOUND('',#13252,.F.);
#13252 = EDGE_LOOP('',(#13253,#13260,#13261));
#13253 = ORIENTED_EDGE('',*,*,#13254,.F.);
#13254 = EDGE_CURVE('',#3506,#3703,#13255,.T.);
#13255 = CIRCLE('',#13256,81.204);
#13256 = AXIS2_PLACEMENT_3D('',#13257,#13258,#13259);
#13257 = CARTESIAN_POINT('',(0.,0.,18.8));
#13258 = DIRECTION('',(0.,0.,1.));
#13259 = DIRECTION('',(1.,0.,-0.));
#13260 = ORIENTED_EDGE('',*,*,#3505,.T.);
#13261 = ORIENTED_EDGE('',*,*,#3702,.T.);
#13262 = PLANE('',#13263);
#13263 = AXIS2_PLACEMENT_3D('',#13264,#13265,#13266);
#13264 = CARTESIAN_POINT('',(4.023209664559E-15,65.704,18.8));
#13265 = DIRECTION('',(0.,0.,1.));
#13266 = DIRECTION('',(2.22044604925E-16,1.,0.));
#13267 = ADVANCED_FACE('',(#13268,#13417,#13423,#13429,#13435,#13441,
    #13447,#13453,#13459,#13465,#13471,#13477,#13483,#13489,#13495,
    #13501,#13507,#13513,#13519,#13525,#13531,#13537,#13543,#13549,
    #13555,#13561,#13567,#13573,#13579,#13585,#13591,#13597,#13603,
    #13609,#13615,#13621),#13627,.F.);
#13268 = FACE_BOUND('',#13269,.F.);
#13269 = EDGE_LOOP('',(#13270,#13271,#13280,#13288,#13297,#13305,#13314,
    #13322,#13331,#13339,#13348,#13356,#13365,#13373,#13382,#13390,
    #13397,#13398,#13399,#13400,#13407,#13408,#13409,#13410));
#13270 = ORIENTED_EDGE('',*,*,#4500,.F.);
#13271 = ORIENTED_EDGE('',*,*,#13272,.T.);
#13272 = EDGE_CURVE('',#4493,#13273,#13275,.T.);
#13273 = VERTEX_POINT('',#13274);
#13274 = CARTESIAN_POINT('',(55.56391682466,-59.21774027352,25.1));
#13275 = CIRCLE('',#13276,81.204);
#13276 = AXIS2_PLACEMENT_3D('',#13277,#13278,#13279);
#13277 = CARTESIAN_POINT('',(0.,0.,25.1));
#13278 = DIRECTION('',(0.,0.,1.));
#13279 = DIRECTION('',(1.,0.,-0.));
#13280 = ORIENTED_EDGE('',*,*,#13281,.F.);
#13281 = EDGE_CURVE('',#13282,#13273,#13284,.T.);
#13282 = VERTEX_POINT('',#13283);
#13283 = CARTESIAN_POINT('',(55.56391682466,-59.21774027352,8.));
#13284 = LINE('',#13285,#13286);
#13285 = CARTESIAN_POINT('',(55.56391682466,-59.21774027352,7.99));
#13286 = VECTOR('',#13287,1.);
#13287 = DIRECTION('',(0.,0.,1.));
#13288 = ORIENTED_EDGE('',*,*,#13289,.T.);
#13289 = EDGE_CURVE('',#13282,#13290,#13292,.T.);
#13290 = VERTEX_POINT('',#13291);
#13291 = CARTESIAN_POINT('',(59.898308786569,-54.82957432361,8.));
#13292 = CIRCLE('',#13293,81.204);
#13293 = AXIS2_PLACEMENT_3D('',#13294,#13295,#13296);
#13294 = CARTESIAN_POINT('',(0.,0.,8.));
#13295 = DIRECTION('',(0.,0.,1.));
#13296 = DIRECTION('',(1.,0.,-0.));
#13297 = ORIENTED_EDGE('',*,*,#13298,.T.);
#13298 = EDGE_CURVE('',#13290,#13299,#13301,.T.);
#13299 = VERTEX_POINT('',#13300);
#13300 = CARTESIAN_POINT('',(59.898308786569,-54.82957432361,19.48));
#13301 = LINE('',#13302,#13303);
#13302 = CARTESIAN_POINT('',(59.898308786569,-54.82957432361,7.99));
#13303 = VECTOR('',#13304,1.);
#13304 = DIRECTION('',(0.,0.,1.));
#13305 = ORIENTED_EDGE('',*,*,#13306,.T.);
#13306 = EDGE_CURVE('',#13299,#13307,#13309,.T.);
#13307 = VERTEX_POINT('',#13308);
#13308 = CARTESIAN_POINT('',(64.397822054374,-49.46726322178,19.48));
#13309 = CIRCLE('',#13310,81.204);
#13310 = AXIS2_PLACEMENT_3D('',#13311,#13312,#13313);
#13311 = CARTESIAN_POINT('',(0.,0.,19.48));
#13312 = DIRECTION('',(0.,0.,1.));
#13313 = DIRECTION('',(1.,0.,-0.));
#13314 = ORIENTED_EDGE('',*,*,#13315,.F.);
#13315 = EDGE_CURVE('',#13316,#13307,#13318,.T.);
#13316 = VERTEX_POINT('',#13317);
#13317 = CARTESIAN_POINT('',(64.397822054374,-49.46726322178,8.));
#13318 = LINE('',#13319,#13320);
#13319 = CARTESIAN_POINT('',(64.397822054374,-49.46726322178,7.99));
#13320 = VECTOR('',#13321,1.);
#13321 = DIRECTION('',(0.,0.,1.));
#13322 = ORIENTED_EDGE('',*,*,#13323,.F.);
#13323 = EDGE_CURVE('',#13324,#13316,#13326,.T.);
#13324 = VERTEX_POINT('',#13325);
#13325 = CARTESIAN_POINT('',(71.776718847709,37.976206333135,8.));
#13326 = CIRCLE('',#13327,81.204);
#13327 = AXIS2_PLACEMENT_3D('',#13328,#13329,#13330);
#13328 = CARTESIAN_POINT('',(0.,0.,8.));
#13329 = DIRECTION('',(0.,0.,-1.));
#13330 = DIRECTION('',(0.883906197327,0.467664232466,0.));
#13331 = ORIENTED_EDGE('',*,*,#13332,.T.);
#13332 = EDGE_CURVE('',#13324,#13333,#13335,.T.);
#13333 = VERTEX_POINT('',#13334);
#13334 = CARTESIAN_POINT('',(71.776718847709,37.976206333135,21.3));
#13335 = LINE('',#13336,#13337);
#13336 = CARTESIAN_POINT('',(71.776718847709,37.976206333135,7.99));
#13337 = VECTOR('',#13338,1.);
#13338 = DIRECTION('',(0.,0.,1.));
#13339 = ORIENTED_EDGE('',*,*,#13340,.T.);
#13340 = EDGE_CURVE('',#13333,#13341,#13343,.T.);
#13341 = VERTEX_POINT('',#13342);
#13342 = CARTESIAN_POINT('',(68.776718847709,43.172358755842,21.3));
#13343 = CIRCLE('',#13344,81.204);
#13344 = AXIS2_PLACEMENT_3D('',#13345,#13346,#13347);
#13345 = CARTESIAN_POINT('',(0.,0.,21.3));
#13346 = DIRECTION('',(0.,0.,1.));
#13347 = DIRECTION('',(1.,0.,-0.));
#13348 = ORIENTED_EDGE('',*,*,#13349,.F.);
#13349 = EDGE_CURVE('',#13350,#13341,#13352,.T.);
#13350 = VERTEX_POINT('',#13351);
#13351 = CARTESIAN_POINT('',(68.776718847709,43.172358755842,8.));
#13352 = LINE('',#13353,#13354);
#13353 = CARTESIAN_POINT('',(68.776718847709,43.172358755842,7.99));
#13354 = VECTOR('',#13355,1.);
#13355 = DIRECTION('',(0.,0.,1.));
#13356 = ORIENTED_EDGE('',*,*,#13357,.T.);
#13357 = EDGE_CURVE('',#13350,#13358,#13360,.T.);
#13358 = VERTEX_POINT('',#13359);
#13359 = CARTESIAN_POINT('',(54.829574323616,59.898308786569,8.));
#13360 = CIRCLE('',#13361,81.204);
#13361 = AXIS2_PLACEMENT_3D('',#13362,#13363,#13364);
#13362 = CARTESIAN_POINT('',(0.,0.,8.));
#13363 = DIRECTION('',(0.,0.,1.));
#13364 = DIRECTION('',(1.,0.,-0.));
#13365 = ORIENTED_EDGE('',*,*,#13366,.T.);
#13366 = EDGE_CURVE('',#13358,#13367,#13369,.T.);
#13367 = VERTEX_POINT('',#13368);
#13368 = CARTESIAN_POINT('',(54.829574323616,59.898308786569,19.48));
#13369 = LINE('',#13370,#13371);
#13370 = CARTESIAN_POINT('',(54.829574323616,59.898308786569,7.99));
#13371 = VECTOR('',#13372,1.);
#13372 = DIRECTION('',(0.,0.,1.));
#13373 = ORIENTED_EDGE('',*,*,#13374,.T.);
#13374 = EDGE_CURVE('',#13367,#13375,#13377,.T.);
#13375 = VERTEX_POINT('',#13376);
#13376 = CARTESIAN_POINT('',(49.467263221783,64.397822054374,19.48));
#13377 = CIRCLE('',#13378,81.204);
#13378 = AXIS2_PLACEMENT_3D('',#13379,#13380,#13381);
#13379 = CARTESIAN_POINT('',(0.,0.,19.48));
#13380 = DIRECTION('',(0.,0.,1.));
#13381 = DIRECTION('',(1.,0.,-0.));
#13382 = ORIENTED_EDGE('',*,*,#13383,.F.);
#13383 = EDGE_CURVE('',#13384,#13375,#13386,.T.);
#13384 = VERTEX_POINT('',#13385);
#13385 = CARTESIAN_POINT('',(49.467263221783,64.397822054374,8.));
#13386 = LINE('',#13387,#13388);
#13387 = CARTESIAN_POINT('',(49.467263221783,64.397822054374,7.99));
#13388 = VECTOR('',#13389,1.);
#13389 = DIRECTION('',(0.,0.,1.));
#13390 = ORIENTED_EDGE('',*,*,#13391,.T.);
#13391 = EDGE_CURVE('',#13384,#3515,#13392,.T.);
#13392 = CIRCLE('',#13393,81.204);
#13393 = AXIS2_PLACEMENT_3D('',#13394,#13395,#13396);
#13394 = CARTESIAN_POINT('',(0.,0.,8.));
#13395 = DIRECTION('',(0.,0.,1.));
#13396 = DIRECTION('',(1.,0.,-0.));
#13397 = ORIENTED_EDGE('',*,*,#3514,.T.);
#13398 = ORIENTED_EDGE('',*,*,#13254,.T.);
#13399 = ORIENTED_EDGE('',*,*,#3710,.T.);
#13400 = ORIENTED_EDGE('',*,*,#13401,.F.);
#13401 = EDGE_CURVE('',#3994,#3711,#13402,.T.);
#13402 = CIRCLE('',#13403,81.204);
#13403 = AXIS2_PLACEMENT_3D('',#13404,#13405,#13406);
#13404 = CARTESIAN_POINT('',(0.,0.,28.4));
#13405 = DIRECTION('',(0.,0.,1.));
#13406 = DIRECTION('',(-0.145709073028,0.989327481695,0.));
#13407 = ORIENTED_EDGE('',*,*,#3993,.T.);
#13408 = ORIENTED_EDGE('',*,*,#3967,.F.);
#13409 = ORIENTED_EDGE('',*,*,#3935,.T.);
#13410 = ORIENTED_EDGE('',*,*,#13411,.F.);
#13411 = EDGE_CURVE('',#4501,#3936,#13412,.T.);
#13412 = CIRCLE('',#13413,81.204);
#13413 = AXIS2_PLACEMENT_3D('',#13414,#13415,#13416);
#13414 = CARTESIAN_POINT('',(0.,0.,28.4));
#13415 = DIRECTION('',(0.,0.,1.));
#13416 = DIRECTION('',(-0.145709073028,0.989327481695,0.));
#13417 = FACE_BOUND('',#13418,.F.);
#13418 = EDGE_LOOP('',(#13419,#13420,#13421,#13422));
#13419 = ORIENTED_EDGE('',*,*,#11890,.F.);
#13420 = ORIENTED_EDGE('',*,*,#11964,.T.);
#13421 = ORIENTED_EDGE('',*,*,#11939,.T.);
#13422 = ORIENTED_EDGE('',*,*,#11915,.F.);
#13423 = FACE_BOUND('',#13424,.F.);
#13424 = EDGE_LOOP('',(#13425,#13426,#13427,#13428));
#13425 = ORIENTED_EDGE('',*,*,#11988,.F.);
#13426 = ORIENTED_EDGE('',*,*,#12062,.T.);
#13427 = ORIENTED_EDGE('',*,*,#12037,.T.);
#13428 = ORIENTED_EDGE('',*,*,#12013,.F.);
#13429 = FACE_BOUND('',#13430,.F.);
#13430 = EDGE_LOOP('',(#13431,#13432,#13433,#13434));
#13431 = ORIENTED_EDGE('',*,*,#12086,.F.);
#13432 = ORIENTED_EDGE('',*,*,#12160,.T.);
#13433 = ORIENTED_EDGE('',*,*,#12135,.T.);
#13434 = ORIENTED_EDGE('',*,*,#12111,.F.);
#13435 = FACE_BOUND('',#13436,.F.);
#13436 = EDGE_LOOP('',(#13437,#13438,#13439,#13440));
#13437 = ORIENTED_EDGE('',*,*,#12184,.F.);
#13438 = ORIENTED_EDGE('',*,*,#12258,.T.);
#13439 = ORIENTED_EDGE('',*,*,#12233,.T.);
#13440 = ORIENTED_EDGE('',*,*,#12209,.F.);
#13441 = FACE_BOUND('',#13442,.F.);
#13442 = EDGE_LOOP('',(#13443,#13444,#13445,#13446));
#13443 = ORIENTED_EDGE('',*,*,#12282,.F.);
#13444 = ORIENTED_EDGE('',*,*,#12356,.T.);
#13445 = ORIENTED_EDGE('',*,*,#12331,.T.);
#13446 = ORIENTED_EDGE('',*,*,#12307,.F.);
#13447 = FACE_BOUND('',#13448,.F.);
#13448 = EDGE_LOOP('',(#13449,#13450,#13451,#13452));
#13449 = ORIENTED_EDGE('',*,*,#12380,.F.);
#13450 = ORIENTED_EDGE('',*,*,#12454,.T.);
#13451 = ORIENTED_EDGE('',*,*,#12429,.T.);
#13452 = ORIENTED_EDGE('',*,*,#12405,.F.);
#13453 = FACE_BOUND('',#13454,.F.);
#13454 = EDGE_LOOP('',(#13455,#13456,#13457,#13458));
#13455 = ORIENTED_EDGE('',*,*,#12478,.F.);
#13456 = ORIENTED_EDGE('',*,*,#12552,.T.);
#13457 = ORIENTED_EDGE('',*,*,#12527,.T.);
#13458 = ORIENTED_EDGE('',*,*,#12503,.F.);
#13459 = FACE_BOUND('',#13460,.F.);
#13460 = EDGE_LOOP('',(#13461,#13462,#13463,#13464));
#13461 = ORIENTED_EDGE('',*,*,#12576,.F.);
#13462 = ORIENTED_EDGE('',*,*,#12650,.T.);
#13463 = ORIENTED_EDGE('',*,*,#12625,.T.);
#13464 = ORIENTED_EDGE('',*,*,#12601,.F.);
#13465 = FACE_BOUND('',#13466,.F.);
#13466 = EDGE_LOOP('',(#13467,#13468,#13469,#13470));
#13467 = ORIENTED_EDGE('',*,*,#12674,.F.);
#13468 = ORIENTED_EDGE('',*,*,#12748,.T.);
#13469 = ORIENTED_EDGE('',*,*,#12723,.T.);
#13470 = ORIENTED_EDGE('',*,*,#12699,.F.);
#13471 = FACE_BOUND('',#13472,.F.);
#13472 = EDGE_LOOP('',(#13473,#13474,#13475,#13476));
#13473 = ORIENTED_EDGE('',*,*,#12772,.F.);
#13474 = ORIENTED_EDGE('',*,*,#12846,.T.);
#13475 = ORIENTED_EDGE('',*,*,#12821,.T.);
#13476 = ORIENTED_EDGE('',*,*,#12797,.F.);
#13477 = FACE_BOUND('',#13478,.F.);
#13478 = EDGE_LOOP('',(#13479,#13480,#13481,#13482));
#13479 = ORIENTED_EDGE('',*,*,#12870,.F.);
#13480 = ORIENTED_EDGE('',*,*,#12944,.T.);
#13481 = ORIENTED_EDGE('',*,*,#12919,.T.);
#13482 = ORIENTED_EDGE('',*,*,#12895,.F.);
#13483 = FACE_BOUND('',#13484,.F.);
#13484 = EDGE_LOOP('',(#13485,#13486,#13487,#13488));
#13485 = ORIENTED_EDGE('',*,*,#12968,.F.);
#13486 = ORIENTED_EDGE('',*,*,#13042,.T.);
#13487 = ORIENTED_EDGE('',*,*,#13017,.T.);
#13488 = ORIENTED_EDGE('',*,*,#12993,.F.);
#13489 = FACE_BOUND('',#13490,.F.);
#13490 = EDGE_LOOP('',(#13491,#13492,#13493,#13494));
#13491 = ORIENTED_EDGE('',*,*,#13066,.F.);
#13492 = ORIENTED_EDGE('',*,*,#13140,.T.);
#13493 = ORIENTED_EDGE('',*,*,#13115,.T.);
#13494 = ORIENTED_EDGE('',*,*,#13091,.F.);
#13495 = FACE_BOUND('',#13496,.F.);
#13496 = EDGE_LOOP('',(#13497,#13498,#13499,#13500));
#13497 = ORIENTED_EDGE('',*,*,#13164,.F.);
#13498 = ORIENTED_EDGE('',*,*,#13238,.T.);
#13499 = ORIENTED_EDGE('',*,*,#13213,.T.);
#13500 = ORIENTED_EDGE('',*,*,#13189,.F.);
#13501 = FACE_BOUND('',#13502,.F.);
#13502 = EDGE_LOOP('',(#13503,#13504,#13505,#13506));
#13503 = ORIENTED_EDGE('',*,*,#4540,.F.);
#13504 = ORIENTED_EDGE('',*,*,#4614,.T.);
#13505 = ORIENTED_EDGE('',*,*,#4589,.T.);
#13506 = ORIENTED_EDGE('',*,*,#4565,.F.);
#13507 = FACE_BOUND('',#13508,.F.);
#13508 = EDGE_LOOP('',(#13509,#13510,#13511,#13512));
#13509 = ORIENTED_EDGE('',*,*,#4638,.F.);
#13510 = ORIENTED_EDGE('',*,*,#4712,.T.);
#13511 = ORIENTED_EDGE('',*,*,#4687,.T.);
#13512 = ORIENTED_EDGE('',*,*,#4663,.F.);
#13513 = FACE_BOUND('',#13514,.F.);
#13514 = EDGE_LOOP('',(#13515,#13516,#13517,#13518));
#13515 = ORIENTED_EDGE('',*,*,#4736,.F.);
#13516 = ORIENTED_EDGE('',*,*,#4810,.T.);
#13517 = ORIENTED_EDGE('',*,*,#4785,.T.);
#13518 = ORIENTED_EDGE('',*,*,#4761,.F.);
#13519 = FACE_BOUND('',#13520,.F.);
#13520 = EDGE_LOOP('',(#13521,#13522,#13523,#13524));
#13521 = ORIENTED_EDGE('',*,*,#4834,.F.);
#13522 = ORIENTED_EDGE('',*,*,#4908,.T.);
#13523 = ORIENTED_EDGE('',*,*,#4883,.T.);
#13524 = ORIENTED_EDGE('',*,*,#4859,.F.);
#13525 = FACE_BOUND('',#13526,.F.);
#13526 = EDGE_LOOP('',(#13527,#13528,#13529,#13530));
#13527 = ORIENTED_EDGE('',*,*,#4932,.F.);
#13528 = ORIENTED_EDGE('',*,*,#5006,.T.);
#13529 = ORIENTED_EDGE('',*,*,#4981,.T.);
#13530 = ORIENTED_EDGE('',*,*,#4957,.F.);
#13531 = FACE_BOUND('',#13532,.F.);
#13532 = EDGE_LOOP('',(#13533,#13534,#13535,#13536));
#13533 = ORIENTED_EDGE('',*,*,#5030,.F.);
#13534 = ORIENTED_EDGE('',*,*,#5104,.T.);
#13535 = ORIENTED_EDGE('',*,*,#5079,.T.);
#13536 = ORIENTED_EDGE('',*,*,#5055,.F.);
#13537 = FACE_BOUND('',#13538,.F.);
#13538 = EDGE_LOOP('',(#13539,#13540,#13541,#13542));
#13539 = ORIENTED_EDGE('',*,*,#5128,.F.);
#13540 = ORIENTED_EDGE('',*,*,#5202,.T.);
#13541 = ORIENTED_EDGE('',*,*,#5177,.T.);
#13542 = ORIENTED_EDGE('',*,*,#5153,.F.);
#13543 = FACE_BOUND('',#13544,.F.);
#13544 = EDGE_LOOP('',(#13545,#13546,#13547,#13548));
#13545 = ORIENTED_EDGE('',*,*,#5226,.F.);
#13546 = ORIENTED_EDGE('',*,*,#5300,.T.);
#13547 = ORIENTED_EDGE('',*,*,#5275,.T.);
#13548 = ORIENTED_EDGE('',*,*,#5251,.F.);
#13549 = FACE_BOUND('',#13550,.F.);
#13550 = EDGE_LOOP('',(#13551,#13552,#13553,#13554));
#13551 = ORIENTED_EDGE('',*,*,#5324,.F.);
#13552 = ORIENTED_EDGE('',*,*,#5398,.T.);
#13553 = ORIENTED_EDGE('',*,*,#5373,.T.);
#13554 = ORIENTED_EDGE('',*,*,#5349,.F.);
#13555 = FACE_BOUND('',#13556,.F.);
#13556 = EDGE_LOOP('',(#13557,#13558,#13559,#13560));
#13557 = ORIENTED_EDGE('',*,*,#5422,.F.);
#13558 = ORIENTED_EDGE('',*,*,#5496,.T.);
#13559 = ORIENTED_EDGE('',*,*,#5471,.T.);
#13560 = ORIENTED_EDGE('',*,*,#5447,.F.);
#13561 = FACE_BOUND('',#13562,.F.);
#13562 = EDGE_LOOP('',(#13563,#13564,#13565,#13566));
#13563 = ORIENTED_EDGE('',*,*,#5520,.F.);
#13564 = ORIENTED_EDGE('',*,*,#5594,.T.);
#13565 = ORIENTED_EDGE('',*,*,#5569,.T.);
#13566 = ORIENTED_EDGE('',*,*,#5545,.F.);
#13567 = FACE_BOUND('',#13568,.F.);
#13568 = EDGE_LOOP('',(#13569,#13570,#13571,#13572));
#13569 = ORIENTED_EDGE('',*,*,#5618,.F.);
#13570 = ORIENTED_EDGE('',*,*,#5692,.T.);
#13571 = ORIENTED_EDGE('',*,*,#5667,.T.);
#13572 = ORIENTED_EDGE('',*,*,#5643,.F.);
#13573 = FACE_BOUND('',#13574,.F.);
#13574 = EDGE_LOOP('',(#13575,#13576,#13577,#13578));
#13575 = ORIENTED_EDGE('',*,*,#5716,.F.);
#13576 = ORIENTED_EDGE('',*,*,#5790,.T.);
#13577 = ORIENTED_EDGE('',*,*,#5765,.T.);
#13578 = ORIENTED_EDGE('',*,*,#5741,.F.);
#13579 = FACE_BOUND('',#13580,.F.);
#13580 = EDGE_LOOP('',(#13581,#13582,#13583,#13584));
#13581 = ORIENTED_EDGE('',*,*,#5814,.F.);
#13582 = ORIENTED_EDGE('',*,*,#5888,.T.);
#13583 = ORIENTED_EDGE('',*,*,#5863,.T.);
#13584 = ORIENTED_EDGE('',*,*,#5839,.F.);
#13585 = FACE_BOUND('',#13586,.F.);
#13586 = EDGE_LOOP('',(#13587,#13588,#13589,#13590));
#13587 = ORIENTED_EDGE('',*,*,#5912,.F.);
#13588 = ORIENTED_EDGE('',*,*,#5986,.T.);
#13589 = ORIENTED_EDGE('',*,*,#5961,.T.);
#13590 = ORIENTED_EDGE('',*,*,#5937,.F.);
#13591 = FACE_BOUND('',#13592,.F.);
#13592 = EDGE_LOOP('',(#13593,#13594,#13595,#13596));
#13593 = ORIENTED_EDGE('',*,*,#6010,.F.);
#13594 = ORIENTED_EDGE('',*,*,#6084,.T.);
#13595 = ORIENTED_EDGE('',*,*,#6059,.T.);
#13596 = ORIENTED_EDGE('',*,*,#6035,.F.);
#13597 = FACE_BOUND('',#13598,.F.);
#13598 = EDGE_LOOP('',(#13599,#13600,#13601,#13602));
#13599 = ORIENTED_EDGE('',*,*,#6108,.F.);
#13600 = ORIENTED_EDGE('',*,*,#6182,.T.);
#13601 = ORIENTED_EDGE('',*,*,#6157,.T.);
#13602 = ORIENTED_EDGE('',*,*,#6133,.F.);
#13603 = FACE_BOUND('',#13604,.F.);
#13604 = EDGE_LOOP('',(#13605,#13606,#13607,#13608));
#13605 = ORIENTED_EDGE('',*,*,#6206,.F.);
#13606 = ORIENTED_EDGE('',*,*,#6280,.T.);
#13607 = ORIENTED_EDGE('',*,*,#6255,.T.);
#13608 = ORIENTED_EDGE('',*,*,#6231,.F.);
#13609 = FACE_BOUND('',#13610,.F.);
#13610 = EDGE_LOOP('',(#13611,#13612,#13613,#13614));
#13611 = ORIENTED_EDGE('',*,*,#6304,.F.);
#13612 = ORIENTED_EDGE('',*,*,#6378,.T.);
#13613 = ORIENTED_EDGE('',*,*,#6353,.T.);
#13614 = ORIENTED_EDGE('',*,*,#6329,.F.);
#13615 = FACE_BOUND('',#13616,.F.);
#13616 = EDGE_LOOP('',(#13617,#13618,#13619,#13620));
#13617 = ORIENTED_EDGE('',*,*,#6402,.F.);
#13618 = ORIENTED_EDGE('',*,*,#6476,.T.);
#13619 = ORIENTED_EDGE('',*,*,#6451,.T.);
#13620 = ORIENTED_EDGE('',*,*,#6427,.F.);
#13621 = FACE_BOUND('',#13622,.F.);
#13622 = EDGE_LOOP('',(#13623,#13624,#13625,#13626));
#13623 = ORIENTED_EDGE('',*,*,#6500,.F.);
#13624 = ORIENTED_EDGE('',*,*,#6574,.T.);
#13625 = ORIENTED_EDGE('',*,*,#6549,.T.);
#13626 = ORIENTED_EDGE('',*,*,#6525,.F.);
#13627 = CYLINDRICAL_SURFACE('',#13628,81.204);
#13628 = AXIS2_PLACEMENT_3D('',#13629,#13630,#13631);
#13629 = CARTESIAN_POINT('',(0.,0.,7.99));
#13630 = DIRECTION('',(0.,0.,1.));
#13631 = DIRECTION('',(1.,0.,-0.));
#13632 = ADVANCED_FACE('',(#13633),#13943,.F.);
#13633 = FACE_BOUND('',#13634,.F.);
#13634 = EDGE_LOOP('',(#13635,#13636,#13643,#13644,#13645,#13653,#13661,
    #13667,#13668,#13676,#13684,#13690,#13691,#13699,#13707,#13713,
    #13714,#13722,#13730,#13738,#13747,#13755,#13763,#13771,#13780,
    #13788,#13796,#13804,#13813,#13821,#13829,#13837,#13846,#13854,
    #13862,#13870,#13879,#13887,#13895,#13903,#13912,#13920,#13928,
    #13936));
#13635 = ORIENTED_EDGE('',*,*,#3556,.F.);
#13636 = ORIENTED_EDGE('',*,*,#13637,.F.);
#13637 = EDGE_CURVE('',#3523,#3549,#13638,.T.);
#13638 = CIRCLE('',#13639,83.904);
#13639 = AXIS2_PLACEMENT_3D('',#13640,#13641,#13642);
#13640 = CARTESIAN_POINT('',(0.,0.,8.));
#13641 = DIRECTION('',(0.,0.,-1.));
#13642 = DIRECTION('',(9.418287798871E-02,0.995554913349,0.));
#13643 = ORIENTED_EDGE('',*,*,#3522,.F.);
#13644 = ORIENTED_EDGE('',*,*,#13391,.F.);
#13645 = ORIENTED_EDGE('',*,*,#13646,.F.);
#13646 = EDGE_CURVE('',#13647,#13384,#13649,.T.);
#13647 = VERTEX_POINT('',#13648);
#13648 = CARTESIAN_POINT('',(49.837163310913,64.838651814496,8.));
#13649 = LINE('',#13650,#13651);
#13650 = CARTESIAN_POINT('',(22.131731758203,31.820604227182,8.));
#13651 = VECTOR('',#13652,1.);
#13652 = DIRECTION('',(-0.642787609687,-0.766044443119,0.));
#13653 = ORIENTED_EDGE('',*,*,#13654,.F.);
#13654 = EDGE_CURVE('',#13655,#13647,#13657,.T.);
#13655 = VERTEX_POINT('',#13656);
#13656 = CARTESIAN_POINT('',(55.199474412745,60.33913854669,8.));
#13657 = LINE('',#13658,#13659);
#13658 = CARTESIAN_POINT('',(53.858896637287,61.464016863642,8.));
#13659 = VECTOR('',#13660,1.);
#13660 = DIRECTION('',(-0.766044443119,0.642787609687,0.));
#13661 = ORIENTED_EDGE('',*,*,#13662,.T.);
#13662 = EDGE_CURVE('',#13655,#13358,#13663,.T.);
#13663 = LINE('',#13664,#13665);
#13664 = CARTESIAN_POINT('',(27.494042860036,27.321090959376,8.));
#13665 = VECTOR('',#13666,1.);
#13666 = DIRECTION('',(-0.642787609687,-0.766044443119,0.));
#13667 = ORIENTED_EDGE('',*,*,#13357,.F.);
#13668 = ORIENTED_EDGE('',*,*,#13669,.F.);
#13669 = EDGE_CURVE('',#13670,#13350,#13672,.T.);
#13670 = VERTEX_POINT('',#13671);
#13671 = CARTESIAN_POINT('',(69.257739590804,43.450076211353,8.));
#13672 = LINE('',#13673,#13674);
#13673 = CARTESIAN_POINT('',(31.813399207376,21.831576211353,8.));
#13674 = VECTOR('',#13675,1.);
#13675 = DIRECTION('',(-0.866025403784,-0.5,0.));
#13676 = ORIENTED_EDGE('',*,*,#13677,.F.);
#13677 = EDGE_CURVE('',#13678,#13670,#13680,.T.);
#13678 = VERTEX_POINT('',#13679);
#13679 = CARTESIAN_POINT('',(72.257739590804,38.253923788647,8.));
#13680 = LINE('',#13681,#13682);
#13681 = CARTESIAN_POINT('',(71.507739590804,39.552961894323,8.));
#13682 = VECTOR('',#13683,1.);
#13683 = DIRECTION('',(-0.5,0.866025403784,0.));
#13684 = ORIENTED_EDGE('',*,*,#13685,.T.);
#13685 = EDGE_CURVE('',#13678,#13324,#13686,.T.);
#13686 = LINE('',#13687,#13688);
#13687 = CARTESIAN_POINT('',(34.813399207376,16.635423788647,8.));
#13688 = VECTOR('',#13689,1.);
#13689 = DIRECTION('',(-0.866025403784,-0.5,0.));
#13690 = ORIENTED_EDGE('',*,*,#13323,.T.);
#13691 = ORIENTED_EDGE('',*,*,#13692,.F.);
#13692 = EDGE_CURVE('',#13693,#13316,#13695,.T.);
#13693 = VERTEX_POINT('',#13694);
#13694 = CARTESIAN_POINT('',(64.838651814496,-49.83716331091,8.));
#13695 = LINE('',#13696,#13697);
#13696 = CARTESIAN_POINT('',(31.820604227182,-22.1317317582,8.));
#13697 = VECTOR('',#13698,1.);
#13698 = DIRECTION('',(-0.766044443119,0.642787609687,0.));
#13699 = ORIENTED_EDGE('',*,*,#13700,.F.);
#13700 = EDGE_CURVE('',#13701,#13693,#13703,.T.);
#13701 = VERTEX_POINT('',#13702);
#13702 = CARTESIAN_POINT('',(60.33913854669,-55.19947441274,8.));
#13703 = LINE('',#13704,#13705);
#13704 = CARTESIAN_POINT('',(61.464016863642,-53.85889663728,8.));
#13705 = VECTOR('',#13706,1.);
#13706 = DIRECTION('',(0.642787609687,0.766044443119,-0.));
#13707 = ORIENTED_EDGE('',*,*,#13708,.T.);
#13708 = EDGE_CURVE('',#13701,#13290,#13709,.T.);
#13709 = LINE('',#13710,#13711);
#13710 = CARTESIAN_POINT('',(27.321090959376,-27.49404286003,8.));
#13711 = VECTOR('',#13712,1.);
#13712 = DIRECTION('',(-0.766044443119,0.642787609687,0.));
#13713 = ORIENTED_EDGE('',*,*,#13289,.F.);
#13714 = ORIENTED_EDGE('',*,*,#13715,.F.);
#13715 = EDGE_CURVE('',#13716,#13282,#13718,.T.);
#13716 = VERTEX_POINT('',#13717);
#13717 = CARTESIAN_POINT('',(55.965518855864,-59.696350937,8.));
#13718 = LINE('',#13719,#13720);
#13719 = CARTESIAN_POINT('',(28.099390400734,-26.48679223891,8.));
#13720 = VECTOR('',#13721,1.);
#13721 = DIRECTION('',(-0.642787609687,0.766044443119,0.));
#13722 = ORIENTED_EDGE('',*,*,#13723,.F.);
#13723 = EDGE_CURVE('',#13724,#13716,#13726,.T.);
#13724 = VERTEX_POINT('',#13725);
#13725 = CARTESIAN_POINT('',(49.071118867794,-65.48143942418,8.));
#13726 = LINE('',#13727,#13728);
#13727 = CARTESIAN_POINT('',(50.794718864811,-64.03516730238,8.));
#13728 = VECTOR('',#13729,1.);
#13729 = DIRECTION('',(0.766044443119,0.642787609687,-0.));
#13730 = ORIENTED_EDGE('',*,*,#13731,.T.);
#13731 = EDGE_CURVE('',#13724,#13732,#13734,.T.);
#13732 = VERTEX_POINT('',#13733);
#13733 = CARTESIAN_POINT('',(48.669516836589,-65.0028287607,8.));
#13734 = LINE('',#13735,#13736);
#13735 = CARTESIAN_POINT('',(21.204990412663,-32.27188072608,8.));
#13736 = VECTOR('',#13737,1.);
#13737 = DIRECTION('',(-0.642787609687,0.766044443119,0.));
#13738 = ORIENTED_EDGE('',*,*,#13739,.F.);
#13739 = EDGE_CURVE('',#13740,#13732,#13742,.T.);
#13740 = VERTEX_POINT('',#13741);
#13741 = CARTESIAN_POINT('',(3.,-81.14856508897,8.));
#13742 = CIRCLE('',#13743,81.204);
#13743 = AXIS2_PLACEMENT_3D('',#13744,#13745,#13746);
#13744 = CARTESIAN_POINT('',(0.,0.,8.));
#13745 = DIRECTION('',(0.,0.,1.));
#13746 = DIRECTION('',(1.,0.,-0.));
#13747 = ORIENTED_EDGE('',*,*,#13748,.F.);
#13748 = EDGE_CURVE('',#13749,#13740,#13751,.T.);
#13749 = VERTEX_POINT('',#13750);
#13750 = CARTESIAN_POINT('',(3.,-81.704,8.));
#13751 = LINE('',#13752,#13753);
#13752 = CARTESIAN_POINT('',(3.,-38.467,8.));
#13753 = VECTOR('',#13754,1.);
#13754 = DIRECTION('',(2.22044604925E-16,1.,-0.));
#13755 = ORIENTED_EDGE('',*,*,#13756,.F.);
#13756 = EDGE_CURVE('',#13757,#13749,#13759,.T.);
#13757 = VERTEX_POINT('',#13758);
#13758 = CARTESIAN_POINT('',(-3.,-81.704,8.));
#13759 = LINE('',#13760,#13761);
#13760 = CARTESIAN_POINT('',(-1.5,-81.704,8.));
#13761 = VECTOR('',#13762,1.);
#13762 = DIRECTION('',(1.,-2.22044604925E-16,0.));
#13763 = ORIENTED_EDGE('',*,*,#13764,.T.);
#13764 = EDGE_CURVE('',#13757,#13765,#13767,.T.);
#13765 = VERTEX_POINT('',#13766);
#13766 = CARTESIAN_POINT('',(-3.,-81.14856508897,8.));
#13767 = LINE('',#13768,#13769);
#13768 = CARTESIAN_POINT('',(-3.,-38.467,8.));
#13769 = VECTOR('',#13770,1.);
#13770 = DIRECTION('',(2.22044604925E-16,1.,-0.));
#13771 = ORIENTED_EDGE('',*,*,#13772,.F.);
#13772 = EDGE_CURVE('',#13773,#13765,#13775,.T.);
#13773 = VERTEX_POINT('',#13774);
#13774 = CARTESIAN_POINT('',(-11.2165330528,-80.42561160647,8.));
#13775 = CIRCLE('',#13776,81.204);
#13776 = AXIS2_PLACEMENT_3D('',#13777,#13778,#13779);
#13777 = CARTESIAN_POINT('',(0.,0.,8.));
#13778 = DIRECTION('',(0.,0.,1.));
#13779 = DIRECTION('',(1.,0.,-0.));
#13780 = ORIENTED_EDGE('',*,*,#13781,.F.);
#13781 = EDGE_CURVE('',#13782,#13773,#13784,.T.);
#13782 = VERTEX_POINT('',#13783);
#13783 = CARTESIAN_POINT('',(-10.99902262342,-79.40230549127,8.));
#13784 = LINE('',#13785,#13786);
#13785 = CARTESIAN_POINT('',(-10.99902262342,-79.40230549127,8.));
#13786 = VECTOR('',#13787,1.);
#13787 = DIRECTION('',(-0.207911690818,-0.978147600734,0.));
#13788 = ORIENTED_EDGE('',*,*,#13789,.F.);
#13789 = EDGE_CURVE('',#13790,#13782,#13792,.T.);
#13790 = VERTEX_POINT('',#13791);
#13791 = CARTESIAN_POINT('',(-22.24772003186,-77.01132104686,8.));
#13792 = LINE('',#13793,#13794);
#13793 = CARTESIAN_POINT('',(-22.24772003186,-77.01132104686,8.));
#13794 = VECTOR('',#13795,1.);
#13795 = DIRECTION('',(0.978147600734,-0.207911690818,0.));
#13796 = ORIENTED_EDGE('',*,*,#13797,.T.);
#13797 = EDGE_CURVE('',#13790,#13798,#13800,.T.);
#13798 = VERTEX_POINT('',#13799);
#13799 = CARTESIAN_POINT('',(-22.46523046124,-78.03462716206,8.));
#13800 = LINE('',#13801,#13802);
#13801 = CARTESIAN_POINT('',(-22.24772003186,-77.01132104686,8.));
#13802 = VECTOR('',#13803,1.);
#13803 = DIRECTION('',(-0.207911690818,-0.978147600734,0.));
#13804 = ORIENTED_EDGE('',*,*,#13805,.F.);
#13805 = EDGE_CURVE('',#13806,#13798,#13808,.T.);
#13806 = VERTEX_POINT('',#13807);
#13807 = CARTESIAN_POINT('',(-37.53317989564,-72.00937454888,8.));
#13808 = CIRCLE('',#13809,81.204);
#13809 = AXIS2_PLACEMENT_3D('',#13810,#13811,#13812);
#13810 = CARTESIAN_POINT('',(0.,0.,8.));
#13811 = DIRECTION('',(0.,0.,1.));
#13812 = DIRECTION('',(1.,0.,-0.));
#13813 = ORIENTED_EDGE('',*,*,#13814,.F.);
#13814 = EDGE_CURVE('',#13815,#13806,#13817,.T.);
#13815 = VERTEX_POINT('',#13816);
#13816 = CARTESIAN_POINT('',(-37.82091108675,-72.5077395908,8.));
#13817 = LINE('',#13818,#13819);
#13818 = CARTESIAN_POINT('',(-16.26991108675,-35.18031263688,8.));
#13819 = VECTOR('',#13820,1.);
#13820 = DIRECTION('',(0.5,0.866025403784,-0.));
#13821 = ORIENTED_EDGE('',*,*,#13822,.F.);
#13822 = EDGE_CURVE('',#13823,#13815,#13825,.T.);
#13823 = VERTEX_POINT('',#13824);
#13824 = CARTESIAN_POINT('',(-43.88308891324,-69.0077395908,8.));
#13825 = LINE('',#13826,#13827);
#13826 = CARTESIAN_POINT('',(-42.36754445662,-69.8827395908,8.));
#13827 = VECTOR('',#13828,1.);
#13828 = DIRECTION('',(0.866025403784,-0.5,0.));
#13829 = ORIENTED_EDGE('',*,*,#13830,.T.);
#13830 = EDGE_CURVE('',#13823,#13831,#13833,.T.);
#13831 = VERTEX_POINT('',#13832);
#13832 = CARTESIAN_POINT('',(-43.59535772213,-68.50937454888,8.));
#13833 = LINE('',#13834,#13835);
#13834 = CARTESIAN_POINT('',(-22.33208891324,-31.68031263688,8.));
#13835 = VECTOR('',#13836,1.);
#13836 = DIRECTION('',(0.5,0.866025403784,-0.));
#13837 = ORIENTED_EDGE('',*,*,#13838,.F.);
#13838 = EDGE_CURVE('',#13839,#13831,#13841,.T.);
#13839 = VERTEX_POINT('',#13840);
#13840 = CARTESIAN_POINT('',(-81.12853761778,-3.5,8.));
#13841 = CIRCLE('',#13842,81.204);
#13842 = AXIS2_PLACEMENT_3D('',#13843,#13844,#13845);
#13843 = CARTESIAN_POINT('',(0.,0.,8.));
#13844 = DIRECTION('',(0.,0.,1.));
#13845 = DIRECTION('',(1.,0.,-0.));
#13846 = ORIENTED_EDGE('',*,*,#13847,.F.);
#13847 = EDGE_CURVE('',#13848,#13839,#13850,.T.);
#13848 = VERTEX_POINT('',#13849);
#13849 = CARTESIAN_POINT('',(-81.704,-3.5,8.));
#13850 = LINE('',#13851,#13852);
#13851 = CARTESIAN_POINT('',(-38.602,-3.5,8.));
#13852 = VECTOR('',#13853,1.);
#13853 = DIRECTION('',(1.,-1.224646799147E-16,0.));
#13854 = ORIENTED_EDGE('',*,*,#13855,.F.);
#13855 = EDGE_CURVE('',#13856,#13848,#13858,.T.);
#13856 = VERTEX_POINT('',#13857);
#13857 = CARTESIAN_POINT('',(-81.704,3.5,8.));
#13858 = LINE('',#13859,#13860);
#13859 = CARTESIAN_POINT('',(-81.704,1.75,8.));
#13860 = VECTOR('',#13861,1.);
#13861 = DIRECTION('',(-1.224646799147E-16,-1.,0.));
#13862 = ORIENTED_EDGE('',*,*,#13863,.T.);
#13863 = EDGE_CURVE('',#13856,#13864,#13866,.T.);
#13864 = VERTEX_POINT('',#13865);
#13865 = CARTESIAN_POINT('',(-81.12853761778,3.5,8.));
#13866 = LINE('',#13867,#13868);
#13867 = CARTESIAN_POINT('',(-38.602,3.5,8.));
#13868 = VECTOR('',#13869,1.);
#13869 = DIRECTION('',(1.,-1.224646799147E-16,0.));
#13870 = ORIENTED_EDGE('',*,*,#13871,.F.);
#13871 = EDGE_CURVE('',#13872,#13864,#13874,.T.);
#13872 = VERTEX_POINT('',#13873);
#13873 = CARTESIAN_POINT('',(-71.7767188477,37.976206333135,8.));
#13874 = CIRCLE('',#13875,81.204);
#13875 = AXIS2_PLACEMENT_3D('',#13876,#13877,#13878);
#13876 = CARTESIAN_POINT('',(0.,0.,8.));
#13877 = DIRECTION('',(0.,0.,1.));
#13878 = DIRECTION('',(1.,0.,-0.));
#13879 = ORIENTED_EDGE('',*,*,#13880,.F.);
#13880 = EDGE_CURVE('',#13881,#13872,#13883,.T.);
#13881 = VERTEX_POINT('',#13882);
#13882 = CARTESIAN_POINT('',(-72.2577395908,38.253923788647,8.));
#13883 = LINE('',#13884,#13885);
#13884 = CARTESIAN_POINT('',(-34.81339920737,16.635423788647,8.));
#13885 = VECTOR('',#13886,1.);
#13886 = DIRECTION('',(0.866025403784,-0.5,0.));
#13887 = ORIENTED_EDGE('',*,*,#13888,.F.);
#13888 = EDGE_CURVE('',#13889,#13881,#13891,.T.);
#13889 = VERTEX_POINT('',#13890);
#13890 = CARTESIAN_POINT('',(-69.2577395908,43.450076211353,8.));
#13891 = LINE('',#13892,#13893);
#13892 = CARTESIAN_POINT('',(-70.0077395908,42.151038105677,8.));
#13893 = VECTOR('',#13894,1.);
#13894 = DIRECTION('',(-0.5,-0.866025403784,0.));
#13895 = ORIENTED_EDGE('',*,*,#13896,.T.);
#13896 = EDGE_CURVE('',#13889,#13897,#13899,.T.);
#13897 = VERTEX_POINT('',#13898);
#13898 = CARTESIAN_POINT('',(-68.7767188477,43.172358755842,8.));
#13899 = LINE('',#13900,#13901);
#13900 = CARTESIAN_POINT('',(-31.81339920737,21.831576211353,8.));
#13901 = VECTOR('',#13902,1.);
#13902 = DIRECTION('',(0.866025403784,-0.5,0.));
#13903 = ORIENTED_EDGE('',*,*,#13904,.F.);
#13904 = EDGE_CURVE('',#13905,#13897,#13907,.T.);
#13905 = VERTEX_POINT('',#13906);
#13906 = CARTESIAN_POINT('',(-43.59535772213,68.509374548881,8.));
#13907 = CIRCLE('',#13908,81.204);
#13908 = AXIS2_PLACEMENT_3D('',#13909,#13910,#13911);
#13909 = CARTESIAN_POINT('',(0.,0.,8.));
#13910 = DIRECTION('',(0.,0.,1.));
#13911 = DIRECTION('',(1.,0.,-0.));
#13912 = ORIENTED_EDGE('',*,*,#13913,.F.);
#13913 = EDGE_CURVE('',#13914,#13905,#13916,.T.);
#13914 = VERTEX_POINT('',#13915);
#13915 = CARTESIAN_POINT('',(-43.88308891324,69.007739590804,8.));
#13916 = LINE('',#13917,#13918);
#13917 = CARTESIAN_POINT('',(-22.33208891324,31.680312636887,8.));
#13918 = VECTOR('',#13919,1.);
#13919 = DIRECTION('',(0.5,-0.866025403784,0.));
#13920 = ORIENTED_EDGE('',*,*,#13921,.F.);
#13921 = EDGE_CURVE('',#13922,#13914,#13924,.T.);
#13922 = VERTEX_POINT('',#13923);
#13923 = CARTESIAN_POINT('',(-37.82091108675,72.507739590804,8.));
#13924 = LINE('',#13925,#13926);
#13925 = CARTESIAN_POINT('',(-39.33645554337,71.632739590804,8.));
#13926 = VECTOR('',#13927,1.);
#13927 = DIRECTION('',(-0.866025403784,-0.5,0.));
#13928 = ORIENTED_EDGE('',*,*,#13929,.T.);
#13929 = EDGE_CURVE('',#13922,#13930,#13932,.T.);
#13930 = VERTEX_POINT('',#13931);
#13931 = CARTESIAN_POINT('',(-37.53317989564,72.009374548881,8.));
#13932 = LINE('',#13933,#13934);
#13933 = CARTESIAN_POINT('',(-16.26991108675,35.180312636887,8.));
#13934 = VECTOR('',#13935,1.);
#13935 = DIRECTION('',(0.5,-0.866025403784,0.));
#13936 = ORIENTED_EDGE('',*,*,#13937,.F.);
#13937 = EDGE_CURVE('',#3557,#13930,#13938,.T.);
#13938 = CIRCLE('',#13939,81.204);
#13939 = AXIS2_PLACEMENT_3D('',#13940,#13941,#13942);
#13940 = CARTESIAN_POINT('',(0.,0.,8.));
#13941 = DIRECTION('',(0.,0.,1.));
#13942 = DIRECTION('',(1.,0.,-0.));
#13943 = PLANE('',#13944);
#13944 = AXIS2_PLACEMENT_3D('',#13945,#13946,#13947);
#13945 = CARTESIAN_POINT('',(0.,0.,8.));
#13946 = DIRECTION('',(0.,0.,1.));
#13947 = DIRECTION('',(1.,0.,-0.));
#13948 = ADVANCED_FACE('',(#13949),#13961,.T.);
#13949 = FACE_BOUND('',#13950,.T.);
#13950 = EDGE_LOOP('',(#13951,#13952,#13953,#13960));
#13951 = ORIENTED_EDGE('',*,*,#13637,.F.);
#13952 = ORIENTED_EDGE('',*,*,#3531,.T.);
#13953 = ORIENTED_EDGE('',*,*,#13954,.T.);
#13954 = EDGE_CURVE('',#3532,#3540,#13955,.T.);
#13955 = CIRCLE('',#13956,83.904);
#13956 = AXIS2_PLACEMENT_3D('',#13957,#13958,#13959);
#13957 = CARTESIAN_POINT('',(0.,0.,13.5));
#13958 = DIRECTION('',(0.,0.,-1.));
#13959 = DIRECTION('',(9.418287798866E-02,0.995554913349,0.));
#13960 = ORIENTED_EDGE('',*,*,#3548,.F.);
#13961 = CYLINDRICAL_SURFACE('',#13962,83.904);
#13962 = AXIS2_PLACEMENT_3D('',#13963,#13964,#13965);
#13963 = CARTESIAN_POINT('',(0.,0.,8.));
#13964 = DIRECTION('',(0.,0.,1.));
#13965 = DIRECTION('',(1.,0.,-0.));
#13966 = ADVANCED_FACE('',(#13967,#13978),#13982,.F.);
#13967 = FACE_BOUND('',#13968,.F.);
#13968 = EDGE_LOOP('',(#13969));
#13969 = ORIENTED_EDGE('',*,*,#13970,.T.);
#13970 = EDGE_CURVE('',#13971,#13971,#13973,.T.);
#13971 = VERTEX_POINT('',#13972);
#13972 = CARTESIAN_POINT('',(86.704,-2.123635521465E-14,13.5));
#13973 = CIRCLE('',#13974,86.704);
#13974 = AXIS2_PLACEMENT_3D('',#13975,#13976,#13977);
#13975 = CARTESIAN_POINT('',(0.,0.,13.5));
#13976 = DIRECTION('',(0.,0.,1.));
#13977 = DIRECTION('',(1.,0.,-0.));
#13978 = FACE_BOUND('',#13979,.F.);
#13979 = EDGE_LOOP('',(#13980,#13981));
#13980 = ORIENTED_EDGE('',*,*,#13954,.T.);
#13981 = ORIENTED_EDGE('',*,*,#3539,.T.);
#13982 = PLANE('',#13983);
#13983 = AXIS2_PLACEMENT_3D('',#13984,#13985,#13986);
#13984 = CARTESIAN_POINT('',(0.,0.,13.5));
#13985 = DIRECTION('',(0.,0.,1.));
#13986 = DIRECTION('',(1.,0.,-0.));
#13987 = ADVANCED_FACE('',(#13988,#14187,#14193,#14199,#14205,#14211,
    #14217,#14223,#14229,#14235,#14241,#14247,#14253,#14259,#14265,
    #14271,#14277,#14283,#14289,#14295,#14301,#14307,#14313,#14319,
    #14325,#14331,#14337,#14343,#14349,#14355,#14361,#14367,#14373,
    #14379,#14385,#14391,#14397,#14403,#14409,#14415,#14421,#14427,
    #14433,#14439,#14445,#14451,#14457,#14463,#14469,#14475,#14481,
    #14487,#14493,#14499,#14505),#14511,.F.);
#13988 = FACE_BOUND('',#13989,.F.);
#13989 = EDGE_LOOP('',(#13990,#13998,#13999,#14007,#14016,#14022,#14023,
    #14031,#14040,#14046,#14047,#14055,#14064,#14070,#14071,#14079,
    #14088,#14094,#14095,#14103,#14110,#14111,#14118,#14119,#14120,
    #14121,#14128,#14129,#14130,#14131,#14138,#14139,#14146,#14147,
    #14148,#14156,#14165,#14171,#14172,#14180));
#13990 = ORIENTED_EDGE('',*,*,#13991,.F.);
#13991 = EDGE_CURVE('',#13872,#13992,#13994,.T.);
#13992 = VERTEX_POINT('',#13993);
#13993 = CARTESIAN_POINT('',(-71.7767188477,37.976206333135,21.3));
#13994 = LINE('',#13995,#13996);
#13995 = CARTESIAN_POINT('',(-71.7767188477,37.976206333135,7.99));
#13996 = VECTOR('',#13997,1.);
#13997 = DIRECTION('',(0.,0.,1.));
#13998 = ORIENTED_EDGE('',*,*,#13871,.T.);
#13999 = ORIENTED_EDGE('',*,*,#14000,.T.);
#14000 = EDGE_CURVE('',#13864,#14001,#14003,.T.);
#14001 = VERTEX_POINT('',#14002);
#14002 = CARTESIAN_POINT('',(-81.12853761778,3.5,19.48));
#14003 = LINE('',#14004,#14005);
#14004 = CARTESIAN_POINT('',(-81.12853761778,3.5,7.99));
#14005 = VECTOR('',#14006,1.);
#14006 = DIRECTION('',(0.,0.,1.));
#14007 = ORIENTED_EDGE('',*,*,#14008,.T.);
#14008 = EDGE_CURVE('',#14001,#14009,#14011,.T.);
#14009 = VERTEX_POINT('',#14010);
#14010 = CARTESIAN_POINT('',(-81.12853761778,-3.5,19.48));
#14011 = CIRCLE('',#14012,81.204);
#14012 = AXIS2_PLACEMENT_3D('',#14013,#14014,#14015);
#14013 = CARTESIAN_POINT('',(0.,0.,19.48));
#14014 = DIRECTION('',(0.,0.,1.));
#14015 = DIRECTION('',(1.,0.,-0.));
#14016 = ORIENTED_EDGE('',*,*,#14017,.F.);
#14017 = EDGE_CURVE('',#13839,#14009,#14018,.T.);
#14018 = LINE('',#14019,#14020);
#14019 = CARTESIAN_POINT('',(-81.12853761778,-3.5,7.99));
#14020 = VECTOR('',#14021,1.);
#14021 = DIRECTION('',(0.,0.,1.));
#14022 = ORIENTED_EDGE('',*,*,#13838,.T.);
#14023 = ORIENTED_EDGE('',*,*,#14024,.T.);
#14024 = EDGE_CURVE('',#13831,#14025,#14027,.T.);
#14025 = VERTEX_POINT('',#14026);
#14026 = CARTESIAN_POINT('',(-43.59535772213,-68.50937454888,19.48));
#14027 = LINE('',#14028,#14029);
#14028 = CARTESIAN_POINT('',(-43.59535772213,-68.50937454888,7.99));
#14029 = VECTOR('',#14030,1.);
#14030 = DIRECTION('',(0.,0.,1.));
#14031 = ORIENTED_EDGE('',*,*,#14032,.T.);
#14032 = EDGE_CURVE('',#14025,#14033,#14035,.T.);
#14033 = VERTEX_POINT('',#14034);
#14034 = CARTESIAN_POINT('',(-37.53317989564,-72.00937454888,19.48));
#14035 = CIRCLE('',#14036,81.204);
#14036 = AXIS2_PLACEMENT_3D('',#14037,#14038,#14039);
#14037 = CARTESIAN_POINT('',(0.,0.,19.48));
#14038 = DIRECTION('',(0.,0.,1.));
#14039 = DIRECTION('',(1.,0.,-0.));
#14040 = ORIENTED_EDGE('',*,*,#14041,.F.);
#14041 = EDGE_CURVE('',#13806,#14033,#14042,.T.);
#14042 = LINE('',#14043,#14044);
#14043 = CARTESIAN_POINT('',(-37.53317989564,-72.00937454888,7.99));
#14044 = VECTOR('',#14045,1.);
#14045 = DIRECTION('',(0.,0.,1.));
#14046 = ORIENTED_EDGE('',*,*,#13805,.T.);
#14047 = ORIENTED_EDGE('',*,*,#14048,.T.);
#14048 = EDGE_CURVE('',#13798,#14049,#14051,.T.);
#14049 = VERTEX_POINT('',#14050);
#14050 = CARTESIAN_POINT('',(-22.46523046124,-78.03462716206,18.));
#14051 = LINE('',#14052,#14053);
#14052 = CARTESIAN_POINT('',(-22.46523046124,-78.03462716206,7.99));
#14053 = VECTOR('',#14054,1.);
#14054 = DIRECTION('',(0.,0.,1.));
#14055 = ORIENTED_EDGE('',*,*,#14056,.T.);
#14056 = EDGE_CURVE('',#14049,#14057,#14059,.T.);
#14057 = VERTEX_POINT('',#14058);
#14058 = CARTESIAN_POINT('',(-11.2165330528,-80.42561160647,18.));
#14059 = CIRCLE('',#14060,81.204);
#14060 = AXIS2_PLACEMENT_3D('',#14061,#14062,#14063);
#14061 = CARTESIAN_POINT('',(0.,0.,18.));
#14062 = DIRECTION('',(0.,0.,1.));
#14063 = DIRECTION('',(1.,0.,-0.));
#14064 = ORIENTED_EDGE('',*,*,#14065,.F.);
#14065 = EDGE_CURVE('',#13773,#14057,#14066,.T.);
#14066 = LINE('',#14067,#14068);
#14067 = CARTESIAN_POINT('',(-11.2165330528,-80.42561160647,7.99));
#14068 = VECTOR('',#14069,1.);
#14069 = DIRECTION('',(0.,0.,1.));
#14070 = ORIENTED_EDGE('',*,*,#13772,.T.);
#14071 = ORIENTED_EDGE('',*,*,#14072,.T.);
#14072 = EDGE_CURVE('',#13765,#14073,#14075,.T.);
#14073 = VERTEX_POINT('',#14074);
#14074 = CARTESIAN_POINT('',(-3.,-81.14856508897,21.3));
#14075 = LINE('',#14076,#14077);
#14076 = CARTESIAN_POINT('',(-3.,-81.14856508897,7.99));
#14077 = VECTOR('',#14078,1.);
#14078 = DIRECTION('',(0.,0.,1.));
#14079 = ORIENTED_EDGE('',*,*,#14080,.T.);
#14080 = EDGE_CURVE('',#14073,#14081,#14083,.T.);
#14081 = VERTEX_POINT('',#14082);
#14082 = CARTESIAN_POINT('',(3.,-81.14856508897,21.3));
#14083 = CIRCLE('',#14084,81.204);
#14084 = AXIS2_PLACEMENT_3D('',#14085,#14086,#14087);
#14085 = CARTESIAN_POINT('',(0.,0.,21.3));
#14086 = DIRECTION('',(0.,0.,1.));
#14087 = DIRECTION('',(1.,0.,-0.));
#14088 = ORIENTED_EDGE('',*,*,#14089,.F.);
#14089 = EDGE_CURVE('',#13740,#14081,#14090,.T.);
#14090 = LINE('',#14091,#14092);
#14091 = CARTESIAN_POINT('',(3.,-81.14856508897,7.99));
#14092 = VECTOR('',#14093,1.);
#14093 = DIRECTION('',(0.,0.,1.));
#14094 = ORIENTED_EDGE('',*,*,#13739,.T.);
#14095 = ORIENTED_EDGE('',*,*,#14096,.T.);
#14096 = EDGE_CURVE('',#13732,#14097,#14099,.T.);
#14097 = VERTEX_POINT('',#14098);
#14098 = CARTESIAN_POINT('',(48.669516836589,-65.0028287607,25.1));
#14099 = LINE('',#14100,#14101);
#14100 = CARTESIAN_POINT('',(48.669516836589,-65.0028287607,7.99));
#14101 = VECTOR('',#14102,1.);
#14102 = DIRECTION('',(0.,0.,1.));
#14103 = ORIENTED_EDGE('',*,*,#14104,.T.);
#14104 = EDGE_CURVE('',#14097,#4341,#14105,.T.);
#14105 = CIRCLE('',#14106,81.204);
#14106 = AXIS2_PLACEMENT_3D('',#14107,#14108,#14109);
#14107 = CARTESIAN_POINT('',(0.,0.,25.1));
#14108 = DIRECTION('',(0.,0.,1.));
#14109 = DIRECTION('',(1.,0.,-0.));
#14110 = ORIENTED_EDGE('',*,*,#4348,.T.);
#14111 = ORIENTED_EDGE('',*,*,#14112,.F.);
#14112 = EDGE_CURVE('',#4276,#4349,#14113,.T.);
#14113 = CIRCLE('',#14114,81.204);
#14114 = AXIS2_PLACEMENT_3D('',#14115,#14116,#14117);
#14115 = CARTESIAN_POINT('',(0.,0.,28.4));
#14116 = DIRECTION('',(0.,0.,1.));
#14117 = DIRECTION('',(-0.145709073028,0.989327481695,0.));
#14118 = ORIENTED_EDGE('',*,*,#4275,.T.);
#14119 = ORIENTED_EDGE('',*,*,#4249,.F.);
#14120 = ORIENTED_EDGE('',*,*,#4217,.T.);
#14121 = ORIENTED_EDGE('',*,*,#14122,.F.);
#14122 = EDGE_CURVE('',#4135,#4218,#14123,.T.);
#14123 = CIRCLE('',#14124,81.204);
#14124 = AXIS2_PLACEMENT_3D('',#14125,#14126,#14127);
#14125 = CARTESIAN_POINT('',(0.,0.,28.4));
#14126 = DIRECTION('',(0.,0.,1.));
#14127 = DIRECTION('',(-0.145709073028,0.989327481695,0.));
#14128 = ORIENTED_EDGE('',*,*,#4134,.T.);
#14129 = ORIENTED_EDGE('',*,*,#4108,.F.);
#14130 = ORIENTED_EDGE('',*,*,#4076,.T.);
#14131 = ORIENTED_EDGE('',*,*,#14132,.F.);
#14132 = EDGE_CURVE('',#3633,#4077,#14133,.T.);
#14133 = CIRCLE('',#14134,81.204);
#14134 = AXIS2_PLACEMENT_3D('',#14135,#14136,#14137);
#14135 = CARTESIAN_POINT('',(0.,0.,28.4));
#14136 = DIRECTION('',(0.,0.,1.));
#14137 = DIRECTION('',(-0.145709073028,0.989327481695,0.));
#14138 = ORIENTED_EDGE('',*,*,#3632,.F.);
#14139 = ORIENTED_EDGE('',*,*,#14140,.T.);
#14140 = EDGE_CURVE('',#3625,#3566,#14141,.T.);
#14141 = CIRCLE('',#14142,81.204);
#14142 = AXIS2_PLACEMENT_3D('',#14143,#14144,#14145);
#14143 = CARTESIAN_POINT('',(0.,0.,18.8));
#14144 = DIRECTION('',(0.,0.,1.));
#14145 = DIRECTION('',(1.,0.,-0.));
#14146 = ORIENTED_EDGE('',*,*,#3565,.F.);
#14147 = ORIENTED_EDGE('',*,*,#13937,.T.);
#14148 = ORIENTED_EDGE('',*,*,#14149,.T.);
#14149 = EDGE_CURVE('',#13930,#14150,#14152,.T.);
#14150 = VERTEX_POINT('',#14151);
#14151 = CARTESIAN_POINT('',(-37.53317989564,72.009374548881,19.48));
#14152 = LINE('',#14153,#14154);
#14153 = CARTESIAN_POINT('',(-37.53317989564,72.009374548881,7.99));
#14154 = VECTOR('',#14155,1.);
#14155 = DIRECTION('',(0.,0.,1.));
#14156 = ORIENTED_EDGE('',*,*,#14157,.T.);
#14157 = EDGE_CURVE('',#14150,#14158,#14160,.T.);
#14158 = VERTEX_POINT('',#14159);
#14159 = CARTESIAN_POINT('',(-43.59535772213,68.509374548881,19.48));
#14160 = CIRCLE('',#14161,81.204);
#14161 = AXIS2_PLACEMENT_3D('',#14162,#14163,#14164);
#14162 = CARTESIAN_POINT('',(0.,0.,19.48));
#14163 = DIRECTION('',(0.,0.,1.));
#14164 = DIRECTION('',(1.,0.,-0.));
#14165 = ORIENTED_EDGE('',*,*,#14166,.F.);
#14166 = EDGE_CURVE('',#13905,#14158,#14167,.T.);
#14167 = LINE('',#14168,#14169);
#14168 = CARTESIAN_POINT('',(-43.59535772213,68.509374548881,7.99));
#14169 = VECTOR('',#14170,1.);
#14170 = DIRECTION('',(0.,0.,1.));
#14171 = ORIENTED_EDGE('',*,*,#13904,.T.);
#14172 = ORIENTED_EDGE('',*,*,#14173,.T.);
#14173 = EDGE_CURVE('',#13897,#14174,#14176,.T.);
#14174 = VERTEX_POINT('',#14175);
#14175 = CARTESIAN_POINT('',(-68.7767188477,43.172358755842,21.3));
#14176 = LINE('',#14177,#14178);
#14177 = CARTESIAN_POINT('',(-68.7767188477,43.172358755842,7.99));
#14178 = VECTOR('',#14179,1.);
#14179 = DIRECTION('',(0.,0.,1.));
#14180 = ORIENTED_EDGE('',*,*,#14181,.T.);
#14181 = EDGE_CURVE('',#14174,#13992,#14182,.T.);
#14182 = CIRCLE('',#14183,81.204);
#14183 = AXIS2_PLACEMENT_3D('',#14184,#14185,#14186);
#14184 = CARTESIAN_POINT('',(0.,0.,21.3));
#14185 = DIRECTION('',(0.,0.,1.));
#14186 = DIRECTION('',(1.,0.,-0.));
#14187 = FACE_BOUND('',#14188,.F.);
#14188 = EDGE_LOOP('',(#14189,#14190,#14191,#14192));
#14189 = ORIENTED_EDGE('',*,*,#6598,.F.);
#14190 = ORIENTED_EDGE('',*,*,#6672,.T.);
#14191 = ORIENTED_EDGE('',*,*,#6647,.T.);
#14192 = ORIENTED_EDGE('',*,*,#6623,.F.);
#14193 = FACE_BOUND('',#14194,.F.);
#14194 = EDGE_LOOP('',(#14195,#14196,#14197,#14198));
#14195 = ORIENTED_EDGE('',*,*,#6696,.F.);
#14196 = ORIENTED_EDGE('',*,*,#6770,.T.);
#14197 = ORIENTED_EDGE('',*,*,#6745,.T.);
#14198 = ORIENTED_EDGE('',*,*,#6721,.F.);
#14199 = FACE_BOUND('',#14200,.F.);
#14200 = EDGE_LOOP('',(#14201,#14202,#14203,#14204));
#14201 = ORIENTED_EDGE('',*,*,#6794,.F.);
#14202 = ORIENTED_EDGE('',*,*,#6868,.T.);
#14203 = ORIENTED_EDGE('',*,*,#6843,.T.);
#14204 = ORIENTED_EDGE('',*,*,#6819,.F.);
#14205 = FACE_BOUND('',#14206,.F.);
#14206 = EDGE_LOOP('',(#14207,#14208,#14209,#14210));
#14207 = ORIENTED_EDGE('',*,*,#6892,.F.);
#14208 = ORIENTED_EDGE('',*,*,#6966,.T.);
#14209 = ORIENTED_EDGE('',*,*,#6941,.T.);
#14210 = ORIENTED_EDGE('',*,*,#6917,.F.);
#14211 = FACE_BOUND('',#14212,.F.);
#14212 = EDGE_LOOP('',(#14213,#14214,#14215,#14216));
#14213 = ORIENTED_EDGE('',*,*,#6990,.F.);
#14214 = ORIENTED_EDGE('',*,*,#7064,.T.);
#14215 = ORIENTED_EDGE('',*,*,#7039,.T.);
#14216 = ORIENTED_EDGE('',*,*,#7015,.F.);
#14217 = FACE_BOUND('',#14218,.F.);
#14218 = EDGE_LOOP('',(#14219,#14220,#14221,#14222));
#14219 = ORIENTED_EDGE('',*,*,#7088,.F.);
#14220 = ORIENTED_EDGE('',*,*,#7162,.T.);
#14221 = ORIENTED_EDGE('',*,*,#7137,.T.);
#14222 = ORIENTED_EDGE('',*,*,#7113,.F.);
#14223 = FACE_BOUND('',#14224,.F.);
#14224 = EDGE_LOOP('',(#14225,#14226,#14227,#14228));
#14225 = ORIENTED_EDGE('',*,*,#7186,.F.);
#14226 = ORIENTED_EDGE('',*,*,#7260,.T.);
#14227 = ORIENTED_EDGE('',*,*,#7235,.T.);
#14228 = ORIENTED_EDGE('',*,*,#7211,.F.);
#14229 = FACE_BOUND('',#14230,.F.);
#14230 = EDGE_LOOP('',(#14231,#14232,#14233,#14234));
#14231 = ORIENTED_EDGE('',*,*,#7284,.F.);
#14232 = ORIENTED_EDGE('',*,*,#7358,.T.);
#14233 = ORIENTED_EDGE('',*,*,#7333,.T.);
#14234 = ORIENTED_EDGE('',*,*,#7309,.F.);
#14235 = FACE_BOUND('',#14236,.F.);
#14236 = EDGE_LOOP('',(#14237,#14238,#14239,#14240));
#14237 = ORIENTED_EDGE('',*,*,#7382,.F.);
#14238 = ORIENTED_EDGE('',*,*,#7456,.T.);
#14239 = ORIENTED_EDGE('',*,*,#7431,.T.);
#14240 = ORIENTED_EDGE('',*,*,#7407,.F.);
#14241 = FACE_BOUND('',#14242,.F.);
#14242 = EDGE_LOOP('',(#14243,#14244,#14245,#14246));
#14243 = ORIENTED_EDGE('',*,*,#7480,.F.);
#14244 = ORIENTED_EDGE('',*,*,#7554,.T.);
#14245 = ORIENTED_EDGE('',*,*,#7529,.T.);
#14246 = ORIENTED_EDGE('',*,*,#7505,.F.);
#14247 = FACE_BOUND('',#14248,.F.);
#14248 = EDGE_LOOP('',(#14249,#14250,#14251,#14252));
#14249 = ORIENTED_EDGE('',*,*,#7578,.F.);
#14250 = ORIENTED_EDGE('',*,*,#7652,.T.);
#14251 = ORIENTED_EDGE('',*,*,#7627,.T.);
#14252 = ORIENTED_EDGE('',*,*,#7603,.F.);
#14253 = FACE_BOUND('',#14254,.F.);
#14254 = EDGE_LOOP('',(#14255,#14256,#14257,#14258));
#14255 = ORIENTED_EDGE('',*,*,#7676,.F.);
#14256 = ORIENTED_EDGE('',*,*,#7750,.T.);
#14257 = ORIENTED_EDGE('',*,*,#7725,.T.);
#14258 = ORIENTED_EDGE('',*,*,#7701,.F.);
#14259 = FACE_BOUND('',#14260,.F.);
#14260 = EDGE_LOOP('',(#14261,#14262,#14263,#14264));
#14261 = ORIENTED_EDGE('',*,*,#7774,.F.);
#14262 = ORIENTED_EDGE('',*,*,#7848,.T.);
#14263 = ORIENTED_EDGE('',*,*,#7823,.T.);
#14264 = ORIENTED_EDGE('',*,*,#7799,.F.);
#14265 = FACE_BOUND('',#14266,.F.);
#14266 = EDGE_LOOP('',(#14267,#14268,#14269,#14270));
#14267 = ORIENTED_EDGE('',*,*,#7872,.F.);
#14268 = ORIENTED_EDGE('',*,*,#7946,.T.);
#14269 = ORIENTED_EDGE('',*,*,#7921,.T.);
#14270 = ORIENTED_EDGE('',*,*,#7897,.F.);
#14271 = FACE_BOUND('',#14272,.F.);
#14272 = EDGE_LOOP('',(#14273,#14274,#14275,#14276));
#14273 = ORIENTED_EDGE('',*,*,#7970,.F.);
#14274 = ORIENTED_EDGE('',*,*,#8044,.T.);
#14275 = ORIENTED_EDGE('',*,*,#8019,.T.);
#14276 = ORIENTED_EDGE('',*,*,#7995,.F.);
#14277 = FACE_BOUND('',#14278,.F.);
#14278 = EDGE_LOOP('',(#14279,#14280,#14281,#14282));
#14279 = ORIENTED_EDGE('',*,*,#8068,.F.);
#14280 = ORIENTED_EDGE('',*,*,#8142,.T.);
#14281 = ORIENTED_EDGE('',*,*,#8117,.T.);
#14282 = ORIENTED_EDGE('',*,*,#8093,.F.);
#14283 = FACE_BOUND('',#14284,.F.);
#14284 = EDGE_LOOP('',(#14285,#14286,#14287,#14288));
#14285 = ORIENTED_EDGE('',*,*,#8166,.F.);
#14286 = ORIENTED_EDGE('',*,*,#8240,.T.);
#14287 = ORIENTED_EDGE('',*,*,#8215,.T.);
#14288 = ORIENTED_EDGE('',*,*,#8191,.F.);
#14289 = FACE_BOUND('',#14290,.F.);
#14290 = EDGE_LOOP('',(#14291,#14292,#14293,#14294));
#14291 = ORIENTED_EDGE('',*,*,#8264,.F.);
#14292 = ORIENTED_EDGE('',*,*,#8338,.T.);
#14293 = ORIENTED_EDGE('',*,*,#8313,.T.);
#14294 = ORIENTED_EDGE('',*,*,#8289,.F.);
#14295 = FACE_BOUND('',#14296,.F.);
#14296 = EDGE_LOOP('',(#14297,#14298,#14299,#14300));
#14297 = ORIENTED_EDGE('',*,*,#8362,.F.);
#14298 = ORIENTED_EDGE('',*,*,#8436,.T.);
#14299 = ORIENTED_EDGE('',*,*,#8411,.T.);
#14300 = ORIENTED_EDGE('',*,*,#8387,.F.);
#14301 = FACE_BOUND('',#14302,.F.);
#14302 = EDGE_LOOP('',(#14303,#14304,#14305,#14306));
#14303 = ORIENTED_EDGE('',*,*,#8460,.F.);
#14304 = ORIENTED_EDGE('',*,*,#8534,.T.);
#14305 = ORIENTED_EDGE('',*,*,#8509,.T.);
#14306 = ORIENTED_EDGE('',*,*,#8485,.F.);
#14307 = FACE_BOUND('',#14308,.F.);
#14308 = EDGE_LOOP('',(#14309,#14310,#14311,#14312));
#14309 = ORIENTED_EDGE('',*,*,#8558,.F.);
#14310 = ORIENTED_EDGE('',*,*,#8632,.T.);
#14311 = ORIENTED_EDGE('',*,*,#8607,.T.);
#14312 = ORIENTED_EDGE('',*,*,#8583,.F.);
#14313 = FACE_BOUND('',#14314,.F.);
#14314 = EDGE_LOOP('',(#14315,#14316,#14317,#14318));
#14315 = ORIENTED_EDGE('',*,*,#8656,.F.);
#14316 = ORIENTED_EDGE('',*,*,#8730,.T.);
#14317 = ORIENTED_EDGE('',*,*,#8705,.T.);
#14318 = ORIENTED_EDGE('',*,*,#8681,.F.);
#14319 = FACE_BOUND('',#14320,.F.);
#14320 = EDGE_LOOP('',(#14321,#14322,#14323,#14324));
#14321 = ORIENTED_EDGE('',*,*,#8754,.F.);
#14322 = ORIENTED_EDGE('',*,*,#8828,.T.);
#14323 = ORIENTED_EDGE('',*,*,#8803,.T.);
#14324 = ORIENTED_EDGE('',*,*,#8779,.F.);
#14325 = FACE_BOUND('',#14326,.F.);
#14326 = EDGE_LOOP('',(#14327,#14328,#14329,#14330));
#14327 = ORIENTED_EDGE('',*,*,#8852,.F.);
#14328 = ORIENTED_EDGE('',*,*,#8926,.T.);
#14329 = ORIENTED_EDGE('',*,*,#8901,.T.);
#14330 = ORIENTED_EDGE('',*,*,#8877,.F.);
#14331 = FACE_BOUND('',#14332,.F.);
#14332 = EDGE_LOOP('',(#14333,#14334,#14335,#14336));
#14333 = ORIENTED_EDGE('',*,*,#8950,.F.);
#14334 = ORIENTED_EDGE('',*,*,#9024,.T.);
#14335 = ORIENTED_EDGE('',*,*,#8999,.T.);
#14336 = ORIENTED_EDGE('',*,*,#8975,.F.);
#14337 = FACE_BOUND('',#14338,.F.);
#14338 = EDGE_LOOP('',(#14339,#14340,#14341,#14342));
#14339 = ORIENTED_EDGE('',*,*,#9048,.F.);
#14340 = ORIENTED_EDGE('',*,*,#9122,.T.);
#14341 = ORIENTED_EDGE('',*,*,#9097,.T.);
#14342 = ORIENTED_EDGE('',*,*,#9073,.F.);
#14343 = FACE_BOUND('',#14344,.F.);
#14344 = EDGE_LOOP('',(#14345,#14346,#14347,#14348));
#14345 = ORIENTED_EDGE('',*,*,#9146,.F.);
#14346 = ORIENTED_EDGE('',*,*,#9220,.T.);
#14347 = ORIENTED_EDGE('',*,*,#9195,.T.);
#14348 = ORIENTED_EDGE('',*,*,#9171,.F.);
#14349 = FACE_BOUND('',#14350,.F.);
#14350 = EDGE_LOOP('',(#14351,#14352,#14353,#14354));
#14351 = ORIENTED_EDGE('',*,*,#9244,.F.);
#14352 = ORIENTED_EDGE('',*,*,#9318,.T.);
#14353 = ORIENTED_EDGE('',*,*,#9293,.T.);
#14354 = ORIENTED_EDGE('',*,*,#9269,.F.);
#14355 = FACE_BOUND('',#14356,.F.);
#14356 = EDGE_LOOP('',(#14357,#14358,#14359,#14360));
#14357 = ORIENTED_EDGE('',*,*,#9342,.F.);
#14358 = ORIENTED_EDGE('',*,*,#9416,.T.);
#14359 = ORIENTED_EDGE('',*,*,#9391,.T.);
#14360 = ORIENTED_EDGE('',*,*,#9367,.F.);
#14361 = FACE_BOUND('',#14362,.F.);
#14362 = EDGE_LOOP('',(#14363,#14364,#14365,#14366));
#14363 = ORIENTED_EDGE('',*,*,#9440,.F.);
#14364 = ORIENTED_EDGE('',*,*,#9514,.T.);
#14365 = ORIENTED_EDGE('',*,*,#9489,.T.);
#14366 = ORIENTED_EDGE('',*,*,#9465,.F.);
#14367 = FACE_BOUND('',#14368,.F.);
#14368 = EDGE_LOOP('',(#14369,#14370,#14371,#14372));
#14369 = ORIENTED_EDGE('',*,*,#9538,.F.);
#14370 = ORIENTED_EDGE('',*,*,#9612,.T.);
#14371 = ORIENTED_EDGE('',*,*,#9587,.T.);
#14372 = ORIENTED_EDGE('',*,*,#9563,.F.);
#14373 = FACE_BOUND('',#14374,.F.);
#14374 = EDGE_LOOP('',(#14375,#14376,#14377,#14378));
#14375 = ORIENTED_EDGE('',*,*,#9636,.F.);
#14376 = ORIENTED_EDGE('',*,*,#9710,.T.);
#14377 = ORIENTED_EDGE('',*,*,#9685,.T.);
#14378 = ORIENTED_EDGE('',*,*,#9661,.F.);
#14379 = FACE_BOUND('',#14380,.F.);
#14380 = EDGE_LOOP('',(#14381,#14382,#14383,#14384));
#14381 = ORIENTED_EDGE('',*,*,#9734,.F.);
#14382 = ORIENTED_EDGE('',*,*,#9808,.T.);
#14383 = ORIENTED_EDGE('',*,*,#9783,.T.);
#14384 = ORIENTED_EDGE('',*,*,#9759,.F.);
#14385 = FACE_BOUND('',#14386,.F.);
#14386 = EDGE_LOOP('',(#14387,#14388,#14389,#14390));
#14387 = ORIENTED_EDGE('',*,*,#9832,.F.);
#14388 = ORIENTED_EDGE('',*,*,#9906,.T.);
#14389 = ORIENTED_EDGE('',*,*,#9881,.T.);
#14390 = ORIENTED_EDGE('',*,*,#9857,.F.);
#14391 = FACE_BOUND('',#14392,.F.);
#14392 = EDGE_LOOP('',(#14393,#14394,#14395,#14396));
#14393 = ORIENTED_EDGE('',*,*,#9930,.F.);
#14394 = ORIENTED_EDGE('',*,*,#10004,.T.);
#14395 = ORIENTED_EDGE('',*,*,#9979,.T.);
#14396 = ORIENTED_EDGE('',*,*,#9955,.F.);
#14397 = FACE_BOUND('',#14398,.F.);
#14398 = EDGE_LOOP('',(#14399,#14400,#14401,#14402));
#14399 = ORIENTED_EDGE('',*,*,#10028,.F.);
#14400 = ORIENTED_EDGE('',*,*,#10102,.T.);
#14401 = ORIENTED_EDGE('',*,*,#10077,.T.);
#14402 = ORIENTED_EDGE('',*,*,#10053,.F.);
#14403 = FACE_BOUND('',#14404,.F.);
#14404 = EDGE_LOOP('',(#14405,#14406,#14407,#14408));
#14405 = ORIENTED_EDGE('',*,*,#10126,.F.);
#14406 = ORIENTED_EDGE('',*,*,#10200,.T.);
#14407 = ORIENTED_EDGE('',*,*,#10175,.T.);
#14408 = ORIENTED_EDGE('',*,*,#10151,.F.);
#14409 = FACE_BOUND('',#14410,.F.);
#14410 = EDGE_LOOP('',(#14411,#14412,#14413,#14414));
#14411 = ORIENTED_EDGE('',*,*,#10224,.F.);
#14412 = ORIENTED_EDGE('',*,*,#10298,.T.);
#14413 = ORIENTED_EDGE('',*,*,#10273,.T.);
#14414 = ORIENTED_EDGE('',*,*,#10249,.F.);
#14415 = FACE_BOUND('',#14416,.F.);
#14416 = EDGE_LOOP('',(#14417,#14418,#14419,#14420));
#14417 = ORIENTED_EDGE('',*,*,#10322,.F.);
#14418 = ORIENTED_EDGE('',*,*,#10396,.T.);
#14419 = ORIENTED_EDGE('',*,*,#10371,.T.);
#14420 = ORIENTED_EDGE('',*,*,#10347,.F.);
#14421 = FACE_BOUND('',#14422,.F.);
#14422 = EDGE_LOOP('',(#14423,#14424,#14425,#14426));
#14423 = ORIENTED_EDGE('',*,*,#10420,.F.);
#14424 = ORIENTED_EDGE('',*,*,#10494,.T.);
#14425 = ORIENTED_EDGE('',*,*,#10469,.T.);
#14426 = ORIENTED_EDGE('',*,*,#10445,.F.);
#14427 = FACE_BOUND('',#14428,.F.);
#14428 = EDGE_LOOP('',(#14429,#14430,#14431,#14432));
#14429 = ORIENTED_EDGE('',*,*,#10518,.F.);
#14430 = ORIENTED_EDGE('',*,*,#10592,.T.);
#14431 = ORIENTED_EDGE('',*,*,#10567,.T.);
#14432 = ORIENTED_EDGE('',*,*,#10543,.F.);
#14433 = FACE_BOUND('',#14434,.F.);
#14434 = EDGE_LOOP('',(#14435,#14436,#14437,#14438));
#14435 = ORIENTED_EDGE('',*,*,#10616,.F.);
#14436 = ORIENTED_EDGE('',*,*,#10690,.T.);
#14437 = ORIENTED_EDGE('',*,*,#10665,.T.);
#14438 = ORIENTED_EDGE('',*,*,#10641,.F.);
#14439 = FACE_BOUND('',#14440,.F.);
#14440 = EDGE_LOOP('',(#14441,#14442,#14443,#14444));
#14441 = ORIENTED_EDGE('',*,*,#10714,.F.);
#14442 = ORIENTED_EDGE('',*,*,#10788,.T.);
#14443 = ORIENTED_EDGE('',*,*,#10763,.T.);
#14444 = ORIENTED_EDGE('',*,*,#10739,.F.);
#14445 = FACE_BOUND('',#14446,.F.);
#14446 = EDGE_LOOP('',(#14447,#14448,#14449,#14450));
#14447 = ORIENTED_EDGE('',*,*,#10812,.F.);
#14448 = ORIENTED_EDGE('',*,*,#10886,.T.);
#14449 = ORIENTED_EDGE('',*,*,#10861,.T.);
#14450 = ORIENTED_EDGE('',*,*,#10837,.F.);
#14451 = FACE_BOUND('',#14452,.F.);
#14452 = EDGE_LOOP('',(#14453,#14454,#14455,#14456));
#14453 = ORIENTED_EDGE('',*,*,#10910,.F.);
#14454 = ORIENTED_EDGE('',*,*,#10984,.T.);
#14455 = ORIENTED_EDGE('',*,*,#10959,.T.);
#14456 = ORIENTED_EDGE('',*,*,#10935,.F.);
#14457 = FACE_BOUND('',#14458,.F.);
#14458 = EDGE_LOOP('',(#14459,#14460,#14461,#14462));
#14459 = ORIENTED_EDGE('',*,*,#11008,.F.);
#14460 = ORIENTED_EDGE('',*,*,#11082,.T.);
#14461 = ORIENTED_EDGE('',*,*,#11057,.T.);
#14462 = ORIENTED_EDGE('',*,*,#11033,.F.);
#14463 = FACE_BOUND('',#14464,.F.);
#14464 = EDGE_LOOP('',(#14465,#14466,#14467,#14468));
#14465 = ORIENTED_EDGE('',*,*,#11106,.F.);
#14466 = ORIENTED_EDGE('',*,*,#11180,.T.);
#14467 = ORIENTED_EDGE('',*,*,#11155,.T.);
#14468 = ORIENTED_EDGE('',*,*,#11131,.F.);
#14469 = FACE_BOUND('',#14470,.F.);
#14470 = EDGE_LOOP('',(#14471,#14472,#14473,#14474));
#14471 = ORIENTED_EDGE('',*,*,#11204,.F.);
#14472 = ORIENTED_EDGE('',*,*,#11278,.T.);
#14473 = ORIENTED_EDGE('',*,*,#11253,.T.);
#14474 = ORIENTED_EDGE('',*,*,#11229,.F.);
#14475 = FACE_BOUND('',#14476,.F.);
#14476 = EDGE_LOOP('',(#14477,#14478,#14479,#14480));
#14477 = ORIENTED_EDGE('',*,*,#11302,.F.);
#14478 = ORIENTED_EDGE('',*,*,#11376,.T.);
#14479 = ORIENTED_EDGE('',*,*,#11351,.T.);
#14480 = ORIENTED_EDGE('',*,*,#11327,.F.);
#14481 = FACE_BOUND('',#14482,.F.);
#14482 = EDGE_LOOP('',(#14483,#14484,#14485,#14486));
#14483 = ORIENTED_EDGE('',*,*,#11400,.F.);
#14484 = ORIENTED_EDGE('',*,*,#11474,.T.);
#14485 = ORIENTED_EDGE('',*,*,#11449,.T.);
#14486 = ORIENTED_EDGE('',*,*,#11425,.F.);
#14487 = FACE_BOUND('',#14488,.F.);
#14488 = EDGE_LOOP('',(#14489,#14490,#14491,#14492));
#14489 = ORIENTED_EDGE('',*,*,#11498,.F.);
#14490 = ORIENTED_EDGE('',*,*,#11572,.T.);
#14491 = ORIENTED_EDGE('',*,*,#11547,.T.);
#14492 = ORIENTED_EDGE('',*,*,#11523,.F.);
#14493 = FACE_BOUND('',#14494,.F.);
#14494 = EDGE_LOOP('',(#14495,#14496,#14497,#14498));
#14495 = ORIENTED_EDGE('',*,*,#11596,.F.);
#14496 = ORIENTED_EDGE('',*,*,#11670,.T.);
#14497 = ORIENTED_EDGE('',*,*,#11645,.T.);
#14498 = ORIENTED_EDGE('',*,*,#11621,.F.);
#14499 = FACE_BOUND('',#14500,.F.);
#14500 = EDGE_LOOP('',(#14501,#14502,#14503,#14504));
#14501 = ORIENTED_EDGE('',*,*,#11694,.F.);
#14502 = ORIENTED_EDGE('',*,*,#11768,.T.);
#14503 = ORIENTED_EDGE('',*,*,#11743,.T.);
#14504 = ORIENTED_EDGE('',*,*,#11719,.F.);
#14505 = FACE_BOUND('',#14506,.F.);
#14506 = EDGE_LOOP('',(#14507,#14508,#14509,#14510));
#14507 = ORIENTED_EDGE('',*,*,#11792,.F.);
#14508 = ORIENTED_EDGE('',*,*,#11866,.T.);
#14509 = ORIENTED_EDGE('',*,*,#11841,.T.);
#14510 = ORIENTED_EDGE('',*,*,#11817,.F.);
#14511 = CYLINDRICAL_SURFACE('',#14512,81.204);
#14512 = AXIS2_PLACEMENT_3D('',#14513,#14514,#14515);
#14513 = CARTESIAN_POINT('',(0.,0.,7.99));
#14514 = DIRECTION('',(0.,0.,1.));
#14515 = DIRECTION('',(1.,0.,-0.));
#14516 = ADVANCED_FACE('',(#14517),#14522,.F.);
#14517 = FACE_BOUND('',#14518,.F.);
#14518 = EDGE_LOOP('',(#14519,#14520,#14521));
#14519 = ORIENTED_EDGE('',*,*,#3624,.F.);
#14520 = ORIENTED_EDGE('',*,*,#3573,.T.);
#14521 = ORIENTED_EDGE('',*,*,#14140,.F.);
#14522 = PLANE('',#14523);
#14523 = AXIS2_PLACEMENT_3D('',#14524,#14525,#14526);
#14524 = CARTESIAN_POINT('',(4.023209664559E-15,65.704,18.8));
#14525 = DIRECTION('',(0.,0.,1.));
#14526 = DIRECTION('',(2.22044604925E-16,1.,0.));
#14527 = ADVANCED_FACE('',(#14528),#14539,.T.);
#14528 = FACE_BOUND('',#14529,.T.);
#14529 = EDGE_LOOP('',(#14530,#14531,#14537,#14538));
#14530 = ORIENTED_EDGE('',*,*,#3726,.F.);
#14531 = ORIENTED_EDGE('',*,*,#14532,.T.);
#14532 = EDGE_CURVE('',#3719,#3641,#14533,.T.);
#14533 = LINE('',#14534,#14535);
#14534 = CARTESIAN_POINT('',(5.9160797831,80.204,28.4));
#14535 = VECTOR('',#14536,1.);
#14536 = DIRECTION('',(-1.,2.22044604925E-16,0.));
#14537 = ORIENTED_EDGE('',*,*,#3648,.T.);
#14538 = ORIENTED_EDGE('',*,*,#3672,.F.);
#14539 = PLANE('',#14540);
#14540 = AXIS2_PLACEMENT_3D('',#14541,#14542,#14543);
#14541 = CARTESIAN_POINT('',(11.832159566199,80.204,18.7));
#14542 = DIRECTION('',(2.22044604925E-16,1.,0.));
#14543 = DIRECTION('',(0.,0.,1.));
#14544 = ADVANCED_FACE('',(#14545),#14561,.F.);
#14545 = FACE_BOUND('',#14546,.F.);
#14546 = EDGE_LOOP('',(#14547,#14548,#14549,#14550,#14557,#14558,#14559,
    #14560));
#14547 = ORIENTED_EDGE('',*,*,#3640,.F.);
#14548 = ORIENTED_EDGE('',*,*,#14132,.T.);
#14549 = ORIENTED_EDGE('',*,*,#4084,.T.);
#14550 = ORIENTED_EDGE('',*,*,#14551,.F.);
#14551 = EDGE_CURVE('',#4002,#4085,#14552,.T.);
#14552 = CIRCLE('',#14553,62.);
#14553 = AXIS2_PLACEMENT_3D('',#14554,#14555,#14556);
#14554 = CARTESIAN_POINT('',(0.,0.,28.4));
#14555 = DIRECTION('',(0.,-0.,1.));
#14556 = DIRECTION('',(0.798203999142,0.602387230736,0.));
#14557 = ORIENTED_EDGE('',*,*,#4001,.T.);
#14558 = ORIENTED_EDGE('',*,*,#13401,.T.);
#14559 = ORIENTED_EDGE('',*,*,#3718,.T.);
#14560 = ORIENTED_EDGE('',*,*,#14532,.T.);
#14561 = PLANE('',#14562);
#14562 = AXIS2_PLACEMENT_3D('',#14563,#14564,#14565);
#14563 = CARTESIAN_POINT('',(0.,0.,28.4));
#14564 = DIRECTION('',(0.,0.,1.));
#14565 = DIRECTION('',(1.,0.,-0.));
#14566 = ADVANCED_FACE('',(#14567),#14578,.T.);
#14567 = FACE_BOUND('',#14568,.T.);
#14568 = EDGE_LOOP('',(#14569,#14570,#14576,#14577));
#14569 = ORIENTED_EDGE('',*,*,#3753,.F.);
#14570 = ORIENTED_EDGE('',*,*,#14571,.F.);
#14571 = EDGE_CURVE('',#13971,#3754,#14572,.T.);
#14572 = LINE('',#14573,#14574);
#14573 = CARTESIAN_POINT('',(86.704,-2.123635521465E-14,13.5));
#14574 = VECTOR('',#14575,1.);
#14575 = DIRECTION('',(0.,0.,1.));
#14576 = ORIENTED_EDGE('',*,*,#13970,.T.);
#14577 = ORIENTED_EDGE('',*,*,#14571,.T.);
#14578 = CYLINDRICAL_SURFACE('',#14579,86.704);
#14579 = AXIS2_PLACEMENT_3D('',#14580,#14581,#14582);
#14580 = CARTESIAN_POINT('',(0.,0.,13.5));
#14581 = DIRECTION('',(0.,0.,1.));
#14582 = DIRECTION('',(1.,0.,-0.));
#14583 = ADVANCED_FACE('',(#14584),#14597,.F.);
#14584 = FACE_BOUND('',#14585,.F.);
#14585 = EDGE_LOOP('',(#14586,#14587,#14594,#14595,#14596));
#14586 = ORIENTED_EDGE('',*,*,#4291,.F.);
#14587 = ORIENTED_EDGE('',*,*,#14588,.T.);
#14588 = EDGE_CURVE('',#4284,#3944,#14589,.T.);
#14589 = CIRCLE('',#14590,62.);
#14590 = AXIS2_PLACEMENT_3D('',#14591,#14592,#14593);
#14591 = CARTESIAN_POINT('',(0.,0.,28.4));
#14592 = DIRECTION('',(0.,-0.,1.));
#14593 = DIRECTION('',(0.798203999142,0.602387230736,0.));
#14594 = ORIENTED_EDGE('',*,*,#3951,.T.);
#14595 = ORIENTED_EDGE('',*,*,#3775,.T.);
#14596 = ORIENTED_EDGE('',*,*,#3786,.T.);
#14597 = CYLINDRICAL_SURFACE('',#14598,62.);
#14598 = AXIS2_PLACEMENT_3D('',#14599,#14600,#14601);
#14599 = CARTESIAN_POINT('',(0.,0.,28.39));
#14600 = DIRECTION('',(0.,0.,1.));
#14601 = DIRECTION('',(1.,0.,-0.));
#14602 = ADVANCED_FACE('',(#14603),#14614,.T.);
#14603 = FACE_BOUND('',#14604,.T.);
#14604 = EDGE_LOOP('',(#14605,#14606,#14612,#14613));
#14605 = ORIENTED_EDGE('',*,*,#4364,.F.);
#14606 = ORIENTED_EDGE('',*,*,#14607,.T.);
#14607 = EDGE_CURVE('',#4357,#4509,#14608,.T.);
#14608 = LINE('',#14609,#14610);
#14609 = CARTESIAN_POINT('',(50.481675226933,-62.33973116947,28.4));
#14610 = VECTOR('',#14611,1.);
#14611 = DIRECTION('',(0.766044443119,0.642787609687,-0.));
#14612 = ORIENTED_EDGE('',*,*,#4516,.T.);
#14613 = ORIENTED_EDGE('',*,*,#3810,.F.);
#14614 = PLANE('',#14615);
#14615 = AXIS2_PLACEMENT_3D('',#14616,#14617,#14618);
#14616 = CARTESIAN_POINT('',(49.409213006566,-63.23963382303,23.));
#14617 = DIRECTION('',(0.642787609687,-0.766044443119,0.));
#14618 = DIRECTION('',(0.,0.,1.));
#14619 = ADVANCED_FACE('',(#14620),#14645,.T.);
#14620 = FACE_BOUND('',#14621,.T.);
#14621 = EDGE_LOOP('',(#14622,#14630,#14638,#14644));
#14622 = ORIENTED_EDGE('',*,*,#14623,.F.);
#14623 = EDGE_CURVE('',#14624,#3835,#14626,.T.);
#14624 = VERTEX_POINT('',#14625);
#14625 = CARTESIAN_POINT('',(47.931794592097,-63.65692847743,28.4));
#14626 = LINE('',#14627,#14628);
#14627 = CARTESIAN_POINT('',(47.931794592097,-63.65692847743,18.1));
#14628 = VECTOR('',#14629,1.);
#14629 = DIRECTION('',(0.,0.,1.));
#14630 = ORIENTED_EDGE('',*,*,#14631,.T.);
#14631 = EDGE_CURVE('',#14624,#14632,#14634,.T.);
#14632 = VERTEX_POINT('',#14633);
#14633 = CARTESIAN_POINT('',(47.160449460473,-62.73767514569,28.4));
#14634 = LINE('',#14635,#14636);
#14635 = CARTESIAN_POINT('',(21.971531399687,-32.71869155318,28.4));
#14636 = VECTOR('',#14637,1.);
#14637 = DIRECTION('',(-0.642787609687,0.766044443119,0.));
#14638 = ORIENTED_EDGE('',*,*,#14639,.T.);
#14639 = EDGE_CURVE('',#14632,#3837,#14640,.T.);
#14640 = LINE('',#14641,#14642);
#14641 = CARTESIAN_POINT('',(47.160449460473,-62.73767514569,18.1));
#14642 = VECTOR('',#14643,1.);
#14643 = DIRECTION('',(0.,0.,1.));
#14644 = ORIENTED_EDGE('',*,*,#3834,.F.);
#14645 = PLANE('',#14646);
#14646 = AXIS2_PLACEMENT_3D('',#14647,#14648,#14649);
#14647 = CARTESIAN_POINT('',(47.160449460473,-62.73767514569,18.1));
#14648 = DIRECTION('',(0.766044443119,0.642787609687,0.));
#14649 = DIRECTION('',(0.,0.,1.));
#14650 = ADVANCED_FACE('',(#14651),#14669,.F.);
#14651 = FACE_BOUND('',#14652,.F.);
#14652 = EDGE_LOOP('',(#14653,#14654,#14662,#14668));
#14653 = ORIENTED_EDGE('',*,*,#14623,.F.);
#14654 = ORIENTED_EDGE('',*,*,#14655,.T.);
#14655 = EDGE_CURVE('',#14624,#14656,#14658,.T.);
#14656 = VERTEX_POINT('',#14657);
#14657 = CARTESIAN_POINT('',(54.366567914296,-58.25751255606,28.4));
#14658 = LINE('',#14659,#14660);
#14659 = CARTESIAN_POINT('',(49.540487922647,-62.30707449709,28.4));
#14660 = VECTOR('',#14661,1.);
#14661 = DIRECTION('',(0.766044443119,0.642787609687,-0.));
#14662 = ORIENTED_EDGE('',*,*,#14663,.T.);
#14663 = EDGE_CURVE('',#14656,#3853,#14664,.T.);
#14664 = LINE('',#14665,#14666);
#14665 = CARTESIAN_POINT('',(54.366567914296,-58.25751255606,18.1));
#14666 = VECTOR('',#14667,1.);
#14667 = DIRECTION('',(0.,0.,1.));
#14668 = ORIENTED_EDGE('',*,*,#3860,.F.);
#14669 = PLANE('',#14670);
#14670 = AXIS2_PLACEMENT_3D('',#14671,#14672,#14673);
#14671 = CARTESIAN_POINT('',(47.931794592097,-63.65692847743,18.1));
#14672 = DIRECTION('',(0.642787609687,-0.766044443119,0.));
#14673 = DIRECTION('',(0.,0.,1.));
#14674 = ADVANCED_FACE('',(#14675),#14693,.T.);
#14675 = FACE_BOUND('',#14676,.T.);
#14676 = EDGE_LOOP('',(#14677,#14678,#14686,#14692));
#14677 = ORIENTED_EDGE('',*,*,#14639,.F.);
#14678 = ORIENTED_EDGE('',*,*,#14679,.T.);
#14679 = EDGE_CURVE('',#14632,#14680,#14682,.T.);
#14680 = VERTEX_POINT('',#14681);
#14681 = CARTESIAN_POINT('',(53.595222782673,-57.33825922432,28.4));
#14682 = LINE('',#14683,#14684);
#14683 = CARTESIAN_POINT('',(48.769142791023,-61.38782116534,28.4));
#14684 = VECTOR('',#14685,1.);
#14685 = DIRECTION('',(0.766044443119,0.642787609687,-0.));
#14686 = ORIENTED_EDGE('',*,*,#14687,.T.);
#14687 = EDGE_CURVE('',#14680,#3845,#14688,.T.);
#14688 = LINE('',#14689,#14690);
#14689 = CARTESIAN_POINT('',(53.595222782673,-57.33825922432,18.1));
#14690 = VECTOR('',#14691,1.);
#14691 = DIRECTION('',(0.,0.,1.));
#14692 = ORIENTED_EDGE('',*,*,#3844,.F.);
#14693 = PLANE('',#14694);
#14694 = AXIS2_PLACEMENT_3D('',#14695,#14696,#14697);
#14695 = CARTESIAN_POINT('',(47.160449460473,-62.73767514569,18.1));
#14696 = DIRECTION('',(0.642787609687,-0.766044443119,0.));
#14697 = DIRECTION('',(0.,0.,1.));
#14698 = ADVANCED_FACE('',(#14699),#14710,.F.);
#14699 = FACE_BOUND('',#14700,.F.);
#14700 = EDGE_LOOP('',(#14701,#14702,#14708,#14709));
#14701 = ORIENTED_EDGE('',*,*,#14663,.F.);
#14702 = ORIENTED_EDGE('',*,*,#14703,.T.);
#14703 = EDGE_CURVE('',#14656,#14680,#14704,.T.);
#14704 = LINE('',#14705,#14706);
#14705 = CARTESIAN_POINT('',(28.406304721886,-27.31927563182,28.4));
#14706 = VECTOR('',#14707,1.);
#14707 = DIRECTION('',(-0.642787609687,0.766044443119,0.));
#14708 = ORIENTED_EDGE('',*,*,#14687,.T.);
#14709 = ORIENTED_EDGE('',*,*,#3852,.F.);
#14710 = PLANE('',#14711);
#14711 = AXIS2_PLACEMENT_3D('',#14712,#14713,#14714);
#14712 = CARTESIAN_POINT('',(53.595222782673,-57.33825922432,18.1));
#14713 = DIRECTION('',(0.766044443119,0.642787609687,0.));
#14714 = DIRECTION('',(0.,0.,1.));
#14715 = ADVANCED_FACE('',(#14716),#14735,.T.);
#14716 = FACE_BOUND('',#14717,.T.);
#14717 = EDGE_LOOP('',(#14718,#14726,#14733,#14734));
#14718 = ORIENTED_EDGE('',*,*,#14719,.T.);
#14719 = EDGE_CURVE('',#3869,#14720,#14722,.T.);
#14720 = VERTEX_POINT('',#14721);
#14721 = CARTESIAN_POINT('',(59.106233808288,-34.125,32.58));
#14722 = LINE('',#14723,#14724);
#14723 = CARTESIAN_POINT('',(59.106233808288,-34.125,30.39));
#14724 = VECTOR('',#14725,1.);
#14725 = DIRECTION('',(0.,0.,1.));
#14726 = ORIENTED_EDGE('',*,*,#14727,.F.);
#14727 = EDGE_CURVE('',#14720,#14720,#14728,.T.);
#14728 = CIRCLE('',#14729,1.);
#14729 = AXIS2_PLACEMENT_3D('',#14730,#14731,#14732);
#14730 = CARTESIAN_POINT('',(58.240208404503,-33.625,32.58));
#14731 = DIRECTION('',(-0.,0.,1.));
#14732 = DIRECTION('',(0.866025403784,-0.5,0.));
#14733 = ORIENTED_EDGE('',*,*,#14719,.F.);
#14734 = ORIENTED_EDGE('',*,*,#3868,.T.);
#14735 = CYLINDRICAL_SURFACE('',#14736,1.);
#14736 = AXIS2_PLACEMENT_3D('',#14737,#14738,#14739);
#14737 = CARTESIAN_POINT('',(58.240208404503,-33.625,30.39));
#14738 = DIRECTION('',(0.,0.,1.));
#14739 = DIRECTION('',(0.866025403784,-0.5,0.));
#14740 = ADVANCED_FACE('',(#14741),#14766,.T.);
#14741 = FACE_BOUND('',#14742,.T.);
#14742 = EDGE_LOOP('',(#14743,#14751,#14759,#14765));
#14743 = ORIENTED_EDGE('',*,*,#14744,.F.);
#14744 = EDGE_CURVE('',#14745,#3880,#14747,.T.);
#14745 = VERTEX_POINT('',#14746);
#14746 = CARTESIAN_POINT('',(62.,-20.,29.8));
#14747 = LINE('',#14748,#14749);
#14748 = CARTESIAN_POINT('',(62.,-20.,29.8));
#14749 = VECTOR('',#14750,1.);
#14750 = DIRECTION('',(0.,0.,1.));
#14751 = ORIENTED_EDGE('',*,*,#14752,.T.);
#14752 = EDGE_CURVE('',#14745,#14753,#14755,.T.);
#14753 = VERTEX_POINT('',#14754);
#14754 = CARTESIAN_POINT('',(62.,0.,29.8));
#14755 = LINE('',#14756,#14757);
#14756 = CARTESIAN_POINT('',(62.,-20.,29.8));
#14757 = VECTOR('',#14758,1.);
#14758 = DIRECTION('',(0.,1.,0.));
#14759 = ORIENTED_EDGE('',*,*,#14760,.T.);
#14760 = EDGE_CURVE('',#14753,#3778,#14761,.T.);
#14761 = LINE('',#14762,#14763);
#14762 = CARTESIAN_POINT('',(62.,0.,28.39));
#14763 = VECTOR('',#14764,1.);
#14764 = DIRECTION('',(0.,0.,1.));
#14765 = ORIENTED_EDGE('',*,*,#3879,.F.);
#14766 = PLANE('',#14767);
#14767 = AXIS2_PLACEMENT_3D('',#14768,#14769,#14770);
#14768 = CARTESIAN_POINT('',(62.,-20.,29.8));
#14769 = DIRECTION('',(1.,0.,0.));
#14770 = DIRECTION('',(0.,0.,1.));
#14771 = ADVANCED_FACE('',(#14772),#14806,.T.);
#14772 = FACE_BOUND('',#14773,.T.);
#14773 = EDGE_LOOP('',(#14774,#14782,#14783,#14784,#14792,#14800));
#14774 = ORIENTED_EDGE('',*,*,#14775,.F.);
#14775 = EDGE_CURVE('',#14745,#14776,#14778,.T.);
#14776 = VERTEX_POINT('',#14777);
#14777 = CARTESIAN_POINT('',(66.25,-20.,29.8));
#14778 = LINE('',#14779,#14780);
#14779 = CARTESIAN_POINT('',(62.,-20.,29.8));
#14780 = VECTOR('',#14781,1.);
#14781 = DIRECTION('',(1.,0.,0.));
#14782 = ORIENTED_EDGE('',*,*,#14744,.T.);
#14783 = ORIENTED_EDGE('',*,*,#3913,.F.);
#14784 = ORIENTED_EDGE('',*,*,#14785,.F.);
#14785 = EDGE_CURVE('',#14786,#3906,#14788,.T.);
#14786 = VERTEX_POINT('',#14787);
#14787 = CARTESIAN_POINT('',(68.75,-20.,28.4));
#14788 = LINE('',#14789,#14790);
#14789 = CARTESIAN_POINT('',(68.75,-20.,27.4));
#14790 = VECTOR('',#14791,1.);
#14791 = DIRECTION('',(0.,0.,1.));
#14792 = ORIENTED_EDGE('',*,*,#14793,.T.);
#14793 = EDGE_CURVE('',#14786,#14794,#14796,.T.);
#14794 = VERTEX_POINT('',#14795);
#14795 = CARTESIAN_POINT('',(66.25,-20.,28.4));
#14796 = LINE('',#14797,#14798);
#14797 = CARTESIAN_POINT('',(33.125,-20.,28.4));
#14798 = VECTOR('',#14799,1.);
#14799 = DIRECTION('',(-1.,0.,0.));
#14800 = ORIENTED_EDGE('',*,*,#14801,.T.);
#14801 = EDGE_CURVE('',#14794,#14776,#14802,.T.);
#14802 = LINE('',#14803,#14804);
#14803 = CARTESIAN_POINT('',(66.25,-20.,27.4));
#14804 = VECTOR('',#14805,1.);
#14805 = DIRECTION('',(0.,0.,1.));
#14806 = PLANE('',#14807);
#14807 = AXIS2_PLACEMENT_3D('',#14808,#14809,#14810);
#14808 = CARTESIAN_POINT('',(62.,-20.,29.8));
#14809 = DIRECTION('',(0.,1.,0.));
#14810 = DIRECTION('',(0.,0.,1.));
#14811 = ADVANCED_FACE('',(#14812),#14830,.F.);
#14812 = FACE_BOUND('',#14813,.F.);
#14813 = EDGE_LOOP('',(#14814,#14815,#14823,#14829));
#14814 = ORIENTED_EDGE('',*,*,#14785,.F.);
#14815 = ORIENTED_EDGE('',*,*,#14816,.T.);
#14816 = EDGE_CURVE('',#14786,#14817,#14819,.T.);
#14817 = VERTEX_POINT('',#14818);
#14818 = CARTESIAN_POINT('',(68.75,12.,28.4));
#14819 = LINE('',#14820,#14821);
#14820 = CARTESIAN_POINT('',(68.75,-10.,28.4));
#14821 = VECTOR('',#14822,1.);
#14822 = DIRECTION('',(0.,1.,0.));
#14823 = ORIENTED_EDGE('',*,*,#14824,.T.);
#14824 = EDGE_CURVE('',#14817,#3898,#14825,.T.);
#14825 = LINE('',#14826,#14827);
#14826 = CARTESIAN_POINT('',(68.75,12.,27.4));
#14827 = VECTOR('',#14828,1.);
#14828 = DIRECTION('',(0.,0.,1.));
#14829 = ORIENTED_EDGE('',*,*,#3905,.F.);
#14830 = PLANE('',#14831);
#14831 = AXIS2_PLACEMENT_3D('',#14832,#14833,#14834);
#14832 = CARTESIAN_POINT('',(68.75,-20.,27.4));
#14833 = DIRECTION('',(1.,0.,0.));
#14834 = DIRECTION('',(0.,0.,1.));
#14835 = ADVANCED_FACE('',(#14836),#14870,.F.);
#14836 = FACE_BOUND('',#14837,.F.);
#14837 = EDGE_LOOP('',(#14838,#14839,#14847,#14855,#14863,#14869));
#14838 = ORIENTED_EDGE('',*,*,#14824,.F.);
#14839 = ORIENTED_EDGE('',*,*,#14840,.T.);
#14840 = EDGE_CURVE('',#14817,#14841,#14843,.T.);
#14841 = VERTEX_POINT('',#14842);
#14842 = CARTESIAN_POINT('',(66.25,12.,28.4));
#14843 = LINE('',#14844,#14845);
#14844 = CARTESIAN_POINT('',(33.125,12.,28.4));
#14845 = VECTOR('',#14846,1.);
#14846 = DIRECTION('',(-1.,0.,0.));
#14847 = ORIENTED_EDGE('',*,*,#14848,.T.);
#14848 = EDGE_CURVE('',#14841,#14849,#14851,.T.);
#14849 = VERTEX_POINT('',#14850);
#14850 = CARTESIAN_POINT('',(66.25,12.,29.8));
#14851 = LINE('',#14852,#14853);
#14852 = CARTESIAN_POINT('',(66.25,12.,27.4));
#14853 = VECTOR('',#14854,1.);
#14854 = DIRECTION('',(0.,0.,1.));
#14855 = ORIENTED_EDGE('',*,*,#14856,.F.);
#14856 = EDGE_CURVE('',#14857,#14849,#14859,.T.);
#14857 = VERTEX_POINT('',#14858);
#14858 = CARTESIAN_POINT('',(62.,12.,29.8));
#14859 = LINE('',#14860,#14861);
#14860 = CARTESIAN_POINT('',(62.,12.,29.8));
#14861 = VECTOR('',#14862,1.);
#14862 = DIRECTION('',(1.,0.,0.));
#14863 = ORIENTED_EDGE('',*,*,#14864,.T.);
#14864 = EDGE_CURVE('',#14857,#3890,#14865,.T.);
#14865 = LINE('',#14866,#14867);
#14866 = CARTESIAN_POINT('',(62.,12.,29.8));
#14867 = VECTOR('',#14868,1.);
#14868 = DIRECTION('',(0.,0.,1.));
#14869 = ORIENTED_EDGE('',*,*,#3897,.T.);
#14870 = PLANE('',#14871);
#14871 = AXIS2_PLACEMENT_3D('',#14872,#14873,#14874);
#14872 = CARTESIAN_POINT('',(66.25,12.,27.4));
#14873 = DIRECTION('',(0.,1.,0.));
#14874 = DIRECTION('',(0.,0.,1.));
#14875 = ADVANCED_FACE('',(#14876),#14887,.T.);
#14876 = FACE_BOUND('',#14877,.T.);
#14877 = EDGE_LOOP('',(#14878,#14879,#14885,#14886));
#14878 = ORIENTED_EDGE('',*,*,#14760,.F.);
#14879 = ORIENTED_EDGE('',*,*,#14880,.T.);
#14880 = EDGE_CURVE('',#14753,#14857,#14881,.T.);
#14881 = LINE('',#14882,#14883);
#14882 = CARTESIAN_POINT('',(62.,-20.,29.8));
#14883 = VECTOR('',#14884,1.);
#14884 = DIRECTION('',(0.,1.,0.));
#14885 = ORIENTED_EDGE('',*,*,#14864,.T.);
#14886 = ORIENTED_EDGE('',*,*,#3889,.F.);
#14887 = PLANE('',#14888);
#14888 = AXIS2_PLACEMENT_3D('',#14889,#14890,#14891);
#14889 = CARTESIAN_POINT('',(62.,-20.,29.8));
#14890 = DIRECTION('',(1.,0.,0.));
#14891 = DIRECTION('',(0.,0.,1.));
#14892 = ADVANCED_FACE('',(#14893,#14903,#14909),#14920,.F.);
#14893 = FACE_BOUND('',#14894,.F.);
#14894 = EDGE_LOOP('',(#14895,#14896,#14897,#14898,#14899,#14900,#14901,
    #14902));
#14895 = ORIENTED_EDGE('',*,*,#14588,.F.);
#14896 = ORIENTED_EDGE('',*,*,#4283,.T.);
#14897 = ORIENTED_EDGE('',*,*,#14112,.T.);
#14898 = ORIENTED_EDGE('',*,*,#4356,.T.);
#14899 = ORIENTED_EDGE('',*,*,#14607,.T.);
#14900 = ORIENTED_EDGE('',*,*,#4508,.F.);
#14901 = ORIENTED_EDGE('',*,*,#13411,.T.);
#14902 = ORIENTED_EDGE('',*,*,#3943,.T.);
#14903 = FACE_BOUND('',#14904,.F.);
#14904 = EDGE_LOOP('',(#14905,#14906,#14907,#14908));
#14905 = ORIENTED_EDGE('',*,*,#14631,.T.);
#14906 = ORIENTED_EDGE('',*,*,#14679,.T.);
#14907 = ORIENTED_EDGE('',*,*,#14703,.F.);
#14908 = ORIENTED_EDGE('',*,*,#14655,.F.);
#14909 = FACE_BOUND('',#14910,.F.);
#14910 = EDGE_LOOP('',(#14911,#14912,#14918,#14919));
#14911 = ORIENTED_EDGE('',*,*,#14793,.T.);
#14912 = ORIENTED_EDGE('',*,*,#14913,.T.);
#14913 = EDGE_CURVE('',#14794,#14841,#14914,.T.);
#14914 = LINE('',#14915,#14916);
#14915 = CARTESIAN_POINT('',(66.25,-10.,28.4));
#14916 = VECTOR('',#14917,1.);
#14917 = DIRECTION('',(0.,1.,0.));
#14918 = ORIENTED_EDGE('',*,*,#14840,.F.);
#14919 = ORIENTED_EDGE('',*,*,#14816,.F.);
#14920 = PLANE('',#14921);
#14921 = AXIS2_PLACEMENT_3D('',#14922,#14923,#14924);
#14922 = CARTESIAN_POINT('',(0.,0.,28.4));
#14923 = DIRECTION('',(0.,0.,1.));
#14924 = DIRECTION('',(1.,0.,-0.));
#14925 = ADVANCED_FACE('',(#14926),#14932,.F.);
#14926 = FACE_BOUND('',#14927,.F.);
#14927 = EDGE_LOOP('',(#14928,#14929,#14930,#14931));
#14928 = ORIENTED_EDGE('',*,*,#4009,.F.);
#14929 = ORIENTED_EDGE('',*,*,#14551,.T.);
#14930 = ORIENTED_EDGE('',*,*,#4092,.T.);
#14931 = ORIENTED_EDGE('',*,*,#4040,.T.);
#14932 = CYLINDRICAL_SURFACE('',#14933,62.);
#14933 = AXIS2_PLACEMENT_3D('',#14934,#14935,#14936);
#14934 = CARTESIAN_POINT('',(0.,0.,28.39));
#14935 = DIRECTION('',(0.,0.,1.));
#14936 = DIRECTION('',(1.,0.,-0.));
#14937 = ADVANCED_FACE('',(#14938),#14957,.T.);
#14938 = FACE_BOUND('',#14939,.T.);
#14939 = EDGE_LOOP('',(#14940,#14948,#14955,#14956));
#14940 = ORIENTED_EDGE('',*,*,#14941,.T.);
#14941 = EDGE_CURVE('',#4052,#14942,#14944,.T.);
#14942 = VERTEX_POINT('',#14943);
#14943 = CARTESIAN_POINT('',(34.125,59.106233808288,32.58));
#14944 = LINE('',#14945,#14946);
#14945 = CARTESIAN_POINT('',(34.125,59.106233808288,30.39));
#14946 = VECTOR('',#14947,1.);
#14947 = DIRECTION('',(0.,0.,1.));
#14948 = ORIENTED_EDGE('',*,*,#14949,.F.);
#14949 = EDGE_CURVE('',#14942,#14942,#14950,.T.);
#14950 = CIRCLE('',#14951,1.);
#14951 = AXIS2_PLACEMENT_3D('',#14952,#14953,#14954);
#14952 = CARTESIAN_POINT('',(33.625,58.240208404503,32.58));
#14953 = DIRECTION('',(0.,-0.,1.));
#14954 = DIRECTION('',(0.5,0.866025403784,0.));
#14955 = ORIENTED_EDGE('',*,*,#14941,.F.);
#14956 = ORIENTED_EDGE('',*,*,#4051,.T.);
#14957 = CYLINDRICAL_SURFACE('',#14958,1.);
#14958 = AXIS2_PLACEMENT_3D('',#14959,#14960,#14961);
#14959 = CARTESIAN_POINT('',(33.625,58.240208404503,30.39));
#14960 = DIRECTION('',(0.,0.,1.));
#14961 = DIRECTION('',(0.5,0.866025403784,0.));
#14962 = ADVANCED_FACE('',(#14963),#14975,.F.);
#14963 = FACE_BOUND('',#14964,.F.);
#14964 = EDGE_LOOP('',(#14965,#14972,#14973,#14974));
#14965 = ORIENTED_EDGE('',*,*,#14966,.F.);
#14966 = EDGE_CURVE('',#4143,#4226,#14967,.T.);
#14967 = CIRCLE('',#14968,62.);
#14968 = AXIS2_PLACEMENT_3D('',#14969,#14970,#14971);
#14969 = CARTESIAN_POINT('',(0.,0.,28.4));
#14970 = DIRECTION('',(0.,-0.,1.));
#14971 = DIRECTION('',(0.798203999142,0.602387230736,0.));
#14972 = ORIENTED_EDGE('',*,*,#4142,.T.);
#14973 = ORIENTED_EDGE('',*,*,#14122,.T.);
#14974 = ORIENTED_EDGE('',*,*,#4225,.T.);
#14975 = PLANE('',#14976);
#14976 = AXIS2_PLACEMENT_3D('',#14977,#14978,#14979);
#14977 = CARTESIAN_POINT('',(0.,0.,28.4));
#14978 = DIRECTION('',(0.,0.,1.));
#14979 = DIRECTION('',(1.,0.,-0.));
#14980 = ADVANCED_FACE('',(#14981),#14987,.F.);
#14981 = FACE_BOUND('',#14982,.F.);
#14982 = EDGE_LOOP('',(#14983,#14984,#14985,#14986));
#14983 = ORIENTED_EDGE('',*,*,#4150,.F.);
#14984 = ORIENTED_EDGE('',*,*,#14966,.T.);
#14985 = ORIENTED_EDGE('',*,*,#4233,.T.);
#14986 = ORIENTED_EDGE('',*,*,#4181,.T.);
#14987 = CYLINDRICAL_SURFACE('',#14988,62.);
#14988 = AXIS2_PLACEMENT_3D('',#14989,#14990,#14991);
#14989 = CARTESIAN_POINT('',(0.,0.,28.39));
#14990 = DIRECTION('',(0.,0.,1.));
#14991 = DIRECTION('',(1.,0.,-0.));
#14992 = ADVANCED_FACE('',(#14993),#15012,.T.);
#14993 = FACE_BOUND('',#14994,.T.);
#14994 = EDGE_LOOP('',(#14995,#15003,#15010,#15011));
#14995 = ORIENTED_EDGE('',*,*,#14996,.T.);
#14996 = EDGE_CURVE('',#4193,#14997,#14999,.T.);
#14997 = VERTEX_POINT('',#14998);
#14998 = CARTESIAN_POINT('',(-59.10623380828,-34.125,32.58));
#14999 = LINE('',#15000,#15001);
#15000 = CARTESIAN_POINT('',(-59.10623380828,-34.125,30.39));
#15001 = VECTOR('',#15002,1.);
#15002 = DIRECTION('',(0.,0.,1.));
#15003 = ORIENTED_EDGE('',*,*,#15004,.F.);
#15004 = EDGE_CURVE('',#14997,#14997,#15005,.T.);
#15005 = CIRCLE('',#15006,1.);
#15006 = AXIS2_PLACEMENT_3D('',#15007,#15008,#15009);
#15007 = CARTESIAN_POINT('',(-58.2402084045,-33.625,32.58));
#15008 = DIRECTION('',(0.,0.,1.));
#15009 = DIRECTION('',(-0.866025403784,-0.5,0.));
#15010 = ORIENTED_EDGE('',*,*,#14996,.F.);
#15011 = ORIENTED_EDGE('',*,*,#4192,.T.);
#15012 = CYLINDRICAL_SURFACE('',#15013,1.);
#15013 = AXIS2_PLACEMENT_3D('',#15014,#15015,#15016);
#15014 = CARTESIAN_POINT('',(-58.2402084045,-33.625,30.39));
#15015 = DIRECTION('',(0.,0.,1.));
#15016 = DIRECTION('',(-0.866025403784,-0.5,0.));
#15017 = ADVANCED_FACE('',(#15018),#15052,.F.);
#15018 = FACE_BOUND('',#15019,.F.);
#15019 = EDGE_LOOP('',(#15020,#15028,#15029,#15030,#15036,#15037,#15038,
    #15046));
#15020 = ORIENTED_EDGE('',*,*,#15021,.F.);
#15021 = EDGE_CURVE('',#4444,#15022,#15024,.T.);
#15022 = VERTEX_POINT('',#15023);
#15023 = CARTESIAN_POINT('',(47.931794592097,-63.65692847743,25.1));
#15024 = LINE('',#15025,#15026);
#15025 = CARTESIAN_POINT('',(47.931794592097,-63.65692847743,18.1));
#15026 = VECTOR('',#15027,1.);
#15027 = DIRECTION('',(0.,0.,1.));
#15028 = ORIENTED_EDGE('',*,*,#4451,.T.);
#15029 = ORIENTED_EDGE('',*,*,#4316,.T.);
#15030 = ORIENTED_EDGE('',*,*,#15031,.F.);
#15031 = EDGE_CURVE('',#4469,#4317,#15032,.T.);
#15032 = LINE('',#15033,#15034);
#15033 = CARTESIAN_POINT('',(48.46802570228,-63.20697715065,23.1));
#15034 = VECTOR('',#15035,1.);
#15035 = DIRECTION('',(-0.766044443119,-0.642787609687,0.));
#15036 = ORIENTED_EDGE('',*,*,#4468,.F.);
#15037 = ORIENTED_EDGE('',*,*,#4387,.T.);
#15038 = ORIENTED_EDGE('',*,*,#15039,.T.);
#15039 = EDGE_CURVE('',#4388,#15040,#15042,.T.);
#15040 = VERTEX_POINT('',#15041);
#15041 = CARTESIAN_POINT('',(54.366567914296,-58.25751255606,25.1));
#15042 = LINE('',#15043,#15044);
#15043 = CARTESIAN_POINT('',(54.366567914296,-58.25751255606,18.1));
#15044 = VECTOR('',#15045,1.);
#15045 = DIRECTION('',(0.,0.,1.));
#15046 = ORIENTED_EDGE('',*,*,#15047,.F.);
#15047 = EDGE_CURVE('',#15022,#15040,#15048,.T.);
#15048 = LINE('',#15049,#15050);
#15049 = CARTESIAN_POINT('',(47.816887925629,-63.75334661888,25.1));
#15050 = VECTOR('',#15051,1.);
#15051 = DIRECTION('',(0.766044443119,0.642787609687,-0.));
#15052 = PLANE('',#15053);
#15053 = AXIS2_PLACEMENT_3D('',#15054,#15055,#15056);
#15054 = CARTESIAN_POINT('',(47.931794592097,-63.65692847743,18.1));
#15055 = DIRECTION('',(0.642787609687,-0.766044443119,0.));
#15056 = DIRECTION('',(0.,0.,1.));
#15057 = ADVANCED_FACE('',(#15058),#15069,.F.);
#15058 = FACE_BOUND('',#15059,.F.);
#15059 = EDGE_LOOP('',(#15060,#15061,#15062,#15063));
#15060 = ORIENTED_EDGE('',*,*,#4476,.F.);
#15061 = ORIENTED_EDGE('',*,*,#15031,.T.);
#15062 = ORIENTED_EDGE('',*,*,#4324,.T.);
#15063 = ORIENTED_EDGE('',*,*,#15064,.T.);
#15064 = EDGE_CURVE('',#4325,#4477,#15065,.T.);
#15065 = LINE('',#15066,#15067);
#15066 = CARTESIAN_POINT('',(49.409213006566,-63.23963382303,23.1));
#15067 = VECTOR('',#15068,1.);
#15068 = DIRECTION('',(0.766044443119,0.642787609687,-0.));
#15069 = PLANE('',#15070);
#15070 = AXIS2_PLACEMENT_3D('',#15071,#15072,#15073);
#15071 = CARTESIAN_POINT('',(48.490026724714,-62.14419026937,23.1));
#15072 = DIRECTION('',(0.,0.,1.));
#15073 = DIRECTION('',(0.642787609687,-0.766044443119,0.));
#15074 = ADVANCED_FACE('',(#15075),#15086,.T.);
#15075 = FACE_BOUND('',#15076,.T.);
#15076 = EDGE_LOOP('',(#15077,#15078,#15079,#15080));
#15077 = ORIENTED_EDGE('',*,*,#4332,.F.);
#15078 = ORIENTED_EDGE('',*,*,#15064,.T.);
#15079 = ORIENTED_EDGE('',*,*,#4484,.T.);
#15080 = ORIENTED_EDGE('',*,*,#15081,.F.);
#15081 = EDGE_CURVE('',#4333,#4485,#15082,.T.);
#15082 = LINE('',#15083,#15084);
#15083 = CARTESIAN_POINT('',(48.758075229915,-63.78600329127,25.1));
#15084 = VECTOR('',#15085,1.);
#15085 = DIRECTION('',(0.766044443119,0.642787609687,-0.));
#15086 = PLANE('',#15087);
#15087 = AXIS2_PLACEMENT_3D('',#15088,#15089,#15090);
#15088 = CARTESIAN_POINT('',(49.409213006566,-63.23963382303,23.));
#15089 = DIRECTION('',(0.642787609687,-0.766044443119,0.));
#15090 = DIRECTION('',(0.,0.,1.));
#15091 = ADVANCED_FACE('',(#15092,#15121),#15146,.T.);
#15092 = FACE_BOUND('',#15093,.T.);
#15093 = EDGE_LOOP('',(#15094,#15102,#15110,#15116,#15117,#15118,#15119,
    #15120));
#15094 = ORIENTED_EDGE('',*,*,#15095,.F.);
#15095 = EDGE_CURVE('',#15096,#13273,#15098,.T.);
#15096 = VERTEX_POINT('',#15097);
#15097 = CARTESIAN_POINT('',(52.751580807432,-55.8661287214,25.1));
#15098 = LINE('',#15099,#15100);
#15099 = CARTESIAN_POINT('',(52.751580807432,-55.8661287214,25.1));
#15100 = VECTOR('',#15101,1.);
#15101 = DIRECTION('',(0.642787609687,-0.766044443119,0.));
#15102 = ORIENTED_EDGE('',*,*,#15103,.F.);
#15103 = EDGE_CURVE('',#15104,#15096,#15106,.T.);
#15104 = VERTEX_POINT('',#15105);
#15105 = CARTESIAN_POINT('',(45.857180819361,-61.65121720858,25.1));
#15106 = LINE('',#15107,#15108);
#15107 = CARTESIAN_POINT('',(45.857180819361,-61.65121720858,25.1));
#15108 = VECTOR('',#15109,1.);
#15109 = DIRECTION('',(0.766044443119,0.642787609687,0.));
#15110 = ORIENTED_EDGE('',*,*,#15111,.T.);
#15111 = EDGE_CURVE('',#15104,#14097,#15112,.T.);
#15112 = LINE('',#15113,#15114);
#15113 = CARTESIAN_POINT('',(45.857180819361,-61.65121720858,25.1));
#15114 = VECTOR('',#15115,1.);
#15115 = DIRECTION('',(0.642787609687,-0.766044443119,0.));
#15116 = ORIENTED_EDGE('',*,*,#14104,.T.);
#15117 = ORIENTED_EDGE('',*,*,#4340,.T.);
#15118 = ORIENTED_EDGE('',*,*,#15081,.T.);
#15119 = ORIENTED_EDGE('',*,*,#4492,.F.);
#15120 = ORIENTED_EDGE('',*,*,#13272,.T.);
#15121 = FACE_BOUND('',#15122,.T.);
#15122 = EDGE_LOOP('',(#15123,#15131,#15139,#15145));
#15123 = ORIENTED_EDGE('',*,*,#15124,.T.);
#15124 = EDGE_CURVE('',#15022,#15125,#15127,.T.);
#15125 = VERTEX_POINT('',#15126);
#15126 = CARTESIAN_POINT('',(47.160449460473,-62.73767514569,25.1));
#15127 = LINE('',#15128,#15129);
#15128 = CARTESIAN_POINT('',(46.623721806385,-62.09802803568,25.1));
#15129 = VECTOR('',#15130,1.);
#15130 = DIRECTION('',(-0.642787609687,0.766044443119,0.));
#15131 = ORIENTED_EDGE('',*,*,#15132,.T.);
#15132 = EDGE_CURVE('',#15125,#15133,#15135,.T.);
#15133 = VERTEX_POINT('',#15134);
#15134 = CARTESIAN_POINT('',(53.595222782673,-57.33825922432,25.1));
#15135 = LINE('',#15136,#15137);
#15136 = CARTESIAN_POINT('',(47.045542794005,-62.83409328714,25.1));
#15137 = VECTOR('',#15138,1.);
#15138 = DIRECTION('',(0.766044443119,0.642787609687,-0.));
#15139 = ORIENTED_EDGE('',*,*,#15140,.F.);
#15140 = EDGE_CURVE('',#15040,#15133,#15141,.T.);
#15141 = LINE('',#15142,#15143);
#15142 = CARTESIAN_POINT('',(53.058495128584,-56.69861211431,25.1));
#15143 = VECTOR('',#15144,1.);
#15144 = DIRECTION('',(-0.642787609687,0.766044443119,0.));
#15145 = ORIENTED_EDGE('',*,*,#15047,.F.);
#15146 = PLANE('',#15147);
#15147 = AXIS2_PLACEMENT_3D('',#15148,#15149,#15150);
#15148 = CARTESIAN_POINT('',(45.857180819361,-61.65121720858,25.1));
#15149 = DIRECTION('',(0.,0.,1.));
#15150 = DIRECTION('',(0.642787609687,-0.766044443119,0.));
#15151 = ADVANCED_FACE('',(#15152),#15163,.F.);
#15152 = FACE_BOUND('',#15153,.F.);
#15153 = EDGE_LOOP('',(#15154,#15155,#15156,#15162));
#15154 = ORIENTED_EDGE('',*,*,#15039,.F.);
#15155 = ORIENTED_EDGE('',*,*,#4395,.F.);
#15156 = ORIENTED_EDGE('',*,*,#15157,.T.);
#15157 = EDGE_CURVE('',#4396,#15133,#15158,.T.);
#15158 = LINE('',#15159,#15160);
#15159 = CARTESIAN_POINT('',(53.595222782673,-57.33825922432,18.1));
#15160 = VECTOR('',#15161,1.);
#15161 = DIRECTION('',(0.,0.,1.));
#15162 = ORIENTED_EDGE('',*,*,#15140,.F.);
#15163 = PLANE('',#15164);
#15164 = AXIS2_PLACEMENT_3D('',#15165,#15166,#15167);
#15165 = CARTESIAN_POINT('',(53.595222782673,-57.33825922432,18.1));
#15166 = DIRECTION('',(0.766044443119,0.642787609687,0.));
#15167 = DIRECTION('',(0.,0.,1.));
#15168 = ADVANCED_FACE('',(#15169),#15203,.T.);
#15169 = FACE_BOUND('',#15170,.T.);
#15170 = EDGE_LOOP('',(#15171,#15177,#15178,#15186,#15194,#15200,#15201,
    #15202));
#15171 = ORIENTED_EDGE('',*,*,#15172,.F.);
#15172 = EDGE_CURVE('',#4436,#15125,#15173,.T.);
#15173 = LINE('',#15174,#15175);
#15174 = CARTESIAN_POINT('',(47.160449460473,-62.73767514569,18.1));
#15175 = VECTOR('',#15176,1.);
#15176 = DIRECTION('',(0.,0.,1.));
#15177 = ORIENTED_EDGE('',*,*,#4435,.T.);
#15178 = ORIENTED_EDGE('',*,*,#15179,.T.);
#15179 = EDGE_CURVE('',#4428,#15180,#15182,.T.);
#15180 = VERTEX_POINT('',#15181);
#15181 = CARTESIAN_POINT('',(50.148022788637,-60.23080346791,24.6));
#15182 = LINE('',#15183,#15184);
#15183 = CARTESIAN_POINT('',(50.148022788637,-60.23080346791,18.1));
#15184 = VECTOR('',#15185,1.);
#15185 = DIRECTION('',(0.,0.,1.));
#15186 = ORIENTED_EDGE('',*,*,#15187,.T.);
#15187 = EDGE_CURVE('',#15180,#15188,#15190,.T.);
#15188 = VERTEX_POINT('',#15189);
#15189 = CARTESIAN_POINT('',(50.607649454509,-59.8451309021,24.6));
#15190 = LINE('',#15191,#15192);
#15191 = CARTESIAN_POINT('',(50.148022788637,-60.23080346791,24.6));
#15192 = VECTOR('',#15193,1.);
#15193 = DIRECTION('',(0.766044443119,0.642787609687,0.));
#15194 = ORIENTED_EDGE('',*,*,#15195,.F.);
#15195 = EDGE_CURVE('',#4404,#15188,#15196,.T.);
#15196 = LINE('',#15197,#15198);
#15197 = CARTESIAN_POINT('',(50.607649454509,-59.8451309021,18.1));
#15198 = VECTOR('',#15199,1.);
#15199 = DIRECTION('',(0.,0.,1.));
#15200 = ORIENTED_EDGE('',*,*,#4403,.T.);
#15201 = ORIENTED_EDGE('',*,*,#15157,.T.);
#15202 = ORIENTED_EDGE('',*,*,#15132,.F.);
#15203 = PLANE('',#15204);
#15204 = AXIS2_PLACEMENT_3D('',#15205,#15206,#15207);
#15205 = CARTESIAN_POINT('',(47.160449460473,-62.73767514569,18.1));
#15206 = DIRECTION('',(0.642787609687,-0.766044443119,0.));
#15207 = DIRECTION('',(0.,0.,1.));
#15208 = ADVANCED_FACE('',(#15209),#15227,.T.);
#15209 = FACE_BOUND('',#15210,.T.);
#15210 = EDGE_LOOP('',(#15211,#15212,#15213,#15221));
#15211 = ORIENTED_EDGE('',*,*,#4411,.F.);
#15212 = ORIENTED_EDGE('',*,*,#15195,.T.);
#15213 = ORIENTED_EDGE('',*,*,#15214,.T.);
#15214 = EDGE_CURVE('',#15188,#15215,#15217,.T.);
#15215 = VERTEX_POINT('',#15216);
#15216 = CARTESIAN_POINT('',(50.76834635693,-60.03664201288,24.6));
#15217 = LINE('',#15218,#15219);
#15218 = CARTESIAN_POINT('',(50.607649454509,-59.8451309021,24.6));
#15219 = VECTOR('',#15220,1.);
#15220 = DIRECTION('',(0.642787609687,-0.766044443119,0.));
#15221 = ORIENTED_EDGE('',*,*,#15222,.F.);
#15222 = EDGE_CURVE('',#4412,#15215,#15223,.T.);
#15223 = LINE('',#15224,#15225);
#15224 = CARTESIAN_POINT('',(50.76834635693,-60.03664201288,18.1));
#15225 = VECTOR('',#15226,1.);
#15226 = DIRECTION('',(0.,0.,1.));
#15227 = PLANE('',#15228);
#15228 = AXIS2_PLACEMENT_3D('',#15229,#15230,#15231);
#15229 = CARTESIAN_POINT('',(50.607649454509,-59.8451309021,18.1));
#15230 = DIRECTION('',(0.766044443119,0.642787609687,0.));
#15231 = DIRECTION('',(0.,0.,1.));
#15232 = ADVANCED_FACE('',(#15233),#15251,.T.);
#15233 = FACE_BOUND('',#15234,.T.);
#15234 = EDGE_LOOP('',(#15235,#15243,#15244,#15245));
#15235 = ORIENTED_EDGE('',*,*,#15236,.F.);
#15236 = EDGE_CURVE('',#4420,#15237,#15239,.T.);
#15237 = VERTEX_POINT('',#15238);
#15238 = CARTESIAN_POINT('',(50.308719691059,-60.42231457869,24.6));
#15239 = LINE('',#15240,#15241);
#15240 = CARTESIAN_POINT('',(50.308719691059,-60.42231457869,18.1));
#15241 = VECTOR('',#15242,1.);
#15242 = DIRECTION('',(0.,0.,1.));
#15243 = ORIENTED_EDGE('',*,*,#4419,.T.);
#15244 = ORIENTED_EDGE('',*,*,#15222,.T.);
#15245 = ORIENTED_EDGE('',*,*,#15246,.F.);
#15246 = EDGE_CURVE('',#15237,#15215,#15247,.T.);
#15247 = LINE('',#15248,#15249);
#15248 = CARTESIAN_POINT('',(50.308719691059,-60.42231457869,24.6));
#15249 = VECTOR('',#15250,1.);
#15250 = DIRECTION('',(0.766044443119,0.642787609687,0.));
#15251 = PLANE('',#15252);
#15252 = AXIS2_PLACEMENT_3D('',#15253,#15254,#15255);
#15253 = CARTESIAN_POINT('',(50.308719691059,-60.42231457869,18.1));
#15254 = DIRECTION('',(0.642787609687,-0.766044443119,0.));
#15255 = DIRECTION('',(0.,0.,1.));
#15256 = ADVANCED_FACE('',(#15257),#15268,.F.);
#15257 = FACE_BOUND('',#15258,.F.);
#15258 = EDGE_LOOP('',(#15259,#15260,#15261,#15267));
#15259 = ORIENTED_EDGE('',*,*,#4427,.F.);
#15260 = ORIENTED_EDGE('',*,*,#15179,.T.);
#15261 = ORIENTED_EDGE('',*,*,#15262,.T.);
#15262 = EDGE_CURVE('',#15180,#15237,#15263,.T.);
#15263 = LINE('',#15264,#15265);
#15264 = CARTESIAN_POINT('',(50.148022788637,-60.23080346791,24.6));
#15265 = VECTOR('',#15266,1.);
#15266 = DIRECTION('',(0.642787609687,-0.766044443119,0.));
#15267 = ORIENTED_EDGE('',*,*,#15236,.F.);
#15268 = PLANE('',#15269);
#15269 = AXIS2_PLACEMENT_3D('',#15270,#15271,#15272);
#15270 = CARTESIAN_POINT('',(50.148022788637,-60.23080346791,18.1));
#15271 = DIRECTION('',(0.766044443119,0.642787609687,0.));
#15272 = DIRECTION('',(0.,0.,1.));
#15273 = ADVANCED_FACE('',(#15274),#15280,.T.);
#15274 = FACE_BOUND('',#15275,.T.);
#15275 = EDGE_LOOP('',(#15276,#15277,#15278,#15279));
#15276 = ORIENTED_EDGE('',*,*,#15021,.F.);
#15277 = ORIENTED_EDGE('',*,*,#4443,.F.);
#15278 = ORIENTED_EDGE('',*,*,#15172,.T.);
#15279 = ORIENTED_EDGE('',*,*,#15124,.F.);
#15280 = PLANE('',#15281);
#15281 = AXIS2_PLACEMENT_3D('',#15282,#15283,#15284);
#15282 = CARTESIAN_POINT('',(47.160449460473,-62.73767514569,18.1));
#15283 = DIRECTION('',(0.766044443119,0.642787609687,0.));
#15284 = DIRECTION('',(0.,0.,1.));
#15285 = ADVANCED_FACE('',(#15286),#15313,.T.);
#15286 = FACE_BOUND('',#15287,.T.);
#15287 = EDGE_LOOP('',(#15288,#15296,#15304,#15310,#15311,#15312));
#15288 = ORIENTED_EDGE('',*,*,#15289,.F.);
#15289 = EDGE_CURVE('',#15290,#13716,#15292,.T.);
#15290 = VERTEX_POINT('',#15291);
#15291 = CARTESIAN_POINT('',(55.965518855864,-59.696350937,7.99));
#15292 = LINE('',#15293,#15294);
#15293 = CARTESIAN_POINT('',(55.965518855864,-59.696350937,7.99));
#15294 = VECTOR('',#15295,1.);
#15295 = DIRECTION('',(0.,0.,1.));
#15296 = ORIENTED_EDGE('',*,*,#15297,.F.);
#15297 = EDGE_CURVE('',#15298,#15290,#15300,.T.);
#15298 = VERTEX_POINT('',#15299);
#15299 = CARTESIAN_POINT('',(52.751580807432,-55.8661287214,7.99));
#15300 = LINE('',#15301,#15302);
#15301 = CARTESIAN_POINT('',(52.751580807432,-55.8661287214,7.99));
#15302 = VECTOR('',#15303,1.);
#15303 = DIRECTION('',(0.642787609687,-0.766044443119,0.));
#15304 = ORIENTED_EDGE('',*,*,#15305,.T.);
#15305 = EDGE_CURVE('',#15298,#15096,#15306,.T.);
#15306 = LINE('',#15307,#15308);
#15307 = CARTESIAN_POINT('',(52.751580807432,-55.8661287214,7.99));
#15308 = VECTOR('',#15309,1.);
#15309 = DIRECTION('',(0.,0.,1.));
#15310 = ORIENTED_EDGE('',*,*,#15095,.T.);
#15311 = ORIENTED_EDGE('',*,*,#13281,.F.);
#15312 = ORIENTED_EDGE('',*,*,#13715,.F.);
#15313 = PLANE('',#15314);
#15314 = AXIS2_PLACEMENT_3D('',#15315,#15316,#15317);
#15315 = CARTESIAN_POINT('',(52.751580807432,-55.8661287214,7.99));
#15316 = DIRECTION('',(0.766044443119,0.642787609687,0.));
#15317 = DIRECTION('',(0.,0.,1.));
#15318 = ADVANCED_FACE('',(#15319),#15353,.F.);
#15319 = FACE_BOUND('',#15320,.F.);
#15320 = EDGE_LOOP('',(#15321,#15329,#15337,#15345,#15351,#15352));
#15321 = ORIENTED_EDGE('',*,*,#15322,.F.);
#15322 = EDGE_CURVE('',#15323,#13701,#15325,.T.);
#15323 = VERTEX_POINT('',#15324);
#15324 = CARTESIAN_POINT('',(60.33913854669,-55.19947441274,7.99));
#15325 = LINE('',#15326,#15327);
#15326 = CARTESIAN_POINT('',(60.33913854669,-55.19947441274,7.99));
#15327 = VECTOR('',#15328,1.);
#15328 = DIRECTION('',(0.,0.,1.));
#15329 = ORIENTED_EDGE('',*,*,#15330,.F.);
#15330 = EDGE_CURVE('',#15331,#15323,#15333,.T.);
#15331 = VERTEX_POINT('',#15332);
#15332 = CARTESIAN_POINT('',(56.891938552655,-52.30693016915,7.99));
#15333 = LINE('',#15334,#15335);
#15334 = CARTESIAN_POINT('',(56.891938552655,-52.30693016915,7.99));
#15335 = VECTOR('',#15336,1.);
#15336 = DIRECTION('',(0.766044443119,-0.642787609687,0.));
#15337 = ORIENTED_EDGE('',*,*,#15338,.T.);
#15338 = EDGE_CURVE('',#15331,#15339,#15341,.T.);
#15339 = VERTEX_POINT('',#15340);
#15340 = CARTESIAN_POINT('',(56.891938552655,-52.30693016915,19.48));
#15341 = LINE('',#15342,#15343);
#15342 = CARTESIAN_POINT('',(56.891938552655,-52.30693016915,7.99));
#15343 = VECTOR('',#15344,1.);
#15344 = DIRECTION('',(0.,0.,1.));
#15345 = ORIENTED_EDGE('',*,*,#15346,.T.);
#15346 = EDGE_CURVE('',#15339,#13299,#15347,.T.);
#15347 = LINE('',#15348,#15349);
#15348 = CARTESIAN_POINT('',(56.891938552655,-52.30693016915,19.48));
#15349 = VECTOR('',#15350,1.);
#15350 = DIRECTION('',(0.766044443119,-0.642787609687,0.));
#15351 = ORIENTED_EDGE('',*,*,#13298,.F.);
#15352 = ORIENTED_EDGE('',*,*,#13708,.F.);
#15353 = PLANE('',#15354);
#15354 = AXIS2_PLACEMENT_3D('',#15355,#15356,#15357);
#15355 = CARTESIAN_POINT('',(56.891938552655,-52.30693016915,7.99));
#15356 = DIRECTION('',(0.642787609687,0.766044443119,0.));
#15357 = DIRECTION('',(0.,0.,1.));
#15358 = ADVANCED_FACE('',(#15359,#15378),#15389,.T.);
#15359 = FACE_BOUND('',#15360,.T.);
#15360 = EDGE_LOOP('',(#15361,#15369,#15376,#15377));
#15361 = ORIENTED_EDGE('',*,*,#15362,.F.);
#15362 = EDGE_CURVE('',#15363,#13307,#15365,.T.);
#15363 = VERTEX_POINT('',#15364);
#15364 = CARTESIAN_POINT('',(61.39145182046,-46.94461906732,19.48));
#15365 = LINE('',#15366,#15367);
#15366 = CARTESIAN_POINT('',(61.39145182046,-46.94461906732,19.48));
#15367 = VECTOR('',#15368,1.);
#15368 = DIRECTION('',(0.766044443119,-0.642787609687,0.));
#15369 = ORIENTED_EDGE('',*,*,#15370,.T.);
#15370 = EDGE_CURVE('',#15363,#15339,#15371,.T.);
#15371 = CIRCLE('',#15372,3.5);
#15372 = AXIS2_PLACEMENT_3D('',#15373,#15374,#15375);
#15373 = CARTESIAN_POINT('',(59.141695186558,-49.62577461824,19.48));
#15374 = DIRECTION('',(-0.,0.,1.));
#15375 = DIRECTION('',(0.766044443119,-0.642787609687,0.));
#15376 = ORIENTED_EDGE('',*,*,#15346,.T.);
#15377 = ORIENTED_EDGE('',*,*,#13306,.T.);
#15378 = FACE_BOUND('',#15379,.T.);
#15379 = EDGE_LOOP('',(#15380));
#15380 = ORIENTED_EDGE('',*,*,#15381,.F.);
#15381 = EDGE_CURVE('',#15382,#15382,#15384,.T.);
#15382 = VERTEX_POINT('',#15383);
#15383 = CARTESIAN_POINT('',(60.673784072796,-50.91134983761,19.48));
#15384 = CIRCLE('',#15385,2.);
#15385 = AXIS2_PLACEMENT_3D('',#15386,#15387,#15388);
#15386 = CARTESIAN_POINT('',(59.141695186558,-49.62577461824,19.48));
#15387 = DIRECTION('',(0.,0.,1.));
#15388 = DIRECTION('',(0.766044443119,-0.642787609687,0.));
#15389 = PLANE('',#15390);
#15390 = AXIS2_PLACEMENT_3D('',#15391,#15392,#15393);
#15391 = CARTESIAN_POINT('',(56.891938552655,-52.30693016915,19.48));
#15392 = DIRECTION('',(0.,0.,1.));
#15393 = DIRECTION('',(0.766044443119,-0.642787609687,0.));
#15394 = ADVANCED_FACE('',(#15395),#15422,.T.);
#15395 = FACE_BOUND('',#15396,.T.);
#15396 = EDGE_LOOP('',(#15397,#15405,#15413,#15419,#15420,#15421));
#15397 = ORIENTED_EDGE('',*,*,#15398,.F.);
#15398 = EDGE_CURVE('',#15399,#13693,#15401,.T.);
#15399 = VERTEX_POINT('',#15400);
#15400 = CARTESIAN_POINT('',(64.838651814496,-49.83716331091,7.99));
#15401 = LINE('',#15402,#15403);
#15402 = CARTESIAN_POINT('',(64.838651814496,-49.83716331091,7.99));
#15403 = VECTOR('',#15404,1.);
#15404 = DIRECTION('',(0.,0.,1.));
#15405 = ORIENTED_EDGE('',*,*,#15406,.F.);
#15406 = EDGE_CURVE('',#15407,#15399,#15409,.T.);
#15407 = VERTEX_POINT('',#15408);
#15408 = CARTESIAN_POINT('',(61.39145182046,-46.94461906732,7.99));
#15409 = LINE('',#15410,#15411);
#15410 = CARTESIAN_POINT('',(61.39145182046,-46.94461906732,7.99));
#15411 = VECTOR('',#15412,1.);
#15412 = DIRECTION('',(0.766044443119,-0.642787609687,0.));
#15413 = ORIENTED_EDGE('',*,*,#15414,.T.);
#15414 = EDGE_CURVE('',#15407,#15363,#15415,.T.);
#15415 = LINE('',#15416,#15417);
#15416 = CARTESIAN_POINT('',(61.39145182046,-46.94461906732,7.99));
#15417 = VECTOR('',#15418,1.);
#15418 = DIRECTION('',(0.,0.,1.));
#15419 = ORIENTED_EDGE('',*,*,#15362,.T.);
#15420 = ORIENTED_EDGE('',*,*,#13315,.F.);
#15421 = ORIENTED_EDGE('',*,*,#13692,.F.);
#15422 = PLANE('',#15423);
#15423 = AXIS2_PLACEMENT_3D('',#15424,#15425,#15426);
#15424 = CARTESIAN_POINT('',(61.39145182046,-46.94461906732,7.99));
#15425 = DIRECTION('',(0.642787609687,0.766044443119,0.));
#15426 = DIRECTION('',(0.,0.,1.));
#15427 = ADVANCED_FACE('',(#15428),#15462,.F.);
#15428 = FACE_BOUND('',#15429,.F.);
#15429 = EDGE_LOOP('',(#15430,#15440,#15448,#15454,#15455,#15456));
#15430 = ORIENTED_EDGE('',*,*,#15431,.F.);
#15431 = EDGE_CURVE('',#15432,#15434,#15436,.T.);
#15432 = VERTEX_POINT('',#15433);
#15433 = CARTESIAN_POINT('',(70.41808626223,37.191799444179,7.99));
#15434 = VERTEX_POINT('',#15435);
#15435 = CARTESIAN_POINT('',(72.257739590804,38.253923788647,7.99));
#15436 = LINE('',#15437,#15438);
#15437 = CARTESIAN_POINT('',(68.126798414752,35.868923788647,7.99));
#15438 = VECTOR('',#15439,1.);
#15439 = DIRECTION('',(0.866025403784,0.5,0.));
#15440 = ORIENTED_EDGE('',*,*,#15441,.T.);
#15441 = EDGE_CURVE('',#15432,#15442,#15444,.T.);
#15442 = VERTEX_POINT('',#15443);
#15443 = CARTESIAN_POINT('',(70.41808626223,37.191799444179,21.3));
#15444 = LINE('',#15445,#15446);
#15445 = CARTESIAN_POINT('',(70.41808626223,37.191799444179,7.99));
#15446 = VECTOR('',#15447,1.);
#15447 = DIRECTION('',(0.,0.,1.));
#15448 = ORIENTED_EDGE('',*,*,#15449,.T.);
#15449 = EDGE_CURVE('',#15442,#13333,#15450,.T.);
#15450 = LINE('',#15451,#15452);
#15451 = CARTESIAN_POINT('',(68.126798414752,35.868923788647,21.3));
#15452 = VECTOR('',#15453,1.);
#15453 = DIRECTION('',(0.866025403784,0.5,0.));
#15454 = ORIENTED_EDGE('',*,*,#13332,.F.);
#15455 = ORIENTED_EDGE('',*,*,#13685,.F.);
#15456 = ORIENTED_EDGE('',*,*,#15457,.F.);
#15457 = EDGE_CURVE('',#15434,#13678,#15458,.T.);
#15458 = LINE('',#15459,#15460);
#15459 = CARTESIAN_POINT('',(72.257739590804,38.253923788647,7.99));
#15460 = VECTOR('',#15461,1.);
#15461 = DIRECTION('',(0.,0.,1.));
#15462 = PLANE('',#15463);
#15463 = AXIS2_PLACEMENT_3D('',#15464,#15465,#15466);
#15464 = CARTESIAN_POINT('',(68.126798414752,35.868923788647,7.99));
#15465 = DIRECTION('',(-0.5,0.866025403784,0.));
#15466 = DIRECTION('',(0.,0.,1.));
#15467 = ADVANCED_FACE('',(#15468),#15496,.T.);
#15468 = FACE_BOUND('',#15469,.T.);
#15469 = EDGE_LOOP('',(#15470,#15478,#15487,#15494,#15495));
#15470 = ORIENTED_EDGE('',*,*,#15471,.F.);
#15471 = EDGE_CURVE('',#15472,#13341,#15474,.T.);
#15472 = VERTEX_POINT('',#15473);
#15473 = CARTESIAN_POINT('',(67.41808626223,42.387951866886,21.3));
#15474 = LINE('',#15475,#15476);
#15475 = CARTESIAN_POINT('',(65.126798414752,41.065076211353,21.3));
#15476 = VECTOR('',#15477,1.);
#15477 = DIRECTION('',(0.866025403784,0.5,0.));
#15478 = ORIENTED_EDGE('',*,*,#15479,.F.);
#15479 = EDGE_CURVE('',#15480,#15472,#15482,.T.);
#15480 = VERTEX_POINT('',#15481);
#15481 = CARTESIAN_POINT('',(70.09090002989,40.467,21.3));
#15482 = CIRCLE('',#15483,4.);
#15483 = AXIS2_PLACEMENT_3D('',#15484,#15485,#15486);
#15484 = CARTESIAN_POINT('',(66.626798414752,38.467,21.3));
#15485 = DIRECTION('',(0.,0.,1.));
#15486 = DIRECTION('',(0.866025403784,0.5,-0.));
#15487 = ORIENTED_EDGE('',*,*,#15488,.F.);
#15488 = EDGE_CURVE('',#15442,#15480,#15489,.T.);
#15489 = CIRCLE('',#15490,4.);
#15490 = AXIS2_PLACEMENT_3D('',#15491,#15492,#15493);
#15491 = CARTESIAN_POINT('',(66.626798414752,38.467,21.3));
#15492 = DIRECTION('',(0.,0.,1.));
#15493 = DIRECTION('',(0.866025403784,0.5,-0.));
#15494 = ORIENTED_EDGE('',*,*,#15449,.T.);
#15495 = ORIENTED_EDGE('',*,*,#13340,.T.);
#15496 = PLANE('',#15497);
#15497 = AXIS2_PLACEMENT_3D('',#15498,#15499,#15500);
#15498 = CARTESIAN_POINT('',(68.126798414752,35.868923788647,21.3));
#15499 = DIRECTION('',(0.,0.,1.));
#15500 = DIRECTION('',(0.866025403784,0.5,0.));
#15501 = ADVANCED_FACE('',(#15502),#15529,.T.);
#15502 = FACE_BOUND('',#15503,.T.);
#15503 = EDGE_LOOP('',(#15504,#15514,#15520,#15521,#15522,#15523));
#15504 = ORIENTED_EDGE('',*,*,#15505,.F.);
#15505 = EDGE_CURVE('',#15506,#15508,#15510,.T.);
#15506 = VERTEX_POINT('',#15507);
#15507 = CARTESIAN_POINT('',(67.41808626223,42.387951866886,7.99));
#15508 = VERTEX_POINT('',#15509);
#15509 = CARTESIAN_POINT('',(69.257739590804,43.450076211353,7.99));
#15510 = LINE('',#15511,#15512);
#15511 = CARTESIAN_POINT('',(65.126798414752,41.065076211353,7.99));
#15512 = VECTOR('',#15513,1.);
#15513 = DIRECTION('',(0.866025403784,0.5,0.));
#15514 = ORIENTED_EDGE('',*,*,#15515,.T.);
#15515 = EDGE_CURVE('',#15506,#15472,#15516,.T.);
#15516 = LINE('',#15517,#15518);
#15517 = CARTESIAN_POINT('',(67.41808626223,42.387951866886,7.99));
#15518 = VECTOR('',#15519,1.);
#15519 = DIRECTION('',(0.,0.,1.));
#15520 = ORIENTED_EDGE('',*,*,#15471,.T.);
#15521 = ORIENTED_EDGE('',*,*,#13349,.F.);
#15522 = ORIENTED_EDGE('',*,*,#13669,.F.);
#15523 = ORIENTED_EDGE('',*,*,#15524,.F.);
#15524 = EDGE_CURVE('',#15508,#13670,#15525,.T.);
#15525 = LINE('',#15526,#15527);
#15526 = CARTESIAN_POINT('',(69.257739590804,43.450076211353,7.99));
#15527 = VECTOR('',#15528,1.);
#15528 = DIRECTION('',(0.,0.,1.));
#15529 = PLANE('',#15530);
#15530 = AXIS2_PLACEMENT_3D('',#15531,#15532,#15533);
#15531 = CARTESIAN_POINT('',(65.126798414752,41.065076211353,7.99));
#15532 = DIRECTION('',(-0.5,0.866025403784,0.));
#15533 = DIRECTION('',(0.,0.,1.));
#15534 = ADVANCED_FACE('',(#15535),#15569,.T.);
#15535 = FACE_BOUND('',#15536,.T.);
#15536 = EDGE_LOOP('',(#15537,#15545,#15553,#15561,#15567,#15568));
#15537 = ORIENTED_EDGE('',*,*,#15538,.F.);
#15538 = EDGE_CURVE('',#15539,#13647,#15541,.T.);
#15539 = VERTEX_POINT('',#15540);
#15540 = CARTESIAN_POINT('',(49.837163310913,64.838651814496,7.99));
#15541 = LINE('',#15542,#15543);
#15542 = CARTESIAN_POINT('',(49.837163310913,64.838651814496,7.99));
#15543 = VECTOR('',#15544,1.);
#15544 = DIRECTION('',(0.,0.,1.));
#15545 = ORIENTED_EDGE('',*,*,#15546,.F.);
#15546 = EDGE_CURVE('',#15547,#15539,#15549,.T.);
#15547 = VERTEX_POINT('',#15548);
#15548 = CARTESIAN_POINT('',(46.944619067323,61.39145182046,7.99));
#15549 = LINE('',#15550,#15551);
#15550 = CARTESIAN_POINT('',(46.944619067323,61.39145182046,7.99));
#15551 = VECTOR('',#15552,1.);
#15552 = DIRECTION('',(0.642787609687,0.766044443119,0.));
#15553 = ORIENTED_EDGE('',*,*,#15554,.T.);
#15554 = EDGE_CURVE('',#15547,#15555,#15557,.T.);
#15555 = VERTEX_POINT('',#15556);
#15556 = CARTESIAN_POINT('',(46.944619067323,61.39145182046,19.48));
#15557 = LINE('',#15558,#15559);
#15558 = CARTESIAN_POINT('',(46.944619067323,61.39145182046,7.99));
#15559 = VECTOR('',#15560,1.);
#15560 = DIRECTION('',(0.,0.,1.));
#15561 = ORIENTED_EDGE('',*,*,#15562,.T.);
#15562 = EDGE_CURVE('',#15555,#13375,#15563,.T.);
#15563 = LINE('',#15564,#15565);
#15564 = CARTESIAN_POINT('',(46.944619067323,61.39145182046,19.48));
#15565 = VECTOR('',#15566,1.);
#15566 = DIRECTION('',(0.642787609687,0.766044443119,0.));
#15567 = ORIENTED_EDGE('',*,*,#13383,.F.);
#15568 = ORIENTED_EDGE('',*,*,#13646,.F.);
#15569 = PLANE('',#15570);
#15570 = AXIS2_PLACEMENT_3D('',#15571,#15572,#15573);
#15571 = CARTESIAN_POINT('',(46.944619067323,61.39145182046,7.99));
#15572 = DIRECTION('',(-0.766044443119,0.642787609687,0.));
#15573 = DIRECTION('',(0.,0.,1.));
#15574 = ADVANCED_FACE('',(#15575,#15594),#15605,.T.);
#15575 = FACE_BOUND('',#15576,.T.);
#15576 = EDGE_LOOP('',(#15577,#15578,#15587,#15593));
#15577 = ORIENTED_EDGE('',*,*,#15562,.F.);
#15578 = ORIENTED_EDGE('',*,*,#15579,.T.);
#15579 = EDGE_CURVE('',#15555,#15580,#15582,.T.);
#15580 = VERTEX_POINT('',#15581);
#15581 = CARTESIAN_POINT('',(52.306930169156,56.891938552655,19.48));
#15582 = CIRCLE('',#15583,3.5);
#15583 = AXIS2_PLACEMENT_3D('',#15584,#15585,#15586);
#15584 = CARTESIAN_POINT('',(49.62577461824,59.141695186558,19.48));
#15585 = DIRECTION('',(0.,-0.,1.));
#15586 = DIRECTION('',(0.642787609687,0.766044443119,0.));
#15587 = ORIENTED_EDGE('',*,*,#15588,.T.);
#15588 = EDGE_CURVE('',#15580,#13367,#15589,.T.);
#15589 = LINE('',#15590,#15591);
#15590 = CARTESIAN_POINT('',(52.306930169156,56.891938552655,19.48));
#15591 = VECTOR('',#15592,1.);
#15592 = DIRECTION('',(0.642787609687,0.766044443119,0.));
#15593 = ORIENTED_EDGE('',*,*,#13374,.T.);
#15594 = FACE_BOUND('',#15595,.T.);
#15595 = EDGE_LOOP('',(#15596));
#15596 = ORIENTED_EDGE('',*,*,#15597,.F.);
#15597 = EDGE_CURVE('',#15598,#15598,#15600,.T.);
#15598 = VERTEX_POINT('',#15599);
#15599 = CARTESIAN_POINT('',(50.911349837613,60.673784072796,19.48));
#15600 = CIRCLE('',#15601,2.);
#15601 = AXIS2_PLACEMENT_3D('',#15602,#15603,#15604);
#15602 = CARTESIAN_POINT('',(49.62577461824,59.141695186558,19.48));
#15603 = DIRECTION('',(0.,0.,1.));
#15604 = DIRECTION('',(0.642787609687,0.766044443119,-0.));
#15605 = PLANE('',#15606);
#15606 = AXIS2_PLACEMENT_3D('',#15607,#15608,#15609);
#15607 = CARTESIAN_POINT('',(52.306930169156,56.891938552655,19.48));
#15608 = DIRECTION('',(0.,0.,1.));
#15609 = DIRECTION('',(0.642787609687,0.766044443119,0.));
#15610 = ADVANCED_FACE('',(#15611),#15638,.F.);
#15611 = FACE_BOUND('',#15612,.F.);
#15612 = EDGE_LOOP('',(#15613,#15621,#15629,#15635,#15636,#15637));
#15613 = ORIENTED_EDGE('',*,*,#15614,.F.);
#15614 = EDGE_CURVE('',#15615,#13655,#15617,.T.);
#15615 = VERTEX_POINT('',#15616);
#15616 = CARTESIAN_POINT('',(55.199474412745,60.33913854669,7.99));
#15617 = LINE('',#15618,#15619);
#15618 = CARTESIAN_POINT('',(55.199474412745,60.33913854669,7.99));
#15619 = VECTOR('',#15620,1.);
#15620 = DIRECTION('',(0.,0.,1.));
#15621 = ORIENTED_EDGE('',*,*,#15622,.F.);
#15622 = EDGE_CURVE('',#15623,#15615,#15625,.T.);
#15623 = VERTEX_POINT('',#15624);
#15624 = CARTESIAN_POINT('',(52.306930169156,56.891938552655,7.99));
#15625 = LINE('',#15626,#15627);
#15626 = CARTESIAN_POINT('',(52.306930169156,56.891938552655,7.99));
#15627 = VECTOR('',#15628,1.);
#15628 = DIRECTION('',(0.642787609687,0.766044443119,0.));
#15629 = ORIENTED_EDGE('',*,*,#15630,.T.);
#15630 = EDGE_CURVE('',#15623,#15580,#15631,.T.);
#15631 = LINE('',#15632,#15633);
#15632 = CARTESIAN_POINT('',(52.306930169156,56.891938552655,7.99));
#15633 = VECTOR('',#15634,1.);
#15634 = DIRECTION('',(0.,0.,1.));
#15635 = ORIENTED_EDGE('',*,*,#15588,.T.);
#15636 = ORIENTED_EDGE('',*,*,#13366,.F.);
#15637 = ORIENTED_EDGE('',*,*,#13662,.F.);
#15638 = PLANE('',#15639);
#15639 = AXIS2_PLACEMENT_3D('',#15640,#15641,#15642);
#15640 = CARTESIAN_POINT('',(52.306930169156,56.891938552655,7.99));
#15641 = DIRECTION('',(-0.766044443119,0.642787609687,0.));
#15642 = DIRECTION('',(0.,0.,1.));
#15643 = ADVANCED_FACE('',(#15644),#15655,.T.);
#15644 = FACE_BOUND('',#15645,.T.);
#15645 = EDGE_LOOP('',(#15646,#15647,#15653,#15654));
#15646 = ORIENTED_EDGE('',*,*,#15614,.F.);
#15647 = ORIENTED_EDGE('',*,*,#15648,.T.);
#15648 = EDGE_CURVE('',#15615,#15539,#15649,.T.);
#15649 = LINE('',#15650,#15651);
#15650 = CARTESIAN_POINT('',(55.199474412745,60.33913854669,7.99));
#15651 = VECTOR('',#15652,1.);
#15652 = DIRECTION('',(-0.766044443119,0.642787609687,0.));
#15653 = ORIENTED_EDGE('',*,*,#15538,.T.);
#15654 = ORIENTED_EDGE('',*,*,#13654,.F.);
#15655 = PLANE('',#15656);
#15656 = AXIS2_PLACEMENT_3D('',#15657,#15658,#15659);
#15657 = CARTESIAN_POINT('',(55.199474412745,60.33913854669,7.99));
#15658 = DIRECTION('',(0.642787609687,0.766044443119,0.));
#15659 = DIRECTION('',(0.,0.,1.));
#15660 = ADVANCED_FACE('',(#15661),#15672,.T.);
#15661 = FACE_BOUND('',#15662,.T.);
#15662 = EDGE_LOOP('',(#15663,#15664,#15670,#15671));
#15663 = ORIENTED_EDGE('',*,*,#15457,.F.);
#15664 = ORIENTED_EDGE('',*,*,#15665,.T.);
#15665 = EDGE_CURVE('',#15434,#15508,#15666,.T.);
#15666 = LINE('',#15667,#15668);
#15667 = CARTESIAN_POINT('',(72.257739590804,38.253923788647,7.99));
#15668 = VECTOR('',#15669,1.);
#15669 = DIRECTION('',(-0.5,0.866025403784,0.));
#15670 = ORIENTED_EDGE('',*,*,#15524,.T.);
#15671 = ORIENTED_EDGE('',*,*,#13677,.F.);
#15672 = PLANE('',#15673);
#15673 = AXIS2_PLACEMENT_3D('',#15674,#15675,#15676);
#15674 = CARTESIAN_POINT('',(72.257739590804,38.253923788647,7.99));
#15675 = DIRECTION('',(0.866025403784,0.5,0.));
#15676 = DIRECTION('',(0.,0.,1.));
#15677 = ADVANCED_FACE('',(#15678),#15689,.T.);
#15678 = FACE_BOUND('',#15679,.T.);
#15679 = EDGE_LOOP('',(#15680,#15681,#15687,#15688));
#15680 = ORIENTED_EDGE('',*,*,#15322,.F.);
#15681 = ORIENTED_EDGE('',*,*,#15682,.T.);
#15682 = EDGE_CURVE('',#15323,#15399,#15683,.T.);
#15683 = LINE('',#15684,#15685);
#15684 = CARTESIAN_POINT('',(60.33913854669,-55.19947441274,7.99));
#15685 = VECTOR('',#15686,1.);
#15686 = DIRECTION('',(0.642787609687,0.766044443119,0.));
#15687 = ORIENTED_EDGE('',*,*,#15398,.T.);
#15688 = ORIENTED_EDGE('',*,*,#13700,.F.);
#15689 = PLANE('',#15690);
#15690 = AXIS2_PLACEMENT_3D('',#15691,#15692,#15693);
#15691 = CARTESIAN_POINT('',(60.33913854669,-55.19947441274,7.99));
#15692 = DIRECTION('',(0.766044443119,-0.642787609687,0.));
#15693 = DIRECTION('',(0.,0.,1.));
#15694 = ADVANCED_FACE('',(#15695),#15713,.T.);
#15695 = FACE_BOUND('',#15696,.T.);
#15696 = EDGE_LOOP('',(#15697,#15705,#15711,#15712));
#15697 = ORIENTED_EDGE('',*,*,#15698,.F.);
#15698 = EDGE_CURVE('',#15699,#13724,#15701,.T.);
#15699 = VERTEX_POINT('',#15700);
#15700 = CARTESIAN_POINT('',(49.071118867794,-65.48143942418,7.99));
#15701 = LINE('',#15702,#15703);
#15702 = CARTESIAN_POINT('',(49.071118867794,-65.48143942418,7.99));
#15703 = VECTOR('',#15704,1.);
#15704 = DIRECTION('',(0.,0.,1.));
#15705 = ORIENTED_EDGE('',*,*,#15706,.T.);
#15706 = EDGE_CURVE('',#15699,#15290,#15707,.T.);
#15707 = LINE('',#15708,#15709);
#15708 = CARTESIAN_POINT('',(49.071118867794,-65.48143942418,7.99));
#15709 = VECTOR('',#15710,1.);
#15710 = DIRECTION('',(0.766044443119,0.642787609687,0.));
#15711 = ORIENTED_EDGE('',*,*,#15289,.T.);
#15712 = ORIENTED_EDGE('',*,*,#13723,.F.);
#15713 = PLANE('',#15714);
#15714 = AXIS2_PLACEMENT_3D('',#15715,#15716,#15717);
#15715 = CARTESIAN_POINT('',(49.071118867794,-65.48143942418,7.99));
#15716 = DIRECTION('',(0.642787609687,-0.766044443119,0.));
#15717 = DIRECTION('',(0.,0.,1.));
#15718 = ADVANCED_FACE('',(#15719),#15739,.F.);
#15719 = FACE_BOUND('',#15720,.F.);
#15720 = EDGE_LOOP('',(#15721,#15722,#15730,#15736,#15737,#15738));
#15721 = ORIENTED_EDGE('',*,*,#15698,.F.);
#15722 = ORIENTED_EDGE('',*,*,#15723,.F.);
#15723 = EDGE_CURVE('',#15724,#15699,#15726,.T.);
#15724 = VERTEX_POINT('',#15725);
#15725 = CARTESIAN_POINT('',(45.857180819361,-61.65121720858,7.99));
#15726 = LINE('',#15727,#15728);
#15727 = CARTESIAN_POINT('',(45.857180819361,-61.65121720858,7.99));
#15728 = VECTOR('',#15729,1.);
#15729 = DIRECTION('',(0.642787609687,-0.766044443119,0.));
#15730 = ORIENTED_EDGE('',*,*,#15731,.T.);
#15731 = EDGE_CURVE('',#15724,#15104,#15732,.T.);
#15732 = LINE('',#15733,#15734);
#15733 = CARTESIAN_POINT('',(45.857180819361,-61.65121720858,7.99));
#15734 = VECTOR('',#15735,1.);
#15735 = DIRECTION('',(0.,0.,1.));
#15736 = ORIENTED_EDGE('',*,*,#15111,.T.);
#15737 = ORIENTED_EDGE('',*,*,#14096,.F.);
#15738 = ORIENTED_EDGE('',*,*,#13731,.F.);
#15739 = PLANE('',#15740);
#15740 = AXIS2_PLACEMENT_3D('',#15741,#15742,#15743);
#15741 = CARTESIAN_POINT('',(45.857180819361,-61.65121720858,7.99));
#15742 = DIRECTION('',(0.766044443119,0.642787609687,0.));
#15743 = DIRECTION('',(0.,0.,1.));
#15744 = ADVANCED_FACE('',(#15745),#15779,.T.);
#15745 = FACE_BOUND('',#15746,.T.);
#15746 = EDGE_LOOP('',(#15747,#15757,#15765,#15771,#15772,#15773));
#15747 = ORIENTED_EDGE('',*,*,#15748,.F.);
#15748 = EDGE_CURVE('',#15749,#15751,#15753,.T.);
#15749 = VERTEX_POINT('',#15750);
#15750 = CARTESIAN_POINT('',(3.,-79.57975131106,7.99));
#15751 = VERTEX_POINT('',#15752);
#15752 = CARTESIAN_POINT('',(3.,-81.704,7.99));
#15753 = LINE('',#15754,#15755);
#15754 = CARTESIAN_POINT('',(3.,-76.934,7.99));
#15755 = VECTOR('',#15756,1.);
#15756 = DIRECTION('',(-2.22044604925E-16,-1.,0.));
#15757 = ORIENTED_EDGE('',*,*,#15758,.T.);
#15758 = EDGE_CURVE('',#15749,#15759,#15761,.T.);
#15759 = VERTEX_POINT('',#15760);
#15760 = CARTESIAN_POINT('',(3.,-79.57975131106,21.3));
#15761 = LINE('',#15762,#15763);
#15762 = CARTESIAN_POINT('',(3.,-79.57975131106,7.99));
#15763 = VECTOR('',#15764,1.);
#15764 = DIRECTION('',(0.,0.,1.));
#15765 = ORIENTED_EDGE('',*,*,#15766,.T.);
#15766 = EDGE_CURVE('',#15759,#14081,#15767,.T.);
#15767 = LINE('',#15768,#15769);
#15768 = CARTESIAN_POINT('',(3.,-76.934,21.3));
#15769 = VECTOR('',#15770,1.);
#15770 = DIRECTION('',(-2.22044604925E-16,-1.,0.));
#15771 = ORIENTED_EDGE('',*,*,#14089,.F.);
#15772 = ORIENTED_EDGE('',*,*,#13748,.F.);
#15773 = ORIENTED_EDGE('',*,*,#15774,.F.);
#15774 = EDGE_CURVE('',#15751,#13749,#15775,.T.);
#15775 = LINE('',#15776,#15777);
#15776 = CARTESIAN_POINT('',(3.,-81.704,7.99));
#15777 = VECTOR('',#15778,1.);
#15778 = DIRECTION('',(0.,0.,1.));
#15779 = PLANE('',#15780);
#15780 = AXIS2_PLACEMENT_3D('',#15781,#15782,#15783);
#15781 = CARTESIAN_POINT('',(3.,-76.934,7.99));
#15782 = DIRECTION('',(1.,-2.22044604925E-16,0.));
#15783 = DIRECTION('',(0.,0.,1.));
#15784 = ADVANCED_FACE('',(#15785),#15803,.T.);
#15785 = FACE_BOUND('',#15786,.T.);
#15786 = EDGE_LOOP('',(#15787,#15795,#15801,#15802));
#15787 = ORIENTED_EDGE('',*,*,#15788,.F.);
#15788 = EDGE_CURVE('',#15789,#13757,#15791,.T.);
#15789 = VERTEX_POINT('',#15790);
#15790 = CARTESIAN_POINT('',(-3.,-81.704,7.99));
#15791 = LINE('',#15792,#15793);
#15792 = CARTESIAN_POINT('',(-3.,-81.704,7.99));
#15793 = VECTOR('',#15794,1.);
#15794 = DIRECTION('',(0.,0.,1.));
#15795 = ORIENTED_EDGE('',*,*,#15796,.T.);
#15796 = EDGE_CURVE('',#15789,#15751,#15797,.T.);
#15797 = LINE('',#15798,#15799);
#15798 = CARTESIAN_POINT('',(-3.,-81.704,7.99));
#15799 = VECTOR('',#15800,1.);
#15800 = DIRECTION('',(1.,-2.22044604925E-16,0.));
#15801 = ORIENTED_EDGE('',*,*,#15774,.T.);
#15802 = ORIENTED_EDGE('',*,*,#13756,.F.);
#15803 = PLANE('',#15804);
#15804 = AXIS2_PLACEMENT_3D('',#15805,#15806,#15807);
#15805 = CARTESIAN_POINT('',(-3.,-81.704,7.99));
#15806 = DIRECTION('',(-2.22044604925E-16,-1.,0.));
#15807 = DIRECTION('',(0.,0.,1.));
#15808 = ADVANCED_FACE('',(#15809),#15836,.F.);
#15809 = FACE_BOUND('',#15810,.F.);
#15810 = EDGE_LOOP('',(#15811,#15819,#15827,#15833,#15834,#15835));
#15811 = ORIENTED_EDGE('',*,*,#15812,.F.);
#15812 = EDGE_CURVE('',#15813,#15789,#15815,.T.);
#15813 = VERTEX_POINT('',#15814);
#15814 = CARTESIAN_POINT('',(-3.,-79.57975131106,7.99));
#15815 = LINE('',#15816,#15817);
#15816 = CARTESIAN_POINT('',(-3.,-76.934,7.99));
#15817 = VECTOR('',#15818,1.);
#15818 = DIRECTION('',(-2.22044604925E-16,-1.,0.));
#15819 = ORIENTED_EDGE('',*,*,#15820,.T.);
#15820 = EDGE_CURVE('',#15813,#15821,#15823,.T.);
#15821 = VERTEX_POINT('',#15822);
#15822 = CARTESIAN_POINT('',(-3.,-79.57975131106,21.3));
#15823 = LINE('',#15824,#15825);
#15824 = CARTESIAN_POINT('',(-3.,-79.57975131106,7.99));
#15825 = VECTOR('',#15826,1.);
#15826 = DIRECTION('',(0.,0.,1.));
#15827 = ORIENTED_EDGE('',*,*,#15828,.T.);
#15828 = EDGE_CURVE('',#15821,#14073,#15829,.T.);
#15829 = LINE('',#15830,#15831);
#15830 = CARTESIAN_POINT('',(-3.,-76.934,21.3));
#15831 = VECTOR('',#15832,1.);
#15832 = DIRECTION('',(-2.22044604925E-16,-1.,0.));
#15833 = ORIENTED_EDGE('',*,*,#14072,.F.);
#15834 = ORIENTED_EDGE('',*,*,#13764,.F.);
#15835 = ORIENTED_EDGE('',*,*,#15788,.F.);
#15836 = PLANE('',#15837);
#15837 = AXIS2_PLACEMENT_3D('',#15838,#15839,#15840);
#15838 = CARTESIAN_POINT('',(-3.,-76.934,7.99));
#15839 = DIRECTION('',(1.,-2.22044604925E-16,0.));
#15840 = DIRECTION('',(0.,0.,1.));
#15841 = ADVANCED_FACE('',(#15842),#15860,.T.);
#15842 = FACE_BOUND('',#15843,.T.);
#15843 = EDGE_LOOP('',(#15844,#15845,#15853,#15859));
#15844 = ORIENTED_EDGE('',*,*,#13781,.F.);
#15845 = ORIENTED_EDGE('',*,*,#15846,.T.);
#15846 = EDGE_CURVE('',#13782,#15847,#15849,.T.);
#15847 = VERTEX_POINT('',#15848);
#15848 = CARTESIAN_POINT('',(-10.99902262342,-79.40230549127,18.));
#15849 = LINE('',#15850,#15851);
#15850 = CARTESIAN_POINT('',(-10.99902262342,-79.40230549127,8.));
#15851 = VECTOR('',#15852,1.);
#15852 = DIRECTION('',(0.,0.,1.));
#15853 = ORIENTED_EDGE('',*,*,#15854,.T.);
#15854 = EDGE_CURVE('',#15847,#14057,#15855,.T.);
#15855 = LINE('',#15856,#15857);
#15856 = CARTESIAN_POINT('',(-10.99902262342,-79.40230549127,18.));
#15857 = VECTOR('',#15858,1.);
#15858 = DIRECTION('',(-0.207911690818,-0.978147600734,0.));
#15859 = ORIENTED_EDGE('',*,*,#14065,.F.);
#15860 = PLANE('',#15861);
#15861 = AXIS2_PLACEMENT_3D('',#15862,#15863,#15864);
#15862 = CARTESIAN_POINT('',(-10.99902262342,-79.40230549127,8.));
#15863 = DIRECTION('',(0.978147600734,-0.207911690818,0.));
#15864 = DIRECTION('',(0.,0.,1.));
#15865 = ADVANCED_FACE('',(#15866),#15884,.F.);
#15866 = FACE_BOUND('',#15867,.F.);
#15867 = EDGE_LOOP('',(#15868,#15876,#15877,#15878));
#15868 = ORIENTED_EDGE('',*,*,#15869,.F.);
#15869 = EDGE_CURVE('',#13790,#15870,#15872,.T.);
#15870 = VERTEX_POINT('',#15871);
#15871 = CARTESIAN_POINT('',(-22.24772003186,-77.01132104686,18.));
#15872 = LINE('',#15873,#15874);
#15873 = CARTESIAN_POINT('',(-22.24772003186,-77.01132104686,8.));
#15874 = VECTOR('',#15875,1.);
#15875 = DIRECTION('',(0.,0.,1.));
#15876 = ORIENTED_EDGE('',*,*,#13789,.T.);
#15877 = ORIENTED_EDGE('',*,*,#15846,.T.);
#15878 = ORIENTED_EDGE('',*,*,#15879,.F.);
#15879 = EDGE_CURVE('',#15870,#15847,#15880,.T.);
#15880 = LINE('',#15881,#15882);
#15881 = CARTESIAN_POINT('',(-22.24772003186,-77.01132104686,18.));
#15882 = VECTOR('',#15883,1.);
#15883 = DIRECTION('',(0.978147600734,-0.207911690818,0.));
#15884 = PLANE('',#15885);
#15885 = AXIS2_PLACEMENT_3D('',#15886,#15887,#15888);
#15886 = CARTESIAN_POINT('',(-22.24772003186,-77.01132104686,8.));
#15887 = DIRECTION('',(-0.207911690818,-0.978147600734,0.));
#15888 = DIRECTION('',(0.,0.,1.));
#15889 = ADVANCED_FACE('',(#15890),#15901,.F.);
#15890 = FACE_BOUND('',#15891,.F.);
#15891 = EDGE_LOOP('',(#15892,#15893,#15894,#15900));
#15892 = ORIENTED_EDGE('',*,*,#13797,.F.);
#15893 = ORIENTED_EDGE('',*,*,#15869,.T.);
#15894 = ORIENTED_EDGE('',*,*,#15895,.T.);
#15895 = EDGE_CURVE('',#15870,#14049,#15896,.T.);
#15896 = LINE('',#15897,#15898);
#15897 = CARTESIAN_POINT('',(-22.24772003186,-77.01132104686,18.));
#15898 = VECTOR('',#15899,1.);
#15899 = DIRECTION('',(-0.207911690818,-0.978147600734,0.));
#15900 = ORIENTED_EDGE('',*,*,#14048,.F.);
#15901 = PLANE('',#15902);
#15902 = AXIS2_PLACEMENT_3D('',#15903,#15904,#15905);
#15903 = CARTESIAN_POINT('',(-22.24772003186,-77.01132104686,8.));
#15904 = DIRECTION('',(0.978147600734,-0.207911690818,0.));
#15905 = DIRECTION('',(0.,0.,1.));
#15906 = ADVANCED_FACE('',(#15907),#15941,.T.);
#15907 = FACE_BOUND('',#15908,.T.);
#15908 = EDGE_LOOP('',(#15909,#15917,#15925,#15933,#15939,#15940));
#15909 = ORIENTED_EDGE('',*,*,#15910,.F.);
#15910 = EDGE_CURVE('',#15911,#13815,#15913,.T.);
#15911 = VERTEX_POINT('',#15912);
#15912 = CARTESIAN_POINT('',(-37.82091108675,-72.5077395908,7.99));
#15913 = LINE('',#15914,#15915);
#15914 = CARTESIAN_POINT('',(-37.82091108675,-72.5077395908,7.99));
#15915 = VECTOR('',#15916,1.);
#15916 = DIRECTION('',(0.,0.,1.));
#15917 = ORIENTED_EDGE('',*,*,#15918,.F.);
#15918 = EDGE_CURVE('',#15919,#15911,#15921,.T.);
#15919 = VERTEX_POINT('',#15920);
#15920 = CARTESIAN_POINT('',(-35.57091108675,-68.61062527377,7.99));
#15921 = LINE('',#15922,#15923);
#15922 = CARTESIAN_POINT('',(-35.57091108675,-68.61062527377,7.99));
#15923 = VECTOR('',#15924,1.);
#15924 = DIRECTION('',(-0.5,-0.866025403784,0.));
#15925 = ORIENTED_EDGE('',*,*,#15926,.T.);
#15926 = EDGE_CURVE('',#15919,#15927,#15929,.T.);
#15927 = VERTEX_POINT('',#15928);
#15928 = CARTESIAN_POINT('',(-35.57091108675,-68.61062527377,19.48));
#15929 = LINE('',#15930,#15931);
#15930 = CARTESIAN_POINT('',(-35.57091108675,-68.61062527377,7.99));
#15931 = VECTOR('',#15932,1.);
#15932 = DIRECTION('',(0.,0.,1.));
#15933 = ORIENTED_EDGE('',*,*,#15934,.T.);
#15934 = EDGE_CURVE('',#15927,#14033,#15935,.T.);
#15935 = LINE('',#15936,#15937);
#15936 = CARTESIAN_POINT('',(-35.57091108675,-68.61062527377,19.48));
#15937 = VECTOR('',#15938,1.);
#15938 = DIRECTION('',(-0.5,-0.866025403784,0.));
#15939 = ORIENTED_EDGE('',*,*,#14041,.F.);
#15940 = ORIENTED_EDGE('',*,*,#13814,.F.);
#15941 = PLANE('',#15942);
#15942 = AXIS2_PLACEMENT_3D('',#15943,#15944,#15945);
#15943 = CARTESIAN_POINT('',(-35.57091108675,-68.61062527377,7.99));
#15944 = DIRECTION('',(0.866025403784,-0.5,0.));
#15945 = DIRECTION('',(0.,0.,1.));
#15946 = ADVANCED_FACE('',(#15947),#15965,.T.);
#15947 = FACE_BOUND('',#15948,.T.);
#15948 = EDGE_LOOP('',(#15949,#15957,#15963,#15964));
#15949 = ORIENTED_EDGE('',*,*,#15950,.F.);
#15950 = EDGE_CURVE('',#15951,#13823,#15953,.T.);
#15951 = VERTEX_POINT('',#15952);
#15952 = CARTESIAN_POINT('',(-43.88308891324,-69.0077395908,7.99));
#15953 = LINE('',#15954,#15955);
#15954 = CARTESIAN_POINT('',(-43.88308891324,-69.0077395908,7.99));
#15955 = VECTOR('',#15956,1.);
#15956 = DIRECTION('',(0.,0.,1.));
#15957 = ORIENTED_EDGE('',*,*,#15958,.T.);
#15958 = EDGE_CURVE('',#15951,#15911,#15959,.T.);
#15959 = LINE('',#15960,#15961);
#15960 = CARTESIAN_POINT('',(-43.88308891324,-69.0077395908,7.99));
#15961 = VECTOR('',#15962,1.);
#15962 = DIRECTION('',(0.866025403784,-0.5,0.));
#15963 = ORIENTED_EDGE('',*,*,#15910,.T.);
#15964 = ORIENTED_EDGE('',*,*,#13822,.F.);
#15965 = PLANE('',#15966);
#15966 = AXIS2_PLACEMENT_3D('',#15967,#15968,#15969);
#15967 = CARTESIAN_POINT('',(-43.88308891324,-69.0077395908,7.99));
#15968 = DIRECTION('',(-0.5,-0.866025403784,0.));
#15969 = DIRECTION('',(0.,0.,1.));
#15970 = ADVANCED_FACE('',(#15971),#15998,.F.);
#15971 = FACE_BOUND('',#15972,.F.);
#15972 = EDGE_LOOP('',(#15973,#15974,#15982,#15990,#15996,#15997));
#15973 = ORIENTED_EDGE('',*,*,#15950,.F.);
#15974 = ORIENTED_EDGE('',*,*,#15975,.F.);
#15975 = EDGE_CURVE('',#15976,#15951,#15978,.T.);
#15976 = VERTEX_POINT('',#15977);
#15977 = CARTESIAN_POINT('',(-41.63308891324,-65.11062527377,7.99));
#15978 = LINE('',#15979,#15980);
#15979 = CARTESIAN_POINT('',(-41.63308891324,-65.11062527377,7.99));
#15980 = VECTOR('',#15981,1.);
#15981 = DIRECTION('',(-0.5,-0.866025403784,0.));
#15982 = ORIENTED_EDGE('',*,*,#15983,.T.);
#15983 = EDGE_CURVE('',#15976,#15984,#15986,.T.);
#15984 = VERTEX_POINT('',#15985);
#15985 = CARTESIAN_POINT('',(-41.63308891324,-65.11062527377,19.48));
#15986 = LINE('',#15987,#15988);
#15987 = CARTESIAN_POINT('',(-41.63308891324,-65.11062527377,7.99));
#15988 = VECTOR('',#15989,1.);
#15989 = DIRECTION('',(0.,0.,1.));
#15990 = ORIENTED_EDGE('',*,*,#15991,.T.);
#15991 = EDGE_CURVE('',#15984,#14025,#15992,.T.);
#15992 = LINE('',#15993,#15994);
#15993 = CARTESIAN_POINT('',(-41.63308891324,-65.11062527377,19.48));
#15994 = VECTOR('',#15995,1.);
#15995 = DIRECTION('',(-0.5,-0.866025403784,0.));
#15996 = ORIENTED_EDGE('',*,*,#14024,.F.);
#15997 = ORIENTED_EDGE('',*,*,#13830,.F.);
#15998 = PLANE('',#15999);
#15999 = AXIS2_PLACEMENT_3D('',#16000,#16001,#16002);
#16000 = CARTESIAN_POINT('',(-41.63308891324,-65.11062527377,7.99));
#16001 = DIRECTION('',(0.866025403784,-0.5,0.));
#16002 = DIRECTION('',(0.,0.,1.));
#16003 = ADVANCED_FACE('',(#16004),#16038,.T.);
#16004 = FACE_BOUND('',#16005,.T.);
#16005 = EDGE_LOOP('',(#16006,#16014,#16022,#16030,#16036,#16037));
#16006 = ORIENTED_EDGE('',*,*,#16007,.F.);
#16007 = EDGE_CURVE('',#16008,#13848,#16010,.T.);
#16008 = VERTEX_POINT('',#16009);
#16009 = CARTESIAN_POINT('',(-81.704,-3.5,7.99));
#16010 = LINE('',#16011,#16012);
#16011 = CARTESIAN_POINT('',(-81.704,-3.5,7.99));
#16012 = VECTOR('',#16013,1.);
#16013 = DIRECTION('',(0.,0.,1.));
#16014 = ORIENTED_EDGE('',*,*,#16015,.F.);
#16015 = EDGE_CURVE('',#16016,#16008,#16018,.T.);
#16016 = VERTEX_POINT('',#16017);
#16017 = CARTESIAN_POINT('',(-77.204,-3.5,7.99));
#16018 = LINE('',#16019,#16020);
#16019 = CARTESIAN_POINT('',(-77.204,-3.5,7.99));
#16020 = VECTOR('',#16021,1.);
#16021 = DIRECTION('',(-1.,1.224646799147E-16,0.));
#16022 = ORIENTED_EDGE('',*,*,#16023,.T.);
#16023 = EDGE_CURVE('',#16016,#16024,#16026,.T.);
#16024 = VERTEX_POINT('',#16025);
#16025 = CARTESIAN_POINT('',(-77.204,-3.5,19.48));
#16026 = LINE('',#16027,#16028);
#16027 = CARTESIAN_POINT('',(-77.204,-3.5,7.99));
#16028 = VECTOR('',#16029,1.);
#16029 = DIRECTION('',(0.,0.,1.));
#16030 = ORIENTED_EDGE('',*,*,#16031,.T.);
#16031 = EDGE_CURVE('',#16024,#14009,#16032,.T.);
#16032 = LINE('',#16033,#16034);
#16033 = CARTESIAN_POINT('',(-77.204,-3.5,19.48));
#16034 = VECTOR('',#16035,1.);
#16035 = DIRECTION('',(-1.,1.224646799147E-16,0.));
#16036 = ORIENTED_EDGE('',*,*,#14017,.F.);
#16037 = ORIENTED_EDGE('',*,*,#13847,.F.);
#16038 = PLANE('',#16039);
#16039 = AXIS2_PLACEMENT_3D('',#16040,#16041,#16042);
#16040 = CARTESIAN_POINT('',(-77.204,-3.5,7.99));
#16041 = DIRECTION('',(-1.224646799147E-16,-1.,0.));
#16042 = DIRECTION('',(0.,0.,1.));
#16043 = ADVANCED_FACE('',(#16044),#16062,.T.);
#16044 = FACE_BOUND('',#16045,.T.);
#16045 = EDGE_LOOP('',(#16046,#16054,#16060,#16061));
#16046 = ORIENTED_EDGE('',*,*,#16047,.F.);
#16047 = EDGE_CURVE('',#16048,#13856,#16050,.T.);
#16048 = VERTEX_POINT('',#16049);
#16049 = CARTESIAN_POINT('',(-81.704,3.5,7.99));
#16050 = LINE('',#16051,#16052);
#16051 = CARTESIAN_POINT('',(-81.704,3.5,7.99));
#16052 = VECTOR('',#16053,1.);
#16053 = DIRECTION('',(0.,0.,1.));
#16054 = ORIENTED_EDGE('',*,*,#16055,.T.);
#16055 = EDGE_CURVE('',#16048,#16008,#16056,.T.);
#16056 = LINE('',#16057,#16058);
#16057 = CARTESIAN_POINT('',(-81.704,3.5,7.99));
#16058 = VECTOR('',#16059,1.);
#16059 = DIRECTION('',(-1.224646799147E-16,-1.,0.));
#16060 = ORIENTED_EDGE('',*,*,#16007,.T.);
#16061 = ORIENTED_EDGE('',*,*,#13855,.F.);
#16062 = PLANE('',#16063);
#16063 = AXIS2_PLACEMENT_3D('',#16064,#16065,#16066);
#16064 = CARTESIAN_POINT('',(-81.704,3.5,7.99));
#16065 = DIRECTION('',(-1.,1.224646799147E-16,0.));
#16066 = DIRECTION('',(0.,0.,1.));
#16067 = ADVANCED_FACE('',(#16068),#16095,.F.);
#16068 = FACE_BOUND('',#16069,.F.);
#16069 = EDGE_LOOP('',(#16070,#16071,#16079,#16087,#16093,#16094));
#16070 = ORIENTED_EDGE('',*,*,#16047,.F.);
#16071 = ORIENTED_EDGE('',*,*,#16072,.F.);
#16072 = EDGE_CURVE('',#16073,#16048,#16075,.T.);
#16073 = VERTEX_POINT('',#16074);
#16074 = CARTESIAN_POINT('',(-77.204,3.5,7.99));
#16075 = LINE('',#16076,#16077);
#16076 = CARTESIAN_POINT('',(-77.204,3.5,7.99));
#16077 = VECTOR('',#16078,1.);
#16078 = DIRECTION('',(-1.,1.224646799147E-16,0.));
#16079 = ORIENTED_EDGE('',*,*,#16080,.T.);
#16080 = EDGE_CURVE('',#16073,#16081,#16083,.T.);
#16081 = VERTEX_POINT('',#16082);
#16082 = CARTESIAN_POINT('',(-77.204,3.5,19.48));
#16083 = LINE('',#16084,#16085);
#16084 = CARTESIAN_POINT('',(-77.204,3.5,7.99));
#16085 = VECTOR('',#16086,1.);
#16086 = DIRECTION('',(0.,0.,1.));
#16087 = ORIENTED_EDGE('',*,*,#16088,.T.);
#16088 = EDGE_CURVE('',#16081,#14001,#16089,.T.);
#16089 = LINE('',#16090,#16091);
#16090 = CARTESIAN_POINT('',(-77.204,3.5,19.48));
#16091 = VECTOR('',#16092,1.);
#16092 = DIRECTION('',(-1.,1.224646799147E-16,0.));
#16093 = ORIENTED_EDGE('',*,*,#14000,.F.);
#16094 = ORIENTED_EDGE('',*,*,#13863,.F.);
#16095 = PLANE('',#16096);
#16096 = AXIS2_PLACEMENT_3D('',#16097,#16098,#16099);
#16097 = CARTESIAN_POINT('',(-77.204,3.5,7.99));
#16098 = DIRECTION('',(-1.224646799147E-16,-1.,0.));
#16099 = DIRECTION('',(0.,0.,1.));
#16100 = ADVANCED_FACE('',(#16101),#16135,.T.);
#16101 = FACE_BOUND('',#16102,.T.);
#16102 = EDGE_LOOP('',(#16103,#16113,#16121,#16127,#16128,#16129));
#16103 = ORIENTED_EDGE('',*,*,#16104,.F.);
#16104 = EDGE_CURVE('',#16105,#16107,#16109,.T.);
#16105 = VERTEX_POINT('',#16106);
#16106 = CARTESIAN_POINT('',(-70.41808626223,37.191799444179,7.99));
#16107 = VERTEX_POINT('',#16108);
#16108 = CARTESIAN_POINT('',(-72.2577395908,38.253923788647,7.99));
#16109 = LINE('',#16110,#16111);
#16110 = CARTESIAN_POINT('',(-68.12679841475,35.868923788647,7.99));
#16111 = VECTOR('',#16112,1.);
#16112 = DIRECTION('',(-0.866025403784,0.5,0.));
#16113 = ORIENTED_EDGE('',*,*,#16114,.T.);
#16114 = EDGE_CURVE('',#16105,#16115,#16117,.T.);
#16115 = VERTEX_POINT('',#16116);
#16116 = CARTESIAN_POINT('',(-70.41808626223,37.191799444179,21.3));
#16117 = LINE('',#16118,#16119);
#16118 = CARTESIAN_POINT('',(-70.41808626223,37.191799444179,7.99));
#16119 = VECTOR('',#16120,1.);
#16120 = DIRECTION('',(0.,0.,1.));
#16121 = ORIENTED_EDGE('',*,*,#16122,.T.);
#16122 = EDGE_CURVE('',#16115,#13992,#16123,.T.);
#16123 = LINE('',#16124,#16125);
#16124 = CARTESIAN_POINT('',(-68.12679841475,35.868923788647,21.3));
#16125 = VECTOR('',#16126,1.);
#16126 = DIRECTION('',(-0.866025403784,0.5,0.));
#16127 = ORIENTED_EDGE('',*,*,#13991,.F.);
#16128 = ORIENTED_EDGE('',*,*,#13880,.F.);
#16129 = ORIENTED_EDGE('',*,*,#16130,.F.);
#16130 = EDGE_CURVE('',#16107,#13881,#16131,.T.);
#16131 = LINE('',#16132,#16133);
#16132 = CARTESIAN_POINT('',(-72.2577395908,38.253923788647,7.99));
#16133 = VECTOR('',#16134,1.);
#16134 = DIRECTION('',(0.,0.,1.));
#16135 = PLANE('',#16136);
#16136 = AXIS2_PLACEMENT_3D('',#16137,#16138,#16139);
#16137 = CARTESIAN_POINT('',(-68.12679841475,35.868923788647,7.99));
#16138 = DIRECTION('',(-0.5,-0.866025403784,0.));
#16139 = DIRECTION('',(0.,0.,1.));
#16140 = ADVANCED_FACE('',(#16141),#16159,.T.);
#16141 = FACE_BOUND('',#16142,.T.);
#16142 = EDGE_LOOP('',(#16143,#16151,#16157,#16158));
#16143 = ORIENTED_EDGE('',*,*,#16144,.F.);
#16144 = EDGE_CURVE('',#16145,#13889,#16147,.T.);
#16145 = VERTEX_POINT('',#16146);
#16146 = CARTESIAN_POINT('',(-69.2577395908,43.450076211353,7.99));
#16147 = LINE('',#16148,#16149);
#16148 = CARTESIAN_POINT('',(-69.2577395908,43.450076211353,7.99));
#16149 = VECTOR('',#16150,1.);
#16150 = DIRECTION('',(0.,0.,1.));
#16151 = ORIENTED_EDGE('',*,*,#16152,.T.);
#16152 = EDGE_CURVE('',#16145,#16107,#16153,.T.);
#16153 = LINE('',#16154,#16155);
#16154 = CARTESIAN_POINT('',(-69.2577395908,43.450076211353,7.99));
#16155 = VECTOR('',#16156,1.);
#16156 = DIRECTION('',(-0.5,-0.866025403784,0.));
#16157 = ORIENTED_EDGE('',*,*,#16130,.T.);
#16158 = ORIENTED_EDGE('',*,*,#13888,.F.);
#16159 = PLANE('',#16160);
#16160 = AXIS2_PLACEMENT_3D('',#16161,#16162,#16163);
#16161 = CARTESIAN_POINT('',(-69.2577395908,43.450076211353,7.99));
#16162 = DIRECTION('',(-0.866025403784,0.5,0.));
#16163 = DIRECTION('',(0.,0.,1.));
#16164 = ADVANCED_FACE('',(#16165),#16192,.F.);
#16165 = FACE_BOUND('',#16166,.F.);
#16166 = EDGE_LOOP('',(#16167,#16175,#16183,#16189,#16190,#16191));
#16167 = ORIENTED_EDGE('',*,*,#16168,.F.);
#16168 = EDGE_CURVE('',#16169,#16145,#16171,.T.);
#16169 = VERTEX_POINT('',#16170);
#16170 = CARTESIAN_POINT('',(-67.41808626223,42.387951866886,7.99));
#16171 = LINE('',#16172,#16173);
#16172 = CARTESIAN_POINT('',(-65.12679841475,41.065076211353,7.99));
#16173 = VECTOR('',#16174,1.);
#16174 = DIRECTION('',(-0.866025403784,0.5,0.));
#16175 = ORIENTED_EDGE('',*,*,#16176,.T.);
#16176 = EDGE_CURVE('',#16169,#16177,#16179,.T.);
#16177 = VERTEX_POINT('',#16178);
#16178 = CARTESIAN_POINT('',(-67.41808626223,42.387951866885,21.3));
#16179 = LINE('',#16180,#16181);
#16180 = CARTESIAN_POINT('',(-67.41808626223,42.387951866886,7.99));
#16181 = VECTOR('',#16182,1.);
#16182 = DIRECTION('',(0.,0.,1.));
#16183 = ORIENTED_EDGE('',*,*,#16184,.T.);
#16184 = EDGE_CURVE('',#16177,#14174,#16185,.T.);
#16185 = LINE('',#16186,#16187);
#16186 = CARTESIAN_POINT('',(-65.12679841475,41.065076211353,21.3));
#16187 = VECTOR('',#16188,1.);
#16188 = DIRECTION('',(-0.866025403784,0.5,0.));
#16189 = ORIENTED_EDGE('',*,*,#14173,.F.);
#16190 = ORIENTED_EDGE('',*,*,#13896,.F.);
#16191 = ORIENTED_EDGE('',*,*,#16144,.F.);
#16192 = PLANE('',#16193);
#16193 = AXIS2_PLACEMENT_3D('',#16194,#16195,#16196);
#16194 = CARTESIAN_POINT('',(-65.12679841475,41.065076211353,7.99));
#16195 = DIRECTION('',(-0.5,-0.866025403784,0.));
#16196 = DIRECTION('',(0.,0.,1.));
#16197 = ADVANCED_FACE('',(#16198),#16232,.T.);
#16198 = FACE_BOUND('',#16199,.T.);
#16199 = EDGE_LOOP('',(#16200,#16208,#16216,#16224,#16230,#16231));
#16200 = ORIENTED_EDGE('',*,*,#16201,.F.);
#16201 = EDGE_CURVE('',#16202,#13914,#16204,.T.);
#16202 = VERTEX_POINT('',#16203);
#16203 = CARTESIAN_POINT('',(-43.88308891324,69.007739590804,7.99));
#16204 = LINE('',#16205,#16206);
#16205 = CARTESIAN_POINT('',(-43.88308891324,69.007739590804,7.99));
#16206 = VECTOR('',#16207,1.);
#16207 = DIRECTION('',(0.,0.,1.));
#16208 = ORIENTED_EDGE('',*,*,#16209,.F.);
#16209 = EDGE_CURVE('',#16210,#16202,#16212,.T.);
#16210 = VERTEX_POINT('',#16211);
#16211 = CARTESIAN_POINT('',(-41.63308891324,65.110625273774,7.99));
#16212 = LINE('',#16213,#16214);
#16213 = CARTESIAN_POINT('',(-41.63308891324,65.110625273774,7.99));
#16214 = VECTOR('',#16215,1.);
#16215 = DIRECTION('',(-0.5,0.866025403784,0.));
#16216 = ORIENTED_EDGE('',*,*,#16217,.T.);
#16217 = EDGE_CURVE('',#16210,#16218,#16220,.T.);
#16218 = VERTEX_POINT('',#16219);
#16219 = CARTESIAN_POINT('',(-41.63308891324,65.110625273774,19.48));
#16220 = LINE('',#16221,#16222);
#16221 = CARTESIAN_POINT('',(-41.63308891324,65.110625273774,7.99));
#16222 = VECTOR('',#16223,1.);
#16223 = DIRECTION('',(0.,0.,1.));
#16224 = ORIENTED_EDGE('',*,*,#16225,.T.);
#16225 = EDGE_CURVE('',#16218,#14158,#16226,.T.);
#16226 = LINE('',#16227,#16228);
#16227 = CARTESIAN_POINT('',(-41.63308891324,65.110625273774,19.48));
#16228 = VECTOR('',#16229,1.);
#16229 = DIRECTION('',(-0.5,0.866025403784,0.));
#16230 = ORIENTED_EDGE('',*,*,#14166,.F.);
#16231 = ORIENTED_EDGE('',*,*,#13913,.F.);
#16232 = PLANE('',#16233);
#16233 = AXIS2_PLACEMENT_3D('',#16234,#16235,#16236);
#16234 = CARTESIAN_POINT('',(-41.63308891324,65.110625273774,7.99));
#16235 = DIRECTION('',(-0.866025403784,-0.5,0.));
#16236 = DIRECTION('',(0.,0.,1.));
#16237 = ADVANCED_FACE('',(#16238),#16256,.T.);
#16238 = FACE_BOUND('',#16239,.T.);
#16239 = EDGE_LOOP('',(#16240,#16248,#16254,#16255));
#16240 = ORIENTED_EDGE('',*,*,#16241,.F.);
#16241 = EDGE_CURVE('',#16242,#13922,#16244,.T.);
#16242 = VERTEX_POINT('',#16243);
#16243 = CARTESIAN_POINT('',(-37.82091108675,72.507739590804,7.99));
#16244 = LINE('',#16245,#16246);
#16245 = CARTESIAN_POINT('',(-37.82091108675,72.507739590804,7.99));
#16246 = VECTOR('',#16247,1.);
#16247 = DIRECTION('',(0.,0.,1.));
#16248 = ORIENTED_EDGE('',*,*,#16249,.T.);
#16249 = EDGE_CURVE('',#16242,#16202,#16250,.T.);
#16250 = LINE('',#16251,#16252);
#16251 = CARTESIAN_POINT('',(-37.82091108675,72.507739590804,7.99));
#16252 = VECTOR('',#16253,1.);
#16253 = DIRECTION('',(-0.866025403784,-0.5,0.));
#16254 = ORIENTED_EDGE('',*,*,#16201,.T.);
#16255 = ORIENTED_EDGE('',*,*,#13921,.F.);
#16256 = PLANE('',#16257);
#16257 = AXIS2_PLACEMENT_3D('',#16258,#16259,#16260);
#16258 = CARTESIAN_POINT('',(-37.82091108675,72.507739590804,7.99));
#16259 = DIRECTION('',(-0.5,0.866025403784,0.));
#16260 = DIRECTION('',(0.,0.,1.));
#16261 = ADVANCED_FACE('',(#16262),#16289,.F.);
#16262 = FACE_BOUND('',#16263,.F.);
#16263 = EDGE_LOOP('',(#16264,#16265,#16273,#16281,#16287,#16288));
#16264 = ORIENTED_EDGE('',*,*,#16241,.F.);
#16265 = ORIENTED_EDGE('',*,*,#16266,.F.);
#16266 = EDGE_CURVE('',#16267,#16242,#16269,.T.);
#16267 = VERTEX_POINT('',#16268);
#16268 = CARTESIAN_POINT('',(-35.57091108675,68.610625273774,7.99));
#16269 = LINE('',#16270,#16271);
#16270 = CARTESIAN_POINT('',(-35.57091108675,68.610625273774,7.99));
#16271 = VECTOR('',#16272,1.);
#16272 = DIRECTION('',(-0.5,0.866025403784,0.));
#16273 = ORIENTED_EDGE('',*,*,#16274,.T.);
#16274 = EDGE_CURVE('',#16267,#16275,#16277,.T.);
#16275 = VERTEX_POINT('',#16276);
#16276 = CARTESIAN_POINT('',(-35.57091108675,68.610625273774,19.48));
#16277 = LINE('',#16278,#16279);
#16278 = CARTESIAN_POINT('',(-35.57091108675,68.610625273774,7.99));
#16279 = VECTOR('',#16280,1.);
#16280 = DIRECTION('',(0.,0.,1.));
#16281 = ORIENTED_EDGE('',*,*,#16282,.T.);
#16282 = EDGE_CURVE('',#16275,#14150,#16283,.T.);
#16283 = LINE('',#16284,#16285);
#16284 = CARTESIAN_POINT('',(-35.57091108675,68.610625273774,19.48));
#16285 = VECTOR('',#16286,1.);
#16286 = DIRECTION('',(-0.5,0.866025403784,0.));
#16287 = ORIENTED_EDGE('',*,*,#14149,.F.);
#16288 = ORIENTED_EDGE('',*,*,#13929,.F.);
#16289 = PLANE('',#16290);
#16290 = AXIS2_PLACEMENT_3D('',#16291,#16292,#16293);
#16291 = CARTESIAN_POINT('',(-35.57091108675,68.610625273774,7.99));
#16292 = DIRECTION('',(-0.866025403784,-0.5,0.));
#16293 = DIRECTION('',(0.,0.,1.));
#16294 = ADVANCED_FACE('',(#16295),#16316,.T.);
#16295 = FACE_BOUND('',#16296,.T.);
#16296 = EDGE_LOOP('',(#16297,#16298,#16307,#16314,#16315));
#16297 = ORIENTED_EDGE('',*,*,#16122,.F.);
#16298 = ORIENTED_EDGE('',*,*,#16299,.F.);
#16299 = EDGE_CURVE('',#16300,#16115,#16302,.T.);
#16300 = VERTEX_POINT('',#16301);
#16301 = CARTESIAN_POINT('',(-70.09090002989,40.467,21.3));
#16302 = CIRCLE('',#16303,4.);
#16303 = AXIS2_PLACEMENT_3D('',#16304,#16305,#16306);
#16304 = CARTESIAN_POINT('',(-66.62679841475,38.467,21.3));
#16305 = DIRECTION('',(0.,0.,1.));
#16306 = DIRECTION('',(-0.866025403784,0.5,0.));
#16307 = ORIENTED_EDGE('',*,*,#16308,.F.);
#16308 = EDGE_CURVE('',#16177,#16300,#16309,.T.);
#16309 = CIRCLE('',#16310,4.);
#16310 = AXIS2_PLACEMENT_3D('',#16311,#16312,#16313);
#16311 = CARTESIAN_POINT('',(-66.62679841475,38.467,21.3));
#16312 = DIRECTION('',(0.,0.,1.));
#16313 = DIRECTION('',(-0.866025403784,0.5,0.));
#16314 = ORIENTED_EDGE('',*,*,#16184,.T.);
#16315 = ORIENTED_EDGE('',*,*,#14181,.T.);
#16316 = PLANE('',#16317);
#16317 = AXIS2_PLACEMENT_3D('',#16318,#16319,#16320);
#16318 = CARTESIAN_POINT('',(-65.12679841475,41.065076211353,21.3));
#16319 = DIRECTION('',(0.,0.,1.));
#16320 = DIRECTION('',(-0.866025403784,0.5,0.));
#16321 = ADVANCED_FACE('',(#16322,#16334),#16345,.T.);
#16322 = FACE_BOUND('',#16323,.T.);
#16323 = EDGE_LOOP('',(#16324,#16325,#16332,#16333));
#16324 = ORIENTED_EDGE('',*,*,#16031,.F.);
#16325 = ORIENTED_EDGE('',*,*,#16326,.T.);
#16326 = EDGE_CURVE('',#16024,#16081,#16327,.T.);
#16327 = CIRCLE('',#16328,3.5);
#16328 = AXIS2_PLACEMENT_3D('',#16329,#16330,#16331);
#16329 = CARTESIAN_POINT('',(-77.204,9.454763148137E-15,19.48));
#16330 = DIRECTION('',(0.,0.,1.));
#16331 = DIRECTION('',(-1.,1.224646799147E-16,0.));
#16332 = ORIENTED_EDGE('',*,*,#16088,.T.);
#16333 = ORIENTED_EDGE('',*,*,#14008,.T.);
#16334 = FACE_BOUND('',#16335,.T.);
#16335 = EDGE_LOOP('',(#16336));
#16336 = ORIENTED_EDGE('',*,*,#16337,.F.);
#16337 = EDGE_CURVE('',#16338,#16338,#16340,.T.);
#16338 = VERTEX_POINT('',#16339);
#16339 = CARTESIAN_POINT('',(-79.204,1.018955122763E-14,19.48));
#16340 = CIRCLE('',#16341,2.);
#16341 = AXIS2_PLACEMENT_3D('',#16342,#16343,#16344);
#16342 = CARTESIAN_POINT('',(-77.204,9.454763148137E-15,19.48));
#16343 = DIRECTION('',(0.,0.,1.));
#16344 = DIRECTION('',(-1.,1.224646799147E-16,0.));
#16345 = PLANE('',#16346);
#16346 = AXIS2_PLACEMENT_3D('',#16347,#16348,#16349);
#16347 = CARTESIAN_POINT('',(-77.204,3.5,19.48));
#16348 = DIRECTION('',(0.,0.,1.));
#16349 = DIRECTION('',(-1.,1.224646799147E-16,0.));
#16350 = ADVANCED_FACE('',(#16351,#16363),#16374,.T.);
#16351 = FACE_BOUND('',#16352,.T.);
#16352 = EDGE_LOOP('',(#16353,#16354,#16361,#16362));
#16353 = ORIENTED_EDGE('',*,*,#16225,.F.);
#16354 = ORIENTED_EDGE('',*,*,#16355,.T.);
#16355 = EDGE_CURVE('',#16218,#16275,#16356,.T.);
#16356 = CIRCLE('',#16357,3.5);
#16357 = AXIS2_PLACEMENT_3D('',#16358,#16359,#16360);
#16358 = CARTESIAN_POINT('',(-38.602,66.860625273774,19.48));
#16359 = DIRECTION('',(0.,0.,1.));
#16360 = DIRECTION('',(-0.5,0.866025403784,0.));
#16361 = ORIENTED_EDGE('',*,*,#16282,.T.);
#16362 = ORIENTED_EDGE('',*,*,#14157,.T.);
#16363 = FACE_BOUND('',#16364,.T.);
#16364 = EDGE_LOOP('',(#16365));
#16365 = ORIENTED_EDGE('',*,*,#16366,.F.);
#16366 = EDGE_CURVE('',#16367,#16367,#16369,.T.);
#16367 = VERTEX_POINT('',#16368);
#16368 = CARTESIAN_POINT('',(-39.602,68.592676081343,19.48));
#16369 = CIRCLE('',#16370,2.);
#16370 = AXIS2_PLACEMENT_3D('',#16371,#16372,#16373);
#16371 = CARTESIAN_POINT('',(-38.602,66.860625273774,19.48));
#16372 = DIRECTION('',(0.,0.,1.));
#16373 = DIRECTION('',(-0.5,0.866025403784,0.));
#16374 = PLANE('',#16375);
#16375 = AXIS2_PLACEMENT_3D('',#16376,#16377,#16378);
#16376 = CARTESIAN_POINT('',(-35.57091108675,68.610625273774,19.48));
#16377 = DIRECTION('',(0.,0.,1.));
#16378 = DIRECTION('',(-0.5,0.866025403784,0.));
#16379 = ADVANCED_FACE('',(#16380,#16392),#16403,.T.);
#16380 = FACE_BOUND('',#16381,.T.);
#16381 = EDGE_LOOP('',(#16382,#16383,#16390,#16391));
#16382 = ORIENTED_EDGE('',*,*,#15934,.F.);
#16383 = ORIENTED_EDGE('',*,*,#16384,.T.);
#16384 = EDGE_CURVE('',#15927,#15984,#16385,.T.);
#16385 = CIRCLE('',#16386,3.5);
#16386 = AXIS2_PLACEMENT_3D('',#16387,#16388,#16389);
#16387 = CARTESIAN_POINT('',(-38.602,-66.86062527377,19.48));
#16388 = DIRECTION('',(0.,0.,1.));
#16389 = DIRECTION('',(-0.5,-0.866025403784,0.));
#16390 = ORIENTED_EDGE('',*,*,#15991,.T.);
#16391 = ORIENTED_EDGE('',*,*,#14032,.T.);
#16392 = FACE_BOUND('',#16393,.T.);
#16393 = EDGE_LOOP('',(#16394));
#16394 = ORIENTED_EDGE('',*,*,#16395,.F.);
#16395 = EDGE_CURVE('',#16396,#16396,#16398,.T.);
#16396 = VERTEX_POINT('',#16397);
#16397 = CARTESIAN_POINT('',(-39.602,-68.59267608134,19.48));
#16398 = CIRCLE('',#16399,2.);
#16399 = AXIS2_PLACEMENT_3D('',#16400,#16401,#16402);
#16400 = CARTESIAN_POINT('',(-38.602,-66.86062527377,19.48));
#16401 = DIRECTION('',(0.,0.,1.));
#16402 = DIRECTION('',(-0.5,-0.866025403784,0.));
#16403 = PLANE('',#16404);
#16404 = AXIS2_PLACEMENT_3D('',#16405,#16406,#16407);
#16405 = CARTESIAN_POINT('',(-41.63308891324,-65.11062527377,19.48));
#16406 = DIRECTION('',(0.,0.,1.));
#16407 = DIRECTION('',(-0.5,-0.866025403784,0.));
#16408 = ADVANCED_FACE('',(#16409),#16415,.T.);
#16409 = FACE_BOUND('',#16410,.T.);
#16410 = EDGE_LOOP('',(#16411,#16412,#16413,#16414));
#16411 = ORIENTED_EDGE('',*,*,#15854,.F.);
#16412 = ORIENTED_EDGE('',*,*,#15879,.F.);
#16413 = ORIENTED_EDGE('',*,*,#15895,.T.);
#16414 = ORIENTED_EDGE('',*,*,#14056,.T.);
#16415 = PLANE('',#16416);
#16416 = AXIS2_PLACEMENT_3D('',#16417,#16418,#16419);
#16417 = CARTESIAN_POINT('',(-22.24772003186,-77.01132104686,18.));
#16418 = DIRECTION('',(0.,0.,1.));
#16419 = DIRECTION('',(-0.207911690818,-0.978147600734,0.));
#16420 = ADVANCED_FACE('',(#16421),#16442,.T.);
#16421 = FACE_BOUND('',#16422,.T.);
#16422 = EDGE_LOOP('',(#16423,#16424,#16433,#16440,#16441));
#16423 = ORIENTED_EDGE('',*,*,#15766,.F.);
#16424 = ORIENTED_EDGE('',*,*,#16425,.F.);
#16425 = EDGE_CURVE('',#16426,#15759,#16428,.T.);
#16426 = VERTEX_POINT('',#16427);
#16427 = CARTESIAN_POINT('',(-1.600044238586E-14,-80.934,21.3));
#16428 = CIRCLE('',#16429,4.);
#16429 = AXIS2_PLACEMENT_3D('',#16430,#16431,#16432);
#16430 = CARTESIAN_POINT('',(-1.413254652684E-14,-76.934,21.3));
#16431 = DIRECTION('',(0.,0.,1.));
#16432 = DIRECTION('',(-2.22044604925E-16,-1.,0.));
#16433 = ORIENTED_EDGE('',*,*,#16434,.F.);
#16434 = EDGE_CURVE('',#15821,#16426,#16435,.T.);
#16435 = CIRCLE('',#16436,4.);
#16436 = AXIS2_PLACEMENT_3D('',#16437,#16438,#16439);
#16437 = CARTESIAN_POINT('',(-1.413254652684E-14,-76.934,21.3));
#16438 = DIRECTION('',(0.,0.,1.));
#16439 = DIRECTION('',(-2.22044604925E-16,-1.,0.));
#16440 = ORIENTED_EDGE('',*,*,#15828,.T.);
#16441 = ORIENTED_EDGE('',*,*,#14080,.T.);
#16442 = PLANE('',#16443);
#16443 = AXIS2_PLACEMENT_3D('',#16444,#16445,#16446);
#16444 = CARTESIAN_POINT('',(-3.,-76.934,21.3));
#16445 = DIRECTION('',(0.,0.,1.));
#16446 = DIRECTION('',(-2.22044604925E-16,-1.,0.));
#16447 = ADVANCED_FACE('',(#16448),#16451,.T.);
#16448 = FACE_BOUND('',#16449,.T.);
#16449 = EDGE_LOOP('',(#16450));
#16450 = ORIENTED_EDGE('',*,*,#14727,.T.);
#16451 = PLANE('',#16452);
#16452 = AXIS2_PLACEMENT_3D('',#16453,#16454,#16455);
#16453 = CARTESIAN_POINT('',(58.240208404503,-33.625,32.58));
#16454 = DIRECTION('',(0.,0.,1.));
#16455 = DIRECTION('',(0.866025403784,-0.5,0.));
#16456 = ADVANCED_FACE('',(#16457),#16469,.T.);
#16457 = FACE_BOUND('',#16458,.T.);
#16458 = EDGE_LOOP('',(#16459,#16460,#16461,#16467,#16468));
#16459 = ORIENTED_EDGE('',*,*,#14752,.F.);
#16460 = ORIENTED_EDGE('',*,*,#14775,.T.);
#16461 = ORIENTED_EDGE('',*,*,#16462,.F.);
#16462 = EDGE_CURVE('',#14849,#14776,#16463,.T.);
#16463 = LINE('',#16464,#16465);
#16464 = CARTESIAN_POINT('',(66.25,-20.,29.8));
#16465 = VECTOR('',#16466,1.);
#16466 = DIRECTION('',(0.,-1.,0.));
#16467 = ORIENTED_EDGE('',*,*,#14856,.F.);
#16468 = ORIENTED_EDGE('',*,*,#14880,.F.);
#16469 = PLANE('',#16470);
#16470 = AXIS2_PLACEMENT_3D('',#16471,#16472,#16473);
#16471 = CARTESIAN_POINT('',(62.,-20.,29.8));
#16472 = DIRECTION('',(0.,0.,1.));
#16473 = DIRECTION('',(1.,0.,0.));
#16474 = ADVANCED_FACE('',(#16475),#16481,.T.);
#16475 = FACE_BOUND('',#16476,.T.);
#16476 = EDGE_LOOP('',(#16477,#16478,#16479,#16480));
#16477 = ORIENTED_EDGE('',*,*,#14801,.F.);
#16478 = ORIENTED_EDGE('',*,*,#14913,.T.);
#16479 = ORIENTED_EDGE('',*,*,#14848,.T.);
#16480 = ORIENTED_EDGE('',*,*,#16462,.T.);
#16481 = PLANE('',#16482);
#16482 = AXIS2_PLACEMENT_3D('',#16483,#16484,#16485);
#16483 = CARTESIAN_POINT('',(66.25,-20.,27.4));
#16484 = DIRECTION('',(1.,0.,0.));
#16485 = DIRECTION('',(0.,0.,1.));
#16486 = ADVANCED_FACE('',(#16487),#16490,.T.);
#16487 = FACE_BOUND('',#16488,.T.);
#16488 = EDGE_LOOP('',(#16489));
#16489 = ORIENTED_EDGE('',*,*,#14949,.T.);
#16490 = PLANE('',#16491);
#16491 = AXIS2_PLACEMENT_3D('',#16492,#16493,#16494);
#16492 = CARTESIAN_POINT('',(33.625,58.240208404503,32.58));
#16493 = DIRECTION('',(0.,0.,1.));
#16494 = DIRECTION('',(0.5,0.866025403784,0.));
#16495 = ADVANCED_FACE('',(#16496),#16499,.T.);
#16496 = FACE_BOUND('',#16497,.T.);
#16497 = EDGE_LOOP('',(#16498));
#16498 = ORIENTED_EDGE('',*,*,#15004,.T.);
#16499 = PLANE('',#16500);
#16500 = AXIS2_PLACEMENT_3D('',#16501,#16502,#16503);
#16501 = CARTESIAN_POINT('',(-58.2402084045,-33.625,32.58));
#16502 = DIRECTION('',(0.,0.,1.));
#16503 = DIRECTION('',(-0.866025403784,-0.5,0.));
#16504 = ADVANCED_FACE('',(#16505),#16516,.F.);
#16505 = FACE_BOUND('',#16506,.F.);
#16506 = EDGE_LOOP('',(#16507,#16508,#16514,#16515));
#16507 = ORIENTED_EDGE('',*,*,#15731,.F.);
#16508 = ORIENTED_EDGE('',*,*,#16509,.T.);
#16509 = EDGE_CURVE('',#15724,#15298,#16510,.T.);
#16510 = LINE('',#16511,#16512);
#16511 = CARTESIAN_POINT('',(45.857180819361,-61.65121720858,7.99));
#16512 = VECTOR('',#16513,1.);
#16513 = DIRECTION('',(0.766044443119,0.642787609687,0.));
#16514 = ORIENTED_EDGE('',*,*,#15305,.T.);
#16515 = ORIENTED_EDGE('',*,*,#15103,.F.);
#16516 = PLANE('',#16517);
#16517 = AXIS2_PLACEMENT_3D('',#16518,#16519,#16520);
#16518 = CARTESIAN_POINT('',(45.857180819361,-61.65121720858,7.99));
#16519 = DIRECTION('',(0.642787609687,-0.766044443119,0.));
#16520 = DIRECTION('',(0.,0.,1.));
#16521 = ADVANCED_FACE('',(#16522),#16528,.T.);
#16522 = FACE_BOUND('',#16523,.T.);
#16523 = EDGE_LOOP('',(#16524,#16525,#16526,#16527));
#16524 = ORIENTED_EDGE('',*,*,#15187,.F.);
#16525 = ORIENTED_EDGE('',*,*,#15262,.T.);
#16526 = ORIENTED_EDGE('',*,*,#15246,.T.);
#16527 = ORIENTED_EDGE('',*,*,#15214,.F.);
#16528 = PLANE('',#16529);
#16529 = AXIS2_PLACEMENT_3D('',#16530,#16531,#16532);
#16530 = CARTESIAN_POINT('',(50.148022788637,-60.23080346791,24.6));
#16531 = DIRECTION('',(0.,0.,1.));
#16532 = DIRECTION('',(0.642787609687,-0.766044443119,0.));
#16533 = ADVANCED_FACE('',(#16534),#16540,.F.);
#16534 = FACE_BOUND('',#16535,.F.);
#16535 = EDGE_LOOP('',(#16536,#16537,#16538,#16539));
#16536 = ORIENTED_EDGE('',*,*,#16509,.F.);
#16537 = ORIENTED_EDGE('',*,*,#15723,.T.);
#16538 = ORIENTED_EDGE('',*,*,#15706,.T.);
#16539 = ORIENTED_EDGE('',*,*,#15297,.F.);
#16540 = PLANE('',#16541);
#16541 = AXIS2_PLACEMENT_3D('',#16542,#16543,#16544);
#16542 = CARTESIAN_POINT('',(45.857180819361,-61.65121720858,7.99));
#16543 = DIRECTION('',(0.,0.,1.));
#16544 = DIRECTION('',(0.642787609687,-0.766044443119,0.));
#16545 = ADVANCED_FACE('',(#16546),#16558,.T.);
#16546 = FACE_BOUND('',#16547,.T.);
#16547 = EDGE_LOOP('',(#16548,#16549,#16550,#16557));
#16548 = ORIENTED_EDGE('',*,*,#15370,.F.);
#16549 = ORIENTED_EDGE('',*,*,#15414,.F.);
#16550 = ORIENTED_EDGE('',*,*,#16551,.T.);
#16551 = EDGE_CURVE('',#15407,#15331,#16552,.T.);
#16552 = CIRCLE('',#16553,3.5);
#16553 = AXIS2_PLACEMENT_3D('',#16554,#16555,#16556);
#16554 = CARTESIAN_POINT('',(59.141695186558,-49.62577461824,7.99));
#16555 = DIRECTION('',(-0.,0.,1.));
#16556 = DIRECTION('',(0.766044443119,-0.642787609687,0.));
#16557 = ORIENTED_EDGE('',*,*,#15338,.T.);
#16558 = CYLINDRICAL_SURFACE('',#16559,3.5);
#16559 = AXIS2_PLACEMENT_3D('',#16560,#16561,#16562);
#16560 = CARTESIAN_POINT('',(59.141695186558,-49.62577461824,7.99));
#16561 = DIRECTION('',(0.,0.,1.));
#16562 = DIRECTION('',(0.766044443119,-0.642787609687,0.));
#16563 = ADVANCED_FACE('',(#16564,#16570),#16581,.F.);
#16564 = FACE_BOUND('',#16565,.F.);
#16565 = EDGE_LOOP('',(#16566,#16567,#16568,#16569));
#16566 = ORIENTED_EDGE('',*,*,#15406,.F.);
#16567 = ORIENTED_EDGE('',*,*,#16551,.T.);
#16568 = ORIENTED_EDGE('',*,*,#15330,.T.);
#16569 = ORIENTED_EDGE('',*,*,#15682,.T.);
#16570 = FACE_BOUND('',#16571,.F.);
#16571 = EDGE_LOOP('',(#16572));
#16572 = ORIENTED_EDGE('',*,*,#16573,.F.);
#16573 = EDGE_CURVE('',#16574,#16574,#16576,.T.);
#16574 = VERTEX_POINT('',#16575);
#16575 = CARTESIAN_POINT('',(60.673784072796,-50.91134983761,7.99));
#16576 = CIRCLE('',#16577,2.);
#16577 = AXIS2_PLACEMENT_3D('',#16578,#16579,#16580);
#16578 = CARTESIAN_POINT('',(59.141695186558,-49.62577461824,7.99));
#16579 = DIRECTION('',(0.,0.,1.));
#16580 = DIRECTION('',(0.766044443119,-0.642787609687,0.));
#16581 = PLANE('',#16582);
#16582 = AXIS2_PLACEMENT_3D('',#16583,#16584,#16585);
#16583 = CARTESIAN_POINT('',(56.891938552655,-52.30693016915,7.99));
#16584 = DIRECTION('',(0.,0.,1.));
#16585 = DIRECTION('',(0.766044443119,-0.642787609687,0.));
#16586 = ADVANCED_FACE('',(#16587),#16606,.F.);
#16587 = FACE_BOUND('',#16588,.F.);
#16588 = EDGE_LOOP('',(#16589,#16590,#16598,#16605));
#16589 = ORIENTED_EDGE('',*,*,#15381,.F.);
#16590 = ORIENTED_EDGE('',*,*,#16591,.F.);
#16591 = EDGE_CURVE('',#16592,#15382,#16594,.T.);
#16592 = VERTEX_POINT('',#16593);
#16593 = CARTESIAN_POINT('',(60.673784072796,-50.91134983761,15.18));
#16594 = LINE('',#16595,#16596);
#16595 = CARTESIAN_POINT('',(60.673784072796,-50.91134983761,15.18));
#16596 = VECTOR('',#16597,1.);
#16597 = DIRECTION('',(0.,0.,1.));
#16598 = ORIENTED_EDGE('',*,*,#16599,.T.);
#16599 = EDGE_CURVE('',#16592,#16592,#16600,.T.);
#16600 = CIRCLE('',#16601,2.);
#16601 = AXIS2_PLACEMENT_3D('',#16602,#16603,#16604);
#16602 = CARTESIAN_POINT('',(59.141695186558,-49.62577461824,15.18));
#16603 = DIRECTION('',(-0.,0.,1.));
#16604 = DIRECTION('',(0.766044443119,-0.642787609687,0.));
#16605 = ORIENTED_EDGE('',*,*,#16591,.T.);
#16606 = CYLINDRICAL_SURFACE('',#16607,2.);
#16607 = AXIS2_PLACEMENT_3D('',#16608,#16609,#16610);
#16608 = CARTESIAN_POINT('',(59.141695186558,-49.62577461824,15.18));
#16609 = DIRECTION('',(0.,0.,1.));
#16610 = DIRECTION('',(0.766044443119,-0.642787609687,0.));
#16611 = ADVANCED_FACE('',(#16612,#16624),#16635,.F.);
#16612 = FACE_BOUND('',#16613,.F.);
#16613 = EDGE_LOOP('',(#16614,#16615,#16622,#16623));
#16614 = ORIENTED_EDGE('',*,*,#15505,.F.);
#16615 = ORIENTED_EDGE('',*,*,#16616,.T.);
#16616 = EDGE_CURVE('',#15506,#15432,#16617,.T.);
#16617 = CIRCLE('',#16618,4.);
#16618 = AXIS2_PLACEMENT_3D('',#16619,#16620,#16621);
#16619 = CARTESIAN_POINT('',(66.626798414752,38.467,7.99));
#16620 = DIRECTION('',(0.,-0.,1.));
#16621 = DIRECTION('',(0.866025403784,0.5,0.));
#16622 = ORIENTED_EDGE('',*,*,#15431,.T.);
#16623 = ORIENTED_EDGE('',*,*,#15665,.T.);
#16624 = FACE_BOUND('',#16625,.F.);
#16625 = EDGE_LOOP('',(#16626));
#16626 = ORIENTED_EDGE('',*,*,#16627,.F.);
#16627 = EDGE_CURVE('',#16628,#16628,#16630,.T.);
#16628 = VERTEX_POINT('',#16629);
#16629 = CARTESIAN_POINT('',(68.835163194402,39.742,7.99));
#16630 = CIRCLE('',#16631,2.55);
#16631 = AXIS2_PLACEMENT_3D('',#16632,#16633,#16634);
#16632 = CARTESIAN_POINT('',(66.626798414752,38.467,7.99));
#16633 = DIRECTION('',(0.,0.,1.));
#16634 = DIRECTION('',(0.866025403784,0.5,-0.));
#16635 = PLANE('',#16636);
#16636 = AXIS2_PLACEMENT_3D('',#16637,#16638,#16639);
#16637 = CARTESIAN_POINT('',(68.126798414752,35.868923788647,7.99));
#16638 = DIRECTION('',(0.,0.,1.));
#16639 = DIRECTION('',(0.866025403784,0.5,0.));
#16640 = ADVANCED_FACE('',(#16641),#16698,.T.);
#16641 = FACE_BOUND('',#16642,.T.);
#16642 = EDGE_LOOP('',(#16643,#16644,#16652,#16661,#16669,#16678,#16686,
    #16693,#16694,#16695,#16696,#16697));
#16643 = ORIENTED_EDGE('',*,*,#15488,.T.);
#16644 = ORIENTED_EDGE('',*,*,#16645,.T.);
#16645 = EDGE_CURVE('',#15480,#16646,#16648,.T.);
#16646 = VERTEX_POINT('',#16647);
#16647 = CARTESIAN_POINT('',(70.09090002989,40.467,23.));
#16648 = LINE('',#16649,#16650);
#16649 = CARTESIAN_POINT('',(70.09090002989,40.467,7.99));
#16650 = VECTOR('',#16651,1.);
#16651 = DIRECTION('',(0.,0.,1.));
#16652 = ORIENTED_EDGE('',*,*,#16653,.F.);
#16653 = EDGE_CURVE('',#16654,#16646,#16656,.T.);
#16654 = VERTEX_POINT('',#16655);
#16655 = CARTESIAN_POINT('',(70.505408332339,37.48905056,23.));
#16656 = CIRCLE('',#16657,4.);
#16657 = AXIS2_PLACEMENT_3D('',#16658,#16659,#16660);
#16658 = CARTESIAN_POINT('',(66.626798414752,38.467,23.));
#16659 = DIRECTION('',(0.,0.,1.));
#16660 = DIRECTION('',(0.866025403784,0.5,-0.));
#16661 = ORIENTED_EDGE('',*,*,#16662,.T.);
#16662 = EDGE_CURVE('',#16654,#16663,#16665,.T.);
#16663 = VERTEX_POINT('',#16664);
#16664 = CARTESIAN_POINT('',(70.505408332339,37.489050559999,23.3));
#16665 = LINE('',#16666,#16667);
#16666 = CARTESIAN_POINT('',(70.505408332339,37.489050559999,7.99));
#16667 = VECTOR('',#16668,1.);
#16668 = DIRECTION('',(0.,0.,1.));
#16669 = ORIENTED_EDGE('',*,*,#16670,.F.);
#16670 = EDGE_CURVE('',#16671,#16663,#16673,.T.);
#16671 = VERTEX_POINT('',#16672);
#16672 = CARTESIAN_POINT('',(67.719174314888,42.314949440001,23.3));
#16673 = CIRCLE('',#16674,4.);
#16674 = AXIS2_PLACEMENT_3D('',#16675,#16676,#16677);
#16675 = CARTESIAN_POINT('',(66.626798414752,38.467,23.3));
#16676 = DIRECTION('',(0.,-0.,1.));
#16677 = DIRECTION('',(0.866025403784,0.5,0.));
#16678 = ORIENTED_EDGE('',*,*,#16679,.F.);
#16679 = EDGE_CURVE('',#16680,#16671,#16682,.T.);
#16680 = VERTEX_POINT('',#16681);
#16681 = CARTESIAN_POINT('',(67.719174314888,42.31494944,23.));
#16682 = LINE('',#16683,#16684);
#16683 = CARTESIAN_POINT('',(67.719174314888,42.314949440001,7.99));
#16684 = VECTOR('',#16685,1.);
#16685 = DIRECTION('',(0.,0.,1.));
#16686 = ORIENTED_EDGE('',*,*,#16687,.F.);
#16687 = EDGE_CURVE('',#16646,#16680,#16688,.T.);
#16688 = CIRCLE('',#16689,4.);
#16689 = AXIS2_PLACEMENT_3D('',#16690,#16691,#16692);
#16690 = CARTESIAN_POINT('',(66.626798414752,38.467,23.));
#16691 = DIRECTION('',(0.,0.,1.));
#16692 = DIRECTION('',(0.866025403784,0.5,-0.));
#16693 = ORIENTED_EDGE('',*,*,#16645,.F.);
#16694 = ORIENTED_EDGE('',*,*,#15479,.T.);
#16695 = ORIENTED_EDGE('',*,*,#15515,.F.);
#16696 = ORIENTED_EDGE('',*,*,#16616,.T.);
#16697 = ORIENTED_EDGE('',*,*,#15441,.T.);
#16698 = CYLINDRICAL_SURFACE('',#16699,4.);
#16699 = AXIS2_PLACEMENT_3D('',#16700,#16701,#16702);
#16700 = CARTESIAN_POINT('',(66.626798414752,38.467,7.99));
#16701 = DIRECTION('',(0.,0.,1.));
#16702 = DIRECTION('',(0.866025403784,0.5,0.));
#16703 = ADVANCED_FACE('',(#16704),#16716,.T.);
#16704 = FACE_BOUND('',#16705,.T.);
#16705 = EDGE_LOOP('',(#16706,#16707,#16708,#16715));
#16706 = ORIENTED_EDGE('',*,*,#15579,.F.);
#16707 = ORIENTED_EDGE('',*,*,#15554,.F.);
#16708 = ORIENTED_EDGE('',*,*,#16709,.T.);
#16709 = EDGE_CURVE('',#15547,#15623,#16710,.T.);
#16710 = CIRCLE('',#16711,3.5);
#16711 = AXIS2_PLACEMENT_3D('',#16712,#16713,#16714);
#16712 = CARTESIAN_POINT('',(49.62577461824,59.141695186558,7.99));
#16713 = DIRECTION('',(0.,-0.,1.));
#16714 = DIRECTION('',(0.642787609687,0.766044443119,0.));
#16715 = ORIENTED_EDGE('',*,*,#15630,.T.);
#16716 = CYLINDRICAL_SURFACE('',#16717,3.5);
#16717 = AXIS2_PLACEMENT_3D('',#16718,#16719,#16720);
#16718 = CARTESIAN_POINT('',(49.62577461824,59.141695186558,7.99));
#16719 = DIRECTION('',(0.,0.,1.));
#16720 = DIRECTION('',(0.642787609687,0.766044443119,0.));
#16721 = ADVANCED_FACE('',(#16722),#16728,.F.);
#16722 = FACE_BOUND('',#16723,.F.);
#16723 = EDGE_LOOP('',(#16724,#16725,#16726,#16727));
#16724 = ORIENTED_EDGE('',*,*,#15546,.F.);
#16725 = ORIENTED_EDGE('',*,*,#16709,.T.);
#16726 = ORIENTED_EDGE('',*,*,#15622,.T.);
#16727 = ORIENTED_EDGE('',*,*,#15648,.T.);
#16728 = PLANE('',#16729);
#16729 = AXIS2_PLACEMENT_3D('',#16730,#16731,#16732);
#16730 = CARTESIAN_POINT('',(52.306930169156,56.891938552655,7.99));
#16731 = DIRECTION('',(0.,0.,1.));
#16732 = DIRECTION('',(0.642787609687,0.766044443119,0.));
#16733 = ADVANCED_FACE('',(#16734),#16753,.F.);
#16734 = FACE_BOUND('',#16735,.F.);
#16735 = EDGE_LOOP('',(#16736,#16737,#16745,#16752));
#16736 = ORIENTED_EDGE('',*,*,#15597,.F.);
#16737 = ORIENTED_EDGE('',*,*,#16738,.F.);
#16738 = EDGE_CURVE('',#16739,#15598,#16741,.T.);
#16739 = VERTEX_POINT('',#16740);
#16740 = CARTESIAN_POINT('',(50.911349837613,60.673784072796,15.18));
#16741 = LINE('',#16742,#16743);
#16742 = CARTESIAN_POINT('',(50.911349837613,60.673784072796,15.18));
#16743 = VECTOR('',#16744,1.);
#16744 = DIRECTION('',(0.,0.,1.));
#16745 = ORIENTED_EDGE('',*,*,#16746,.T.);
#16746 = EDGE_CURVE('',#16739,#16739,#16747,.T.);
#16747 = CIRCLE('',#16748,2.);
#16748 = AXIS2_PLACEMENT_3D('',#16749,#16750,#16751);
#16749 = CARTESIAN_POINT('',(49.62577461824,59.141695186558,15.18));
#16750 = DIRECTION('',(0.,-0.,1.));
#16751 = DIRECTION('',(0.642787609687,0.766044443119,0.));
#16752 = ORIENTED_EDGE('',*,*,#16738,.T.);
#16753 = CYLINDRICAL_SURFACE('',#16754,2.);
#16754 = AXIS2_PLACEMENT_3D('',#16755,#16756,#16757);
#16755 = CARTESIAN_POINT('',(49.62577461824,59.141695186558,15.18));
#16756 = DIRECTION('',(0.,0.,1.));
#16757 = DIRECTION('',(0.642787609687,0.766044443119,0.));
#16758 = ADVANCED_FACE('',(#16759,#16771),#16782,.F.);
#16759 = FACE_BOUND('',#16760,.F.);
#16760 = EDGE_LOOP('',(#16761,#16762,#16769,#16770));
#16761 = ORIENTED_EDGE('',*,*,#15748,.F.);
#16762 = ORIENTED_EDGE('',*,*,#16763,.T.);
#16763 = EDGE_CURVE('',#15749,#15813,#16764,.T.);
#16764 = CIRCLE('',#16765,4.);
#16765 = AXIS2_PLACEMENT_3D('',#16766,#16767,#16768);
#16766 = CARTESIAN_POINT('',(-1.413254652684E-14,-76.934,7.99));
#16767 = DIRECTION('',(0.,0.,1.));
#16768 = DIRECTION('',(-2.22044604925E-16,-1.,0.));
#16769 = ORIENTED_EDGE('',*,*,#15812,.T.);
#16770 = ORIENTED_EDGE('',*,*,#15796,.T.);
#16771 = FACE_BOUND('',#16772,.F.);
#16772 = EDGE_LOOP('',(#16773));
#16773 = ORIENTED_EDGE('',*,*,#16774,.F.);
#16774 = EDGE_CURVE('',#16775,#16775,#16777,.T.);
#16775 = VERTEX_POINT('',#16776);
#16776 = CARTESIAN_POINT('',(-1.532333013696E-14,-79.484,7.99));
#16777 = CIRCLE('',#16778,2.55);
#16778 = AXIS2_PLACEMENT_3D('',#16779,#16780,#16781);
#16779 = CARTESIAN_POINT('',(-1.413254652684E-14,-76.934,7.99));
#16780 = DIRECTION('',(0.,0.,1.));
#16781 = DIRECTION('',(-2.22044604925E-16,-1.,0.));
#16782 = PLANE('',#16783);
#16783 = AXIS2_PLACEMENT_3D('',#16784,#16785,#16786);
#16784 = CARTESIAN_POINT('',(-3.,-76.934,7.99));
#16785 = DIRECTION('',(0.,0.,1.));
#16786 = DIRECTION('',(-2.22044604925E-16,-1.,0.));
#16787 = ADVANCED_FACE('',(#16788),#16845,.T.);
#16788 = FACE_BOUND('',#16789,.T.);
#16789 = EDGE_LOOP('',(#16790,#16791,#16799,#16808,#16816,#16825,#16833,
    #16840,#16841,#16842,#16843,#16844));
#16790 = ORIENTED_EDGE('',*,*,#16434,.T.);
#16791 = ORIENTED_EDGE('',*,*,#16792,.T.);
#16792 = EDGE_CURVE('',#16426,#16793,#16795,.T.);
#16793 = VERTEX_POINT('',#16794);
#16794 = CARTESIAN_POINT('',(-1.600044238586E-14,-80.934,23.));
#16795 = LINE('',#16796,#16797);
#16796 = CARTESIAN_POINT('',(-1.600044238586E-14,-80.934,7.99));
#16797 = VECTOR('',#16798,1.);
#16798 = DIRECTION('',(0.,0.,1.));
#16799 = ORIENTED_EDGE('',*,*,#16800,.F.);
#16800 = EDGE_CURVE('',#16801,#16793,#16803,.T.);
#16801 = VERTEX_POINT('',#16802);
#16802 = CARTESIAN_POINT('',(-2.786234017451,-79.804,23.));
#16803 = CIRCLE('',#16804,4.);
#16804 = AXIS2_PLACEMENT_3D('',#16805,#16806,#16807);
#16805 = CARTESIAN_POINT('',(-1.413254652684E-14,-76.934,23.));
#16806 = DIRECTION('',(0.,0.,1.));
#16807 = DIRECTION('',(-2.22044604925E-16,-1.,0.));
#16808 = ORIENTED_EDGE('',*,*,#16809,.T.);
#16809 = EDGE_CURVE('',#16801,#16810,#16812,.T.);
#16810 = VERTEX_POINT('',#16811);
#16811 = CARTESIAN_POINT('',(-2.786234017451,-79.804,23.3));
#16812 = LINE('',#16813,#16814);
#16813 = CARTESIAN_POINT('',(-2.786234017451,-79.804,7.99));
#16814 = VECTOR('',#16815,1.);
#16815 = DIRECTION('',(0.,0.,1.));
#16816 = ORIENTED_EDGE('',*,*,#16817,.F.);
#16817 = EDGE_CURVE('',#16818,#16810,#16820,.T.);
#16818 = VERTEX_POINT('',#16819);
#16819 = CARTESIAN_POINT('',(2.786234017451,-79.804,23.3));
#16820 = CIRCLE('',#16821,4.);
#16821 = AXIS2_PLACEMENT_3D('',#16822,#16823,#16824);
#16822 = CARTESIAN_POINT('',(-1.413254652684E-14,-76.934,23.3));
#16823 = DIRECTION('',(0.,0.,1.));
#16824 = DIRECTION('',(-2.22044604925E-16,-1.,0.));
#16825 = ORIENTED_EDGE('',*,*,#16826,.F.);
#16826 = EDGE_CURVE('',#16827,#16818,#16829,.T.);
#16827 = VERTEX_POINT('',#16828);
#16828 = CARTESIAN_POINT('',(2.786234017451,-79.804,23.));
#16829 = LINE('',#16830,#16831);
#16830 = CARTESIAN_POINT('',(2.786234017451,-79.804,7.99));
#16831 = VECTOR('',#16832,1.);
#16832 = DIRECTION('',(0.,0.,1.));
#16833 = ORIENTED_EDGE('',*,*,#16834,.F.);
#16834 = EDGE_CURVE('',#16793,#16827,#16835,.T.);
#16835 = CIRCLE('',#16836,4.);
#16836 = AXIS2_PLACEMENT_3D('',#16837,#16838,#16839);
#16837 = CARTESIAN_POINT('',(-1.413254652684E-14,-76.934,23.));
#16838 = DIRECTION('',(0.,0.,1.));
#16839 = DIRECTION('',(-2.22044604925E-16,-1.,0.));
#16840 = ORIENTED_EDGE('',*,*,#16792,.F.);
#16841 = ORIENTED_EDGE('',*,*,#16425,.T.);
#16842 = ORIENTED_EDGE('',*,*,#15758,.F.);
#16843 = ORIENTED_EDGE('',*,*,#16763,.T.);
#16844 = ORIENTED_EDGE('',*,*,#15820,.T.);
#16845 = CYLINDRICAL_SURFACE('',#16846,4.);
#16846 = AXIS2_PLACEMENT_3D('',#16847,#16848,#16849);
#16847 = CARTESIAN_POINT('',(-1.413254652684E-14,-76.934,7.99));
#16848 = DIRECTION('',(0.,0.,1.));
#16849 = DIRECTION('',(-2.22044604925E-16,-1.,0.));
#16850 = ADVANCED_FACE('',(#16851),#16863,.T.);
#16851 = FACE_BOUND('',#16852,.T.);
#16852 = EDGE_LOOP('',(#16853,#16854,#16855,#16862));
#16853 = ORIENTED_EDGE('',*,*,#16384,.F.);
#16854 = ORIENTED_EDGE('',*,*,#15926,.F.);
#16855 = ORIENTED_EDGE('',*,*,#16856,.T.);
#16856 = EDGE_CURVE('',#15919,#15976,#16857,.T.);
#16857 = CIRCLE('',#16858,3.5);
#16858 = AXIS2_PLACEMENT_3D('',#16859,#16860,#16861);
#16859 = CARTESIAN_POINT('',(-38.602,-66.86062527377,7.99));
#16860 = DIRECTION('',(0.,0.,1.));
#16861 = DIRECTION('',(-0.5,-0.866025403784,0.));
#16862 = ORIENTED_EDGE('',*,*,#15983,.T.);
#16863 = CYLINDRICAL_SURFACE('',#16864,3.5);
#16864 = AXIS2_PLACEMENT_3D('',#16865,#16866,#16867);
#16865 = CARTESIAN_POINT('',(-38.602,-66.86062527377,7.99));
#16866 = DIRECTION('',(0.,0.,1.));
#16867 = DIRECTION('',(-0.5,-0.866025403784,0.));
#16868 = ADVANCED_FACE('',(#16869,#16875),#16886,.F.);
#16869 = FACE_BOUND('',#16870,.F.);
#16870 = EDGE_LOOP('',(#16871,#16872,#16873,#16874));
#16871 = ORIENTED_EDGE('',*,*,#15918,.F.);
#16872 = ORIENTED_EDGE('',*,*,#16856,.T.);
#16873 = ORIENTED_EDGE('',*,*,#15975,.T.);
#16874 = ORIENTED_EDGE('',*,*,#15958,.T.);
#16875 = FACE_BOUND('',#16876,.F.);
#16876 = EDGE_LOOP('',(#16877));
#16877 = ORIENTED_EDGE('',*,*,#16878,.F.);
#16878 = EDGE_CURVE('',#16879,#16879,#16881,.T.);
#16879 = VERTEX_POINT('',#16880);
#16880 = CARTESIAN_POINT('',(-39.602,-68.59267608134,7.99));
#16881 = CIRCLE('',#16882,2.);
#16882 = AXIS2_PLACEMENT_3D('',#16883,#16884,#16885);
#16883 = CARTESIAN_POINT('',(-38.602,-66.86062527377,7.99));
#16884 = DIRECTION('',(0.,0.,1.));
#16885 = DIRECTION('',(-0.5,-0.866025403784,0.));
#16886 = PLANE('',#16887);
#16887 = AXIS2_PLACEMENT_3D('',#16888,#16889,#16890);
#16888 = CARTESIAN_POINT('',(-41.63308891324,-65.11062527377,7.99));
#16889 = DIRECTION('',(0.,0.,1.));
#16890 = DIRECTION('',(-0.5,-0.866025403784,0.));
#16891 = ADVANCED_FACE('',(#16892),#16904,.T.);
#16892 = FACE_BOUND('',#16893,.T.);
#16893 = EDGE_LOOP('',(#16894,#16895,#16896,#16903));
#16894 = ORIENTED_EDGE('',*,*,#16326,.F.);
#16895 = ORIENTED_EDGE('',*,*,#16023,.F.);
#16896 = ORIENTED_EDGE('',*,*,#16897,.T.);
#16897 = EDGE_CURVE('',#16016,#16073,#16898,.T.);
#16898 = CIRCLE('',#16899,3.5);
#16899 = AXIS2_PLACEMENT_3D('',#16900,#16901,#16902);
#16900 = CARTESIAN_POINT('',(-77.204,9.454763148137E-15,7.99));
#16901 = DIRECTION('',(0.,0.,1.));
#16902 = DIRECTION('',(-1.,1.224646799147E-16,0.));
#16903 = ORIENTED_EDGE('',*,*,#16080,.T.);
#16904 = CYLINDRICAL_SURFACE('',#16905,3.5);
#16905 = AXIS2_PLACEMENT_3D('',#16906,#16907,#16908);
#16906 = CARTESIAN_POINT('',(-77.204,9.454763148137E-15,7.99));
#16907 = DIRECTION('',(0.,0.,1.));
#16908 = DIRECTION('',(-1.,1.224646799147E-16,0.));
#16909 = ADVANCED_FACE('',(#16910),#16916,.F.);
#16910 = FACE_BOUND('',#16911,.F.);
#16911 = EDGE_LOOP('',(#16912,#16913,#16914,#16915));
#16912 = ORIENTED_EDGE('',*,*,#16015,.F.);
#16913 = ORIENTED_EDGE('',*,*,#16897,.T.);
#16914 = ORIENTED_EDGE('',*,*,#16072,.T.);
#16915 = ORIENTED_EDGE('',*,*,#16055,.T.);
#16916 = PLANE('',#16917);
#16917 = AXIS2_PLACEMENT_3D('',#16918,#16919,#16920);
#16918 = CARTESIAN_POINT('',(-77.204,3.5,7.99));
#16919 = DIRECTION('',(0.,0.,1.));
#16920 = DIRECTION('',(-1.,1.224646799147E-16,0.));
#16921 = ADVANCED_FACE('',(#16922,#16934),#16945,.F.);
#16922 = FACE_BOUND('',#16923,.F.);
#16923 = EDGE_LOOP('',(#16924,#16925,#16932,#16933));
#16924 = ORIENTED_EDGE('',*,*,#16104,.F.);
#16925 = ORIENTED_EDGE('',*,*,#16926,.T.);
#16926 = EDGE_CURVE('',#16105,#16169,#16927,.T.);
#16927 = CIRCLE('',#16928,4.);
#16928 = AXIS2_PLACEMENT_3D('',#16929,#16930,#16931);
#16929 = CARTESIAN_POINT('',(-66.62679841475,38.467,7.99));
#16930 = DIRECTION('',(0.,0.,1.));
#16931 = DIRECTION('',(-0.866025403784,0.5,0.));
#16932 = ORIENTED_EDGE('',*,*,#16168,.T.);
#16933 = ORIENTED_EDGE('',*,*,#16152,.T.);
#16934 = FACE_BOUND('',#16935,.F.);
#16935 = EDGE_LOOP('',(#16936));
#16936 = ORIENTED_EDGE('',*,*,#16937,.F.);
#16937 = EDGE_CURVE('',#16938,#16938,#16940,.T.);
#16938 = VERTEX_POINT('',#16939);
#16939 = CARTESIAN_POINT('',(-68.8351631944,39.742,7.99));
#16940 = CIRCLE('',#16941,2.55);
#16941 = AXIS2_PLACEMENT_3D('',#16942,#16943,#16944);
#16942 = CARTESIAN_POINT('',(-66.62679841475,38.467,7.99));
#16943 = DIRECTION('',(0.,0.,1.));
#16944 = DIRECTION('',(-0.866025403784,0.5,0.));
#16945 = PLANE('',#16946);
#16946 = AXIS2_PLACEMENT_3D('',#16947,#16948,#16949);
#16947 = CARTESIAN_POINT('',(-65.12679841475,41.065076211353,7.99));
#16948 = DIRECTION('',(0.,0.,1.));
#16949 = DIRECTION('',(-0.866025403784,0.5,0.));
#16950 = ADVANCED_FACE('',(#16951),#17008,.T.);
#16951 = FACE_BOUND('',#16952,.T.);
#16952 = EDGE_LOOP('',(#16953,#16954,#16962,#16971,#16979,#16988,#16996,
    #17003,#17004,#17005,#17006,#17007));
#16953 = ORIENTED_EDGE('',*,*,#16308,.T.);
#16954 = ORIENTED_EDGE('',*,*,#16955,.T.);
#16955 = EDGE_CURVE('',#16300,#16956,#16958,.T.);
#16956 = VERTEX_POINT('',#16957);
#16957 = CARTESIAN_POINT('',(-70.09090002989,40.467,23.));
#16958 = LINE('',#16959,#16960);
#16959 = CARTESIAN_POINT('',(-70.09090002989,40.467,7.99));
#16960 = VECTOR('',#16961,1.);
#16961 = DIRECTION('',(0.,0.,1.));
#16962 = ORIENTED_EDGE('',*,*,#16963,.F.);
#16963 = EDGE_CURVE('',#16964,#16956,#16966,.T.);
#16964 = VERTEX_POINT('',#16965);
#16965 = CARTESIAN_POINT('',(-67.71917431488,42.314949440001,23.));
#16966 = CIRCLE('',#16967,4.);
#16967 = AXIS2_PLACEMENT_3D('',#16968,#16969,#16970);
#16968 = CARTESIAN_POINT('',(-66.62679841475,38.467,23.));
#16969 = DIRECTION('',(0.,0.,1.));
#16970 = DIRECTION('',(-0.866025403784,0.5,0.));
#16971 = ORIENTED_EDGE('',*,*,#16972,.T.);
#16972 = EDGE_CURVE('',#16964,#16973,#16975,.T.);
#16973 = VERTEX_POINT('',#16974);
#16974 = CARTESIAN_POINT('',(-67.71917431488,42.314949440001,23.3));
#16975 = LINE('',#16976,#16977);
#16976 = CARTESIAN_POINT('',(-67.71917431488,42.314949440001,7.99));
#16977 = VECTOR('',#16978,1.);
#16978 = DIRECTION('',(0.,0.,1.));
#16979 = ORIENTED_EDGE('',*,*,#16980,.F.);
#16980 = EDGE_CURVE('',#16981,#16973,#16983,.T.);
#16981 = VERTEX_POINT('',#16982);
#16982 = CARTESIAN_POINT('',(-70.50540833233,37.489050559999,23.3));
#16983 = CIRCLE('',#16984,4.);
#16984 = AXIS2_PLACEMENT_3D('',#16985,#16986,#16987);
#16985 = CARTESIAN_POINT('',(-66.62679841475,38.467,23.3));
#16986 = DIRECTION('',(0.,0.,1.));
#16987 = DIRECTION('',(-0.866025403784,0.5,0.));
#16988 = ORIENTED_EDGE('',*,*,#16989,.F.);
#16989 = EDGE_CURVE('',#16990,#16981,#16992,.T.);
#16990 = VERTEX_POINT('',#16991);
#16991 = CARTESIAN_POINT('',(-70.50540833233,37.489050559999,23.));
#16992 = LINE('',#16993,#16994);
#16993 = CARTESIAN_POINT('',(-70.50540833233,37.489050559999,7.99));
#16994 = VECTOR('',#16995,1.);
#16995 = DIRECTION('',(0.,0.,1.));
#16996 = ORIENTED_EDGE('',*,*,#16997,.F.);
#16997 = EDGE_CURVE('',#16956,#16990,#16998,.T.);
#16998 = CIRCLE('',#16999,4.);
#16999 = AXIS2_PLACEMENT_3D('',#17000,#17001,#17002);
#17000 = CARTESIAN_POINT('',(-66.62679841475,38.467,23.));
#17001 = DIRECTION('',(0.,0.,1.));
#17002 = DIRECTION('',(-0.866025403784,0.5,0.));
#17003 = ORIENTED_EDGE('',*,*,#16955,.F.);
#17004 = ORIENTED_EDGE('',*,*,#16299,.T.);
#17005 = ORIENTED_EDGE('',*,*,#16114,.F.);
#17006 = ORIENTED_EDGE('',*,*,#16926,.T.);
#17007 = ORIENTED_EDGE('',*,*,#16176,.T.);
#17008 = CYLINDRICAL_SURFACE('',#17009,4.);
#17009 = AXIS2_PLACEMENT_3D('',#17010,#17011,#17012);
#17010 = CARTESIAN_POINT('',(-66.62679841475,38.467,7.99));
#17011 = DIRECTION('',(0.,0.,1.));
#17012 = DIRECTION('',(-0.866025403784,0.5,0.));
#17013 = ADVANCED_FACE('',(#17014),#17026,.T.);
#17014 = FACE_BOUND('',#17015,.T.);
#17015 = EDGE_LOOP('',(#17016,#17017,#17018,#17025));
#17016 = ORIENTED_EDGE('',*,*,#16355,.F.);
#17017 = ORIENTED_EDGE('',*,*,#16217,.F.);
#17018 = ORIENTED_EDGE('',*,*,#17019,.T.);
#17019 = EDGE_CURVE('',#16210,#16267,#17020,.T.);
#17020 = CIRCLE('',#17021,3.5);
#17021 = AXIS2_PLACEMENT_3D('',#17022,#17023,#17024);
#17022 = CARTESIAN_POINT('',(-38.602,66.860625273774,7.99));
#17023 = DIRECTION('',(0.,0.,1.));
#17024 = DIRECTION('',(-0.5,0.866025403784,0.));
#17025 = ORIENTED_EDGE('',*,*,#16274,.T.);
#17026 = CYLINDRICAL_SURFACE('',#17027,3.5);
#17027 = AXIS2_PLACEMENT_3D('',#17028,#17029,#17030);
#17028 = CARTESIAN_POINT('',(-38.602,66.860625273774,7.99));
#17029 = DIRECTION('',(0.,0.,1.));
#17030 = DIRECTION('',(-0.5,0.866025403784,0.));
#17031 = ADVANCED_FACE('',(#17032,#17038),#17049,.F.);
#17032 = FACE_BOUND('',#17033,.F.);
#17033 = EDGE_LOOP('',(#17034,#17035,#17036,#17037));
#17034 = ORIENTED_EDGE('',*,*,#16209,.F.);
#17035 = ORIENTED_EDGE('',*,*,#17019,.T.);
#17036 = ORIENTED_EDGE('',*,*,#16266,.T.);
#17037 = ORIENTED_EDGE('',*,*,#16249,.T.);
#17038 = FACE_BOUND('',#17039,.F.);
#17039 = EDGE_LOOP('',(#17040));
#17040 = ORIENTED_EDGE('',*,*,#17041,.F.);
#17041 = EDGE_CURVE('',#17042,#17042,#17044,.T.);
#17042 = VERTEX_POINT('',#17043);
#17043 = CARTESIAN_POINT('',(-39.602,68.592676081343,7.99));
#17044 = CIRCLE('',#17045,2.);
#17045 = AXIS2_PLACEMENT_3D('',#17046,#17047,#17048);
#17046 = CARTESIAN_POINT('',(-38.602,66.860625273774,7.99));
#17047 = DIRECTION('',(0.,0.,1.));
#17048 = DIRECTION('',(-0.5,0.866025403784,0.));
#17049 = PLANE('',#17050);
#17050 = AXIS2_PLACEMENT_3D('',#17051,#17052,#17053);
#17051 = CARTESIAN_POINT('',(-35.57091108675,68.610625273774,7.99));
#17052 = DIRECTION('',(0.,0.,1.));
#17053 = DIRECTION('',(-0.5,0.866025403784,0.));
#17054 = ADVANCED_FACE('',(#17055),#17074,.F.);
#17055 = FACE_BOUND('',#17056,.F.);
#17056 = EDGE_LOOP('',(#17057,#17058,#17066,#17073));
#17057 = ORIENTED_EDGE('',*,*,#16337,.F.);
#17058 = ORIENTED_EDGE('',*,*,#17059,.F.);
#17059 = EDGE_CURVE('',#17060,#16338,#17062,.T.);
#17060 = VERTEX_POINT('',#17061);
#17061 = CARTESIAN_POINT('',(-79.204,1.018955122763E-14,15.18));
#17062 = LINE('',#17063,#17064);
#17063 = CARTESIAN_POINT('',(-79.204,1.018955122763E-14,15.18));
#17064 = VECTOR('',#17065,1.);
#17065 = DIRECTION('',(0.,0.,1.));
#17066 = ORIENTED_EDGE('',*,*,#17067,.T.);
#17067 = EDGE_CURVE('',#17060,#17060,#17068,.T.);
#17068 = CIRCLE('',#17069,2.);
#17069 = AXIS2_PLACEMENT_3D('',#17070,#17071,#17072);
#17070 = CARTESIAN_POINT('',(-77.204,9.454763148137E-15,15.18));
#17071 = DIRECTION('',(0.,0.,1.));
#17072 = DIRECTION('',(-1.,1.224646799147E-16,0.));
#17073 = ORIENTED_EDGE('',*,*,#17059,.T.);
#17074 = CYLINDRICAL_SURFACE('',#17075,2.);
#17075 = AXIS2_PLACEMENT_3D('',#17076,#17077,#17078);
#17076 = CARTESIAN_POINT('',(-77.204,9.454763148137E-15,15.18));
#17077 = DIRECTION('',(0.,0.,1.));
#17078 = DIRECTION('',(-1.,1.224646799147E-16,0.));
#17079 = ADVANCED_FACE('',(#17080),#17099,.F.);
#17080 = FACE_BOUND('',#17081,.F.);
#17081 = EDGE_LOOP('',(#17082,#17083,#17091,#17098));
#17082 = ORIENTED_EDGE('',*,*,#16366,.F.);
#17083 = ORIENTED_EDGE('',*,*,#17084,.F.);
#17084 = EDGE_CURVE('',#17085,#16367,#17087,.T.);
#17085 = VERTEX_POINT('',#17086);
#17086 = CARTESIAN_POINT('',(-39.602,68.592676081343,15.18));
#17087 = LINE('',#17088,#17089);
#17088 = CARTESIAN_POINT('',(-39.602,68.592676081343,15.18));
#17089 = VECTOR('',#17090,1.);
#17090 = DIRECTION('',(0.,0.,1.));
#17091 = ORIENTED_EDGE('',*,*,#17092,.T.);
#17092 = EDGE_CURVE('',#17085,#17085,#17093,.T.);
#17093 = CIRCLE('',#17094,2.);
#17094 = AXIS2_PLACEMENT_3D('',#17095,#17096,#17097);
#17095 = CARTESIAN_POINT('',(-38.602,66.860625273774,15.18));
#17096 = DIRECTION('',(0.,0.,1.));
#17097 = DIRECTION('',(-0.5,0.866025403784,0.));
#17098 = ORIENTED_EDGE('',*,*,#17084,.T.);
#17099 = CYLINDRICAL_SURFACE('',#17100,2.);
#17100 = AXIS2_PLACEMENT_3D('',#17101,#17102,#17103);
#17101 = CARTESIAN_POINT('',(-38.602,66.860625273774,15.18));
#17102 = DIRECTION('',(0.,0.,1.));
#17103 = DIRECTION('',(-0.5,0.866025403784,0.));
#17104 = ADVANCED_FACE('',(#17105),#17124,.F.);
#17105 = FACE_BOUND('',#17106,.F.);
#17106 = EDGE_LOOP('',(#17107,#17108,#17116,#17123));
#17107 = ORIENTED_EDGE('',*,*,#16395,.F.);
#17108 = ORIENTED_EDGE('',*,*,#17109,.F.);
#17109 = EDGE_CURVE('',#17110,#16396,#17112,.T.);
#17110 = VERTEX_POINT('',#17111);
#17111 = CARTESIAN_POINT('',(-39.602,-68.59267608134,15.18));
#17112 = LINE('',#17113,#17114);
#17113 = CARTESIAN_POINT('',(-39.602,-68.59267608134,15.18));
#17114 = VECTOR('',#17115,1.);
#17115 = DIRECTION('',(0.,0.,1.));
#17116 = ORIENTED_EDGE('',*,*,#17117,.T.);
#17117 = EDGE_CURVE('',#17110,#17110,#17118,.T.);
#17118 = CIRCLE('',#17119,2.);
#17119 = AXIS2_PLACEMENT_3D('',#17120,#17121,#17122);
#17120 = CARTESIAN_POINT('',(-38.602,-66.86062527377,15.18));
#17121 = DIRECTION('',(0.,0.,1.));
#17122 = DIRECTION('',(-0.5,-0.866025403784,0.));
#17123 = ORIENTED_EDGE('',*,*,#17109,.T.);
#17124 = CYLINDRICAL_SURFACE('',#17125,2.);
#17125 = AXIS2_PLACEMENT_3D('',#17126,#17127,#17128);
#17126 = CARTESIAN_POINT('',(-38.602,-66.86062527377,15.18));
#17127 = DIRECTION('',(0.,0.,1.));
#17128 = DIRECTION('',(-0.5,-0.866025403784,0.));
#17129 = ADVANCED_FACE('',(#17130),#17149,.F.);
#17130 = FACE_BOUND('',#17131,.F.);
#17131 = EDGE_LOOP('',(#17132,#17133,#17141,#17148));
#17132 = ORIENTED_EDGE('',*,*,#16573,.T.);
#17133 = ORIENTED_EDGE('',*,*,#17134,.F.);
#17134 = EDGE_CURVE('',#17135,#16574,#17137,.T.);
#17135 = VERTEX_POINT('',#17136);
#17136 = CARTESIAN_POINT('',(60.673784072796,-50.91134983761,12.3));
#17137 = LINE('',#17138,#17139);
#17138 = CARTESIAN_POINT('',(60.673784072796,-50.91134983761,12.3));
#17139 = VECTOR('',#17140,1.);
#17140 = DIRECTION('',(0.,0.,-1.));
#17141 = ORIENTED_EDGE('',*,*,#17142,.F.);
#17142 = EDGE_CURVE('',#17135,#17135,#17143,.T.);
#17143 = CIRCLE('',#17144,2.);
#17144 = AXIS2_PLACEMENT_3D('',#17145,#17146,#17147);
#17145 = CARTESIAN_POINT('',(59.141695186558,-49.62577461824,12.3));
#17146 = DIRECTION('',(-0.,0.,1.));
#17147 = DIRECTION('',(0.766044443119,-0.642787609687,0.));
#17148 = ORIENTED_EDGE('',*,*,#17134,.T.);
#17149 = CYLINDRICAL_SURFACE('',#17150,2.);
#17150 = AXIS2_PLACEMENT_3D('',#17151,#17152,#17153);
#17151 = CARTESIAN_POINT('',(59.141695186558,-49.62577461824,7.));
#17152 = DIRECTION('',(0.,0.,1.));
#17153 = DIRECTION('',(0.766044443119,-0.642787609687,0.));
#17154 = ADVANCED_FACE('',(#17155),#17158,.T.);
#17155 = FACE_BOUND('',#17156,.F.);
#17156 = EDGE_LOOP('',(#17157));
#17157 = ORIENTED_EDGE('',*,*,#16599,.F.);
#17158 = PLANE('',#17159);
#17159 = AXIS2_PLACEMENT_3D('',#17160,#17161,#17162);
#17160 = CARTESIAN_POINT('',(59.141695186558,-49.62577461824,15.18));
#17161 = DIRECTION('',(0.,0.,1.));
#17162 = DIRECTION('',(0.766044443119,-0.642787609687,0.));
#17163 = ADVANCED_FACE('',(#17164),#17183,.F.);
#17164 = FACE_BOUND('',#17165,.F.);
#17165 = EDGE_LOOP('',(#17166,#17175,#17181,#17182));
#17166 = ORIENTED_EDGE('',*,*,#17167,.F.);
#17167 = EDGE_CURVE('',#17168,#17168,#17170,.T.);
#17168 = VERTEX_POINT('',#17169);
#17169 = CARTESIAN_POINT('',(68.835163194402,39.742,23.3));
#17170 = CIRCLE('',#17171,2.55);
#17171 = AXIS2_PLACEMENT_3D('',#17172,#17173,#17174);
#17172 = CARTESIAN_POINT('',(66.626798414752,38.467,23.3));
#17173 = DIRECTION('',(0.,0.,1.));
#17174 = DIRECTION('',(0.866025403784,0.5,-0.));
#17175 = ORIENTED_EDGE('',*,*,#17176,.F.);
#17176 = EDGE_CURVE('',#16628,#17168,#17177,.T.);
#17177 = LINE('',#17178,#17179);
#17178 = CARTESIAN_POINT('',(68.835163194402,39.742,7.));
#17179 = VECTOR('',#17180,1.);
#17180 = DIRECTION('',(0.,0.,1.));
#17181 = ORIENTED_EDGE('',*,*,#16627,.T.);
#17182 = ORIENTED_EDGE('',*,*,#17176,.T.);
#17183 = CYLINDRICAL_SURFACE('',#17184,2.55);
#17184 = AXIS2_PLACEMENT_3D('',#17185,#17186,#17187);
#17185 = CARTESIAN_POINT('',(66.626798414752,38.467,7.));
#17186 = DIRECTION('',(0.,0.,1.));
#17187 = DIRECTION('',(0.866025403784,0.5,0.));
#17188 = ADVANCED_FACE('',(#17189),#17199,.T.);
#17189 = FACE_BOUND('',#17190,.T.);
#17190 = EDGE_LOOP('',(#17191,#17197,#17198));
#17191 = ORIENTED_EDGE('',*,*,#17192,.F.);
#17192 = EDGE_CURVE('',#16654,#16680,#17193,.T.);
#17193 = LINE('',#17194,#17195);
#17194 = CARTESIAN_POINT('',(72.912291323613,33.320206931238,23.));
#17195 = VECTOR('',#17196,1.);
#17196 = DIRECTION('',(-0.5,0.866025403784,0.));
#17197 = ORIENTED_EDGE('',*,*,#16653,.T.);
#17198 = ORIENTED_EDGE('',*,*,#16687,.T.);
#17199 = PLANE('',#17200);
#17200 = AXIS2_PLACEMENT_3D('',#17201,#17202,#17203);
#17201 = CARTESIAN_POINT('',(72.912291323613,33.320206931238,23.));
#17202 = DIRECTION('',(0.,0.,1.));
#17203 = DIRECTION('',(0.866025403784,0.5,0.));
#17204 = ADVANCED_FACE('',(#17205),#17216,.T.);
#17205 = FACE_BOUND('',#17206,.T.);
#17206 = EDGE_LOOP('',(#17207,#17208,#17209,#17210));
#17207 = ORIENTED_EDGE('',*,*,#16662,.F.);
#17208 = ORIENTED_EDGE('',*,*,#17192,.T.);
#17209 = ORIENTED_EDGE('',*,*,#16679,.T.);
#17210 = ORIENTED_EDGE('',*,*,#17211,.F.);
#17211 = EDGE_CURVE('',#16663,#16671,#17212,.T.);
#17212 = LINE('',#17213,#17214);
#17213 = CARTESIAN_POINT('',(71.012291323613,36.611103465619,23.3));
#17214 = VECTOR('',#17215,1.);
#17215 = DIRECTION('',(-0.5,0.866025403784,0.));
#17216 = PLANE('',#17217);
#17217 = AXIS2_PLACEMENT_3D('',#17218,#17219,#17220);
#17218 = CARTESIAN_POINT('',(72.912291323613,33.320206931238,23.));
#17219 = DIRECTION('',(0.866025403784,0.5,0.));
#17220 = DIRECTION('',(0.,0.,1.));
#17221 = ADVANCED_FACE('',(#17222,#17226),#17229,.T.);
#17222 = FACE_BOUND('',#17223,.T.);
#17223 = EDGE_LOOP('',(#17224,#17225));
#17224 = ORIENTED_EDGE('',*,*,#17211,.T.);
#17225 = ORIENTED_EDGE('',*,*,#16670,.T.);
#17226 = FACE_BOUND('',#17227,.T.);
#17227 = EDGE_LOOP('',(#17228));
#17228 = ORIENTED_EDGE('',*,*,#17167,.F.);
#17229 = PLANE('',#17230);
#17230 = AXIS2_PLACEMENT_3D('',#17231,#17232,#17233);
#17231 = CARTESIAN_POINT('',(66.626798414752,38.467,23.3));
#17232 = DIRECTION('',(0.,0.,1.));
#17233 = DIRECTION('',(0.866025403784,0.5,0.));
#17234 = ADVANCED_FACE('',(#17235),#17238,.T.);
#17235 = FACE_BOUND('',#17236,.F.);
#17236 = EDGE_LOOP('',(#17237));
#17237 = ORIENTED_EDGE('',*,*,#16746,.F.);
#17238 = PLANE('',#17239);
#17239 = AXIS2_PLACEMENT_3D('',#17240,#17241,#17242);
#17240 = CARTESIAN_POINT('',(49.62577461824,59.141695186558,15.18));
#17241 = DIRECTION('',(0.,0.,1.));
#17242 = DIRECTION('',(0.642787609687,0.766044443119,0.));
#17243 = ADVANCED_FACE('',(#17244),#17263,.F.);
#17244 = FACE_BOUND('',#17245,.F.);
#17245 = EDGE_LOOP('',(#17246,#17255,#17261,#17262));
#17246 = ORIENTED_EDGE('',*,*,#17247,.F.);
#17247 = EDGE_CURVE('',#17248,#17248,#17250,.T.);
#17248 = VERTEX_POINT('',#17249);
#17249 = CARTESIAN_POINT('',(-1.532333013696E-14,-79.484,23.3));
#17250 = CIRCLE('',#17251,2.55);
#17251 = AXIS2_PLACEMENT_3D('',#17252,#17253,#17254);
#17252 = CARTESIAN_POINT('',(-1.413254652684E-14,-76.934,23.3));
#17253 = DIRECTION('',(0.,0.,1.));
#17254 = DIRECTION('',(-2.22044604925E-16,-1.,0.));
#17255 = ORIENTED_EDGE('',*,*,#17256,.F.);
#17256 = EDGE_CURVE('',#16775,#17248,#17257,.T.);
#17257 = LINE('',#17258,#17259);
#17258 = CARTESIAN_POINT('',(-1.532333013696E-14,-79.484,7.));
#17259 = VECTOR('',#17260,1.);
#17260 = DIRECTION('',(0.,0.,1.));
#17261 = ORIENTED_EDGE('',*,*,#16774,.T.);
#17262 = ORIENTED_EDGE('',*,*,#17256,.T.);
#17263 = CYLINDRICAL_SURFACE('',#17264,2.55);
#17264 = AXIS2_PLACEMENT_3D('',#17265,#17266,#17267);
#17265 = CARTESIAN_POINT('',(-1.413254652684E-14,-76.934,7.));
#17266 = DIRECTION('',(0.,0.,1.));
#17267 = DIRECTION('',(-2.22044604925E-16,-1.,0.));
#17268 = ADVANCED_FACE('',(#17269),#17279,.T.);
#17269 = FACE_BOUND('',#17270,.T.);
#17270 = EDGE_LOOP('',(#17271,#17277,#17278));
#17271 = ORIENTED_EDGE('',*,*,#17272,.F.);
#17272 = EDGE_CURVE('',#16801,#16827,#17273,.T.);
#17273 = LINE('',#17274,#17275);
#17274 = CARTESIAN_POINT('',(-7.6,-79.804,23.));
#17275 = VECTOR('',#17276,1.);
#17276 = DIRECTION('',(1.,-2.22044604925E-16,0.));
#17277 = ORIENTED_EDGE('',*,*,#16800,.T.);
#17278 = ORIENTED_EDGE('',*,*,#16834,.T.);
#17279 = PLANE('',#17280);
#17280 = AXIS2_PLACEMENT_3D('',#17281,#17282,#17283);
#17281 = CARTESIAN_POINT('',(-7.6,-79.804,23.));
#17282 = DIRECTION('',(0.,0.,1.));
#17283 = DIRECTION('',(-2.22044604925E-16,-1.,0.));
#17284 = ADVANCED_FACE('',(#17285),#17296,.T.);
#17285 = FACE_BOUND('',#17286,.T.);
#17286 = EDGE_LOOP('',(#17287,#17288,#17289,#17290));
#17287 = ORIENTED_EDGE('',*,*,#16809,.F.);
#17288 = ORIENTED_EDGE('',*,*,#17272,.T.);
#17289 = ORIENTED_EDGE('',*,*,#16826,.T.);
#17290 = ORIENTED_EDGE('',*,*,#17291,.F.);
#17291 = EDGE_CURVE('',#16810,#16818,#17292,.T.);
#17292 = LINE('',#17293,#17294);
#17293 = CARTESIAN_POINT('',(-3.8,-79.804,23.3));
#17294 = VECTOR('',#17295,1.);
#17295 = DIRECTION('',(1.,-2.22044604925E-16,0.));
#17296 = PLANE('',#17297);
#17297 = AXIS2_PLACEMENT_3D('',#17298,#17299,#17300);
#17298 = CARTESIAN_POINT('',(-7.6,-79.804,23.));
#17299 = DIRECTION('',(-2.22044604925E-16,-1.,0.));
#17300 = DIRECTION('',(0.,0.,1.));
#17301 = ADVANCED_FACE('',(#17302,#17306),#17309,.T.);
#17302 = FACE_BOUND('',#17303,.T.);
#17303 = EDGE_LOOP('',(#17304,#17305));
#17304 = ORIENTED_EDGE('',*,*,#17291,.T.);
#17305 = ORIENTED_EDGE('',*,*,#16817,.T.);
#17306 = FACE_BOUND('',#17307,.T.);
#17307 = EDGE_LOOP('',(#17308));
#17308 = ORIENTED_EDGE('',*,*,#17247,.F.);
#17309 = PLANE('',#17310);
#17310 = AXIS2_PLACEMENT_3D('',#17311,#17312,#17313);
#17311 = CARTESIAN_POINT('',(-1.413254652684E-14,-76.934,23.3));
#17312 = DIRECTION('',(0.,0.,1.));
#17313 = DIRECTION('',(-2.22044604925E-16,-1.,0.));
#17314 = ADVANCED_FACE('',(#17315),#17334,.F.);
#17315 = FACE_BOUND('',#17316,.F.);
#17316 = EDGE_LOOP('',(#17317,#17318,#17326,#17333));
#17317 = ORIENTED_EDGE('',*,*,#16878,.T.);
#17318 = ORIENTED_EDGE('',*,*,#17319,.F.);
#17319 = EDGE_CURVE('',#17320,#16879,#17322,.T.);
#17320 = VERTEX_POINT('',#17321);
#17321 = CARTESIAN_POINT('',(-39.602,-68.59267608134,12.3));
#17322 = LINE('',#17323,#17324);
#17323 = CARTESIAN_POINT('',(-39.602,-68.59267608134,12.3));
#17324 = VECTOR('',#17325,1.);
#17325 = DIRECTION('',(0.,0.,-1.));
#17326 = ORIENTED_EDGE('',*,*,#17327,.F.);
#17327 = EDGE_CURVE('',#17320,#17320,#17328,.T.);
#17328 = CIRCLE('',#17329,2.);
#17329 = AXIS2_PLACEMENT_3D('',#17330,#17331,#17332);
#17330 = CARTESIAN_POINT('',(-38.602,-66.86062527377,12.3));
#17331 = DIRECTION('',(0.,0.,1.));
#17332 = DIRECTION('',(-0.5,-0.866025403784,0.));
#17333 = ORIENTED_EDGE('',*,*,#17319,.T.);
#17334 = CYLINDRICAL_SURFACE('',#17335,2.);
#17335 = AXIS2_PLACEMENT_3D('',#17336,#17337,#17338);
#17336 = CARTESIAN_POINT('',(-38.602,-66.86062527377,7.));
#17337 = DIRECTION('',(0.,0.,1.));
#17338 = DIRECTION('',(-0.5,-0.866025403784,0.));
#17339 = ADVANCED_FACE('',(#17340),#17359,.F.);
#17340 = FACE_BOUND('',#17341,.F.);
#17341 = EDGE_LOOP('',(#17342,#17351,#17357,#17358));
#17342 = ORIENTED_EDGE('',*,*,#17343,.F.);
#17343 = EDGE_CURVE('',#17344,#17344,#17346,.T.);
#17344 = VERTEX_POINT('',#17345);
#17345 = CARTESIAN_POINT('',(-68.8351631944,39.742,23.3));
#17346 = CIRCLE('',#17347,2.55);
#17347 = AXIS2_PLACEMENT_3D('',#17348,#17349,#17350);
#17348 = CARTESIAN_POINT('',(-66.62679841475,38.467,23.3));
#17349 = DIRECTION('',(0.,0.,1.));
#17350 = DIRECTION('',(-0.866025403784,0.5,0.));
#17351 = ORIENTED_EDGE('',*,*,#17352,.F.);
#17352 = EDGE_CURVE('',#16938,#17344,#17353,.T.);
#17353 = LINE('',#17354,#17355);
#17354 = CARTESIAN_POINT('',(-68.8351631944,39.742,7.));
#17355 = VECTOR('',#17356,1.);
#17356 = DIRECTION('',(0.,0.,1.));
#17357 = ORIENTED_EDGE('',*,*,#16937,.T.);
#17358 = ORIENTED_EDGE('',*,*,#17352,.T.);
#17359 = CYLINDRICAL_SURFACE('',#17360,2.55);
#17360 = AXIS2_PLACEMENT_3D('',#17361,#17362,#17363);
#17361 = CARTESIAN_POINT('',(-66.62679841475,38.467,7.));
#17362 = DIRECTION('',(0.,0.,1.));
#17363 = DIRECTION('',(-0.866025403784,0.5,0.));
#17364 = ADVANCED_FACE('',(#17365),#17375,.T.);
#17365 = FACE_BOUND('',#17366,.T.);
#17366 = EDGE_LOOP('',(#17367,#17373,#17374));
#17367 = ORIENTED_EDGE('',*,*,#17368,.F.);
#17368 = EDGE_CURVE('',#16964,#16990,#17369,.T.);
#17369 = LINE('',#17370,#17371);
#17370 = CARTESIAN_POINT('',(-65.31229132361,46.483793068762,23.));
#17371 = VECTOR('',#17372,1.);
#17372 = DIRECTION('',(-0.5,-0.866025403784,0.));
#17373 = ORIENTED_EDGE('',*,*,#16963,.T.);
#17374 = ORIENTED_EDGE('',*,*,#16997,.T.);
#17375 = PLANE('',#17376);
#17376 = AXIS2_PLACEMENT_3D('',#17377,#17378,#17379);
#17377 = CARTESIAN_POINT('',(-65.31229132361,46.483793068762,23.));
#17378 = DIRECTION('',(0.,0.,1.));
#17379 = DIRECTION('',(-0.866025403784,0.5,0.));
#17380 = ADVANCED_FACE('',(#17381),#17392,.T.);
#17381 = FACE_BOUND('',#17382,.T.);
#17382 = EDGE_LOOP('',(#17383,#17384,#17385,#17386));
#17383 = ORIENTED_EDGE('',*,*,#16972,.F.);
#17384 = ORIENTED_EDGE('',*,*,#17368,.T.);
#17385 = ORIENTED_EDGE('',*,*,#16989,.T.);
#17386 = ORIENTED_EDGE('',*,*,#17387,.F.);
#17387 = EDGE_CURVE('',#16973,#16981,#17388,.T.);
#17388 = LINE('',#17389,#17390);
#17389 = CARTESIAN_POINT('',(-67.21229132361,43.192896534381,23.3));
#17390 = VECTOR('',#17391,1.);
#17391 = DIRECTION('',(-0.5,-0.866025403784,0.));
#17392 = PLANE('',#17393);
#17393 = AXIS2_PLACEMENT_3D('',#17394,#17395,#17396);
#17394 = CARTESIAN_POINT('',(-65.31229132361,46.483793068762,23.));
#17395 = DIRECTION('',(-0.866025403784,0.5,0.));
#17396 = DIRECTION('',(0.,0.,1.));
#17397 = ADVANCED_FACE('',(#17398,#17402),#17405,.T.);
#17398 = FACE_BOUND('',#17399,.T.);
#17399 = EDGE_LOOP('',(#17400,#17401));
#17400 = ORIENTED_EDGE('',*,*,#17387,.T.);
#17401 = ORIENTED_EDGE('',*,*,#16980,.T.);
#17402 = FACE_BOUND('',#17403,.T.);
#17403 = EDGE_LOOP('',(#17404));
#17404 = ORIENTED_EDGE('',*,*,#17343,.F.);
#17405 = PLANE('',#17406);
#17406 = AXIS2_PLACEMENT_3D('',#17407,#17408,#17409);
#17407 = CARTESIAN_POINT('',(-66.62679841475,38.467,23.3));
#17408 = DIRECTION('',(0.,0.,1.));
#17409 = DIRECTION('',(-0.866025403784,0.5,0.));
#17410 = ADVANCED_FACE('',(#17411),#17430,.F.);
#17411 = FACE_BOUND('',#17412,.F.);
#17412 = EDGE_LOOP('',(#17413,#17414,#17422,#17429));
#17413 = ORIENTED_EDGE('',*,*,#17041,.T.);
#17414 = ORIENTED_EDGE('',*,*,#17415,.F.);
#17415 = EDGE_CURVE('',#17416,#17042,#17418,.T.);
#17416 = VERTEX_POINT('',#17417);
#17417 = CARTESIAN_POINT('',(-39.602,68.592676081343,12.3));
#17418 = LINE('',#17419,#17420);
#17419 = CARTESIAN_POINT('',(-39.602,68.592676081343,12.3));
#17420 = VECTOR('',#17421,1.);
#17421 = DIRECTION('',(0.,0.,-1.));
#17422 = ORIENTED_EDGE('',*,*,#17423,.F.);
#17423 = EDGE_CURVE('',#17416,#17416,#17424,.T.);
#17424 = CIRCLE('',#17425,2.);
#17425 = AXIS2_PLACEMENT_3D('',#17426,#17427,#17428);
#17426 = CARTESIAN_POINT('',(-38.602,66.860625273774,12.3));
#17427 = DIRECTION('',(0.,0.,1.));
#17428 = DIRECTION('',(-0.5,0.866025403784,0.));
#17429 = ORIENTED_EDGE('',*,*,#17415,.T.);
#17430 = CYLINDRICAL_SURFACE('',#17431,2.);
#17431 = AXIS2_PLACEMENT_3D('',#17432,#17433,#17434);
#17432 = CARTESIAN_POINT('',(-38.602,66.860625273774,7.));
#17433 = DIRECTION('',(0.,0.,1.));
#17434 = DIRECTION('',(-0.5,0.866025403784,0.));
#17435 = ADVANCED_FACE('',(#17436),#17439,.T.);
#17436 = FACE_BOUND('',#17437,.F.);
#17437 = EDGE_LOOP('',(#17438));
#17438 = ORIENTED_EDGE('',*,*,#17067,.F.);
#17439 = PLANE('',#17440);
#17440 = AXIS2_PLACEMENT_3D('',#17441,#17442,#17443);
#17441 = CARTESIAN_POINT('',(-77.204,9.454763148137E-15,15.18));
#17442 = DIRECTION('',(0.,0.,1.));
#17443 = DIRECTION('',(-1.,1.224646799147E-16,0.));
#17444 = ADVANCED_FACE('',(#17445),#17448,.T.);
#17445 = FACE_BOUND('',#17446,.F.);
#17446 = EDGE_LOOP('',(#17447));
#17447 = ORIENTED_EDGE('',*,*,#17092,.F.);
#17448 = PLANE('',#17449);
#17449 = AXIS2_PLACEMENT_3D('',#17450,#17451,#17452);
#17450 = CARTESIAN_POINT('',(-38.602,66.860625273774,15.18));
#17451 = DIRECTION('',(0.,0.,1.));
#17452 = DIRECTION('',(-0.5,0.866025403784,0.));
#17453 = ADVANCED_FACE('',(#17454),#17457,.T.);
#17454 = FACE_BOUND('',#17455,.F.);
#17455 = EDGE_LOOP('',(#17456));
#17456 = ORIENTED_EDGE('',*,*,#17117,.F.);
#17457 = PLANE('',#17458);
#17458 = AXIS2_PLACEMENT_3D('',#17459,#17460,#17461);
#17459 = CARTESIAN_POINT('',(-38.602,-66.86062527377,15.18));
#17460 = DIRECTION('',(0.,0.,1.));
#17461 = DIRECTION('',(-0.5,-0.866025403784,0.));
#17462 = ADVANCED_FACE('',(#17463,#17466),#17477,.F.);
#17463 = FACE_BOUND('',#17464,.F.);
#17464 = EDGE_LOOP('',(#17465));
#17465 = ORIENTED_EDGE('',*,*,#17142,.T.);
#17466 = FACE_BOUND('',#17467,.F.);
#17467 = EDGE_LOOP('',(#17468));
#17468 = ORIENTED_EDGE('',*,*,#17469,.F.);
#17469 = EDGE_CURVE('',#17470,#17470,#17472,.T.);
#17470 = VERTEX_POINT('',#17471);
#17471 = CARTESIAN_POINT('',(60.666161930586,-50.90495410089,12.3));
#17472 = CIRCLE('',#17473,1.99005);
#17473 = AXIS2_PLACEMENT_3D('',#17474,#17475,#17476);
#17474 = CARTESIAN_POINT('',(59.141695186558,-49.62577461824,12.3));
#17475 = DIRECTION('',(0.,0.,1.));
#17476 = DIRECTION('',(0.766044443119,-0.642787609687,0.));
#17477 = PLANE('',#17478);
#17478 = AXIS2_PLACEMENT_3D('',#17479,#17480,#17481);
#17479 = CARTESIAN_POINT('',(59.141695186558,-49.62577461824,12.3));
#17480 = DIRECTION('',(0.,0.,1.));
#17481 = DIRECTION('',(0.766044443119,-0.642787609687,0.));
#17482 = ADVANCED_FACE('',(#17483,#17486),#17497,.F.);
#17483 = FACE_BOUND('',#17484,.F.);
#17484 = EDGE_LOOP('',(#17485));
#17485 = ORIENTED_EDGE('',*,*,#17327,.T.);
#17486 = FACE_BOUND('',#17487,.F.);
#17487 = EDGE_LOOP('',(#17488));
#17488 = ORIENTED_EDGE('',*,*,#17489,.F.);
#17489 = EDGE_CURVE('',#17490,#17490,#17492,.T.);
#17490 = VERTEX_POINT('',#17491);
#17491 = CARTESIAN_POINT('',(-39.597025,-68.58405912857,12.3));
#17492 = CIRCLE('',#17493,1.99005);
#17493 = AXIS2_PLACEMENT_3D('',#17494,#17495,#17496);
#17494 = CARTESIAN_POINT('',(-38.602,-66.86062527377,12.3));
#17495 = DIRECTION('',(0.,0.,1.));
#17496 = DIRECTION('',(-0.5,-0.866025403784,0.));
#17497 = PLANE('',#17498);
#17498 = AXIS2_PLACEMENT_3D('',#17499,#17500,#17501);
#17499 = CARTESIAN_POINT('',(-38.602,-66.86062527377,12.3));
#17500 = DIRECTION('',(0.,0.,1.));
#17501 = DIRECTION('',(-0.5,-0.866025403784,0.));
#17502 = ADVANCED_FACE('',(#17503,#17506),#17517,.F.);
#17503 = FACE_BOUND('',#17504,.F.);
#17504 = EDGE_LOOP('',(#17505));
#17505 = ORIENTED_EDGE('',*,*,#17423,.T.);
#17506 = FACE_BOUND('',#17507,.F.);
#17507 = EDGE_LOOP('',(#17508));
#17508 = ORIENTED_EDGE('',*,*,#17509,.F.);
#17509 = EDGE_CURVE('',#17510,#17510,#17512,.T.);
#17510 = VERTEX_POINT('',#17511);
#17511 = CARTESIAN_POINT('',(-39.597025,68.584059128575,12.3));
#17512 = CIRCLE('',#17513,1.99005);
#17513 = AXIS2_PLACEMENT_3D('',#17514,#17515,#17516);
#17514 = CARTESIAN_POINT('',(-38.602,66.860625273774,12.3));
#17515 = DIRECTION('',(0.,0.,1.));
#17516 = DIRECTION('',(-0.5,0.866025403784,0.));
#17517 = PLANE('',#17518);
#17518 = AXIS2_PLACEMENT_3D('',#17519,#17520,#17521);
#17519 = CARTESIAN_POINT('',(-38.602,66.860625273774,12.3));
#17520 = DIRECTION('',(0.,0.,1.));
#17521 = DIRECTION('',(-0.5,0.866025403784,0.));
#17522 = ADVANCED_FACE('',(#17523),#17542,.F.);
#17523 = FACE_BOUND('',#17524,.F.);
#17524 = EDGE_LOOP('',(#17525,#17533,#17540,#17541));
#17525 = ORIENTED_EDGE('',*,*,#17526,.T.);
#17526 = EDGE_CURVE('',#17470,#17527,#17529,.T.);
#17527 = VERTEX_POINT('',#17528);
#17528 = CARTESIAN_POINT('',(59.149355630989,-49.63220249433,14.29));
#17529 = LINE('',#17530,#17531);
#17530 = CARTESIAN_POINT('',(60.673784072796,-50.91134983761,12.29));
#17531 = VECTOR('',#17532,1.);
#17532 = DIRECTION('',(-0.540315941455,0.453378907194,0.708876752279));
#17533 = ORIENTED_EDGE('',*,*,#17534,.F.);
#17534 = EDGE_CURVE('',#17527,#17527,#17535,.T.);
#17535 = CIRCLE('',#17536,1.E-02);
#17536 = AXIS2_PLACEMENT_3D('',#17537,#17538,#17539);
#17537 = CARTESIAN_POINT('',(59.141695186558,-49.62577461824,14.29));
#17538 = DIRECTION('',(-0.,0.,1.));
#17539 = DIRECTION('',(0.766044443119,-0.642787609687,0.));
#17540 = ORIENTED_EDGE('',*,*,#17526,.F.);
#17541 = ORIENTED_EDGE('',*,*,#17469,.T.);
#17542 = CONICAL_SURFACE('',#17543,2.,0.782891902981);
#17543 = AXIS2_PLACEMENT_3D('',#17544,#17545,#17546);
#17544 = CARTESIAN_POINT('',(59.141695186558,-49.62577461824,12.29));
#17545 = DIRECTION('',(-0.,0.,-1.));
#17546 = DIRECTION('',(0.766044443119,-0.642787609687,0.));
#17547 = ADVANCED_FACE('',(#17548),#17567,.F.);
#17548 = FACE_BOUND('',#17549,.F.);
#17549 = EDGE_LOOP('',(#17550,#17558,#17565,#17566));
#17550 = ORIENTED_EDGE('',*,*,#17551,.T.);
#17551 = EDGE_CURVE('',#17490,#17552,#17554,.T.);
#17552 = VERTEX_POINT('',#17553);
#17553 = CARTESIAN_POINT('',(-38.607,-66.86928552781,14.29));
#17554 = LINE('',#17555,#17556);
#17555 = CARTESIAN_POINT('',(-39.602,-68.59267608134,12.29));
#17556 = VECTOR('',#17557,1.);
#17557 = DIRECTION('',(0.352666184259,0.610835749248,0.708876752279));
#17558 = ORIENTED_EDGE('',*,*,#17559,.F.);
#17559 = EDGE_CURVE('',#17552,#17552,#17560,.T.);
#17560 = CIRCLE('',#17561,1.E-02);
#17561 = AXIS2_PLACEMENT_3D('',#17562,#17563,#17564);
#17562 = CARTESIAN_POINT('',(-38.602,-66.86062527377,14.29));
#17563 = DIRECTION('',(0.,0.,1.));
#17564 = DIRECTION('',(-0.5,-0.866025403784,0.));
#17565 = ORIENTED_EDGE('',*,*,#17551,.F.);
#17566 = ORIENTED_EDGE('',*,*,#17489,.T.);
#17567 = CONICAL_SURFACE('',#17568,2.,0.782891902981);
#17568 = AXIS2_PLACEMENT_3D('',#17569,#17570,#17571);
#17569 = CARTESIAN_POINT('',(-38.602,-66.86062527377,12.29));
#17570 = DIRECTION('',(0.,0.,-1.));
#17571 = DIRECTION('',(-0.5,-0.866025403784,0.));
#17572 = ADVANCED_FACE('',(#17573),#17592,.F.);
#17573 = FACE_BOUND('',#17574,.F.);
#17574 = EDGE_LOOP('',(#17575,#17583,#17590,#17591));
#17575 = ORIENTED_EDGE('',*,*,#17576,.T.);
#17576 = EDGE_CURVE('',#17510,#17577,#17579,.T.);
#17577 = VERTEX_POINT('',#17578);
#17578 = CARTESIAN_POINT('',(-38.607,66.869285527812,14.29));
#17579 = LINE('',#17580,#17581);
#17580 = CARTESIAN_POINT('',(-39.602,68.592676081343,12.29));
#17581 = VECTOR('',#17582,1.);
#17582 = DIRECTION('',(0.352666184259,-0.610835749248,0.708876752279));
#17583 = ORIENTED_EDGE('',*,*,#17584,.F.);
#17584 = EDGE_CURVE('',#17577,#17577,#17585,.T.);
#17585 = CIRCLE('',#17586,1.E-02);
#17586 = AXIS2_PLACEMENT_3D('',#17587,#17588,#17589);
#17587 = CARTESIAN_POINT('',(-38.602,66.860625273774,14.29));
#17588 = DIRECTION('',(0.,0.,1.));
#17589 = DIRECTION('',(-0.5,0.866025403784,0.));
#17590 = ORIENTED_EDGE('',*,*,#17576,.F.);
#17591 = ORIENTED_EDGE('',*,*,#17509,.T.);
#17592 = CONICAL_SURFACE('',#17593,2.,0.782891902981);
#17593 = AXIS2_PLACEMENT_3D('',#17594,#17595,#17596);
#17594 = CARTESIAN_POINT('',(-38.602,66.860625273774,12.29));
#17595 = DIRECTION('',(0.,0.,-1.));
#17596 = DIRECTION('',(-0.5,0.866025403784,0.));
#17597 = ADVANCED_FACE('',(#17598),#17601,.F.);
#17598 = FACE_BOUND('',#17599,.F.);
#17599 = EDGE_LOOP('',(#17600));
#17600 = ORIENTED_EDGE('',*,*,#17534,.T.);
#17601 = PLANE('',#17602);
#17602 = AXIS2_PLACEMENT_3D('',#17603,#17604,#17605);
#17603 = CARTESIAN_POINT('',(59.141695186558,-49.62577461824,14.29));
#17604 = DIRECTION('',(0.,0.,1.));
#17605 = DIRECTION('',(0.766044443119,-0.642787609687,0.));
#17606 = ADVANCED_FACE('',(#17607),#17610,.F.);
#17607 = FACE_BOUND('',#17608,.F.);
#17608 = EDGE_LOOP('',(#17609));
#17609 = ORIENTED_EDGE('',*,*,#17559,.T.);
#17610 = PLANE('',#17611);
#17611 = AXIS2_PLACEMENT_3D('',#17612,#17613,#17614);
#17612 = CARTESIAN_POINT('',(-38.602,-66.86062527377,14.29));
#17613 = DIRECTION('',(0.,0.,1.));
#17614 = DIRECTION('',(-0.5,-0.866025403784,0.));
#17615 = ADVANCED_FACE('',(#17616),#17619,.F.);
#17616 = FACE_BOUND('',#17617,.F.);
#17617 = EDGE_LOOP('',(#17618));
#17618 = ORIENTED_EDGE('',*,*,#17584,.T.);
#17619 = PLANE('',#17620);
#17620 = AXIS2_PLACEMENT_3D('',#17621,#17622,#17623);
#17621 = CARTESIAN_POINT('',(-38.602,66.860625273774,14.29));
#17622 = DIRECTION('',(0.,0.,1.));
#17623 = DIRECTION('',(-0.5,0.866025403784,0.));
#17624 = ( GEOMETRIC_REPRESENTATION_CONTEXT(3) 
GLOBAL_UNCERTAINTY_ASSIGNED_CONTEXT((#17628)) 
GLOBAL_UNIT_ASSIGNED_CONTEXT((#17625,#17626,#17627)) 
REPRESENTATION_CONTEXT('Context #1',
  '3D Context with UNIT and UNCERTAINTY') );
#17625 = ( LENGTH_UNIT() NAMED_UNIT(*) SI_UNIT(.MILLI.,.METRE.) );
#17626 = ( NAMED_UNIT(*) PLANE_ANGLE_UNIT() SI_UNIT($,.RADIAN.) );
#17627 = ( NAMED_UNIT(*) SI_UNIT($,.STERADIAN.) SOLID_ANGLE_UNIT() );
#17628 = UNCERTAINTY_MEASURE_WITH_UNIT(LENGTH_MEASURE(1.E-07),#17625,
  'distance_accuracy_value','confusion accuracy');
#17629 = CONTEXT_DEPENDENT_SHAPE_REPRESENTATION(#17630,#17632);
#17630 = ( REPRESENTATION_RELATIONSHIP('','',#32,#10) 
REPRESENTATION_RELATIONSHIP_WITH_TRANSFORMATION(#17631) 
SHAPE_REPRESENTATION_RELATIONSHIP() );
#17631 = ITEM_DEFINED_TRANSFORMATION('','',#11,#15);
#17632 = PRODUCT_DEFINITION_SHAPE('Placement','Placement of an item',
  #17633);
#17633 = NEXT_ASSEMBLY_USAGE_OCCURRENCE('2','=>[0:1:1:2]','',#5,#27,$);
#17634 = PRODUCT_RELATED_PRODUCT_CATEGORY('part',$,(#29));
ENDSEC;
END-ISO-10303-21;
