ISO-10303-21;
HEADER;
FILE_DESCRIPTION(('Open CASCADE Model'),'2;1');
FILE_NAME('Open CASCADE Shape Model','2026-09-05T07:24:19',('Author'),(
    'Open CASCADE'),'Open CASCADE STEP processor 7.9','build123d',
  'Unknown');
FILE_SCHEMA(('AUTOMOTIVE_DESIGN { 1 0 10303 214 1 1 1 1 }'));
ENDSEC;
DATA;
#1 = APPLICATION_PROTOCOL_DEFINITION('international standard',
  'automotive_design',2000,#2);
#2 = APPLICATION_CONTEXT(
  'core data for automotive mechanical design processes');
#3 = SHAPE_DEFINITION_REPRESENTATION(#4,#10);
#4 = PRODUCT_DEFINITION_SHAPE('','',#5);
#5 = PRODUCT_DEFINITION('design','',#6,#9);
#6 = PRODUCT_DEFINITION_FORMATION('','',#7);
#7 = PRODUCT('=>[0:1:1:2]','=>[0:1:1:2]','',(#8));
#8 = PRODUCT_CONTEXT('',#2,'mechanical');
#9 = PRODUCT_DEFINITION_CONTEXT('part definition',#2,'design');
#10 = SHAPE_REPRESENTATION('',(#11,#15),#19);
#11 = AXIS2_PLACEMENT_3D('',#12,#13,#14);
#12 = CARTESIAN_POINT('',(0.,0.,0.));
#13 = DIRECTION('',(0.,0.,1.));
#14 = DIRECTION('',(1.,0.,-0.));
#15 = AXIS2_PLACEMENT_3D('',#16,#17,#18);
#16 = CARTESIAN_POINT('',(0.,0.,-8.));
#17 = DIRECTION('',(0.,0.,1.));
#18 = DIRECTION('',(1.,0.,-0.));
#19 = ( GEOMETRIC_REPRESENTATION_CONTEXT(3) 
GLOBAL_UNCERTAINTY_ASSIGNED_CONTEXT((#23)) GLOBAL_UNIT_ASSIGNED_CONTEXT(
(#20,#21,#22)) REPRESENTATION_CONTEXT('Context #1',
  '3D Context with UNIT and UNCERTAINTY') );
#20 = ( LENGTH_UNIT() NAMED_UNIT(*) SI_UNIT(.MILLI.,.METRE.) );
#21 = ( NAMED_UNIT(*) PLANE_ANGLE_UNIT() SI_UNIT($,.RADIAN.) );
#22 = ( NAMED_UNIT(*) SI_UNIT($,.STERADIAN.) SOLID_ANGLE_UNIT() );
#23 = UNCERTAINTY_MEASURE_WITH_UNIT(LENGTH_MEASURE(2.E-07),#20,
  'distance_accuracy_value','confusion accuracy');
#24 = PRODUCT_RELATED_PRODUCT_CATEGORY('part',$,(#7));
#25 = SHAPE_DEFINITION_REPRESENTATION(#26,#32);
#26 = PRODUCT_DEFINITION_SHAPE('','',#27);
#27 = PRODUCT_DEFINITION('design','',#28,#31);
#28 = PRODUCT_DEFINITION_FORMATION('','',#29);
#29 = PRODUCT('COMPOUND','COMPOUND','',(#30));
#30 = PRODUCT_CONTEXT('',#2,'mechanical');
#31 = PRODUCT_DEFINITION_CONTEXT('part definition',#2,'design');
#32 = ADVANCED_BREP_SHAPE_REPRESENTATION('',(#11,#33),#6503);
#33 = MANIFOLD_SOLID_BREP('',#34);
#34 = CLOSED_SHELL('',(#35,#1158,#1253,#1281,#1367,#1385,#1456,#1527,
    #1598,#1669,#1740,#1811,#1882,#1953,#2024,#2095,#2166,#2237,#2308,
    #2379,#2450,#2521,#2584,#2608,#2632,#2681,#2713,#2737,#2761,#2779,
    #2811,#2835,#2859,#2877,#2909,#2933,#2957,#2975,#3000,#3025,#3072,
    #3128,#3152,#3176,#3209,#3236,#3261,#3286,#3785,#3856,#3906,#3919,
    #4120,#4137,#4154,#4171,#4188,#4200,#4209,#4218,#4240,#4251,#4269,
    #4281,#4290,#4330,#4364,#4397,#4437,#4473,#4506,#4546,#4582,#4615,
    #4655,#4689,#4722,#4739,#4757,#4769,#4809,#4845,#4878,#4918,#4942,
    #4975,#5015,#5049,#5082,#5106,#5130,#5147,#5187,#5223,#5256,#5296,
    #5332,#5365,#5382,#5399,#5416,#5433,#5450,#5467,#5479,#5496,#5513,
    #5530,#5559,#5622,#5640,#5663,#5688,#5706,#5718,#5743,#5772,#5835,
    #5853,#5876,#5901,#5918,#5930,#5959,#6022,#6040,#6063,#6088,#6106,
    #6118,#6143,#6168,#6184,#6201,#6214,#6239,#6248,#6257,#6282,#6298,
    #6315,#6328,#6353,#6362,#6387,#6403,#6420,#6433,#6458,#6467,#6476,
    #6485,#6494));
#35 = ADVANCED_FACE('',(#36,#97,#154,#211,#268,#325,#382,#439,#496,#553,
    #610,#667,#724,#781,#838,#895,#952,#1009,#1045,#1081,#1117),#1153,
  .T.);
#36 = FACE_BOUND('',#37,.T.);
#37 = EDGE_LOOP('',(#38,#47,#55,#64,#72,#81,#89,#96));
#38 = ORIENTED_EDGE('',*,*,#39,.F.);
#39 = EDGE_CURVE('',#40,#40,#42,.T.);
#40 = VERTEX_POINT('',#41);
#41 = CARTESIAN_POINT('',(72.1,-1.76594068437E-14,30.4));
#42 = CIRCLE('',#43,72.1);
#43 = AXIS2_PLACEMENT_3D('',#44,#45,#46);
#44 = CARTESIAN_POINT('',(0.,0.,30.4));
#45 = DIRECTION('',(0.,0.,1.));
#46 = DIRECTION('',(1.,0.,-0.));
#47 = ORIENTED_EDGE('',*,*,#48,.T.);
#48 = EDGE_CURVE('',#40,#49,#51,.T.);
#49 = VERTEX_POINT('',#50);
#50 = CARTESIAN_POINT('',(72.1,-1.76594068437E-14,11.4));
#51 = LINE('',#52,#53);
#52 = CARTESIAN_POINT('',(72.1,-1.76594068437E-14,30.4));
#53 = VECTOR('',#54,1.);
#54 = DIRECTION('',(0.,0.,-1.));
#55 = ORIENTED_EDGE('',*,*,#56,.T.);
#56 = EDGE_CURVE('',#49,#57,#59,.T.);
#57 = VERTEX_POINT('',#58);
#58 = CARTESIAN_POINT('',(10.701055074266,71.301454545455,11.4));
#59 = CIRCLE('',#60,72.1);
#60 = AXIS2_PLACEMENT_3D('',#61,#62,#63);
#61 = CARTESIAN_POINT('',(0.,0.,11.4));
#62 = DIRECTION('',(0.,0.,1.));
#63 = DIRECTION('',(1.,0.,-0.));
#64 = ORIENTED_EDGE('',*,*,#65,.T.);
#65 = EDGE_CURVE('',#57,#66,#68,.T.);
#66 = VERTEX_POINT('',#67);
#67 = CARTESIAN_POINT('',(10.701055074266,71.301454545455,18.8));
#68 = LINE('',#69,#70);
#69 = CARTESIAN_POINT('',(10.701055074266,71.301454545455,8.));
#70 = VECTOR('',#71,1.);
#71 = DIRECTION('',(0.,0.,1.));
#72 = ORIENTED_EDGE('',*,*,#73,.T.);
#73 = EDGE_CURVE('',#66,#74,#76,.T.);
#74 = VERTEX_POINT('',#75);
#75 = CARTESIAN_POINT('',(-10.70105507426,71.301454545455,18.8));
#76 = CIRCLE('',#77,72.1);
#77 = AXIS2_PLACEMENT_3D('',#78,#79,#80);
#78 = CARTESIAN_POINT('',(0.,0.,18.8));
#79 = DIRECTION('',(0.,0.,1.));
#80 = DIRECTION('',(1.,0.,-0.));
#81 = ORIENTED_EDGE('',*,*,#82,.F.);
#82 = EDGE_CURVE('',#83,#74,#85,.T.);
#83 = VERTEX_POINT('',#84);
#84 = CARTESIAN_POINT('',(-10.70105507426,71.301454545455,11.4));
#85 = LINE('',#86,#87);
#86 = CARTESIAN_POINT('',(-10.70105507426,71.301454545455,8.));
#87 = VECTOR('',#88,1.);
#88 = DIRECTION('',(0.,0.,1.));
#89 = ORIENTED_EDGE('',*,*,#90,.T.);
#90 = EDGE_CURVE('',#83,#49,#91,.T.);
#91 = CIRCLE('',#92,72.1);
#92 = AXIS2_PLACEMENT_3D('',#93,#94,#95);
#93 = CARTESIAN_POINT('',(0.,0.,11.4));
#94 = DIRECTION('',(0.,0.,1.));
#95 = DIRECTION('',(1.,0.,-0.));
#96 = ORIENTED_EDGE('',*,*,#48,.F.);
#97 = FACE_BOUND('',#98,.T.);
#98 = EDGE_LOOP('',(#99));
#99 = ORIENTED_EDGE('',*,*,#100,.F.);
#100 = EDGE_CURVE('',#101,#101,#103,.T.);
#101 = VERTEX_POINT('',#102);
#102 = CARTESIAN_POINT('',(66.611714294064,27.591475473523,13.));
#103 = B_SPLINE_CURVE_WITH_KNOTS('',7,(#104,#105,#106,#107,#108,#109,
    #110,#111,#112,#113,#114,#115,#116,#117,#118,#119,#120,#121,#122,
    #123,#124,#125,#126,#127,#128,#129,#130,#131,#132,#133,#134,#135,
    #136,#137,#138,#139,#140,#141,#142,#143,#144,#145,#146,#147,#148,
    #149,#150,#151,#152,#153),.UNSPECIFIED.,.T.,.F.,(8,6,6,6,6,6,6,6,8),
  (0.,0.142614912261,0.278842944801,0.448926195704,0.595154960508,
    0.689801070965,0.793916681338,0.894619539612,1.),.UNSPECIFIED.);
#104 = CARTESIAN_POINT('',(66.611714294064,27.591475473523,13.));
#105 = CARTESIAN_POINT('',(66.505967606966,27.846770559691,13.));
#106 = CARTESIAN_POINT('',(66.40206571569,28.094383220107,
    13.044541662107));
#107 = CARTESIAN_POINT('',(66.303279508004,28.326745145644,
    13.129100041584));
#108 = CARTESIAN_POINT('',(66.212501358208,28.537765078554,
    13.247602838674));
#109 = CARTESIAN_POINT('',(66.132069961636,28.722996371497,
    13.392519731605));
#110 = CARTESIAN_POINT('',(66.063412184405,28.880017109226,
    13.55502282789));
#111 = CARTESIAN_POINT('',(65.952669000126,29.132001890513,
    13.88766213126));
#112 = CARTESIAN_POINT('',(65.908131467719,29.232615243531,
    14.061335571002));
#113 = CARTESIAN_POINT('',(65.872923110588,29.311749720578,
    14.242570626508));
#114 = CARTESIAN_POINT('',(65.846760213657,29.370363351164,
    14.428813307073));
#115 = CARTESIAN_POINT('',(65.829402313824,29.409186380074,
    14.618146665305));
#116 = CARTESIAN_POINT('',(65.820714771236,29.428617143922,
    14.80901806216));
#117 = CARTESIAN_POINT('',(65.820714771236,29.428617143922,
    15.238444527502));
#118 = CARTESIAN_POINT('',(65.834257180435,29.39832772467,
    15.476736094626));
#119 = CARTESIAN_POINT('',(65.861309967672,29.337821644815,
    15.712119862803));
#120 = CARTESIAN_POINT('',(65.902232600366,29.246055526038,
    15.941552774101));
#121 = CARTESIAN_POINT('',(65.957578055851,29.121332224216,
    16.160757403236));
#122 = CARTESIAN_POINT('',(66.027930583501,28.961497164591,16.3637492435
    ));
#123 = CARTESIAN_POINT('',(66.186951906068,28.596002362755,
    16.693440271127));
#124 = CARTESIAN_POINT('',(66.27453299886,28.393327837965,16.83278894183
    ));
#125 = CARTESIAN_POINT('',(66.374073283294,28.160812166322,
    16.94251670638));
#126 = CARTESIAN_POINT('',(66.481501587253,27.906712351473,
    17.011184272378));
#127 = CARTESIAN_POINT('',(66.591622696677,27.642397736775,
    17.032593502222));
#128 = CARTESIAN_POINT('',(66.699373722028,27.380206715411,
    17.006143169275));
#129 = CARTESIAN_POINT('',(66.865901424818,26.970195822089,
    16.892521273859));
#130 = CARTESIAN_POINT('',(66.929124938741,26.813231955876,
    16.82966541575));
#131 = CARTESIAN_POINT('',(66.989313605821,26.66256539257,16.74919364877
    ));
#132 = CARTESIAN_POINT('',(67.045727214275,26.520243577982,
    16.652049778906));
#133 = CARTESIAN_POINT('',(67.097709305964,26.388180655901,
    16.539512289388));
#134 = CARTESIAN_POINT('',(67.144694289083,26.268100958117,
    16.413164337984));
#135 = CARTESIAN_POINT('',(67.2319065575,26.044127784737,16.122692840541
    ));
#136 = CARTESIAN_POINT('',(67.270993979747,25.943039158923,
    15.956030276052));
#137 = CARTESIAN_POINT('',(67.302868969824,25.860119497337,
    15.777308997662));
#138 = CARTESIAN_POINT('',(67.327081565596,25.796875200694,
    15.589281439947));
#139 = CARTESIAN_POINT('',(67.343327735601,25.75435339211,
    15.394947865778));
#140 = CARTESIAN_POINT('',(67.351448500697,25.733099013877,
    15.197462258367));
#141 = CARTESIAN_POINT('',(67.351448500697,25.733099013877,
    14.809010255546));
#142 = CARTESIAN_POINT('',(67.343851285159,25.752983256883,
    14.618140940613));
#143 = CARTESIAN_POINT('',(67.328673286468,25.792708811314,
    14.42881208268));
#144 = CARTESIAN_POINT('',(67.305727731597,25.852653329091,
    14.242571901982));
#145 = CARTESIAN_POINT('',(67.274667474482,25.933505443622,
    14.061336219136));
#146 = CARTESIAN_POINT('',(67.235015334302,26.036144015729,
    13.887661334042));
#147 = CARTESIAN_POINT('',(67.135164118578,26.292575754721,
    13.555094223021));
#148 = CARTESIAN_POINT('',(67.072681583115,26.452156555185,
    13.392551179513));
#149 = CARTESIAN_POINT('',(66.998554898109,26.640065250906,
    13.247572687141));
#150 = CARTESIAN_POINT('',(66.913498966005,26.85354944323,
    13.129039618662));
#151 = CARTESIAN_POINT('',(66.819022676962,27.087763176608,
    13.044498770487));
#152 = CARTESIAN_POINT('',(66.717410053851,27.33630333676,13.));
#153 = CARTESIAN_POINT('',(66.611714294064,27.591475473523,13.));
#154 = FACE_BOUND('',#155,.T.);
#155 = EDGE_LOOP('',(#156));
#156 = ORIENTED_EDGE('',*,*,#157,.F.);
#157 = EDGE_CURVE('',#158,#158,#160,.T.);
#158 = VERTEX_POINT('',#159);
#159 = CARTESIAN_POINT('',(57.200775834998,43.891699031529,13.));
#160 = B_SPLINE_CURVE_WITH_KNOTS('',7,(#161,#162,#163,#164,#165,#166,
    #167,#168,#169,#170,#171,#172,#173,#174,#175,#176,#177,#178,#179,
    #180,#181,#182,#183,#184,#185,#186,#187,#188,#189,#190,#191,#192,
    #193,#194,#195,#196,#197,#198,#199,#200,#201,#202,#203,#204,#205,
    #206,#207,#208,#209,#210),.UNSPECIFIED.,.T.,.F.,(8,6,6,6,6,6,6,6,8),
  (0.,0.142614912009,0.278842944308,0.44892619491,0.595154959963,
    0.689801070269,0.793916680497,0.894619538647,1.),.UNSPECIFIED.);
#161 = CARTESIAN_POINT('',(57.200775834998,43.891699031529,13.));
#162 = CARTESIAN_POINT('',(57.032557148464,44.110925892006,13.));
#163 = CARTESIAN_POINT('',(56.868108755957,44.323209567334,
    13.044541662107));
#164 = CARTESIAN_POINT('',(56.712548914986,44.522086200314,
    13.129100041584));
#165 = CARTESIAN_POINT('',(56.570247978103,44.702420689326,
    13.247602838674));
#166 = CARTESIAN_POINT('',(56.444615828545,44.86052320176,
    13.392519731605));
#167 = CARTESIAN_POINT('',(56.337657550942,44.994423647253,
    13.55502282789));
#168 = CARTESIAN_POINT('',(56.165469388689,45.209159810124,
    13.88766213126));
#169 = CARTESIAN_POINT('',(56.096408783944,45.294817684665,
    14.061335571002));
#170 = CARTESIAN_POINT('',(56.041918612708,45.362143126421,
    14.242570626507));
#171 = CARTESIAN_POINT('',(56.001476870972,45.411988089977,
    14.428813307074));
#172 = CARTESIAN_POINT('',(55.974662287964,45.444995701195,
    14.618146665304));
#173 = CARTESIAN_POINT('',(55.961241714466,45.461515876344,
    14.80901806216));
#174 = CARTESIAN_POINT('',(55.961241714466,45.461515876344,
    15.238444527502));
#175 = CARTESIAN_POINT('',(55.982162155829,45.435763577442,
    15.476736094626));
#176 = CARTESIAN_POINT('',(56.023953267505,45.384320968823,
    15.712119862804));
#177 = CARTESIAN_POINT('',(56.087232314538,45.306273261434,15.9415527741
    ));
#178 = CARTESIAN_POINT('',(56.172972685238,45.200124261004,
    16.160757403236));
#179 = CARTESIAN_POINT('',(56.282296366147,45.063944022993,16.3637492435
    ));
#180 = CARTESIAN_POINT('',(56.530496184543,44.752060900883,
    16.693440271656));
#181 = CARTESIAN_POINT('',(56.667549050168,44.578959998825,
    16.832788941035));
#182 = CARTESIAN_POINT('',(56.823877065667,44.380130028082,
    16.942516706531));
#183 = CARTESIAN_POINT('',(56.99341071131,44.162492944325,
    17.011184272845));
#184 = CARTESIAN_POINT('',(57.168189191089,43.935686072081,
    17.032593501755));
#185 = CARTESIAN_POINT('',(57.34012871814,43.710317011856,17.00614316948
    ));
#186 = CARTESIAN_POINT('',(57.607100755395,43.357377441365,
    16.892521273874));
#187 = CARTESIAN_POINT('',(57.708795218362,43.222125438604,
    16.829665415748));
#188 = CARTESIAN_POINT('',(57.805928382372,43.09217068731,16.74919364873
    ));
#189 = CARTESIAN_POINT('',(57.897255339834,42.969299287288,
    16.652049778917));
#190 = CARTESIAN_POINT('',(57.981646584092,42.855190255482,
    16.53951228945));
#191 = CARTESIAN_POINT('',(58.058109505497,42.751362782582,
    16.413164337935));
#192 = CARTESIAN_POINT('',(58.200318610758,42.5575935061,16.122692840564
    ));
#193 = CARTESIAN_POINT('',(58.264237823019,42.470065960948,
    15.956030276033));
#194 = CARTESIAN_POINT('',(58.316487886764,42.398221572829,
    15.777308997636));
#195 = CARTESIAN_POINT('',(58.356244286798,42.343398954265,
    15.589281439965));
#196 = CARTESIAN_POINT('',(58.382942335891,42.306530859364,
    15.394947865813));
#197 = CARTESIAN_POINT('',(58.396287430501,42.288102515179,
    15.197462258336));
#198 = CARTESIAN_POINT('',(58.396287430501,42.288102515179,
    14.809010255546));
#199 = CARTESIAN_POINT('',(58.383802663018,42.305342914964,
    14.618140940613));
#200 = CARTESIAN_POINT('',(58.358860112027,42.339786498825,
    14.42881208268));
#201 = CARTESIAN_POINT('',(58.321181625127,42.39174971009,
    14.242571901982));
#202 = CARTESIAN_POINT('',(58.270253653532,42.461807869538,
    14.061336219136));
#203 = CARTESIAN_POINT('',(58.205387810041,42.550686388052,
    13.887661334042));
#204 = CARTESIAN_POINT('',(58.042569523302,42.772537032297,
    13.555094221254));
#205 = CARTESIAN_POINT('',(57.940913480914,42.91050857496,
    13.392551184487));
#206 = CARTESIAN_POINT('',(57.8206782504,43.072829042057,13.247572681359
    ));
#207 = CARTESIAN_POINT('',(57.683266750359,43.257024846407,
    13.129039621761));
#208 = CARTESIAN_POINT('',(57.531390696184,43.458805666846,
    13.044498769863));
#209 = CARTESIAN_POINT('',(57.368913506052,43.672577752481,13.));
#210 = CARTESIAN_POINT('',(57.200775834998,43.891699031529,13.));
#211 = FACE_BOUND('',#212,.T.);
#212 = EDGE_LOOP('',(#213));
#213 = ORIENTED_EDGE('',*,*,#214,.F.);
#214 = EDGE_CURVE('',#215,#215,#217,.T.);
#215 = VERTEX_POINT('',#216);
#216 = CARTESIAN_POINT('',(27.591475473523,66.611714294064,13.));
#217 = B_SPLINE_CURVE_WITH_KNOTS('',7,(#218,#219,#220,#221,#222,#223,
    #224,#225,#226,#227,#228,#229,#230,#231,#232,#233,#234,#235,#236,
    #237,#238,#239,#240,#241,#242,#243,#244,#245,#246,#247,#248,#249,
    #250,#251,#252,#253,#254,#255,#256,#257,#258,#259,#260,#261,#262,
    #263,#264,#265,#266,#267),.UNSPECIFIED.,.T.,.F.,(8,6,6,6,6,6,6,6,8),
  (0.,0.142614911688,0.278842945297,0.448926197534,0.595154963994,
    0.689801075241,0.793916686491,0.894619543427,1.),.UNSPECIFIED.);
#218 = CARTESIAN_POINT('',(27.591475473523,66.611714294064,13.));
#219 = CARTESIAN_POINT('',(27.336180384281,66.717460982435,13.));
#220 = CARTESIAN_POINT('',(27.087622071705,66.819079837419,
    13.044541662798));
#221 = CARTESIAN_POINT('',(26.853464967309,66.913532139112,
    13.129100038096));
#222 = CARTESIAN_POINT('',(26.640061502504,66.998555916642,
    13.247602845194));
#223 = CARTESIAN_POINT('',(26.452209616818,67.072660632794,
    13.392519725974));
#224 = CARTESIAN_POINT('',(26.292630803641,67.135142683238,
    13.555022829908));
#225 = CARTESIAN_POINT('',(26.03614340102,67.235015573662,13.88766213126
    ));
#226 = CARTESIAN_POINT('',(25.93350622564,67.274667166676,
    14.061335571002));
#227 = CARTESIAN_POINT('',(25.852653632214,67.30572762394,
    14.242570626508));
#228 = CARTESIAN_POINT('',(25.79270757472,67.328673757762,
    14.428813307073));
#229 = CARTESIAN_POINT('',(25.752981659033,67.343851896091,
    14.618146665305));
#230 = CARTESIAN_POINT('',(25.733099013877,67.351448500697,
    14.80901806216));
#231 = CARTESIAN_POINT('',(25.733099013877,67.351448500697,
    15.238444527502));
#232 = CARTESIAN_POINT('',(25.764092797006,67.339606576323,
    15.476736094626));
#233 = CARTESIAN_POINT('',(25.826006265679,67.31595152626,
    15.712119862804));
#234 = CARTESIAN_POINT('',(25.919831381633,67.279999752471,
    15.941552774101));
#235 = CARTESIAN_POINT('',(26.047159221003,67.230942206863,
    16.160757403235));
#236 = CARTESIAN_POINT('',(26.209926424911,67.167668501705,16.3637492435
    ));
#237 = CARTESIAN_POINT('',(26.580815333914,67.021669704144,
    16.693440271657));
#238 = CARTESIAN_POINT('',(26.786057048233,66.940286358357,
    16.832788941034));
#239 = CARTESIAN_POINT('',(27.020856066347,66.846258560411,
    16.94251670653));
#240 = CARTESIAN_POINT('',(27.276495052154,66.742546139891,
    17.011184272848));
#241 = CARTESIAN_POINT('',(27.541261091801,66.633514866663,
    17.032593501753));
#242 = CARTESIAN_POINT('',(27.802849620248,66.52430929881,
    17.006143169481));
#243 = CARTESIAN_POINT('',(28.210523971912,66.352140683368,
    16.892521273859));
#244 = CARTESIAN_POINT('',(28.366219961537,66.285856244593,
    16.82966541575));
#245 = CARTESIAN_POINT('',(28.515317124792,66.221878710625,
    16.74919364877));
#246 = CARTESIAN_POINT('',(28.655844290087,66.161132435508,
    16.652049778906));
#247 = CARTESIAN_POINT('',(28.785983767367,66.104506737294,
    16.539512289388));
#248 = CARTESIAN_POINT('',(28.904116336131,66.052820968885,
    16.413164337983));
#249 = CARTESIAN_POINT('',(29.124157672241,65.956116405581,
    16.122692840529));
#250 = CARTESIAN_POINT('',(29.223277106364,65.912274934107,
    15.956030276063));
#251 = CARTESIAN_POINT('',(29.30444918301,65.876180900734,
    15.777308997676));
#252 = CARTESIAN_POINT('',(29.366290544706,65.848581320363,
    15.589281439938));
#253 = CARTESIAN_POINT('',(29.407845780873,65.830001638148,
    15.39494786576));
#254 = CARTESIAN_POINT('',(29.428617143922,65.820714771236,
    15.197462258383));
#255 = CARTESIAN_POINT('',(29.428617143922,65.820714771236,
    14.809010259677));
#256 = CARTESIAN_POINT('',(29.409184819146,65.82940301128,
    14.618140930513));
#257 = CARTESIAN_POINT('',(29.370362139148,65.846760756715,
    14.428812089919));
#258 = CARTESIAN_POINT('',(29.311750019256,65.872922968763,
    14.242571905832));
#259 = CARTESIAN_POINT('',(29.232616006754,65.908131135653,
    14.061336210803));
#260 = CARTESIAN_POINT('',(29.132001289421,65.952669264296,
    13.887661337772));
#261 = CARTESIAN_POINT('',(28.880071193289,66.063388415345,
    13.555094223015));
#262 = CARTESIAN_POINT('',(28.723048702605,66.132047256967,
    13.392551179514));
#263 = CARTESIAN_POINT('',(28.53776170799,66.212503288317,
    13.247572687146));
#264 = CARTESIAN_POINT('',(28.326661961551,66.303315782014,
    13.129039618663));
#265 = CARTESIAN_POINT('',(28.094243017782,66.402125076493,
    13.044498770484));
#266 = CARTESIAN_POINT('',(27.846647610279,66.50601853428,13.));
#267 = CARTESIAN_POINT('',(27.591475473523,66.611714294064,13.));
#268 = FACE_BOUND('',#269,.T.);
#269 = EDGE_LOOP('',(#270));
#270 = ORIENTED_EDGE('',*,*,#271,.F.);
#271 = EDGE_CURVE('',#272,#272,#274,.T.);
#272 = VERTEX_POINT('',#273);
#273 = CARTESIAN_POINT('',(-27.59147547352,66.611714294064,13.));
#274 = B_SPLINE_CURVE_WITH_KNOTS('',7,(#275,#276,#277,#278,#279,#280,
    #281,#282,#283,#284,#285,#286,#287,#288,#289,#290,#291,#292,#293,
    #294,#295,#296,#297,#298,#299,#300,#301,#302,#303,#304,#305,#306,
    #307,#308,#309,#310,#311,#312,#313,#314,#315,#316,#317,#318,#319,
    #320,#321,#322,#323,#324),.UNSPECIFIED.,.T.,.F.,(8,6,6,6,6,6,6,6,8),
  (0.,0.142614916807,0.278842951989,0.448926202563,0.595154967083,
    0.689801077327,0.793916687501,0.894619543405,1.),.UNSPECIFIED.);
#275 = CARTESIAN_POINT('',(-27.59147547352,66.611714294064,13.));
#276 = CARTESIAN_POINT('',(-27.84677056276,66.505967605693,13.));
#277 = CARTESIAN_POINT('',(-28.09438321256,66.402065718805,
    13.044541662798));
#278 = CARTESIAN_POINT('',(-28.32674515197,66.30327950545,
    13.129100038096));
#279 = CARTESIAN_POINT('',(-28.53776507871,66.21250135801,
    13.247602845194));
#280 = CARTESIAN_POINT('',(-28.72299636825,66.132069963092,
    13.392519725974));
#281 = CARTESIAN_POINT('',(-28.88001711075,66.063412183733,
    13.555022829908));
#282 = CARTESIAN_POINT('',(-29.13200188751,65.952669001443,
    13.887662127304));
#283 = CARTESIAN_POINT('',(-29.23261525121,65.908131464338,
    14.06133557962));
#284 = CARTESIAN_POINT('',(-29.31174971228,65.872923114231,
    14.24257062287));
#285 = CARTESIAN_POINT('',(-29.3703633554,65.846760211798,14.4288132995)
  );
#286 = CARTESIAN_POINT('',(-29.40918637918,65.829402314214,
    14.618146675193));
#287 = CARTESIAN_POINT('',(-29.42861714392,65.820714771236,
    14.809018058086));
#288 = CARTESIAN_POINT('',(-29.42861714392,65.820714771236,
    15.238444527502));
#289 = CARTESIAN_POINT('',(-29.39832772467,65.834257180435,
    15.476736094626));
#290 = CARTESIAN_POINT('',(-29.33782164481,65.861309967672,
    15.712119862804));
#291 = CARTESIAN_POINT('',(-29.24605552603,65.902232600366,
    15.941552774101));
#292 = CARTESIAN_POINT('',(-29.12133222421,65.957578055851,
    16.160757403235));
#293 = CARTESIAN_POINT('',(-28.96149716459,66.027930583501,16.3637492435
    ));
#294 = CARTESIAN_POINT('',(-28.59600236275,66.186951906068,
    16.693440271127));
#295 = CARTESIAN_POINT('',(-28.39332783796,66.274532998861,
    16.83278894183));
#296 = CARTESIAN_POINT('',(-28.16081216632,66.374073283294,
    16.94251670638));
#297 = CARTESIAN_POINT('',(-27.90671235147,66.481501587253,
    17.011184272378));
#298 = CARTESIAN_POINT('',(-27.64239773677,66.591622696677,
    17.032593502222));
#299 = CARTESIAN_POINT('',(-27.38020671541,66.699373722028,
    17.006143169275));
#300 = CARTESIAN_POINT('',(-26.97019582214,66.865901424796,
    16.892521273874));
#301 = CARTESIAN_POINT('',(-26.81323195582,66.929124938764,
    16.829665415748));
#302 = CARTESIAN_POINT('',(-26.66256539253,66.989313605834,
    16.74919364873));
#303 = CARTESIAN_POINT('',(-26.52024357802,67.045727214259,
    16.652049778917));
#304 = CARTESIAN_POINT('',(-26.38818065593,67.097709305951,
    16.53951228945));
#305 = CARTESIAN_POINT('',(-26.26810095807,67.144694289098,
    16.413164337934));
#306 = CARTESIAN_POINT('',(-26.04412778473,67.2319065575,16.122692840541
    ));
#307 = CARTESIAN_POINT('',(-25.94303915892,67.270993979747,
    15.956030276052));
#308 = CARTESIAN_POINT('',(-25.86011949733,67.302868969824,
    15.777308997662));
#309 = CARTESIAN_POINT('',(-25.79687520069,67.327081565596,
    15.589281439947));
#310 = CARTESIAN_POINT('',(-25.75435339211,67.343327735601,
    15.394947865778));
#311 = CARTESIAN_POINT('',(-25.73309901387,67.351448500697,
    15.197462258367));
#312 = CARTESIAN_POINT('',(-25.73309901387,67.351448500697,
    14.809010259677));
#313 = CARTESIAN_POINT('',(-25.75298325595,67.343851285525,
    14.618140930513));
#314 = CARTESIAN_POINT('',(-25.79270881574,67.328673284738,
    14.428812089918));
#315 = CARTESIAN_POINT('',(-25.85265332073,67.305727734852,
    14.242571905832));
#316 = CARTESIAN_POINT('',(-25.93350545115,67.274667471551,
    14.061336210803));
#317 = CARTESIAN_POINT('',(-26.03614401285,67.235015335422,
    13.887661337772));
#318 = CARTESIAN_POINT('',(-26.29257575609,67.135164118042,
    13.555094221236));
#319 = CARTESIAN_POINT('',(-26.45215655225,67.072681584228,
    13.392551184492));
#320 = CARTESIAN_POINT('',(-26.64006525109,66.998554898146,
    13.247572681372));
#321 = CARTESIAN_POINT('',(-26.85354944883,66.913498963624,
    13.129039621764));
#322 = CARTESIAN_POINT('',(-27.08776316988,66.819022679759,
    13.044498769856));
#323 = CARTESIAN_POINT('',(-27.33630333955,66.717410052694,13.));
#324 = CARTESIAN_POINT('',(-27.59147547352,66.611714294064,13.));
#325 = FACE_BOUND('',#326,.T.);
#326 = EDGE_LOOP('',(#327));
#327 = ORIENTED_EDGE('',*,*,#328,.F.);
#328 = EDGE_CURVE('',#329,#329,#331,.T.);
#329 = VERTEX_POINT('',#330);
#330 = CARTESIAN_POINT('',(-43.89169903152,57.200775834998,13.));
#331 = B_SPLINE_CURVE_WITH_KNOTS('',7,(#332,#333,#334,#335,#336,#337,
    #338,#339,#340,#341,#342,#343,#344,#345,#346,#347,#348,#349,#350,
    #351,#352,#353,#354,#355,#356,#357,#358,#359,#360,#361,#362,#363,
    #364,#365,#366,#367,#368,#369,#370,#371,#372,#373,#374,#375,#376,
    #377,#378,#379,#380,#381),.UNSPECIFIED.,.T.,.F.,(8,6,6,6,6,6,6,6,8),
  (0.,0.14261491081,0.278842943579,0.448926194769,0.595154959819,
    0.689801070451,0.793916680993,0.894619539436,1.),.UNSPECIFIED.);
#332 = CARTESIAN_POINT('',(-43.89169903152,57.200775834998,13.));
#333 = CARTESIAN_POINT('',(-44.11092589464,57.032557146439,13.));
#334 = CARTESIAN_POINT('',(-44.32320956085,56.868108760918,
    13.044541662798));
#335 = CARTESIAN_POINT('',(-44.52208620576,56.712548910882,
    13.129100038096));
#336 = CARTESIAN_POINT('',(-44.70242068943,56.570247977869,
    13.247602845194));
#337 = CARTESIAN_POINT('',(-44.860523199,56.444615830792,13.392519725974
    ));
#338 = CARTESIAN_POINT('',(-44.99442364855,56.337657549897,
    13.555022829908));
#339 = CARTESIAN_POINT('',(-45.20915981012,56.165469388689,
    13.88766213126));
#340 = CARTESIAN_POINT('',(-45.29481768466,56.096408783944,
    14.061335571002));
#341 = CARTESIAN_POINT('',(-45.36214312642,56.041918612707,
    14.242570626508));
#342 = CARTESIAN_POINT('',(-45.41198808997,56.001476870972,
    14.428813307073));
#343 = CARTESIAN_POINT('',(-45.44499570119,55.974662287963,
    14.618146665305));
#344 = CARTESIAN_POINT('',(-45.46151587634,55.961241714466,
    14.80901806216));
#345 = CARTESIAN_POINT('',(-45.46151587634,55.961241714466,
    15.238444527502));
#346 = CARTESIAN_POINT('',(-45.43576357744,55.982162155829,
    15.476736094626));
#347 = CARTESIAN_POINT('',(-45.38432096882,56.023953267504,
    15.712119862803));
#348 = CARTESIAN_POINT('',(-45.30627326143,56.087232314539,
    15.941552774101));
#349 = CARTESIAN_POINT('',(-45.200124261,56.172972685238,16.160757403235
    ));
#350 = CARTESIAN_POINT('',(-45.06394402299,56.282296366147,16.3637492435
    ));
#351 = CARTESIAN_POINT('',(-44.75206090138,56.530496184146,
    16.693440271127));
#352 = CARTESIAN_POINT('',(-44.57895999836,56.667549050542,
    16.83278894183));
#353 = CARTESIAN_POINT('',(-44.38013002747,56.823877066138,
    16.94251670638));
#354 = CARTESIAN_POINT('',(-44.1624929449,56.993410710847,
    17.011184272378));
#355 = CARTESIAN_POINT('',(-43.93568607268,57.168189190642,
    17.032593502222));
#356 = CARTESIAN_POINT('',(-43.71031701122,57.340128718621,
    17.006143169275));
#357 = CARTESIAN_POINT('',(-43.35737744129,57.607100755446,
    16.892521273852));
#358 = CARTESIAN_POINT('',(-43.22212543867,57.708795218308,
    16.829665415751));
#359 = CARTESIAN_POINT('',(-43.09217068735,57.805928382342,
    16.749193648789));
#360 = CARTESIAN_POINT('',(-42.96929928723,57.897255339874,
    16.652049778901));
#361 = CARTESIAN_POINT('',(-42.85519025543,57.981646584124,
    16.539512289359));
#362 = CARTESIAN_POINT('',(-42.75136278263,58.058109505462,
    16.413164338007));
#363 = CARTESIAN_POINT('',(-42.55759350609,58.200318610765,
    16.122692840549));
#364 = CARTESIAN_POINT('',(-42.47006596096,58.26423782301,
    15.956030276045));
#365 = CARTESIAN_POINT('',(-42.39822157282,58.316487886764,
    15.777308997653));
#366 = CARTESIAN_POINT('',(-42.34339895425,58.356244286804,
    15.589281439953));
#367 = CARTESIAN_POINT('',(-42.30653085936,58.382942335888,
    15.394947865791));
#368 = CARTESIAN_POINT('',(-42.28810251517,58.396287430501,
    15.197462258355));
#369 = CARTESIAN_POINT('',(-42.28810251517,58.396287430501,
    14.809010255546));
#370 = CARTESIAN_POINT('',(-42.30534291496,58.383802663018,
    14.618140940613));
#371 = CARTESIAN_POINT('',(-42.33978649882,58.358860112027,
    14.428812082681));
#372 = CARTESIAN_POINT('',(-42.39174971009,58.321181625127,
    14.242571901981));
#373 = CARTESIAN_POINT('',(-42.46180786953,58.270253653532,
    14.061336219137));
#374 = CARTESIAN_POINT('',(-42.55068638805,58.205387810041,
    13.887661334042));
#375 = CARTESIAN_POINT('',(-42.77253703111,58.042569524167,
    13.555094223022));
#376 = CARTESIAN_POINT('',(-42.9105085775,57.940913479079,
    13.392551179513));
#377 = CARTESIAN_POINT('',(-43.07282904185,57.82067825042,
    13.247572687141));
#378 = CARTESIAN_POINT('',(-43.25702484159,57.68326675412,
    13.129039618662));
#379 = CARTESIAN_POINT('',(-43.45880567262,57.531390691739,
    13.044498770487));
#380 = CARTESIAN_POINT('',(-43.67257775009,57.36891350788,13.));
#381 = CARTESIAN_POINT('',(-43.89169903152,57.200775834998,13.));
#382 = FACE_BOUND('',#383,.T.);
#383 = EDGE_LOOP('',(#384));
#384 = ORIENTED_EDGE('',*,*,#385,.F.);
#385 = EDGE_CURVE('',#386,#386,#388,.T.);
#386 = VERTEX_POINT('',#387);
#387 = CARTESIAN_POINT('',(-57.20077583499,43.891699031529,13.));
#388 = B_SPLINE_CURVE_WITH_KNOTS('',7,(#389,#390,#391,#392,#393,#394,
    #395,#396,#397,#398,#399,#400,#401,#402,#403,#404,#405,#406,#407,
    #408,#409,#410,#411,#412,#413,#414,#415,#416,#417,#418,#419,#420,
    #421,#422,#423,#424,#425,#426,#427,#428,#429,#430,#431,#432,#433,
    #434,#435,#436,#437,#438),.UNSPECIFIED.,.T.,.F.,(8,6,6,6,6,6,6,6,8),
  (0.,0.142614910655,0.278842943277,0.448926194282,0.595154959174,
    0.689801069707,0.793916680105,0.89461953844,1.),.UNSPECIFIED.);
#389 = CARTESIAN_POINT('',(-57.20077583499,43.891699031529,13.));
#390 = CARTESIAN_POINT('',(-57.36899452355,43.672472168412,13.));
#391 = CARTESIAN_POINT('',(-57.53148242513,43.458684169967,
    13.044541662798));
#392 = CARTESIAN_POINT('',(-57.68332066085,43.256951829955,
    13.129100038096));
#393 = CARTESIAN_POINT('',(-57.8206802044,43.07282568479,13.247602845194
    ));
#394 = CARTESIAN_POINT('',(-57.94087950926,42.910554408761,
    13.392519725974));
#395 = CARTESIAN_POINT('',(-58.0425345715,42.772584656417,
    13.555022829908));
#396 = CARTESIAN_POINT('',(-58.20538820034,42.550685856239,
    13.88766213126));
#397 = CARTESIAN_POINT('',(-58.27025315381,42.461808545243,
    14.061335571002));
#398 = CARTESIAN_POINT('',(-58.32118144268,42.39174997502,
    14.242570626508));
#399 = CARTESIAN_POINT('',(-58.35886088731,42.339785426347,
    14.428813307073));
#400 = CARTESIAN_POINT('',(-58.38380366668,42.305341529681,
    14.618146665305));
#401 = CARTESIAN_POINT('',(-58.3962874305,42.288102515179,14.80901806216
    ));
#402 = CARTESIAN_POINT('',(-58.3962874305,42.288102515179,
    15.238444527502));
#403 = CARTESIAN_POINT('',(-58.37682722856,42.3149752952,15.476736094625
    ));
#404 = CARTESIAN_POINT('',(-58.33795381994,42.368656736117,
    15.712119862804));
#405 = CARTESIAN_POINT('',(-58.27894334622,42.44997983501,
    15.941552774101));
#406 = CARTESIAN_POINT('',(-58.19860252614,42.560272056353,
    16.160757403235));
#407 = CARTESIAN_POINT('',(-58.09535756791,42.701116662332,16.3637492435
    ));
#408 = CARTESIAN_POINT('',(-57.85834044585,43.021580568336,
    16.693440271128));
#409 = CARTESIAN_POINT('',(-57.72660970508,43.19876528198,
    16.832788941829));
#410 = CARTESIAN_POINT('',(-57.57501536888,43.401227532822,
    16.942516706381));
#411 = CARTESIAN_POINT('',(-57.4086726261,43.62131308056,17.011184272377
    ));
#412 = CARTESIAN_POINT('',(-57.23483000989,43.848838066163,
    17.032593502223));
#413 = CARTESIAN_POINT('',(-57.06164143742,44.073248702084,
    17.006143169275));
#414 = CARTESIAN_POINT('',(-56.78982543935,44.422471369819,
    16.892521273851));
#415 = CARTESIAN_POINT('',(-56.68550250074,44.555706472047,
    16.829665415752));
#416 = CARTESIAN_POINT('',(-56.58511576295,44.683164668424,
    16.749193648793));
#417 = CARTESIAN_POINT('',(-56.4900682602,44.803181193793,16.6520497789)
  );
#418 = CARTESIAN_POINT('',(-56.40168946063,44.914230466774,
    16.539512289353));
#419 = CARTESIAN_POINT('',(-56.32118988345,45.01496050461,
    16.413164338011));
#420 = CARTESIAN_POINT('',(-56.17082955976,45.202475131254,
    16.122692840594));
#421 = CARTESIAN_POINT('',(-56.10282795283,45.286870144875,
    15.956030276007));
#422 = CARTESIAN_POINT('',(-56.0469549145,45.355934526774,
    15.777308997602));
#423 = CARTESIAN_POINT('',(-56.00429004487,45.408525398099,
    15.589281439988));
#424 = CARTESIAN_POINT('',(-55.9755881634,45.443855898368,
    15.394947865859));
#425 = CARTESIAN_POINT('',(-55.96124171446,45.461515876344,
    15.197462258294));
#426 = CARTESIAN_POINT('',(-55.96124171446,45.461515876344,
    14.809010255546));
#427 = CARTESIAN_POINT('',(-55.97466336627,45.444994373188,
    14.618140940613));
#428 = CARTESIAN_POINT('',(-56.00147770624,45.411987063527,
    14.428812082681));
#429 = CARTESIAN_POINT('',(-56.04191840402,45.362143371215,
    14.242571901982));
#430 = CARTESIAN_POINT('',(-56.0964082606,45.294818342242,
    14.061336219137));
#431 = CARTESIAN_POINT('',(-56.16546980136,45.209159295477,
    13.887661334042));
#432 = CARTESIAN_POINT('',(-56.33762059473,44.994469735412,
    13.555094221234));
#433 = CARTESIAN_POINT('',(-56.44458035125,44.860567875757,
    13.392551184492));
#434 = CARTESIAN_POINT('',(-56.57025071499,44.702417933095,
    13.247572681374));
#435 = CARTESIAN_POINT('',(-56.71260548628,44.522015234187,
    13.129039621764));
#436 = CARTESIAN_POINT('',(-56.86820237669,44.323089511779,
    13.044498769856));
#437 = CARTESIAN_POINT('',(-57.03263816395,44.110820310557,13.));
#438 = CARTESIAN_POINT('',(-57.20077583499,43.891699031529,13.));
#439 = FACE_BOUND('',#440,.T.);
#440 = EDGE_LOOP('',(#441));
#441 = ORIENTED_EDGE('',*,*,#442,.F.);
#442 = EDGE_CURVE('',#443,#443,#445,.T.);
#443 = VERTEX_POINT('',#444);
#444 = CARTESIAN_POINT('',(-66.61171429406,27.591475473523,13.));
#445 = B_SPLINE_CURVE_WITH_KNOTS('',7,(#446,#447,#448,#449,#450,#451,
    #452,#453,#454,#455,#456,#457,#458,#459,#460,#461,#462,#463,#464,
    #465,#466,#467,#468,#469,#470,#471,#472,#473,#474,#475,#476,#477,
    #478,#479,#480,#481,#482,#483,#484,#485,#486,#487,#488,#489,#490,
    #491,#492,#493,#494,#495),.UNSPECIFIED.,.T.,.F.,(8,6,6,6,6,6,6,6,8),
  (0.,0.142614916806,0.278842951988,0.44892620256,0.59515496708,
    0.689801077353,0.793916687505,0.894619543406,1.),.UNSPECIFIED.);
#446 = CARTESIAN_POINT('',(-66.61171429406,27.591475473523,13.));
#447 = CARTESIAN_POINT('',(-66.71746098243,27.336180384281,13.));
#448 = CARTESIAN_POINT('',(-66.81907983741,27.087622071705,
    13.044541662798));
#449 = CARTESIAN_POINT('',(-66.91353213911,26.85346496731,
    13.129100038096));
#450 = CARTESIAN_POINT('',(-66.99855591664,26.640061502503,
    13.247602845194));
#451 = CARTESIAN_POINT('',(-67.07266063279,26.452209616818,
    13.392519725974));
#452 = CARTESIAN_POINT('',(-67.13514268323,26.292630803641,
    13.555022829908));
#453 = CARTESIAN_POINT('',(-67.23501557247,26.03614340407,
    13.887662127304));
#454 = CARTESIAN_POINT('',(-67.27466716972,25.933506217814,
    14.06133557962));
#455 = CARTESIAN_POINT('',(-67.30572762065,25.852653640651,
    14.24257062287));
#456 = CARTESIAN_POINT('',(-67.32867375944,25.792707570408,14.4288132995
    ));
#457 = CARTESIAN_POINT('',(-67.34385189573,25.752981659939,
    14.618146675193));
#458 = CARTESIAN_POINT('',(-67.35144850069,25.733099013877,
    14.809018058086));
#459 = CARTESIAN_POINT('',(-67.35144850069,25.733099013877,
    15.238444527502));
#460 = CARTESIAN_POINT('',(-67.33960657632,25.764092797006,
    15.476736094626));
#461 = CARTESIAN_POINT('',(-67.31595152626,25.82600626568,
    15.712119862804));
#462 = CARTESIAN_POINT('',(-67.27999975247,25.919831381632,15.9415527741
    ));
#463 = CARTESIAN_POINT('',(-67.23094220686,26.047159221004,
    16.160757403236));
#464 = CARTESIAN_POINT('',(-67.1676685017,26.209926424911,16.3637492435)
  );
#465 = CARTESIAN_POINT('',(-67.02166970437,26.580815333318,
    16.693440271127));
#466 = CARTESIAN_POINT('',(-66.94028635814,26.786057048788,
    16.832788941829));
#467 = CARTESIAN_POINT('',(-66.84625856011,27.020856067063,
    16.94251670638));
#468 = CARTESIAN_POINT('',(-66.74254614016,27.276495051462,
    17.011184272378));
#469 = CARTESIAN_POINT('',(-66.63351486696,27.541261091107,
    17.032593502222));
#470 = CARTESIAN_POINT('',(-66.52430929849,27.802849620986,
    17.006143169275));
#471 = CARTESIAN_POINT('',(-66.35214068336,28.210523971912,
    16.892521273859));
#472 = CARTESIAN_POINT('',(-66.28585624459,28.366219961537,
    16.82966541575));
#473 = CARTESIAN_POINT('',(-66.22187871062,28.515317124792,
    16.74919364877));
#474 = CARTESIAN_POINT('',(-66.1611324355,28.655844290087,
    16.652049778906));
#475 = CARTESIAN_POINT('',(-66.10450673729,28.785983767368,
    16.539512289388));
#476 = CARTESIAN_POINT('',(-66.05282096888,28.904116336131,
    16.413164337983));
#477 = CARTESIAN_POINT('',(-65.95611640559,29.12415767221,
    16.122692840569));
#478 = CARTESIAN_POINT('',(-65.91227493408,29.223277106405,
    15.956030276028));
#479 = CARTESIAN_POINT('',(-65.87618090073,29.304449183011,
    15.777308997631));
#480 = CARTESIAN_POINT('',(-65.84858132037,29.366290544682,
    15.589281439969));
#481 = CARTESIAN_POINT('',(-65.83000163814,29.407845780883,
    15.394947865821));
#482 = CARTESIAN_POINT('',(-65.82071477123,29.428617143922,
    15.197462258328));
#483 = CARTESIAN_POINT('',(-65.82071477123,29.428617143922,
    14.809010259676));
#484 = CARTESIAN_POINT('',(-65.82940301128,29.409184819146,
    14.618140930513));
#485 = CARTESIAN_POINT('',(-65.84676075671,29.370362139149,
    14.428812089918));
#486 = CARTESIAN_POINT('',(-65.87292296876,29.311750019255,
    14.242571905832));
#487 = CARTESIAN_POINT('',(-65.90813113565,29.232616006754,
    14.061336210803));
#488 = CARTESIAN_POINT('',(-65.95266926429,29.132001289421,
    13.887661337772));
#489 = CARTESIAN_POINT('',(-66.06338841593,28.880071191941,
    13.555094221235));
#490 = CARTESIAN_POINT('',(-66.13204725568,28.723048705464,
    13.392551184492));
#491 = CARTESIAN_POINT('',(-66.21250328847,28.537761707879,
    13.247572681373));
#492 = CARTESIAN_POINT('',(-66.30331578429,28.326661955899,
    13.129039621764));
#493 = CARTESIAN_POINT('',(-66.40212507371,28.094243024518,
    13.044498769856));
#494 = CARTESIAN_POINT('',(-66.50601853543,27.846647607492,13.));
#495 = CARTESIAN_POINT('',(-66.61171429406,27.591475473523,13.));
#496 = FACE_BOUND('',#497,.T.);
#497 = EDGE_LOOP('',(#498));
#498 = ORIENTED_EDGE('',*,*,#499,.F.);
#499 = EDGE_CURVE('',#500,#500,#502,.T.);
#500 = VERTEX_POINT('',#501);
#501 = CARTESIAN_POINT('',(-71.48317450505,9.410938459066,13.));
#502 = B_SPLINE_CURVE_WITH_KNOTS('',7,(#503,#504,#505,#506,#507,#508,
    #509,#510,#511,#512,#513,#514,#515,#516,#517,#518,#519,#520,#521,
    #522,#523,#524,#525,#526,#527,#528,#529,#530,#531,#532,#533,#534,
    #535,#536,#537,#538,#539,#540,#541,#542,#543,#544,#545,#546,#547,
    #548,#549,#550,#551,#552),.UNSPECIFIED.,.T.,.F.,(8,6,6,6,6,6,6,6,8),
  (0.,0.142614910653,0.278842943272,0.448926194275,0.595154959164,
    0.689801069677,0.793916680111,0.894619538444,1.),.UNSPECIFIED.);
#503 = CARTESIAN_POINT('',(-71.48317450505,9.410938459066,13.));
#504 = CARTESIAN_POINT('',(-71.51924273117,9.136973082135,13.));
#505 = CARTESIAN_POINT('',(-71.55306738253,8.870583293668,
    13.044541662798));
#506 = CARTESIAN_POINT('',(-71.58369698192,8.619958844591,
    13.129100038096));
#507 = CARTESIAN_POINT('',(-71.6105907635,8.391821153604,13.247602845194
    ));
#508 = CARTESIAN_POINT('',(-71.63355077701,8.191190453831,
    13.392519725974));
#509 = CARTESIAN_POINT('',(-71.65260176717,8.020877612223,
    13.555022829908));
#510 = CARTESIAN_POINT('',(-71.68268774675,7.747280799782,13.88766213126
    ));
#511 = CARTESIAN_POINT('',(-71.69442378877,7.637878313905,
    14.061335571002));
#512 = CARTESIAN_POINT('',(-71.70349969559,7.551741667903,
    14.242570626508));
#513 = CARTESIAN_POINT('',(-71.71014877751,7.487899326341,
    14.428813307073));
#514 = CARTESIAN_POINT('',(-71.71452790975,7.445598647137,
    14.618146665305));
#515 = CARTESIAN_POINT('',(-71.7167196591,7.424427340735,14.80901806216)
  );
#516 = CARTESIAN_POINT('',(-71.7167196591,7.424427340735,15.238444527502
    ));
#517 = CARTESIAN_POINT('',(-71.71330301987,7.457429951873,
    15.476736094626));
#518 = CARTESIAN_POINT('',(-71.70647838093,7.523356147729,
    15.712119862804));
#519 = CARTESIAN_POINT('',(-71.69603536104,7.623289254145,
    15.941552774101));
#520 = CARTESIAN_POINT('',(-71.68160428057,7.758975529708,
    16.160757403235));
#521 = CARTESIAN_POINT('',(-71.66261382692,7.932573015584,16.3637492435)
  );
#522 = CARTESIAN_POINT('',(-71.61758293109,8.328611460208,
    16.693440271127));
#523 = CARTESIAN_POINT('',(-71.59209311994,8.547923293773,16.83278894183
    ));
#524 = CARTESIAN_POINT('',(-71.56203969914,8.79905791441,16.942516706379
    ));
#525 = CARTESIAN_POINT('',(-71.52802543203,9.072828961146,
    17.011184272378));
#526 = CARTESIAN_POINT('',(-71.49123580293,9.356792686778,
    17.032593502222));
#527 = CARTESIAN_POINT('',(-71.45345541749,9.637732284599,
    17.006143169275));
#528 = CARTESIAN_POINT('',(-71.39266719188,10.076075985439,
    16.892521273859));
#529 = CARTESIAN_POINT('',(-71.36893842795,10.243622438017,
    16.82966541575));
#530 = CARTESIAN_POINT('',(-71.345730061,10.404197842881,16.74919364877)
  );
#531 = CARTESIAN_POINT('',(-71.32342477175,10.555658954054,
    16.652049778906));
#532 = CARTESIAN_POINT('',(-71.30241112265,10.696019845319,
    16.539512289388));
#533 = CARTESIAN_POINT('',(-71.28306146274,10.823504405638,
    16.413164337983));
#534 = CARTESIAN_POINT('',(-71.24660291602,11.061076997759,
    16.122692840541));
#535 = CARTESIAN_POINT('',(-71.22990930375,11.168166026872,
    15.956030276052));
#536 = CARTESIAN_POINT('',(-71.21605402411,11.255914055316,
    15.777308997662));
#537 = CARTESIAN_POINT('',(-71.20540059882,11.32279152074,
    15.589281439947));
#538 = CARTESIAN_POINT('',(-71.19820929046,11.367739572191,
    15.394947865778));
#539 = CARTESIAN_POINT('',(-71.19461489022,11.390206786231,
    15.197462258367));
#540 = CARTESIAN_POINT('',(-71.19461489022,11.390206786231,
    14.809010255546));
#541 = CARTESIAN_POINT('',(-71.19797763007,11.369187918884,
    14.618140940613));
#542 = CARTESIAN_POINT('',(-71.20469587484,11.327195580221,
    14.42881208268));
#543 = CARTESIAN_POINT('',(-71.2147967003,11.263809327573,
    14.242571901982));
#544 = CARTESIAN_POINT('',(-71.22832378586,11.178259213882,
    14.061336219137));
#545 = CARTESIAN_POINT('',(-71.2453033112,11.06954553294,13.887661334042
    ));
#546 = CARTESIAN_POINT('',(-71.28704549151,10.797543523313,
    13.555094221236));
#547 = CARTESIAN_POINT('',(-71.31272442801,10.628101232976,
    13.392551184492));
#548 = CARTESIAN_POINT('',(-71.34248318418,10.42830418315,
    13.247572681372));
#549 = CARTESIAN_POINT('',(-71.37556468301,10.20089347734,
    13.129039621764));
#550 = CARTESIAN_POINT('',(-71.41085268166,9.950820303067,
    13.044498769856));
#551 = CARTESIAN_POINT('',(-71.44712365011,9.684771888736,13.));
#552 = CARTESIAN_POINT('',(-71.48317450505,9.410938459066,13.));
#553 = FACE_BOUND('',#554,.T.);
#554 = EDGE_LOOP('',(#555));
#555 = ORIENTED_EDGE('',*,*,#556,.F.);
#556 = EDGE_CURVE('',#557,#557,#559,.T.);
#557 = VERTEX_POINT('',#558);
#558 = CARTESIAN_POINT('',(-71.48317450505,-9.410938459066,13.));
#559 = B_SPLINE_CURVE_WITH_KNOTS('',7,(#560,#561,#562,#563,#564,#565,
    #566,#567,#568,#569,#570,#571,#572,#573,#574,#575,#576,#577,#578,
    #579,#580,#581,#582,#583,#584,#585,#586,#587,#588,#589,#590,#591,
    #592,#593,#594,#595,#596,#597,#598,#599,#600,#601,#602,#603,#604,
    #605,#606,#607,#608,#609),.UNSPECIFIED.,.T.,.F.,(8,6,6,6,6,6,6,6,8),
  (0.,0.142614910708,0.278842943381,0.44892619445,0.595154959904,
    0.689801070501,0.793916681013,0.894619539437,1.),.UNSPECIFIED.);
#560 = CARTESIAN_POINT('',(-71.48317450505,-9.410938459066,13.));
#561 = CARTESIAN_POINT('',(-71.44710627892,-9.684903835996,13.));
#562 = CARTESIAN_POINT('',(-71.41083163255,-9.950971076501,
    13.044541662798));
#563 = CARTESIAN_POINT('',(-71.37555117307,-10.20098322823,
    13.129100038096));
#564 = CARTESIAN_POINT('',(-71.34248219193,-10.42830793877,
    13.247602845194));
#565 = CARTESIAN_POINT('',(-71.31273281582,-10.628044802,13.392519725974
    ));
#566 = CARTESIAN_POINT('',(-71.28705445219,-10.79748513334,
    13.555022829908));
#567 = CARTESIAN_POINT('',(-71.24530321114,-11.06954618497,
    13.88766213126));
#568 = CARTESIAN_POINT('',(-71.2283239103,-11.17825838273,
    14.061335571002));
#569 = CARTESIAN_POINT('',(-71.21479675863,-11.26380901123,
    14.242570626507));
#570 = CARTESIAN_POINT('',(-71.20469566469,-11.32719688679,
    14.428813307074));
#571 = CARTESIAN_POINT('',(-71.19797736022,-11.36918960812,
    14.618146665304));
#572 = CARTESIAN_POINT('',(-71.19461489022,-11.39020678623,
    14.80901806216));
#573 = CARTESIAN_POINT('',(-71.19461489022,-11.39020678623,
    15.238444527502));
#574 = CARTESIAN_POINT('',(-71.19985637444,-11.35744442049,
    15.476736094626));
#575 = CARTESIAN_POINT('',(-71.2103272345,-11.29199825875,
    15.712119862804));
#576 = CARTESIAN_POINT('',(-71.22610464306,-11.19276743793,
    15.941552774101));
#577 = CARTESIAN_POINT('',(-71.247283482,-11.05796952162,16.160757403235
    ));
#578 = CARTESIAN_POINT('',(-71.2738704479,-10.88537213555,16.3637492435)
  );
#579 = CARTESIAN_POINT('',(-71.33287623479,-10.4911735196,
    16.693440271656));
#580 = CARTESIAN_POINT('',(-71.36501704705,-10.27273730818,
    16.832788941035));
#581 = CARTESIAN_POINT('',(-71.40098609443,-10.02238149474,
    16.94251670653));
#582 = CARTESIAN_POINT('',(-71.43898799647,-9.749135428582,
    17.011184272847));
#583 = CARTESIAN_POINT('',(-71.47694716387,-9.465325675574,
    17.032593501755));
#584 = CARTESIAN_POINT('',(-71.5131666321,-9.18418058067,17.00614316948)
  );
#585 = CARTESIAN_POINT('',(-71.56790141323,-8.745039927938,
    16.892521273859));
#586 = CARTESIAN_POINT('',(-71.58834540019,-8.577061026268,
    16.82966541575));
#587 = CARTESIAN_POINT('',(-71.60748781212,-8.415950328273,
    16.74919364877));
#588 = CARTESIAN_POINT('',(-71.62514357734,-8.263877095647,
    16.652049778906));
#589 = CARTESIAN_POINT('',(-71.64117402282,-8.12286015318,
    16.539512289388));
#590 = CARTESIAN_POINT('',(-71.65547911874,-7.994711463412,
    16.413164337983));
#591 = CARTESIAN_POINT('',(-71.68175117831,-7.755797794833,
    16.122692840561));
#592 = CARTESIAN_POINT('',(-71.69334306734,-7.648037111074,
    15.956030276035));
#593 = CARTESIAN_POINT('',(-71.70267075584,-7.55969301397,
    15.777308997639));
#594 = CARTESIAN_POINT('',(-71.70968949895,-7.492337033572,
    15.589281439963));
#595 = CARTESIAN_POINT('',(-71.71437664024,-7.447059302255,
    15.394947865809));
#596 = CARTESIAN_POINT('',(-71.7167196591,-7.424427340735,
    15.197462258339));
#597 = CARTESIAN_POINT('',(-71.7167196591,-7.424427340735,
    14.809010255546));
#598 = CARTESIAN_POINT('',(-71.71452773319,-7.445600348662,
    14.618140940613));
#599 = CARTESIAN_POINT('',(-71.71014864233,-7.487900642779,
    14.42881208268));
#600 = CARTESIAN_POINT('',(-71.70349972113,-7.551741347245,
    14.242571901982));
#601 = CARTESIAN_POINT('',(-71.69442388369,-7.637877478868,
    14.061336219137));
#602 = CARTESIAN_POINT('',(-71.68268767464,-7.747281455497,
    13.887661334042));
#603 = CARTESIAN_POINT('',(-71.6526082244,-8.020818891201,13.55509422299
    ));
#604 = CARTESIAN_POINT('',(-71.6335572801,-8.191133777895,13.39255117952
    ));
#605 = CARTESIAN_POINT('',(-71.61059074984,-8.391825037873,
    13.247572687164));
#606 = CARTESIAN_POINT('',(-71.58368680314,-8.620049027865,
    13.129039618667));
#607 = CARTESIAN_POINT('',(-71.5530486904,-8.870734384757,
    13.044498770475));
#608 = CARTESIAN_POINT('',(-71.51922536038,-9.137105026434,13.));
#609 = CARTESIAN_POINT('',(-71.48317450505,-9.410938459066,13.));
#610 = FACE_BOUND('',#611,.T.);
#611 = EDGE_LOOP('',(#612));
#612 = ORIENTED_EDGE('',*,*,#613,.F.);
#613 = EDGE_CURVE('',#614,#614,#616,.T.);
#614 = VERTEX_POINT('',#615);
#615 = CARTESIAN_POINT('',(-66.61171429406,-27.59147547352,13.));
#616 = B_SPLINE_CURVE_WITH_KNOTS('',7,(#617,#618,#619,#620,#621,#622,
    #623,#624,#625,#626,#627,#628,#629,#630,#631,#632,#633,#634,#635,
    #636,#637,#638,#639,#640,#641,#642,#643,#644,#645,#646,#647,#648,
    #649,#650,#651,#652,#653,#654,#655,#656,#657,#658,#659,#660,#661,
    #662,#663,#664,#665,#666),.UNSPECIFIED.,.T.,.F.,(8,6,6,6,6,6,6,6,8),
  (0.,0.14261491066,0.278842943286,0.448926194297,0.595154959194,
    0.68980106968,0.793916680092,0.894619538434,1.),.UNSPECIFIED.);
#617 = CARTESIAN_POINT('',(-66.61171429406,-27.59147547352,13.));
#618 = CARTESIAN_POINT('',(-66.50596760569,-27.84677056276,13.));
#619 = CARTESIAN_POINT('',(-66.4020657188,-28.09438321256,
    13.044541662798));
#620 = CARTESIAN_POINT('',(-66.30327950545,-28.32674515197,
    13.129100038096));
#621 = CARTESIAN_POINT('',(-66.21250135801,-28.53776507871,
    13.247602845194));
#622 = CARTESIAN_POINT('',(-66.13206996309,-28.72299636825,
    13.392519725974));
#623 = CARTESIAN_POINT('',(-66.06341218373,-28.88001711075,
    13.555022829908));
#624 = CARTESIAN_POINT('',(-65.95266900012,-29.13200189051,
    13.88766213126));
#625 = CARTESIAN_POINT('',(-65.90813146771,-29.23261524353,
    14.061335571002));
#626 = CARTESIAN_POINT('',(-65.87292311058,-29.31174972057,
    14.242570626507));
#627 = CARTESIAN_POINT('',(-65.84676021365,-29.37036335116,
    14.428813307074));
#628 = CARTESIAN_POINT('',(-65.82940231382,-29.40918638007,
    14.618146665304));
#629 = CARTESIAN_POINT('',(-65.82071477123,-29.42861714392,
    14.80901806216));
#630 = CARTESIAN_POINT('',(-65.82071477123,-29.42861714392,
    15.238444527502));
#631 = CARTESIAN_POINT('',(-65.83425718043,-29.39832772467,
    15.476736094626));
#632 = CARTESIAN_POINT('',(-65.86130996767,-29.33782164481,
    15.712119862804));
#633 = CARTESIAN_POINT('',(-65.90223260036,-29.24605552603,
    15.941552774101));
#634 = CARTESIAN_POINT('',(-65.95757805585,-29.12133222421,
    16.160757403235));
#635 = CARTESIAN_POINT('',(-66.0279305835,-28.96149716459,16.3637492435)
  );
#636 = CARTESIAN_POINT('',(-66.18695190606,-28.59600236275,
    16.693440271127));
#637 = CARTESIAN_POINT('',(-66.27453299886,-28.39332783796,
    16.83278894183));
#638 = CARTESIAN_POINT('',(-66.37407328329,-28.16081216632,
    16.94251670638));
#639 = CARTESIAN_POINT('',(-66.48150158725,-27.90671235147,
    17.011184272378));
#640 = CARTESIAN_POINT('',(-66.59162269667,-27.64239773677,
    17.032593502222));
#641 = CARTESIAN_POINT('',(-66.69937372202,-27.38020671541,
    17.006143169275));
#642 = CARTESIAN_POINT('',(-66.86590142479,-26.97019582214,
    16.892521273874));
#643 = CARTESIAN_POINT('',(-66.92912493876,-26.81323195582,
    16.829665415748));
#644 = CARTESIAN_POINT('',(-66.98931360583,-26.66256539253,
    16.74919364873));
#645 = CARTESIAN_POINT('',(-67.04572721425,-26.52024357802,
    16.652049778917));
#646 = CARTESIAN_POINT('',(-67.09770930595,-26.38818065593,
    16.53951228945));
#647 = CARTESIAN_POINT('',(-67.14469428909,-26.26810095807,
    16.413164337934));
#648 = CARTESIAN_POINT('',(-67.23190655748,-26.04412778477,
    16.122692840586));
#649 = CARTESIAN_POINT('',(-67.27099397976,-25.94303915887,
    15.956030276014));
#650 = CARTESIAN_POINT('',(-67.30286896982,-25.86011949733,
    15.777308997612));
#651 = CARTESIAN_POINT('',(-67.32708156558,-25.79687520072,
    15.589281439982));
#652 = CARTESIAN_POINT('',(-67.3433277356,-25.75435339209,
    15.394947865847));
#653 = CARTESIAN_POINT('',(-67.35144850069,-25.73309901387,
    15.197462258305));
#654 = CARTESIAN_POINT('',(-67.35144850069,-25.73309901387,
    14.809010255546));
#655 = CARTESIAN_POINT('',(-67.34385128515,-25.75298325688,
    14.618140940613));
#656 = CARTESIAN_POINT('',(-67.32867328646,-25.79270881131,
    14.42881208268));
#657 = CARTESIAN_POINT('',(-67.30572773159,-25.85265332909,
    14.242571901982));
#658 = CARTESIAN_POINT('',(-67.27466747448,-25.93350544362,
    14.061336219137));
#659 = CARTESIAN_POINT('',(-67.2350153343,-26.03614401572,
    13.887661334042));
#660 = CARTESIAN_POINT('',(-67.13516411804,-26.29257575609,
    13.555094221236));
#661 = CARTESIAN_POINT('',(-67.07268158422,-26.45215655225,
    13.392551184492));
#662 = CARTESIAN_POINT('',(-66.99855489814,-26.64006525109,
    13.247572681372));
#663 = CARTESIAN_POINT('',(-66.91349896362,-26.85354944883,
    13.129039621764));
#664 = CARTESIAN_POINT('',(-66.81902267975,-27.08776316988,
    13.044498769856));
#665 = CARTESIAN_POINT('',(-66.71741005269,-27.33630333955,13.));
#666 = CARTESIAN_POINT('',(-66.61171429406,-27.59147547352,13.));
#667 = FACE_BOUND('',#668,.T.);
#668 = EDGE_LOOP('',(#669));
#669 = ORIENTED_EDGE('',*,*,#670,.F.);
#670 = EDGE_CURVE('',#671,#671,#673,.T.);
#671 = VERTEX_POINT('',#672);
#672 = CARTESIAN_POINT('',(-57.20077583499,-43.89169903152,13.));
#673 = B_SPLINE_CURVE_WITH_KNOTS('',7,(#674,#675,#676,#677,#678,#679,
    #680,#681,#682,#683,#684,#685,#686,#687,#688,#689,#690,#691,#692,
    #693,#694,#695,#696,#697,#698,#699,#700,#701,#702,#703,#704,#705,
    #706,#707,#708,#709,#710,#711,#712,#713,#714,#715,#716,#717,#718,
    #719,#720,#721,#722,#723),.UNSPECIFIED.,.T.,.F.,(8,6,6,6,6,6,6,6,8),
  (0.,0.14261491081,0.27884294358,0.44892619477,0.595154959822,
    0.689801070439,0.793916680989,0.894619539433,1.),.UNSPECIFIED.);
#674 = CARTESIAN_POINT('',(-57.20077583499,-43.89169903152,13.));
#675 = CARTESIAN_POINT('',(-57.03255714643,-44.11092589464,13.));
#676 = CARTESIAN_POINT('',(-56.86810876091,-44.32320956085,
    13.044541662798));
#677 = CARTESIAN_POINT('',(-56.71254891088,-44.52208620576,
    13.129100038096));
#678 = CARTESIAN_POINT('',(-56.57024797786,-44.70242068943,
    13.247602845194));
#679 = CARTESIAN_POINT('',(-56.44461583079,-44.860523199,13.392519725974
    ));
#680 = CARTESIAN_POINT('',(-56.33765754989,-44.99442364855,
    13.555022829908));
#681 = CARTESIAN_POINT('',(-56.16546938868,-45.20915981012,
    13.88766213126));
#682 = CARTESIAN_POINT('',(-56.09640878394,-45.29481768466,
    14.061335571002));
#683 = CARTESIAN_POINT('',(-56.0419186127,-45.36214312642,
    14.242570626507));
#684 = CARTESIAN_POINT('',(-56.00147687097,-45.41198808997,
    14.428813307074));
#685 = CARTESIAN_POINT('',(-55.97466228796,-45.44499570119,
    14.618146665304));
#686 = CARTESIAN_POINT('',(-55.96124171446,-45.46151587634,
    14.80901806216));
#687 = CARTESIAN_POINT('',(-55.96124171446,-45.46151587634,
    15.238444527502));
#688 = CARTESIAN_POINT('',(-55.98216215582,-45.43576357744,
    15.476736094625));
#689 = CARTESIAN_POINT('',(-56.0239532675,-45.38432096882,
    15.712119862804));
#690 = CARTESIAN_POINT('',(-56.08723231453,-45.30627326143,
    15.941552774101));
#691 = CARTESIAN_POINT('',(-56.17297268523,-45.200124261,16.160757403235
    ));
#692 = CARTESIAN_POINT('',(-56.28229636614,-45.06394402299,16.3637492435
    ));
#693 = CARTESIAN_POINT('',(-56.53049618414,-44.75206090138,
    16.693440271127));
#694 = CARTESIAN_POINT('',(-56.66754905054,-44.57895999836,
    16.832788941829));
#695 = CARTESIAN_POINT('',(-56.82387706613,-44.38013002747,
    16.94251670638));
#696 = CARTESIAN_POINT('',(-56.99341071084,-44.1624929449,
    17.011184272378));
#697 = CARTESIAN_POINT('',(-57.16818919064,-43.93568607268,
    17.032593502222));
#698 = CARTESIAN_POINT('',(-57.34012871862,-43.71031701122,
    17.006143169275));
#699 = CARTESIAN_POINT('',(-57.60710075542,-43.35737744131,
    16.892521273859));
#700 = CARTESIAN_POINT('',(-57.70879521832,-43.22212543865,
    16.82966541575));
#701 = CARTESIAN_POINT('',(-57.80592838235,-43.09217068733,
    16.74919364877));
#702 = CARTESIAN_POINT('',(-57.89725533986,-42.96929928725,
    16.652049778906));
#703 = CARTESIAN_POINT('',(-57.98164658411,-42.85519025545,
    16.539512289389));
#704 = CARTESIAN_POINT('',(-58.05810950547,-42.75136278261,
    16.413164337983));
#705 = CARTESIAN_POINT('',(-58.20031861076,-42.55759350608,
    16.122692840541));
#706 = CARTESIAN_POINT('',(-58.264237823,-42.47006596096,15.956030276052
    ));
#707 = CARTESIAN_POINT('',(-58.31648788676,-42.39822157282,
    15.777308997662));
#708 = CARTESIAN_POINT('',(-58.3562442868,-42.34339895425,
    15.589281439947));
#709 = CARTESIAN_POINT('',(-58.38294233588,-42.30653085936,
    15.394947865778));
#710 = CARTESIAN_POINT('',(-58.3962874305,-42.28810251517,
    15.197462258367));
#711 = CARTESIAN_POINT('',(-58.3962874305,-42.28810251517,
    14.809010255546));
#712 = CARTESIAN_POINT('',(-58.38380266301,-42.30534291496,
    14.618140940613));
#713 = CARTESIAN_POINT('',(-58.35886011202,-42.33978649882,
    14.42881208268));
#714 = CARTESIAN_POINT('',(-58.32118162512,-42.39174971009,
    14.242571901982));
#715 = CARTESIAN_POINT('',(-58.27025365353,-42.46180786953,
    14.061336219137));
#716 = CARTESIAN_POINT('',(-58.20538781004,-42.55068638805,
    13.887661334042));
#717 = CARTESIAN_POINT('',(-58.04256952416,-42.77253703111,
    13.555094223021));
#718 = CARTESIAN_POINT('',(-57.94091347907,-42.9105085775,
    13.392551179513));
#719 = CARTESIAN_POINT('',(-57.82067825042,-43.07282904185,
    13.247572687142));
#720 = CARTESIAN_POINT('',(-57.68326675412,-43.25702484159,
    13.129039618662));
#721 = CARTESIAN_POINT('',(-57.53139069174,-43.45880567262,
    13.044498770487));
#722 = CARTESIAN_POINT('',(-57.36891350787,-43.6725777501,13.));
#723 = CARTESIAN_POINT('',(-57.20077583499,-43.89169903152,13.));
#724 = FACE_BOUND('',#725,.T.);
#725 = EDGE_LOOP('',(#726));
#726 = ORIENTED_EDGE('',*,*,#727,.F.);
#727 = EDGE_CURVE('',#728,#728,#730,.T.);
#728 = VERTEX_POINT('',#729);
#729 = CARTESIAN_POINT('',(-43.89169903152,-57.20077583499,13.));
#730 = B_SPLINE_CURVE_WITH_KNOTS('',7,(#731,#732,#733,#734,#735,#736,
    #737,#738,#739,#740,#741,#742,#743,#744,#745,#746,#747,#748,#749,
    #750,#751,#752,#753,#754,#755,#756,#757,#758,#759,#760,#761,#762,
    #763,#764,#765,#766,#767,#768,#769,#770,#771,#772,#773,#774,#775,
    #776,#777,#778,#779,#780),.UNSPECIFIED.,.T.,.F.,(8,6,6,6,6,6,6,6,8),
  (0.,0.142614916803,0.278842951981,0.44892620255,0.595154967066,
    0.689801077346,0.793916687514,0.894619543412,1.),.UNSPECIFIED.);
#731 = CARTESIAN_POINT('',(-43.89169903152,-57.20077583499,13.));
#732 = CARTESIAN_POINT('',(-43.67247216841,-57.36899452355,13.));
#733 = CARTESIAN_POINT('',(-43.45868416996,-57.53148242513,
    13.044541662798));
#734 = CARTESIAN_POINT('',(-43.25695182995,-57.68332066085,
    13.129100038096));
#735 = CARTESIAN_POINT('',(-43.07282568479,-57.8206802044,
    13.247602845194));
#736 = CARTESIAN_POINT('',(-42.91055440876,-57.94087950926,
    13.392519725974));
#737 = CARTESIAN_POINT('',(-42.77258465641,-58.0425345715,
    13.555022829908));
#738 = CARTESIAN_POINT('',(-42.55068585887,-58.2053881984,
    13.887662127304));
#739 = CARTESIAN_POINT('',(-42.46180853847,-58.27025315878,
    14.06133557962));
#740 = CARTESIAN_POINT('',(-42.39174998231,-58.32118143732,
    14.24257062287));
#741 = CARTESIAN_POINT('',(-42.33978542261,-58.35886089005,
    14.428813299501));
#742 = CARTESIAN_POINT('',(-42.30534153046,-58.3838036661,
    14.618146675193));
#743 = CARTESIAN_POINT('',(-42.28810251517,-58.3962874305,
    14.809018058086));
#744 = CARTESIAN_POINT('',(-42.28810251517,-58.3962874305,
    15.238444527502));
#745 = CARTESIAN_POINT('',(-42.3149752952,-58.37682722856,
    15.476736094626));
#746 = CARTESIAN_POINT('',(-42.36865673611,-58.33795381994,
    15.712119862804));
#747 = CARTESIAN_POINT('',(-42.449979835,-58.27894334622,15.941552774101
    ));
#748 = CARTESIAN_POINT('',(-42.56027205635,-58.19860252614,
    16.160757403236));
#749 = CARTESIAN_POINT('',(-42.70111666233,-58.09535756791,16.3637492435
    ));
#750 = CARTESIAN_POINT('',(-43.02158056833,-57.85834044585,
    16.693440271127));
#751 = CARTESIAN_POINT('',(-43.19876528198,-57.72660970508,
    16.832788941829));
#752 = CARTESIAN_POINT('',(-43.40122753282,-57.57501536888,
    16.942516706381));
#753 = CARTESIAN_POINT('',(-43.62131308056,-57.4086726261,
    17.011184272378));
#754 = CARTESIAN_POINT('',(-43.84883806616,-57.23483000989,
    17.032593502222));
#755 = CARTESIAN_POINT('',(-44.07324870208,-57.06164143742,
    17.006143169275));
#756 = CARTESIAN_POINT('',(-44.4224713698,-56.78982543936,
    16.892521273855));
#757 = CARTESIAN_POINT('',(-44.55570647206,-56.68550250073,
    16.829665415751));
#758 = CARTESIAN_POINT('',(-44.68316466843,-56.58511576294,
    16.749193648781));
#759 = CARTESIAN_POINT('',(-44.80318119378,-56.49006826021,
    16.652049778903));
#760 = CARTESIAN_POINT('',(-44.91423046676,-56.40168946063,
    16.539512289372));
#761 = CARTESIAN_POINT('',(-45.01496050461,-56.32118988345,
    16.413164337997));
#762 = CARTESIAN_POINT('',(-45.20247513128,-56.17082955974,
    16.122692840541));
#763 = CARTESIAN_POINT('',(-45.28687014483,-56.10282795287,
    15.956030276052));
#764 = CARTESIAN_POINT('',(-45.35593452677,-56.0469549145,
    15.777308997662));
#765 = CARTESIAN_POINT('',(-45.40852539812,-56.00429004485,
    15.589281439947));
#766 = CARTESIAN_POINT('',(-45.44385589835,-55.97558816341,
    15.394947865778));
#767 = CARTESIAN_POINT('',(-45.46151587634,-55.96124171446,
    15.197462258367));
#768 = CARTESIAN_POINT('',(-45.46151587634,-55.96124171446,
    14.809010259677));
#769 = CARTESIAN_POINT('',(-45.44499437397,-55.97466336565,
    14.618140930513));
#770 = CARTESIAN_POINT('',(-45.41198705981,-56.00147770921,
    14.428812089918));
#771 = CARTESIAN_POINT('',(-45.36214337821,-56.04191839841,
    14.242571905833));
#772 = CARTESIAN_POINT('',(-45.29481833593,-56.09640826565,
    14.061336210802));
#773 = CARTESIAN_POINT('',(-45.20915929788,-56.16546979943,
    13.887661337772));
#774 = CARTESIAN_POINT('',(-44.99446973541,-56.33762059472,
    13.555094221237));
#775 = CARTESIAN_POINT('',(-44.86056787575,-56.44458035125,
    13.392551184491));
#776 = CARTESIAN_POINT('',(-44.70241793309,-56.57025071499,
    13.247572681372));
#777 = CARTESIAN_POINT('',(-44.52201523418,-56.71260548628,
    13.129039621764));
#778 = CARTESIAN_POINT('',(-44.32308951178,-56.86820237669,
    13.044498769857));
#779 = CARTESIAN_POINT('',(-44.11082031056,-57.03263816395,13.));
#780 = CARTESIAN_POINT('',(-43.89169903152,-57.20077583499,13.));
#781 = FACE_BOUND('',#782,.T.);
#782 = EDGE_LOOP('',(#783));
#783 = ORIENTED_EDGE('',*,*,#784,.F.);
#784 = EDGE_CURVE('',#785,#785,#787,.T.);
#785 = VERTEX_POINT('',#786);
#786 = CARTESIAN_POINT('',(-27.59147547352,-66.61171429406,13.));
#787 = B_SPLINE_CURVE_WITH_KNOTS('',7,(#788,#789,#790,#791,#792,#793,
    #794,#795,#796,#797,#798,#799,#800,#801,#802,#803,#804,#805,#806,
    #807,#808,#809,#810,#811,#812,#813,#814,#815,#816,#817,#818,#819,
    #820,#821,#822,#823,#824,#825,#826,#827,#828,#829,#830,#831,#832,
    #833,#834,#835,#836,#837),.UNSPECIFIED.,.T.,.F.,(8,6,6,6,6,6,6,6,8),
  (0.,0.142614911533,0.278842944994,0.448926197047,0.595154963346,
    0.68980107448,0.793916685609,0.894619542437,1.),.UNSPECIFIED.);
#788 = CARTESIAN_POINT('',(-27.59147547352,-66.61171429406,13.));
#789 = CARTESIAN_POINT('',(-27.33618038428,-66.71746098243,13.));
#790 = CARTESIAN_POINT('',(-27.0876220717,-66.81907983741,
    13.044541662798));
#791 = CARTESIAN_POINT('',(-26.85346496731,-66.91353213911,
    13.129100038096));
#792 = CARTESIAN_POINT('',(-26.6400615025,-66.99855591664,
    13.247602845194));
#793 = CARTESIAN_POINT('',(-26.45220961681,-67.07266063279,
    13.392519725974));
#794 = CARTESIAN_POINT('',(-26.29263080364,-67.13514268323,
    13.555022829908));
#795 = CARTESIAN_POINT('',(-26.03614340102,-67.23501557366,
    13.88766213126));
#796 = CARTESIAN_POINT('',(-25.93350622564,-67.27466716667,
    14.061335571002));
#797 = CARTESIAN_POINT('',(-25.85265363221,-67.30572762394,
    14.242570626508));
#798 = CARTESIAN_POINT('',(-25.79270757472,-67.32867375776,
    14.428813307072));
#799 = CARTESIAN_POINT('',(-25.75298165903,-67.34385189609,
    14.618146665306));
#800 = CARTESIAN_POINT('',(-25.73309901387,-67.35144850069,
    14.80901806216));
#801 = CARTESIAN_POINT('',(-25.73309901387,-67.35144850069,
    15.238444527502));
#802 = CARTESIAN_POINT('',(-25.764092797,-67.33960657632,15.476736094626
    ));
#803 = CARTESIAN_POINT('',(-25.82600626568,-67.31595152626,
    15.712119862804));
#804 = CARTESIAN_POINT('',(-25.91983138163,-67.27999975247,15.9415527741
    ));
#805 = CARTESIAN_POINT('',(-26.047159221,-67.23094220686,16.160757403236
    ));
#806 = CARTESIAN_POINT('',(-26.20992642491,-67.1676685017,16.3637492435)
  );
#807 = CARTESIAN_POINT('',(-26.58081533391,-67.02166970414,
    16.693440271656));
#808 = CARTESIAN_POINT('',(-26.78605704823,-66.94028635835,
    16.832788941036));
#809 = CARTESIAN_POINT('',(-27.02085606635,-66.84625856041,
    16.94251670653));
#810 = CARTESIAN_POINT('',(-27.27649505215,-66.74254613989,
    17.011184272846));
#811 = CARTESIAN_POINT('',(-27.54126109179,-66.63351486666,
    17.032593501755));
#812 = CARTESIAN_POINT('',(-27.80284962025,-66.5243092988,17.00614316948
    ));
#813 = CARTESIAN_POINT('',(-28.21052397189,-66.35214068337,
    16.892521273864));
#814 = CARTESIAN_POINT('',(-28.36621996155,-66.28585624458,
    16.82966541575));
#815 = CARTESIAN_POINT('',(-28.5153171248,-66.22187871062,
    16.749193648756));
#816 = CARTESIAN_POINT('',(-28.65584429007,-66.16113243551,
    16.65204977891));
#817 = CARTESIAN_POINT('',(-28.78598376735,-66.10450673729,
    16.539512289409));
#818 = CARTESIAN_POINT('',(-28.90411633614,-66.05282096888,
    16.413164337967));
#819 = CARTESIAN_POINT('',(-29.12415767223,-65.95611640558,
    16.122692840541));
#820 = CARTESIAN_POINT('',(-29.22327710637,-65.9122749341,
    15.956030276052));
#821 = CARTESIAN_POINT('',(-29.30444918301,-65.87618090073,
    15.777308997662));
#822 = CARTESIAN_POINT('',(-29.36629054469,-65.84858132036,
    15.589281439947));
#823 = CARTESIAN_POINT('',(-29.40784578087,-65.83000163814,
    15.394947865778));
#824 = CARTESIAN_POINT('',(-29.42861714392,-65.82071477123,
    15.197462258367));
#825 = CARTESIAN_POINT('',(-29.42861714392,-65.82071477123,
    14.809010259676));
#826 = CARTESIAN_POINT('',(-29.40918481914,-65.82940301128,
    14.618140930513));
#827 = CARTESIAN_POINT('',(-29.37036213914,-65.84676075671,
    14.428812089918));
#828 = CARTESIAN_POINT('',(-29.31175001925,-65.87292296876,
    14.242571905832));
#829 = CARTESIAN_POINT('',(-29.23261600675,-65.90813113565,
    14.061336210803));
#830 = CARTESIAN_POINT('',(-29.13200128942,-65.95266926429,
    13.887661337772));
#831 = CARTESIAN_POINT('',(-28.88007119194,-66.06338841593,
    13.555094221236));
#832 = CARTESIAN_POINT('',(-28.72304870546,-66.13204725568,
    13.392551184492));
#833 = CARTESIAN_POINT('',(-28.53776170787,-66.21250328847,
    13.247572681373));
#834 = CARTESIAN_POINT('',(-28.32666195589,-66.30331578429,
    13.129039621764));
#835 = CARTESIAN_POINT('',(-28.09424302451,-66.40212507371,
    13.044498769856));
#836 = CARTESIAN_POINT('',(-27.84664760749,-66.50601853543,13.));
#837 = CARTESIAN_POINT('',(-27.59147547352,-66.61171429406,13.));
#838 = FACE_BOUND('',#839,.T.);
#839 = EDGE_LOOP('',(#840));
#840 = ORIENTED_EDGE('',*,*,#841,.F.);
#841 = EDGE_CURVE('',#842,#842,#844,.T.);
#842 = VERTEX_POINT('',#843);
#843 = CARTESIAN_POINT('',(9.410938459066,-71.48317450505,13.));
#844 = B_SPLINE_CURVE_WITH_KNOTS('',7,(#845,#846,#847,#848,#849,#850,
    #851,#852,#853,#854,#855,#856,#857,#858,#859,#860,#861,#862,#863,
    #864,#865,#866,#867,#868,#869,#870,#871,#872,#873,#874,#875,#876,
    #877,#878,#879,#880,#881,#882,#883,#884,#885,#886,#887,#888,#889,
    #890,#891,#892,#893,#894),.UNSPECIFIED.,.T.,.F.,(8,6,6,6,6,6,6,6,8),
  (0.,0.142614916805,0.278842951986,0.448926202557,0.595154967076,
    0.689801077355,0.793916687525,0.894619543424,1.),.UNSPECIFIED.);
#845 = CARTESIAN_POINT('',(9.410938459066,-71.48317450505,13.));
#846 = CARTESIAN_POINT('',(9.684903835996,-71.44710627892,13.));
#847 = CARTESIAN_POINT('',(9.950971076501,-71.41083163255,
    13.044541662798));
#848 = CARTESIAN_POINT('',(10.20098322823,-71.37555117307,
    13.129100038096));
#849 = CARTESIAN_POINT('',(10.428307938774,-71.34248219193,
    13.247602845194));
#850 = CARTESIAN_POINT('',(10.628044802002,-71.31273281582,
    13.392519725974));
#851 = CARTESIAN_POINT('',(10.797485133341,-71.28705445219,
    13.555022829908));
#852 = CARTESIAN_POINT('',(11.069546181738,-71.24530321164,
    13.887662127304));
#853 = CARTESIAN_POINT('',(11.178258391032,-71.22832390902,
    14.06133557962));
#854 = CARTESIAN_POINT('',(11.263809002284,-71.21479676,14.24257062287)
  );
#855 = CARTESIAN_POINT('',(11.327196891366,-71.20469566399,
    14.428813299501));
#856 = CARTESIAN_POINT('',(11.369189607166,-71.19797736037,
    14.618146675193));
#857 = CARTESIAN_POINT('',(11.390206786231,-71.19461489022,
    14.809018058086));
#858 = CARTESIAN_POINT('',(11.390206786231,-71.19461489022,
    15.238444527502));
#859 = CARTESIAN_POINT('',(11.357444420494,-71.19985637444,
    15.476736094626));
#860 = CARTESIAN_POINT('',(11.291998258756,-71.2103272345,
    15.712119862803));
#861 = CARTESIAN_POINT('',(11.192767437932,-71.22610464306,
    15.941552774102));
#862 = CARTESIAN_POINT('',(11.057969521625,-71.247283482,16.160757403235
    ));
#863 = CARTESIAN_POINT('',(10.885372135559,-71.2738704479,16.3637492435)
  );
#864 = CARTESIAN_POINT('',(10.491173520233,-71.3328762347,
    16.693440271127));
#865 = CARTESIAN_POINT('',(10.272737307602,-71.36501704715,
    16.83278894183));
#866 = CARTESIAN_POINT('',(10.022381493979,-71.40098609453,
    16.94251670638));
#867 = CARTESIAN_POINT('',(9.749135429313,-71.43898799636,
    17.011184272378));
#868 = CARTESIAN_POINT('',(9.465325676324,-71.47694716379,
    17.032593502222));
#869 = CARTESIAN_POINT('',(9.184180579877,-71.5131666322,17.006143169275
    ));
#870 = CARTESIAN_POINT('',(8.745039927926,-71.56790141323,
    16.892521273856));
#871 = CARTESIAN_POINT('',(8.577061026281,-71.58834540018,
    16.829665415751));
#872 = CARTESIAN_POINT('',(8.41595032828,-71.60748781212,16.749193648778
    ));
#873 = CARTESIAN_POINT('',(8.263877095638,-71.62514357734,
    16.652049778904));
#874 = CARTESIAN_POINT('',(8.122860153173,-71.64117402282,
    16.539512289376));
#875 = CARTESIAN_POINT('',(7.994711463421,-71.65547911874,
    16.413164337994));
#876 = CARTESIAN_POINT('',(7.755797794816,-71.68175117831,
    16.122692840541));
#877 = CARTESIAN_POINT('',(7.648037111097,-71.69334306734,
    15.956030276052));
#878 = CARTESIAN_POINT('',(7.55969301397,-71.70267075584,15.777308997662
    ));
#879 = CARTESIAN_POINT('',(7.492337033559,-71.70968949895,
    15.589281439947));
#880 = CARTESIAN_POINT('',(7.44705930226,-71.71437664024,15.394947865778
    ));
#881 = CARTESIAN_POINT('',(7.424427340735,-71.7167196591,15.197462258367
    ));
#882 = CARTESIAN_POINT('',(7.424427340735,-71.7167196591,14.809010259677
    ));
#883 = CARTESIAN_POINT('',(7.445600347668,-71.7145277333,14.618140930513
    ));
#884 = CARTESIAN_POINT('',(7.487900647507,-71.7101486418,14.428812089918
    ));
#885 = CARTESIAN_POINT('',(7.551741338327,-71.70349972211,
    14.242571905832));
#886 = CARTESIAN_POINT('',(7.637877486902,-71.6944238828,14.061336210802
    ));
#887 = CARTESIAN_POINT('',(7.747281452429,-71.68268767498,
    13.887661337772));
#888 = CARTESIAN_POINT('',(8.020818892625,-71.65260822425,13.55509422126
    ));
#889 = CARTESIAN_POINT('',(8.191133774766,-71.63355728042,
    13.392551184486));
#890 = CARTESIAN_POINT('',(8.391825038091,-71.61059074992,
    13.247572681355));
#891 = CARTESIAN_POINT('',(8.620049033948,-71.58368680228,13.12903962176
    ));
#892 = CARTESIAN_POINT('',(8.870734377528,-71.55304869136,
    13.044498769866));
#893 = CARTESIAN_POINT('',(9.137105029367,-71.51922535999,13.));
#894 = CARTESIAN_POINT('',(9.410938459066,-71.48317450505,13.));
#895 = FACE_BOUND('',#896,.T.);
#896 = EDGE_LOOP('',(#897));
#897 = ORIENTED_EDGE('',*,*,#898,.F.);
#898 = EDGE_CURVE('',#899,#899,#901,.T.);
#899 = VERTEX_POINT('',#900);
#900 = CARTESIAN_POINT('',(27.591475473523,-66.61171429406,13.));
#901 = B_SPLINE_CURVE_WITH_KNOTS('',7,(#902,#903,#904,#905,#906,#907,
    #908,#909,#910,#911,#912,#913,#914,#915,#916,#917,#918,#919,#920,
    #921,#922,#923,#924,#925,#926,#927,#928,#929,#930,#931,#932,#933,
    #934,#935,#936,#937,#938,#939,#940,#941,#942,#943,#944,#945,#946,
    #947,#948,#949,#950,#951),.UNSPECIFIED.,.T.,.F.,(8,6,6,6,6,6,6,6,8),
  (0.,0.142614911796,0.278842945509,0.448926197875,0.595154963936,
    0.689801075177,0.793916686449,0.894619543414,1.),.UNSPECIFIED.);
#902 = CARTESIAN_POINT('',(27.591475473523,-66.61171429406,13.));
#903 = CARTESIAN_POINT('',(27.846770562765,-66.50596760569,13.));
#904 = CARTESIAN_POINT('',(28.094383212563,-66.4020657188,
    13.044541662798));
#905 = CARTESIAN_POINT('',(28.32674515197,-66.30327950545,
    13.129100038096));
#906 = CARTESIAN_POINT('',(28.537765078717,-66.21250135801,
    13.247602845194));
#907 = CARTESIAN_POINT('',(28.722996368253,-66.13206996309,
    13.392519725974));
#908 = CARTESIAN_POINT('',(28.880017110755,-66.06341218373,
    13.555022829908));
#909 = CARTESIAN_POINT('',(29.132001890513,-65.95266900012,
    13.88766213126));
#910 = CARTESIAN_POINT('',(29.232615243531,-65.90813146771,
    14.061335571002));
#911 = CARTESIAN_POINT('',(29.311749720578,-65.87292311058,
    14.242570626507));
#912 = CARTESIAN_POINT('',(29.370363351164,-65.84676021365,
    14.428813307073));
#913 = CARTESIAN_POINT('',(29.409186380074,-65.82940231382,
    14.618146665305));
#914 = CARTESIAN_POINT('',(29.428617143922,-65.82071477123,
    14.80901806216));
#915 = CARTESIAN_POINT('',(29.428617143922,-65.82071477123,
    15.238444527502));
#916 = CARTESIAN_POINT('',(29.39832772467,-65.83425718043,
    15.476736094626));
#917 = CARTESIAN_POINT('',(29.337821644815,-65.86130996767,
    15.712119862804));
#918 = CARTESIAN_POINT('',(29.246055526037,-65.90223260036,
    15.941552774101));
#919 = CARTESIAN_POINT('',(29.121332224216,-65.95757805585,
    16.160757403236));
#920 = CARTESIAN_POINT('',(28.961497164591,-66.0279305835,16.3637492435)
  );
#921 = CARTESIAN_POINT('',(28.596002362755,-66.18695190606,
    16.693440271127));
#922 = CARTESIAN_POINT('',(28.393327837965,-66.27453299886,
    16.83278894183));
#923 = CARTESIAN_POINT('',(28.160812166322,-66.37407328329,
    16.94251670638));
#924 = CARTESIAN_POINT('',(27.906712351473,-66.48150158725,
    17.011184272378));
#925 = CARTESIAN_POINT('',(27.642397736775,-66.59162269667,
    17.032593502222));
#926 = CARTESIAN_POINT('',(27.380206715411,-66.69937372202,
    17.006143169275));
#927 = CARTESIAN_POINT('',(26.970195822141,-66.86590142479,
    16.892521273874));
#928 = CARTESIAN_POINT('',(26.81323195582,-66.92912493876,
    16.829665415748));
#929 = CARTESIAN_POINT('',(26.662565392539,-66.98931360583,
    16.74919364873));
#930 = CARTESIAN_POINT('',(26.520243578023,-67.04572721425,
    16.652049778917));
#931 = CARTESIAN_POINT('',(26.388180655935,-67.09770930595,
    16.53951228945));
#932 = CARTESIAN_POINT('',(26.268100958079,-67.14469428909,
    16.413164337934));
#933 = CARTESIAN_POINT('',(26.044127784737,-67.2319065575,
    16.122692840541));
#934 = CARTESIAN_POINT('',(25.943039158923,-67.27099397974,
    15.956030276052));
#935 = CARTESIAN_POINT('',(25.860119497337,-67.30286896982,
    15.777308997662));
#936 = CARTESIAN_POINT('',(25.796875200694,-67.32708156559,
    15.589281439947));
#937 = CARTESIAN_POINT('',(25.75435339211,-67.3433277356,15.394947865778
    ));
#938 = CARTESIAN_POINT('',(25.733099013877,-67.35144850069,
    15.197462258367));
#939 = CARTESIAN_POINT('',(25.733099013877,-67.35144850069,
    14.809010259676));
#940 = CARTESIAN_POINT('',(25.752983255952,-67.34385128552,
    14.618140930513));
#941 = CARTESIAN_POINT('',(25.792708815745,-67.32867328473,
    14.428812089918));
#942 = CARTESIAN_POINT('',(25.852653320731,-67.30572773485,
    14.242571905832));
#943 = CARTESIAN_POINT('',(25.933505451154,-67.27466747155,
    14.061336210803));
#944 = CARTESIAN_POINT('',(26.036144012853,-67.23501533542,
    13.887661337772));
#945 = CARTESIAN_POINT('',(26.292575754705,-67.13516411858,
    13.555094223043));
#946 = CARTESIAN_POINT('',(26.452156555181,-67.07268158311,
    13.392551179507));
#947 = CARTESIAN_POINT('',(26.640065250921,-66.9985548981,
    13.247572687126));
#948 = CARTESIAN_POINT('',(26.85354944325,-66.91349896599,
    13.129039618658));
#949 = CARTESIAN_POINT('',(27.087763176605,-66.81902267696,
    13.044498770495));
#950 = CARTESIAN_POINT('',(27.336303336737,-66.71741005386,13.));
#951 = CARTESIAN_POINT('',(27.591475473523,-66.61171429406,13.));
#952 = FACE_BOUND('',#953,.T.);
#953 = EDGE_LOOP('',(#954));
#954 = ORIENTED_EDGE('',*,*,#955,.F.);
#955 = EDGE_CURVE('',#956,#956,#958,.T.);
#956 = VERTEX_POINT('',#957);
#957 = CARTESIAN_POINT('',(66.611714294064,-27.59147547352,13.));
#958 = B_SPLINE_CURVE_WITH_KNOTS('',7,(#959,#960,#961,#962,#963,#964,
    #965,#966,#967,#968,#969,#970,#971,#972,#973,#974,#975,#976,#977,
    #978,#979,#980,#981,#982,#983,#984,#985,#986,#987,#988,#989,#990,
    #991,#992,#993,#994,#995,#996,#997,#998,#999,#1000,#1001,#1002,#1003
    ,#1004,#1005,#1006,#1007,#1008),.UNSPECIFIED.,.T.,.F.,(8,6,6,6,6,6,6
    ,6,8),(0.,0.142614910715,0.278842943395,0.448926194472,
    0.595154959934,0.689801070504,0.793916681016,0.894619539447,1.),
  .UNSPECIFIED.);
#959 = CARTESIAN_POINT('',(66.611714294064,-27.59147547352,13.));
#960 = CARTESIAN_POINT('',(66.717460982435,-27.33618038428,13.));
#961 = CARTESIAN_POINT('',(66.819079837418,-27.0876220717,
    13.044541662798));
#962 = CARTESIAN_POINT('',(66.913532139112,-26.8534649673,
    13.129100038096));
#963 = CARTESIAN_POINT('',(66.998555916642,-26.6400615025,
    13.247602845194));
#964 = CARTESIAN_POINT('',(67.072660632794,-26.45220961681,
    13.392519725974));
#965 = CARTESIAN_POINT('',(67.135142683238,-26.29263080364,
    13.555022829908));
#966 = CARTESIAN_POINT('',(67.235015573662,-26.03614340102,
    13.88766213126));
#967 = CARTESIAN_POINT('',(67.274667166676,-25.93350622564,
    14.061335571002));
#968 = CARTESIAN_POINT('',(67.30572762394,-25.85265363221,
    14.242570626508));
#969 = CARTESIAN_POINT('',(67.328673757762,-25.79270757472,
    14.428813307073));
#970 = CARTESIAN_POINT('',(67.343851896092,-25.75298165903,
    14.618146665305));
#971 = CARTESIAN_POINT('',(67.351448500697,-25.73309901387,
    14.80901806216));
#972 = CARTESIAN_POINT('',(67.351448500697,-25.73309901387,
    15.238444527503));
#973 = CARTESIAN_POINT('',(67.339606576323,-25.764092797,15.476736094625
    ));
#974 = CARTESIAN_POINT('',(67.31595152626,-25.82600626567,
    15.712119862805));
#975 = CARTESIAN_POINT('',(67.279999752471,-25.91983138163,15.9415527741
    ));
#976 = CARTESIAN_POINT('',(67.230942206863,-26.047159221,16.160757403236
    ));
#977 = CARTESIAN_POINT('',(67.167668501705,-26.20992642491,16.3637492435
    ));
#978 = CARTESIAN_POINT('',(67.021669704145,-26.58081533391,
    16.693440271656));
#979 = CARTESIAN_POINT('',(66.940286358356,-26.78605704823,
    16.832788941035));
#980 = CARTESIAN_POINT('',(66.84625856041,-27.02085606634,16.94251670653
    ));
#981 = CARTESIAN_POINT('',(66.742546139892,-27.27649505215,
    17.011184272847));
#982 = CARTESIAN_POINT('',(66.633514866664,-27.54126109179,
    17.032593501754));
#983 = CARTESIAN_POINT('',(66.524309298809,-27.80284962025,
    17.00614316948));
#984 = CARTESIAN_POINT('',(66.35214068339,-28.21052397185,
    16.892521273874));
#985 = CARTESIAN_POINT('',(66.28585624457,-28.36621996159,
    16.829665415748));
#986 = CARTESIAN_POINT('',(66.221878710611,-28.51531712482,
    16.74919364873));
#987 = CARTESIAN_POINT('',(66.161132435525,-28.65584429004,
    16.652049778917));
#988 = CARTESIAN_POINT('',(66.104506737309,-28.78598376733,
    16.53951228945));
#989 = CARTESIAN_POINT('',(66.052820968869,-28.90411633616,
    16.413164337935));
#990 = CARTESIAN_POINT('',(65.956116405596,-29.1241576722,
    16.122692840573));
#991 = CARTESIAN_POINT('',(65.912274934087,-29.2232771064,
    15.956030276025));
#992 = CARTESIAN_POINT('',(65.876180900734,-29.30444918301,
    15.777308997626));
#993 = CARTESIAN_POINT('',(65.848581320375,-29.36629054467,
    15.589281439972));
#994 = CARTESIAN_POINT('',(65.830001638144,-29.40784578088,
    15.394947865828));
#995 = CARTESIAN_POINT('',(65.820714771236,-29.42861714392,
    15.197462258323));
#996 = CARTESIAN_POINT('',(65.820714771236,-29.42861714392,
    14.809010255546));
#997 = CARTESIAN_POINT('',(65.82940301168,-29.40918481822,
    14.618140940613));
#998 = CARTESIAN_POINT('',(65.846760754805,-29.3703621435,14.42881208268
    ));
#999 = CARTESIAN_POINT('',(65.872922972373,-29.31175001104,
    14.242571901982));
#1000 = CARTESIAN_POINT('',(65.9081311324,-29.23261601415,
    14.061336219137));
#1001 = CARTESIAN_POINT('',(65.952669265538,-29.13200128659,
    13.887661334042));
#1002 = CARTESIAN_POINT('',(66.063388415343,-28.88007119329,
    13.555094223022));
#1003 = CARTESIAN_POINT('',(66.132047256967,-28.7230487026,
    13.392551179512));
#1004 = CARTESIAN_POINT('',(66.212503288319,-28.53776170798,
    13.247572687141));
#1005 = CARTESIAN_POINT('',(66.303315782017,-28.32666196154,
    13.129039618662));
#1006 = CARTESIAN_POINT('',(66.402125076492,-28.09424301778,
    13.044498770487));
#1007 = CARTESIAN_POINT('',(66.506018534277,-27.84664761028,13.));
#1008 = CARTESIAN_POINT('',(66.611714294064,-27.59147547352,13.));
#1009 = FACE_BOUND('',#1010,.T.);
#1010 = EDGE_LOOP('',(#1011,#1022,#1030,#1039));
#1011 = ORIENTED_EDGE('',*,*,#1012,.F.);
#1012 = EDGE_CURVE('',#1013,#1015,#1017,.T.);
#1013 = VERTEX_POINT('',#1014);
#1014 = CARTESIAN_POINT('',(44.16510135524,-56.9899449226,18.1));
#1015 = VERTEX_POINT('',#1016);
#1016 = CARTESIAN_POINT('',(48.454950236706,-53.39033430835,18.1));
#1017 = CIRCLE('',#1018,72.1);
#1018 = AXIS2_PLACEMENT_3D('',#1019,#1020,#1021);
#1019 = CARTESIAN_POINT('',(0.,0.,18.1));
#1020 = DIRECTION('',(0.,0.,1.));
#1021 = DIRECTION('',(1.,0.,-0.));
#1022 = ORIENTED_EDGE('',*,*,#1023,.T.);
#1023 = EDGE_CURVE('',#1013,#1024,#1026,.T.);
#1024 = VERTEX_POINT('',#1025);
#1025 = CARTESIAN_POINT('',(44.16510135524,-56.9899449226,23.1));
#1026 = LINE('',#1027,#1028);
#1027 = CARTESIAN_POINT('',(44.16510135524,-56.9899449226,8.));
#1028 = VECTOR('',#1029,1.);
#1029 = DIRECTION('',(0.,0.,1.));
#1030 = ORIENTED_EDGE('',*,*,#1031,.T.);
#1031 = EDGE_CURVE('',#1024,#1032,#1034,.T.);
#1032 = VERTEX_POINT('',#1033);
#1033 = CARTESIAN_POINT('',(48.454950236706,-53.39033430835,23.1));
#1034 = CIRCLE('',#1035,72.1);
#1035 = AXIS2_PLACEMENT_3D('',#1036,#1037,#1038);
#1036 = CARTESIAN_POINT('',(0.,0.,23.1));
#1037 = DIRECTION('',(0.,0.,1.));
#1038 = DIRECTION('',(1.,0.,-0.));
#1039 = ORIENTED_EDGE('',*,*,#1040,.F.);
#1040 = EDGE_CURVE('',#1015,#1032,#1041,.T.);
#1041 = LINE('',#1042,#1043);
#1042 = CARTESIAN_POINT('',(48.454950236706,-53.39033430835,8.));
#1043 = VECTOR('',#1044,1.);
#1044 = DIRECTION('',(0.,0.,1.));
#1045 = FACE_BOUND('',#1046,.T.);
#1046 = EDGE_LOOP('',(#1047,#1058,#1066,#1075));
#1047 = ORIENTED_EDGE('',*,*,#1048,.F.);
#1048 = EDGE_CURVE('',#1049,#1051,#1053,.T.);
#1049 = VERTEX_POINT('',#1050);
#1050 = CARTESIAN_POINT('',(65.892572019526,29.267370101388,23.));
#1051 = VERTEX_POINT('',#1052);
#1052 = CARTESIAN_POINT('',(58.292572019526,42.430956238911,23.));
#1053 = CIRCLE('',#1054,72.1);
#1054 = AXIS2_PLACEMENT_3D('',#1055,#1056,#1057);
#1055 = CARTESIAN_POINT('',(0.,0.,23.));
#1056 = DIRECTION('',(0.,0.,1.));
#1057 = DIRECTION('',(1.,0.,-0.));
#1058 = ORIENTED_EDGE('',*,*,#1059,.T.);
#1059 = EDGE_CURVE('',#1049,#1060,#1062,.T.);
#1060 = VERTEX_POINT('',#1061);
#1061 = CARTESIAN_POINT('',(65.892572019526,29.267370101388,28.39));
#1062 = LINE('',#1063,#1064);
#1063 = CARTESIAN_POINT('',(65.892572019526,29.267370101388,8.));
#1064 = VECTOR('',#1065,1.);
#1065 = DIRECTION('',(0.,0.,1.));
#1066 = ORIENTED_EDGE('',*,*,#1067,.T.);
#1067 = EDGE_CURVE('',#1060,#1068,#1070,.T.);
#1068 = VERTEX_POINT('',#1069);
#1069 = CARTESIAN_POINT('',(58.292572019526,42.430956238911,28.39));
#1070 = CIRCLE('',#1071,72.1);
#1071 = AXIS2_PLACEMENT_3D('',#1072,#1073,#1074);
#1072 = CARTESIAN_POINT('',(0.,0.,28.39));
#1073 = DIRECTION('',(0.,0.,1.));
#1074 = DIRECTION('',(1.,0.,-0.));
#1075 = ORIENTED_EDGE('',*,*,#1076,.F.);
#1076 = EDGE_CURVE('',#1051,#1068,#1077,.T.);
#1077 = LINE('',#1078,#1079);
#1078 = CARTESIAN_POINT('',(58.292572019526,42.430956238911,8.));
#1079 = VECTOR('',#1080,1.);
#1080 = DIRECTION('',(0.,0.,1.));
#1081 = FACE_BOUND('',#1082,.T.);
#1082 = EDGE_LOOP('',(#1083,#1094,#1102,#1111));
#1083 = ORIENTED_EDGE('',*,*,#1084,.F.);
#1084 = EDGE_CURVE('',#1085,#1087,#1089,.T.);
#1085 = VERTEX_POINT('',#1086);
#1086 = CARTESIAN_POINT('',(-58.29257201952,42.430956238911,23.));
#1087 = VERTEX_POINT('',#1088);
#1088 = CARTESIAN_POINT('',(-65.89257201952,29.267370101388,23.));
#1089 = CIRCLE('',#1090,72.1);
#1090 = AXIS2_PLACEMENT_3D('',#1091,#1092,#1093);
#1091 = CARTESIAN_POINT('',(0.,0.,23.));
#1092 = DIRECTION('',(0.,0.,1.));
#1093 = DIRECTION('',(1.,0.,-0.));
#1094 = ORIENTED_EDGE('',*,*,#1095,.T.);
#1095 = EDGE_CURVE('',#1085,#1096,#1098,.T.);
#1096 = VERTEX_POINT('',#1097);
#1097 = CARTESIAN_POINT('',(-58.29257201952,42.430956238911,28.39));
#1098 = LINE('',#1099,#1100);
#1099 = CARTESIAN_POINT('',(-58.29257201952,42.430956238911,8.));
#1100 = VECTOR('',#1101,1.);
#1101 = DIRECTION('',(0.,0.,1.));
#1102 = ORIENTED_EDGE('',*,*,#1103,.T.);
#1103 = EDGE_CURVE('',#1096,#1104,#1106,.T.);
#1104 = VERTEX_POINT('',#1105);
#1105 = CARTESIAN_POINT('',(-65.89257201952,29.267370101388,28.39));
#1106 = CIRCLE('',#1107,72.1);
#1107 = AXIS2_PLACEMENT_3D('',#1108,#1109,#1110);
#1108 = CARTESIAN_POINT('',(0.,0.,28.39));
#1109 = DIRECTION('',(0.,0.,1.));
#1110 = DIRECTION('',(1.,0.,-0.));
#1111 = ORIENTED_EDGE('',*,*,#1112,.F.);
#1112 = EDGE_CURVE('',#1087,#1104,#1113,.T.);
#1113 = LINE('',#1114,#1115);
#1114 = CARTESIAN_POINT('',(-65.89257201952,29.267370101388,8.));
#1115 = VECTOR('',#1116,1.);
#1116 = DIRECTION('',(0.,0.,1.));
#1117 = FACE_BOUND('',#1118,.T.);
#1118 = EDGE_LOOP('',(#1119,#1130,#1138,#1147));
#1119 = ORIENTED_EDGE('',*,*,#1120,.F.);
#1120 = EDGE_CURVE('',#1121,#1123,#1125,.T.);
#1121 = VERTEX_POINT('',#1122);
#1122 = CARTESIAN_POINT('',(-7.6,-71.69832634029,23.));
#1123 = VERTEX_POINT('',#1124);
#1124 = CARTESIAN_POINT('',(7.6,-71.69832634029,23.));
#1125 = CIRCLE('',#1126,72.1);
#1126 = AXIS2_PLACEMENT_3D('',#1127,#1128,#1129);
#1127 = CARTESIAN_POINT('',(0.,0.,23.));
#1128 = DIRECTION('',(0.,0.,1.));
#1129 = DIRECTION('',(1.,0.,-0.));
#1130 = ORIENTED_EDGE('',*,*,#1131,.T.);
#1131 = EDGE_CURVE('',#1121,#1132,#1134,.T.);
#1132 = VERTEX_POINT('',#1133);
#1133 = CARTESIAN_POINT('',(-7.6,-71.69832634029,28.39));
#1134 = LINE('',#1135,#1136);
#1135 = CARTESIAN_POINT('',(-7.6,-71.69832634029,8.));
#1136 = VECTOR('',#1137,1.);
#1137 = DIRECTION('',(0.,0.,1.));
#1138 = ORIENTED_EDGE('',*,*,#1139,.T.);
#1139 = EDGE_CURVE('',#1132,#1140,#1142,.T.);
#1140 = VERTEX_POINT('',#1141);
#1141 = CARTESIAN_POINT('',(7.6,-71.69832634029,28.39));
#1142 = CIRCLE('',#1143,72.1);
#1143 = AXIS2_PLACEMENT_3D('',#1144,#1145,#1146);
#1144 = CARTESIAN_POINT('',(0.,0.,28.39));
#1145 = DIRECTION('',(0.,0.,1.));
#1146 = DIRECTION('',(1.,0.,-0.));
#1147 = ORIENTED_EDGE('',*,*,#1148,.F.);
#1148 = EDGE_CURVE('',#1123,#1140,#1149,.T.);
#1149 = LINE('',#1150,#1151);
#1150 = CARTESIAN_POINT('',(7.6,-71.69832634029,8.));
#1151 = VECTOR('',#1152,1.);
#1152 = DIRECTION('',(0.,0.,1.));
#1153 = CYLINDRICAL_SURFACE('',#1154,72.1);
#1154 = AXIS2_PLACEMENT_3D('',#1155,#1156,#1157);
#1155 = CARTESIAN_POINT('',(0.,0.,8.));
#1156 = DIRECTION('',(0.,0.,1.));
#1157 = DIRECTION('',(1.,0.,-0.));
#1158 = ADVANCED_FACE('',(#1159,#1162,#1173,#1184,#1226,#1237),#1248,.T.
  );
#1159 = FACE_BOUND('',#1160,.T.);
#1160 = EDGE_LOOP('',(#1161));
#1161 = ORIENTED_EDGE('',*,*,#39,.T.);
#1162 = FACE_BOUND('',#1163,.T.);
#1163 = EDGE_LOOP('',(#1164));
#1164 = ORIENTED_EDGE('',*,*,#1165,.F.);
#1165 = EDGE_CURVE('',#1166,#1166,#1168,.T.);
#1166 = VERTEX_POINT('',#1167);
#1167 = CARTESIAN_POINT('',(-59.10623380828,-34.125,30.4));
#1168 = CIRCLE('',#1169,1.);
#1169 = AXIS2_PLACEMENT_3D('',#1170,#1171,#1172);
#1170 = CARTESIAN_POINT('',(-58.2402084045,-33.625,30.4));
#1171 = DIRECTION('',(0.,0.,1.));
#1172 = DIRECTION('',(-0.866025403784,-0.5,0.));
#1173 = FACE_BOUND('',#1174,.T.);
#1174 = EDGE_LOOP('',(#1175));
#1175 = ORIENTED_EDGE('',*,*,#1176,.F.);
#1176 = EDGE_CURVE('',#1177,#1177,#1179,.T.);
#1177 = VERTEX_POINT('',#1178);
#1178 = CARTESIAN_POINT('',(59.106233808288,-34.125,30.4));
#1179 = CIRCLE('',#1180,1.);
#1180 = AXIS2_PLACEMENT_3D('',#1181,#1182,#1183);
#1181 = CARTESIAN_POINT('',(58.240208404503,-33.625,30.4));
#1182 = DIRECTION('',(0.,0.,1.));
#1183 = DIRECTION('',(0.866025403784,-0.5,0.));
#1184 = FACE_BOUND('',#1185,.T.);
#1185 = EDGE_LOOP('',(#1186,#1196,#1204,#1212,#1220));
#1186 = ORIENTED_EDGE('',*,*,#1187,.F.);
#1187 = EDGE_CURVE('',#1188,#1190,#1192,.T.);
#1188 = VERTEX_POINT('',#1189);
#1189 = CARTESIAN_POINT('',(68.75,-20.,30.4));
#1190 = VERTEX_POINT('',#1191);
#1191 = CARTESIAN_POINT('',(68.75,12.,30.4));
#1192 = LINE('',#1193,#1194);
#1193 = CARTESIAN_POINT('',(68.75,-10.,30.4));
#1194 = VECTOR('',#1195,1.);
#1195 = DIRECTION('',(0.,1.,0.));
#1196 = ORIENTED_EDGE('',*,*,#1197,.T.);
#1197 = EDGE_CURVE('',#1188,#1198,#1200,.T.);
#1198 = VERTEX_POINT('',#1199);
#1199 = CARTESIAN_POINT('',(62.,-20.,30.4));
#1200 = LINE('',#1201,#1202);
#1201 = CARTESIAN_POINT('',(68.75,-20.,30.4));
#1202 = VECTOR('',#1203,1.);
#1203 = DIRECTION('',(-1.,0.,0.));
#1204 = ORIENTED_EDGE('',*,*,#1205,.T.);
#1205 = EDGE_CURVE('',#1198,#1206,#1208,.T.);
#1206 = VERTEX_POINT('',#1207);
#1207 = CARTESIAN_POINT('',(62.,-1.518562030943E-14,30.4));
#1208 = LINE('',#1209,#1210);
#1209 = CARTESIAN_POINT('',(62.,-10.,30.4));
#1210 = VECTOR('',#1211,1.);
#1211 = DIRECTION('',(0.,1.,0.));
#1212 = ORIENTED_EDGE('',*,*,#1213,.T.);
#1213 = EDGE_CURVE('',#1206,#1214,#1216,.T.);
#1214 = VERTEX_POINT('',#1215);
#1215 = CARTESIAN_POINT('',(62.,12.,30.4));
#1216 = LINE('',#1217,#1218);
#1217 = CARTESIAN_POINT('',(62.,-10.,30.4));
#1218 = VECTOR('',#1219,1.);
#1219 = DIRECTION('',(0.,1.,0.));
#1220 = ORIENTED_EDGE('',*,*,#1221,.T.);
#1221 = EDGE_CURVE('',#1214,#1190,#1222,.T.);
#1222 = LINE('',#1223,#1224);
#1223 = CARTESIAN_POINT('',(62.,12.,30.4));
#1224 = VECTOR('',#1225,1.);
#1225 = DIRECTION('',(1.,0.,0.));
#1226 = FACE_BOUND('',#1227,.T.);
#1227 = EDGE_LOOP('',(#1228));
#1228 = ORIENTED_EDGE('',*,*,#1229,.F.);
#1229 = EDGE_CURVE('',#1206,#1230,#1232,.T.);
#1230 = VERTEX_POINT('',#1231);
#1231 = CARTESIAN_POINT('',(62.,-1.518562030943E-14,30.4));
#1232 = CIRCLE('',#1233,62.);
#1233 = AXIS2_PLACEMENT_3D('',#1234,#1235,#1236);
#1234 = CARTESIAN_POINT('',(0.,0.,30.4));
#1235 = DIRECTION('',(0.,0.,1.));
#1236 = DIRECTION('',(1.,0.,-0.));
#1237 = FACE_BOUND('',#1238,.T.);
#1238 = EDGE_LOOP('',(#1239));
#1239 = ORIENTED_EDGE('',*,*,#1240,.F.);
#1240 = EDGE_CURVE('',#1241,#1241,#1243,.T.);
#1241 = VERTEX_POINT('',#1242);
#1242 = CARTESIAN_POINT('',(34.125,59.106233808288,30.4));
#1243 = CIRCLE('',#1244,1.);
#1244 = AXIS2_PLACEMENT_3D('',#1245,#1246,#1247);
#1245 = CARTESIAN_POINT('',(33.625,58.240208404503,30.4));
#1246 = DIRECTION('',(0.,0.,1.));
#1247 = DIRECTION('',(0.5,0.866025403784,-0.));
#1248 = PLANE('',#1249);
#1249 = AXIS2_PLACEMENT_3D('',#1250,#1251,#1252);
#1250 = CARTESIAN_POINT('',(0.,0.,30.4));
#1251 = DIRECTION('',(0.,0.,1.));
#1252 = DIRECTION('',(1.,0.,-0.));
#1253 = ADVANCED_FACE('',(#1254,#1265),#1276,.T.);
#1254 = FACE_BOUND('',#1255,.T.);
#1255 = EDGE_LOOP('',(#1256));
#1256 = ORIENTED_EDGE('',*,*,#1257,.T.);
#1257 = EDGE_CURVE('',#1258,#1258,#1260,.T.);
#1258 = VERTEX_POINT('',#1259);
#1259 = CARTESIAN_POINT('',(76.,-1.861463134704E-14,11.4));
#1260 = CIRCLE('',#1261,76.);
#1261 = AXIS2_PLACEMENT_3D('',#1262,#1263,#1264);
#1262 = CARTESIAN_POINT('',(0.,0.,11.4));
#1263 = DIRECTION('',(0.,0.,1.));
#1264 = DIRECTION('',(1.,0.,-0.));
#1265 = FACE_BOUND('',#1266,.T.);
#1266 = EDGE_LOOP('',(#1267,#1268,#1269));
#1267 = ORIENTED_EDGE('',*,*,#56,.F.);
#1268 = ORIENTED_EDGE('',*,*,#90,.F.);
#1269 = ORIENTED_EDGE('',*,*,#1270,.T.);
#1270 = EDGE_CURVE('',#83,#57,#1271,.T.);
#1271 = CIRCLE('',#1272,19.5);
#1272 = AXIS2_PLACEMENT_3D('',#1273,#1274,#1275);
#1273 = CARTESIAN_POINT('',(3.367778697655E-15,55.,11.4));
#1274 = DIRECTION('',(0.,0.,-1.));
#1275 = DIRECTION('',(-0.548772055091,0.835972027972,0.));
#1276 = PLANE('',#1277);
#1277 = AXIS2_PLACEMENT_3D('',#1278,#1279,#1280);
#1278 = CARTESIAN_POINT('',(0.,0.,11.4));
#1279 = DIRECTION('',(0.,0.,1.));
#1280 = DIRECTION('',(1.,0.,-0.));
#1281 = ADVANCED_FACE('',(#1282),#1362,.F.);
#1282 = FACE_BOUND('',#1283,.F.);
#1283 = EDGE_LOOP('',(#1284,#1293,#1294,#1295,#1296,#1305,#1313,#1322,
    #1330,#1339,#1347,#1356));
#1284 = ORIENTED_EDGE('',*,*,#1285,.F.);
#1285 = EDGE_CURVE('',#74,#1286,#1288,.T.);
#1286 = VERTEX_POINT('',#1287);
#1287 = CARTESIAN_POINT('',(-13.33546814865,69.227272727273,18.8));
#1288 = CIRCLE('',#1289,19.5);
#1289 = AXIS2_PLACEMENT_3D('',#1290,#1291,#1292);
#1290 = CARTESIAN_POINT('',(3.367778697655E-15,55.,18.8));
#1291 = DIRECTION('',(0.,-0.,1.));
#1292 = DIRECTION('',(2.22044604925E-16,1.,0.));
#1293 = ORIENTED_EDGE('',*,*,#82,.F.);
#1294 = ORIENTED_EDGE('',*,*,#1270,.T.);
#1295 = ORIENTED_EDGE('',*,*,#65,.T.);
#1296 = ORIENTED_EDGE('',*,*,#1297,.F.);
#1297 = EDGE_CURVE('',#1298,#66,#1300,.T.);
#1298 = VERTEX_POINT('',#1299);
#1299 = CARTESIAN_POINT('',(13.335468148655,69.227272727273,18.8));
#1300 = CIRCLE('',#1301,19.5);
#1301 = AXIS2_PLACEMENT_3D('',#1302,#1303,#1304);
#1302 = CARTESIAN_POINT('',(3.367778697655E-15,55.,18.8));
#1303 = DIRECTION('',(0.,-0.,1.));
#1304 = DIRECTION('',(2.22044604925E-16,1.,0.));
#1305 = ORIENTED_EDGE('',*,*,#1306,.F.);
#1306 = EDGE_CURVE('',#1307,#1298,#1309,.T.);
#1307 = VERTEX_POINT('',#1308);
#1308 = CARTESIAN_POINT('',(13.335468148656,69.227272727273,8.));
#1309 = LINE('',#1310,#1311);
#1310 = CARTESIAN_POINT('',(13.335468148655,69.227272727273,7.99));
#1311 = VECTOR('',#1312,1.);
#1312 = DIRECTION('',(0.,0.,1.));
#1313 = ORIENTED_EDGE('',*,*,#1314,.T.);
#1314 = EDGE_CURVE('',#1307,#1315,#1317,.T.);
#1315 = VERTEX_POINT('',#1316);
#1316 = CARTESIAN_POINT('',(10.701055074268,71.301454545454,8.));
#1317 = CIRCLE('',#1318,19.5);
#1318 = AXIS2_PLACEMENT_3D('',#1319,#1320,#1321);
#1319 = CARTESIAN_POINT('',(3.367778697655E-15,55.,8.));
#1320 = DIRECTION('',(0.,-0.,1.));
#1321 = DIRECTION('',(2.22044604925E-16,1.,0.));
#1322 = ORIENTED_EDGE('',*,*,#1323,.T.);
#1323 = EDGE_CURVE('',#1315,#1324,#1326,.T.);
#1324 = VERTEX_POINT('',#1325);
#1325 = CARTESIAN_POINT('',(10.701055074266,71.301454545455,10.6));
#1326 = LINE('',#1327,#1328);
#1327 = CARTESIAN_POINT('',(10.701055074266,71.301454545455,8.));
#1328 = VECTOR('',#1329,1.);
#1329 = DIRECTION('',(0.,0.,1.));
#1330 = ORIENTED_EDGE('',*,*,#1331,.F.);
#1331 = EDGE_CURVE('',#1332,#1324,#1334,.T.);
#1332 = VERTEX_POINT('',#1333);
#1333 = CARTESIAN_POINT('',(-10.70105507426,71.301454545455,10.6));
#1334 = CIRCLE('',#1335,19.5);
#1335 = AXIS2_PLACEMENT_3D('',#1336,#1337,#1338);
#1336 = CARTESIAN_POINT('',(3.367778697655E-15,55.,10.6));
#1337 = DIRECTION('',(0.,0.,-1.));
#1338 = DIRECTION('',(-0.548772055091,0.835972027972,0.));
#1339 = ORIENTED_EDGE('',*,*,#1340,.F.);
#1340 = EDGE_CURVE('',#1341,#1332,#1343,.T.);
#1341 = VERTEX_POINT('',#1342);
#1342 = CARTESIAN_POINT('',(-10.70105507426,71.301454545454,8.));
#1343 = LINE('',#1344,#1345);
#1344 = CARTESIAN_POINT('',(-10.70105507426,71.301454545455,8.));
#1345 = VECTOR('',#1346,1.);
#1346 = DIRECTION('',(0.,0.,1.));
#1347 = ORIENTED_EDGE('',*,*,#1348,.T.);
#1348 = EDGE_CURVE('',#1341,#1349,#1351,.T.);
#1349 = VERTEX_POINT('',#1350);
#1350 = CARTESIAN_POINT('',(-13.33546814865,69.227272727273,8.));
#1351 = CIRCLE('',#1352,19.5);
#1352 = AXIS2_PLACEMENT_3D('',#1353,#1354,#1355);
#1353 = CARTESIAN_POINT('',(3.367778697655E-15,55.,8.));
#1354 = DIRECTION('',(0.,-0.,1.));
#1355 = DIRECTION('',(2.22044604925E-16,1.,0.));
#1356 = ORIENTED_EDGE('',*,*,#1357,.T.);
#1357 = EDGE_CURVE('',#1349,#1286,#1358,.T.);
#1358 = LINE('',#1359,#1360);
#1359 = CARTESIAN_POINT('',(-13.33546814865,69.227272727273,7.99));
#1360 = VECTOR('',#1361,1.);
#1361 = DIRECTION('',(0.,0.,1.));
#1362 = CYLINDRICAL_SURFACE('',#1363,19.5);
#1363 = AXIS2_PLACEMENT_3D('',#1364,#1365,#1366);
#1364 = CARTESIAN_POINT('',(3.367778697655E-15,55.,8.));
#1365 = DIRECTION('',(0.,0.,1.));
#1366 = DIRECTION('',(2.22044604925E-16,1.,0.));
#1367 = ADVANCED_FACE('',(#1368),#1380,.F.);
#1368 = FACE_BOUND('',#1369,.F.);
#1369 = EDGE_LOOP('',(#1370,#1371,#1372,#1379));
#1370 = ORIENTED_EDGE('',*,*,#73,.T.);
#1371 = ORIENTED_EDGE('',*,*,#1285,.T.);
#1372 = ORIENTED_EDGE('',*,*,#1373,.F.);
#1373 = EDGE_CURVE('',#1298,#1286,#1374,.T.);
#1374 = CIRCLE('',#1375,70.5);
#1375 = AXIS2_PLACEMENT_3D('',#1376,#1377,#1378);
#1376 = CARTESIAN_POINT('',(0.,0.,18.8));
#1377 = DIRECTION('',(0.,0.,1.));
#1378 = DIRECTION('',(1.,0.,-0.));
#1379 = ORIENTED_EDGE('',*,*,#1297,.T.);
#1380 = PLANE('',#1381);
#1381 = AXIS2_PLACEMENT_3D('',#1382,#1383,#1384);
#1382 = CARTESIAN_POINT('',(3.367778697655E-15,55.,18.8));
#1383 = DIRECTION('',(0.,0.,1.));
#1384 = DIRECTION('',(2.22044604925E-16,1.,0.));
#1385 = ADVANCED_FACE('',(#1386),#1451,.F.);
#1386 = FACE_BOUND('',#1387,.F.);
#1387 = EDGE_LOOP('',(#1388,#1389,#1397,#1450));
#1388 = ORIENTED_EDGE('',*,*,#100,.F.);
#1389 = ORIENTED_EDGE('',*,*,#1390,.F.);
#1390 = EDGE_CURVE('',#1391,#101,#1393,.T.);
#1391 = VERTEX_POINT('',#1392);
#1392 = CARTESIAN_POINT('',(65.133507042046,26.979181981739,13.));
#1393 = LINE('',#1394,#1395);
#1394 = CARTESIAN_POINT('',(64.209627509534,26.596498549374,13.));
#1395 = VECTOR('',#1396,1.);
#1396 = DIRECTION('',(0.923879532511,0.382683432365,2.22044604925E-16));
#1397 = ORIENTED_EDGE('',*,*,#1398,.T.);
#1398 = EDGE_CURVE('',#1391,#1391,#1399,.T.);
#1399 = B_SPLINE_CURVE_WITH_KNOTS('',7,(#1400,#1401,#1402,#1403,#1404,
    #1405,#1406,#1407,#1408,#1409,#1410,#1411,#1412,#1413,#1414,#1415,
    #1416,#1417,#1418,#1419,#1420,#1421,#1422,#1423,#1424,#1425,#1426,
    #1427,#1428,#1429,#1430,#1431,#1432,#1433,#1434,#1435,#1436,#1437,
    #1438,#1439,#1440,#1441,#1442,#1443,#1444,#1445,#1446,#1447,#1448,
    #1449),.UNSPECIFIED.,.T.,.F.,(8,6,6,6,6,6,6,6,8),(0.,0.142615241395,
    0.278843156584,0.448926266782,0.595154999906,0.689800925245,
    0.793916328164,0.894619196088,1.),.UNSPECIFIED.);
#1400 = CARTESIAN_POINT('',(65.133507042046,26.979181981739,13.));
#1401 = CARTESIAN_POINT('',(65.027760009951,27.234477900802,13.));
#1402 = CARTESIAN_POINT('',(64.923832127573,27.482080012321,
    13.044541952182));
#1403 = CARTESIAN_POINT('',(64.824996819319,27.714421366094,
    13.129100494698));
#1404 = CARTESIAN_POINT('',(64.734153509571,27.925413909615,
    13.247603252882));
#1405 = CARTESIAN_POINT('',(64.653650421935,28.110615181109,
    13.392519960472));
#1406 = CARTESIAN_POINT('',(64.584922605418,28.267606728012,
    13.555022888453));
#1407 = CARTESIAN_POINT('',(64.474056223109,28.519539911791,
    13.887661558371));
#1408 = CARTESIAN_POINT('',(64.42946326718,28.620130173786,
    14.061334561652));
#1409 = CARTESIAN_POINT('',(64.394207765925,28.699245241921,
    14.242569420885));
#1410 = CARTESIAN_POINT('',(64.368008253965,28.757843931879,
    14.428812174554));
#1411 = CARTESIAN_POINT('',(64.35062552353,28.796656876865,
    14.618145829281));
#1412 = CARTESIAN_POINT('',(64.341925553507,28.816082594047,
    14.809017643659));
#1413 = CARTESIAN_POINT('',(64.341925553507,28.816082594047,
    15.238445058155));
#1414 = CARTESIAN_POINT('',(64.355487334779,28.785801039053,
    15.476737433399));
#1415 = CARTESIAN_POINT('',(64.382578885738,28.725310546669,
    15.712121805795));
#1416 = CARTESIAN_POINT('',(64.423558164752,28.633567366344,
    15.941554785725));
#1417 = CARTESIAN_POINT('',(64.478975087221,28.508873465424,
    16.16075893312));
#1418 = CARTESIAN_POINT('',(64.549407832586,28.349072011072,
    16.363749990842));
#1419 = CARTESIAN_POINT('',(64.708576350215,27.983639876146,
    16.693439721667));
#1420 = CARTESIAN_POINT('',(64.796227680555,27.780994744272,
    16.832788476469));
#1421 = CARTESIAN_POINT('',(64.895830512295,27.548505021717,
    16.942516416484));
#1422 = CARTESIAN_POINT('',(65.003300994303,27.294422640234,
    17.011184132945));
#1423 = CARTESIAN_POINT('',(65.113434528711,27.030113024961,
    17.032593544034));
#1424 = CARTESIAN_POINT('',(65.221169177241,26.767914865737,
    17.0061432928));
#1425 = CARTESIAN_POINT('',(65.387633050873,26.357877003067,
    16.892521271557));
#1426 = CARTESIAN_POINT('',(65.450821825796,26.200898754156,
    16.829665412959));
#1427 = CARTESIAN_POINT('',(65.510967490199,26.050214387293,
    16.749193650172));
#1428 = CARTESIAN_POINT('',(65.56733192328,25.907872204356,
    16.652049783735));
#1429 = CARTESIAN_POINT('',(65.619261307864,25.775787443899,
    16.539512291531));
#1430 = CARTESIAN_POINT('',(65.666192929113,25.65568563868,
    16.413164333349));
#1431 = CARTESIAN_POINT('',(65.753297428036,25.431667839421,
    16.122692851213));
#1432 = CARTESIAN_POINT('',(65.792330879106,25.330556840034,
    15.956030271199));
#1433 = CARTESIAN_POINT('',(65.824157961342,25.247617334403,
    15.777308980891));
#1434 = CARTESIAN_POINT('',(65.848332090923,25.184357114567,
    15.589281429818));
#1435 = CARTESIAN_POINT('',(65.864551759079,25.141824332024,
    15.39494787554));
#1436 = CARTESIAN_POINT('',(65.872659282967,25.120564464002,
    15.197462279674));
#1437 = CARTESIAN_POINT('',(65.872659282967,25.120564464002,
    14.809009836083));
#1438 = CARTESIAN_POINT('',(65.865074424394,25.140453926615,
    14.618140103276));
#1439 = CARTESIAN_POINT('',(65.849921113744,25.180189908605,
    14.428810949232));
#1440 = CARTESIAN_POINT('',(65.827012013137,25.240149751894,
    14.24257069622));
#1441 = CARTESIAN_POINT('',(65.795998816318,25.321021477784,
    14.06133521026));
#1442 = CARTESIAN_POINT('',(65.756402194993,25.423682912472,
    13.88766076164));
#1443 = CARTESIAN_POINT('',(65.656674551558,25.680165269681,
    13.555094283945));
#1444 = CARTESIAN_POINT('',(65.594262192294,25.839774948355,
    13.392551420396));
#1445 = CARTESIAN_POINT('',(65.520207455467,26.027713131813,
    13.247573086932));
#1446 = CARTESIAN_POINT('',(65.435216983607,26.241224058108,
    13.129040074822));
#1447 = CARTESIAN_POINT('',(65.340789959761,26.475457937021,
    13.044499056503));
#1448 = CARTESIAN_POINT('',(65.239203141308,26.72400902541,13.));
#1449 = CARTESIAN_POINT('',(65.133507042046,26.979181981739,13.));
#1450 = ORIENTED_EDGE('',*,*,#1390,.T.);
#1451 = CYLINDRICAL_SURFACE('',#1452,2.);
#1452 = AXIS2_PLACEMENT_3D('',#1453,#1454,#1455);
#1453 = CARTESIAN_POINT('',(64.209627509534,26.596498549374,15.));
#1454 = DIRECTION('',(0.923879532511,0.382683432365,2.22044604925E-16));
#1455 = DIRECTION('',(2.051424657948E-16,8.497279155086E-17,-1.));
#1456 = ADVANCED_FACE('',(#1457),#1522,.F.);
#1457 = FACE_BOUND('',#1458,.F.);
#1458 = EDGE_LOOP('',(#1459,#1460,#1468,#1521));
#1459 = ORIENTED_EDGE('',*,*,#157,.F.);
#1460 = ORIENTED_EDGE('',*,*,#1461,.F.);
#1461 = EDGE_CURVE('',#1462,#158,#1464,.T.);
#1462 = VERTEX_POINT('',#1463);
#1463 = CARTESIAN_POINT('',(55.931410490532,42.917680745115,13.));
#1464 = LINE('',#1465,#1466);
#1465 = CARTESIAN_POINT('',(55.138057150241,42.308919316106,13.));
#1466 = VECTOR('',#1467,1.);
#1467 = DIRECTION('',(0.793353340291,0.608761429009,2.22044604925E-16));
#1468 = ORIENTED_EDGE('',*,*,#1469,.T.);
#1469 = EDGE_CURVE('',#1462,#1462,#1470,.T.);
#1470 = B_SPLINE_CURVE_WITH_KNOTS('',7,(#1471,#1472,#1473,#1474,#1475,
    #1476,#1477,#1478,#1479,#1480,#1481,#1482,#1483,#1484,#1485,#1486,
    #1487,#1488,#1489,#1490,#1491,#1492,#1493,#1494,#1495,#1496,#1497,
    #1498,#1499,#1500,#1501,#1502,#1503,#1504,#1505,#1506,#1507,#1508,
    #1509,#1510,#1511,#1512,#1513,#1514,#1515,#1516,#1517,#1518,#1519,
    #1520),.UNSPECIFIED.,.T.,.F.,(8,6,6,6,6,6,6,6,8),(0.,0.14261524156,
    0.278843156907,0.448926267302,0.595155000595,0.689800926043,
    0.793916329046,0.894619197087,1.),.UNSPECIFIED.);
#1471 = CARTESIAN_POINT('',(55.931410490532,42.917680745115,13.));
#1472 = CARTESIAN_POINT('',(55.763191255188,43.136908320815,13.));
#1473 = CARTESIAN_POINT('',(55.598720487458,43.349175079699,
    13.044541952182));
#1474 = CARTESIAN_POINT('',(55.443118543346,43.548019133717,
    13.129100494698));
#1475 = CARTESIAN_POINT('',(55.300761755676,43.728310301977,
    13.247603252882));
#1476 = CARTESIAN_POINT('',(55.175068127993,43.886365260903,
    13.392519960472));
#1477 = CARTESIAN_POINT('',(55.068049752776,44.020219382724,
    13.555022888453));
#1478 = CARTESIAN_POINT('',(54.895755944782,44.234873820232,
    13.887661558371));
#1479 = CARTESIAN_POINT('',(54.826647781423,44.320495045894,
    14.061334561652));
#1480 = CARTESIAN_POINT('',(54.772117095853,44.387789538285,
    14.242569420885));
#1481 = CARTESIAN_POINT('',(54.731643853636,44.437610593634,
    14.428812174554));
#1482 = CARTESIAN_POINT('',(54.704807896019,44.470602037898,
    14.618145829281));
#1483 = CARTESIAN_POINT('',(54.691376624714,44.487114121885,
    14.809017643659));
#1484 = CARTESIAN_POINT('',(54.691376624714,44.487114121885,
    15.238445058154));
#1485 = CARTESIAN_POINT('',(54.712313742643,44.461374433135,
    15.476737433399));
#1486 = CARTESIAN_POINT('',(54.754138262866,44.409956913646,
    15.712121805795));
#1487 = CARTESIAN_POINT('',(54.817466089133,44.331946024247,
    15.941554785724));
#1488 = CARTESIAN_POINT('',(54.903267882127,44.225843919923,
    16.160758933121));
#1489 = CARTESIAN_POINT('',(55.012660349712,44.089716903986,
    16.363749990842));
#1490 = CARTESIAN_POINT('',(55.260986127834,43.777932410848,
    16.693439721668));
#1491 = CARTESIAN_POINT('',(55.398099231044,43.604878078021,
    16.832788476469));
#1492 = CARTESIAN_POINT('',(55.55448094658,43.406089360459,
    16.942516416483));
#1493 = CARTESIAN_POINT('',(55.72405082007,43.188480033707,
    17.011184132947));
#1494 = CARTESIAN_POINT('',(55.898840007532,42.961681206388,
    17.032593544033));
#1495 = CARTESIAN_POINT('',(56.070765564129,42.736301011647,
    17.006143292801));
#1496 = CARTESIAN_POINT('',(56.337682926887,42.383318871154,
    16.892521271557));
#1497 = CARTESIAN_POINT('',(56.439347557002,42.248043984752,
    16.829665412959));
#1498 = CARTESIAN_POINT('',(56.536443791532,42.118060906609,
    16.749193650172));
#1499 = CARTESIAN_POINT('',(56.627728520994,41.995157104687,
    16.652049783735));
#1500 = CARTESIAN_POINT('',(56.712074506281,41.881013337034,
    16.539512291531));
#1501 = CARTESIAN_POINT('',(56.788491605857,41.777150698985,
    16.413164333349));
#1502 = CARTESIAN_POINT('',(56.930608163817,41.583310424404,
    16.122692851267));
#1503 = CARTESIAN_POINT('',(56.994481034667,41.495747299224,
    15.956030271153));
#1504 = CARTESIAN_POINT('',(57.046689958987,41.423871343795,
    15.77730898083));
#1505 = CARTESIAN_POINT('',(57.086413324748,41.369023388843,
    15.589281429861));
#1506 = CARTESIAN_POINT('',(57.113088615306,41.332137834704,
    15.394947875623));
#1507 = CARTESIAN_POINT('',(57.126422340749,41.313700760721,
    15.1974622796));
#1508 = CARTESIAN_POINT('',(57.126422340749,41.31370076072,
    14.809009836083));
#1509 = CARTESIAN_POINT('',(57.113948158243,41.330949400476,
    14.618140103276));
#1510 = CARTESIAN_POINT('',(57.089026755218,41.36540944632,
    14.428810949232));
#1511 = CARTESIAN_POINT('',(57.0513795139,41.41739689595,14.24257069622)
  );
#1512 = CARTESIAN_POINT('',(57.000491923266,41.487486178617,
    14.06133521026));
#1513 = CARTESIAN_POINT('',(56.9356737896,41.576401150026,13.88766076164
    ));
#1514 = CARTESIAN_POINT('',(56.77296176532,41.798332668188,
    13.555094285758));
#1515 = CARTESIAN_POINT('',(56.671366028285,41.936350275469,
    13.392551415401));
#1516 = CARTESIAN_POINT('',(56.551192666074,42.098717841626,
    13.247573092695));
#1517 = CARTESIAN_POINT('',(56.413837483998,42.282956402152,
    13.129040071709));
#1518 = CARTESIAN_POINT('',(56.262003785901,42.484769453611,
    13.044499057144));
#1519 = CARTESIAN_POINT('',(56.099548705302,42.698558757482,13.));
#1520 = CARTESIAN_POINT('',(55.931410490532,42.917680745115,13.));
#1521 = ORIENTED_EDGE('',*,*,#1461,.T.);
#1522 = CYLINDRICAL_SURFACE('',#1523,2.);
#1523 = AXIS2_PLACEMENT_3D('',#1524,#1525,#1526);
#1524 = CARTESIAN_POINT('',(55.138057150241,42.308919316106,15.));
#1525 = DIRECTION('',(0.793353340291,0.608761429009,2.22044604925E-16));
#1526 = DIRECTION('',(1.761598290109E-16,1.351721909978E-16,-1.));
#1527 = ADVANCED_FACE('',(#1528),#1593,.F.);
#1528 = FACE_BOUND('',#1529,.F.);
#1529 = EDGE_LOOP('',(#1530,#1531,#1539,#1592));
#1530 = ORIENTED_EDGE('',*,*,#214,.F.);
#1531 = ORIENTED_EDGE('',*,*,#1532,.F.);
#1532 = EDGE_CURVE('',#1533,#215,#1535,.T.);
#1533 = VERTEX_POINT('',#1534);
#1534 = CARTESIAN_POINT('',(26.979181981739,65.133507042046,13.));
#1535 = LINE('',#1536,#1537);
#1536 = CARTESIAN_POINT('',(26.596498549374,64.209627509534,13.));
#1537 = VECTOR('',#1538,1.);
#1538 = DIRECTION('',(0.382683432365,0.923879532511,2.22044604925E-16));
#1539 = ORIENTED_EDGE('',*,*,#1540,.T.);
#1540 = EDGE_CURVE('',#1533,#1533,#1541,.T.);
#1541 = B_SPLINE_CURVE_WITH_KNOTS('',7,(#1542,#1543,#1544,#1545,#1546,
    #1547,#1548,#1549,#1550,#1551,#1552,#1553,#1554,#1555,#1556,#1557,
    #1558,#1559,#1560,#1561,#1562,#1563,#1564,#1565,#1566,#1567,#1568,
    #1569,#1570,#1571,#1572,#1573,#1574,#1575,#1576,#1577,#1578,#1579,
    #1580,#1581,#1582,#1583,#1584,#1585,#1586,#1587,#1588,#1589,#1590,
    #1591),.UNSPECIFIED.,.T.,.F.,(8,6,6,6,6,6,6,6,8),(0.,0.14261524254,
    0.278843158822,0.448926270386,0.595155004685,0.689800930784,
    0.793916334511,0.894619201066,1.),.UNSPECIFIED.);
#1542 = CARTESIAN_POINT('',(26.979181981739,65.133507042046,13.));
#1543 = CARTESIAN_POINT('',(26.723886062676,65.23925407414,13.));
#1544 = CARTESIAN_POINT('',(26.4753168202,65.340847095848,
    13.044541952182));
#1545 = CARTESIAN_POINT('',(26.241139556711,65.435250125963,
    13.129100494698));
#1546 = CARTESIAN_POINT('',(26.027709378058,65.520208463918,
    13.247603252882));
#1547 = CARTESIAN_POINT('',(25.839828023927,65.594241259702,
    13.392519960472));
#1548 = CARTESIAN_POINT('',(25.680220331407,65.656653141991,
    13.555022888453));
#1549 = CARTESIAN_POINT('',(25.423682298016,65.756402433911,
    13.887661558371));
#1550 = CARTESIAN_POINT('',(25.321022260107,65.795998508759,
    14.061334561652));
#1551 = CARTESIAN_POINT('',(25.240150054923,65.827011905919,
    14.242569420884));
#1552 = CARTESIAN_POINT('',(25.180188671314,65.849921584386,
    14.428812174555));
#1553 = CARTESIAN_POINT('',(25.140452328151,65.865075034417,
    14.61814582928));
#1554 = CARTESIAN_POINT('',(25.120564464002,65.872659282967,
    14.809017643659));
#1555 = CARTESIAN_POINT('',(25.120564464002,65.872659282967,
    15.238445058154));
#1556 = CARTESIAN_POINT('',(25.151566384386,65.860836617588,
    15.476737433399));
#1557 = CARTESIAN_POINT('',(25.213496241144,65.837219999623,
    15.712121805795));
#1558 = CARTESIAN_POINT('',(25.307345192158,65.801324500765,
    15.941554785724));
#1559 = CARTESIAN_POINT('',(25.434702776742,65.752338279523,
    16.160758933121));
#1560 = CARTESIAN_POINT('',(25.597502940623,65.689145059372,
    16.363749990842));
#1561 = CARTESIAN_POINT('',(25.968451619462,65.543294656869,
    16.69343972167));
#1562 = CARTESIAN_POINT('',(26.173722216443,65.461981760012,
    16.832788476466));
#1563 = CARTESIAN_POINT('',(26.408547113566,65.368016538386,
    16.942516416484));
#1564 = CARTESIAN_POINT('',(26.664203595104,65.264346270061,
    17.011184132947));
#1565 = CARTESIAN_POINT('',(26.928974885412,65.155327317786,
    17.032593544032));
#1566 = CARTESIAN_POINT('',(27.190556882352,65.04610512193,
    17.006143292801));
#1567 = CARTESIAN_POINT('',(27.59820516946,64.87387230256,
    16.892521271557));
#1568 = CARTESIAN_POINT('',(27.753886765006,64.807553129499,
    16.829665412959));
#1569 = CARTESIAN_POINT('',(27.902966109793,64.74353259903,
    16.749193650172));
#1570 = CARTESIAN_POINT('',(28.043472905446,64.682737149075,
    16.652049783735));
#1571 = CARTESIAN_POINT('',(28.173590555239,64.626058739247,
    16.539512291531));
#1572 = CARTESIAN_POINT('',(28.291701023779,64.574319605981,
    16.413164333349));
#1573 = CARTESIAN_POINT('',(28.511697710571,64.477507282893,
    16.122692851254));
#1574 = CARTESIAN_POINT('',(28.610794801908,64.433611827486,
    15.956030271164));
#1575 = CARTESIAN_POINT('',(28.6919470344,64.397469886319,
    15.777308980845));
#1576 = CARTESIAN_POINT('',(28.753772455757,64.369831846861,
    15.589281429851));
#1577 = CARTESIAN_POINT('',(28.795316712092,64.351225665228,
    15.394947875603));
#1578 = CARTESIAN_POINT('',(28.816082594047,64.341925553507,
    15.197462279617));
#1579 = CARTESIAN_POINT('',(28.816082594047,64.341925553507,
    14.809009840215));
#1580 = CARTESIAN_POINT('',(28.796655316145,64.350626222063,
    14.618140093173));
#1581 = CARTESIAN_POINT('',(28.757842719831,64.36800879798,
    14.428810956471));
#1582 = CARTESIAN_POINT('',(28.699245540224,64.39420762385,
    14.242570700072));
#1583 = CARTESIAN_POINT('',(28.62013093705,64.42946293473,
    14.061335201923));
#1584 = CARTESIAN_POINT('',(28.51953931119,64.474056487411,
    13.887660765371));
#1585 = CARTESIAN_POINT('',(28.267660802759,64.584898809142,
    13.555094285763));
#1586 = CARTESIAN_POINT('',(28.110667509927,64.653627694701,
    13.3925514154));
#1587 = CARTESIAN_POINT('',(27.925410542312,64.73415545064,
    13.247573092691));
#1588 = CARTESIAN_POINT('',(27.714338185028,64.825033133374,
    13.129040071708));
#1589 = CARTESIAN_POINT('',(27.481939819602,64.923891513703,
    13.044499057146));
#1590 = CARTESIAN_POINT('',(27.234354940899,65.027810941611,13.));
#1591 = CARTESIAN_POINT('',(26.979181981739,65.133507042046,13.));
#1592 = ORIENTED_EDGE('',*,*,#1532,.T.);
#1593 = CYLINDRICAL_SURFACE('',#1594,2.);
#1594 = AXIS2_PLACEMENT_3D('',#1595,#1596,#1597);
#1595 = CARTESIAN_POINT('',(26.596498549374,64.209627509534,15.));
#1596 = DIRECTION('',(0.382683432365,0.923879532511,2.22044604925E-16));
#1597 = DIRECTION('',(8.497279155086E-17,2.051424657948E-16,-1.));
#1598 = ADVANCED_FACE('',(#1599),#1664,.F.);
#1599 = FACE_BOUND('',#1600,.F.);
#1600 = EDGE_LOOP('',(#1601,#1602,#1610,#1663));
#1601 = ORIENTED_EDGE('',*,*,#271,.F.);
#1602 = ORIENTED_EDGE('',*,*,#1603,.F.);
#1603 = EDGE_CURVE('',#1604,#272,#1606,.T.);
#1604 = VERTEX_POINT('',#1605);
#1605 = CARTESIAN_POINT('',(-26.97918198173,65.133507042046,13.));
#1606 = LINE('',#1607,#1608);
#1607 = CARTESIAN_POINT('',(-26.59649854937,64.209627509534,13.));
#1608 = VECTOR('',#1609,1.);
#1609 = DIRECTION('',(-0.382683432365,0.923879532511,2.22044604925E-16)
  );
#1610 = ORIENTED_EDGE('',*,*,#1611,.T.);
#1611 = EDGE_CURVE('',#1604,#1604,#1612,.T.);
#1612 = B_SPLINE_CURVE_WITH_KNOTS('',7,(#1613,#1614,#1615,#1616,#1617,
    #1618,#1619,#1620,#1621,#1622,#1623,#1624,#1625,#1626,#1627,#1628,
    #1629,#1630,#1631,#1632,#1633,#1634,#1635,#1636,#1637,#1638,#1639,
    #1640,#1641,#1642,#1643,#1644,#1645,#1646,#1647,#1648,#1649,#1650,
    #1651,#1652,#1653,#1654,#1655,#1656,#1657,#1658,#1659,#1660,#1661,
    #1662),.UNSPECIFIED.,.T.,.F.,(8,6,6,6,6,6,6,6,8),(0.,0.14261524673,
    0.278843163698,0.448926272488,0.595155004403,0.689800928928,
    0.793916330991,0.894619198083,1.),.UNSPECIFIED.);
#1613 = CARTESIAN_POINT('',(-26.97918198173,65.133507042046,13.));
#1614 = CARTESIAN_POINT('',(-27.2344779008,65.027760009951,13.));
#1615 = CARTESIAN_POINT('',(-27.48208001232,64.923832127573,
    13.044541952182));
#1616 = CARTESIAN_POINT('',(-27.71442136609,64.82499681932,
    13.129100494698));
#1617 = CARTESIAN_POINT('',(-27.92541390961,64.73415350957,
    13.247603252882));
#1618 = CARTESIAN_POINT('',(-28.1106151811,64.653650421935,
    13.392519960472));
#1619 = CARTESIAN_POINT('',(-28.26760672801,64.584922605418,
    13.555022888453));
#1620 = CARTESIAN_POINT('',(-28.51953990879,64.474056224428,
    13.887661554414));
#1621 = CARTESIAN_POINT('',(-28.62013018147,64.429463263795,
    14.061334570272));
#1622 = CARTESIAN_POINT('',(-28.69924523363,64.394207769573,
    14.242569417246));
#1623 = CARTESIAN_POINT('',(-28.75784393611,64.368008252103,
    14.42881216698));
#1624 = CARTESIAN_POINT('',(-28.79665687597,64.35062552392,
    14.618145839171));
#1625 = CARTESIAN_POINT('',(-28.81608259404,64.341925553507,
    14.809017639584));
#1626 = CARTESIAN_POINT('',(-28.81608259404,64.341925553507,
    15.238445058155));
#1627 = CARTESIAN_POINT('',(-28.78580103905,64.355487334779,
    15.476737433399));
#1628 = CARTESIAN_POINT('',(-28.72531054667,64.382578885738,
    15.712121805794));
#1629 = CARTESIAN_POINT('',(-28.63356736634,64.423558164752,
    15.941554785725));
#1630 = CARTESIAN_POINT('',(-28.50887346542,64.478975087221,
    16.16075893312));
#1631 = CARTESIAN_POINT('',(-28.34907201107,64.549407832586,
    16.363749990842));
#1632 = CARTESIAN_POINT('',(-27.98363987614,64.708576350216,
    16.693439721669));
#1633 = CARTESIAN_POINT('',(-27.78099474427,64.796227680555,
    16.832788476467));
#1634 = CARTESIAN_POINT('',(-27.54850502171,64.895830512294,
    16.942516416484));
#1635 = CARTESIAN_POINT('',(-27.29442264023,65.003300994304,
    17.011184132947));
#1636 = CARTESIAN_POINT('',(-27.03011302495,65.113434528712,
    17.032593544032));
#1637 = CARTESIAN_POINT('',(-26.76791486573,65.22116917724,
    17.006143292801));
#1638 = CARTESIAN_POINT('',(-26.35787700312,65.387633050851,
    16.892521271571));
#1639 = CARTESIAN_POINT('',(-26.2008987541,65.450821825819,
    16.829665412957));
#1640 = CARTESIAN_POINT('',(-26.05021438726,65.510967490212,
    16.749193650132));
#1641 = CARTESIAN_POINT('',(-25.90787220439,65.567331923263,
    16.652049783746));
#1642 = CARTESIAN_POINT('',(-25.77578744393,65.619261307851,
    16.539512291592));
#1643 = CARTESIAN_POINT('',(-25.65568563864,65.666192929127,
    16.4131643333));
#1644 = CARTESIAN_POINT('',(-25.43166783941,65.753297428038,
    16.122692851208));
#1645 = CARTESIAN_POINT('',(-25.33055684003,65.792330879105,
    15.956030271203));
#1646 = CARTESIAN_POINT('',(-25.2476173344,65.824157961342,
    15.777308980897));
#1647 = CARTESIAN_POINT('',(-25.18435711456,65.848332090925,
    15.589281429815));
#1648 = CARTESIAN_POINT('',(-25.14182433202,65.864551759078,
    15.394947875533));
#1649 = CARTESIAN_POINT('',(-25.120564464,65.872659282967,15.19746227968
    ));
#1650 = CARTESIAN_POINT('',(-25.120564464,65.872659282967,
    14.809009836083));
#1651 = CARTESIAN_POINT('',(-25.14045392661,65.865074424394,
    14.618140103276));
#1652 = CARTESIAN_POINT('',(-25.1801899086,65.849921113744,
    14.428810949231));
#1653 = CARTESIAN_POINT('',(-25.24014975189,65.827012013137,
    14.242570696221));
#1654 = CARTESIAN_POINT('',(-25.32102147778,65.795998816318,
    14.061335210259));
#1655 = CARTESIAN_POINT('',(-25.42368291247,65.756402194993,
    13.88766076164));
#1656 = CARTESIAN_POINT('',(-25.68016526828,65.656674552103,
    13.555094285762));
#1657 = CARTESIAN_POINT('',(-25.83977495128,65.594262191183,
    13.3925514154));
#1658 = CARTESIAN_POINT('',(-26.02771313164,65.520207455419,
    13.247573092692));
#1659 = CARTESIAN_POINT('',(-26.24122405252,65.435216985983,
    13.129040071708));
#1660 = CARTESIAN_POINT('',(-26.47545794375,65.34078995696,
    13.044499057146));
#1661 = CARTESIAN_POINT('',(-26.72400902258,65.23920314248,13.));
#1662 = CARTESIAN_POINT('',(-26.97918198173,65.133507042046,13.));
#1663 = ORIENTED_EDGE('',*,*,#1603,.T.);
#1664 = CYLINDRICAL_SURFACE('',#1665,2.);
#1665 = AXIS2_PLACEMENT_3D('',#1666,#1667,#1668);
#1666 = CARTESIAN_POINT('',(-26.59649854937,64.209627509534,15.));
#1667 = DIRECTION('',(-0.382683432365,0.923879532511,2.22044604925E-16)
  );
#1668 = DIRECTION('',(-8.497279155086E-17,2.051424657948E-16,-1.));
#1669 = ADVANCED_FACE('',(#1670),#1735,.F.);
#1670 = FACE_BOUND('',#1671,.F.);
#1671 = EDGE_LOOP('',(#1672,#1673,#1681,#1734));
#1672 = ORIENTED_EDGE('',*,*,#328,.F.);
#1673 = ORIENTED_EDGE('',*,*,#1674,.F.);
#1674 = EDGE_CURVE('',#1675,#329,#1677,.T.);
#1675 = VERTEX_POINT('',#1676);
#1676 = CARTESIAN_POINT('',(-42.91768074511,55.931410490532,13.));
#1677 = LINE('',#1678,#1679);
#1678 = CARTESIAN_POINT('',(-42.3089193161,55.138057150241,13.));
#1679 = VECTOR('',#1680,1.);
#1680 = DIRECTION('',(-0.608761429009,0.793353340291,2.22044604925E-16)
  );
#1681 = ORIENTED_EDGE('',*,*,#1682,.T.);
#1682 = EDGE_CURVE('',#1675,#1675,#1683,.T.);
#1683 = B_SPLINE_CURVE_WITH_KNOTS('',7,(#1684,#1685,#1686,#1687,#1688,
    #1689,#1690,#1691,#1692,#1693,#1694,#1695,#1696,#1697,#1698,#1699,
    #1700,#1701,#1702,#1703,#1704,#1705,#1706,#1707,#1708,#1709,#1710,
    #1711,#1712,#1713,#1714,#1715,#1716,#1717,#1718,#1719,#1720,#1721,
    #1722,#1723,#1724,#1725,#1726,#1727,#1728,#1729,#1730,#1731,#1732,
    #1733),.UNSPECIFIED.,.T.,.F.,(8,6,6,6,6,6,6,6,8),(0.,0.142615242644,
    0.278843159025,0.448926270713,0.595155004614,0.689800930705,
    0.793916334458,0.894619201039,1.),.UNSPECIFIED.);
#1684 = CARTESIAN_POINT('',(-42.91768074511,55.931410490532,13.));
#1685 = CARTESIAN_POINT('',(-43.13690832081,55.763191255188,13.));
#1686 = CARTESIAN_POINT('',(-43.34917507969,55.598720487459,
    13.044541952182));
#1687 = CARTESIAN_POINT('',(-43.54801913371,55.443118543346,
    13.129100494698));
#1688 = CARTESIAN_POINT('',(-43.72831030197,55.300761755676,
    13.247603252881));
#1689 = CARTESIAN_POINT('',(-43.8863652609,55.175068127993,
    13.392519960472));
#1690 = CARTESIAN_POINT('',(-44.02021938272,55.068049752776,
    13.555022888453));
#1691 = CARTESIAN_POINT('',(-44.23487382023,54.895755944782,
    13.887661558371));
#1692 = CARTESIAN_POINT('',(-44.32049504589,54.826647781423,
    14.061334561652));
#1693 = CARTESIAN_POINT('',(-44.38778953828,54.772117095854,
    14.242569420885));
#1694 = CARTESIAN_POINT('',(-44.43761059363,54.731643853636,
    14.428812174554));
#1695 = CARTESIAN_POINT('',(-44.47060203789,54.704807896019,
    14.61814582928));
#1696 = CARTESIAN_POINT('',(-44.48711412188,54.691376624714,
    14.809017643659));
#1697 = CARTESIAN_POINT('',(-44.48711412188,54.691376624714,
    15.238445058154));
#1698 = CARTESIAN_POINT('',(-44.46137443313,54.712313742643,
    15.476737433399));
#1699 = CARTESIAN_POINT('',(-44.40995691364,54.754138262866,
    15.712121805796));
#1700 = CARTESIAN_POINT('',(-44.33194602424,54.817466089134,
    15.941554785724));
#1701 = CARTESIAN_POINT('',(-44.22584391992,54.903267882127,
    16.160758933121));
#1702 = CARTESIAN_POINT('',(-44.08971690398,55.012660349712,
    16.363749990842));
#1703 = CARTESIAN_POINT('',(-43.77793241134,55.260986127439,
    16.693439721144));
#1704 = CARTESIAN_POINT('',(-43.60487807756,55.398099231414,
    16.832788477256));
#1705 = CARTESIAN_POINT('',(-43.40608935985,55.554480947048,
    16.942516416335));
#1706 = CARTESIAN_POINT('',(-43.18848003428,55.72405081961,
    17.011184132481));
#1707 = CARTESIAN_POINT('',(-42.96168120699,55.898840007087,
    17.032593544497));
#1708 = CARTESIAN_POINT('',(-42.73630101101,56.070765564607,
    17.006143292597));
#1709 = CARTESIAN_POINT('',(-42.3833188712,56.337682926853,
    16.892521271571));
#1710 = CARTESIAN_POINT('',(-42.2480439847,56.439347557038,
    16.829665412957));
#1711 = CARTESIAN_POINT('',(-42.11806090658,56.536443791552,
    16.749193650132));
#1712 = CARTESIAN_POINT('',(-41.99515710472,56.627728520968,
    16.652049783746));
#1713 = CARTESIAN_POINT('',(-41.88101333706,56.71207450626,
    16.539512291592));
#1714 = CARTESIAN_POINT('',(-41.77715069895,56.788491605881,
    16.4131643333));
#1715 = CARTESIAN_POINT('',(-41.58331042439,56.930608163823,
    16.122692851254));
#1716 = CARTESIAN_POINT('',(-41.49574729923,56.994481034659,
    15.956030271164));
#1717 = CARTESIAN_POINT('',(-41.42387134379,57.046689958987,
    15.777308980845));
#1718 = CARTESIAN_POINT('',(-41.36902338883,57.086413324753,
    15.589281429851));
#1719 = CARTESIAN_POINT('',(-41.3321378347,57.113088615304,
    15.394947875604));
#1720 = CARTESIAN_POINT('',(-41.31370076072,57.126422340749,
    15.197462279617));
#1721 = CARTESIAN_POINT('',(-41.31370076072,57.126422340749,
    14.809009840215));
#1722 = CARTESIAN_POINT('',(-41.33094939967,57.113948158837,
    14.618140093173));
#1723 = CARTESIAN_POINT('',(-41.36540945015,57.089026752401,
    14.428810956471));
#1724 = CARTESIAN_POINT('',(-41.41739688871,57.051379519206,
    14.242570700072));
#1725 = CARTESIAN_POINT('',(-41.48748618513,57.000491918488,
    14.061335201923));
#1726 = CARTESIAN_POINT('',(-41.57640114753,56.935673791425,
    13.887660765371));
#1727 = CARTESIAN_POINT('',(-41.79833266818,56.772961765323,
    13.555094285765));
#1728 = CARTESIAN_POINT('',(-41.93635027546,56.671366028286,
    13.392551415399));
#1729 = CARTESIAN_POINT('',(-42.09871784163,56.551192666071,
    13.24757309269));
#1730 = CARTESIAN_POINT('',(-42.28295640215,56.413837483993,
    13.129040071708));
#1731 = CARTESIAN_POINT('',(-42.48476945361,56.262003785902,
    13.044499057147));
#1732 = CARTESIAN_POINT('',(-42.69855875747,56.099548705307,13.));
#1733 = CARTESIAN_POINT('',(-42.91768074511,55.931410490532,13.));
#1734 = ORIENTED_EDGE('',*,*,#1674,.T.);
#1735 = CYLINDRICAL_SURFACE('',#1736,2.);
#1736 = AXIS2_PLACEMENT_3D('',#1737,#1738,#1739);
#1737 = CARTESIAN_POINT('',(-42.3089193161,55.138057150241,15.));
#1738 = DIRECTION('',(-0.608761429009,0.793353340291,2.22044604925E-16)
  );
#1739 = DIRECTION('',(-1.351721909978E-16,1.761598290109E-16,-1.));
#1740 = ADVANCED_FACE('',(#1741),#1806,.F.);
#1741 = FACE_BOUND('',#1742,.F.);
#1742 = EDGE_LOOP('',(#1743,#1744,#1752,#1805));
#1743 = ORIENTED_EDGE('',*,*,#385,.F.);
#1744 = ORIENTED_EDGE('',*,*,#1745,.F.);
#1745 = EDGE_CURVE('',#1746,#386,#1748,.T.);
#1746 = VERTEX_POINT('',#1747);
#1747 = CARTESIAN_POINT('',(-55.93141049053,42.917680745115,13.));
#1748 = LINE('',#1749,#1750);
#1749 = CARTESIAN_POINT('',(-55.13805715024,42.308919316106,13.));
#1750 = VECTOR('',#1751,1.);
#1751 = DIRECTION('',(-0.793353340291,0.608761429009,2.22044604925E-16)
  );
#1752 = ORIENTED_EDGE('',*,*,#1753,.T.);
#1753 = EDGE_CURVE('',#1746,#1746,#1754,.T.);
#1754 = B_SPLINE_CURVE_WITH_KNOTS('',7,(#1755,#1756,#1757,#1758,#1759,
    #1760,#1761,#1762,#1763,#1764,#1765,#1766,#1767,#1768,#1769,#1770,
    #1771,#1772,#1773,#1774,#1775,#1776,#1777,#1778,#1779,#1780,#1781,
    #1782,#1783,#1784,#1785,#1786,#1787,#1788,#1789,#1790,#1791,#1792,
    #1793,#1794,#1795,#1796,#1797,#1798,#1799,#1800,#1801,#1802,#1803,
    #1804),.UNSPECIFIED.,.T.,.F.,(8,6,6,6,6,6,6,6,8),(0.,0.142615241499,
    0.278843156788,0.448926267111,0.595154999839,0.689800925207,
    0.793916328122,0.89461919607,1.),.UNSPECIFIED.);
#1755 = CARTESIAN_POINT('',(-55.93141049053,42.917680745115,13.));
#1756 = CARTESIAN_POINT('',(-56.09962972587,42.698453169415,13.));
#1757 = CARTESIAN_POINT('',(-56.26209550329,42.484647927354,
    13.044541952182));
#1758 = CARTESIAN_POINT('',(-56.41389136388,42.282883362729,
    13.129100494698));
#1759 = CARTESIAN_POINT('',(-56.5511946117,42.098714476962,
    13.247603252882));
#1760 = CARTESIAN_POINT('',(-56.67133207381,41.93639612224,
    13.392519960472));
#1761 = CARTESIAN_POINT('',(-56.77292683335,41.798380313738,
    13.555022888453));
#1762 = CARTESIAN_POINT('',(-56.93567417941,41.576400618343,
    13.887661558371));
#1763 = CARTESIAN_POINT('',(-57.0004914237,41.487486854682,
    14.061334561652));
#1764 = CARTESIAN_POINT('',(-57.0513793319,41.417397160903,
    14.242569420885));
#1765 = CARTESIAN_POINT('',(-57.08902753005,41.365408373,14.428812174554
    ));
#1766 = CARTESIAN_POINT('',(-57.11394916119,41.330948014364,
    14.61814582928));
#1767 = CARTESIAN_POINT('',(-57.12642234074,41.313700760721,
    14.809017643659));
#1768 = CARTESIAN_POINT('',(-57.12642234074,41.313700760721,
    15.238445058154));
#1769 = CARTESIAN_POINT('',(-57.10697863549,41.34058638532,15.4767374334
    ));
#1770 = CARTESIAN_POINT('',(-57.06813810788,41.39429360287,
    15.712121805794));
#1771 = CARTESIAN_POINT('',(-57.0091758226,41.475654289687,
    15.941554785724));
#1772 = CARTESIAN_POINT('',(-56.92889619794,41.585993702806,
    16.160758933121));
#1773 = CARTESIAN_POINT('',(-56.82572045159,41.726890976726,
    16.363749990842));
#1774 = CARTESIAN_POINT('',(-56.58883119858,42.047451023429,
    16.693439721144));
#1775 = CARTESIAN_POINT('',(-56.45716103087,42.224681869101,
    16.832788477256));
#1776 = CARTESIAN_POINT('',(-56.30562044077,42.427185313085,
    16.942516416335));
#1777 = CARTESIAN_POINT('',(-56.13931388565,42.647298670204,
    17.011184132481));
#1778 = CARTESIAN_POINT('',(-55.9654818116,42.874831916454,
    17.032593544497));
#1779 = CARTESIAN_POINT('',(-55.7922788682,43.099231939769,
    17.006143292597));
#1780 = CARTESIAN_POINT('',(-55.52040759991,43.448412813866,
    16.892521271554));
#1781 = CARTESIAN_POINT('',(-55.41605483598,43.58162502262,
    16.829665412959));
#1782 = CARTESIAN_POINT('',(-55.31563117853,43.709054879357,
    16.74919365018));
#1783 = CARTESIAN_POINT('',(-55.2205414486,43.829039001756,
    16.652049783733));
#1784 = CARTESIAN_POINT('',(-55.13211738289,43.940053548236,
    16.539512291518));
#1785 = CARTESIAN_POINT('',(-55.05157197916,44.040748427075,
    16.413164333359));
#1786 = CARTESIAN_POINT('',(-54.90111912358,44.228192035536,
    16.122692851254));
#1787 = CARTESIAN_POINT('',(-54.833071155,44.312551495516,
    15.956030271164));
#1788 = CARTESIAN_POINT('',(-54.77715697729,44.38158431004,
    15.777308980845));
#1789 = CARTESIAN_POINT('',(-54.73445908467,44.434149830269,
    15.589281429851));
#1790 = CARTESIAN_POINT('',(-54.70573444855,44.469462866234,
    15.394947875604));
#1791 = CARTESIAN_POINT('',(-54.69137662471,44.487114121885,
    15.197462279617));
#1792 = CARTESIAN_POINT('',(-54.69137662471,44.487114121885,
    14.809009836083));
#1793 = CARTESIAN_POINT('',(-54.70480897531,44.47060071037,
    14.618140103275));
#1794 = CARTESIAN_POINT('',(-54.73164468984,44.437609567402,
    14.428810949233));
#1795 = CARTESIAN_POINT('',(-54.77211688703,44.387789782652,
    14.242570696219));
#1796 = CARTESIAN_POINT('',(-54.82664725769,44.320495703411,
    14.06133521026));
#1797 = CARTESIAN_POINT('',(-54.89575635745,44.234873306095,
    13.88766076164));
#1798 = CARTESIAN_POINT('',(-55.06801277269,44.020265454825,
    13.555094283959));
#1799 = CARTESIAN_POINT('',(-55.17503262949,43.886409926849,
    13.392551420392));
#1800 = CARTESIAN_POINT('',(-55.3007645023,43.728307551746,
    13.247573086922));
#1801 = CARTESIAN_POINT('',(-55.44317515253,43.547948180886,
    13.129040074819));
#1802 = CARTESIAN_POINT('',(-55.59881413016,43.349055039988,
    13.044499056509));
#1803 = CARTESIAN_POINT('',(-55.76327227761,43.136802730334,13.));
#1804 = CARTESIAN_POINT('',(-55.93141049053,42.917680745115,13.));
#1805 = ORIENTED_EDGE('',*,*,#1745,.T.);
#1806 = CYLINDRICAL_SURFACE('',#1807,2.);
#1807 = AXIS2_PLACEMENT_3D('',#1808,#1809,#1810);
#1808 = CARTESIAN_POINT('',(-55.13805715024,42.308919316106,15.));
#1809 = DIRECTION('',(-0.793353340291,0.608761429009,2.22044604925E-16)
  );
#1810 = DIRECTION('',(-1.761598290109E-16,1.351721909978E-16,-1.));
#1811 = ADVANCED_FACE('',(#1812),#1877,.F.);
#1812 = FACE_BOUND('',#1813,.F.);
#1813 = EDGE_LOOP('',(#1814,#1815,#1823,#1876));
#1814 = ORIENTED_EDGE('',*,*,#442,.F.);
#1815 = ORIENTED_EDGE('',*,*,#1816,.F.);
#1816 = EDGE_CURVE('',#1817,#443,#1819,.T.);
#1817 = VERTEX_POINT('',#1818);
#1818 = CARTESIAN_POINT('',(-65.13350704204,26.979181981739,13.));
#1819 = LINE('',#1820,#1821);
#1820 = CARTESIAN_POINT('',(-64.20962750953,26.596498549374,13.));
#1821 = VECTOR('',#1822,1.);
#1822 = DIRECTION('',(-0.923879532511,0.382683432365,2.22044604925E-16)
  );
#1823 = ORIENTED_EDGE('',*,*,#1824,.T.);
#1824 = EDGE_CURVE('',#1817,#1817,#1825,.T.);
#1825 = B_SPLINE_CURVE_WITH_KNOTS('',7,(#1826,#1827,#1828,#1829,#1830,
    #1831,#1832,#1833,#1834,#1835,#1836,#1837,#1838,#1839,#1840,#1841,
    #1842,#1843,#1844,#1845,#1846,#1847,#1848,#1849,#1850,#1851,#1852,
    #1853,#1854,#1855,#1856,#1857,#1858,#1859,#1860,#1861,#1862,#1863,
    #1864,#1865,#1866,#1867,#1868,#1869,#1870,#1871,#1872,#1873,#1874,
    #1875),.UNSPECIFIED.,.T.,.F.,(8,6,6,6,6,6,6,6,8),(0.,0.142615242487,
    0.278843158718,0.448926270218,0.595155003958,0.689800929975,
    0.79391633358,0.894619200049,1.),.UNSPECIFIED.);
#1826 = CARTESIAN_POINT('',(-65.13350704204,26.979181981739,13.));
#1827 = CARTESIAN_POINT('',(-65.23925407414,26.723886062676,13.));
#1828 = CARTESIAN_POINT('',(-65.34084709584,26.4753168202,
    13.044541952182));
#1829 = CARTESIAN_POINT('',(-65.43525012596,26.241139556711,
    13.129100494698));
#1830 = CARTESIAN_POINT('',(-65.52020846391,26.027709378058,
    13.247603252881));
#1831 = CARTESIAN_POINT('',(-65.5942412597,25.839828023927,
    13.392519960472));
#1832 = CARTESIAN_POINT('',(-65.65665314199,25.680220331407,
    13.555022888453));
#1833 = CARTESIAN_POINT('',(-65.75640243391,25.423682298016,
    13.887661558371));
#1834 = CARTESIAN_POINT('',(-65.79599850875,25.321022260108,
    14.061334561652));
#1835 = CARTESIAN_POINT('',(-65.82701190591,25.240150054922,
    14.242569420885));
#1836 = CARTESIAN_POINT('',(-65.84992158438,25.180188671314,
    14.428812174554));
#1837 = CARTESIAN_POINT('',(-65.86507503441,25.140452328151,
    14.61814582928));
#1838 = CARTESIAN_POINT('',(-65.87265928296,25.120564464002,
    14.809017643659));
#1839 = CARTESIAN_POINT('',(-65.87265928296,25.120564464002,
    15.238445058154));
#1840 = CARTESIAN_POINT('',(-65.86083661758,25.151566384386,
    15.4767374334));
#1841 = CARTESIAN_POINT('',(-65.83721999962,25.213496241144,
    15.712121805794));
#1842 = CARTESIAN_POINT('',(-65.80132450076,25.307345192158,
    15.941554785725));
#1843 = CARTESIAN_POINT('',(-65.75233827952,25.434702776742,
    16.160758933121));
#1844 = CARTESIAN_POINT('',(-65.68914505937,25.597502940623,
    16.363749990842));
#1845 = CARTESIAN_POINT('',(-65.5432946571,25.96845161887,
    16.693439721143));
#1846 = CARTESIAN_POINT('',(-65.4619817598,26.173722216994,
    16.832788477256));
#1847 = CARTESIAN_POINT('',(-65.36801653809,26.408547114276,
    16.942516416335));
#1848 = CARTESIAN_POINT('',(-65.26434627032,26.664203594417,
    17.011184132481));
#1849 = CARTESIAN_POINT('',(-65.15532731808,26.928974884725,
    17.032593544497));
#1850 = CARTESIAN_POINT('',(-65.04610512162,27.190556883084,
    17.006143292597));
#1851 = CARTESIAN_POINT('',(-64.87387230256,27.59820516946,
    16.892521271557));
#1852 = CARTESIAN_POINT('',(-64.80755312949,27.753886765007,
    16.829665412959));
#1853 = CARTESIAN_POINT('',(-64.74353259903,27.902966109793,
    16.749193650172));
#1854 = CARTESIAN_POINT('',(-64.68273714907,28.043472905446,
    16.652049783735));
#1855 = CARTESIAN_POINT('',(-64.62605873924,28.173590555239,
    16.539512291531));
#1856 = CARTESIAN_POINT('',(-64.57431960598,28.291701023779,
    16.413164333349));
#1857 = CARTESIAN_POINT('',(-64.4775072829,28.511697710536,
    16.122692851301));
#1858 = CARTESIAN_POINT('',(-64.43361182746,28.610794801954,
    15.956030271124));
#1859 = CARTESIAN_POINT('',(-64.39746988631,28.6919470344,
    15.777308980793));
#1860 = CARTESIAN_POINT('',(-64.36983184687,28.753772455729,
    15.589281429886));
#1861 = CARTESIAN_POINT('',(-64.35122566522,28.795316712103,
    15.394947875674));
#1862 = CARTESIAN_POINT('',(-64.3419255535,28.816082594047,
    15.197462279554));
#1863 = CARTESIAN_POINT('',(-64.3419255535,28.816082594047,
    14.809009840215));
#1864 = CARTESIAN_POINT('',(-64.35062622206,28.796655316145,
    14.618140093172));
#1865 = CARTESIAN_POINT('',(-64.36800879798,28.757842719832,
    14.428810956472));
#1866 = CARTESIAN_POINT('',(-64.39420762385,28.699245540223,
    14.242570700071));
#1867 = CARTESIAN_POINT('',(-64.42946293473,28.620130937051,
    14.061335201924));
#1868 = CARTESIAN_POINT('',(-64.47405648741,28.51953931119,
    13.887660765371));
#1869 = CARTESIAN_POINT('',(-64.58489880973,28.267660801406,
    13.555094283977));
#1870 = CARTESIAN_POINT('',(-64.65362769341,28.11066751279,
    13.392551420388));
#1871 = CARTESIAN_POINT('',(-64.7341554508,27.925410542203,
    13.247573086909));
#1872 = CARTESIAN_POINT('',(-64.82503313565,27.714338179369,
    13.129040074816));
#1873 = CARTESIAN_POINT('',(-64.92389151091,27.481939826351,
    13.044499056515));
#1874 = CARTESIAN_POINT('',(-65.02781094276,27.234354938102,13.));
#1875 = CARTESIAN_POINT('',(-65.13350704204,26.979181981739,13.));
#1876 = ORIENTED_EDGE('',*,*,#1816,.T.);
#1877 = CYLINDRICAL_SURFACE('',#1878,2.);
#1878 = AXIS2_PLACEMENT_3D('',#1879,#1880,#1881);
#1879 = CARTESIAN_POINT('',(-64.20962750953,26.596498549374,15.));
#1880 = DIRECTION('',(-0.923879532511,0.382683432365,2.22044604925E-16)
  );
#1881 = DIRECTION('',(-2.051424657948E-16,8.497279155086E-17,-1.));
#1882 = ADVANCED_FACE('',(#1883),#1948,.F.);
#1883 = FACE_BOUND('',#1884,.F.);
#1884 = EDGE_LOOP('',(#1885,#1886,#1894,#1947));
#1885 = ORIENTED_EDGE('',*,*,#499,.F.);
#1886 = ORIENTED_EDGE('',*,*,#1887,.F.);
#1887 = EDGE_CURVE('',#1888,#500,#1890,.T.);
#1888 = VERTEX_POINT('',#1889);
#1889 = CARTESIAN_POINT('',(-69.89686272685,9.202096551514,13.));
#1890 = LINE('',#1891,#1892);
#1891 = CARTESIAN_POINT('',(-68.90541786548,9.071570359294,13.));
#1892 = VECTOR('',#1893,1.);
#1893 = DIRECTION('',(-0.991444861374,0.13052619222,2.22044604925E-16));
#1894 = ORIENTED_EDGE('',*,*,#1895,.T.);
#1895 = EDGE_CURVE('',#1888,#1888,#1896,.T.);
#1896 = B_SPLINE_CURVE_WITH_KNOTS('',7,(#1897,#1898,#1899,#1900,#1901,
    #1902,#1903,#1904,#1905,#1906,#1907,#1908,#1909,#1910,#1911,#1912,
    #1913,#1914,#1915,#1916,#1917,#1918,#1919,#1920,#1921,#1922,#1923,
    #1924,#1925,#1926,#1927,#1928,#1929,#1930,#1931,#1932,#1933,#1934,
    #1935,#1936,#1937,#1938,#1939,#1940,#1941,#1942,#1943,#1944,#1945,
    #1946),.UNSPECIFIED.,.T.,.F.,(8,6,6,6,6,6,6,6,8),(0.,0.142615242539,
    0.278843158821,0.448926270384,0.59515500468,0.689800930791,
    0.793916334515,0.894619201068,1.),.UNSPECIFIED.);
#1897 = CARTESIAN_POINT('',(-69.89686272685,9.202096551514,13.));
#1898 = CARTESIAN_POINT('',(-69.93293107021,8.928130284075,13.));
#1899 = CARTESIAN_POINT('',(-69.96672793967,8.66173662428,
    13.044541952182));
#1900 = CARTESIAN_POINT('',(-69.99730472882,8.411105455436,
    13.129100494698));
#1901 = CARTESIAN_POINT('',(-70.02412838657,8.182958897863,
    13.247603252881));
#1902 = CARTESIAN_POINT('',(-70.04701130334,7.982318348119,
    13.392519960472));
#1903 = CARTESIAN_POINT('',(-70.06598704175,7.811995772062,
    13.555022888453));
#1904 = CARTESIAN_POINT('',(-70.09594053013,7.538382043699,
    13.887661558371));
#1905 = CARTESIAN_POINT('',(-70.10761702846,7.428971843474,
    14.061334561652));
#1906 = CARTESIAN_POINT('',(-70.11664240282,7.342828434019,
    14.242569420885));
#1907 = CARTESIAN_POINT('',(-70.12325230487,7.278980723907,
    14.428812174554));
#1908 = CARTESIAN_POINT('',(-70.12760489122,7.236676362336,
    14.61814582928));
#1909 = CARTESIAN_POINT('',(-70.12978335476,7.215503212758,
    14.809017643659));
#1910 = CARTESIAN_POINT('',(-70.12978335476,7.215503212758,
    15.238445058155));
#1911 = CARTESIAN_POINT('',(-70.12638742437,7.248508699285,
    15.476737433399));
#1912 = CARTESIAN_POINT('',(-70.11960414954,7.314440777856,
    15.712121805795));
#1913 = CARTESIAN_POINT('',(-70.10922165603,7.414382342149,
    15.941554785724));
#1914 = CARTESIAN_POINT('',(-70.09486716822,7.550078889278,
    16.16075893312));
#1915 = CARTESIAN_POINT('',(-70.07596298779,7.72368738099,
    16.363749990842));
#1916 = CARTESIAN_POINT('',(-70.03109090008,8.119745152008,
    16.693439721666));
#1917 = CARTESIAN_POINT('',(-70.00567661289,8.339066649337,
    16.832788476471));
#1918 = CARTESIAN_POINT('',(-69.97569033419,8.590210071058,
    16.942516416483));
#1919 = CARTESIAN_POINT('',(-69.94172131103,8.863987109079,
    17.011184132945));
#1920 = CARTESIAN_POINT('',(-69.90494494199,9.147952717574,
    17.032593544034));
#1921 = CARTESIAN_POINT('',(-69.86714680488,9.428890308554,17.0061432928
    ));
#1922 = CARTESIAN_POINT('',(-69.80628981692,9.867225450977,
    16.892521271551));
#1923 = CARTESIAN_POINT('',(-69.78252377678,10.03476698979,
    16.82966541296));
#1924 = CARTESIAN_POINT('',(-69.75926926665,10.195336311659,
    16.749193650188));
#1925 = CARTESIAN_POINT('',(-69.7369112061,10.346790474685,
    16.65204978373));
#1926 = CARTESIAN_POINT('',(-69.71584099212,10.487143924982,
    16.539512291506));
#1927 = CARTESIAN_POINT('',(-69.69643406576,10.614620949935,
    16.413164333369));
#1928 = CARTESIAN_POINT('',(-69.65985987498,10.852178304438,
    16.122692851254));
#1929 = CARTESIAN_POINT('',(-69.6431083355,10.959259724123,
    15.956030271164));
#1930 = CARTESIAN_POINT('',(-69.62920164444,11.047000984049,
    15.777308980845));
#1931 = CARTESIAN_POINT('',(-69.61850694486,11.11387300624,
    15.589281429851));
#1932 = CARTESIAN_POINT('',(-69.61128719824,11.158817310532,
    15.394947875604));
#1933 = CARTESIAN_POINT('',(-69.60767858588,11.181282658253,
    15.197462279617));
#1934 = CARTESIAN_POINT('',(-69.60767858588,11.181282658253,
    14.809009840215));
#1935 = CARTESIAN_POINT('',(-69.61105463683,11.160265450065,
    14.618140093173));
#1936 = CARTESIAN_POINT('',(-69.61779947672,11.1182764192,
    14.428810956471));
#1937 = CARTESIAN_POINT('',(-69.62793953318,11.054895134975,
    14.242570700072));
#1938 = CARTESIAN_POINT('',(-69.64151718242,10.969351550637,
    14.061335201923));
#1939 = CARTESIAN_POINT('',(-69.65855621809,10.860645840587,
    13.887660765371));
#1940 = CARTESIAN_POINT('',(-69.70043072426,10.588661780339,
    13.555094285763));
#1941 = CARTESIAN_POINT('',(-69.7261848757,10.419229559707,13.3925514154
    ));
#1942 = CARTESIAN_POINT('',(-69.75602068344,10.219442953291,
    13.247573092691));
#1943 = CARTESIAN_POINT('',(-69.78917223826,9.992041837108,
    13.129040071708));
#1944 = CARTESIAN_POINT('',(-69.82451297794,9.74197582236,
    13.044499057146));
#1945 = CARTESIAN_POINT('',(-69.86081175533,9.475930866723,13.));
#1946 = CARTESIAN_POINT('',(-69.89686272685,9.202096551514,13.));
#1947 = ORIENTED_EDGE('',*,*,#1887,.T.);
#1948 = CYLINDRICAL_SURFACE('',#1949,2.);
#1949 = AXIS2_PLACEMENT_3D('',#1950,#1951,#1952);
#1950 = CARTESIAN_POINT('',(-68.90541786548,9.071570359294,15.));
#1951 = DIRECTION('',(-0.991444861374,0.13052619222,2.22044604925E-16));
#1952 = DIRECTION('',(-2.201449825487E-16,2.898263678387E-17,-1.));
#1953 = ADVANCED_FACE('',(#1954),#2019,.F.);
#1954 = FACE_BOUND('',#1955,.F.);
#1955 = EDGE_LOOP('',(#1956,#1957,#1965,#2018));
#1956 = ORIENTED_EDGE('',*,*,#556,.F.);
#1957 = ORIENTED_EDGE('',*,*,#1958,.F.);
#1958 = EDGE_CURVE('',#1959,#557,#1961,.T.);
#1959 = VERTEX_POINT('',#1960);
#1960 = CARTESIAN_POINT('',(-69.89686272685,-9.202096551514,13.));
#1961 = LINE('',#1962,#1963);
#1962 = CARTESIAN_POINT('',(-68.90541786548,-9.071570359294,13.));
#1963 = VECTOR('',#1964,1.);
#1964 = DIRECTION('',(-0.991444861374,-0.13052619222,2.22044604925E-16)
  );
#1965 = ORIENTED_EDGE('',*,*,#1966,.T.);
#1966 = EDGE_CURVE('',#1959,#1959,#1967,.T.);
#1967 = B_SPLINE_CURVE_WITH_KNOTS('',7,(#1968,#1969,#1970,#1971,#1972,
    #1973,#1974,#1975,#1976,#1977,#1978,#1979,#1980,#1981,#1982,#1983,
    #1984,#1985,#1986,#1987,#1988,#1989,#1990,#1991,#1992,#1993,#1994,
    #1995,#1996,#1997,#1998,#1999,#2000,#2001,#2002,#2003,#2004,#2005,
    #2006,#2007,#2008,#2009,#2010,#2011,#2012,#2013,#2014,#2015,#2016,
    #2017),.UNSPECIFIED.,.T.,.F.,(8,6,6,6,6,6,6,6,8),(0.,0.142615241403,
    0.278843156601,0.448926266809,0.59515499994,0.689800925285,
    0.793916328166,0.894619196097,1.),.UNSPECIFIED.);
#1968 = CARTESIAN_POINT('',(-69.89686272685,-9.202096551514,13.));
#1969 = CARTESIAN_POINT('',(-69.86079438349,-9.476062818952,13.));
#1970 = CARTESIAN_POINT('',(-69.82449189989,-9.742126608389,
    13.044541952182));
#1971 = CARTESIAN_POINT('',(-69.78915869042,-9.992131582617,
    13.129100494698));
#1972 = CARTESIAN_POINT('',(-69.75601968003,-10.21944670824,
    13.247603252881));
#1973 = CARTESIAN_POINT('',(-69.72619328483,-10.4191731317,
    13.392519960472));
#1974 = CARTESIAN_POINT('',(-69.70043971413,-10.58860338921,
    13.555022888453));
#1975 = CARTESIAN_POINT('',(-69.65855611824,-10.86064648912,
    13.887661558371));
#1976 = CARTESIAN_POINT('',(-69.641517306,-10.96935072733,
    14.061334561651));
#1977 = CARTESIAN_POINT('',(-69.6279395932,-11.05489481006,
    14.242569420885));
#1978 = CARTESIAN_POINT('',(-69.61779926494,-11.11827773075,
    14.428812174554));
#1979 = CARTESIAN_POINT('',(-69.61105436604,-11.16026713839,
    14.618145829281));
#1980 = CARTESIAN_POINT('',(-69.60767858588,-11.18128265825,
    14.809017643659));
#1981 = CARTESIAN_POINT('',(-69.60767858588,-11.18128265825,
    15.238445058154));
#1982 = CARTESIAN_POINT('',(-69.61294081752,-11.14852287494,
    15.4767374334));
#1983 = CARTESIAN_POINT('',(-69.62345315479,-11.08308173675,
    15.712121805794));
#1984 = CARTESIAN_POINT('',(-69.6392912164,-10.98385841163,
    15.941554785724));
#1985 = CARTESIAN_POINT('',(-69.66054669666,-10.84907039739,
    16.160758933121));
#1986 = CARTESIAN_POINT('',(-69.6872198446,-10.67648470966,
    16.363749990842));
#1987 = CARTESIAN_POINT('',(-69.7463840303,-10.28230852903,
    16.693439721667));
#1988 = CARTESIAN_POINT('',(-69.77860029446,-10.06388252896,
    16.83278847647));
#1989 = CARTESIAN_POINT('',(-69.81463647402,-9.813535591805,
    16.942516416482));
#1990 = CARTESIAN_POINT('',(-69.8526836288,-9.540295449993,
    17.011184132947));
#1991 = CARTESIAN_POINT('',(-69.89065609179,-9.256487310255,
    17.032593544033));
#1992 = CARTESIAN_POINT('',(-69.926857894,-8.975339557799,
    17.006143292801));
#1993 = CARTESIAN_POINT('',(-69.98152404061,-8.536189375673,
    16.892521271557));
#1994 = CARTESIAN_POINT('',(-70.00193074975,-8.368205572497,
    16.829665412959));
#1995 = CARTESIAN_POINT('',(-70.0210270164,-8.207088807498,
    16.749193650172));
#1996 = CARTESIAN_POINT('',(-70.03863001013,-8.05500862808,
    16.652049783735));
#1997 = CARTESIAN_POINT('',(-70.05460389227,-7.913984232965,
    16.539512291531));
#1998 = CARTESIAN_POINT('',(-70.06885172276,-7.785828000124,
    16.413164333349));
#1999 = CARTESIAN_POINT('',(-70.09500813496,-7.546899119087,
    16.122692851276));
#2000 = CARTESIAN_POINT('',(-70.10654210114,-7.439130792804,
    15.956030271145));
#2001 = CARTESIAN_POINT('',(-70.11581837819,-7.350779927331,
    15.777308980821));
#2002 = CARTESIAN_POINT('',(-70.12279584459,-7.283418522122,
    15.589281429867));
#2003 = CARTESIAN_POINT('',(-70.12745454679,-7.238137049918,
    15.394947875636));
#2004 = CARTESIAN_POINT('',(-70.12978335476,-7.215503212758,
    15.197462279588));
#2005 = CARTESIAN_POINT('',(-70.12978335476,-7.215503212758,
    14.809009836083));
#2006 = CARTESIAN_POINT('',(-70.1276047157,-7.23667806422,
    14.618140103275));
#2007 = CARTESIAN_POINT('',(-70.1232521705,-7.278982040849,
    14.428810949232));
#2008 = CARTESIAN_POINT('',(-70.11664242795,-7.342828113566,
    14.24257069622));
#2009 = CARTESIAN_POINT('',(-70.10761712306,-7.428971008205,
    14.061335210259));
#2010 = CARTESIAN_POINT('',(-70.09594045839,-7.538382699055,
    13.88766076164));
#2011 = CARTESIAN_POINT('',(-70.06599347078,-7.811937045293,
    13.555094283973));
#2012 = CARTESIAN_POINT('',(-70.04701778571,-7.982261663293,
    13.392551420389));
#2013 = CARTESIAN_POINT('',(-70.02412838402,-8.182962784742,
    13.247573086911));
#2014 = CARTESIAN_POINT('',(-69.99729458633,-8.411195655418,
    13.129040074817));
#2015 = CARTESIAN_POINT('',(-69.96670927417,-8.661887720565,
    13.044499056514));
#2016 = CARTESIAN_POINT('',(-69.93291369798,-8.92826223931,13.));
#2017 = CARTESIAN_POINT('',(-69.89686272685,-9.202096551514,13.));
#2018 = ORIENTED_EDGE('',*,*,#1958,.T.);
#2019 = CYLINDRICAL_SURFACE('',#2020,2.);
#2020 = AXIS2_PLACEMENT_3D('',#2021,#2022,#2023);
#2021 = CARTESIAN_POINT('',(-68.90541786548,-9.071570359294,15.));
#2022 = DIRECTION('',(-0.991444861374,-0.13052619222,2.22044604925E-16)
  );
#2023 = DIRECTION('',(-2.201449825487E-16,-2.898263678387E-17,-1.));
#2024 = ADVANCED_FACE('',(#2025),#2090,.F.);
#2025 = FACE_BOUND('',#2026,.F.);
#2026 = EDGE_LOOP('',(#2027,#2028,#2036,#2089));
#2027 = ORIENTED_EDGE('',*,*,#613,.F.);
#2028 = ORIENTED_EDGE('',*,*,#2029,.F.);
#2029 = EDGE_CURVE('',#2030,#614,#2032,.T.);
#2030 = VERTEX_POINT('',#2031);
#2031 = CARTESIAN_POINT('',(-65.13350704204,-26.97918198173,13.));
#2032 = LINE('',#2033,#2034);
#2033 = CARTESIAN_POINT('',(-64.20962750953,-26.59649854937,13.));
#2034 = VECTOR('',#2035,1.);
#2035 = DIRECTION('',(-0.923879532511,-0.382683432365,2.22044604925E-16)
  );
#2036 = ORIENTED_EDGE('',*,*,#2037,.T.);
#2037 = EDGE_CURVE('',#2030,#2030,#2038,.T.);
#2038 = B_SPLINE_CURVE_WITH_KNOTS('',7,(#2039,#2040,#2041,#2042,#2043,
    #2044,#2045,#2046,#2047,#2048,#2049,#2050,#2051,#2052,#2053,#2054,
    #2055,#2056,#2057,#2058,#2059,#2060,#2061,#2062,#2063,#2064,#2065,
    #2066,#2067,#2068,#2069,#2070,#2071,#2072,#2073,#2074,#2075,#2076,
    #2077,#2078,#2079,#2080,#2081,#2082,#2083,#2084,#2085,#2086,#2087,
    #2088),.UNSPECIFIED.,.T.,.F.,(8,6,6,6,6,6,6,6,8),(0.,0.142615243841,
    0.278843159747,0.448926270842,0.595155004735,0.689800930542,
    0.793916333954,0.894619200235,1.),.UNSPECIFIED.);
#2039 = CARTESIAN_POINT('',(-65.13350704204,-26.97918198173,13.));
#2040 = CARTESIAN_POINT('',(-65.02776001122,-27.23447789772,13.));
#2041 = CARTESIAN_POINT('',(-64.92383212445,-27.48208001987,
    13.04454195149));
#2042 = CARTESIAN_POINT('',(-64.82499682187,-27.71442135975,
    13.129100498193));
#2043 = CARTESIAN_POINT('',(-64.73415350977,-27.92541390945,
    13.247603246349));
#2044 = CARTESIAN_POINT('',(-64.65365042047,-28.11061518435,
    13.392519966113));
#2045 = CARTESIAN_POINT('',(-64.58492260609,-28.26760672648,
    13.555022886431));
#2046 = CARTESIAN_POINT('',(-64.4740562231,-28.51953991179,
    13.887661558371));
#2047 = CARTESIAN_POINT('',(-64.42946326718,-28.62013017378,
    14.061334561652));
#2048 = CARTESIAN_POINT('',(-64.39420776592,-28.69924524192,
    14.242569420885));
#2049 = CARTESIAN_POINT('',(-64.36800825396,-28.75784393187,
    14.428812174554));
#2050 = CARTESIAN_POINT('',(-64.35062552353,-28.79665687686,
    14.61814582928));
#2051 = CARTESIAN_POINT('',(-64.3419255535,-28.81608259404,
    14.809017643659));
#2052 = CARTESIAN_POINT('',(-64.3419255535,-28.81608259404,
    15.238445058154));
#2053 = CARTESIAN_POINT('',(-64.35548733477,-28.78580103905,
    15.476737433399));
#2054 = CARTESIAN_POINT('',(-64.38257888573,-28.72531054667,
    15.712121805794));
#2055 = CARTESIAN_POINT('',(-64.42355816475,-28.63356736634,
    15.941554785725));
#2056 = CARTESIAN_POINT('',(-64.47897508722,-28.50887346542,
    16.160758933121));
#2057 = CARTESIAN_POINT('',(-64.54940783258,-28.34907201107,
    16.363749990842));
#2058 = CARTESIAN_POINT('',(-64.70857635021,-27.98363987614,
    16.693439721667));
#2059 = CARTESIAN_POINT('',(-64.79622768055,-27.78099474427,
    16.832788476469));
#2060 = CARTESIAN_POINT('',(-64.89583051229,-27.54850502171,
    16.942516416484));
#2061 = CARTESIAN_POINT('',(-65.0033009943,-27.29442264023,
    17.011184132945));
#2062 = CARTESIAN_POINT('',(-65.11343452871,-27.03011302496,
    17.032593544034));
#2063 = CARTESIAN_POINT('',(-65.22116917724,-26.76791486573,
    17.006143292801));
#2064 = CARTESIAN_POINT('',(-65.38763305085,-26.35787700312,
    16.892521271571));
#2065 = CARTESIAN_POINT('',(-65.45082182581,-26.2008987541,
    16.829665412957));
#2066 = CARTESIAN_POINT('',(-65.51096749021,-26.05021438726,
    16.749193650132));
#2067 = CARTESIAN_POINT('',(-65.56733192326,-25.90787220439,
    16.652049783746));
#2068 = CARTESIAN_POINT('',(-65.61926130785,-25.77578744393,
    16.539512291592));
#2069 = CARTESIAN_POINT('',(-65.66619292912,-25.65568563864,
    16.4131643333));
#2070 = CARTESIAN_POINT('',(-65.75329742801,-25.43166783948,
    16.122692851298));
#2071 = CARTESIAN_POINT('',(-65.79233087914,-25.33055683994,
    15.956030271126));
#2072 = CARTESIAN_POINT('',(-65.82415796134,-25.2476173344,
    15.777308980796));
#2073 = CARTESIAN_POINT('',(-65.8483320909,-25.18435711461,
    15.589281429885));
#2074 = CARTESIAN_POINT('',(-65.86455175908,-25.141824332,15.39494787567
    ));
#2075 = CARTESIAN_POINT('',(-65.87265928296,-25.120564464,
    15.197462279557));
#2076 = CARTESIAN_POINT('',(-65.87265928296,-25.120564464,
    14.809009840215));
#2077 = CARTESIAN_POINT('',(-65.86507442475,-25.14045392568,
    14.618140093173));
#2078 = CARTESIAN_POINT('',(-65.84992111201,-25.18018991303,
    14.428810956472));
#2079 = CARTESIAN_POINT('',(-65.82701201638,-25.24014974353,
    14.242570700071));
#2080 = CARTESIAN_POINT('',(-65.79599881339,-25.32102148531,
    14.061335201923));
#2081 = CARTESIAN_POINT('',(-65.75640219611,-25.42368290959,
    13.887660765371));
#2082 = CARTESIAN_POINT('',(-65.65667455156,-25.68016526967,
    13.55509428396));
#2083 = CARTESIAN_POINT('',(-65.59426219229,-25.83977494835,
    13.392551420392));
#2084 = CARTESIAN_POINT('',(-65.52020745546,-26.02771313182,
    13.247573086921));
#2085 = CARTESIAN_POINT('',(-65.4352169836,-26.24122405812,
    13.129040074819));
#2086 = CARTESIAN_POINT('',(-65.34078995976,-26.47545793701,
    13.044499056509));
#2087 = CARTESIAN_POINT('',(-65.23920314131,-26.72400902539,13.));
#2088 = CARTESIAN_POINT('',(-65.13350704204,-26.97918198173,13.));
#2089 = ORIENTED_EDGE('',*,*,#2029,.T.);
#2090 = CYLINDRICAL_SURFACE('',#2091,2.);
#2091 = AXIS2_PLACEMENT_3D('',#2092,#2093,#2094);
#2092 = CARTESIAN_POINT('',(-64.20962750953,-26.59649854937,15.));
#2093 = DIRECTION('',(-0.923879532511,-0.382683432365,2.22044604925E-16)
  );
#2094 = DIRECTION('',(-2.051424657948E-16,-8.497279155086E-17,-1.));
#2095 = ADVANCED_FACE('',(#2096),#2161,.F.);
#2096 = FACE_BOUND('',#2097,.F.);
#2097 = EDGE_LOOP('',(#2098,#2099,#2107,#2160));
#2098 = ORIENTED_EDGE('',*,*,#670,.F.);
#2099 = ORIENTED_EDGE('',*,*,#2100,.F.);
#2100 = EDGE_CURVE('',#2101,#671,#2103,.T.);
#2101 = VERTEX_POINT('',#2102);
#2102 = CARTESIAN_POINT('',(-55.93141049053,-42.91768074511,13.));
#2103 = LINE('',#2104,#2105);
#2104 = CARTESIAN_POINT('',(-55.13805715024,-42.3089193161,13.));
#2105 = VECTOR('',#2106,1.);
#2106 = DIRECTION('',(-0.793353340291,-0.608761429009,2.22044604925E-16)
  );
#2107 = ORIENTED_EDGE('',*,*,#2108,.T.);
#2108 = EDGE_CURVE('',#2101,#2101,#2109,.T.);
#2109 = B_SPLINE_CURVE_WITH_KNOTS('',7,(#2110,#2111,#2112,#2113,#2114,
    #2115,#2116,#2117,#2118,#2119,#2120,#2121,#2122,#2123,#2124,#2125,
    #2126,#2127,#2128,#2129,#2130,#2131,#2132,#2133,#2134,#2135,#2136,
    #2137,#2138,#2139,#2140,#2141,#2142,#2143,#2144,#2145,#2146,#2147,
    #2148,#2149,#2150,#2151,#2152,#2153,#2154,#2155,#2156,#2157,#2158,
    #2159),.UNSPECIFIED.,.T.,.F.,(8,6,6,6,6,6,6,6,8),(0.,0.142615241659,
    0.2788431571,0.448926267613,0.595155000504,0.689800925972,
    0.79391632899,0.894619197052,1.),.UNSPECIFIED.);
#2110 = CARTESIAN_POINT('',(-55.93141049053,-42.91768074511,13.));
#2111 = CARTESIAN_POINT('',(-55.76319125518,-43.13690832081,13.));
#2112 = CARTESIAN_POINT('',(-55.59872048745,-43.34917507969,
    13.044541952182));
#2113 = CARTESIAN_POINT('',(-55.44311854334,-43.54801913371,
    13.129100494698));
#2114 = CARTESIAN_POINT('',(-55.30076175567,-43.72831030197,
    13.247603252882));
#2115 = CARTESIAN_POINT('',(-55.17506812799,-43.8863652609,
    13.392519960472));
#2116 = CARTESIAN_POINT('',(-55.06804975277,-44.02021938272,
    13.555022888453));
#2117 = CARTESIAN_POINT('',(-54.89575594478,-44.23487382023,
    13.887661558371));
#2118 = CARTESIAN_POINT('',(-54.82664778142,-44.32049504589,
    14.061334561652));
#2119 = CARTESIAN_POINT('',(-54.77211709585,-44.38778953828,
    14.242569420885));
#2120 = CARTESIAN_POINT('',(-54.73164385363,-44.43761059363,
    14.428812174554));
#2121 = CARTESIAN_POINT('',(-54.70480789601,-44.47060203789,
    14.61814582928));
#2122 = CARTESIAN_POINT('',(-54.69137662471,-44.48711412188,
    14.809017643659));
#2123 = CARTESIAN_POINT('',(-54.69137662471,-44.48711412188,
    15.238445058154));
#2124 = CARTESIAN_POINT('',(-54.71231374264,-44.46137443313,
    15.476737433399));
#2125 = CARTESIAN_POINT('',(-54.75413826286,-44.40995691364,
    15.712121805795));
#2126 = CARTESIAN_POINT('',(-54.81746608913,-44.33194602424,
    15.941554785724));
#2127 = CARTESIAN_POINT('',(-54.90326788212,-44.22584391992,
    16.160758933121));
#2128 = CARTESIAN_POINT('',(-55.01266034971,-44.08971690398,
    16.363749990842));
#2129 = CARTESIAN_POINT('',(-55.26098612743,-43.77793241134,
    16.693439721144));
#2130 = CARTESIAN_POINT('',(-55.39809923141,-43.60487807756,
    16.832788477256));
#2131 = CARTESIAN_POINT('',(-55.55448094704,-43.40608935985,
    16.942516416336));
#2132 = CARTESIAN_POINT('',(-55.72405081961,-43.18848003428,
    17.011184132481));
#2133 = CARTESIAN_POINT('',(-55.89884000708,-42.96168120699,
    17.032593544497));
#2134 = CARTESIAN_POINT('',(-56.0707655646,-42.73630101101,
    17.006143292597));
#2135 = CARTESIAN_POINT('',(-56.33768292688,-42.38331887115,
    16.892521271557));
#2136 = CARTESIAN_POINT('',(-56.439347557,-42.24804398475,
    16.829665412959));
#2137 = CARTESIAN_POINT('',(-56.53644379153,-42.1180609066,
    16.749193650172));
#2138 = CARTESIAN_POINT('',(-56.62772852099,-41.99515710468,
    16.652049783735));
#2139 = CARTESIAN_POINT('',(-56.71207450628,-41.88101333703,
    16.539512291531));
#2140 = CARTESIAN_POINT('',(-56.78849160585,-41.77715069898,
    16.413164333349));
#2141 = CARTESIAN_POINT('',(-56.93060816381,-41.58331042441,
    16.122692851276));
#2142 = CARTESIAN_POINT('',(-56.99448103467,-41.49574729921,
    15.956030271146));
#2143 = CARTESIAN_POINT('',(-57.04668995898,-41.42387134379,
    15.777308980821));
#2144 = CARTESIAN_POINT('',(-57.08641332474,-41.36902338884,
    15.589281429867));
#2145 = CARTESIAN_POINT('',(-57.1130886153,-41.3321378347,
    15.394947875636));
#2146 = CARTESIAN_POINT('',(-57.12642234074,-41.31370076072,
    15.197462279588));
#2147 = CARTESIAN_POINT('',(-57.12642234074,-41.31370076072,
    14.809009836083));
#2148 = CARTESIAN_POINT('',(-57.11394815824,-41.33094940047,
    14.618140103275));
#2149 = CARTESIAN_POINT('',(-57.08902675521,-41.36540944632,
    14.428810949232));
#2150 = CARTESIAN_POINT('',(-57.05137951389,-41.41739689595,
    14.24257069622));
#2151 = CARTESIAN_POINT('',(-57.00049192326,-41.48748617861,
    14.06133521026));
#2152 = CARTESIAN_POINT('',(-56.9356737896,-41.57640115002,
    13.88766076164));
#2153 = CARTESIAN_POINT('',(-56.7729617653,-41.7983326682,
    13.555094285735));
#2154 = CARTESIAN_POINT('',(-56.67136602828,-41.93635027547,
    13.392551415407));
#2155 = CARTESIAN_POINT('',(-56.55119266608,-42.09871784161,
    13.247573092711));
#2156 = CARTESIAN_POINT('',(-56.41383748401,-42.28295640213,
    13.129040071713));
#2157 = CARTESIAN_POINT('',(-56.26200378589,-42.48476945361,
    13.044499057136));
#2158 = CARTESIAN_POINT('',(-56.09954870528,-42.6985587575,13.));
#2159 = CARTESIAN_POINT('',(-55.93141049053,-42.91768074511,13.));
#2160 = ORIENTED_EDGE('',*,*,#2100,.T.);
#2161 = CYLINDRICAL_SURFACE('',#2162,2.);
#2162 = AXIS2_PLACEMENT_3D('',#2163,#2164,#2165);
#2163 = CARTESIAN_POINT('',(-55.13805715024,-42.3089193161,15.));
#2164 = DIRECTION('',(-0.793353340291,-0.608761429009,2.22044604925E-16)
  );
#2165 = DIRECTION('',(-1.761598290109E-16,-1.351721909978E-16,-1.));
#2166 = ADVANCED_FACE('',(#2167),#2232,.F.);
#2167 = FACE_BOUND('',#2168,.F.);
#2168 = EDGE_LOOP('',(#2169,#2170,#2178,#2231));
#2169 = ORIENTED_EDGE('',*,*,#727,.F.);
#2170 = ORIENTED_EDGE('',*,*,#2171,.F.);
#2171 = EDGE_CURVE('',#2172,#728,#2174,.T.);
#2172 = VERTEX_POINT('',#2173);
#2173 = CARTESIAN_POINT('',(-42.91768074511,-55.93141049053,13.));
#2174 = LINE('',#2175,#2176);
#2175 = CARTESIAN_POINT('',(-42.3089193161,-55.13805715024,13.));
#2176 = VECTOR('',#2177,1.);
#2177 = DIRECTION('',(-0.608761429009,-0.793353340291,2.22044604925E-16)
  );
#2178 = ORIENTED_EDGE('',*,*,#2179,.T.);
#2179 = EDGE_CURVE('',#2172,#2172,#2180,.T.);
#2180 = B_SPLINE_CURVE_WITH_KNOTS('',7,(#2181,#2182,#2183,#2184,#2185,
    #2186,#2187,#2188,#2189,#2190,#2191,#2192,#2193,#2194,#2195,#2196,
    #2197,#2198,#2199,#2200,#2201,#2202,#2203,#2204,#2205,#2206,#2207,
    #2208,#2209,#2210,#2211,#2212,#2213,#2214,#2215,#2216,#2217,#2218,
    #2219,#2220,#2221,#2222,#2223,#2224,#2225,#2226,#2227,#2228,#2229,
    #2230),.UNSPECIFIED.,.T.,.F.,(8,6,6,6,6,6,6,6,8),(0.,0.142615241657,
    0.278843157097,0.448926267609,0.595155000499,0.689800925976,
    0.793916329006,0.894619197066,1.),.UNSPECIFIED.);
#2181 = CARTESIAN_POINT('',(-42.91768074511,-55.93141049053,13.));
#2182 = CARTESIAN_POINT('',(-42.69845316941,-56.09962972587,13.));
#2183 = CARTESIAN_POINT('',(-42.48464792735,-56.26209550329,
    13.044541952182));
#2184 = CARTESIAN_POINT('',(-42.28288336272,-56.41389136388,
    13.129100494698));
#2185 = CARTESIAN_POINT('',(-42.09871447696,-56.5511946117,
    13.247603252881));
#2186 = CARTESIAN_POINT('',(-41.93639612224,-56.67133207381,
    13.392519960472));
#2187 = CARTESIAN_POINT('',(-41.79838031373,-56.77292683335,
    13.555022888453));
#2188 = CARTESIAN_POINT('',(-41.57640061834,-56.93567417941,
    13.887661558371));
#2189 = CARTESIAN_POINT('',(-41.48748685468,-57.0004914237,
    14.061334561652));
#2190 = CARTESIAN_POINT('',(-41.4173971609,-57.0513793319,
    14.242569420885));
#2191 = CARTESIAN_POINT('',(-41.365408373,-57.08902753005,
    14.428812174554));
#2192 = CARTESIAN_POINT('',(-41.33094801436,-57.11394916119,
    14.618145829281));
#2193 = CARTESIAN_POINT('',(-41.31370076072,-57.12642234074,
    14.809017643659));
#2194 = CARTESIAN_POINT('',(-41.31370076072,-57.12642234074,
    15.238445058154));
#2195 = CARTESIAN_POINT('',(-41.34058638532,-57.10697863549,
    15.476737433399));
#2196 = CARTESIAN_POINT('',(-41.39429360287,-57.06813810788,
    15.712121805795));
#2197 = CARTESIAN_POINT('',(-41.47565428968,-57.0091758226,
    15.941554785725));
#2198 = CARTESIAN_POINT('',(-41.5859937028,-56.92889619794,
    16.16075893312));
#2199 = CARTESIAN_POINT('',(-41.72689097672,-56.82572045159,
    16.363749990842));
#2200 = CARTESIAN_POINT('',(-42.04745102342,-56.58883119858,
    16.693439721143));
#2201 = CARTESIAN_POINT('',(-42.2246818691,-56.45716103087,
    16.832788477256));
#2202 = CARTESIAN_POINT('',(-42.42718531308,-56.30562044077,
    16.942516416335));
#2203 = CARTESIAN_POINT('',(-42.6472986702,-56.13931388565,
    17.011184132482));
#2204 = CARTESIAN_POINT('',(-42.87483191645,-55.9654818116,
    17.032593544497));
#2205 = CARTESIAN_POINT('',(-43.09923193976,-55.7922788682,
    17.006143292597));
#2206 = CARTESIAN_POINT('',(-43.44841281387,-55.5204075999,
    16.892521271552));
#2207 = CARTESIAN_POINT('',(-43.58162502261,-55.41605483599,
    16.829665412959));
#2208 = CARTESIAN_POINT('',(-43.70905487935,-55.31563117853,
    16.749193650185));
#2209 = CARTESIAN_POINT('',(-43.82903900176,-55.2205414486,
    16.652049783731));
#2210 = CARTESIAN_POINT('',(-43.94005354824,-55.13211738288,
    16.53951229151));
#2211 = CARTESIAN_POINT('',(-44.04074842707,-55.05157197916,
    16.413164333366));
#2212 = CARTESIAN_POINT('',(-44.22819203553,-54.90111912358,
    16.122692851254));
#2213 = CARTESIAN_POINT('',(-44.31255149551,-54.833071155,
    15.956030271164));
#2214 = CARTESIAN_POINT('',(-44.38158431004,-54.77715697729,
    15.777308980845));
#2215 = CARTESIAN_POINT('',(-44.43414983026,-54.73445908467,
    15.589281429851));
#2216 = CARTESIAN_POINT('',(-44.46946286623,-54.70573444855,
    15.394947875604));
#2217 = CARTESIAN_POINT('',(-44.48711412188,-54.69137662471,
    15.197462279617));
#2218 = CARTESIAN_POINT('',(-44.48711412188,-54.69137662471,
    14.809009836083));
#2219 = CARTESIAN_POINT('',(-44.47060071037,-54.70480897531,
    14.618140103276));
#2220 = CARTESIAN_POINT('',(-44.4376095674,-54.73164468984,
    14.428810949232));
#2221 = CARTESIAN_POINT('',(-44.38778978265,-54.77211688703,
    14.24257069622));
#2222 = CARTESIAN_POINT('',(-44.32049570341,-54.82664725769,
    14.06133521026));
#2223 = CARTESIAN_POINT('',(-44.23487330609,-54.89575635745,
    13.88766076164));
#2224 = CARTESIAN_POINT('',(-44.02026545598,-55.06801277176,
    13.555094285755));
#2225 = CARTESIAN_POINT('',(-43.88640992441,-55.17503263147,
    13.392551415402));
#2226 = CARTESIAN_POINT('',(-43.7283075518,-55.30076450212,
    13.247573092697));
#2227 = CARTESIAN_POINT('',(-43.54794818575,-55.44317514886,
    13.129040071709));
#2228 = CARTESIAN_POINT('',(-43.34905503419,-55.5988141346,
    13.044499057143));
#2229 = CARTESIAN_POINT('',(-43.13680273274,-55.76327227576,13.));
#2230 = CARTESIAN_POINT('',(-42.91768074511,-55.93141049053,13.));
#2231 = ORIENTED_EDGE('',*,*,#2171,.T.);
#2232 = CYLINDRICAL_SURFACE('',#2233,2.);
#2233 = AXIS2_PLACEMENT_3D('',#2234,#2235,#2236);
#2234 = CARTESIAN_POINT('',(-42.3089193161,-55.13805715024,15.));
#2235 = DIRECTION('',(-0.608761429009,-0.793353340291,2.22044604925E-16)
  );
#2236 = DIRECTION('',(-1.351721909978E-16,-1.761598290109E-16,-1.));
#2237 = ADVANCED_FACE('',(#2238),#2303,.F.);
#2238 = FACE_BOUND('',#2239,.F.);
#2239 = EDGE_LOOP('',(#2240,#2241,#2249,#2302));
#2240 = ORIENTED_EDGE('',*,*,#784,.F.);
#2241 = ORIENTED_EDGE('',*,*,#2242,.F.);
#2242 = EDGE_CURVE('',#2243,#785,#2245,.T.);
#2243 = VERTEX_POINT('',#2244);
#2244 = CARTESIAN_POINT('',(-26.97918198173,-65.13350704204,13.));
#2245 = LINE('',#2246,#2247);
#2246 = CARTESIAN_POINT('',(-26.59649854937,-64.20962750953,13.));
#2247 = VECTOR('',#2248,1.);
#2248 = DIRECTION('',(-0.382683432365,-0.923879532511,2.22044604925E-16)
  );
#2249 = ORIENTED_EDGE('',*,*,#2250,.T.);
#2250 = EDGE_CURVE('',#2243,#2243,#2251,.T.);
#2251 = B_SPLINE_CURVE_WITH_KNOTS('',7,(#2252,#2253,#2254,#2255,#2256,
    #2257,#2258,#2259,#2260,#2261,#2262,#2263,#2264,#2265,#2266,#2267,
    #2268,#2269,#2270,#2271,#2272,#2273,#2274,#2275,#2276,#2277,#2278,
    #2279,#2280,#2281,#2282,#2283,#2284,#2285,#2286,#2287,#2288,#2289,
    #2290,#2291,#2292,#2293,#2294,#2295,#2296,#2297,#2298,#2299,#2300,
    #2301),.UNSPECIFIED.,.T.,.F.,(8,6,6,6,6,6,6,6,8),(0.,0.1426152415,
    0.278843156789,0.448926267112,0.59515499984,0.689800925221,
    0.793916328135,0.894619196082,1.),.UNSPECIFIED.);
#2252 = CARTESIAN_POINT('',(-26.97918198173,-65.13350704204,13.));
#2253 = CARTESIAN_POINT('',(-26.72388606267,-65.23925407414,13.));
#2254 = CARTESIAN_POINT('',(-26.4753168202,-65.34084709584,
    13.044541952182));
#2255 = CARTESIAN_POINT('',(-26.24113955671,-65.43525012596,
    13.129100494698));
#2256 = CARTESIAN_POINT('',(-26.02770937805,-65.52020846391,
    13.247603252881));
#2257 = CARTESIAN_POINT('',(-25.83982802392,-65.5942412597,
    13.392519960472));
#2258 = CARTESIAN_POINT('',(-25.6802203314,-65.65665314199,
    13.555022888453));
#2259 = CARTESIAN_POINT('',(-25.42368229801,-65.75640243391,
    13.887661558371));
#2260 = CARTESIAN_POINT('',(-25.3210222601,-65.79599850875,
    14.061334561652));
#2261 = CARTESIAN_POINT('',(-25.24015005492,-65.82701190591,
    14.242569420885));
#2262 = CARTESIAN_POINT('',(-25.18018867131,-65.84992158438,
    14.428812174554));
#2263 = CARTESIAN_POINT('',(-25.14045232815,-65.86507503441,
    14.618145829281));
#2264 = CARTESIAN_POINT('',(-25.120564464,-65.87265928296,
    14.809017643658));
#2265 = CARTESIAN_POINT('',(-25.120564464,-65.87265928296,
    15.238445058155));
#2266 = CARTESIAN_POINT('',(-25.15156638438,-65.86083661758,
    15.476737433398));
#2267 = CARTESIAN_POINT('',(-25.21349624114,-65.83721999962,
    15.712121805796));
#2268 = CARTESIAN_POINT('',(-25.30734519215,-65.80132450076,
    15.941554785723));
#2269 = CARTESIAN_POINT('',(-25.43470277674,-65.75233827952,
    16.160758933121));
#2270 = CARTESIAN_POINT('',(-25.59750294062,-65.68914505937,
    16.363749990842));
#2271 = CARTESIAN_POINT('',(-25.96845161887,-65.5432946571,
    16.693439721144));
#2272 = CARTESIAN_POINT('',(-26.17372221699,-65.4619817598,
    16.832788477256));
#2273 = CARTESIAN_POINT('',(-26.40854711427,-65.36801653809,
    16.942516416336));
#2274 = CARTESIAN_POINT('',(-26.66420359441,-65.26434627032,
    17.011184132481));
#2275 = CARTESIAN_POINT('',(-26.92897488472,-65.15532731808,
    17.032593544497));
#2276 = CARTESIAN_POINT('',(-27.19055688308,-65.04610512162,
    17.006143292597));
#2277 = CARTESIAN_POINT('',(-27.59820516949,-64.87387230254,
    16.892521271548));
#2278 = CARTESIAN_POINT('',(-27.75388676497,-64.80755312951,
    16.82966541296));
#2279 = CARTESIAN_POINT('',(-27.90296610977,-64.74353259903,
    16.749193650196));
#2280 = CARTESIAN_POINT('',(-28.04347290547,-64.68273714906,
    16.652049783728));
#2281 = CARTESIAN_POINT('',(-28.17359055525,-64.62605873923,
    16.539512291494));
#2282 = CARTESIAN_POINT('',(-28.29170102375,-64.57431960599,
    16.413164333378));
#2283 = CARTESIAN_POINT('',(-28.51169771057,-64.47750728289,
    16.122692851255));
#2284 = CARTESIAN_POINT('',(-28.6107948019,-64.43361182748,
    15.956030271164));
#2285 = CARTESIAN_POINT('',(-28.6919470344,-64.39746988631,
    15.777308980845));
#2286 = CARTESIAN_POINT('',(-28.75377245575,-64.36983184686,
    15.589281429851));
#2287 = CARTESIAN_POINT('',(-28.79531671209,-64.35122566522,
    15.394947875604));
#2288 = CARTESIAN_POINT('',(-28.81608259404,-64.3419255535,
    15.197462279617));
#2289 = CARTESIAN_POINT('',(-28.81608259404,-64.3419255535,
    14.809009836083));
#2290 = CARTESIAN_POINT('',(-28.79665531522,-64.35062622246,
    14.618140103275));
#2291 = CARTESIAN_POINT('',(-28.75784272418,-64.36800879606,
    14.428810949233));
#2292 = CARTESIAN_POINT('',(-28.699245532,-64.39420762746,
    14.242570696219));
#2293 = CARTESIAN_POINT('',(-28.62013094445,-64.42946293147,
    14.06133521026));
#2294 = CARTESIAN_POINT('',(-28.51953930836,-64.47405648865,
    13.88766076164));
#2295 = CARTESIAN_POINT('',(-28.2676608014,-64.58489880973,
    13.555094283976));
#2296 = CARTESIAN_POINT('',(-28.11066751279,-64.65362769341,
    13.392551420388));
#2297 = CARTESIAN_POINT('',(-27.9254105422,-64.7341554508,
    13.247573086909));
#2298 = CARTESIAN_POINT('',(-27.71433817936,-64.82503313565,
    13.129040074817));
#2299 = CARTESIAN_POINT('',(-27.48193982635,-64.92389151091,
    13.044499056515));
#2300 = CARTESIAN_POINT('',(-27.2343549381,-65.02781094276,13.));
#2301 = CARTESIAN_POINT('',(-26.97918198173,-65.13350704204,13.));
#2302 = ORIENTED_EDGE('',*,*,#2242,.T.);
#2303 = CYLINDRICAL_SURFACE('',#2304,2.);
#2304 = AXIS2_PLACEMENT_3D('',#2305,#2306,#2307);
#2305 = CARTESIAN_POINT('',(-26.59649854937,-64.20962750953,15.));
#2306 = DIRECTION('',(-0.382683432365,-0.923879532511,2.22044604925E-16)
  );
#2307 = DIRECTION('',(-8.497279155086E-17,-2.051424657948E-16,-1.));
#2308 = ADVANCED_FACE('',(#2309),#2374,.F.);
#2309 = FACE_BOUND('',#2310,.F.);
#2310 = EDGE_LOOP('',(#2311,#2312,#2320,#2373));
#2311 = ORIENTED_EDGE('',*,*,#841,.F.);
#2312 = ORIENTED_EDGE('',*,*,#2313,.F.);
#2313 = EDGE_CURVE('',#2314,#842,#2316,.T.);
#2314 = VERTEX_POINT('',#2315);
#2315 = CARTESIAN_POINT('',(9.202096551514,-69.89686272685,13.));
#2316 = LINE('',#2317,#2318);
#2317 = CARTESIAN_POINT('',(9.071570359294,-68.90541786548,13.));
#2318 = VECTOR('',#2319,1.);
#2319 = DIRECTION('',(0.13052619222,-0.991444861374,2.22044604925E-16));
#2320 = ORIENTED_EDGE('',*,*,#2321,.T.);
#2321 = EDGE_CURVE('',#2314,#2314,#2322,.T.);
#2322 = B_SPLINE_CURVE_WITH_KNOTS('',7,(#2323,#2324,#2325,#2326,#2327,
    #2328,#2329,#2330,#2331,#2332,#2333,#2334,#2335,#2336,#2337,#2338,
    #2339,#2340,#2341,#2342,#2343,#2344,#2345,#2346,#2347,#2348,#2349,
    #2350,#2351,#2352,#2353,#2354,#2355,#2356,#2357,#2358,#2359,#2360,
    #2361,#2362,#2363,#2364,#2365,#2366,#2367,#2368,#2369,#2370,#2371,
    #2372),.UNSPECIFIED.,.T.,.F.,(8,6,6,6,6,6,6,6,8),(0.,0.142615243011,
    0.278843158125,0.44892626823,0.595155001273,0.68980092656,
    0.793916329393,0.894619197262,1.),.UNSPECIFIED.);
#2323 = CARTESIAN_POINT('',(9.202096551514,-69.89686272685,13.));
#2324 = CARTESIAN_POINT('',(9.476062815647,-69.86079438392,13.));
#2325 = CARTESIAN_POINT('',(9.742126616497,-69.82449189884,
    13.04454195149));
#2326 = CARTESIAN_POINT('',(9.992131575834,-69.78915869125,
    13.129100498193));
#2327 = CARTESIAN_POINT('',(10.219446708033,-69.75601968018,
    13.247603246349));
#2328 = CARTESIAN_POINT('',(10.419173135226,-69.72619328426,
    13.392519966113));
#2329 = CARTESIAN_POINT('',(10.588603387562,-69.70043971438,
    13.555022886431));
#2330 = CARTESIAN_POINT('',(10.860646489129,-69.65855611824,
    13.887661558371));
#2331 = CARTESIAN_POINT('',(10.969350727335,-69.641517306,
    14.061334561652));
#2332 = CARTESIAN_POINT('',(11.054894810066,-69.6279395932,
    14.242569420885));
#2333 = CARTESIAN_POINT('',(11.11827773075,-69.61779926494,
    14.428812174554));
#2334 = CARTESIAN_POINT('',(11.160267138399,-69.61105436604,
    14.618145829281));
#2335 = CARTESIAN_POINT('',(11.181282658253,-69.60767858588,
    14.809017643659));
#2336 = CARTESIAN_POINT('',(11.181282658253,-69.60767858588,
    15.238445058154));
#2337 = CARTESIAN_POINT('',(11.148522874945,-69.61294081752,
    15.476737433399));
#2338 = CARTESIAN_POINT('',(11.083081736757,-69.62345315479,
    15.712121805795));
#2339 = CARTESIAN_POINT('',(10.983858411632,-69.6392912164,
    15.941554785725));
#2340 = CARTESIAN_POINT('',(10.849070397396,-69.66054669666,
    16.160758933121));
#2341 = CARTESIAN_POINT('',(10.67648470966,-69.6872198446,
    16.363749990842));
#2342 = CARTESIAN_POINT('',(10.282308529035,-69.7463840303,
    16.693439721668));
#2343 = CARTESIAN_POINT('',(10.063882528968,-69.77860029446,
    16.832788476468));
#2344 = CARTESIAN_POINT('',(9.813535591804,-69.81463647402,
    16.942516416484));
#2345 = CARTESIAN_POINT('',(9.540295449993,-69.8526836288,
    17.011184132946));
#2346 = CARTESIAN_POINT('',(9.256487310255,-69.89065609179,
    17.032593544033));
#2347 = CARTESIAN_POINT('',(8.9753395578,-69.926857894,17.006143292801)
  );
#2348 = CARTESIAN_POINT('',(8.536189375673,-69.98152404061,
    16.892521271557));
#2349 = CARTESIAN_POINT('',(8.368205572497,-70.00193074975,
    16.829665412959));
#2350 = CARTESIAN_POINT('',(8.207088807498,-70.0210270164,
    16.749193650172));
#2351 = CARTESIAN_POINT('',(8.05500862808,-70.03863001013,
    16.652049783735));
#2352 = CARTESIAN_POINT('',(7.913984232965,-70.05460389227,
    16.539512291531));
#2353 = CARTESIAN_POINT('',(7.785828000124,-70.06885172276,
    16.413164333349));
#2354 = CARTESIAN_POINT('',(7.546899119069,-70.09500813496,
    16.122692851254));
#2355 = CARTESIAN_POINT('',(7.439130792828,-70.10654210114,
    15.956030271164));
#2356 = CARTESIAN_POINT('',(7.350779927332,-70.11581837819,
    15.777308980845));
#2357 = CARTESIAN_POINT('',(7.283418522108,-70.12279584459,
    15.589281429851));
#2358 = CARTESIAN_POINT('',(7.238137049924,-70.12745454679,
    15.394947875603));
#2359 = CARTESIAN_POINT('',(7.215503212758,-70.12978335476,
    15.197462279617));
#2360 = CARTESIAN_POINT('',(7.215503212758,-70.12978335476,
    14.809009836083));
#2361 = CARTESIAN_POINT('',(7.23667806422,-70.1276047157,14.618140103275
    ));
#2362 = CARTESIAN_POINT('',(7.278982040849,-70.1232521705,
    14.428810949232));
#2363 = CARTESIAN_POINT('',(7.342828113566,-70.11664242795,
    14.242570696219));
#2364 = CARTESIAN_POINT('',(7.428971008205,-70.10761712306,
    14.06133521026));
#2365 = CARTESIAN_POINT('',(7.538382699055,-70.09594045839,
    13.88766076164));
#2366 = CARTESIAN_POINT('',(7.811937043831,-70.06599347094,
    13.55509428575));
#2367 = CARTESIAN_POINT('',(7.982261666418,-70.04701778539,
    13.392551415403));
#2368 = CARTESIAN_POINT('',(8.182962784558,-70.02412838394,
    13.247573092701));
#2369 = CARTESIAN_POINT('',(8.411195649366,-69.99729458718,
    13.12904007171));
#2370 = CARTESIAN_POINT('',(8.661887727803,-69.96670927321,
    13.044499057141));
#2371 = CARTESIAN_POINT('',(8.92826223632,-69.93291369837,13.));
#2372 = CARTESIAN_POINT('',(9.202096551514,-69.89686272685,13.));
#2373 = ORIENTED_EDGE('',*,*,#2313,.T.);
#2374 = CYLINDRICAL_SURFACE('',#2375,2.);
#2375 = AXIS2_PLACEMENT_3D('',#2376,#2377,#2378);
#2376 = CARTESIAN_POINT('',(9.071570359294,-68.90541786548,15.));
#2377 = DIRECTION('',(0.13052619222,-0.991444861374,2.22044604925E-16));
#2378 = DIRECTION('',(2.898263678387E-17,-2.201449825487E-16,-1.));
#2379 = ADVANCED_FACE('',(#2380),#2445,.F.);
#2380 = FACE_BOUND('',#2381,.F.);
#2381 = EDGE_LOOP('',(#2382,#2383,#2391,#2444));
#2382 = ORIENTED_EDGE('',*,*,#898,.F.);
#2383 = ORIENTED_EDGE('',*,*,#2384,.F.);
#2384 = EDGE_CURVE('',#2385,#899,#2387,.T.);
#2385 = VERTEX_POINT('',#2386);
#2386 = CARTESIAN_POINT('',(26.979181981739,-65.13350704204,13.));
#2387 = LINE('',#2388,#2389);
#2388 = CARTESIAN_POINT('',(26.596498549374,-64.20962750953,13.));
#2389 = VECTOR('',#2390,1.);
#2390 = DIRECTION('',(0.382683432365,-0.923879532511,2.22044604925E-16)
  );
#2391 = ORIENTED_EDGE('',*,*,#2392,.T.);
#2392 = EDGE_CURVE('',#2385,#2385,#2393,.T.);
#2393 = B_SPLINE_CURVE_WITH_KNOTS('',7,(#2394,#2395,#2396,#2397,#2398,
    #2399,#2400,#2401,#2402,#2403,#2404,#2405,#2406,#2407,#2408,#2409,
    #2410,#2411,#2412,#2413,#2414,#2415,#2416,#2417,#2418,#2419,#2420,
    #2421,#2422,#2423,#2424,#2425,#2426,#2427,#2428,#2429,#2430,#2431,
    #2432,#2433,#2434,#2435,#2436,#2437,#2438,#2439,#2440,#2441,#2442,
    #2443),.UNSPECIFIED.,.T.,.F.,(8,6,6,6,6,6,6,6,8),(0.,0.142615246676,
    0.278843163592,0.448926272316,0.595155003671,0.689800928143,
    0.79391633008,0.894619197083,1.),.UNSPECIFIED.);
#2394 = CARTESIAN_POINT('',(26.979181981739,-65.13350704204,13.));
#2395 = CARTESIAN_POINT('',(27.234477900802,-65.02776000995,13.));
#2396 = CARTESIAN_POINT('',(27.482080012321,-64.92383212757,
    13.044541952182));
#2397 = CARTESIAN_POINT('',(27.714421366094,-64.82499681932,
    13.129100494698));
#2398 = CARTESIAN_POINT('',(27.925413909615,-64.73415350957,
    13.247603252881));
#2399 = CARTESIAN_POINT('',(28.110615181109,-64.65365042193,
    13.392519960472));
#2400 = CARTESIAN_POINT('',(28.267606728012,-64.58492260541,
    13.555022888453));
#2401 = CARTESIAN_POINT('',(28.519539908794,-64.47405622442,
    13.887661554414));
#2402 = CARTESIAN_POINT('',(28.620130181474,-64.42946326379,
    14.061334570272));
#2403 = CARTESIAN_POINT('',(28.699245233632,-64.39420776957,
    14.242569417246));
#2404 = CARTESIAN_POINT('',(28.757843936119,-64.3680082521,
    14.42881216698));
#2405 = CARTESIAN_POINT('',(28.796656875973,-64.35062552392,
    14.618145839172));
#2406 = CARTESIAN_POINT('',(28.816082594047,-64.3419255535,
    14.809017639584));
#2407 = CARTESIAN_POINT('',(28.816082594047,-64.3419255535,
    15.238445058154));
#2408 = CARTESIAN_POINT('',(28.785801039053,-64.35548733477,
    15.476737433399));
#2409 = CARTESIAN_POINT('',(28.725310546669,-64.38257888573,
    15.712121805794));
#2410 = CARTESIAN_POINT('',(28.633567366344,-64.42355816475,
    15.941554785725));
#2411 = CARTESIAN_POINT('',(28.508873465424,-64.47897508722,
    16.16075893312));
#2412 = CARTESIAN_POINT('',(28.349072011072,-64.54940783258,
    16.363749990842));
#2413 = CARTESIAN_POINT('',(27.983639876727,-64.70857634996,
    16.693439721143));
#2414 = CARTESIAN_POINT('',(27.780994743736,-64.79622768079,
    16.832788477256));
#2415 = CARTESIAN_POINT('',(27.548505021012,-64.89583051259,
    16.942516416335));
#2416 = CARTESIAN_POINT('',(27.294422640905,-65.003300994,
    17.011184132481));
#2417 = CARTESIAN_POINT('',(27.030113025656,-65.11343452843,
    17.032593544497));
#2418 = CARTESIAN_POINT('',(26.767914865004,-65.22116917753,
    17.006143292597));
#2419 = CARTESIAN_POINT('',(26.357877003068,-65.38763305087,
    16.892521271557));
#2420 = CARTESIAN_POINT('',(26.200898754156,-65.45082182579,
    16.829665412959));
#2421 = CARTESIAN_POINT('',(26.050214387293,-65.51096749019,
    16.749193650172));
#2422 = CARTESIAN_POINT('',(25.907872204355,-65.56733192328,
    16.652049783735));
#2423 = CARTESIAN_POINT('',(25.775787443899,-65.61926130786,
    16.539512291531));
#2424 = CARTESIAN_POINT('',(25.65568563868,-65.66619292911,
    16.413164333349));
#2425 = CARTESIAN_POINT('',(25.431667839453,-65.75329742802,
    16.122692851254));
#2426 = CARTESIAN_POINT('',(25.330556839992,-65.79233087912,
    15.956030271164));
#2427 = CARTESIAN_POINT('',(25.247617334403,-65.82415796134,
    15.777308980845));
#2428 = CARTESIAN_POINT('',(25.184357114593,-65.84833209091,
    15.589281429851));
#2429 = CARTESIAN_POINT('',(25.141824332014,-65.86455175908,
    15.394947875603));
#2430 = CARTESIAN_POINT('',(25.120564464002,-65.87265928296,
    15.197462279617));
#2431 = CARTESIAN_POINT('',(25.120564464002,-65.87265928296,
    14.809009836083));
#2432 = CARTESIAN_POINT('',(25.140453926615,-65.86507442439,
    14.618140103275));
#2433 = CARTESIAN_POINT('',(25.180189908604,-65.84992111374,
    14.428810949232));
#2434 = CARTESIAN_POINT('',(25.240149751894,-65.82701201313,
    14.24257069622));
#2435 = CARTESIAN_POINT('',(25.321021477783,-65.79599881631,
    14.06133521026));
#2436 = CARTESIAN_POINT('',(25.423682912472,-65.75640219499,
    13.88766076164));
#2437 = CARTESIAN_POINT('',(25.680165269642,-65.65667455157,
    13.555094283996));
#2438 = CARTESIAN_POINT('',(25.839774948344,-65.59426219229,
    13.392551420384));
#2439 = CARTESIAN_POINT('',(26.027713131854,-65.52020745545,
    13.247573086894));
#2440 = CARTESIAN_POINT('',(26.241224058154,-65.43521698358,
    13.129040074814));
#2441 = CARTESIAN_POINT('',(26.475457937014,-65.34078995976,
    13.044499056523));
#2442 = CARTESIAN_POINT('',(26.724009025354,-65.23920314133,13.));
#2443 = CARTESIAN_POINT('',(26.979181981739,-65.13350704204,13.));
#2444 = ORIENTED_EDGE('',*,*,#2384,.T.);
#2445 = CYLINDRICAL_SURFACE('',#2446,2.);
#2446 = AXIS2_PLACEMENT_3D('',#2447,#2448,#2449);
#2447 = CARTESIAN_POINT('',(26.596498549374,-64.20962750953,15.));
#2448 = DIRECTION('',(0.382683432365,-0.923879532511,2.22044604925E-16)
  );
#2449 = DIRECTION('',(8.497279155086E-17,-2.051424657948E-16,-1.));
#2450 = ADVANCED_FACE('',(#2451),#2516,.F.);
#2451 = FACE_BOUND('',#2452,.F.);
#2452 = EDGE_LOOP('',(#2453,#2454,#2462,#2515));
#2453 = ORIENTED_EDGE('',*,*,#955,.F.);
#2454 = ORIENTED_EDGE('',*,*,#2455,.F.);
#2455 = EDGE_CURVE('',#2456,#956,#2458,.T.);
#2456 = VERTEX_POINT('',#2457);
#2457 = CARTESIAN_POINT('',(65.133507042046,-26.97918198173,13.));
#2458 = LINE('',#2459,#2460);
#2459 = CARTESIAN_POINT('',(64.209627509534,-26.59649854937,13.));
#2460 = VECTOR('',#2461,1.);
#2461 = DIRECTION('',(0.923879532511,-0.382683432365,2.22044604925E-16)
  );
#2462 = ORIENTED_EDGE('',*,*,#2463,.T.);
#2463 = EDGE_CURVE('',#2456,#2456,#2464,.T.);
#2464 = B_SPLINE_CURVE_WITH_KNOTS('',7,(#2465,#2466,#2467,#2468,#2469,
    #2470,#2471,#2472,#2473,#2474,#2475,#2476,#2477,#2478,#2479,#2480,
    #2481,#2482,#2483,#2484,#2485,#2486,#2487,#2488,#2489,#2490,#2491,
    #2492,#2493,#2494,#2495,#2496,#2497,#2498,#2499,#2500,#2501,#2502,
    #2503,#2504,#2505,#2506,#2507,#2508,#2509,#2510,#2511,#2512,#2513,
    #2514),.UNSPECIFIED.,.T.,.F.,(8,6,6,6,6,6,6,6,8),(0.,0.142615242484,
    0.278843158713,0.448926270209,0.595155003947,0.689800929962,
    0.793916333582,0.894619200048,1.),.UNSPECIFIED.);
#2465 = CARTESIAN_POINT('',(65.133507042046,-26.97918198173,13.));
#2466 = CARTESIAN_POINT('',(65.23925407414,-26.72388606267,13.));
#2467 = CARTESIAN_POINT('',(65.340847095848,-26.4753168202,
    13.044541952182));
#2468 = CARTESIAN_POINT('',(65.435250125964,-26.24113955671,
    13.129100494698));
#2469 = CARTESIAN_POINT('',(65.520208463918,-26.02770937805,
    13.247603252881));
#2470 = CARTESIAN_POINT('',(65.594241259702,-25.83982802392,
    13.392519960472));
#2471 = CARTESIAN_POINT('',(65.656653141991,-25.6802203314,
    13.555022888453));
#2472 = CARTESIAN_POINT('',(65.756402433911,-25.42368229801,
    13.887661558371));
#2473 = CARTESIAN_POINT('',(65.795998508758,-25.3210222601,
    14.061334561651));
#2474 = CARTESIAN_POINT('',(65.827011905919,-25.24015005492,
    14.242569420885));
#2475 = CARTESIAN_POINT('',(65.849921584386,-25.18018867131,
    14.428812174554));
#2476 = CARTESIAN_POINT('',(65.865075034417,-25.14045232815,
    14.61814582928));
#2477 = CARTESIAN_POINT('',(65.872659282967,-25.120564464,
    14.809017643659));
#2478 = CARTESIAN_POINT('',(65.872659282967,-25.120564464,
    15.238445058154));
#2479 = CARTESIAN_POINT('',(65.860836617588,-25.15156638438,
    15.476737433401));
#2480 = CARTESIAN_POINT('',(65.837219999623,-25.21349624114,
    15.712121805793));
#2481 = CARTESIAN_POINT('',(65.801324500765,-25.30734519215,
    15.941554785725));
#2482 = CARTESIAN_POINT('',(65.752338279523,-25.43470277674,
    16.16075893312));
#2483 = CARTESIAN_POINT('',(65.689145059372,-25.59750294062,
    16.363749990842));
#2484 = CARTESIAN_POINT('',(65.543294657101,-25.96845161887,
    16.693439721143));
#2485 = CARTESIAN_POINT('',(65.461981759801,-26.17372221699,
    16.832788477256));
#2486 = CARTESIAN_POINT('',(65.368016538094,-26.40854711427,
    16.942516416335));
#2487 = CARTESIAN_POINT('',(65.264346270328,-26.66420359441,
    17.011184132481));
#2488 = CARTESIAN_POINT('',(65.155327318085,-26.92897488472,
    17.032593544497));
#2489 = CARTESIAN_POINT('',(65.046105121621,-27.19055688308,
    17.006143292597));
#2490 = CARTESIAN_POINT('',(64.87387230256,-27.59820516946,
    16.892521271557));
#2491 = CARTESIAN_POINT('',(64.807553129498,-27.753886765,
    16.829665412959));
#2492 = CARTESIAN_POINT('',(64.74353259903,-27.90296610979,
    16.749193650172));
#2493 = CARTESIAN_POINT('',(64.682737149075,-28.04347290544,
    16.652049783735));
#2494 = CARTESIAN_POINT('',(64.626058739247,-28.17359055523,
    16.539512291531));
#2495 = CARTESIAN_POINT('',(64.574319605981,-28.29170102377,
    16.413164333349));
#2496 = CARTESIAN_POINT('',(64.4775072829,-28.51169771055,
    16.122692851275));
#2497 = CARTESIAN_POINT('',(64.433611827478,-28.61079480192,
    15.956030271146));
#2498 = CARTESIAN_POINT('',(64.397469886319,-28.6919470344,
    15.777308980822));
#2499 = CARTESIAN_POINT('',(64.369831846866,-28.75377245574,
    15.589281429866));
#2500 = CARTESIAN_POINT('',(64.351225665225,-28.79531671209,
    15.394947875635));
#2501 = CARTESIAN_POINT('',(64.341925553507,-28.81608259404,
    15.197462279589));
#2502 = CARTESIAN_POINT('',(64.341925553507,-28.81608259404,
    14.809009840215));
#2503 = CARTESIAN_POINT('',(64.350626222063,-28.79665531614,
    14.618140093173));
#2504 = CARTESIAN_POINT('',(64.36800879798,-28.75784271983,
    14.428810956472));
#2505 = CARTESIAN_POINT('',(64.39420762385,-28.69924554022,
    14.242570700071));
#2506 = CARTESIAN_POINT('',(64.42946293473,-28.62013093705,
    14.061335201923));
#2507 = CARTESIAN_POINT('',(64.474056487411,-28.51953931119,
    13.887660765371));
#2508 = CARTESIAN_POINT('',(64.58489880974,-28.2676608014,13.55509428397
    ));
#2509 = CARTESIAN_POINT('',(64.653627693414,-28.11066751278,
    13.39255142039));
#2510 = CARTESIAN_POINT('',(64.734155450802,-27.9254105422,
    13.247573086913));
#2511 = CARTESIAN_POINT('',(64.825033135655,-27.71433817937,
    13.129040074817));
#2512 = CARTESIAN_POINT('',(64.923891510918,-27.48193982635,
    13.044499056513));
#2513 = CARTESIAN_POINT('',(65.027810942772,-27.23435493809,13.));
#2514 = CARTESIAN_POINT('',(65.133507042046,-26.97918198173,13.));
#2515 = ORIENTED_EDGE('',*,*,#2455,.T.);
#2516 = CYLINDRICAL_SURFACE('',#2517,2.);
#2517 = AXIS2_PLACEMENT_3D('',#2518,#2519,#2520);
#2518 = CARTESIAN_POINT('',(64.209627509534,-26.59649854937,15.));
#2519 = DIRECTION('',(0.923879532511,-0.382683432365,2.22044604925E-16)
  );
#2520 = DIRECTION('',(2.051424657948E-16,-8.497279155086E-17,-1.));
#2521 = ADVANCED_FACE('',(#2522),#2579,.T.);
#2522 = FACE_BOUND('',#2523,.T.);
#2523 = EDGE_LOOP('',(#2524,#2532,#2540,#2548,#2556,#2564,#2572,#2578));
#2524 = ORIENTED_EDGE('',*,*,#2525,.F.);
#2525 = EDGE_CURVE('',#2526,#1015,#2528,.T.);
#2526 = VERTEX_POINT('',#2527);
#2527 = CARTESIAN_POINT('',(46.413707119845,-50.95767549048,18.1));
#2528 = LINE('',#2529,#2530);
#2529 = CARTESIAN_POINT('',(45.899477032096,-50.34483993598,18.1));
#2530 = VECTOR('',#2531,1.);
#2531 = DIRECTION('',(0.642787609687,-0.766044443119,0.));
#2532 = ORIENTED_EDGE('',*,*,#2533,.T.);
#2533 = EDGE_CURVE('',#2526,#2534,#2536,.T.);
#2534 = VERTEX_POINT('',#2535);
#2535 = CARTESIAN_POINT('',(47.486169340212,-50.05777283692,18.1));
#2536 = LINE('',#2537,#2538);
#2537 = CARTESIAN_POINT('',(41.051396018012,-55.45718875828,18.1));
#2538 = VECTOR('',#2539,1.);
#2539 = DIRECTION('',(0.766044443119,0.642787609687,0.));
#2540 = ORIENTED_EDGE('',*,*,#2541,.F.);
#2541 = EDGE_CURVE('',#2542,#2534,#2544,.T.);
#2542 = VERTEX_POINT('',#2543);
#2543 = CARTESIAN_POINT('',(46.714824208588,-49.13851950517,18.1));
#2544 = LINE('',#2545,#2546);
#2545 = CARTESIAN_POINT('',(46.714824208588,-49.13851950517,18.1));
#2546 = VECTOR('',#2547,1.);
#2547 = DIRECTION('',(0.642787609687,-0.766044443119,0.));
#2548 = ORIENTED_EDGE('',*,*,#2549,.F.);
#2549 = EDGE_CURVE('',#2550,#2542,#2552,.T.);
#2550 = VERTEX_POINT('',#2551);
#2551 = CARTESIAN_POINT('',(40.280050886388,-54.53793542654,18.1));
#2552 = LINE('',#2553,#2554);
#2553 = CARTESIAN_POINT('',(40.280050886388,-54.53793542654,18.1));
#2554 = VECTOR('',#2555,1.);
#2555 = DIRECTION('',(0.766044443119,0.642787609687,0.));
#2556 = ORIENTED_EDGE('',*,*,#2557,.T.);
#2557 = EDGE_CURVE('',#2550,#2558,#2560,.T.);
#2558 = VERTEX_POINT('',#2559);
#2559 = CARTESIAN_POINT('',(41.051396018012,-55.45718875828,18.1));
#2560 = LINE('',#2561,#2562);
#2561 = CARTESIAN_POINT('',(40.280050886388,-54.53793542654,18.1));
#2562 = VECTOR('',#2563,1.);
#2563 = DIRECTION('',(0.642787609687,-0.766044443119,0.));
#2564 = ORIENTED_EDGE('',*,*,#2565,.T.);
#2565 = EDGE_CURVE('',#2558,#2566,#2568,.T.);
#2566 = VERTEX_POINT('',#2567);
#2567 = CARTESIAN_POINT('',(42.123858238379,-54.55728610472,18.1));
#2568 = LINE('',#2569,#2570);
#2569 = CARTESIAN_POINT('',(41.051396018012,-55.45718875828,18.1));
#2570 = VECTOR('',#2571,1.);
#2571 = DIRECTION('',(0.766044443119,0.642787609687,0.));
#2572 = ORIENTED_EDGE('',*,*,#2573,.T.);
#2573 = EDGE_CURVE('',#2566,#1013,#2574,.T.);
#2574 = LINE('',#2575,#2576);
#2575 = CARTESIAN_POINT('',(41.60962815063,-53.94445055023,18.1));
#2576 = VECTOR('',#2577,1.);
#2577 = DIRECTION('',(0.642787609687,-0.766044443119,0.));
#2578 = ORIENTED_EDGE('',*,*,#1012,.T.);
#2579 = PLANE('',#2580);
#2580 = AXIS2_PLACEMENT_3D('',#2581,#2582,#2583);
#2581 = CARTESIAN_POINT('',(41.60962815063,-53.94445055023,18.1));
#2582 = DIRECTION('',(0.,0.,1.));
#2583 = DIRECTION('',(0.642787609687,-0.766044443119,0.));
#2584 = ADVANCED_FACE('',(#2585),#2603,.T.);
#2585 = FACE_BOUND('',#2586,.T.);
#2586 = EDGE_LOOP('',(#2587,#2588,#2596,#2602));
#2587 = ORIENTED_EDGE('',*,*,#2573,.F.);
#2588 = ORIENTED_EDGE('',*,*,#2589,.T.);
#2589 = EDGE_CURVE('',#2566,#2590,#2592,.T.);
#2590 = VERTEX_POINT('',#2591);
#2591 = CARTESIAN_POINT('',(42.123858238379,-54.55728610472,23.1));
#2592 = LINE('',#2593,#2594);
#2593 = CARTESIAN_POINT('',(42.123858238379,-54.55728610472,18.1));
#2594 = VECTOR('',#2595,1.);
#2595 = DIRECTION('',(-0.,0.,1.));
#2596 = ORIENTED_EDGE('',*,*,#2597,.T.);
#2597 = EDGE_CURVE('',#2590,#1024,#2598,.T.);
#2598 = LINE('',#2599,#2600);
#2599 = CARTESIAN_POINT('',(41.60962815063,-53.94445055023,23.1));
#2600 = VECTOR('',#2601,1.);
#2601 = DIRECTION('',(0.642787609687,-0.766044443119,0.));
#2602 = ORIENTED_EDGE('',*,*,#1023,.F.);
#2603 = PLANE('',#2604);
#2604 = AXIS2_PLACEMENT_3D('',#2605,#2606,#2607);
#2605 = CARTESIAN_POINT('',(41.60962815063,-53.94445055023,18.1));
#2606 = DIRECTION('',(0.766044443119,0.642787609687,0.));
#2607 = DIRECTION('',(0.,0.,1.));
#2608 = ADVANCED_FACE('',(#2609),#2627,.F.);
#2609 = FACE_BOUND('',#2610,.F.);
#2610 = EDGE_LOOP('',(#2611,#2612,#2620,#2626));
#2611 = ORIENTED_EDGE('',*,*,#2525,.F.);
#2612 = ORIENTED_EDGE('',*,*,#2613,.T.);
#2613 = EDGE_CURVE('',#2526,#2614,#2616,.T.);
#2614 = VERTEX_POINT('',#2615);
#2615 = CARTESIAN_POINT('',(46.413707119845,-50.95767549048,23.1));
#2616 = LINE('',#2617,#2618);
#2617 = CARTESIAN_POINT('',(46.413707119845,-50.95767549048,18.1));
#2618 = VECTOR('',#2619,1.);
#2619 = DIRECTION('',(-0.,0.,1.));
#2620 = ORIENTED_EDGE('',*,*,#2621,.T.);
#2621 = EDGE_CURVE('',#2614,#1032,#2622,.T.);
#2622 = LINE('',#2623,#2624);
#2623 = CARTESIAN_POINT('',(45.899477032096,-50.34483993598,23.1));
#2624 = VECTOR('',#2625,1.);
#2625 = DIRECTION('',(0.642787609687,-0.766044443119,0.));
#2626 = ORIENTED_EDGE('',*,*,#1040,.F.);
#2627 = PLANE('',#2628);
#2628 = AXIS2_PLACEMENT_3D('',#2629,#2630,#2631);
#2629 = CARTESIAN_POINT('',(45.899477032096,-50.34483993598,18.1));
#2630 = DIRECTION('',(0.766044443119,0.642787609687,0.));
#2631 = DIRECTION('',(0.,0.,1.));
#2632 = ADVANCED_FACE('',(#2633),#2676,.F.);
#2633 = FACE_BOUND('',#2634,.F.);
#2634 = EDGE_LOOP('',(#2635,#2636,#2644,#2652,#2660,#2668,#2674,#2675));
#2635 = ORIENTED_EDGE('',*,*,#2621,.F.);
#2636 = ORIENTED_EDGE('',*,*,#2637,.T.);
#2637 = EDGE_CURVE('',#2614,#2638,#2640,.T.);
#2638 = VERTEX_POINT('',#2639);
#2639 = CARTESIAN_POINT('',(47.486169340212,-50.05777283692,23.1));
#2640 = LINE('',#2641,#2642);
#2641 = CARTESIAN_POINT('',(41.051396018012,-55.45718875828,23.1));
#2642 = VECTOR('',#2643,1.);
#2643 = DIRECTION('',(0.766044443119,0.642787609687,0.));
#2644 = ORIENTED_EDGE('',*,*,#2645,.F.);
#2645 = EDGE_CURVE('',#2646,#2638,#2648,.T.);
#2646 = VERTEX_POINT('',#2647);
#2647 = CARTESIAN_POINT('',(46.714824208588,-49.13851950517,23.1));
#2648 = LINE('',#2649,#2650);
#2649 = CARTESIAN_POINT('',(46.714824208588,-49.13851950517,23.1));
#2650 = VECTOR('',#2651,1.);
#2651 = DIRECTION('',(0.642787609687,-0.766044443119,0.));
#2652 = ORIENTED_EDGE('',*,*,#2653,.F.);
#2653 = EDGE_CURVE('',#2654,#2646,#2656,.T.);
#2654 = VERTEX_POINT('',#2655);
#2655 = CARTESIAN_POINT('',(40.280050886388,-54.53793542654,23.1));
#2656 = LINE('',#2657,#2658);
#2657 = CARTESIAN_POINT('',(40.280050886388,-54.53793542654,23.1));
#2658 = VECTOR('',#2659,1.);
#2659 = DIRECTION('',(0.766044443119,0.642787609687,0.));
#2660 = ORIENTED_EDGE('',*,*,#2661,.T.);
#2661 = EDGE_CURVE('',#2654,#2662,#2664,.T.);
#2662 = VERTEX_POINT('',#2663);
#2663 = CARTESIAN_POINT('',(41.051396018012,-55.45718875828,23.1));
#2664 = LINE('',#2665,#2666);
#2665 = CARTESIAN_POINT('',(40.280050886388,-54.53793542654,23.1));
#2666 = VECTOR('',#2667,1.);
#2667 = DIRECTION('',(0.642787609687,-0.766044443119,0.));
#2668 = ORIENTED_EDGE('',*,*,#2669,.T.);
#2669 = EDGE_CURVE('',#2662,#2590,#2670,.T.);
#2670 = LINE('',#2671,#2672);
#2671 = CARTESIAN_POINT('',(41.051396018012,-55.45718875828,23.1));
#2672 = VECTOR('',#2673,1.);
#2673 = DIRECTION('',(0.766044443119,0.642787609687,0.));
#2674 = ORIENTED_EDGE('',*,*,#2597,.T.);
#2675 = ORIENTED_EDGE('',*,*,#1031,.T.);
#2676 = PLANE('',#2677);
#2677 = AXIS2_PLACEMENT_3D('',#2678,#2679,#2680);
#2678 = CARTESIAN_POINT('',(41.60962815063,-53.94445055023,23.1));
#2679 = DIRECTION('',(0.,0.,1.));
#2680 = DIRECTION('',(0.642787609687,-0.766044443119,0.));
#2681 = ADVANCED_FACE('',(#2682),#2708,.T.);
#2682 = FACE_BOUND('',#2683,.T.);
#2683 = EDGE_LOOP('',(#2684,#2695,#2701,#2702));
#2684 = ORIENTED_EDGE('',*,*,#2685,.F.);
#2685 = EDGE_CURVE('',#2686,#2688,#2690,.T.);
#2686 = VERTEX_POINT('',#2687);
#2687 = CARTESIAN_POINT('',(64.498990930657,28.462785684592,23.));
#2688 = VERTEX_POINT('',#2689);
#2689 = CARTESIAN_POINT('',(56.898990930657,41.626371822115,23.));
#2690 = CIRCLE('',#2691,70.5);
#2691 = AXIS2_PLACEMENT_3D('',#2692,#2693,#2694);
#2692 = CARTESIAN_POINT('',(0.,0.,23.));
#2693 = DIRECTION('',(0.,0.,1.));
#2694 = DIRECTION('',(1.,0.,-0.));
#2695 = ORIENTED_EDGE('',*,*,#2696,.T.);
#2696 = EDGE_CURVE('',#2686,#1049,#2697,.T.);
#2697 = LINE('',#2698,#2699);
#2698 = CARTESIAN_POINT('',(63.642355401505,27.968206931238,23.));
#2699 = VECTOR('',#2700,1.);
#2700 = DIRECTION('',(0.866025403784,0.5,0.));
#2701 = ORIENTED_EDGE('',*,*,#1048,.T.);
#2702 = ORIENTED_EDGE('',*,*,#2703,.F.);
#2703 = EDGE_CURVE('',#2688,#1051,#2704,.T.);
#2704 = LINE('',#2705,#2706);
#2705 = CARTESIAN_POINT('',(56.042355401505,41.131793068762,23.));
#2706 = VECTOR('',#2707,1.);
#2707 = DIRECTION('',(0.866025403784,0.5,0.));
#2708 = PLANE('',#2709);
#2709 = AXIS2_PLACEMENT_3D('',#2710,#2711,#2712);
#2710 = CARTESIAN_POINT('',(63.642355401505,27.968206931238,23.));
#2711 = DIRECTION('',(0.,0.,1.));
#2712 = DIRECTION('',(0.866025403784,0.5,0.));
#2713 = ADVANCED_FACE('',(#2714),#2732,.T.);
#2714 = FACE_BOUND('',#2715,.T.);
#2715 = EDGE_LOOP('',(#2716,#2717,#2725,#2731));
#2716 = ORIENTED_EDGE('',*,*,#2696,.F.);
#2717 = ORIENTED_EDGE('',*,*,#2718,.T.);
#2718 = EDGE_CURVE('',#2686,#2719,#2721,.T.);
#2719 = VERTEX_POINT('',#2720);
#2720 = CARTESIAN_POINT('',(64.498990930657,28.462785684592,28.39));
#2721 = LINE('',#2722,#2723);
#2722 = CARTESIAN_POINT('',(64.498990930657,28.462785684592,7.99));
#2723 = VECTOR('',#2724,1.);
#2724 = DIRECTION('',(0.,0.,1.));
#2725 = ORIENTED_EDGE('',*,*,#2726,.T.);
#2726 = EDGE_CURVE('',#2719,#1060,#2727,.T.);
#2727 = LINE('',#2728,#2729);
#2728 = CARTESIAN_POINT('',(63.642355401505,27.968206931238,28.39));
#2729 = VECTOR('',#2730,1.);
#2730 = DIRECTION('',(0.866025403784,0.5,0.));
#2731 = ORIENTED_EDGE('',*,*,#1059,.F.);
#2732 = PLANE('',#2733);
#2733 = AXIS2_PLACEMENT_3D('',#2734,#2735,#2736);
#2734 = CARTESIAN_POINT('',(63.642355401505,27.968206931238,23.));
#2735 = DIRECTION('',(-0.5,0.866025403784,0.));
#2736 = DIRECTION('',(0.,0.,1.));
#2737 = ADVANCED_FACE('',(#2738),#2756,.F.);
#2738 = FACE_BOUND('',#2739,.F.);
#2739 = EDGE_LOOP('',(#2740,#2741,#2749,#2755));
#2740 = ORIENTED_EDGE('',*,*,#2703,.F.);
#2741 = ORIENTED_EDGE('',*,*,#2742,.T.);
#2742 = EDGE_CURVE('',#2688,#2743,#2745,.T.);
#2743 = VERTEX_POINT('',#2744);
#2744 = CARTESIAN_POINT('',(56.898990930657,41.626371822115,28.39));
#2745 = LINE('',#2746,#2747);
#2746 = CARTESIAN_POINT('',(56.898990930657,41.626371822115,7.99));
#2747 = VECTOR('',#2748,1.);
#2748 = DIRECTION('',(0.,0.,1.));
#2749 = ORIENTED_EDGE('',*,*,#2750,.T.);
#2750 = EDGE_CURVE('',#2743,#1068,#2751,.T.);
#2751 = LINE('',#2752,#2753);
#2752 = CARTESIAN_POINT('',(56.042355401505,41.131793068762,28.39));
#2753 = VECTOR('',#2754,1.);
#2754 = DIRECTION('',(0.866025403784,0.5,0.));
#2755 = ORIENTED_EDGE('',*,*,#1076,.F.);
#2756 = PLANE('',#2757);
#2757 = AXIS2_PLACEMENT_3D('',#2758,#2759,#2760);
#2758 = CARTESIAN_POINT('',(56.042355401505,41.131793068762,23.));
#2759 = DIRECTION('',(-0.5,0.866025403784,0.));
#2760 = DIRECTION('',(0.,0.,1.));
#2761 = ADVANCED_FACE('',(#2762),#2774,.F.);
#2762 = FACE_BOUND('',#2763,.F.);
#2763 = EDGE_LOOP('',(#2764,#2765,#2772,#2773));
#2764 = ORIENTED_EDGE('',*,*,#2750,.F.);
#2765 = ORIENTED_EDGE('',*,*,#2766,.F.);
#2766 = EDGE_CURVE('',#2719,#2743,#2767,.T.);
#2767 = CIRCLE('',#2768,70.5);
#2768 = AXIS2_PLACEMENT_3D('',#2769,#2770,#2771);
#2769 = CARTESIAN_POINT('',(0.,0.,28.39));
#2770 = DIRECTION('',(0.,0.,1.));
#2771 = DIRECTION('',(1.,0.,-0.));
#2772 = ORIENTED_EDGE('',*,*,#2726,.T.);
#2773 = ORIENTED_EDGE('',*,*,#1067,.T.);
#2774 = PLANE('',#2775);
#2775 = AXIS2_PLACEMENT_3D('',#2776,#2777,#2778);
#2776 = CARTESIAN_POINT('',(63.642355401505,27.968206931238,28.39));
#2777 = DIRECTION('',(0.,0.,1.));
#2778 = DIRECTION('',(0.866025403784,0.5,0.));
#2779 = ADVANCED_FACE('',(#2780),#2806,.T.);
#2780 = FACE_BOUND('',#2781,.T.);
#2781 = EDGE_LOOP('',(#2782,#2793,#2799,#2800));
#2782 = ORIENTED_EDGE('',*,*,#2783,.F.);
#2783 = EDGE_CURVE('',#2784,#2786,#2788,.T.);
#2784 = VERTEX_POINT('',#2785);
#2785 = CARTESIAN_POINT('',(-56.89899093065,41.626371822115,23.));
#2786 = VERTEX_POINT('',#2787);
#2787 = CARTESIAN_POINT('',(-64.49899093065,28.462785684592,23.));
#2788 = CIRCLE('',#2789,70.5);
#2789 = AXIS2_PLACEMENT_3D('',#2790,#2791,#2792);
#2790 = CARTESIAN_POINT('',(0.,0.,23.));
#2791 = DIRECTION('',(0.,0.,1.));
#2792 = DIRECTION('',(1.,0.,-0.));
#2793 = ORIENTED_EDGE('',*,*,#2794,.T.);
#2794 = EDGE_CURVE('',#2784,#1085,#2795,.T.);
#2795 = LINE('',#2796,#2797);
#2796 = CARTESIAN_POINT('',(-56.0423554015,41.131793068762,23.));
#2797 = VECTOR('',#2798,1.);
#2798 = DIRECTION('',(-0.866025403784,0.5,0.));
#2799 = ORIENTED_EDGE('',*,*,#1084,.T.);
#2800 = ORIENTED_EDGE('',*,*,#2801,.F.);
#2801 = EDGE_CURVE('',#2786,#1087,#2802,.T.);
#2802 = LINE('',#2803,#2804);
#2803 = CARTESIAN_POINT('',(-63.6423554015,27.968206931238,23.));
#2804 = VECTOR('',#2805,1.);
#2805 = DIRECTION('',(-0.866025403784,0.5,0.));
#2806 = PLANE('',#2807);
#2807 = AXIS2_PLACEMENT_3D('',#2808,#2809,#2810);
#2808 = CARTESIAN_POINT('',(-56.0423554015,41.131793068762,23.));
#2809 = DIRECTION('',(0.,0.,1.));
#2810 = DIRECTION('',(-0.866025403784,0.5,0.));
#2811 = ADVANCED_FACE('',(#2812),#2830,.T.);
#2812 = FACE_BOUND('',#2813,.T.);
#2813 = EDGE_LOOP('',(#2814,#2815,#2823,#2829));
#2814 = ORIENTED_EDGE('',*,*,#2794,.F.);
#2815 = ORIENTED_EDGE('',*,*,#2816,.T.);
#2816 = EDGE_CURVE('',#2784,#2817,#2819,.T.);
#2817 = VERTEX_POINT('',#2818);
#2818 = CARTESIAN_POINT('',(-56.89899093065,41.626371822115,28.39));
#2819 = LINE('',#2820,#2821);
#2820 = CARTESIAN_POINT('',(-56.89899093065,41.626371822115,7.99));
#2821 = VECTOR('',#2822,1.);
#2822 = DIRECTION('',(0.,0.,1.));
#2823 = ORIENTED_EDGE('',*,*,#2824,.T.);
#2824 = EDGE_CURVE('',#2817,#1096,#2825,.T.);
#2825 = LINE('',#2826,#2827);
#2826 = CARTESIAN_POINT('',(-56.0423554015,41.131793068762,28.39));
#2827 = VECTOR('',#2828,1.);
#2828 = DIRECTION('',(-0.866025403784,0.5,0.));
#2829 = ORIENTED_EDGE('',*,*,#1095,.F.);
#2830 = PLANE('',#2831);
#2831 = AXIS2_PLACEMENT_3D('',#2832,#2833,#2834);
#2832 = CARTESIAN_POINT('',(-56.0423554015,41.131793068762,23.));
#2833 = DIRECTION('',(-0.5,-0.866025403784,0.));
#2834 = DIRECTION('',(0.,0.,1.));
#2835 = ADVANCED_FACE('',(#2836),#2854,.F.);
#2836 = FACE_BOUND('',#2837,.F.);
#2837 = EDGE_LOOP('',(#2838,#2839,#2847,#2853));
#2838 = ORIENTED_EDGE('',*,*,#2801,.F.);
#2839 = ORIENTED_EDGE('',*,*,#2840,.T.);
#2840 = EDGE_CURVE('',#2786,#2841,#2843,.T.);
#2841 = VERTEX_POINT('',#2842);
#2842 = CARTESIAN_POINT('',(-64.49899093065,28.462785684592,28.39));
#2843 = LINE('',#2844,#2845);
#2844 = CARTESIAN_POINT('',(-64.49899093065,28.462785684592,7.99));
#2845 = VECTOR('',#2846,1.);
#2846 = DIRECTION('',(0.,0.,1.));
#2847 = ORIENTED_EDGE('',*,*,#2848,.T.);
#2848 = EDGE_CURVE('',#2841,#1104,#2849,.T.);
#2849 = LINE('',#2850,#2851);
#2850 = CARTESIAN_POINT('',(-63.6423554015,27.968206931238,28.39));
#2851 = VECTOR('',#2852,1.);
#2852 = DIRECTION('',(-0.866025403784,0.5,0.));
#2853 = ORIENTED_EDGE('',*,*,#1112,.F.);
#2854 = PLANE('',#2855);
#2855 = AXIS2_PLACEMENT_3D('',#2856,#2857,#2858);
#2856 = CARTESIAN_POINT('',(-63.6423554015,27.968206931238,23.));
#2857 = DIRECTION('',(-0.5,-0.866025403784,0.));
#2858 = DIRECTION('',(0.,0.,1.));
#2859 = ADVANCED_FACE('',(#2860),#2872,.F.);
#2860 = FACE_BOUND('',#2861,.F.);
#2861 = EDGE_LOOP('',(#2862,#2863,#2870,#2871));
#2862 = ORIENTED_EDGE('',*,*,#2848,.F.);
#2863 = ORIENTED_EDGE('',*,*,#2864,.F.);
#2864 = EDGE_CURVE('',#2817,#2841,#2865,.T.);
#2865 = CIRCLE('',#2866,70.5);
#2866 = AXIS2_PLACEMENT_3D('',#2867,#2868,#2869);
#2867 = CARTESIAN_POINT('',(0.,0.,28.39));
#2868 = DIRECTION('',(0.,0.,1.));
#2869 = DIRECTION('',(1.,0.,-0.));
#2870 = ORIENTED_EDGE('',*,*,#2824,.T.);
#2871 = ORIENTED_EDGE('',*,*,#1103,.T.);
#2872 = PLANE('',#2873);
#2873 = AXIS2_PLACEMENT_3D('',#2874,#2875,#2876);
#2874 = CARTESIAN_POINT('',(-56.0423554015,41.131793068762,28.39));
#2875 = DIRECTION('',(0.,0.,1.));
#2876 = DIRECTION('',(-0.866025403784,0.5,0.));
#2877 = ADVANCED_FACE('',(#2878),#2904,.T.);
#2878 = FACE_BOUND('',#2879,.T.);
#2879 = EDGE_LOOP('',(#2880,#2891,#2897,#2898));
#2880 = ORIENTED_EDGE('',*,*,#2881,.F.);
#2881 = EDGE_CURVE('',#2882,#2884,#2886,.T.);
#2882 = VERTEX_POINT('',#2883);
#2883 = CARTESIAN_POINT('',(-7.6,-70.0891575067,23.));
#2884 = VERTEX_POINT('',#2885);
#2885 = CARTESIAN_POINT('',(7.6,-70.0891575067,23.));
#2886 = CIRCLE('',#2887,70.5);
#2887 = AXIS2_PLACEMENT_3D('',#2888,#2889,#2890);
#2888 = CARTESIAN_POINT('',(0.,0.,23.));
#2889 = DIRECTION('',(0.,0.,1.));
#2890 = DIRECTION('',(1.,0.,-0.));
#2891 = ORIENTED_EDGE('',*,*,#2892,.T.);
#2892 = EDGE_CURVE('',#2882,#1121,#2893,.T.);
#2893 = LINE('',#2894,#2895);
#2894 = CARTESIAN_POINT('',(-7.6,-69.1,23.));
#2895 = VECTOR('',#2896,1.);
#2896 = DIRECTION('',(-2.22044604925E-16,-1.,0.));
#2897 = ORIENTED_EDGE('',*,*,#1120,.T.);
#2898 = ORIENTED_EDGE('',*,*,#2899,.F.);
#2899 = EDGE_CURVE('',#2884,#1123,#2900,.T.);
#2900 = LINE('',#2901,#2902);
#2901 = CARTESIAN_POINT('',(7.6,-69.1,23.));
#2902 = VECTOR('',#2903,1.);
#2903 = DIRECTION('',(-2.22044604925E-16,-1.,0.));
#2904 = PLANE('',#2905);
#2905 = AXIS2_PLACEMENT_3D('',#2906,#2907,#2908);
#2906 = CARTESIAN_POINT('',(-7.6,-69.1,23.));
#2907 = DIRECTION('',(0.,0.,1.));
#2908 = DIRECTION('',(-2.22044604925E-16,-1.,0.));
#2909 = ADVANCED_FACE('',(#2910),#2928,.T.);
#2910 = FACE_BOUND('',#2911,.T.);
#2911 = EDGE_LOOP('',(#2912,#2913,#2921,#2927));
#2912 = ORIENTED_EDGE('',*,*,#2892,.F.);
#2913 = ORIENTED_EDGE('',*,*,#2914,.T.);
#2914 = EDGE_CURVE('',#2882,#2915,#2917,.T.);
#2915 = VERTEX_POINT('',#2916);
#2916 = CARTESIAN_POINT('',(-7.6,-70.0891575067,28.39));
#2917 = LINE('',#2918,#2919);
#2918 = CARTESIAN_POINT('',(-7.6,-70.0891575067,7.99));
#2919 = VECTOR('',#2920,1.);
#2920 = DIRECTION('',(0.,0.,1.));
#2921 = ORIENTED_EDGE('',*,*,#2922,.T.);
#2922 = EDGE_CURVE('',#2915,#1132,#2923,.T.);
#2923 = LINE('',#2924,#2925);
#2924 = CARTESIAN_POINT('',(-7.6,-69.1,28.39));
#2925 = VECTOR('',#2926,1.);
#2926 = DIRECTION('',(-2.22044604925E-16,-1.,0.));
#2927 = ORIENTED_EDGE('',*,*,#1131,.F.);
#2928 = PLANE('',#2929);
#2929 = AXIS2_PLACEMENT_3D('',#2930,#2931,#2932);
#2930 = CARTESIAN_POINT('',(-7.6,-69.1,23.));
#2931 = DIRECTION('',(1.,-2.22044604925E-16,0.));
#2932 = DIRECTION('',(0.,0.,1.));
#2933 = ADVANCED_FACE('',(#2934),#2952,.F.);
#2934 = FACE_BOUND('',#2935,.F.);
#2935 = EDGE_LOOP('',(#2936,#2937,#2945,#2951));
#2936 = ORIENTED_EDGE('',*,*,#2899,.F.);
#2937 = ORIENTED_EDGE('',*,*,#2938,.T.);
#2938 = EDGE_CURVE('',#2884,#2939,#2941,.T.);
#2939 = VERTEX_POINT('',#2940);
#2940 = CARTESIAN_POINT('',(7.6,-70.0891575067,28.39));
#2941 = LINE('',#2942,#2943);
#2942 = CARTESIAN_POINT('',(7.6,-70.0891575067,7.99));
#2943 = VECTOR('',#2944,1.);
#2944 = DIRECTION('',(0.,0.,1.));
#2945 = ORIENTED_EDGE('',*,*,#2946,.T.);
#2946 = EDGE_CURVE('',#2939,#1140,#2947,.T.);
#2947 = LINE('',#2948,#2949);
#2948 = CARTESIAN_POINT('',(7.6,-69.1,28.39));
#2949 = VECTOR('',#2950,1.);
#2950 = DIRECTION('',(-2.22044604925E-16,-1.,0.));
#2951 = ORIENTED_EDGE('',*,*,#1148,.F.);
#2952 = PLANE('',#2953);
#2953 = AXIS2_PLACEMENT_3D('',#2954,#2955,#2956);
#2954 = CARTESIAN_POINT('',(7.6,-69.1,23.));
#2955 = DIRECTION('',(1.,-2.22044604925E-16,0.));
#2956 = DIRECTION('',(0.,0.,1.));
#2957 = ADVANCED_FACE('',(#2958),#2970,.F.);
#2958 = FACE_BOUND('',#2959,.F.);
#2959 = EDGE_LOOP('',(#2960,#2961,#2968,#2969));
#2960 = ORIENTED_EDGE('',*,*,#2946,.F.);
#2961 = ORIENTED_EDGE('',*,*,#2962,.F.);
#2962 = EDGE_CURVE('',#2915,#2939,#2963,.T.);
#2963 = CIRCLE('',#2964,70.5);
#2964 = AXIS2_PLACEMENT_3D('',#2965,#2966,#2967);
#2965 = CARTESIAN_POINT('',(0.,0.,28.39));
#2966 = DIRECTION('',(0.,0.,1.));
#2967 = DIRECTION('',(1.,0.,-0.));
#2968 = ORIENTED_EDGE('',*,*,#2922,.T.);
#2969 = ORIENTED_EDGE('',*,*,#1139,.T.);
#2970 = PLANE('',#2971);
#2971 = AXIS2_PLACEMENT_3D('',#2972,#2973,#2974);
#2972 = CARTESIAN_POINT('',(-7.6,-69.1,28.39));
#2973 = DIRECTION('',(0.,0.,1.));
#2974 = DIRECTION('',(-2.22044604925E-16,-1.,0.));
#2975 = ADVANCED_FACE('',(#2976),#2995,.T.);
#2976 = FACE_BOUND('',#2977,.T.);
#2977 = EDGE_LOOP('',(#2978,#2986,#2993,#2994));
#2978 = ORIENTED_EDGE('',*,*,#2979,.T.);
#2979 = EDGE_CURVE('',#1166,#2980,#2982,.T.);
#2980 = VERTEX_POINT('',#2981);
#2981 = CARTESIAN_POINT('',(-59.10623380828,-34.125,32.58));
#2982 = LINE('',#2983,#2984);
#2983 = CARTESIAN_POINT('',(-59.10623380828,-34.125,30.39));
#2984 = VECTOR('',#2985,1.);
#2985 = DIRECTION('',(0.,0.,1.));
#2986 = ORIENTED_EDGE('',*,*,#2987,.F.);
#2987 = EDGE_CURVE('',#2980,#2980,#2988,.T.);
#2988 = CIRCLE('',#2989,1.);
#2989 = AXIS2_PLACEMENT_3D('',#2990,#2991,#2992);
#2990 = CARTESIAN_POINT('',(-58.2402084045,-33.625,32.58));
#2991 = DIRECTION('',(0.,0.,1.));
#2992 = DIRECTION('',(-0.866025403784,-0.5,0.));
#2993 = ORIENTED_EDGE('',*,*,#2979,.F.);
#2994 = ORIENTED_EDGE('',*,*,#1165,.T.);
#2995 = CYLINDRICAL_SURFACE('',#2996,1.);
#2996 = AXIS2_PLACEMENT_3D('',#2997,#2998,#2999);
#2997 = CARTESIAN_POINT('',(-58.2402084045,-33.625,30.39));
#2998 = DIRECTION('',(0.,0.,1.));
#2999 = DIRECTION('',(-0.866025403784,-0.5,0.));
#3000 = ADVANCED_FACE('',(#3001),#3020,.T.);
#3001 = FACE_BOUND('',#3002,.T.);
#3002 = EDGE_LOOP('',(#3003,#3011,#3018,#3019));
#3003 = ORIENTED_EDGE('',*,*,#3004,.T.);
#3004 = EDGE_CURVE('',#1177,#3005,#3007,.T.);
#3005 = VERTEX_POINT('',#3006);
#3006 = CARTESIAN_POINT('',(59.106233808288,-34.125,32.58));
#3007 = LINE('',#3008,#3009);
#3008 = CARTESIAN_POINT('',(59.106233808288,-34.125,30.39));
#3009 = VECTOR('',#3010,1.);
#3010 = DIRECTION('',(0.,0.,1.));
#3011 = ORIENTED_EDGE('',*,*,#3012,.F.);
#3012 = EDGE_CURVE('',#3005,#3005,#3013,.T.);
#3013 = CIRCLE('',#3014,1.);
#3014 = AXIS2_PLACEMENT_3D('',#3015,#3016,#3017);
#3015 = CARTESIAN_POINT('',(58.240208404503,-33.625,32.58));
#3016 = DIRECTION('',(-0.,0.,1.));
#3017 = DIRECTION('',(0.866025403784,-0.5,0.));
#3018 = ORIENTED_EDGE('',*,*,#3004,.F.);
#3019 = ORIENTED_EDGE('',*,*,#1176,.T.);
#3020 = CYLINDRICAL_SURFACE('',#3021,1.);
#3021 = AXIS2_PLACEMENT_3D('',#3022,#3023,#3024);
#3022 = CARTESIAN_POINT('',(58.240208404503,-33.625,30.39));
#3023 = DIRECTION('',(0.,0.,1.));
#3024 = DIRECTION('',(0.866025403784,-0.5,0.));
#3025 = ADVANCED_FACE('',(#3026),#3067,.F.);
#3026 = FACE_BOUND('',#3027,.F.);
#3027 = EDGE_LOOP('',(#3028,#3036,#3044,#3052,#3060,#3066));
#3028 = ORIENTED_EDGE('',*,*,#3029,.F.);
#3029 = EDGE_CURVE('',#3030,#1188,#3032,.T.);
#3030 = VERTEX_POINT('',#3031);
#3031 = CARTESIAN_POINT('',(68.75,-20.,27.4));
#3032 = LINE('',#3033,#3034);
#3033 = CARTESIAN_POINT('',(68.75,-20.,27.4));
#3034 = VECTOR('',#3035,1.);
#3035 = DIRECTION('',(0.,0.,1.));
#3036 = ORIENTED_EDGE('',*,*,#3037,.T.);
#3037 = EDGE_CURVE('',#3030,#3038,#3040,.T.);
#3038 = VERTEX_POINT('',#3039);
#3039 = CARTESIAN_POINT('',(68.75,-15.61049326574,27.4));
#3040 = LINE('',#3041,#3042);
#3041 = CARTESIAN_POINT('',(68.75,-20.,27.4));
#3042 = VECTOR('',#3043,1.);
#3043 = DIRECTION('',(0.,1.,0.));
#3044 = ORIENTED_EDGE('',*,*,#3045,.T.);
#3045 = EDGE_CURVE('',#3038,#3046,#3048,.T.);
#3046 = VERTEX_POINT('',#3047);
#3047 = CARTESIAN_POINT('',(68.75,-15.61049326574,28.4));
#3048 = LINE('',#3049,#3050);
#3049 = CARTESIAN_POINT('',(68.75,-15.61049326574,7.99));
#3050 = VECTOR('',#3051,1.);
#3051 = DIRECTION('',(0.,0.,1.));
#3052 = ORIENTED_EDGE('',*,*,#3053,.T.);
#3053 = EDGE_CURVE('',#3046,#3054,#3056,.T.);
#3054 = VERTEX_POINT('',#3055);
#3055 = CARTESIAN_POINT('',(68.75,12.,28.4));
#3056 = LINE('',#3057,#3058);
#3057 = CARTESIAN_POINT('',(68.75,-10.,28.4));
#3058 = VECTOR('',#3059,1.);
#3059 = DIRECTION('',(0.,1.,0.));
#3060 = ORIENTED_EDGE('',*,*,#3061,.T.);
#3061 = EDGE_CURVE('',#3054,#1190,#3062,.T.);
#3062 = LINE('',#3063,#3064);
#3063 = CARTESIAN_POINT('',(68.75,12.,27.4));
#3064 = VECTOR('',#3065,1.);
#3065 = DIRECTION('',(0.,0.,1.));
#3066 = ORIENTED_EDGE('',*,*,#1187,.F.);
#3067 = PLANE('',#3068);
#3068 = AXIS2_PLACEMENT_3D('',#3069,#3070,#3071);
#3069 = CARTESIAN_POINT('',(68.75,-20.,27.4));
#3070 = DIRECTION('',(1.,0.,0.));
#3071 = DIRECTION('',(0.,0.,1.));
#3072 = ADVANCED_FACE('',(#3073),#3123,.T.);
#3073 = FACE_BOUND('',#3074,.T.);
#3074 = EDGE_LOOP('',(#3075,#3085,#3091,#3092,#3093,#3101,#3109,#3117));
#3075 = ORIENTED_EDGE('',*,*,#3076,.F.);
#3076 = EDGE_CURVE('',#3077,#3079,#3081,.T.);
#3077 = VERTEX_POINT('',#3078);
#3078 = CARTESIAN_POINT('',(62.,-20.,29.8));
#3079 = VERTEX_POINT('',#3080);
#3080 = CARTESIAN_POINT('',(66.25,-20.,29.8));
#3081 = LINE('',#3082,#3083);
#3082 = CARTESIAN_POINT('',(62.,-20.,29.8));
#3083 = VECTOR('',#3084,1.);
#3084 = DIRECTION('',(1.,0.,0.));
#3085 = ORIENTED_EDGE('',*,*,#3086,.T.);
#3086 = EDGE_CURVE('',#3077,#1198,#3087,.T.);
#3087 = LINE('',#3088,#3089);
#3088 = CARTESIAN_POINT('',(62.,-20.,29.8));
#3089 = VECTOR('',#3090,1.);
#3090 = DIRECTION('',(0.,0.,1.));
#3091 = ORIENTED_EDGE('',*,*,#1197,.F.);
#3092 = ORIENTED_EDGE('',*,*,#3029,.F.);
#3093 = ORIENTED_EDGE('',*,*,#3094,.F.);
#3094 = EDGE_CURVE('',#3095,#3030,#3097,.T.);
#3095 = VERTEX_POINT('',#3096);
#3096 = CARTESIAN_POINT('',(67.603624163206,-20.,27.4));
#3097 = LINE('',#3098,#3099);
#3098 = CARTESIAN_POINT('',(66.25,-20.,27.4));
#3099 = VECTOR('',#3100,1.);
#3100 = DIRECTION('',(1.,0.,0.));
#3101 = ORIENTED_EDGE('',*,*,#3102,.T.);
#3102 = EDGE_CURVE('',#3095,#3103,#3105,.T.);
#3103 = VERTEX_POINT('',#3104);
#3104 = CARTESIAN_POINT('',(67.603624163206,-20.,28.4));
#3105 = LINE('',#3106,#3107);
#3106 = CARTESIAN_POINT('',(67.603624163206,-20.,7.99));
#3107 = VECTOR('',#3108,1.);
#3108 = DIRECTION('',(0.,0.,1.));
#3109 = ORIENTED_EDGE('',*,*,#3110,.T.);
#3110 = EDGE_CURVE('',#3103,#3111,#3113,.T.);
#3111 = VERTEX_POINT('',#3112);
#3112 = CARTESIAN_POINT('',(66.25,-20.,28.4));
#3113 = LINE('',#3114,#3115);
#3114 = CARTESIAN_POINT('',(33.125,-20.,28.4));
#3115 = VECTOR('',#3116,1.);
#3116 = DIRECTION('',(-1.,0.,0.));
#3117 = ORIENTED_EDGE('',*,*,#3118,.T.);
#3118 = EDGE_CURVE('',#3111,#3079,#3119,.T.);
#3119 = LINE('',#3120,#3121);
#3120 = CARTESIAN_POINT('',(66.25,-20.,27.4));
#3121 = VECTOR('',#3122,1.);
#3122 = DIRECTION('',(0.,0.,1.));
#3123 = PLANE('',#3124);
#3124 = AXIS2_PLACEMENT_3D('',#3125,#3126,#3127);
#3125 = CARTESIAN_POINT('',(62.,-20.,29.8));
#3126 = DIRECTION('',(0.,1.,0.));
#3127 = DIRECTION('',(0.,0.,1.));
#3128 = ADVANCED_FACE('',(#3129),#3147,.T.);
#3129 = FACE_BOUND('',#3130,.T.);
#3130 = EDGE_LOOP('',(#3131,#3132,#3140,#3146));
#3131 = ORIENTED_EDGE('',*,*,#3086,.F.);
#3132 = ORIENTED_EDGE('',*,*,#3133,.T.);
#3133 = EDGE_CURVE('',#3077,#3134,#3136,.T.);
#3134 = VERTEX_POINT('',#3135);
#3135 = CARTESIAN_POINT('',(62.,-1.469823751231E-14,29.8));
#3136 = LINE('',#3137,#3138);
#3137 = CARTESIAN_POINT('',(62.,-20.,29.8));
#3138 = VECTOR('',#3139,1.);
#3139 = DIRECTION('',(0.,1.,0.));
#3140 = ORIENTED_EDGE('',*,*,#3141,.T.);
#3141 = EDGE_CURVE('',#3134,#1206,#3142,.T.);
#3142 = LINE('',#3143,#3144);
#3143 = CARTESIAN_POINT('',(62.,-1.518562030943E-14,28.39));
#3144 = VECTOR('',#3145,1.);
#3145 = DIRECTION('',(0.,0.,1.));
#3146 = ORIENTED_EDGE('',*,*,#1205,.F.);
#3147 = PLANE('',#3148);
#3148 = AXIS2_PLACEMENT_3D('',#3149,#3150,#3151);
#3149 = CARTESIAN_POINT('',(62.,-20.,29.8));
#3150 = DIRECTION('',(1.,0.,0.));
#3151 = DIRECTION('',(0.,0.,1.));
#3152 = ADVANCED_FACE('',(#3153),#3171,.T.);
#3153 = FACE_BOUND('',#3154,.T.);
#3154 = EDGE_LOOP('',(#3155,#3156,#3164,#3170));
#3155 = ORIENTED_EDGE('',*,*,#3141,.F.);
#3156 = ORIENTED_EDGE('',*,*,#3157,.T.);
#3157 = EDGE_CURVE('',#3134,#3158,#3160,.T.);
#3158 = VERTEX_POINT('',#3159);
#3159 = CARTESIAN_POINT('',(62.,12.,29.8));
#3160 = LINE('',#3161,#3162);
#3161 = CARTESIAN_POINT('',(62.,-20.,29.8));
#3162 = VECTOR('',#3163,1.);
#3163 = DIRECTION('',(0.,1.,0.));
#3164 = ORIENTED_EDGE('',*,*,#3165,.T.);
#3165 = EDGE_CURVE('',#3158,#1214,#3166,.T.);
#3166 = LINE('',#3167,#3168);
#3167 = CARTESIAN_POINT('',(62.,12.,29.8));
#3168 = VECTOR('',#3169,1.);
#3169 = DIRECTION('',(0.,0.,1.));
#3170 = ORIENTED_EDGE('',*,*,#1213,.F.);
#3171 = PLANE('',#3172);
#3172 = AXIS2_PLACEMENT_3D('',#3173,#3174,#3175);
#3173 = CARTESIAN_POINT('',(62.,-20.,29.8));
#3174 = DIRECTION('',(1.,0.,0.));
#3175 = DIRECTION('',(0.,0.,1.));
#3176 = ADVANCED_FACE('',(#3177),#3204,.F.);
#3177 = FACE_BOUND('',#3178,.F.);
#3178 = EDGE_LOOP('',(#3179,#3180,#3188,#3196,#3202,#3203));
#3179 = ORIENTED_EDGE('',*,*,#3061,.F.);
#3180 = ORIENTED_EDGE('',*,*,#3181,.T.);
#3181 = EDGE_CURVE('',#3054,#3182,#3184,.T.);
#3182 = VERTEX_POINT('',#3183);
#3183 = CARTESIAN_POINT('',(66.25,12.,28.4));
#3184 = LINE('',#3185,#3186);
#3185 = CARTESIAN_POINT('',(33.125,12.,28.4));
#3186 = VECTOR('',#3187,1.);
#3187 = DIRECTION('',(-1.,0.,0.));
#3188 = ORIENTED_EDGE('',*,*,#3189,.T.);
#3189 = EDGE_CURVE('',#3182,#3190,#3192,.T.);
#3190 = VERTEX_POINT('',#3191);
#3191 = CARTESIAN_POINT('',(66.25,12.,29.8));
#3192 = LINE('',#3193,#3194);
#3193 = CARTESIAN_POINT('',(66.25,12.,27.4));
#3194 = VECTOR('',#3195,1.);
#3195 = DIRECTION('',(0.,0.,1.));
#3196 = ORIENTED_EDGE('',*,*,#3197,.F.);
#3197 = EDGE_CURVE('',#3158,#3190,#3198,.T.);
#3198 = LINE('',#3199,#3200);
#3199 = CARTESIAN_POINT('',(62.,12.,29.8));
#3200 = VECTOR('',#3201,1.);
#3201 = DIRECTION('',(1.,0.,0.));
#3202 = ORIENTED_EDGE('',*,*,#3165,.T.);
#3203 = ORIENTED_EDGE('',*,*,#1221,.T.);
#3204 = PLANE('',#3205);
#3205 = AXIS2_PLACEMENT_3D('',#3206,#3207,#3208);
#3206 = CARTESIAN_POINT('',(66.25,12.,27.4));
#3207 = DIRECTION('',(0.,1.,0.));
#3208 = DIRECTION('',(0.,0.,1.));
#3209 = ADVANCED_FACE('',(#3210),#3231,.F.);
#3210 = FACE_BOUND('',#3211,.F.);
#3211 = EDGE_LOOP('',(#3212,#3213,#3214,#3222,#3229,#3230));
#3212 = ORIENTED_EDGE('',*,*,#1229,.F.);
#3213 = ORIENTED_EDGE('',*,*,#3141,.F.);
#3214 = ORIENTED_EDGE('',*,*,#3215,.F.);
#3215 = EDGE_CURVE('',#3216,#3134,#3218,.T.);
#3216 = VERTEX_POINT('',#3217);
#3217 = CARTESIAN_POINT('',(62.,-1.518562030943E-14,28.4));
#3218 = LINE('',#3219,#3220);
#3219 = CARTESIAN_POINT('',(62.,-1.518562030943E-14,28.39));
#3220 = VECTOR('',#3221,1.);
#3221 = DIRECTION('',(0.,0.,1.));
#3222 = ORIENTED_EDGE('',*,*,#3223,.T.);
#3223 = EDGE_CURVE('',#3216,#3216,#3224,.T.);
#3224 = CIRCLE('',#3225,62.);
#3225 = AXIS2_PLACEMENT_3D('',#3226,#3227,#3228);
#3226 = CARTESIAN_POINT('',(0.,0.,28.4));
#3227 = DIRECTION('',(0.,0.,1.));
#3228 = DIRECTION('',(1.,0.,-0.));
#3229 = ORIENTED_EDGE('',*,*,#3215,.T.);
#3230 = ORIENTED_EDGE('',*,*,#3141,.T.);
#3231 = CYLINDRICAL_SURFACE('',#3232,62.);
#3232 = AXIS2_PLACEMENT_3D('',#3233,#3234,#3235);
#3233 = CARTESIAN_POINT('',(0.,0.,28.39));
#3234 = DIRECTION('',(0.,0.,1.));
#3235 = DIRECTION('',(1.,0.,-0.));
#3236 = ADVANCED_FACE('',(#3237),#3256,.T.);
#3237 = FACE_BOUND('',#3238,.T.);
#3238 = EDGE_LOOP('',(#3239,#3247,#3254,#3255));
#3239 = ORIENTED_EDGE('',*,*,#3240,.T.);
#3240 = EDGE_CURVE('',#1241,#3241,#3243,.T.);
#3241 = VERTEX_POINT('',#3242);
#3242 = CARTESIAN_POINT('',(34.125,59.106233808288,32.58));
#3243 = LINE('',#3244,#3245);
#3244 = CARTESIAN_POINT('',(34.125,59.106233808288,30.39));
#3245 = VECTOR('',#3246,1.);
#3246 = DIRECTION('',(0.,0.,1.));
#3247 = ORIENTED_EDGE('',*,*,#3248,.F.);
#3248 = EDGE_CURVE('',#3241,#3241,#3249,.T.);
#3249 = CIRCLE('',#3250,1.);
#3250 = AXIS2_PLACEMENT_3D('',#3251,#3252,#3253);
#3251 = CARTESIAN_POINT('',(33.625,58.240208404503,32.58));
#3252 = DIRECTION('',(0.,-0.,1.));
#3253 = DIRECTION('',(0.5,0.866025403784,0.));
#3254 = ORIENTED_EDGE('',*,*,#3240,.F.);
#3255 = ORIENTED_EDGE('',*,*,#1240,.T.);
#3256 = CYLINDRICAL_SURFACE('',#3257,1.);
#3257 = AXIS2_PLACEMENT_3D('',#3258,#3259,#3260);
#3258 = CARTESIAN_POINT('',(33.625,58.240208404503,30.39));
#3259 = DIRECTION('',(0.,0.,1.));
#3260 = DIRECTION('',(0.5,0.866025403784,0.));
#3261 = ADVANCED_FACE('',(#3262),#3281,.T.);
#3262 = FACE_BOUND('',#3263,.T.);
#3263 = EDGE_LOOP('',(#3264,#3265,#3273,#3280));
#3264 = ORIENTED_EDGE('',*,*,#1257,.F.);
#3265 = ORIENTED_EDGE('',*,*,#3266,.F.);
#3266 = EDGE_CURVE('',#3267,#1258,#3269,.T.);
#3267 = VERTEX_POINT('',#3268);
#3268 = CARTESIAN_POINT('',(76.,-1.861463134704E-14,10.6));
#3269 = LINE('',#3270,#3271);
#3270 = CARTESIAN_POINT('',(76.,-1.861463134704E-14,10.6));
#3271 = VECTOR('',#3272,1.);
#3272 = DIRECTION('',(0.,0.,1.));
#3273 = ORIENTED_EDGE('',*,*,#3274,.T.);
#3274 = EDGE_CURVE('',#3267,#3267,#3275,.T.);
#3275 = CIRCLE('',#3276,76.);
#3276 = AXIS2_PLACEMENT_3D('',#3277,#3278,#3279);
#3277 = CARTESIAN_POINT('',(0.,0.,10.6));
#3278 = DIRECTION('',(0.,0.,1.));
#3279 = DIRECTION('',(1.,0.,-0.));
#3280 = ORIENTED_EDGE('',*,*,#3266,.T.);
#3281 = CYLINDRICAL_SURFACE('',#3282,76.);
#3282 = AXIS2_PLACEMENT_3D('',#3283,#3284,#3285);
#3283 = CARTESIAN_POINT('',(0.,0.,10.6));
#3284 = DIRECTION('',(0.,0.,1.));
#3285 = DIRECTION('',(1.,0.,-0.));
#3286 = ADVANCED_FACE('',(#3287,#3714,#3717,#3720,#3723,#3726,#3729,
    #3732,#3735,#3738,#3741,#3744,#3747,#3750,#3753,#3756,#3759,#3762,
    #3768,#3774),#3780,.F.);
#3287 = FACE_BOUND('',#3288,.F.);
#3288 = EDGE_LOOP('',(#3289,#3299,#3308,#3316,#3325,#3333,#3342,#3350,
    #3359,#3367,#3376,#3384,#3393,#3401,#3410,#3418,#3427,#3435,#3444,
    #3452,#3461,#3469,#3478,#3486,#3495,#3503,#3512,#3520,#3529,#3537,
    #3544,#3545,#3552,#3553,#3560,#3561,#3570,#3578,#3587,#3595,#3604,
    #3612,#3621,#3629,#3638,#3646,#3653,#3654,#3655,#3656,#3665,#3673,
    #3682,#3690,#3699,#3707));
#3289 = ORIENTED_EDGE('',*,*,#3290,.F.);
#3290 = EDGE_CURVE('',#3291,#3293,#3295,.T.);
#3291 = VERTEX_POINT('',#3292);
#3292 = CARTESIAN_POINT('',(-62.49948770276,32.619994434268,8.));
#3293 = VERTEX_POINT('',#3294);
#3294 = CARTESIAN_POINT('',(-62.49948770276,32.619994434268,21.3));
#3295 = LINE('',#3296,#3297);
#3296 = CARTESIAN_POINT('',(-62.49948770276,32.619994434268,7.99));
#3297 = VECTOR('',#3298,1.);
#3298 = DIRECTION('',(0.,0.,1.));
#3299 = ORIENTED_EDGE('',*,*,#3300,.T.);
#3300 = EDGE_CURVE('',#3291,#3301,#3303,.T.);
#3301 = VERTEX_POINT('',#3302);
#3302 = CARTESIAN_POINT('',(-70.41306696913,3.5,8.));
#3303 = CIRCLE('',#3304,70.5);
#3304 = AXIS2_PLACEMENT_3D('',#3305,#3306,#3307);
#3305 = CARTESIAN_POINT('',(0.,0.,8.));
#3306 = DIRECTION('',(0.,0.,1.));
#3307 = DIRECTION('',(1.,0.,-0.));
#3308 = ORIENTED_EDGE('',*,*,#3309,.T.);
#3309 = EDGE_CURVE('',#3301,#3310,#3312,.T.);
#3310 = VERTEX_POINT('',#3311);
#3311 = CARTESIAN_POINT('',(-70.41306696913,3.5,19.48));
#3312 = LINE('',#3313,#3314);
#3313 = CARTESIAN_POINT('',(-70.41306696913,3.5,7.99));
#3314 = VECTOR('',#3315,1.);
#3315 = DIRECTION('',(0.,0.,1.));
#3316 = ORIENTED_EDGE('',*,*,#3317,.T.);
#3317 = EDGE_CURVE('',#3310,#3318,#3320,.T.);
#3318 = VERTEX_POINT('',#3319);
#3319 = CARTESIAN_POINT('',(-70.41306696913,-3.5,19.48));
#3320 = CIRCLE('',#3321,70.5);
#3321 = AXIS2_PLACEMENT_3D('',#3322,#3323,#3324);
#3322 = CARTESIAN_POINT('',(0.,0.,19.48));
#3323 = DIRECTION('',(0.,0.,1.));
#3324 = DIRECTION('',(1.,0.,-0.));
#3325 = ORIENTED_EDGE('',*,*,#3326,.F.);
#3326 = EDGE_CURVE('',#3327,#3318,#3329,.T.);
#3327 = VERTEX_POINT('',#3328);
#3328 = CARTESIAN_POINT('',(-70.41306696913,-3.5,8.));
#3329 = LINE('',#3330,#3331);
#3330 = CARTESIAN_POINT('',(-70.41306696913,-3.5,7.99));
#3331 = VECTOR('',#3332,1.);
#3332 = DIRECTION('',(0.,0.,1.));
#3333 = ORIENTED_EDGE('',*,*,#3334,.T.);
#3334 = EDGE_CURVE('',#3327,#3335,#3337,.T.);
#3335 = VERTEX_POINT('',#3336);
#3336 = CARTESIAN_POINT('',(-38.23762239781,-59.22950475364,8.));
#3337 = CIRCLE('',#3338,70.5);
#3338 = AXIS2_PLACEMENT_3D('',#3339,#3340,#3341);
#3339 = CARTESIAN_POINT('',(0.,0.,8.));
#3340 = DIRECTION('',(0.,0.,1.));
#3341 = DIRECTION('',(1.,0.,-0.));
#3342 = ORIENTED_EDGE('',*,*,#3343,.T.);
#3343 = EDGE_CURVE('',#3335,#3344,#3346,.T.);
#3344 = VERTEX_POINT('',#3345);
#3345 = CARTESIAN_POINT('',(-38.23762239781,-59.22950475364,19.48));
#3346 = LINE('',#3347,#3348);
#3347 = CARTESIAN_POINT('',(-38.23762239781,-59.22950475364,7.99));
#3348 = VECTOR('',#3349,1.);
#3349 = DIRECTION('',(0.,0.,1.));
#3350 = ORIENTED_EDGE('',*,*,#3351,.T.);
#3351 = EDGE_CURVE('',#3344,#3352,#3354,.T.);
#3352 = VERTEX_POINT('',#3353);
#3353 = CARTESIAN_POINT('',(-32.17544457132,-62.72950475364,19.48));
#3354 = CIRCLE('',#3355,70.5);
#3355 = AXIS2_PLACEMENT_3D('',#3356,#3357,#3358);
#3356 = CARTESIAN_POINT('',(0.,0.,19.48));
#3357 = DIRECTION('',(0.,0.,1.));
#3358 = DIRECTION('',(1.,0.,-0.));
#3359 = ORIENTED_EDGE('',*,*,#3360,.F.);
#3360 = EDGE_CURVE('',#3361,#3352,#3363,.T.);
#3361 = VERTEX_POINT('',#3362);
#3362 = CARTESIAN_POINT('',(-32.17544457132,-62.72950475364,8.));
#3363 = LINE('',#3364,#3365);
#3364 = CARTESIAN_POINT('',(-32.17544457132,-62.72950475364,7.99));
#3365 = VECTOR('',#3366,1.);
#3366 = DIRECTION('',(0.,0.,1.));
#3367 = ORIENTED_EDGE('',*,*,#3368,.T.);
#3368 = EDGE_CURVE('',#3361,#3369,#3371,.T.);
#3369 = VERTEX_POINT('',#3370);
#3370 = CARTESIAN_POINT('',(-20.23328921756,-67.53416918448,8.));
#3371 = CIRCLE('',#3372,70.5);
#3372 = AXIS2_PLACEMENT_3D('',#3373,#3374,#3375);
#3373 = CARTESIAN_POINT('',(0.,0.,8.));
#3374 = DIRECTION('',(0.,0.,1.));
#3375 = DIRECTION('',(1.,0.,-0.));
#3376 = ORIENTED_EDGE('',*,*,#3377,.T.);
#3377 = EDGE_CURVE('',#3369,#3378,#3380,.T.);
#3378 = VERTEX_POINT('',#3379);
#3379 = CARTESIAN_POINT('',(-20.23328921756,-67.53416918448,18.));
#3380 = LINE('',#3381,#3382);
#3381 = CARTESIAN_POINT('',(-20.23328921756,-67.53416918448,7.99));
#3382 = VECTOR('',#3383,1.);
#3383 = DIRECTION('',(0.,0.,1.));
#3384 = ORIENTED_EDGE('',*,*,#3385,.T.);
#3385 = EDGE_CURVE('',#3378,#3386,#3388,.T.);
#3386 = VERTEX_POINT('',#3387);
#3387 = CARTESIAN_POINT('',(-8.98459180913,-69.92515362888,18.));
#3388 = CIRCLE('',#3389,70.5);
#3389 = AXIS2_PLACEMENT_3D('',#3390,#3391,#3392);
#3390 = CARTESIAN_POINT('',(0.,0.,18.));
#3391 = DIRECTION('',(0.,0.,1.));
#3392 = DIRECTION('',(1.,0.,-0.));
#3393 = ORIENTED_EDGE('',*,*,#3394,.F.);
#3394 = EDGE_CURVE('',#3395,#3386,#3397,.T.);
#3395 = VERTEX_POINT('',#3396);
#3396 = CARTESIAN_POINT('',(-8.984591809129,-69.92515362888,8.));
#3397 = LINE('',#3398,#3399);
#3398 = CARTESIAN_POINT('',(-8.98459180913,-69.92515362888,7.99));
#3399 = VECTOR('',#3400,1.);
#3400 = DIRECTION('',(0.,0.,1.));
#3401 = ORIENTED_EDGE('',*,*,#3402,.T.);
#3402 = EDGE_CURVE('',#3395,#3403,#3405,.T.);
#3403 = VERTEX_POINT('',#3404);
#3404 = CARTESIAN_POINT('',(-3.,-70.43614129124,8.));
#3405 = CIRCLE('',#3406,70.5);
#3406 = AXIS2_PLACEMENT_3D('',#3407,#3408,#3409);
#3407 = CARTESIAN_POINT('',(0.,0.,8.));
#3408 = DIRECTION('',(0.,0.,1.));
#3409 = DIRECTION('',(1.,0.,-0.));
#3410 = ORIENTED_EDGE('',*,*,#3411,.T.);
#3411 = EDGE_CURVE('',#3403,#3412,#3414,.T.);
#3412 = VERTEX_POINT('',#3413);
#3413 = CARTESIAN_POINT('',(-3.,-70.43614129124,21.3));
#3414 = LINE('',#3415,#3416);
#3415 = CARTESIAN_POINT('',(-3.,-70.43614129124,7.99));
#3416 = VECTOR('',#3417,1.);
#3417 = DIRECTION('',(0.,0.,1.));
#3418 = ORIENTED_EDGE('',*,*,#3419,.T.);
#3419 = EDGE_CURVE('',#3412,#3420,#3422,.T.);
#3420 = VERTEX_POINT('',#3421);
#3421 = CARTESIAN_POINT('',(3.,-70.43614129124,21.3));
#3422 = CIRCLE('',#3423,70.5);
#3423 = AXIS2_PLACEMENT_3D('',#3424,#3425,#3426);
#3424 = CARTESIAN_POINT('',(0.,0.,21.3));
#3425 = DIRECTION('',(0.,0.,1.));
#3426 = DIRECTION('',(1.,0.,-0.));
#3427 = ORIENTED_EDGE('',*,*,#3428,.F.);
#3428 = EDGE_CURVE('',#3429,#3420,#3431,.T.);
#3429 = VERTEX_POINT('',#3430);
#3430 = CARTESIAN_POINT('',(3.,-70.43614129124,8.));
#3431 = LINE('',#3432,#3433);
#3432 = CARTESIAN_POINT('',(3.,-70.43614129124,7.99));
#3433 = VECTOR('',#3434,1.);
#3434 = DIRECTION('',(0.,0.,1.));
#3435 = ORIENTED_EDGE('',*,*,#3436,.T.);
#3436 = EDGE_CURVE('',#3429,#3437,#3439,.T.);
#3437 = VERTEX_POINT('',#3438);
#3438 = CARTESIAN_POINT('',(41.776917026359,-56.78854817454,8.));
#3439 = CIRCLE('',#3440,70.5);
#3440 = AXIS2_PLACEMENT_3D('',#3441,#3442,#3443);
#3441 = CARTESIAN_POINT('',(0.,0.,8.));
#3442 = DIRECTION('',(0.,0.,1.));
#3443 = DIRECTION('',(1.,0.,-0.));
#3444 = ORIENTED_EDGE('',*,*,#3445,.T.);
#3445 = EDGE_CURVE('',#3437,#3446,#3448,.T.);
#3446 = VERTEX_POINT('',#3447);
#3447 = CARTESIAN_POINT('',(41.776917026359,-56.78854817454,23.4));
#3448 = LINE('',#3449,#3450);
#3449 = CARTESIAN_POINT('',(41.776917026359,-56.78854817454,7.99));
#3450 = VECTOR('',#3451,1.);
#3451 = DIRECTION('',(0.,0.,1.));
#3452 = ORIENTED_EDGE('',*,*,#3453,.T.);
#3453 = EDGE_CURVE('',#3446,#3454,#3456,.T.);
#3454 = VERTEX_POINT('',#3455);
#3455 = CARTESIAN_POINT('',(48.67131701443,-51.00345968736,23.4));
#3456 = CIRCLE('',#3457,70.5);
#3457 = AXIS2_PLACEMENT_3D('',#3458,#3459,#3460);
#3458 = CARTESIAN_POINT('',(0.,0.,23.4));
#3459 = DIRECTION('',(0.,0.,1.));
#3460 = DIRECTION('',(1.,0.,-0.));
#3461 = ORIENTED_EDGE('',*,*,#3462,.F.);
#3462 = EDGE_CURVE('',#3463,#3454,#3465,.T.);
#3463 = VERTEX_POINT('',#3464);
#3464 = CARTESIAN_POINT('',(48.67131701443,-51.00345968736,8.));
#3465 = LINE('',#3466,#3467);
#3466 = CARTESIAN_POINT('',(48.67131701443,-51.00345968736,7.99));
#3467 = VECTOR('',#3468,1.);
#3468 = DIRECTION('',(0.,0.,1.));
#3469 = ORIENTED_EDGE('',*,*,#3470,.T.);
#3470 = EDGE_CURVE('',#3463,#3471,#3473,.T.);
#3471 = VERTEX_POINT('',#3472);
#3472 = CARTESIAN_POINT('',(51.689782040768,-47.9418025587,8.));
#3473 = CIRCLE('',#3474,70.5);
#3474 = AXIS2_PLACEMENT_3D('',#3475,#3476,#3477);
#3475 = CARTESIAN_POINT('',(0.,0.,8.));
#3476 = DIRECTION('',(0.,0.,1.));
#3477 = DIRECTION('',(1.,0.,-0.));
#3478 = ORIENTED_EDGE('',*,*,#3479,.T.);
#3479 = EDGE_CURVE('',#3471,#3480,#3482,.T.);
#3480 = VERTEX_POINT('',#3481);
#3481 = CARTESIAN_POINT('',(51.689782040768,-47.9418025587,19.48));
#3482 = LINE('',#3483,#3484);
#3483 = CARTESIAN_POINT('',(51.689782040768,-47.9418025587,7.99));
#3484 = VECTOR('',#3485,1.);
#3485 = DIRECTION('',(0.,0.,1.));
#3486 = ORIENTED_EDGE('',*,*,#3487,.T.);
#3487 = EDGE_CURVE('',#3480,#3488,#3490,.T.);
#3488 = VERTEX_POINT('',#3489);
#3489 = CARTESIAN_POINT('',(56.189295308574,-42.57949145687,19.48));
#3490 = CIRCLE('',#3491,70.5);
#3491 = AXIS2_PLACEMENT_3D('',#3492,#3493,#3494);
#3492 = CARTESIAN_POINT('',(0.,0.,19.48));
#3493 = DIRECTION('',(0.,0.,1.));
#3494 = DIRECTION('',(1.,0.,-0.));
#3495 = ORIENTED_EDGE('',*,*,#3496,.F.);
#3496 = EDGE_CURVE('',#3497,#3488,#3499,.T.);
#3497 = VERTEX_POINT('',#3498);
#3498 = CARTESIAN_POINT('',(56.189295308574,-42.57949145687,8.));
#3499 = LINE('',#3500,#3501);
#3500 = CARTESIAN_POINT('',(56.189295308574,-42.57949145687,7.99));
#3501 = VECTOR('',#3502,1.);
#3502 = DIRECTION('',(0.,0.,1.));
#3503 = ORIENTED_EDGE('',*,*,#3504,.T.);
#3504 = EDGE_CURVE('',#3497,#3505,#3507,.T.);
#3505 = VERTEX_POINT('',#3506);
#3506 = CARTESIAN_POINT('',(69.5,-11.83215956619,8.));
#3507 = CIRCLE('',#3508,70.5);
#3508 = AXIS2_PLACEMENT_3D('',#3509,#3510,#3511);
#3509 = CARTESIAN_POINT('',(0.,0.,8.));
#3510 = DIRECTION('',(0.,0.,1.));
#3511 = DIRECTION('',(1.,0.,-0.));
#3512 = ORIENTED_EDGE('',*,*,#3513,.T.);
#3513 = EDGE_CURVE('',#3505,#3514,#3516,.T.);
#3514 = VERTEX_POINT('',#3515);
#3515 = CARTESIAN_POINT('',(69.5,-11.83215956619,9.6));
#3516 = LINE('',#3517,#3518);
#3517 = CARTESIAN_POINT('',(69.5,-11.83215956619,7.99));
#3518 = VECTOR('',#3519,1.);
#3519 = DIRECTION('',(0.,0.,1.));
#3520 = ORIENTED_EDGE('',*,*,#3521,.T.);
#3521 = EDGE_CURVE('',#3514,#3522,#3524,.T.);
#3522 = VERTEX_POINT('',#3523);
#3523 = CARTESIAN_POINT('',(70.5,-1.726751986798E-14,9.6));
#3524 = CIRCLE('',#3525,70.5);
#3525 = AXIS2_PLACEMENT_3D('',#3526,#3527,#3528);
#3526 = CARTESIAN_POINT('',(0.,0.,9.6));
#3527 = DIRECTION('',(0.,0.,1.));
#3528 = DIRECTION('',(1.,0.,-0.));
#3529 = ORIENTED_EDGE('',*,*,#3530,.T.);
#3530 = EDGE_CURVE('',#3522,#3531,#3533,.T.);
#3531 = VERTEX_POINT('',#3532);
#3532 = CARTESIAN_POINT('',(70.5,-1.726751986798E-14,28.4));
#3533 = LINE('',#3534,#3535);
#3534 = CARTESIAN_POINT('',(70.5,-1.726751986798E-14,7.99));
#3535 = VECTOR('',#3536,1.);
#3536 = DIRECTION('',(0.,0.,1.));
#3537 = ORIENTED_EDGE('',*,*,#3538,.F.);
#3538 = EDGE_CURVE('',#3046,#3531,#3539,.T.);
#3539 = CIRCLE('',#3540,70.5);
#3540 = AXIS2_PLACEMENT_3D('',#3541,#3542,#3543);
#3541 = CARTESIAN_POINT('',(0.,0.,28.4));
#3542 = DIRECTION('',(0.,0.,1.));
#3543 = DIRECTION('',(1.,0.,-0.));
#3544 = ORIENTED_EDGE('',*,*,#3045,.F.);
#3545 = ORIENTED_EDGE('',*,*,#3546,.F.);
#3546 = EDGE_CURVE('',#3095,#3038,#3547,.T.);
#3547 = CIRCLE('',#3548,70.5);
#3548 = AXIS2_PLACEMENT_3D('',#3549,#3550,#3551);
#3549 = CARTESIAN_POINT('',(0.,0.,27.4));
#3550 = DIRECTION('',(0.,0.,1.));
#3551 = DIRECTION('',(1.,0.,-0.));
#3552 = ORIENTED_EDGE('',*,*,#3102,.T.);
#3553 = ORIENTED_EDGE('',*,*,#3554,.F.);
#3554 = EDGE_CURVE('',#3531,#3103,#3555,.T.);
#3555 = CIRCLE('',#3556,70.5);
#3556 = AXIS2_PLACEMENT_3D('',#3557,#3558,#3559);
#3557 = CARTESIAN_POINT('',(0.,0.,28.4));
#3558 = DIRECTION('',(0.,0.,1.));
#3559 = DIRECTION('',(1.,0.,-0.));
#3560 = ORIENTED_EDGE('',*,*,#3530,.F.);
#3561 = ORIENTED_EDGE('',*,*,#3562,.T.);
#3562 = EDGE_CURVE('',#3522,#3563,#3565,.T.);
#3563 = VERTEX_POINT('',#3564);
#3564 = CARTESIAN_POINT('',(69.5,11.832159566199,9.6));
#3565 = CIRCLE('',#3566,70.5);
#3566 = AXIS2_PLACEMENT_3D('',#3567,#3568,#3569);
#3567 = CARTESIAN_POINT('',(0.,0.,9.6));
#3568 = DIRECTION('',(0.,0.,1.));
#3569 = DIRECTION('',(1.,0.,-0.));
#3570 = ORIENTED_EDGE('',*,*,#3571,.F.);
#3571 = EDGE_CURVE('',#3572,#3563,#3574,.T.);
#3572 = VERTEX_POINT('',#3573);
#3573 = CARTESIAN_POINT('',(69.5,11.832159566199,8.));
#3574 = LINE('',#3575,#3576);
#3575 = CARTESIAN_POINT('',(69.5,11.832159566199,7.99));
#3576 = VECTOR('',#3577,1.);
#3577 = DIRECTION('',(0.,0.,1.));
#3578 = ORIENTED_EDGE('',*,*,#3579,.T.);
#3579 = EDGE_CURVE('',#3572,#3580,#3582,.T.);
#3580 = VERTEX_POINT('',#3581);
#3581 = CARTESIAN_POINT('',(62.499487702767,32.619994434268,8.));
#3582 = CIRCLE('',#3583,70.5);
#3583 = AXIS2_PLACEMENT_3D('',#3584,#3585,#3586);
#3584 = CARTESIAN_POINT('',(0.,0.,8.));
#3585 = DIRECTION('',(0.,0.,1.));
#3586 = DIRECTION('',(1.,0.,-0.));
#3587 = ORIENTED_EDGE('',*,*,#3588,.T.);
#3588 = EDGE_CURVE('',#3580,#3589,#3591,.T.);
#3589 = VERTEX_POINT('',#3590);
#3590 = CARTESIAN_POINT('',(62.499487702767,32.619994434268,21.3));
#3591 = LINE('',#3592,#3593);
#3592 = CARTESIAN_POINT('',(62.499487702767,32.619994434268,7.99));
#3593 = VECTOR('',#3594,1.);
#3594 = DIRECTION('',(0.,0.,1.));
#3595 = ORIENTED_EDGE('',*,*,#3596,.T.);
#3596 = EDGE_CURVE('',#3589,#3597,#3599,.T.);
#3597 = VERTEX_POINT('',#3598);
#3598 = CARTESIAN_POINT('',(59.499487702767,37.816146856975,21.3));
#3599 = CIRCLE('',#3600,70.5);
#3600 = AXIS2_PLACEMENT_3D('',#3601,#3602,#3603);
#3601 = CARTESIAN_POINT('',(0.,0.,21.3));
#3602 = DIRECTION('',(0.,0.,1.));
#3603 = DIRECTION('',(1.,0.,-0.));
#3604 = ORIENTED_EDGE('',*,*,#3605,.F.);
#3605 = EDGE_CURVE('',#3606,#3597,#3608,.T.);
#3606 = VERTEX_POINT('',#3607);
#3607 = CARTESIAN_POINT('',(59.499487702767,37.816146856975,8.));
#3608 = LINE('',#3609,#3610);
#3609 = CARTESIAN_POINT('',(59.499487702767,37.816146856975,7.99));
#3610 = VECTOR('',#3611,1.);
#3611 = DIRECTION('',(0.,0.,1.));
#3612 = ORIENTED_EDGE('',*,*,#3613,.T.);
#3613 = EDGE_CURVE('',#3606,#3614,#3616,.T.);
#3614 = VERTEX_POINT('',#3615);
#3615 = CARTESIAN_POINT('',(47.941802558705,51.689782040768,8.));
#3616 = CIRCLE('',#3617,70.5);
#3617 = AXIS2_PLACEMENT_3D('',#3618,#3619,#3620);
#3618 = CARTESIAN_POINT('',(0.,0.,8.));
#3619 = DIRECTION('',(0.,0.,1.));
#3620 = DIRECTION('',(1.,0.,-0.));
#3621 = ORIENTED_EDGE('',*,*,#3622,.T.);
#3622 = EDGE_CURVE('',#3614,#3623,#3625,.T.);
#3623 = VERTEX_POINT('',#3624);
#3624 = CARTESIAN_POINT('',(47.941802558705,51.689782040768,19.48));
#3625 = LINE('',#3626,#3627);
#3626 = CARTESIAN_POINT('',(47.941802558705,51.689782040768,7.99));
#3627 = VECTOR('',#3628,1.);
#3628 = DIRECTION('',(0.,0.,1.));
#3629 = ORIENTED_EDGE('',*,*,#3630,.T.);
#3630 = EDGE_CURVE('',#3623,#3631,#3633,.T.);
#3631 = VERTEX_POINT('',#3632);
#3632 = CARTESIAN_POINT('',(42.579491456873,56.189295308574,19.48));
#3633 = CIRCLE('',#3634,70.5);
#3634 = AXIS2_PLACEMENT_3D('',#3635,#3636,#3637);
#3635 = CARTESIAN_POINT('',(0.,0.,19.48));
#3636 = DIRECTION('',(0.,0.,1.));
#3637 = DIRECTION('',(1.,0.,-0.));
#3638 = ORIENTED_EDGE('',*,*,#3639,.F.);
#3639 = EDGE_CURVE('',#3640,#3631,#3642,.T.);
#3640 = VERTEX_POINT('',#3641);
#3641 = CARTESIAN_POINT('',(42.579491456873,56.189295308574,8.));
#3642 = LINE('',#3643,#3644);
#3643 = CARTESIAN_POINT('',(42.579491456873,56.189295308574,7.99));
#3644 = VECTOR('',#3645,1.);
#3645 = DIRECTION('',(0.,0.,1.));
#3646 = ORIENTED_EDGE('',*,*,#3647,.T.);
#3647 = EDGE_CURVE('',#3640,#1307,#3648,.T.);
#3648 = CIRCLE('',#3649,70.5);
#3649 = AXIS2_PLACEMENT_3D('',#3650,#3651,#3652);
#3650 = CARTESIAN_POINT('',(0.,0.,8.));
#3651 = DIRECTION('',(0.,0.,1.));
#3652 = DIRECTION('',(1.,0.,-0.));
#3653 = ORIENTED_EDGE('',*,*,#1306,.T.);
#3654 = ORIENTED_EDGE('',*,*,#1373,.T.);
#3655 = ORIENTED_EDGE('',*,*,#1357,.F.);
#3656 = ORIENTED_EDGE('',*,*,#3657,.T.);
#3657 = EDGE_CURVE('',#1349,#3658,#3660,.T.);
#3658 = VERTEX_POINT('',#3659);
#3659 = CARTESIAN_POINT('',(-32.17544457132,62.729504753647,8.));
#3660 = CIRCLE('',#3661,70.5);
#3661 = AXIS2_PLACEMENT_3D('',#3662,#3663,#3664);
#3662 = CARTESIAN_POINT('',(0.,0.,8.));
#3663 = DIRECTION('',(0.,0.,1.));
#3664 = DIRECTION('',(1.,0.,-0.));
#3665 = ORIENTED_EDGE('',*,*,#3666,.T.);
#3666 = EDGE_CURVE('',#3658,#3667,#3669,.T.);
#3667 = VERTEX_POINT('',#3668);
#3668 = CARTESIAN_POINT('',(-32.17544457132,62.729504753647,19.48));
#3669 = LINE('',#3670,#3671);
#3670 = CARTESIAN_POINT('',(-32.17544457132,62.729504753647,7.99));
#3671 = VECTOR('',#3672,1.);
#3672 = DIRECTION('',(0.,0.,1.));
#3673 = ORIENTED_EDGE('',*,*,#3674,.T.);
#3674 = EDGE_CURVE('',#3667,#3675,#3677,.T.);
#3675 = VERTEX_POINT('',#3676);
#3676 = CARTESIAN_POINT('',(-38.23762239781,59.229504753647,19.48));
#3677 = CIRCLE('',#3678,70.5);
#3678 = AXIS2_PLACEMENT_3D('',#3679,#3680,#3681);
#3679 = CARTESIAN_POINT('',(0.,0.,19.48));
#3680 = DIRECTION('',(0.,0.,1.));
#3681 = DIRECTION('',(1.,0.,-0.));
#3682 = ORIENTED_EDGE('',*,*,#3683,.F.);
#3683 = EDGE_CURVE('',#3684,#3675,#3686,.T.);
#3684 = VERTEX_POINT('',#3685);
#3685 = CARTESIAN_POINT('',(-38.23762239781,59.229504753647,8.));
#3686 = LINE('',#3687,#3688);
#3687 = CARTESIAN_POINT('',(-38.23762239781,59.229504753647,7.99));
#3688 = VECTOR('',#3689,1.);
#3689 = DIRECTION('',(0.,0.,1.));
#3690 = ORIENTED_EDGE('',*,*,#3691,.T.);
#3691 = EDGE_CURVE('',#3684,#3692,#3694,.T.);
#3692 = VERTEX_POINT('',#3693);
#3693 = CARTESIAN_POINT('',(-59.49948770276,37.816146856975,8.));
#3694 = CIRCLE('',#3695,70.5);
#3695 = AXIS2_PLACEMENT_3D('',#3696,#3697,#3698);
#3696 = CARTESIAN_POINT('',(0.,0.,8.));
#3697 = DIRECTION('',(0.,0.,1.));
#3698 = DIRECTION('',(1.,0.,-0.));
#3699 = ORIENTED_EDGE('',*,*,#3700,.T.);
#3700 = EDGE_CURVE('',#3692,#3701,#3703,.T.);
#3701 = VERTEX_POINT('',#3702);
#3702 = CARTESIAN_POINT('',(-59.49948770276,37.816146856975,21.3));
#3703 = LINE('',#3704,#3705);
#3704 = CARTESIAN_POINT('',(-59.49948770276,37.816146856975,7.99));
#3705 = VECTOR('',#3706,1.);
#3706 = DIRECTION('',(0.,0.,1.));
#3707 = ORIENTED_EDGE('',*,*,#3708,.T.);
#3708 = EDGE_CURVE('',#3701,#3293,#3709,.T.);
#3709 = CIRCLE('',#3710,70.5);
#3710 = AXIS2_PLACEMENT_3D('',#3711,#3712,#3713);
#3711 = CARTESIAN_POINT('',(0.,0.,21.3));
#3712 = DIRECTION('',(0.,0.,1.));
#3713 = DIRECTION('',(1.,0.,-0.));
#3714 = FACE_BOUND('',#3715,.F.);
#3715 = EDGE_LOOP('',(#3716));
#3716 = ORIENTED_EDGE('',*,*,#1398,.F.);
#3717 = FACE_BOUND('',#3718,.F.);
#3718 = EDGE_LOOP('',(#3719));
#3719 = ORIENTED_EDGE('',*,*,#1469,.F.);
#3720 = FACE_BOUND('',#3721,.F.);
#3721 = EDGE_LOOP('',(#3722));
#3722 = ORIENTED_EDGE('',*,*,#1540,.F.);
#3723 = FACE_BOUND('',#3724,.F.);
#3724 = EDGE_LOOP('',(#3725));
#3725 = ORIENTED_EDGE('',*,*,#1611,.F.);
#3726 = FACE_BOUND('',#3727,.F.);
#3727 = EDGE_LOOP('',(#3728));
#3728 = ORIENTED_EDGE('',*,*,#1682,.F.);
#3729 = FACE_BOUND('',#3730,.F.);
#3730 = EDGE_LOOP('',(#3731));
#3731 = ORIENTED_EDGE('',*,*,#1753,.F.);
#3732 = FACE_BOUND('',#3733,.F.);
#3733 = EDGE_LOOP('',(#3734));
#3734 = ORIENTED_EDGE('',*,*,#1824,.F.);
#3735 = FACE_BOUND('',#3736,.F.);
#3736 = EDGE_LOOP('',(#3737));
#3737 = ORIENTED_EDGE('',*,*,#1895,.F.);
#3738 = FACE_BOUND('',#3739,.F.);
#3739 = EDGE_LOOP('',(#3740));
#3740 = ORIENTED_EDGE('',*,*,#1966,.F.);
#3741 = FACE_BOUND('',#3742,.F.);
#3742 = EDGE_LOOP('',(#3743));
#3743 = ORIENTED_EDGE('',*,*,#2037,.F.);
#3744 = FACE_BOUND('',#3745,.F.);
#3745 = EDGE_LOOP('',(#3746));
#3746 = ORIENTED_EDGE('',*,*,#2108,.F.);
#3747 = FACE_BOUND('',#3748,.F.);
#3748 = EDGE_LOOP('',(#3749));
#3749 = ORIENTED_EDGE('',*,*,#2179,.F.);
#3750 = FACE_BOUND('',#3751,.F.);
#3751 = EDGE_LOOP('',(#3752));
#3752 = ORIENTED_EDGE('',*,*,#2250,.F.);
#3753 = FACE_BOUND('',#3754,.F.);
#3754 = EDGE_LOOP('',(#3755));
#3755 = ORIENTED_EDGE('',*,*,#2321,.F.);
#3756 = FACE_BOUND('',#3757,.F.);
#3757 = EDGE_LOOP('',(#3758));
#3758 = ORIENTED_EDGE('',*,*,#2392,.F.);
#3759 = FACE_BOUND('',#3760,.F.);
#3760 = EDGE_LOOP('',(#3761));
#3761 = ORIENTED_EDGE('',*,*,#2463,.F.);
#3762 = FACE_BOUND('',#3763,.F.);
#3763 = EDGE_LOOP('',(#3764,#3765,#3766,#3767));
#3764 = ORIENTED_EDGE('',*,*,#2685,.F.);
#3765 = ORIENTED_EDGE('',*,*,#2718,.T.);
#3766 = ORIENTED_EDGE('',*,*,#2766,.T.);
#3767 = ORIENTED_EDGE('',*,*,#2742,.F.);
#3768 = FACE_BOUND('',#3769,.F.);
#3769 = EDGE_LOOP('',(#3770,#3771,#3772,#3773));
#3770 = ORIENTED_EDGE('',*,*,#2783,.F.);
#3771 = ORIENTED_EDGE('',*,*,#2816,.T.);
#3772 = ORIENTED_EDGE('',*,*,#2864,.T.);
#3773 = ORIENTED_EDGE('',*,*,#2840,.F.);
#3774 = FACE_BOUND('',#3775,.F.);
#3775 = EDGE_LOOP('',(#3776,#3777,#3778,#3779));
#3776 = ORIENTED_EDGE('',*,*,#2881,.F.);
#3777 = ORIENTED_EDGE('',*,*,#2914,.T.);
#3778 = ORIENTED_EDGE('',*,*,#2962,.T.);
#3779 = ORIENTED_EDGE('',*,*,#2938,.F.);
#3780 = CYLINDRICAL_SURFACE('',#3781,70.5);
#3781 = AXIS2_PLACEMENT_3D('',#3782,#3783,#3784);
#3782 = CARTESIAN_POINT('',(0.,0.,7.99));
#3783 = DIRECTION('',(0.,0.,1.));
#3784 = DIRECTION('',(1.,0.,-0.));
#3785 = ADVANCED_FACE('',(#3786),#3851,.F.);
#3786 = FACE_BOUND('',#3787,.F.);
#3787 = EDGE_LOOP('',(#3788,#3796,#3803,#3804,#3805,#3813,#3821,#3827,
    #3828,#3836,#3844,#3850));
#3788 = ORIENTED_EDGE('',*,*,#3789,.T.);
#3789 = EDGE_CURVE('',#3572,#3790,#3792,.T.);
#3790 = VERTEX_POINT('',#3791);
#3791 = CARTESIAN_POINT('',(69.5,19.187495928338,8.));
#3792 = LINE('',#3793,#3794);
#3793 = CARTESIAN_POINT('',(69.5,-14.,8.));
#3794 = VECTOR('',#3795,1.);
#3795 = DIRECTION('',(0.,1.,0.));
#3796 = ORIENTED_EDGE('',*,*,#3797,.F.);
#3797 = EDGE_CURVE('',#1315,#3790,#3798,.T.);
#3798 = CIRCLE('',#3799,72.1);
#3799 = AXIS2_PLACEMENT_3D('',#3800,#3801,#3802);
#3800 = CARTESIAN_POINT('',(0.,0.,8.));
#3801 = DIRECTION('',(0.,0.,-1.));
#3802 = DIRECTION('',(0.14841962655,0.988924473585,0.));
#3803 = ORIENTED_EDGE('',*,*,#1314,.F.);
#3804 = ORIENTED_EDGE('',*,*,#3647,.F.);
#3805 = ORIENTED_EDGE('',*,*,#3806,.F.);
#3806 = EDGE_CURVE('',#3807,#3640,#3809,.T.);
#3807 = VERTEX_POINT('',#3808);
#3808 = CARTESIAN_POINT('',(42.956764736828,56.63891209535,8.));
#3809 = LINE('',#3810,#3811);
#3810 = CARTESIAN_POINT('',(18.691532471161,27.720734367609,8.));
#3811 = VECTOR('',#3812,1.);
#3812 = DIRECTION('',(-0.642787609687,-0.766044443119,0.));
#3813 = ORIENTED_EDGE('',*,*,#3814,.F.);
#3814 = EDGE_CURVE('',#3815,#3807,#3817,.T.);
#3815 = VERTEX_POINT('',#3816);
#3816 = CARTESIAN_POINT('',(48.319075838661,52.139398827545,8.));
#3817 = LINE('',#3818,#3819);
#3818 = CARTESIAN_POINT('',(46.978498063203,53.264277144496,8.));
#3819 = VECTOR('',#3820,1.);
#3820 = DIRECTION('',(-0.766044443119,0.642787609687,0.));
#3821 = ORIENTED_EDGE('',*,*,#3822,.T.);
#3822 = EDGE_CURVE('',#3815,#3614,#3823,.T.);
#3823 = LINE('',#3824,#3825);
#3824 = CARTESIAN_POINT('',(24.053843572994,23.221221099803,8.));
#3825 = VECTOR('',#3826,1.);
#3826 = DIRECTION('',(-0.642787609687,-0.766044443119,0.));
#3827 = ORIENTED_EDGE('',*,*,#3613,.F.);
#3828 = ORIENTED_EDGE('',*,*,#3829,.F.);
#3829 = EDGE_CURVE('',#3830,#3606,#3832,.T.);
#3830 = VERTEX_POINT('',#3831);
#3831 = CARTESIAN_POINT('',(59.987803668695,38.098076211353,8.));
#3832 = LINE('',#3833,#3834);
#3833 = CARTESIAN_POINT('',(27.178431246322,19.155576211353,8.));
#3834 = VECTOR('',#3835,1.);
#3835 = DIRECTION('',(-0.866025403784,-0.5,0.));
#3836 = ORIENTED_EDGE('',*,*,#3837,.F.);
#3837 = EDGE_CURVE('',#3838,#3830,#3840,.T.);
#3838 = VERTEX_POINT('',#3839);
#3839 = CARTESIAN_POINT('',(62.987803668695,32.901923788647,8.));
#3840 = LINE('',#3841,#3842);
#3841 = CARTESIAN_POINT('',(62.237803668695,34.200961894323,8.));
#3842 = VECTOR('',#3843,1.);
#3843 = DIRECTION('',(-0.5,0.866025403784,0.));
#3844 = ORIENTED_EDGE('',*,*,#3845,.T.);
#3845 = EDGE_CURVE('',#3838,#3580,#3846,.T.);
#3846 = LINE('',#3847,#3848);
#3847 = CARTESIAN_POINT('',(30.178431246322,13.959423788647,8.));
#3848 = VECTOR('',#3849,1.);
#3849 = DIRECTION('',(-0.866025403784,-0.5,0.));
#3850 = ORIENTED_EDGE('',*,*,#3579,.F.);
#3851 = PLANE('',#3852);
#3852 = AXIS2_PLACEMENT_3D('',#3853,#3854,#3855);
#3853 = CARTESIAN_POINT('',(0.,0.,8.));
#3854 = DIRECTION('',(0.,0.,1.));
#3855 = DIRECTION('',(1.,0.,-0.));
#3856 = ADVANCED_FACE('',(#3857),#3901,.T.);
#3857 = FACE_BOUND('',#3858,.T.);
#3858 = EDGE_LOOP('',(#3859,#3860,#3861,#3868,#3869,#3878,#3886,#3895));
#3859 = ORIENTED_EDGE('',*,*,#3797,.F.);
#3860 = ORIENTED_EDGE('',*,*,#1323,.T.);
#3861 = ORIENTED_EDGE('',*,*,#3862,.T.);
#3862 = EDGE_CURVE('',#1324,#1332,#3863,.T.);
#3863 = CIRCLE('',#3864,72.1);
#3864 = AXIS2_PLACEMENT_3D('',#3865,#3866,#3867);
#3865 = CARTESIAN_POINT('',(0.,0.,10.6));
#3866 = DIRECTION('',(0.,0.,-1.));
#3867 = DIRECTION('',(0.14841962655,0.988924473585,0.));
#3868 = ORIENTED_EDGE('',*,*,#1340,.F.);
#3869 = ORIENTED_EDGE('',*,*,#3870,.F.);
#3870 = EDGE_CURVE('',#3871,#1341,#3873,.T.);
#3871 = VERTEX_POINT('',#3872);
#3872 = CARTESIAN_POINT('',(69.5,-19.18749592833,8.));
#3873 = CIRCLE('',#3874,72.1);
#3874 = AXIS2_PLACEMENT_3D('',#3875,#3876,#3877);
#3875 = CARTESIAN_POINT('',(0.,0.,8.));
#3876 = DIRECTION('',(0.,0.,-1.));
#3877 = DIRECTION('',(0.14841962655,0.988924473585,0.));
#3878 = ORIENTED_EDGE('',*,*,#3879,.T.);
#3879 = EDGE_CURVE('',#3871,#3880,#3882,.T.);
#3880 = VERTEX_POINT('',#3881);
#3881 = CARTESIAN_POINT('',(69.5,-19.18749592833,9.6));
#3882 = LINE('',#3883,#3884);
#3883 = CARTESIAN_POINT('',(69.5,-19.18749592833,8.));
#3884 = VECTOR('',#3885,1.);
#3885 = DIRECTION('',(0.,0.,1.));
#3886 = ORIENTED_EDGE('',*,*,#3887,.T.);
#3887 = EDGE_CURVE('',#3880,#3888,#3890,.T.);
#3888 = VERTEX_POINT('',#3889);
#3889 = CARTESIAN_POINT('',(69.5,19.187495928338,9.6));
#3890 = CIRCLE('',#3891,72.1);
#3891 = AXIS2_PLACEMENT_3D('',#3892,#3893,#3894);
#3892 = CARTESIAN_POINT('',(0.,0.,9.6));
#3893 = DIRECTION('',(0.,0.,1.));
#3894 = DIRECTION('',(1.,0.,-0.));
#3895 = ORIENTED_EDGE('',*,*,#3896,.F.);
#3896 = EDGE_CURVE('',#3790,#3888,#3897,.T.);
#3897 = LINE('',#3898,#3899);
#3898 = CARTESIAN_POINT('',(69.5,19.187495928338,8.));
#3899 = VECTOR('',#3900,1.);
#3900 = DIRECTION('',(0.,0.,1.));
#3901 = CYLINDRICAL_SURFACE('',#3902,72.1);
#3902 = AXIS2_PLACEMENT_3D('',#3903,#3904,#3905);
#3903 = CARTESIAN_POINT('',(0.,0.,8.));
#3904 = DIRECTION('',(0.,0.,1.));
#3905 = DIRECTION('',(1.,0.,-0.));
#3906 = ADVANCED_FACE('',(#3907,#3910),#3914,.F.);
#3907 = FACE_BOUND('',#3908,.F.);
#3908 = EDGE_LOOP('',(#3909));
#3909 = ORIENTED_EDGE('',*,*,#3274,.T.);
#3910 = FACE_BOUND('',#3911,.F.);
#3911 = EDGE_LOOP('',(#3912,#3913));
#3912 = ORIENTED_EDGE('',*,*,#3862,.T.);
#3913 = ORIENTED_EDGE('',*,*,#1331,.T.);
#3914 = PLANE('',#3915);
#3915 = AXIS2_PLACEMENT_3D('',#3916,#3917,#3918);
#3916 = CARTESIAN_POINT('',(0.,0.,10.6));
#3917 = DIRECTION('',(0.,0.,1.));
#3918 = DIRECTION('',(1.,0.,-0.));
#3919 = ADVANCED_FACE('',(#3920),#4115,.F.);
#3920 = FACE_BOUND('',#3921,.F.);
#3921 = EDGE_LOOP('',(#3922,#3923,#3924,#3930,#3931,#3939,#3947,#3953,
    #3954,#3962,#3970,#3976,#3977,#3985,#3993,#3999,#4000,#4008,#4016,
    #4022,#4023,#4031,#4039,#4045,#4046,#4054,#4062,#4068,#4069,#4077,
    #4085,#4091,#4092,#4100,#4108,#4114));
#3922 = ORIENTED_EDGE('',*,*,#1348,.F.);
#3923 = ORIENTED_EDGE('',*,*,#3870,.F.);
#3924 = ORIENTED_EDGE('',*,*,#3925,.T.);
#3925 = EDGE_CURVE('',#3871,#3505,#3926,.T.);
#3926 = LINE('',#3927,#3928);
#3927 = CARTESIAN_POINT('',(69.5,-14.,8.));
#3928 = VECTOR('',#3929,1.);
#3929 = DIRECTION('',(0.,1.,0.));
#3930 = ORIENTED_EDGE('',*,*,#3504,.F.);
#3931 = ORIENTED_EDGE('',*,*,#3932,.F.);
#3932 = EDGE_CURVE('',#3933,#3497,#3935,.T.);
#3933 = VERTEX_POINT('',#3934);
#3934 = CARTESIAN_POINT('',(56.63891209535,-42.95676473682,8.));
#3935 = LINE('',#3936,#3937);
#3936 = CARTESIAN_POINT('',(27.720734367609,-18.69153247116,8.));
#3937 = VECTOR('',#3938,1.);
#3938 = DIRECTION('',(-0.766044443119,0.642787609687,0.));
#3939 = ORIENTED_EDGE('',*,*,#3940,.F.);
#3940 = EDGE_CURVE('',#3941,#3933,#3943,.T.);
#3941 = VERTEX_POINT('',#3942);
#3942 = CARTESIAN_POINT('',(52.139398827545,-48.31907583866,8.));
#3943 = LINE('',#3944,#3945);
#3944 = CARTESIAN_POINT('',(53.264277144496,-46.9784980632,8.));
#3945 = VECTOR('',#3946,1.);
#3946 = DIRECTION('',(0.642787609687,0.766044443119,-0.));
#3947 = ORIENTED_EDGE('',*,*,#3948,.T.);
#3948 = EDGE_CURVE('',#3941,#3471,#3949,.T.);
#3949 = LINE('',#3950,#3951);
#3950 = CARTESIAN_POINT('',(23.221221099803,-24.05384357299,8.));
#3951 = VECTOR('',#3952,1.);
#3952 = DIRECTION('',(-0.766044443119,0.642787609687,0.));
#3953 = ORIENTED_EDGE('',*,*,#3470,.F.);
#3954 = ORIENTED_EDGE('',*,*,#3955,.F.);
#3955 = EDGE_CURVE('',#3956,#3463,#3958,.T.);
#3956 = VERTEX_POINT('',#3957);
#3957 = CARTESIAN_POINT('',(49.08512028178,-51.49661121785,8.));
#3958 = LINE('',#3959,#3960);
#3959 = CARTESIAN_POINT('',(24.659191113691,-22.38692237933,8.));
#3960 = VECTOR('',#3961,1.);
#3961 = DIRECTION('',(-0.642787609687,0.766044443119,0.));
#3962 = ORIENTED_EDGE('',*,*,#3963,.F.);
#3963 = EDGE_CURVE('',#3964,#3956,#3966,.T.);
#3964 = VERTEX_POINT('',#3965);
#3965 = CARTESIAN_POINT('',(42.190720293709,-57.28169970503,8.));
#3966 = LINE('',#3967,#3968);
#3967 = CARTESIAN_POINT('',(43.914320290727,-55.83542758324,8.));
#3968 = VECTOR('',#3969,1.);
#3969 = DIRECTION('',(0.766044443119,0.642787609687,-0.));
#3970 = ORIENTED_EDGE('',*,*,#3971,.T.);
#3971 = EDGE_CURVE('',#3964,#3437,#3972,.T.);
#3972 = LINE('',#3973,#3974);
#3973 = CARTESIAN_POINT('',(17.76479112562,-28.17201086651,8.));
#3974 = VECTOR('',#3975,1.);
#3975 = DIRECTION('',(-0.642787609687,0.766044443119,0.));
#3976 = ORIENTED_EDGE('',*,*,#3436,.F.);
#3977 = ORIENTED_EDGE('',*,*,#3978,.F.);
#3978 = EDGE_CURVE('',#3979,#3429,#3981,.T.);
#3979 = VERTEX_POINT('',#3980);
#3980 = CARTESIAN_POINT('',(3.,-71.,8.));
#3981 = LINE('',#3982,#3983);
#3982 = CARTESIAN_POINT('',(3.,-33.115,8.));
#3983 = VECTOR('',#3984,1.);
#3984 = DIRECTION('',(2.22044604925E-16,1.,-0.));
#3985 = ORIENTED_EDGE('',*,*,#3986,.F.);
#3986 = EDGE_CURVE('',#3987,#3979,#3989,.T.);
#3987 = VERTEX_POINT('',#3988);
#3988 = CARTESIAN_POINT('',(-3.,-71.,8.));
#3989 = LINE('',#3990,#3991);
#3990 = CARTESIAN_POINT('',(-1.5,-71.,8.));
#3991 = VECTOR('',#3992,1.);
#3992 = DIRECTION('',(1.,-2.22044604925E-16,0.));
#3993 = ORIENTED_EDGE('',*,*,#3994,.T.);
#3994 = EDGE_CURVE('',#3987,#3403,#3995,.T.);
#3995 = LINE('',#3996,#3997);
#3996 = CARTESIAN_POINT('',(-3.,-33.115,8.));
#3997 = VECTOR('',#3998,1.);
#3998 = DIRECTION('',(2.22044604925E-16,1.,-0.));
#3999 = ORIENTED_EDGE('',*,*,#3402,.F.);
#4000 = ORIENTED_EDGE('',*,*,#4001,.F.);
#4001 = EDGE_CURVE('',#4002,#3395,#4004,.T.);
#4002 = VERTEX_POINT('',#4003);
#4003 = CARTESIAN_POINT('',(-8.77353588491,-68.93221357301,8.));
#4004 = LINE('',#4005,#4006);
#4005 = CARTESIAN_POINT('',(-8.77353588491,-68.93221357301,8.));
#4006 = VECTOR('',#4007,1.);
#4007 = DIRECTION('',(-0.207911690818,-0.978147600734,0.));
#4008 = ORIENTED_EDGE('',*,*,#4009,.F.);
#4009 = EDGE_CURVE('',#4010,#4002,#4012,.T.);
#4010 = VERTEX_POINT('',#4011);
#4011 = CARTESIAN_POINT('',(-20.02223329334,-66.54122912861,8.));
#4012 = LINE('',#4013,#4014);
#4013 = CARTESIAN_POINT('',(-20.02223329334,-66.54122912861,8.));
#4014 = VECTOR('',#4015,1.);
#4015 = DIRECTION('',(0.978147600734,-0.207911690818,0.));
#4016 = ORIENTED_EDGE('',*,*,#4017,.T.);
#4017 = EDGE_CURVE('',#4010,#3369,#4018,.T.);
#4018 = LINE('',#4019,#4020);
#4019 = CARTESIAN_POINT('',(-20.02223329334,-66.54122912861,8.));
#4020 = VECTOR('',#4021,1.);
#4021 = DIRECTION('',(-0.207911690818,-0.978147600734,0.));
#4022 = ORIENTED_EDGE('',*,*,#3368,.F.);
#4023 = ORIENTED_EDGE('',*,*,#4024,.F.);
#4024 = EDGE_CURVE('',#4025,#3361,#4027,.T.);
#4025 = VERTEX_POINT('',#4026);
#4026 = CARTESIAN_POINT('',(-32.46891108675,-63.23780366869,8.));
#4027 = LINE('',#4028,#4029);
#4028 = CARTESIAN_POINT('',(-13.59391108675,-30.54534467583,8.));
#4029 = VECTOR('',#4030,1.);
#4030 = DIRECTION('',(0.5,0.866025403784,-0.));
#4031 = ORIENTED_EDGE('',*,*,#4032,.F.);
#4032 = EDGE_CURVE('',#4033,#4025,#4035,.T.);
#4033 = VERTEX_POINT('',#4034);
#4034 = CARTESIAN_POINT('',(-38.53108891324,-59.73780366869,8.));
#4035 = LINE('',#4036,#4037);
#4036 = CARTESIAN_POINT('',(-37.01554445662,-60.61280366869,8.));
#4037 = VECTOR('',#4038,1.);
#4038 = DIRECTION('',(0.866025403784,-0.5,0.));
#4039 = ORIENTED_EDGE('',*,*,#4040,.T.);
#4040 = EDGE_CURVE('',#4033,#3335,#4041,.T.);
#4041 = LINE('',#4042,#4043);
#4042 = CARTESIAN_POINT('',(-19.65608891324,-27.04534467583,8.));
#4043 = VECTOR('',#4044,1.);
#4044 = DIRECTION('',(0.5,0.866025403784,-0.));
#4045 = ORIENTED_EDGE('',*,*,#3334,.F.);
#4046 = ORIENTED_EDGE('',*,*,#4047,.F.);
#4047 = EDGE_CURVE('',#4048,#3327,#4050,.T.);
#4048 = VERTEX_POINT('',#4049);
#4049 = CARTESIAN_POINT('',(-71.,-3.5,8.));
#4050 = LINE('',#4051,#4052);
#4051 = CARTESIAN_POINT('',(-33.25,-3.5,8.));
#4052 = VECTOR('',#4053,1.);
#4053 = DIRECTION('',(1.,-1.224646799147E-16,0.));
#4054 = ORIENTED_EDGE('',*,*,#4055,.F.);
#4055 = EDGE_CURVE('',#4056,#4048,#4058,.T.);
#4056 = VERTEX_POINT('',#4057);
#4057 = CARTESIAN_POINT('',(-71.,3.5,8.));
#4058 = LINE('',#4059,#4060);
#4059 = CARTESIAN_POINT('',(-71.,1.75,8.));
#4060 = VECTOR('',#4061,1.);
#4061 = DIRECTION('',(-1.224646799147E-16,-1.,0.));
#4062 = ORIENTED_EDGE('',*,*,#4063,.T.);
#4063 = EDGE_CURVE('',#4056,#3301,#4064,.T.);
#4064 = LINE('',#4065,#4066);
#4065 = CARTESIAN_POINT('',(-33.25,3.5,8.));
#4066 = VECTOR('',#4067,1.);
#4067 = DIRECTION('',(1.,-1.224646799147E-16,0.));
#4068 = ORIENTED_EDGE('',*,*,#3300,.F.);
#4069 = ORIENTED_EDGE('',*,*,#4070,.F.);
#4070 = EDGE_CURVE('',#4071,#3291,#4073,.T.);
#4071 = VERTEX_POINT('',#4072);
#4072 = CARTESIAN_POINT('',(-62.98780366869,32.901923788647,8.));
#4073 = LINE('',#4074,#4075);
#4074 = CARTESIAN_POINT('',(-30.17843124632,13.959423788647,8.));
#4075 = VECTOR('',#4076,1.);
#4076 = DIRECTION('',(0.866025403784,-0.5,0.));
#4077 = ORIENTED_EDGE('',*,*,#4078,.F.);
#4078 = EDGE_CURVE('',#4079,#4071,#4081,.T.);
#4079 = VERTEX_POINT('',#4080);
#4080 = CARTESIAN_POINT('',(-59.98780366869,38.098076211353,8.));
#4081 = LINE('',#4082,#4083);
#4082 = CARTESIAN_POINT('',(-60.73780366869,36.799038105677,8.));
#4083 = VECTOR('',#4084,1.);
#4084 = DIRECTION('',(-0.5,-0.866025403784,0.));
#4085 = ORIENTED_EDGE('',*,*,#4086,.T.);
#4086 = EDGE_CURVE('',#4079,#3692,#4087,.T.);
#4087 = LINE('',#4088,#4089);
#4088 = CARTESIAN_POINT('',(-27.17843124632,19.155576211353,8.));
#4089 = VECTOR('',#4090,1.);
#4090 = DIRECTION('',(0.866025403784,-0.5,0.));
#4091 = ORIENTED_EDGE('',*,*,#3691,.F.);
#4092 = ORIENTED_EDGE('',*,*,#4093,.F.);
#4093 = EDGE_CURVE('',#4094,#3684,#4096,.T.);
#4094 = VERTEX_POINT('',#4095);
#4095 = CARTESIAN_POINT('',(-38.53108891324,59.737803668695,8.));
#4096 = LINE('',#4097,#4098);
#4097 = CARTESIAN_POINT('',(-19.65608891324,27.045344675833,8.));
#4098 = VECTOR('',#4099,1.);
#4099 = DIRECTION('',(0.5,-0.866025403784,0.));
#4100 = ORIENTED_EDGE('',*,*,#4101,.F.);
#4101 = EDGE_CURVE('',#4102,#4094,#4104,.T.);
#4102 = VERTEX_POINT('',#4103);
#4103 = CARTESIAN_POINT('',(-32.46891108675,63.237803668695,8.));
#4104 = LINE('',#4105,#4106);
#4105 = CARTESIAN_POINT('',(-33.98445554337,62.362803668695,8.));
#4106 = VECTOR('',#4107,1.);
#4107 = DIRECTION('',(-0.866025403784,-0.5,0.));
#4108 = ORIENTED_EDGE('',*,*,#4109,.T.);
#4109 = EDGE_CURVE('',#4102,#3658,#4110,.T.);
#4110 = LINE('',#4111,#4112);
#4111 = CARTESIAN_POINT('',(-13.59391108675,30.545344675833,8.));
#4112 = VECTOR('',#4113,1.);
#4113 = DIRECTION('',(0.5,-0.866025403784,0.));
#4114 = ORIENTED_EDGE('',*,*,#3657,.F.);
#4115 = PLANE('',#4116);
#4116 = AXIS2_PLACEMENT_3D('',#4117,#4118,#4119);
#4117 = CARTESIAN_POINT('',(0.,0.,8.));
#4118 = DIRECTION('',(0.,0.,1.));
#4119 = DIRECTION('',(1.,0.,-0.));
#4120 = ADVANCED_FACE('',(#4121),#4132,.F.);
#4121 = FACE_BOUND('',#4122,.F.);
#4122 = EDGE_LOOP('',(#4123,#4124,#4125,#4126));
#4123 = ORIENTED_EDGE('',*,*,#2637,.F.);
#4124 = ORIENTED_EDGE('',*,*,#2613,.F.);
#4125 = ORIENTED_EDGE('',*,*,#2533,.T.);
#4126 = ORIENTED_EDGE('',*,*,#4127,.T.);
#4127 = EDGE_CURVE('',#2534,#2638,#4128,.T.);
#4128 = LINE('',#4129,#4130);
#4129 = CARTESIAN_POINT('',(47.486169340212,-50.05777283692,18.1));
#4130 = VECTOR('',#4131,1.);
#4131 = DIRECTION('',(0.,0.,1.));
#4132 = PLANE('',#4133);
#4133 = AXIS2_PLACEMENT_3D('',#4134,#4135,#4136);
#4134 = CARTESIAN_POINT('',(41.051396018012,-55.45718875828,18.1));
#4135 = DIRECTION('',(0.642787609687,-0.766044443119,0.));
#4136 = DIRECTION('',(0.,0.,1.));
#4137 = ADVANCED_FACE('',(#4138),#4149,.F.);
#4138 = FACE_BOUND('',#4139,.F.);
#4139 = EDGE_LOOP('',(#4140,#4141,#4147,#4148));
#4140 = ORIENTED_EDGE('',*,*,#2541,.F.);
#4141 = ORIENTED_EDGE('',*,*,#4142,.T.);
#4142 = EDGE_CURVE('',#2542,#2646,#4143,.T.);
#4143 = LINE('',#4144,#4145);
#4144 = CARTESIAN_POINT('',(46.714824208588,-49.13851950517,18.1));
#4145 = VECTOR('',#4146,1.);
#4146 = DIRECTION('',(0.,0.,1.));
#4147 = ORIENTED_EDGE('',*,*,#2645,.T.);
#4148 = ORIENTED_EDGE('',*,*,#4127,.F.);
#4149 = PLANE('',#4150);
#4150 = AXIS2_PLACEMENT_3D('',#4151,#4152,#4153);
#4151 = CARTESIAN_POINT('',(46.714824208588,-49.13851950517,18.1));
#4152 = DIRECTION('',(0.766044443119,0.642787609687,0.));
#4153 = DIRECTION('',(0.,0.,1.));
#4154 = ADVANCED_FACE('',(#4155),#4166,.T.);
#4155 = FACE_BOUND('',#4156,.T.);
#4156 = EDGE_LOOP('',(#4157,#4163,#4164,#4165));
#4157 = ORIENTED_EDGE('',*,*,#4158,.F.);
#4158 = EDGE_CURVE('',#2550,#2654,#4159,.T.);
#4159 = LINE('',#4160,#4161);
#4160 = CARTESIAN_POINT('',(40.280050886388,-54.53793542654,18.1));
#4161 = VECTOR('',#4162,1.);
#4162 = DIRECTION('',(0.,0.,1.));
#4163 = ORIENTED_EDGE('',*,*,#2549,.T.);
#4164 = ORIENTED_EDGE('',*,*,#4142,.T.);
#4165 = ORIENTED_EDGE('',*,*,#2653,.F.);
#4166 = PLANE('',#4167);
#4167 = AXIS2_PLACEMENT_3D('',#4168,#4169,#4170);
#4168 = CARTESIAN_POINT('',(40.280050886388,-54.53793542654,18.1));
#4169 = DIRECTION('',(0.642787609687,-0.766044443119,0.));
#4170 = DIRECTION('',(0.,0.,1.));
#4171 = ADVANCED_FACE('',(#4172),#4183,.T.);
#4172 = FACE_BOUND('',#4173,.T.);
#4173 = EDGE_LOOP('',(#4174,#4175,#4176,#4177));
#4174 = ORIENTED_EDGE('',*,*,#2557,.F.);
#4175 = ORIENTED_EDGE('',*,*,#4158,.T.);
#4176 = ORIENTED_EDGE('',*,*,#2661,.T.);
#4177 = ORIENTED_EDGE('',*,*,#4178,.F.);
#4178 = EDGE_CURVE('',#2558,#2662,#4179,.T.);
#4179 = LINE('',#4180,#4181);
#4180 = CARTESIAN_POINT('',(41.051396018012,-55.45718875828,18.1));
#4181 = VECTOR('',#4182,1.);
#4182 = DIRECTION('',(0.,0.,1.));
#4183 = PLANE('',#4184);
#4184 = AXIS2_PLACEMENT_3D('',#4185,#4186,#4187);
#4185 = CARTESIAN_POINT('',(40.280050886388,-54.53793542654,18.1));
#4186 = DIRECTION('',(0.766044443119,0.642787609687,0.));
#4187 = DIRECTION('',(0.,0.,1.));
#4188 = ADVANCED_FACE('',(#4189),#4195,.F.);
#4189 = FACE_BOUND('',#4190,.F.);
#4190 = EDGE_LOOP('',(#4191,#4192,#4193,#4194));
#4191 = ORIENTED_EDGE('',*,*,#2669,.F.);
#4192 = ORIENTED_EDGE('',*,*,#4178,.F.);
#4193 = ORIENTED_EDGE('',*,*,#2565,.T.);
#4194 = ORIENTED_EDGE('',*,*,#2589,.T.);
#4195 = PLANE('',#4196);
#4196 = AXIS2_PLACEMENT_3D('',#4197,#4198,#4199);
#4197 = CARTESIAN_POINT('',(41.051396018012,-55.45718875828,18.1));
#4198 = DIRECTION('',(0.642787609687,-0.766044443119,0.));
#4199 = DIRECTION('',(0.,0.,1.));
#4200 = ADVANCED_FACE('',(#4201),#4204,.T.);
#4201 = FACE_BOUND('',#4202,.T.);
#4202 = EDGE_LOOP('',(#4203));
#4203 = ORIENTED_EDGE('',*,*,#2987,.T.);
#4204 = PLANE('',#4205);
#4205 = AXIS2_PLACEMENT_3D('',#4206,#4207,#4208);
#4206 = CARTESIAN_POINT('',(-58.2402084045,-33.625,32.58));
#4207 = DIRECTION('',(0.,0.,1.));
#4208 = DIRECTION('',(-0.866025403784,-0.5,0.));
#4209 = ADVANCED_FACE('',(#4210),#4213,.T.);
#4210 = FACE_BOUND('',#4211,.T.);
#4211 = EDGE_LOOP('',(#4212));
#4212 = ORIENTED_EDGE('',*,*,#3012,.T.);
#4213 = PLANE('',#4214);
#4214 = AXIS2_PLACEMENT_3D('',#4215,#4216,#4217);
#4215 = CARTESIAN_POINT('',(58.240208404503,-33.625,32.58));
#4216 = DIRECTION('',(0.,0.,1.));
#4217 = DIRECTION('',(0.866025403784,-0.5,0.));
#4218 = ADVANCED_FACE('',(#4219,#4232),#4235,.F.);
#4219 = FACE_BOUND('',#4220,.F.);
#4220 = EDGE_LOOP('',(#4221,#4222,#4223,#4224,#4230,#4231));
#4221 = ORIENTED_EDGE('',*,*,#3538,.T.);
#4222 = ORIENTED_EDGE('',*,*,#3554,.T.);
#4223 = ORIENTED_EDGE('',*,*,#3110,.T.);
#4224 = ORIENTED_EDGE('',*,*,#4225,.T.);
#4225 = EDGE_CURVE('',#3111,#3182,#4226,.T.);
#4226 = LINE('',#4227,#4228);
#4227 = CARTESIAN_POINT('',(66.25,-10.,28.4));
#4228 = VECTOR('',#4229,1.);
#4229 = DIRECTION('',(0.,1.,0.));
#4230 = ORIENTED_EDGE('',*,*,#3181,.F.);
#4231 = ORIENTED_EDGE('',*,*,#3053,.F.);
#4232 = FACE_BOUND('',#4233,.F.);
#4233 = EDGE_LOOP('',(#4234));
#4234 = ORIENTED_EDGE('',*,*,#3223,.F.);
#4235 = PLANE('',#4236);
#4236 = AXIS2_PLACEMENT_3D('',#4237,#4238,#4239);
#4237 = CARTESIAN_POINT('',(0.,0.,28.4));
#4238 = DIRECTION('',(0.,0.,1.));
#4239 = DIRECTION('',(1.,0.,-0.));
#4240 = ADVANCED_FACE('',(#4241),#4246,.T.);
#4241 = FACE_BOUND('',#4242,.T.);
#4242 = EDGE_LOOP('',(#4243,#4244,#4245));
#4243 = ORIENTED_EDGE('',*,*,#3546,.F.);
#4244 = ORIENTED_EDGE('',*,*,#3094,.T.);
#4245 = ORIENTED_EDGE('',*,*,#3037,.T.);
#4246 = PLANE('',#4247);
#4247 = AXIS2_PLACEMENT_3D('',#4248,#4249,#4250);
#4248 = CARTESIAN_POINT('',(66.25,-20.,27.4));
#4249 = DIRECTION('',(0.,0.,1.));
#4250 = DIRECTION('',(1.,0.,0.));
#4251 = ADVANCED_FACE('',(#4252),#4264,.T.);
#4252 = FACE_BOUND('',#4253,.T.);
#4253 = EDGE_LOOP('',(#4254,#4255,#4256,#4262,#4263));
#4254 = ORIENTED_EDGE('',*,*,#3133,.F.);
#4255 = ORIENTED_EDGE('',*,*,#3076,.T.);
#4256 = ORIENTED_EDGE('',*,*,#4257,.F.);
#4257 = EDGE_CURVE('',#3190,#3079,#4258,.T.);
#4258 = LINE('',#4259,#4260);
#4259 = CARTESIAN_POINT('',(66.25,-20.,29.8));
#4260 = VECTOR('',#4261,1.);
#4261 = DIRECTION('',(0.,-1.,0.));
#4262 = ORIENTED_EDGE('',*,*,#3197,.F.);
#4263 = ORIENTED_EDGE('',*,*,#3157,.F.);
#4264 = PLANE('',#4265);
#4265 = AXIS2_PLACEMENT_3D('',#4266,#4267,#4268);
#4266 = CARTESIAN_POINT('',(62.,-20.,29.8));
#4267 = DIRECTION('',(0.,0.,1.));
#4268 = DIRECTION('',(1.,0.,0.));
#4269 = ADVANCED_FACE('',(#4270),#4276,.T.);
#4270 = FACE_BOUND('',#4271,.T.);
#4271 = EDGE_LOOP('',(#4272,#4273,#4274,#4275));
#4272 = ORIENTED_EDGE('',*,*,#3118,.F.);
#4273 = ORIENTED_EDGE('',*,*,#4225,.T.);
#4274 = ORIENTED_EDGE('',*,*,#3189,.T.);
#4275 = ORIENTED_EDGE('',*,*,#4257,.T.);
#4276 = PLANE('',#4277);
#4277 = AXIS2_PLACEMENT_3D('',#4278,#4279,#4280);
#4278 = CARTESIAN_POINT('',(66.25,-20.,27.4));
#4279 = DIRECTION('',(1.,0.,0.));
#4280 = DIRECTION('',(0.,0.,1.));
#4281 = ADVANCED_FACE('',(#4282),#4285,.T.);
#4282 = FACE_BOUND('',#4283,.T.);
#4283 = EDGE_LOOP('',(#4284));
#4284 = ORIENTED_EDGE('',*,*,#3248,.T.);
#4285 = PLANE('',#4286);
#4286 = AXIS2_PLACEMENT_3D('',#4287,#4288,#4289);
#4287 = CARTESIAN_POINT('',(33.625,58.240208404503,32.58));
#4288 = DIRECTION('',(0.,0.,1.));
#4289 = DIRECTION('',(0.5,0.866025403784,0.));
#4290 = ADVANCED_FACE('',(#4291),#4325,.T.);
#4291 = FACE_BOUND('',#4292,.T.);
#4292 = EDGE_LOOP('',(#4293,#4303,#4311,#4317,#4318,#4319));
#4293 = ORIENTED_EDGE('',*,*,#4294,.F.);
#4294 = EDGE_CURVE('',#4295,#4297,#4299,.T.);
#4295 = VERTEX_POINT('',#4296);
#4296 = CARTESIAN_POINT('',(-61.14815034012,31.839799444179,7.99));
#4297 = VERTEX_POINT('',#4298);
#4298 = CARTESIAN_POINT('',(-62.98780366869,32.901923788647,7.99));
#4299 = LINE('',#4300,#4301);
#4300 = CARTESIAN_POINT('',(-58.85686249264,30.516923788647,7.99));
#4301 = VECTOR('',#4302,1.);
#4302 = DIRECTION('',(-0.866025403784,0.5,0.));
#4303 = ORIENTED_EDGE('',*,*,#4304,.T.);
#4304 = EDGE_CURVE('',#4295,#4305,#4307,.T.);
#4305 = VERTEX_POINT('',#4306);
#4306 = CARTESIAN_POINT('',(-61.14815034012,31.839799444179,21.3));
#4307 = LINE('',#4308,#4309);
#4308 = CARTESIAN_POINT('',(-61.14815034012,31.839799444179,7.99));
#4309 = VECTOR('',#4310,1.);
#4310 = DIRECTION('',(0.,0.,1.));
#4311 = ORIENTED_EDGE('',*,*,#4312,.T.);
#4312 = EDGE_CURVE('',#4305,#3293,#4313,.T.);
#4313 = LINE('',#4314,#4315);
#4314 = CARTESIAN_POINT('',(-58.85686249264,30.516923788647,21.3));
#4315 = VECTOR('',#4316,1.);
#4316 = DIRECTION('',(-0.866025403784,0.5,0.));
#4317 = ORIENTED_EDGE('',*,*,#3290,.F.);
#4318 = ORIENTED_EDGE('',*,*,#4070,.F.);
#4319 = ORIENTED_EDGE('',*,*,#4320,.F.);
#4320 = EDGE_CURVE('',#4297,#4071,#4321,.T.);
#4321 = LINE('',#4322,#4323);
#4322 = CARTESIAN_POINT('',(-62.98780366869,32.901923788647,7.99));
#4323 = VECTOR('',#4324,1.);
#4324 = DIRECTION('',(0.,0.,1.));
#4325 = PLANE('',#4326);
#4326 = AXIS2_PLACEMENT_3D('',#4327,#4328,#4329);
#4327 = CARTESIAN_POINT('',(-58.85686249264,30.516923788647,7.99));
#4328 = DIRECTION('',(-0.5,-0.866025403784,0.));
#4329 = DIRECTION('',(0.,0.,1.));
#4330 = ADVANCED_FACE('',(#4331),#4359,.T.);
#4331 = FACE_BOUND('',#4332,.T.);
#4332 = EDGE_LOOP('',(#4333,#4334,#4343,#4352,#4358));
#4333 = ORIENTED_EDGE('',*,*,#4312,.F.);
#4334 = ORIENTED_EDGE('',*,*,#4335,.F.);
#4335 = EDGE_CURVE('',#4336,#4305,#4338,.T.);
#4336 = VERTEX_POINT('',#4337);
#4337 = CARTESIAN_POINT('',(-60.82096410778,35.115,21.3));
#4338 = CIRCLE('',#4339,4.);
#4339 = AXIS2_PLACEMENT_3D('',#4340,#4341,#4342);
#4340 = CARTESIAN_POINT('',(-57.35686249264,33.115,21.3));
#4341 = DIRECTION('',(0.,0.,1.));
#4342 = DIRECTION('',(-0.866025403784,0.5,0.));
#4343 = ORIENTED_EDGE('',*,*,#4344,.F.);
#4344 = EDGE_CURVE('',#4345,#4336,#4347,.T.);
#4345 = VERTEX_POINT('',#4346);
#4346 = CARTESIAN_POINT('',(-58.14815034012,37.035951866885,21.3));
#4347 = CIRCLE('',#4348,4.);
#4348 = AXIS2_PLACEMENT_3D('',#4349,#4350,#4351);
#4349 = CARTESIAN_POINT('',(-57.35686249264,33.115,21.3));
#4350 = DIRECTION('',(0.,0.,1.));
#4351 = DIRECTION('',(-0.866025403784,0.5,0.));
#4352 = ORIENTED_EDGE('',*,*,#4353,.T.);
#4353 = EDGE_CURVE('',#4345,#3701,#4354,.T.);
#4354 = LINE('',#4355,#4356);
#4355 = CARTESIAN_POINT('',(-55.85686249264,35.713076211353,21.3));
#4356 = VECTOR('',#4357,1.);
#4357 = DIRECTION('',(-0.866025403784,0.5,0.));
#4358 = ORIENTED_EDGE('',*,*,#3708,.T.);
#4359 = PLANE('',#4360);
#4360 = AXIS2_PLACEMENT_3D('',#4361,#4362,#4363);
#4361 = CARTESIAN_POINT('',(-55.85686249264,35.713076211353,21.3));
#4362 = DIRECTION('',(0.,0.,1.));
#4363 = DIRECTION('',(-0.866025403784,0.5,0.));
#4364 = ADVANCED_FACE('',(#4365),#4392,.F.);
#4365 = FACE_BOUND('',#4366,.F.);
#4366 = EDGE_LOOP('',(#4367,#4377,#4383,#4384,#4385,#4386));
#4367 = ORIENTED_EDGE('',*,*,#4368,.F.);
#4368 = EDGE_CURVE('',#4369,#4371,#4373,.T.);
#4369 = VERTEX_POINT('',#4370);
#4370 = CARTESIAN_POINT('',(-58.14815034012,37.035951866886,7.99));
#4371 = VERTEX_POINT('',#4372);
#4372 = CARTESIAN_POINT('',(-59.98780366869,38.098076211353,7.99));
#4373 = LINE('',#4374,#4375);
#4374 = CARTESIAN_POINT('',(-55.85686249264,35.713076211353,7.99));
#4375 = VECTOR('',#4376,1.);
#4376 = DIRECTION('',(-0.866025403784,0.5,0.));
#4377 = ORIENTED_EDGE('',*,*,#4378,.T.);
#4378 = EDGE_CURVE('',#4369,#4345,#4379,.T.);
#4379 = LINE('',#4380,#4381);
#4380 = CARTESIAN_POINT('',(-58.14815034012,37.035951866886,7.99));
#4381 = VECTOR('',#4382,1.);
#4382 = DIRECTION('',(0.,0.,1.));
#4383 = ORIENTED_EDGE('',*,*,#4353,.T.);
#4384 = ORIENTED_EDGE('',*,*,#3700,.F.);
#4385 = ORIENTED_EDGE('',*,*,#4086,.F.);
#4386 = ORIENTED_EDGE('',*,*,#4387,.F.);
#4387 = EDGE_CURVE('',#4371,#4079,#4388,.T.);
#4388 = LINE('',#4389,#4390);
#4389 = CARTESIAN_POINT('',(-59.98780366869,38.098076211353,7.99));
#4390 = VECTOR('',#4391,1.);
#4391 = DIRECTION('',(0.,0.,1.));
#4392 = PLANE('',#4393);
#4393 = AXIS2_PLACEMENT_3D('',#4394,#4395,#4396);
#4394 = CARTESIAN_POINT('',(-55.85686249264,35.713076211353,7.99));
#4395 = DIRECTION('',(-0.5,-0.866025403784,0.));
#4396 = DIRECTION('',(0.,0.,1.));
#4397 = ADVANCED_FACE('',(#4398),#4432,.T.);
#4398 = FACE_BOUND('',#4399,.T.);
#4399 = EDGE_LOOP('',(#4400,#4408,#4416,#4424,#4430,#4431));
#4400 = ORIENTED_EDGE('',*,*,#4401,.F.);
#4401 = EDGE_CURVE('',#4402,#4094,#4404,.T.);
#4402 = VERTEX_POINT('',#4403);
#4403 = CARTESIAN_POINT('',(-38.53108891324,59.737803668695,7.99));
#4404 = LINE('',#4405,#4406);
#4405 = CARTESIAN_POINT('',(-38.53108891324,59.737803668695,7.99));
#4406 = VECTOR('',#4407,1.);
#4407 = DIRECTION('',(0.,0.,1.));
#4408 = ORIENTED_EDGE('',*,*,#4409,.F.);
#4409 = EDGE_CURVE('',#4410,#4402,#4412,.T.);
#4410 = VERTEX_POINT('',#4411);
#4411 = CARTESIAN_POINT('',(-36.28108891324,55.840689351665,7.99));
#4412 = LINE('',#4413,#4414);
#4413 = CARTESIAN_POINT('',(-36.28108891324,55.840689351665,7.99));
#4414 = VECTOR('',#4415,1.);
#4415 = DIRECTION('',(-0.5,0.866025403784,0.));
#4416 = ORIENTED_EDGE('',*,*,#4417,.T.);
#4417 = EDGE_CURVE('',#4410,#4418,#4420,.T.);
#4418 = VERTEX_POINT('',#4419);
#4419 = CARTESIAN_POINT('',(-36.28108891324,55.840689351665,19.48));
#4420 = LINE('',#4421,#4422);
#4421 = CARTESIAN_POINT('',(-36.28108891324,55.840689351665,7.99));
#4422 = VECTOR('',#4423,1.);
#4423 = DIRECTION('',(0.,0.,1.));
#4424 = ORIENTED_EDGE('',*,*,#4425,.T.);
#4425 = EDGE_CURVE('',#4418,#3675,#4426,.T.);
#4426 = LINE('',#4427,#4428);
#4427 = CARTESIAN_POINT('',(-36.28108891324,55.840689351665,19.48));
#4428 = VECTOR('',#4429,1.);
#4429 = DIRECTION('',(-0.5,0.866025403784,0.));
#4430 = ORIENTED_EDGE('',*,*,#3683,.F.);
#4431 = ORIENTED_EDGE('',*,*,#4093,.F.);
#4432 = PLANE('',#4433);
#4433 = AXIS2_PLACEMENT_3D('',#4434,#4435,#4436);
#4434 = CARTESIAN_POINT('',(-36.28108891324,55.840689351665,7.99));
#4435 = DIRECTION('',(-0.866025403784,-0.5,0.));
#4436 = DIRECTION('',(0.,0.,1.));
#4437 = ADVANCED_FACE('',(#4438,#4457),#4468,.T.);
#4438 = FACE_BOUND('',#4439,.T.);
#4439 = EDGE_LOOP('',(#4440,#4441,#4450,#4456));
#4440 = ORIENTED_EDGE('',*,*,#4425,.F.);
#4441 = ORIENTED_EDGE('',*,*,#4442,.T.);
#4442 = EDGE_CURVE('',#4418,#4443,#4445,.T.);
#4443 = VERTEX_POINT('',#4444);
#4444 = CARTESIAN_POINT('',(-30.21891108675,59.340689351665,19.48));
#4445 = CIRCLE('',#4446,3.5);
#4446 = AXIS2_PLACEMENT_3D('',#4447,#4448,#4449);
#4447 = CARTESIAN_POINT('',(-33.25,57.590689351665,19.48));
#4448 = DIRECTION('',(0.,0.,1.));
#4449 = DIRECTION('',(-0.5,0.866025403784,0.));
#4450 = ORIENTED_EDGE('',*,*,#4451,.T.);
#4451 = EDGE_CURVE('',#4443,#3667,#4452,.T.);
#4452 = LINE('',#4453,#4454);
#4453 = CARTESIAN_POINT('',(-30.21891108675,59.340689351665,19.48));
#4454 = VECTOR('',#4455,1.);
#4455 = DIRECTION('',(-0.5,0.866025403784,0.));
#4456 = ORIENTED_EDGE('',*,*,#3674,.T.);
#4457 = FACE_BOUND('',#4458,.T.);
#4458 = EDGE_LOOP('',(#4459));
#4459 = ORIENTED_EDGE('',*,*,#4460,.F.);
#4460 = EDGE_CURVE('',#4461,#4461,#4463,.T.);
#4461 = VERTEX_POINT('',#4462);
#4462 = CARTESIAN_POINT('',(-34.25,59.322740159234,19.48));
#4463 = CIRCLE('',#4464,2.);
#4464 = AXIS2_PLACEMENT_3D('',#4465,#4466,#4467);
#4465 = CARTESIAN_POINT('',(-33.25,57.590689351665,19.48));
#4466 = DIRECTION('',(0.,0.,1.));
#4467 = DIRECTION('',(-0.5,0.866025403784,0.));
#4468 = PLANE('',#4469);
#4469 = AXIS2_PLACEMENT_3D('',#4470,#4471,#4472);
#4470 = CARTESIAN_POINT('',(-30.21891108675,59.340689351665,19.48));
#4471 = DIRECTION('',(0.,0.,1.));
#4472 = DIRECTION('',(-0.5,0.866025403784,0.));
#4473 = ADVANCED_FACE('',(#4474),#4501,.F.);
#4474 = FACE_BOUND('',#4475,.F.);
#4475 = EDGE_LOOP('',(#4476,#4484,#4492,#4498,#4499,#4500));
#4476 = ORIENTED_EDGE('',*,*,#4477,.F.);
#4477 = EDGE_CURVE('',#4478,#4102,#4480,.T.);
#4478 = VERTEX_POINT('',#4479);
#4479 = CARTESIAN_POINT('',(-32.46891108675,63.237803668695,7.99));
#4480 = LINE('',#4481,#4482);
#4481 = CARTESIAN_POINT('',(-32.46891108675,63.237803668695,7.99));
#4482 = VECTOR('',#4483,1.);
#4483 = DIRECTION('',(0.,0.,1.));
#4484 = ORIENTED_EDGE('',*,*,#4485,.F.);
#4485 = EDGE_CURVE('',#4486,#4478,#4488,.T.);
#4486 = VERTEX_POINT('',#4487);
#4487 = CARTESIAN_POINT('',(-30.21891108675,59.340689351665,7.99));
#4488 = LINE('',#4489,#4490);
#4489 = CARTESIAN_POINT('',(-30.21891108675,59.340689351665,7.99));
#4490 = VECTOR('',#4491,1.);
#4491 = DIRECTION('',(-0.5,0.866025403784,0.));
#4492 = ORIENTED_EDGE('',*,*,#4493,.T.);
#4493 = EDGE_CURVE('',#4486,#4443,#4494,.T.);
#4494 = LINE('',#4495,#4496);
#4495 = CARTESIAN_POINT('',(-30.21891108675,59.340689351665,7.99));
#4496 = VECTOR('',#4497,1.);
#4497 = DIRECTION('',(0.,0.,1.));
#4498 = ORIENTED_EDGE('',*,*,#4451,.T.);
#4499 = ORIENTED_EDGE('',*,*,#3666,.F.);
#4500 = ORIENTED_EDGE('',*,*,#4109,.F.);
#4501 = PLANE('',#4502);
#4502 = AXIS2_PLACEMENT_3D('',#4503,#4504,#4505);
#4503 = CARTESIAN_POINT('',(-30.21891108675,59.340689351665,7.99));
#4504 = DIRECTION('',(-0.866025403784,-0.5,0.));
#4505 = DIRECTION('',(0.,0.,1.));
#4506 = ADVANCED_FACE('',(#4507),#4541,.T.);
#4507 = FACE_BOUND('',#4508,.T.);
#4508 = EDGE_LOOP('',(#4509,#4517,#4525,#4533,#4539,#4540));
#4509 = ORIENTED_EDGE('',*,*,#4510,.F.);
#4510 = EDGE_CURVE('',#4511,#3807,#4513,.T.);
#4511 = VERTEX_POINT('',#4512);
#4512 = CARTESIAN_POINT('',(42.956764736828,56.63891209535,7.99));
#4513 = LINE('',#4514,#4515);
#4514 = CARTESIAN_POINT('',(42.956764736828,56.63891209535,7.99));
#4515 = VECTOR('',#4516,1.);
#4516 = DIRECTION('',(0.,0.,1.));
#4517 = ORIENTED_EDGE('',*,*,#4518,.F.);
#4518 = EDGE_CURVE('',#4519,#4511,#4521,.T.);
#4519 = VERTEX_POINT('',#4520);
#4520 = CARTESIAN_POINT('',(40.064220493238,53.191712101315,7.99));
#4521 = LINE('',#4522,#4523);
#4522 = CARTESIAN_POINT('',(40.064220493238,53.191712101315,7.99));
#4523 = VECTOR('',#4524,1.);
#4524 = DIRECTION('',(0.642787609687,0.766044443119,0.));
#4525 = ORIENTED_EDGE('',*,*,#4526,.T.);
#4526 = EDGE_CURVE('',#4519,#4527,#4529,.T.);
#4527 = VERTEX_POINT('',#4528);
#4528 = CARTESIAN_POINT('',(40.064220493238,53.191712101315,19.48));
#4529 = LINE('',#4530,#4531);
#4530 = CARTESIAN_POINT('',(40.064220493238,53.191712101315,7.99));
#4531 = VECTOR('',#4532,1.);
#4532 = DIRECTION('',(0.,0.,1.));
#4533 = ORIENTED_EDGE('',*,*,#4534,.T.);
#4534 = EDGE_CURVE('',#4527,#3631,#4535,.T.);
#4535 = LINE('',#4536,#4537);
#4536 = CARTESIAN_POINT('',(40.064220493238,53.191712101315,19.48));
#4537 = VECTOR('',#4538,1.);
#4538 = DIRECTION('',(0.642787609687,0.766044443119,0.));
#4539 = ORIENTED_EDGE('',*,*,#3639,.F.);
#4540 = ORIENTED_EDGE('',*,*,#3806,.F.);
#4541 = PLANE('',#4542);
#4542 = AXIS2_PLACEMENT_3D('',#4543,#4544,#4545);
#4543 = CARTESIAN_POINT('',(40.064220493238,53.191712101315,7.99));
#4544 = DIRECTION('',(-0.766044443119,0.642787609687,0.));
#4545 = DIRECTION('',(0.,0.,1.));
#4546 = ADVANCED_FACE('',(#4547,#4566),#4577,.T.);
#4547 = FACE_BOUND('',#4548,.T.);
#4548 = EDGE_LOOP('',(#4549,#4550,#4559,#4565));
#4549 = ORIENTED_EDGE('',*,*,#4534,.F.);
#4550 = ORIENTED_EDGE('',*,*,#4551,.T.);
#4551 = EDGE_CURVE('',#4527,#4552,#4554,.T.);
#4552 = VERTEX_POINT('',#4553);
#4553 = CARTESIAN_POINT('',(45.426531595071,48.692198833509,19.48));
#4554 = CIRCLE('',#4555,3.5);
#4555 = AXIS2_PLACEMENT_3D('',#4556,#4557,#4558);
#4556 = CARTESIAN_POINT('',(42.745376044155,50.941955467412,19.48));
#4557 = DIRECTION('',(0.,-0.,1.));
#4558 = DIRECTION('',(0.642787609687,0.766044443119,0.));
#4559 = ORIENTED_EDGE('',*,*,#4560,.T.);
#4560 = EDGE_CURVE('',#4552,#3623,#4561,.T.);
#4561 = LINE('',#4562,#4563);
#4562 = CARTESIAN_POINT('',(45.426531595071,48.692198833509,19.48));
#4563 = VECTOR('',#4564,1.);
#4564 = DIRECTION('',(0.642787609687,0.766044443119,0.));
#4565 = ORIENTED_EDGE('',*,*,#3630,.T.);
#4566 = FACE_BOUND('',#4567,.T.);
#4567 = EDGE_LOOP('',(#4568));
#4568 = ORIENTED_EDGE('',*,*,#4569,.F.);
#4569 = EDGE_CURVE('',#4570,#4570,#4572,.T.);
#4570 = VERTEX_POINT('',#4571);
#4571 = CARTESIAN_POINT('',(44.030951263528,52.47404435365,19.48));
#4572 = CIRCLE('',#4573,2.);
#4573 = AXIS2_PLACEMENT_3D('',#4574,#4575,#4576);
#4574 = CARTESIAN_POINT('',(42.745376044155,50.941955467412,19.48));
#4575 = DIRECTION('',(0.,0.,1.));
#4576 = DIRECTION('',(0.642787609687,0.766044443119,-0.));
#4577 = PLANE('',#4578);
#4578 = AXIS2_PLACEMENT_3D('',#4579,#4580,#4581);
#4579 = CARTESIAN_POINT('',(45.426531595071,48.692198833509,19.48));
#4580 = DIRECTION('',(0.,0.,1.));
#4581 = DIRECTION('',(0.642787609687,0.766044443119,0.));
#4582 = ADVANCED_FACE('',(#4583),#4610,.F.);
#4583 = FACE_BOUND('',#4584,.F.);
#4584 = EDGE_LOOP('',(#4585,#4593,#4601,#4607,#4608,#4609));
#4585 = ORIENTED_EDGE('',*,*,#4586,.F.);
#4586 = EDGE_CURVE('',#4587,#3815,#4589,.T.);
#4587 = VERTEX_POINT('',#4588);
#4588 = CARTESIAN_POINT('',(48.319075838661,52.139398827545,7.99));
#4589 = LINE('',#4590,#4591);
#4590 = CARTESIAN_POINT('',(48.319075838661,52.139398827545,7.99));
#4591 = VECTOR('',#4592,1.);
#4592 = DIRECTION('',(0.,0.,1.));
#4593 = ORIENTED_EDGE('',*,*,#4594,.F.);
#4594 = EDGE_CURVE('',#4595,#4587,#4597,.T.);
#4595 = VERTEX_POINT('',#4596);
#4596 = CARTESIAN_POINT('',(45.426531595071,48.692198833509,7.99));
#4597 = LINE('',#4598,#4599);
#4598 = CARTESIAN_POINT('',(45.426531595071,48.692198833509,7.99));
#4599 = VECTOR('',#4600,1.);
#4600 = DIRECTION('',(0.642787609687,0.766044443119,0.));
#4601 = ORIENTED_EDGE('',*,*,#4602,.T.);
#4602 = EDGE_CURVE('',#4595,#4552,#4603,.T.);
#4603 = LINE('',#4604,#4605);
#4604 = CARTESIAN_POINT('',(45.426531595071,48.692198833509,7.99));
#4605 = VECTOR('',#4606,1.);
#4606 = DIRECTION('',(0.,0.,1.));
#4607 = ORIENTED_EDGE('',*,*,#4560,.T.);
#4608 = ORIENTED_EDGE('',*,*,#3622,.F.);
#4609 = ORIENTED_EDGE('',*,*,#3822,.F.);
#4610 = PLANE('',#4611);
#4611 = AXIS2_PLACEMENT_3D('',#4612,#4613,#4614);
#4612 = CARTESIAN_POINT('',(45.426531595071,48.692198833509,7.99));
#4613 = DIRECTION('',(-0.766044443119,0.642787609687,0.));
#4614 = DIRECTION('',(0.,0.,1.));
#4615 = ADVANCED_FACE('',(#4616),#4650,.T.);
#4616 = FACE_BOUND('',#4617,.T.);
#4617 = EDGE_LOOP('',(#4618,#4628,#4636,#4642,#4643,#4644));
#4618 = ORIENTED_EDGE('',*,*,#4619,.F.);
#4619 = EDGE_CURVE('',#4620,#4622,#4624,.T.);
#4620 = VERTEX_POINT('',#4621);
#4621 = CARTESIAN_POINT('',(58.148150340122,37.035951866886,7.99));
#4622 = VERTEX_POINT('',#4623);
#4623 = CARTESIAN_POINT('',(59.987803668695,38.098076211353,7.99));
#4624 = LINE('',#4625,#4626);
#4625 = CARTESIAN_POINT('',(55.856862492643,35.713076211353,7.99));
#4626 = VECTOR('',#4627,1.);
#4627 = DIRECTION('',(0.866025403784,0.5,0.));
#4628 = ORIENTED_EDGE('',*,*,#4629,.T.);
#4629 = EDGE_CURVE('',#4620,#4630,#4632,.T.);
#4630 = VERTEX_POINT('',#4631);
#4631 = CARTESIAN_POINT('',(58.148150340121,37.035951866886,21.3));
#4632 = LINE('',#4633,#4634);
#4633 = CARTESIAN_POINT('',(58.148150340121,37.035951866886,7.99));
#4634 = VECTOR('',#4635,1.);
#4635 = DIRECTION('',(0.,0.,1.));
#4636 = ORIENTED_EDGE('',*,*,#4637,.T.);
#4637 = EDGE_CURVE('',#4630,#3597,#4638,.T.);
#4638 = LINE('',#4639,#4640);
#4639 = CARTESIAN_POINT('',(55.856862492643,35.713076211353,21.3));
#4640 = VECTOR('',#4641,1.);
#4641 = DIRECTION('',(0.866025403784,0.5,0.));
#4642 = ORIENTED_EDGE('',*,*,#3605,.F.);
#4643 = ORIENTED_EDGE('',*,*,#3829,.F.);
#4644 = ORIENTED_EDGE('',*,*,#4645,.F.);
#4645 = EDGE_CURVE('',#4622,#3830,#4646,.T.);
#4646 = LINE('',#4647,#4648);
#4647 = CARTESIAN_POINT('',(59.987803668695,38.098076211353,7.99));
#4648 = VECTOR('',#4649,1.);
#4649 = DIRECTION('',(0.,0.,1.));
#4650 = PLANE('',#4651);
#4651 = AXIS2_PLACEMENT_3D('',#4652,#4653,#4654);
#4652 = CARTESIAN_POINT('',(55.856862492643,35.713076211353,7.99));
#4653 = DIRECTION('',(-0.5,0.866025403784,0.));
#4654 = DIRECTION('',(0.,0.,1.));
#4655 = ADVANCED_FACE('',(#4656),#4684,.T.);
#4656 = FACE_BOUND('',#4657,.T.);
#4657 = EDGE_LOOP('',(#4658,#4659,#4668,#4677,#4683));
#4658 = ORIENTED_EDGE('',*,*,#4637,.F.);
#4659 = ORIENTED_EDGE('',*,*,#4660,.F.);
#4660 = EDGE_CURVE('',#4661,#4630,#4663,.T.);
#4661 = VERTEX_POINT('',#4662);
#4662 = CARTESIAN_POINT('',(60.820964107781,35.115,21.3));
#4663 = CIRCLE('',#4664,4.);
#4664 = AXIS2_PLACEMENT_3D('',#4665,#4666,#4667);
#4665 = CARTESIAN_POINT('',(57.356862492643,33.115,21.3));
#4666 = DIRECTION('',(0.,0.,1.));
#4667 = DIRECTION('',(0.866025403784,0.5,-0.));
#4668 = ORIENTED_EDGE('',*,*,#4669,.F.);
#4669 = EDGE_CURVE('',#4670,#4661,#4672,.T.);
#4670 = VERTEX_POINT('',#4671);
#4671 = CARTESIAN_POINT('',(61.148150340121,31.839799444179,21.3));
#4672 = CIRCLE('',#4673,4.);
#4673 = AXIS2_PLACEMENT_3D('',#4674,#4675,#4676);
#4674 = CARTESIAN_POINT('',(57.356862492643,33.115,21.3));
#4675 = DIRECTION('',(0.,0.,1.));
#4676 = DIRECTION('',(0.866025403784,0.5,-0.));
#4677 = ORIENTED_EDGE('',*,*,#4678,.T.);
#4678 = EDGE_CURVE('',#4670,#3589,#4679,.T.);
#4679 = LINE('',#4680,#4681);
#4680 = CARTESIAN_POINT('',(58.856862492643,30.516923788647,21.3));
#4681 = VECTOR('',#4682,1.);
#4682 = DIRECTION('',(0.866025403784,0.5,0.));
#4683 = ORIENTED_EDGE('',*,*,#3596,.T.);
#4684 = PLANE('',#4685);
#4685 = AXIS2_PLACEMENT_3D('',#4686,#4687,#4688);
#4686 = CARTESIAN_POINT('',(58.856862492643,30.516923788647,21.3));
#4687 = DIRECTION('',(0.,0.,1.));
#4688 = DIRECTION('',(0.866025403784,0.5,0.));
#4689 = ADVANCED_FACE('',(#4690),#4717,.F.);
#4690 = FACE_BOUND('',#4691,.F.);
#4691 = EDGE_LOOP('',(#4692,#4702,#4708,#4709,#4710,#4711));
#4692 = ORIENTED_EDGE('',*,*,#4693,.F.);
#4693 = EDGE_CURVE('',#4694,#4696,#4698,.T.);
#4694 = VERTEX_POINT('',#4695);
#4695 = CARTESIAN_POINT('',(61.148150340121,31.839799444179,7.99));
#4696 = VERTEX_POINT('',#4697);
#4697 = CARTESIAN_POINT('',(62.987803668695,32.901923788647,7.99));
#4698 = LINE('',#4699,#4700);
#4699 = CARTESIAN_POINT('',(58.856862492643,30.516923788647,7.99));
#4700 = VECTOR('',#4701,1.);
#4701 = DIRECTION('',(0.866025403784,0.5,0.));
#4702 = ORIENTED_EDGE('',*,*,#4703,.T.);
#4703 = EDGE_CURVE('',#4694,#4670,#4704,.T.);
#4704 = LINE('',#4705,#4706);
#4705 = CARTESIAN_POINT('',(61.148150340121,31.839799444179,7.99));
#4706 = VECTOR('',#4707,1.);
#4707 = DIRECTION('',(0.,0.,1.));
#4708 = ORIENTED_EDGE('',*,*,#4678,.T.);
#4709 = ORIENTED_EDGE('',*,*,#3588,.F.);
#4710 = ORIENTED_EDGE('',*,*,#3845,.F.);
#4711 = ORIENTED_EDGE('',*,*,#4712,.F.);
#4712 = EDGE_CURVE('',#4696,#3838,#4713,.T.);
#4713 = LINE('',#4714,#4715);
#4714 = CARTESIAN_POINT('',(62.987803668695,32.901923788647,7.99));
#4715 = VECTOR('',#4716,1.);
#4716 = DIRECTION('',(0.,0.,1.));
#4717 = PLANE('',#4718);
#4718 = AXIS2_PLACEMENT_3D('',#4719,#4720,#4721);
#4719 = CARTESIAN_POINT('',(58.856862492643,30.516923788647,7.99));
#4720 = DIRECTION('',(-0.5,0.866025403784,0.));
#4721 = DIRECTION('',(0.,0.,1.));
#4722 = ADVANCED_FACE('',(#4723),#4734,.T.);
#4723 = FACE_BOUND('',#4724,.T.);
#4724 = EDGE_LOOP('',(#4725,#4731,#4732,#4733));
#4725 = ORIENTED_EDGE('',*,*,#4726,.F.);
#4726 = EDGE_CURVE('',#3563,#3888,#4727,.T.);
#4727 = LINE('',#4728,#4729);
#4728 = CARTESIAN_POINT('',(69.5,-28.,9.6));
#4729 = VECTOR('',#4730,1.);
#4730 = DIRECTION('',(0.,1.,0.));
#4731 = ORIENTED_EDGE('',*,*,#3571,.F.);
#4732 = ORIENTED_EDGE('',*,*,#3789,.T.);
#4733 = ORIENTED_EDGE('',*,*,#3896,.T.);
#4734 = PLANE('',#4735);
#4735 = AXIS2_PLACEMENT_3D('',#4736,#4737,#4738);
#4736 = CARTESIAN_POINT('',(69.5,-28.,7.));
#4737 = DIRECTION('',(1.,0.,0.));
#4738 = DIRECTION('',(0.,0.,1.));
#4739 = ADVANCED_FACE('',(#4740),#4752,.F.);
#4740 = FACE_BOUND('',#4741,.F.);
#4741 = EDGE_LOOP('',(#4742,#4748,#4749,#4750,#4751));
#4742 = ORIENTED_EDGE('',*,*,#4743,.F.);
#4743 = EDGE_CURVE('',#3880,#3514,#4744,.T.);
#4744 = LINE('',#4745,#4746);
#4745 = CARTESIAN_POINT('',(69.5,-28.,9.6));
#4746 = VECTOR('',#4747,1.);
#4747 = DIRECTION('',(0.,1.,0.));
#4748 = ORIENTED_EDGE('',*,*,#3887,.T.);
#4749 = ORIENTED_EDGE('',*,*,#4726,.F.);
#4750 = ORIENTED_EDGE('',*,*,#3562,.F.);
#4751 = ORIENTED_EDGE('',*,*,#3521,.F.);
#4752 = PLANE('',#4753);
#4753 = AXIS2_PLACEMENT_3D('',#4754,#4755,#4756);
#4754 = CARTESIAN_POINT('',(69.5,-28.,9.6));
#4755 = DIRECTION('',(0.,0.,1.));
#4756 = DIRECTION('',(1.,0.,0.));
#4757 = ADVANCED_FACE('',(#4758),#4764,.T.);
#4758 = FACE_BOUND('',#4759,.T.);
#4759 = EDGE_LOOP('',(#4760,#4761,#4762,#4763));
#4760 = ORIENTED_EDGE('',*,*,#4743,.F.);
#4761 = ORIENTED_EDGE('',*,*,#3879,.F.);
#4762 = ORIENTED_EDGE('',*,*,#3925,.T.);
#4763 = ORIENTED_EDGE('',*,*,#3513,.T.);
#4764 = PLANE('',#4765);
#4765 = AXIS2_PLACEMENT_3D('',#4766,#4767,#4768);
#4766 = CARTESIAN_POINT('',(69.5,-28.,7.));
#4767 = DIRECTION('',(1.,0.,0.));
#4768 = DIRECTION('',(0.,0.,1.));
#4769 = ADVANCED_FACE('',(#4770),#4804,.T.);
#4770 = FACE_BOUND('',#4771,.T.);
#4771 = EDGE_LOOP('',(#4772,#4780,#4788,#4796,#4802,#4803));
#4772 = ORIENTED_EDGE('',*,*,#4773,.F.);
#4773 = EDGE_CURVE('',#4774,#3933,#4776,.T.);
#4774 = VERTEX_POINT('',#4775);
#4775 = CARTESIAN_POINT('',(56.63891209535,-42.95676473682,7.99));
#4776 = LINE('',#4777,#4778);
#4777 = CARTESIAN_POINT('',(56.63891209535,-42.95676473682,7.99));
#4778 = VECTOR('',#4779,1.);
#4779 = DIRECTION('',(0.,0.,1.));
#4780 = ORIENTED_EDGE('',*,*,#4781,.F.);
#4781 = EDGE_CURVE('',#4782,#4774,#4784,.T.);
#4782 = VERTEX_POINT('',#4783);
#4783 = CARTESIAN_POINT('',(53.191712101315,-40.06422049323,7.99));
#4784 = LINE('',#4785,#4786);
#4785 = CARTESIAN_POINT('',(53.191712101315,-40.06422049323,7.99));
#4786 = VECTOR('',#4787,1.);
#4787 = DIRECTION('',(0.766044443119,-0.642787609687,0.));
#4788 = ORIENTED_EDGE('',*,*,#4789,.T.);
#4789 = EDGE_CURVE('',#4782,#4790,#4792,.T.);
#4790 = VERTEX_POINT('',#4791);
#4791 = CARTESIAN_POINT('',(53.191712101315,-40.06422049323,19.48));
#4792 = LINE('',#4793,#4794);
#4793 = CARTESIAN_POINT('',(53.191712101315,-40.06422049323,7.99));
#4794 = VECTOR('',#4795,1.);
#4795 = DIRECTION('',(0.,0.,1.));
#4796 = ORIENTED_EDGE('',*,*,#4797,.T.);
#4797 = EDGE_CURVE('',#4790,#3488,#4798,.T.);
#4798 = LINE('',#4799,#4800);
#4799 = CARTESIAN_POINT('',(53.191712101315,-40.06422049323,19.48));
#4800 = VECTOR('',#4801,1.);
#4801 = DIRECTION('',(0.766044443119,-0.642787609687,0.));
#4802 = ORIENTED_EDGE('',*,*,#3496,.F.);
#4803 = ORIENTED_EDGE('',*,*,#3932,.F.);
#4804 = PLANE('',#4805);
#4805 = AXIS2_PLACEMENT_3D('',#4806,#4807,#4808);
#4806 = CARTESIAN_POINT('',(53.191712101315,-40.06422049323,7.99));
#4807 = DIRECTION('',(0.642787609687,0.766044443119,0.));
#4808 = DIRECTION('',(0.,0.,1.));
#4809 = ADVANCED_FACE('',(#4810,#4829),#4840,.T.);
#4810 = FACE_BOUND('',#4811,.T.);
#4811 = EDGE_LOOP('',(#4812,#4813,#4822,#4828));
#4812 = ORIENTED_EDGE('',*,*,#4797,.F.);
#4813 = ORIENTED_EDGE('',*,*,#4814,.T.);
#4814 = EDGE_CURVE('',#4790,#4815,#4817,.T.);
#4815 = VERTEX_POINT('',#4816);
#4816 = CARTESIAN_POINT('',(48.692198833509,-45.42653159507,19.48));
#4817 = CIRCLE('',#4818,3.5);
#4818 = AXIS2_PLACEMENT_3D('',#4819,#4820,#4821);
#4819 = CARTESIAN_POINT('',(50.941955467412,-42.74537604415,19.48));
#4820 = DIRECTION('',(-0.,0.,1.));
#4821 = DIRECTION('',(0.766044443119,-0.642787609687,0.));
#4822 = ORIENTED_EDGE('',*,*,#4823,.T.);
#4823 = EDGE_CURVE('',#4815,#3480,#4824,.T.);
#4824 = LINE('',#4825,#4826);
#4825 = CARTESIAN_POINT('',(48.692198833509,-45.42653159507,19.48));
#4826 = VECTOR('',#4827,1.);
#4827 = DIRECTION('',(0.766044443119,-0.642787609687,0.));
#4828 = ORIENTED_EDGE('',*,*,#3487,.T.);
#4829 = FACE_BOUND('',#4830,.T.);
#4830 = EDGE_LOOP('',(#4831));
#4831 = ORIENTED_EDGE('',*,*,#4832,.F.);
#4832 = EDGE_CURVE('',#4833,#4833,#4835,.T.);
#4833 = VERTEX_POINT('',#4834);
#4834 = CARTESIAN_POINT('',(52.47404435365,-44.03095126352,19.48));
#4835 = CIRCLE('',#4836,2.);
#4836 = AXIS2_PLACEMENT_3D('',#4837,#4838,#4839);
#4837 = CARTESIAN_POINT('',(50.941955467412,-42.74537604415,19.48));
#4838 = DIRECTION('',(0.,0.,1.));
#4839 = DIRECTION('',(0.766044443119,-0.642787609687,0.));
#4840 = PLANE('',#4841);
#4841 = AXIS2_PLACEMENT_3D('',#4842,#4843,#4844);
#4842 = CARTESIAN_POINT('',(48.692198833509,-45.42653159507,19.48));
#4843 = DIRECTION('',(0.,0.,1.));
#4844 = DIRECTION('',(0.766044443119,-0.642787609687,0.));
#4845 = ADVANCED_FACE('',(#4846),#4873,.F.);
#4846 = FACE_BOUND('',#4847,.F.);
#4847 = EDGE_LOOP('',(#4848,#4856,#4864,#4870,#4871,#4872));
#4848 = ORIENTED_EDGE('',*,*,#4849,.F.);
#4849 = EDGE_CURVE('',#4850,#3941,#4852,.T.);
#4850 = VERTEX_POINT('',#4851);
#4851 = CARTESIAN_POINT('',(52.139398827545,-48.31907583866,7.99));
#4852 = LINE('',#4853,#4854);
#4853 = CARTESIAN_POINT('',(52.139398827545,-48.31907583866,7.99));
#4854 = VECTOR('',#4855,1.);
#4855 = DIRECTION('',(0.,0.,1.));
#4856 = ORIENTED_EDGE('',*,*,#4857,.F.);
#4857 = EDGE_CURVE('',#4858,#4850,#4860,.T.);
#4858 = VERTEX_POINT('',#4859);
#4859 = CARTESIAN_POINT('',(48.692198833509,-45.42653159507,7.99));
#4860 = LINE('',#4861,#4862);
#4861 = CARTESIAN_POINT('',(48.692198833509,-45.42653159507,7.99));
#4862 = VECTOR('',#4863,1.);
#4863 = DIRECTION('',(0.766044443119,-0.642787609687,0.));
#4864 = ORIENTED_EDGE('',*,*,#4865,.T.);
#4865 = EDGE_CURVE('',#4858,#4815,#4866,.T.);
#4866 = LINE('',#4867,#4868);
#4867 = CARTESIAN_POINT('',(48.692198833509,-45.42653159507,7.99));
#4868 = VECTOR('',#4869,1.);
#4869 = DIRECTION('',(0.,0.,1.));
#4870 = ORIENTED_EDGE('',*,*,#4823,.T.);
#4871 = ORIENTED_EDGE('',*,*,#3479,.F.);
#4872 = ORIENTED_EDGE('',*,*,#3948,.F.);
#4873 = PLANE('',#4874);
#4874 = AXIS2_PLACEMENT_3D('',#4875,#4876,#4877);
#4875 = CARTESIAN_POINT('',(48.692198833509,-45.42653159507,7.99));
#4876 = DIRECTION('',(0.642787609687,0.766044443119,0.));
#4877 = DIRECTION('',(0.,0.,1.));
#4878 = ADVANCED_FACE('',(#4879),#4913,.T.);
#4879 = FACE_BOUND('',#4880,.T.);
#4880 = EDGE_LOOP('',(#4881,#4889,#4897,#4905,#4911,#4912));
#4881 = ORIENTED_EDGE('',*,*,#4882,.F.);
#4882 = EDGE_CURVE('',#4883,#3956,#4885,.T.);
#4883 = VERTEX_POINT('',#4884);
#4884 = CARTESIAN_POINT('',(49.08512028178,-51.49661121785,7.99));
#4885 = LINE('',#4886,#4887);
#4886 = CARTESIAN_POINT('',(49.08512028178,-51.49661121785,7.99));
#4887 = VECTOR('',#4888,1.);
#4888 = DIRECTION('',(0.,0.,1.));
#4889 = ORIENTED_EDGE('',*,*,#4890,.F.);
#4890 = EDGE_CURVE('',#4891,#4883,#4893,.T.);
#4891 = VERTEX_POINT('',#4892);
#4892 = CARTESIAN_POINT('',(45.871182233347,-47.66638900226,7.99));
#4893 = LINE('',#4894,#4895);
#4894 = CARTESIAN_POINT('',(45.871182233347,-47.66638900226,7.99));
#4895 = VECTOR('',#4896,1.);
#4896 = DIRECTION('',(0.642787609687,-0.766044443119,0.));
#4897 = ORIENTED_EDGE('',*,*,#4898,.T.);
#4898 = EDGE_CURVE('',#4891,#4899,#4901,.T.);
#4899 = VERTEX_POINT('',#4900);
#4900 = CARTESIAN_POINT('',(45.871182233347,-47.66638900226,23.4));
#4901 = LINE('',#4902,#4903);
#4902 = CARTESIAN_POINT('',(45.871182233347,-47.66638900226,7.99));
#4903 = VECTOR('',#4904,1.);
#4904 = DIRECTION('',(0.,0.,1.));
#4905 = ORIENTED_EDGE('',*,*,#4906,.T.);
#4906 = EDGE_CURVE('',#4899,#3454,#4907,.T.);
#4907 = LINE('',#4908,#4909);
#4908 = CARTESIAN_POINT('',(45.871182233347,-47.66638900226,23.4));
#4909 = VECTOR('',#4910,1.);
#4910 = DIRECTION('',(0.642787609687,-0.766044443119,0.));
#4911 = ORIENTED_EDGE('',*,*,#3462,.F.);
#4912 = ORIENTED_EDGE('',*,*,#3955,.F.);
#4913 = PLANE('',#4914);
#4914 = AXIS2_PLACEMENT_3D('',#4915,#4916,#4917);
#4915 = CARTESIAN_POINT('',(45.871182233347,-47.66638900226,7.99));
#4916 = DIRECTION('',(0.766044443119,0.642787609687,0.));
#4917 = DIRECTION('',(0.,0.,1.));
#4918 = ADVANCED_FACE('',(#4919),#4937,.T.);
#4919 = FACE_BOUND('',#4920,.T.);
#4920 = EDGE_LOOP('',(#4921,#4922,#4930,#4936));
#4921 = ORIENTED_EDGE('',*,*,#4906,.F.);
#4922 = ORIENTED_EDGE('',*,*,#4923,.F.);
#4923 = EDGE_CURVE('',#4924,#4899,#4926,.T.);
#4924 = VERTEX_POINT('',#4925);
#4925 = CARTESIAN_POINT('',(38.976782245276,-53.45147748944,23.4));
#4926 = LINE('',#4927,#4928);
#4927 = CARTESIAN_POINT('',(38.976782245276,-53.45147748944,23.4));
#4928 = VECTOR('',#4929,1.);
#4929 = DIRECTION('',(0.766044443119,0.642787609687,0.));
#4930 = ORIENTED_EDGE('',*,*,#4931,.T.);
#4931 = EDGE_CURVE('',#4924,#3446,#4932,.T.);
#4932 = LINE('',#4933,#4934);
#4933 = CARTESIAN_POINT('',(38.976782245276,-53.45147748944,23.4));
#4934 = VECTOR('',#4935,1.);
#4935 = DIRECTION('',(0.642787609687,-0.766044443119,0.));
#4936 = ORIENTED_EDGE('',*,*,#3453,.T.);
#4937 = PLANE('',#4938);
#4938 = AXIS2_PLACEMENT_3D('',#4939,#4940,#4941);
#4939 = CARTESIAN_POINT('',(38.976782245276,-53.45147748944,23.4));
#4940 = DIRECTION('',(0.,0.,1.));
#4941 = DIRECTION('',(0.642787609687,-0.766044443119,0.));
#4942 = ADVANCED_FACE('',(#4943),#4970,.F.);
#4943 = FACE_BOUND('',#4944,.F.);
#4944 = EDGE_LOOP('',(#4945,#4953,#4961,#4967,#4968,#4969));
#4945 = ORIENTED_EDGE('',*,*,#4946,.F.);
#4946 = EDGE_CURVE('',#4947,#3964,#4949,.T.);
#4947 = VERTEX_POINT('',#4948);
#4948 = CARTESIAN_POINT('',(42.190720293709,-57.28169970503,7.99));
#4949 = LINE('',#4950,#4951);
#4950 = CARTESIAN_POINT('',(42.190720293709,-57.28169970503,7.99));
#4951 = VECTOR('',#4952,1.);
#4952 = DIRECTION('',(0.,0.,1.));
#4953 = ORIENTED_EDGE('',*,*,#4954,.F.);
#4954 = EDGE_CURVE('',#4955,#4947,#4957,.T.);
#4955 = VERTEX_POINT('',#4956);
#4956 = CARTESIAN_POINT('',(38.976782245276,-53.45147748944,7.99));
#4957 = LINE('',#4958,#4959);
#4958 = CARTESIAN_POINT('',(38.976782245276,-53.45147748944,7.99));
#4959 = VECTOR('',#4960,1.);
#4960 = DIRECTION('',(0.642787609687,-0.766044443119,0.));
#4961 = ORIENTED_EDGE('',*,*,#4962,.T.);
#4962 = EDGE_CURVE('',#4955,#4924,#4963,.T.);
#4963 = LINE('',#4964,#4965);
#4964 = CARTESIAN_POINT('',(38.976782245276,-53.45147748944,7.99));
#4965 = VECTOR('',#4966,1.);
#4966 = DIRECTION('',(0.,0.,1.));
#4967 = ORIENTED_EDGE('',*,*,#4931,.T.);
#4968 = ORIENTED_EDGE('',*,*,#3445,.F.);
#4969 = ORIENTED_EDGE('',*,*,#3971,.F.);
#4970 = PLANE('',#4971);
#4971 = AXIS2_PLACEMENT_3D('',#4972,#4973,#4974);
#4972 = CARTESIAN_POINT('',(38.976782245276,-53.45147748944,7.99));
#4973 = DIRECTION('',(0.766044443119,0.642787609687,0.));
#4974 = DIRECTION('',(0.,0.,1.));
#4975 = ADVANCED_FACE('',(#4976),#5010,.T.);
#4976 = FACE_BOUND('',#4977,.T.);
#4977 = EDGE_LOOP('',(#4978,#4988,#4996,#5002,#5003,#5004));
#4978 = ORIENTED_EDGE('',*,*,#4979,.F.);
#4979 = EDGE_CURVE('',#4980,#4982,#4984,.T.);
#4980 = VERTEX_POINT('',#4981);
#4981 = CARTESIAN_POINT('',(3.,-68.87575131106,7.99));
#4982 = VERTEX_POINT('',#4983);
#4983 = CARTESIAN_POINT('',(3.,-71.,7.99));
#4984 = LINE('',#4985,#4986);
#4985 = CARTESIAN_POINT('',(3.,-66.23,7.99));
#4986 = VECTOR('',#4987,1.);
#4987 = DIRECTION('',(-2.22044604925E-16,-1.,0.));
#4988 = ORIENTED_EDGE('',*,*,#4989,.T.);
#4989 = EDGE_CURVE('',#4980,#4990,#4992,.T.);
#4990 = VERTEX_POINT('',#4991);
#4991 = CARTESIAN_POINT('',(3.,-68.87575131106,21.3));
#4992 = LINE('',#4993,#4994);
#4993 = CARTESIAN_POINT('',(3.,-68.87575131106,7.99));
#4994 = VECTOR('',#4995,1.);
#4995 = DIRECTION('',(0.,0.,1.));
#4996 = ORIENTED_EDGE('',*,*,#4997,.T.);
#4997 = EDGE_CURVE('',#4990,#3420,#4998,.T.);
#4998 = LINE('',#4999,#5000);
#4999 = CARTESIAN_POINT('',(3.,-66.23,21.3));
#5000 = VECTOR('',#5001,1.);
#5001 = DIRECTION('',(-2.22044604925E-16,-1.,0.));
#5002 = ORIENTED_EDGE('',*,*,#3428,.F.);
#5003 = ORIENTED_EDGE('',*,*,#3978,.F.);
#5004 = ORIENTED_EDGE('',*,*,#5005,.F.);
#5005 = EDGE_CURVE('',#4982,#3979,#5006,.T.);
#5006 = LINE('',#5007,#5008);
#5007 = CARTESIAN_POINT('',(3.,-71.,7.99));
#5008 = VECTOR('',#5009,1.);
#5009 = DIRECTION('',(0.,0.,1.));
#5010 = PLANE('',#5011);
#5011 = AXIS2_PLACEMENT_3D('',#5012,#5013,#5014);
#5012 = CARTESIAN_POINT('',(3.,-66.23,7.99));
#5013 = DIRECTION('',(1.,-2.22044604925E-16,0.));
#5014 = DIRECTION('',(0.,0.,1.));
#5015 = ADVANCED_FACE('',(#5016),#5044,.T.);
#5016 = FACE_BOUND('',#5017,.T.);
#5017 = EDGE_LOOP('',(#5018,#5019,#5028,#5037,#5043));
#5018 = ORIENTED_EDGE('',*,*,#4997,.F.);
#5019 = ORIENTED_EDGE('',*,*,#5020,.F.);
#5020 = EDGE_CURVE('',#5021,#4990,#5023,.T.);
#5021 = VERTEX_POINT('',#5022);
#5022 = CARTESIAN_POINT('',(-1.403414948515E-14,-70.23,21.3));
#5023 = CIRCLE('',#5024,4.);
#5024 = AXIS2_PLACEMENT_3D('',#5025,#5026,#5027);
#5025 = CARTESIAN_POINT('',(-1.216625362613E-14,-66.23,21.3));
#5026 = DIRECTION('',(0.,0.,1.));
#5027 = DIRECTION('',(-2.22044604925E-16,-1.,0.));
#5028 = ORIENTED_EDGE('',*,*,#5029,.F.);
#5029 = EDGE_CURVE('',#5030,#5021,#5032,.T.);
#5030 = VERTEX_POINT('',#5031);
#5031 = CARTESIAN_POINT('',(-3.,-68.87575131106,21.3));
#5032 = CIRCLE('',#5033,4.);
#5033 = AXIS2_PLACEMENT_3D('',#5034,#5035,#5036);
#5034 = CARTESIAN_POINT('',(-1.216625362613E-14,-66.23,21.3));
#5035 = DIRECTION('',(0.,0.,1.));
#5036 = DIRECTION('',(-2.22044604925E-16,-1.,0.));
#5037 = ORIENTED_EDGE('',*,*,#5038,.T.);
#5038 = EDGE_CURVE('',#5030,#3412,#5039,.T.);
#5039 = LINE('',#5040,#5041);
#5040 = CARTESIAN_POINT('',(-3.,-66.23,21.3));
#5041 = VECTOR('',#5042,1.);
#5042 = DIRECTION('',(-2.22044604925E-16,-1.,0.));
#5043 = ORIENTED_EDGE('',*,*,#3419,.T.);
#5044 = PLANE('',#5045);
#5045 = AXIS2_PLACEMENT_3D('',#5046,#5047,#5048);
#5046 = CARTESIAN_POINT('',(-3.,-66.23,21.3));
#5047 = DIRECTION('',(0.,0.,1.));
#5048 = DIRECTION('',(-2.22044604925E-16,-1.,0.));
#5049 = ADVANCED_FACE('',(#5050),#5077,.F.);
#5050 = FACE_BOUND('',#5051,.F.);
#5051 = EDGE_LOOP('',(#5052,#5062,#5068,#5069,#5070,#5071));
#5052 = ORIENTED_EDGE('',*,*,#5053,.F.);
#5053 = EDGE_CURVE('',#5054,#5056,#5058,.T.);
#5054 = VERTEX_POINT('',#5055);
#5055 = CARTESIAN_POINT('',(-3.,-68.87575131106,7.99));
#5056 = VERTEX_POINT('',#5057);
#5057 = CARTESIAN_POINT('',(-3.,-71.,7.99));
#5058 = LINE('',#5059,#5060);
#5059 = CARTESIAN_POINT('',(-3.,-66.23,7.99));
#5060 = VECTOR('',#5061,1.);
#5061 = DIRECTION('',(-2.22044604925E-16,-1.,0.));
#5062 = ORIENTED_EDGE('',*,*,#5063,.T.);
#5063 = EDGE_CURVE('',#5054,#5030,#5064,.T.);
#5064 = LINE('',#5065,#5066);
#5065 = CARTESIAN_POINT('',(-3.,-68.87575131106,7.99));
#5066 = VECTOR('',#5067,1.);
#5067 = DIRECTION('',(0.,0.,1.));
#5068 = ORIENTED_EDGE('',*,*,#5038,.T.);
#5069 = ORIENTED_EDGE('',*,*,#3411,.F.);
#5070 = ORIENTED_EDGE('',*,*,#3994,.F.);
#5071 = ORIENTED_EDGE('',*,*,#5072,.F.);
#5072 = EDGE_CURVE('',#5056,#3987,#5073,.T.);
#5073 = LINE('',#5074,#5075);
#5074 = CARTESIAN_POINT('',(-3.,-71.,7.99));
#5075 = VECTOR('',#5076,1.);
#5076 = DIRECTION('',(0.,0.,1.));
#5077 = PLANE('',#5078);
#5078 = AXIS2_PLACEMENT_3D('',#5079,#5080,#5081);
#5079 = CARTESIAN_POINT('',(-3.,-66.23,7.99));
#5080 = DIRECTION('',(1.,-2.22044604925E-16,0.));
#5081 = DIRECTION('',(0.,0.,1.));
#5082 = ADVANCED_FACE('',(#5083),#5101,.T.);
#5083 = FACE_BOUND('',#5084,.T.);
#5084 = EDGE_LOOP('',(#5085,#5086,#5094,#5100));
#5085 = ORIENTED_EDGE('',*,*,#4001,.F.);
#5086 = ORIENTED_EDGE('',*,*,#5087,.T.);
#5087 = EDGE_CURVE('',#4002,#5088,#5090,.T.);
#5088 = VERTEX_POINT('',#5089);
#5089 = CARTESIAN_POINT('',(-8.77353588491,-68.93221357301,18.));
#5090 = LINE('',#5091,#5092);
#5091 = CARTESIAN_POINT('',(-8.77353588491,-68.93221357301,8.));
#5092 = VECTOR('',#5093,1.);
#5093 = DIRECTION('',(0.,0.,1.));
#5094 = ORIENTED_EDGE('',*,*,#5095,.T.);
#5095 = EDGE_CURVE('',#5088,#3386,#5096,.T.);
#5096 = LINE('',#5097,#5098);
#5097 = CARTESIAN_POINT('',(-8.77353588491,-68.93221357301,18.));
#5098 = VECTOR('',#5099,1.);
#5099 = DIRECTION('',(-0.207911690818,-0.978147600734,0.));
#5100 = ORIENTED_EDGE('',*,*,#3394,.F.);
#5101 = PLANE('',#5102);
#5102 = AXIS2_PLACEMENT_3D('',#5103,#5104,#5105);
#5103 = CARTESIAN_POINT('',(-8.77353588491,-68.93221357301,8.));
#5104 = DIRECTION('',(0.978147600734,-0.207911690818,0.));
#5105 = DIRECTION('',(0.,0.,1.));
#5106 = ADVANCED_FACE('',(#5107),#5125,.T.);
#5107 = FACE_BOUND('',#5108,.T.);
#5108 = EDGE_LOOP('',(#5109,#5110,#5118,#5124));
#5109 = ORIENTED_EDGE('',*,*,#5095,.F.);
#5110 = ORIENTED_EDGE('',*,*,#5111,.F.);
#5111 = EDGE_CURVE('',#5112,#5088,#5114,.T.);
#5112 = VERTEX_POINT('',#5113);
#5113 = CARTESIAN_POINT('',(-20.02223329334,-66.54122912861,18.));
#5114 = LINE('',#5115,#5116);
#5115 = CARTESIAN_POINT('',(-20.02223329334,-66.54122912861,18.));
#5116 = VECTOR('',#5117,1.);
#5117 = DIRECTION('',(0.978147600734,-0.207911690818,0.));
#5118 = ORIENTED_EDGE('',*,*,#5119,.T.);
#5119 = EDGE_CURVE('',#5112,#3378,#5120,.T.);
#5120 = LINE('',#5121,#5122);
#5121 = CARTESIAN_POINT('',(-20.02223329334,-66.54122912861,18.));
#5122 = VECTOR('',#5123,1.);
#5123 = DIRECTION('',(-0.207911690818,-0.978147600734,0.));
#5124 = ORIENTED_EDGE('',*,*,#3385,.T.);
#5125 = PLANE('',#5126);
#5126 = AXIS2_PLACEMENT_3D('',#5127,#5128,#5129);
#5127 = CARTESIAN_POINT('',(-20.02223329334,-66.54122912861,18.));
#5128 = DIRECTION('',(0.,0.,1.));
#5129 = DIRECTION('',(-0.207911690818,-0.978147600734,0.));
#5130 = ADVANCED_FACE('',(#5131),#5142,.F.);
#5131 = FACE_BOUND('',#5132,.F.);
#5132 = EDGE_LOOP('',(#5133,#5134,#5140,#5141));
#5133 = ORIENTED_EDGE('',*,*,#4017,.F.);
#5134 = ORIENTED_EDGE('',*,*,#5135,.T.);
#5135 = EDGE_CURVE('',#4010,#5112,#5136,.T.);
#5136 = LINE('',#5137,#5138);
#5137 = CARTESIAN_POINT('',(-20.02223329334,-66.54122912861,8.));
#5138 = VECTOR('',#5139,1.);
#5139 = DIRECTION('',(0.,0.,1.));
#5140 = ORIENTED_EDGE('',*,*,#5119,.T.);
#5141 = ORIENTED_EDGE('',*,*,#3377,.F.);
#5142 = PLANE('',#5143);
#5143 = AXIS2_PLACEMENT_3D('',#5144,#5145,#5146);
#5144 = CARTESIAN_POINT('',(-20.02223329334,-66.54122912861,8.));
#5145 = DIRECTION('',(0.978147600734,-0.207911690818,0.));
#5146 = DIRECTION('',(0.,0.,1.));
#5147 = ADVANCED_FACE('',(#5148),#5182,.T.);
#5148 = FACE_BOUND('',#5149,.T.);
#5149 = EDGE_LOOP('',(#5150,#5158,#5166,#5174,#5180,#5181));
#5150 = ORIENTED_EDGE('',*,*,#5151,.F.);
#5151 = EDGE_CURVE('',#5152,#4025,#5154,.T.);
#5152 = VERTEX_POINT('',#5153);
#5153 = CARTESIAN_POINT('',(-32.46891108675,-63.23780366869,7.99));
#5154 = LINE('',#5155,#5156);
#5155 = CARTESIAN_POINT('',(-32.46891108675,-63.23780366869,7.99));
#5156 = VECTOR('',#5157,1.);
#5157 = DIRECTION('',(0.,0.,1.));
#5158 = ORIENTED_EDGE('',*,*,#5159,.F.);
#5159 = EDGE_CURVE('',#5160,#5152,#5162,.T.);
#5160 = VERTEX_POINT('',#5161);
#5161 = CARTESIAN_POINT('',(-30.21891108675,-59.34068935166,7.99));
#5162 = LINE('',#5163,#5164);
#5163 = CARTESIAN_POINT('',(-30.21891108675,-59.34068935166,7.99));
#5164 = VECTOR('',#5165,1.);
#5165 = DIRECTION('',(-0.5,-0.866025403784,0.));
#5166 = ORIENTED_EDGE('',*,*,#5167,.T.);
#5167 = EDGE_CURVE('',#5160,#5168,#5170,.T.);
#5168 = VERTEX_POINT('',#5169);
#5169 = CARTESIAN_POINT('',(-30.21891108675,-59.34068935166,19.48));
#5170 = LINE('',#5171,#5172);
#5171 = CARTESIAN_POINT('',(-30.21891108675,-59.34068935166,7.99));
#5172 = VECTOR('',#5173,1.);
#5173 = DIRECTION('',(0.,0.,1.));
#5174 = ORIENTED_EDGE('',*,*,#5175,.T.);
#5175 = EDGE_CURVE('',#5168,#3352,#5176,.T.);
#5176 = LINE('',#5177,#5178);
#5177 = CARTESIAN_POINT('',(-30.21891108675,-59.34068935166,19.48));
#5178 = VECTOR('',#5179,1.);
#5179 = DIRECTION('',(-0.5,-0.866025403784,0.));
#5180 = ORIENTED_EDGE('',*,*,#3360,.F.);
#5181 = ORIENTED_EDGE('',*,*,#4024,.F.);
#5182 = PLANE('',#5183);
#5183 = AXIS2_PLACEMENT_3D('',#5184,#5185,#5186);
#5184 = CARTESIAN_POINT('',(-30.21891108675,-59.34068935166,7.99));
#5185 = DIRECTION('',(0.866025403784,-0.5,0.));
#5186 = DIRECTION('',(0.,0.,1.));
#5187 = ADVANCED_FACE('',(#5188,#5207),#5218,.T.);
#5188 = FACE_BOUND('',#5189,.T.);
#5189 = EDGE_LOOP('',(#5190,#5191,#5200,#5206));
#5190 = ORIENTED_EDGE('',*,*,#5175,.F.);
#5191 = ORIENTED_EDGE('',*,*,#5192,.T.);
#5192 = EDGE_CURVE('',#5168,#5193,#5195,.T.);
#5193 = VERTEX_POINT('',#5194);
#5194 = CARTESIAN_POINT('',(-36.28108891324,-55.84068935166,19.48));
#5195 = CIRCLE('',#5196,3.5);
#5196 = AXIS2_PLACEMENT_3D('',#5197,#5198,#5199);
#5197 = CARTESIAN_POINT('',(-33.25,-57.59068935166,19.48));
#5198 = DIRECTION('',(0.,0.,1.));
#5199 = DIRECTION('',(-0.5,-0.866025403784,0.));
#5200 = ORIENTED_EDGE('',*,*,#5201,.T.);
#5201 = EDGE_CURVE('',#5193,#3344,#5202,.T.);
#5202 = LINE('',#5203,#5204);
#5203 = CARTESIAN_POINT('',(-36.28108891324,-55.84068935166,19.48));
#5204 = VECTOR('',#5205,1.);
#5205 = DIRECTION('',(-0.5,-0.866025403784,0.));
#5206 = ORIENTED_EDGE('',*,*,#3351,.T.);
#5207 = FACE_BOUND('',#5208,.T.);
#5208 = EDGE_LOOP('',(#5209));
#5209 = ORIENTED_EDGE('',*,*,#5210,.F.);
#5210 = EDGE_CURVE('',#5211,#5211,#5213,.T.);
#5211 = VERTEX_POINT('',#5212);
#5212 = CARTESIAN_POINT('',(-34.25,-59.32274015923,19.48));
#5213 = CIRCLE('',#5214,2.);
#5214 = AXIS2_PLACEMENT_3D('',#5215,#5216,#5217);
#5215 = CARTESIAN_POINT('',(-33.25,-57.59068935166,19.48));
#5216 = DIRECTION('',(0.,0.,1.));
#5217 = DIRECTION('',(-0.5,-0.866025403784,0.));
#5218 = PLANE('',#5219);
#5219 = AXIS2_PLACEMENT_3D('',#5220,#5221,#5222);
#5220 = CARTESIAN_POINT('',(-36.28108891324,-55.84068935166,19.48));
#5221 = DIRECTION('',(0.,0.,1.));
#5222 = DIRECTION('',(-0.5,-0.866025403784,0.));
#5223 = ADVANCED_FACE('',(#5224),#5251,.F.);
#5224 = FACE_BOUND('',#5225,.F.);
#5225 = EDGE_LOOP('',(#5226,#5234,#5242,#5248,#5249,#5250));
#5226 = ORIENTED_EDGE('',*,*,#5227,.F.);
#5227 = EDGE_CURVE('',#5228,#4033,#5230,.T.);
#5228 = VERTEX_POINT('',#5229);
#5229 = CARTESIAN_POINT('',(-38.53108891324,-59.73780366869,7.99));
#5230 = LINE('',#5231,#5232);
#5231 = CARTESIAN_POINT('',(-38.53108891324,-59.73780366869,7.99));
#5232 = VECTOR('',#5233,1.);
#5233 = DIRECTION('',(0.,0.,1.));
#5234 = ORIENTED_EDGE('',*,*,#5235,.F.);
#5235 = EDGE_CURVE('',#5236,#5228,#5238,.T.);
#5236 = VERTEX_POINT('',#5237);
#5237 = CARTESIAN_POINT('',(-36.28108891324,-55.84068935166,7.99));
#5238 = LINE('',#5239,#5240);
#5239 = CARTESIAN_POINT('',(-36.28108891324,-55.84068935166,7.99));
#5240 = VECTOR('',#5241,1.);
#5241 = DIRECTION('',(-0.5,-0.866025403784,0.));
#5242 = ORIENTED_EDGE('',*,*,#5243,.T.);
#5243 = EDGE_CURVE('',#5236,#5193,#5244,.T.);
#5244 = LINE('',#5245,#5246);
#5245 = CARTESIAN_POINT('',(-36.28108891324,-55.84068935166,7.99));
#5246 = VECTOR('',#5247,1.);
#5247 = DIRECTION('',(0.,0.,1.));
#5248 = ORIENTED_EDGE('',*,*,#5201,.T.);
#5249 = ORIENTED_EDGE('',*,*,#3343,.F.);
#5250 = ORIENTED_EDGE('',*,*,#4040,.F.);
#5251 = PLANE('',#5252);
#5252 = AXIS2_PLACEMENT_3D('',#5253,#5254,#5255);
#5253 = CARTESIAN_POINT('',(-36.28108891324,-55.84068935166,7.99));
#5254 = DIRECTION('',(0.866025403784,-0.5,0.));
#5255 = DIRECTION('',(0.,0.,1.));
#5256 = ADVANCED_FACE('',(#5257),#5291,.T.);
#5257 = FACE_BOUND('',#5258,.T.);
#5258 = EDGE_LOOP('',(#5259,#5267,#5275,#5283,#5289,#5290));
#5259 = ORIENTED_EDGE('',*,*,#5260,.F.);
#5260 = EDGE_CURVE('',#5261,#4048,#5263,.T.);
#5261 = VERTEX_POINT('',#5262);
#5262 = CARTESIAN_POINT('',(-71.,-3.5,7.99));
#5263 = LINE('',#5264,#5265);
#5264 = CARTESIAN_POINT('',(-71.,-3.5,7.99));
#5265 = VECTOR('',#5266,1.);
#5266 = DIRECTION('',(0.,0.,1.));
#5267 = ORIENTED_EDGE('',*,*,#5268,.F.);
#5268 = EDGE_CURVE('',#5269,#5261,#5271,.T.);
#5269 = VERTEX_POINT('',#5270);
#5270 = CARTESIAN_POINT('',(-66.5,-3.5,7.99));
#5271 = LINE('',#5272,#5273);
#5272 = CARTESIAN_POINT('',(-66.5,-3.5,7.99));
#5273 = VECTOR('',#5274,1.);
#5274 = DIRECTION('',(-1.,1.224646799147E-16,0.));
#5275 = ORIENTED_EDGE('',*,*,#5276,.T.);
#5276 = EDGE_CURVE('',#5269,#5277,#5279,.T.);
#5277 = VERTEX_POINT('',#5278);
#5278 = CARTESIAN_POINT('',(-66.5,-3.5,19.48));
#5279 = LINE('',#5280,#5281);
#5280 = CARTESIAN_POINT('',(-66.5,-3.5,7.99));
#5281 = VECTOR('',#5282,1.);
#5282 = DIRECTION('',(0.,0.,1.));
#5283 = ORIENTED_EDGE('',*,*,#5284,.T.);
#5284 = EDGE_CURVE('',#5277,#3318,#5285,.T.);
#5285 = LINE('',#5286,#5287);
#5286 = CARTESIAN_POINT('',(-66.5,-3.5,19.48));
#5287 = VECTOR('',#5288,1.);
#5288 = DIRECTION('',(-1.,1.224646799147E-16,0.));
#5289 = ORIENTED_EDGE('',*,*,#3326,.F.);
#5290 = ORIENTED_EDGE('',*,*,#4047,.F.);
#5291 = PLANE('',#5292);
#5292 = AXIS2_PLACEMENT_3D('',#5293,#5294,#5295);
#5293 = CARTESIAN_POINT('',(-66.5,-3.5,7.99));
#5294 = DIRECTION('',(-1.224646799147E-16,-1.,0.));
#5295 = DIRECTION('',(0.,0.,1.));
#5296 = ADVANCED_FACE('',(#5297,#5316),#5327,.T.);
#5297 = FACE_BOUND('',#5298,.T.);
#5298 = EDGE_LOOP('',(#5299,#5300,#5309,#5315));
#5299 = ORIENTED_EDGE('',*,*,#5284,.F.);
#5300 = ORIENTED_EDGE('',*,*,#5301,.T.);
#5301 = EDGE_CURVE('',#5277,#5302,#5304,.T.);
#5302 = VERTEX_POINT('',#5303);
#5303 = CARTESIAN_POINT('',(-66.5,3.5,19.48));
#5304 = CIRCLE('',#5305,3.5);
#5305 = AXIS2_PLACEMENT_3D('',#5306,#5307,#5308);
#5306 = CARTESIAN_POINT('',(-66.5,8.14390121433E-15,19.48));
#5307 = DIRECTION('',(0.,0.,1.));
#5308 = DIRECTION('',(-1.,1.224646799147E-16,0.));
#5309 = ORIENTED_EDGE('',*,*,#5310,.T.);
#5310 = EDGE_CURVE('',#5302,#3310,#5311,.T.);
#5311 = LINE('',#5312,#5313);
#5312 = CARTESIAN_POINT('',(-66.5,3.5,19.48));
#5313 = VECTOR('',#5314,1.);
#5314 = DIRECTION('',(-1.,1.224646799147E-16,0.));
#5315 = ORIENTED_EDGE('',*,*,#3317,.T.);
#5316 = FACE_BOUND('',#5317,.T.);
#5317 = EDGE_LOOP('',(#5318));
#5318 = ORIENTED_EDGE('',*,*,#5319,.F.);
#5319 = EDGE_CURVE('',#5320,#5320,#5322,.T.);
#5320 = VERTEX_POINT('',#5321);
#5321 = CARTESIAN_POINT('',(-68.5,8.878689293818E-15,19.48));
#5322 = CIRCLE('',#5323,2.);
#5323 = AXIS2_PLACEMENT_3D('',#5324,#5325,#5326);
#5324 = CARTESIAN_POINT('',(-66.5,8.14390121433E-15,19.48));
#5325 = DIRECTION('',(0.,0.,1.));
#5326 = DIRECTION('',(-1.,1.224646799147E-16,0.));
#5327 = PLANE('',#5328);
#5328 = AXIS2_PLACEMENT_3D('',#5329,#5330,#5331);
#5329 = CARTESIAN_POINT('',(-66.5,3.5,19.48));
#5330 = DIRECTION('',(0.,0.,1.));
#5331 = DIRECTION('',(-1.,1.224646799147E-16,0.));
#5332 = ADVANCED_FACE('',(#5333),#5360,.F.);
#5333 = FACE_BOUND('',#5334,.F.);
#5334 = EDGE_LOOP('',(#5335,#5343,#5351,#5357,#5358,#5359));
#5335 = ORIENTED_EDGE('',*,*,#5336,.F.);
#5336 = EDGE_CURVE('',#5337,#4056,#5339,.T.);
#5337 = VERTEX_POINT('',#5338);
#5338 = CARTESIAN_POINT('',(-71.,3.5,7.99));
#5339 = LINE('',#5340,#5341);
#5340 = CARTESIAN_POINT('',(-71.,3.5,7.99));
#5341 = VECTOR('',#5342,1.);
#5342 = DIRECTION('',(0.,0.,1.));
#5343 = ORIENTED_EDGE('',*,*,#5344,.F.);
#5344 = EDGE_CURVE('',#5345,#5337,#5347,.T.);
#5345 = VERTEX_POINT('',#5346);
#5346 = CARTESIAN_POINT('',(-66.5,3.5,7.99));
#5347 = LINE('',#5348,#5349);
#5348 = CARTESIAN_POINT('',(-66.5,3.5,7.99));
#5349 = VECTOR('',#5350,1.);
#5350 = DIRECTION('',(-1.,1.224646799147E-16,0.));
#5351 = ORIENTED_EDGE('',*,*,#5352,.T.);
#5352 = EDGE_CURVE('',#5345,#5302,#5353,.T.);
#5353 = LINE('',#5354,#5355);
#5354 = CARTESIAN_POINT('',(-66.5,3.5,7.99));
#5355 = VECTOR('',#5356,1.);
#5356 = DIRECTION('',(0.,0.,1.));
#5357 = ORIENTED_EDGE('',*,*,#5310,.T.);
#5358 = ORIENTED_EDGE('',*,*,#3309,.F.);
#5359 = ORIENTED_EDGE('',*,*,#4063,.F.);
#5360 = PLANE('',#5361);
#5361 = AXIS2_PLACEMENT_3D('',#5362,#5363,#5364);
#5362 = CARTESIAN_POINT('',(-66.5,3.5,7.99));
#5363 = DIRECTION('',(-1.224646799147E-16,-1.,0.));
#5364 = DIRECTION('',(0.,0.,1.));
#5365 = ADVANCED_FACE('',(#5366),#5377,.T.);
#5366 = FACE_BOUND('',#5367,.T.);
#5367 = EDGE_LOOP('',(#5368,#5369,#5375,#5376));
#5368 = ORIENTED_EDGE('',*,*,#4712,.F.);
#5369 = ORIENTED_EDGE('',*,*,#5370,.T.);
#5370 = EDGE_CURVE('',#4696,#4622,#5371,.T.);
#5371 = LINE('',#5372,#5373);
#5372 = CARTESIAN_POINT('',(62.987803668695,32.901923788647,7.99));
#5373 = VECTOR('',#5374,1.);
#5374 = DIRECTION('',(-0.5,0.866025403784,0.));
#5375 = ORIENTED_EDGE('',*,*,#4645,.T.);
#5376 = ORIENTED_EDGE('',*,*,#3837,.F.);
#5377 = PLANE('',#5378);
#5378 = AXIS2_PLACEMENT_3D('',#5379,#5380,#5381);
#5379 = CARTESIAN_POINT('',(62.987803668695,32.901923788647,7.99));
#5380 = DIRECTION('',(0.866025403784,0.5,0.));
#5381 = DIRECTION('',(0.,0.,1.));
#5382 = ADVANCED_FACE('',(#5383),#5394,.T.);
#5383 = FACE_BOUND('',#5384,.T.);
#5384 = EDGE_LOOP('',(#5385,#5386,#5392,#5393));
#5385 = ORIENTED_EDGE('',*,*,#4586,.F.);
#5386 = ORIENTED_EDGE('',*,*,#5387,.T.);
#5387 = EDGE_CURVE('',#4587,#4511,#5388,.T.);
#5388 = LINE('',#5389,#5390);
#5389 = CARTESIAN_POINT('',(48.319075838661,52.139398827545,7.99));
#5390 = VECTOR('',#5391,1.);
#5391 = DIRECTION('',(-0.766044443119,0.642787609687,0.));
#5392 = ORIENTED_EDGE('',*,*,#4510,.T.);
#5393 = ORIENTED_EDGE('',*,*,#3814,.F.);
#5394 = PLANE('',#5395);
#5395 = AXIS2_PLACEMENT_3D('',#5396,#5397,#5398);
#5396 = CARTESIAN_POINT('',(48.319075838661,52.139398827545,7.99));
#5397 = DIRECTION('',(0.642787609687,0.766044443119,0.));
#5398 = DIRECTION('',(0.,0.,1.));
#5399 = ADVANCED_FACE('',(#5400),#5411,.T.);
#5400 = FACE_BOUND('',#5401,.T.);
#5401 = EDGE_LOOP('',(#5402,#5403,#5409,#5410));
#5402 = ORIENTED_EDGE('',*,*,#4477,.F.);
#5403 = ORIENTED_EDGE('',*,*,#5404,.T.);
#5404 = EDGE_CURVE('',#4478,#4402,#5405,.T.);
#5405 = LINE('',#5406,#5407);
#5406 = CARTESIAN_POINT('',(-32.46891108675,63.237803668695,7.99));
#5407 = VECTOR('',#5408,1.);
#5408 = DIRECTION('',(-0.866025403784,-0.5,0.));
#5409 = ORIENTED_EDGE('',*,*,#4401,.T.);
#5410 = ORIENTED_EDGE('',*,*,#4101,.F.);
#5411 = PLANE('',#5412);
#5412 = AXIS2_PLACEMENT_3D('',#5413,#5414,#5415);
#5413 = CARTESIAN_POINT('',(-32.46891108675,63.237803668695,7.99));
#5414 = DIRECTION('',(-0.5,0.866025403784,0.));
#5415 = DIRECTION('',(0.,0.,1.));
#5416 = ADVANCED_FACE('',(#5417),#5428,.T.);
#5417 = FACE_BOUND('',#5418,.T.);
#5418 = EDGE_LOOP('',(#5419,#5420,#5426,#5427));
#5419 = ORIENTED_EDGE('',*,*,#4387,.F.);
#5420 = ORIENTED_EDGE('',*,*,#5421,.T.);
#5421 = EDGE_CURVE('',#4371,#4297,#5422,.T.);
#5422 = LINE('',#5423,#5424);
#5423 = CARTESIAN_POINT('',(-59.98780366869,38.098076211353,7.99));
#5424 = VECTOR('',#5425,1.);
#5425 = DIRECTION('',(-0.5,-0.866025403784,0.));
#5426 = ORIENTED_EDGE('',*,*,#4320,.T.);
#5427 = ORIENTED_EDGE('',*,*,#4078,.F.);
#5428 = PLANE('',#5429);
#5429 = AXIS2_PLACEMENT_3D('',#5430,#5431,#5432);
#5430 = CARTESIAN_POINT('',(-59.98780366869,38.098076211353,7.99));
#5431 = DIRECTION('',(-0.866025403784,0.5,0.));
#5432 = DIRECTION('',(0.,0.,1.));
#5433 = ADVANCED_FACE('',(#5434),#5445,.T.);
#5434 = FACE_BOUND('',#5435,.T.);
#5435 = EDGE_LOOP('',(#5436,#5437,#5443,#5444));
#5436 = ORIENTED_EDGE('',*,*,#5336,.F.);
#5437 = ORIENTED_EDGE('',*,*,#5438,.T.);
#5438 = EDGE_CURVE('',#5337,#5261,#5439,.T.);
#5439 = LINE('',#5440,#5441);
#5440 = CARTESIAN_POINT('',(-71.,3.5,7.99));
#5441 = VECTOR('',#5442,1.);
#5442 = DIRECTION('',(-1.224646799147E-16,-1.,0.));
#5443 = ORIENTED_EDGE('',*,*,#5260,.T.);
#5444 = ORIENTED_EDGE('',*,*,#4055,.F.);
#5445 = PLANE('',#5446);
#5446 = AXIS2_PLACEMENT_3D('',#5447,#5448,#5449);
#5447 = CARTESIAN_POINT('',(-71.,3.5,7.99));
#5448 = DIRECTION('',(-1.,1.224646799147E-16,0.));
#5449 = DIRECTION('',(0.,0.,1.));
#5450 = ADVANCED_FACE('',(#5451),#5462,.T.);
#5451 = FACE_BOUND('',#5452,.T.);
#5452 = EDGE_LOOP('',(#5453,#5454,#5460,#5461));
#5453 = ORIENTED_EDGE('',*,*,#5227,.F.);
#5454 = ORIENTED_EDGE('',*,*,#5455,.T.);
#5455 = EDGE_CURVE('',#5228,#5152,#5456,.T.);
#5456 = LINE('',#5457,#5458);
#5457 = CARTESIAN_POINT('',(-38.53108891324,-59.73780366869,7.99));
#5458 = VECTOR('',#5459,1.);
#5459 = DIRECTION('',(0.866025403784,-0.5,0.));
#5460 = ORIENTED_EDGE('',*,*,#5151,.T.);
#5461 = ORIENTED_EDGE('',*,*,#4032,.F.);
#5462 = PLANE('',#5463);
#5463 = AXIS2_PLACEMENT_3D('',#5464,#5465,#5466);
#5464 = CARTESIAN_POINT('',(-38.53108891324,-59.73780366869,7.99));
#5465 = DIRECTION('',(-0.5,-0.866025403784,0.));
#5466 = DIRECTION('',(0.,0.,1.));
#5467 = ADVANCED_FACE('',(#5468),#5474,.F.);
#5468 = FACE_BOUND('',#5469,.F.);
#5469 = EDGE_LOOP('',(#5470,#5471,#5472,#5473));
#5470 = ORIENTED_EDGE('',*,*,#5135,.F.);
#5471 = ORIENTED_EDGE('',*,*,#4009,.T.);
#5472 = ORIENTED_EDGE('',*,*,#5087,.T.);
#5473 = ORIENTED_EDGE('',*,*,#5111,.F.);
#5474 = PLANE('',#5475);
#5475 = AXIS2_PLACEMENT_3D('',#5476,#5477,#5478);
#5476 = CARTESIAN_POINT('',(-20.02223329334,-66.54122912861,8.));
#5477 = DIRECTION('',(-0.207911690818,-0.978147600734,0.));
#5478 = DIRECTION('',(0.,0.,1.));
#5479 = ADVANCED_FACE('',(#5480),#5491,.T.);
#5480 = FACE_BOUND('',#5481,.T.);
#5481 = EDGE_LOOP('',(#5482,#5483,#5489,#5490));
#5482 = ORIENTED_EDGE('',*,*,#5072,.F.);
#5483 = ORIENTED_EDGE('',*,*,#5484,.T.);
#5484 = EDGE_CURVE('',#5056,#4982,#5485,.T.);
#5485 = LINE('',#5486,#5487);
#5486 = CARTESIAN_POINT('',(-3.,-71.,7.99));
#5487 = VECTOR('',#5488,1.);
#5488 = DIRECTION('',(1.,-2.22044604925E-16,0.));
#5489 = ORIENTED_EDGE('',*,*,#5005,.T.);
#5490 = ORIENTED_EDGE('',*,*,#3986,.F.);
#5491 = PLANE('',#5492);
#5492 = AXIS2_PLACEMENT_3D('',#5493,#5494,#5495);
#5493 = CARTESIAN_POINT('',(-3.,-71.,7.99));
#5494 = DIRECTION('',(-2.22044604925E-16,-1.,0.));
#5495 = DIRECTION('',(0.,0.,1.));
#5496 = ADVANCED_FACE('',(#5497),#5508,.T.);
#5497 = FACE_BOUND('',#5498,.T.);
#5498 = EDGE_LOOP('',(#5499,#5500,#5506,#5507));
#5499 = ORIENTED_EDGE('',*,*,#4946,.F.);
#5500 = ORIENTED_EDGE('',*,*,#5501,.T.);
#5501 = EDGE_CURVE('',#4947,#4883,#5502,.T.);
#5502 = LINE('',#5503,#5504);
#5503 = CARTESIAN_POINT('',(42.190720293709,-57.28169970503,7.99));
#5504 = VECTOR('',#5505,1.);
#5505 = DIRECTION('',(0.766044443119,0.642787609687,0.));
#5506 = ORIENTED_EDGE('',*,*,#4882,.T.);
#5507 = ORIENTED_EDGE('',*,*,#3963,.F.);
#5508 = PLANE('',#5509);
#5509 = AXIS2_PLACEMENT_3D('',#5510,#5511,#5512);
#5510 = CARTESIAN_POINT('',(42.190720293709,-57.28169970503,7.99));
#5511 = DIRECTION('',(0.642787609687,-0.766044443119,0.));
#5512 = DIRECTION('',(0.,0.,1.));
#5513 = ADVANCED_FACE('',(#5514),#5525,.T.);
#5514 = FACE_BOUND('',#5515,.T.);
#5515 = EDGE_LOOP('',(#5516,#5517,#5523,#5524));
#5516 = ORIENTED_EDGE('',*,*,#4849,.F.);
#5517 = ORIENTED_EDGE('',*,*,#5518,.T.);
#5518 = EDGE_CURVE('',#4850,#4774,#5519,.T.);
#5519 = LINE('',#5520,#5521);
#5520 = CARTESIAN_POINT('',(52.139398827545,-48.31907583866,7.99));
#5521 = VECTOR('',#5522,1.);
#5522 = DIRECTION('',(0.642787609687,0.766044443119,0.));
#5523 = ORIENTED_EDGE('',*,*,#4773,.T.);
#5524 = ORIENTED_EDGE('',*,*,#3940,.F.);
#5525 = PLANE('',#5526);
#5526 = AXIS2_PLACEMENT_3D('',#5527,#5528,#5529);
#5527 = CARTESIAN_POINT('',(52.139398827545,-48.31907583866,7.99));
#5528 = DIRECTION('',(0.766044443119,-0.642787609687,0.));
#5529 = DIRECTION('',(0.,0.,1.));
#5530 = ADVANCED_FACE('',(#5531,#5543),#5554,.F.);
#5531 = FACE_BOUND('',#5532,.F.);
#5532 = EDGE_LOOP('',(#5533,#5534,#5541,#5542));
#5533 = ORIENTED_EDGE('',*,*,#4294,.F.);
#5534 = ORIENTED_EDGE('',*,*,#5535,.T.);
#5535 = EDGE_CURVE('',#4295,#4369,#5536,.T.);
#5536 = CIRCLE('',#5537,4.);
#5537 = AXIS2_PLACEMENT_3D('',#5538,#5539,#5540);
#5538 = CARTESIAN_POINT('',(-57.35686249264,33.115,7.99));
#5539 = DIRECTION('',(0.,0.,1.));
#5540 = DIRECTION('',(-0.866025403784,0.5,0.));
#5541 = ORIENTED_EDGE('',*,*,#4368,.T.);
#5542 = ORIENTED_EDGE('',*,*,#5421,.T.);
#5543 = FACE_BOUND('',#5544,.F.);
#5544 = EDGE_LOOP('',(#5545));
#5545 = ORIENTED_EDGE('',*,*,#5546,.F.);
#5546 = EDGE_CURVE('',#5547,#5547,#5549,.T.);
#5547 = VERTEX_POINT('',#5548);
#5548 = CARTESIAN_POINT('',(-59.56522727229,34.39,7.99));
#5549 = CIRCLE('',#5550,2.55);
#5550 = AXIS2_PLACEMENT_3D('',#5551,#5552,#5553);
#5551 = CARTESIAN_POINT('',(-57.35686249264,33.115,7.99));
#5552 = DIRECTION('',(0.,0.,1.));
#5553 = DIRECTION('',(-0.866025403784,0.5,0.));
#5554 = PLANE('',#5555);
#5555 = AXIS2_PLACEMENT_3D('',#5556,#5557,#5558);
#5556 = CARTESIAN_POINT('',(-55.85686249264,35.713076211353,7.99));
#5557 = DIRECTION('',(0.,0.,1.));
#5558 = DIRECTION('',(-0.866025403784,0.5,0.));
#5559 = ADVANCED_FACE('',(#5560),#5617,.T.);
#5560 = FACE_BOUND('',#5561,.T.);
#5561 = EDGE_LOOP('',(#5562,#5563,#5571,#5580,#5588,#5597,#5605,#5612,
    #5613,#5614,#5615,#5616));
#5562 = ORIENTED_EDGE('',*,*,#4344,.T.);
#5563 = ORIENTED_EDGE('',*,*,#5564,.T.);
#5564 = EDGE_CURVE('',#4336,#5565,#5567,.T.);
#5565 = VERTEX_POINT('',#5566);
#5566 = CARTESIAN_POINT('',(-60.82096410778,35.115,23.));
#5567 = LINE('',#5568,#5569);
#5568 = CARTESIAN_POINT('',(-60.82096410778,35.115,7.99));
#5569 = VECTOR('',#5570,1.);
#5570 = DIRECTION('',(0.,0.,1.));
#5571 = ORIENTED_EDGE('',*,*,#5572,.F.);
#5572 = EDGE_CURVE('',#5573,#5565,#5575,.T.);
#5573 = VERTEX_POINT('',#5574);
#5574 = CARTESIAN_POINT('',(-58.44923839277,36.962949440001,23.));
#5575 = CIRCLE('',#5576,4.);
#5576 = AXIS2_PLACEMENT_3D('',#5577,#5578,#5579);
#5577 = CARTESIAN_POINT('',(-57.35686249264,33.115,23.));
#5578 = DIRECTION('',(0.,0.,1.));
#5579 = DIRECTION('',(-0.866025403784,0.5,0.));
#5580 = ORIENTED_EDGE('',*,*,#5581,.T.);
#5581 = EDGE_CURVE('',#5573,#5582,#5584,.T.);
#5582 = VERTEX_POINT('',#5583);
#5583 = CARTESIAN_POINT('',(-58.44923839277,36.962949440001,23.3));
#5584 = LINE('',#5585,#5586);
#5585 = CARTESIAN_POINT('',(-58.44923839277,36.962949440001,7.99));
#5586 = VECTOR('',#5587,1.);
#5587 = DIRECTION('',(0.,0.,1.));
#5588 = ORIENTED_EDGE('',*,*,#5589,.F.);
#5589 = EDGE_CURVE('',#5590,#5582,#5592,.T.);
#5590 = VERTEX_POINT('',#5591);
#5591 = CARTESIAN_POINT('',(-61.23547241023,32.137050559999,23.3));
#5592 = CIRCLE('',#5593,4.);
#5593 = AXIS2_PLACEMENT_3D('',#5594,#5595,#5596);
#5594 = CARTESIAN_POINT('',(-57.35686249264,33.115,23.3));
#5595 = DIRECTION('',(0.,0.,1.));
#5596 = DIRECTION('',(-0.866025403784,0.5,0.));
#5597 = ORIENTED_EDGE('',*,*,#5598,.F.);
#5598 = EDGE_CURVE('',#5599,#5590,#5601,.T.);
#5599 = VERTEX_POINT('',#5600);
#5600 = CARTESIAN_POINT('',(-61.23547241023,32.137050559999,23.));
#5601 = LINE('',#5602,#5603);
#5602 = CARTESIAN_POINT('',(-61.23547241023,32.137050559999,7.99));
#5603 = VECTOR('',#5604,1.);
#5604 = DIRECTION('',(0.,0.,1.));
#5605 = ORIENTED_EDGE('',*,*,#5606,.F.);
#5606 = EDGE_CURVE('',#5565,#5599,#5607,.T.);
#5607 = CIRCLE('',#5608,4.);
#5608 = AXIS2_PLACEMENT_3D('',#5609,#5610,#5611);
#5609 = CARTESIAN_POINT('',(-57.35686249264,33.115,23.));
#5610 = DIRECTION('',(0.,0.,1.));
#5611 = DIRECTION('',(-0.866025403784,0.5,0.));
#5612 = ORIENTED_EDGE('',*,*,#5564,.F.);
#5613 = ORIENTED_EDGE('',*,*,#4335,.T.);
#5614 = ORIENTED_EDGE('',*,*,#4304,.F.);
#5615 = ORIENTED_EDGE('',*,*,#5535,.T.);
#5616 = ORIENTED_EDGE('',*,*,#4378,.T.);
#5617 = CYLINDRICAL_SURFACE('',#5618,4.);
#5618 = AXIS2_PLACEMENT_3D('',#5619,#5620,#5621);
#5619 = CARTESIAN_POINT('',(-57.35686249264,33.115,7.99));
#5620 = DIRECTION('',(0.,0.,1.));
#5621 = DIRECTION('',(-0.866025403784,0.5,0.));
#5622 = ADVANCED_FACE('',(#5623),#5635,.T.);
#5623 = FACE_BOUND('',#5624,.T.);
#5624 = EDGE_LOOP('',(#5625,#5626,#5627,#5634));
#5625 = ORIENTED_EDGE('',*,*,#4442,.F.);
#5626 = ORIENTED_EDGE('',*,*,#4417,.F.);
#5627 = ORIENTED_EDGE('',*,*,#5628,.T.);
#5628 = EDGE_CURVE('',#4410,#4486,#5629,.T.);
#5629 = CIRCLE('',#5630,3.5);
#5630 = AXIS2_PLACEMENT_3D('',#5631,#5632,#5633);
#5631 = CARTESIAN_POINT('',(-33.25,57.590689351665,7.99));
#5632 = DIRECTION('',(0.,0.,1.));
#5633 = DIRECTION('',(-0.5,0.866025403784,0.));
#5634 = ORIENTED_EDGE('',*,*,#4493,.T.);
#5635 = CYLINDRICAL_SURFACE('',#5636,3.5);
#5636 = AXIS2_PLACEMENT_3D('',#5637,#5638,#5639);
#5637 = CARTESIAN_POINT('',(-33.25,57.590689351665,7.99));
#5638 = DIRECTION('',(0.,0.,1.));
#5639 = DIRECTION('',(-0.5,0.866025403784,0.));
#5640 = ADVANCED_FACE('',(#5641,#5647),#5658,.F.);
#5641 = FACE_BOUND('',#5642,.F.);
#5642 = EDGE_LOOP('',(#5643,#5644,#5645,#5646));
#5643 = ORIENTED_EDGE('',*,*,#4409,.F.);
#5644 = ORIENTED_EDGE('',*,*,#5628,.T.);
#5645 = ORIENTED_EDGE('',*,*,#4485,.T.);
#5646 = ORIENTED_EDGE('',*,*,#5404,.T.);
#5647 = FACE_BOUND('',#5648,.F.);
#5648 = EDGE_LOOP('',(#5649));
#5649 = ORIENTED_EDGE('',*,*,#5650,.F.);
#5650 = EDGE_CURVE('',#5651,#5651,#5653,.T.);
#5651 = VERTEX_POINT('',#5652);
#5652 = CARTESIAN_POINT('',(-34.25,59.322740159234,7.99));
#5653 = CIRCLE('',#5654,2.);
#5654 = AXIS2_PLACEMENT_3D('',#5655,#5656,#5657);
#5655 = CARTESIAN_POINT('',(-33.25,57.590689351665,7.99));
#5656 = DIRECTION('',(0.,0.,1.));
#5657 = DIRECTION('',(-0.5,0.866025403784,0.));
#5658 = PLANE('',#5659);
#5659 = AXIS2_PLACEMENT_3D('',#5660,#5661,#5662);
#5660 = CARTESIAN_POINT('',(-30.21891108675,59.340689351665,7.99));
#5661 = DIRECTION('',(0.,0.,1.));
#5662 = DIRECTION('',(-0.5,0.866025403784,0.));
#5663 = ADVANCED_FACE('',(#5664),#5683,.F.);
#5664 = FACE_BOUND('',#5665,.F.);
#5665 = EDGE_LOOP('',(#5666,#5667,#5675,#5682));
#5666 = ORIENTED_EDGE('',*,*,#4460,.F.);
#5667 = ORIENTED_EDGE('',*,*,#5668,.F.);
#5668 = EDGE_CURVE('',#5669,#4461,#5671,.T.);
#5669 = VERTEX_POINT('',#5670);
#5670 = CARTESIAN_POINT('',(-34.25,59.322740159234,15.18));
#5671 = LINE('',#5672,#5673);
#5672 = CARTESIAN_POINT('',(-34.25,59.322740159234,15.18));
#5673 = VECTOR('',#5674,1.);
#5674 = DIRECTION('',(0.,0.,1.));
#5675 = ORIENTED_EDGE('',*,*,#5676,.T.);
#5676 = EDGE_CURVE('',#5669,#5669,#5677,.T.);
#5677 = CIRCLE('',#5678,2.);
#5678 = AXIS2_PLACEMENT_3D('',#5679,#5680,#5681);
#5679 = CARTESIAN_POINT('',(-33.25,57.590689351665,15.18));
#5680 = DIRECTION('',(0.,0.,1.));
#5681 = DIRECTION('',(-0.5,0.866025403784,0.));
#5682 = ORIENTED_EDGE('',*,*,#5668,.T.);
#5683 = CYLINDRICAL_SURFACE('',#5684,2.);
#5684 = AXIS2_PLACEMENT_3D('',#5685,#5686,#5687);
#5685 = CARTESIAN_POINT('',(-33.25,57.590689351665,15.18));
#5686 = DIRECTION('',(0.,0.,1.));
#5687 = DIRECTION('',(-0.5,0.866025403784,0.));
#5688 = ADVANCED_FACE('',(#5689),#5701,.T.);
#5689 = FACE_BOUND('',#5690,.T.);
#5690 = EDGE_LOOP('',(#5691,#5692,#5693,#5700));
#5691 = ORIENTED_EDGE('',*,*,#4551,.F.);
#5692 = ORIENTED_EDGE('',*,*,#4526,.F.);
#5693 = ORIENTED_EDGE('',*,*,#5694,.T.);
#5694 = EDGE_CURVE('',#4519,#4595,#5695,.T.);
#5695 = CIRCLE('',#5696,3.5);
#5696 = AXIS2_PLACEMENT_3D('',#5697,#5698,#5699);
#5697 = CARTESIAN_POINT('',(42.745376044155,50.941955467412,7.99));
#5698 = DIRECTION('',(0.,-0.,1.));
#5699 = DIRECTION('',(0.642787609687,0.766044443119,0.));
#5700 = ORIENTED_EDGE('',*,*,#4602,.T.);
#5701 = CYLINDRICAL_SURFACE('',#5702,3.5);
#5702 = AXIS2_PLACEMENT_3D('',#5703,#5704,#5705);
#5703 = CARTESIAN_POINT('',(42.745376044155,50.941955467412,7.99));
#5704 = DIRECTION('',(0.,0.,1.));
#5705 = DIRECTION('',(0.642787609687,0.766044443119,0.));
#5706 = ADVANCED_FACE('',(#5707),#5713,.F.);
#5707 = FACE_BOUND('',#5708,.F.);
#5708 = EDGE_LOOP('',(#5709,#5710,#5711,#5712));
#5709 = ORIENTED_EDGE('',*,*,#4518,.F.);
#5710 = ORIENTED_EDGE('',*,*,#5694,.T.);
#5711 = ORIENTED_EDGE('',*,*,#4594,.T.);
#5712 = ORIENTED_EDGE('',*,*,#5387,.T.);
#5713 = PLANE('',#5714);
#5714 = AXIS2_PLACEMENT_3D('',#5715,#5716,#5717);
#5715 = CARTESIAN_POINT('',(45.426531595071,48.692198833509,7.99));
#5716 = DIRECTION('',(0.,0.,1.));
#5717 = DIRECTION('',(0.642787609687,0.766044443119,0.));
#5718 = ADVANCED_FACE('',(#5719),#5738,.F.);
#5719 = FACE_BOUND('',#5720,.F.);
#5720 = EDGE_LOOP('',(#5721,#5722,#5730,#5737));
#5721 = ORIENTED_EDGE('',*,*,#4569,.F.);
#5722 = ORIENTED_EDGE('',*,*,#5723,.F.);
#5723 = EDGE_CURVE('',#5724,#4570,#5726,.T.);
#5724 = VERTEX_POINT('',#5725);
#5725 = CARTESIAN_POINT('',(44.030951263528,52.47404435365,15.18));
#5726 = LINE('',#5727,#5728);
#5727 = CARTESIAN_POINT('',(44.030951263528,52.47404435365,15.18));
#5728 = VECTOR('',#5729,1.);
#5729 = DIRECTION('',(0.,0.,1.));
#5730 = ORIENTED_EDGE('',*,*,#5731,.T.);
#5731 = EDGE_CURVE('',#5724,#5724,#5732,.T.);
#5732 = CIRCLE('',#5733,2.);
#5733 = AXIS2_PLACEMENT_3D('',#5734,#5735,#5736);
#5734 = CARTESIAN_POINT('',(42.745376044155,50.941955467412,15.18));
#5735 = DIRECTION('',(0.,-0.,1.));
#5736 = DIRECTION('',(0.642787609687,0.766044443119,0.));
#5737 = ORIENTED_EDGE('',*,*,#5723,.T.);
#5738 = CYLINDRICAL_SURFACE('',#5739,2.);
#5739 = AXIS2_PLACEMENT_3D('',#5740,#5741,#5742);
#5740 = CARTESIAN_POINT('',(42.745376044155,50.941955467412,15.18));
#5741 = DIRECTION('',(0.,0.,1.));
#5742 = DIRECTION('',(0.642787609687,0.766044443119,0.));
#5743 = ADVANCED_FACE('',(#5744,#5756),#5767,.F.);
#5744 = FACE_BOUND('',#5745,.F.);
#5745 = EDGE_LOOP('',(#5746,#5747,#5754,#5755));
#5746 = ORIENTED_EDGE('',*,*,#4619,.F.);
#5747 = ORIENTED_EDGE('',*,*,#5748,.T.);
#5748 = EDGE_CURVE('',#4620,#4694,#5749,.T.);
#5749 = CIRCLE('',#5750,4.);
#5750 = AXIS2_PLACEMENT_3D('',#5751,#5752,#5753);
#5751 = CARTESIAN_POINT('',(57.356862492643,33.115,7.99));
#5752 = DIRECTION('',(0.,-0.,1.));
#5753 = DIRECTION('',(0.866025403784,0.5,0.));
#5754 = ORIENTED_EDGE('',*,*,#4693,.T.);
#5755 = ORIENTED_EDGE('',*,*,#5370,.T.);
#5756 = FACE_BOUND('',#5757,.F.);
#5757 = EDGE_LOOP('',(#5758));
#5758 = ORIENTED_EDGE('',*,*,#5759,.F.);
#5759 = EDGE_CURVE('',#5760,#5760,#5762,.T.);
#5760 = VERTEX_POINT('',#5761);
#5761 = CARTESIAN_POINT('',(59.565227272294,34.39,7.99));
#5762 = CIRCLE('',#5763,2.55);
#5763 = AXIS2_PLACEMENT_3D('',#5764,#5765,#5766);
#5764 = CARTESIAN_POINT('',(57.356862492643,33.115,7.99));
#5765 = DIRECTION('',(0.,0.,1.));
#5766 = DIRECTION('',(0.866025403784,0.5,-0.));
#5767 = PLANE('',#5768);
#5768 = AXIS2_PLACEMENT_3D('',#5769,#5770,#5771);
#5769 = CARTESIAN_POINT('',(58.856862492643,30.516923788647,7.99));
#5770 = DIRECTION('',(0.,0.,1.));
#5771 = DIRECTION('',(0.866025403784,0.5,0.));
#5772 = ADVANCED_FACE('',(#5773),#5830,.T.);
#5773 = FACE_BOUND('',#5774,.T.);
#5774 = EDGE_LOOP('',(#5775,#5776,#5784,#5793,#5801,#5810,#5818,#5825,
    #5826,#5827,#5828,#5829));
#5775 = ORIENTED_EDGE('',*,*,#4669,.T.);
#5776 = ORIENTED_EDGE('',*,*,#5777,.T.);
#5777 = EDGE_CURVE('',#4661,#5778,#5780,.T.);
#5778 = VERTEX_POINT('',#5779);
#5779 = CARTESIAN_POINT('',(60.820964107781,35.115,23.));
#5780 = LINE('',#5781,#5782);
#5781 = CARTESIAN_POINT('',(60.820964107781,35.115,7.99));
#5782 = VECTOR('',#5783,1.);
#5783 = DIRECTION('',(0.,0.,1.));
#5784 = ORIENTED_EDGE('',*,*,#5785,.F.);
#5785 = EDGE_CURVE('',#5786,#5778,#5788,.T.);
#5786 = VERTEX_POINT('',#5787);
#5787 = CARTESIAN_POINT('',(61.23547241023,32.137050559999,23.));
#5788 = CIRCLE('',#5789,4.);
#5789 = AXIS2_PLACEMENT_3D('',#5790,#5791,#5792);
#5790 = CARTESIAN_POINT('',(57.356862492643,33.115,23.));
#5791 = DIRECTION('',(0.,0.,1.));
#5792 = DIRECTION('',(0.866025403784,0.5,-0.));
#5793 = ORIENTED_EDGE('',*,*,#5794,.T.);
#5794 = EDGE_CURVE('',#5786,#5795,#5797,.T.);
#5795 = VERTEX_POINT('',#5796);
#5796 = CARTESIAN_POINT('',(61.23547241023,32.137050559999,23.3));
#5797 = LINE('',#5798,#5799);
#5798 = CARTESIAN_POINT('',(61.23547241023,32.137050559999,7.99));
#5799 = VECTOR('',#5800,1.);
#5800 = DIRECTION('',(0.,0.,1.));
#5801 = ORIENTED_EDGE('',*,*,#5802,.F.);
#5802 = EDGE_CURVE('',#5803,#5795,#5805,.T.);
#5803 = VERTEX_POINT('',#5804);
#5804 = CARTESIAN_POINT('',(58.449238392779,36.962949440001,23.3));
#5805 = CIRCLE('',#5806,4.);
#5806 = AXIS2_PLACEMENT_3D('',#5807,#5808,#5809);
#5807 = CARTESIAN_POINT('',(57.356862492643,33.115,23.3));
#5808 = DIRECTION('',(0.,-0.,1.));
#5809 = DIRECTION('',(0.866025403784,0.5,0.));
#5810 = ORIENTED_EDGE('',*,*,#5811,.F.);
#5811 = EDGE_CURVE('',#5812,#5803,#5814,.T.);
#5812 = VERTEX_POINT('',#5813);
#5813 = CARTESIAN_POINT('',(58.449238392779,36.962949440001,23.));
#5814 = LINE('',#5815,#5816);
#5815 = CARTESIAN_POINT('',(58.449238392779,36.962949440001,7.99));
#5816 = VECTOR('',#5817,1.);
#5817 = DIRECTION('',(0.,0.,1.));
#5818 = ORIENTED_EDGE('',*,*,#5819,.F.);
#5819 = EDGE_CURVE('',#5778,#5812,#5820,.T.);
#5820 = CIRCLE('',#5821,4.);
#5821 = AXIS2_PLACEMENT_3D('',#5822,#5823,#5824);
#5822 = CARTESIAN_POINT('',(57.356862492643,33.115,23.));
#5823 = DIRECTION('',(0.,0.,1.));
#5824 = DIRECTION('',(0.866025403784,0.5,-0.));
#5825 = ORIENTED_EDGE('',*,*,#5777,.F.);
#5826 = ORIENTED_EDGE('',*,*,#4660,.T.);
#5827 = ORIENTED_EDGE('',*,*,#4629,.F.);
#5828 = ORIENTED_EDGE('',*,*,#5748,.T.);
#5829 = ORIENTED_EDGE('',*,*,#4703,.T.);
#5830 = CYLINDRICAL_SURFACE('',#5831,4.);
#5831 = AXIS2_PLACEMENT_3D('',#5832,#5833,#5834);
#5832 = CARTESIAN_POINT('',(57.356862492643,33.115,7.99));
#5833 = DIRECTION('',(0.,0.,1.));
#5834 = DIRECTION('',(0.866025403784,0.5,0.));
#5835 = ADVANCED_FACE('',(#5836),#5848,.T.);
#5836 = FACE_BOUND('',#5837,.T.);
#5837 = EDGE_LOOP('',(#5838,#5839,#5840,#5847));
#5838 = ORIENTED_EDGE('',*,*,#4814,.F.);
#5839 = ORIENTED_EDGE('',*,*,#4789,.F.);
#5840 = ORIENTED_EDGE('',*,*,#5841,.T.);
#5841 = EDGE_CURVE('',#4782,#4858,#5842,.T.);
#5842 = CIRCLE('',#5843,3.5);
#5843 = AXIS2_PLACEMENT_3D('',#5844,#5845,#5846);
#5844 = CARTESIAN_POINT('',(50.941955467412,-42.74537604415,7.99));
#5845 = DIRECTION('',(-0.,0.,1.));
#5846 = DIRECTION('',(0.766044443119,-0.642787609687,0.));
#5847 = ORIENTED_EDGE('',*,*,#4865,.T.);
#5848 = CYLINDRICAL_SURFACE('',#5849,3.5);
#5849 = AXIS2_PLACEMENT_3D('',#5850,#5851,#5852);
#5850 = CARTESIAN_POINT('',(50.941955467412,-42.74537604415,7.99));
#5851 = DIRECTION('',(0.,0.,1.));
#5852 = DIRECTION('',(0.766044443119,-0.642787609687,0.));
#5853 = ADVANCED_FACE('',(#5854,#5860),#5871,.F.);
#5854 = FACE_BOUND('',#5855,.F.);
#5855 = EDGE_LOOP('',(#5856,#5857,#5858,#5859));
#5856 = ORIENTED_EDGE('',*,*,#4781,.F.);
#5857 = ORIENTED_EDGE('',*,*,#5841,.T.);
#5858 = ORIENTED_EDGE('',*,*,#4857,.T.);
#5859 = ORIENTED_EDGE('',*,*,#5518,.T.);
#5860 = FACE_BOUND('',#5861,.F.);
#5861 = EDGE_LOOP('',(#5862));
#5862 = ORIENTED_EDGE('',*,*,#5863,.F.);
#5863 = EDGE_CURVE('',#5864,#5864,#5866,.T.);
#5864 = VERTEX_POINT('',#5865);
#5865 = CARTESIAN_POINT('',(52.47404435365,-44.03095126352,7.99));
#5866 = CIRCLE('',#5867,2.);
#5867 = AXIS2_PLACEMENT_3D('',#5868,#5869,#5870);
#5868 = CARTESIAN_POINT('',(50.941955467412,-42.74537604415,7.99));
#5869 = DIRECTION('',(0.,0.,1.));
#5870 = DIRECTION('',(0.766044443119,-0.642787609687,0.));
#5871 = PLANE('',#5872);
#5872 = AXIS2_PLACEMENT_3D('',#5873,#5874,#5875);
#5873 = CARTESIAN_POINT('',(48.692198833509,-45.42653159507,7.99));
#5874 = DIRECTION('',(0.,0.,1.));
#5875 = DIRECTION('',(0.766044443119,-0.642787609687,0.));
#5876 = ADVANCED_FACE('',(#5877),#5896,.F.);
#5877 = FACE_BOUND('',#5878,.F.);
#5878 = EDGE_LOOP('',(#5879,#5880,#5888,#5895));
#5879 = ORIENTED_EDGE('',*,*,#4832,.F.);
#5880 = ORIENTED_EDGE('',*,*,#5881,.F.);
#5881 = EDGE_CURVE('',#5882,#4833,#5884,.T.);
#5882 = VERTEX_POINT('',#5883);
#5883 = CARTESIAN_POINT('',(52.47404435365,-44.03095126352,15.18));
#5884 = LINE('',#5885,#5886);
#5885 = CARTESIAN_POINT('',(52.47404435365,-44.03095126352,15.18));
#5886 = VECTOR('',#5887,1.);
#5887 = DIRECTION('',(0.,0.,1.));
#5888 = ORIENTED_EDGE('',*,*,#5889,.T.);
#5889 = EDGE_CURVE('',#5882,#5882,#5890,.T.);
#5890 = CIRCLE('',#5891,2.);
#5891 = AXIS2_PLACEMENT_3D('',#5892,#5893,#5894);
#5892 = CARTESIAN_POINT('',(50.941955467412,-42.74537604415,15.18));
#5893 = DIRECTION('',(-0.,0.,1.));
#5894 = DIRECTION('',(0.766044443119,-0.642787609687,0.));
#5895 = ORIENTED_EDGE('',*,*,#5881,.T.);
#5896 = CYLINDRICAL_SURFACE('',#5897,2.);
#5897 = AXIS2_PLACEMENT_3D('',#5898,#5899,#5900);
#5898 = CARTESIAN_POINT('',(50.941955467412,-42.74537604415,15.18));
#5899 = DIRECTION('',(0.,0.,1.));
#5900 = DIRECTION('',(0.766044443119,-0.642787609687,0.));
#5901 = ADVANCED_FACE('',(#5902),#5913,.F.);
#5902 = FACE_BOUND('',#5903,.F.);
#5903 = EDGE_LOOP('',(#5904,#5905,#5911,#5912));
#5904 = ORIENTED_EDGE('',*,*,#4962,.F.);
#5905 = ORIENTED_EDGE('',*,*,#5906,.T.);
#5906 = EDGE_CURVE('',#4955,#4891,#5907,.T.);
#5907 = LINE('',#5908,#5909);
#5908 = CARTESIAN_POINT('',(38.976782245276,-53.45147748944,7.99));
#5909 = VECTOR('',#5910,1.);
#5910 = DIRECTION('',(0.766044443119,0.642787609687,0.));
#5911 = ORIENTED_EDGE('',*,*,#4898,.T.);
#5912 = ORIENTED_EDGE('',*,*,#4923,.F.);
#5913 = PLANE('',#5914);
#5914 = AXIS2_PLACEMENT_3D('',#5915,#5916,#5917);
#5915 = CARTESIAN_POINT('',(38.976782245276,-53.45147748944,7.99));
#5916 = DIRECTION('',(0.642787609687,-0.766044443119,0.));
#5917 = DIRECTION('',(0.,0.,1.));
#5918 = ADVANCED_FACE('',(#5919),#5925,.F.);
#5919 = FACE_BOUND('',#5920,.F.);
#5920 = EDGE_LOOP('',(#5921,#5922,#5923,#5924));
#5921 = ORIENTED_EDGE('',*,*,#5906,.F.);
#5922 = ORIENTED_EDGE('',*,*,#4954,.T.);
#5923 = ORIENTED_EDGE('',*,*,#5501,.T.);
#5924 = ORIENTED_EDGE('',*,*,#4890,.F.);
#5925 = PLANE('',#5926);
#5926 = AXIS2_PLACEMENT_3D('',#5927,#5928,#5929);
#5927 = CARTESIAN_POINT('',(38.976782245276,-53.45147748944,7.99));
#5928 = DIRECTION('',(0.,0.,1.));
#5929 = DIRECTION('',(0.642787609687,-0.766044443119,0.));
#5930 = ADVANCED_FACE('',(#5931,#5943),#5954,.F.);
#5931 = FACE_BOUND('',#5932,.F.);
#5932 = EDGE_LOOP('',(#5933,#5934,#5941,#5942));
#5933 = ORIENTED_EDGE('',*,*,#4979,.F.);
#5934 = ORIENTED_EDGE('',*,*,#5935,.T.);
#5935 = EDGE_CURVE('',#4980,#5054,#5936,.T.);
#5936 = CIRCLE('',#5937,4.);
#5937 = AXIS2_PLACEMENT_3D('',#5938,#5939,#5940);
#5938 = CARTESIAN_POINT('',(-1.216625362613E-14,-66.23,7.99));
#5939 = DIRECTION('',(0.,0.,1.));
#5940 = DIRECTION('',(-2.22044604925E-16,-1.,0.));
#5941 = ORIENTED_EDGE('',*,*,#5053,.T.);
#5942 = ORIENTED_EDGE('',*,*,#5484,.T.);
#5943 = FACE_BOUND('',#5944,.F.);
#5944 = EDGE_LOOP('',(#5945));
#5945 = ORIENTED_EDGE('',*,*,#5946,.F.);
#5946 = EDGE_CURVE('',#5947,#5947,#5949,.T.);
#5947 = VERTEX_POINT('',#5948);
#5948 = CARTESIAN_POINT('',(-1.335703723625E-14,-68.78,7.99));
#5949 = CIRCLE('',#5950,2.55);
#5950 = AXIS2_PLACEMENT_3D('',#5951,#5952,#5953);
#5951 = CARTESIAN_POINT('',(-1.216625362613E-14,-66.23,7.99));
#5952 = DIRECTION('',(0.,0.,1.));
#5953 = DIRECTION('',(-2.22044604925E-16,-1.,0.));
#5954 = PLANE('',#5955);
#5955 = AXIS2_PLACEMENT_3D('',#5956,#5957,#5958);
#5956 = CARTESIAN_POINT('',(-3.,-66.23,7.99));
#5957 = DIRECTION('',(0.,0.,1.));
#5958 = DIRECTION('',(-2.22044604925E-16,-1.,0.));
#5959 = ADVANCED_FACE('',(#5960),#6017,.T.);
#5960 = FACE_BOUND('',#5961,.T.);
#5961 = EDGE_LOOP('',(#5962,#5963,#5971,#5980,#5988,#5997,#6005,#6012,
    #6013,#6014,#6015,#6016));
#5962 = ORIENTED_EDGE('',*,*,#5029,.T.);
#5963 = ORIENTED_EDGE('',*,*,#5964,.T.);
#5964 = EDGE_CURVE('',#5021,#5965,#5967,.T.);
#5965 = VERTEX_POINT('',#5966);
#5966 = CARTESIAN_POINT('',(-1.403414948515E-14,-70.23,23.));
#5967 = LINE('',#5968,#5969);
#5968 = CARTESIAN_POINT('',(-1.403414948515E-14,-70.23,7.99));
#5969 = VECTOR('',#5970,1.);
#5970 = DIRECTION('',(0.,0.,1.));
#5971 = ORIENTED_EDGE('',*,*,#5972,.F.);
#5972 = EDGE_CURVE('',#5973,#5965,#5975,.T.);
#5973 = VERTEX_POINT('',#5974);
#5974 = CARTESIAN_POINT('',(-2.786234017451,-69.1,23.));
#5975 = CIRCLE('',#5976,4.);
#5976 = AXIS2_PLACEMENT_3D('',#5977,#5978,#5979);
#5977 = CARTESIAN_POINT('',(-1.216625362613E-14,-66.23,23.));
#5978 = DIRECTION('',(0.,0.,1.));
#5979 = DIRECTION('',(-2.22044604925E-16,-1.,0.));
#5980 = ORIENTED_EDGE('',*,*,#5981,.T.);
#5981 = EDGE_CURVE('',#5973,#5982,#5984,.T.);
#5982 = VERTEX_POINT('',#5983);
#5983 = CARTESIAN_POINT('',(-2.786234017451,-69.1,23.3));
#5984 = LINE('',#5985,#5986);
#5985 = CARTESIAN_POINT('',(-2.786234017451,-69.1,7.99));
#5986 = VECTOR('',#5987,1.);
#5987 = DIRECTION('',(0.,0.,1.));
#5988 = ORIENTED_EDGE('',*,*,#5989,.F.);
#5989 = EDGE_CURVE('',#5990,#5982,#5992,.T.);
#5990 = VERTEX_POINT('',#5991);
#5991 = CARTESIAN_POINT('',(2.786234017451,-69.1,23.3));
#5992 = CIRCLE('',#5993,4.);
#5993 = AXIS2_PLACEMENT_3D('',#5994,#5995,#5996);
#5994 = CARTESIAN_POINT('',(-1.216625362613E-14,-66.23,23.3));
#5995 = DIRECTION('',(0.,0.,1.));
#5996 = DIRECTION('',(-2.22044604925E-16,-1.,0.));
#5997 = ORIENTED_EDGE('',*,*,#5998,.F.);
#5998 = EDGE_CURVE('',#5999,#5990,#6001,.T.);
#5999 = VERTEX_POINT('',#6000);
#6000 = CARTESIAN_POINT('',(2.786234017451,-69.1,23.));
#6001 = LINE('',#6002,#6003);
#6002 = CARTESIAN_POINT('',(2.786234017451,-69.1,7.99));
#6003 = VECTOR('',#6004,1.);
#6004 = DIRECTION('',(0.,0.,1.));
#6005 = ORIENTED_EDGE('',*,*,#6006,.F.);
#6006 = EDGE_CURVE('',#5965,#5999,#6007,.T.);
#6007 = CIRCLE('',#6008,4.);
#6008 = AXIS2_PLACEMENT_3D('',#6009,#6010,#6011);
#6009 = CARTESIAN_POINT('',(-1.216625362613E-14,-66.23,23.));
#6010 = DIRECTION('',(0.,0.,1.));
#6011 = DIRECTION('',(-2.22044604925E-16,-1.,0.));
#6012 = ORIENTED_EDGE('',*,*,#5964,.F.);
#6013 = ORIENTED_EDGE('',*,*,#5020,.T.);
#6014 = ORIENTED_EDGE('',*,*,#4989,.F.);
#6015 = ORIENTED_EDGE('',*,*,#5935,.T.);
#6016 = ORIENTED_EDGE('',*,*,#5063,.T.);
#6017 = CYLINDRICAL_SURFACE('',#6018,4.);
#6018 = AXIS2_PLACEMENT_3D('',#6019,#6020,#6021);
#6019 = CARTESIAN_POINT('',(-1.216625362613E-14,-66.23,7.99));
#6020 = DIRECTION('',(0.,0.,1.));
#6021 = DIRECTION('',(-2.22044604925E-16,-1.,0.));
#6022 = ADVANCED_FACE('',(#6023),#6035,.T.);
#6023 = FACE_BOUND('',#6024,.T.);
#6024 = EDGE_LOOP('',(#6025,#6026,#6027,#6034));
#6025 = ORIENTED_EDGE('',*,*,#5192,.F.);
#6026 = ORIENTED_EDGE('',*,*,#5167,.F.);
#6027 = ORIENTED_EDGE('',*,*,#6028,.T.);
#6028 = EDGE_CURVE('',#5160,#5236,#6029,.T.);
#6029 = CIRCLE('',#6030,3.5);
#6030 = AXIS2_PLACEMENT_3D('',#6031,#6032,#6033);
#6031 = CARTESIAN_POINT('',(-33.25,-57.59068935166,7.99));
#6032 = DIRECTION('',(0.,0.,1.));
#6033 = DIRECTION('',(-0.5,-0.866025403784,0.));
#6034 = ORIENTED_EDGE('',*,*,#5243,.T.);
#6035 = CYLINDRICAL_SURFACE('',#6036,3.5);
#6036 = AXIS2_PLACEMENT_3D('',#6037,#6038,#6039);
#6037 = CARTESIAN_POINT('',(-33.25,-57.59068935166,7.99));
#6038 = DIRECTION('',(0.,0.,1.));
#6039 = DIRECTION('',(-0.5,-0.866025403784,0.));
#6040 = ADVANCED_FACE('',(#6041,#6047),#6058,.F.);
#6041 = FACE_BOUND('',#6042,.F.);
#6042 = EDGE_LOOP('',(#6043,#6044,#6045,#6046));
#6043 = ORIENTED_EDGE('',*,*,#5159,.F.);
#6044 = ORIENTED_EDGE('',*,*,#6028,.T.);
#6045 = ORIENTED_EDGE('',*,*,#5235,.T.);
#6046 = ORIENTED_EDGE('',*,*,#5455,.T.);
#6047 = FACE_BOUND('',#6048,.F.);
#6048 = EDGE_LOOP('',(#6049));
#6049 = ORIENTED_EDGE('',*,*,#6050,.F.);
#6050 = EDGE_CURVE('',#6051,#6051,#6053,.T.);
#6051 = VERTEX_POINT('',#6052);
#6052 = CARTESIAN_POINT('',(-34.25,-59.32274015923,7.99));
#6053 = CIRCLE('',#6054,2.);
#6054 = AXIS2_PLACEMENT_3D('',#6055,#6056,#6057);
#6055 = CARTESIAN_POINT('',(-33.25,-57.59068935166,7.99));
#6056 = DIRECTION('',(0.,0.,1.));
#6057 = DIRECTION('',(-0.5,-0.866025403784,0.));
#6058 = PLANE('',#6059);
#6059 = AXIS2_PLACEMENT_3D('',#6060,#6061,#6062);
#6060 = CARTESIAN_POINT('',(-36.28108891324,-55.84068935166,7.99));
#6061 = DIRECTION('',(0.,0.,1.));
#6062 = DIRECTION('',(-0.5,-0.866025403784,0.));
#6063 = ADVANCED_FACE('',(#6064),#6083,.F.);
#6064 = FACE_BOUND('',#6065,.F.);
#6065 = EDGE_LOOP('',(#6066,#6067,#6075,#6082));
#6066 = ORIENTED_EDGE('',*,*,#5210,.F.);
#6067 = ORIENTED_EDGE('',*,*,#6068,.F.);
#6068 = EDGE_CURVE('',#6069,#5211,#6071,.T.);
#6069 = VERTEX_POINT('',#6070);
#6070 = CARTESIAN_POINT('',(-34.25,-59.32274015923,15.18));
#6071 = LINE('',#6072,#6073);
#6072 = CARTESIAN_POINT('',(-34.25,-59.32274015923,15.18));
#6073 = VECTOR('',#6074,1.);
#6074 = DIRECTION('',(0.,0.,1.));
#6075 = ORIENTED_EDGE('',*,*,#6076,.T.);
#6076 = EDGE_CURVE('',#6069,#6069,#6077,.T.);
#6077 = CIRCLE('',#6078,2.);
#6078 = AXIS2_PLACEMENT_3D('',#6079,#6080,#6081);
#6079 = CARTESIAN_POINT('',(-33.25,-57.59068935166,15.18));
#6080 = DIRECTION('',(0.,0.,1.));
#6081 = DIRECTION('',(-0.5,-0.866025403784,0.));
#6082 = ORIENTED_EDGE('',*,*,#6068,.T.);
#6083 = CYLINDRICAL_SURFACE('',#6084,2.);
#6084 = AXIS2_PLACEMENT_3D('',#6085,#6086,#6087);
#6085 = CARTESIAN_POINT('',(-33.25,-57.59068935166,15.18));
#6086 = DIRECTION('',(0.,0.,1.));
#6087 = DIRECTION('',(-0.5,-0.866025403784,0.));
#6088 = ADVANCED_FACE('',(#6089),#6101,.T.);
#6089 = FACE_BOUND('',#6090,.T.);
#6090 = EDGE_LOOP('',(#6091,#6092,#6093,#6100));
#6091 = ORIENTED_EDGE('',*,*,#5301,.F.);
#6092 = ORIENTED_EDGE('',*,*,#5276,.F.);
#6093 = ORIENTED_EDGE('',*,*,#6094,.T.);
#6094 = EDGE_CURVE('',#5269,#5345,#6095,.T.);
#6095 = CIRCLE('',#6096,3.5);
#6096 = AXIS2_PLACEMENT_3D('',#6097,#6098,#6099);
#6097 = CARTESIAN_POINT('',(-66.5,8.14390121433E-15,7.99));
#6098 = DIRECTION('',(0.,0.,1.));
#6099 = DIRECTION('',(-1.,1.224646799147E-16,0.));
#6100 = ORIENTED_EDGE('',*,*,#5352,.T.);
#6101 = CYLINDRICAL_SURFACE('',#6102,3.5);
#6102 = AXIS2_PLACEMENT_3D('',#6103,#6104,#6105);
#6103 = CARTESIAN_POINT('',(-66.5,8.14390121433E-15,7.99));
#6104 = DIRECTION('',(0.,0.,1.));
#6105 = DIRECTION('',(-1.,1.224646799147E-16,0.));
#6106 = ADVANCED_FACE('',(#6107),#6113,.F.);
#6107 = FACE_BOUND('',#6108,.F.);
#6108 = EDGE_LOOP('',(#6109,#6110,#6111,#6112));
#6109 = ORIENTED_EDGE('',*,*,#5268,.F.);
#6110 = ORIENTED_EDGE('',*,*,#6094,.T.);
#6111 = ORIENTED_EDGE('',*,*,#5344,.T.);
#6112 = ORIENTED_EDGE('',*,*,#5438,.T.);
#6113 = PLANE('',#6114);
#6114 = AXIS2_PLACEMENT_3D('',#6115,#6116,#6117);
#6115 = CARTESIAN_POINT('',(-66.5,3.5,7.99));
#6116 = DIRECTION('',(0.,0.,1.));
#6117 = DIRECTION('',(-1.,1.224646799147E-16,0.));
#6118 = ADVANCED_FACE('',(#6119),#6138,.F.);
#6119 = FACE_BOUND('',#6120,.F.);
#6120 = EDGE_LOOP('',(#6121,#6122,#6130,#6137));
#6121 = ORIENTED_EDGE('',*,*,#5319,.F.);
#6122 = ORIENTED_EDGE('',*,*,#6123,.F.);
#6123 = EDGE_CURVE('',#6124,#5320,#6126,.T.);
#6124 = VERTEX_POINT('',#6125);
#6125 = CARTESIAN_POINT('',(-68.5,8.878689293818E-15,15.18));
#6126 = LINE('',#6127,#6128);
#6127 = CARTESIAN_POINT('',(-68.5,8.878689293818E-15,15.18));
#6128 = VECTOR('',#6129,1.);
#6129 = DIRECTION('',(0.,0.,1.));
#6130 = ORIENTED_EDGE('',*,*,#6131,.T.);
#6131 = EDGE_CURVE('',#6124,#6124,#6132,.T.);
#6132 = CIRCLE('',#6133,2.);
#6133 = AXIS2_PLACEMENT_3D('',#6134,#6135,#6136);
#6134 = CARTESIAN_POINT('',(-66.5,8.14390121433E-15,15.18));
#6135 = DIRECTION('',(0.,0.,1.));
#6136 = DIRECTION('',(-1.,1.224646799147E-16,0.));
#6137 = ORIENTED_EDGE('',*,*,#6123,.T.);
#6138 = CYLINDRICAL_SURFACE('',#6139,2.);
#6139 = AXIS2_PLACEMENT_3D('',#6140,#6141,#6142);
#6140 = CARTESIAN_POINT('',(-66.5,8.14390121433E-15,15.18));
#6141 = DIRECTION('',(0.,0.,1.));
#6142 = DIRECTION('',(-1.,1.224646799147E-16,0.));
#6143 = ADVANCED_FACE('',(#6144),#6163,.F.);
#6144 = FACE_BOUND('',#6145,.F.);
#6145 = EDGE_LOOP('',(#6146,#6155,#6161,#6162));
#6146 = ORIENTED_EDGE('',*,*,#6147,.F.);
#6147 = EDGE_CURVE('',#6148,#6148,#6150,.T.);
#6148 = VERTEX_POINT('',#6149);
#6149 = CARTESIAN_POINT('',(-59.56522727229,34.39,23.3));
#6150 = CIRCLE('',#6151,2.55);
#6151 = AXIS2_PLACEMENT_3D('',#6152,#6153,#6154);
#6152 = CARTESIAN_POINT('',(-57.35686249264,33.115,23.3));
#6153 = DIRECTION('',(0.,0.,1.));
#6154 = DIRECTION('',(-0.866025403784,0.5,0.));
#6155 = ORIENTED_EDGE('',*,*,#6156,.F.);
#6156 = EDGE_CURVE('',#5547,#6148,#6157,.T.);
#6157 = LINE('',#6158,#6159);
#6158 = CARTESIAN_POINT('',(-59.56522727229,34.39,7.));
#6159 = VECTOR('',#6160,1.);
#6160 = DIRECTION('',(0.,0.,1.));
#6161 = ORIENTED_EDGE('',*,*,#5546,.T.);
#6162 = ORIENTED_EDGE('',*,*,#6156,.T.);
#6163 = CYLINDRICAL_SURFACE('',#6164,2.55);
#6164 = AXIS2_PLACEMENT_3D('',#6165,#6166,#6167);
#6165 = CARTESIAN_POINT('',(-57.35686249264,33.115,7.));
#6166 = DIRECTION('',(0.,0.,1.));
#6167 = DIRECTION('',(-0.866025403784,0.5,0.));
#6168 = ADVANCED_FACE('',(#6169),#6179,.T.);
#6169 = FACE_BOUND('',#6170,.T.);
#6170 = EDGE_LOOP('',(#6171,#6177,#6178));
#6171 = ORIENTED_EDGE('',*,*,#6172,.F.);
#6172 = EDGE_CURVE('',#5573,#5599,#6173,.T.);
#6173 = LINE('',#6174,#6175);
#6174 = CARTESIAN_POINT('',(-56.0423554015,41.131793068762,23.));
#6175 = VECTOR('',#6176,1.);
#6176 = DIRECTION('',(-0.5,-0.866025403784,0.));
#6177 = ORIENTED_EDGE('',*,*,#5572,.T.);
#6178 = ORIENTED_EDGE('',*,*,#5606,.T.);
#6179 = PLANE('',#6180);
#6180 = AXIS2_PLACEMENT_3D('',#6181,#6182,#6183);
#6181 = CARTESIAN_POINT('',(-56.0423554015,41.131793068762,23.));
#6182 = DIRECTION('',(0.,0.,1.));
#6183 = DIRECTION('',(-0.866025403784,0.5,0.));
#6184 = ADVANCED_FACE('',(#6185),#6196,.T.);
#6185 = FACE_BOUND('',#6186,.T.);
#6186 = EDGE_LOOP('',(#6187,#6188,#6189,#6190));
#6187 = ORIENTED_EDGE('',*,*,#5581,.F.);
#6188 = ORIENTED_EDGE('',*,*,#6172,.T.);
#6189 = ORIENTED_EDGE('',*,*,#5598,.T.);
#6190 = ORIENTED_EDGE('',*,*,#6191,.F.);
#6191 = EDGE_CURVE('',#5582,#5590,#6192,.T.);
#6192 = LINE('',#6193,#6194);
#6193 = CARTESIAN_POINT('',(-57.9423554015,37.840896534381,23.3));
#6194 = VECTOR('',#6195,1.);
#6195 = DIRECTION('',(-0.5,-0.866025403784,0.));
#6196 = PLANE('',#6197);
#6197 = AXIS2_PLACEMENT_3D('',#6198,#6199,#6200);
#6198 = CARTESIAN_POINT('',(-56.0423554015,41.131793068762,23.));
#6199 = DIRECTION('',(-0.866025403784,0.5,0.));
#6200 = DIRECTION('',(0.,0.,1.));
#6201 = ADVANCED_FACE('',(#6202,#6206),#6209,.T.);
#6202 = FACE_BOUND('',#6203,.T.);
#6203 = EDGE_LOOP('',(#6204,#6205));
#6204 = ORIENTED_EDGE('',*,*,#6191,.T.);
#6205 = ORIENTED_EDGE('',*,*,#5589,.T.);
#6206 = FACE_BOUND('',#6207,.T.);
#6207 = EDGE_LOOP('',(#6208));
#6208 = ORIENTED_EDGE('',*,*,#6147,.F.);
#6209 = PLANE('',#6210);
#6210 = AXIS2_PLACEMENT_3D('',#6211,#6212,#6213);
#6211 = CARTESIAN_POINT('',(-57.35686249264,33.115,23.3));
#6212 = DIRECTION('',(0.,0.,1.));
#6213 = DIRECTION('',(-0.866025403784,0.5,0.));
#6214 = ADVANCED_FACE('',(#6215),#6234,.F.);
#6215 = FACE_BOUND('',#6216,.F.);
#6216 = EDGE_LOOP('',(#6217,#6225,#6232,#6233));
#6217 = ORIENTED_EDGE('',*,*,#6218,.T.);
#6218 = EDGE_CURVE('',#5651,#6219,#6221,.T.);
#6219 = VERTEX_POINT('',#6220);
#6220 = CARTESIAN_POINT('',(-34.25,59.322740159234,12.3));
#6221 = LINE('',#6222,#6223);
#6222 = CARTESIAN_POINT('',(-34.25,59.322740159234,7.));
#6223 = VECTOR('',#6224,1.);
#6224 = DIRECTION('',(0.,0.,1.));
#6225 = ORIENTED_EDGE('',*,*,#6226,.F.);
#6226 = EDGE_CURVE('',#6219,#6219,#6227,.T.);
#6227 = CIRCLE('',#6228,2.);
#6228 = AXIS2_PLACEMENT_3D('',#6229,#6230,#6231);
#6229 = CARTESIAN_POINT('',(-33.25,57.590689351665,12.3));
#6230 = DIRECTION('',(0.,0.,1.));
#6231 = DIRECTION('',(-0.5,0.866025403784,0.));
#6232 = ORIENTED_EDGE('',*,*,#6218,.F.);
#6233 = ORIENTED_EDGE('',*,*,#5650,.T.);
#6234 = CYLINDRICAL_SURFACE('',#6235,2.);
#6235 = AXIS2_PLACEMENT_3D('',#6236,#6237,#6238);
#6236 = CARTESIAN_POINT('',(-33.25,57.590689351665,7.));
#6237 = DIRECTION('',(0.,0.,1.));
#6238 = DIRECTION('',(-0.5,0.866025403784,0.));
#6239 = ADVANCED_FACE('',(#6240),#6243,.T.);
#6240 = FACE_BOUND('',#6241,.F.);
#6241 = EDGE_LOOP('',(#6242));
#6242 = ORIENTED_EDGE('',*,*,#5676,.F.);
#6243 = PLANE('',#6244);
#6244 = AXIS2_PLACEMENT_3D('',#6245,#6246,#6247);
#6245 = CARTESIAN_POINT('',(-33.25,57.590689351665,15.18));
#6246 = DIRECTION('',(0.,0.,1.));
#6247 = DIRECTION('',(-0.5,0.866025403784,0.));
#6248 = ADVANCED_FACE('',(#6249),#6252,.T.);
#6249 = FACE_BOUND('',#6250,.F.);
#6250 = EDGE_LOOP('',(#6251));
#6251 = ORIENTED_EDGE('',*,*,#5731,.F.);
#6252 = PLANE('',#6253);
#6253 = AXIS2_PLACEMENT_3D('',#6254,#6255,#6256);
#6254 = CARTESIAN_POINT('',(42.745376044155,50.941955467412,15.18));
#6255 = DIRECTION('',(0.,0.,1.));
#6256 = DIRECTION('',(0.642787609687,0.766044443119,0.));
#6257 = ADVANCED_FACE('',(#6258),#6277,.F.);
#6258 = FACE_BOUND('',#6259,.F.);
#6259 = EDGE_LOOP('',(#6260,#6269,#6275,#6276));
#6260 = ORIENTED_EDGE('',*,*,#6261,.F.);
#6261 = EDGE_CURVE('',#6262,#6262,#6264,.T.);
#6262 = VERTEX_POINT('',#6263);
#6263 = CARTESIAN_POINT('',(59.565227272294,34.39,23.3));
#6264 = CIRCLE('',#6265,2.55);
#6265 = AXIS2_PLACEMENT_3D('',#6266,#6267,#6268);
#6266 = CARTESIAN_POINT('',(57.356862492643,33.115,23.3));
#6267 = DIRECTION('',(0.,0.,1.));
#6268 = DIRECTION('',(0.866025403784,0.5,-0.));
#6269 = ORIENTED_EDGE('',*,*,#6270,.F.);
#6270 = EDGE_CURVE('',#5760,#6262,#6271,.T.);
#6271 = LINE('',#6272,#6273);
#6272 = CARTESIAN_POINT('',(59.565227272294,34.39,7.));
#6273 = VECTOR('',#6274,1.);
#6274 = DIRECTION('',(0.,0.,1.));
#6275 = ORIENTED_EDGE('',*,*,#5759,.T.);
#6276 = ORIENTED_EDGE('',*,*,#6270,.T.);
#6277 = CYLINDRICAL_SURFACE('',#6278,2.55);
#6278 = AXIS2_PLACEMENT_3D('',#6279,#6280,#6281);
#6279 = CARTESIAN_POINT('',(57.356862492643,33.115,7.));
#6280 = DIRECTION('',(0.,0.,1.));
#6281 = DIRECTION('',(0.866025403784,0.5,0.));
#6282 = ADVANCED_FACE('',(#6283),#6293,.T.);
#6283 = FACE_BOUND('',#6284,.T.);
#6284 = EDGE_LOOP('',(#6285,#6291,#6292));
#6285 = ORIENTED_EDGE('',*,*,#6286,.F.);
#6286 = EDGE_CURVE('',#5786,#5812,#6287,.T.);
#6287 = LINE('',#6288,#6289);
#6288 = CARTESIAN_POINT('',(63.642355401505,27.968206931238,23.));
#6289 = VECTOR('',#6290,1.);
#6290 = DIRECTION('',(-0.5,0.866025403784,0.));
#6291 = ORIENTED_EDGE('',*,*,#5785,.T.);
#6292 = ORIENTED_EDGE('',*,*,#5819,.T.);
#6293 = PLANE('',#6294);
#6294 = AXIS2_PLACEMENT_3D('',#6295,#6296,#6297);
#6295 = CARTESIAN_POINT('',(63.642355401505,27.968206931238,23.));
#6296 = DIRECTION('',(0.,0.,1.));
#6297 = DIRECTION('',(0.866025403784,0.5,0.));
#6298 = ADVANCED_FACE('',(#6299),#6310,.T.);
#6299 = FACE_BOUND('',#6300,.T.);
#6300 = EDGE_LOOP('',(#6301,#6302,#6303,#6304));
#6301 = ORIENTED_EDGE('',*,*,#5794,.F.);
#6302 = ORIENTED_EDGE('',*,*,#6286,.T.);
#6303 = ORIENTED_EDGE('',*,*,#5811,.T.);
#6304 = ORIENTED_EDGE('',*,*,#6305,.F.);
#6305 = EDGE_CURVE('',#5795,#5803,#6306,.T.);
#6306 = LINE('',#6307,#6308);
#6307 = CARTESIAN_POINT('',(61.742355401505,31.259103465619,23.3));
#6308 = VECTOR('',#6309,1.);
#6309 = DIRECTION('',(-0.5,0.866025403784,0.));
#6310 = PLANE('',#6311);
#6311 = AXIS2_PLACEMENT_3D('',#6312,#6313,#6314);
#6312 = CARTESIAN_POINT('',(63.642355401505,27.968206931238,23.));
#6313 = DIRECTION('',(0.866025403784,0.5,0.));
#6314 = DIRECTION('',(0.,0.,1.));
#6315 = ADVANCED_FACE('',(#6316,#6320),#6323,.T.);
#6316 = FACE_BOUND('',#6317,.T.);
#6317 = EDGE_LOOP('',(#6318,#6319));
#6318 = ORIENTED_EDGE('',*,*,#6305,.T.);
#6319 = ORIENTED_EDGE('',*,*,#5802,.T.);
#6320 = FACE_BOUND('',#6321,.T.);
#6321 = EDGE_LOOP('',(#6322));
#6322 = ORIENTED_EDGE('',*,*,#6261,.F.);
#6323 = PLANE('',#6324);
#6324 = AXIS2_PLACEMENT_3D('',#6325,#6326,#6327);
#6325 = CARTESIAN_POINT('',(57.356862492643,33.115,23.3));
#6326 = DIRECTION('',(0.,0.,1.));
#6327 = DIRECTION('',(0.866025403784,0.5,0.));
#6328 = ADVANCED_FACE('',(#6329),#6348,.F.);
#6329 = FACE_BOUND('',#6330,.F.);
#6330 = EDGE_LOOP('',(#6331,#6339,#6346,#6347));
#6331 = ORIENTED_EDGE('',*,*,#6332,.T.);
#6332 = EDGE_CURVE('',#5864,#6333,#6335,.T.);
#6333 = VERTEX_POINT('',#6334);
#6334 = CARTESIAN_POINT('',(52.47404435365,-44.03095126352,12.3));
#6335 = LINE('',#6336,#6337);
#6336 = CARTESIAN_POINT('',(52.47404435365,-44.03095126352,7.));
#6337 = VECTOR('',#6338,1.);
#6338 = DIRECTION('',(0.,0.,1.));
#6339 = ORIENTED_EDGE('',*,*,#6340,.F.);
#6340 = EDGE_CURVE('',#6333,#6333,#6341,.T.);
#6341 = CIRCLE('',#6342,2.);
#6342 = AXIS2_PLACEMENT_3D('',#6343,#6344,#6345);
#6343 = CARTESIAN_POINT('',(50.941955467412,-42.74537604415,12.3));
#6344 = DIRECTION('',(-0.,0.,1.));
#6345 = DIRECTION('',(0.766044443119,-0.642787609687,0.));
#6346 = ORIENTED_EDGE('',*,*,#6332,.F.);
#6347 = ORIENTED_EDGE('',*,*,#5863,.T.);
#6348 = CYLINDRICAL_SURFACE('',#6349,2.);
#6349 = AXIS2_PLACEMENT_3D('',#6350,#6351,#6352);
#6350 = CARTESIAN_POINT('',(50.941955467412,-42.74537604415,7.));
#6351 = DIRECTION('',(0.,0.,1.));
#6352 = DIRECTION('',(0.766044443119,-0.642787609687,0.));
#6353 = ADVANCED_FACE('',(#6354),#6357,.T.);
#6354 = FACE_BOUND('',#6355,.F.);
#6355 = EDGE_LOOP('',(#6356));
#6356 = ORIENTED_EDGE('',*,*,#5889,.F.);
#6357 = PLANE('',#6358);
#6358 = AXIS2_PLACEMENT_3D('',#6359,#6360,#6361);
#6359 = CARTESIAN_POINT('',(50.941955467412,-42.74537604415,15.18));
#6360 = DIRECTION('',(0.,0.,1.));
#6361 = DIRECTION('',(0.766044443119,-0.642787609687,0.));
#6362 = ADVANCED_FACE('',(#6363),#6382,.F.);
#6363 = FACE_BOUND('',#6364,.F.);
#6364 = EDGE_LOOP('',(#6365,#6374,#6380,#6381));
#6365 = ORIENTED_EDGE('',*,*,#6366,.F.);
#6366 = EDGE_CURVE('',#6367,#6367,#6369,.T.);
#6367 = VERTEX_POINT('',#6368);
#6368 = CARTESIAN_POINT('',(-1.335703723625E-14,-68.78,23.3));
#6369 = CIRCLE('',#6370,2.55);
#6370 = AXIS2_PLACEMENT_3D('',#6371,#6372,#6373);
#6371 = CARTESIAN_POINT('',(-1.216625362613E-14,-66.23,23.3));
#6372 = DIRECTION('',(0.,0.,1.));
#6373 = DIRECTION('',(-2.22044604925E-16,-1.,0.));
#6374 = ORIENTED_EDGE('',*,*,#6375,.F.);
#6375 = EDGE_CURVE('',#5947,#6367,#6376,.T.);
#6376 = LINE('',#6377,#6378);
#6377 = CARTESIAN_POINT('',(-1.335703723625E-14,-68.78,7.));
#6378 = VECTOR('',#6379,1.);
#6379 = DIRECTION('',(0.,0.,1.));
#6380 = ORIENTED_EDGE('',*,*,#5946,.T.);
#6381 = ORIENTED_EDGE('',*,*,#6375,.T.);
#6382 = CYLINDRICAL_SURFACE('',#6383,2.55);
#6383 = AXIS2_PLACEMENT_3D('',#6384,#6385,#6386);
#6384 = CARTESIAN_POINT('',(-1.216625362613E-14,-66.23,7.));
#6385 = DIRECTION('',(0.,0.,1.));
#6386 = DIRECTION('',(-2.22044604925E-16,-1.,0.));
#6387 = ADVANCED_FACE('',(#6388),#6398,.T.);
#6388 = FACE_BOUND('',#6389,.T.);
#6389 = EDGE_LOOP('',(#6390,#6396,#6397));
#6390 = ORIENTED_EDGE('',*,*,#6391,.F.);
#6391 = EDGE_CURVE('',#5973,#5999,#6392,.T.);
#6392 = LINE('',#6393,#6394);
#6393 = CARTESIAN_POINT('',(-7.6,-69.1,23.));
#6394 = VECTOR('',#6395,1.);
#6395 = DIRECTION('',(1.,-2.22044604925E-16,0.));
#6396 = ORIENTED_EDGE('',*,*,#5972,.T.);
#6397 = ORIENTED_EDGE('',*,*,#6006,.T.);
#6398 = PLANE('',#6399);
#6399 = AXIS2_PLACEMENT_3D('',#6400,#6401,#6402);
#6400 = CARTESIAN_POINT('',(-7.6,-69.1,23.));
#6401 = DIRECTION('',(0.,0.,1.));
#6402 = DIRECTION('',(-2.22044604925E-16,-1.,0.));
#6403 = ADVANCED_FACE('',(#6404),#6415,.T.);
#6404 = FACE_BOUND('',#6405,.T.);
#6405 = EDGE_LOOP('',(#6406,#6407,#6408,#6409));
#6406 = ORIENTED_EDGE('',*,*,#5981,.F.);
#6407 = ORIENTED_EDGE('',*,*,#6391,.T.);
#6408 = ORIENTED_EDGE('',*,*,#5998,.T.);
#6409 = ORIENTED_EDGE('',*,*,#6410,.F.);
#6410 = EDGE_CURVE('',#5982,#5990,#6411,.T.);
#6411 = LINE('',#6412,#6413);
#6412 = CARTESIAN_POINT('',(-3.8,-69.1,23.3));
#6413 = VECTOR('',#6414,1.);
#6414 = DIRECTION('',(1.,-2.22044604925E-16,0.));
#6415 = PLANE('',#6416);
#6416 = AXIS2_PLACEMENT_3D('',#6417,#6418,#6419);
#6417 = CARTESIAN_POINT('',(-7.6,-69.1,23.));
#6418 = DIRECTION('',(-2.22044604925E-16,-1.,0.));
#6419 = DIRECTION('',(0.,0.,1.));
#6420 = ADVANCED_FACE('',(#6421,#6425),#6428,.T.);
#6421 = FACE_BOUND('',#6422,.T.);
#6422 = EDGE_LOOP('',(#6423,#6424));
#6423 = ORIENTED_EDGE('',*,*,#6410,.T.);
#6424 = ORIENTED_EDGE('',*,*,#5989,.T.);
#6425 = FACE_BOUND('',#6426,.T.);
#6426 = EDGE_LOOP('',(#6427));
#6427 = ORIENTED_EDGE('',*,*,#6366,.F.);
#6428 = PLANE('',#6429);
#6429 = AXIS2_PLACEMENT_3D('',#6430,#6431,#6432);
#6430 = CARTESIAN_POINT('',(-1.216625362613E-14,-66.23,23.3));
#6431 = DIRECTION('',(0.,0.,1.));
#6432 = DIRECTION('',(-2.22044604925E-16,-1.,0.));
#6433 = ADVANCED_FACE('',(#6434),#6453,.F.);
#6434 = FACE_BOUND('',#6435,.F.);
#6435 = EDGE_LOOP('',(#6436,#6444,#6451,#6452));
#6436 = ORIENTED_EDGE('',*,*,#6437,.T.);
#6437 = EDGE_CURVE('',#6051,#6438,#6440,.T.);
#6438 = VERTEX_POINT('',#6439);
#6439 = CARTESIAN_POINT('',(-34.25,-59.32274015923,12.3));
#6440 = LINE('',#6441,#6442);
#6441 = CARTESIAN_POINT('',(-34.25,-59.32274015923,7.));
#6442 = VECTOR('',#6443,1.);
#6443 = DIRECTION('',(0.,0.,1.));
#6444 = ORIENTED_EDGE('',*,*,#6445,.F.);
#6445 = EDGE_CURVE('',#6438,#6438,#6446,.T.);
#6446 = CIRCLE('',#6447,2.);
#6447 = AXIS2_PLACEMENT_3D('',#6448,#6449,#6450);
#6448 = CARTESIAN_POINT('',(-33.25,-57.59068935166,12.3));
#6449 = DIRECTION('',(0.,0.,1.));
#6450 = DIRECTION('',(-0.5,-0.866025403784,0.));
#6451 = ORIENTED_EDGE('',*,*,#6437,.F.);
#6452 = ORIENTED_EDGE('',*,*,#6050,.T.);
#6453 = CYLINDRICAL_SURFACE('',#6454,2.);
#6454 = AXIS2_PLACEMENT_3D('',#6455,#6456,#6457);
#6455 = CARTESIAN_POINT('',(-33.25,-57.59068935166,7.));
#6456 = DIRECTION('',(0.,0.,1.));
#6457 = DIRECTION('',(-0.5,-0.866025403784,0.));
#6458 = ADVANCED_FACE('',(#6459),#6462,.T.);
#6459 = FACE_BOUND('',#6460,.F.);
#6460 = EDGE_LOOP('',(#6461));
#6461 = ORIENTED_EDGE('',*,*,#6076,.F.);
#6462 = PLANE('',#6463);
#6463 = AXIS2_PLACEMENT_3D('',#6464,#6465,#6466);
#6464 = CARTESIAN_POINT('',(-33.25,-57.59068935166,15.18));
#6465 = DIRECTION('',(0.,0.,1.));
#6466 = DIRECTION('',(-0.5,-0.866025403784,0.));
#6467 = ADVANCED_FACE('',(#6468),#6471,.T.);
#6468 = FACE_BOUND('',#6469,.F.);
#6469 = EDGE_LOOP('',(#6470));
#6470 = ORIENTED_EDGE('',*,*,#6131,.F.);
#6471 = PLANE('',#6472);
#6472 = AXIS2_PLACEMENT_3D('',#6473,#6474,#6475);
#6473 = CARTESIAN_POINT('',(-66.5,8.14390121433E-15,15.18));
#6474 = DIRECTION('',(0.,0.,1.));
#6475 = DIRECTION('',(-1.,1.224646799147E-16,0.));
#6476 = ADVANCED_FACE('',(#6477),#6480,.F.);
#6477 = FACE_BOUND('',#6478,.F.);
#6478 = EDGE_LOOP('',(#6479));
#6479 = ORIENTED_EDGE('',*,*,#6226,.T.);
#6480 = PLANE('',#6481);
#6481 = AXIS2_PLACEMENT_3D('',#6482,#6483,#6484);
#6482 = CARTESIAN_POINT('',(-33.25,57.590689351665,12.3));
#6483 = DIRECTION('',(0.,0.,1.));
#6484 = DIRECTION('',(-0.5,0.866025403784,0.));
#6485 = ADVANCED_FACE('',(#6486),#6489,.F.);
#6486 = FACE_BOUND('',#6487,.F.);
#6487 = EDGE_LOOP('',(#6488));
#6488 = ORIENTED_EDGE('',*,*,#6340,.T.);
#6489 = PLANE('',#6490);
#6490 = AXIS2_PLACEMENT_3D('',#6491,#6492,#6493);
#6491 = CARTESIAN_POINT('',(50.941955467412,-42.74537604415,12.3));
#6492 = DIRECTION('',(0.,0.,1.));
#6493 = DIRECTION('',(0.766044443119,-0.642787609687,0.));
#6494 = ADVANCED_FACE('',(#6495),#6498,.F.);
#6495 = FACE_BOUND('',#6496,.F.);
#6496 = EDGE_LOOP('',(#6497));
#6497 = ORIENTED_EDGE('',*,*,#6445,.T.);
#6498 = PLANE('',#6499);
#6499 = AXIS2_PLACEMENT_3D('',#6500,#6501,#6502);
#6500 = CARTESIAN_POINT('',(-33.25,-57.59068935166,12.3));
#6501 = DIRECTION('',(0.,0.,1.));
#6502 = DIRECTION('',(-0.5,-0.866025403784,0.));
#6503 = ( GEOMETRIC_REPRESENTATION_CONTEXT(3) 
GLOBAL_UNCERTAINTY_ASSIGNED_CONTEXT((#6507)) 
GLOBAL_UNIT_ASSIGNED_CONTEXT((#6504,#6505,#6506)) REPRESENTATION_CONTEXT
('Context #1','3D Context with UNIT and UNCERTAINTY') );
#6504 = ( LENGTH_UNIT() NAMED_UNIT(*) SI_UNIT(.MILLI.,.METRE.) );
#6505 = ( NAMED_UNIT(*) PLANE_ANGLE_UNIT() SI_UNIT($,.RADIAN.) );
#6506 = ( NAMED_UNIT(*) SI_UNIT($,.STERADIAN.) SOLID_ANGLE_UNIT() );
#6507 = UNCERTAINTY_MEASURE_WITH_UNIT(LENGTH_MEASURE(2.E-07),#6504,
  'distance_accuracy_value','confusion accuracy');
#6508 = CONTEXT_DEPENDENT_SHAPE_REPRESENTATION(#6509,#6511);
#6509 = ( REPRESENTATION_RELATIONSHIP('','',#32,#10) 
REPRESENTATION_RELATIONSHIP_WITH_TRANSFORMATION(#6510) 
SHAPE_REPRESENTATION_RELATIONSHIP() );
#6510 = ITEM_DEFINED_TRANSFORMATION('','',#11,#15);
#6511 = PRODUCT_DEFINITION_SHAPE('Placement','Placement of an item',
  #6512);
#6512 = NEXT_ASSEMBLY_USAGE_OCCURRENCE('2','=>[0:1:1:2]','',#5,#27,$);
#6513 = PRODUCT_RELATED_PRODUCT_CATEGORY('part',$,(#29));
ENDSEC;
END-ISO-10303-21;
