ISO-10303-21;
HEADER;
FILE_DESCRIPTION(('Open CASCADE Model'),'2;1');
FILE_NAME('Open CASCADE Shape Model','2026-09-04T19:53:57',('Author'),(
    'Open CASCADE'),'Open CASCADE STEP processor 7.9','build123d',
  'Unknown');
FILE_SCHEMA(('AUTOMOTIVE_DESIGN { 1 0 10303 214 1 1 1 1 }'));
ENDSEC;
DATA;
#1 = APPLICATION_PROTOCOL_DEFINITION('international standard',
  'automotive_design',2000,#2);
#2 = APPLICATION_CONTEXT(
  'core data for automotive mechanical design processes');
#3 = SHAPE_DEFINITION_REPRESENTATION(#4,#10);
#4 = PRODUCT_DEFINITION_SHAPE('','',#5);
#5 = PRODUCT_DEFINITION('design','',#6,#9);
#6 = PRODUCT_DEFINITION_FORMATION('','',#7);
#7 = PRODUCT('=>[0:1:1:2]','=>[0:1:1:2]','',(#8));
#8 = PRODUCT_CONTEXT('',#2,'mechanical');
#9 = PRODUCT_DEFINITION_CONTEXT('part definition',#2,'design');
#10 = SHAPE_REPRESENTATION('',(#11,#15),#19);
#11 = AXIS2_PLACEMENT_3D('',#12,#13,#14);
#12 = CARTESIAN_POINT('',(0.,0.,0.));
#13 = DIRECTION('',(0.,0.,1.));
#14 = DIRECTION('',(1.,0.,-0.));
#15 = AXIS2_PLACEMENT_3D('',#16,#17,#18);
#16 = CARTESIAN_POINT('',(0.,0.,-5.));
#17 = DIRECTION('',(0.,0.,1.));
#18 = DIRECTION('',(1.,0.,-0.));
#19 = ( GEOMETRIC_REPRESENTATION_CONTEXT(3) 
GLOBAL_UNCERTAINTY_ASSIGNED_CONTEXT((#23)) GLOBAL_UNIT_ASSIGNED_CONTEXT(
(#20,#21,#22)) REPRESENTATION_CONTEXT('Context #1',
  '3D Context with UNIT and UNCERTAINTY') );
#20 = ( LENGTH_UNIT() NAMED_UNIT(*) SI_UNIT(.MILLI.,.METRE.) );
#21 = ( NAMED_UNIT(*) PLANE_ANGLE_UNIT() SI_UNIT($,.RADIAN.) );
#22 = ( NAMED_UNIT(*) SI_UNIT($,.STERADIAN.) SOLID_ANGLE_UNIT() );
#23 = UNCERTAINTY_MEASURE_WITH_UNIT(LENGTH_MEASURE(2.E-07),#20,
  'distance_accuracy_value','confusion accuracy');
#24 = PRODUCT_RELATED_PRODUCT_CATEGORY('part',$,(#7));
#25 = SHAPE_DEFINITION_REPRESENTATION(#26,#32);
#26 = PRODUCT_DEFINITION_SHAPE('','',#27);
#27 = PRODUCT_DEFINITION('design','',#28,#31);
#28 = PRODUCT_DEFINITION_FORMATION('','',#29);
#29 = PRODUCT('COMPOUND','COMPOUND','',(#30));
#30 = PRODUCT_CONTEXT('',#2,'mechanical');
#31 = PRODUCT_DEFINITION_CONTEXT('part definition',#2,'design');
#32 = ADVANCED_BREP_SHAPE_REPRESENTATION('',(#11,#33),#7674);
#33 = MANIFOLD_SOLID_BREP('',#34);
#34 = CLOSED_SHELL('',(#35,#1237,#1602,#1678,#1699,#1816,#1888,#1960,
    #2032,#2104,#2176,#2248,#2320,#2437,#2462,#2557,#2629,#2701,#2773,
    #2845,#2917,#2989,#3061,#3133,#3205,#3230,#3255,#3304,#3339,#3364,
    #3413,#3448,#3473,#3522,#3557,#3582,#3600,#3631,#3690,#3714,#3732,
    #3763,#3822,#3846,#3864,#3895,#3919,#3943,#3994,#4025,#4084,#4108,
    #4126,#4157,#4216,#4240,#4258,#4292,#4623,#4676,#4701,#4725,#4743,
    #4815,#4839,#4857,#4929,#4938,#4948,#4968,#4978,#4998,#5008,#5028,
    #5102,#5144,#5154,#5228,#5270,#5280,#5292,#5355,#5379,#5435,#5452,
    #5526,#5568,#5578,#5652,#5694,#5704,#5722,#5863,#5911,#5928,#5996,
    #6006,#6022,#6063,#6109,#6155,#6166,#6177,#6193,#6209,#6250,#6291,
    #6322,#6346,#6370,#6387,#6404,#6421,#6438,#6458,#6474,#6491,#6543,
    #6560,#6571,#6587,#6604,#6656,#6673,#6684,#6716,#6733,#6758,#6775,
    #6800,#6816,#6848,#6865,#6890,#6907,#6932,#6948,#6965,#6982,#6999,
    #7016,#7028,#7060,#7084,#7102,#7119,#7144,#7160,#7192,#7216,#7234,
    #7251,#7276,#7292,#7309,#7333,#7358,#7375,#7392,#7409,#7421,#7438,
    #7455,#7467,#7504,#7521,#7532,#7548,#7560,#7572,#7597,#7622,#7647,
    #7656,#7665));
#35 = ADVANCED_FACE('',(#36,#72,#130,#188,#246,#304,#362,#420,#478,#536,
    #594,#652,#710,#768,#826,#884,#942,#1000,#1058,#1116,#1174),#1232,
  .T.);
#36 = FACE_BOUND('',#37,.T.);
#37 = EDGE_LOOP('',(#38,#49,#57,#66));
#38 = ORIENTED_EDGE('',*,*,#39,.T.);
#39 = EDGE_CURVE('',#40,#42,#44,.T.);
#40 = VERTEX_POINT('',#41);
#41 = CARTESIAN_POINT('',(11.124386735767,56.515555555556,17.4));
#42 = VERTEX_POINT('',#43);
#43 = CARTESIAN_POINT('',(-11.12438673576,56.515555555556,17.4));
#44 = CIRCLE('',#45,57.6);
#45 = AXIS2_PLACEMENT_3D('',#46,#47,#48);
#46 = CARTESIAN_POINT('',(0.,0.,17.4));
#47 = DIRECTION('',(0.,0.,-1.));
#48 = DIRECTION('',(0.193131714163,0.981172839506,0.));
#49 = ORIENTED_EDGE('',*,*,#50,.F.);
#50 = EDGE_CURVE('',#51,#42,#53,.T.);
#51 = VERTEX_POINT('',#52);
#52 = CARTESIAN_POINT('',(-11.12438673576,56.515555555556,8.4));
#53 = LINE('',#54,#55);
#54 = CARTESIAN_POINT('',(-11.12438673576,56.515555555556,5.));
#55 = VECTOR('',#56,1.);
#56 = DIRECTION('',(0.,0.,1.));
#57 = ORIENTED_EDGE('',*,*,#58,.T.);
#58 = EDGE_CURVE('',#51,#59,#61,.T.);
#59 = VERTEX_POINT('',#60);
#60 = CARTESIAN_POINT('',(11.124386735767,56.515555555556,8.4));
#61 = CIRCLE('',#62,57.6);
#62 = AXIS2_PLACEMENT_3D('',#63,#64,#65);
#63 = CARTESIAN_POINT('',(0.,0.,8.4));
#64 = DIRECTION('',(0.,0.,1.));
#65 = DIRECTION('',(-0.193131714163,0.981172839506,0.));
#66 = ORIENTED_EDGE('',*,*,#67,.T.);
#67 = EDGE_CURVE('',#59,#40,#68,.T.);
#68 = LINE('',#69,#70);
#69 = CARTESIAN_POINT('',(11.124386735767,56.515555555556,5.));
#70 = VECTOR('',#71,1.);
#71 = DIRECTION('',(0.,0.,1.));
#72 = FACE_BOUND('',#73,.T.);
#73 = EDGE_LOOP('',(#74));
#74 = ORIENTED_EDGE('',*,*,#75,.F.);
#75 = EDGE_CURVE('',#76,#76,#78,.T.);
#76 = VERTEX_POINT('',#77);
#77 = CARTESIAN_POINT('',(-35.0646583109,45.697152400775,11.));
#78 = B_SPLINE_CURVE_WITH_KNOTS('',8,(#79,#80,#81,#82,#83,#84,#85,#86,
    #87,#88,#89,#90,#91,#92,#93,#94,#95,#96,#97,#98,#99,#100,#101,#102,
    #103,#104,#105,#106,#107,#108,#109,#110,#111,#112,#113,#114,#115,
    #116,#117,#118,#119,#120,#121,#122,#123,#124,#125,#126,#127,#128,
    #129),.UNSPECIFIED.,.T.,.F.,(9,7,7,7,7,7,7,9),(0.,9.746360850857E-02
    ,0.174780283359,0.369662931065,0.501186018772,0.632709106479,
    0.827470542453,1.),.UNSPECIFIED.);
#79 = CARTESIAN_POINT('',(-35.0646583109,45.697152400775,11.));
#80 = CARTESIAN_POINT('',(-35.13244446166,45.645138257881,11.));
#81 = CARTESIAN_POINT('',(-35.1997797198,45.59328755955,11.008343504143)
  );
#82 = CARTESIAN_POINT('',(-35.26577579819,45.542285144343,
    11.024873534261));
#83 = CARTESIAN_POINT('',(-35.32958295127,45.492800156783,
    11.049212800013));
#84 = CARTESIAN_POINT('',(-35.39041853786,45.445462178894,11.08077132799
    ));
#85 = CARTESIAN_POINT('',(-35.4475973388,45.400834492596,11.118754529079
    ));
#86 = CARTESIAN_POINT('',(-35.50056362932,45.359384472926,
    11.162171704088));
#87 = CARTESIAN_POINT('',(-35.5872894881,45.291359046247,11.247663613659
    ));
#88 = CARTESIAN_POINT('',(-35.62293149327,45.263342440926,
    11.288333261293));
#89 = CARTESIAN_POINT('',(-35.65580738882,45.237450340523,
    11.331506174065));
#90 = CARTESIAN_POINT('',(-35.6858894688,45.213718131176,11.376856763561
    ));
#91 = CARTESIAN_POINT('',(-35.71316410177,45.192168828126,
    11.424080193453));
#92 = CARTESIAN_POINT('',(-35.73762987813,45.172814363089,
    11.472890963543));
#93 = CARTESIAN_POINT('',(-35.75929575769,45.155656871613,
    11.523021493806));
#94 = CARTESIAN_POINT('',(-35.82577643422,45.102964775844,11.70327228142
    ));
#95 = CARTESIAN_POINT('',(-35.85592565512,45.078975340394,11.83973867356
    ));
#96 = CARTESIAN_POINT('',(-35.86873781743,45.06875321728,11.980089007558
    ));
#97 = CARTESIAN_POINT('',(-35.86434084293,45.072254912158,12.12133241964
    ));
#98 = CARTESIAN_POINT('',(-35.84278696394,45.089434780826,
    12.260708285788));
#99 = CARTESIAN_POINT('',(-35.80395889556,45.120325785336,
    12.395447437899));
#100 = CARTESIAN_POINT('',(-35.74748614891,45.165100246712,
    12.522463808352));
#101 = CARTESIAN_POINT('',(-35.62241252203,45.263758641891,
    12.715008721887));
#102 = CARTESIAN_POINT('',(-35.56305695412,45.310474049912,
    12.788128368399));
#103 = CARTESIAN_POINT('',(-35.49501263955,45.363875680549,
    12.853927195713));
#104 = CARTESIAN_POINT('',(-35.41906553207,45.423264407042,
    12.909906515597));
#105 = CARTESIAN_POINT('',(-35.33641484138,45.487618354599,
    12.953959207632));
#106 = CARTESIAN_POINT('',(-35.24858380757,45.555680312924,
    12.984401213062));
#107 = CARTESIAN_POINT('',(-35.1573447386,45.626031603378,13.));
#108 = CARTESIAN_POINT('',(-34.97197188319,45.768273198173,13.));
#109 = CARTESIAN_POINT('',(-34.88040334613,45.838195117434,
    12.984401213062));
#110 = CARTESIAN_POINT('',(-34.79192819849,45.905417650285,
    12.953959207632));
#111 = CARTESIAN_POINT('',(-34.70837548568,45.968596059726,
    12.909906515597));
#112 = CARTESIAN_POINT('',(-34.63135382313,46.026584398787,
    12.853927195713));
#113 = CARTESIAN_POINT('',(-34.56216064441,46.078488800517,
    12.788128368399));
#114 = CARTESIAN_POINT('',(-34.50167467391,46.123731039198,
    12.715008721887));
#115 = CARTESIAN_POINT('',(-34.37405395529,46.218972832506,
    12.522535310473));
#116 = CARTESIAN_POINT('',(-34.31618389027,46.261936869402,
    12.395560778971));
#117 = CARTESIAN_POINT('',(-34.27626106088,46.291472714802,
    12.260804553971));
#118 = CARTESIAN_POINT('',(-34.25405705554,46.307868412372,
    12.121351131381));
#119 = CARTESIAN_POINT('',(-34.24953801807,46.311208242309,
    11.980001540509));
#120 = CARTESIAN_POINT('',(-34.26276588101,46.301450428374,
    11.839573010789));
#121 = CARTESIAN_POINT('',(-34.29378072285,46.278507798262,
    11.703125518947));
#122 = CARTESIAN_POINT('',(-34.38562797417,46.210296221364,
    11.460030355906));
#123 = CARTESIAN_POINT('',(-34.44396709869,46.166898518104,
    11.348279382129));
#124 = CARTESIAN_POINT('',(-34.5180507337,46.11164839174,11.244361498504
    ));
#125 = CARTESIAN_POINT('',(-34.60707760404,46.045003722253,
    11.153316319283));
#126 = CARTESIAN_POINT('',(-34.70921744639,45.968147835262,
    11.079695821155));
#127 = CARTESIAN_POINT('',(-34.8218424842,45.88287030482,11.027473821083
    ));
#128 = CARTESIAN_POINT('',(-34.94165014059,45.791539889594,11.));
#129 = CARTESIAN_POINT('',(-35.0646583109,45.697152400775,11.));
#130 = FACE_BOUND('',#131,.T.);
#131 = EDGE_LOOP('',(#132));
#132 = ORIENTED_EDGE('',*,*,#133,.F.);
#133 = EDGE_CURVE('',#134,#134,#136,.T.);
#134 = VERTEX_POINT('',#135);
#135 = CARTESIAN_POINT('',(-45.69715240077,35.064658310902,11.));
#136 = B_SPLINE_CURVE_WITH_KNOTS('',8,(#137,#138,#139,#140,#141,#142,
    #143,#144,#145,#146,#147,#148,#149,#150,#151,#152,#153,#154,#155,
    #156,#157,#158,#159,#160,#161,#162,#163,#164,#165,#166,#167,#168,
    #169,#170,#171,#172,#173,#174,#175,#176,#177,#178,#179,#180,#181,
    #182,#183,#184,#185,#186,#187),.UNSPECIFIED.,.T.,.F.,(9,7,7,7,7,7,7,
    9),(0.,9.746360851346E-02,0.174780283368,0.369662931084,
    0.501186018798,0.632709106512,0.827470542497,1.),.UNSPECIFIED.);
#137 = CARTESIAN_POINT('',(-45.69715240077,35.064658310902,11.));
#138 = CARTESIAN_POINT('',(-45.74916654366,34.996872160137,11.));
#139 = CARTESIAN_POINT('',(-45.80078746029,34.929360584294,
    11.008343504143));
#140 = CARTESIAN_POINT('',(-45.85133438044,34.863014992254,
    11.024873534261));
#141 = CARTESIAN_POINT('',(-45.90015970027,34.798701658326,
    11.049212800013));
#142 = CARTESIAN_POINT('',(-45.94667039428,34.737231274489,
    11.08077132799));
#143 = CARTESIAN_POINT('',(-45.99035037968,34.679325277066,
    11.118754529079));
#144 = CARTESIAN_POINT('',(-46.0307838331,34.62557894783,11.162171704088
    ));
#145 = CARTESIAN_POINT('',(-46.09694830392,34.537425127405,
    11.247663613659));
#146 = CARTESIAN_POINT('',(-46.12412460619,34.501138335013,
    11.288333261293));
#147 = CARTESIAN_POINT('',(-46.14917891405,34.467619578647,
    11.331506174065));
#148 = CARTESIAN_POINT('',(-46.17209362426,34.436910209506,
    11.376856763561));
#149 = CARTESIAN_POINT('',(-46.1928615266,34.409035986693,
    11.424080193453));
#150 = CARTESIAN_POINT('',(-46.21148434769,34.384008800183,
    11.472890963543));
#151 = CARTESIAN_POINT('',(-46.22797129475,34.361828393795,
    11.523021493806));
#152 = CARTESIAN_POINT('',(-46.27854897925,34.293725272431,
    11.70327228142));
#153 = CARTESIAN_POINT('',(-46.30146196758,34.262750064607,
    11.839738673559));
#154 = CARTESIAN_POINT('',(-46.3111918859,34.249560220279,
    11.980089007559));
#155 = CARTESIAN_POINT('',(-46.30785104,34.254080618538,12.121332419639)
  );
#156 = CARTESIAN_POINT('',(-46.29147806883,34.276253651756,
    12.260708285789));
#157 = CARTESIAN_POINT('',(-46.26196821509,34.316141514392,
    12.395447437898));
#158 = CARTESIAN_POINT('',(-46.21900821396,34.374006545355,
    12.522463808352));
#159 = CARTESIAN_POINT('',(-46.12373103919,34.501674673917,
    12.715008721887));
#160 = CARTESIAN_POINT('',(-46.07848880051,34.562160644418,
    12.788128368399));
#161 = CARTESIAN_POINT('',(-46.02658439878,34.631353823139,
    12.853927195713));
#162 = CARTESIAN_POINT('',(-45.96859605972,34.708375485684,
    12.909906515597));
#163 = CARTESIAN_POINT('',(-45.90541765028,34.791928198494,
    12.953959207632));
#164 = CARTESIAN_POINT('',(-45.83819511743,34.88040334613,
    12.984401213062));
#165 = CARTESIAN_POINT('',(-45.76827319817,34.971971883197,13.));
#166 = CARTESIAN_POINT('',(-45.62603160337,35.157344738607,13.));
#167 = CARTESIAN_POINT('',(-45.55568031292,35.248583807571,
    12.984401213062));
#168 = CARTESIAN_POINT('',(-45.48761835459,35.336414841387,
    12.953959207632));
#169 = CARTESIAN_POINT('',(-45.42326440704,35.419065532075,
    12.909906515597));
#170 = CARTESIAN_POINT('',(-45.36387568054,35.49501263955,
    12.853927195713));
#171 = CARTESIAN_POINT('',(-45.31047404991,35.563056954123,
    12.788128368399));
#172 = CARTESIAN_POINT('',(-45.26375864189,35.622412522031,
    12.715008721887));
#173 = CARTESIAN_POINT('',(-45.16513688379,35.747439702459,
    12.522535310473));
#174 = CARTESIAN_POINT('',(-45.12035860443,35.803917650267,
    12.395560778972));
#175 = CARTESIAN_POINT('',(-45.08944055176,35.84277987472,
    12.260804553971));
#176 = CARTESIAN_POINT('',(-45.07223664835,35.864363721903,
    12.121351131382));
#177 = CARTESIAN_POINT('',(-45.06873600494,35.868759362857,
    11.980001540509));
#178 = CARTESIAN_POINT('',(-45.0789876313,35.855910415515,
    11.839573010789));
#179 = CARTESIAN_POINT('',(-45.10300767841,35.825722304817,
    11.703125518947));
#180 = CARTESIAN_POINT('',(-45.17407085533,35.736063163169,
    11.460030355942));
#181 = CARTESIAN_POINT('',(-45.21918997026,35.679044924289,
    11.348279382133));
#182 = CARTESIAN_POINT('',(-45.27644948169,35.606503144637,
    11.244361498481));
#183 = CARTESIAN_POINT('',(-45.34519392529,35.519087487608,
    11.153316319263));
#184 = CARTESIAN_POINT('',(-45.42396166961,35.418414665006,
    11.079695821157));
#185 = CARTESIAN_POINT('',(-45.5106776533,35.306893391238,
    11.027473821096));
#186 = CARTESIAN_POINT('',(-45.60276491193,35.18766648124,11.));
#187 = CARTESIAN_POINT('',(-45.69715240077,35.064658310902,11.));
#188 = FACE_BOUND('',#189,.T.);
#189 = EDGE_LOOP('',(#190));
#190 = ORIENTED_EDGE('',*,*,#191,.F.);
#191 = EDGE_CURVE('',#192,#192,#194,.T.);
#192 = VERTEX_POINT('',#193);
#193 = CARTESIAN_POINT('',(-53.21546107265,22.042565704229,11.));
#194 = B_SPLINE_CURVE_WITH_KNOTS('',8,(#195,#196,#197,#198,#199,#200,
    #201,#202,#203,#204,#205,#206,#207,#208,#209,#210,#211,#212,#213,
    #214,#215,#216,#217,#218,#219,#220,#221,#222,#223,#224,#225,#226,
    #227,#228,#229,#230,#231,#232,#233,#234,#235,#236,#237,#238,#239,
    #240,#241,#242,#243,#244,#245),.UNSPECIFIED.,.T.,.F.,(9,7,7,7,7,7,7,
    9),(0.,9.746360851325E-02,0.174780283368,0.369662931084,
    0.501186018798,0.632709106512,0.827470542495,1.),.UNSPECIFIED.);
#195 = CARTESIAN_POINT('',(-53.21546107265,22.042565704229,11.));
#196 = CARTESIAN_POINT('',(-53.24815852979,21.963627059744,11.));
#197 = CARTESIAN_POINT('',(-53.28054722474,21.885055408717,
    11.008343504143));
#198 = CARTESIAN_POINT('',(-53.31220029757,21.807887982298,
    11.024873534261));
#199 = CARTESIAN_POINT('',(-53.3427164193,21.733129149427,
    11.049212800013));
#200 = CARTESIAN_POINT('',(-53.37173259379,21.661715464717,
    11.08077132799));
#201 = CARTESIAN_POINT('',(-53.39893704482,21.594477354198,
    11.118754529079));
#202 = CARTESIAN_POINT('',(-53.42408218812,21.532097438915,
    11.162171704088));
#203 = CARTESIAN_POINT('',(-53.46517627164,21.429822761923,
    11.247663613659));
#204 = CARTESIAN_POINT('',(-53.48203485091,21.387738667396,
    11.288333261293));
#205 = CARTESIAN_POINT('',(-53.49756016142,21.34887750292,
    11.331506174065));
#206 = CARTESIAN_POINT('',(-53.51174590222,21.313283766743,
    11.376856763561));
#207 = CARTESIAN_POINT('',(-53.52459177572,21.280984206387,
    11.424080193453));
#208 = CARTESIAN_POINT('',(-53.53610252705,21.251989859807,
    11.472890963543));
#209 = CARTESIAN_POINT('',(-53.5462869834,21.226298096545,
    11.523021493806));
#210 = CARTESIAN_POINT('',(-53.57751489026,21.147425064763,
    11.70327228142));
#211 = CARTESIAN_POINT('',(-53.59163016374,21.111574993789,
    11.839738673559));
#212 = CARTESIAN_POINT('',(-53.59761476022,21.09631629434,
    11.980089007559));
#213 = CARTESIAN_POINT('',(-53.59555771604,21.101547338309,
    12.121332419638));
#214 = CARTESIAN_POINT('',(-53.58548144362,21.127202480506,
    12.26070828579));
#215 = CARTESIAN_POINT('',(-53.56730085228,21.173368909349,
    12.395447437898));
#216 = CARTESIAN_POINT('',(-53.54078124975,21.240381103664,
    12.522463808352));
#217 = CARTESIAN_POINT('',(-53.48179350911,21.38835859363,
    12.715008721887));
#218 = CARTESIAN_POINT('',(-53.45374778345,21.458493107678,
    12.788128368399));
#219 = CARTESIAN_POINT('',(-53.42152049377,21.538762433699,
    12.853927195713));
#220 = CARTESIAN_POINT('',(-53.3854427326,21.628168133279,
    12.909906515597));
#221 = CARTESIAN_POINT('',(-53.3460421086,21.725225632041,
    12.953959207632));
#222 = CARTESIAN_POINT('',(-53.30400918124,21.828084533889,
    12.984401213062));
#223 = CARTESIAN_POINT('',(-53.26016947493,21.934630073093,13.));
#224 = CARTESIAN_POINT('',(-53.17075267037,22.150501335365,13.));
#225 = CARTESIAN_POINT('',(-53.12641295071,22.256839762261,
    12.984401213062));
#226 = CARTESIAN_POINT('',(-53.08340249168,22.359293757235,
    12.953959207632));
#227 = CARTESIAN_POINT('',(-53.04263292455,22.455784221186,
    12.909906515597));
#228 = CARTESIAN_POINT('',(-53.00492437767,22.544514427209,
    12.853927195713));
#229 = CARTESIAN_POINT('',(-52.970953528,22.624061547035,12.788128368399
    ));
#230 = CARTESIAN_POINT('',(-52.94119226031,22.693485460307,
    12.715008721887));
#231 = CARTESIAN_POINT('',(-52.87829037259,22.839777632127,
    12.522535310473));
#232 = CARTESIAN_POINT('',(-52.84965544461,22.905920612038,
    12.395560778971));
#233 = CARTESIAN_POINT('',(-52.82984918287,22.95146081917,
    12.260804553973));
#234 = CARTESIAN_POINT('',(-52.81881779897,22.976761912448,
    12.121351131379));
#235 = CARTESIAN_POINT('',(-52.81657411268,22.981913808754,
    11.980001540511));
#236 = CARTESIAN_POINT('',(-52.82315087106,22.96684936253,
    11.839573010787));
#237 = CARTESIAN_POINT('',(-52.83853919693,22.931473041104,
    11.703125518947));
#238 = CARTESIAN_POINT('',(-52.88397546139,22.82647645703,11.46003035594
    ));
#239 = CARTESIAN_POINT('',(-52.91279977362,22.759723381283,
    11.348279382132));
#240 = CARTESIAN_POINT('',(-52.94933302037,22.674833550763,
    11.244361498482));
#241 = CARTESIAN_POINT('',(-52.99311021698,22.572604138771,
    11.153316319264));
#242 = CARTESIAN_POINT('',(-53.04313797169,22.454975067042,
    11.079695821157));
#243 = CARTESIAN_POINT('',(-53.0980353503,22.324810040433,
    11.027473821095));
#244 = CARTESIAN_POINT('',(-53.15612661668,22.185811752532,11.));
#245 = CARTESIAN_POINT('',(-53.21546107265,22.042565704229,11.));
#246 = FACE_BOUND('',#247,.T.);
#247 = EDGE_LOOP('',(#248));
#248 = ORIENTED_EDGE('',*,*,#249,.F.);
#249 = EDGE_CURVE('',#250,#250,#252,.T.);
#250 = VERTEX_POINT('',#251);
#251 = CARTESIAN_POINT('',(-57.10722401513,7.518308671875,11.));
#252 = B_SPLINE_CURVE_WITH_KNOTS('',8,(#253,#254,#255,#256,#257,#258,
    #259,#260,#261,#262,#263,#264,#265,#266,#267,#268,#269,#270,#271,
    #272,#273,#274,#275,#276,#277,#278,#279,#280,#281,#282,#283,#284,
    #285,#286,#287,#288,#289,#290,#291,#292,#293,#294,#295,#296,#297,
    #298,#299,#300,#301,#302,#303),.UNSPECIFIED.,.T.,.F.,(9,7,7,7,7,7,7,
    9),(0.,9.746360957198E-02,0.174780285266,0.369662935099,
    0.501186024242,0.632709111653,0.827470544918,1.),.UNSPECIFIED.);
#253 = CARTESIAN_POINT('',(-57.10722401513,7.518308671875,11.));
#254 = CARTESIAN_POINT('',(-57.11837650885,7.43359707184,11.));
#255 = CARTESIAN_POINT('',(-57.12932574609,7.349319873799,
    11.008343504143));
#256 = CARTESIAN_POINT('',(-57.139927867,7.266589445588,11.024873534261)
  );
#257 = CARTESIAN_POINT('',(-57.15005516736,7.186479804689,
    11.049212800013));
#258 = CARTESIAN_POINT('',(-57.159599418,7.109989543701,11.08077132799)
  );
#259 = CARTESIAN_POINT('',(-57.16847439628,7.038001486203,
    11.118754529079));
#260 = CARTESIAN_POINT('',(-57.17661762949,6.971239073011,
    11.162171704088));
#261 = CARTESIAN_POINT('',(-57.18984083184,6.861813389672,
    11.247663613659));
#262 = CARTESIAN_POINT('',(-57.19523280378,6.816799954506,
    11.288333261293));
#263 = CARTESIAN_POINT('',(-57.20017109269,6.775244706058,
    11.331506174065));
#264 = CARTESIAN_POINT('',(-57.20466112928,6.737192257143,
    11.376856763561));
#265 = CARTESIAN_POINT('',(-57.20870954888,6.702668520905,
    11.424080193453));
#266 = CARTESIAN_POINT('',(-57.21232379178,6.671682931058,
    11.472890963543));
#267 = CARTESIAN_POINT('',(-57.21551170356,6.644230662132,
    11.523021493806));
#268 = CARTESIAN_POINT('',(-57.22526170253,6.559962786703,11.70327228142
    ));
#269 = CARTESIAN_POINT('',(-57.22961732859,6.521680975672,
    11.839738673559));
#270 = CARTESIAN_POINT('',(-57.23144876287,6.505393276253,
    11.980089007558));
#271 = CARTESIAN_POINT('',(-57.23081570458,6.51097847893,12.121332419639
    ));
#272 = CARTESIAN_POINT('',(-57.22772281221,6.538367374562,
    12.260708285789));
#273 = CARTESIAN_POINT('',(-57.22211046053,6.587666203779,
    12.395447437898));
#274 = CARTESIAN_POINT('',(-57.21383852369,6.659258791147,
    12.522463808352));
#275 = CARTESIAN_POINT('',(-57.19516013422,6.81746122112,12.715008721887
    ));
#276 = CARTESIAN_POINT('',(-57.18622219145,6.892464727486,
    12.788128368399));
#277 = CARTESIAN_POINT('',(-57.17586825034,6.978339978892,
    12.853927195713));
#278 = CARTESIAN_POINT('',(-57.16415970687,7.074036864828,
    12.909906515597));
#279 = CARTESIAN_POINT('',(-57.15122195572,7.177984841397,
    12.953959207632));
#280 = CARTESIAN_POINT('',(-57.13724310839,7.288217833279,
    12.984401213062));
#281 = CARTESIAN_POINT('',(-57.12247321856,7.402479472198,13.));
#282 = CARTESIAN_POINT('',(-57.0919748119,7.634137870028,13.));
#283 = CARTESIAN_POINT('',(-57.07666834115,7.748328870554,
    12.984401212425));
#284 = CARTESIAN_POINT('',(-57.06164047338,7.858423754353,
    12.953959208056));
#285 = CARTESIAN_POINT('',(-57.04723366561,7.962178323642,
    12.909906516408));
#286 = CARTESIAN_POINT('',(-57.03377507329,8.05764481284,12.853927195323
    ));
#287 = CARTESIAN_POINT('',(-57.02155006154,8.143273735386,
    12.788128367335));
#288 = CARTESIAN_POINT('',(-57.01077111576,8.218034866481,
    12.715008722792));
#289 = CARTESIAN_POINT('',(-56.987875758,8.375622460683,12.522535310473)
  );
#290 = CARTESIAN_POINT('',(-56.97733560443,8.446922937922,
    12.395560778971));
#291 = CARTESIAN_POINT('',(-56.96999089762,8.496037637876,
    12.260804553971));
#292 = CARTESIAN_POINT('',(-56.96588380381,8.523331749555,
    12.121351131382));
#293 = CARTESIAN_POINT('',(-56.96504997816,8.528888807991,
    11.980001540509));
#294 = CARTESIAN_POINT('',(-56.96750367334,8.512635480004,
    11.839573010789));
#295 = CARTESIAN_POINT('',(-56.973211589,8.474481785691,11.703125518947)
  );
#296 = CARTESIAN_POINT('',(-56.98992453466,8.361303102885,
    11.460030355949));
#297 = CARTESIAN_POINT('',(-57.00048971495,8.289364302068,
    11.348279382133));
#298 = CARTESIAN_POINT('',(-57.01380701663,8.197911522336,
    11.244361498477));
#299 = CARTESIAN_POINT('',(-57.02963362264,8.087835120859,
    11.153316319259));
#300 = CARTESIAN_POINT('',(-57.04751207892,7.961266026853,
    11.079695821157));
#301 = CARTESIAN_POINT('',(-57.06684968682,7.821327778871,
    11.027473821098));
#302 = CARTESIAN_POINT('',(-57.08698613716,7.672030616688,11.));
#303 = CARTESIAN_POINT('',(-57.10722401513,7.518308671875,11.));
#304 = FACE_BOUND('',#305,.T.);
#305 = EDGE_LOOP('',(#306));
#306 = ORIENTED_EDGE('',*,*,#307,.F.);
#307 = EDGE_CURVE('',#308,#308,#310,.T.);
#308 = VERTEX_POINT('',#309);
#309 = CARTESIAN_POINT('',(-57.10722401513,-7.518308671875,11.));
#310 = B_SPLINE_CURVE_WITH_KNOTS('',8,(#311,#312,#313,#314,#315,#316,
    #317,#318,#319,#320,#321,#322,#323,#324,#325,#326,#327,#328,#329,
    #330,#331,#332,#333,#334,#335,#336,#337,#338,#339,#340,#341,#342,
    #343,#344,#345,#346,#347,#348,#349,#350,#351,#352,#353,#354,#355,
    #356,#357,#358,#359,#360,#361),.UNSPECIFIED.,.T.,.F.,(9,7,7,7,7,7,7,
    9),(0.,9.7463610227E-02,0.174780286441,0.369662937583,0.50118602761,
    0.632709115905,0.827470545381,1.),.UNSPECIFIED.);
#311 = CARTESIAN_POINT('',(-57.10722401513,-7.518308671875,11.));
#312 = CARTESIAN_POINT('',(-57.09607152141,-7.60302027191,11.));
#313 = CARTESIAN_POINT('',(-57.08483512852,-7.687259665193,
    11.008343504143));
#314 = CARTESIAN_POINT('',(-57.07366378049,-7.769915153232,
    11.024873534261));
#315 = CARTESIAN_POINT('',(-57.06271210069,-7.849916262519,
    11.049212800013));
#316 = CARTESIAN_POINT('',(-57.05213400257,-7.926270414904,
    11.08077132799));
#317 = CARTESIAN_POINT('',(-57.042074693,-7.998102552229,11.118754529079
    ));
#318 = CARTESIAN_POINT('',(-57.03266106824,-8.064697715201,
    11.162171704088));
#319 = CARTESIAN_POINT('',(-57.01711225002,-8.173817225401,
    11.247663613659));
#320 = CARTESIAN_POINT('',(-57.01067016067,-8.21869240999,
    11.288333261293));
#321 = CARTESIAN_POINT('',(-57.00468489174,-8.260109820901,
    11.331506174065));
#322 = CARTESIAN_POINT('',(-56.99917323555,-8.298027771044,
    11.376856763561));
#323 = CARTESIAN_POINT('',(-56.99414830815,-8.332422947594,
    11.424080193453));
#324 = CARTESIAN_POINT('',(-56.98961973794,-8.363288163965,
    11.472890963543));
#325 = CARTESIAN_POINT('',(-56.98559385423,-8.390630111795,
    11.523021493806));
#326 = CARTESIAN_POINT('',(-56.97320149898,-8.474550114419,
    11.70327228142));
#327 = CARTESIAN_POINT('',(-56.96750064891,-8.51265482335,
    11.839738673559));
#328 = CARTESIAN_POINT('',(-56.96505411177,-8.52886154294,
    11.980089007559));
#329 = CARTESIAN_POINT('',(-56.96588818124,-8.523302803887,
    12.121332419639));
#330 = CARTESIAN_POINT('',(-56.96998944444,-8.496046662795,
    12.260708285789));
#331 = CARTESIAN_POINT('',(-56.97732780491,-8.446975066945,
    12.395447437898));
#332 = CARTESIAN_POINT('',(-56.98786725258,-8.37568100304,
    12.522463808352));
#333 = CARTESIAN_POINT('',(-57.01077111566,-8.218034867222,
    12.715008721887));
#334 = CARTESIAN_POINT('',(-57.0215500618,-8.143273733547,
    12.788128368399));
#335 = CARTESIAN_POINT('',(-57.03377507324,-8.057644813226,
    12.853927195713));
#336 = CARTESIAN_POINT('',(-57.04723366535,-7.962178325561,
    12.909906515597));
#337 = CARTESIAN_POINT('',(-57.06164047342,-7.858423754007,
    12.953959207632));
#338 = CARTESIAN_POINT('',(-57.07666834146,-7.748328868319,
    12.984401213062));
#339 = CARTESIAN_POINT('',(-57.0919748117,-7.634137871552,13.));
#340 = CARTESIAN_POINT('',(-57.12247321836,-7.402479473722,13.));
#341 = CARTESIAN_POINT('',(-57.13724310867,-7.288217831043,
    12.984401212425));
#342 = CARTESIAN_POINT('',(-57.15122195577,-7.177984841052,
    12.953959208056));
#343 = CARTESIAN_POINT('',(-57.16415970662,-7.07403686675,
    12.909906516408));
#344 = CARTESIAN_POINT('',(-57.17586825029,-6.978339979276,
    12.853927195323));
#345 = CARTESIAN_POINT('',(-57.18622219168,-6.892464725645,
    12.788128367335));
#346 = CARTESIAN_POINT('',(-57.19516013413,-6.817461221863,
    12.715008722792));
#347 = CARTESIAN_POINT('',(-57.21383158712,-6.659317542557,
    12.52253531348));
#348 = CARTESIAN_POINT('',(-57.22210450326,-6.587718567107,
    12.395560770544));
#349 = CARTESIAN_POINT('',(-57.22772187852,-6.538376481092,
    12.26080456159));
#350 = CARTESIAN_POINT('',(-57.23081896953,-6.510949373507,
    12.121351133838));
#351 = CARTESIAN_POINT('',(-57.23145182577,-6.505365879406,
    11.980001530711));
#352 = CARTESIAN_POINT('',(-57.22961524402,-6.521700438548,
    11.839573018216));
#353 = CARTESIAN_POINT('',(-57.22525376384,-6.56003139968,
    11.703125516795));
#354 = CARTESIAN_POINT('',(-57.21210443119,-6.673679240022,
    11.460030355941));
#355 = CARTESIAN_POINT('',(-57.20369047996,-6.745901255517,
    11.348279382132));
#356 = CARTESIAN_POINT('',(-57.19288428447,-6.837684628645,
    11.244361498481));
#357 = CARTESIAN_POINT('',(-57.17968174284,-6.948106494747,
    11.153316319263));
#358 = CARTESIAN_POINT('',(-57.16419251344,-7.074990136442,
    11.079695821156));
#359 = CARTESIAN_POINT('',(-57.14665252462,-7.215165045474,
    11.027473821096));
#360 = CARTESIAN_POINT('',(-57.12746189309,-7.36458672707,11.));
#361 = CARTESIAN_POINT('',(-57.10722401513,-7.518308671875,11.));
#362 = FACE_BOUND('',#363,.T.);
#363 = EDGE_LOOP('',(#364));
#364 = ORIENTED_EDGE('',*,*,#365,.F.);
#365 = EDGE_CURVE('',#366,#366,#368,.T.);
#366 = VERTEX_POINT('',#367);
#367 = CARTESIAN_POINT('',(-53.21546107265,-22.04256570422,11.));
#368 = B_SPLINE_CURVE_WITH_KNOTS('',8,(#369,#370,#371,#372,#373,#374,
    #375,#376,#377,#378,#379,#380,#381,#382,#383,#384,#385,#386,#387,
    #388,#389,#390,#391,#392,#393,#394,#395,#396,#397,#398,#399,#400,
    #401,#402,#403,#404,#405,#406,#407,#408,#409,#410,#411,#412,#413,
    #414,#415,#416,#417,#418,#419),.UNSPECIFIED.,.T.,.F.,(9,7,7,7,7,7,7,
    9),(0.,9.746360851171E-02,0.174780283365,0.369662931078,
    0.501186018789,0.632709106501,0.827470542481,1.),.UNSPECIFIED.);
#369 = CARTESIAN_POINT('',(-53.21546107265,-22.04256570422,11.));
#370 = CARTESIAN_POINT('',(-53.1827636155,-22.12150434871,11.));
#371 = CARTESIAN_POINT('',(-53.15010733409,-22.19996516179,
    11.008343504143));
#372 = CARTESIAN_POINT('',(-53.11792382603,-22.27691287475,
    11.024873534261));
#373 = CARTESIAN_POINT('',(-53.08663950496,-22.35135350903,
    11.049212800013));
#374 = CARTESIAN_POINT('',(-53.05665993798,-22.42236814351,
    11.08077132799));
#375 = CARTESIAN_POINT('',(-53.02835186588,-22.48914911921,
    11.118754529079));
#376 = CARTESIAN_POINT('',(-53.00202290611,-22.55103868166,
    11.162171704088));
#377 = CARTESIAN_POINT('',(-52.95876169359,-22.65241570443,
    11.247663613659));
#378 = CARTESIAN_POINT('',(-52.94092456069,-22.69409446877,
    11.288333261293));
#379 = CARTESIAN_POINT('',(-52.92442362011,-22.73255151404,
    11.331506174065));
#380 = CARTESIAN_POINT('',(-52.9092858814,-22.76775091977,
    11.376856763561));
#381 = CARTESIAN_POINT('',(-52.89553004751,-22.79967356219,
    11.424080193453));
#382 = CARTESIAN_POINT('',(-52.88316727875,-22.8283149916,
    11.472890963543));
#383 = CARTESIAN_POINT('',(-52.87220195688,-22.85368330977,
    11.523021493806));
#384 = CARTESIAN_POINT('',(-52.83851176595,-22.9315364301,11.70327228142
    ));
#385 = CARTESIAN_POINT('',(-52.82314294326,-22.96686726398,
    11.83973867356));
#386 = CARTESIAN_POINT('',(-52.81658516216,-22.98188854259,
    11.980089007557));
#387 = CARTESIAN_POINT('',(-52.81882951893,-22.97673508604,
    12.121332419641));
#388 = CARTESIAN_POINT('',(-52.82984544339,-22.95146916046,
    12.260708285787));
#389 = CARTESIAN_POINT('',(-52.84963441887,-22.90596894614,
    12.395447437899));
#390 = CARTESIAN_POINT('',(-52.87826700511,-22.83983197833,
    12.522463808352));
#391 = CARTESIAN_POINT('',(-52.94119226031,-22.6934854603,
    12.715008721887));
#392 = CARTESIAN_POINT('',(-52.970953528,-22.62406154703,12.788128368399
    ));
#393 = CARTESIAN_POINT('',(-53.00492437767,-22.5445144272,
    12.853927195713));
#394 = CARTESIAN_POINT('',(-53.04263292455,-22.45578422118,
    12.909906515597));
#395 = CARTESIAN_POINT('',(-53.08340249168,-22.35929375723,
    12.953959207632));
#396 = CARTESIAN_POINT('',(-53.12641295071,-22.25683976226,
    12.984401213062));
#397 = CARTESIAN_POINT('',(-53.17075267037,-22.15050133536,13.));
#398 = CARTESIAN_POINT('',(-53.26016947493,-21.93463007309,13.));
#399 = CARTESIAN_POINT('',(-53.30400918124,-21.82808453388,
    12.984401213062));
#400 = CARTESIAN_POINT('',(-53.3460421086,-21.72522563204,
    12.953959207632));
#401 = CARTESIAN_POINT('',(-53.3854427326,-21.62816813327,
    12.909906515597));
#402 = CARTESIAN_POINT('',(-53.42152049377,-21.53876243369,
    12.853927195713));
#403 = CARTESIAN_POINT('',(-53.45374778345,-21.45849310767,
    12.788128368399));
#404 = CARTESIAN_POINT('',(-53.48179350911,-21.38835859363,
    12.715008721887));
#405 = CARTESIAN_POINT('',(-53.54075934448,-21.24043605554,
    12.522535310473));
#406 = CARTESIAN_POINT('',(-53.56728154235,-21.17341795416,
    12.395560778971));
#407 = CARTESIAN_POINT('',(-53.58547818964,-21.1272110229,
    12.260804553973));
#408 = CARTESIAN_POINT('',(-53.59556839791,-21.1015200819,12.12135113138
    ));
#409 = CARTESIAN_POINT('',(-53.59762481293,-21.09629061531,
    11.98000154051));
#410 = CARTESIAN_POINT('',(-53.5916231113,-21.11159325783,
    11.839573010788));
#411 = CARTESIAN_POINT('',(-53.5774894641,-21.14748928418,
    11.703125518947));
#412 = CARTESIAN_POINT('',(-53.53537395821,-21.25386137149,
    11.460030355929));
#413 = CARTESIAN_POINT('',(-53.50855427233,-21.32144479066,
    11.348279382131));
#414 = CARTESIAN_POINT('',(-53.47436100403,-21.40730387199,
    11.24436149849));
#415 = CARTESIAN_POINT('',(-53.43302904616,-21.51054613502,
    11.15331631927));
#416 = CARTESIAN_POINT('',(-53.38522769647,-21.62909741391,
    11.079695821156));
#417 = CARTESIAN_POINT('',(-53.33200543217,-21.75995629559,
    11.027473821091));
#418 = CARTESIAN_POINT('',(-53.2747955286,-21.89931965593,11.));
#419 = CARTESIAN_POINT('',(-53.21546107265,-22.04256570422,11.));
#420 = FACE_BOUND('',#421,.T.);
#421 = EDGE_LOOP('',(#422));
#422 = ORIENTED_EDGE('',*,*,#423,.F.);
#423 = EDGE_CURVE('',#424,#424,#426,.T.);
#424 = VERTEX_POINT('',#425);
#425 = CARTESIAN_POINT('',(-45.69715240077,-35.0646583109,11.));
#426 = B_SPLINE_CURVE_WITH_KNOTS('',8,(#427,#428,#429,#430,#431,#432,
    #433,#434,#435,#436,#437,#438,#439,#440,#441,#442,#443,#444,#445,
    #446,#447,#448,#449,#450,#451,#452,#453,#454,#455,#456,#457,#458,
    #459,#460,#461,#462,#463,#464,#465,#466,#467,#468,#469,#470,#471,
    #472,#473,#474,#475,#476,#477),.UNSPECIFIED.,.T.,.F.,(9,7,7,7,7,7,7,
    9),(0.,9.74636085137E-02,0.174780283368,0.369662931085,
    0.501186018799,0.632709106513,0.827470542498,1.),.UNSPECIFIED.);
#427 = CARTESIAN_POINT('',(-45.69715240077,-35.0646583109,11.));
#428 = CARTESIAN_POINT('',(-45.64513825788,-35.13244446166,11.));
#429 = CARTESIAN_POINT('',(-45.59328755955,-35.1997797198,
    11.008343504143));
#430 = CARTESIAN_POINT('',(-45.54228514434,-35.26577579819,
    11.024873534261));
#431 = CARTESIAN_POINT('',(-45.49280015678,-35.32958295127,
    11.049212800013));
#432 = CARTESIAN_POINT('',(-45.44546217889,-35.39041853786,
    11.08077132799));
#433 = CARTESIAN_POINT('',(-45.40083449259,-35.4475973388,
    11.118754529079));
#434 = CARTESIAN_POINT('',(-45.35938447292,-35.50056362932,
    11.162171704088));
#435 = CARTESIAN_POINT('',(-45.29135904624,-35.5872894881,
    11.247663613659));
#436 = CARTESIAN_POINT('',(-45.26334244092,-35.62293149327,
    11.288333261293));
#437 = CARTESIAN_POINT('',(-45.23745034052,-35.65580738882,
    11.331506174065));
#438 = CARTESIAN_POINT('',(-45.21371813117,-35.6858894688,
    11.376856763561));
#439 = CARTESIAN_POINT('',(-45.19216882812,-35.71316410177,
    11.424080193453));
#440 = CARTESIAN_POINT('',(-45.17281436308,-35.73762987813,
    11.472890963543));
#441 = CARTESIAN_POINT('',(-45.15565687161,-35.75929575769,
    11.523021493806));
#442 = CARTESIAN_POINT('',(-45.10296477584,-35.82577643422,
    11.70327228142));
#443 = CARTESIAN_POINT('',(-45.07897534039,-35.85592565512,
    11.839738673559));
#444 = CARTESIAN_POINT('',(-45.06875321728,-35.86873781743,
    11.980089007558));
#445 = CARTESIAN_POINT('',(-45.07225491215,-35.86434084293,
    12.12133241964));
#446 = CARTESIAN_POINT('',(-45.08943478082,-35.84278696394,
    12.260708285789));
#447 = CARTESIAN_POINT('',(-45.12032578533,-35.80395889556,
    12.395447437898));
#448 = CARTESIAN_POINT('',(-45.16510024671,-35.74748614891,
    12.522463808352));
#449 = CARTESIAN_POINT('',(-45.26375864189,-35.62241252203,
    12.715008721887));
#450 = CARTESIAN_POINT('',(-45.31047404991,-35.56305695412,
    12.788128368399));
#451 = CARTESIAN_POINT('',(-45.36387568054,-35.49501263955,
    12.853927195713));
#452 = CARTESIAN_POINT('',(-45.42326440704,-35.41906553207,
    12.909906515597));
#453 = CARTESIAN_POINT('',(-45.48761835459,-35.33641484138,
    12.953959207632));
#454 = CARTESIAN_POINT('',(-45.55568031292,-35.24858380757,
    12.984401213062));
#455 = CARTESIAN_POINT('',(-45.62603160337,-35.1573447386,13.));
#456 = CARTESIAN_POINT('',(-45.76827319817,-34.97197188319,13.));
#457 = CARTESIAN_POINT('',(-45.83819511743,-34.88040334613,
    12.984401213062));
#458 = CARTESIAN_POINT('',(-45.90541765028,-34.79192819849,
    12.953959207632));
#459 = CARTESIAN_POINT('',(-45.96859605972,-34.70837548568,
    12.909906515597));
#460 = CARTESIAN_POINT('',(-46.02658439878,-34.63135382313,
    12.853927195713));
#461 = CARTESIAN_POINT('',(-46.07848880051,-34.56216064441,
    12.788128368399));
#462 = CARTESIAN_POINT('',(-46.12373103919,-34.50167467391,
    12.715008721887));
#463 = CARTESIAN_POINT('',(-46.2189728325,-34.37405395529,
    12.522535310472));
#464 = CARTESIAN_POINT('',(-46.2619368694,-34.31618389027,
    12.395560778972));
#465 = CARTESIAN_POINT('',(-46.2914727148,-34.27626106088,
    12.260804553969));
#466 = CARTESIAN_POINT('',(-46.30786841237,-34.25405705554,
    12.121351131384));
#467 = CARTESIAN_POINT('',(-46.3112082423,-34.24953801807,
    11.980001540507));
#468 = CARTESIAN_POINT('',(-46.30145042837,-34.26276588101,
    11.83957301079));
#469 = CARTESIAN_POINT('',(-46.27850779826,-34.29378072285,
    11.703125518947));
#470 = CARTESIAN_POINT('',(-46.21029622137,-34.38562797416,
    11.460030355943));
#471 = CARTESIAN_POINT('',(-46.16689851811,-34.44396709868,
    11.348279382132));
#472 = CARTESIAN_POINT('',(-46.11164839173,-34.51805073371,
    11.24436149848));
#473 = CARTESIAN_POINT('',(-46.04500372223,-34.60707760407,
    11.153316319262));
#474 = CARTESIAN_POINT('',(-45.96814783524,-34.7092174464,
    11.079695821157));
#475 = CARTESIAN_POINT('',(-45.88287030482,-34.82184248418,
    11.027473821096));
#476 = CARTESIAN_POINT('',(-45.79153988961,-34.94165014056,11.));
#477 = CARTESIAN_POINT('',(-45.69715240077,-35.0646583109,11.));
#478 = FACE_BOUND('',#479,.T.);
#479 = EDGE_LOOP('',(#480));
#480 = ORIENTED_EDGE('',*,*,#481,.F.);
#481 = EDGE_CURVE('',#482,#482,#484,.T.);
#482 = VERTEX_POINT('',#483);
#483 = CARTESIAN_POINT('',(-35.0646583109,-45.69715240077,11.));
#484 = B_SPLINE_CURVE_WITH_KNOTS('',8,(#485,#486,#487,#488,#489,#490,
    #491,#492,#493,#494,#495,#496,#497,#498,#499,#500,#501,#502,#503,
    #504,#505,#506,#507,#508,#509,#510,#511,#512,#513,#514,#515,#516,
    #517,#518,#519,#520,#521,#522,#523,#524,#525,#526,#527,#528,#529,
    #530,#531,#532,#533,#534,#535),.UNSPECIFIED.,.T.,.F.,(9,7,7,7,7,7,7,
    9),(0.,9.746361022727E-02,0.174780286441,0.369662937584,
    0.50118602761,0.632709115905,0.827470545381,1.),.UNSPECIFIED.);
#485 = CARTESIAN_POINT('',(-35.0646583109,-45.69715240077,11.));
#486 = CARTESIAN_POINT('',(-34.99687216013,-45.74916654366,11.));
#487 = CARTESIAN_POINT('',(-34.92936058429,-45.80078746029,
    11.008343504143));
#488 = CARTESIAN_POINT('',(-34.86301499225,-45.85133438044,
    11.024873534261));
#489 = CARTESIAN_POINT('',(-34.79870165832,-45.90015970027,
    11.049212800013));
#490 = CARTESIAN_POINT('',(-34.73723127448,-45.94667039428,
    11.08077132799));
#491 = CARTESIAN_POINT('',(-34.67932527706,-45.99035037968,
    11.118754529079));
#492 = CARTESIAN_POINT('',(-34.62557894783,-46.0307838331,
    11.162171704088));
#493 = CARTESIAN_POINT('',(-34.5374251274,-46.09694830392,
    11.247663613659));
#494 = CARTESIAN_POINT('',(-34.50113833501,-46.12412460619,
    11.288333261293));
#495 = CARTESIAN_POINT('',(-34.46761957864,-46.14917891405,
    11.331506174065));
#496 = CARTESIAN_POINT('',(-34.4369102095,-46.17209362426,
    11.376856763561));
#497 = CARTESIAN_POINT('',(-34.40903598669,-46.1928615266,
    11.424080193453));
#498 = CARTESIAN_POINT('',(-34.38400880018,-46.21148434769,
    11.472890963543));
#499 = CARTESIAN_POINT('',(-34.36182839379,-46.22797129475,
    11.523021493806));
#500 = CARTESIAN_POINT('',(-34.29372527243,-46.27854897925,
    11.70327228142));
#501 = CARTESIAN_POINT('',(-34.2627500646,-46.30146196759,11.83973867356
    ));
#502 = CARTESIAN_POINT('',(-34.24956022027,-46.3111918859,
    11.980089007558));
#503 = CARTESIAN_POINT('',(-34.25408061853,-46.30785104,12.12133241964)
  );
#504 = CARTESIAN_POINT('',(-34.27625365175,-46.29147806883,
    12.260708285789));
#505 = CARTESIAN_POINT('',(-34.31614151439,-46.26196821509,
    12.395447437899));
#506 = CARTESIAN_POINT('',(-34.37400654535,-46.21900821396,
    12.522463808352));
#507 = CARTESIAN_POINT('',(-34.50167467391,-46.12373103919,
    12.715008721887));
#508 = CARTESIAN_POINT('',(-34.56216064441,-46.07848880051,
    12.788128368399));
#509 = CARTESIAN_POINT('',(-34.63135382313,-46.02658439878,
    12.853927195713));
#510 = CARTESIAN_POINT('',(-34.70837548568,-45.96859605972,
    12.909906515597));
#511 = CARTESIAN_POINT('',(-34.79192819849,-45.90541765028,
    12.953959207632));
#512 = CARTESIAN_POINT('',(-34.88040334613,-45.83819511743,
    12.984401213062));
#513 = CARTESIAN_POINT('',(-34.97197188319,-45.76827319817,13.));
#514 = CARTESIAN_POINT('',(-35.15734473738,-45.62603160431,13.));
#515 = CARTESIAN_POINT('',(-35.24858380935,-45.55568031154,
    12.984401212425));
#516 = CARTESIAN_POINT('',(-35.33641484166,-45.48761835439,
    12.953959208056));
#517 = CARTESIAN_POINT('',(-35.41906553054,-45.42326440822,
    12.909906516408));
#518 = CARTESIAN_POINT('',(-35.49501263924,-45.36387568078,
    12.853927195323));
#519 = CARTESIAN_POINT('',(-35.56305695558,-45.31047404877,
    12.788128367335));
#520 = CARTESIAN_POINT('',(-35.62241252144,-45.26375864235,
    12.715008722792));
#521 = CARTESIAN_POINT('',(-35.7474397005,-45.16513688533,12.52253531348
    ));
#522 = CARTESIAN_POINT('',(-35.80391765667,-45.12035859937,
    12.395560770544));
#523 = CARTESIAN_POINT('',(-35.84277986443,-45.08944055989,
    12.260804561591));
#524 = CARTESIAN_POINT('',(-35.86436373224,-45.07223664018,
    12.121351133836));
#525 = CARTESIAN_POINT('',(-35.86875935572,-45.06873601058,
    11.980001530712));
#526 = CARTESIAN_POINT('',(-35.85591041878,-45.07898762871,
    11.839573018216));
#527 = CARTESIAN_POINT('',(-35.82572230402,-45.10300767904,
    11.703125516795));
#528 = CARTESIAN_POINT('',(-35.73606316316,-45.17407085533,
    11.460030355941));
#529 = CARTESIAN_POINT('',(-35.67904492428,-45.21918997027,
    11.348279382132));
#530 = CARTESIAN_POINT('',(-35.60650314463,-45.27644948169,
    11.244361498482));
#531 = CARTESIAN_POINT('',(-35.5190874876,-45.34519392529,
    11.153316319264));
#532 = CARTESIAN_POINT('',(-35.418414665,-45.42396166961,11.079695821157
    ));
#533 = CARTESIAN_POINT('',(-35.30689339123,-45.5106776533,
    11.027473821095));
#534 = CARTESIAN_POINT('',(-35.18766648123,-45.60276491193,11.));
#535 = CARTESIAN_POINT('',(-35.0646583109,-45.69715240077,11.));
#536 = FACE_BOUND('',#537,.T.);
#537 = EDGE_LOOP('',(#538));
#538 = ORIENTED_EDGE('',*,*,#539,.F.);
#539 = EDGE_CURVE('',#540,#540,#542,.T.);
#540 = VERTEX_POINT('',#541);
#541 = CARTESIAN_POINT('',(-22.04256570422,-53.21546107265,11.));
#542 = B_SPLINE_CURVE_WITH_KNOTS('',8,(#543,#544,#545,#546,#547,#548,
    #549,#550,#551,#552,#553,#554,#555,#556,#557,#558,#559,#560,#561,
    #562,#563,#564,#565,#566,#567,#568,#569,#570,#571,#572,#573,#574,
    #575,#576,#577,#578,#579,#580,#581,#582,#583,#584,#585,#586,#587,
    #588,#589,#590,#591,#592,#593),.UNSPECIFIED.,.T.,.F.,(9,7,7,7,7,7,7,
    9),(0.,9.746360821318E-02,0.17478028283,0.369662929945,
    0.501186018787,0.63270910763,0.827470543014,1.),.UNSPECIFIED.);
#543 = CARTESIAN_POINT('',(-22.04256570422,-53.21546107265,11.));
#544 = CARTESIAN_POINT('',(-21.96362705974,-53.24815852979,11.));
#545 = CARTESIAN_POINT('',(-21.88505540871,-53.28054722474,
    11.008343504143));
#546 = CARTESIAN_POINT('',(-21.80788798229,-53.31220029757,
    11.024873534261));
#547 = CARTESIAN_POINT('',(-21.73312914942,-53.3427164193,
    11.049212800013));
#548 = CARTESIAN_POINT('',(-21.66171546471,-53.37173259379,
    11.08077132799));
#549 = CARTESIAN_POINT('',(-21.59447735419,-53.39893704482,
    11.118754529079));
#550 = CARTESIAN_POINT('',(-21.53209743891,-53.42408218812,
    11.162171704088));
#551 = CARTESIAN_POINT('',(-21.42982276192,-53.46517627164,
    11.247663613659));
#552 = CARTESIAN_POINT('',(-21.38773866739,-53.48203485091,
    11.288333261293));
#553 = CARTESIAN_POINT('',(-21.34887750292,-53.49756016142,
    11.331506174065));
#554 = CARTESIAN_POINT('',(-21.31328376674,-53.51174590222,
    11.376856763561));
#555 = CARTESIAN_POINT('',(-21.28098420638,-53.52459177572,
    11.424080193453));
#556 = CARTESIAN_POINT('',(-21.2519898598,-53.53610252705,
    11.472890963543));
#557 = CARTESIAN_POINT('',(-21.22629809654,-53.5462869834,
    11.523021493806));
#558 = CARTESIAN_POINT('',(-21.14742506476,-53.57751489026,
    11.70327228142));
#559 = CARTESIAN_POINT('',(-21.11157499378,-53.59163016374,
    11.839738673559));
#560 = CARTESIAN_POINT('',(-21.09631629434,-53.59761476022,
    11.980089007558));
#561 = CARTESIAN_POINT('',(-21.1015473383,-53.59555771604,12.12133241964
    ));
#562 = CARTESIAN_POINT('',(-21.1272024805,-53.58548144362,
    12.260708285789));
#563 = CARTESIAN_POINT('',(-21.17336890934,-53.56730085228,
    12.395447437898));
#564 = CARTESIAN_POINT('',(-21.24038110366,-53.54078124975,
    12.522463808352));
#565 = CARTESIAN_POINT('',(-21.38835859432,-53.48179350883,
    12.715008722792));
#566 = CARTESIAN_POINT('',(-21.45849310595,-53.45374778415,
    12.788128367335));
#567 = CARTESIAN_POINT('',(-21.53876243405,-53.42152049362,
    12.853927195323));
#568 = CARTESIAN_POINT('',(-21.62816813507,-53.38544273187,
    12.909906516408));
#569 = CARTESIAN_POINT('',(-21.72522563172,-53.34604210874,
    12.953959208056));
#570 = CARTESIAN_POINT('',(-21.8280845318,-53.30400918209,
    12.984401212425));
#571 = CARTESIAN_POINT('',(-21.93463007451,-53.26016947434,13.));
#572 = CARTESIAN_POINT('',(-22.15050133394,-53.17075267095,13.));
#573 = CARTESIAN_POINT('',(-22.25683976434,-53.12641294984,
    12.984401212425));
#574 = CARTESIAN_POINT('',(-22.35929375755,-53.08340249155,
    12.953959208056));
#575 = CARTESIAN_POINT('',(-22.4557842194,-53.0426329253,12.909906516408
    ));
#576 = CARTESIAN_POINT('',(-22.54451442684,-53.00492437782,
    12.853927195323));
#577 = CARTESIAN_POINT('',(-22.62406154874,-52.97095352728,
    12.788128367335));
#578 = CARTESIAN_POINT('',(-22.69348545962,-52.94119226061,
    12.715008722792));
#579 = CARTESIAN_POINT('',(-22.83977763212,-52.87829037259,
    12.522535310473));
#580 = CARTESIAN_POINT('',(-22.90592061203,-52.84965544461,
    12.395560778971));
#581 = CARTESIAN_POINT('',(-22.95146081917,-52.82984918287,
    12.260804553972));
#582 = CARTESIAN_POINT('',(-22.97676191244,-52.81881779897,
    12.121351131381));
#583 = CARTESIAN_POINT('',(-22.98191380875,-52.81657411268,
    11.98000154051));
#584 = CARTESIAN_POINT('',(-22.96684936253,-52.82315087106,
    11.839573010789));
#585 = CARTESIAN_POINT('',(-22.9314730411,-52.83853919693,
    11.703125518947));
#586 = CARTESIAN_POINT('',(-22.82647645702,-52.88397546139,
    11.460030355932));
#587 = CARTESIAN_POINT('',(-22.75972338127,-52.91279977363,
    11.348279382131));
#588 = CARTESIAN_POINT('',(-22.67483355076,-52.94933302037,
    11.244361498488));
#589 = CARTESIAN_POINT('',(-22.57260413877,-52.99311021697,
    11.153316319269));
#590 = CARTESIAN_POINT('',(-22.45497506704,-53.04313797168,
    11.079695821156));
#591 = CARTESIAN_POINT('',(-22.32481004043,-53.0980353503,
    11.027473821092));
#592 = CARTESIAN_POINT('',(-22.18581175252,-53.15612661669,11.));
#593 = CARTESIAN_POINT('',(-22.04256570422,-53.21546107265,11.));
#594 = FACE_BOUND('',#595,.T.);
#595 = EDGE_LOOP('',(#596));
#596 = ORIENTED_EDGE('',*,*,#597,.F.);
#597 = EDGE_CURVE('',#598,#598,#600,.T.);
#598 = VERTEX_POINT('',#599);
#599 = CARTESIAN_POINT('',(-7.518308671875,-57.10722401513,11.));
#600 = B_SPLINE_CURVE_WITH_KNOTS('',8,(#601,#602,#603,#604,#605,#606,
    #607,#608,#609,#610,#611,#612,#613,#614,#615,#616,#617,#618,#619,
    #620,#621,#622,#623,#624,#625,#626,#627,#628,#629,#630,#631,#632,
    #633,#634,#635,#636,#637,#638,#639,#640,#641,#642,#643,#644,#645,
    #646,#647,#648,#649,#650,#651),.UNSPECIFIED.,.T.,.F.,(9,7,7,7,7,7,7,
    9),(0.,9.746360851144E-02,0.174780283364,0.369662931077,
    0.501186018789,0.6327091065,0.827470542481,1.),.UNSPECIFIED.);
#601 = CARTESIAN_POINT('',(-7.518308671875,-57.10722401513,11.));
#602 = CARTESIAN_POINT('',(-7.43359707184,-57.11837650885,11.));
#603 = CARTESIAN_POINT('',(-7.349319873799,-57.12932574609,
    11.008343504143));
#604 = CARTESIAN_POINT('',(-7.266589445588,-57.139927867,11.024873534261
    ));
#605 = CARTESIAN_POINT('',(-7.186479804689,-57.15005516736,
    11.049212800013));
#606 = CARTESIAN_POINT('',(-7.109989543701,-57.159599418,11.08077132799)
  );
#607 = CARTESIAN_POINT('',(-7.038001486203,-57.16847439628,
    11.118754529079));
#608 = CARTESIAN_POINT('',(-6.971239073011,-57.17661762949,
    11.162171704088));
#609 = CARTESIAN_POINT('',(-6.861813389672,-57.18984083184,
    11.24766361366));
#610 = CARTESIAN_POINT('',(-6.816799954506,-57.19523280378,
    11.288333261293));
#611 = CARTESIAN_POINT('',(-6.775244706058,-57.20017109269,
    11.331506174065));
#612 = CARTESIAN_POINT('',(-6.737192257143,-57.20466112928,
    11.376856763561));
#613 = CARTESIAN_POINT('',(-6.702668520905,-57.20870954888,
    11.424080193453));
#614 = CARTESIAN_POINT('',(-6.671682931058,-57.21232379178,
    11.472890963543));
#615 = CARTESIAN_POINT('',(-6.644230662132,-57.21551170356,
    11.523021493806));
#616 = CARTESIAN_POINT('',(-6.559962786703,-57.22526170253,
    11.70327228142));
#617 = CARTESIAN_POINT('',(-6.521680975672,-57.22961732859,
    11.839738673559));
#618 = CARTESIAN_POINT('',(-6.505393276253,-57.23144876287,
    11.980089007558));
#619 = CARTESIAN_POINT('',(-6.51097847893,-57.23081570458,12.12133241964
    ));
#620 = CARTESIAN_POINT('',(-6.538367374562,-57.22772281221,
    12.260708285788));
#621 = CARTESIAN_POINT('',(-6.587666203779,-57.22211046053,
    12.395447437898));
#622 = CARTESIAN_POINT('',(-6.659258791147,-57.21383852369,
    12.522463808352));
#623 = CARTESIAN_POINT('',(-6.81746122112,-57.19516013422,
    12.715008721887));
#624 = CARTESIAN_POINT('',(-6.892464727486,-57.18622219145,
    12.788128368399));
#625 = CARTESIAN_POINT('',(-6.978339978892,-57.17586825034,
    12.853927195713));
#626 = CARTESIAN_POINT('',(-7.074036864828,-57.16415970687,
    12.909906515597));
#627 = CARTESIAN_POINT('',(-7.177984841397,-57.15122195572,
    12.953959207632));
#628 = CARTESIAN_POINT('',(-7.288217833279,-57.13724310839,
    12.984401213062));
#629 = CARTESIAN_POINT('',(-7.402479472198,-57.12247321856,13.));
#630 = CARTESIAN_POINT('',(-7.634137871552,-57.0919748117,13.));
#631 = CARTESIAN_POINT('',(-7.748328868319,-57.07666834146,
    12.984401213062));
#632 = CARTESIAN_POINT('',(-7.858423754007,-57.06164047342,
    12.953959207632));
#633 = CARTESIAN_POINT('',(-7.962178325561,-57.04723366535,
    12.909906515597));
#634 = CARTESIAN_POINT('',(-8.057644813226,-57.03377507324,
    12.853927195713));
#635 = CARTESIAN_POINT('',(-8.143273733547,-57.0215500618,
    12.788128368399));
#636 = CARTESIAN_POINT('',(-8.218034867222,-57.01077111566,
    12.715008721887));
#637 = CARTESIAN_POINT('',(-8.375622460683,-56.987875758,12.522535310473
    ));
#638 = CARTESIAN_POINT('',(-8.446922937922,-56.97733560443,
    12.39556077897));
#639 = CARTESIAN_POINT('',(-8.496037637876,-56.96999089762,
    12.260804553975));
#640 = CARTESIAN_POINT('',(-8.523331749555,-56.96588380381,
    12.121351131377));
#641 = CARTESIAN_POINT('',(-8.528888807992,-56.96504997816,
    11.980001540513));
#642 = CARTESIAN_POINT('',(-8.512635480003,-56.96750367334,
    11.839573010787));
#643 = CARTESIAN_POINT('',(-8.474481785691,-56.973211589,11.703125518947
    ));
#644 = CARTESIAN_POINT('',(-8.361303102876,-56.98992453466,
    11.460030355928));
#645 = CARTESIAN_POINT('',(-8.28936430206,-57.00048971495,
    11.348279382131));
#646 = CARTESIAN_POINT('',(-8.197911522342,-57.01380701663,
    11.24436149849));
#647 = CARTESIAN_POINT('',(-8.087835120876,-57.02963362263,
    11.153316319271));
#648 = CARTESIAN_POINT('',(-7.961266026866,-57.04751207892,
    11.079695821156));
#649 = CARTESIAN_POINT('',(-7.821327778862,-57.06684968682,
    11.027473821091));
#650 = CARTESIAN_POINT('',(-7.672030616667,-57.08698613716,11.));
#651 = CARTESIAN_POINT('',(-7.518308671875,-57.10722401513,11.));
#652 = FACE_BOUND('',#653,.T.);
#653 = EDGE_LOOP('',(#654));
#654 = ORIENTED_EDGE('',*,*,#655,.F.);
#655 = EDGE_CURVE('',#656,#656,#658,.T.);
#656 = VERTEX_POINT('',#657);
#657 = CARTESIAN_POINT('',(7.518308671875,-57.10722401513,11.));
#658 = B_SPLINE_CURVE_WITH_KNOTS('',8,(#659,#660,#661,#662,#663,#664,
    #665,#666,#667,#668,#669,#670,#671,#672,#673,#674,#675,#676,#677,
    #678,#679,#680,#681,#682,#683,#684,#685,#686,#687,#688,#689,#690,
    #691,#692,#693,#694,#695,#696,#697,#698,#699,#700,#701,#702,#703,
    #704,#705,#706,#707,#708,#709),.UNSPECIFIED.,.T.,.F.,(9,7,7,7,7,7,7,
    9),(0.,9.746360851369E-02,0.174780283368,0.369662931085,
    0.501186018799,0.632709106513,0.827470542498,1.),.UNSPECIFIED.);
#659 = CARTESIAN_POINT('',(7.518308671875,-57.10722401513,11.));
#660 = CARTESIAN_POINT('',(7.60302027191,-57.09607152141,11.));
#661 = CARTESIAN_POINT('',(7.687259665193,-57.08483512852,
    11.008343504143));
#662 = CARTESIAN_POINT('',(7.769915153232,-57.07366378049,
    11.024873534261));
#663 = CARTESIAN_POINT('',(7.849916262519,-57.06271210069,
    11.049212800013));
#664 = CARTESIAN_POINT('',(7.926270414904,-57.05213400257,11.08077132799
    ));
#665 = CARTESIAN_POINT('',(7.998102552229,-57.042074693,11.118754529079)
  );
#666 = CARTESIAN_POINT('',(8.064697715201,-57.03266106824,
    11.162171704088));
#667 = CARTESIAN_POINT('',(8.173817225401,-57.01711225002,
    11.247663613659));
#668 = CARTESIAN_POINT('',(8.21869240999,-57.01067016067,11.288333261293
    ));
#669 = CARTESIAN_POINT('',(8.260109820901,-57.00468489174,
    11.331506174065));
#670 = CARTESIAN_POINT('',(8.298027771044,-56.99917323555,
    11.376856763561));
#671 = CARTESIAN_POINT('',(8.332422947594,-56.99414830815,
    11.424080193453));
#672 = CARTESIAN_POINT('',(8.363288163965,-56.98961973794,
    11.472890963543));
#673 = CARTESIAN_POINT('',(8.390630111795,-56.98559385423,
    11.523021493806));
#674 = CARTESIAN_POINT('',(8.474550114419,-56.97320149898,11.70327228142
    ));
#675 = CARTESIAN_POINT('',(8.51265482335,-56.96750064891,11.839738673559
    ));
#676 = CARTESIAN_POINT('',(8.528861542939,-56.96505411177,
    11.980089007559));
#677 = CARTESIAN_POINT('',(8.523302803889,-56.96588818124,
    12.121332419639));
#678 = CARTESIAN_POINT('',(8.496046662793,-56.96998944444,12.26070828579
    ));
#679 = CARTESIAN_POINT('',(8.446975066945,-56.97732780491,
    12.395447437898));
#680 = CARTESIAN_POINT('',(8.37568100304,-56.98786725258,12.522463808352
    ));
#681 = CARTESIAN_POINT('',(8.218034867222,-57.01077111566,
    12.715008721887));
#682 = CARTESIAN_POINT('',(8.143273733547,-57.0215500618,12.788128368399
    ));
#683 = CARTESIAN_POINT('',(8.057644813226,-57.03377507324,
    12.853927195713));
#684 = CARTESIAN_POINT('',(7.962178325561,-57.04723366535,
    12.909906515597));
#685 = CARTESIAN_POINT('',(7.858423754007,-57.06164047342,
    12.953959207632));
#686 = CARTESIAN_POINT('',(7.748328868319,-57.07666834146,
    12.984401213062));
#687 = CARTESIAN_POINT('',(7.634137871552,-57.0919748117,13.));
#688 = CARTESIAN_POINT('',(7.402479472198,-57.12247321856,13.));
#689 = CARTESIAN_POINT('',(7.288217833279,-57.13724310839,
    12.984401213062));
#690 = CARTESIAN_POINT('',(7.177984841397,-57.15122195572,
    12.953959207632));
#691 = CARTESIAN_POINT('',(7.074036864828,-57.16415970687,
    12.909906515597));
#692 = CARTESIAN_POINT('',(6.978339978892,-57.17586825034,
    12.853927195713));
#693 = CARTESIAN_POINT('',(6.892464727486,-57.18622219145,
    12.788128368399));
#694 = CARTESIAN_POINT('',(6.81746122112,-57.19516013422,12.715008721887
    ));
#695 = CARTESIAN_POINT('',(6.659317540086,-57.21383158741,
    12.522535310473));
#696 = CARTESIAN_POINT('',(6.587718575214,-57.22210450231,12.39556077897
    ));
#697 = CARTESIAN_POINT('',(6.538376468073,-57.22772188005,
    12.260804553973));
#698 = CARTESIAN_POINT('',(6.510949386599,-57.23081896799,
    12.121351131379));
#699 = CARTESIAN_POINT('',(6.50536587038,-57.23145182682,11.980001540511
    ));
#700 = CARTESIAN_POINT('',(6.52170044269,-57.22961524354,11.839573010788
    ));
#701 = CARTESIAN_POINT('',(6.560031398674,-57.22525376395,
    11.703125518947));
#702 = CARTESIAN_POINT('',(6.673679240021,-57.21210443119,
    11.460030355943));
#703 = CARTESIAN_POINT('',(6.745901255516,-57.20369047996,
    11.348279382132));
#704 = CARTESIAN_POINT('',(6.837684628646,-57.19288428447,
    11.244361498481));
#705 = CARTESIAN_POINT('',(6.948106494748,-57.17968174284,
    11.153316319263));
#706 = CARTESIAN_POINT('',(7.074990136442,-57.16419251344,
    11.079695821156));
#707 = CARTESIAN_POINT('',(7.215165045473,-57.14665252462,
    11.027473821096));
#708 = CARTESIAN_POINT('',(7.364586727069,-57.12746189309,11.));
#709 = CARTESIAN_POINT('',(7.518308671875,-57.10722401513,11.));
#710 = FACE_BOUND('',#711,.T.);
#711 = EDGE_LOOP('',(#712));
#712 = ORIENTED_EDGE('',*,*,#713,.F.);
#713 = EDGE_CURVE('',#714,#714,#716,.T.);
#714 = VERTEX_POINT('',#715);
#715 = CARTESIAN_POINT('',(22.042565704229,-53.21546107265,11.));
#716 = B_SPLINE_CURVE_WITH_KNOTS('',8,(#717,#718,#719,#720,#721,#722,
    #723,#724,#725,#726,#727,#728,#729,#730,#731,#732,#733,#734,#735,
    #736,#737,#738,#739,#740,#741,#742,#743,#744,#745,#746,#747,#748,
    #749,#750,#751,#752,#753,#754,#755,#756,#757,#758,#759,#760,#761,
    #762,#763,#764,#765,#766,#767),.UNSPECIFIED.,.T.,.F.,(9,7,7,7,7,7,7,
    9),(0.,9.746360851317E-02,0.174780283368,0.369662931083,
    0.501186018796,0.63270910651,0.827470542494,1.),.UNSPECIFIED.);
#717 = CARTESIAN_POINT('',(22.042565704229,-53.21546107265,11.));
#718 = CARTESIAN_POINT('',(22.121504348714,-53.1827636155,11.));
#719 = CARTESIAN_POINT('',(22.199965161799,-53.15010733409,
    11.008343504143));
#720 = CARTESIAN_POINT('',(22.276912874751,-53.11792382603,
    11.024873534261));
#721 = CARTESIAN_POINT('',(22.351353509036,-53.08663950496,
    11.049212800013));
#722 = CARTESIAN_POINT('',(22.422368143515,-53.05665993798,
    11.08077132799));
#723 = CARTESIAN_POINT('',(22.489149119217,-53.02835186588,
    11.118754529079));
#724 = CARTESIAN_POINT('',(22.551038681665,-53.00202290611,
    11.162171704088));
#725 = CARTESIAN_POINT('',(22.652415704436,-52.95876169359,
    11.247663613659));
#726 = CARTESIAN_POINT('',(22.694094468776,-52.94092456069,
    11.288333261293));
#727 = CARTESIAN_POINT('',(22.732551514043,-52.92442362011,
    11.331506174065));
#728 = CARTESIAN_POINT('',(22.767750919774,-52.9092858814,
    11.376856763561));
#729 = CARTESIAN_POINT('',(22.799673562193,-52.89553004751,
    11.424080193453));
#730 = CARTESIAN_POINT('',(22.828314991601,-52.88316727875,
    11.472890963543));
#731 = CARTESIAN_POINT('',(22.853683309775,-52.87220195688,
    11.523021493806));
#732 = CARTESIAN_POINT('',(22.9315364301,-52.83851176595,11.70327228142)
  );
#733 = CARTESIAN_POINT('',(22.966867263988,-52.82314294326,
    11.839738673558));
#734 = CARTESIAN_POINT('',(22.981888542593,-52.81658516216,
    11.980089007559));
#735 = CARTESIAN_POINT('',(22.976735086043,-52.81882951893,
    12.121332419638));
#736 = CARTESIAN_POINT('',(22.951469160464,-52.82984544339,
    12.26070828579));
#737 = CARTESIAN_POINT('',(22.905968946142,-52.84963441887,
    12.395447437898));
#738 = CARTESIAN_POINT('',(22.839831978338,-52.87826700511,
    12.522463808352));
#739 = CARTESIAN_POINT('',(22.693485460307,-52.94119226031,
    12.715008721887));
#740 = CARTESIAN_POINT('',(22.624061547035,-52.970953528,12.788128368399
    ));
#741 = CARTESIAN_POINT('',(22.544514427209,-53.00492437767,
    12.853927195713));
#742 = CARTESIAN_POINT('',(22.455784221186,-53.04263292455,
    12.909906515597));
#743 = CARTESIAN_POINT('',(22.359293757234,-53.08340249168,
    12.953959207632));
#744 = CARTESIAN_POINT('',(22.256839762261,-53.12641295071,
    12.984401213062));
#745 = CARTESIAN_POINT('',(22.150501335365,-53.17075267037,13.));
#746 = CARTESIAN_POINT('',(21.934630073093,-53.26016947493,13.));
#747 = CARTESIAN_POINT('',(21.828084533889,-53.30400918124,
    12.984401213062));
#748 = CARTESIAN_POINT('',(21.725225632041,-53.3460421086,
    12.953959207632));
#749 = CARTESIAN_POINT('',(21.628168133279,-53.3854427326,
    12.909906515597));
#750 = CARTESIAN_POINT('',(21.538762433699,-53.42152049377,
    12.853927195713));
#751 = CARTESIAN_POINT('',(21.458493107678,-53.45374778345,
    12.788128368399));
#752 = CARTESIAN_POINT('',(21.38835859363,-53.48179350911,
    12.715008721887));
#753 = CARTESIAN_POINT('',(21.240436055541,-53.54075934448,
    12.522535310473));
#754 = CARTESIAN_POINT('',(21.173417954168,-53.56728154235,
    12.395560778971));
#755 = CARTESIAN_POINT('',(21.1272110229,-53.58547818964,12.26080455397)
  );
#756 = CARTESIAN_POINT('',(21.101520081909,-53.59556839791,
    12.121351131382));
#757 = CARTESIAN_POINT('',(21.09629061531,-53.59762481293,
    11.980001540508));
#758 = CARTESIAN_POINT('',(21.111593257834,-53.5916231113,11.83957301079
    ));
#759 = CARTESIAN_POINT('',(21.147489284184,-53.5774894641,
    11.703125518947));
#760 = CARTESIAN_POINT('',(21.253861371495,-53.53537395821,
    11.460030355939));
#761 = CARTESIAN_POINT('',(21.321444790665,-53.50855427233,
    11.348279382132));
#762 = CARTESIAN_POINT('',(21.407303871994,-53.47436100403,
    11.244361498483));
#763 = CARTESIAN_POINT('',(21.510546135029,-53.43302904615,
    11.153316319265));
#764 = CARTESIAN_POINT('',(21.629097413916,-53.38522769647,
    11.079695821156));
#765 = CARTESIAN_POINT('',(21.75995629559,-53.33200543217,
    11.027473821095));
#766 = CARTESIAN_POINT('',(21.899319655927,-53.27479552861,11.));
#767 = CARTESIAN_POINT('',(22.042565704229,-53.21546107265,11.));
#768 = FACE_BOUND('',#769,.T.);
#769 = EDGE_LOOP('',(#770));
#770 = ORIENTED_EDGE('',*,*,#771,.F.);
#771 = EDGE_CURVE('',#772,#772,#774,.T.);
#772 = VERTEX_POINT('',#773);
#773 = CARTESIAN_POINT('',(45.697152400775,-35.0646583109,11.));
#774 = B_SPLINE_CURVE_WITH_KNOTS('',8,(#775,#776,#777,#778,#779,#780,
    #781,#782,#783,#784,#785,#786,#787,#788,#789,#790,#791,#792,#793,
    #794,#795,#796,#797,#798,#799,#800,#801,#802,#803,#804,#805,#806,
    #807,#808,#809,#810,#811,#812,#813,#814,#815,#816,#817,#818,#819,
    #820,#821,#822,#823,#824,#825),.UNSPECIFIED.,.T.,.F.,(9,7,7,7,7,7,7,
    9),(0.,9.746360851383E-02,0.174780283369,0.369662931086,0.5011860188
    ,0.632709106514,0.827470542498,1.),.UNSPECIFIED.);
#775 = CARTESIAN_POINT('',(45.697152400775,-35.0646583109,11.));
#776 = CARTESIAN_POINT('',(45.749166543669,-34.99687216013,11.));
#777 = CARTESIAN_POINT('',(45.800787460293,-34.92936058429,
    11.008343504143));
#778 = CARTESIAN_POINT('',(45.851334380443,-34.86301499225,
    11.024873534261));
#779 = CARTESIAN_POINT('',(45.900159700273,-34.79870165832,
    11.049212800013));
#780 = CARTESIAN_POINT('',(45.946670394283,-34.73723127448,
    11.08077132799));
#781 = CARTESIAN_POINT('',(45.99035037968,-34.67932527706,
    11.118754529079));
#782 = CARTESIAN_POINT('',(46.030783833107,-34.62557894783,
    11.162171704088));
#783 = CARTESIAN_POINT('',(46.096948303926,-34.5374251274,
    11.247663613659));
#784 = CARTESIAN_POINT('',(46.124124606193,-34.50113833501,
    11.288333261293));
#785 = CARTESIAN_POINT('',(46.149178914057,-34.46761957864,
    11.331506174065));
#786 = CARTESIAN_POINT('',(46.172093624265,-34.4369102095,
    11.376856763561));
#787 = CARTESIAN_POINT('',(46.192861526608,-34.40903598669,
    11.424080193453));
#788 = CARTESIAN_POINT('',(46.211484347697,-34.38400880018,
    11.472890963543));
#789 = CARTESIAN_POINT('',(46.227971294751,-34.36182839379,
    11.523021493806));
#790 = CARTESIAN_POINT('',(46.278548979253,-34.29372527243,
    11.70327228142));
#791 = CARTESIAN_POINT('',(46.301461967589,-34.2627500646,
    11.839738673559));
#792 = CARTESIAN_POINT('',(46.311191885907,-34.24956022027,
    11.980089007559));
#793 = CARTESIAN_POINT('',(46.307851040008,-34.25408061853,
    12.121332419639));
#794 = CARTESIAN_POINT('',(46.291478068835,-34.27625365175,
    12.260708285789));
#795 = CARTESIAN_POINT('',(46.261968215092,-34.31614151439,
    12.395447437898));
#796 = CARTESIAN_POINT('',(46.219008213966,-34.37400654535,
    12.522463808352));
#797 = CARTESIAN_POINT('',(46.123731039198,-34.50167467391,
    12.715008721887));
#798 = CARTESIAN_POINT('',(46.078488800517,-34.56216064441,
    12.788128368399));
#799 = CARTESIAN_POINT('',(46.026584398787,-34.63135382313,
    12.853927195713));
#800 = CARTESIAN_POINT('',(45.968596059726,-34.70837548568,
    12.909906515597));
#801 = CARTESIAN_POINT('',(45.905417650285,-34.79192819849,
    12.953959207632));
#802 = CARTESIAN_POINT('',(45.838195117434,-34.88040334613,
    12.984401213062));
#803 = CARTESIAN_POINT('',(45.768273198173,-34.97197188319,13.));
#804 = CARTESIAN_POINT('',(45.626031603378,-35.1573447386,13.));
#805 = CARTESIAN_POINT('',(45.555680312924,-35.24858380757,
    12.984401213062));
#806 = CARTESIAN_POINT('',(45.487618354599,-35.33641484138,
    12.953959207632));
#807 = CARTESIAN_POINT('',(45.423264407042,-35.41906553207,
    12.909906515597));
#808 = CARTESIAN_POINT('',(45.363875680549,-35.49501263955,
    12.853927195713));
#809 = CARTESIAN_POINT('',(45.310474049912,-35.56305695412,
    12.788128368399));
#810 = CARTESIAN_POINT('',(45.263758641891,-35.62241252203,
    12.715008721887));
#811 = CARTESIAN_POINT('',(45.165136883798,-35.74743970245,
    12.522535310473));
#812 = CARTESIAN_POINT('',(45.120358604432,-35.80391765026,
    12.395560778972));
#813 = CARTESIAN_POINT('',(45.089440551769,-35.84277987472,
    12.260804553972));
#814 = CARTESIAN_POINT('',(45.072236648356,-35.8643637219,12.12135113138
    ));
#815 = CARTESIAN_POINT('',(45.068736004947,-35.86875936285,
    11.980001540509));
#816 = CARTESIAN_POINT('',(45.078987631302,-35.85591041551,
    11.839573010789));
#817 = CARTESIAN_POINT('',(45.103007678416,-35.82572230481,
    11.703125518947));
#818 = CARTESIAN_POINT('',(45.174070855335,-35.73606316316,
    11.460030355943));
#819 = CARTESIAN_POINT('',(45.219189970269,-35.67904492428,
    11.348279382132));
#820 = CARTESIAN_POINT('',(45.276449481698,-35.60650314463,
    11.244361498481));
#821 = CARTESIAN_POINT('',(45.345193925293,-35.5190874876,
    11.153316319263));
#822 = CARTESIAN_POINT('',(45.423961669619,-35.418414665,11.079695821156
    ));
#823 = CARTESIAN_POINT('',(45.510677653306,-35.30689339123,
    11.027473821096));
#824 = CARTESIAN_POINT('',(45.602764911933,-35.18766648124,11.));
#825 = CARTESIAN_POINT('',(45.697152400775,-35.0646583109,11.));
#826 = FACE_BOUND('',#827,.T.);
#827 = EDGE_LOOP('',(#828));
#828 = ORIENTED_EDGE('',*,*,#829,.F.);
#829 = EDGE_CURVE('',#830,#830,#832,.T.);
#830 = VERTEX_POINT('',#831);
#831 = CARTESIAN_POINT('',(53.21546107265,-22.04256570422,11.));
#832 = B_SPLINE_CURVE_WITH_KNOTS('',8,(#833,#834,#835,#836,#837,#838,
    #839,#840,#841,#842,#843,#844,#845,#846,#847,#848,#849,#850,#851,
    #852,#853,#854,#855,#856,#857,#858,#859,#860,#861,#862,#863,#864,
    #865,#866,#867,#868,#869,#870,#871,#872,#873,#874,#875,#876,#877,
    #878,#879,#880,#881,#882,#883),.UNSPECIFIED.,.T.,.F.,(9,7,7,7,7,7,7,
    9),(0.,9.746360821489E-02,0.174780282833,0.369662929951,
    0.501186018796,0.63270910764,0.827470543028,1.),.UNSPECIFIED.);
#833 = CARTESIAN_POINT('',(53.21546107265,-22.04256570422,11.));
#834 = CARTESIAN_POINT('',(53.248158529791,-21.96362705974,11.));
#835 = CARTESIAN_POINT('',(53.280547224742,-21.88505540871,
    11.008343504143));
#836 = CARTESIAN_POINT('',(53.312200297576,-21.80788798229,
    11.024873534261));
#837 = CARTESIAN_POINT('',(53.342716419301,-21.73312914942,
    11.049212800013));
#838 = CARTESIAN_POINT('',(53.371732593798,-21.66171546471,
    11.08077132799));
#839 = CARTESIAN_POINT('',(53.398937044826,-21.59447735419,
    11.118754529079));
#840 = CARTESIAN_POINT('',(53.424082188127,-21.53209743891,
    11.162171704088));
#841 = CARTESIAN_POINT('',(53.465176271649,-21.42982276192,
    11.247663613659));
#842 = CARTESIAN_POINT('',(53.482034850915,-21.38773866739,
    11.288333261293));
#843 = CARTESIAN_POINT('',(53.497560161424,-21.34887750292,
    11.331506174065));
#844 = CARTESIAN_POINT('',(53.51174590222,-21.31328376674,
    11.376856763562));
#845 = CARTESIAN_POINT('',(53.52459177572,-21.28098420638,
    11.424080193453));
#846 = CARTESIAN_POINT('',(53.536102527054,-21.2519898598,
    11.472890963543));
#847 = CARTESIAN_POINT('',(53.546286983408,-21.22629809654,
    11.523021493806));
#848 = CARTESIAN_POINT('',(53.577514890263,-21.14742506476,
    11.70327228142));
#849 = CARTESIAN_POINT('',(53.591630163744,-21.11157499378,
    11.839738673559));
#850 = CARTESIAN_POINT('',(53.59761476022,-21.09631629434,
    11.980089007558));
#851 = CARTESIAN_POINT('',(53.595557716046,-21.1015473383,12.12133241964
    ));
#852 = CARTESIAN_POINT('',(53.58548144362,-21.1272024805,12.260708285789
    ));
#853 = CARTESIAN_POINT('',(53.56730085228,-21.17336890934,
    12.395447437899));
#854 = CARTESIAN_POINT('',(53.540781249752,-21.24038110366,
    12.522463808352));
#855 = CARTESIAN_POINT('',(53.481793508836,-21.38835859432,
    12.715008722792));
#856 = CARTESIAN_POINT('',(53.453747784158,-21.45849310595,
    12.788128367335));
#857 = CARTESIAN_POINT('',(53.421520493622,-21.53876243405,
    12.853927195323));
#858 = CARTESIAN_POINT('',(53.385442731872,-21.62816813507,
    12.909906516408));
#859 = CARTESIAN_POINT('',(53.346042108744,-21.72522563172,
    12.953959208056));
#860 = CARTESIAN_POINT('',(53.304009182098,-21.8280845318,
    12.984401212425));
#861 = CARTESIAN_POINT('',(53.260169474341,-21.93463007451,13.));
#862 = CARTESIAN_POINT('',(53.170752670959,-22.15050133394,13.));
#863 = CARTESIAN_POINT('',(53.126412949843,-22.25683976434,
    12.984401212425));
#864 = CARTESIAN_POINT('',(53.083402491553,-22.35929375755,
    12.953959208056));
#865 = CARTESIAN_POINT('',(53.042632925305,-22.4557842194,
    12.909906516408));
#866 = CARTESIAN_POINT('',(53.004924377824,-22.54451442684,
    12.853927195323));
#867 = CARTESIAN_POINT('',(52.970953527281,-22.62406154874,
    12.788128367335));
#868 = CARTESIAN_POINT('',(52.941192260613,-22.69348545962,
    12.715008722792));
#869 = CARTESIAN_POINT('',(52.878290372592,-22.83977763212,
    12.522535310473));
#870 = CARTESIAN_POINT('',(52.849655444616,-22.90592061203,
    12.39556077897));
#871 = CARTESIAN_POINT('',(52.829849182874,-22.95146081917,
    12.260804553972));
#872 = CARTESIAN_POINT('',(52.818817798972,-22.97676191244,
    12.121351131379));
#873 = CARTESIAN_POINT('',(52.816574112689,-22.98191380875,
    11.98000154051));
#874 = CARTESIAN_POINT('',(52.823150871065,-22.96684936253,
    11.839573010789));
#875 = CARTESIAN_POINT('',(52.838539196936,-22.9314730411,
    11.703125518948));
#876 = CARTESIAN_POINT('',(52.883975461395,-22.82647645703,
    11.460030355942));
#877 = CARTESIAN_POINT('',(52.912799773629,-22.75972338128,
    11.348279382133));
#878 = CARTESIAN_POINT('',(52.949333020379,-22.67483355076,
    11.24436149848));
#879 = CARTESIAN_POINT('',(52.993110216982,-22.57260413876,
    11.153316319263));
#880 = CARTESIAN_POINT('',(53.043137971691,-22.45497506704,
    11.079695821157));
#881 = CARTESIAN_POINT('',(53.098035350303,-22.32481004043,
    11.027473821096));
#882 = CARTESIAN_POINT('',(53.156126616686,-22.18581175253,11.));
#883 = CARTESIAN_POINT('',(53.21546107265,-22.04256570422,11.));
#884 = FACE_BOUND('',#885,.T.);
#885 = EDGE_LOOP('',(#886));
#886 = ORIENTED_EDGE('',*,*,#887,.F.);
#887 = EDGE_CURVE('',#888,#888,#890,.T.);
#888 = VERTEX_POINT('',#889);
#889 = CARTESIAN_POINT('',(57.107224015131,-7.518308671875,11.));
#890 = B_SPLINE_CURVE_WITH_KNOTS('',8,(#891,#892,#893,#894,#895,#896,
    #897,#898,#899,#900,#901,#902,#903,#904,#905,#906,#907,#908,#909,
    #910,#911,#912,#913,#914,#915,#916,#917,#918,#919,#920,#921,#922,
    #923,#924,#925,#926,#927,#928,#929,#930,#931,#932,#933,#934,#935,
    #936,#937,#938,#939,#940,#941),.UNSPECIFIED.,.T.,.F.,(9,7,7,7,7,7,7,
    9),(0.,9.746360821362E-02,0.17478028283,0.369662929946,
    0.501186018789,0.632709107632,0.827470543016,1.),.UNSPECIFIED.);
#891 = CARTESIAN_POINT('',(57.107224015131,-7.518308671875,11.));
#892 = CARTESIAN_POINT('',(57.118376508851,-7.43359707184,11.));
#893 = CARTESIAN_POINT('',(57.129325746093,-7.349319873799,
    11.008343504143));
#894 = CARTESIAN_POINT('',(57.139927867005,-7.266589445588,
    11.024873534261));
#895 = CARTESIAN_POINT('',(57.150055167362,-7.186479804689,
    11.049212800013));
#896 = CARTESIAN_POINT('',(57.159599418004,-7.109989543701,
    11.08077132799));
#897 = CARTESIAN_POINT('',(57.168474396283,-7.038001486203,
    11.118754529079));
#898 = CARTESIAN_POINT('',(57.176617629496,-6.971239073011,
    11.162171704088));
#899 = CARTESIAN_POINT('',(57.18984083184,-6.861813389672,
    11.247663613659));
#900 = CARTESIAN_POINT('',(57.195232803789,-6.816799954506,
    11.288333261293));
#901 = CARTESIAN_POINT('',(57.20017109269,-6.775244706058,
    11.331506174065));
#902 = CARTESIAN_POINT('',(57.20466112928,-6.737192257143,
    11.376856763562));
#903 = CARTESIAN_POINT('',(57.208709548886,-6.702668520905,
    11.424080193453));
#904 = CARTESIAN_POINT('',(57.212323791784,-6.671682931058,
    11.472890963543));
#905 = CARTESIAN_POINT('',(57.215511703569,-6.644230662132,
    11.523021493806));
#906 = CARTESIAN_POINT('',(57.225261702531,-6.559962786703,
    11.703272281419));
#907 = CARTESIAN_POINT('',(57.229617328595,-6.521680975671,
    11.83973867356));
#908 = CARTESIAN_POINT('',(57.231448762871,-6.505393276254,
    11.980089007557));
#909 = CARTESIAN_POINT('',(57.230815704582,-6.510978478928,
    12.121332419641));
#910 = CARTESIAN_POINT('',(57.227722812219,-6.538367374563,
    12.260708285788));
#911 = CARTESIAN_POINT('',(57.222110460535,-6.587666203779,
    12.395447437899));
#912 = CARTESIAN_POINT('',(57.213838523693,-6.659258791147,
    12.522463808352));
#913 = CARTESIAN_POINT('',(57.195160134137,-6.817461221863,
    12.715008722792));
#914 = CARTESIAN_POINT('',(57.186222191683,-6.892464725645,
    12.788128367335));
#915 = CARTESIAN_POINT('',(57.175868250293,-6.978339979276,
    12.853927195323));
#916 = CARTESIAN_POINT('',(57.164159706627,-7.07403686675,
    12.909906516408));
#917 = CARTESIAN_POINT('',(57.151221955778,-7.177984841052,
    12.953959208056));
#918 = CARTESIAN_POINT('',(57.137243108677,-7.288217831043,
    12.984401212425));
#919 = CARTESIAN_POINT('',(57.122473218362,-7.402479473722,13.));
#920 = CARTESIAN_POINT('',(57.091974811901,-7.634137870027,13.));
#921 = CARTESIAN_POINT('',(57.076668341158,-7.748328870554,
    12.984401212425));
#922 = CARTESIAN_POINT('',(57.061640473387,-7.858423754353,
    12.953959208056));
#923 = CARTESIAN_POINT('',(57.047233665616,-7.962178323642,
    12.909906516408));
#924 = CARTESIAN_POINT('',(57.033775073296,-8.05764481284,
    12.853927195323));
#925 = CARTESIAN_POINT('',(57.021550061546,-8.143273735386,
    12.788128367335));
#926 = CARTESIAN_POINT('',(57.010771115768,-8.218034866481,
    12.715008722792));
#927 = CARTESIAN_POINT('',(56.987875758,-8.375622460683,12.522535310473)
  );
#928 = CARTESIAN_POINT('',(56.977335604436,-8.446922937921,
    12.395560778971));
#929 = CARTESIAN_POINT('',(56.96999089762,-8.496037637877,
    12.260804553972));
#930 = CARTESIAN_POINT('',(56.965883803811,-8.523331749554,
    12.12135113138));
#931 = CARTESIAN_POINT('',(56.965049978167,-8.528888807992,
    11.98000154051));
#932 = CARTESIAN_POINT('',(56.967503673349,-8.512635480003,
    11.839573010788));
#933 = CARTESIAN_POINT('',(56.973211589001,-8.474481785691,
    11.703125518947));
#934 = CARTESIAN_POINT('',(56.989924534663,-8.361303102878,
    11.460030355933));
#935 = CARTESIAN_POINT('',(57.000489714953,-8.289364302062,
    11.348279382131));
#936 = CARTESIAN_POINT('',(57.013807016631,-8.19791152234,
    11.244361498487));
#937 = CARTESIAN_POINT('',(57.029633622638,-8.087835120872,
    11.153316319268));
#938 = CARTESIAN_POINT('',(57.047512078923,-7.961266026863,
    11.079695821156));
#939 = CARTESIAN_POINT('',(57.066849686828,-7.821327778864,
    11.027473821093));
#940 = CARTESIAN_POINT('',(57.086986137165,-7.672030616672,11.));
#941 = CARTESIAN_POINT('',(57.107224015131,-7.518308671875,11.));
#942 = FACE_BOUND('',#943,.T.);
#943 = EDGE_LOOP('',(#944));
#944 = ORIENTED_EDGE('',*,*,#945,.F.);
#945 = EDGE_CURVE('',#946,#946,#948,.T.);
#946 = VERTEX_POINT('',#947);
#947 = CARTESIAN_POINT('',(57.107224015131,7.518308671875,11.));
#948 = B_SPLINE_CURVE_WITH_KNOTS('',8,(#949,#950,#951,#952,#953,#954,
    #955,#956,#957,#958,#959,#960,#961,#962,#963,#964,#965,#966,#967,
    #968,#969,#970,#971,#972,#973,#974,#975,#976,#977,#978,#979,#980,
    #981,#982,#983,#984,#985,#986,#987,#988,#989,#990,#991,#992,#993,
    #994,#995,#996,#997,#998,#999),.UNSPECIFIED.,.T.,.F.,(9,7,7,7,7,7,7,
    9),(0.,9.746360851371E-02,0.174780283368,0.369662931085,
    0.501186018799,0.632709106514,0.827470542499,1.),.UNSPECIFIED.);
#949 = CARTESIAN_POINT('',(57.107224015131,7.518308671875,11.));
#950 = CARTESIAN_POINT('',(57.096071521412,7.60302027191,11.));
#951 = CARTESIAN_POINT('',(57.084835128522,7.687259665193,
    11.008343504143));
#952 = CARTESIAN_POINT('',(57.073663780494,7.769915153232,
    11.024873534261));
#953 = CARTESIAN_POINT('',(57.062712100698,7.849916262519,
    11.049212800013));
#954 = CARTESIAN_POINT('',(57.052134002578,7.926270414904,11.08077132799
    ));
#955 = CARTESIAN_POINT('',(57.042074693004,7.998102552229,
    11.118754529079));
#956 = CARTESIAN_POINT('',(57.032661068243,8.064697715201,
    11.162171704088));
#957 = CARTESIAN_POINT('',(57.017112250022,8.173817225401,
    11.247663613659));
#958 = CARTESIAN_POINT('',(57.010670160675,8.21869240999,11.288333261293
    ));
#959 = CARTESIAN_POINT('',(57.00468489174,8.260109820901,11.331506174065
    ));
#960 = CARTESIAN_POINT('',(56.999173235552,8.298027771044,
    11.376856763561));
#961 = CARTESIAN_POINT('',(56.994148308158,8.332422947594,
    11.424080193453));
#962 = CARTESIAN_POINT('',(56.98961973794,8.363288163965,11.472890963543
    ));
#963 = CARTESIAN_POINT('',(56.985593854236,8.390630111795,
    11.523021493806));
#964 = CARTESIAN_POINT('',(56.973201498988,8.474550114419,11.70327228142
    ));
#965 = CARTESIAN_POINT('',(56.967500648917,8.51265482335,11.839738673559
    ));
#966 = CARTESIAN_POINT('',(56.965054111772,8.52886154294,11.980089007558
    ));
#967 = CARTESIAN_POINT('',(56.965888181245,8.523302803887,
    12.121332419639));
#968 = CARTESIAN_POINT('',(56.969989444448,8.496046662795,12.26070828579
    ));
#969 = CARTESIAN_POINT('',(56.977327804913,8.446975066944,
    12.395447437898));
#970 = CARTESIAN_POINT('',(56.987867252583,8.37568100304,12.522463808352
    ));
#971 = CARTESIAN_POINT('',(57.01077111566,8.218034867222,12.715008721887
    ));
#972 = CARTESIAN_POINT('',(57.021550061801,8.143273733547,
    12.788128368399));
#973 = CARTESIAN_POINT('',(57.033775073249,8.057644813226,
    12.853927195713));
#974 = CARTESIAN_POINT('',(57.047233665353,7.962178325562,
    12.909906515597));
#975 = CARTESIAN_POINT('',(57.061640473427,7.858423754007,
    12.953959207632));
#976 = CARTESIAN_POINT('',(57.07666834146,7.748328868319,12.984401213062
    ));
#977 = CARTESIAN_POINT('',(57.0919748117,7.634137871552,13.));
#978 = CARTESIAN_POINT('',(57.122473218563,7.402479472198,13.));
#979 = CARTESIAN_POINT('',(57.13724310839,7.288217833279,12.984401213062
    ));
#980 = CARTESIAN_POINT('',(57.151221955728,7.177984841397,
    12.953959207632));
#981 = CARTESIAN_POINT('',(57.16415970687,7.074036864828,12.909906515597
    ));
#982 = CARTESIAN_POINT('',(57.175868250348,6.978339978892,
    12.853927195713));
#983 = CARTESIAN_POINT('',(57.186222191453,6.892464727486,
    12.788128368399));
#984 = CARTESIAN_POINT('',(57.195160134225,6.81746122112,12.715008721887
    ));
#985 = CARTESIAN_POINT('',(57.213831587418,6.659317540085,
    12.522535310472));
#986 = CARTESIAN_POINT('',(57.222104502311,6.587718575215,
    12.395560778973));
#987 = CARTESIAN_POINT('',(57.227721880055,6.538376468071,
    12.260804553969));
#988 = CARTESIAN_POINT('',(57.230818967995,6.5109493866,12.121351131384)
  );
#989 = CARTESIAN_POINT('',(57.231451826829,6.50536587038,11.980001540507
    ));
#990 = CARTESIAN_POINT('',(57.229615243545,6.52170044269,11.83957301079)
  );
#991 = CARTESIAN_POINT('',(57.225253763959,6.560031398674,
    11.703125518947));
#992 = CARTESIAN_POINT('',(57.212104431196,6.673679240021,
    11.460030355944));
#993 = CARTESIAN_POINT('',(57.203690479964,6.745901255516,
    11.348279382132));
#994 = CARTESIAN_POINT('',(57.192884284472,6.837684628646,11.24436149848
    ));
#995 = CARTESIAN_POINT('',(57.17968174284,6.948106494749,11.153316319262
    ));
#996 = CARTESIAN_POINT('',(57.164192513448,7.074990136443,
    11.079695821156));
#997 = CARTESIAN_POINT('',(57.146652524623,7.215165045473,
    11.027473821096));
#998 = CARTESIAN_POINT('',(57.127461893099,7.364586727067,11.));
#999 = CARTESIAN_POINT('',(57.107224015131,7.518308671875,11.));
#1000 = FACE_BOUND('',#1001,.T.);
#1001 = EDGE_LOOP('',(#1002));
#1002 = ORIENTED_EDGE('',*,*,#1003,.F.);
#1003 = EDGE_CURVE('',#1004,#1004,#1006,.T.);
#1004 = VERTEX_POINT('',#1005);
#1005 = CARTESIAN_POINT('',(53.21546107265,22.042565704229,11.));
#1006 = B_SPLINE_CURVE_WITH_KNOTS('',8,(#1007,#1008,#1009,#1010,#1011,
    #1012,#1013,#1014,#1015,#1016,#1017,#1018,#1019,#1020,#1021,#1022,
    #1023,#1024,#1025,#1026,#1027,#1028,#1029,#1030,#1031,#1032,#1033,
    #1034,#1035,#1036,#1037,#1038,#1039,#1040,#1041,#1042,#1043,#1044,
    #1045,#1046,#1047,#1048,#1049,#1050,#1051,#1052,#1053,#1054,#1055,
    #1056,#1057),.UNSPECIFIED.,.T.,.F.,(9,7,7,7,7,7,7,9),(0.,
    9.746360851354E-02,0.174780283368,0.369662931084,0.501186018798,
    0.632709106512,0.827470542496,1.),.UNSPECIFIED.);
#1007 = CARTESIAN_POINT('',(53.21546107265,22.042565704229,11.));
#1008 = CARTESIAN_POINT('',(53.182763615509,22.121504348714,11.));
#1009 = CARTESIAN_POINT('',(53.150107334092,22.199965161799,
    11.008343504143));
#1010 = CARTESIAN_POINT('',(53.117923826031,22.276912874751,
    11.024873534261));
#1011 = CARTESIAN_POINT('',(53.086639504962,22.351353509036,
    11.049212800013));
#1012 = CARTESIAN_POINT('',(53.056659937985,22.422368143515,
    11.08077132799));
#1013 = CARTESIAN_POINT('',(53.028351865883,22.489149119217,
    11.118754529079));
#1014 = CARTESIAN_POINT('',(53.002022906118,22.551038681665,
    11.162171704088));
#1015 = CARTESIAN_POINT('',(52.958761693598,22.652415704436,
    11.247663613659));
#1016 = CARTESIAN_POINT('',(52.940924560699,22.694094468776,
    11.288333261293));
#1017 = CARTESIAN_POINT('',(52.924423620114,22.732551514043,
    11.331506174065));
#1018 = CARTESIAN_POINT('',(52.909285881408,22.767750919774,
    11.376856763562));
#1019 = CARTESIAN_POINT('',(52.895530047513,22.799673562193,
    11.424080193453));
#1020 = CARTESIAN_POINT('',(52.883167278755,22.828314991601,
    11.472890963543));
#1021 = CARTESIAN_POINT('',(52.872201956883,22.853683309775,
    11.523021493806));
#1022 = CARTESIAN_POINT('',(52.838511765957,22.9315364301,11.70327228142
    ));
#1023 = CARTESIAN_POINT('',(52.823142943261,22.966867263988,
    11.839738673559));
#1024 = CARTESIAN_POINT('',(52.81658516216,22.981888542592,
    11.980089007558));
#1025 = CARTESIAN_POINT('',(52.818829518938,22.976735086043,
    12.12133241964));
#1026 = CARTESIAN_POINT('',(52.829845443397,22.951469160464,
    12.260708285788));
#1027 = CARTESIAN_POINT('',(52.849634418872,22.905968946142,
    12.395447437898));
#1028 = CARTESIAN_POINT('',(52.878267005113,22.839831978338,
    12.522463808352));
#1029 = CARTESIAN_POINT('',(52.941192260318,22.693485460307,
    12.715008721887));
#1030 = CARTESIAN_POINT('',(52.970953528003,22.624061547035,
    12.788128368399));
#1031 = CARTESIAN_POINT('',(53.004924377679,22.544514427209,
    12.853927195713));
#1032 = CARTESIAN_POINT('',(53.042632924554,22.455784221186,
    12.909906515597));
#1033 = CARTESIAN_POINT('',(53.083402491682,22.359293757234,
    12.953959207632));
#1034 = CARTESIAN_POINT('',(53.126412950713,22.256839762261,
    12.984401213062));
#1035 = CARTESIAN_POINT('',(53.17075267037,22.150501335365,13.));
#1036 = CARTESIAN_POINT('',(53.26016947493,21.934630073093,13.));
#1037 = CARTESIAN_POINT('',(53.304009181243,21.828084533889,
    12.984401213062));
#1038 = CARTESIAN_POINT('',(53.346042108606,21.725225632041,
    12.953959207632));
#1039 = CARTESIAN_POINT('',(53.385442732603,21.628168133279,
    12.909906515597));
#1040 = CARTESIAN_POINT('',(53.421520493774,21.538762433699,
    12.853927195713));
#1041 = CARTESIAN_POINT('',(53.453747783459,21.458493107678,
    12.788128368399));
#1042 = CARTESIAN_POINT('',(53.481793509113,21.38835859363,
    12.715008721887));
#1043 = CARTESIAN_POINT('',(53.540759344481,21.240436055541,
    12.522535310473));
#1044 = CARTESIAN_POINT('',(53.567281542353,21.173417954169,
    12.395560778973));
#1045 = CARTESIAN_POINT('',(53.585478189646,21.127211022899,
    12.260804553968));
#1046 = CARTESIAN_POINT('',(53.59556839791,21.10152008191,
    12.121351131385));
#1047 = CARTESIAN_POINT('',(53.597624812938,21.09629061531,
    11.980001540506));
#1048 = CARTESIAN_POINT('',(53.591623111305,21.111593257834,
    11.83957301079));
#1049 = CARTESIAN_POINT('',(53.577489464106,21.147489284184,
    11.703125518947));
#1050 = CARTESIAN_POINT('',(53.535373958217,21.253861371494,
    11.460030355941));
#1051 = CARTESIAN_POINT('',(53.508554272335,21.321444790664,
    11.348279382132));
#1052 = CARTESIAN_POINT('',(53.474361004035,21.407303871994,
    11.244361498482));
#1053 = CARTESIAN_POINT('',(53.433029046158,21.51054613503,
    11.153316319264));
#1054 = CARTESIAN_POINT('',(53.385227696476,21.629097413916,
    11.079695821157));
#1055 = CARTESIAN_POINT('',(53.332005432174,21.75995629559,
    11.027473821095));
#1056 = CARTESIAN_POINT('',(53.274795528614,21.899319655925,11.));
#1057 = CARTESIAN_POINT('',(53.21546107265,22.042565704229,11.));
#1058 = FACE_BOUND('',#1059,.T.);
#1059 = EDGE_LOOP('',(#1060));
#1060 = ORIENTED_EDGE('',*,*,#1061,.F.);
#1061 = EDGE_CURVE('',#1062,#1062,#1064,.T.);
#1062 = VERTEX_POINT('',#1063);
#1063 = CARTESIAN_POINT('',(45.697152400775,35.064658310902,11.));
#1064 = B_SPLINE_CURVE_WITH_KNOTS('',8,(#1065,#1066,#1067,#1068,#1069,
    #1070,#1071,#1072,#1073,#1074,#1075,#1076,#1077,#1078,#1079,#1080,
    #1081,#1082,#1083,#1084,#1085,#1086,#1087,#1088,#1089,#1090,#1091,
    #1092,#1093,#1094,#1095,#1096,#1097,#1098,#1099,#1100,#1101,#1102,
    #1103,#1104,#1105,#1106,#1107,#1108,#1109,#1110,#1111,#1112,#1113,
    #1114,#1115),.UNSPECIFIED.,.T.,.F.,(9,7,7,7,7,7,7,9),(0.,
    9.746360715745E-02,0.174780280936,0.36966292594,0.501186013357,
    0.632709102506,0.827470540616,1.),.UNSPECIFIED.);
#1065 = CARTESIAN_POINT('',(45.697152400775,35.064658310902,11.));
#1066 = CARTESIAN_POINT('',(45.645138257881,35.132444461668,11.));
#1067 = CARTESIAN_POINT('',(45.59328755955,35.199779719805,
    11.008343504143));
#1068 = CARTESIAN_POINT('',(45.542285144343,35.265775798196,
    11.024873534261));
#1069 = CARTESIAN_POINT('',(45.492800156783,35.329582951271,
    11.049212800013));
#1070 = CARTESIAN_POINT('',(45.445462178894,35.390418537861,
    11.08077132799));
#1071 = CARTESIAN_POINT('',(45.400834492596,35.447597338806,
    11.118754529079));
#1072 = CARTESIAN_POINT('',(45.359384472926,35.500563629328,
    11.162171704088));
#1073 = CARTESIAN_POINT('',(45.291359046247,35.5872894881,
    11.247663613659));
#1074 = CARTESIAN_POINT('',(45.263342440926,35.622931493279,
    11.288333261293));
#1075 = CARTESIAN_POINT('',(45.237450340523,35.65580738882,
    11.331506174065));
#1076 = CARTESIAN_POINT('',(45.213718131176,35.685889468809,
    11.376856763562));
#1077 = CARTESIAN_POINT('',(45.192168828126,35.713164101771,
    11.424080193453));
#1078 = CARTESIAN_POINT('',(45.172814363089,35.737629878134,
    11.472890963543));
#1079 = CARTESIAN_POINT('',(45.155656871613,35.759295757691,
    11.523021493806));
#1080 = CARTESIAN_POINT('',(45.102964775844,35.825776434225,
    11.703272281419));
#1081 = CARTESIAN_POINT('',(45.078975340394,35.855925655128,
    11.839738673559));
#1082 = CARTESIAN_POINT('',(45.06875321728,35.868737817433,
    11.980089007558));
#1083 = CARTESIAN_POINT('',(45.072254912159,35.864340842935,
    12.12133241964));
#1084 = CARTESIAN_POINT('',(45.089434780825,35.842786963943,
    12.260708285788));
#1085 = CARTESIAN_POINT('',(45.120325785336,35.803958895563,
    12.395447437899));
#1086 = CARTESIAN_POINT('',(45.165100246712,35.747486148919,
    12.522463808352));
#1087 = CARTESIAN_POINT('',(45.263758642355,35.622412521443,
    12.715008722792));
#1088 = CARTESIAN_POINT('',(45.310474048772,35.563056955587,
    12.788128367335));
#1089 = CARTESIAN_POINT('',(45.363875680782,35.49501263924,
    12.853927195323));
#1090 = CARTESIAN_POINT('',(45.423264408229,35.419065530544,
    12.909906516408));
#1091 = CARTESIAN_POINT('',(45.487618354391,35.336414841666,
    12.953959208056));
#1092 = CARTESIAN_POINT('',(45.555680311545,35.248583809355,
    12.984401212425));
#1093 = CARTESIAN_POINT('',(45.626031604314,35.157344737387,13.));
#1094 = CARTESIAN_POINT('',(45.768273198173,34.971971883197,13.));
#1095 = CARTESIAN_POINT('',(45.838195117434,34.88040334613,
    12.984401213062));
#1096 = CARTESIAN_POINT('',(45.905417650285,34.791928198494,
    12.953959207632));
#1097 = CARTESIAN_POINT('',(45.968596059726,34.708375485684,
    12.909906515597));
#1098 = CARTESIAN_POINT('',(46.026584398787,34.631353823138,
    12.853927195713));
#1099 = CARTESIAN_POINT('',(46.078488800517,34.562160644418,
    12.788128368399));
#1100 = CARTESIAN_POINT('',(46.123731039198,34.501674673917,
    12.715008721887));
#1101 = CARTESIAN_POINT('',(46.218972832506,34.37405395529,
    12.522535310472));
#1102 = CARTESIAN_POINT('',(46.261936869402,34.316183890274,
    12.395560778973));
#1103 = CARTESIAN_POINT('',(46.291472714802,34.276261060883,
    12.260804553968));
#1104 = CARTESIAN_POINT('',(46.307868412373,34.254057055548,
    12.121351131384));
#1105 = CARTESIAN_POINT('',(46.311208242309,34.249538018075,
    11.980001540507));
#1106 = CARTESIAN_POINT('',(46.301450428375,34.262765881015,
    11.83957301079));
#1107 = CARTESIAN_POINT('',(46.278507798262,34.293780722855,
    11.703125518947));
#1108 = CARTESIAN_POINT('',(46.210296221374,34.385627974165,
    11.460030355942));
#1109 = CARTESIAN_POINT('',(46.166898518113,34.44396709868,
    11.348279382132));
#1110 = CARTESIAN_POINT('',(46.111648391733,34.51805073371,
    11.244361498481));
#1111 = CARTESIAN_POINT('',(46.045003722235,34.607077604071,
    11.153316319263));
#1112 = CARTESIAN_POINT('',(45.968147835249,34.709217446407,
    11.079695821157));
#1113 = CARTESIAN_POINT('',(45.882870304829,34.821842484189,
    11.027473821096));
#1114 = CARTESIAN_POINT('',(45.791539889617,34.941650140565,11.));
#1115 = CARTESIAN_POINT('',(45.697152400775,35.064658310902,11.));
#1116 = FACE_BOUND('',#1117,.T.);
#1117 = EDGE_LOOP('',(#1118));
#1118 = ORIENTED_EDGE('',*,*,#1119,.F.);
#1119 = EDGE_CURVE('',#1120,#1120,#1122,.T.);
#1120 = VERTEX_POINT('',#1121);
#1121 = CARTESIAN_POINT('',(35.064658310902,-45.69715240077,11.));
#1122 = B_SPLINE_CURVE_WITH_KNOTS('',8,(#1123,#1124,#1125,#1126,#1127,
    #1128,#1129,#1130,#1131,#1132,#1133,#1134,#1135,#1136,#1137,#1138,
    #1139,#1140,#1141,#1142,#1143,#1144,#1145,#1146,#1147,#1148,#1149,
    #1150,#1151,#1152,#1153,#1154,#1155,#1156,#1157,#1158,#1159,#1160,
    #1161,#1162,#1163,#1164,#1165,#1166,#1167,#1168,#1169,#1170,#1171,
    #1172,#1173),.UNSPECIFIED.,.T.,.F.,(9,7,7,7,7,7,7,9),(0.,
    9.746360851367E-02,0.174780283368,0.369662931085,0.501186018799,
    0.632709106513,0.827470542498,1.),.UNSPECIFIED.);
#1123 = CARTESIAN_POINT('',(35.064658310902,-45.69715240077,11.));
#1124 = CARTESIAN_POINT('',(35.132444461668,-45.64513825788,11.));
#1125 = CARTESIAN_POINT('',(35.199779719805,-45.59328755955,
    11.008343504143));
#1126 = CARTESIAN_POINT('',(35.265775798196,-45.54228514434,
    11.024873534261));
#1127 = CARTESIAN_POINT('',(35.329582951271,-45.49280015678,
    11.049212800013));
#1128 = CARTESIAN_POINT('',(35.390418537861,-45.44546217889,
    11.08077132799));
#1129 = CARTESIAN_POINT('',(35.447597338806,-45.40083449259,
    11.118754529079));
#1130 = CARTESIAN_POINT('',(35.500563629328,-45.35938447292,
    11.162171704088));
#1131 = CARTESIAN_POINT('',(35.5872894881,-45.29135904624,
    11.247663613659));
#1132 = CARTESIAN_POINT('',(35.622931493279,-45.26334244092,
    11.288333261293));
#1133 = CARTESIAN_POINT('',(35.65580738882,-45.23745034052,
    11.331506174065));
#1134 = CARTESIAN_POINT('',(35.685889468809,-45.21371813117,
    11.376856763561));
#1135 = CARTESIAN_POINT('',(35.713164101771,-45.19216882812,
    11.424080193453));
#1136 = CARTESIAN_POINT('',(35.737629878134,-45.17281436308,
    11.472890963543));
#1137 = CARTESIAN_POINT('',(35.759295757691,-45.15565687161,
    11.523021493806));
#1138 = CARTESIAN_POINT('',(35.825776434225,-45.10296477584,
    11.70327228142));
#1139 = CARTESIAN_POINT('',(35.855925655128,-45.07897534039,
    11.839738673559));
#1140 = CARTESIAN_POINT('',(35.868737817433,-45.06875321728,
    11.980089007558));
#1141 = CARTESIAN_POINT('',(35.864340842936,-45.07225491215,
    12.12133241964));
#1142 = CARTESIAN_POINT('',(35.842786963942,-45.08943478082,
    12.260708285789));
#1143 = CARTESIAN_POINT('',(35.803958895564,-45.12032578533,
    12.395447437898));
#1144 = CARTESIAN_POINT('',(35.747486148919,-45.16510024671,
    12.522463808352));
#1145 = CARTESIAN_POINT('',(35.622412522031,-45.26375864189,
    12.715008721887));
#1146 = CARTESIAN_POINT('',(35.563056954123,-45.31047404991,
    12.788128368399));
#1147 = CARTESIAN_POINT('',(35.49501263955,-45.36387568054,
    12.853927195713));
#1148 = CARTESIAN_POINT('',(35.419065532075,-45.42326440704,
    12.909906515597));
#1149 = CARTESIAN_POINT('',(35.336414841387,-45.48761835459,
    12.953959207632));
#1150 = CARTESIAN_POINT('',(35.248583807571,-45.55568031292,
    12.984401213062));
#1151 = CARTESIAN_POINT('',(35.157344738607,-45.62603160337,13.));
#1152 = CARTESIAN_POINT('',(34.971971883197,-45.76827319817,13.));
#1153 = CARTESIAN_POINT('',(34.88040334613,-45.83819511743,
    12.984401213062));
#1154 = CARTESIAN_POINT('',(34.791928198494,-45.90541765028,
    12.953959207632));
#1155 = CARTESIAN_POINT('',(34.708375485684,-45.96859605972,
    12.909906515597));
#1156 = CARTESIAN_POINT('',(34.631353823138,-46.02658439878,
    12.853927195713));
#1157 = CARTESIAN_POINT('',(34.562160644418,-46.07848880051,
    12.788128368399));
#1158 = CARTESIAN_POINT('',(34.501674673917,-46.12373103919,
    12.715008721887));
#1159 = CARTESIAN_POINT('',(34.374053955291,-46.2189728325,
    12.522535310473));
#1160 = CARTESIAN_POINT('',(34.316183890274,-46.2619368694,
    12.395560778971));
#1161 = CARTESIAN_POINT('',(34.276261060885,-46.2914727148,
    12.260804553972));
#1162 = CARTESIAN_POINT('',(34.254057055547,-46.30786841237,
    12.12135113138));
#1163 = CARTESIAN_POINT('',(34.249538018076,-46.3112082423,
    11.98000154051));
#1164 = CARTESIAN_POINT('',(34.262765881015,-46.30145042837,
    11.839573010789));
#1165 = CARTESIAN_POINT('',(34.293780722855,-46.27850779826,
    11.703125518947));
#1166 = CARTESIAN_POINT('',(34.385627974165,-46.21029622137,
    11.460030355942));
#1167 = CARTESIAN_POINT('',(34.44396709868,-46.16689851811,
    11.348279382132));
#1168 = CARTESIAN_POINT('',(34.51805073371,-46.11164839173,
    11.244361498481));
#1169 = CARTESIAN_POINT('',(34.607077604071,-46.04500372223,
    11.153316319263));
#1170 = CARTESIAN_POINT('',(34.709217446407,-45.96814783524,
    11.079695821157));
#1171 = CARTESIAN_POINT('',(34.821842484189,-45.88287030482,
    11.027473821096));
#1172 = CARTESIAN_POINT('',(34.941650140564,-45.79153988961,11.));
#1173 = CARTESIAN_POINT('',(35.064658310902,-45.69715240077,11.));
#1174 = FACE_BOUND('',#1175,.T.);
#1175 = EDGE_LOOP('',(#1176));
#1176 = ORIENTED_EDGE('',*,*,#1177,.F.);
#1177 = EDGE_CURVE('',#1178,#1178,#1180,.T.);
#1178 = VERTEX_POINT('',#1179);
#1179 = CARTESIAN_POINT('',(35.064658310902,45.697152400775,11.));
#1180 = B_SPLINE_CURVE_WITH_KNOTS('',8,(#1181,#1182,#1183,#1184,#1185,
    #1186,#1187,#1188,#1189,#1190,#1191,#1192,#1193,#1194,#1195,#1196,
    #1197,#1198,#1199,#1200,#1201,#1202,#1203,#1204,#1205,#1206,#1207,
    #1208,#1209,#1210,#1211,#1212,#1213,#1214,#1215,#1216,#1217,#1218,
    #1219,#1220,#1221,#1222,#1223,#1224,#1225,#1226,#1227,#1228,#1229,
    #1230,#1231),.UNSPECIFIED.,.T.,.F.,(9,7,7,7,7,7,7,9),(0.,
    9.74636085154E-02,0.174780283372,0.369662931092,0.501186018809,
    0.632709106526,0.827470542516,1.),.UNSPECIFIED.);
#1181 = CARTESIAN_POINT('',(35.064658310902,45.697152400775,11.));
#1182 = CARTESIAN_POINT('',(34.996872160137,45.749166543669,11.));
#1183 = CARTESIAN_POINT('',(34.929360584294,45.800787460293,
    11.008343504143));
#1184 = CARTESIAN_POINT('',(34.863014992254,45.851334380443,
    11.024873534261));
#1185 = CARTESIAN_POINT('',(34.798701658326,45.900159700273,
    11.049212800013));
#1186 = CARTESIAN_POINT('',(34.737231274489,45.946670394283,
    11.08077132799));
#1187 = CARTESIAN_POINT('',(34.679325277066,45.99035037968,
    11.118754529079));
#1188 = CARTESIAN_POINT('',(34.62557894783,46.030783833107,
    11.162171704088));
#1189 = CARTESIAN_POINT('',(34.537425127405,46.096948303926,
    11.247663613659));
#1190 = CARTESIAN_POINT('',(34.501138335013,46.124124606193,
    11.288333261293));
#1191 = CARTESIAN_POINT('',(34.467619578647,46.149178914057,
    11.331506174065));
#1192 = CARTESIAN_POINT('',(34.436910209506,46.172093624265,
    11.376856763561));
#1193 = CARTESIAN_POINT('',(34.409035986693,46.192861526608,
    11.424080193453));
#1194 = CARTESIAN_POINT('',(34.384008800183,46.211484347697,
    11.472890963543));
#1195 = CARTESIAN_POINT('',(34.361828393795,46.227971294751,
    11.523021493806));
#1196 = CARTESIAN_POINT('',(34.293725272431,46.278548979253,
    11.70327228142));
#1197 = CARTESIAN_POINT('',(34.262750064607,46.301461967589,
    11.839738673559));
#1198 = CARTESIAN_POINT('',(34.249560220279,46.311191885907,
    11.980089007559));
#1199 = CARTESIAN_POINT('',(34.254080618538,46.307851040008,
    12.121332419639));
#1200 = CARTESIAN_POINT('',(34.276253651756,46.291478068834,
    12.260708285788));
#1201 = CARTESIAN_POINT('',(34.316141514392,46.261968215093,
    12.395447437898));
#1202 = CARTESIAN_POINT('',(34.374006545355,46.219008213966,
    12.522463808352));
#1203 = CARTESIAN_POINT('',(34.501674673917,46.123731039198,
    12.715008721887));
#1204 = CARTESIAN_POINT('',(34.562160644418,46.078488800517,
    12.788128368399));
#1205 = CARTESIAN_POINT('',(34.631353823138,46.026584398787,
    12.853927195713));
#1206 = CARTESIAN_POINT('',(34.708375485684,45.968596059726,
    12.909906515597));
#1207 = CARTESIAN_POINT('',(34.791928198494,45.905417650285,
    12.953959207632));
#1208 = CARTESIAN_POINT('',(34.88040334613,45.838195117434,
    12.984401213062));
#1209 = CARTESIAN_POINT('',(34.971971883197,45.768273198173,13.));
#1210 = CARTESIAN_POINT('',(35.157344738607,45.626031603378,13.));
#1211 = CARTESIAN_POINT('',(35.248583807571,45.555680312924,
    12.984401213062));
#1212 = CARTESIAN_POINT('',(35.336414841387,45.487618354599,
    12.953959207632));
#1213 = CARTESIAN_POINT('',(35.419065532075,45.423264407042,
    12.909906515597));
#1214 = CARTESIAN_POINT('',(35.49501263955,45.363875680549,
    12.853927195713));
#1215 = CARTESIAN_POINT('',(35.563056954123,45.310474049912,
    12.788128368399));
#1216 = CARTESIAN_POINT('',(35.622412522031,45.263758641891,
    12.715008721887));
#1217 = CARTESIAN_POINT('',(35.74743970246,45.165136883797,
    12.522535310472));
#1218 = CARTESIAN_POINT('',(35.803917650266,45.120358604433,
    12.395560778972));
#1219 = CARTESIAN_POINT('',(35.842779874721,45.089440551768,
    12.260804553968));
#1220 = CARTESIAN_POINT('',(35.864363721901,45.072236648356,
    12.121351131384));
#1221 = CARTESIAN_POINT('',(35.868759362857,45.068736004947,
    11.980001540507));
#1222 = CARTESIAN_POINT('',(35.855910415515,45.078987631301,
    11.839573010791));
#1223 = CARTESIAN_POINT('',(35.825722304817,45.103007678415,
    11.703125518947));
#1224 = CARTESIAN_POINT('',(35.736063163175,45.17407085533,
    11.460030355957));
#1225 = CARTESIAN_POINT('',(35.679044924293,45.219189970266,
    11.348279382133));
#1226 = CARTESIAN_POINT('',(35.606503144634,45.276449481701,
    11.244361498471));
#1227 = CARTESIAN_POINT('',(35.519087487598,45.345193925301,
    11.153316319255));
#1228 = CARTESIAN_POINT('',(35.418414664999,45.423961669624,
    11.079695821157));
#1229 = CARTESIAN_POINT('',(35.306893391243,45.510677653303,
    11.027473821101));
#1230 = CARTESIAN_POINT('',(35.187666481252,45.602764911924,11.));
#1231 = CARTESIAN_POINT('',(35.064658310902,45.697152400775,11.));
#1232 = CYLINDRICAL_SURFACE('',#1233,57.6);
#1233 = AXIS2_PLACEMENT_3D('',#1234,#1235,#1236);
#1234 = CARTESIAN_POINT('',(0.,0.,5.));
#1235 = DIRECTION('',(0.,0.,1.));
#1236 = DIRECTION('',(1.,0.,-0.));
#1237 = ADVANCED_FACE('',(#1238,#1419,#1455,#1491,#1525,#1561),#1597,.T.
  );
#1238 = FACE_BOUND('',#1239,.T.);
#1239 = EDGE_LOOP('',(#1240,#1249,#1250,#1259,#1268,#1277,#1286,#1295,
    #1304,#1313,#1322,#1331,#1340,#1349,#1358,#1367,#1376,#1385,#1394,
    #1403,#1412));
#1240 = ORIENTED_EDGE('',*,*,#1241,.F.);
#1241 = EDGE_CURVE('',#42,#1242,#1244,.T.);
#1242 = VERTEX_POINT('',#1243);
#1243 = CARTESIAN_POINT('',(-18.92572861952,45.197530864198,17.4));
#1244 = CIRCLE('',#1245,19.5);
#1245 = AXIS2_PLACEMENT_3D('',#1246,#1247,#1248);
#1246 = CARTESIAN_POINT('',(2.479909768273E-15,40.5,17.4));
#1247 = DIRECTION('',(0.,0.,1.));
#1248 = DIRECTION('',(2.22044604925E-16,1.,-0.));
#1249 = ORIENTED_EDGE('',*,*,#39,.F.);
#1250 = ORIENTED_EDGE('',*,*,#1251,.F.);
#1251 = EDGE_CURVE('',#1252,#40,#1254,.T.);
#1252 = VERTEX_POINT('',#1253);
#1253 = CARTESIAN_POINT('',(18.925728619525,45.197530864198,17.4));
#1254 = CIRCLE('',#1255,19.5);
#1255 = AXIS2_PLACEMENT_3D('',#1256,#1257,#1258);
#1256 = CARTESIAN_POINT('',(2.479909768273E-15,40.5,17.4));
#1257 = DIRECTION('',(0.,0.,1.));
#1258 = DIRECTION('',(2.22044604925E-16,1.,-0.));
#1259 = ORIENTED_EDGE('',*,*,#1260,.F.);
#1260 = EDGE_CURVE('',#1261,#1252,#1263,.T.);
#1261 = VERTEX_POINT('',#1262);
#1262 = CARTESIAN_POINT('',(32.49569643865,36.674646732683,17.4));
#1263 = CIRCLE('',#1264,49.);
#1264 = AXIS2_PLACEMENT_3D('',#1265,#1266,#1267);
#1265 = CARTESIAN_POINT('',(0.,0.,17.4));
#1266 = DIRECTION('',(0.,0.,1.));
#1267 = DIRECTION('',(1.,0.,-0.));
#1268 = ORIENTED_EDGE('',*,*,#1269,.T.);
#1269 = EDGE_CURVE('',#1261,#1270,#1272,.T.);
#1270 = VERTEX_POINT('',#1271);
#1271 = CARTESIAN_POINT('',(36.674646732683,32.49569643865,17.4));
#1272 = CIRCLE('',#1273,3.8);
#1273 = AXIS2_PLACEMENT_3D('',#1274,#1275,#1276);
#1274 = CARTESIAN_POINT('',(36.27457787487,36.27457787487,17.4));
#1275 = DIRECTION('',(0.,0.,-1.));
#1276 = DIRECTION('',(-0.994442483216,0.105281278372,0.));
#1277 = ORIENTED_EDGE('',*,*,#1278,.F.);
#1278 = EDGE_CURVE('',#1279,#1270,#1281,.T.);
#1279 = VERTEX_POINT('',#1280);
#1280 = CARTESIAN_POINT('',(39.476535936476,29.027626676256,17.4));
#1281 = CIRCLE('',#1282,49.);
#1282 = AXIS2_PLACEMENT_3D('',#1283,#1284,#1285);
#1283 = CARTESIAN_POINT('',(0.,0.,17.4));
#1284 = DIRECTION('',(0.,0.,1.));
#1285 = DIRECTION('',(1.,0.,-0.));
#1286 = ORIENTED_EDGE('',*,*,#1287,.F.);
#1287 = EDGE_CURVE('',#1288,#1279,#1290,.T.);
#1288 = VERTEX_POINT('',#1289);
#1289 = CARTESIAN_POINT('',(46.739110751598,30.352733421387,17.4));
#1290 = CIRCLE('',#1291,4.);
#1291 = AXIS2_PLACEMENT_3D('',#1292,#1293,#1294);
#1292 = CARTESIAN_POINT('',(43.384428479817,28.174177281327,17.4));
#1293 = DIRECTION('',(0.,0.,1.));
#1294 = DIRECTION('',(0.838670567945,0.544639035015,-0.));
#1295 = ORIENTED_EDGE('',*,*,#1296,.F.);
#1296 = EDGE_CURVE('',#1297,#1288,#1299,.T.);
#1297 = VERTEX_POINT('',#1298);
#1298 = CARTESIAN_POINT('',(42.574610203303,24.257010657475,17.4));
#1299 = CIRCLE('',#1300,4.);
#1300 = AXIS2_PLACEMENT_3D('',#1301,#1302,#1303);
#1301 = CARTESIAN_POINT('',(43.384428479817,28.174177281327,17.4));
#1302 = DIRECTION('',(0.,0.,1.));
#1303 = DIRECTION('',(0.838670567945,0.544639035015,-0.));
#1304 = ORIENTED_EDGE('',*,*,#1305,.T.);
#1305 = EDGE_CURVE('',#1297,#1306,#1308,.T.);
#1306 = VERTEX_POINT('',#1307);
#1307 = CARTESIAN_POINT('',(36.674646732683,-32.49569643865,17.4));
#1308 = CIRCLE('',#1309,49.);
#1309 = AXIS2_PLACEMENT_3D('',#1310,#1311,#1312);
#1310 = CARTESIAN_POINT('',(0.,0.,17.4));
#1311 = DIRECTION('',(0.,0.,-1.));
#1312 = DIRECTION('',(0.868869595986,0.495041033826,0.));
#1313 = ORIENTED_EDGE('',*,*,#1314,.T.);
#1314 = EDGE_CURVE('',#1306,#1315,#1317,.T.);
#1315 = VERTEX_POINT('',#1316);
#1316 = CARTESIAN_POINT('',(32.49569643865,-36.67464673268,17.4));
#1317 = CIRCLE('',#1318,3.8);
#1318 = AXIS2_PLACEMENT_3D('',#1319,#1320,#1321);
#1319 = CARTESIAN_POINT('',(36.27457787487,-36.27457787487,17.4));
#1320 = DIRECTION('',(0.,0.,-1.));
#1321 = DIRECTION('',(0.105281278372,0.994442483216,0.));
#1322 = ORIENTED_EDGE('',*,*,#1323,.T.);
#1323 = EDGE_CURVE('',#1315,#1324,#1326,.T.);
#1324 = VERTEX_POINT('',#1325);
#1325 = CARTESIAN_POINT('',(5.400394144971,-48.70149631252,17.4));
#1326 = CIRCLE('',#1327,49.);
#1327 = AXIS2_PLACEMENT_3D('',#1328,#1329,#1330);
#1328 = CARTESIAN_POINT('',(0.,0.,17.4));
#1329 = DIRECTION('',(0.,0.,-1.));
#1330 = DIRECTION('',(0.868869595986,0.495041033826,0.));
#1331 = ORIENTED_EDGE('',*,*,#1332,.F.);
#1332 = EDGE_CURVE('',#1333,#1324,#1335,.T.);
#1333 = VERTEX_POINT('',#1334);
#1334 = CARTESIAN_POINT('',(2.916682841419,-55.65362397187,17.4));
#1335 = CIRCLE('',#1336,4.);
#1336 = AXIS2_PLACEMENT_3D('',#1337,#1338,#1339);
#1337 = CARTESIAN_POINT('',(2.707339016447,-51.65910583285,17.4));
#1338 = DIRECTION('',(0.,0.,1.));
#1339 = DIRECTION('',(5.233595624294E-02,-0.998629534755,0.));
#1340 = ORIENTED_EDGE('',*,*,#1341,.F.);
#1341 = EDGE_CURVE('',#1342,#1333,#1344,.T.);
#1342 = VERTEX_POINT('',#1343);
#1343 = CARTESIAN_POINT('',(-0.280117652408,-48.99919932101,17.4));
#1344 = CIRCLE('',#1345,4.);
#1345 = AXIS2_PLACEMENT_3D('',#1346,#1347,#1348);
#1346 = CARTESIAN_POINT('',(2.707339016447,-51.65910583285,17.4));
#1347 = DIRECTION('',(0.,0.,1.));
#1348 = DIRECTION('',(5.233595624294E-02,-0.998629534755,0.));
#1349 = ORIENTED_EDGE('',*,*,#1350,.F.);
#1350 = EDGE_CURVE('',#1351,#1342,#1353,.T.);
#1351 = VERTEX_POINT('',#1352);
#1352 = CARTESIAN_POINT('',(-32.49569643865,-36.67464673268,17.4));
#1353 = CIRCLE('',#1354,49.);
#1354 = AXIS2_PLACEMENT_3D('',#1355,#1356,#1357);
#1355 = CARTESIAN_POINT('',(0.,0.,17.4));
#1356 = DIRECTION('',(0.,0.,1.));
#1357 = DIRECTION('',(1.,0.,-0.));
#1358 = ORIENTED_EDGE('',*,*,#1359,.T.);
#1359 = EDGE_CURVE('',#1351,#1360,#1362,.T.);
#1360 = VERTEX_POINT('',#1361);
#1361 = CARTESIAN_POINT('',(-36.67464673268,-32.49569643865,17.4));
#1362 = CIRCLE('',#1363,3.8);
#1363 = AXIS2_PLACEMENT_3D('',#1364,#1365,#1366);
#1364 = CARTESIAN_POINT('',(-36.27457787487,-36.27457787487,17.4));
#1365 = DIRECTION('',(0.,-0.,-1.));
#1366 = DIRECTION('',(0.994442483216,-0.105281278372,0.));
#1367 = ORIENTED_EDGE('',*,*,#1368,.F.);
#1368 = EDGE_CURVE('',#1369,#1360,#1371,.T.);
#1369 = VERTEX_POINT('',#1370);
#1370 = CARTESIAN_POINT('',(-44.87693008144,19.67386963627,17.4));
#1371 = CIRCLE('',#1372,49.);
#1372 = AXIS2_PLACEMENT_3D('',#1373,#1374,#1375);
#1373 = CARTESIAN_POINT('',(0.,0.,17.4));
#1374 = DIRECTION('',(0.,0.,1.));
#1375 = DIRECTION('',(1.,0.,-0.));
#1376 = ORIENTED_EDGE('',*,*,#1377,.F.);
#1377 = EDGE_CURVE('',#1378,#1369,#1380,.T.);
#1378 = VERTEX_POINT('',#1379);
#1379 = CARTESIAN_POINT('',(-49.65579359301,25.300890550485,17.4));
#1380 = CIRCLE('',#1381,4.);
#1381 = AXIS2_PLACEMENT_3D('',#1382,#1383,#1384);
#1382 = CARTESIAN_POINT('',(-46.09176749626,23.484928551527,17.4));
#1383 = DIRECTION('',(0.,0.,1.));
#1384 = DIRECTION('',(-0.891006524188,0.45399049974,0.));
#1385 = ORIENTED_EDGE('',*,*,#1386,.F.);
#1386 = EDGE_CURVE('',#1387,#1378,#1389,.T.);
#1387 = VERTEX_POINT('',#1388);
#1388 = CARTESIAN_POINT('',(-42.29449255089,24.742188663543,17.4));
#1389 = CIRCLE('',#1390,4.);
#1390 = AXIS2_PLACEMENT_3D('',#1391,#1392,#1393);
#1391 = CARTESIAN_POINT('',(-46.09176749626,23.484928551527,17.4));
#1392 = DIRECTION('',(0.,0.,1.));
#1393 = DIRECTION('',(-0.891006524188,0.45399049974,0.));
#1394 = ORIENTED_EDGE('',*,*,#1395,.F.);
#1395 = EDGE_CURVE('',#1396,#1387,#1398,.T.);
#1396 = VERTEX_POINT('',#1397);
#1397 = CARTESIAN_POINT('',(-36.67464673268,32.49569643865,17.4));
#1398 = CIRCLE('',#1399,49.);
#1399 = AXIS2_PLACEMENT_3D('',#1400,#1401,#1402);
#1400 = CARTESIAN_POINT('',(0.,0.,17.4));
#1401 = DIRECTION('',(0.,0.,1.));
#1402 = DIRECTION('',(1.,0.,-0.));
#1403 = ORIENTED_EDGE('',*,*,#1404,.T.);
#1404 = EDGE_CURVE('',#1396,#1405,#1407,.T.);
#1405 = VERTEX_POINT('',#1406);
#1406 = CARTESIAN_POINT('',(-32.49569643865,36.674646732683,17.4));
#1407 = CIRCLE('',#1408,3.8);
#1408 = AXIS2_PLACEMENT_3D('',#1409,#1410,#1411);
#1409 = CARTESIAN_POINT('',(-36.27457787487,36.27457787487,17.4));
#1410 = DIRECTION('',(-0.,0.,-1.));
#1411 = DIRECTION('',(-0.105281278372,-0.994442483216,0.));
#1412 = ORIENTED_EDGE('',*,*,#1413,.F.);
#1413 = EDGE_CURVE('',#1242,#1405,#1414,.T.);
#1414 = CIRCLE('',#1415,49.);
#1415 = AXIS2_PLACEMENT_3D('',#1416,#1417,#1418);
#1416 = CARTESIAN_POINT('',(0.,0.,17.4));
#1417 = DIRECTION('',(0.,0.,1.));
#1418 = DIRECTION('',(1.,0.,-0.));
#1419 = FACE_BOUND('',#1420,.T.);
#1420 = EDGE_LOOP('',(#1421,#1431,#1440,#1448));
#1421 = ORIENTED_EDGE('',*,*,#1422,.F.);
#1422 = EDGE_CURVE('',#1423,#1425,#1427,.T.);
#1423 = VERTEX_POINT('',#1424);
#1424 = CARTESIAN_POINT('',(-42.50327387452,-35.74523338778,17.4));
#1425 = VERTEX_POINT('',#1426);
#1426 = CARTESIAN_POINT('',(-40.9272523673,-34.51391043713,17.4));
#1427 = LINE('',#1428,#1429);
#1428 = CARTESIAN_POINT('',(-19.84796470832,-18.04496597217,17.4));
#1429 = VECTOR('',#1430,1.);
#1430 = DIRECTION('',(0.788010753607,0.615661475326,-0.));
#1431 = ORIENTED_EDGE('',*,*,#1432,.T.);
#1432 = EDGE_CURVE('',#1423,#1433,#1435,.T.);
#1433 = VERTEX_POINT('',#1434);
#1434 = CARTESIAN_POINT('',(-44.96591977582,-32.59319037336,17.4));
#1435 = CIRCLE('',#1436,2.);
#1436 = AXIS2_PLACEMENT_3D('',#1437,#1438,#1439);
#1437 = CARTESIAN_POINT('',(-43.73459682517,-34.16921188057,17.4));
#1438 = DIRECTION('',(0.,-0.,-1.));
#1439 = DIRECTION('',(0.615661475326,-0.788010753607,0.));
#1440 = ORIENTED_EDGE('',*,*,#1441,.T.);
#1441 = EDGE_CURVE('',#1433,#1442,#1444,.T.);
#1442 = VERTEX_POINT('',#1443);
#1443 = CARTESIAN_POINT('',(-43.38989826861,-31.3618674227,17.4));
#1444 = LINE('',#1445,#1446);
#1445 = CARTESIAN_POINT('',(-22.31061060963,-14.89292295774,17.4));
#1446 = VECTOR('',#1447,1.);
#1447 = DIRECTION('',(0.788010753607,0.615661475326,-0.));
#1448 = ORIENTED_EDGE('',*,*,#1449,.F.);
#1449 = EDGE_CURVE('',#1425,#1442,#1450,.T.);
#1450 = CIRCLE('',#1451,2.);
#1451 = AXIS2_PLACEMENT_3D('',#1452,#1453,#1454);
#1452 = CARTESIAN_POINT('',(-42.15857531796,-32.93788892992,17.4));
#1453 = DIRECTION('',(0.,0.,1.));
#1454 = DIRECTION('',(-0.788010753607,-0.615661475326,0.));
#1455 = FACE_BOUND('',#1456,.T.);
#1456 = EDGE_LOOP('',(#1457,#1467,#1476,#1484));
#1457 = ORIENTED_EDGE('',*,*,#1458,.F.);
#1458 = EDGE_CURVE('',#1459,#1461,#1463,.T.);
#1459 = VERTEX_POINT('',#1460);
#1460 = CARTESIAN_POINT('',(35.745233387787,-42.50327387452,17.4));
#1461 = VERTEX_POINT('',#1462);
#1462 = CARTESIAN_POINT('',(34.513910437136,-40.9272523673,17.4));
#1463 = LINE('',#1464,#1465);
#1464 = CARTESIAN_POINT('',(18.044965972175,-19.84796470832,17.4));
#1465 = VECTOR('',#1466,1.);
#1466 = DIRECTION('',(-0.615661475326,0.788010753607,0.));
#1467 = ORIENTED_EDGE('',*,*,#1468,.T.);
#1468 = EDGE_CURVE('',#1459,#1469,#1471,.T.);
#1469 = VERTEX_POINT('',#1470);
#1470 = CARTESIAN_POINT('',(32.593190373361,-44.96591977582,17.4));
#1471 = CIRCLE('',#1472,2.);
#1472 = AXIS2_PLACEMENT_3D('',#1473,#1474,#1475);
#1473 = CARTESIAN_POINT('',(34.169211880574,-43.73459682517,17.4));
#1474 = DIRECTION('',(0.,0.,-1.));
#1475 = DIRECTION('',(0.788010753607,0.615661475326,0.));
#1476 = ORIENTED_EDGE('',*,*,#1477,.T.);
#1477 = EDGE_CURVE('',#1469,#1478,#1480,.T.);
#1478 = VERTEX_POINT('',#1479);
#1479 = CARTESIAN_POINT('',(31.361867422709,-43.38989826861,17.4));
#1480 = LINE('',#1481,#1482);
#1481 = CARTESIAN_POINT('',(14.892922957748,-22.31061060963,17.4));
#1482 = VECTOR('',#1483,1.);
#1483 = DIRECTION('',(-0.615661475326,0.788010753607,0.));
#1484 = ORIENTED_EDGE('',*,*,#1485,.F.);
#1485 = EDGE_CURVE('',#1461,#1478,#1486,.T.);
#1486 = CIRCLE('',#1487,2.);
#1487 = AXIS2_PLACEMENT_3D('',#1488,#1489,#1490);
#1488 = CARTESIAN_POINT('',(32.937888929923,-42.15857531796,17.4));
#1489 = DIRECTION('',(0.,0.,1.));
#1490 = DIRECTION('',(0.615661475326,-0.788010753607,0.));
#1491 = FACE_BOUND('',#1492,.T.);
#1492 = EDGE_LOOP('',(#1493,#1503,#1511,#1519));
#1493 = ORIENTED_EDGE('',*,*,#1494,.T.);
#1494 = EDGE_CURVE('',#1495,#1497,#1499,.T.);
#1495 = VERTEX_POINT('',#1496);
#1496 = CARTESIAN_POINT('',(47.28665309647,-32.49711431703,17.4));
#1497 = VERTEX_POINT('',#1498);
#1498 = CARTESIAN_POINT('',(42.783320996791,-29.89711431703,17.4));
#1499 = LINE('',#1500,#1501);
#1500 = CARTESIAN_POINT('',(20.266660498395,-16.89711431703,17.4));
#1501 = VECTOR('',#1502,1.);
#1502 = DIRECTION('',(-0.866025403784,0.5,0.));
#1503 = ORIENTED_EDGE('',*,*,#1504,.T.);
#1504 = EDGE_CURVE('',#1497,#1505,#1507,.T.);
#1505 = VERTEX_POINT('',#1506);
#1506 = CARTESIAN_POINT('',(47.283320996791,-22.10288568297,17.4));
#1507 = LINE('',#1508,#1509);
#1508 = CARTESIAN_POINT('',(43.908320996791,-27.94855715851,17.4));
#1509 = VECTOR('',#1510,1.);
#1510 = DIRECTION('',(0.5,0.866025403784,-0.));
#1511 = ORIENTED_EDGE('',*,*,#1512,.F.);
#1512 = EDGE_CURVE('',#1513,#1505,#1515,.T.);
#1513 = VERTEX_POINT('',#1514);
#1514 = CARTESIAN_POINT('',(51.78665309647,-24.70288568297,17.4));
#1515 = LINE('',#1516,#1517);
#1516 = CARTESIAN_POINT('',(24.766660498395,-9.10288568297,17.4));
#1517 = VECTOR('',#1518,1.);
#1518 = DIRECTION('',(-0.866025403784,0.5,0.));
#1519 = ORIENTED_EDGE('',*,*,#1520,.F.);
#1520 = EDGE_CURVE('',#1495,#1513,#1521,.T.);
#1521 = LINE('',#1522,#1523);
#1522 = CARTESIAN_POINT('',(48.41165309647,-30.54855715851,17.4));
#1523 = VECTOR('',#1524,1.);
#1524 = DIRECTION('',(0.5,0.866025403784,-0.));
#1525 = FACE_BOUND('',#1526,.T.);
#1526 = EDGE_LOOP('',(#1527,#1537,#1546,#1554));
#1527 = ORIENTED_EDGE('',*,*,#1528,.F.);
#1528 = EDGE_CURVE('',#1529,#1531,#1533,.T.);
#1529 = VERTEX_POINT('',#1530);
#1530 = CARTESIAN_POINT('',(-44.96591977582,32.593190373361,17.4));
#1531 = VERTEX_POINT('',#1532);
#1532 = CARTESIAN_POINT('',(-43.38989826861,31.361867422709,17.4));
#1533 = LINE('',#1534,#1535);
#1534 = CARTESIAN_POINT('',(-22.31061060963,14.892922957748,17.4));
#1535 = VECTOR('',#1536,1.);
#1536 = DIRECTION('',(0.788010753607,-0.615661475326,0.));
#1537 = ORIENTED_EDGE('',*,*,#1538,.T.);
#1538 = EDGE_CURVE('',#1529,#1539,#1541,.T.);
#1539 = VERTEX_POINT('',#1540);
#1540 = CARTESIAN_POINT('',(-42.50327387452,35.745233387787,17.4));
#1541 = CIRCLE('',#1542,2.);
#1542 = AXIS2_PLACEMENT_3D('',#1543,#1544,#1545);
#1543 = CARTESIAN_POINT('',(-43.73459682517,34.169211880574,17.4));
#1544 = DIRECTION('',(-0.,0.,-1.));
#1545 = DIRECTION('',(-0.615661475326,-0.788010753607,0.));
#1546 = ORIENTED_EDGE('',*,*,#1547,.T.);
#1547 = EDGE_CURVE('',#1539,#1548,#1550,.T.);
#1548 = VERTEX_POINT('',#1549);
#1549 = CARTESIAN_POINT('',(-40.9272523673,34.513910437136,17.4));
#1550 = LINE('',#1551,#1552);
#1551 = CARTESIAN_POINT('',(-19.84796470832,18.044965972175,17.4));
#1552 = VECTOR('',#1553,1.);
#1553 = DIRECTION('',(0.788010753607,-0.615661475326,0.));
#1554 = ORIENTED_EDGE('',*,*,#1555,.F.);
#1555 = EDGE_CURVE('',#1531,#1548,#1556,.T.);
#1556 = CIRCLE('',#1557,2.);
#1557 = AXIS2_PLACEMENT_3D('',#1558,#1559,#1560);
#1558 = CARTESIAN_POINT('',(-42.15857531796,32.937888929923,17.4));
#1559 = DIRECTION('',(0.,0.,1.));
#1560 = DIRECTION('',(-0.788010753607,0.615661475326,0.));
#1561 = FACE_BOUND('',#1562,.T.);
#1562 = EDGE_LOOP('',(#1563,#1573,#1582,#1590));
#1563 = ORIENTED_EDGE('',*,*,#1564,.F.);
#1564 = EDGE_CURVE('',#1565,#1567,#1569,.T.);
#1565 = VERTEX_POINT('',#1566);
#1566 = CARTESIAN_POINT('',(32.593190373361,44.965919775824,17.4));
#1567 = VERTEX_POINT('',#1568);
#1568 = CARTESIAN_POINT('',(31.361867422709,43.389898268611,17.4));
#1569 = LINE('',#1570,#1571);
#1570 = CARTESIAN_POINT('',(14.892922957748,22.310610609631,17.4));
#1571 = VECTOR('',#1572,1.);
#1572 = DIRECTION('',(-0.615661475326,-0.788010753607,0.));
#1573 = ORIENTED_EDGE('',*,*,#1574,.T.);
#1574 = EDGE_CURVE('',#1565,#1575,#1577,.T.);
#1575 = VERTEX_POINT('',#1576);
#1576 = CARTESIAN_POINT('',(35.745233387787,42.503273874522,17.4));
#1577 = CIRCLE('',#1578,2.);
#1578 = AXIS2_PLACEMENT_3D('',#1579,#1580,#1581);
#1579 = CARTESIAN_POINT('',(34.169211880574,43.734596825173,17.4));
#1580 = DIRECTION('',(0.,0.,-1.));
#1581 = DIRECTION('',(-0.788010753607,0.615661475326,0.));
#1582 = ORIENTED_EDGE('',*,*,#1583,.T.);
#1583 = EDGE_CURVE('',#1575,#1584,#1586,.T.);
#1584 = VERTEX_POINT('',#1585);
#1585 = CARTESIAN_POINT('',(34.513910437136,40.927252367308,17.4));
#1586 = LINE('',#1587,#1588);
#1587 = CARTESIAN_POINT('',(18.044965972175,19.847964708328,17.4));
#1588 = VECTOR('',#1589,1.);
#1589 = DIRECTION('',(-0.615661475326,-0.788010753607,0.));
#1590 = ORIENTED_EDGE('',*,*,#1591,.F.);
#1591 = EDGE_CURVE('',#1567,#1584,#1592,.T.);
#1592 = CIRCLE('',#1593,2.);
#1593 = AXIS2_PLACEMENT_3D('',#1594,#1595,#1596);
#1594 = CARTESIAN_POINT('',(32.937888929923,42.15857531796,17.4));
#1595 = DIRECTION('',(0.,0.,1.));
#1596 = DIRECTION('',(0.615661475326,0.788010753607,-0.));
#1597 = PLANE('',#1598);
#1598 = AXIS2_PLACEMENT_3D('',#1599,#1600,#1601);
#1599 = CARTESIAN_POINT('',(0.,0.,17.4));
#1600 = DIRECTION('',(0.,0.,1.));
#1601 = DIRECTION('',(1.,0.,-0.));
#1602 = ADVANCED_FACE('',(#1603),#1673,.F.);
#1603 = FACE_BOUND('',#1604,.F.);
#1604 = EDGE_LOOP('',(#1605,#1616,#1624,#1633,#1639,#1640,#1641,#1648,
    #1649,#1650,#1658,#1667));
#1605 = ORIENTED_EDGE('',*,*,#1606,.F.);
#1606 = EDGE_CURVE('',#1607,#1609,#1611,.T.);
#1607 = VERTEX_POINT('',#1608);
#1608 = CARTESIAN_POINT('',(-14.4594740184,53.583333333333,8.));
#1609 = VERTEX_POINT('',#1610);
#1610 = CARTESIAN_POINT('',(14.459474018404,53.583333333333,8.));
#1611 = CIRCLE('',#1612,19.5);
#1612 = AXIS2_PLACEMENT_3D('',#1613,#1614,#1615);
#1613 = CARTESIAN_POINT('',(2.479909768273E-15,40.5,8.));
#1614 = DIRECTION('',(0.,0.,-1.));
#1615 = DIRECTION('',(-0.741511488123,0.67094017094,0.));
#1616 = ORIENTED_EDGE('',*,*,#1617,.T.);
#1617 = EDGE_CURVE('',#1607,#1618,#1620,.T.);
#1618 = VERTEX_POINT('',#1619);
#1619 = CARTESIAN_POINT('',(-14.4594740184,53.583333333333,15.6));
#1620 = LINE('',#1621,#1622);
#1621 = CARTESIAN_POINT('',(-14.4594740184,53.583333333333,4.99));
#1622 = VECTOR('',#1623,1.);
#1623 = DIRECTION('',(0.,0.,1.));
#1624 = ORIENTED_EDGE('',*,*,#1625,.T.);
#1625 = EDGE_CURVE('',#1618,#1626,#1628,.T.);
#1626 = VERTEX_POINT('',#1627);
#1627 = CARTESIAN_POINT('',(-18.92572861952,45.197530864198,15.6));
#1628 = CIRCLE('',#1629,19.5);
#1629 = AXIS2_PLACEMENT_3D('',#1630,#1631,#1632);
#1630 = CARTESIAN_POINT('',(2.479909768273E-15,40.5,15.6));
#1631 = DIRECTION('',(0.,0.,1.));
#1632 = DIRECTION('',(2.22044604925E-16,1.,-0.));
#1633 = ORIENTED_EDGE('',*,*,#1634,.T.);
#1634 = EDGE_CURVE('',#1626,#1242,#1635,.T.);
#1635 = LINE('',#1636,#1637);
#1636 = CARTESIAN_POINT('',(-18.92572861952,45.197530864198,15.59));
#1637 = VECTOR('',#1638,1.);
#1638 = DIRECTION('',(0.,0.,1.));
#1639 = ORIENTED_EDGE('',*,*,#1241,.F.);
#1640 = ORIENTED_EDGE('',*,*,#50,.F.);
#1641 = ORIENTED_EDGE('',*,*,#1642,.F.);
#1642 = EDGE_CURVE('',#59,#51,#1643,.T.);
#1643 = CIRCLE('',#1644,19.5);
#1644 = AXIS2_PLACEMENT_3D('',#1645,#1646,#1647);
#1645 = CARTESIAN_POINT('',(2.479909768273E-15,40.5,8.4));
#1646 = DIRECTION('',(0.,0.,1.));
#1647 = DIRECTION('',(0.570481371065,0.821310541311,-0.));
#1648 = ORIENTED_EDGE('',*,*,#67,.T.);
#1649 = ORIENTED_EDGE('',*,*,#1251,.F.);
#1650 = ORIENTED_EDGE('',*,*,#1651,.F.);
#1651 = EDGE_CURVE('',#1652,#1252,#1654,.T.);
#1652 = VERTEX_POINT('',#1653);
#1653 = CARTESIAN_POINT('',(18.925728619525,45.197530864198,15.6));
#1654 = LINE('',#1655,#1656);
#1655 = CARTESIAN_POINT('',(18.925728619525,45.197530864198,15.59));
#1656 = VECTOR('',#1657,1.);
#1657 = DIRECTION('',(0.,0.,1.));
#1658 = ORIENTED_EDGE('',*,*,#1659,.T.);
#1659 = EDGE_CURVE('',#1652,#1660,#1662,.T.);
#1660 = VERTEX_POINT('',#1661);
#1661 = CARTESIAN_POINT('',(14.459474018404,53.583333333333,15.6));
#1662 = CIRCLE('',#1663,19.5);
#1663 = AXIS2_PLACEMENT_3D('',#1664,#1665,#1666);
#1664 = CARTESIAN_POINT('',(2.479909768273E-15,40.5,15.6));
#1665 = DIRECTION('',(0.,0.,1.));
#1666 = DIRECTION('',(2.22044604925E-16,1.,-0.));
#1667 = ORIENTED_EDGE('',*,*,#1668,.F.);
#1668 = EDGE_CURVE('',#1609,#1660,#1669,.T.);
#1669 = LINE('',#1670,#1671);
#1670 = CARTESIAN_POINT('',(14.459474018404,53.583333333333,4.99));
#1671 = VECTOR('',#1672,1.);
#1672 = DIRECTION('',(0.,0.,1.));
#1673 = CYLINDRICAL_SURFACE('',#1674,19.5);
#1674 = AXIS2_PLACEMENT_3D('',#1675,#1676,#1677);
#1675 = CARTESIAN_POINT('',(2.479909768273E-15,40.5,8.));
#1676 = DIRECTION('',(0.,0.,1.));
#1677 = DIRECTION('',(2.22044604925E-16,1.,0.));
#1678 = ADVANCED_FACE('',(#1679,#1690),#1694,.T.);
#1679 = FACE_BOUND('',#1680,.T.);
#1680 = EDGE_LOOP('',(#1681));
#1681 = ORIENTED_EDGE('',*,*,#1682,.T.);
#1682 = EDGE_CURVE('',#1683,#1683,#1685,.T.);
#1683 = VERTEX_POINT('',#1684);
#1684 = CARTESIAN_POINT('',(60.5,-1.481822626968E-14,8.4));
#1685 = CIRCLE('',#1686,60.5);
#1686 = AXIS2_PLACEMENT_3D('',#1687,#1688,#1689);
#1687 = CARTESIAN_POINT('',(0.,0.,8.4));
#1688 = DIRECTION('',(0.,0.,1.));
#1689 = DIRECTION('',(1.,0.,-0.));
#1690 = FACE_BOUND('',#1691,.T.);
#1691 = EDGE_LOOP('',(#1692,#1693));
#1692 = ORIENTED_EDGE('',*,*,#1642,.F.);
#1693 = ORIENTED_EDGE('',*,*,#58,.F.);
#1694 = PLANE('',#1695);
#1695 = AXIS2_PLACEMENT_3D('',#1696,#1697,#1698);
#1696 = CARTESIAN_POINT('',(0.,0.,8.4));
#1697 = DIRECTION('',(0.,0.,1.));
#1698 = DIRECTION('',(1.,0.,-0.));
#1699 = ADVANCED_FACE('',(#1700),#1811,.F.);
#1700 = FACE_BOUND('',#1701,.F.);
#1701 = EDGE_LOOP('',(#1702,#1703,#1711,#1720,#1739,#1795,#1803,#1810));
#1702 = ORIENTED_EDGE('',*,*,#75,.F.);
#1703 = ORIENTED_EDGE('',*,*,#1704,.F.);
#1704 = EDGE_CURVE('',#1705,#76,#1707,.T.);
#1705 = VERTEX_POINT('',#1706);
#1706 = CARTESIAN_POINT('',(-33.17749788097,43.237757045872,11.));
#1707 = LINE('',#1708,#1709);
#1708 = CARTESIAN_POINT('',(-33.17749788097,43.237757045872,11.));
#1709 = VECTOR('',#1710,1.);
#1710 = DIRECTION('',(-0.608761429009,0.793353340291,2.22044604925E-16)
  );
#1711 = ORIENTED_EDGE('',*,*,#1712,.T.);
#1712 = EDGE_CURVE('',#1705,#1713,#1715,.T.);
#1713 = VERTEX_POINT('',#1714);
#1714 = CARTESIAN_POINT('',(-33.83282809298,42.734904488159,
    11.436367479266));
#1715 = CIRCLE('',#1716,1.);
#1716 = AXIS2_PLACEMENT_3D('',#1717,#1718,#1719);
#1717 = CARTESIAN_POINT('',(-33.17749788097,43.237757045872,12.));
#1718 = DIRECTION('',(-0.608761429009,0.793353340291,2.22044604925E-16)
  );
#1719 = DIRECTION('',(-1.351721909978E-16,1.761598290109E-16,-1.));
#1720 = ORIENTED_EDGE('',*,*,#1721,.F.);
#1721 = EDGE_CURVE('',#1722,#1713,#1724,.T.);
#1722 = VERTEX_POINT('',#1723);
#1723 = CARTESIAN_POINT('',(-33.85378451009,43.979214116947,
    11.003633035041));
#1724 = B_SPLINE_CURVE_WITH_KNOTS('',7,(#1725,#1726,#1727,#1728,#1729,
    #1730,#1731,#1732,#1733,#1734,#1735,#1736,#1737,#1738),
  .UNSPECIFIED.,.F.,.F.,(8,6,8),(0.,0.760385397584,1.),.UNSPECIFIED.);
#1725 = CARTESIAN_POINT('',(-33.85378451009,43.979214116947,
    11.003633035041));
#1726 = CARTESIAN_POINT('',(-33.87781583155,43.832074271353,
    11.012918827846));
#1727 = CARTESIAN_POINT('',(-33.89423338799,43.685584864643,
    11.035574366484));
#1728 = CARTESIAN_POINT('',(-33.90313459241,43.541231006302,
    11.069109545072));
#1729 = CARTESIAN_POINT('',(-33.90501831214,43.400037911104,
    11.111661359925));
#1730 = CARTESIAN_POINT('',(-33.90051529701,43.262731499351,
    11.161905807069));
#1731 = CARTESIAN_POINT('',(-33.89026694917,43.129952196031,
    11.218963595371));
#1732 = CARTESIAN_POINT('',(-33.87044228758,42.962795852022,
    11.302474379025));
#1733 = CARTESIAN_POINT('',(-33.86521259802,42.923304667847,
    11.323125307131));
#1734 = CARTESIAN_POINT('',(-33.85952715482,42.884369343282,
    11.344427170743));
#1735 = CARTESIAN_POINT('',(-33.85341133486,42.846007599508,
    11.36639068482));
#1736 = CARTESIAN_POINT('',(-33.84689541477,42.808261226125,
    11.38902711005));
#1737 = CARTESIAN_POINT('',(-33.84001775153,42.771196371258,
    11.412348494248));
#1738 = CARTESIAN_POINT('',(-33.83282796293,42.73490383167,
    11.436367913749));
#1739 = ORIENTED_EDGE('',*,*,#1740,.T.);
#1740 = EDGE_CURVE('',#1722,#1741,#1743,.T.);
#1741 = VERTEX_POINT('',#1742);
#1742 = CARTESIAN_POINT('',(-33.0036695882,44.620710367636,12.2));
#1743 = B_SPLINE_CURVE_WITH_KNOTS('',8,(#1744,#1745,#1746,#1747,#1748,
    #1749,#1750,#1751,#1752,#1753,#1754,#1755,#1756,#1757,#1758,#1759,
    #1760,#1761,#1762,#1763,#1764,#1765,#1766,#1767,#1768,#1769,#1770,
    #1771,#1772,#1773,#1774,#1775,#1776,#1777,#1778,#1779,#1780,#1781,
    #1782,#1783,#1784,#1785,#1786,#1787,#1788,#1789,#1790,#1791,#1792,
    #1793,#1794),.UNSPECIFIED.,.T.,.F.,(9,7,7,7,7,7,7,9),(0.,
    9.746379080804E-02,0.174780457902,0.369662637798,0.501185981787,
    0.632709325776,0.827470305808,1.),.UNSPECIFIED.);
#1744 = CARTESIAN_POINT('',(-33.78625930998,44.031110386164,11.));
#1745 = CARTESIAN_POINT('',(-33.85404547626,43.979096231364,11.));
#1746 = CARTESIAN_POINT('',(-33.92137739299,43.927241190062,
    11.008343507949));
#1747 = CARTESIAN_POINT('',(-33.98736684317,43.876230169559,
    11.024873536595));
#1748 = CARTESIAN_POINT('',(-34.05116440412,43.826732713842,
    11.049212794275));
#1749 = CARTESIAN_POINT('',(-34.11198797246,43.779379090603,
    11.080771312015));
#1750 = CARTESIAN_POINT('',(-34.16915301712,43.734733472017,
    11.118754507858));
#1751 = CARTESIAN_POINT('',(-34.22210456032,43.69326420926,
    11.162171688413));
#1752 = CARTESIAN_POINT('',(-34.30880335329,43.625203608049,
    11.247663551563));
#1753 = CARTESIAN_POINT('',(-34.34443312006,43.597171132906,
    11.288333143556));
#1754 = CARTESIAN_POINT('',(-34.37729683532,43.571263192615,
    11.33150601371));
#1755 = CARTESIAN_POINT('',(-34.40736704799,43.547515512345,
    11.376856579439));
#1756 = CARTESIAN_POINT('',(-34.43463035234,43.525951409347,
    11.424080009503));
#1757 = CARTESIAN_POINT('',(-34.459085533,43.506583077117,
    11.472890808054));
#1758 = CARTESIAN_POINT('',(-34.48074170993,43.489412869559,
    11.523021398678));
#1759 = CARTESIAN_POINT('',(-34.54719169758,43.436680749837,
    11.703272224359));
#1760 = CARTESIAN_POINT('',(-34.57732532682,43.412670910994,
    11.839738676826));
#1761 = CARTESIAN_POINT('',(-34.59013036799,43.40243945064,
    11.980089175964));
#1762 = CARTESIAN_POINT('',(-34.58573569795,43.405944214541,
    12.12133279385));
#1763 = CARTESIAN_POINT('',(-34.56419344081,43.423139431575,
    12.260708811312));
#1764 = CARTESIAN_POINT('',(-34.52538531725,43.45405666294,
    12.39544796498));
#1765 = CARTESIAN_POINT('',(-34.46893889736,43.498865475153,
    12.522464137315));
#1766 = CARTESIAN_POINT('',(-34.3439145036,43.597587741978,
    12.715008837294));
#1767 = CARTESIAN_POINT('',(-34.28458026563,43.644331071741,
    12.788128521228));
#1768 = CARTESIAN_POINT('',(-34.21655766042,43.697761053243,
    12.853927325438));
#1769 = CARTESIAN_POINT('',(-34.1406308961,43.757176264851,
    12.909906591678));
#1770 = CARTESIAN_POINT('',(-34.05799731941,43.821552414601,
    12.953959231885));
#1771 = CARTESIAN_POINT('',(-33.97017853441,43.889630204934,
    12.98440121096));
#1772 = CARTESIAN_POINT('',(-33.8789457434,43.95998958438,13.));
#1773 = CARTESIAN_POINT('',(-33.69357287656,44.102231187947,13.));
#1774 = CARTESIAN_POINT('',(-33.60199815098,44.172144949587,
    12.98440121096));
#1775 = CARTESIAN_POINT('',(-33.51351088102,44.239351553366,
    12.953959231885));
#1776 = CARTESIAN_POINT('',(-33.42994115197,44.302507685606,
    12.909906591678));
#1777 = CARTESIAN_POINT('',(-33.35289917196,44.360469519833,
    12.853927325438));
#1778 = CARTESIAN_POINT('',(-33.28368422721,44.412345614184,
    12.788128521228));
#1779 = CARTESIAN_POINT('',(-33.22317680697,44.457560023045,
    12.715008837294));
#1780 = CARTESIAN_POINT('',(-33.09550714911,44.552737756845,
    12.522535632403));
#1781 = CARTESIAN_POINT('',(-33.03761071257,44.595667483578,
    12.395561281039));
#1782 = CARTESIAN_POINT('',(-32.99766771873,44.625177239394,
    12.260805072237));
#1783 = CARTESIAN_POINT('',(-32.97545186071,44.641557726063,
    12.121351504403));
#1784 = CARTESIAN_POINT('',(-32.97093047356,44.64489452316,
    11.980001711702));
#1785 = CARTESIAN_POINT('',(-32.98416551936,44.635146046989,
    11.839573045842));
#1786 = CARTESIAN_POINT('',(-33.01519604663,44.612223777472,
    11.703125480895));
#1787 = CARTESIAN_POINT('',(-33.10708483855,44.5440660651,
    11.460029965666));
#1788 = CARTESIAN_POINT('',(-33.16544912098,44.500700815699,
    11.348278853763));
#1789 = CARTESIAN_POINT('',(-33.2395620442,44.445488627406,11.2443610186
    ));
#1790 = CARTESIAN_POINT('',(-33.32861941939,44.378883671908,
    11.153315995302));
#1791 = CARTESIAN_POINT('',(-33.43078693659,44.302064015182,
    11.07969567128));
#1792 = CARTESIAN_POINT('',(-33.54343271164,44.216813806912,
    11.027473788345));
#1793 = CARTESIAN_POINT('',(-33.66325121275,44.125497818906,11.));
#1794 = CARTESIAN_POINT('',(-33.78625930998,44.031110386164,11.));
#1795 = ORIENTED_EDGE('',*,*,#1796,.F.);
#1796 = EDGE_CURVE('',#1797,#1741,#1799,.T.);
#1797 = VERTEX_POINT('',#1798);
#1798 = CARTESIAN_POINT('',(-32.40017353319,43.834218996336,12.2));
#1799 = LINE('',#1800,#1801);
#1800 = CARTESIAN_POINT('',(-32.40017353319,43.834218996336,12.2));
#1801 = VECTOR('',#1802,1.);
#1802 = DIRECTION('',(-0.608761429009,0.793353340291,2.22044604925E-16)
  );
#1803 = ORIENTED_EDGE('',*,*,#1804,.T.);
#1804 = EDGE_CURVE('',#1797,#1705,#1805,.T.);
#1805 = CIRCLE('',#1806,1.);
#1806 = AXIS2_PLACEMENT_3D('',#1807,#1808,#1809);
#1807 = CARTESIAN_POINT('',(-33.17749788097,43.237757045872,12.));
#1808 = DIRECTION('',(-0.608761429009,0.793353340291,2.22044604925E-16)
  );
#1809 = DIRECTION('',(-1.351721909978E-16,1.761598290109E-16,-1.));
#1810 = ORIENTED_EDGE('',*,*,#1704,.T.);
#1811 = CYLINDRICAL_SURFACE('',#1812,1.);
#1812 = AXIS2_PLACEMENT_3D('',#1813,#1814,#1815);
#1813 = CARTESIAN_POINT('',(-33.17749788097,43.237757045872,12.));
#1814 = DIRECTION('',(-0.608761429009,0.793353340291,2.22044604925E-16)
  );
#1815 = DIRECTION('',(-1.351721909978E-16,1.761598290109E-16,-1.));
#1816 = ADVANCED_FACE('',(#1817),#1883,.F.);
#1817 = FACE_BOUND('',#1818,.F.);
#1818 = EDGE_LOOP('',(#1819,#1820,#1828,#1882));
#1819 = ORIENTED_EDGE('',*,*,#133,.F.);
#1820 = ORIENTED_EDGE('',*,*,#1821,.F.);
#1821 = EDGE_CURVE('',#1822,#134,#1824,.T.);
#1822 = VERTEX_POINT('',#1823);
#1823 = CARTESIAN_POINT('',(-44.03111038616,33.786259309984,11.));
#1824 = LINE('',#1825,#1826);
#1825 = CARTESIAN_POINT('',(-43.23775704587,33.177497880975,11.));
#1826 = VECTOR('',#1827,1.);
#1827 = DIRECTION('',(-0.793353340291,0.608761429009,2.22044604925E-16)
  );
#1828 = ORIENTED_EDGE('',*,*,#1829,.T.);
#1829 = EDGE_CURVE('',#1822,#1822,#1830,.T.);
#1830 = B_SPLINE_CURVE_WITH_KNOTS('',8,(#1831,#1832,#1833,#1834,#1835,
    #1836,#1837,#1838,#1839,#1840,#1841,#1842,#1843,#1844,#1845,#1846,
    #1847,#1848,#1849,#1850,#1851,#1852,#1853,#1854,#1855,#1856,#1857,
    #1858,#1859,#1860,#1861,#1862,#1863,#1864,#1865,#1866,#1867,#1868,
    #1869,#1870,#1871,#1872,#1873,#1874,#1875,#1876,#1877,#1878,#1879,
    #1880,#1881),.UNSPECIFIED.,.T.,.F.,(9,7,7,7,7,7,7,9),(0.,
    9.746379015217E-02,0.174780456726,0.36966263531,0.501185978414,
    0.632709321517,0.827470305336,1.),.UNSPECIFIED.);
#1831 = CARTESIAN_POINT('',(-44.03111038616,33.786259309984,11.));
#1832 = CARTESIAN_POINT('',(-44.08312454096,33.718473143702,11.));
#1833 = CARTESIAN_POINT('',(-44.13474110599,33.650958237693,
    11.008343507949));
#1834 = CARTESIAN_POINT('',(-44.18527939656,33.584606049081,
    11.024873536595));
#1835 = CARTESIAN_POINT('',(-44.23409222411,33.520283154464,
    11.049212794275));
#1836 = CARTESIAN_POINT('',(-44.28058726007,33.458800768932,
    11.080771312015));
#1837 = CARTESIAN_POINT('',(-44.3242493167,33.400881010635,
    11.118754507858));
#1838 = CARTESIAN_POINT('',(-44.36466354483,33.347119910894,
    11.162171688413));
#1839 = CARTESIAN_POINT('',(-44.43079276826,33.258939119623,
    11.247663551563));
#1840 = CARTESIAN_POINT('',(-44.45795314171,33.222640165695,
    11.288333143556));
#1841 = CARTESIAN_POINT('',(-44.48299158466,33.18910926166,
    11.33150601371));
#1842 = CARTESIAN_POINT('',(-44.50589082775,33.158388020245,
    11.376856579439));
#1843 = CARTESIAN_POINT('',(-44.52664395699,33.130502433839,
    11.424080009503));
#1844 = CARTESIAN_POINT('',(-44.54525295432,33.105464595019,
    11.472890808054));
#1845 = CARTESIAN_POINT('',(-44.56172723819,33.083274417064,
    11.523021398678));
#1846 = CARTESIAN_POINT('',(-44.61226492055,33.015140578397,
    11.703272224359));
#1847 = CARTESIAN_POINT('',(-44.63515756771,32.98414969783,
    11.839738676826));
#1848 = CARTESIAN_POINT('',(-44.64487819088,32.970952677505,
    11.980089175963));
#1849 = CARTESIAN_POINT('',(-44.64154036523,32.975475443776,
    12.121332793851));
#1850 = CARTESIAN_POINT('',(-44.62518259236,32.99766029442,
    12.260708811311));
#1851 = CARTESIAN_POINT('',(-44.59569879184,33.037568328156,
    12.395447964981));
#1852 = CARTESIAN_POINT('',(-44.55277311106,33.095459725611,
    12.522464137315));
#1853 = CARTESIAN_POINT('',(-44.45756002304,33.223176806976,
    12.715008837294));
#1854 = CARTESIAN_POINT('',(-44.41234561418,33.283684227213,
    12.788128521228));
#1855 = CARTESIAN_POINT('',(-44.36046951983,33.352899171969,
    12.853927325438));
#1856 = CARTESIAN_POINT('',(-44.3025076856,33.429941151975,
    12.909906591678));
#1857 = CARTESIAN_POINT('',(-44.23935155336,33.513510881027,
    12.953959231885));
#1858 = CARTESIAN_POINT('',(-44.17214494958,33.601998150983,
    12.98440121096));
#1859 = CARTESIAN_POINT('',(-44.10223118794,33.693572876563,13.));
#1860 = CARTESIAN_POINT('',(-43.95998958438,33.878945743405,13.));
#1861 = CARTESIAN_POINT('',(-43.88963020493,33.970178534416,
    12.98440121096));
#1862 = CARTESIAN_POINT('',(-43.8215524146,34.057997319417,
    12.953959231885));
#1863 = CARTESIAN_POINT('',(-43.75717626485,34.140630896109,
    12.909906591678));
#1864 = CARTESIAN_POINT('',(-43.69776105324,34.216557660426,
    12.853927325438));
#1865 = CARTESIAN_POINT('',(-43.64433107174,34.284580265635,
    12.788128521228));
#1866 = CARTESIAN_POINT('',(-43.59758774197,34.343914503602,
    12.715008837294));
#1867 = CARTESIAN_POINT('',(-43.49890213085,34.468892475657,
    12.522535629396));
#1868 = CARTESIAN_POINT('',(-43.45408950503,34.525344099485,
    12.395561289466));
#1869 = CARTESIAN_POINT('',(-43.42314520933,34.564186358968,
    12.260805064619));
#1870 = CARTESIAN_POINT('',(-43.40592593654,34.585758560626,
    12.121351501945));
#1871 = CARTESIAN_POINT('',(-43.40242222474,34.590151897686,
    11.980001721502));
#1872 = CARTESIAN_POINT('',(-43.41268321423,34.577310100477,
    11.839573038414));
#1873 = CARTESIAN_POINT('',(-43.43672367879,34.547137600979,
    11.703125483047));
#1874 = CARTESIAN_POINT('',(-43.50784092265,34.457519736163,
    11.460029965666));
#1875 = CARTESIAN_POINT('',(-43.55299273794,34.400526333957,
    11.348278853763));
#1876 = CARTESIAN_POINT('',(-43.61029035869,34.32801361934,
    11.244361018599));
#1877 = CARTESIAN_POINT('',(-43.67907454643,34.240628427862,
    11.153315995301));
#1878 = CARTESIAN_POINT('',(-43.7578783997,34.13998343822,11.07969567128
    ));
#1879 = CARTESIAN_POINT('',(-43.84462148554,34.028483188424,
    11.027473788345));
#1880 = CARTESIAN_POINT('',(-43.93672295342,33.909267407212,11.));
#1881 = CARTESIAN_POINT('',(-44.03111038616,33.786259309984,11.));
#1882 = ORIENTED_EDGE('',*,*,#1821,.T.);
#1883 = CYLINDRICAL_SURFACE('',#1884,1.);
#1884 = AXIS2_PLACEMENT_3D('',#1885,#1886,#1887);
#1885 = CARTESIAN_POINT('',(-43.23775704587,33.177497880975,12.));
#1886 = DIRECTION('',(-0.793353340291,0.608761429009,2.22044604925E-16)
  );
#1887 = DIRECTION('',(-1.761598290109E-16,1.351721909978E-16,-1.));
#1888 = ADVANCED_FACE('',(#1889),#1955,.F.);
#1889 = FACE_BOUND('',#1890,.F.);
#1890 = EDGE_LOOP('',(#1891,#1892,#1900,#1954));
#1891 = ORIENTED_EDGE('',*,*,#191,.F.);
#1892 = ORIENTED_EDGE('',*,*,#1893,.F.);
#1893 = EDGE_CURVE('',#1894,#192,#1896,.T.);
#1894 = VERTEX_POINT('',#1895);
#1895 = CARTESIAN_POINT('',(-51.27531405437,21.238930496262,11.));
#1896 = LINE('',#1897,#1898);
#1897 = CARTESIAN_POINT('',(-50.35143452186,20.856247063897,11.));
#1898 = VECTOR('',#1899,1.);
#1899 = DIRECTION('',(-0.923879532511,0.382683432365,2.22044604925E-16)
  );
#1900 = ORIENTED_EDGE('',*,*,#1901,.T.);
#1901 = EDGE_CURVE('',#1894,#1894,#1902,.T.);
#1902 = B_SPLINE_CURVE_WITH_KNOTS('',8,(#1903,#1904,#1905,#1906,#1907,
    #1908,#1909,#1910,#1911,#1912,#1913,#1914,#1915,#1916,#1917,#1918,
    #1919,#1920,#1921,#1922,#1923,#1924,#1925,#1926,#1927,#1928,#1929,
    #1930,#1931,#1932,#1933,#1934,#1935,#1936,#1937,#1938,#1939,#1940,
    #1941,#1942,#1943,#1944,#1945,#1946,#1947,#1948,#1949,#1950,#1951,
    #1952,#1953),.UNSPECIFIED.,.T.,.F.,(9,7,7,7,7,7,7,9),(0.,
    9.746379186446E-02,0.174780459796,0.369662641805,0.501185987219,
    0.632709330903,0.827470308215,1.),.UNSPECIFIED.);
#1903 = CARTESIAN_POINT('',(-51.27531405437,21.238930496262,11.));
#1904 = CARTESIAN_POINT('',(-51.308011519,21.159991833708,11.));
#1905 = CARTESIAN_POINT('',(-51.34039514872,21.081418092263,
    11.008343507949));
#1906 = CARTESIAN_POINT('',(-51.37203817871,21.004246527544,
    11.024873536595));
#1907 = CARTESIAN_POINT('',(-51.40253975933,20.929481692997,
    11.049212794275));
#1908 = CARTESIAN_POINT('',(-51.43153770304,20.858060468141,
    11.080771312015));
#1909 = CARTESIAN_POINT('',(-51.45872127464,20.790813705944,
    11.118754507858));
#1910 = CARTESIAN_POINT('',(-51.48384402484,20.728424499321,
    11.162171688413));
#1911 = CARTESIAN_POINT('',(-51.52489708142,20.626132893191,
    11.247663551563));
#1912 = CARTESIAN_POINT('',(-51.541737127,20.584041174201,
    11.288333143556));
#1913 = CARTESIAN_POINT('',(-51.55724396913,20.54517238212,
    11.33150601371));
#1914 = CARTESIAN_POINT('',(-51.57141169706,20.509571181392,
    11.376856579439));
#1915 = CARTESIAN_POINT('',(-51.58424035973,20.477264468209,
    11.424080009503));
#1916 = CARTESIAN_POINT('',(-51.59573500132,20.448263410138,
    11.472890808054));
#1917 = CARTESIAN_POINT('',(-51.60590469691,20.422565485742,
    11.523021398678));
#1918 = CARTESIAN_POINT('',(-51.63708601444,20.34367313664,
    11.703272224359));
#1919 = CARTESIAN_POINT('',(-51.65117758344,20.307813191643,
    11.839738676826));
#1920 = CARTESIAN_POINT('',(-51.65715134421,20.292549966473,
    11.980089175964));
#1921 = CARTESIAN_POINT('',(-51.65509783027,20.297782516067,
    12.12133279385));
#1922 = CARTESIAN_POINT('',(-51.64503929684,20.323445139412,
    12.260708811311));
#1923 = CARTESIAN_POINT('',(-51.62688909165,20.36962430897,
    12.395447964981));
#1924 = CARTESIAN_POINT('',(-51.60040946418,20.436653088602,
    12.522464137315));
#1925 = CARTESIAN_POINT('',(-51.5414962965,20.584661276473,
    12.715008837294));
#1926 = CARTESIAN_POINT('',(-51.51348300399,20.654809306489,
    12.788128521228));
#1927 = CARTESIAN_POINT('',(-51.4812886906,20.735092330398,
    12.853927325438));
#1928 = CARTESIAN_POINT('',(-51.44524178968,20.82451079518,
    12.909906591678));
#1929 = CARTESIAN_POINT('',(-51.40586708793,20.921578964607,
    12.953959231885));
#1930 = CARTESIAN_POINT('',(-51.36385268436,21.02444545297,
    12.98440121096));
#1931 = CARTESIAN_POINT('',(-51.32002245941,21.13099485847,13.));
#1932 = CARTESIAN_POINT('',(-51.23060564992,21.346866132635,13.));
#1933 = CARTESIAN_POINT('',(-51.18625649059,21.453200592578,
    12.984401210324));
#1934 = CARTESIAN_POINT('',(-51.14322756953,21.555646851976,
    12.953959232309));
#1935 = CARTESIAN_POINT('',(-51.10243212818,21.652126529318,
    12.909906592488));
#1936 = CARTESIAN_POINT('',(-51.06469273284,21.740843941636,
    12.853927325048));
#1937 = CARTESIAN_POINT('',(-51.03068887867,21.82037743164,
    12.788128520165));
#1938 = CARTESIAN_POINT('',(-51.00089512108,21.889787966053,
    12.715008838198));
#1939 = CARTESIAN_POINT('',(-50.93791882068,22.036049131018,
    12.522535632402));
#1940 = CARTESIAN_POINT('',(-50.90924389922,22.102175583213,
    12.395561281039));
#1941 = CARTESIAN_POINT('',(-50.88940712976,22.14770327833,
    12.260805072237));
#1942 = CARTESIAN_POINT('',(-50.87835787568,22.172997124923,
    12.121351504402));
#1943 = CARTESIAN_POINT('',(-50.8761106381,22.178147569549,
    11.980001711703));
#1944 = CARTESIAN_POINT('',(-50.88269828589,22.163087618638,
    11.839573045842));
#1945 = CARTESIAN_POINT('',(-50.89811037604,22.12772108729,
    11.703125480895));
#1946 = CARTESIAN_POINT('',(-50.94360954798,22.022750380949,
    11.460029965663));
#1947 = CARTESIAN_POINT('',(-50.97247187454,21.956012832113,
    11.348278853763));
#1948 = CARTESIAN_POINT('',(-51.00904945465,21.871141212843,
    11.244361018602));
#1949 = CARTESIAN_POINT('',(-51.05287292621,21.768930941773,
    11.153315995303));
#1950 = CARTESIAN_POINT('',(-51.10294276318,21.651319408936,
    11.07969567128));
#1951 = CARTESIAN_POINT('',(-51.15787176187,21.521167675372,
    11.027473788344));
#1952 = CARTESIAN_POINT('',(-51.21597963367,21.382176459427,11.));
#1953 = CARTESIAN_POINT('',(-51.27531405437,21.238930496262,11.));
#1954 = ORIENTED_EDGE('',*,*,#1893,.T.);
#1955 = CYLINDRICAL_SURFACE('',#1956,1.);
#1956 = AXIS2_PLACEMENT_3D('',#1957,#1958,#1959);
#1957 = CARTESIAN_POINT('',(-50.35143452186,20.856247063897,12.));
#1958 = DIRECTION('',(-0.923879532511,0.382683432365,2.22044604925E-16)
  );
#1959 = DIRECTION('',(-2.051424657948E-16,8.497279155086E-17,-1.));
#1960 = ADVANCED_FACE('',(#1961),#2027,.F.);
#1961 = FACE_BOUND('',#1962,.F.);
#1962 = EDGE_LOOP('',(#1963,#1964,#1972,#2026));
#1963 = ORIENTED_EDGE('',*,*,#249,.F.);
#1964 = ORIENTED_EDGE('',*,*,#1965,.F.);
#1965 = EDGE_CURVE('',#1966,#250,#1968,.T.);
#1966 = VERTEX_POINT('',#1967);
#1967 = CARTESIAN_POINT('',(-55.02518980624,7.244203668213,11.));
#1968 = LINE('',#1969,#1970);
#1969 = CARTESIAN_POINT('',(-54.03374494487,7.113677475993,11.));
#1970 = VECTOR('',#1971,1.);
#1971 = DIRECTION('',(-0.991444861374,0.13052619222,2.22044604925E-16));
#1972 = ORIENTED_EDGE('',*,*,#1973,.T.);
#1973 = EDGE_CURVE('',#1966,#1966,#1974,.T.);
#1974 = B_SPLINE_CURVE_WITH_KNOTS('',8,(#1975,#1976,#1977,#1978,#1979,
    #1980,#1981,#1982,#1983,#1984,#1985,#1986,#1987,#1988,#1989,#1990,
    #1991,#1992,#1993,#1994,#1995,#1996,#1997,#1998,#1999,#2000,#2001,
    #2002,#2003,#2004,#2005,#2006,#2007,#2008,#2009,#2010,#2011,#2012,
    #2013,#2014,#2015,#2016,#2017,#2018,#2019,#2020,#2021,#2022,#2023,
    #2024,#2025),.UNSPECIFIED.,.T.,.F.,(9,7,7,7,7,7,7,9),(0.,
    9.74637901524E-02,0.174780456726,0.369662635311,0.501185978414,
    0.632709321518,0.827470305337,1.),.UNSPECIFIED.);
#1975 = CARTESIAN_POINT('',(-55.02518980624,7.244203668213,11.));
#1976 = CARTESIAN_POINT('',(-55.03634230251,7.159492048787,11.));
#1977 = CARTESIAN_POINT('',(-55.04728610608,7.075214142535,
    11.008343507949));
#1978 = CARTESIAN_POINT('',(-55.05787745528,6.992482316313,
    11.024873536595));
#1979 = CARTESIAN_POINT('',(-55.06798915666,6.912370641756,
    11.049212794275));
#1980 = CARTESIAN_POINT('',(-55.07751384618,6.835877816021,
    11.080771312015));
#1981 = CARTESIAN_POINT('',(-55.08636641726,6.763886805636,
    11.118754507858));
#1982 = CARTESIAN_POINT('',(-55.09448561562,6.697121213461,
    11.162171688413));
#1983 = CARTESIAN_POINT('',(-55.1076648074,6.587689796384,
    11.247663551563));
#1984 = CARTESIAN_POINT('',(-55.11303690383,6.542673793422,
    11.288333143556));
#1985 = CARTESIAN_POINT('',(-55.11795537948,6.501115957241,
    11.33150601371));
#1986 = CARTESIAN_POINT('',(-55.12242608501,6.463060960196,
    11.376856579439));
#1987 = CARTESIAN_POINT('',(-55.12645602894,6.42853476935,
    11.424080009503));
#1988 = CARTESIAN_POINT('',(-55.13005297396,6.397546866209,
    11.472890808054));
#1989 = CARTESIAN_POINT('',(-55.13322503332,6.370092466451,
    11.523021398678));
#1990 = CARTESIAN_POINT('',(-55.14292503076,6.285817990129,
    11.703272224359));
#1991 = CARTESIAN_POINT('',(-55.14725520447,6.247532776694,
    11.839738676827));
#1992 = CARTESIAN_POINT('',(-55.14907500092,6.231243510251,
    11.980089175962));
#1993 = CARTESIAN_POINT('',(-55.14844574225,6.23682925356,
    12.121332793852));
#1994 = CARTESIAN_POINT('',(-55.14537192071,6.264220784234,
    12.260708811309));
#1995 = CARTESIAN_POINT('',(-55.13979221733,6.313524055524,
    12.395447964982));
#1996 = CARTESIAN_POINT('',(-55.13156318603,6.38512231677,
    12.522464137315));
#1997 = CARTESIAN_POINT('',(-55.11296477371,6.543335097741,
    12.715008837294));
#1998 = CARTESIAN_POINT('',(-55.10406165714,6.618343265214,
    12.788128521228));
#1999 = CARTESIAN_POINT('',(-55.09374311396,6.70422321287,
    12.853927325438));
#2000 = CARTESIAN_POINT('',(-55.08206768307,6.799924441826,
    12.909906591678));
#2001 = CARTESIAN_POINT('',(-55.06915773267,6.903876016293,
    12.953959231885));
#2002 = CARTESIAN_POINT('',(-55.05519874148,7.014111541876,
    12.98440121096));
#2003 = CARTESIAN_POINT('',(-55.04043901061,7.128374461392,13.));
#2004 = CARTESIAN_POINT('',(-55.00994060187,7.360032875034,13.));
#2005 = CARTESIAN_POINT('',(-54.99462398738,7.47422247943,12.98440121096
    ));
#2006 = CARTESIAN_POINT('',(-54.97957628402,7.584314673337,
    12.953959231885));
#2007 = CARTESIAN_POINT('',(-54.96514169128,7.688065524832,
    12.909906591678));
#2008 = CARTESIAN_POINT('',(-54.95164999082,7.783527637362,
    12.853927325438));
#2009 = CARTESIAN_POINT('',(-54.93938957212,7.869151932256,
    12.788128521228));
#2010 = CARTESIAN_POINT('',(-54.92857578007,7.943908554531,
    12.715008837294));
#2011 = CARTESIAN_POINT('',(-54.90560051987,8.101485458808,
    12.522535629395));
#2012 = CARTESIAN_POINT('',(-54.89501745942,8.172780312035,
    12.395561289467));
#2013 = CARTESIAN_POINT('',(-54.88764004298,8.22189084334,
    12.260805064616));
#2014 = CARTESIAN_POINT('',(-54.88351381614,8.249182554385,
    12.121351501949));
#2015 = CARTESIAN_POINT('',(-54.88267618125,8.254739151786,
    11.980001721499));
#2016 = CARTESIAN_POINT('',(-54.88514156021,8.238487334429,
    11.839573038415));
#2017 = CARTESIAN_POINT('',(-54.89087496349,8.200336951086,
    11.703125483047));
#2018 = CARTESIAN_POINT('',(-54.90765537091,8.087166981592,
    11.460029965667));
#2019 = CARTESIAN_POINT('',(-54.91826128888,8.015233339789,
    11.348278853763));
#2020 = CARTESIAN_POINT('',(-54.93162612671,7.923786676458,
    11.244361018599));
#2021 = CARTESIAN_POINT('',(-54.94750238493,7.813716786857,
    11.153315995301));
#2022 = CARTESIAN_POINT('',(-54.96542602896,7.687153742426,
    11.07969567128));
#2023 = CARTESIAN_POINT('',(-54.98479762,7.547220150655,11.027473788346)
  );
#2024 = CARTESIAN_POINT('',(-55.0049519403,7.397925521656,11.));
#2025 = CARTESIAN_POINT('',(-55.02518980624,7.244203668213,11.));
#2026 = ORIENTED_EDGE('',*,*,#1965,.T.);
#2027 = CYLINDRICAL_SURFACE('',#2028,1.);
#2028 = AXIS2_PLACEMENT_3D('',#2029,#2030,#2031);
#2029 = CARTESIAN_POINT('',(-54.03374494487,7.113677475993,12.));
#2030 = DIRECTION('',(-0.991444861374,0.13052619222,2.22044604925E-16));
#2031 = DIRECTION('',(-2.201449825487E-16,2.898263678387E-17,-1.));
#2032 = ADVANCED_FACE('',(#2033),#2099,.F.);
#2033 = FACE_BOUND('',#2034,.F.);
#2034 = EDGE_LOOP('',(#2035,#2036,#2044,#2098));
#2035 = ORIENTED_EDGE('',*,*,#307,.F.);
#2036 = ORIENTED_EDGE('',*,*,#2037,.F.);
#2037 = EDGE_CURVE('',#2038,#308,#2040,.T.);
#2038 = VERTEX_POINT('',#2039);
#2039 = CARTESIAN_POINT('',(-55.02518980624,-7.244203668213,11.));
#2040 = LINE('',#2041,#2042);
#2041 = CARTESIAN_POINT('',(-54.03374494487,-7.113677475993,11.));
#2042 = VECTOR('',#2043,1.);
#2043 = DIRECTION('',(-0.991444861374,-0.13052619222,2.22044604925E-16)
  );
#2044 = ORIENTED_EDGE('',*,*,#2045,.T.);
#2045 = EDGE_CURVE('',#2038,#2038,#2046,.T.);
#2046 = B_SPLINE_CURVE_WITH_KNOTS('',8,(#2047,#2048,#2049,#2050,#2051,
    #2052,#2053,#2054,#2055,#2056,#2057,#2058,#2059,#2060,#2061,#2062,
    #2063,#2064,#2065,#2066,#2067,#2068,#2069,#2070,#2071,#2072,#2073,
    #2074,#2075,#2076,#2077,#2078,#2079,#2080,#2081,#2082,#2083,#2084,
    #2085,#2086,#2087,#2088,#2089,#2090,#2091,#2092,#2093,#2094,#2095,
    #2096,#2097),.UNSPECIFIED.,.T.,.F.,(9,7,7,7,7,7,7,9),(0.,
    9.746379015215E-02,0.174780456726,0.36966263531,0.501185978413,
    0.632709321516,0.827470305335,1.),.UNSPECIFIED.);
#2047 = CARTESIAN_POINT('',(-55.02518980624,-7.244203668213,11.));
#2048 = CARTESIAN_POINT('',(-55.01403730997,-7.328915287638,11.));
#2049 = CARTESIAN_POINT('',(-55.00279548525,-7.413153958662,
    11.008343507949));
#2050 = CARTESIAN_POINT('',(-54.99161337071,-7.495808009151,
    11.024873536595));
#2051 = CARTESIAN_POINT('',(-54.98064609711,-7.575807045489,
    11.049212794275));
#2052 = CARTESIAN_POINT('',(-54.9700484406,-7.652158612439,
    11.080771312015));
#2053 = CARTESIAN_POINT('',(-54.95996672307,-7.723987802623,
    11.118754507858));
#2054 = CARTESIAN_POINT('',(-54.95052905964,-7.79057981558,
    11.162171688413));
#2055 = CARTESIAN_POINT('',(-54.93493624648,-7.899693473374,
    11.247663551563));
#2056 = CARTESIAN_POINT('',(-54.92847429426,-7.9445659941,
    11.288333143556));
#2057 = CARTESIAN_POINT('',(-54.92246921744,-7.985980776522,
    11.33150601371));
#2058 = CARTESIAN_POINT('',(-54.91693822938,-8.023896184724,
    11.376856579439));
#2059 = CARTESIAN_POINT('',(-54.91189482055,-8.058288950384,
    11.424080009503));
#2060 = CARTESIAN_POINT('',(-54.90734894314,-8.089151924206,
    11.472890808054));
#2061 = CARTESIAN_POINT('',(-54.90330719567,-8.116491827352,
    11.523021398678));
#2062 = CARTESIAN_POINT('',(-54.89086483422,-8.200405264603,
    11.703272224359));
#2063 = CARTESIAN_POINT('',(-54.88513851846,-8.23850667245,
    11.839738676827));
#2064 = CARTESIAN_POINT('',(-54.88268033446,-8.254711893578,
    11.980089175962));
#2065 = CARTESIAN_POINT('',(-54.88351821401,-8.249153615729,
    12.121332793852));
#2066 = CARTESIAN_POINT('',(-54.88763858022,-8.221899865274,
    12.26070881131));
#2067 = CARTESIAN_POINT('',(-54.89500962622,-8.172832428714,
    12.395447964982));
#2068 = CARTESIAN_POINT('',(-54.90559198596,-8.101543989036,
    12.522464137315));
#2069 = CARTESIAN_POINT('',(-54.92857578007,-7.943908554531,
    12.715008837294));
#2070 = CARTESIAN_POINT('',(-54.93938957212,-7.869151932256,
    12.788128521228));
#2071 = CARTESIAN_POINT('',(-54.95164999082,-7.783527637362,
    12.853927325438));
#2072 = CARTESIAN_POINT('',(-54.96514169128,-7.688065524832,
    12.909906591678));
#2073 = CARTESIAN_POINT('',(-54.97957628402,-7.584314673337,
    12.953959231885));
#2074 = CARTESIAN_POINT('',(-54.99462398738,-7.47422247943,
    12.98440121096));
#2075 = CARTESIAN_POINT('',(-55.00994060187,-7.360032875034,13.));
#2076 = CARTESIAN_POINT('',(-55.04043901061,-7.128374461392,13.));
#2077 = CARTESIAN_POINT('',(-55.05519874148,-7.014111541876,
    12.98440121096));
#2078 = CARTESIAN_POINT('',(-55.06915773267,-6.903876016293,
    12.953959231885));
#2079 = CARTESIAN_POINT('',(-55.08206768307,-6.799924441826,
    12.909906591678));
#2080 = CARTESIAN_POINT('',(-55.09374311396,-6.70422321287,
    12.853927325438));
#2081 = CARTESIAN_POINT('',(-55.10406165714,-6.618343265214,
    12.788128521228));
#2082 = CARTESIAN_POINT('',(-55.11296477371,-6.543335097741,
    12.715008837294));
#2083 = CARTESIAN_POINT('',(-55.13155628042,-6.385181061367,
    12.522535629396));
#2084 = CARTESIAN_POINT('',(-55.13978629484,-6.313576423751,
    12.395561289465));
#2085 = CARTESIAN_POINT('',(-55.14537099859,-6.264229877347,
    12.260805064621));
#2086 = CARTESIAN_POINT('',(-55.1484489841,-6.236800162711,
    12.121351501943));
#2087 = CARTESIAN_POINT('',(-55.14907804416,-6.231216105913,
    11.980001721503));
#2088 = CARTESIAN_POINT('',(-55.14725313752,-6.24755224305,
    11.839573038414));
#2089 = CARTESIAN_POINT('',(-55.14291713404,-6.285886597566,
    11.703125483048));
#2090 = CARTESIAN_POINT('',(-55.1298352195,-6.399543482888,
    11.460029965665));
#2091 = CARTESIAN_POINT('',(-55.12146195309,-6.471771058844,
    11.348278853763));
#2092 = CARTESIAN_POINT('',(-55.11070325704,-6.563560827249,
    11.2443610186));
#2093 = CARTESIAN_POINT('',(-55.09755036116,-6.673989254302,
    11.153315995302));
#2094 = CARTESIAN_POINT('',(-55.08210634553,-6.800878748004,
    11.07969567128));
#2095 = CARTESIAN_POINT('',(-55.06460038701,-6.941057954959,
    11.027473788345));
#2096 = CARTESIAN_POINT('',(-55.04542767218,-7.090481814772,11.));
#2097 = CARTESIAN_POINT('',(-55.02518980624,-7.244203668213,11.));
#2098 = ORIENTED_EDGE('',*,*,#2037,.T.);
#2099 = CYLINDRICAL_SURFACE('',#2100,1.);
#2100 = AXIS2_PLACEMENT_3D('',#2101,#2102,#2103);
#2101 = CARTESIAN_POINT('',(-54.03374494487,-7.113677475993,12.));
#2102 = DIRECTION('',(-0.991444861374,-0.13052619222,2.22044604925E-16)
  );
#2103 = DIRECTION('',(-2.201449825487E-16,-2.898263678387E-17,-1.));
#2104 = ADVANCED_FACE('',(#2105),#2171,.F.);
#2105 = FACE_BOUND('',#2106,.F.);
#2106 = EDGE_LOOP('',(#2107,#2108,#2116,#2170));
#2107 = ORIENTED_EDGE('',*,*,#365,.F.);
#2108 = ORIENTED_EDGE('',*,*,#2109,.F.);
#2109 = EDGE_CURVE('',#2110,#366,#2112,.T.);
#2110 = VERTEX_POINT('',#2111);
#2111 = CARTESIAN_POINT('',(-51.27531405437,-21.23893049626,11.));
#2112 = LINE('',#2113,#2114);
#2113 = CARTESIAN_POINT('',(-50.35143452186,-20.85624706389,11.));
#2114 = VECTOR('',#2115,1.);
#2115 = DIRECTION('',(-0.923879532511,-0.382683432365,2.22044604925E-16)
  );
#2116 = ORIENTED_EDGE('',*,*,#2117,.T.);
#2117 = EDGE_CURVE('',#2110,#2110,#2118,.T.);
#2118 = B_SPLINE_CURVE_WITH_KNOTS('',8,(#2119,#2120,#2121,#2122,#2123,
    #2124,#2125,#2126,#2127,#2128,#2129,#2130,#2131,#2132,#2133,#2134,
    #2135,#2136,#2137,#2138,#2139,#2140,#2141,#2142,#2143,#2144,#2145,
    #2146,#2147,#2148,#2149,#2150,#2151,#2152,#2153,#2154,#2155,#2156,
    #2157,#2158,#2159,#2160,#2161,#2162,#2163,#2164,#2165,#2166,#2167,
    #2168,#2169),.UNSPECIFIED.,.T.,.F.,(9,7,7,7,7,7,7,9),(0.,
    9.746379080805E-02,0.174780457902,0.369662637798,0.501185981786,
    0.632709325775,0.827470305806,1.),.UNSPECIFIED.);
#2119 = CARTESIAN_POINT('',(-51.27531405437,-21.23893049626,11.));
#2120 = CARTESIAN_POINT('',(-51.24261658975,-21.31786915881,11.));
#2121 = CARTESIAN_POINT('',(-51.20995524852,-21.39632786839,
    11.008343507949));
#2122 = CARTESIAN_POINT('',(-51.17776171288,-21.4732714062,
    11.024873536595));
#2123 = CARTESIAN_POINT('',(-51.14646286587,-21.54770600219,
    11.049212794275));
#2124 = CARTESIAN_POINT('',(-51.11646507609,-21.61871307725,
    11.080771312015));
#2125 = CARTESIAN_POINT('',(-51.08813612234,-21.68548540662,
    11.118754507858));
#2126 = CARTESIAN_POINT('',(-51.06178475829,-21.74736570473,
    11.162171688413));
#2127 = CARTESIAN_POINT('',(-51.01848256464,-21.84872568778,
    11.247663551563));
#2128 = CARTESIAN_POINT('',(-51.00062693514,-21.89039673813,
    11.288333143556));
#2129 = CARTESIAN_POINT('',(-50.98410754191,-21.92884611782,
    11.33150601371));
#2130 = CARTESIAN_POINT('',(-50.96895178795,-21.96403806477,
    11.376856579439));
#2131 = CARTESIAN_POINT('',(-50.95517872634,-21.9959535951,
    11.424080009503));
#2132 = CARTESIAN_POINT('',(-50.94279982053,-22.02458837894,
    11.472890808054));
#2133 = CARTESIAN_POINT('',(-50.93181970464,-22.04995061625,
    11.523021398678));
#2134 = CARTESIAN_POINT('',(-50.89808291068,-22.12778445236,
    11.703272224359));
#2135 = CARTESIAN_POINT('',(-50.8826903444,-22.16310550664,
    11.839738676826));
#2136 = CARTESIAN_POINT('',(-50.87612170113,-22.17812232341,
    11.980089175963));
#2137 = CARTESIAN_POINT('',(-50.8783696188,-22.17297029847,
    12.121332793851));
#2138 = CARTESIAN_POINT('',(-50.88940337659,-22.14771162629,
    12.26070881131));
#2139 = CARTESIAN_POINT('',(-50.90922284737,-22.10222388918,
    12.395447964981));
#2140 = CARTESIAN_POINT('',(-50.93789542783,-22.03610346042,
    12.522464137315));
#2141 = CARTESIAN_POINT('',(-51.00089512078,-21.88978796674,
    12.715008837294));
#2142 = CARTESIAN_POINT('',(-51.03068887939,-21.82037742993,
    12.788128521228));
#2143 = CARTESIAN_POINT('',(-51.0646927327,-21.74084394199,
    12.853927325438));
#2144 = CARTESIAN_POINT('',(-51.10243212743,-21.6521265311,
    12.909906591678));
#2145 = CARTESIAN_POINT('',(-51.14322756965,-21.55564685165,
    12.953959231885));
#2146 = CARTESIAN_POINT('',(-51.18625649146,-21.45320059049,
    12.98440121096));
#2147 = CARTESIAN_POINT('',(-51.23060564933,-21.34686613405,13.));
#2148 = CARTESIAN_POINT('',(-51.32002245941,-21.13099485847,13.));
#2149 = CARTESIAN_POINT('',(-51.36385268436,-21.02444545297,
    12.98440121096));
#2150 = CARTESIAN_POINT('',(-51.40586708793,-20.9215789646,
    12.953959231885));
#2151 = CARTESIAN_POINT('',(-51.44524178968,-20.82451079518,
    12.909906591678));
#2152 = CARTESIAN_POINT('',(-51.4812886906,-20.73509233039,
    12.853927325438));
#2153 = CARTESIAN_POINT('',(-51.51348300399,-20.65480930648,
    12.788128521228));
#2154 = CARTESIAN_POINT('',(-51.5414962965,-20.58466127647,
    12.715008837294));
#2155 = CARTESIAN_POINT('',(-51.60038758873,-20.43670804653,
    12.522535632403));
#2156 = CARTESIAN_POINT('',(-51.62686982008,-20.36967335235,
    12.395561281038));
#2157 = CARTESIAN_POINT('',(-51.64503604783,-20.3234536962,
    12.260805072238));
#2158 = CARTESIAN_POINT('',(-51.65510849579,-20.29775524326,
    12.121351504401));
#2159 = CARTESIAN_POINT('',(-51.65716137318,-20.29252429201,
    11.980001711704));
#2160 = CARTESIAN_POINT('',(-51.65117055019,-20.30783145585,
    11.839573045841));
#2161 = CARTESIAN_POINT('',(-51.63706062951,-20.34373736345,
    11.703125480895));
#2162 = CARTESIAN_POINT('',(-51.59500790425,-20.45013563475,
    11.460029965664));
#2163 = CARTESIAN_POINT('',(-51.56822607773,-20.51773495492,
    11.348278853762));
#2164 = CARTESIAN_POINT('',(-51.53407703515,-20.60361250737,
    11.244361018602));
#2165 = CARTESIAN_POINT('',(-51.49279133328,-20.70687395706,
    11.153315995303));
#2166 = CARTESIAN_POINT('',(-51.44503214213,-20.82544259074,
    11.079695671279));
#2167 = CARTESIAN_POINT('',(-51.39184163619,-20.95631443158,
    11.027473788344));
#2168 = CARTESIAN_POINT('',(-51.33464847507,-21.09568453309,11.));
#2169 = CARTESIAN_POINT('',(-51.27531405437,-21.23893049626,11.));
#2170 = ORIENTED_EDGE('',*,*,#2109,.T.);
#2171 = CYLINDRICAL_SURFACE('',#2172,1.);
#2172 = AXIS2_PLACEMENT_3D('',#2173,#2174,#2175);
#2173 = CARTESIAN_POINT('',(-50.35143452186,-20.85624706389,12.));
#2174 = DIRECTION('',(-0.923879532511,-0.382683432365,2.22044604925E-16)
  );
#2175 = DIRECTION('',(-2.051424657948E-16,-8.497279155086E-17,-1.));
#2176 = ADVANCED_FACE('',(#2177),#2243,.F.);
#2177 = FACE_BOUND('',#2178,.F.);
#2178 = EDGE_LOOP('',(#2179,#2180,#2188,#2242));
#2179 = ORIENTED_EDGE('',*,*,#423,.F.);
#2180 = ORIENTED_EDGE('',*,*,#2181,.F.);
#2181 = EDGE_CURVE('',#2182,#424,#2184,.T.);
#2182 = VERTEX_POINT('',#2183);
#2183 = CARTESIAN_POINT('',(-44.03111038616,-33.78625930998,11.));
#2184 = LINE('',#2185,#2186);
#2185 = CARTESIAN_POINT('',(-43.23775704587,-33.17749788097,11.));
#2186 = VECTOR('',#2187,1.);
#2187 = DIRECTION('',(-0.793353340291,-0.608761429009,2.22044604925E-16)
  );
#2188 = ORIENTED_EDGE('',*,*,#2189,.T.);
#2189 = EDGE_CURVE('',#2182,#2182,#2190,.T.);
#2190 = B_SPLINE_CURVE_WITH_KNOTS('',8,(#2191,#2192,#2193,#2194,#2195,
    #2196,#2197,#2198,#2199,#2200,#2201,#2202,#2203,#2204,#2205,#2206,
    #2207,#2208,#2209,#2210,#2211,#2212,#2213,#2214,#2215,#2216,#2217,
    #2218,#2219,#2220,#2221,#2222,#2223,#2224,#2225,#2226,#2227,#2228,
    #2229,#2230,#2231,#2232,#2233,#2234,#2235,#2236,#2237,#2238,#2239,
    #2240,#2241),.UNSPECIFIED.,.T.,.F.,(9,7,7,7,7,7,7,9),(0.,
    9.746379014938E-02,0.174780456721,0.369662635299,0.501185978399,
    0.632709321498,0.827470305311,1.),.UNSPECIFIED.);
#2191 = CARTESIAN_POINT('',(-44.03111038616,-33.78625930998,11.));
#2192 = CARTESIAN_POINT('',(-43.97909623136,-33.85404547626,11.));
#2193 = CARTESIAN_POINT('',(-43.92724119006,-33.92137739299,
    11.008343507949));
#2194 = CARTESIAN_POINT('',(-43.87623016955,-33.98736684317,
    11.024873536595));
#2195 = CARTESIAN_POINT('',(-43.82673271384,-34.05116440412,
    11.049212794275));
#2196 = CARTESIAN_POINT('',(-43.7793790906,-34.11198797246,
    11.080771312015));
#2197 = CARTESIAN_POINT('',(-43.73473347201,-34.16915301712,
    11.118754507858));
#2198 = CARTESIAN_POINT('',(-43.69326420926,-34.22210456032,
    11.162171688413));
#2199 = CARTESIAN_POINT('',(-43.62520360804,-34.30880335329,
    11.247663551563));
#2200 = CARTESIAN_POINT('',(-43.5971711329,-34.34443312006,
    11.288333143556));
#2201 = CARTESIAN_POINT('',(-43.57126319261,-34.37729683532,
    11.33150601371));
#2202 = CARTESIAN_POINT('',(-43.54751551234,-34.40736704799,
    11.376856579439));
#2203 = CARTESIAN_POINT('',(-43.52595140934,-34.43463035234,
    11.424080009503));
#2204 = CARTESIAN_POINT('',(-43.50658307711,-34.459085533,
    11.472890808054));
#2205 = CARTESIAN_POINT('',(-43.48941286955,-34.48074170993,
    11.523021398678));
#2206 = CARTESIAN_POINT('',(-43.43668074983,-34.54719169758,
    11.703272224359));
#2207 = CARTESIAN_POINT('',(-43.41267091099,-34.57732532682,
    11.839738676827));
#2208 = CARTESIAN_POINT('',(-43.40243945064,-34.59013036799,
    11.980089175961));
#2209 = CARTESIAN_POINT('',(-43.40594421454,-34.58573569795,
    12.121332793854));
#2210 = CARTESIAN_POINT('',(-43.42313943157,-34.56419344081,
    12.260708811309));
#2211 = CARTESIAN_POINT('',(-43.45405666294,-34.52538531725,
    12.395447964982));
#2212 = CARTESIAN_POINT('',(-43.49886547515,-34.46893889736,
    12.522464137315));
#2213 = CARTESIAN_POINT('',(-43.59758774197,-34.3439145036,
    12.715008837294));
#2214 = CARTESIAN_POINT('',(-43.64433107174,-34.28458026563,
    12.788128521228));
#2215 = CARTESIAN_POINT('',(-43.69776105324,-34.21655766042,
    12.853927325438));
#2216 = CARTESIAN_POINT('',(-43.75717626485,-34.1406308961,
    12.909906591678));
#2217 = CARTESIAN_POINT('',(-43.8215524146,-34.05799731941,
    12.953959231885));
#2218 = CARTESIAN_POINT('',(-43.88963020493,-33.97017853441,
    12.98440121096));
#2219 = CARTESIAN_POINT('',(-43.95998958438,-33.8789457434,13.));
#2220 = CARTESIAN_POINT('',(-44.10223118794,-33.69357287656,13.));
#2221 = CARTESIAN_POINT('',(-44.17214494958,-33.60199815098,
    12.98440121096));
#2222 = CARTESIAN_POINT('',(-44.23935155336,-33.51351088102,
    12.953959231885));
#2223 = CARTESIAN_POINT('',(-44.3025076856,-33.42994115197,
    12.909906591678));
#2224 = CARTESIAN_POINT('',(-44.36046951983,-33.35289917196,
    12.853927325438));
#2225 = CARTESIAN_POINT('',(-44.41234561418,-33.28368422721,
    12.788128521228));
#2226 = CARTESIAN_POINT('',(-44.45756002304,-33.22317680697,
    12.715008837294));
#2227 = CARTESIAN_POINT('',(-44.55273775833,-33.09550714711,
    12.522535629395));
#2228 = CARTESIAN_POINT('',(-44.5956674787,-33.03761071912,
    12.395561289467));
#2229 = CARTESIAN_POINT('',(-44.62517724722,-32.99766770822,
    12.260805064617));
#2230 = CARTESIAN_POINT('',(-44.64155771819,-32.97545187128,
    12.121351501948));
#2231 = CARTESIAN_POINT('',(-44.64489452858,-32.97093046627,
    11.9800017215));
#2232 = CARTESIAN_POINT('',(-44.6351460445,-32.98416552271,
    11.839573038415));
#2233 = CARTESIAN_POINT('',(-44.61222377807,-33.01519604582,
    11.703125483047));
#2234 = CARTESIAN_POINT('',(-44.54406606509,-33.10708483856,
    11.460029965647));
#2235 = CARTESIAN_POINT('',(-44.50070081569,-33.16544912099,
    11.348278853761));
#2236 = CARTESIAN_POINT('',(-44.4454886274,-33.2395620442,
    11.244361018613));
#2237 = CARTESIAN_POINT('',(-44.37888367191,-33.32861941937,
    11.153315995312));
#2238 = CARTESIAN_POINT('',(-44.30206401518,-33.43078693658,
    11.079695671279));
#2239 = CARTESIAN_POINT('',(-44.2168138069,-33.54343271164,
    11.027473788338));
#2240 = CARTESIAN_POINT('',(-44.12549781889,-33.66325121277,11.));
#2241 = CARTESIAN_POINT('',(-44.03111038616,-33.78625930998,11.));
#2242 = ORIENTED_EDGE('',*,*,#2181,.T.);
#2243 = CYLINDRICAL_SURFACE('',#2244,1.);
#2244 = AXIS2_PLACEMENT_3D('',#2245,#2246,#2247);
#2245 = CARTESIAN_POINT('',(-43.23775704587,-33.17749788097,12.));
#2246 = DIRECTION('',(-0.793353340291,-0.608761429009,2.22044604925E-16)
  );
#2247 = DIRECTION('',(-1.761598290109E-16,-1.351721909978E-16,-1.));
#2248 = ADVANCED_FACE('',(#2249),#2315,.F.);
#2249 = FACE_BOUND('',#2250,.F.);
#2250 = EDGE_LOOP('',(#2251,#2252,#2260,#2314));
#2251 = ORIENTED_EDGE('',*,*,#481,.F.);
#2252 = ORIENTED_EDGE('',*,*,#2253,.F.);
#2253 = EDGE_CURVE('',#2254,#482,#2256,.T.);
#2254 = VERTEX_POINT('',#2255);
#2255 = CARTESIAN_POINT('',(-33.78625930998,-44.03111038616,11.));
#2256 = LINE('',#2257,#2258);
#2257 = CARTESIAN_POINT('',(-33.17749788097,-43.23775704587,11.));
#2258 = VECTOR('',#2259,1.);
#2259 = DIRECTION('',(-0.608761429009,-0.793353340291,2.22044604925E-16)
  );
#2260 = ORIENTED_EDGE('',*,*,#2261,.T.);
#2261 = EDGE_CURVE('',#2254,#2254,#2262,.T.);
#2262 = B_SPLINE_CURVE_WITH_KNOTS('',8,(#2263,#2264,#2265,#2266,#2267,
    #2268,#2269,#2270,#2271,#2272,#2273,#2274,#2275,#2276,#2277,#2278,
    #2279,#2280,#2281,#2282,#2283,#2284,#2285,#2286,#2287,#2288,#2289,
    #2290,#2291,#2292,#2293,#2294,#2295,#2296,#2297,#2298,#2299,#2300,
    #2301,#2302,#2303,#2304,#2305,#2306,#2307,#2308,#2309,#2310,#2311,
    #2312,#2313),.UNSPECIFIED.,.T.,.F.,(9,7,7,7,7,7,7,9),(0.,
    9.746379186521E-02,0.174780459798,0.369662641808,0.501185987222,
    0.632709330907,0.827470308219,1.),.UNSPECIFIED.);
#2263 = CARTESIAN_POINT('',(-33.78625930998,-44.03111038616,11.));
#2264 = CARTESIAN_POINT('',(-33.7184731437,-44.08312454096,11.));
#2265 = CARTESIAN_POINT('',(-33.65095823769,-44.13474110599,
    11.008343507949));
#2266 = CARTESIAN_POINT('',(-33.58460604908,-44.18527939656,
    11.024873536595));
#2267 = CARTESIAN_POINT('',(-33.52028315446,-44.23409222411,
    11.049212794275));
#2268 = CARTESIAN_POINT('',(-33.45880076893,-44.28058726007,
    11.080771312015));
#2269 = CARTESIAN_POINT('',(-33.40088101063,-44.3242493167,
    11.118754507858));
#2270 = CARTESIAN_POINT('',(-33.34711991089,-44.36466354483,
    11.162171688413));
#2271 = CARTESIAN_POINT('',(-33.25893911962,-44.43079276826,
    11.247663551563));
#2272 = CARTESIAN_POINT('',(-33.22264016569,-44.45795314171,
    11.288333143556));
#2273 = CARTESIAN_POINT('',(-33.18910926166,-44.48299158466,
    11.33150601371));
#2274 = CARTESIAN_POINT('',(-33.15838802024,-44.50589082775,
    11.376856579439));
#2275 = CARTESIAN_POINT('',(-33.13050243383,-44.52664395699,
    11.424080009503));
#2276 = CARTESIAN_POINT('',(-33.10546459501,-44.54525295432,
    11.472890808054));
#2277 = CARTESIAN_POINT('',(-33.08327441706,-44.56172723819,
    11.523021398678));
#2278 = CARTESIAN_POINT('',(-33.01514057839,-44.61226492055,
    11.703272224359));
#2279 = CARTESIAN_POINT('',(-32.98414969783,-44.63515756771,
    11.839738676827));
#2280 = CARTESIAN_POINT('',(-32.9709526775,-44.64487819088,
    11.980089175962));
#2281 = CARTESIAN_POINT('',(-32.97547544377,-44.64154036523,
    12.121332793853));
#2282 = CARTESIAN_POINT('',(-32.99766029441,-44.62518259236,
    12.260708811309));
#2283 = CARTESIAN_POINT('',(-33.03756832815,-44.59569879184,
    12.395447964982));
#2284 = CARTESIAN_POINT('',(-33.09545972561,-44.55277311106,
    12.522464137315));
#2285 = CARTESIAN_POINT('',(-33.22317680697,-44.45756002304,
    12.715008837294));
#2286 = CARTESIAN_POINT('',(-33.28368422721,-44.41234561418,
    12.788128521228));
#2287 = CARTESIAN_POINT('',(-33.35289917196,-44.36046951983,
    12.853927325438));
#2288 = CARTESIAN_POINT('',(-33.42994115197,-44.3025076856,
    12.909906591678));
#2289 = CARTESIAN_POINT('',(-33.51351088102,-44.23935155336,
    12.953959231885));
#2290 = CARTESIAN_POINT('',(-33.60199815098,-44.17214494958,
    12.98440121096));
#2291 = CARTESIAN_POINT('',(-33.69357287656,-44.10223118794,13.));
#2292 = CARTESIAN_POINT('',(-33.87894574218,-43.95998958531,13.));
#2293 = CARTESIAN_POINT('',(-33.97017853619,-43.88963020355,
    12.984401210324));
#2294 = CARTESIAN_POINT('',(-34.05799731969,-43.82155241439,
    12.953959232309));
#2295 = CARTESIAN_POINT('',(-34.14063089457,-43.75717626603,
    12.909906592488));
#2296 = CARTESIAN_POINT('',(-34.21655766011,-43.69776105347,
    12.853927325048));
#2297 = CARTESIAN_POINT('',(-34.28458026709,-43.6443310706,
    12.788128520165));
#2298 = CARTESIAN_POINT('',(-34.34391450301,-43.59758774244,
    12.715008838198));
#2299 = CARTESIAN_POINT('',(-34.4688924737,-43.49890213239,
    12.522535632402));
#2300 = CARTESIAN_POINT('',(-34.52534410588,-43.45408949997,
    12.395561281039));
#2301 = CARTESIAN_POINT('',(-34.56418634868,-43.42314521746,
    12.260805072237));
#2302 = CARTESIAN_POINT('',(-34.58575857096,-43.40592592836,
    12.121351504402));
#2303 = CARTESIAN_POINT('',(-34.59015189056,-43.40242223038,
    11.980001711703));
#2304 = CARTESIAN_POINT('',(-34.57731010374,-43.41268321164,
    11.839573045842));
#2305 = CARTESIAN_POINT('',(-34.54713760018,-43.43672367942,
    11.703125480895));
#2306 = CARTESIAN_POINT('',(-34.45751973616,-43.50784092265,
    11.460029965666));
#2307 = CARTESIAN_POINT('',(-34.40052633395,-43.55299273794,
    11.348278853763));
#2308 = CARTESIAN_POINT('',(-34.32801361934,-43.61029035869,
    11.2443610186));
#2309 = CARTESIAN_POINT('',(-34.24062842786,-43.67907454642,
    11.153315995302));
#2310 = CARTESIAN_POINT('',(-34.13998343822,-43.7578783997,
    11.07969567128));
#2311 = CARTESIAN_POINT('',(-34.02848318842,-43.84462148554,
    11.027473788345));
#2312 = CARTESIAN_POINT('',(-33.90926740721,-43.93672295342,11.));
#2313 = CARTESIAN_POINT('',(-33.78625930998,-44.03111038616,11.));
#2314 = ORIENTED_EDGE('',*,*,#2253,.T.);
#2315 = CYLINDRICAL_SURFACE('',#2316,1.);
#2316 = AXIS2_PLACEMENT_3D('',#2317,#2318,#2319);
#2317 = CARTESIAN_POINT('',(-33.17749788097,-43.23775704587,12.));
#2318 = DIRECTION('',(-0.608761429009,-0.793353340291,2.22044604925E-16)
  );
#2319 = DIRECTION('',(-1.351721909978E-16,-1.761598290109E-16,-1.));
#2320 = ADVANCED_FACE('',(#2321),#2432,.F.);
#2321 = FACE_BOUND('',#2322,.F.);
#2322 = EDGE_LOOP('',(#2323,#2324,#2332,#2341,#2360,#2416,#2424,#2431));
#2323 = ORIENTED_EDGE('',*,*,#539,.F.);
#2324 = ORIENTED_EDGE('',*,*,#2325,.F.);
#2325 = EDGE_CURVE('',#2326,#540,#2328,.T.);
#2326 = VERTEX_POINT('',#2327);
#2327 = CARTESIAN_POINT('',(-20.85624706389,-50.35143452186,11.));
#2328 = LINE('',#2329,#2330);
#2329 = CARTESIAN_POINT('',(-20.85624706389,-50.35143452186,11.));
#2330 = VECTOR('',#2331,1.);
#2331 = DIRECTION('',(-0.382683432365,-0.923879532511,2.22044604925E-16)
  );
#2332 = ORIENTED_EDGE('',*,*,#2333,.T.);
#2333 = EDGE_CURVE('',#2326,#2334,#2336,.T.);
#2334 = VERTEX_POINT('',#2335);
#2335 = CARTESIAN_POINT('',(-20.09309886855,-50.66754085447,
    11.436367479267));
#2336 = CIRCLE('',#2337,1.);
#2337 = AXIS2_PLACEMENT_3D('',#2338,#2339,#2340);
#2338 = CARTESIAN_POINT('',(-20.85624706389,-50.35143452186,12.));
#2339 = DIRECTION('',(-0.382683432365,-0.923879532511,2.22044604925E-16)
  );
#2340 = DIRECTION('',(-8.497279155086E-17,-2.051424657948E-16,-1.));
#2341 = ORIENTED_EDGE('',*,*,#2342,.F.);
#2342 = EDGE_CURVE('',#2343,#2334,#2345,.T.);
#2343 = VERTEX_POINT('',#2344);
#2344 = CARTESIAN_POINT('',(-21.1602244087,-51.30784445845,
    11.003633035041));
#2345 = B_SPLINE_CURVE_WITH_KNOTS('',7,(#2346,#2347,#2348,#2349,#2350,
    #2351,#2352,#2353,#2354,#2355,#2356,#2357,#2358,#2359),
  .UNSPECIFIED.,.F.,.F.,(8,6,8),(0.,0.760385397585,1.),.UNSPECIFIED.);
#2346 = CARTESIAN_POINT('',(-21.1602244087,-51.30784445845,
    11.003633035041));
#2347 = CARTESIAN_POINT('',(-21.02078190378,-51.25508627053,
    11.012918827846));
#2348 = CARTESIAN_POINT('',(-20.88570957796,-51.19605958812,
    11.035574366484));
#2349 = CARTESIAN_POINT('',(-20.75624486729,-51.1315913281,
    11.069109545072));
#2350 = CARTESIAN_POINT('',(-20.63302620015,-51.06262612964,
    11.111661359925));
#2351 = CARTESIAN_POINT('',(-20.51636686703,-50.99007319827,
    11.161905807069));
#2352 = CARTESIAN_POINT('',(-20.40650079118,-50.91480821703,
    11.218963595371));
#2353 = CARTESIAN_POINT('',(-20.27165148166,-50.81406138447,
    11.302474379025));
#2354 = CARTESIAN_POINT('',(-20.24006595772,-50.78978674837,
    11.323125307131));
#2355 = CARTESIAN_POINT('',(-20.20918969914,-50.76539534785,
    11.344427170743));
#2356 = CARTESIAN_POINT('',(-20.17902536448,-50.7409180205,
    11.36639068482));
#2357 = CARTESIAN_POINT('',(-20.14959400627,-50.71640188149,
    11.38902711005));
#2358 = CARTESIAN_POINT('',(-20.12093373199,-50.69191322297,
    11.412348494248));
#2359 = CARTESIAN_POINT('',(-20.09309836504,-50.6675404136,
    11.436367913749));
#2360 = ORIENTED_EDGE('',*,*,#2361,.T.);
#2361 = EDGE_CURVE('',#2343,#2362,#2364,.T.);
#2362 = VERTEX_POINT('',#2363);
#2363 = CARTESIAN_POINT('',(-22.14083391917,-50.89237146531,12.2));
#2364 = B_SPLINE_CURVE_WITH_KNOTS('',8,(#2365,#2366,#2367,#2368,#2369,
    #2370,#2371,#2372,#2373,#2374,#2375,#2376,#2377,#2378,#2379,#2380,
    #2381,#2382,#2383,#2384,#2385,#2386,#2387,#2388,#2389,#2390,#2391,
    #2392,#2393,#2394,#2395,#2396,#2397,#2398,#2399,#2400,#2401,#2402,
    #2403,#2404,#2405,#2406,#2407,#2408,#2409,#2410,#2411,#2412,#2413,
    #2414,#2415),.UNSPECIFIED.,.T.,.F.,(9,7,7,7,7,7,7,9),(0.,
    9.746379120168E-02,0.174780458608,0.369662639291,0.50118598381,
    0.6327093266,0.827470307684,1.),.UNSPECIFIED.);
#2365 = CARTESIAN_POINT('',(-21.23893049626,-51.27531405437,11.));
#2366 = CARTESIAN_POINT('',(-21.1599918337,-51.308011519,11.));
#2367 = CARTESIAN_POINT('',(-21.08141809226,-51.34039514872,
    11.008343507949));
#2368 = CARTESIAN_POINT('',(-21.00424652754,-51.37203817871,
    11.024873536595));
#2369 = CARTESIAN_POINT('',(-20.92948169299,-51.40253975933,
    11.049212794275));
#2370 = CARTESIAN_POINT('',(-20.85806046814,-51.43153770304,
    11.080771312015));
#2371 = CARTESIAN_POINT('',(-20.79081370594,-51.45872127464,
    11.118754507858));
#2372 = CARTESIAN_POINT('',(-20.72842449932,-51.48384402484,
    11.162171688413));
#2373 = CARTESIAN_POINT('',(-20.62613289319,-51.52489708142,
    11.247663551563));
#2374 = CARTESIAN_POINT('',(-20.5840411742,-51.541737127,11.288333143556
    ));
#2375 = CARTESIAN_POINT('',(-20.54517238212,-51.55724396913,
    11.33150601371));
#2376 = CARTESIAN_POINT('',(-20.50957118139,-51.57141169706,
    11.376856579439));
#2377 = CARTESIAN_POINT('',(-20.4772644682,-51.58424035973,
    11.424080009503));
#2378 = CARTESIAN_POINT('',(-20.44826341013,-51.59573500132,
    11.472890808054));
#2379 = CARTESIAN_POINT('',(-20.42256548574,-51.60590469691,
    11.523021398678));
#2380 = CARTESIAN_POINT('',(-20.34367313664,-51.63708601444,
    11.703272224359));
#2381 = CARTESIAN_POINT('',(-20.30781319164,-51.65117758344,
    11.839738676826));
#2382 = CARTESIAN_POINT('',(-20.29254996647,-51.65715134421,
    11.980089175963));
#2383 = CARTESIAN_POINT('',(-20.29778251606,-51.65509783027,
    12.121332793851));
#2384 = CARTESIAN_POINT('',(-20.32344513941,-51.64503929684,
    12.260708811311));
#2385 = CARTESIAN_POINT('',(-20.36962430897,-51.62688909165,
    12.395447964981));
#2386 = CARTESIAN_POINT('',(-20.4366530886,-51.60040946418,
    12.522464137315));
#2387 = CARTESIAN_POINT('',(-20.58466127647,-51.5414962965,
    12.715008837294));
#2388 = CARTESIAN_POINT('',(-20.65480930648,-51.51348300399,
    12.788128521228));
#2389 = CARTESIAN_POINT('',(-20.73509233039,-51.4812886906,
    12.853927325438));
#2390 = CARTESIAN_POINT('',(-20.82451079518,-51.44524178968,
    12.909906591678));
#2391 = CARTESIAN_POINT('',(-20.9215789646,-51.40586708793,
    12.953959231885));
#2392 = CARTESIAN_POINT('',(-21.02444545297,-51.36385268436,
    12.98440121096));
#2393 = CARTESIAN_POINT('',(-21.13099485847,-51.32002245941,13.));
#2394 = CARTESIAN_POINT('',(-21.34686613263,-51.23060564992,13.));
#2395 = CARTESIAN_POINT('',(-21.45320059257,-51.18625649059,
    12.984401210324));
#2396 = CARTESIAN_POINT('',(-21.55564685197,-51.14322756953,
    12.953959232309));
#2397 = CARTESIAN_POINT('',(-21.65212652931,-51.10243212818,
    12.909906592488));
#2398 = CARTESIAN_POINT('',(-21.74084394163,-51.06469273284,
    12.853927325048));
#2399 = CARTESIAN_POINT('',(-21.82037743164,-51.03068887867,
    12.788128520165));
#2400 = CARTESIAN_POINT('',(-21.88978796605,-51.00089512108,
    12.715008838198));
#2401 = CARTESIAN_POINT('',(-22.0360491333,-50.9379188197,
    12.522535629395));
#2402 = CARTESIAN_POINT('',(-22.10217557571,-50.90924390245,
    12.395561289468));
#2403 = CARTESIAN_POINT('',(-22.14770329036,-50.88940712457,
    12.260805064616));
#2404 = CARTESIAN_POINT('',(-22.17299711281,-50.8783578809,
    12.121351501949));
#2405 = CARTESIAN_POINT('',(-22.17814757789,-50.87611063449,
    11.980001721499));
#2406 = CARTESIAN_POINT('',(-22.16308761481,-50.88269828755,
    11.839573038415));
#2407 = CARTESIAN_POINT('',(-22.12772108821,-50.89811037564,
    11.703125483047));
#2408 = CARTESIAN_POINT('',(-22.02275038092,-50.94360954799,
    11.460029965617));
#2409 = CARTESIAN_POINT('',(-21.95601283209,-50.97247187455,
    11.348278853758));
#2410 = CARTESIAN_POINT('',(-21.87114121285,-51.00904945464,
    11.244361018632));
#2411 = CARTESIAN_POINT('',(-21.7689309418,-51.05287292619,
    11.153315995328));
#2412 = CARTESIAN_POINT('',(-21.65131940896,-51.10294276317,
    11.079695671277));
#2413 = CARTESIAN_POINT('',(-21.52116767535,-51.15787176187,
    11.027473788328));
#2414 = CARTESIAN_POINT('',(-21.38217645938,-51.21597963369,11.));
#2415 = CARTESIAN_POINT('',(-21.23893049626,-51.27531405437,11.));
#2416 = ORIENTED_EDGE('',*,*,#2417,.F.);
#2417 = EDGE_CURVE('',#2418,#2362,#2420,.T.);
#2418 = VERTEX_POINT('',#2419);
#2419 = CARTESIAN_POINT('',(-21.76146043927,-49.97648286494,12.2));
#2420 = LINE('',#2421,#2422);
#2421 = CARTESIAN_POINT('',(-21.76146043927,-49.97648286494,12.2));
#2422 = VECTOR('',#2423,1.);
#2423 = DIRECTION('',(-0.382683432365,-0.923879532511,2.22044604925E-16)
  );
#2424 = ORIENTED_EDGE('',*,*,#2425,.T.);
#2425 = EDGE_CURVE('',#2418,#2326,#2426,.T.);
#2426 = CIRCLE('',#2427,1.);
#2427 = AXIS2_PLACEMENT_3D('',#2428,#2429,#2430);
#2428 = CARTESIAN_POINT('',(-20.85624706389,-50.35143452186,12.));
#2429 = DIRECTION('',(-0.382683432365,-0.923879532511,2.22044604925E-16)
  );
#2430 = DIRECTION('',(-8.497279155086E-17,-2.051424657948E-16,-1.));
#2431 = ORIENTED_EDGE('',*,*,#2325,.T.);
#2432 = CYLINDRICAL_SURFACE('',#2433,1.);
#2433 = AXIS2_PLACEMENT_3D('',#2434,#2435,#2436);
#2434 = CARTESIAN_POINT('',(-20.85624706389,-50.35143452186,12.));
#2435 = DIRECTION('',(-0.382683432365,-0.923879532511,2.22044604925E-16)
  );
#2436 = DIRECTION('',(-8.497279155086E-17,-2.051424657948E-16,-1.));
#2437 = ADVANCED_FACE('',(#2438),#2457,.F.);
#2438 = FACE_BOUND('',#2439,.F.);
#2439 = EDGE_LOOP('',(#2440,#2441,#2449,#2456));
#2440 = ORIENTED_EDGE('',*,*,#597,.F.);
#2441 = ORIENTED_EDGE('',*,*,#2442,.F.);
#2442 = EDGE_CURVE('',#2443,#598,#2445,.T.);
#2443 = VERTEX_POINT('',#2444);
#2444 = CARTESIAN_POINT('',(-7.113677475993,-54.03374494487,11.));
#2445 = LINE('',#2446,#2447);
#2446 = CARTESIAN_POINT('',(-7.113677475993,-54.03374494487,11.));
#2447 = VECTOR('',#2448,1.);
#2448 = DIRECTION('',(-0.13052619222,-0.991444861374,2.22044604925E-16)
  );
#2449 = ORIENTED_EDGE('',*,*,#2450,.T.);
#2450 = EDGE_CURVE('',#2443,#2443,#2451,.T.);
#2451 = CIRCLE('',#2452,1.);
#2452 = AXIS2_PLACEMENT_3D('',#2453,#2454,#2455);
#2453 = CARTESIAN_POINT('',(-7.113677475993,-54.03374494487,12.));
#2454 = DIRECTION('',(-0.13052619222,-0.991444861374,2.22044604925E-16)
  );
#2455 = DIRECTION('',(-2.898263678387E-17,-2.201449825487E-16,-1.));
#2456 = ORIENTED_EDGE('',*,*,#2442,.T.);
#2457 = CYLINDRICAL_SURFACE('',#2458,1.);
#2458 = AXIS2_PLACEMENT_3D('',#2459,#2460,#2461);
#2459 = CARTESIAN_POINT('',(-7.113677475993,-54.03374494487,12.));
#2460 = DIRECTION('',(-0.13052619222,-0.991444861374,2.22044604925E-16)
  );
#2461 = DIRECTION('',(-2.898263678387E-17,-2.201449825487E-16,-1.));
#2462 = ADVANCED_FACE('',(#2463),#2552,.F.);
#2463 = FACE_BOUND('',#2464,.F.);
#2464 = EDGE_LOOP('',(#2465,#2466,#2474,#2551));
#2465 = ORIENTED_EDGE('',*,*,#655,.F.);
#2466 = ORIENTED_EDGE('',*,*,#2467,.F.);
#2467 = EDGE_CURVE('',#2468,#656,#2470,.T.);
#2468 = VERTEX_POINT('',#2469);
#2469 = CARTESIAN_POINT('',(7.244203668213,-55.02518980624,11.));
#2470 = LINE('',#2471,#2472);
#2471 = CARTESIAN_POINT('',(7.113677475993,-54.03374494487,11.));
#2472 = VECTOR('',#2473,1.);
#2473 = DIRECTION('',(0.13052619222,-0.991444861374,2.22044604925E-16));
#2474 = ORIENTED_EDGE('',*,*,#2475,.T.);
#2475 = EDGE_CURVE('',#2468,#2468,#2476,.T.);
#2476 = B_SPLINE_CURVE_WITH_KNOTS('',7,(#2477,#2478,#2479,#2480,#2481,
    #2482,#2483,#2484,#2485,#2486,#2487,#2488,#2489,#2490,#2491,#2492,
    #2493,#2494,#2495,#2496,#2497,#2498,#2499,#2500,#2501,#2502,#2503,
    #2504,#2505,#2506,#2507,#2508,#2509,#2510,#2511,#2512,#2513,#2514,
    #2515,#2516,#2517,#2518,#2519,#2520,#2521,#2522,#2523,#2524,#2525,
    #2526,#2527,#2528,#2529,#2530,#2531,#2532,#2533,#2534,#2535,#2536,
    #2537,#2538,#2539,#2540,#2541,#2542,#2543,#2544,#2545,#2546,#2547,
    #2548,#2549,#2550),.UNSPECIFIED.,.T.,.F.,(8,6,6,6,6,6,6,6,6,6,6,6,8)
  ,(0.,6.153957266272E-02,9.74740974137E-02,0.141229753526,
    0.172787626664,0.250891380494,0.331275636635,0.363180093911,
    0.457790807676,0.561930901676,0.672155098878,0.827440637556,1.),
  .UNSPECIFIED.);
#2477 = CARTESIAN_POINT('',(7.244203668213,-55.02518980624,11.));
#2478 = CARTESIAN_POINT('',(7.305175582849,-55.0171627014,11.));
#2479 = CARTESIAN_POINT('',(7.366062840446,-55.00906659988,
    11.004412668147));
#2480 = CARTESIAN_POINT('',(7.42635411051,-55.00096899266,
    11.013217395264));
#2481 = CARTESIAN_POINT('',(7.485549157331,-54.99294035113,
    11.026297053714));
#2482 = CARTESIAN_POINT('',(7.543172044983,-54.98505156383,
    11.04343943357));
#2483 = CARTESIAN_POINT('',(7.598784342332,-54.97737137331,
    11.064338678786));
#2484 = CARTESIAN_POINT('',(7.683071330393,-54.96563834954,
    11.102761613785));
#2485 = CARTESIAN_POINT('',(7.713351982723,-54.96140227017,
    11.118083208231));
#2486 = CARTESIAN_POINT('',(7.742794652076,-54.95726389709,
    11.134500831969));
#2487 = CARTESIAN_POINT('',(7.771358066235,-54.95323098235,
    11.151951720623));
#2488 = CARTESIAN_POINT('',(7.799005313722,-54.94931070762,
    11.170371020168));
#2489 = CARTESIAN_POINT('',(7.825703843791,-54.94550968425,
    11.18969178694));
#2490 = CARTESIAN_POINT('',(7.882745387395,-54.9373582012,11.23438452237
    ));
#2491 = CARTESIAN_POINT('',(7.912619007242,-54.93306787521,
    11.260159889801));
#2492 = CARTESIAN_POINT('',(7.941021253686,-54.92897008986,
    11.287067145214));
#2493 = CARTESIAN_POINT('',(7.967932529503,-54.92507102586,
    11.315005817464));
#2494 = CARTESIAN_POINT('',(7.993338404319,-54.92137593086,11.3438787539
    ));
#2495 = CARTESIAN_POINT('',(8.017229306398,-54.91788912032,
    11.373591965294));
#2496 = CARTESIAN_POINT('',(8.055734774857,-54.91225184911,
    11.426024930583));
#2497 = CARTESIAN_POINT('',(8.071081294885,-54.90999944054,
    11.448388871061));
#2498 = CARTESIAN_POINT('',(8.085639800131,-54.90785774305,
    11.47111530994));
#2499 = CARTESIAN_POINT('',(8.099410957015,-54.90582757821,
    11.49417485793));
#2500 = CARTESIAN_POINT('',(8.11239607276,-54.90390959874,11.51753971873
    ));
#2501 = CARTESIAN_POINT('',(8.124597095389,-54.90210428851,
    11.541183689023));
#2502 = CARTESIAN_POINT('',(8.164279204342,-54.89622356219,
    11.624229369304));
#2503 = CARTESIAN_POINT('',(8.187748966778,-54.89272809717,
    11.684924556328));
#2504 = CARTESIAN_POINT('',(8.20646971592,-54.88992964054,
    11.746805100432));
#2505 = CARTESIAN_POINT('',(8.220479784937,-54.88783026887,
    11.809545563383));
#2506 = CARTESIAN_POINT('',(8.229808477914,-54.88643070377,
    11.872846745152));
#2507 = CARTESIAN_POINT('',(8.23447252249,-54.88573095328,
    11.936424741241));
#2508 = CARTESIAN_POINT('',(8.23447252249,-54.88573095328,
    12.065431552694));
#2509 = CARTESIAN_POINT('',(8.22953213248,-54.88647216433,12.1308660189)
  );
#2510 = CARTESIAN_POINT('',(8.219650705096,-54.88795465397,
    12.19599885924));
#2511 = CARTESIAN_POINT('',(8.204809375415,-54.89017842881,
    12.260520403622));
#2512 = CARTESIAN_POINT('',(8.184975358915,-54.8931426628,
    12.324103233206));
#2513 = CARTESIAN_POINT('',(8.160106249436,-54.89684492563,
    12.38638956237));
#2514 = CARTESIAN_POINT('',(8.118266415329,-54.90304085231,
    12.471026377219));
#2515 = CARTESIAN_POINT('',(8.105578912755,-54.90491663565,
    12.494804792059));
#2516 = CARTESIAN_POINT('',(8.092089205042,-54.90690740226,
    12.518287997853));
#2517 = CARTESIAN_POINT('',(8.077795423577,-54.90901260749,
    12.541448442653));
#2518 = CARTESIAN_POINT('',(8.062696435506,-54.91123152091,
    12.564256889901));
#2519 = CARTESIAN_POINT('',(8.046791843742,-54.91356322633,
    12.58668241843));
#2520 = CARTESIAN_POINT('',(7.980529930222,-54.92325236127,
    12.673961741203));
#2521 = CARTESIAN_POINT('',(7.923674689001,-54.93151272193,
    12.73587056153));
#2522 = CARTESIAN_POINT('',(7.859640210217,-54.94074137449,
    12.793216851563));
#2523 = CARTESIAN_POINT('',(7.788751875909,-54.9508570067,
    12.844829069856));
#2524 = CARTESIAN_POINT('',(7.711515670965,-54.96174945642,
    12.889574340996));
#2525 = CARTESIAN_POINT('',(7.628612816313,-54.97328535732,
    12.926361103638));
#2526 = CARTESIAN_POINT('',(7.444373302528,-54.9985527148,
    12.984708924607));
#2527 = CARTESIAN_POINT('',(7.342490630855,-55.01232387524,
    13.004214236192));
#2528 = CARTESIAN_POINT('',(7.237601091242,-55.02626598386,
    13.01109698237));
#2529 = CARTESIAN_POINT('',(7.132388240784,-55.03999698142,
    13.004731811474));
#2530 = CARTESIAN_POINT('',(7.02960841662,-55.05316697354,
    12.985415743448));
#2531 = CARTESIAN_POINT('',(6.931813447712,-55.06549122798,
    12.954360826552));
#2532 = CARTESIAN_POINT('',(6.745020206223,-55.08869275857,
    12.870636731633));
#2533 = CARTESIAN_POINT('',(6.656857457755,-55.09944498806,
    12.816805515803));
#2534 = CARTESIAN_POINT('',(6.577450871705,-55.10897006666,
    12.753991432246));
#2535 = CARTESIAN_POINT('',(6.50736986991,-55.11725937628,
    12.683863022817));
#2536 = CARTESIAN_POINT('',(6.446945604148,-55.12432702882,
    12.607993423621));
#2537 = CARTESIAN_POINT('',(6.396303580773,-55.13020042345,
    12.527879626536));
#2538 = CARTESIAN_POINT('',(6.297690344486,-55.14156750492,
    12.328109716799));
#2539 = CARTESIAN_POINT('',(6.258469263146,-55.14601717109,
    12.20404650236));
#2540 = CARTESIAN_POINT('',(6.238020582049,-55.14831381958,
    12.075590584906));
#2541 = CARTESIAN_POINT('',(6.236649964112,-55.14846724416,
    11.945439989057));
#2542 = CARTESIAN_POINT('',(6.254476153532,-55.14646784052,
    11.816449379531));
#2543 = CARTESIAN_POINT('',(6.291246928677,-55.14230015959,
    11.691660515826));
#2544 = CARTESIAN_POINT('',(6.407170446205,-55.12895735555,
    11.443717002415));
#2545 = CARTESIAN_POINT('',(6.49330459639,-55.11896348561,
    11.316466137545));
#2546 = CARTESIAN_POINT('',(6.605714565765,-55.10574711991,
    11.201097947232));
#2547 = CARTESIAN_POINT('',(6.742263942842,-55.08935360241,
    11.105534043371));
#2548 = CARTESIAN_POINT('',(6.898570089946,-55.07002758405,
    11.036631717794));
#2549 = CARTESIAN_POINT('',(7.068521549993,-55.04831879589,11.));
#2550 = CARTESIAN_POINT('',(7.244203668213,-55.02518980624,11.));
#2551 = ORIENTED_EDGE('',*,*,#2467,.T.);
#2552 = CYLINDRICAL_SURFACE('',#2553,1.);
#2553 = AXIS2_PLACEMENT_3D('',#2554,#2555,#2556);
#2554 = CARTESIAN_POINT('',(7.113677475993,-54.03374494487,12.));
#2555 = DIRECTION('',(0.13052619222,-0.991444861374,2.22044604925E-16));
#2556 = DIRECTION('',(2.898263678387E-17,-2.201449825487E-16,-1.));
#2557 = ADVANCED_FACE('',(#2558),#2624,.F.);
#2558 = FACE_BOUND('',#2559,.F.);
#2559 = EDGE_LOOP('',(#2560,#2561,#2569,#2623));
#2560 = ORIENTED_EDGE('',*,*,#713,.F.);
#2561 = ORIENTED_EDGE('',*,*,#2562,.F.);
#2562 = EDGE_CURVE('',#2563,#714,#2565,.T.);
#2563 = VERTEX_POINT('',#2564);
#2564 = CARTESIAN_POINT('',(21.238930496262,-51.27531405437,11.));
#2565 = LINE('',#2566,#2567);
#2566 = CARTESIAN_POINT('',(20.856247063897,-50.35143452186,11.));
#2567 = VECTOR('',#2568,1.);
#2568 = DIRECTION('',(0.382683432365,-0.923879532511,2.22044604925E-16)
  );
#2569 = ORIENTED_EDGE('',*,*,#2570,.T.);
#2570 = EDGE_CURVE('',#2563,#2563,#2571,.T.);
#2571 = B_SPLINE_CURVE_WITH_KNOTS('',8,(#2572,#2573,#2574,#2575,#2576,
    #2577,#2578,#2579,#2580,#2581,#2582,#2583,#2584,#2585,#2586,#2587,
    #2588,#2589,#2590,#2591,#2592,#2593,#2594,#2595,#2596,#2597,#2598,
    #2599,#2600,#2601,#2602,#2603,#2604,#2605,#2606,#2607,#2608,#2609,
    #2610,#2611,#2612,#2613,#2614,#2615,#2616,#2617,#2618,#2619,#2620,
    #2621,#2622),.UNSPECIFIED.,.T.,.F.,(9,7,7,7,7,7,7,9),(0.,
    9.746379080982E-02,0.174780457905,0.369662637804,0.501185981794,
    0.632709325785,0.827470305819,1.),.UNSPECIFIED.);
#2572 = CARTESIAN_POINT('',(21.238930496262,-51.27531405437,11.));
#2573 = CARTESIAN_POINT('',(21.317869158817,-51.24261658975,11.));
#2574 = CARTESIAN_POINT('',(21.396327868392,-51.20995524852,
    11.008343507949));
#2575 = CARTESIAN_POINT('',(21.4732714062,-51.17776171288,
    11.024873536595));
#2576 = CARTESIAN_POINT('',(21.547706002196,-51.14646286587,
    11.049212794275));
#2577 = CARTESIAN_POINT('',(21.618713077251,-51.11646507609,
    11.080771312015));
#2578 = CARTESIAN_POINT('',(21.685485406627,-51.08813612234,
    11.118754507858));
#2579 = CARTESIAN_POINT('',(21.747365704731,-51.06178475829,
    11.162171688413));
#2580 = CARTESIAN_POINT('',(21.848725687783,-51.01848256464,
    11.247663551563));
#2581 = CARTESIAN_POINT('',(21.890396738139,-51.00062693514,
    11.288333143556));
#2582 = CARTESIAN_POINT('',(21.928846117823,-50.98410754191,
    11.33150601371));
#2583 = CARTESIAN_POINT('',(21.964038064771,-50.96895178795,
    11.376856579439));
#2584 = CARTESIAN_POINT('',(21.995953595101,-50.95517872634,
    11.424080009503));
#2585 = CARTESIAN_POINT('',(22.024588378942,-50.94279982053,
    11.472890808054));
#2586 = CARTESIAN_POINT('',(22.049950616258,-50.93181970464,
    11.523021398678));
#2587 = CARTESIAN_POINT('',(22.127784452363,-50.89808291068,
    11.703272224359));
#2588 = CARTESIAN_POINT('',(22.163105506644,-50.8826903444,
    11.839738676827));
#2589 = CARTESIAN_POINT('',(22.178122323416,-50.87612170113,
    11.980089175962));
#2590 = CARTESIAN_POINT('',(22.172970298478,-50.87836961879,
    12.121332793853));
#2591 = CARTESIAN_POINT('',(22.147711626297,-50.88940337659,
    12.260708811309));
#2592 = CARTESIAN_POINT('',(22.102223889179,-50.90922284737,
    12.395447964982));
#2593 = CARTESIAN_POINT('',(22.036103460423,-50.93789542783,
    12.522464137315));
#2594 = CARTESIAN_POINT('',(21.88978796674,-51.00089512078,
    12.715008837294));
#2595 = CARTESIAN_POINT('',(21.820377429931,-51.03068887939,
    12.788128521228));
#2596 = CARTESIAN_POINT('',(21.740843941996,-51.0646927327,
    12.853927325438));
#2597 = CARTESIAN_POINT('',(21.652126531103,-51.10243212743,
    12.909906591678));
#2598 = CARTESIAN_POINT('',(21.555646851652,-51.14322756965,
    12.953959231885));
#2599 = CARTESIAN_POINT('',(21.453200590499,-51.18625649146,
    12.98440121096));
#2600 = CARTESIAN_POINT('',(21.346866134055,-51.23060564933,13.));
#2601 = CARTESIAN_POINT('',(21.13099485847,-51.32002245941,13.));
#2602 = CARTESIAN_POINT('',(21.02444545297,-51.36385268436,
    12.98440121096));
#2603 = CARTESIAN_POINT('',(20.921578964607,-51.40586708793,
    12.953959231885));
#2604 = CARTESIAN_POINT('',(20.82451079518,-51.44524178968,
    12.909906591678));
#2605 = CARTESIAN_POINT('',(20.735092330398,-51.4812886906,
    12.853927325438));
#2606 = CARTESIAN_POINT('',(20.654809306489,-51.51348300399,
    12.788128521228));
#2607 = CARTESIAN_POINT('',(20.584661276473,-51.5414962965,
    12.715008837294));
#2608 = CARTESIAN_POINT('',(20.436708046533,-51.60038758873,
    12.522535632403));
#2609 = CARTESIAN_POINT('',(20.369673352355,-51.62686982008,
    12.39556128104));
#2610 = CARTESIAN_POINT('',(20.323453696202,-51.64503604783,
    12.260805072236));
#2611 = CARTESIAN_POINT('',(20.297755243268,-51.65510849579,
    12.121351504404));
#2612 = CARTESIAN_POINT('',(20.292524292014,-51.65716137318,
    11.980001711701));
#2613 = CARTESIAN_POINT('',(20.307831455855,-51.65117055019,
    11.839573045842));
#2614 = CARTESIAN_POINT('',(20.343737363456,-51.63706062951,
    11.703125480894));
#2615 = CARTESIAN_POINT('',(20.45013563475,-51.59500790425,
    11.460029965675));
#2616 = CARTESIAN_POINT('',(20.51773495492,-51.56822607773,
    11.348278853764));
#2617 = CARTESIAN_POINT('',(20.60361250738,-51.53407703515,
    11.244361018594));
#2618 = CARTESIAN_POINT('',(20.706873957078,-51.49279133328,
    11.153315995297));
#2619 = CARTESIAN_POINT('',(20.825442590749,-51.44503214212,
    11.07969567128));
#2620 = CARTESIAN_POINT('',(20.956314431579,-51.3918416362,
    11.027473788349));
#2621 = CARTESIAN_POINT('',(21.095684533087,-51.33464847507,11.));
#2622 = CARTESIAN_POINT('',(21.238930496262,-51.27531405437,11.));
#2623 = ORIENTED_EDGE('',*,*,#2562,.T.);
#2624 = CYLINDRICAL_SURFACE('',#2625,1.);
#2625 = AXIS2_PLACEMENT_3D('',#2626,#2627,#2628);
#2626 = CARTESIAN_POINT('',(20.856247063897,-50.35143452186,12.));
#2627 = DIRECTION('',(0.382683432365,-0.923879532511,2.22044604925E-16)
  );
#2628 = DIRECTION('',(8.497279155086E-17,-2.051424657948E-16,-1.));
#2629 = ADVANCED_FACE('',(#2630),#2696,.F.);
#2630 = FACE_BOUND('',#2631,.F.);
#2631 = EDGE_LOOP('',(#2632,#2633,#2641,#2695));
#2632 = ORIENTED_EDGE('',*,*,#771,.F.);
#2633 = ORIENTED_EDGE('',*,*,#2634,.F.);
#2634 = EDGE_CURVE('',#2635,#772,#2637,.T.);
#2635 = VERTEX_POINT('',#2636);
#2636 = CARTESIAN_POINT('',(44.031110386164,-33.78625930998,11.));
#2637 = LINE('',#2638,#2639);
#2638 = CARTESIAN_POINT('',(43.237757045872,-33.17749788097,11.));
#2639 = VECTOR('',#2640,1.);
#2640 = DIRECTION('',(0.793353340291,-0.608761429009,2.22044604925E-16)
  );
#2641 = ORIENTED_EDGE('',*,*,#2642,.T.);
#2642 = EDGE_CURVE('',#2635,#2635,#2643,.T.);
#2643 = B_SPLINE_CURVE_WITH_KNOTS('',8,(#2644,#2645,#2646,#2647,#2648,
    #2649,#2650,#2651,#2652,#2653,#2654,#2655,#2656,#2657,#2658,#2659,
    #2660,#2661,#2662,#2663,#2664,#2665,#2666,#2667,#2668,#2669,#2670,
    #2671,#2672,#2673,#2674,#2675,#2676,#2677,#2678,#2679,#2680,#2681,
    #2682,#2683,#2684,#2685,#2686,#2687,#2688,#2689,#2690,#2691,#2692,
    #2693,#2694),.UNSPECIFIED.,.T.,.F.,(9,7,7,7,7,7,7,9),(0.,
    9.746379015218E-02,0.174780456726,0.36966263531,0.501185978414,
    0.632709321517,0.827470305335,1.),.UNSPECIFIED.);
#2644 = CARTESIAN_POINT('',(44.031110386164,-33.78625930998,11.));
#2645 = CARTESIAN_POINT('',(44.083124540964,-33.7184731437,11.));
#2646 = CARTESIAN_POINT('',(44.134741105992,-33.65095823769,
    11.008343507949));
#2647 = CARTESIAN_POINT('',(44.185279396568,-33.58460604908,
    11.024873536595));
#2648 = CARTESIAN_POINT('',(44.234092224116,-33.52028315446,
    11.049212794275));
#2649 = CARTESIAN_POINT('',(44.280587260074,-33.45880076893,
    11.080771312015));
#2650 = CARTESIAN_POINT('',(44.324249316709,-33.40088101063,
    11.118754507858));
#2651 = CARTESIAN_POINT('',(44.364663544837,-33.34711991089,
    11.162171688413));
#2652 = CARTESIAN_POINT('',(44.43079276826,-33.25893911962,
    11.247663551563));
#2653 = CARTESIAN_POINT('',(44.457953141719,-33.22264016569,
    11.288333143556));
#2654 = CARTESIAN_POINT('',(44.482991584669,-33.18910926166,
    11.33150601371));
#2655 = CARTESIAN_POINT('',(44.505890827755,-33.15838802024,
    11.376856579439));
#2656 = CARTESIAN_POINT('',(44.526643956993,-33.13050243383,
    11.424080009503));
#2657 = CARTESIAN_POINT('',(44.545252954328,-33.10546459501,
    11.472890808054));
#2658 = CARTESIAN_POINT('',(44.561727238195,-33.08327441706,
    11.523021398678));
#2659 = CARTESIAN_POINT('',(44.612264920555,-33.01514057839,
    11.703272224359));
#2660 = CARTESIAN_POINT('',(44.63515756771,-32.98414969783,
    11.839738676827));
#2661 = CARTESIAN_POINT('',(44.644878190886,-32.9709526775,
    11.980089175963));
#2662 = CARTESIAN_POINT('',(44.641540365239,-32.97547544377,
    12.121332793851));
#2663 = CARTESIAN_POINT('',(44.625182592364,-32.99766029442,
    12.26070881131));
#2664 = CARTESIAN_POINT('',(44.595698791846,-33.03756832815,
    12.395447964981));
#2665 = CARTESIAN_POINT('',(44.552773111067,-33.09545972561,
    12.522464137315));
#2666 = CARTESIAN_POINT('',(44.457560023045,-33.22317680697,
    12.715008837294));
#2667 = CARTESIAN_POINT('',(44.412345614184,-33.28368422721,
    12.788128521228));
#2668 = CARTESIAN_POINT('',(44.360469519833,-33.35289917196,
    12.853927325438));
#2669 = CARTESIAN_POINT('',(44.302507685606,-33.42994115197,
    12.909906591678));
#2670 = CARTESIAN_POINT('',(44.239351553366,-33.51351088102,
    12.953959231885));
#2671 = CARTESIAN_POINT('',(44.172144949587,-33.60199815098,
    12.98440121096));
#2672 = CARTESIAN_POINT('',(44.102231187947,-33.69357287656,13.));
#2673 = CARTESIAN_POINT('',(43.95998958438,-33.8789457434,13.));
#2674 = CARTESIAN_POINT('',(43.889630204934,-33.97017853441,
    12.98440121096));
#2675 = CARTESIAN_POINT('',(43.821552414601,-34.05799731941,
    12.953959231885));
#2676 = CARTESIAN_POINT('',(43.757176264851,-34.1406308961,
    12.909906591678));
#2677 = CARTESIAN_POINT('',(43.697761053243,-34.21655766042,
    12.853927325438));
#2678 = CARTESIAN_POINT('',(43.644331071741,-34.28458026563,
    12.788128521228));
#2679 = CARTESIAN_POINT('',(43.597587741978,-34.3439145036,
    12.715008837294));
#2680 = CARTESIAN_POINT('',(43.49890213085,-34.46889247565,
    12.522535629396));
#2681 = CARTESIAN_POINT('',(43.454089505033,-34.52534409948,
    12.395561289466));
#2682 = CARTESIAN_POINT('',(43.423145209335,-34.56418635896,
    12.26080506462));
#2683 = CARTESIAN_POINT('',(43.405925936541,-34.58575856062,
    12.121351501945));
#2684 = CARTESIAN_POINT('',(43.402422224748,-34.59015189768,
    11.980001721502));
#2685 = CARTESIAN_POINT('',(43.412683214232,-34.57731010047,
    11.839573038414));
#2686 = CARTESIAN_POINT('',(43.436723678796,-34.54713760097,
    11.703125483047));
#2687 = CARTESIAN_POINT('',(43.50784092266,-34.45751973616,
    11.460029965665));
#2688 = CARTESIAN_POINT('',(43.552992737948,-34.40052633395,
    11.348278853763));
#2689 = CARTESIAN_POINT('',(43.610290358697,-34.32801361934,
    11.2443610186));
#2690 = CARTESIAN_POINT('',(43.679074546429,-34.24062842786,
    11.153315995302));
#2691 = CARTESIAN_POINT('',(43.757878399704,-34.13998343822,
    11.07969567128));
#2692 = CARTESIAN_POINT('',(43.844621485545,-34.02848318842,
    11.027473788345));
#2693 = CARTESIAN_POINT('',(43.936722953421,-33.90926740721,11.));
#2694 = CARTESIAN_POINT('',(44.031110386164,-33.78625930998,11.));
#2695 = ORIENTED_EDGE('',*,*,#2634,.T.);
#2696 = CYLINDRICAL_SURFACE('',#2697,1.);
#2697 = AXIS2_PLACEMENT_3D('',#2698,#2699,#2700);
#2698 = CARTESIAN_POINT('',(43.237757045872,-33.17749788097,12.));
#2699 = DIRECTION('',(0.793353340291,-0.608761429009,2.22044604925E-16)
  );
#2700 = DIRECTION('',(1.761598290109E-16,-1.351721909978E-16,-1.));
#2701 = ADVANCED_FACE('',(#2702),#2768,.F.);
#2702 = FACE_BOUND('',#2703,.F.);
#2703 = EDGE_LOOP('',(#2704,#2705,#2713,#2767));
#2704 = ORIENTED_EDGE('',*,*,#829,.F.);
#2705 = ORIENTED_EDGE('',*,*,#2706,.F.);
#2706 = EDGE_CURVE('',#2707,#830,#2709,.T.);
#2707 = VERTEX_POINT('',#2708);
#2708 = CARTESIAN_POINT('',(51.275314054376,-21.23893049626,11.));
#2709 = LINE('',#2710,#2711);
#2710 = CARTESIAN_POINT('',(50.351434521865,-20.85624706389,11.));
#2711 = VECTOR('',#2712,1.);
#2712 = DIRECTION('',(0.923879532511,-0.382683432365,2.22044604925E-16)
  );
#2713 = ORIENTED_EDGE('',*,*,#2714,.T.);
#2714 = EDGE_CURVE('',#2707,#2707,#2715,.T.);
#2715 = B_SPLINE_CURVE_WITH_KNOTS('',8,(#2716,#2717,#2718,#2719,#2720,
    #2721,#2722,#2723,#2724,#2725,#2726,#2727,#2728,#2729,#2730,#2731,
    #2732,#2733,#2734,#2735,#2736,#2737,#2738,#2739,#2740,#2741,#2742,
    #2743,#2744,#2745,#2746,#2747,#2748,#2749,#2750,#2751,#2752,#2753,
    #2754,#2755,#2756,#2757,#2758,#2759,#2760,#2761,#2762,#2763,#2764,
    #2765,#2766),.UNSPECIFIED.,.T.,.F.,(9,7,7,7,7,7,7,9),(0.,
    9.74637908076E-02,0.174780457901,0.369662637797,0.501185981785,
    0.632709325774,0.827470305806,1.),.UNSPECIFIED.);
#2716 = CARTESIAN_POINT('',(51.275314054376,-21.23893049626,11.));
#2717 = CARTESIAN_POINT('',(51.308011519002,-21.1599918337,11.));
#2718 = CARTESIAN_POINT('',(51.340395148724,-21.08141809226,
    11.008343507949));
#2719 = CARTESIAN_POINT('',(51.372038178711,-21.00424652754,
    11.024873536595));
#2720 = CARTESIAN_POINT('',(51.40253975933,-20.92948169299,
    11.049212794275));
#2721 = CARTESIAN_POINT('',(51.431537703043,-20.85806046814,
    11.080771312015));
#2722 = CARTESIAN_POINT('',(51.45872127464,-20.79081370594,
    11.118754507858));
#2723 = CARTESIAN_POINT('',(51.48384402484,-20.72842449932,
    11.162171688413));
#2724 = CARTESIAN_POINT('',(51.524897081423,-20.62613289319,
    11.247663551563));
#2725 = CARTESIAN_POINT('',(51.541737127006,-20.5840411742,
    11.288333143556));
#2726 = CARTESIAN_POINT('',(51.557243969137,-20.54517238212,
    11.33150601371));
#2727 = CARTESIAN_POINT('',(51.571411697069,-20.50957118139,
    11.376856579439));
#2728 = CARTESIAN_POINT('',(51.584240359731,-20.4772644682,
    11.424080009503));
#2729 = CARTESIAN_POINT('',(51.595735001323,-20.44826341013,
    11.472890808054));
#2730 = CARTESIAN_POINT('',(51.605904696911,-20.42256548574,
    11.523021398678));
#2731 = CARTESIAN_POINT('',(51.63708601444,-20.34367313664,
    11.703272224359));
#2732 = CARTESIAN_POINT('',(51.651177583444,-20.30781319164,
    11.839738676825));
#2733 = CARTESIAN_POINT('',(51.657151344218,-20.29254996647,
    11.980089175965));
#2734 = CARTESIAN_POINT('',(51.65509783027,-20.29778251606,
    12.121332793849));
#2735 = CARTESIAN_POINT('',(51.645039296848,-20.32344513941,
    12.260708811312));
#2736 = CARTESIAN_POINT('',(51.626889091655,-20.36962430896,
    12.39544796498));
#2737 = CARTESIAN_POINT('',(51.600409464189,-20.4366530886,
    12.522464137316));
#2738 = CARTESIAN_POINT('',(51.541496296509,-20.58466127647,
    12.715008837294));
#2739 = CARTESIAN_POINT('',(51.513483003998,-20.65480930648,
    12.788128521228));
#2740 = CARTESIAN_POINT('',(51.481288690605,-20.73509233039,
    12.853927325438));
#2741 = CARTESIAN_POINT('',(51.445241789684,-20.82451079518,
    12.909906591678));
#2742 = CARTESIAN_POINT('',(51.405867087938,-20.9215789646,
    12.953959231885));
#2743 = CARTESIAN_POINT('',(51.363852684364,-21.02444545297,
    12.98440121096));
#2744 = CARTESIAN_POINT('',(51.320022459414,-21.13099485847,13.));
#2745 = CARTESIAN_POINT('',(51.230605649339,-21.34686613405,13.));
#2746 = CARTESIAN_POINT('',(51.186256491462,-21.45320059049,
    12.98440121096));
#2747 = CARTESIAN_POINT('',(51.143227569659,-21.55564685165,
    12.953959231885));
#2748 = CARTESIAN_POINT('',(51.102432127432,-21.6521265311,
    12.909906591678));
#2749 = CARTESIAN_POINT('',(51.064692732703,-21.74084394199,
    12.853927325438));
#2750 = CARTESIAN_POINT('',(51.030688879398,-21.82037742993,
    12.788128521228));
#2751 = CARTESIAN_POINT('',(51.000895120785,-21.88978796674,
    12.715008837294));
#2752 = CARTESIAN_POINT('',(50.937918820684,-22.03604913101,
    12.522535632402));
#2753 = CARTESIAN_POINT('',(50.909243899223,-22.10217558321,
    12.395561281041));
#2754 = CARTESIAN_POINT('',(50.88940712976,-22.14770327833,
    12.260805072234));
#2755 = CARTESIAN_POINT('',(50.878357875681,-22.17299712492,
    12.121351504406));
#2756 = CARTESIAN_POINT('',(50.876110638101,-22.17814756955,
    11.980001711701));
#2757 = CARTESIAN_POINT('',(50.882698285896,-22.16308761863,
    11.839573045842));
#2758 = CARTESIAN_POINT('',(50.898110376045,-22.12772108728,
    11.703125480894));
#2759 = CARTESIAN_POINT('',(50.943609547988,-22.02275038095,
    11.460029965665));
#2760 = CARTESIAN_POINT('',(50.972471874543,-21.95601283211,
    11.348278853763));
#2761 = CARTESIAN_POINT('',(51.009049454655,-21.87114121284,
    11.244361018601));
#2762 = CARTESIAN_POINT('',(51.052872926211,-21.76893094177,
    11.153315995302));
#2763 = CARTESIAN_POINT('',(51.102942763187,-21.65131940893,
    11.07969567128));
#2764 = CARTESIAN_POINT('',(51.157871761871,-21.52116767537,
    11.027473788345));
#2765 = CARTESIAN_POINT('',(51.215979633678,-21.38217645942,11.));
#2766 = CARTESIAN_POINT('',(51.275314054376,-21.23893049626,11.));
#2767 = ORIENTED_EDGE('',*,*,#2706,.T.);
#2768 = CYLINDRICAL_SURFACE('',#2769,1.);
#2769 = AXIS2_PLACEMENT_3D('',#2770,#2771,#2772);
#2770 = CARTESIAN_POINT('',(50.351434521865,-20.85624706389,12.));
#2771 = DIRECTION('',(0.923879532511,-0.382683432365,2.22044604925E-16)
  );
#2772 = DIRECTION('',(2.051424657948E-16,-8.497279155086E-17,-1.));
#2773 = ADVANCED_FACE('',(#2774),#2840,.F.);
#2774 = FACE_BOUND('',#2775,.F.);
#2775 = EDGE_LOOP('',(#2776,#2777,#2785,#2839));
#2776 = ORIENTED_EDGE('',*,*,#887,.F.);
#2777 = ORIENTED_EDGE('',*,*,#2778,.F.);
#2778 = EDGE_CURVE('',#2779,#888,#2781,.T.);
#2779 = VERTEX_POINT('',#2780);
#2780 = CARTESIAN_POINT('',(55.025189806246,-7.244203668213,11.));
#2781 = LINE('',#2782,#2783);
#2782 = CARTESIAN_POINT('',(54.033744944873,-7.113677475993,11.));
#2783 = VECTOR('',#2784,1.);
#2784 = DIRECTION('',(0.991444861374,-0.13052619222,2.22044604925E-16));
#2785 = ORIENTED_EDGE('',*,*,#2786,.T.);
#2786 = EDGE_CURVE('',#2779,#2779,#2787,.T.);
#2787 = B_SPLINE_CURVE_WITH_KNOTS('',8,(#2788,#2789,#2790,#2791,#2792,
    #2793,#2794,#2795,#2796,#2797,#2798,#2799,#2800,#2801,#2802,#2803,
    #2804,#2805,#2806,#2807,#2808,#2809,#2810,#2811,#2812,#2813,#2814,
    #2815,#2816,#2817,#2818,#2819,#2820,#2821,#2822,#2823,#2824,#2825,
    #2826,#2827,#2828,#2829,#2830,#2831,#2832,#2833,#2834,#2835,#2836,
    #2837,#2838),.UNSPECIFIED.,.T.,.F.,(9,7,7,7,7,7,7,9),(0.,
    9.746379120944E-02,0.174780458622,0.36966263932,0.50118598385,
    0.632709326649,0.827470307747,1.),.UNSPECIFIED.);
#2788 = CARTESIAN_POINT('',(55.025189806246,-7.244203668213,11.));
#2789 = CARTESIAN_POINT('',(55.036342302519,-7.159492048787,11.));
#2790 = CARTESIAN_POINT('',(55.047286106085,-7.075214142535,
    11.008343507949));
#2791 = CARTESIAN_POINT('',(55.057877455282,-6.992482316313,
    11.024873536595));
#2792 = CARTESIAN_POINT('',(55.06798915666,-6.912370641756,
    11.049212794275));
#2793 = CARTESIAN_POINT('',(55.077513846184,-6.835877816021,
    11.080771312015));
#2794 = CARTESIAN_POINT('',(55.086366417262,-6.763886805637,
    11.118754507858));
#2795 = CARTESIAN_POINT('',(55.094485615625,-6.697121213461,
    11.162171688413));
#2796 = CARTESIAN_POINT('',(55.107664807407,-6.587689796384,
    11.247663551563));
#2797 = CARTESIAN_POINT('',(55.113036903835,-6.542673793422,
    11.288333143556));
#2798 = CARTESIAN_POINT('',(55.117955379483,-6.501115957241,
    11.33150601371));
#2799 = CARTESIAN_POINT('',(55.122426085015,-6.463060960196,
    11.376856579439));
#2800 = CARTESIAN_POINT('',(55.126456028941,-6.42853476935,
    11.424080009503));
#2801 = CARTESIAN_POINT('',(55.130052973961,-6.397546866209,
    11.472890808054));
#2802 = CARTESIAN_POINT('',(55.133225033322,-6.370092466451,
    11.523021398678));
#2803 = CARTESIAN_POINT('',(55.14292503076,-6.285817990129,
    11.703272224359));
#2804 = CARTESIAN_POINT('',(55.147255204473,-6.247532776694,
    11.839738676827));
#2805 = CARTESIAN_POINT('',(55.149075000921,-6.23124351025,
    11.980089175963));
#2806 = CARTESIAN_POINT('',(55.148445742253,-6.236829253561,
    12.121332793851));
#2807 = CARTESIAN_POINT('',(55.145371920716,-6.264220784234,
    12.260708811311));
#2808 = CARTESIAN_POINT('',(55.139792217335,-6.313524055524,
    12.395447964981));
#2809 = CARTESIAN_POINT('',(55.131563186034,-6.38512231677,
    12.522464137315));
#2810 = CARTESIAN_POINT('',(55.112964773716,-6.543335097741,
    12.715008837294));
#2811 = CARTESIAN_POINT('',(55.104061657144,-6.618343265214,
    12.788128521228));
#2812 = CARTESIAN_POINT('',(55.093743113965,-6.70422321287,
    12.853927325438));
#2813 = CARTESIAN_POINT('',(55.082067683077,-6.799924441826,
    12.909906591678));
#2814 = CARTESIAN_POINT('',(55.069157732679,-6.903876016293,
    12.953959231885));
#2815 = CARTESIAN_POINT('',(55.055198741482,-7.014111541876,
    12.98440121096));
#2816 = CARTESIAN_POINT('',(55.040439010618,-7.128374461392,13.));
#2817 = CARTESIAN_POINT('',(55.009940602076,-7.36003287351,13.));
#2818 = CARTESIAN_POINT('',(54.994623987083,-7.474222481663,
    12.984401210324));
#2819 = CARTESIAN_POINT('',(54.979576283984,-7.584314673683,
    12.953959232309));
#2820 = CARTESIAN_POINT('',(54.965141691552,-7.688065522914,
    12.909906592488));
#2821 = CARTESIAN_POINT('',(54.95164999087,-7.783527636977,
    12.853927325048));
#2822 = CARTESIAN_POINT('',(54.939389571869,-7.869151934094,
    12.788128520165));
#2823 = CARTESIAN_POINT('',(54.928575780183,-7.94390855379,
    12.715008838198));
#2824 = CARTESIAN_POINT('',(54.905600519878,-8.101485458807,
    12.522535629396));
#2825 = CARTESIAN_POINT('',(54.895017459423,-8.172780312036,
    12.395561289468));
#2826 = CARTESIAN_POINT('',(54.887640042989,-8.221890843339,
    12.260805064617));
#2827 = CARTESIAN_POINT('',(54.883513816142,-8.249182554386,
    12.121351501949));
#2828 = CARTESIAN_POINT('',(54.882676181254,-8.254739151786,
    11.980001721499));
#2829 = CARTESIAN_POINT('',(54.88514156021,-8.238487334429,
    11.839573038414));
#2830 = CARTESIAN_POINT('',(54.890874963492,-8.200336951086,
    11.703125483047));
#2831 = CARTESIAN_POINT('',(54.907655370917,-8.087166981592,
    11.460029965667));
#2832 = CARTESIAN_POINT('',(54.918261288881,-8.015233339789,
    11.348278853763));
#2833 = CARTESIAN_POINT('',(54.931626126718,-7.923786676458,
    11.244361018599));
#2834 = CARTESIAN_POINT('',(54.947502384933,-7.813716786856,
    11.153315995301));
#2835 = CARTESIAN_POINT('',(54.965426028965,-7.687153742425,
    11.07969567128));
#2836 = CARTESIAN_POINT('',(54.984797620007,-7.547220150656,
    11.027473788346));
#2837 = CARTESIAN_POINT('',(55.004951940307,-7.397925521656,11.));
#2838 = CARTESIAN_POINT('',(55.025189806246,-7.244203668213,11.));
#2839 = ORIENTED_EDGE('',*,*,#2778,.T.);
#2840 = CYLINDRICAL_SURFACE('',#2841,1.);
#2841 = AXIS2_PLACEMENT_3D('',#2842,#2843,#2844);
#2842 = CARTESIAN_POINT('',(54.033744944873,-7.113677475993,12.));
#2843 = DIRECTION('',(0.991444861374,-0.13052619222,2.22044604925E-16));
#2844 = DIRECTION('',(2.201449825487E-16,-2.898263678387E-17,-1.));
#2845 = ADVANCED_FACE('',(#2846),#2912,.F.);
#2846 = FACE_BOUND('',#2847,.F.);
#2847 = EDGE_LOOP('',(#2848,#2849,#2857,#2911));
#2848 = ORIENTED_EDGE('',*,*,#945,.F.);
#2849 = ORIENTED_EDGE('',*,*,#2850,.F.);
#2850 = EDGE_CURVE('',#2851,#946,#2853,.T.);
#2851 = VERTEX_POINT('',#2852);
#2852 = CARTESIAN_POINT('',(55.025189806246,7.244203668213,11.));
#2853 = LINE('',#2854,#2855);
#2854 = CARTESIAN_POINT('',(54.033744944873,7.113677475993,11.));
#2855 = VECTOR('',#2856,1.);
#2856 = DIRECTION('',(0.991444861374,0.13052619222,2.22044604925E-16));
#2857 = ORIENTED_EDGE('',*,*,#2858,.T.);
#2858 = EDGE_CURVE('',#2851,#2851,#2859,.T.);
#2859 = B_SPLINE_CURVE_WITH_KNOTS('',8,(#2860,#2861,#2862,#2863,#2864,
    #2865,#2866,#2867,#2868,#2869,#2870,#2871,#2872,#2873,#2874,#2875,
    #2876,#2877,#2878,#2879,#2880,#2881,#2882,#2883,#2884,#2885,#2886,
    #2887,#2888,#2889,#2890,#2891,#2892,#2893,#2894,#2895,#2896,#2897,
    #2898,#2899,#2900,#2901,#2902,#2903,#2904,#2905,#2906,#2907,#2908,
    #2909,#2910),.UNSPECIFIED.,.T.,.F.,(9,7,7,7,7,7,7,9),(0.,
    9.746379015284E-02,0.174780456727,0.369662635312,0.501185978415,
    0.632709321519,0.827470305337,1.),.UNSPECIFIED.);
#2860 = CARTESIAN_POINT('',(55.025189806246,7.244203668213,11.));
#2861 = CARTESIAN_POINT('',(55.014037309974,7.328915287638,11.));
#2862 = CARTESIAN_POINT('',(55.002795485258,7.413153958662,
    11.008343507949));
#2863 = CARTESIAN_POINT('',(54.991613370719,7.495808009151,
    11.024873536595));
#2864 = CARTESIAN_POINT('',(54.980646097118,7.575807045489,
    11.049212794275));
#2865 = CARTESIAN_POINT('',(54.970048440602,7.652158612439,
    11.080771312015));
#2866 = CARTESIAN_POINT('',(54.959966723073,7.723987802623,
    11.118754507858));
#2867 = CARTESIAN_POINT('',(54.950529059648,7.79057981558,
    11.162171688413));
#2868 = CARTESIAN_POINT('',(54.934936246487,7.899693473374,
    11.247663551563));
#2869 = CARTESIAN_POINT('',(54.928474294267,7.9445659941,11.288333143556
    ));
#2870 = CARTESIAN_POINT('',(54.922469217445,7.985980776523,
    11.33150601371));
#2871 = CARTESIAN_POINT('',(54.916938229384,8.023896184724,
    11.376856579439));
#2872 = CARTESIAN_POINT('',(54.911894820554,8.058288950384,
    11.424080009503));
#2873 = CARTESIAN_POINT('',(54.907348943145,8.089151924206,
    11.472890808054));
#2874 = CARTESIAN_POINT('',(54.903307195674,8.116491827352,
    11.523021398678));
#2875 = CARTESIAN_POINT('',(54.890864834227,8.200405264603,
    11.703272224358));
#2876 = CARTESIAN_POINT('',(54.885138518466,8.238506672451,
    11.839738676828));
#2877 = CARTESIAN_POINT('',(54.882680334467,8.254711893579,
    11.980089175961));
#2878 = CARTESIAN_POINT('',(54.883518214018,8.249153615727,
    12.121332793854));
#2879 = CARTESIAN_POINT('',(54.887638580222,8.221899865276,
    12.260708811308));
#2880 = CARTESIAN_POINT('',(54.89500962622,8.172832428713,
    12.395447964982));
#2881 = CARTESIAN_POINT('',(54.905591985967,8.101543989036,
    12.522464137315));
#2882 = CARTESIAN_POINT('',(54.928575780075,7.943908554531,
    12.715008837294));
#2883 = CARTESIAN_POINT('',(54.939389572124,7.869151932256,
    12.788128521228));
#2884 = CARTESIAN_POINT('',(54.951649990824,7.783527637362,
    12.853927325438));
#2885 = CARTESIAN_POINT('',(54.965141691289,7.688065524833,
    12.909906591678));
#2886 = CARTESIAN_POINT('',(54.979576284024,7.584314673337,
    12.953959231885));
#2887 = CARTESIAN_POINT('',(54.994623987385,7.47422247943,12.98440121096
    ));
#2888 = CARTESIAN_POINT('',(55.009940601875,7.360032875034,13.));
#2889 = CARTESIAN_POINT('',(55.040439010618,7.128374461392,13.));
#2890 = CARTESIAN_POINT('',(55.055198741482,7.014111541876,
    12.98440121096));
#2891 = CARTESIAN_POINT('',(55.069157732679,6.903876016293,
    12.953959231885));
#2892 = CARTESIAN_POINT('',(55.082067683077,6.799924441826,
    12.909906591678));
#2893 = CARTESIAN_POINT('',(55.093743113965,6.70422321287,
    12.853927325438));
#2894 = CARTESIAN_POINT('',(55.104061657144,6.618343265214,
    12.788128521228));
#2895 = CARTESIAN_POINT('',(55.112964773716,6.543335097741,
    12.715008837294));
#2896 = CARTESIAN_POINT('',(55.131556280421,6.385181061368,
    12.522535629396));
#2897 = CARTESIAN_POINT('',(55.13978629484,6.313576423752,
    12.395561289468));
#2898 = CARTESIAN_POINT('',(55.145370998592,6.264229877347,
    12.260805064618));
#2899 = CARTESIAN_POINT('',(55.148448984107,6.236800162711,
    12.121351501948));
#2900 = CARTESIAN_POINT('',(55.149078044168,6.231216105913,11.9800017215
    ));
#2901 = CARTESIAN_POINT('',(55.147253137524,6.24755224305,
    11.839573038414));
#2902 = CARTESIAN_POINT('',(55.14291713404,6.285886597567,
    11.703125483047));
#2903 = CARTESIAN_POINT('',(55.129835219508,6.399543482887,
    11.460029965667));
#2904 = CARTESIAN_POINT('',(55.121461953099,6.471771058843,
    11.348278853763));
#2905 = CARTESIAN_POINT('',(55.110703257049,6.56356082725,
    11.244361018599));
#2906 = CARTESIAN_POINT('',(55.097550361163,6.673989254304,
    11.153315995301));
#2907 = CARTESIAN_POINT('',(55.08210634553,6.800878748006,11.07969567128
    ));
#2908 = CARTESIAN_POINT('',(55.064600387013,6.941057954958,
    11.027473788346));
#2909 = CARTESIAN_POINT('',(55.045427672186,7.09048181477,11.));
#2910 = CARTESIAN_POINT('',(55.025189806246,7.244203668213,11.));
#2911 = ORIENTED_EDGE('',*,*,#2850,.T.);
#2912 = CYLINDRICAL_SURFACE('',#2913,1.);
#2913 = AXIS2_PLACEMENT_3D('',#2914,#2915,#2916);
#2914 = CARTESIAN_POINT('',(54.033744944873,7.113677475993,12.));
#2915 = DIRECTION('',(0.991444861374,0.13052619222,2.22044604925E-16));
#2916 = DIRECTION('',(2.201449825487E-16,2.898263678387E-17,-1.));
#2917 = ADVANCED_FACE('',(#2918),#2984,.F.);
#2918 = FACE_BOUND('',#2919,.F.);
#2919 = EDGE_LOOP('',(#2920,#2921,#2929,#2983));
#2920 = ORIENTED_EDGE('',*,*,#1003,.F.);
#2921 = ORIENTED_EDGE('',*,*,#2922,.F.);
#2922 = EDGE_CURVE('',#2923,#1004,#2925,.T.);
#2923 = VERTEX_POINT('',#2924);
#2924 = CARTESIAN_POINT('',(51.275314054376,21.238930496262,11.));
#2925 = LINE('',#2926,#2927);
#2926 = CARTESIAN_POINT('',(50.351434521865,20.856247063897,11.));
#2927 = VECTOR('',#2928,1.);
#2928 = DIRECTION('',(0.923879532511,0.382683432365,2.22044604925E-16));
#2929 = ORIENTED_EDGE('',*,*,#2930,.T.);
#2930 = EDGE_CURVE('',#2923,#2923,#2931,.T.);
#2931 = B_SPLINE_CURVE_WITH_KNOTS('',8,(#2932,#2933,#2934,#2935,#2936,
    #2937,#2938,#2939,#2940,#2941,#2942,#2943,#2944,#2945,#2946,#2947,
    #2948,#2949,#2950,#2951,#2952,#2953,#2954,#2955,#2956,#2957,#2958,
    #2959,#2960,#2961,#2962,#2963,#2964,#2965,#2966,#2967,#2968,#2969,
    #2970,#2971,#2972,#2973,#2974,#2975,#2976,#2977,#2978,#2979,#2980,
    #2981,#2982),.UNSPECIFIED.,.T.,.F.,(9,7,7,7,7,7,7,9),(0.,
    9.746379015172E-02,0.174780456725,0.369662635309,0.501185978412,
    0.632709321515,0.827470305333,1.),.UNSPECIFIED.);
#2932 = CARTESIAN_POINT('',(51.275314054376,21.238930496262,11.));
#2933 = CARTESIAN_POINT('',(51.242616589751,21.317869158817,11.));
#2934 = CARTESIAN_POINT('',(51.209955248527,21.396327868392,
    11.008343507949));
#2935 = CARTESIAN_POINT('',(51.177761712881,21.4732714062,
    11.024873536595));
#2936 = CARTESIAN_POINT('',(51.146462865871,21.547706002196,
    11.049212794275));
#2937 = CARTESIAN_POINT('',(51.116465076094,21.618713077251,
    11.080771312015));
#2938 = CARTESIAN_POINT('',(51.088136122345,21.685485406628,
    11.118754507858));
#2939 = CARTESIAN_POINT('',(51.061784758298,21.747365704731,
    11.162171688413));
#2940 = CARTESIAN_POINT('',(51.018482564644,21.848725687783,
    11.247663551563));
#2941 = CARTESIAN_POINT('',(51.000626935141,21.890396738139,
    11.288333143556));
#2942 = CARTESIAN_POINT('',(50.98410754191,21.928846117823,
    11.33150601371));
#2943 = CARTESIAN_POINT('',(50.968951787951,21.964038064771,
    11.376856579439));
#2944 = CARTESIAN_POINT('',(50.955178726344,21.995953595101,
    11.424080009503));
#2945 = CARTESIAN_POINT('',(50.942799820537,22.024588378942,
    11.472890808054));
#2946 = CARTESIAN_POINT('',(50.931819704647,22.049950616258,
    11.523021398678));
#2947 = CARTESIAN_POINT('',(50.898082910684,22.127784452363,
    11.703272224359));
#2948 = CARTESIAN_POINT('',(50.882690344405,22.163105506644,
    11.839738676827));
#2949 = CARTESIAN_POINT('',(50.876121701137,22.178122323416,
    11.980089175962));
#2950 = CARTESIAN_POINT('',(50.878369618799,22.172970298478,
    12.121332793852));
#2951 = CARTESIAN_POINT('',(50.889403376598,22.147711626296,
    12.26070881131));
#2952 = CARTESIAN_POINT('',(50.90922284737,22.10222388918,
    12.395447964981));
#2953 = CARTESIAN_POINT('',(50.937895427837,22.036103460423,
    12.522464137315));
#2954 = CARTESIAN_POINT('',(51.000895120785,21.88978796674,
    12.715008837294));
#2955 = CARTESIAN_POINT('',(51.030688879398,21.820377429931,
    12.788128521228));
#2956 = CARTESIAN_POINT('',(51.064692732703,21.740843941996,
    12.853927325438));
#2957 = CARTESIAN_POINT('',(51.102432127432,21.652126531103,
    12.909906591678));
#2958 = CARTESIAN_POINT('',(51.143227569659,21.555646851652,
    12.953959231885));
#2959 = CARTESIAN_POINT('',(51.186256491462,21.453200590499,
    12.98440121096));
#2960 = CARTESIAN_POINT('',(51.230605649339,21.346866134055,13.));
#2961 = CARTESIAN_POINT('',(51.320022459414,21.13099485847,13.));
#2962 = CARTESIAN_POINT('',(51.363852684364,21.02444545297,
    12.98440121096));
#2963 = CARTESIAN_POINT('',(51.405867087938,20.921578964607,
    12.953959231885));
#2964 = CARTESIAN_POINT('',(51.445241789684,20.82451079518,
    12.909906591678));
#2965 = CARTESIAN_POINT('',(51.481288690605,20.735092330398,
    12.853927325438));
#2966 = CARTESIAN_POINT('',(51.513483003998,20.654809306489,
    12.788128521228));
#2967 = CARTESIAN_POINT('',(51.541496296509,20.584661276473,
    12.715008837294));
#2968 = CARTESIAN_POINT('',(51.600387589658,20.436708044221,
    12.522535629395));
#2969 = CARTESIAN_POINT('',(51.626869817069,20.36967335994,
    12.395561289467));
#2970 = CARTESIAN_POINT('',(51.645036052674,20.32345368402,
    12.260805064617));
#2971 = CARTESIAN_POINT('',(51.655108490926,20.297755255518,
    12.121351501947));
#2972 = CARTESIAN_POINT('',(51.657161376533,20.292524283567,
    11.9800017215));
#2973 = CARTESIAN_POINT('',(51.651170548662,20.307831459732,
    11.839573038416));
#2974 = CARTESIAN_POINT('',(51.637060629882,20.343737362514,
    11.703125483047));
#2975 = CARTESIAN_POINT('',(51.59500790425,20.450135634754,
    11.460029965665));
#2976 = CARTESIAN_POINT('',(51.568226077736,20.517734954924,
    11.348278853763));
#2977 = CARTESIAN_POINT('',(51.534077035156,20.603612507377,
    11.2443610186));
#2978 = CARTESIAN_POINT('',(51.492791333287,20.70687395707,
    11.153315995302));
#2979 = CARTESIAN_POINT('',(51.445032142131,20.825442590744,
    11.07969567128));
#2980 = CARTESIAN_POINT('',(51.391841636199,20.956314431583,
    11.027473788345));
#2981 = CARTESIAN_POINT('',(51.334648475075,21.095684533096,11.));
#2982 = CARTESIAN_POINT('',(51.275314054376,21.238930496262,11.));
#2983 = ORIENTED_EDGE('',*,*,#2922,.T.);
#2984 = CYLINDRICAL_SURFACE('',#2985,1.);
#2985 = AXIS2_PLACEMENT_3D('',#2986,#2987,#2988);
#2986 = CARTESIAN_POINT('',(50.351434521865,20.856247063897,12.));
#2987 = DIRECTION('',(0.923879532511,0.382683432365,2.22044604925E-16));
#2988 = DIRECTION('',(2.051424657948E-16,8.497279155086E-17,-1.));
#2989 = ADVANCED_FACE('',(#2990),#3056,.F.);
#2990 = FACE_BOUND('',#2991,.F.);
#2991 = EDGE_LOOP('',(#2992,#2993,#3001,#3055));
#2992 = ORIENTED_EDGE('',*,*,#1061,.F.);
#2993 = ORIENTED_EDGE('',*,*,#2994,.F.);
#2994 = EDGE_CURVE('',#2995,#1062,#2997,.T.);
#2995 = VERTEX_POINT('',#2996);
#2996 = CARTESIAN_POINT('',(44.031110386164,33.786259309984,11.));
#2997 = LINE('',#2998,#2999);
#2998 = CARTESIAN_POINT('',(43.237757045872,33.177497880975,11.));
#2999 = VECTOR('',#3000,1.);
#3000 = DIRECTION('',(0.793353340291,0.608761429009,2.22044604925E-16));
#3001 = ORIENTED_EDGE('',*,*,#3002,.T.);
#3002 = EDGE_CURVE('',#2995,#2995,#3003,.T.);
#3003 = B_SPLINE_CURVE_WITH_KNOTS('',8,(#3004,#3005,#3006,#3007,#3008,
    #3009,#3010,#3011,#3012,#3013,#3014,#3015,#3016,#3017,#3018,#3019,
    #3020,#3021,#3022,#3023,#3024,#3025,#3026,#3027,#3028,#3029,#3030,
    #3031,#3032,#3033,#3034,#3035,#3036,#3037,#3038,#3039,#3040,#3041,
    #3042,#3043,#3044,#3045,#3046,#3047,#3048,#3049,#3050,#3051,#3052,
    #3053,#3054),.UNSPECIFIED.,.T.,.F.,(9,7,7,7,7,7,7,9),(0.,
    9.746379187142E-02,0.174780459809,0.369662641831,0.501185987255,
    0.632709330948,0.827470308273,1.),.UNSPECIFIED.);
#3004 = CARTESIAN_POINT('',(44.031110386164,33.786259309984,11.));
#3005 = CARTESIAN_POINT('',(43.979096231364,33.854045476266,11.));
#3006 = CARTESIAN_POINT('',(43.927241190062,33.921377392995,
    11.008343507949));
#3007 = CARTESIAN_POINT('',(43.876230169559,33.987366843176,
    11.024873536595));
#3008 = CARTESIAN_POINT('',(43.826732713842,34.051164404121,
    11.049212794275));
#3009 = CARTESIAN_POINT('',(43.779379090603,34.111987972462,
    11.080771312015));
#3010 = CARTESIAN_POINT('',(43.734733472017,34.169153017129,
    11.118754507858));
#3011 = CARTESIAN_POINT('',(43.69326420926,34.222104560326,
    11.162171688413));
#3012 = CARTESIAN_POINT('',(43.625203608049,34.308803353296,
    11.247663551563));
#3013 = CARTESIAN_POINT('',(43.597171132906,34.344433120066,
    11.288333143556));
#3014 = CARTESIAN_POINT('',(43.571263192615,34.377296835325,
    11.33150601371));
#3015 = CARTESIAN_POINT('',(43.547515512345,34.407367047992,
    11.376856579439));
#3016 = CARTESIAN_POINT('',(43.525951409347,34.434630352345,
    11.424080009503));
#3017 = CARTESIAN_POINT('',(43.506583077117,34.459085533007,
    11.472890808054));
#3018 = CARTESIAN_POINT('',(43.489412869559,34.480741709933,
    11.523021398678));
#3019 = CARTESIAN_POINT('',(43.436680749837,34.547191697587,
    11.703272224359));
#3020 = CARTESIAN_POINT('',(43.412670910994,34.577325326823,
    11.839738676826));
#3021 = CARTESIAN_POINT('',(43.40243945064,34.590130367993,
    11.980089175964));
#3022 = CARTESIAN_POINT('',(43.405944214541,34.585735697952,
    12.121332793849));
#3023 = CARTESIAN_POINT('',(43.423139431575,34.564193440809,
    12.260708811312));
#3024 = CARTESIAN_POINT('',(43.45405666294,34.52538531725,12.39544796498
    ));
#3025 = CARTESIAN_POINT('',(43.498865475153,34.468938897366,
    12.522464137315));
#3026 = CARTESIAN_POINT('',(43.597587741978,34.343914503602,
    12.715008837294));
#3027 = CARTESIAN_POINT('',(43.644331071741,34.284580265635,
    12.788128521228));
#3028 = CARTESIAN_POINT('',(43.697761053243,34.216557660426,
    12.853927325438));
#3029 = CARTESIAN_POINT('',(43.757176264851,34.140630896109,
    12.909906591678));
#3030 = CARTESIAN_POINT('',(43.821552414601,34.057997319417,
    12.953959231885));
#3031 = CARTESIAN_POINT('',(43.889630204934,33.970178534416,
    12.98440121096));
#3032 = CARTESIAN_POINT('',(43.95998958438,33.878945743405,13.));
#3033 = CARTESIAN_POINT('',(44.102231187012,33.693572877782,13.));
#3034 = CARTESIAN_POINT('',(44.172144950952,33.60199814919,
    12.984401210324));
#3035 = CARTESIAN_POINT('',(44.239351553582,33.513510880754,
    12.953959232309));
#3036 = CARTESIAN_POINT('',(44.302507684435,33.429941153517,
    12.909906592488));
#3037 = CARTESIAN_POINT('',(44.360469519594,33.352899172274,
    12.853927325048));
#3038 = CARTESIAN_POINT('',(44.412345615303,33.283684225733,
    12.788128520165));
#3039 = CARTESIAN_POINT('',(44.457560022598,33.223176807576,
    12.715008838198));
#3040 = CARTESIAN_POINT('',(44.552737756845,33.095507149113,
    12.522535632403));
#3041 = CARTESIAN_POINT('',(44.595667483578,33.037610712578,
    12.395561281039));
#3042 = CARTESIAN_POINT('',(44.625177239394,32.997667718737,
    12.260805072239));
#3043 = CARTESIAN_POINT('',(44.641557726063,32.975451860715,
    12.1213515044));
#3044 = CARTESIAN_POINT('',(44.64489452316,32.970930473568,
    11.980001711705));
#3045 = CARTESIAN_POINT('',(44.635146046989,32.984165519366,
    11.839573045841));
#3046 = CARTESIAN_POINT('',(44.612223777472,33.015196046634,
    11.703125480895));
#3047 = CARTESIAN_POINT('',(44.544066065113,33.107084838542,
    11.46002996571));
#3048 = CARTESIAN_POINT('',(44.500700815709,33.165449120971,
    11.348278853767));
#3049 = CARTESIAN_POINT('',(44.445488627397,33.239562044218,
    11.244361018571));
#3050 = CARTESIAN_POINT('',(44.378883671886,33.328619419422,
    11.153315995278));
#3051 = CARTESIAN_POINT('',(44.302064015167,33.430786936615,
    11.079695671282));
#3052 = CARTESIAN_POINT('',(44.216813806923,33.543432711627,
    11.027473788361));
#3053 = CARTESIAN_POINT('',(44.125497818934,33.66325121272,11.));
#3054 = CARTESIAN_POINT('',(44.031110386164,33.786259309984,11.));
#3055 = ORIENTED_EDGE('',*,*,#2994,.T.);
#3056 = CYLINDRICAL_SURFACE('',#3057,1.);
#3057 = AXIS2_PLACEMENT_3D('',#3058,#3059,#3060);
#3058 = CARTESIAN_POINT('',(43.237757045872,33.177497880975,12.));
#3059 = DIRECTION('',(0.793353340291,0.608761429009,2.22044604925E-16));
#3060 = DIRECTION('',(1.761598290109E-16,1.351721909978E-16,-1.));
#3061 = ADVANCED_FACE('',(#3062),#3128,.F.);
#3062 = FACE_BOUND('',#3063,.F.);
#3063 = EDGE_LOOP('',(#3064,#3065,#3073,#3127));
#3064 = ORIENTED_EDGE('',*,*,#1119,.F.);
#3065 = ORIENTED_EDGE('',*,*,#3066,.F.);
#3066 = EDGE_CURVE('',#3067,#1120,#3069,.T.);
#3067 = VERTEX_POINT('',#3068);
#3068 = CARTESIAN_POINT('',(33.786259309984,-44.03111038616,11.));
#3069 = LINE('',#3070,#3071);
#3070 = CARTESIAN_POINT('',(33.177497880975,-43.23775704587,11.));
#3071 = VECTOR('',#3072,1.);
#3072 = DIRECTION('',(0.608761429009,-0.793353340291,2.22044604925E-16)
  );
#3073 = ORIENTED_EDGE('',*,*,#3074,.T.);
#3074 = EDGE_CURVE('',#3067,#3067,#3075,.T.);
#3075 = B_SPLINE_CURVE_WITH_KNOTS('',8,(#3076,#3077,#3078,#3079,#3080,
    #3081,#3082,#3083,#3084,#3085,#3086,#3087,#3088,#3089,#3090,#3091,
    #3092,#3093,#3094,#3095,#3096,#3097,#3098,#3099,#3100,#3101,#3102,
    #3103,#3104,#3105,#3106,#3107,#3108,#3109,#3110,#3111,#3112,#3113,
    #3114,#3115,#3116,#3117,#3118,#3119,#3120,#3121,#3122,#3123,#3124,
    #3125,#3126),.UNSPECIFIED.,.T.,.F.,(9,7,7,7,7,7,7,9),(0.,
    9.746379015249E-02,0.174780456726,0.369662635311,0.501185978414,
    0.632709321518,0.827470305336,1.),.UNSPECIFIED.);
#3076 = CARTESIAN_POINT('',(33.786259309984,-44.03111038616,11.));
#3077 = CARTESIAN_POINT('',(33.854045476266,-43.97909623136,11.));
#3078 = CARTESIAN_POINT('',(33.921377392995,-43.92724119006,
    11.008343507949));
#3079 = CARTESIAN_POINT('',(33.987366843176,-43.87623016955,
    11.024873536595));
#3080 = CARTESIAN_POINT('',(34.051164404121,-43.82673271384,
    11.049212794275));
#3081 = CARTESIAN_POINT('',(34.111987972462,-43.7793790906,
    11.080771312015));
#3082 = CARTESIAN_POINT('',(34.169153017129,-43.73473347201,
    11.118754507858));
#3083 = CARTESIAN_POINT('',(34.222104560326,-43.69326420926,
    11.162171688413));
#3084 = CARTESIAN_POINT('',(34.308803353296,-43.62520360804,
    11.247663551563));
#3085 = CARTESIAN_POINT('',(34.344433120066,-43.5971711329,
    11.288333143556));
#3086 = CARTESIAN_POINT('',(34.377296835325,-43.57126319261,
    11.33150601371));
#3087 = CARTESIAN_POINT('',(34.407367047992,-43.54751551234,
    11.376856579439));
#3088 = CARTESIAN_POINT('',(34.434630352345,-43.52595140934,
    11.424080009503));
#3089 = CARTESIAN_POINT('',(34.459085533007,-43.50658307711,
    11.472890808054));
#3090 = CARTESIAN_POINT('',(34.480741709933,-43.48941286955,
    11.523021398678));
#3091 = CARTESIAN_POINT('',(34.547191697587,-43.43668074983,
    11.703272224358));
#3092 = CARTESIAN_POINT('',(34.577325326822,-43.41267091099,
    11.839738676826));
#3093 = CARTESIAN_POINT('',(34.590130367994,-43.40243945064,
    11.980089175963));
#3094 = CARTESIAN_POINT('',(34.58573569795,-43.40594421454,
    12.121332793852));
#3095 = CARTESIAN_POINT('',(34.564193440811,-43.42313943157,
    12.26070881131));
#3096 = CARTESIAN_POINT('',(34.525385317249,-43.45405666294,
    12.395447964982));
#3097 = CARTESIAN_POINT('',(34.468938897366,-43.49886547515,
    12.522464137315));
#3098 = CARTESIAN_POINT('',(34.343914503602,-43.59758774197,
    12.715008837294));
#3099 = CARTESIAN_POINT('',(34.284580265635,-43.64433107174,
    12.788128521228));
#3100 = CARTESIAN_POINT('',(34.216557660426,-43.69776105324,
    12.853927325438));
#3101 = CARTESIAN_POINT('',(34.140630896109,-43.75717626485,
    12.909906591678));
#3102 = CARTESIAN_POINT('',(34.057997319417,-43.8215524146,
    12.953959231885));
#3103 = CARTESIAN_POINT('',(33.970178534416,-43.88963020493,
    12.98440121096));
#3104 = CARTESIAN_POINT('',(33.878945743405,-43.95998958438,13.));
#3105 = CARTESIAN_POINT('',(33.693572876563,-44.10223118794,13.));
#3106 = CARTESIAN_POINT('',(33.601998150983,-44.17214494958,
    12.98440121096));
#3107 = CARTESIAN_POINT('',(33.513510881027,-44.23935155336,
    12.953959231885));
#3108 = CARTESIAN_POINT('',(33.429941151975,-44.3025076856,
    12.909906591678));
#3109 = CARTESIAN_POINT('',(33.352899171969,-44.36046951983,
    12.853927325438));
#3110 = CARTESIAN_POINT('',(33.283684227213,-44.41234561418,
    12.788128521228));
#3111 = CARTESIAN_POINT('',(33.223176806976,-44.45756002304,
    12.715008837294));
#3112 = CARTESIAN_POINT('',(33.095507147118,-44.55273775833,
    12.522535629396));
#3113 = CARTESIAN_POINT('',(33.037610719123,-44.5956674787,
    12.395561289466));
#3114 = CARTESIAN_POINT('',(32.997667708224,-44.62517724722,
    12.26080506462));
#3115 = CARTESIAN_POINT('',(32.975451871287,-44.64155771819,
    12.121351501944));
#3116 = CARTESIAN_POINT('',(32.970930466276,-44.64489452858,
    11.980001721502));
#3117 = CARTESIAN_POINT('',(32.984165522713,-44.6351460445,
    11.839573038414));
#3118 = CARTESIAN_POINT('',(33.015196045821,-44.61222377807,
    11.703125483047));
#3119 = CARTESIAN_POINT('',(33.107084838558,-44.5440660651,
    11.460029965666));
#3120 = CARTESIAN_POINT('',(33.165449120985,-44.50070081569,
    11.348278853763));
#3121 = CARTESIAN_POINT('',(33.239562044207,-44.4454886274,
    11.244361018599));
#3122 = CARTESIAN_POINT('',(33.328619419392,-44.3788836719,
    11.153315995302));
#3123 = CARTESIAN_POINT('',(33.430786936595,-44.30206401518,
    11.07969567128));
#3124 = CARTESIAN_POINT('',(33.543432711641,-44.21681380691,
    11.027473788345));
#3125 = CARTESIAN_POINT('',(33.663251212756,-44.1254978189,11.));
#3126 = CARTESIAN_POINT('',(33.786259309984,-44.03111038616,11.));
#3127 = ORIENTED_EDGE('',*,*,#3066,.T.);
#3128 = CYLINDRICAL_SURFACE('',#3129,1.);
#3129 = AXIS2_PLACEMENT_3D('',#3130,#3131,#3132);
#3130 = CARTESIAN_POINT('',(33.177497880975,-43.23775704587,12.));
#3131 = DIRECTION('',(0.608761429009,-0.793353340291,2.22044604925E-16)
  );
#3132 = DIRECTION('',(1.351721909978E-16,-1.761598290109E-16,-1.));
#3133 = ADVANCED_FACE('',(#3134),#3200,.F.);
#3134 = FACE_BOUND('',#3135,.F.);
#3135 = EDGE_LOOP('',(#3136,#3137,#3145,#3199));
#3136 = ORIENTED_EDGE('',*,*,#1177,.F.);
#3137 = ORIENTED_EDGE('',*,*,#3138,.F.);
#3138 = EDGE_CURVE('',#3139,#1178,#3141,.T.);
#3139 = VERTEX_POINT('',#3140);
#3140 = CARTESIAN_POINT('',(33.786259309984,44.031110386164,11.));
#3141 = LINE('',#3142,#3143);
#3142 = CARTESIAN_POINT('',(33.177497880975,43.237757045872,11.));
#3143 = VECTOR('',#3144,1.);
#3144 = DIRECTION('',(0.608761429009,0.793353340291,2.22044604925E-16));
#3145 = ORIENTED_EDGE('',*,*,#3146,.T.);
#3146 = EDGE_CURVE('',#3139,#3139,#3147,.T.);
#3147 = B_SPLINE_CURVE_WITH_KNOTS('',8,(#3148,#3149,#3150,#3151,#3152,
    #3153,#3154,#3155,#3156,#3157,#3158,#3159,#3160,#3161,#3162,#3163,
    #3164,#3165,#3166,#3167,#3168,#3169,#3170,#3171,#3172,#3173,#3174,
    #3175,#3176,#3177,#3178,#3179,#3180,#3181,#3182,#3183,#3184,#3185,
    #3186,#3187,#3188,#3189,#3190,#3191,#3192,#3193,#3194,#3195,#3196,
    #3197,#3198),.UNSPECIFIED.,.T.,.F.,(9,7,7,7,7,7,7,9),(0.,
    9.746378945327E-02,0.174780455472,0.36966263266,0.501185976354,
    0.632709321778,0.827470303935,1.),.UNSPECIFIED.);
#3148 = CARTESIAN_POINT('',(33.786259309984,44.031110386164,11.));
#3149 = CARTESIAN_POINT('',(33.718473143702,44.083124540964,11.));
#3150 = CARTESIAN_POINT('',(33.650958237693,44.134741105992,
    11.008343507949));
#3151 = CARTESIAN_POINT('',(33.584606049081,44.185279396568,
    11.024873536595));
#3152 = CARTESIAN_POINT('',(33.520283154464,44.234092224116,
    11.049212794275));
#3153 = CARTESIAN_POINT('',(33.458800768932,44.280587260074,
    11.080771312015));
#3154 = CARTESIAN_POINT('',(33.400881010635,44.324249316709,
    11.118754507858));
#3155 = CARTESIAN_POINT('',(33.347119910894,44.364663544837,
    11.162171688413));
#3156 = CARTESIAN_POINT('',(33.258939119623,44.43079276826,
    11.247663551563));
#3157 = CARTESIAN_POINT('',(33.222640165695,44.457953141719,
    11.288333143556));
#3158 = CARTESIAN_POINT('',(33.18910926166,44.482991584669,
    11.33150601371));
#3159 = CARTESIAN_POINT('',(33.158388020245,44.505890827755,
    11.376856579439));
#3160 = CARTESIAN_POINT('',(33.130502433839,44.526643956993,
    11.424080009503));
#3161 = CARTESIAN_POINT('',(33.105464595019,44.545252954328,
    11.472890808054));
#3162 = CARTESIAN_POINT('',(33.083274417064,44.561727238196,
    11.523021398678));
#3163 = CARTESIAN_POINT('',(33.015140578397,44.612264920555,
    11.703272224359));
#3164 = CARTESIAN_POINT('',(32.98414969783,44.63515756771,
    11.839738676825));
#3165 = CARTESIAN_POINT('',(32.970952677504,44.644878190886,
    11.980089175965));
#3166 = CARTESIAN_POINT('',(32.975475443776,44.641540365239,
    12.121332793848));
#3167 = CARTESIAN_POINT('',(32.99766029442,44.625182592363,
    12.260708811313));
#3168 = CARTESIAN_POINT('',(33.037568328155,44.595698791847,
    12.39544796498));
#3169 = CARTESIAN_POINT('',(33.095459725611,44.552773111067,
    12.522464137316));
#3170 = CARTESIAN_POINT('',(33.223176807576,44.457560022598,
    12.715008838198));
#3171 = CARTESIAN_POINT('',(33.283684225733,44.412345615303,
    12.788128520165));
#3172 = CARTESIAN_POINT('',(33.352899172274,44.360469519593,
    12.853927325048));
#3173 = CARTESIAN_POINT('',(33.429941153517,44.302507684435,
    12.909906592488));
#3174 = CARTESIAN_POINT('',(33.513510880754,44.239351553582,
    12.953959232309));
#3175 = CARTESIAN_POINT('',(33.60199814919,44.172144950952,
    12.984401210324));
#3176 = CARTESIAN_POINT('',(33.693572877782,44.102231187012,13.));
#3177 = CARTESIAN_POINT('',(33.878945743405,43.95998958438,13.));
#3178 = CARTESIAN_POINT('',(33.970178534416,43.889630204934,
    12.98440121096));
#3179 = CARTESIAN_POINT('',(34.057997319417,43.821552414601,
    12.953959231885));
#3180 = CARTESIAN_POINT('',(34.140630896109,43.757176264851,
    12.909906591678));
#3181 = CARTESIAN_POINT('',(34.216557660426,43.697761053243,
    12.853927325438));
#3182 = CARTESIAN_POINT('',(34.284580265635,43.644331071741,
    12.788128521228));
#3183 = CARTESIAN_POINT('',(34.343914503602,43.597587741978,
    12.715008837294));
#3184 = CARTESIAN_POINT('',(34.468892473704,43.498902132392,
    12.522535632403));
#3185 = CARTESIAN_POINT('',(34.525344105889,43.454089499973,
    12.39556128104));
#3186 = CARTESIAN_POINT('',(34.564186348683,43.423145217464,
    12.260805072237));
#3187 = CARTESIAN_POINT('',(34.585758570965,43.405925928365,
    12.121351504403));
#3188 = CARTESIAN_POINT('',(34.590151890561,43.402422230388,
    11.980001711703));
#3189 = CARTESIAN_POINT('',(34.577310103745,43.412683211642,
    11.839573045841));
#3190 = CARTESIAN_POINT('',(34.547137600185,43.436723679426,
    11.703125480894));
#3191 = CARTESIAN_POINT('',(34.457519736165,43.507840922658,
    11.460029965672));
#3192 = CARTESIAN_POINT('',(34.400526333959,43.552992737946,
    11.348278853764));
#3193 = CARTESIAN_POINT('',(34.328013619339,43.610290358699,
    11.244361018596));
#3194 = CARTESIAN_POINT('',(34.240628427858,43.679074546433,
    11.153315995298));
#3195 = CARTESIAN_POINT('',(34.139983438218,43.757878399707,
    11.07969567128));
#3196 = CARTESIAN_POINT('',(34.028483188427,43.844621485543,
    11.027473788348));
#3197 = CARTESIAN_POINT('',(33.909267407217,43.936722953417,11.));
#3198 = CARTESIAN_POINT('',(33.786259309984,44.031110386164,11.));
#3199 = ORIENTED_EDGE('',*,*,#3138,.T.);
#3200 = CYLINDRICAL_SURFACE('',#3201,1.);
#3201 = AXIS2_PLACEMENT_3D('',#3202,#3203,#3204);
#3202 = CARTESIAN_POINT('',(33.177497880975,43.237757045872,12.));
#3203 = DIRECTION('',(0.608761429009,0.793353340291,2.22044604925E-16));
#3204 = DIRECTION('',(1.351721909978E-16,1.761598290109E-16,-1.));
#3205 = ADVANCED_FACE('',(#3206),#3225,.F.);
#3206 = FACE_BOUND('',#3207,.F.);
#3207 = EDGE_LOOP('',(#3208,#3217,#3218,#3219));
#3208 = ORIENTED_EDGE('',*,*,#3209,.F.);
#3209 = EDGE_CURVE('',#1652,#3210,#3212,.T.);
#3210 = VERTEX_POINT('',#3211);
#3211 = CARTESIAN_POINT('',(32.49569643865,36.674646732683,15.6));
#3212 = CIRCLE('',#3213,49.);
#3213 = AXIS2_PLACEMENT_3D('',#3214,#3215,#3216);
#3214 = CARTESIAN_POINT('',(0.,0.,15.6));
#3215 = DIRECTION('',(0.,0.,-1.));
#3216 = DIRECTION('',(0.386239359582,0.922398589065,0.));
#3217 = ORIENTED_EDGE('',*,*,#1651,.T.);
#3218 = ORIENTED_EDGE('',*,*,#1260,.F.);
#3219 = ORIENTED_EDGE('',*,*,#3220,.F.);
#3220 = EDGE_CURVE('',#3210,#1261,#3221,.T.);
#3221 = LINE('',#3222,#3223);
#3222 = CARTESIAN_POINT('',(32.49569643865,36.674646732683,15.59));
#3223 = VECTOR('',#3224,1.);
#3224 = DIRECTION('',(0.,0.,1.));
#3225 = CYLINDRICAL_SURFACE('',#3226,49.);
#3226 = AXIS2_PLACEMENT_3D('',#3227,#3228,#3229);
#3227 = CARTESIAN_POINT('',(0.,0.,15.59));
#3228 = DIRECTION('',(0.,0.,1.));
#3229 = DIRECTION('',(1.,0.,-0.));
#3230 = ADVANCED_FACE('',(#3231),#3250,.F.);
#3231 = FACE_BOUND('',#3232,.F.);
#3232 = EDGE_LOOP('',(#3233,#3242,#3243,#3244));
#3233 = ORIENTED_EDGE('',*,*,#3234,.F.);
#3234 = EDGE_CURVE('',#3210,#3235,#3237,.T.);
#3235 = VERTEX_POINT('',#3236);
#3236 = CARTESIAN_POINT('',(36.674646732683,32.49569643865,15.6));
#3237 = CIRCLE('',#3238,3.8);
#3238 = AXIS2_PLACEMENT_3D('',#3239,#3240,#3241);
#3239 = CARTESIAN_POINT('',(36.27457787487,36.27457787487,15.6));
#3240 = DIRECTION('',(0.,0.,-1.));
#3241 = DIRECTION('',(-0.994442483216,0.105281278372,0.));
#3242 = ORIENTED_EDGE('',*,*,#3220,.T.);
#3243 = ORIENTED_EDGE('',*,*,#1269,.T.);
#3244 = ORIENTED_EDGE('',*,*,#3245,.F.);
#3245 = EDGE_CURVE('',#3235,#1270,#3246,.T.);
#3246 = LINE('',#3247,#3248);
#3247 = CARTESIAN_POINT('',(36.674646732683,32.49569643865,15.59));
#3248 = VECTOR('',#3249,1.);
#3249 = DIRECTION('',(0.,0.,1.));
#3250 = CYLINDRICAL_SURFACE('',#3251,3.8);
#3251 = AXIS2_PLACEMENT_3D('',#3252,#3253,#3254);
#3252 = CARTESIAN_POINT('',(36.27457787487,36.27457787487,14.6));
#3253 = DIRECTION('',(0.,0.,1.));
#3254 = DIRECTION('',(0.707106781187,0.707106781187,0.));
#3255 = ADVANCED_FACE('',(#3256),#3299,.F.);
#3256 = FACE_BOUND('',#3257,.F.);
#3257 = EDGE_LOOP('',(#3258,#3267,#3268,#3269,#3277,#3286,#3292,#3293));
#3258 = ORIENTED_EDGE('',*,*,#3259,.F.);
#3259 = EDGE_CURVE('',#3235,#3260,#3262,.T.);
#3260 = VERTEX_POINT('',#3261);
#3261 = CARTESIAN_POINT('',(36.674646732683,-32.49569643865,15.6));
#3262 = CIRCLE('',#3263,49.);
#3263 = AXIS2_PLACEMENT_3D('',#3264,#3265,#3266);
#3264 = CARTESIAN_POINT('',(0.,0.,15.6));
#3265 = DIRECTION('',(0.,0.,-1.));
#3266 = DIRECTION('',(0.386239359582,0.922398589065,0.));
#3267 = ORIENTED_EDGE('',*,*,#3245,.T.);
#3268 = ORIENTED_EDGE('',*,*,#1278,.F.);
#3269 = ORIENTED_EDGE('',*,*,#3270,.F.);
#3270 = EDGE_CURVE('',#3271,#1279,#3273,.T.);
#3271 = VERTEX_POINT('',#3272);
#3272 = CARTESIAN_POINT('',(39.476535936476,29.027626676256,17.39));
#3273 = LINE('',#3274,#3275);
#3274 = CARTESIAN_POINT('',(39.476535936476,29.027626676256,15.59));
#3275 = VECTOR('',#3276,1.);
#3276 = DIRECTION('',(0.,0.,1.));
#3277 = ORIENTED_EDGE('',*,*,#3278,.F.);
#3278 = EDGE_CURVE('',#3279,#3271,#3281,.T.);
#3279 = VERTEX_POINT('',#3280);
#3280 = CARTESIAN_POINT('',(42.574610203302,24.257010657475,17.39));
#3281 = CIRCLE('',#3282,49.);
#3282 = AXIS2_PLACEMENT_3D('',#3283,#3284,#3285);
#3283 = CARTESIAN_POINT('',(0.,0.,17.39));
#3284 = DIRECTION('',(0.,0.,1.));
#3285 = DIRECTION('',(1.,0.,-0.));
#3286 = ORIENTED_EDGE('',*,*,#3287,.T.);
#3287 = EDGE_CURVE('',#3279,#1297,#3288,.T.);
#3288 = LINE('',#3289,#3290);
#3289 = CARTESIAN_POINT('',(42.574610203303,24.257010657475,15.59));
#3290 = VECTOR('',#3291,1.);
#3291 = DIRECTION('',(0.,0.,1.));
#3292 = ORIENTED_EDGE('',*,*,#1305,.T.);
#3293 = ORIENTED_EDGE('',*,*,#3294,.F.);
#3294 = EDGE_CURVE('',#3260,#1306,#3295,.T.);
#3295 = LINE('',#3296,#3297);
#3296 = CARTESIAN_POINT('',(36.674646732683,-32.49569643865,15.59));
#3297 = VECTOR('',#3298,1.);
#3298 = DIRECTION('',(0.,0.,1.));
#3299 = CYLINDRICAL_SURFACE('',#3300,49.);
#3300 = AXIS2_PLACEMENT_3D('',#3301,#3302,#3303);
#3301 = CARTESIAN_POINT('',(0.,0.,15.59));
#3302 = DIRECTION('',(0.,0.,1.));
#3303 = DIRECTION('',(1.,0.,-0.));
#3304 = ADVANCED_FACE('',(#3305),#3334,.T.);
#3305 = FACE_BOUND('',#3306,.T.);
#3306 = EDGE_LOOP('',(#3307,#3315,#3322,#3323,#3324,#3325,#3332,#3333));
#3307 = ORIENTED_EDGE('',*,*,#3308,.T.);
#3308 = EDGE_CURVE('',#1288,#3309,#3311,.T.);
#3309 = VERTEX_POINT('',#3310);
#3310 = CARTESIAN_POINT('',(46.739110751598,30.352733421387,22.8));
#3311 = LINE('',#3312,#3313);
#3312 = CARTESIAN_POINT('',(46.739110751598,30.352733421387,17.39));
#3313 = VECTOR('',#3314,1.);
#3314 = DIRECTION('',(0.,0.,1.));
#3315 = ORIENTED_EDGE('',*,*,#3316,.F.);
#3316 = EDGE_CURVE('',#3309,#3309,#3317,.T.);
#3317 = CIRCLE('',#3318,4.);
#3318 = AXIS2_PLACEMENT_3D('',#3319,#3320,#3321);
#3319 = CARTESIAN_POINT('',(43.384428479817,28.174177281327,22.8));
#3320 = DIRECTION('',(0.,-0.,1.));
#3321 = DIRECTION('',(0.838670567945,0.544639035015,0.));
#3322 = ORIENTED_EDGE('',*,*,#3308,.F.);
#3323 = ORIENTED_EDGE('',*,*,#1287,.T.);
#3324 = ORIENTED_EDGE('',*,*,#3270,.F.);
#3325 = ORIENTED_EDGE('',*,*,#3326,.T.);
#3326 = EDGE_CURVE('',#3271,#3279,#3327,.T.);
#3327 = CIRCLE('',#3328,4.);
#3328 = AXIS2_PLACEMENT_3D('',#3329,#3330,#3331);
#3329 = CARTESIAN_POINT('',(43.384428479817,28.174177281327,17.39));
#3330 = DIRECTION('',(0.,-0.,1.));
#3331 = DIRECTION('',(0.838670567945,0.544639035015,0.));
#3332 = ORIENTED_EDGE('',*,*,#3287,.T.);
#3333 = ORIENTED_EDGE('',*,*,#1296,.T.);
#3334 = CYLINDRICAL_SURFACE('',#3335,4.);
#3335 = AXIS2_PLACEMENT_3D('',#3336,#3337,#3338);
#3336 = CARTESIAN_POINT('',(43.384428479817,28.174177281327,17.39));
#3337 = DIRECTION('',(0.,0.,1.));
#3338 = DIRECTION('',(0.838670567945,0.544639035015,0.));
#3339 = ADVANCED_FACE('',(#3340),#3359,.F.);
#3340 = FACE_BOUND('',#3341,.F.);
#3341 = EDGE_LOOP('',(#3342,#3351,#3352,#3353));
#3342 = ORIENTED_EDGE('',*,*,#3343,.F.);
#3343 = EDGE_CURVE('',#3260,#3344,#3346,.T.);
#3344 = VERTEX_POINT('',#3345);
#3345 = CARTESIAN_POINT('',(32.49569643865,-36.67464673268,15.6));
#3346 = CIRCLE('',#3347,3.8);
#3347 = AXIS2_PLACEMENT_3D('',#3348,#3349,#3350);
#3348 = CARTESIAN_POINT('',(36.27457787487,-36.27457787487,15.6));
#3349 = DIRECTION('',(0.,0.,-1.));
#3350 = DIRECTION('',(0.105281278372,0.994442483216,0.));
#3351 = ORIENTED_EDGE('',*,*,#3294,.T.);
#3352 = ORIENTED_EDGE('',*,*,#1314,.T.);
#3353 = ORIENTED_EDGE('',*,*,#3354,.F.);
#3354 = EDGE_CURVE('',#3344,#1315,#3355,.T.);
#3355 = LINE('',#3356,#3357);
#3356 = CARTESIAN_POINT('',(32.49569643865,-36.67464673268,15.59));
#3357 = VECTOR('',#3358,1.);
#3358 = DIRECTION('',(0.,0.,1.));
#3359 = CYLINDRICAL_SURFACE('',#3360,3.8);
#3360 = AXIS2_PLACEMENT_3D('',#3361,#3362,#3363);
#3361 = CARTESIAN_POINT('',(36.27457787487,-36.27457787487,14.6));
#3362 = DIRECTION('',(0.,0.,1.));
#3363 = DIRECTION('',(0.707106781187,-0.707106781187,0.));
#3364 = ADVANCED_FACE('',(#3365),#3408,.F.);
#3365 = FACE_BOUND('',#3366,.F.);
#3366 = EDGE_LOOP('',(#3367,#3376,#3377,#3378,#3386,#3395,#3401,#3402));
#3367 = ORIENTED_EDGE('',*,*,#3368,.F.);
#3368 = EDGE_CURVE('',#3344,#3369,#3371,.T.);
#3369 = VERTEX_POINT('',#3370);
#3370 = CARTESIAN_POINT('',(-32.49569643865,-36.67464673268,15.6));
#3371 = CIRCLE('',#3372,49.);
#3372 = AXIS2_PLACEMENT_3D('',#3373,#3374,#3375);
#3373 = CARTESIAN_POINT('',(0.,0.,15.6));
#3374 = DIRECTION('',(0.,0.,-1.));
#3375 = DIRECTION('',(0.386239359582,0.922398589065,0.));
#3376 = ORIENTED_EDGE('',*,*,#3354,.T.);
#3377 = ORIENTED_EDGE('',*,*,#1323,.T.);
#3378 = ORIENTED_EDGE('',*,*,#3379,.F.);
#3379 = EDGE_CURVE('',#3380,#1324,#3382,.T.);
#3380 = VERTEX_POINT('',#3381);
#3381 = CARTESIAN_POINT('',(5.40039414497,-48.70149631252,17.39));
#3382 = LINE('',#3383,#3384);
#3383 = CARTESIAN_POINT('',(5.400394144971,-48.70149631252,15.59));
#3384 = VECTOR('',#3385,1.);
#3385 = DIRECTION('',(0.,0.,1.));
#3386 = ORIENTED_EDGE('',*,*,#3387,.F.);
#3387 = EDGE_CURVE('',#3388,#3380,#3390,.T.);
#3388 = VERTEX_POINT('',#3389);
#3389 = CARTESIAN_POINT('',(-0.280117652408,-48.99919932101,17.39));
#3390 = CIRCLE('',#3391,49.);
#3391 = AXIS2_PLACEMENT_3D('',#3392,#3393,#3394);
#3392 = CARTESIAN_POINT('',(0.,0.,17.39));
#3393 = DIRECTION('',(0.,0.,1.));
#3394 = DIRECTION('',(1.,0.,-0.));
#3395 = ORIENTED_EDGE('',*,*,#3396,.T.);
#3396 = EDGE_CURVE('',#3388,#1342,#3397,.T.);
#3397 = LINE('',#3398,#3399);
#3398 = CARTESIAN_POINT('',(-0.280117652408,-48.99919932101,15.59));
#3399 = VECTOR('',#3400,1.);
#3400 = DIRECTION('',(0.,0.,1.));
#3401 = ORIENTED_EDGE('',*,*,#1350,.F.);
#3402 = ORIENTED_EDGE('',*,*,#3403,.F.);
#3403 = EDGE_CURVE('',#3369,#1351,#3404,.T.);
#3404 = LINE('',#3405,#3406);
#3405 = CARTESIAN_POINT('',(-32.49569643865,-36.67464673268,15.59));
#3406 = VECTOR('',#3407,1.);
#3407 = DIRECTION('',(0.,0.,1.));
#3408 = CYLINDRICAL_SURFACE('',#3409,49.);
#3409 = AXIS2_PLACEMENT_3D('',#3410,#3411,#3412);
#3410 = CARTESIAN_POINT('',(0.,0.,15.59));
#3411 = DIRECTION('',(0.,0.,1.));
#3412 = DIRECTION('',(1.,0.,-0.));
#3413 = ADVANCED_FACE('',(#3414),#3443,.T.);
#3414 = FACE_BOUND('',#3415,.T.);
#3415 = EDGE_LOOP('',(#3416,#3424,#3431,#3432,#3433,#3434,#3441,#3442));
#3416 = ORIENTED_EDGE('',*,*,#3417,.T.);
#3417 = EDGE_CURVE('',#1333,#3418,#3420,.T.);
#3418 = VERTEX_POINT('',#3419);
#3419 = CARTESIAN_POINT('',(2.916682841419,-55.65362397187,22.8));
#3420 = LINE('',#3421,#3422);
#3421 = CARTESIAN_POINT('',(2.916682841419,-55.65362397187,17.39));
#3422 = VECTOR('',#3423,1.);
#3423 = DIRECTION('',(0.,0.,1.));
#3424 = ORIENTED_EDGE('',*,*,#3425,.F.);
#3425 = EDGE_CURVE('',#3418,#3418,#3426,.T.);
#3426 = CIRCLE('',#3427,4.);
#3427 = AXIS2_PLACEMENT_3D('',#3428,#3429,#3430);
#3428 = CARTESIAN_POINT('',(2.707339016447,-51.65910583285,22.8));
#3429 = DIRECTION('',(-0.,0.,1.));
#3430 = DIRECTION('',(5.233595624294E-02,-0.998629534755,0.));
#3431 = ORIENTED_EDGE('',*,*,#3417,.F.);
#3432 = ORIENTED_EDGE('',*,*,#1332,.T.);
#3433 = ORIENTED_EDGE('',*,*,#3379,.F.);
#3434 = ORIENTED_EDGE('',*,*,#3435,.T.);
#3435 = EDGE_CURVE('',#3380,#3388,#3436,.T.);
#3436 = CIRCLE('',#3437,4.);
#3437 = AXIS2_PLACEMENT_3D('',#3438,#3439,#3440);
#3438 = CARTESIAN_POINT('',(2.707339016447,-51.65910583285,17.39));
#3439 = DIRECTION('',(-0.,0.,1.));
#3440 = DIRECTION('',(5.233595624294E-02,-0.998629534755,0.));
#3441 = ORIENTED_EDGE('',*,*,#3396,.T.);
#3442 = ORIENTED_EDGE('',*,*,#1341,.T.);
#3443 = CYLINDRICAL_SURFACE('',#3444,4.);
#3444 = AXIS2_PLACEMENT_3D('',#3445,#3446,#3447);
#3445 = CARTESIAN_POINT('',(2.707339016447,-51.65910583285,17.39));
#3446 = DIRECTION('',(0.,0.,1.));
#3447 = DIRECTION('',(5.233595624294E-02,-0.998629534755,0.));
#3448 = ADVANCED_FACE('',(#3449),#3468,.F.);
#3449 = FACE_BOUND('',#3450,.F.);
#3450 = EDGE_LOOP('',(#3451,#3460,#3461,#3462));
#3451 = ORIENTED_EDGE('',*,*,#3452,.F.);
#3452 = EDGE_CURVE('',#3369,#3453,#3455,.T.);
#3453 = VERTEX_POINT('',#3454);
#3454 = CARTESIAN_POINT('',(-36.67464673268,-32.49569643865,15.6));
#3455 = CIRCLE('',#3456,3.8);
#3456 = AXIS2_PLACEMENT_3D('',#3457,#3458,#3459);
#3457 = CARTESIAN_POINT('',(-36.27457787487,-36.27457787487,15.6));
#3458 = DIRECTION('',(0.,-0.,-1.));
#3459 = DIRECTION('',(0.994442483216,-0.105281278372,0.));
#3460 = ORIENTED_EDGE('',*,*,#3403,.T.);
#3461 = ORIENTED_EDGE('',*,*,#1359,.T.);
#3462 = ORIENTED_EDGE('',*,*,#3463,.F.);
#3463 = EDGE_CURVE('',#3453,#1360,#3464,.T.);
#3464 = LINE('',#3465,#3466);
#3465 = CARTESIAN_POINT('',(-36.67464673268,-32.49569643865,15.59));
#3466 = VECTOR('',#3467,1.);
#3467 = DIRECTION('',(0.,0.,1.));
#3468 = CYLINDRICAL_SURFACE('',#3469,3.8);
#3469 = AXIS2_PLACEMENT_3D('',#3470,#3471,#3472);
#3470 = CARTESIAN_POINT('',(-36.27457787487,-36.27457787487,14.6));
#3471 = DIRECTION('',(0.,0.,1.));
#3472 = DIRECTION('',(-0.707106781187,-0.707106781187,0.));
#3473 = ADVANCED_FACE('',(#3474),#3517,.F.);
#3474 = FACE_BOUND('',#3475,.F.);
#3475 = EDGE_LOOP('',(#3476,#3485,#3486,#3487,#3495,#3504,#3510,#3511));
#3476 = ORIENTED_EDGE('',*,*,#3477,.F.);
#3477 = EDGE_CURVE('',#3453,#3478,#3480,.T.);
#3478 = VERTEX_POINT('',#3479);
#3479 = CARTESIAN_POINT('',(-36.67464673268,32.49569643865,15.6));
#3480 = CIRCLE('',#3481,49.);
#3481 = AXIS2_PLACEMENT_3D('',#3482,#3483,#3484);
#3482 = CARTESIAN_POINT('',(0.,0.,15.6));
#3483 = DIRECTION('',(0.,0.,-1.));
#3484 = DIRECTION('',(0.386239359582,0.922398589065,0.));
#3485 = ORIENTED_EDGE('',*,*,#3463,.T.);
#3486 = ORIENTED_EDGE('',*,*,#1368,.F.);
#3487 = ORIENTED_EDGE('',*,*,#3488,.F.);
#3488 = EDGE_CURVE('',#3489,#1369,#3491,.T.);
#3489 = VERTEX_POINT('',#3490);
#3490 = CARTESIAN_POINT('',(-44.87693008144,19.67386963627,17.39));
#3491 = LINE('',#3492,#3493);
#3492 = CARTESIAN_POINT('',(-44.87693008144,19.67386963627,15.59));
#3493 = VECTOR('',#3494,1.);
#3494 = DIRECTION('',(0.,0.,1.));
#3495 = ORIENTED_EDGE('',*,*,#3496,.F.);
#3496 = EDGE_CURVE('',#3497,#3489,#3499,.T.);
#3497 = VERTEX_POINT('',#3498);
#3498 = CARTESIAN_POINT('',(-42.29449255089,24.742188663543,17.39));
#3499 = CIRCLE('',#3500,49.);
#3500 = AXIS2_PLACEMENT_3D('',#3501,#3502,#3503);
#3501 = CARTESIAN_POINT('',(0.,0.,17.39));
#3502 = DIRECTION('',(0.,0.,1.));
#3503 = DIRECTION('',(1.,0.,-0.));
#3504 = ORIENTED_EDGE('',*,*,#3505,.T.);
#3505 = EDGE_CURVE('',#3497,#1387,#3506,.T.);
#3506 = LINE('',#3507,#3508);
#3507 = CARTESIAN_POINT('',(-42.29449255089,24.742188663543,15.59));
#3508 = VECTOR('',#3509,1.);
#3509 = DIRECTION('',(0.,0.,1.));
#3510 = ORIENTED_EDGE('',*,*,#1395,.F.);
#3511 = ORIENTED_EDGE('',*,*,#3512,.F.);
#3512 = EDGE_CURVE('',#3478,#1396,#3513,.T.);
#3513 = LINE('',#3514,#3515);
#3514 = CARTESIAN_POINT('',(-36.67464673268,32.49569643865,15.59));
#3515 = VECTOR('',#3516,1.);
#3516 = DIRECTION('',(0.,0.,1.));
#3517 = CYLINDRICAL_SURFACE('',#3518,49.);
#3518 = AXIS2_PLACEMENT_3D('',#3519,#3520,#3521);
#3519 = CARTESIAN_POINT('',(0.,0.,15.59));
#3520 = DIRECTION('',(0.,0.,1.));
#3521 = DIRECTION('',(1.,0.,-0.));
#3522 = ADVANCED_FACE('',(#3523),#3552,.T.);
#3523 = FACE_BOUND('',#3524,.T.);
#3524 = EDGE_LOOP('',(#3525,#3533,#3540,#3541,#3542,#3543,#3550,#3551));
#3525 = ORIENTED_EDGE('',*,*,#3526,.T.);
#3526 = EDGE_CURVE('',#1378,#3527,#3529,.T.);
#3527 = VERTEX_POINT('',#3528);
#3528 = CARTESIAN_POINT('',(-49.65579359301,25.300890550485,22.8));
#3529 = LINE('',#3530,#3531);
#3530 = CARTESIAN_POINT('',(-49.65579359301,25.300890550485,17.39));
#3531 = VECTOR('',#3532,1.);
#3532 = DIRECTION('',(0.,0.,1.));
#3533 = ORIENTED_EDGE('',*,*,#3534,.F.);
#3534 = EDGE_CURVE('',#3527,#3527,#3535,.T.);
#3535 = CIRCLE('',#3536,4.);
#3536 = AXIS2_PLACEMENT_3D('',#3537,#3538,#3539);
#3537 = CARTESIAN_POINT('',(-46.09176749626,23.484928551527,22.8));
#3538 = DIRECTION('',(0.,0.,1.));
#3539 = DIRECTION('',(-0.891006524188,0.45399049974,0.));
#3540 = ORIENTED_EDGE('',*,*,#3526,.F.);
#3541 = ORIENTED_EDGE('',*,*,#1377,.T.);
#3542 = ORIENTED_EDGE('',*,*,#3488,.F.);
#3543 = ORIENTED_EDGE('',*,*,#3544,.T.);
#3544 = EDGE_CURVE('',#3489,#3497,#3545,.T.);
#3545 = CIRCLE('',#3546,4.);
#3546 = AXIS2_PLACEMENT_3D('',#3547,#3548,#3549);
#3547 = CARTESIAN_POINT('',(-46.09176749626,23.484928551527,17.39));
#3548 = DIRECTION('',(0.,0.,1.));
#3549 = DIRECTION('',(-0.891006524188,0.45399049974,0.));
#3550 = ORIENTED_EDGE('',*,*,#3505,.T.);
#3551 = ORIENTED_EDGE('',*,*,#1386,.T.);
#3552 = CYLINDRICAL_SURFACE('',#3553,4.);
#3553 = AXIS2_PLACEMENT_3D('',#3554,#3555,#3556);
#3554 = CARTESIAN_POINT('',(-46.09176749626,23.484928551527,17.39));
#3555 = DIRECTION('',(0.,0.,1.));
#3556 = DIRECTION('',(-0.891006524188,0.45399049974,0.));
#3557 = ADVANCED_FACE('',(#3558),#3577,.F.);
#3558 = FACE_BOUND('',#3559,.F.);
#3559 = EDGE_LOOP('',(#3560,#3569,#3570,#3571));
#3560 = ORIENTED_EDGE('',*,*,#3561,.F.);
#3561 = EDGE_CURVE('',#3478,#3562,#3564,.T.);
#3562 = VERTEX_POINT('',#3563);
#3563 = CARTESIAN_POINT('',(-32.49569643865,36.674646732683,15.6));
#3564 = CIRCLE('',#3565,3.8);
#3565 = AXIS2_PLACEMENT_3D('',#3566,#3567,#3568);
#3566 = CARTESIAN_POINT('',(-36.27457787487,36.27457787487,15.6));
#3567 = DIRECTION('',(-0.,0.,-1.));
#3568 = DIRECTION('',(-0.105281278372,-0.994442483216,0.));
#3569 = ORIENTED_EDGE('',*,*,#3512,.T.);
#3570 = ORIENTED_EDGE('',*,*,#1404,.T.);
#3571 = ORIENTED_EDGE('',*,*,#3572,.F.);
#3572 = EDGE_CURVE('',#3562,#1405,#3573,.T.);
#3573 = LINE('',#3574,#3575);
#3574 = CARTESIAN_POINT('',(-32.49569643865,36.674646732683,15.59));
#3575 = VECTOR('',#3576,1.);
#3576 = DIRECTION('',(0.,0.,1.));
#3577 = CYLINDRICAL_SURFACE('',#3578,3.8);
#3578 = AXIS2_PLACEMENT_3D('',#3579,#3580,#3581);
#3579 = CARTESIAN_POINT('',(-36.27457787487,36.27457787487,14.6));
#3580 = DIRECTION('',(0.,0.,1.));
#3581 = DIRECTION('',(-0.707106781187,0.707106781187,0.));
#3582 = ADVANCED_FACE('',(#3583),#3595,.F.);
#3583 = FACE_BOUND('',#3584,.F.);
#3584 = EDGE_LOOP('',(#3585,#3592,#3593,#3594));
#3585 = ORIENTED_EDGE('',*,*,#3586,.F.);
#3586 = EDGE_CURVE('',#3562,#1626,#3587,.T.);
#3587 = CIRCLE('',#3588,49.);
#3588 = AXIS2_PLACEMENT_3D('',#3589,#3590,#3591);
#3589 = CARTESIAN_POINT('',(0.,0.,15.6));
#3590 = DIRECTION('',(0.,0.,-1.));
#3591 = DIRECTION('',(0.386239359582,0.922398589065,0.));
#3592 = ORIENTED_EDGE('',*,*,#3572,.T.);
#3593 = ORIENTED_EDGE('',*,*,#1413,.F.);
#3594 = ORIENTED_EDGE('',*,*,#1634,.F.);
#3595 = CYLINDRICAL_SURFACE('',#3596,49.);
#3596 = AXIS2_PLACEMENT_3D('',#3597,#3598,#3599);
#3597 = CARTESIAN_POINT('',(0.,0.,15.59));
#3598 = DIRECTION('',(0.,0.,1.));
#3599 = DIRECTION('',(1.,0.,-0.));
#3600 = ADVANCED_FACE('',(#3601),#3626,.T.);
#3601 = FACE_BOUND('',#3602,.T.);
#3602 = EDGE_LOOP('',(#3603,#3611,#3612,#3620));
#3603 = ORIENTED_EDGE('',*,*,#3604,.F.);
#3604 = EDGE_CURVE('',#1423,#3605,#3607,.T.);
#3605 = VERTEX_POINT('',#3606);
#3606 = CARTESIAN_POINT('',(-42.50327387452,-35.74523338778,27.5));
#3607 = LINE('',#3608,#3609);
#3608 = CARTESIAN_POINT('',(-42.50327387452,-35.74523338778,17.39));
#3609 = VECTOR('',#3610,1.);
#3610 = DIRECTION('',(0.,0.,1.));
#3611 = ORIENTED_EDGE('',*,*,#1422,.T.);
#3612 = ORIENTED_EDGE('',*,*,#3613,.T.);
#3613 = EDGE_CURVE('',#1425,#3614,#3616,.T.);
#3614 = VERTEX_POINT('',#3615);
#3615 = CARTESIAN_POINT('',(-40.9272523673,-34.51391043713,27.5));
#3616 = LINE('',#3617,#3618);
#3617 = CARTESIAN_POINT('',(-40.9272523673,-34.51391043713,17.39));
#3618 = VECTOR('',#3619,1.);
#3619 = DIRECTION('',(0.,0.,1.));
#3620 = ORIENTED_EDGE('',*,*,#3621,.T.);
#3621 = EDGE_CURVE('',#3614,#3605,#3622,.T.);
#3622 = LINE('',#3623,#3624);
#3623 = CARTESIAN_POINT('',(-42.83579261979,-36.00502550401,27.5));
#3624 = VECTOR('',#3625,1.);
#3625 = DIRECTION('',(-0.788010753607,-0.615661475326,0.));
#3626 = PLANE('',#3627);
#3627 = AXIS2_PLACEMENT_3D('',#3628,#3629,#3630);
#3628 = CARTESIAN_POINT('',(-40.9272523673,-34.51391043713,17.39));
#3629 = DIRECTION('',(0.615661475326,-0.788010753607,0.));
#3630 = DIRECTION('',(0.,0.,1.));
#3631 = ADVANCED_FACE('',(#3632),#3685,.T.);
#3632 = FACE_BOUND('',#3633,.T.);
#3633 = EDGE_LOOP('',(#3634,#3635,#3636,#3645,#3653,#3662,#3670,#3679));
#3634 = ORIENTED_EDGE('',*,*,#1432,.F.);
#3635 = ORIENTED_EDGE('',*,*,#3604,.T.);
#3636 = ORIENTED_EDGE('',*,*,#3637,.F.);
#3637 = EDGE_CURVE('',#3638,#3605,#3640,.T.);
#3638 = VERTEX_POINT('',#3639);
#3639 = CARTESIAN_POINT('',(-44.40786497529,-36.05248297046,27.5));
#3640 = CIRCLE('',#3641,2.);
#3641 = AXIS2_PLACEMENT_3D('',#3642,#3643,#3644);
#3642 = CARTESIAN_POINT('',(-43.73459682517,-34.16921188057,27.5));
#3643 = DIRECTION('',(0.,0.,1.));
#3644 = DIRECTION('',(-0.788010753607,-0.615661475326,0.));
#3645 = ORIENTED_EDGE('',*,*,#3646,.T.);
#3646 = EDGE_CURVE('',#3638,#3647,#3649,.T.);
#3647 = VERTEX_POINT('',#3648);
#3648 = CARTESIAN_POINT('',(-44.40786497529,-36.05248297046,27.51));
#3649 = LINE('',#3650,#3651);
#3650 = CARTESIAN_POINT('',(-44.40786497529,-36.05248297046,17.39));
#3651 = VECTOR('',#3652,1.);
#3652 = DIRECTION('',(0.,0.,1.));
#3653 = ORIENTED_EDGE('',*,*,#3654,.T.);
#3654 = EDGE_CURVE('',#3647,#3655,#3657,.T.);
#3655 = VERTEX_POINT('',#3656);
#3656 = CARTESIAN_POINT('',(-45.72480502224,-34.36687657728,27.51));
#3657 = CIRCLE('',#3658,2.);
#3658 = AXIS2_PLACEMENT_3D('',#3659,#3660,#3661);
#3659 = CARTESIAN_POINT('',(-43.73459682517,-34.16921188057,27.51));
#3660 = DIRECTION('',(1.09363447245E-15,-1.39978829169E-15,-1.));
#3661 = DIRECTION('',(0.615661475326,-0.788010753607,1.7763568394E-15));
#3662 = ORIENTED_EDGE('',*,*,#3663,.F.);
#3663 = EDGE_CURVE('',#3664,#3655,#3666,.T.);
#3664 = VERTEX_POINT('',#3665);
#3665 = CARTESIAN_POINT('',(-45.72480502224,-34.36687657728,27.5));
#3666 = LINE('',#3667,#3668);
#3667 = CARTESIAN_POINT('',(-45.72480502224,-34.36687657728,17.39));
#3668 = VECTOR('',#3669,1.);
#3669 = DIRECTION('',(0.,0.,1.));
#3670 = ORIENTED_EDGE('',*,*,#3671,.F.);
#3671 = EDGE_CURVE('',#3672,#3664,#3674,.T.);
#3672 = VERTEX_POINT('',#3673);
#3673 = CARTESIAN_POINT('',(-44.96591977582,-32.59319037336,27.5));
#3674 = CIRCLE('',#3675,2.);
#3675 = AXIS2_PLACEMENT_3D('',#3676,#3677,#3678);
#3676 = CARTESIAN_POINT('',(-43.73459682517,-34.16921188057,27.5));
#3677 = DIRECTION('',(0.,0.,1.));
#3678 = DIRECTION('',(-0.788010753607,-0.615661475326,0.));
#3679 = ORIENTED_EDGE('',*,*,#3680,.F.);
#3680 = EDGE_CURVE('',#1433,#3672,#3681,.T.);
#3681 = LINE('',#3682,#3683);
#3682 = CARTESIAN_POINT('',(-44.96591977582,-32.59319037336,17.39));
#3683 = VECTOR('',#3684,1.);
#3684 = DIRECTION('',(0.,0.,1.));
#3685 = CYLINDRICAL_SURFACE('',#3686,2.);
#3686 = AXIS2_PLACEMENT_3D('',#3687,#3688,#3689);
#3687 = CARTESIAN_POINT('',(-43.73459682517,-34.16921188057,17.39));
#3688 = DIRECTION('',(0.,0.,1.));
#3689 = DIRECTION('',(-0.788010753607,-0.615661475326,0.));
#3690 = ADVANCED_FACE('',(#3691),#3709,.F.);
#3691 = FACE_BOUND('',#3692,.F.);
#3692 = EDGE_LOOP('',(#3693,#3694,#3695,#3703));
#3693 = ORIENTED_EDGE('',*,*,#3680,.F.);
#3694 = ORIENTED_EDGE('',*,*,#1441,.T.);
#3695 = ORIENTED_EDGE('',*,*,#3696,.T.);
#3696 = EDGE_CURVE('',#1442,#3697,#3699,.T.);
#3697 = VERTEX_POINT('',#3698);
#3698 = CARTESIAN_POINT('',(-43.38989826861,-31.3618674227,27.5));
#3699 = LINE('',#3700,#3701);
#3700 = CARTESIAN_POINT('',(-43.38989826861,-31.3618674227,17.39));
#3701 = VECTOR('',#3702,1.);
#3702 = DIRECTION('',(0.,0.,1.));
#3703 = ORIENTED_EDGE('',*,*,#3704,.T.);
#3704 = EDGE_CURVE('',#3697,#3672,#3705,.T.);
#3705 = LINE('',#3706,#3707);
#3706 = CARTESIAN_POINT('',(-45.29843852109,-32.85298248958,27.5));
#3707 = VECTOR('',#3708,1.);
#3708 = DIRECTION('',(-0.788010753607,-0.615661475326,0.));
#3709 = PLANE('',#3710);
#3710 = AXIS2_PLACEMENT_3D('',#3711,#3712,#3713);
#3711 = CARTESIAN_POINT('',(-43.38989826861,-31.3618674227,17.39));
#3712 = DIRECTION('',(0.615661475326,-0.788010753607,0.));
#3713 = DIRECTION('',(0.,0.,1.));
#3714 = ADVANCED_FACE('',(#3715),#3727,.T.);
#3715 = FACE_BOUND('',#3716,.T.);
#3716 = EDGE_LOOP('',(#3717,#3724,#3725,#3726));
#3717 = ORIENTED_EDGE('',*,*,#3718,.F.);
#3718 = EDGE_CURVE('',#3614,#3697,#3719,.T.);
#3719 = CIRCLE('',#3720,2.);
#3720 = AXIS2_PLACEMENT_3D('',#3721,#3722,#3723);
#3721 = CARTESIAN_POINT('',(-42.15857531796,-32.93788892992,27.5));
#3722 = DIRECTION('',(0.,0.,1.));
#3723 = DIRECTION('',(-0.788010753607,-0.615661475326,0.));
#3724 = ORIENTED_EDGE('',*,*,#3613,.F.);
#3725 = ORIENTED_EDGE('',*,*,#1449,.T.);
#3726 = ORIENTED_EDGE('',*,*,#3696,.T.);
#3727 = CYLINDRICAL_SURFACE('',#3728,2.);
#3728 = AXIS2_PLACEMENT_3D('',#3729,#3730,#3731);
#3729 = CARTESIAN_POINT('',(-42.15857531796,-32.93788892992,17.39));
#3730 = DIRECTION('',(0.,0.,1.));
#3731 = DIRECTION('',(-0.788010753607,-0.615661475326,0.));
#3732 = ADVANCED_FACE('',(#3733),#3758,.T.);
#3733 = FACE_BOUND('',#3734,.T.);
#3734 = EDGE_LOOP('',(#3735,#3743,#3744,#3752));
#3735 = ORIENTED_EDGE('',*,*,#3736,.F.);
#3736 = EDGE_CURVE('',#1459,#3737,#3739,.T.);
#3737 = VERTEX_POINT('',#3738);
#3738 = CARTESIAN_POINT('',(35.745233387787,-42.50327387452,27.5));
#3739 = LINE('',#3740,#3741);
#3740 = CARTESIAN_POINT('',(35.745233387787,-42.50327387452,17.39));
#3741 = VECTOR('',#3742,1.);
#3742 = DIRECTION('',(0.,0.,1.));
#3743 = ORIENTED_EDGE('',*,*,#1458,.T.);
#3744 = ORIENTED_EDGE('',*,*,#3745,.T.);
#3745 = EDGE_CURVE('',#1461,#3746,#3748,.T.);
#3746 = VERTEX_POINT('',#3747);
#3747 = CARTESIAN_POINT('',(34.513910437136,-40.9272523673,27.5));
#3748 = LINE('',#3749,#3750);
#3749 = CARTESIAN_POINT('',(34.513910437136,-40.9272523673,17.39));
#3750 = VECTOR('',#3751,1.);
#3751 = DIRECTION('',(0.,0.,1.));
#3752 = ORIENTED_EDGE('',*,*,#3753,.T.);
#3753 = EDGE_CURVE('',#3746,#3737,#3754,.T.);
#3754 = LINE('',#3755,#3756);
#3755 = CARTESIAN_POINT('',(36.005025504013,-42.83579261979,27.5));
#3756 = VECTOR('',#3757,1.);
#3757 = DIRECTION('',(0.615661475326,-0.788010753607,0.));
#3758 = PLANE('',#3759);
#3759 = AXIS2_PLACEMENT_3D('',#3760,#3761,#3762);
#3760 = CARTESIAN_POINT('',(34.513910437136,-40.9272523673,17.39));
#3761 = DIRECTION('',(0.788010753607,0.615661475326,0.));
#3762 = DIRECTION('',(0.,0.,1.));
#3763 = ADVANCED_FACE('',(#3764),#3817,.T.);
#3764 = FACE_BOUND('',#3765,.T.);
#3765 = EDGE_LOOP('',(#3766,#3767,#3768,#3777,#3785,#3794,#3802,#3811));
#3766 = ORIENTED_EDGE('',*,*,#1468,.F.);
#3767 = ORIENTED_EDGE('',*,*,#3736,.T.);
#3768 = ORIENTED_EDGE('',*,*,#3769,.F.);
#3769 = EDGE_CURVE('',#3770,#3737,#3772,.T.);
#3770 = VERTEX_POINT('',#3771);
#3771 = CARTESIAN_POINT('',(36.052482970468,-44.40786497529,27.5));
#3772 = CIRCLE('',#3773,2.);
#3773 = AXIS2_PLACEMENT_3D('',#3774,#3775,#3776);
#3774 = CARTESIAN_POINT('',(34.169211880574,-43.73459682517,27.5));
#3775 = DIRECTION('',(0.,0.,1.));
#3776 = DIRECTION('',(0.615661475326,-0.788010753607,0.));
#3777 = ORIENTED_EDGE('',*,*,#3778,.T.);
#3778 = EDGE_CURVE('',#3770,#3779,#3781,.T.);
#3779 = VERTEX_POINT('',#3780);
#3780 = CARTESIAN_POINT('',(36.052482970468,-44.40786497529,27.51));
#3781 = LINE('',#3782,#3783);
#3782 = CARTESIAN_POINT('',(36.052482970468,-44.40786497529,17.39));
#3783 = VECTOR('',#3784,1.);
#3784 = DIRECTION('',(0.,0.,1.));
#3785 = ORIENTED_EDGE('',*,*,#3786,.T.);
#3786 = EDGE_CURVE('',#3779,#3787,#3789,.T.);
#3787 = VERTEX_POINT('',#3788);
#3788 = CARTESIAN_POINT('',(34.366876577281,-45.72480502224,27.51));
#3789 = CIRCLE('',#3790,2.);
#3790 = AXIS2_PLACEMENT_3D('',#3791,#3792,#3793);
#3791 = CARTESIAN_POINT('',(34.169211880574,-43.73459682517,27.51));
#3792 = DIRECTION('',(1.39978829169E-15,1.09363447245E-15,-1.));
#3793 = DIRECTION('',(0.788010753607,0.615661475326,1.7763568394E-15));
#3794 = ORIENTED_EDGE('',*,*,#3795,.F.);
#3795 = EDGE_CURVE('',#3796,#3787,#3798,.T.);
#3796 = VERTEX_POINT('',#3797);
#3797 = CARTESIAN_POINT('',(34.366876577281,-45.72480502224,27.5));
#3798 = LINE('',#3799,#3800);
#3799 = CARTESIAN_POINT('',(34.366876577281,-45.72480502224,17.39));
#3800 = VECTOR('',#3801,1.);
#3801 = DIRECTION('',(0.,0.,1.));
#3802 = ORIENTED_EDGE('',*,*,#3803,.F.);
#3803 = EDGE_CURVE('',#3804,#3796,#3806,.T.);
#3804 = VERTEX_POINT('',#3805);
#3805 = CARTESIAN_POINT('',(32.593190373361,-44.96591977582,27.5));
#3806 = CIRCLE('',#3807,2.);
#3807 = AXIS2_PLACEMENT_3D('',#3808,#3809,#3810);
#3808 = CARTESIAN_POINT('',(34.169211880574,-43.73459682517,27.5));
#3809 = DIRECTION('',(0.,0.,1.));
#3810 = DIRECTION('',(0.615661475326,-0.788010753607,0.));
#3811 = ORIENTED_EDGE('',*,*,#3812,.F.);
#3812 = EDGE_CURVE('',#1469,#3804,#3813,.T.);
#3813 = LINE('',#3814,#3815);
#3814 = CARTESIAN_POINT('',(32.593190373361,-44.96591977582,17.39));
#3815 = VECTOR('',#3816,1.);
#3816 = DIRECTION('',(0.,0.,1.));
#3817 = CYLINDRICAL_SURFACE('',#3818,2.);
#3818 = AXIS2_PLACEMENT_3D('',#3819,#3820,#3821);
#3819 = CARTESIAN_POINT('',(34.169211880574,-43.73459682517,17.39));
#3820 = DIRECTION('',(0.,0.,1.));
#3821 = DIRECTION('',(0.615661475326,-0.788010753607,0.));
#3822 = ADVANCED_FACE('',(#3823),#3841,.F.);
#3823 = FACE_BOUND('',#3824,.F.);
#3824 = EDGE_LOOP('',(#3825,#3826,#3827,#3835));
#3825 = ORIENTED_EDGE('',*,*,#3812,.F.);
#3826 = ORIENTED_EDGE('',*,*,#1477,.T.);
#3827 = ORIENTED_EDGE('',*,*,#3828,.T.);
#3828 = EDGE_CURVE('',#1478,#3829,#3831,.T.);
#3829 = VERTEX_POINT('',#3830);
#3830 = CARTESIAN_POINT('',(31.361867422709,-43.38989826861,27.5));
#3831 = LINE('',#3832,#3833);
#3832 = CARTESIAN_POINT('',(31.361867422709,-43.38989826861,17.39));
#3833 = VECTOR('',#3834,1.);
#3834 = DIRECTION('',(0.,0.,1.));
#3835 = ORIENTED_EDGE('',*,*,#3836,.T.);
#3836 = EDGE_CURVE('',#3829,#3804,#3837,.T.);
#3837 = LINE('',#3838,#3839);
#3838 = CARTESIAN_POINT('',(32.852982489586,-45.29843852109,27.5));
#3839 = VECTOR('',#3840,1.);
#3840 = DIRECTION('',(0.615661475326,-0.788010753607,0.));
#3841 = PLANE('',#3842);
#3842 = AXIS2_PLACEMENT_3D('',#3843,#3844,#3845);
#3843 = CARTESIAN_POINT('',(31.361867422709,-43.38989826861,17.39));
#3844 = DIRECTION('',(0.788010753607,0.615661475326,0.));
#3845 = DIRECTION('',(0.,0.,1.));
#3846 = ADVANCED_FACE('',(#3847),#3859,.T.);
#3847 = FACE_BOUND('',#3848,.T.);
#3848 = EDGE_LOOP('',(#3849,#3856,#3857,#3858));
#3849 = ORIENTED_EDGE('',*,*,#3850,.F.);
#3850 = EDGE_CURVE('',#3746,#3829,#3851,.T.);
#3851 = CIRCLE('',#3852,2.);
#3852 = AXIS2_PLACEMENT_3D('',#3853,#3854,#3855);
#3853 = CARTESIAN_POINT('',(32.937888929923,-42.15857531796,27.5));
#3854 = DIRECTION('',(0.,0.,1.));
#3855 = DIRECTION('',(0.615661475326,-0.788010753607,0.));
#3856 = ORIENTED_EDGE('',*,*,#3745,.F.);
#3857 = ORIENTED_EDGE('',*,*,#1485,.T.);
#3858 = ORIENTED_EDGE('',*,*,#3828,.T.);
#3859 = CYLINDRICAL_SURFACE('',#3860,2.);
#3860 = AXIS2_PLACEMENT_3D('',#3861,#3862,#3863);
#3861 = CARTESIAN_POINT('',(32.937888929923,-42.15857531796,17.39));
#3862 = DIRECTION('',(0.,0.,1.));
#3863 = DIRECTION('',(0.615661475326,-0.788010753607,0.));
#3864 = ADVANCED_FACE('',(#3865),#3890,.F.);
#3865 = FACE_BOUND('',#3866,.F.);
#3866 = EDGE_LOOP('',(#3867,#3875,#3876,#3884));
#3867 = ORIENTED_EDGE('',*,*,#3868,.F.);
#3868 = EDGE_CURVE('',#1495,#3869,#3871,.T.);
#3869 = VERTEX_POINT('',#3870);
#3870 = CARTESIAN_POINT('',(47.28665309647,-32.49711431703,23.3));
#3871 = LINE('',#3872,#3873);
#3872 = CARTESIAN_POINT('',(47.28665309647,-32.49711431703,17.39));
#3873 = VECTOR('',#3874,1.);
#3874 = DIRECTION('',(0.,0.,1.));
#3875 = ORIENTED_EDGE('',*,*,#1494,.T.);
#3876 = ORIENTED_EDGE('',*,*,#3877,.T.);
#3877 = EDGE_CURVE('',#1497,#3878,#3880,.T.);
#3878 = VERTEX_POINT('',#3879);
#3879 = CARTESIAN_POINT('',(42.783320996791,-29.89711431703,23.3));
#3880 = LINE('',#3881,#3882);
#3881 = CARTESIAN_POINT('',(42.783320996791,-29.89711431703,17.39));
#3882 = VECTOR('',#3883,1.);
#3883 = DIRECTION('',(0.,0.,1.));
#3884 = ORIENTED_EDGE('',*,*,#3885,.T.);
#3885 = EDGE_CURVE('',#3878,#3869,#3886,.T.);
#3886 = LINE('',#3887,#3888);
#3887 = CARTESIAN_POINT('',(42.783320996791,-29.89711431703,23.3));
#3888 = VECTOR('',#3889,1.);
#3889 = DIRECTION('',(0.866025403784,-0.5,0.));
#3890 = PLANE('',#3891);
#3891 = AXIS2_PLACEMENT_3D('',#3892,#3893,#3894);
#3892 = CARTESIAN_POINT('',(42.783320996791,-29.89711431703,17.39));
#3893 = DIRECTION('',(0.5,0.866025403784,0.));
#3894 = DIRECTION('',(0.,0.,1.));
#3895 = ADVANCED_FACE('',(#3896),#3914,.F.);
#3896 = FACE_BOUND('',#3897,.F.);
#3897 = EDGE_LOOP('',(#3898,#3899,#3900,#3908));
#3898 = ORIENTED_EDGE('',*,*,#3877,.F.);
#3899 = ORIENTED_EDGE('',*,*,#1504,.T.);
#3900 = ORIENTED_EDGE('',*,*,#3901,.T.);
#3901 = EDGE_CURVE('',#1505,#3902,#3904,.T.);
#3902 = VERTEX_POINT('',#3903);
#3903 = CARTESIAN_POINT('',(47.283320996791,-22.10288568297,23.3));
#3904 = LINE('',#3905,#3906);
#3905 = CARTESIAN_POINT('',(47.283320996791,-22.10288568297,17.39));
#3906 = VECTOR('',#3907,1.);
#3907 = DIRECTION('',(0.,0.,1.));
#3908 = ORIENTED_EDGE('',*,*,#3909,.F.);
#3909 = EDGE_CURVE('',#3878,#3902,#3910,.T.);
#3910 = LINE('',#3911,#3912);
#3911 = CARTESIAN_POINT('',(42.783320996791,-29.89711431703,23.3));
#3912 = VECTOR('',#3913,1.);
#3913 = DIRECTION('',(0.5,0.866025403784,0.));
#3914 = PLANE('',#3915);
#3915 = AXIS2_PLACEMENT_3D('',#3916,#3917,#3918);
#3916 = CARTESIAN_POINT('',(42.783320996791,-29.89711431703,17.39));
#3917 = DIRECTION('',(0.866025403784,-0.5,0.));
#3918 = DIRECTION('',(0.,0.,1.));
#3919 = ADVANCED_FACE('',(#3920),#3938,.T.);
#3920 = FACE_BOUND('',#3921,.T.);
#3921 = EDGE_LOOP('',(#3922,#3930,#3931,#3932));
#3922 = ORIENTED_EDGE('',*,*,#3923,.F.);
#3923 = EDGE_CURVE('',#1513,#3924,#3926,.T.);
#3924 = VERTEX_POINT('',#3925);
#3925 = CARTESIAN_POINT('',(51.78665309647,-24.70288568297,23.3));
#3926 = LINE('',#3927,#3928);
#3927 = CARTESIAN_POINT('',(51.78665309647,-24.70288568297,17.39));
#3928 = VECTOR('',#3929,1.);
#3929 = DIRECTION('',(0.,0.,1.));
#3930 = ORIENTED_EDGE('',*,*,#1512,.T.);
#3931 = ORIENTED_EDGE('',*,*,#3901,.T.);
#3932 = ORIENTED_EDGE('',*,*,#3933,.T.);
#3933 = EDGE_CURVE('',#3902,#3924,#3934,.T.);
#3934 = LINE('',#3935,#3936);
#3935 = CARTESIAN_POINT('',(47.283320996791,-22.10288568297,23.3));
#3936 = VECTOR('',#3937,1.);
#3937 = DIRECTION('',(0.866025403784,-0.5,0.));
#3938 = PLANE('',#3939);
#3939 = AXIS2_PLACEMENT_3D('',#3940,#3941,#3942);
#3940 = CARTESIAN_POINT('',(47.283320996791,-22.10288568297,17.39));
#3941 = DIRECTION('',(0.5,0.866025403784,0.));
#3942 = DIRECTION('',(0.,0.,1.));
#3943 = ADVANCED_FACE('',(#3944,#3955),#3989,.T.);
#3944 = FACE_BOUND('',#3945,.T.);
#3945 = EDGE_LOOP('',(#3946,#3947,#3948,#3949));
#3946 = ORIENTED_EDGE('',*,*,#3868,.F.);
#3947 = ORIENTED_EDGE('',*,*,#1520,.T.);
#3948 = ORIENTED_EDGE('',*,*,#3923,.T.);
#3949 = ORIENTED_EDGE('',*,*,#3950,.F.);
#3950 = EDGE_CURVE('',#3869,#3924,#3951,.T.);
#3951 = LINE('',#3952,#3953);
#3952 = CARTESIAN_POINT('',(47.28665309647,-32.49711431703,23.3));
#3953 = VECTOR('',#3954,1.);
#3954 = DIRECTION('',(0.5,0.866025403784,0.));
#3955 = FACE_BOUND('',#3956,.T.);
#3956 = EDGE_LOOP('',(#3957,#3967,#3975,#3983));
#3957 = ORIENTED_EDGE('',*,*,#3958,.T.);
#3958 = EDGE_CURVE('',#3959,#3961,#3963,.T.);
#3959 = VERTEX_POINT('',#3960);
#3960 = CARTESIAN_POINT('',(50.93665309647,-26.1751288694,18.));
#3961 = VERTEX_POINT('',#3962);
#3962 = CARTESIAN_POINT('',(48.13665309647,-31.02487113059,18.));
#3963 = LINE('',#3964,#3965);
#3964 = CARTESIAN_POINT('',(47.71165309647,-31.76099272381,18.));
#3965 = VECTOR('',#3966,1.);
#3966 = DIRECTION('',(-0.5,-0.866025403784,0.));
#3967 = ORIENTED_EDGE('',*,*,#3968,.T.);
#3968 = EDGE_CURVE('',#3961,#3969,#3971,.T.);
#3969 = VERTEX_POINT('',#3970);
#3970 = CARTESIAN_POINT('',(48.13665309647,-31.02487113059,23.));
#3971 = LINE('',#3972,#3973);
#3972 = CARTESIAN_POINT('',(48.13665309647,-31.02487113059,17.695));
#3973 = VECTOR('',#3974,1.);
#3974 = DIRECTION('',(-0.,0.,1.));
#3975 = ORIENTED_EDGE('',*,*,#3976,.F.);
#3976 = EDGE_CURVE('',#3977,#3969,#3979,.T.);
#3977 = VERTEX_POINT('',#3978);
#3978 = CARTESIAN_POINT('',(50.93665309647,-26.1751288694,23.));
#3979 = LINE('',#3980,#3981);
#3980 = CARTESIAN_POINT('',(47.71165309647,-31.76099272381,23.));
#3981 = VECTOR('',#3982,1.);
#3982 = DIRECTION('',(-0.5,-0.866025403784,0.));
#3983 = ORIENTED_EDGE('',*,*,#3984,.F.);
#3984 = EDGE_CURVE('',#3959,#3977,#3985,.T.);
#3985 = LINE('',#3986,#3987);
#3986 = CARTESIAN_POINT('',(50.93665309647,-26.1751288694,17.695));
#3987 = VECTOR('',#3988,1.);
#3988 = DIRECTION('',(-0.,0.,1.));
#3989 = PLANE('',#3990);
#3990 = AXIS2_PLACEMENT_3D('',#3991,#3992,#3993);
#3991 = CARTESIAN_POINT('',(47.28665309647,-32.49711431703,17.39));
#3992 = DIRECTION('',(0.866025403784,-0.5,0.));
#3993 = DIRECTION('',(0.,0.,1.));
#3994 = ADVANCED_FACE('',(#3995),#4020,.T.);
#3995 = FACE_BOUND('',#3996,.T.);
#3996 = EDGE_LOOP('',(#3997,#4005,#4006,#4014));
#3997 = ORIENTED_EDGE('',*,*,#3998,.F.);
#3998 = EDGE_CURVE('',#1529,#3999,#4001,.T.);
#3999 = VERTEX_POINT('',#4000);
#4000 = CARTESIAN_POINT('',(-44.96591977582,32.593190373361,27.5));
#4001 = LINE('',#4002,#4003);
#4002 = CARTESIAN_POINT('',(-44.96591977582,32.593190373361,17.39));
#4003 = VECTOR('',#4004,1.);
#4004 = DIRECTION('',(0.,0.,1.));
#4005 = ORIENTED_EDGE('',*,*,#1528,.T.);
#4006 = ORIENTED_EDGE('',*,*,#4007,.T.);
#4007 = EDGE_CURVE('',#1531,#4008,#4010,.T.);
#4008 = VERTEX_POINT('',#4009);
#4009 = CARTESIAN_POINT('',(-43.38989826861,31.361867422709,27.5));
#4010 = LINE('',#4011,#4012);
#4011 = CARTESIAN_POINT('',(-43.38989826861,31.361867422709,17.39));
#4012 = VECTOR('',#4013,1.);
#4013 = DIRECTION('',(0.,0.,1.));
#4014 = ORIENTED_EDGE('',*,*,#4015,.T.);
#4015 = EDGE_CURVE('',#4008,#3999,#4016,.T.);
#4016 = LINE('',#4017,#4018);
#4017 = CARTESIAN_POINT('',(-42.26936876973,30.486413831158,27.5));
#4018 = VECTOR('',#4019,1.);
#4019 = DIRECTION('',(-0.788010753607,0.615661475326,0.));
#4020 = PLANE('',#4021);
#4021 = AXIS2_PLACEMENT_3D('',#4022,#4023,#4024);
#4022 = CARTESIAN_POINT('',(-43.38989826861,31.361867422709,17.39));
#4023 = DIRECTION('',(-0.615661475326,-0.788010753607,0.));
#4024 = DIRECTION('',(0.,0.,1.));
#4025 = ADVANCED_FACE('',(#4026),#4079,.T.);
#4026 = FACE_BOUND('',#4027,.T.);
#4027 = EDGE_LOOP('',(#4028,#4029,#4030,#4039,#4047,#4056,#4064,#4073));
#4028 = ORIENTED_EDGE('',*,*,#1538,.F.);
#4029 = ORIENTED_EDGE('',*,*,#3998,.T.);
#4030 = ORIENTED_EDGE('',*,*,#4031,.F.);
#4031 = EDGE_CURVE('',#4032,#3999,#4034,.T.);
#4032 = VERTEX_POINT('',#4033);
#4033 = CARTESIAN_POINT('',(-45.72480502224,34.36687657728,27.5));
#4034 = CIRCLE('',#4035,2.);
#4035 = AXIS2_PLACEMENT_3D('',#4036,#4037,#4038);
#4036 = CARTESIAN_POINT('',(-43.73459682517,34.169211880574,27.5));
#4037 = DIRECTION('',(0.,0.,1.));
#4038 = DIRECTION('',(-0.788010753607,0.615661475326,0.));
#4039 = ORIENTED_EDGE('',*,*,#4040,.T.);
#4040 = EDGE_CURVE('',#4032,#4041,#4043,.T.);
#4041 = VERTEX_POINT('',#4042);
#4042 = CARTESIAN_POINT('',(-45.72480502224,34.366876577281,27.51));
#4043 = LINE('',#4044,#4045);
#4044 = CARTESIAN_POINT('',(-45.72480502224,34.366876577281,17.39));
#4045 = VECTOR('',#4046,1.);
#4046 = DIRECTION('',(0.,0.,1.));
#4047 = ORIENTED_EDGE('',*,*,#4048,.T.);
#4048 = EDGE_CURVE('',#4041,#4049,#4051,.T.);
#4049 = VERTEX_POINT('',#4050);
#4050 = CARTESIAN_POINT('',(-44.40786497529,36.052482970468,27.51));
#4051 = CIRCLE('',#4052,2.);
#4052 = AXIS2_PLACEMENT_3D('',#4053,#4054,#4055);
#4053 = CARTESIAN_POINT('',(-43.73459682517,34.169211880574,27.51));
#4054 = DIRECTION('',(-1.09363447245E-15,-1.39978829169E-15,-1.));
#4055 = DIRECTION('',(-0.615661475326,-0.788010753607,1.7763568394E-15)
  );
#4056 = ORIENTED_EDGE('',*,*,#4057,.F.);
#4057 = EDGE_CURVE('',#4058,#4049,#4060,.T.);
#4058 = VERTEX_POINT('',#4059);
#4059 = CARTESIAN_POINT('',(-44.40786497529,36.052482970468,27.5));
#4060 = LINE('',#4061,#4062);
#4061 = CARTESIAN_POINT('',(-44.40786497529,36.052482970468,17.39));
#4062 = VECTOR('',#4063,1.);
#4063 = DIRECTION('',(0.,0.,1.));
#4064 = ORIENTED_EDGE('',*,*,#4065,.F.);
#4065 = EDGE_CURVE('',#4066,#4058,#4068,.T.);
#4066 = VERTEX_POINT('',#4067);
#4067 = CARTESIAN_POINT('',(-42.50327387452,35.745233387787,27.5));
#4068 = CIRCLE('',#4069,2.);
#4069 = AXIS2_PLACEMENT_3D('',#4070,#4071,#4072);
#4070 = CARTESIAN_POINT('',(-43.73459682517,34.169211880574,27.5));
#4071 = DIRECTION('',(0.,0.,1.));
#4072 = DIRECTION('',(-0.788010753607,0.615661475326,0.));
#4073 = ORIENTED_EDGE('',*,*,#4074,.F.);
#4074 = EDGE_CURVE('',#1539,#4066,#4075,.T.);
#4075 = LINE('',#4076,#4077);
#4076 = CARTESIAN_POINT('',(-42.50327387452,35.745233387787,17.39));
#4077 = VECTOR('',#4078,1.);
#4078 = DIRECTION('',(0.,0.,1.));
#4079 = CYLINDRICAL_SURFACE('',#4080,2.);
#4080 = AXIS2_PLACEMENT_3D('',#4081,#4082,#4083);
#4081 = CARTESIAN_POINT('',(-43.73459682517,34.169211880574,17.39));
#4082 = DIRECTION('',(0.,0.,1.));
#4083 = DIRECTION('',(-0.788010753607,0.615661475326,0.));
#4084 = ADVANCED_FACE('',(#4085),#4103,.F.);
#4085 = FACE_BOUND('',#4086,.F.);
#4086 = EDGE_LOOP('',(#4087,#4088,#4089,#4097));
#4087 = ORIENTED_EDGE('',*,*,#4074,.F.);
#4088 = ORIENTED_EDGE('',*,*,#1547,.T.);
#4089 = ORIENTED_EDGE('',*,*,#4090,.T.);
#4090 = EDGE_CURVE('',#1548,#4091,#4093,.T.);
#4091 = VERTEX_POINT('',#4092);
#4092 = CARTESIAN_POINT('',(-40.9272523673,34.513910437136,27.5));
#4093 = LINE('',#4094,#4095);
#4094 = CARTESIAN_POINT('',(-40.9272523673,34.513910437136,17.39));
#4095 = VECTOR('',#4096,1.);
#4096 = DIRECTION('',(0.,0.,1.));
#4097 = ORIENTED_EDGE('',*,*,#4098,.T.);
#4098 = EDGE_CURVE('',#4091,#4066,#4099,.T.);
#4099 = LINE('',#4100,#4101);
#4100 = CARTESIAN_POINT('',(-39.80672286842,33.638456845585,27.5));
#4101 = VECTOR('',#4102,1.);
#4102 = DIRECTION('',(-0.788010753607,0.615661475326,0.));
#4103 = PLANE('',#4104);
#4104 = AXIS2_PLACEMENT_3D('',#4105,#4106,#4107);
#4105 = CARTESIAN_POINT('',(-40.9272523673,34.513910437136,17.39));
#4106 = DIRECTION('',(-0.615661475326,-0.788010753607,0.));
#4107 = DIRECTION('',(0.,0.,1.));
#4108 = ADVANCED_FACE('',(#4109),#4121,.T.);
#4109 = FACE_BOUND('',#4110,.T.);
#4110 = EDGE_LOOP('',(#4111,#4118,#4119,#4120));
#4111 = ORIENTED_EDGE('',*,*,#4112,.F.);
#4112 = EDGE_CURVE('',#4008,#4091,#4113,.T.);
#4113 = CIRCLE('',#4114,2.);
#4114 = AXIS2_PLACEMENT_3D('',#4115,#4116,#4117);
#4115 = CARTESIAN_POINT('',(-42.15857531796,32.937888929923,27.5));
#4116 = DIRECTION('',(0.,0.,1.));
#4117 = DIRECTION('',(-0.788010753607,0.615661475326,0.));
#4118 = ORIENTED_EDGE('',*,*,#4007,.F.);
#4119 = ORIENTED_EDGE('',*,*,#1555,.T.);
#4120 = ORIENTED_EDGE('',*,*,#4090,.T.);
#4121 = CYLINDRICAL_SURFACE('',#4122,2.);
#4122 = AXIS2_PLACEMENT_3D('',#4123,#4124,#4125);
#4123 = CARTESIAN_POINT('',(-42.15857531796,32.937888929923,17.39));
#4124 = DIRECTION('',(0.,0.,1.));
#4125 = DIRECTION('',(-0.788010753607,0.615661475326,0.));
#4126 = ADVANCED_FACE('',(#4127),#4152,.T.);
#4127 = FACE_BOUND('',#4128,.T.);
#4128 = EDGE_LOOP('',(#4129,#4137,#4138,#4146));
#4129 = ORIENTED_EDGE('',*,*,#4130,.F.);
#4130 = EDGE_CURVE('',#1565,#4131,#4133,.T.);
#4131 = VERTEX_POINT('',#4132);
#4132 = CARTESIAN_POINT('',(32.593190373361,44.965919775824,27.5));
#4133 = LINE('',#4134,#4135);
#4134 = CARTESIAN_POINT('',(32.593190373361,44.965919775824,17.39));
#4135 = VECTOR('',#4136,1.);
#4136 = DIRECTION('',(0.,0.,1.));
#4137 = ORIENTED_EDGE('',*,*,#1564,.T.);
#4138 = ORIENTED_EDGE('',*,*,#4139,.T.);
#4139 = EDGE_CURVE('',#1567,#4140,#4142,.T.);
#4140 = VERTEX_POINT('',#4141);
#4141 = CARTESIAN_POINT('',(31.361867422709,43.389898268611,27.5));
#4142 = LINE('',#4143,#4144);
#4143 = CARTESIAN_POINT('',(31.361867422709,43.389898268611,17.39));
#4144 = VECTOR('',#4145,1.);
#4145 = DIRECTION('',(0.,0.,1.));
#4146 = ORIENTED_EDGE('',*,*,#4147,.T.);
#4147 = EDGE_CURVE('',#4140,#4131,#4148,.T.);
#4148 = LINE('',#4149,#4150);
#4149 = CARTESIAN_POINT('',(30.486413831158,42.269368769731,27.5));
#4150 = VECTOR('',#4151,1.);
#4151 = DIRECTION('',(0.615661475326,0.788010753607,-0.));
#4152 = PLANE('',#4153);
#4153 = AXIS2_PLACEMENT_3D('',#4154,#4155,#4156);
#4154 = CARTESIAN_POINT('',(31.361867422709,43.389898268611,17.39));
#4155 = DIRECTION('',(-0.788010753607,0.615661475326,0.));
#4156 = DIRECTION('',(0.,0.,1.));
#4157 = ADVANCED_FACE('',(#4158),#4211,.T.);
#4158 = FACE_BOUND('',#4159,.T.);
#4159 = EDGE_LOOP('',(#4160,#4161,#4162,#4171,#4179,#4188,#4196,#4205));
#4160 = ORIENTED_EDGE('',*,*,#1574,.F.);
#4161 = ORIENTED_EDGE('',*,*,#4130,.T.);
#4162 = ORIENTED_EDGE('',*,*,#4163,.F.);
#4163 = EDGE_CURVE('',#4164,#4131,#4166,.T.);
#4164 = VERTEX_POINT('',#4165);
#4165 = CARTESIAN_POINT('',(34.366876577281,45.724805022241,27.5));
#4166 = CIRCLE('',#4167,2.);
#4167 = AXIS2_PLACEMENT_3D('',#4168,#4169,#4170);
#4168 = CARTESIAN_POINT('',(34.169211880574,43.734596825173,27.5));
#4169 = DIRECTION('',(0.,0.,1.));
#4170 = DIRECTION('',(0.615661475326,0.788010753607,-0.));
#4171 = ORIENTED_EDGE('',*,*,#4172,.T.);
#4172 = EDGE_CURVE('',#4164,#4173,#4175,.T.);
#4173 = VERTEX_POINT('',#4174);
#4174 = CARTESIAN_POINT('',(34.366876577281,45.724805022241,27.51));
#4175 = LINE('',#4176,#4177);
#4176 = CARTESIAN_POINT('',(34.366876577281,45.724805022241,17.39));
#4177 = VECTOR('',#4178,1.);
#4178 = DIRECTION('',(0.,0.,1.));
#4179 = ORIENTED_EDGE('',*,*,#4180,.T.);
#4180 = EDGE_CURVE('',#4173,#4181,#4183,.T.);
#4181 = VERTEX_POINT('',#4182);
#4182 = CARTESIAN_POINT('',(36.052482970468,44.407864975296,27.51));
#4183 = CIRCLE('',#4184,2.);
#4184 = AXIS2_PLACEMENT_3D('',#4185,#4186,#4187);
#4185 = CARTESIAN_POINT('',(34.169211880574,43.734596825173,27.51));
#4186 = DIRECTION('',(-1.39978829169E-15,1.09363447245E-15,-1.));
#4187 = DIRECTION('',(-0.788010753607,0.615661475326,1.7763568394E-15));
#4188 = ORIENTED_EDGE('',*,*,#4189,.F.);
#4189 = EDGE_CURVE('',#4190,#4181,#4192,.T.);
#4190 = VERTEX_POINT('',#4191);
#4191 = CARTESIAN_POINT('',(36.052482970468,44.407864975296,27.5));
#4192 = LINE('',#4193,#4194);
#4193 = CARTESIAN_POINT('',(36.052482970468,44.407864975296,17.39));
#4194 = VECTOR('',#4195,1.);
#4195 = DIRECTION('',(0.,0.,1.));
#4196 = ORIENTED_EDGE('',*,*,#4197,.F.);
#4197 = EDGE_CURVE('',#4198,#4190,#4200,.T.);
#4198 = VERTEX_POINT('',#4199);
#4199 = CARTESIAN_POINT('',(35.745233387787,42.503273874522,27.5));
#4200 = CIRCLE('',#4201,2.);
#4201 = AXIS2_PLACEMENT_3D('',#4202,#4203,#4204);
#4202 = CARTESIAN_POINT('',(34.169211880574,43.734596825173,27.5));
#4203 = DIRECTION('',(0.,0.,1.));
#4204 = DIRECTION('',(0.615661475326,0.788010753607,-0.));
#4205 = ORIENTED_EDGE('',*,*,#4206,.F.);
#4206 = EDGE_CURVE('',#1575,#4198,#4207,.T.);
#4207 = LINE('',#4208,#4209);
#4208 = CARTESIAN_POINT('',(35.745233387787,42.503273874522,17.39));
#4209 = VECTOR('',#4210,1.);
#4210 = DIRECTION('',(0.,0.,1.));
#4211 = CYLINDRICAL_SURFACE('',#4212,2.);
#4212 = AXIS2_PLACEMENT_3D('',#4213,#4214,#4215);
#4213 = CARTESIAN_POINT('',(34.169211880574,43.734596825173,17.39));
#4214 = DIRECTION('',(0.,0.,1.));
#4215 = DIRECTION('',(0.615661475326,0.788010753607,0.));
#4216 = ADVANCED_FACE('',(#4217),#4235,.F.);
#4217 = FACE_BOUND('',#4218,.F.);
#4218 = EDGE_LOOP('',(#4219,#4220,#4221,#4229));
#4219 = ORIENTED_EDGE('',*,*,#4206,.F.);
#4220 = ORIENTED_EDGE('',*,*,#1583,.T.);
#4221 = ORIENTED_EDGE('',*,*,#4222,.T.);
#4222 = EDGE_CURVE('',#1584,#4223,#4225,.T.);
#4223 = VERTEX_POINT('',#4224);
#4224 = CARTESIAN_POINT('',(34.513910437136,40.927252367308,27.5));
#4225 = LINE('',#4226,#4227);
#4226 = CARTESIAN_POINT('',(34.513910437136,40.927252367308,17.39));
#4227 = VECTOR('',#4228,1.);
#4228 = DIRECTION('',(0.,0.,1.));
#4229 = ORIENTED_EDGE('',*,*,#4230,.T.);
#4230 = EDGE_CURVE('',#4223,#4198,#4231,.T.);
#4231 = LINE('',#4232,#4233);
#4232 = CARTESIAN_POINT('',(33.638456845585,39.806722868429,27.5));
#4233 = VECTOR('',#4234,1.);
#4234 = DIRECTION('',(0.615661475326,0.788010753607,-0.));
#4235 = PLANE('',#4236);
#4236 = AXIS2_PLACEMENT_3D('',#4237,#4238,#4239);
#4237 = CARTESIAN_POINT('',(34.513910437136,40.927252367308,17.39));
#4238 = DIRECTION('',(-0.788010753607,0.615661475326,0.));
#4239 = DIRECTION('',(0.,0.,1.));
#4240 = ADVANCED_FACE('',(#4241),#4253,.T.);
#4241 = FACE_BOUND('',#4242,.T.);
#4242 = EDGE_LOOP('',(#4243,#4250,#4251,#4252));
#4243 = ORIENTED_EDGE('',*,*,#4244,.F.);
#4244 = EDGE_CURVE('',#4140,#4223,#4245,.T.);
#4245 = CIRCLE('',#4246,2.);
#4246 = AXIS2_PLACEMENT_3D('',#4247,#4248,#4249);
#4247 = CARTESIAN_POINT('',(32.937888929923,42.15857531796,27.5));
#4248 = DIRECTION('',(0.,0.,1.));
#4249 = DIRECTION('',(0.615661475326,0.788010753607,-0.));
#4250 = ORIENTED_EDGE('',*,*,#4139,.F.);
#4251 = ORIENTED_EDGE('',*,*,#1591,.T.);
#4252 = ORIENTED_EDGE('',*,*,#4222,.T.);
#4253 = CYLINDRICAL_SURFACE('',#4254,2.);
#4254 = AXIS2_PLACEMENT_3D('',#4255,#4256,#4257);
#4255 = CARTESIAN_POINT('',(32.937888929923,42.15857531796,17.39));
#4256 = DIRECTION('',(0.,0.,1.));
#4257 = DIRECTION('',(0.615661475326,0.788010753607,0.));
#4258 = ADVANCED_FACE('',(#4259),#4287,.T.);
#4259 = FACE_BOUND('',#4260,.T.);
#4260 = EDGE_LOOP('',(#4261,#4270,#4271,#4280));
#4261 = ORIENTED_EDGE('',*,*,#4262,.F.);
#4262 = EDGE_CURVE('',#1609,#4263,#4265,.T.);
#4263 = VERTEX_POINT('',#4264);
#4264 = CARTESIAN_POINT('',(6.50653593758,55.117283950617,8.));
#4265 = CIRCLE('',#4266,55.5);
#4266 = AXIS2_PLACEMENT_3D('',#4267,#4268,#4269);
#4267 = CARTESIAN_POINT('',(0.,0.,8.));
#4268 = DIRECTION('',(0.,0.,1.));
#4269 = DIRECTION('',(1.,0.,-0.));
#4270 = ORIENTED_EDGE('',*,*,#1606,.F.);
#4271 = ORIENTED_EDGE('',*,*,#4272,.F.);
#4272 = EDGE_CURVE('',#4273,#1607,#4275,.T.);
#4273 = VERTEX_POINT('',#4274);
#4274 = CARTESIAN_POINT('',(-6.50653593758,55.117283950617,8.));
#4275 = CIRCLE('',#4276,55.5);
#4276 = AXIS2_PLACEMENT_3D('',#4277,#4278,#4279);
#4277 = CARTESIAN_POINT('',(0.,0.,8.));
#4278 = DIRECTION('',(0.,0.,1.));
#4279 = DIRECTION('',(1.,0.,-0.));
#4280 = ORIENTED_EDGE('',*,*,#4281,.T.);
#4281 = EDGE_CURVE('',#4273,#4263,#4282,.T.);
#4282 = CIRCLE('',#4283,16.);
#4283 = AXIS2_PLACEMENT_3D('',#4284,#4285,#4286);
#4284 = CARTESIAN_POINT('',(2.479909768273E-15,40.5,8.));
#4285 = DIRECTION('',(0.,0.,-1.));
#4286 = DIRECTION('',(-0.406658496099,0.913580246914,0.));
#4287 = PLANE('',#4288);
#4288 = AXIS2_PLACEMENT_3D('',#4289,#4290,#4291);
#4289 = CARTESIAN_POINT('',(2.479909768273E-15,40.5,8.));
#4290 = DIRECTION('',(0.,0.,1.));
#4291 = DIRECTION('',(2.22044604925E-16,1.,0.));
#4292 = ADVANCED_FACE('',(#4293,#4531,#4534,#4537,#4540,#4543,#4546,
    #4549,#4552,#4588,#4591,#4594,#4597,#4600,#4603,#4606,#4609,#4612,
    #4615),#4618,.F.);
#4293 = FACE_BOUND('',#4294,.F.);
#4294 = EDGE_LOOP('',(#4295,#4306,#4312,#4313,#4314,#4321,#4322,#4323,
    #4331,#4340,#4348,#4357,#4365,#4372,#4373,#4381,#4390,#4398,#4407,
    #4415,#4424,#4432,#4439,#4440,#4448,#4457,#4465,#4474,#4482,#4491,
    #4499,#4508,#4516,#4525));
#4295 = ORIENTED_EDGE('',*,*,#4296,.F.);
#4296 = EDGE_CURVE('',#4297,#4299,#4301,.T.);
#4297 = VERTEX_POINT('',#4298);
#4298 = CARTESIAN_POINT('',(6.50653593758,55.117283950617,5.));
#4299 = VERTEX_POINT('',#4300);
#4300 = CARTESIAN_POINT('',(50.549202384868,-22.91349249358,5.));
#4301 = CIRCLE('',#4302,55.5);
#4302 = AXIS2_PLACEMENT_3D('',#4303,#4304,#4305);
#4303 = CARTESIAN_POINT('',(0.,0.,5.));
#4304 = DIRECTION('',(0.,0.,-1.));
#4305 = DIRECTION('',(0.117234881758,0.993104215326,0.));
#4306 = ORIENTED_EDGE('',*,*,#4307,.T.);
#4307 = EDGE_CURVE('',#4297,#4263,#4308,.T.);
#4308 = LINE('',#4309,#4310);
#4309 = CARTESIAN_POINT('',(6.50653593758,55.117283950617,4.99));
#4310 = VECTOR('',#4311,1.);
#4311 = DIRECTION('',(0.,0.,1.));
#4312 = ORIENTED_EDGE('',*,*,#4262,.F.);
#4313 = ORIENTED_EDGE('',*,*,#1668,.T.);
#4314 = ORIENTED_EDGE('',*,*,#4315,.F.);
#4315 = EDGE_CURVE('',#1618,#1660,#4316,.T.);
#4316 = CIRCLE('',#4317,55.5);
#4317 = AXIS2_PLACEMENT_3D('',#4318,#4319,#4320);
#4318 = CARTESIAN_POINT('',(0.,0.,15.6));
#4319 = DIRECTION('',(0.,0.,1.));
#4320 = DIRECTION('',(-0.260531063395,0.965465465465,0.));
#4321 = ORIENTED_EDGE('',*,*,#1617,.F.);
#4322 = ORIENTED_EDGE('',*,*,#4272,.F.);
#4323 = ORIENTED_EDGE('',*,*,#4324,.F.);
#4324 = EDGE_CURVE('',#4325,#4273,#4327,.T.);
#4325 = VERTEX_POINT('',#4326);
#4326 = CARTESIAN_POINT('',(-6.50653593758,55.117283950617,5.));
#4327 = LINE('',#4328,#4329);
#4328 = CARTESIAN_POINT('',(-6.50653593758,55.117283950617,4.99));
#4329 = VECTOR('',#4330,1.);
#4330 = DIRECTION('',(0.,0.,1.));
#4331 = ORIENTED_EDGE('',*,*,#4332,.T.);
#4332 = EDGE_CURVE('',#4325,#4333,#4335,.T.);
#4333 = VERTEX_POINT('',#4334);
#4334 = CARTESIAN_POINT('',(-28.90309689947,47.379964010326,5.));
#4335 = CIRCLE('',#4336,55.5);
#4336 = AXIS2_PLACEMENT_3D('',#4337,#4338,#4339);
#4337 = CARTESIAN_POINT('',(0.,0.,5.));
#4338 = DIRECTION('',(0.,0.,1.));
#4339 = DIRECTION('',(1.,0.,-0.));
#4340 = ORIENTED_EDGE('',*,*,#4341,.T.);
#4341 = EDGE_CURVE('',#4333,#4342,#4344,.T.);
#4342 = VERTEX_POINT('',#4343);
#4343 = CARTESIAN_POINT('',(-28.90309689947,47.379964010326,8.));
#4344 = LINE('',#4345,#4346);
#4345 = CARTESIAN_POINT('',(-28.90309689947,47.379964010326,4.99));
#4346 = VECTOR('',#4347,1.);
#4347 = DIRECTION('',(0.,0.,1.));
#4348 = ORIENTED_EDGE('',*,*,#4349,.T.);
#4349 = EDGE_CURVE('',#4342,#4350,#4352,.T.);
#4350 = VERTEX_POINT('',#4351);
#4351 = CARTESIAN_POINT('',(-29.7482667434,46.853928605438,8.));
#4352 = CIRCLE('',#4353,55.5);
#4353 = AXIS2_PLACEMENT_3D('',#4354,#4355,#4356);
#4354 = CARTESIAN_POINT('',(0.,0.,8.));
#4355 = DIRECTION('',(0.,0.,1.));
#4356 = DIRECTION('',(1.,0.,-0.));
#4357 = ORIENTED_EDGE('',*,*,#4358,.T.);
#4358 = EDGE_CURVE('',#4350,#4359,#4361,.T.);
#4359 = VERTEX_POINT('',#4360);
#4360 = CARTESIAN_POINT('',(-29.7482667434,46.853928605438,12.2));
#4361 = LINE('',#4362,#4363);
#4362 = CARTESIAN_POINT('',(-29.7482667434,46.853928605438,4.99));
#4363 = VECTOR('',#4364,1.);
#4364 = DIRECTION('',(0.,0.,1.));
#4365 = ORIENTED_EDGE('',*,*,#4366,.T.);
#4366 = EDGE_CURVE('',#4359,#1741,#4367,.T.);
#4367 = CIRCLE('',#4368,55.5);
#4368 = AXIS2_PLACEMENT_3D('',#4369,#4370,#4371);
#4369 = CARTESIAN_POINT('',(0.,0.,12.2));
#4370 = DIRECTION('',(0.,0.,1.));
#4371 = DIRECTION('',(1.,0.,-0.));
#4372 = ORIENTED_EDGE('',*,*,#1740,.F.);
#4373 = ORIENTED_EDGE('',*,*,#4374,.F.);
#4374 = EDGE_CURVE('',#4375,#1722,#4377,.T.);
#4375 = VERTEX_POINT('',#4376);
#4376 = CARTESIAN_POINT('',(-33.85378451009,43.979214116947,8.));
#4377 = LINE('',#4378,#4379);
#4378 = CARTESIAN_POINT('',(-33.85378451009,43.979214116947,4.99));
#4379 = VECTOR('',#4380,1.);
#4380 = DIRECTION('',(0.,0.,1.));
#4381 = ORIENTED_EDGE('',*,*,#4382,.T.);
#4382 = EDGE_CURVE('',#4375,#4383,#4385,.T.);
#4383 = VERTEX_POINT('',#4384);
#4384 = CARTESIAN_POINT('',(-34.63716120949,43.364928955869,8.));
#4385 = CIRCLE('',#4386,55.5);
#4386 = AXIS2_PLACEMENT_3D('',#4387,#4388,#4389);
#4387 = CARTESIAN_POINT('',(0.,0.,8.));
#4388 = DIRECTION('',(0.,0.,1.));
#4389 = DIRECTION('',(1.,0.,-0.));
#4390 = ORIENTED_EDGE('',*,*,#4391,.F.);
#4391 = EDGE_CURVE('',#4392,#4383,#4394,.T.);
#4392 = VERTEX_POINT('',#4393);
#4393 = CARTESIAN_POINT('',(-34.63716120949,43.364928955869,5.));
#4394 = LINE('',#4395,#4396);
#4395 = CARTESIAN_POINT('',(-34.63716120949,43.364928955869,4.99));
#4396 = VECTOR('',#4397,1.);
#4397 = DIRECTION('',(0.,0.,1.));
#4398 = ORIENTED_EDGE('',*,*,#4399,.T.);
#4399 = EDGE_CURVE('',#4392,#4400,#4402,.T.);
#4400 = VERTEX_POINT('',#4401);
#4401 = CARTESIAN_POINT('',(-26.5807040136,-48.72079816814,5.));
#4402 = CIRCLE('',#4403,55.5);
#4403 = AXIS2_PLACEMENT_3D('',#4404,#4405,#4406);
#4404 = CARTESIAN_POINT('',(0.,0.,5.));
#4405 = DIRECTION('',(0.,0.,1.));
#4406 = DIRECTION('',(1.,0.,-0.));
#4407 = ORIENTED_EDGE('',*,*,#4408,.T.);
#4408 = EDGE_CURVE('',#4400,#4409,#4411,.T.);
#4409 = VERTEX_POINT('',#4410);
#4410 = CARTESIAN_POINT('',(-26.5807040136,-48.72079816814,8.));
#4411 = LINE('',#4412,#4413);
#4412 = CARTESIAN_POINT('',(-26.5807040136,-48.72079816814,4.99));
#4413 = VECTOR('',#4414,1.);
#4414 = DIRECTION('',(0.,0.,1.));
#4415 = ORIENTED_EDGE('',*,*,#4416,.T.);
#4416 = EDGE_CURVE('',#4409,#4417,#4419,.T.);
#4417 = VERTEX_POINT('',#4418);
#4418 = CARTESIAN_POINT('',(-25.70255906771,-49.18971902106,8.));
#4419 = CIRCLE('',#4420,55.5);
#4420 = AXIS2_PLACEMENT_3D('',#4421,#4422,#4423);
#4421 = CARTESIAN_POINT('',(0.,0.,8.));
#4422 = DIRECTION('',(0.,0.,1.));
#4423 = DIRECTION('',(1.,0.,-0.));
#4424 = ORIENTED_EDGE('',*,*,#4425,.T.);
#4425 = EDGE_CURVE('',#4417,#4426,#4428,.T.);
#4426 = VERTEX_POINT('',#4427);
#4427 = CARTESIAN_POINT('',(-25.70255906771,-49.18971902106,12.2));
#4428 = LINE('',#4429,#4430);
#4429 = CARTESIAN_POINT('',(-25.70255906771,-49.18971902106,4.99));
#4430 = VECTOR('',#4431,1.);
#4431 = DIRECTION('',(0.,0.,1.));
#4432 = ORIENTED_EDGE('',*,*,#4433,.T.);
#4433 = EDGE_CURVE('',#4426,#2362,#4434,.T.);
#4434 = CIRCLE('',#4435,55.5);
#4435 = AXIS2_PLACEMENT_3D('',#4436,#4437,#4438);
#4436 = CARTESIAN_POINT('',(0.,0.,12.2));
#4437 = DIRECTION('',(0.,0.,1.));
#4438 = DIRECTION('',(1.,0.,-0.));
#4439 = ORIENTED_EDGE('',*,*,#2361,.F.);
#4440 = ORIENTED_EDGE('',*,*,#4441,.F.);
#4441 = EDGE_CURVE('',#4442,#2343,#4444,.T.);
#4442 = VERTEX_POINT('',#4443);
#4443 = CARTESIAN_POINT('',(-21.1602244087,-51.30784445845,8.));
#4444 = LINE('',#4445,#4446);
#4445 = CARTESIAN_POINT('',(-21.1602244087,-51.30784445845,4.99));
#4446 = VECTOR('',#4447,1.);
#4447 = DIRECTION('',(0.,0.,1.));
#4448 = ORIENTED_EDGE('',*,*,#4449,.T.);
#4449 = EDGE_CURVE('',#4442,#4450,#4452,.T.);
#4450 = VERTEX_POINT('',#4451);
#4451 = CARTESIAN_POINT('',(-20.23654950434,-51.67912600033,8.));
#4452 = CIRCLE('',#4453,55.5);
#4453 = AXIS2_PLACEMENT_3D('',#4454,#4455,#4456);
#4454 = CARTESIAN_POINT('',(0.,0.,8.));
#4455 = DIRECTION('',(0.,0.,1.));
#4456 = DIRECTION('',(1.,0.,-0.));
#4457 = ORIENTED_EDGE('',*,*,#4458,.F.);
#4458 = EDGE_CURVE('',#4459,#4450,#4461,.T.);
#4459 = VERTEX_POINT('',#4460);
#4460 = CARTESIAN_POINT('',(-20.23654950434,-51.67912600033,5.));
#4461 = LINE('',#4462,#4463);
#4462 = CARTESIAN_POINT('',(-20.23654950434,-51.67912600033,4.99));
#4463 = VECTOR('',#4464,1.);
#4464 = DIRECTION('',(0.,0.,1.));
#4465 = ORIENTED_EDGE('',*,*,#4466,.T.);
#4466 = EDGE_CURVE('',#4459,#4467,#4469,.T.);
#4467 = VERTEX_POINT('',#4468);
#4468 = CARTESIAN_POINT('',(47.262901445366,-29.0941256436,5.));
#4469 = CIRCLE('',#4470,55.5);
#4470 = AXIS2_PLACEMENT_3D('',#4471,#4472,#4473);
#4471 = CARTESIAN_POINT('',(0.,0.,5.));
#4472 = DIRECTION('',(0.,0.,1.));
#4473 = DIRECTION('',(1.,0.,-0.));
#4474 = ORIENTED_EDGE('',*,*,#4475,.T.);
#4475 = EDGE_CURVE('',#4467,#4476,#4478,.T.);
#4476 = VERTEX_POINT('',#4477);
#4477 = CARTESIAN_POINT('',(47.262901445366,-29.0941256436,8.));
#4478 = LINE('',#4479,#4480);
#4479 = CARTESIAN_POINT('',(47.262901445366,-29.0941256436,4.99));
#4480 = VECTOR('',#4481,1.);
#4481 = DIRECTION('',(0.,0.,1.));
#4482 = ORIENTED_EDGE('',*,*,#4483,.T.);
#4483 = EDGE_CURVE('',#4476,#4484,#4486,.T.);
#4484 = VERTEX_POINT('',#4485);
#4485 = CARTESIAN_POINT('',(47.77713821401,-28.24172558608,8.));
#4486 = CIRCLE('',#4487,55.5);
#4487 = AXIS2_PLACEMENT_3D('',#4488,#4489,#4490);
#4488 = CARTESIAN_POINT('',(0.,0.,8.));
#4489 = DIRECTION('',(0.,0.,1.));
#4490 = DIRECTION('',(1.,0.,-0.));
#4491 = ORIENTED_EDGE('',*,*,#4492,.T.);
#4492 = EDGE_CURVE('',#4484,#4493,#4495,.T.);
#4493 = VERTEX_POINT('',#4494);
#4494 = CARTESIAN_POINT('',(47.77713821401,-28.24172558608,12.2));
#4495 = LINE('',#4496,#4497);
#4496 = CARTESIAN_POINT('',(47.77713821401,-28.24172558608,4.99));
#4497 = VECTOR('',#4498,1.);
#4498 = DIRECTION('',(0.,0.,1.));
#4499 = ORIENTED_EDGE('',*,*,#4500,.T.);
#4500 = EDGE_CURVE('',#4493,#4501,#4503,.T.);
#4501 = VERTEX_POINT('',#4502);
#4502 = CARTESIAN_POINT('',(50.130088262064,-23.81647015906,12.2));
#4503 = CIRCLE('',#4504,55.5);
#4504 = AXIS2_PLACEMENT_3D('',#4505,#4506,#4507);
#4505 = CARTESIAN_POINT('',(0.,0.,12.2));
#4506 = DIRECTION('',(0.,0.,1.));
#4507 = DIRECTION('',(1.,0.,-0.));
#4508 = ORIENTED_EDGE('',*,*,#4509,.F.);
#4509 = EDGE_CURVE('',#4510,#4501,#4512,.T.);
#4510 = VERTEX_POINT('',#4511);
#4511 = CARTESIAN_POINT('',(50.130088262064,-23.81647015906,8.));
#4512 = LINE('',#4513,#4514);
#4513 = CARTESIAN_POINT('',(50.130088262064,-23.81647015906,4.99));
#4514 = VECTOR('',#4515,1.);
#4515 = DIRECTION('',(0.,0.,1.));
#4516 = ORIENTED_EDGE('',*,*,#4517,.T.);
#4517 = EDGE_CURVE('',#4510,#4518,#4520,.T.);
#4518 = VERTEX_POINT('',#4519);
#4519 = CARTESIAN_POINT('',(50.549202384868,-22.91349249358,8.));
#4520 = CIRCLE('',#4521,55.5);
#4521 = AXIS2_PLACEMENT_3D('',#4522,#4523,#4524);
#4522 = CARTESIAN_POINT('',(0.,0.,8.));
#4523 = DIRECTION('',(0.,0.,1.));
#4524 = DIRECTION('',(1.,0.,-0.));
#4525 = ORIENTED_EDGE('',*,*,#4526,.F.);
#4526 = EDGE_CURVE('',#4299,#4518,#4527,.T.);
#4527 = LINE('',#4528,#4529);
#4528 = CARTESIAN_POINT('',(50.549202384868,-22.91349249358,4.99));
#4529 = VECTOR('',#4530,1.);
#4530 = DIRECTION('',(0.,0.,1.));
#4531 = FACE_BOUND('',#4532,.F.);
#4532 = EDGE_LOOP('',(#4533));
#4533 = ORIENTED_EDGE('',*,*,#1829,.F.);
#4534 = FACE_BOUND('',#4535,.F.);
#4535 = EDGE_LOOP('',(#4536));
#4536 = ORIENTED_EDGE('',*,*,#1901,.F.);
#4537 = FACE_BOUND('',#4538,.F.);
#4538 = EDGE_LOOP('',(#4539));
#4539 = ORIENTED_EDGE('',*,*,#1973,.F.);
#4540 = FACE_BOUND('',#4541,.F.);
#4541 = EDGE_LOOP('',(#4542));
#4542 = ORIENTED_EDGE('',*,*,#2045,.F.);
#4543 = FACE_BOUND('',#4544,.F.);
#4544 = EDGE_LOOP('',(#4545));
#4545 = ORIENTED_EDGE('',*,*,#2117,.F.);
#4546 = FACE_BOUND('',#4547,.F.);
#4547 = EDGE_LOOP('',(#4548));
#4548 = ORIENTED_EDGE('',*,*,#2189,.F.);
#4549 = FACE_BOUND('',#4550,.F.);
#4550 = EDGE_LOOP('',(#4551));
#4551 = ORIENTED_EDGE('',*,*,#2261,.F.);
#4552 = FACE_BOUND('',#4553,.F.);
#4553 = EDGE_LOOP('',(#4554,#4565,#4573,#4582));
#4554 = ORIENTED_EDGE('',*,*,#4555,.T.);
#4555 = EDGE_CURVE('',#4556,#4558,#4560,.T.);
#4556 = VERTEX_POINT('',#4557);
#4557 = CARTESIAN_POINT('',(-17.10135181456,-52.7995621773,14.5));
#4558 = VERTEX_POINT('',#4559);
#4559 = CARTESIAN_POINT('',(-5.852654406125,-55.1905466217,14.5));
#4560 = CIRCLE('',#4561,55.5);
#4561 = AXIS2_PLACEMENT_3D('',#4562,#4563,#4564);
#4562 = CARTESIAN_POINT('',(0.,0.,14.5));
#4563 = DIRECTION('',(0.,0.,1.));
#4564 = DIRECTION('',(1.,0.,-0.));
#4565 = ORIENTED_EDGE('',*,*,#4566,.F.);
#4566 = EDGE_CURVE('',#4567,#4558,#4569,.T.);
#4567 = VERTEX_POINT('',#4568);
#4568 = CARTESIAN_POINT('',(-5.852654406125,-55.1905466217,8.5));
#4569 = LINE('',#4570,#4571);
#4570 = CARTESIAN_POINT('',(-5.852654406125,-55.1905466217,4.99));
#4571 = VECTOR('',#4572,1.);
#4572 = DIRECTION('',(0.,0.,1.));
#4573 = ORIENTED_EDGE('',*,*,#4574,.F.);
#4574 = EDGE_CURVE('',#4575,#4567,#4577,.T.);
#4575 = VERTEX_POINT('',#4576);
#4576 = CARTESIAN_POINT('',(-17.10135181456,-52.7995621773,8.5));
#4577 = CIRCLE('',#4578,55.5);
#4578 = AXIS2_PLACEMENT_3D('',#4579,#4580,#4581);
#4579 = CARTESIAN_POINT('',(0.,0.,8.5));
#4580 = DIRECTION('',(0.,0.,1.));
#4581 = DIRECTION('',(1.,0.,-0.));
#4582 = ORIENTED_EDGE('',*,*,#4583,.T.);
#4583 = EDGE_CURVE('',#4575,#4556,#4584,.T.);
#4584 = LINE('',#4585,#4586);
#4585 = CARTESIAN_POINT('',(-17.10135181456,-52.7995621773,4.99));
#4586 = VECTOR('',#4587,1.);
#4587 = DIRECTION('',(0.,0.,1.));
#4588 = FACE_BOUND('',#4589,.F.);
#4589 = EDGE_LOOP('',(#4590));
#4590 = ORIENTED_EDGE('',*,*,#2475,.F.);
#4591 = FACE_BOUND('',#4592,.F.);
#4592 = EDGE_LOOP('',(#4593));
#4593 = ORIENTED_EDGE('',*,*,#2570,.F.);
#4594 = FACE_BOUND('',#4595,.F.);
#4595 = EDGE_LOOP('',(#4596));
#4596 = ORIENTED_EDGE('',*,*,#3074,.F.);
#4597 = FACE_BOUND('',#4598,.F.);
#4598 = EDGE_LOOP('',(#4599));
#4599 = ORIENTED_EDGE('',*,*,#2642,.F.);
#4600 = FACE_BOUND('',#4601,.F.);
#4601 = EDGE_LOOP('',(#4602));
#4602 = ORIENTED_EDGE('',*,*,#2714,.F.);
#4603 = FACE_BOUND('',#4604,.F.);
#4604 = EDGE_LOOP('',(#4605));
#4605 = ORIENTED_EDGE('',*,*,#2786,.F.);
#4606 = FACE_BOUND('',#4607,.F.);
#4607 = EDGE_LOOP('',(#4608));
#4608 = ORIENTED_EDGE('',*,*,#2858,.F.);
#4609 = FACE_BOUND('',#4610,.F.);
#4610 = EDGE_LOOP('',(#4611));
#4611 = ORIENTED_EDGE('',*,*,#2930,.F.);
#4612 = FACE_BOUND('',#4613,.F.);
#4613 = EDGE_LOOP('',(#4614));
#4614 = ORIENTED_EDGE('',*,*,#3002,.F.);
#4615 = FACE_BOUND('',#4616,.F.);
#4616 = EDGE_LOOP('',(#4617));
#4617 = ORIENTED_EDGE('',*,*,#3146,.F.);
#4618 = CYLINDRICAL_SURFACE('',#4619,55.5);
#4619 = AXIS2_PLACEMENT_3D('',#4620,#4621,#4622);
#4620 = CARTESIAN_POINT('',(0.,0.,4.99));
#4621 = DIRECTION('',(0.,0.,1.));
#4622 = DIRECTION('',(1.,0.,-0.));
#4623 = ADVANCED_FACE('',(#4624,#4638,#4649,#4660),#4671,.F.);
#4624 = FACE_BOUND('',#4625,.F.);
#4625 = EDGE_LOOP('',(#4626,#4627,#4628,#4629,#4630,#4631,#4632,#4633,
    #4634,#4635,#4636,#4637));
#4626 = ORIENTED_EDGE('',*,*,#1625,.F.);
#4627 = ORIENTED_EDGE('',*,*,#4315,.T.);
#4628 = ORIENTED_EDGE('',*,*,#1659,.F.);
#4629 = ORIENTED_EDGE('',*,*,#3209,.T.);
#4630 = ORIENTED_EDGE('',*,*,#3234,.T.);
#4631 = ORIENTED_EDGE('',*,*,#3259,.T.);
#4632 = ORIENTED_EDGE('',*,*,#3343,.T.);
#4633 = ORIENTED_EDGE('',*,*,#3368,.T.);
#4634 = ORIENTED_EDGE('',*,*,#3452,.T.);
#4635 = ORIENTED_EDGE('',*,*,#3477,.T.);
#4636 = ORIENTED_EDGE('',*,*,#3561,.T.);
#4637 = ORIENTED_EDGE('',*,*,#3586,.T.);
#4638 = FACE_BOUND('',#4639,.F.);
#4639 = EDGE_LOOP('',(#4640));
#4640 = ORIENTED_EDGE('',*,*,#4641,.F.);
#4641 = EDGE_CURVE('',#4642,#4642,#4644,.T.);
#4642 = VERTEX_POINT('',#4643);
#4643 = CARTESIAN_POINT('',(2.840795704867,-54.20561114647,15.6));
#4644 = CIRCLE('',#4645,2.55);
#4645 = AXIS2_PLACEMENT_3D('',#4646,#4647,#4648);
#4646 = CARTESIAN_POINT('',(2.707339016447,-51.65910583285,15.6));
#4647 = DIRECTION('',(0.,0.,1.));
#4648 = DIRECTION('',(5.233595624294E-02,-0.998629534755,0.));
#4649 = FACE_BOUND('',#4650,.F.);
#4650 = EDGE_LOOP('',(#4651));
#4651 = ORIENTED_EDGE('',*,*,#4652,.F.);
#4652 = EDGE_CURVE('',#4653,#4653,#4655,.T.);
#4653 = VERTEX_POINT('',#4654);
#4654 = CARTESIAN_POINT('',(-48.36383413294,24.642604325863,15.6));
#4655 = CIRCLE('',#4656,2.55);
#4656 = AXIS2_PLACEMENT_3D('',#4657,#4658,#4659);
#4657 = CARTESIAN_POINT('',(-46.09176749626,23.484928551527,15.6));
#4658 = DIRECTION('',(0.,0.,1.));
#4659 = DIRECTION('',(-0.891006524188,0.45399049974,0.));
#4660 = FACE_BOUND('',#4661,.F.);
#4661 = EDGE_LOOP('',(#4662));
#4662 = ORIENTED_EDGE('',*,*,#4663,.F.);
#4663 = EDGE_CURVE('',#4664,#4664,#4666,.T.);
#4664 = VERTEX_POINT('',#4665);
#4665 = CARTESIAN_POINT('',(45.523038428078,29.563006820616,15.6));
#4666 = CIRCLE('',#4667,2.55);
#4667 = AXIS2_PLACEMENT_3D('',#4668,#4669,#4670);
#4668 = CARTESIAN_POINT('',(43.384428479817,28.174177281327,15.6));
#4669 = DIRECTION('',(0.,0.,1.));
#4670 = DIRECTION('',(0.838670567945,0.544639035015,-0.));
#4671 = PLANE('',#4672);
#4672 = AXIS2_PLACEMENT_3D('',#4673,#4674,#4675);
#4673 = CARTESIAN_POINT('',(0.,0.,15.6));
#4674 = DIRECTION('',(0.,0.,1.));
#4675 = DIRECTION('',(1.,0.,-0.));
#4676 = ADVANCED_FACE('',(#4677),#4696,.T.);
#4677 = FACE_BOUND('',#4678,.T.);
#4678 = EDGE_LOOP('',(#4679,#4680,#4688,#4695));
#4679 = ORIENTED_EDGE('',*,*,#1682,.F.);
#4680 = ORIENTED_EDGE('',*,*,#4681,.F.);
#4681 = EDGE_CURVE('',#4682,#1683,#4684,.T.);
#4682 = VERTEX_POINT('',#4683);
#4683 = CARTESIAN_POINT('',(60.5,-1.481822626968E-14,7.6));
#4684 = LINE('',#4685,#4686);
#4685 = CARTESIAN_POINT('',(60.5,-1.481822626968E-14,7.6));
#4686 = VECTOR('',#4687,1.);
#4687 = DIRECTION('',(0.,0.,1.));
#4688 = ORIENTED_EDGE('',*,*,#4689,.T.);
#4689 = EDGE_CURVE('',#4682,#4682,#4690,.T.);
#4690 = CIRCLE('',#4691,60.5);
#4691 = AXIS2_PLACEMENT_3D('',#4692,#4693,#4694);
#4692 = CARTESIAN_POINT('',(0.,0.,7.6));
#4693 = DIRECTION('',(0.,0.,1.));
#4694 = DIRECTION('',(1.,0.,-0.));
#4695 = ORIENTED_EDGE('',*,*,#4681,.T.);
#4696 = CYLINDRICAL_SURFACE('',#4697,60.5);
#4697 = AXIS2_PLACEMENT_3D('',#4698,#4699,#4700);
#4698 = CARTESIAN_POINT('',(0.,0.,7.6));
#4699 = DIRECTION('',(0.,0.,1.));
#4700 = DIRECTION('',(1.,0.,-0.));
#4701 = ADVANCED_FACE('',(#4702),#4720,.T.);
#4702 = FACE_BOUND('',#4703,.T.);
#4703 = EDGE_LOOP('',(#4704,#4705,#4706,#4714));
#4704 = ORIENTED_EDGE('',*,*,#1804,.T.);
#4705 = ORIENTED_EDGE('',*,*,#1712,.T.);
#4706 = ORIENTED_EDGE('',*,*,#4707,.T.);
#4707 = EDGE_CURVE('',#1713,#4708,#4710,.T.);
#4708 = VERTEX_POINT('',#4709);
#4709 = CARTESIAN_POINT('',(-33.83282809298,42.734904488159,12.2));
#4710 = LINE('',#4711,#4712);
#4711 = CARTESIAN_POINT('',(-33.83282809298,42.734904488159,4.99));
#4712 = VECTOR('',#4713,1.);
#4713 = DIRECTION('',(0.,0.,1.));
#4714 = ORIENTED_EDGE('',*,*,#4715,.F.);
#4715 = EDGE_CURVE('',#1797,#4708,#4716,.T.);
#4716 = LINE('',#4717,#4718);
#4717 = CARTESIAN_POINT('',(-32.26044983428,43.941432761375,12.2));
#4718 = VECTOR('',#4719,1.);
#4719 = DIRECTION('',(-0.793353340291,-0.608761429009,0.));
#4720 = PLANE('',#4721);
#4721 = AXIS2_PLACEMENT_3D('',#4722,#4723,#4724);
#4722 = CARTESIAN_POINT('',(-33.17749788097,43.237757045872,12.));
#4723 = DIRECTION('',(-0.608761429009,0.793353340291,2.22044604925E-16)
  );
#4724 = DIRECTION('',(-1.351721909978E-16,1.761598290109E-16,-1.));
#4725 = ADVANCED_FACE('',(#4726),#4738,.T.);
#4726 = FACE_BOUND('',#4727,.T.);
#4727 = EDGE_LOOP('',(#4728,#4735,#4736,#4737));
#4728 = ORIENTED_EDGE('',*,*,#4729,.T.);
#4729 = EDGE_CURVE('',#4708,#4359,#4730,.T.);
#4730 = CIRCLE('',#4731,3.5);
#4731 = AXIS2_PLACEMENT_3D('',#4732,#4733,#4734);
#4732 = CARTESIAN_POINT('',(-30.3995511266,43.415058347317,12.2));
#4733 = DIRECTION('',(0.,0.,1.));
#4734 = DIRECTION('',(-0.573576436351,0.819152044289,0.));
#4735 = ORIENTED_EDGE('',*,*,#4366,.T.);
#4736 = ORIENTED_EDGE('',*,*,#1796,.F.);
#4737 = ORIENTED_EDGE('',*,*,#4715,.T.);
#4738 = PLANE('',#4739);
#4739 = AXIS2_PLACEMENT_3D('',#4740,#4741,#4742);
#4740 = CARTESIAN_POINT('',(-30.3995511266,43.415058347317,12.2));
#4741 = DIRECTION('',(0.,0.,1.));
#4742 = DIRECTION('',(-0.573576436351,0.819152044289,0.));
#4743 = ADVANCED_FACE('',(#4744),#4810,.T.);
#4744 = FACE_BOUND('',#4745,.T.);
#4745 = EDGE_LOOP('',(#4746,#4747,#4748,#4749,#4750,#4759,#4768,#4776,
    #4785,#4793,#4802,#4809));
#4746 = ORIENTED_EDGE('',*,*,#4729,.F.);
#4747 = ORIENTED_EDGE('',*,*,#4707,.F.);
#4748 = ORIENTED_EDGE('',*,*,#1721,.F.);
#4749 = ORIENTED_EDGE('',*,*,#4374,.F.);
#4750 = ORIENTED_EDGE('',*,*,#4751,.T.);
#4751 = EDGE_CURVE('',#4375,#4752,#4754,.T.);
#4752 = VERTEX_POINT('',#4753);
#4753 = CARTESIAN_POINT('',(-33.26658328161,41.407540820088,8.));
#4754 = CIRCLE('',#4755,3.5);
#4755 = AXIS2_PLACEMENT_3D('',#4756,#4757,#4758);
#4756 = CARTESIAN_POINT('',(-30.3995511266,43.415058347317,8.));
#4757 = DIRECTION('',(0.,0.,1.));
#4758 = DIRECTION('',(-0.573576436351,0.819152044289,0.));
#4759 = ORIENTED_EDGE('',*,*,#4760,.T.);
#4760 = EDGE_CURVE('',#4752,#4761,#4763,.T.);
#4761 = VERTEX_POINT('',#4762);
#4762 = CARTESIAN_POINT('',(-32.76980273224,40.839809364022,8.));
#4763 = CIRCLE('',#4764,3.5);
#4764 = AXIS2_PLACEMENT_3D('',#4765,#4766,#4767);
#4765 = CARTESIAN_POINT('',(-30.3995511266,43.415058347317,8.));
#4766 = DIRECTION('',(0.,0.,1.));
#4767 = DIRECTION('',(-0.573576436351,0.819152044289,0.));
#4768 = ORIENTED_EDGE('',*,*,#4769,.F.);
#4769 = EDGE_CURVE('',#4770,#4761,#4772,.T.);
#4770 = VERTEX_POINT('',#4771);
#4771 = CARTESIAN_POINT('',(-32.76980273224,40.839809364022,4.99));
#4772 = LINE('',#4773,#4774);
#4773 = CARTESIAN_POINT('',(-32.76980273224,40.839809364022,4.99));
#4774 = VECTOR('',#4775,1.);
#4775 = DIRECTION('',(0.,0.,1.));
#4776 = ORIENTED_EDGE('',*,*,#4777,.T.);
#4777 = EDGE_CURVE('',#4770,#4778,#4780,.T.);
#4778 = VERTEX_POINT('',#4779);
#4779 = CARTESIAN_POINT('',(-27.16893486643,44.761579264177,4.99));
#4780 = CIRCLE('',#4781,3.5);
#4781 = AXIS2_PLACEMENT_3D('',#4782,#4783,#4784);
#4782 = CARTESIAN_POINT('',(-30.3995511266,43.415058347317,4.99));
#4783 = DIRECTION('',(0.,0.,1.));
#4784 = DIRECTION('',(-0.573576436351,0.819152044289,0.));
#4785 = ORIENTED_EDGE('',*,*,#4786,.T.);
#4786 = EDGE_CURVE('',#4778,#4787,#4789,.T.);
#4787 = VERTEX_POINT('',#4788);
#4788 = CARTESIAN_POINT('',(-27.16893486643,44.761579264177,8.));
#4789 = LINE('',#4790,#4791);
#4790 = CARTESIAN_POINT('',(-27.16893486643,44.761579264177,4.99));
#4791 = VECTOR('',#4792,1.);
#4792 = DIRECTION('',(0.,0.,1.));
#4793 = ORIENTED_EDGE('',*,*,#4794,.T.);
#4794 = EDGE_CURVE('',#4787,#4795,#4797,.T.);
#4795 = VERTEX_POINT('',#4796);
#4796 = CARTESIAN_POINT('',(-27.53251897159,45.422575874545,8.));
#4797 = CIRCLE('',#4798,3.5);
#4798 = AXIS2_PLACEMENT_3D('',#4799,#4800,#4801);
#4799 = CARTESIAN_POINT('',(-30.3995511266,43.415058347317,8.));
#4800 = DIRECTION('',(0.,0.,1.));
#4801 = DIRECTION('',(-0.573576436351,0.819152044289,0.));
#4802 = ORIENTED_EDGE('',*,*,#4803,.T.);
#4803 = EDGE_CURVE('',#4795,#4350,#4804,.T.);
#4804 = CIRCLE('',#4805,3.5);
#4805 = AXIS2_PLACEMENT_3D('',#4806,#4807,#4808);
#4806 = CARTESIAN_POINT('',(-30.3995511266,43.415058347317,8.));
#4807 = DIRECTION('',(0.,0.,1.));
#4808 = DIRECTION('',(-0.573576436351,0.819152044289,0.));
#4809 = ORIENTED_EDGE('',*,*,#4358,.T.);
#4810 = CYLINDRICAL_SURFACE('',#4811,3.5);
#4811 = AXIS2_PLACEMENT_3D('',#4812,#4813,#4814);
#4812 = CARTESIAN_POINT('',(-30.3995511266,43.415058347317,4.99));
#4813 = DIRECTION('',(0.,0.,1.));
#4814 = DIRECTION('',(-0.573576436351,0.819152044289,0.));
#4815 = ADVANCED_FACE('',(#4816),#4834,.T.);
#4816 = FACE_BOUND('',#4817,.T.);
#4817 = EDGE_LOOP('',(#4818,#4819,#4820,#4828));
#4818 = ORIENTED_EDGE('',*,*,#2425,.T.);
#4819 = ORIENTED_EDGE('',*,*,#2333,.T.);
#4820 = ORIENTED_EDGE('',*,*,#4821,.T.);
#4821 = EDGE_CURVE('',#2334,#4822,#4824,.T.);
#4822 = VERTEX_POINT('',#4823);
#4823 = CARTESIAN_POINT('',(-20.09309886855,-50.66754085447,12.2));
#4824 = LINE('',#4825,#4826);
#4825 = CARTESIAN_POINT('',(-20.09309886855,-50.66754085447,4.99));
#4826 = VECTOR('',#4827,1.);
#4827 = DIRECTION('',(0.,0.,1.));
#4828 = ORIENTED_EDGE('',*,*,#4829,.F.);
#4829 = EDGE_CURVE('',#2418,#4822,#4830,.T.);
#4830 = LINE('',#4831,#4832);
#4831 = CARTESIAN_POINT('',(-21.92417213289,-49.90908547468,12.2));
#4832 = VECTOR('',#4833,1.);
#4833 = DIRECTION('',(0.923879532511,-0.382683432365,0.));
#4834 = PLANE('',#4835);
#4835 = AXIS2_PLACEMENT_3D('',#4836,#4837,#4838);
#4836 = CARTESIAN_POINT('',(-20.85624706389,-50.35143452186,12.));
#4837 = DIRECTION('',(-0.382683432365,-0.923879532511,2.22044604925E-16)
  );
#4838 = DIRECTION('',(-8.497279155086E-17,-2.051424657948E-16,-1.));
#4839 = ADVANCED_FACE('',(#4840),#4852,.T.);
#4840 = FACE_BOUND('',#4841,.T.);
#4841 = EDGE_LOOP('',(#4842,#4849,#4850,#4851));
#4842 = ORIENTED_EDGE('',*,*,#4843,.T.);
#4843 = EDGE_CURVE('',#4822,#4426,#4844,.T.);
#4844 = CIRCLE('',#4845,3.5);
#4845 = AXIS2_PLACEMENT_3D('',#4846,#4847,#4848);
#4846 = CARTESIAN_POINT('',(-22.39876787225,-48.03431271294,12.2));
#4847 = DIRECTION('',(0.,0.,1.));
#4848 = DIRECTION('',(-0.422618261741,-0.906307787037,0.));
#4849 = ORIENTED_EDGE('',*,*,#4433,.T.);
#4850 = ORIENTED_EDGE('',*,*,#2417,.F.);
#4851 = ORIENTED_EDGE('',*,*,#4829,.T.);
#4852 = PLANE('',#4853);
#4853 = AXIS2_PLACEMENT_3D('',#4854,#4855,#4856);
#4854 = CARTESIAN_POINT('',(-22.39876787225,-48.03431271294,12.2));
#4855 = DIRECTION('',(0.,0.,1.));
#4856 = DIRECTION('',(-0.422618261741,-0.906307787037,0.));
#4857 = ADVANCED_FACE('',(#4858),#4924,.T.);
#4858 = FACE_BOUND('',#4859,.T.);
#4859 = EDGE_LOOP('',(#4860,#4861,#4862,#4863,#4864,#4873,#4882,#4890,
    #4899,#4907,#4916,#4923));
#4860 = ORIENTED_EDGE('',*,*,#4843,.F.);
#4861 = ORIENTED_EDGE('',*,*,#4821,.F.);
#4862 = ORIENTED_EDGE('',*,*,#2342,.F.);
#4863 = ORIENTED_EDGE('',*,*,#4441,.F.);
#4864 = ORIENTED_EDGE('',*,*,#4865,.T.);
#4865 = EDGE_CURVE('',#4442,#4866,#4868,.T.);
#4866 = VERTEX_POINT('',#4867);
#4867 = CARTESIAN_POINT('',(-19.22669061762,-49.51347662903,8.));
#4868 = CIRCLE('',#4869,3.5);
#4869 = AXIS2_PLACEMENT_3D('',#4870,#4871,#4872);
#4870 = CARTESIAN_POINT('',(-22.39876787225,-48.03431271294,8.));
#4871 = DIRECTION('',(0.,0.,1.));
#4872 = DIRECTION('',(-0.422618261741,-0.906307787037,0.));
#4873 = ORIENTED_EDGE('',*,*,#4874,.T.);
#4874 = EDGE_CURVE('',#4866,#4875,#4877,.T.);
#4875 = VERTEX_POINT('',#4876);
#4876 = CARTESIAN_POINT('',(-18.98341102883,-48.79938632514,8.));
#4877 = CIRCLE('',#4878,3.5);
#4878 = AXIS2_PLACEMENT_3D('',#4879,#4880,#4881);
#4879 = CARTESIAN_POINT('',(-22.39876787225,-48.03431271294,8.));
#4880 = DIRECTION('',(0.,0.,1.));
#4881 = DIRECTION('',(-0.422618261741,-0.906307787037,0.));
#4882 = ORIENTED_EDGE('',*,*,#4883,.F.);
#4883 = EDGE_CURVE('',#4884,#4875,#4886,.T.);
#4884 = VERTEX_POINT('',#4885);
#4885 = CARTESIAN_POINT('',(-18.98341102883,-48.79938632514,4.99));
#4886 = LINE('',#4887,#4888);
#4887 = CARTESIAN_POINT('',(-18.98341102883,-48.79938632514,4.99));
#4888 = VECTOR('',#4889,1.);
#4889 = DIRECTION('',(0.,0.,1.));
#4890 = ORIENTED_EDGE('',*,*,#4891,.T.);
#4891 = EDGE_CURVE('',#4884,#4892,#4894,.T.);
#4892 = VERTEX_POINT('',#4893);
#4893 = CARTESIAN_POINT('',(-25.18019732306,-45.90977742018,4.99));
#4894 = CIRCLE('',#4895,3.5);
#4895 = AXIS2_PLACEMENT_3D('',#4896,#4897,#4898);
#4896 = CARTESIAN_POINT('',(-22.39876787225,-48.03431271294,4.99));
#4897 = DIRECTION('',(0.,0.,1.));
#4898 = DIRECTION('',(-0.422618261741,-0.906307787037,0.));
#4899 = ORIENTED_EDGE('',*,*,#4900,.T.);
#4900 = EDGE_CURVE('',#4892,#4901,#4903,.T.);
#4901 = VERTEX_POINT('',#4902);
#4902 = CARTESIAN_POINT('',(-25.18019732306,-45.90977742018,8.));
#4903 = LINE('',#4904,#4905);
#4904 = CARTESIAN_POINT('',(-25.18019732306,-45.90977742018,4.99));
#4905 = VECTOR('',#4906,1.);
#4906 = DIRECTION('',(0.,0.,1.));
#4907 = ORIENTED_EDGE('',*,*,#4908,.T.);
#4908 = EDGE_CURVE('',#4901,#4909,#4911,.T.);
#4909 = VERTEX_POINT('',#4910);
#4910 = CARTESIAN_POINT('',(-25.57084512688,-46.55514879685,8.));
#4911 = CIRCLE('',#4912,3.5);
#4912 = AXIS2_PLACEMENT_3D('',#4913,#4914,#4915);
#4913 = CARTESIAN_POINT('',(-22.39876787225,-48.03431271294,8.));
#4914 = DIRECTION('',(0.,0.,1.));
#4915 = DIRECTION('',(-0.422618261741,-0.906307787037,0.));
#4916 = ORIENTED_EDGE('',*,*,#4917,.T.);
#4917 = EDGE_CURVE('',#4909,#4417,#4918,.T.);
#4918 = CIRCLE('',#4919,3.5);
#4919 = AXIS2_PLACEMENT_3D('',#4920,#4921,#4922);
#4920 = CARTESIAN_POINT('',(-22.39876787225,-48.03431271294,8.));
#4921 = DIRECTION('',(0.,0.,1.));
#4922 = DIRECTION('',(-0.422618261741,-0.906307787037,0.));
#4923 = ORIENTED_EDGE('',*,*,#4425,.T.);
#4924 = CYLINDRICAL_SURFACE('',#4925,3.5);
#4925 = AXIS2_PLACEMENT_3D('',#4926,#4927,#4928);
#4926 = CARTESIAN_POINT('',(-22.39876787225,-48.03431271294,4.99));
#4927 = DIRECTION('',(0.,0.,1.));
#4928 = DIRECTION('',(-0.422618261741,-0.906307787037,0.));
#4929 = ADVANCED_FACE('',(#4930),#4933,.T.);
#4930 = FACE_BOUND('',#4931,.F.);
#4931 = EDGE_LOOP('',(#4932));
#4932 = ORIENTED_EDGE('',*,*,#2450,.F.);
#4933 = PLANE('',#4934);
#4934 = AXIS2_PLACEMENT_3D('',#4935,#4936,#4937);
#4935 = CARTESIAN_POINT('',(-7.113677475993,-54.03374494487,12.));
#4936 = DIRECTION('',(-0.13052619222,-0.991444861374,2.22044604925E-16)
  );
#4937 = DIRECTION('',(-2.898263678387E-17,-2.201449825487E-16,-1.));
#4938 = ADVANCED_FACE('',(#4939),#4943,.F.);
#4939 = FACE_BOUND('',#4940,.F.);
#4940 = EDGE_LOOP('',(#4941,#4942));
#4941 = ORIENTED_EDGE('',*,*,#3278,.T.);
#4942 = ORIENTED_EDGE('',*,*,#3326,.T.);
#4943 = PLANE('',#4944);
#4944 = AXIS2_PLACEMENT_3D('',#4945,#4946,#4947);
#4945 = CARTESIAN_POINT('',(43.384428479817,28.174177281327,17.39));
#4946 = DIRECTION('',(0.,0.,1.));
#4947 = DIRECTION('',(0.838670567945,0.544639035015,0.));
#4948 = ADVANCED_FACE('',(#4949,#4952),#4963,.T.);
#4949 = FACE_BOUND('',#4950,.T.);
#4950 = EDGE_LOOP('',(#4951));
#4951 = ORIENTED_EDGE('',*,*,#3316,.T.);
#4952 = FACE_BOUND('',#4953,.T.);
#4953 = EDGE_LOOP('',(#4954));
#4954 = ORIENTED_EDGE('',*,*,#4955,.F.);
#4955 = EDGE_CURVE('',#4956,#4956,#4958,.T.);
#4956 = VERTEX_POINT('',#4957);
#4957 = CARTESIAN_POINT('',(45.523038428078,29.563006820616,22.8));
#4958 = CIRCLE('',#4959,2.55);
#4959 = AXIS2_PLACEMENT_3D('',#4960,#4961,#4962);
#4960 = CARTESIAN_POINT('',(43.384428479817,28.174177281327,22.8));
#4961 = DIRECTION('',(0.,0.,1.));
#4962 = DIRECTION('',(0.838670567945,0.544639035015,-0.));
#4963 = PLANE('',#4964);
#4964 = AXIS2_PLACEMENT_3D('',#4965,#4966,#4967);
#4965 = CARTESIAN_POINT('',(43.384428479817,28.174177281327,22.8));
#4966 = DIRECTION('',(0.,0.,1.));
#4967 = DIRECTION('',(0.838670567945,0.544639035015,0.));
#4968 = ADVANCED_FACE('',(#4969),#4973,.F.);
#4969 = FACE_BOUND('',#4970,.F.);
#4970 = EDGE_LOOP('',(#4971,#4972));
#4971 = ORIENTED_EDGE('',*,*,#3387,.T.);
#4972 = ORIENTED_EDGE('',*,*,#3435,.T.);
#4973 = PLANE('',#4974);
#4974 = AXIS2_PLACEMENT_3D('',#4975,#4976,#4977);
#4975 = CARTESIAN_POINT('',(2.707339016447,-51.65910583285,17.39));
#4976 = DIRECTION('',(0.,0.,1.));
#4977 = DIRECTION('',(5.233595624294E-02,-0.998629534755,0.));
#4978 = ADVANCED_FACE('',(#4979,#4982),#4993,.T.);
#4979 = FACE_BOUND('',#4980,.T.);
#4980 = EDGE_LOOP('',(#4981));
#4981 = ORIENTED_EDGE('',*,*,#3425,.T.);
#4982 = FACE_BOUND('',#4983,.T.);
#4983 = EDGE_LOOP('',(#4984));
#4984 = ORIENTED_EDGE('',*,*,#4985,.F.);
#4985 = EDGE_CURVE('',#4986,#4986,#4988,.T.);
#4986 = VERTEX_POINT('',#4987);
#4987 = CARTESIAN_POINT('',(2.840795704867,-54.20561114647,22.8));
#4988 = CIRCLE('',#4989,2.55);
#4989 = AXIS2_PLACEMENT_3D('',#4990,#4991,#4992);
#4990 = CARTESIAN_POINT('',(2.707339016447,-51.65910583285,22.8));
#4991 = DIRECTION('',(0.,0.,1.));
#4992 = DIRECTION('',(5.233595624294E-02,-0.998629534755,0.));
#4993 = PLANE('',#4994);
#4994 = AXIS2_PLACEMENT_3D('',#4995,#4996,#4997);
#4995 = CARTESIAN_POINT('',(2.707339016447,-51.65910583285,22.8));
#4996 = DIRECTION('',(0.,0.,1.));
#4997 = DIRECTION('',(5.233595624294E-02,-0.998629534755,0.));
#4998 = ADVANCED_FACE('',(#4999),#5003,.F.);
#4999 = FACE_BOUND('',#5000,.F.);
#5000 = EDGE_LOOP('',(#5001,#5002));
#5001 = ORIENTED_EDGE('',*,*,#3496,.T.);
#5002 = ORIENTED_EDGE('',*,*,#3544,.T.);
#5003 = PLANE('',#5004);
#5004 = AXIS2_PLACEMENT_3D('',#5005,#5006,#5007);
#5005 = CARTESIAN_POINT('',(-46.09176749626,23.484928551527,17.39));
#5006 = DIRECTION('',(0.,0.,1.));
#5007 = DIRECTION('',(-0.891006524188,0.45399049974,0.));
#5008 = ADVANCED_FACE('',(#5009,#5012),#5023,.T.);
#5009 = FACE_BOUND('',#5010,.T.);
#5010 = EDGE_LOOP('',(#5011));
#5011 = ORIENTED_EDGE('',*,*,#3534,.T.);
#5012 = FACE_BOUND('',#5013,.T.);
#5013 = EDGE_LOOP('',(#5014));
#5014 = ORIENTED_EDGE('',*,*,#5015,.F.);
#5015 = EDGE_CURVE('',#5016,#5016,#5018,.T.);
#5016 = VERTEX_POINT('',#5017);
#5017 = CARTESIAN_POINT('',(-48.36383413294,24.642604325863,22.8));
#5018 = CIRCLE('',#5019,2.55);
#5019 = AXIS2_PLACEMENT_3D('',#5020,#5021,#5022);
#5020 = CARTESIAN_POINT('',(-46.09176749626,23.484928551527,22.8));
#5021 = DIRECTION('',(0.,0.,1.));
#5022 = DIRECTION('',(-0.891006524188,0.45399049974,0.));
#5023 = PLANE('',#5024);
#5024 = AXIS2_PLACEMENT_3D('',#5025,#5026,#5027);
#5025 = CARTESIAN_POINT('',(-46.09176749626,23.484928551527,22.8));
#5026 = DIRECTION('',(0.,0.,1.));
#5027 = DIRECTION('',(-0.891006524188,0.45399049974,0.));
#5028 = ADVANCED_FACE('',(#5029,#5086),#5097,.F.);
#5029 = FACE_BOUND('',#5030,.F.);
#5030 = EDGE_LOOP('',(#5031,#5042,#5050,#5059,#5066,#5067,#5068,#5069,
    #5070,#5071,#5080));
#5031 = ORIENTED_EDGE('',*,*,#5032,.F.);
#5032 = EDGE_CURVE('',#5033,#5035,#5037,.T.);
#5033 = VERTEX_POINT('',#5034);
#5034 = CARTESIAN_POINT('',(-35.15349741592,-34.26299568492,27.5));
#5035 = VERTEX_POINT('',#5036);
#5036 = CARTESIAN_POINT('',(-39.84931886453,-40.73982059553,27.5));
#5037 = CIRCLE('',#5038,4.);
#5038 = AXIS2_PLACEMENT_3D('',#5039,#5040,#5041);
#5039 = CARTESIAN_POINT('',(-37.50140814022,-37.50140814022,27.5));
#5040 = DIRECTION('',(-9.860761315263E-32,-1.097054105316E-15,-1.));
#5041 = DIRECTION('',(0.586977681076,0.809603113827,-8.881784197001E-16)
  );
#5042 = ORIENTED_EDGE('',*,*,#5043,.F.);
#5043 = EDGE_CURVE('',#5044,#5033,#5046,.T.);
#5044 = VERTEX_POINT('',#5045);
#5045 = CARTESIAN_POINT('',(-40.59867534726,-30.31513794994,27.5));
#5046 = LINE('',#5047,#5048);
#5047 = CARTESIAN_POINT('',(-40.59867534726,-30.31513794994,27.5));
#5048 = VECTOR('',#5049,1.);
#5049 = DIRECTION('',(0.809603113827,-0.586977681076,0.));
#5050 = ORIENTED_EDGE('',*,*,#5051,.T.);
#5051 = EDGE_CURVE('',#5044,#5052,#5054,.T.);
#5052 = VERTEX_POINT('',#5053);
#5053 = CARTESIAN_POINT('',(-46.87204393555,-32.78492789839,27.5));
#5054 = CIRCLE('',#5055,4.);
#5055 = AXIS2_PLACEMENT_3D('',#5056,#5057,#5058);
#5056 = CARTESIAN_POINT('',(-42.94658607156,-33.55355040524,27.5));
#5057 = DIRECTION('',(0.,0.,1.));
#5058 = DIRECTION('',(1.,0.,-0.));
#5059 = ORIENTED_EDGE('',*,*,#5060,.T.);
#5060 = EDGE_CURVE('',#5052,#3664,#5061,.T.);
#5061 = CIRCLE('',#5062,57.2);
#5062 = AXIS2_PLACEMENT_3D('',#5063,#5064,#5065);
#5063 = CARTESIAN_POINT('',(0.,0.,27.5));
#5064 = DIRECTION('',(0.,0.,1.));
#5065 = DIRECTION('',(1.,0.,-0.));
#5066 = ORIENTED_EDGE('',*,*,#3671,.F.);
#5067 = ORIENTED_EDGE('',*,*,#3704,.F.);
#5068 = ORIENTED_EDGE('',*,*,#3718,.F.);
#5069 = ORIENTED_EDGE('',*,*,#3621,.T.);
#5070 = ORIENTED_EDGE('',*,*,#3637,.F.);
#5071 = ORIENTED_EDGE('',*,*,#5072,.T.);
#5072 = EDGE_CURVE('',#3638,#5073,#5075,.T.);
#5073 = VERTEX_POINT('',#5074);
#5074 = CARTESIAN_POINT('',(-40.93287116415,-39.95422453582,27.5));
#5075 = CIRCLE('',#5076,57.2);
#5076 = AXIS2_PLACEMENT_3D('',#5077,#5078,#5079);
#5077 = CARTESIAN_POINT('',(0.,0.,27.5));
#5078 = DIRECTION('',(0.,0.,1.));
#5079 = DIRECTION('',(1.,0.,-0.));
#5080 = ORIENTED_EDGE('',*,*,#5081,.T.);
#5081 = EDGE_CURVE('',#5073,#5035,#5082,.T.);
#5082 = LINE('',#5083,#5084);
#5083 = CARTESIAN_POINT('',(-45.29449679587,-36.79196286055,27.5));
#5084 = VECTOR('',#5085,1.);
#5085 = DIRECTION('',(0.809603113827,-0.586977681076,0.));
#5086 = FACE_BOUND('',#5087,.F.);
#5087 = EDGE_LOOP('',(#5088));
#5088 = ORIENTED_EDGE('',*,*,#5089,.F.);
#5089 = EDGE_CURVE('',#5090,#5090,#5092,.T.);
#5090 = VERTEX_POINT('',#5091);
#5091 = CARTESIAN_POINT('',(-39.02168771978,-39.02168771978,27.5));
#5092 = CIRCLE('',#5093,2.15);
#5093 = AXIS2_PLACEMENT_3D('',#5094,#5095,#5096);
#5094 = CARTESIAN_POINT('',(-37.50140814022,-37.50140814022,27.5));
#5095 = DIRECTION('',(0.,0.,1.));
#5096 = DIRECTION('',(-0.707106781187,-0.707106781187,0.));
#5097 = PLANE('',#5098);
#5098 = AXIS2_PLACEMENT_3D('',#5099,#5100,#5101);
#5099 = CARTESIAN_POINT('',(-45.29449679587,-36.79196286055,27.5));
#5100 = DIRECTION('',(0.,0.,1.));
#5101 = DIRECTION('',(0.809603113827,-0.586977681076,0.));
#5102 = ADVANCED_FACE('',(#5103),#5139,.T.);
#5103 = FACE_BOUND('',#5104,.T.);
#5104 = EDGE_LOOP('',(#5105,#5116,#5122,#5123,#5124,#5131,#5132,#5133));
#5105 = ORIENTED_EDGE('',*,*,#5106,.F.);
#5106 = EDGE_CURVE('',#5107,#5109,#5111,.T.);
#5107 = VERTEX_POINT('',#5108);
#5108 = CARTESIAN_POINT('',(-46.87204393555,-32.78492789839,28.7));
#5109 = VERTEX_POINT('',#5110);
#5110 = CARTESIAN_POINT('',(-40.93287116415,-39.95422453582,28.7));
#5111 = CIRCLE('',#5112,57.2);
#5112 = AXIS2_PLACEMENT_3D('',#5113,#5114,#5115);
#5113 = CARTESIAN_POINT('',(0.,0.,28.7));
#5114 = DIRECTION('',(0.,0.,1.));
#5115 = DIRECTION('',(1.,0.,-0.));
#5116 = ORIENTED_EDGE('',*,*,#5117,.F.);
#5117 = EDGE_CURVE('',#5052,#5107,#5118,.T.);
#5118 = LINE('',#5119,#5120);
#5119 = CARTESIAN_POINT('',(-46.87204393555,-32.78492789839,27.5));
#5120 = VECTOR('',#5121,1.);
#5121 = DIRECTION('',(0.,0.,1.));
#5122 = ORIENTED_EDGE('',*,*,#5060,.T.);
#5123 = ORIENTED_EDGE('',*,*,#3663,.T.);
#5124 = ORIENTED_EDGE('',*,*,#5125,.T.);
#5125 = EDGE_CURVE('',#3655,#3647,#5126,.T.);
#5126 = CIRCLE('',#5127,57.2);
#5127 = AXIS2_PLACEMENT_3D('',#5128,#5129,#5130);
#5128 = CARTESIAN_POINT('',(0.,0.,27.51));
#5129 = DIRECTION('',(0.,0.,1.));
#5130 = DIRECTION('',(1.,0.,-0.));
#5131 = ORIENTED_EDGE('',*,*,#3646,.F.);
#5132 = ORIENTED_EDGE('',*,*,#5072,.T.);
#5133 = ORIENTED_EDGE('',*,*,#5134,.T.);
#5134 = EDGE_CURVE('',#5073,#5109,#5135,.T.);
#5135 = LINE('',#5136,#5137);
#5136 = CARTESIAN_POINT('',(-40.93287116415,-39.95422453582,26.5));
#5137 = VECTOR('',#5138,1.);
#5138 = DIRECTION('',(0.,0.,1.));
#5139 = CYLINDRICAL_SURFACE('',#5140,57.2);
#5140 = AXIS2_PLACEMENT_3D('',#5141,#5142,#5143);
#5141 = CARTESIAN_POINT('',(0.,0.,26.5));
#5142 = DIRECTION('',(0.,0.,1.));
#5143 = DIRECTION('',(1.,0.,-0.));
#5144 = ADVANCED_FACE('',(#5145),#5149,.T.);
#5145 = FACE_BOUND('',#5146,.T.);
#5146 = EDGE_LOOP('',(#5147,#5148));
#5147 = ORIENTED_EDGE('',*,*,#5125,.F.);
#5148 = ORIENTED_EDGE('',*,*,#3654,.F.);
#5149 = PLANE('',#5150);
#5150 = AXIS2_PLACEMENT_3D('',#5151,#5152,#5153);
#5151 = CARTESIAN_POINT('',(-43.38989826861,-31.3618674227,27.51));
#5152 = DIRECTION('',(0.,0.,1.));
#5153 = DIRECTION('',(-0.788010753607,-0.615661475326,0.));
#5154 = ADVANCED_FACE('',(#5155,#5212),#5223,.F.);
#5155 = FACE_BOUND('',#5156,.F.);
#5156 = EDGE_LOOP('',(#5157,#5168,#5176,#5185,#5192,#5193,#5194,#5195,
    #5196,#5197,#5206));
#5157 = ORIENTED_EDGE('',*,*,#5158,.F.);
#5158 = EDGE_CURVE('',#5159,#5161,#5163,.T.);
#5159 = VERTEX_POINT('',#5160);
#5160 = CARTESIAN_POINT('',(34.262995684921,-35.15349741592,27.5));
#5161 = VERTEX_POINT('',#5162);
#5162 = CARTESIAN_POINT('',(40.739820595536,-39.84931886453,27.5));
#5163 = CIRCLE('',#5164,4.);
#5164 = AXIS2_PLACEMENT_3D('',#5165,#5166,#5167);
#5165 = CARTESIAN_POINT('',(37.501408140229,-37.50140814022,27.5));
#5166 = DIRECTION('',(9.860761315263E-32,-1.513138315704E-15,-1.));
#5167 = DIRECTION('',(-0.809603113827,0.586977681076,-8.881784197001E-16
    ));
#5168 = ORIENTED_EDGE('',*,*,#5169,.F.);
#5169 = EDGE_CURVE('',#5170,#5159,#5172,.T.);
#5170 = VERTEX_POINT('',#5171);
#5171 = CARTESIAN_POINT('',(30.315137949941,-40.59867534726,27.5));
#5172 = LINE('',#5173,#5174);
#5173 = CARTESIAN_POINT('',(30.315137949941,-40.59867534726,27.5));
#5174 = VECTOR('',#5175,1.);
#5175 = DIRECTION('',(0.586977681076,0.809603113827,0.));
#5176 = ORIENTED_EDGE('',*,*,#5177,.T.);
#5177 = EDGE_CURVE('',#5170,#5178,#5180,.T.);
#5178 = VERTEX_POINT('',#5179);
#5179 = CARTESIAN_POINT('',(32.784927898399,-46.87204393555,27.5));
#5180 = CIRCLE('',#5181,4.);
#5181 = AXIS2_PLACEMENT_3D('',#5182,#5183,#5184);
#5182 = CARTESIAN_POINT('',(33.553550405248,-42.94658607156,27.5));
#5183 = DIRECTION('',(0.,0.,1.));
#5184 = DIRECTION('',(1.,0.,-0.));
#5185 = ORIENTED_EDGE('',*,*,#5186,.T.);
#5186 = EDGE_CURVE('',#5178,#3796,#5187,.T.);
#5187 = CIRCLE('',#5188,57.2);
#5188 = AXIS2_PLACEMENT_3D('',#5189,#5190,#5191);
#5189 = CARTESIAN_POINT('',(0.,0.,27.5));
#5190 = DIRECTION('',(0.,0.,1.));
#5191 = DIRECTION('',(1.,0.,-0.));
#5192 = ORIENTED_EDGE('',*,*,#3803,.F.);
#5193 = ORIENTED_EDGE('',*,*,#3836,.F.);
#5194 = ORIENTED_EDGE('',*,*,#3850,.F.);
#5195 = ORIENTED_EDGE('',*,*,#3753,.T.);
#5196 = ORIENTED_EDGE('',*,*,#3769,.F.);
#5197 = ORIENTED_EDGE('',*,*,#5198,.T.);
#5198 = EDGE_CURVE('',#3770,#5199,#5201,.T.);
#5199 = VERTEX_POINT('',#5200);
#5200 = CARTESIAN_POINT('',(39.95422453582,-40.93287116415,27.5));
#5201 = CIRCLE('',#5202,57.2);
#5202 = AXIS2_PLACEMENT_3D('',#5203,#5204,#5205);
#5203 = CARTESIAN_POINT('',(0.,0.,27.5));
#5204 = DIRECTION('',(0.,0.,1.));
#5205 = DIRECTION('',(1.,0.,-0.));
#5206 = ORIENTED_EDGE('',*,*,#5207,.T.);
#5207 = EDGE_CURVE('',#5199,#5161,#5208,.T.);
#5208 = LINE('',#5209,#5210);
#5209 = CARTESIAN_POINT('',(36.791962860556,-45.29449679587,27.5));
#5210 = VECTOR('',#5211,1.);
#5211 = DIRECTION('',(0.586977681076,0.809603113827,0.));
#5212 = FACE_BOUND('',#5213,.F.);
#5213 = EDGE_LOOP('',(#5214));
#5214 = ORIENTED_EDGE('',*,*,#5215,.F.);
#5215 = EDGE_CURVE('',#5216,#5216,#5218,.T.);
#5216 = VERTEX_POINT('',#5217);
#5217 = CARTESIAN_POINT('',(39.02168771978,-39.02168771978,27.5));
#5218 = CIRCLE('',#5219,2.15);
#5219 = AXIS2_PLACEMENT_3D('',#5220,#5221,#5222);
#5220 = CARTESIAN_POINT('',(37.501408140229,-37.50140814022,27.5));
#5221 = DIRECTION('',(0.,0.,1.));
#5222 = DIRECTION('',(0.707106781187,-0.707106781187,0.));
#5223 = PLANE('',#5224);
#5224 = AXIS2_PLACEMENT_3D('',#5225,#5226,#5227);
#5225 = CARTESIAN_POINT('',(36.791962860556,-45.29449679587,27.5));
#5226 = DIRECTION('',(0.,0.,1.));
#5227 = DIRECTION('',(0.586977681076,0.809603113827,0.));
#5228 = ADVANCED_FACE('',(#5229),#5265,.T.);
#5229 = FACE_BOUND('',#5230,.T.);
#5230 = EDGE_LOOP('',(#5231,#5242,#5248,#5249,#5250,#5257,#5258,#5259));
#5231 = ORIENTED_EDGE('',*,*,#5232,.F.);
#5232 = EDGE_CURVE('',#5233,#5235,#5237,.T.);
#5233 = VERTEX_POINT('',#5234);
#5234 = CARTESIAN_POINT('',(32.784927898399,-46.87204393555,28.7));
#5235 = VERTEX_POINT('',#5236);
#5236 = CARTESIAN_POINT('',(39.95422453582,-40.93287116415,28.7));
#5237 = CIRCLE('',#5238,57.2);
#5238 = AXIS2_PLACEMENT_3D('',#5239,#5240,#5241);
#5239 = CARTESIAN_POINT('',(0.,0.,28.7));
#5240 = DIRECTION('',(0.,0.,1.));
#5241 = DIRECTION('',(1.,0.,-0.));
#5242 = ORIENTED_EDGE('',*,*,#5243,.F.);
#5243 = EDGE_CURVE('',#5178,#5233,#5244,.T.);
#5244 = LINE('',#5245,#5246);
#5245 = CARTESIAN_POINT('',(32.784927898399,-46.87204393555,27.5));
#5246 = VECTOR('',#5247,1.);
#5247 = DIRECTION('',(0.,0.,1.));
#5248 = ORIENTED_EDGE('',*,*,#5186,.T.);
#5249 = ORIENTED_EDGE('',*,*,#3795,.T.);
#5250 = ORIENTED_EDGE('',*,*,#5251,.T.);
#5251 = EDGE_CURVE('',#3787,#3779,#5252,.T.);
#5252 = CIRCLE('',#5253,57.2);
#5253 = AXIS2_PLACEMENT_3D('',#5254,#5255,#5256);
#5254 = CARTESIAN_POINT('',(0.,0.,27.51));
#5255 = DIRECTION('',(0.,0.,1.));
#5256 = DIRECTION('',(1.,0.,-0.));
#5257 = ORIENTED_EDGE('',*,*,#3778,.F.);
#5258 = ORIENTED_EDGE('',*,*,#5198,.T.);
#5259 = ORIENTED_EDGE('',*,*,#5260,.T.);
#5260 = EDGE_CURVE('',#5199,#5235,#5261,.T.);
#5261 = LINE('',#5262,#5263);
#5262 = CARTESIAN_POINT('',(39.95422453582,-40.93287116415,26.5));
#5263 = VECTOR('',#5264,1.);
#5264 = DIRECTION('',(0.,0.,1.));
#5265 = CYLINDRICAL_SURFACE('',#5266,57.2);
#5266 = AXIS2_PLACEMENT_3D('',#5267,#5268,#5269);
#5267 = CARTESIAN_POINT('',(0.,0.,26.5));
#5268 = DIRECTION('',(0.,0.,1.));
#5269 = DIRECTION('',(1.,0.,-0.));
#5270 = ADVANCED_FACE('',(#5271),#5275,.T.);
#5271 = FACE_BOUND('',#5272,.T.);
#5272 = EDGE_LOOP('',(#5273,#5274));
#5273 = ORIENTED_EDGE('',*,*,#5251,.F.);
#5274 = ORIENTED_EDGE('',*,*,#3786,.F.);
#5275 = PLANE('',#5276);
#5276 = AXIS2_PLACEMENT_3D('',#5277,#5278,#5279);
#5277 = CARTESIAN_POINT('',(31.361867422709,-43.38989826861,27.51));
#5278 = DIRECTION('',(0.,0.,1.));
#5279 = DIRECTION('',(0.615661475326,-0.788010753607,0.));
#5280 = ADVANCED_FACE('',(#5281),#5287,.T.);
#5281 = FACE_BOUND('',#5282,.T.);
#5282 = EDGE_LOOP('',(#5283,#5284,#5285,#5286));
#5283 = ORIENTED_EDGE('',*,*,#3909,.F.);
#5284 = ORIENTED_EDGE('',*,*,#3885,.T.);
#5285 = ORIENTED_EDGE('',*,*,#3950,.T.);
#5286 = ORIENTED_EDGE('',*,*,#3933,.F.);
#5287 = PLANE('',#5288);
#5288 = AXIS2_PLACEMENT_3D('',#5289,#5290,#5291);
#5289 = CARTESIAN_POINT('',(42.783320996791,-29.89711431703,23.3));
#5290 = DIRECTION('',(0.,0.,1.));
#5291 = DIRECTION('',(0.866025403784,-0.5,0.));
#5292 = ADVANCED_FACE('',(#5293),#5350,.T.);
#5293 = FACE_BOUND('',#5294,.T.);
#5294 = EDGE_LOOP('',(#5295,#5303,#5311,#5319,#5327,#5335,#5343,#5349));
#5295 = ORIENTED_EDGE('',*,*,#5296,.F.);
#5296 = EDGE_CURVE('',#5297,#3959,#5299,.T.);
#5297 = VERTEX_POINT('',#5298);
#5298 = CARTESIAN_POINT('',(48.48580120376,-24.7601288694,18.));
#5299 = LINE('',#5300,#5301);
#5300 = CARTESIAN_POINT('',(48.225993582625,-24.6101288694,18.));
#5301 = VECTOR('',#5302,1.);
#5302 = DIRECTION('',(0.866025403784,-0.5,0.));
#5303 = ORIENTED_EDGE('',*,*,#5304,.T.);
#5304 = EDGE_CURVE('',#5297,#5305,#5307,.T.);
#5305 = VERTEX_POINT('',#5306);
#5306 = CARTESIAN_POINT('',(49.18580120376,-23.5476933041,18.));
#5307 = LINE('',#5308,#5309);
#5308 = CARTESIAN_POINT('',(44.98580120376,-30.82230669589,18.));
#5309 = VECTOR('',#5310,1.);
#5310 = DIRECTION('',(0.5,0.866025403784,0.));
#5311 = ORIENTED_EDGE('',*,*,#5312,.F.);
#5312 = EDGE_CURVE('',#5313,#5305,#5315,.T.);
#5313 = VERTEX_POINT('',#5314);
#5314 = CARTESIAN_POINT('',(48.146570719219,-22.9476933041,18.));
#5315 = LINE('',#5316,#5317);
#5316 = CARTESIAN_POINT('',(48.146570719219,-22.9476933041,18.));
#5317 = VECTOR('',#5318,1.);
#5318 = DIRECTION('',(0.866025403784,-0.5,0.));
#5319 = ORIENTED_EDGE('',*,*,#5320,.F.);
#5320 = EDGE_CURVE('',#5321,#5313,#5323,.T.);
#5321 = VERTEX_POINT('',#5322);
#5322 = CARTESIAN_POINT('',(43.946570719219,-30.22230669589,18.));
#5323 = LINE('',#5324,#5325);
#5324 = CARTESIAN_POINT('',(43.946570719219,-30.22230669589,18.));
#5325 = VECTOR('',#5326,1.);
#5326 = DIRECTION('',(0.5,0.866025403784,0.));
#5327 = ORIENTED_EDGE('',*,*,#5328,.T.);
#5328 = EDGE_CURVE('',#5321,#5329,#5331,.T.);
#5329 = VERTEX_POINT('',#5330);
#5330 = CARTESIAN_POINT('',(44.98580120376,-30.82230669589,18.));
#5331 = LINE('',#5332,#5333);
#5332 = CARTESIAN_POINT('',(43.946570719219,-30.22230669589,18.));
#5333 = VECTOR('',#5334,1.);
#5334 = DIRECTION('',(0.866025403784,-0.5,0.));
#5335 = ORIENTED_EDGE('',*,*,#5336,.T.);
#5336 = EDGE_CURVE('',#5329,#5337,#5339,.T.);
#5337 = VERTEX_POINT('',#5338);
#5338 = CARTESIAN_POINT('',(45.68580120376,-29.60987113059,18.));
#5339 = LINE('',#5340,#5341);
#5340 = CARTESIAN_POINT('',(44.98580120376,-30.82230669589,18.));
#5341 = VECTOR('',#5342,1.);
#5342 = DIRECTION('',(0.5,0.866025403784,0.));
#5343 = ORIENTED_EDGE('',*,*,#5344,.T.);
#5344 = EDGE_CURVE('',#5337,#3961,#5345,.T.);
#5345 = LINE('',#5346,#5347);
#5346 = CARTESIAN_POINT('',(45.425993582625,-29.45987113059,18.));
#5347 = VECTOR('',#5348,1.);
#5348 = DIRECTION('',(0.866025403784,-0.5,0.));
#5349 = ORIENTED_EDGE('',*,*,#3958,.F.);
#5350 = PLANE('',#5351);
#5351 = AXIS2_PLACEMENT_3D('',#5352,#5353,#5354);
#5352 = CARTESIAN_POINT('',(45.425993582625,-29.45987113059,18.));
#5353 = DIRECTION('',(0.,0.,1.));
#5354 = DIRECTION('',(0.866025403784,-0.5,0.));
#5355 = ADVANCED_FACE('',(#5356),#5374,.F.);
#5356 = FACE_BOUND('',#5357,.F.);
#5357 = EDGE_LOOP('',(#5358,#5359,#5367,#5373));
#5358 = ORIENTED_EDGE('',*,*,#5296,.F.);
#5359 = ORIENTED_EDGE('',*,*,#5360,.T.);
#5360 = EDGE_CURVE('',#5297,#5361,#5363,.T.);
#5361 = VERTEX_POINT('',#5362);
#5362 = CARTESIAN_POINT('',(48.48580120376,-24.7601288694,23.));
#5363 = LINE('',#5364,#5365);
#5364 = CARTESIAN_POINT('',(48.48580120376,-24.7601288694,18.));
#5365 = VECTOR('',#5366,1.);
#5366 = DIRECTION('',(-0.,0.,1.));
#5367 = ORIENTED_EDGE('',*,*,#5368,.T.);
#5368 = EDGE_CURVE('',#5361,#3977,#5369,.T.);
#5369 = LINE('',#5370,#5371);
#5370 = CARTESIAN_POINT('',(48.225993582625,-24.6101288694,23.));
#5371 = VECTOR('',#5372,1.);
#5372 = DIRECTION('',(0.866025403784,-0.5,0.));
#5373 = ORIENTED_EDGE('',*,*,#3984,.F.);
#5374 = PLANE('',#5375);
#5375 = AXIS2_PLACEMENT_3D('',#5376,#5377,#5378);
#5376 = CARTESIAN_POINT('',(48.225993582625,-24.6101288694,18.));
#5377 = DIRECTION('',(0.5,0.866025403784,0.));
#5378 = DIRECTION('',(0.,0.,1.));
#5379 = ADVANCED_FACE('',(#5380),#5430,.F.);
#5380 = FACE_BOUND('',#5381,.F.);
#5381 = EDGE_LOOP('',(#5382,#5383,#5391,#5399,#5407,#5415,#5423,#5429));
#5382 = ORIENTED_EDGE('',*,*,#5368,.F.);
#5383 = ORIENTED_EDGE('',*,*,#5384,.T.);
#5384 = EDGE_CURVE('',#5361,#5385,#5387,.T.);
#5385 = VERTEX_POINT('',#5386);
#5386 = CARTESIAN_POINT('',(49.18580120376,-23.5476933041,23.));
#5387 = LINE('',#5388,#5389);
#5388 = CARTESIAN_POINT('',(44.98580120376,-30.82230669589,23.));
#5389 = VECTOR('',#5390,1.);
#5390 = DIRECTION('',(0.5,0.866025403784,0.));
#5391 = ORIENTED_EDGE('',*,*,#5392,.F.);
#5392 = EDGE_CURVE('',#5393,#5385,#5395,.T.);
#5393 = VERTEX_POINT('',#5394);
#5394 = CARTESIAN_POINT('',(48.146570719219,-22.9476933041,23.));
#5395 = LINE('',#5396,#5397);
#5396 = CARTESIAN_POINT('',(48.146570719219,-22.9476933041,23.));
#5397 = VECTOR('',#5398,1.);
#5398 = DIRECTION('',(0.866025403784,-0.5,0.));
#5399 = ORIENTED_EDGE('',*,*,#5400,.F.);
#5400 = EDGE_CURVE('',#5401,#5393,#5403,.T.);
#5401 = VERTEX_POINT('',#5402);
#5402 = CARTESIAN_POINT('',(43.946570719219,-30.22230669589,23.));
#5403 = LINE('',#5404,#5405);
#5404 = CARTESIAN_POINT('',(43.946570719219,-30.22230669589,23.));
#5405 = VECTOR('',#5406,1.);
#5406 = DIRECTION('',(0.5,0.866025403784,0.));
#5407 = ORIENTED_EDGE('',*,*,#5408,.T.);
#5408 = EDGE_CURVE('',#5401,#5409,#5411,.T.);
#5409 = VERTEX_POINT('',#5410);
#5410 = CARTESIAN_POINT('',(44.98580120376,-30.82230669589,23.));
#5411 = LINE('',#5412,#5413);
#5412 = CARTESIAN_POINT('',(43.946570719219,-30.22230669589,23.));
#5413 = VECTOR('',#5414,1.);
#5414 = DIRECTION('',(0.866025403784,-0.5,0.));
#5415 = ORIENTED_EDGE('',*,*,#5416,.T.);
#5416 = EDGE_CURVE('',#5409,#5417,#5419,.T.);
#5417 = VERTEX_POINT('',#5418);
#5418 = CARTESIAN_POINT('',(45.68580120376,-29.60987113059,23.));
#5419 = LINE('',#5420,#5421);
#5420 = CARTESIAN_POINT('',(44.98580120376,-30.82230669589,23.));
#5421 = VECTOR('',#5422,1.);
#5422 = DIRECTION('',(0.5,0.866025403784,0.));
#5423 = ORIENTED_EDGE('',*,*,#5424,.T.);
#5424 = EDGE_CURVE('',#5417,#3969,#5425,.T.);
#5425 = LINE('',#5426,#5427);
#5426 = CARTESIAN_POINT('',(45.425993582625,-29.45987113059,23.));
#5427 = VECTOR('',#5428,1.);
#5428 = DIRECTION('',(0.866025403784,-0.5,0.));
#5429 = ORIENTED_EDGE('',*,*,#3976,.F.);
#5430 = PLANE('',#5431);
#5431 = AXIS2_PLACEMENT_3D('',#5432,#5433,#5434);
#5432 = CARTESIAN_POINT('',(45.425993582625,-29.45987113059,23.));
#5433 = DIRECTION('',(0.,0.,1.));
#5434 = DIRECTION('',(0.866025403784,-0.5,0.));
#5435 = ADVANCED_FACE('',(#5436),#5447,.T.);
#5436 = FACE_BOUND('',#5437,.T.);
#5437 = EDGE_LOOP('',(#5438,#5439,#5445,#5446));
#5438 = ORIENTED_EDGE('',*,*,#5344,.F.);
#5439 = ORIENTED_EDGE('',*,*,#5440,.T.);
#5440 = EDGE_CURVE('',#5337,#5417,#5441,.T.);
#5441 = LINE('',#5442,#5443);
#5442 = CARTESIAN_POINT('',(45.68580120376,-29.60987113059,18.));
#5443 = VECTOR('',#5444,1.);
#5444 = DIRECTION('',(-0.,0.,1.));
#5445 = ORIENTED_EDGE('',*,*,#5424,.T.);
#5446 = ORIENTED_EDGE('',*,*,#3968,.F.);
#5447 = PLANE('',#5448);
#5448 = AXIS2_PLACEMENT_3D('',#5449,#5450,#5451);
#5449 = CARTESIAN_POINT('',(45.425993582625,-29.45987113059,18.));
#5450 = DIRECTION('',(0.5,0.866025403784,0.));
#5451 = DIRECTION('',(0.,0.,1.));
#5452 = ADVANCED_FACE('',(#5453,#5510),#5521,.F.);
#5453 = FACE_BOUND('',#5454,.F.);
#5454 = EDGE_LOOP('',(#5455,#5466,#5474,#5481,#5482,#5483,#5484,#5485,
    #5486,#5495,#5504));
#5455 = ORIENTED_EDGE('',*,*,#5456,.F.);
#5456 = EDGE_CURVE('',#5457,#5459,#5461,.T.);
#5457 = VERTEX_POINT('',#5458);
#5458 = CARTESIAN_POINT('',(-39.84931886453,40.739820595536,27.5));
#5459 = VERTEX_POINT('',#5460);
#5460 = CARTESIAN_POINT('',(-35.15349741592,34.262995684921,27.5));
#5461 = CIRCLE('',#5462,4.);
#5462 = AXIS2_PLACEMENT_3D('',#5463,#5464,#5465);
#5463 = CARTESIAN_POINT('',(-37.50140814022,37.501408140229,27.5));
#5464 = DIRECTION('',(0.,-1.097054105316E-15,-1.));
#5465 = DIRECTION('',(-0.586977681076,0.809603113827,-8.881784197001E-16
    ));
#5466 = ORIENTED_EDGE('',*,*,#5467,.F.);
#5467 = EDGE_CURVE('',#5468,#5457,#5470,.T.);
#5468 = VERTEX_POINT('',#5469);
#5469 = CARTESIAN_POINT('',(-40.93287116415,39.95422453582,27.5));
#5470 = LINE('',#5471,#5472);
#5471 = CARTESIAN_POINT('',(-45.29449679587,36.791962860556,27.5));
#5472 = VECTOR('',#5473,1.);
#5473 = DIRECTION('',(0.809603113827,0.586977681076,0.));
#5474 = ORIENTED_EDGE('',*,*,#5475,.T.);
#5475 = EDGE_CURVE('',#5468,#4058,#5476,.T.);
#5476 = CIRCLE('',#5477,57.2);
#5477 = AXIS2_PLACEMENT_3D('',#5478,#5479,#5480);
#5478 = CARTESIAN_POINT('',(0.,0.,27.5));
#5479 = DIRECTION('',(0.,0.,1.));
#5480 = DIRECTION('',(1.,0.,-0.));
#5481 = ORIENTED_EDGE('',*,*,#4065,.F.);
#5482 = ORIENTED_EDGE('',*,*,#4098,.F.);
#5483 = ORIENTED_EDGE('',*,*,#4112,.F.);
#5484 = ORIENTED_EDGE('',*,*,#4015,.T.);
#5485 = ORIENTED_EDGE('',*,*,#4031,.F.);
#5486 = ORIENTED_EDGE('',*,*,#5487,.T.);
#5487 = EDGE_CURVE('',#4032,#5488,#5490,.T.);
#5488 = VERTEX_POINT('',#5489);
#5489 = CARTESIAN_POINT('',(-46.87204393555,32.784927898399,27.5));
#5490 = CIRCLE('',#5491,57.2);
#5491 = AXIS2_PLACEMENT_3D('',#5492,#5493,#5494);
#5492 = CARTESIAN_POINT('',(0.,0.,27.5));
#5493 = DIRECTION('',(0.,0.,1.));
#5494 = DIRECTION('',(1.,0.,-0.));
#5495 = ORIENTED_EDGE('',*,*,#5496,.T.);
#5496 = EDGE_CURVE('',#5488,#5497,#5499,.T.);
#5497 = VERTEX_POINT('',#5498);
#5498 = CARTESIAN_POINT('',(-40.59867534726,30.315137949941,27.5));
#5499 = CIRCLE('',#5500,4.);
#5500 = AXIS2_PLACEMENT_3D('',#5501,#5502,#5503);
#5501 = CARTESIAN_POINT('',(-42.94658607156,33.553550405248,27.5));
#5502 = DIRECTION('',(0.,0.,1.));
#5503 = DIRECTION('',(1.,0.,-0.));
#5504 = ORIENTED_EDGE('',*,*,#5505,.T.);
#5505 = EDGE_CURVE('',#5497,#5459,#5506,.T.);
#5506 = LINE('',#5507,#5508);
#5507 = CARTESIAN_POINT('',(-40.59867534726,30.315137949941,27.5));
#5508 = VECTOR('',#5509,1.);
#5509 = DIRECTION('',(0.809603113827,0.586977681076,0.));
#5510 = FACE_BOUND('',#5511,.F.);
#5511 = EDGE_LOOP('',(#5512));
#5512 = ORIENTED_EDGE('',*,*,#5513,.F.);
#5513 = EDGE_CURVE('',#5514,#5514,#5516,.T.);
#5514 = VERTEX_POINT('',#5515);
#5515 = CARTESIAN_POINT('',(-39.02168771978,39.02168771978,27.5));
#5516 = CIRCLE('',#5517,2.15);
#5517 = AXIS2_PLACEMENT_3D('',#5518,#5519,#5520);
#5518 = CARTESIAN_POINT('',(-37.50140814022,37.501408140229,27.5));
#5519 = DIRECTION('',(0.,0.,1.));
#5520 = DIRECTION('',(-0.707106781187,0.707106781187,0.));
#5521 = PLANE('',#5522);
#5522 = AXIS2_PLACEMENT_3D('',#5523,#5524,#5525);
#5523 = CARTESIAN_POINT('',(-40.59867534726,30.315137949941,27.5));
#5524 = DIRECTION('',(0.,0.,1.));
#5525 = DIRECTION('',(0.809603113827,0.586977681076,0.));
#5526 = ADVANCED_FACE('',(#5527),#5563,.T.);
#5527 = FACE_BOUND('',#5528,.T.);
#5528 = EDGE_LOOP('',(#5529,#5540,#5546,#5547,#5548,#5555,#5556,#5557));
#5529 = ORIENTED_EDGE('',*,*,#5530,.F.);
#5530 = EDGE_CURVE('',#5531,#5533,#5535,.T.);
#5531 = VERTEX_POINT('',#5532);
#5532 = CARTESIAN_POINT('',(-40.93287116415,39.95422453582,28.7));
#5533 = VERTEX_POINT('',#5534);
#5534 = CARTESIAN_POINT('',(-46.87204393555,32.784927898399,28.7));
#5535 = CIRCLE('',#5536,57.2);
#5536 = AXIS2_PLACEMENT_3D('',#5537,#5538,#5539);
#5537 = CARTESIAN_POINT('',(0.,0.,28.7));
#5538 = DIRECTION('',(0.,0.,1.));
#5539 = DIRECTION('',(1.,0.,-0.));
#5540 = ORIENTED_EDGE('',*,*,#5541,.F.);
#5541 = EDGE_CURVE('',#5468,#5531,#5542,.T.);
#5542 = LINE('',#5543,#5544);
#5543 = CARTESIAN_POINT('',(-40.93287116415,39.95422453582,26.5));
#5544 = VECTOR('',#5545,1.);
#5545 = DIRECTION('',(0.,0.,1.));
#5546 = ORIENTED_EDGE('',*,*,#5475,.T.);
#5547 = ORIENTED_EDGE('',*,*,#4057,.T.);
#5548 = ORIENTED_EDGE('',*,*,#5549,.T.);
#5549 = EDGE_CURVE('',#4049,#4041,#5550,.T.);
#5550 = CIRCLE('',#5551,57.2);
#5551 = AXIS2_PLACEMENT_3D('',#5552,#5553,#5554);
#5552 = CARTESIAN_POINT('',(0.,0.,27.51));
#5553 = DIRECTION('',(0.,0.,1.));
#5554 = DIRECTION('',(1.,0.,-0.));
#5555 = ORIENTED_EDGE('',*,*,#4040,.F.);
#5556 = ORIENTED_EDGE('',*,*,#5487,.T.);
#5557 = ORIENTED_EDGE('',*,*,#5558,.T.);
#5558 = EDGE_CURVE('',#5488,#5533,#5559,.T.);
#5559 = LINE('',#5560,#5561);
#5560 = CARTESIAN_POINT('',(-46.87204393555,32.784927898399,27.5));
#5561 = VECTOR('',#5562,1.);
#5562 = DIRECTION('',(0.,0.,1.));
#5563 = CYLINDRICAL_SURFACE('',#5564,57.2);
#5564 = AXIS2_PLACEMENT_3D('',#5565,#5566,#5567);
#5565 = CARTESIAN_POINT('',(0.,0.,26.5));
#5566 = DIRECTION('',(0.,0.,1.));
#5567 = DIRECTION('',(1.,0.,-0.));
#5568 = ADVANCED_FACE('',(#5569),#5573,.T.);
#5569 = FACE_BOUND('',#5570,.T.);
#5570 = EDGE_LOOP('',(#5571,#5572));
#5571 = ORIENTED_EDGE('',*,*,#5549,.F.);
#5572 = ORIENTED_EDGE('',*,*,#4048,.F.);
#5573 = PLANE('',#5574);
#5574 = AXIS2_PLACEMENT_3D('',#5575,#5576,#5577);
#5575 = CARTESIAN_POINT('',(-40.9272523673,34.513910437136,27.51));
#5576 = DIRECTION('',(0.,0.,1.));
#5577 = DIRECTION('',(-0.788010753607,0.615661475326,0.));
#5578 = ADVANCED_FACE('',(#5579,#5636),#5647,.F.);
#5579 = FACE_BOUND('',#5580,.F.);
#5580 = EDGE_LOOP('',(#5581,#5592,#5600,#5607,#5608,#5609,#5610,#5611,
    #5612,#5621,#5630));
#5581 = ORIENTED_EDGE('',*,*,#5582,.F.);
#5582 = EDGE_CURVE('',#5583,#5585,#5587,.T.);
#5583 = VERTEX_POINT('',#5584);
#5584 = CARTESIAN_POINT('',(40.739820595536,39.849318864534,27.5));
#5585 = VERTEX_POINT('',#5586);
#5586 = CARTESIAN_POINT('',(34.262995684921,35.153497415923,27.5));
#5587 = CIRCLE('',#5588,4.);
#5588 = AXIS2_PLACEMENT_3D('',#5589,#5590,#5591);
#5589 = CARTESIAN_POINT('',(37.501408140229,37.501408140229,27.5));
#5590 = DIRECTION('',(-9.860761315263E-32,-1.513138315704E-15,-1.));
#5591 = DIRECTION('',(0.809603113827,0.586977681076,-8.881784197001E-16)
  );
#5592 = ORIENTED_EDGE('',*,*,#5593,.F.);
#5593 = EDGE_CURVE('',#5594,#5583,#5596,.T.);
#5594 = VERTEX_POINT('',#5595);
#5595 = CARTESIAN_POINT('',(39.95422453582,40.932871164155,27.5));
#5596 = LINE('',#5597,#5598);
#5597 = CARTESIAN_POINT('',(36.791962860556,45.294496795872,27.5));
#5598 = VECTOR('',#5599,1.);
#5599 = DIRECTION('',(0.586977681076,-0.809603113827,0.));
#5600 = ORIENTED_EDGE('',*,*,#5601,.T.);
#5601 = EDGE_CURVE('',#5594,#4190,#5602,.T.);
#5602 = CIRCLE('',#5603,57.2);
#5603 = AXIS2_PLACEMENT_3D('',#5604,#5605,#5606);
#5604 = CARTESIAN_POINT('',(0.,0.,27.5));
#5605 = DIRECTION('',(0.,0.,1.));
#5606 = DIRECTION('',(1.,0.,-0.));
#5607 = ORIENTED_EDGE('',*,*,#4197,.F.);
#5608 = ORIENTED_EDGE('',*,*,#4230,.F.);
#5609 = ORIENTED_EDGE('',*,*,#4244,.F.);
#5610 = ORIENTED_EDGE('',*,*,#4147,.T.);
#5611 = ORIENTED_EDGE('',*,*,#4163,.F.);
#5612 = ORIENTED_EDGE('',*,*,#5613,.T.);
#5613 = EDGE_CURVE('',#4164,#5614,#5616,.T.);
#5614 = VERTEX_POINT('',#5615);
#5615 = CARTESIAN_POINT('',(32.784927898399,46.872043935557,27.5));
#5616 = CIRCLE('',#5617,57.2);
#5617 = AXIS2_PLACEMENT_3D('',#5618,#5619,#5620);
#5618 = CARTESIAN_POINT('',(0.,0.,27.5));
#5619 = DIRECTION('',(0.,0.,1.));
#5620 = DIRECTION('',(1.,0.,-0.));
#5621 = ORIENTED_EDGE('',*,*,#5622,.T.);
#5622 = EDGE_CURVE('',#5614,#5623,#5625,.T.);
#5623 = VERTEX_POINT('',#5624);
#5624 = CARTESIAN_POINT('',(30.315137949941,40.598675347261,27.5));
#5625 = CIRCLE('',#5626,4.);
#5626 = AXIS2_PLACEMENT_3D('',#5627,#5628,#5629);
#5627 = CARTESIAN_POINT('',(33.553550405248,42.946586071566,27.5));
#5628 = DIRECTION('',(0.,0.,1.));
#5629 = DIRECTION('',(1.,0.,-0.));
#5630 = ORIENTED_EDGE('',*,*,#5631,.T.);
#5631 = EDGE_CURVE('',#5623,#5585,#5632,.T.);
#5632 = LINE('',#5633,#5634);
#5633 = CARTESIAN_POINT('',(30.315137949941,40.598675347261,27.5));
#5634 = VECTOR('',#5635,1.);
#5635 = DIRECTION('',(0.586977681076,-0.809603113827,0.));
#5636 = FACE_BOUND('',#5637,.F.);
#5637 = EDGE_LOOP('',(#5638));
#5638 = ORIENTED_EDGE('',*,*,#5639,.F.);
#5639 = EDGE_CURVE('',#5640,#5640,#5642,.T.);
#5640 = VERTEX_POINT('',#5641);
#5641 = CARTESIAN_POINT('',(39.02168771978,39.02168771978,27.5));
#5642 = CIRCLE('',#5643,2.15);
#5643 = AXIS2_PLACEMENT_3D('',#5644,#5645,#5646);
#5644 = CARTESIAN_POINT('',(37.501408140229,37.501408140229,27.5));
#5645 = DIRECTION('',(0.,0.,1.));
#5646 = DIRECTION('',(0.707106781187,0.707106781187,-0.));
#5647 = PLANE('',#5648);
#5648 = AXIS2_PLACEMENT_3D('',#5649,#5650,#5651);
#5649 = CARTESIAN_POINT('',(30.315137949941,40.598675347261,27.5));
#5650 = DIRECTION('',(0.,0.,1.));
#5651 = DIRECTION('',(0.586977681076,-0.809603113827,0.));
#5652 = ADVANCED_FACE('',(#5653),#5689,.T.);
#5653 = FACE_BOUND('',#5654,.T.);
#5654 = EDGE_LOOP('',(#5655,#5666,#5672,#5673,#5674,#5681,#5682,#5683));
#5655 = ORIENTED_EDGE('',*,*,#5656,.F.);
#5656 = EDGE_CURVE('',#5657,#5659,#5661,.T.);
#5657 = VERTEX_POINT('',#5658);
#5658 = CARTESIAN_POINT('',(39.95422453582,40.932871164155,28.7));
#5659 = VERTEX_POINT('',#5660);
#5660 = CARTESIAN_POINT('',(32.784927898399,46.872043935557,28.7));
#5661 = CIRCLE('',#5662,57.2);
#5662 = AXIS2_PLACEMENT_3D('',#5663,#5664,#5665);
#5663 = CARTESIAN_POINT('',(0.,0.,28.7));
#5664 = DIRECTION('',(0.,0.,1.));
#5665 = DIRECTION('',(1.,0.,-0.));
#5666 = ORIENTED_EDGE('',*,*,#5667,.F.);
#5667 = EDGE_CURVE('',#5594,#5657,#5668,.T.);
#5668 = LINE('',#5669,#5670);
#5669 = CARTESIAN_POINT('',(39.95422453582,40.932871164155,26.5));
#5670 = VECTOR('',#5671,1.);
#5671 = DIRECTION('',(0.,0.,1.));
#5672 = ORIENTED_EDGE('',*,*,#5601,.T.);
#5673 = ORIENTED_EDGE('',*,*,#4189,.T.);
#5674 = ORIENTED_EDGE('',*,*,#5675,.T.);
#5675 = EDGE_CURVE('',#4181,#4173,#5676,.T.);
#5676 = CIRCLE('',#5677,57.2);
#5677 = AXIS2_PLACEMENT_3D('',#5678,#5679,#5680);
#5678 = CARTESIAN_POINT('',(0.,0.,27.51));
#5679 = DIRECTION('',(0.,0.,1.));
#5680 = DIRECTION('',(1.,0.,-0.));
#5681 = ORIENTED_EDGE('',*,*,#4172,.F.);
#5682 = ORIENTED_EDGE('',*,*,#5613,.T.);
#5683 = ORIENTED_EDGE('',*,*,#5684,.T.);
#5684 = EDGE_CURVE('',#5614,#5659,#5685,.T.);
#5685 = LINE('',#5686,#5687);
#5686 = CARTESIAN_POINT('',(32.784927898399,46.872043935557,27.5));
#5687 = VECTOR('',#5688,1.);
#5688 = DIRECTION('',(0.,0.,1.));
#5689 = CYLINDRICAL_SURFACE('',#5690,57.2);
#5690 = AXIS2_PLACEMENT_3D('',#5691,#5692,#5693);
#5691 = CARTESIAN_POINT('',(0.,0.,26.5));
#5692 = DIRECTION('',(0.,0.,1.));
#5693 = DIRECTION('',(1.,0.,-0.));
#5694 = ADVANCED_FACE('',(#5695),#5699,.T.);
#5695 = FACE_BOUND('',#5696,.T.);
#5696 = EDGE_LOOP('',(#5697,#5698));
#5697 = ORIENTED_EDGE('',*,*,#5675,.F.);
#5698 = ORIENTED_EDGE('',*,*,#4180,.F.);
#5699 = PLANE('',#5700);
#5700 = AXIS2_PLACEMENT_3D('',#5701,#5702,#5703);
#5701 = CARTESIAN_POINT('',(34.513910437136,40.927252367308,27.51));
#5702 = DIRECTION('',(0.,0.,1.));
#5703 = DIRECTION('',(0.615661475326,0.788010753607,0.));
#5704 = ADVANCED_FACE('',(#5705),#5717,.F.);
#5705 = FACE_BOUND('',#5706,.F.);
#5706 = EDGE_LOOP('',(#5707,#5714,#5715,#5716));
#5707 = ORIENTED_EDGE('',*,*,#5708,.F.);
#5708 = EDGE_CURVE('',#4325,#4297,#5709,.T.);
#5709 = CIRCLE('',#5710,16.);
#5710 = AXIS2_PLACEMENT_3D('',#5711,#5712,#5713);
#5711 = CARTESIAN_POINT('',(2.479909768273E-15,40.5,5.));
#5712 = DIRECTION('',(0.,0.,-1.));
#5713 = DIRECTION('',(-0.406658496099,0.913580246914,0.));
#5714 = ORIENTED_EDGE('',*,*,#4324,.T.);
#5715 = ORIENTED_EDGE('',*,*,#4281,.T.);
#5716 = ORIENTED_EDGE('',*,*,#4307,.F.);
#5717 = CYLINDRICAL_SURFACE('',#5718,16.);
#5718 = AXIS2_PLACEMENT_3D('',#5719,#5720,#5721);
#5719 = CARTESIAN_POINT('',(2.479909768273E-15,40.5,3.7));
#5720 = DIRECTION('',(0.,0.,1.));
#5721 = DIRECTION('',(2.22044604925E-16,1.,0.));
#5722 = ADVANCED_FACE('',(#5723,#5734),#5858,.F.);
#5723 = FACE_BOUND('',#5724,.F.);
#5724 = EDGE_LOOP('',(#5725));
#5725 = ORIENTED_EDGE('',*,*,#5726,.T.);
#5726 = EDGE_CURVE('',#5727,#5727,#5729,.T.);
#5727 = VERTEX_POINT('',#5728);
#5728 = CARTESIAN_POINT('',(57.6,-1.410793112618E-14,5.));
#5729 = CIRCLE('',#5730,57.6);
#5730 = AXIS2_PLACEMENT_3D('',#5731,#5732,#5733);
#5731 = CARTESIAN_POINT('',(0.,0.,5.));
#5732 = DIRECTION('',(0.,0.,1.));
#5733 = DIRECTION('',(1.,0.,-0.));
#5734 = FACE_BOUND('',#5735,.F.);
#5735 = EDGE_LOOP('',(#5736,#5737,#5745,#5753,#5762,#5770,#5776,#5777,
    #5785,#5793,#5802,#5810,#5816,#5817,#5825,#5833,#5842,#5850,#5856,
    #5857));
#5736 = ORIENTED_EDGE('',*,*,#4296,.T.);
#5737 = ORIENTED_EDGE('',*,*,#5738,.F.);
#5738 = EDGE_CURVE('',#5739,#4299,#5741,.T.);
#5739 = VERTEX_POINT('',#5740);
#5740 = CARTESIAN_POINT('',(51.308952568065,-23.3174588317,5.));
#5741 = LINE('',#5742,#5743);
#5742 = CARTESIAN_POINT('',(24.71015633319,-9.174628002775,5.));
#5743 = VECTOR('',#5744,1.);
#5744 = DIRECTION('',(-0.882947592859,0.469471562786,0.));
#5745 = ORIENTED_EDGE('',*,*,#5746,.F.);
#5746 = EDGE_CURVE('',#5747,#5739,#5749,.T.);
#5747 = VERTEX_POINT('',#5748);
#5748 = CARTESIAN_POINT('',(50.275663547905,-25.26079283826,5.));
#5749 = LINE('',#5750,#5751);
#5750 = CARTESIAN_POINT('',(48.844226863439,-27.9529336942,5.));
#5751 = VECTOR('',#5752,1.);
#5752 = DIRECTION('',(0.469471562786,0.882947592859,-0.));
#5753 = ORIENTED_EDGE('',*,*,#5754,.F.);
#5754 = EDGE_CURVE('',#5755,#5747,#5757,.T.);
#5755 = VERTEX_POINT('',#5756);
#5756 = CARTESIAN_POINT('',(49.055940648724,-27.55475797514,5.));
#5757 = CIRCLE('',#5758,3.5);
#5758 = AXIS2_PLACEMENT_3D('',#5759,#5760,#5761);
#5759 = CARTESIAN_POINT('',(46.796222421523,-24.88199282765,5.));
#5760 = DIRECTION('',(0.,0.,1.));
#5761 = DIRECTION('',(0.6456337792,-0.763647184998,0.));
#5762 = ORIENTED_EDGE('',*,*,#5763,.F.);
#5763 = EDGE_CURVE('',#5764,#5755,#5766,.T.);
#5764 = VERTEX_POINT('',#5765);
#5765 = CARTESIAN_POINT('',(48.022651628564,-29.49809198171,5.));
#5766 = LINE('',#5767,#5768);
#5767 = CARTESIAN_POINT('',(48.844226863439,-27.9529336942,5.));
#5768 = VECTOR('',#5769,1.);
#5769 = DIRECTION('',(0.469471562786,0.882947592859,-0.));
#5770 = ORIENTED_EDGE('',*,*,#5771,.T.);
#5771 = EDGE_CURVE('',#5764,#4467,#5772,.T.);
#5772 = LINE('',#5773,#5774);
#5773 = CARTESIAN_POINT('',(21.423855393689,-15.35526115278,5.));
#5774 = VECTOR('',#5775,1.);
#5775 = DIRECTION('',(-0.882947592859,0.469471562786,0.));
#5776 = ORIENTED_EDGE('',*,*,#4466,.F.);
#5777 = ORIENTED_EDGE('',*,*,#5778,.F.);
#5778 = EDGE_CURVE('',#5779,#4459,#5781,.T.);
#5779 = VERTEX_POINT('',#5780);
#5780 = CARTESIAN_POINT('',(-20.60019996828,-52.4589769369,5.));
#5781 = LINE('',#5782,#5783);
#5782 = CARTESIAN_POINT('',(-7.868824833347,-25.15645485242,5.));
#5783 = VECTOR('',#5784,1.);
#5784 = DIRECTION('',(0.422618261741,0.906307787037,-0.));
#5785 = ORIENTED_EDGE('',*,*,#5786,.F.);
#5786 = EDGE_CURVE('',#5787,#5779,#5789,.T.);
#5787 = VERTEX_POINT('',#5788);
#5788 = CARTESIAN_POINT('',(-22.59494887208,-51.52881024696,5.));
#5789 = LINE('',#5790,#5791);
#5790 = CARTESIAN_POINT('',(-25.35831585022,-50.24023106276,5.));
#5791 = VECTOR('',#5792,1.);
#5792 = DIRECTION('',(0.906307787037,-0.422618261741,0.));
#5793 = ORIENTED_EDGE('',*,*,#5794,.F.);
#5794 = EDGE_CURVE('',#5795,#5787,#5797,.T.);
#5795 = VERTEX_POINT('',#5796);
#5796 = CARTESIAN_POINT('',(-24.94960557374,-50.43081579465,5.));
#5797 = CIRCLE('',#5798,3.5);
#5798 = AXIS2_PLACEMENT_3D('',#5799,#5800,#5801);
#5799 = CARTESIAN_POINT('',(-22.39876787225,-48.03431271294,5.));
#5800 = DIRECTION('',(0.,0.,1.));
#5801 = DIRECTION('',(-0.728810771854,-0.684715166204,0.));
#5802 = ORIENTED_EDGE('',*,*,#5803,.F.);
#5803 = EDGE_CURVE('',#5804,#5795,#5806,.T.);
#5804 = VERTEX_POINT('',#5805);
#5805 = CARTESIAN_POINT('',(-26.94435447754,-49.50064910471,5.));
#5806 = LINE('',#5807,#5808);
#5807 = CARTESIAN_POINT('',(-25.35831585022,-50.24023106276,5.));
#5808 = VECTOR('',#5809,1.);
#5809 = DIRECTION('',(0.906307787037,-0.422618261741,0.));
#5810 = ORIENTED_EDGE('',*,*,#5811,.T.);
#5811 = EDGE_CURVE('',#5804,#4400,#5812,.T.);
#5812 = LINE('',#5813,#5814);
#5813 = CARTESIAN_POINT('',(-14.2129793426,-22.19812702024,5.));
#5814 = VECTOR('',#5815,1.);
#5815 = DIRECTION('',(0.422618261741,0.906307787037,-0.));
#5816 = ORIENTED_EDGE('',*,*,#4399,.F.);
#5817 = ORIENTED_EDGE('',*,*,#5818,.F.);
#5818 = EDGE_CURVE('',#5819,#4392,#5821,.T.);
#5819 = VERTEX_POINT('',#5820);
#5820 = CARTESIAN_POINT('',(-35.13070669975,44.069784964027,5.));
#5821 = LINE('',#5822,#5823);
#5822 = CARTESIAN_POINT('',(-17.85171655468,19.392829629821,5.));
#5823 = VECTOR('',#5824,1.);
#5824 = DIRECTION('',(0.573576436351,-0.819152044289,0.));
#5825 = ORIENTED_EDGE('',*,*,#5826,.F.);
#5826 = EDGE_CURVE('',#5827,#5819,#5829,.T.);
#5827 = VERTEX_POINT('',#5828);
#5828 = CARTESIAN_POINT('',(-33.32778426462,45.332204843918,5.));
#5829 = LINE('',#5830,#5831);
#5830 = CARTESIAN_POINT('',(-30.83015846724,47.08106125487,5.));
#5831 = VECTOR('',#5832,1.);
#5832 = DIRECTION('',(-0.819152044289,-0.573576436351,0.));
#5833 = ORIENTED_EDGE('',*,*,#5834,.F.);
#5834 = EDGE_CURVE('',#5835,#5827,#5837,.T.);
#5835 = VERTEX_POINT('',#5836);
#5836 = CARTESIAN_POINT('',(-31.19956482487,46.822400138594,5.));
#5837 = CIRCLE('',#5838,3.5);
#5838 = AXIS2_PLACEMENT_3D('',#5839,#5840,#5841);
#5839 = CARTESIAN_POINT('',(-30.3995511266,43.415058347317,5.));
#5840 = DIRECTION('',(0.,0.,1.));
#5841 = DIRECTION('',(-0.228575342362,0.973526226079,0.));
#5842 = ORIENTED_EDGE('',*,*,#5843,.F.);
#5843 = EDGE_CURVE('',#5844,#5835,#5846,.T.);
#5844 = VERTEX_POINT('',#5845);
#5845 = CARTESIAN_POINT('',(-29.39664238973,48.084820018484,5.));
#5846 = LINE('',#5847,#5848);
#5847 = CARTESIAN_POINT('',(-30.83015846724,47.08106125487,5.));
#5848 = VECTOR('',#5849,1.);
#5849 = DIRECTION('',(-0.819152044289,-0.573576436351,0.));
#5850 = ORIENTED_EDGE('',*,*,#5851,.T.);
#5851 = EDGE_CURVE('',#5844,#4333,#5852,.T.);
#5852 = LINE('',#5853,#5854);
#5853 = CARTESIAN_POINT('',(-12.11765224466,23.407864684279,5.));
#5854 = VECTOR('',#5855,1.);
#5855 = DIRECTION('',(0.573576436351,-0.819152044289,0.));
#5856 = ORIENTED_EDGE('',*,*,#4332,.F.);
#5857 = ORIENTED_EDGE('',*,*,#5708,.T.);
#5858 = PLANE('',#5859);
#5859 = AXIS2_PLACEMENT_3D('',#5860,#5861,#5862);
#5860 = CARTESIAN_POINT('',(0.,0.,5.));
#5861 = DIRECTION('',(0.,0.,1.));
#5862 = DIRECTION('',(1.,0.,-0.));
#5863 = ADVANCED_FACE('',(#5864),#5906,.T.);
#5864 = FACE_BOUND('',#5865,.T.);
#5865 = EDGE_LOOP('',(#5866,#5876,#5884,#5892,#5898,#5899,#5900));
#5866 = ORIENTED_EDGE('',*,*,#5867,.T.);
#5867 = EDGE_CURVE('',#5868,#5870,#5872,.T.);
#5868 = VERTEX_POINT('',#5869);
#5869 = CARTESIAN_POINT('',(51.308952568065,-23.3174588317,4.99));
#5870 = VERTEX_POINT('',#5871);
#5871 = CARTESIAN_POINT('',(47.77716219663,-21.43957258055,4.99));
#5872 = LINE('',#5873,#5874);
#5873 = CARTESIAN_POINT('',(51.308952568065,-23.3174588317,4.99));
#5874 = VECTOR('',#5875,1.);
#5875 = DIRECTION('',(-0.882947592859,0.469471562786,0.));
#5876 = ORIENTED_EDGE('',*,*,#5877,.T.);
#5877 = EDGE_CURVE('',#5870,#5878,#5880,.T.);
#5878 = VERTEX_POINT('',#5879);
#5879 = CARTESIAN_POINT('',(47.77716219663,-21.43957258055,8.));
#5880 = LINE('',#5881,#5882);
#5881 = CARTESIAN_POINT('',(47.77716219663,-21.43957258055,4.99));
#5882 = VECTOR('',#5883,1.);
#5883 = DIRECTION('',(0.,0.,1.));
#5884 = ORIENTED_EDGE('',*,*,#5885,.T.);
#5885 = EDGE_CURVE('',#5878,#5886,#5888,.T.);
#5886 = VERTEX_POINT('',#5887);
#5887 = CARTESIAN_POINT('',(48.439372891274,-21.79167625264,8.));
#5888 = LINE('',#5889,#5890);
#5889 = CARTESIAN_POINT('',(47.77716219663,-21.43957258055,8.));
#5890 = VECTOR('',#5891,1.);
#5891 = DIRECTION('',(0.882947592859,-0.469471562786,0.));
#5892 = ORIENTED_EDGE('',*,*,#5893,.T.);
#5893 = EDGE_CURVE('',#5886,#4518,#5894,.T.);
#5894 = LINE('',#5895,#5896);
#5895 = CARTESIAN_POINT('',(47.77716219663,-21.43957258055,8.));
#5896 = VECTOR('',#5897,1.);
#5897 = DIRECTION('',(0.882947592859,-0.469471562786,0.));
#5898 = ORIENTED_EDGE('',*,*,#4526,.F.);
#5899 = ORIENTED_EDGE('',*,*,#5738,.F.);
#5900 = ORIENTED_EDGE('',*,*,#5901,.F.);
#5901 = EDGE_CURVE('',#5868,#5739,#5902,.T.);
#5902 = LINE('',#5903,#5904);
#5903 = CARTESIAN_POINT('',(51.308952568065,-23.3174588317,4.99));
#5904 = VECTOR('',#5905,1.);
#5905 = DIRECTION('',(0.,0.,1.));
#5906 = PLANE('',#5907);
#5907 = AXIS2_PLACEMENT_3D('',#5908,#5909,#5910);
#5908 = CARTESIAN_POINT('',(47.77716219663,-21.43957258055,4.99));
#5909 = DIRECTION('',(0.469471562786,0.882947592859,0.));
#5910 = DIRECTION('',(0.,0.,1.));
#5911 = ADVANCED_FACE('',(#5912),#5923,.T.);
#5912 = FACE_BOUND('',#5913,.T.);
#5913 = EDGE_LOOP('',(#5914,#5915,#5922));
#5914 = ORIENTED_EDGE('',*,*,#5893,.F.);
#5915 = ORIENTED_EDGE('',*,*,#5916,.F.);
#5916 = EDGE_CURVE('',#4510,#5886,#5917,.T.);
#5917 = CIRCLE('',#5918,3.5);
#5918 = AXIS2_PLACEMENT_3D('',#5919,#5920,#5921);
#5919 = CARTESIAN_POINT('',(46.796222421523,-24.88199282765,8.));
#5920 = DIRECTION('',(0.,0.,1.));
#5921 = DIRECTION('',(0.882947592859,-0.469471562786,0.));
#5922 = ORIENTED_EDGE('',*,*,#4517,.T.);
#5923 = PLANE('',#5924);
#5924 = AXIS2_PLACEMENT_3D('',#5925,#5926,#5927);
#5925 = CARTESIAN_POINT('',(44.490861257128,-27.62020573056,8.));
#5926 = DIRECTION('',(0.,0.,1.));
#5927 = DIRECTION('',(0.882947592859,-0.469471562786,0.));
#5928 = ADVANCED_FACE('',(#5929),#5991,.T.);
#5929 = FACE_BOUND('',#5930,.T.);
#5930 = EDGE_LOOP('',(#5931,#5938,#5939,#5940,#5949,#5957,#5966,#5974,
    #5983,#5990));
#5931 = ORIENTED_EDGE('',*,*,#5932,.F.);
#5932 = EDGE_CURVE('',#4501,#4493,#5933,.T.);
#5933 = CIRCLE('',#5934,3.5);
#5934 = AXIS2_PLACEMENT_3D('',#5935,#5936,#5937);
#5935 = CARTESIAN_POINT('',(46.796222421523,-24.88199282765,12.2));
#5936 = DIRECTION('',(-0.,0.,1.));
#5937 = DIRECTION('',(0.882947592859,-0.469471562786,0.));
#5938 = ORIENTED_EDGE('',*,*,#4509,.F.);
#5939 = ORIENTED_EDGE('',*,*,#5916,.T.);
#5940 = ORIENTED_EDGE('',*,*,#5941,.T.);
#5941 = EDGE_CURVE('',#5886,#5942,#5944,.T.);
#5942 = VERTEX_POINT('',#5943);
#5943 = CARTESIAN_POINT('',(47.738993493237,-21.51135747117,8.));
#5944 = CIRCLE('',#5945,3.5);
#5945 = AXIS2_PLACEMENT_3D('',#5946,#5947,#5948);
#5946 = CARTESIAN_POINT('',(46.796222421523,-24.88199282765,8.));
#5947 = DIRECTION('',(0.,0.,1.));
#5948 = DIRECTION('',(0.882947592859,-0.469471562786,0.));
#5949 = ORIENTED_EDGE('',*,*,#5950,.F.);
#5950 = EDGE_CURVE('',#5951,#5942,#5953,.T.);
#5951 = VERTEX_POINT('',#5952);
#5952 = CARTESIAN_POINT('',(47.738993493237,-21.51135747117,4.99));
#5953 = LINE('',#5954,#5955);
#5954 = CARTESIAN_POINT('',(47.738993493237,-21.51135747117,4.99));
#5955 = VECTOR('',#5956,1.);
#5956 = DIRECTION('',(0.,0.,1.));
#5957 = ORIENTED_EDGE('',*,*,#5958,.T.);
#5958 = EDGE_CURVE('',#5951,#5959,#5961,.T.);
#5959 = VERTEX_POINT('',#5960);
#5960 = CARTESIAN_POINT('',(44.529029960521,-27.54842083995,4.99));
#5961 = CIRCLE('',#5962,3.5);
#5962 = AXIS2_PLACEMENT_3D('',#5963,#5964,#5965);
#5963 = CARTESIAN_POINT('',(46.796222421523,-24.88199282765,4.99));
#5964 = DIRECTION('',(-0.,0.,1.));
#5965 = DIRECTION('',(0.882947592859,-0.469471562786,0.));
#5966 = ORIENTED_EDGE('',*,*,#5967,.T.);
#5967 = EDGE_CURVE('',#5959,#5968,#5970,.T.);
#5968 = VERTEX_POINT('',#5969);
#5969 = CARTESIAN_POINT('',(44.529029960521,-27.54842083995,8.));
#5970 = LINE('',#5971,#5972);
#5971 = CARTESIAN_POINT('',(44.529029960521,-27.54842083995,4.99));
#5972 = VECTOR('',#5973,1.);
#5973 = DIRECTION('',(0.,0.,1.));
#5974 = ORIENTED_EDGE('',*,*,#5975,.T.);
#5975 = EDGE_CURVE('',#5968,#5976,#5978,.T.);
#5976 = VERTEX_POINT('',#5977);
#5977 = CARTESIAN_POINT('',(45.153071951773,-27.97230940265,8.));
#5978 = CIRCLE('',#5979,3.5);
#5979 = AXIS2_PLACEMENT_3D('',#5980,#5981,#5982);
#5980 = CARTESIAN_POINT('',(46.796222421523,-24.88199282765,8.));
#5981 = DIRECTION('',(0.,0.,1.));
#5982 = DIRECTION('',(0.882947592859,-0.469471562786,0.));
#5983 = ORIENTED_EDGE('',*,*,#5984,.T.);
#5984 = EDGE_CURVE('',#5976,#4484,#5985,.T.);
#5985 = CIRCLE('',#5986,3.5);
#5986 = AXIS2_PLACEMENT_3D('',#5987,#5988,#5989);
#5987 = CARTESIAN_POINT('',(46.796222421523,-24.88199282765,8.));
#5988 = DIRECTION('',(0.,0.,1.));
#5989 = DIRECTION('',(0.882947592859,-0.469471562786,0.));
#5990 = ORIENTED_EDGE('',*,*,#4492,.T.);
#5991 = CYLINDRICAL_SURFACE('',#5992,3.5);
#5992 = AXIS2_PLACEMENT_3D('',#5993,#5994,#5995);
#5993 = CARTESIAN_POINT('',(46.796222421523,-24.88199282765,4.99));
#5994 = DIRECTION('',(0.,0.,1.));
#5995 = DIRECTION('',(0.882947592859,-0.469471562786,0.));
#5996 = ADVANCED_FACE('',(#5997),#6001,.T.);
#5997 = FACE_BOUND('',#5998,.T.);
#5998 = EDGE_LOOP('',(#5999,#6000));
#5999 = ORIENTED_EDGE('',*,*,#4500,.T.);
#6000 = ORIENTED_EDGE('',*,*,#5932,.T.);
#6001 = PLANE('',#6002);
#6002 = AXIS2_PLACEMENT_3D('',#6003,#6004,#6005);
#6003 = CARTESIAN_POINT('',(46.796222421523,-24.88199282765,12.2));
#6004 = DIRECTION('',(0.,0.,1.));
#6005 = DIRECTION('',(0.882947592859,-0.469471562786,0.));
#6006 = ADVANCED_FACE('',(#6007),#6017,.T.);
#6007 = FACE_BOUND('',#6008,.T.);
#6008 = EDGE_LOOP('',(#6009,#6010,#6016));
#6009 = ORIENTED_EDGE('',*,*,#5984,.F.);
#6010 = ORIENTED_EDGE('',*,*,#6011,.T.);
#6011 = EDGE_CURVE('',#5976,#4476,#6012,.T.);
#6012 = LINE('',#6013,#6014);
#6013 = CARTESIAN_POINT('',(44.490861257128,-27.62020573056,8.));
#6014 = VECTOR('',#6015,1.);
#6015 = DIRECTION('',(0.882947592859,-0.469471562786,0.));
#6016 = ORIENTED_EDGE('',*,*,#4483,.T.);
#6017 = PLANE('',#6018);
#6018 = AXIS2_PLACEMENT_3D('',#6019,#6020,#6021);
#6019 = CARTESIAN_POINT('',(44.490861257128,-27.62020573056,8.));
#6020 = DIRECTION('',(0.,0.,1.));
#6021 = DIRECTION('',(0.882947592859,-0.469471562786,0.));
#6022 = ADVANCED_FACE('',(#6023),#6058,.F.);
#6023 = FACE_BOUND('',#6024,.F.);
#6024 = EDGE_LOOP('',(#6025,#6035,#6043,#6049,#6050,#6051,#6052));
#6025 = ORIENTED_EDGE('',*,*,#6026,.F.);
#6026 = EDGE_CURVE('',#6027,#6029,#6031,.T.);
#6027 = VERTEX_POINT('',#6028);
#6028 = CARTESIAN_POINT('',(44.490861257128,-27.62020573056,4.99));
#6029 = VERTEX_POINT('',#6030);
#6030 = CARTESIAN_POINT('',(48.022651628564,-29.49809198171,4.99));
#6031 = LINE('',#6032,#6033);
#6032 = CARTESIAN_POINT('',(44.490861257128,-27.62020573056,4.99));
#6033 = VECTOR('',#6034,1.);
#6034 = DIRECTION('',(0.882947592859,-0.469471562786,0.));
#6035 = ORIENTED_EDGE('',*,*,#6036,.T.);
#6036 = EDGE_CURVE('',#6027,#6037,#6039,.T.);
#6037 = VERTEX_POINT('',#6038);
#6038 = CARTESIAN_POINT('',(44.490861257128,-27.62020573056,8.));
#6039 = LINE('',#6040,#6041);
#6040 = CARTESIAN_POINT('',(44.490861257128,-27.62020573056,4.99));
#6041 = VECTOR('',#6042,1.);
#6042 = DIRECTION('',(0.,0.,1.));
#6043 = ORIENTED_EDGE('',*,*,#6044,.T.);
#6044 = EDGE_CURVE('',#6037,#5976,#6045,.T.);
#6045 = LINE('',#6046,#6047);
#6046 = CARTESIAN_POINT('',(44.490861257128,-27.62020573056,8.));
#6047 = VECTOR('',#6048,1.);
#6048 = DIRECTION('',(0.882947592859,-0.469471562786,0.));
#6049 = ORIENTED_EDGE('',*,*,#6011,.T.);
#6050 = ORIENTED_EDGE('',*,*,#4475,.F.);
#6051 = ORIENTED_EDGE('',*,*,#5771,.F.);
#6052 = ORIENTED_EDGE('',*,*,#6053,.F.);
#6053 = EDGE_CURVE('',#6029,#5764,#6054,.T.);
#6054 = LINE('',#6055,#6056);
#6055 = CARTESIAN_POINT('',(48.022651628564,-29.49809198171,4.99));
#6056 = VECTOR('',#6057,1.);
#6057 = DIRECTION('',(0.,0.,1.));
#6058 = PLANE('',#6059);
#6059 = AXIS2_PLACEMENT_3D('',#6060,#6061,#6062);
#6060 = CARTESIAN_POINT('',(44.490861257128,-27.62020573056,4.99));
#6061 = DIRECTION('',(0.469471562786,0.882947592859,0.));
#6062 = DIRECTION('',(0.,0.,1.));
#6063 = ADVANCED_FACE('',(#6064),#6104,.F.);
#6064 = FACE_BOUND('',#6065,.F.);
#6065 = EDGE_LOOP('',(#6066,#6076,#6084,#6090,#6096,#6097,#6098));
#6066 = ORIENTED_EDGE('',*,*,#6067,.F.);
#6067 = EDGE_CURVE('',#6068,#6070,#6072,.T.);
#6068 = VERTEX_POINT('',#6069);
#6069 = CARTESIAN_POINT('',(-27.10233664433,44.808211841328,4.99));
#6070 = VERTEX_POINT('',#6071);
#6071 = CARTESIAN_POINT('',(-29.39664238973,48.084820018484,4.99));
#6072 = LINE('',#6073,#6074);
#6073 = CARTESIAN_POINT('',(-27.10233664433,44.808211841328,4.99));
#6074 = VECTOR('',#6075,1.);
#6075 = DIRECTION('',(-0.573576436351,0.819152044289,0.));
#6076 = ORIENTED_EDGE('',*,*,#6077,.T.);
#6077 = EDGE_CURVE('',#6068,#6078,#6080,.T.);
#6078 = VERTEX_POINT('',#6079);
#6079 = CARTESIAN_POINT('',(-27.10233664433,44.808211841328,8.));
#6080 = LINE('',#6081,#6082);
#6081 = CARTESIAN_POINT('',(-27.10233664433,44.808211841328,4.99));
#6082 = VECTOR('',#6083,1.);
#6083 = DIRECTION('',(0.,0.,1.));
#6084 = ORIENTED_EDGE('',*,*,#6085,.T.);
#6085 = EDGE_CURVE('',#6078,#4795,#6086,.T.);
#6086 = LINE('',#6087,#6088);
#6087 = CARTESIAN_POINT('',(-27.10233664433,44.808211841328,8.));
#6088 = VECTOR('',#6089,1.);
#6089 = DIRECTION('',(-0.573576436351,0.819152044289,0.));
#6090 = ORIENTED_EDGE('',*,*,#6091,.T.);
#6091 = EDGE_CURVE('',#4795,#4342,#6092,.T.);
#6092 = LINE('',#6093,#6094);
#6093 = CARTESIAN_POINT('',(-27.10233664433,44.808211841328,8.));
#6094 = VECTOR('',#6095,1.);
#6095 = DIRECTION('',(-0.573576436351,0.819152044289,0.));
#6096 = ORIENTED_EDGE('',*,*,#4341,.F.);
#6097 = ORIENTED_EDGE('',*,*,#5851,.F.);
#6098 = ORIENTED_EDGE('',*,*,#6099,.F.);
#6099 = EDGE_CURVE('',#6070,#5844,#6100,.T.);
#6100 = LINE('',#6101,#6102);
#6101 = CARTESIAN_POINT('',(-29.39664238973,48.084820018484,4.99));
#6102 = VECTOR('',#6103,1.);
#6103 = DIRECTION('',(0.,0.,1.));
#6104 = PLANE('',#6105);
#6105 = AXIS2_PLACEMENT_3D('',#6106,#6107,#6108);
#6106 = CARTESIAN_POINT('',(-27.10233664433,44.808211841328,4.99));
#6107 = DIRECTION('',(-0.819152044289,-0.573576436351,0.));
#6108 = DIRECTION('',(0.,0.,1.));
#6109 = ADVANCED_FACE('',(#6110),#6150,.T.);
#6110 = FACE_BOUND('',#6111,.T.);
#6111 = EDGE_LOOP('',(#6112,#6122,#6130,#6136,#6142,#6143,#6144));
#6112 = ORIENTED_EDGE('',*,*,#6113,.T.);
#6113 = EDGE_CURVE('',#6114,#6116,#6118,.T.);
#6114 = VERTEX_POINT('',#6115);
#6115 = CARTESIAN_POINT('',(-20.60019996828,-52.4589769369,4.99));
#6116 = VERTEX_POINT('',#6117);
#6117 = CARTESIAN_POINT('',(-18.90972692132,-48.83374578875,4.99));
#6118 = LINE('',#6119,#6120);
#6119 = CARTESIAN_POINT('',(-20.60019996828,-52.4589769369,4.99));
#6120 = VECTOR('',#6121,1.);
#6121 = DIRECTION('',(0.422618261741,0.906307787037,0.));
#6122 = ORIENTED_EDGE('',*,*,#6123,.T.);
#6123 = EDGE_CURVE('',#6116,#6124,#6126,.T.);
#6124 = VERTEX_POINT('',#6125);
#6125 = CARTESIAN_POINT('',(-18.90972692132,-48.83374578875,8.));
#6126 = LINE('',#6127,#6128);
#6127 = CARTESIAN_POINT('',(-18.90972692132,-48.83374578875,4.99));
#6128 = VECTOR('',#6129,1.);
#6129 = DIRECTION('',(0.,0.,1.));
#6130 = ORIENTED_EDGE('',*,*,#6131,.T.);
#6131 = EDGE_CURVE('',#6124,#4866,#6132,.T.);
#6132 = LINE('',#6133,#6134);
#6133 = CARTESIAN_POINT('',(-18.90972692132,-48.83374578875,8.));
#6134 = VECTOR('',#6135,1.);
#6135 = DIRECTION('',(-0.422618261741,-0.906307787037,0.));
#6136 = ORIENTED_EDGE('',*,*,#6137,.T.);
#6137 = EDGE_CURVE('',#4866,#4450,#6138,.T.);
#6138 = LINE('',#6139,#6140);
#6139 = CARTESIAN_POINT('',(-18.90972692132,-48.83374578875,8.));
#6140 = VECTOR('',#6141,1.);
#6141 = DIRECTION('',(-0.422618261741,-0.906307787037,0.));
#6142 = ORIENTED_EDGE('',*,*,#4458,.F.);
#6143 = ORIENTED_EDGE('',*,*,#5778,.F.);
#6144 = ORIENTED_EDGE('',*,*,#6145,.F.);
#6145 = EDGE_CURVE('',#6114,#5779,#6146,.T.);
#6146 = LINE('',#6147,#6148);
#6147 = CARTESIAN_POINT('',(-20.60019996828,-52.4589769369,4.99));
#6148 = VECTOR('',#6149,1.);
#6149 = DIRECTION('',(0.,0.,1.));
#6150 = PLANE('',#6151);
#6151 = AXIS2_PLACEMENT_3D('',#6152,#6153,#6154);
#6152 = CARTESIAN_POINT('',(-18.90972692132,-48.83374578875,4.99));
#6153 = DIRECTION('',(0.906307787037,-0.422618261741,0.));
#6154 = DIRECTION('',(0.,0.,1.));
#6155 = ADVANCED_FACE('',(#6156),#6161,.T.);
#6156 = FACE_BOUND('',#6157,.T.);
#6157 = EDGE_LOOP('',(#6158,#6159,#6160));
#6158 = ORIENTED_EDGE('',*,*,#4803,.F.);
#6159 = ORIENTED_EDGE('',*,*,#6091,.T.);
#6160 = ORIENTED_EDGE('',*,*,#4349,.T.);
#6161 = PLANE('',#6162);
#6162 = AXIS2_PLACEMENT_3D('',#6163,#6164,#6165);
#6163 = CARTESIAN_POINT('',(-27.10233664433,44.808211841328,8.));
#6164 = DIRECTION('',(0.,0.,1.));
#6165 = DIRECTION('',(-0.573576436351,0.819152044289,0.));
#6166 = ADVANCED_FACE('',(#6167),#6172,.T.);
#6167 = FACE_BOUND('',#6168,.T.);
#6168 = EDGE_LOOP('',(#6169,#6170,#6171));
#6169 = ORIENTED_EDGE('',*,*,#6137,.F.);
#6170 = ORIENTED_EDGE('',*,*,#4865,.F.);
#6171 = ORIENTED_EDGE('',*,*,#4449,.T.);
#6172 = PLANE('',#6173);
#6173 = AXIS2_PLACEMENT_3D('',#6174,#6175,#6176);
#6174 = CARTESIAN_POINT('',(-25.25388143058,-45.87541795657,8.));
#6175 = DIRECTION('',(0.,0.,1.));
#6176 = DIRECTION('',(-0.422618261741,-0.906307787037,0.));
#6177 = ADVANCED_FACE('',(#6178),#6188,.T.);
#6178 = FACE_BOUND('',#6179,.T.);
#6179 = EDGE_LOOP('',(#6180,#6186,#6187));
#6180 = ORIENTED_EDGE('',*,*,#6181,.F.);
#6181 = EDGE_CURVE('',#4752,#4383,#6182,.T.);
#6182 = LINE('',#6183,#6184);
#6183 = CARTESIAN_POINT('',(-32.83640095435,40.793176786871,8.));
#6184 = VECTOR('',#6185,1.);
#6185 = DIRECTION('',(-0.573576436351,0.819152044289,0.));
#6186 = ORIENTED_EDGE('',*,*,#4751,.F.);
#6187 = ORIENTED_EDGE('',*,*,#4382,.T.);
#6188 = PLANE('',#6189);
#6189 = AXIS2_PLACEMENT_3D('',#6190,#6191,#6192);
#6190 = CARTESIAN_POINT('',(-27.10233664433,44.808211841328,8.));
#6191 = DIRECTION('',(0.,0.,1.));
#6192 = DIRECTION('',(-0.573576436351,0.819152044289,0.));
#6193 = ADVANCED_FACE('',(#6194),#6204,.T.);
#6194 = FACE_BOUND('',#6195,.T.);
#6195 = EDGE_LOOP('',(#6196,#6197,#6203));
#6196 = ORIENTED_EDGE('',*,*,#4917,.F.);
#6197 = ORIENTED_EDGE('',*,*,#6198,.T.);
#6198 = EDGE_CURVE('',#4909,#4409,#6199,.T.);
#6199 = LINE('',#6200,#6201);
#6200 = CARTESIAN_POINT('',(-25.25388143058,-45.87541795657,8.));
#6201 = VECTOR('',#6202,1.);
#6202 = DIRECTION('',(-0.422618261741,-0.906307787037,0.));
#6203 = ORIENTED_EDGE('',*,*,#4416,.T.);
#6204 = PLANE('',#6205);
#6205 = AXIS2_PLACEMENT_3D('',#6206,#6207,#6208);
#6206 = CARTESIAN_POINT('',(-25.25388143058,-45.87541795657,8.));
#6207 = DIRECTION('',(0.,0.,1.));
#6208 = DIRECTION('',(-0.422618261741,-0.906307787037,0.));
#6209 = ADVANCED_FACE('',(#6210),#6245,.T.);
#6210 = FACE_BOUND('',#6211,.T.);
#6211 = EDGE_LOOP('',(#6212,#6222,#6230,#6236,#6237,#6238,#6239));
#6212 = ORIENTED_EDGE('',*,*,#6213,.T.);
#6213 = EDGE_CURVE('',#6214,#6216,#6218,.T.);
#6214 = VERTEX_POINT('',#6215);
#6215 = CARTESIAN_POINT('',(-35.13070669975,44.069784964027,4.99));
#6216 = VERTEX_POINT('',#6217);
#6217 = CARTESIAN_POINT('',(-32.83640095435,40.793176786871,4.99));
#6218 = LINE('',#6219,#6220);
#6219 = CARTESIAN_POINT('',(-35.13070669975,44.069784964027,4.99));
#6220 = VECTOR('',#6221,1.);
#6221 = DIRECTION('',(0.573576436351,-0.819152044289,0.));
#6222 = ORIENTED_EDGE('',*,*,#6223,.T.);
#6223 = EDGE_CURVE('',#6216,#6224,#6226,.T.);
#6224 = VERTEX_POINT('',#6225);
#6225 = CARTESIAN_POINT('',(-32.83640095435,40.793176786871,8.));
#6226 = LINE('',#6227,#6228);
#6227 = CARTESIAN_POINT('',(-32.83640095435,40.793176786871,4.99));
#6228 = VECTOR('',#6229,1.);
#6229 = DIRECTION('',(0.,0.,1.));
#6230 = ORIENTED_EDGE('',*,*,#6231,.T.);
#6231 = EDGE_CURVE('',#6224,#4752,#6232,.T.);
#6232 = LINE('',#6233,#6234);
#6233 = CARTESIAN_POINT('',(-32.83640095435,40.793176786871,8.));
#6234 = VECTOR('',#6235,1.);
#6235 = DIRECTION('',(-0.573576436351,0.819152044289,0.));
#6236 = ORIENTED_EDGE('',*,*,#6181,.T.);
#6237 = ORIENTED_EDGE('',*,*,#4391,.F.);
#6238 = ORIENTED_EDGE('',*,*,#5818,.F.);
#6239 = ORIENTED_EDGE('',*,*,#6240,.F.);
#6240 = EDGE_CURVE('',#6214,#5819,#6241,.T.);
#6241 = LINE('',#6242,#6243);
#6242 = CARTESIAN_POINT('',(-35.13070669975,44.069784964027,4.99));
#6243 = VECTOR('',#6244,1.);
#6244 = DIRECTION('',(0.,0.,1.));
#6245 = PLANE('',#6246);
#6246 = AXIS2_PLACEMENT_3D('',#6247,#6248,#6249);
#6247 = CARTESIAN_POINT('',(-32.83640095435,40.793176786871,4.99));
#6248 = DIRECTION('',(-0.819152044289,-0.573576436351,0.));
#6249 = DIRECTION('',(0.,0.,1.));
#6250 = ADVANCED_FACE('',(#6251),#6286,.F.);
#6251 = FACE_BOUND('',#6252,.F.);
#6252 = EDGE_LOOP('',(#6253,#6263,#6271,#6277,#6278,#6279,#6280));
#6253 = ORIENTED_EDGE('',*,*,#6254,.F.);
#6254 = EDGE_CURVE('',#6255,#6257,#6259,.T.);
#6255 = VERTEX_POINT('',#6256);
#6256 = CARTESIAN_POINT('',(-25.25388143058,-45.87541795657,4.99));
#6257 = VERTEX_POINT('',#6258);
#6258 = CARTESIAN_POINT('',(-26.94435447754,-49.50064910471,4.99));
#6259 = LINE('',#6260,#6261);
#6260 = CARTESIAN_POINT('',(-25.25388143058,-45.87541795657,4.99));
#6261 = VECTOR('',#6262,1.);
#6262 = DIRECTION('',(-0.422618261741,-0.906307787037,0.));
#6263 = ORIENTED_EDGE('',*,*,#6264,.T.);
#6264 = EDGE_CURVE('',#6255,#6265,#6267,.T.);
#6265 = VERTEX_POINT('',#6266);
#6266 = CARTESIAN_POINT('',(-25.25388143058,-45.87541795657,8.));
#6267 = LINE('',#6268,#6269);
#6268 = CARTESIAN_POINT('',(-25.25388143058,-45.87541795657,4.99));
#6269 = VECTOR('',#6270,1.);
#6270 = DIRECTION('',(0.,0.,1.));
#6271 = ORIENTED_EDGE('',*,*,#6272,.T.);
#6272 = EDGE_CURVE('',#6265,#4909,#6273,.T.);
#6273 = LINE('',#6274,#6275);
#6274 = CARTESIAN_POINT('',(-25.25388143058,-45.87541795657,8.));
#6275 = VECTOR('',#6276,1.);
#6276 = DIRECTION('',(-0.422618261741,-0.906307787037,0.));
#6277 = ORIENTED_EDGE('',*,*,#6198,.T.);
#6278 = ORIENTED_EDGE('',*,*,#4408,.F.);
#6279 = ORIENTED_EDGE('',*,*,#5811,.F.);
#6280 = ORIENTED_EDGE('',*,*,#6281,.F.);
#6281 = EDGE_CURVE('',#6257,#5804,#6282,.T.);
#6282 = LINE('',#6283,#6284);
#6283 = CARTESIAN_POINT('',(-26.94435447754,-49.50064910471,4.99));
#6284 = VECTOR('',#6285,1.);
#6285 = DIRECTION('',(0.,0.,1.));
#6286 = PLANE('',#6287);
#6287 = AXIS2_PLACEMENT_3D('',#6288,#6289,#6290);
#6288 = CARTESIAN_POINT('',(-25.25388143058,-45.87541795657,4.99));
#6289 = DIRECTION('',(0.906307787037,-0.422618261741,0.));
#6290 = DIRECTION('',(0.,0.,1.));
#6291 = ADVANCED_FACE('',(#6292),#6317,.T.);
#6292 = FACE_BOUND('',#6293,.T.);
#6293 = EDGE_LOOP('',(#6294,#6302,#6310,#6316));
#6294 = ORIENTED_EDGE('',*,*,#6295,.F.);
#6295 = EDGE_CURVE('',#6296,#4558,#6298,.T.);
#6296 = VERTEX_POINT('',#6297);
#6297 = CARTESIAN_POINT('',(-5.654860522644,-54.25999956201,14.5));
#6298 = LINE('',#6299,#6300);
#6299 = CARTESIAN_POINT('',(-5.654860522644,-54.25999956201,14.5));
#6300 = VECTOR('',#6301,1.);
#6301 = DIRECTION('',(-0.207911690818,-0.978147600734,0.));
#6302 = ORIENTED_EDGE('',*,*,#6303,.F.);
#6303 = EDGE_CURVE('',#6304,#6296,#6306,.T.);
#6304 = VERTEX_POINT('',#6305);
#6305 = CARTESIAN_POINT('',(-16.90355793108,-51.8690151176,14.5));
#6306 = LINE('',#6307,#6308);
#6307 = CARTESIAN_POINT('',(-16.90355793108,-51.8690151176,14.5));
#6308 = VECTOR('',#6309,1.);
#6309 = DIRECTION('',(0.978147600734,-0.207911690818,0.));
#6310 = ORIENTED_EDGE('',*,*,#6311,.T.);
#6311 = EDGE_CURVE('',#6304,#4556,#6312,.T.);
#6312 = LINE('',#6313,#6314);
#6313 = CARTESIAN_POINT('',(-16.90355793108,-51.8690151176,14.5));
#6314 = VECTOR('',#6315,1.);
#6315 = DIRECTION('',(-0.207911690818,-0.978147600734,0.));
#6316 = ORIENTED_EDGE('',*,*,#4555,.T.);
#6317 = PLANE('',#6318);
#6318 = AXIS2_PLACEMENT_3D('',#6319,#6320,#6321);
#6319 = CARTESIAN_POINT('',(-16.90355793108,-51.8690151176,14.5));
#6320 = DIRECTION('',(0.,0.,1.));
#6321 = DIRECTION('',(-0.207911690818,-0.978147600734,0.));
#6322 = ADVANCED_FACE('',(#6323),#6341,.F.);
#6323 = FACE_BOUND('',#6324,.F.);
#6324 = EDGE_LOOP('',(#6325,#6333,#6339,#6340));
#6325 = ORIENTED_EDGE('',*,*,#6326,.F.);
#6326 = EDGE_CURVE('',#6327,#4575,#6329,.T.);
#6327 = VERTEX_POINT('',#6328);
#6328 = CARTESIAN_POINT('',(-16.90355793108,-51.8690151176,8.5));
#6329 = LINE('',#6330,#6331);
#6330 = CARTESIAN_POINT('',(-16.90355793108,-51.8690151176,8.5));
#6331 = VECTOR('',#6332,1.);
#6332 = DIRECTION('',(-0.207911690818,-0.978147600734,0.));
#6333 = ORIENTED_EDGE('',*,*,#6334,.T.);
#6334 = EDGE_CURVE('',#6327,#6304,#6335,.T.);
#6335 = LINE('',#6336,#6337);
#6336 = CARTESIAN_POINT('',(-16.90355793108,-51.8690151176,8.5));
#6337 = VECTOR('',#6338,1.);
#6338 = DIRECTION('',(0.,0.,1.));
#6339 = ORIENTED_EDGE('',*,*,#6311,.T.);
#6340 = ORIENTED_EDGE('',*,*,#4583,.F.);
#6341 = PLANE('',#6342);
#6342 = AXIS2_PLACEMENT_3D('',#6343,#6344,#6345);
#6343 = CARTESIAN_POINT('',(-16.90355793108,-51.8690151176,8.5));
#6344 = DIRECTION('',(0.978147600734,-0.207911690818,0.));
#6345 = DIRECTION('',(0.,0.,1.));
#6346 = ADVANCED_FACE('',(#6347),#6365,.T.);
#6347 = FACE_BOUND('',#6348,.T.);
#6348 = EDGE_LOOP('',(#6349,#6357,#6363,#6364));
#6349 = ORIENTED_EDGE('',*,*,#6350,.F.);
#6350 = EDGE_CURVE('',#6351,#4567,#6353,.T.);
#6351 = VERTEX_POINT('',#6352);
#6352 = CARTESIAN_POINT('',(-5.654860522644,-54.25999956201,8.5));
#6353 = LINE('',#6354,#6355);
#6354 = CARTESIAN_POINT('',(-5.654860522644,-54.25999956201,8.5));
#6355 = VECTOR('',#6356,1.);
#6356 = DIRECTION('',(-0.207911690818,-0.978147600734,0.));
#6357 = ORIENTED_EDGE('',*,*,#6358,.T.);
#6358 = EDGE_CURVE('',#6351,#6296,#6359,.T.);
#6359 = LINE('',#6360,#6361);
#6360 = CARTESIAN_POINT('',(-5.654860522644,-54.25999956201,8.5));
#6361 = VECTOR('',#6362,1.);
#6362 = DIRECTION('',(0.,0.,1.));
#6363 = ORIENTED_EDGE('',*,*,#6295,.T.);
#6364 = ORIENTED_EDGE('',*,*,#4566,.F.);
#6365 = PLANE('',#6366);
#6366 = AXIS2_PLACEMENT_3D('',#6367,#6368,#6369);
#6367 = CARTESIAN_POINT('',(-5.654860522644,-54.25999956201,8.5));
#6368 = DIRECTION('',(0.978147600734,-0.207911690818,0.));
#6369 = DIRECTION('',(0.,0.,1.));
#6370 = ADVANCED_FACE('',(#6371),#6382,.F.);
#6371 = FACE_BOUND('',#6372,.F.);
#6372 = EDGE_LOOP('',(#6373,#6374,#6380,#6381));
#6373 = ORIENTED_EDGE('',*,*,#6350,.F.);
#6374 = ORIENTED_EDGE('',*,*,#6375,.F.);
#6375 = EDGE_CURVE('',#6327,#6351,#6376,.T.);
#6376 = LINE('',#6377,#6378);
#6377 = CARTESIAN_POINT('',(-16.90355793108,-51.8690151176,8.5));
#6378 = VECTOR('',#6379,1.);
#6379 = DIRECTION('',(0.978147600734,-0.207911690818,0.));
#6380 = ORIENTED_EDGE('',*,*,#6326,.T.);
#6381 = ORIENTED_EDGE('',*,*,#4574,.T.);
#6382 = PLANE('',#6383);
#6383 = AXIS2_PLACEMENT_3D('',#6384,#6385,#6386);
#6384 = CARTESIAN_POINT('',(-16.90355793108,-51.8690151176,8.5));
#6385 = DIRECTION('',(0.,0.,1.));
#6386 = DIRECTION('',(-0.207911690818,-0.978147600734,0.));
#6387 = ADVANCED_FACE('',(#6388),#6399,.F.);
#6388 = FACE_BOUND('',#6389,.F.);
#6389 = EDGE_LOOP('',(#6390,#6391,#6397,#6398));
#6390 = ORIENTED_EDGE('',*,*,#4985,.F.);
#6391 = ORIENTED_EDGE('',*,*,#6392,.F.);
#6392 = EDGE_CURVE('',#4642,#4986,#6393,.T.);
#6393 = LINE('',#6394,#6395);
#6394 = CARTESIAN_POINT('',(2.840795704867,-54.20561114647,14.6));
#6395 = VECTOR('',#6396,1.);
#6396 = DIRECTION('',(0.,0.,1.));
#6397 = ORIENTED_EDGE('',*,*,#4641,.T.);
#6398 = ORIENTED_EDGE('',*,*,#6392,.T.);
#6399 = CYLINDRICAL_SURFACE('',#6400,2.55);
#6400 = AXIS2_PLACEMENT_3D('',#6401,#6402,#6403);
#6401 = CARTESIAN_POINT('',(2.707339016447,-51.65910583285,14.6));
#6402 = DIRECTION('',(0.,0.,1.));
#6403 = DIRECTION('',(5.233595624294E-02,-0.998629534755,0.));
#6404 = ADVANCED_FACE('',(#6405),#6416,.F.);
#6405 = FACE_BOUND('',#6406,.F.);
#6406 = EDGE_LOOP('',(#6407,#6408,#6414,#6415));
#6407 = ORIENTED_EDGE('',*,*,#5015,.F.);
#6408 = ORIENTED_EDGE('',*,*,#6409,.F.);
#6409 = EDGE_CURVE('',#4653,#5016,#6410,.T.);
#6410 = LINE('',#6411,#6412);
#6411 = CARTESIAN_POINT('',(-48.36383413294,24.642604325863,14.6));
#6412 = VECTOR('',#6413,1.);
#6413 = DIRECTION('',(0.,0.,1.));
#6414 = ORIENTED_EDGE('',*,*,#4652,.T.);
#6415 = ORIENTED_EDGE('',*,*,#6409,.T.);
#6416 = CYLINDRICAL_SURFACE('',#6417,2.55);
#6417 = AXIS2_PLACEMENT_3D('',#6418,#6419,#6420);
#6418 = CARTESIAN_POINT('',(-46.09176749626,23.484928551527,14.6));
#6419 = DIRECTION('',(0.,0.,1.));
#6420 = DIRECTION('',(-0.891006524188,0.45399049974,0.));
#6421 = ADVANCED_FACE('',(#6422),#6433,.F.);
#6422 = FACE_BOUND('',#6423,.F.);
#6423 = EDGE_LOOP('',(#6424,#6425,#6431,#6432));
#6424 = ORIENTED_EDGE('',*,*,#4955,.F.);
#6425 = ORIENTED_EDGE('',*,*,#6426,.F.);
#6426 = EDGE_CURVE('',#4664,#4956,#6427,.T.);
#6427 = LINE('',#6428,#6429);
#6428 = CARTESIAN_POINT('',(45.523038428078,29.563006820616,14.6));
#6429 = VECTOR('',#6430,1.);
#6430 = DIRECTION('',(0.,0.,1.));
#6431 = ORIENTED_EDGE('',*,*,#4663,.T.);
#6432 = ORIENTED_EDGE('',*,*,#6426,.T.);
#6433 = CYLINDRICAL_SURFACE('',#6434,2.55);
#6434 = AXIS2_PLACEMENT_3D('',#6435,#6436,#6437);
#6435 = CARTESIAN_POINT('',(43.384428479817,28.174177281327,14.6));
#6436 = DIRECTION('',(0.,0.,1.));
#6437 = DIRECTION('',(0.838670567945,0.544639035015,0.));
#6438 = ADVANCED_FACE('',(#6439,#6442),#6453,.F.);
#6439 = FACE_BOUND('',#6440,.F.);
#6440 = EDGE_LOOP('',(#6441));
#6441 = ORIENTED_EDGE('',*,*,#4689,.T.);
#6442 = FACE_BOUND('',#6443,.F.);
#6443 = EDGE_LOOP('',(#6444));
#6444 = ORIENTED_EDGE('',*,*,#6445,.F.);
#6445 = EDGE_CURVE('',#6446,#6446,#6448,.T.);
#6446 = VERTEX_POINT('',#6447);
#6447 = CARTESIAN_POINT('',(57.6,-1.410793112618E-14,7.6));
#6448 = CIRCLE('',#6449,57.6);
#6449 = AXIS2_PLACEMENT_3D('',#6450,#6451,#6452);
#6450 = CARTESIAN_POINT('',(0.,0.,7.6));
#6451 = DIRECTION('',(0.,0.,1.));
#6452 = DIRECTION('',(1.,0.,-0.));
#6453 = PLANE('',#6454);
#6454 = AXIS2_PLACEMENT_3D('',#6455,#6456,#6457);
#6455 = CARTESIAN_POINT('',(0.,0.,7.6));
#6456 = DIRECTION('',(0.,0.,1.));
#6457 = DIRECTION('',(1.,0.,-0.));
#6458 = ADVANCED_FACE('',(#6459),#6469,.T.);
#6459 = FACE_BOUND('',#6460,.T.);
#6460 = EDGE_LOOP('',(#6461,#6467,#6468));
#6461 = ORIENTED_EDGE('',*,*,#6462,.F.);
#6462 = EDGE_CURVE('',#6078,#4787,#6463,.T.);
#6463 = LINE('',#6464,#6465);
#6464 = CARTESIAN_POINT('',(-27.10233664433,44.808211841328,8.));
#6465 = VECTOR('',#6466,1.);
#6466 = DIRECTION('',(-0.819152044289,-0.573576436351,0.));
#6467 = ORIENTED_EDGE('',*,*,#6085,.T.);
#6468 = ORIENTED_EDGE('',*,*,#4794,.F.);
#6469 = PLANE('',#6470);
#6470 = AXIS2_PLACEMENT_3D('',#6471,#6472,#6473);
#6471 = CARTESIAN_POINT('',(-27.10233664433,44.808211841328,8.));
#6472 = DIRECTION('',(0.,0.,1.));
#6473 = DIRECTION('',(-0.573576436351,0.819152044289,0.));
#6474 = ADVANCED_FACE('',(#6475),#6486,.F.);
#6475 = FACE_BOUND('',#6476,.F.);
#6476 = EDGE_LOOP('',(#6477,#6478,#6479,#6485));
#6477 = ORIENTED_EDGE('',*,*,#6462,.F.);
#6478 = ORIENTED_EDGE('',*,*,#6077,.F.);
#6479 = ORIENTED_EDGE('',*,*,#6480,.T.);
#6480 = EDGE_CURVE('',#6068,#4778,#6481,.T.);
#6481 = LINE('',#6482,#6483);
#6482 = CARTESIAN_POINT('',(-27.10233664433,44.808211841328,4.99));
#6483 = VECTOR('',#6484,1.);
#6484 = DIRECTION('',(-0.819152044289,-0.573576436351,0.));
#6485 = ORIENTED_EDGE('',*,*,#4786,.T.);
#6486 = PLANE('',#6487);
#6487 = AXIS2_PLACEMENT_3D('',#6488,#6489,#6490);
#6488 = CARTESIAN_POINT('',(-27.10233664433,44.808211841328,4.99));
#6489 = DIRECTION('',(-0.573576436351,0.819152044289,0.));
#6490 = DIRECTION('',(0.,0.,1.));
#6491 = ADVANCED_FACE('',(#6492,#6527),#6538,.F.);
#6492 = FACE_BOUND('',#6493,.F.);
#6493 = EDGE_LOOP('',(#6494,#6495,#6501,#6502,#6503,#6504,#6512,#6521));
#6494 = ORIENTED_EDGE('',*,*,#6213,.T.);
#6495 = ORIENTED_EDGE('',*,*,#6496,.F.);
#6496 = EDGE_CURVE('',#4770,#6216,#6497,.T.);
#6497 = LINE('',#6498,#6499);
#6498 = CARTESIAN_POINT('',(-27.10233664433,44.808211841328,4.99));
#6499 = VECTOR('',#6500,1.);
#6500 = DIRECTION('',(-0.819152044289,-0.573576436351,0.));
#6501 = ORIENTED_EDGE('',*,*,#4777,.T.);
#6502 = ORIENTED_EDGE('',*,*,#6480,.F.);
#6503 = ORIENTED_EDGE('',*,*,#6067,.T.);
#6504 = ORIENTED_EDGE('',*,*,#6505,.T.);
#6505 = EDGE_CURVE('',#6070,#6506,#6508,.T.);
#6506 = VERTEX_POINT('',#6507);
#6507 = CARTESIAN_POINT('',(-31.19956482487,46.822400138594,4.99));
#6508 = LINE('',#6509,#6510);
#6509 = CARTESIAN_POINT('',(-29.39664238973,48.084820018484,4.99));
#6510 = VECTOR('',#6511,1.);
#6511 = DIRECTION('',(-0.819152044289,-0.573576436351,0.));
#6512 = ORIENTED_EDGE('',*,*,#6513,.T.);
#6513 = EDGE_CURVE('',#6506,#6514,#6516,.T.);
#6514 = VERTEX_POINT('',#6515);
#6515 = CARTESIAN_POINT('',(-33.32778426462,45.332204843918,4.99));
#6516 = CIRCLE('',#6517,3.5);
#6517 = AXIS2_PLACEMENT_3D('',#6518,#6519,#6520);
#6518 = CARTESIAN_POINT('',(-30.3995511266,43.415058347317,4.99));
#6519 = DIRECTION('',(0.,0.,1.));
#6520 = DIRECTION('',(-0.228575342362,0.973526226079,0.));
#6521 = ORIENTED_EDGE('',*,*,#6522,.T.);
#6522 = EDGE_CURVE('',#6514,#6214,#6523,.T.);
#6523 = LINE('',#6524,#6525);
#6524 = CARTESIAN_POINT('',(-29.39664238973,48.084820018484,4.99));
#6525 = VECTOR('',#6526,1.);
#6526 = DIRECTION('',(-0.819152044289,-0.573576436351,0.));
#6527 = FACE_BOUND('',#6528,.F.);
#6528 = EDGE_LOOP('',(#6529));
#6529 = ORIENTED_EDGE('',*,*,#6530,.F.);
#6530 = EDGE_CURVE('',#6531,#6531,#6533,.T.);
#6531 = VERTEX_POINT('',#6532);
#6532 = CARTESIAN_POINT('',(-31.5467039993,45.053362435895,4.99));
#6533 = CIRCLE('',#6534,2.);
#6534 = AXIS2_PLACEMENT_3D('',#6535,#6536,#6537);
#6535 = CARTESIAN_POINT('',(-30.3995511266,43.415058347317,4.99));
#6536 = DIRECTION('',(0.,0.,1.));
#6537 = DIRECTION('',(-0.573576436351,0.819152044289,0.));
#6538 = PLANE('',#6539);
#6539 = AXIS2_PLACEMENT_3D('',#6540,#6541,#6542);
#6540 = CARTESIAN_POINT('',(-27.10233664433,44.808211841328,4.99));
#6541 = DIRECTION('',(0.,0.,1.));
#6542 = DIRECTION('',(-0.573576436351,0.819152044289,0.));
#6543 = ADVANCED_FACE('',(#6544),#6555,.F.);
#6544 = FACE_BOUND('',#6545,.F.);
#6545 = EDGE_LOOP('',(#6546,#6552,#6553,#6554));
#6546 = ORIENTED_EDGE('',*,*,#6547,.F.);
#6547 = EDGE_CURVE('',#4761,#6224,#6548,.T.);
#6548 = LINE('',#6549,#6550);
#6549 = CARTESIAN_POINT('',(-27.10233664433,44.808211841328,8.));
#6550 = VECTOR('',#6551,1.);
#6551 = DIRECTION('',(-0.819152044289,-0.573576436351,0.));
#6552 = ORIENTED_EDGE('',*,*,#4769,.F.);
#6553 = ORIENTED_EDGE('',*,*,#6496,.T.);
#6554 = ORIENTED_EDGE('',*,*,#6223,.T.);
#6555 = PLANE('',#6556);
#6556 = AXIS2_PLACEMENT_3D('',#6557,#6558,#6559);
#6557 = CARTESIAN_POINT('',(-27.10233664433,44.808211841328,4.99));
#6558 = DIRECTION('',(-0.573576436351,0.819152044289,0.));
#6559 = DIRECTION('',(0.,0.,1.));
#6560 = ADVANCED_FACE('',(#6561),#6566,.T.);
#6561 = FACE_BOUND('',#6562,.T.);
#6562 = EDGE_LOOP('',(#6563,#6564,#6565));
#6563 = ORIENTED_EDGE('',*,*,#6547,.F.);
#6564 = ORIENTED_EDGE('',*,*,#4760,.F.);
#6565 = ORIENTED_EDGE('',*,*,#6231,.F.);
#6566 = PLANE('',#6567);
#6567 = AXIS2_PLACEMENT_3D('',#6568,#6569,#6570);
#6568 = CARTESIAN_POINT('',(-27.10233664433,44.808211841328,8.));
#6569 = DIRECTION('',(0.,0.,1.));
#6570 = DIRECTION('',(-0.573576436351,0.819152044289,0.));
#6571 = ADVANCED_FACE('',(#6572),#6582,.T.);
#6572 = FACE_BOUND('',#6573,.T.);
#6573 = EDGE_LOOP('',(#6574,#6580,#6581));
#6574 = ORIENTED_EDGE('',*,*,#6575,.F.);
#6575 = EDGE_CURVE('',#6265,#4901,#6576,.T.);
#6576 = LINE('',#6577,#6578);
#6577 = CARTESIAN_POINT('',(-25.25388143058,-45.87541795657,8.));
#6578 = VECTOR('',#6579,1.);
#6579 = DIRECTION('',(0.906307787037,-0.422618261741,0.));
#6580 = ORIENTED_EDGE('',*,*,#6272,.T.);
#6581 = ORIENTED_EDGE('',*,*,#4908,.F.);
#6582 = PLANE('',#6583);
#6583 = AXIS2_PLACEMENT_3D('',#6584,#6585,#6586);
#6584 = CARTESIAN_POINT('',(-25.25388143058,-45.87541795657,8.));
#6585 = DIRECTION('',(0.,0.,1.));
#6586 = DIRECTION('',(-0.422618261741,-0.906307787037,0.));
#6587 = ADVANCED_FACE('',(#6588),#6599,.F.);
#6588 = FACE_BOUND('',#6589,.F.);
#6589 = EDGE_LOOP('',(#6590,#6591,#6592,#6598));
#6590 = ORIENTED_EDGE('',*,*,#6575,.F.);
#6591 = ORIENTED_EDGE('',*,*,#6264,.F.);
#6592 = ORIENTED_EDGE('',*,*,#6593,.T.);
#6593 = EDGE_CURVE('',#6255,#4892,#6594,.T.);
#6594 = LINE('',#6595,#6596);
#6595 = CARTESIAN_POINT('',(-25.25388143058,-45.87541795657,4.99));
#6596 = VECTOR('',#6597,1.);
#6597 = DIRECTION('',(0.906307787037,-0.422618261741,0.));
#6598 = ORIENTED_EDGE('',*,*,#4900,.T.);
#6599 = PLANE('',#6600);
#6600 = AXIS2_PLACEMENT_3D('',#6601,#6602,#6603);
#6601 = CARTESIAN_POINT('',(-25.25388143058,-45.87541795657,4.99));
#6602 = DIRECTION('',(-0.422618261741,-0.906307787037,0.));
#6603 = DIRECTION('',(0.,0.,1.));
#6604 = ADVANCED_FACE('',(#6605,#6640),#6651,.F.);
#6605 = FACE_BOUND('',#6606,.F.);
#6606 = EDGE_LOOP('',(#6607,#6608,#6614,#6615,#6616,#6617,#6625,#6634));
#6607 = ORIENTED_EDGE('',*,*,#6113,.T.);
#6608 = ORIENTED_EDGE('',*,*,#6609,.F.);
#6609 = EDGE_CURVE('',#4884,#6116,#6610,.T.);
#6610 = LINE('',#6611,#6612);
#6611 = CARTESIAN_POINT('',(-25.25388143058,-45.87541795657,4.99));
#6612 = VECTOR('',#6613,1.);
#6613 = DIRECTION('',(0.906307787037,-0.422618261741,0.));
#6614 = ORIENTED_EDGE('',*,*,#4891,.T.);
#6615 = ORIENTED_EDGE('',*,*,#6593,.F.);
#6616 = ORIENTED_EDGE('',*,*,#6254,.T.);
#6617 = ORIENTED_EDGE('',*,*,#6618,.T.);
#6618 = EDGE_CURVE('',#6257,#6619,#6621,.T.);
#6619 = VERTEX_POINT('',#6620);
#6620 = CARTESIAN_POINT('',(-24.94960557374,-50.43081579465,4.99));
#6621 = LINE('',#6622,#6623);
#6622 = CARTESIAN_POINT('',(-26.94435447754,-49.50064910471,4.99));
#6623 = VECTOR('',#6624,1.);
#6624 = DIRECTION('',(0.906307787037,-0.422618261741,0.));
#6625 = ORIENTED_EDGE('',*,*,#6626,.T.);
#6626 = EDGE_CURVE('',#6619,#6627,#6629,.T.);
#6627 = VERTEX_POINT('',#6628);
#6628 = CARTESIAN_POINT('',(-22.59494887208,-51.52881024696,4.99));
#6629 = CIRCLE('',#6630,3.5);
#6630 = AXIS2_PLACEMENT_3D('',#6631,#6632,#6633);
#6631 = CARTESIAN_POINT('',(-22.39876787225,-48.03431271294,4.99));
#6632 = DIRECTION('',(0.,0.,1.));
#6633 = DIRECTION('',(-0.728810771854,-0.684715166204,0.));
#6634 = ORIENTED_EDGE('',*,*,#6635,.T.);
#6635 = EDGE_CURVE('',#6627,#6114,#6636,.T.);
#6636 = LINE('',#6637,#6638);
#6637 = CARTESIAN_POINT('',(-26.94435447754,-49.50064910471,4.99));
#6638 = VECTOR('',#6639,1.);
#6639 = DIRECTION('',(0.906307787037,-0.422618261741,0.));
#6640 = FACE_BOUND('',#6641,.F.);
#6641 = EDGE_LOOP('',(#6642));
#6642 = ORIENTED_EDGE('',*,*,#6643,.F.);
#6643 = EDGE_CURVE('',#6644,#6644,#6646,.T.);
#6644 = VERTEX_POINT('',#6645);
#6645 = CARTESIAN_POINT('',(-23.24400439573,-49.84692828701,4.99));
#6646 = CIRCLE('',#6647,2.);
#6647 = AXIS2_PLACEMENT_3D('',#6648,#6649,#6650);
#6648 = CARTESIAN_POINT('',(-22.39876787225,-48.03431271294,4.99));
#6649 = DIRECTION('',(0.,0.,1.));
#6650 = DIRECTION('',(-0.422618261741,-0.906307787037,0.));
#6651 = PLANE('',#6652);
#6652 = AXIS2_PLACEMENT_3D('',#6653,#6654,#6655);
#6653 = CARTESIAN_POINT('',(-25.25388143058,-45.87541795657,4.99));
#6654 = DIRECTION('',(0.,0.,1.));
#6655 = DIRECTION('',(-0.422618261741,-0.906307787037,0.));
#6656 = ADVANCED_FACE('',(#6657),#6668,.F.);
#6657 = FACE_BOUND('',#6658,.F.);
#6658 = EDGE_LOOP('',(#6659,#6665,#6666,#6667));
#6659 = ORIENTED_EDGE('',*,*,#6660,.F.);
#6660 = EDGE_CURVE('',#4875,#6124,#6661,.T.);
#6661 = LINE('',#6662,#6663);
#6662 = CARTESIAN_POINT('',(-25.25388143058,-45.87541795657,8.));
#6663 = VECTOR('',#6664,1.);
#6664 = DIRECTION('',(0.906307787037,-0.422618261741,0.));
#6665 = ORIENTED_EDGE('',*,*,#4883,.F.);
#6666 = ORIENTED_EDGE('',*,*,#6609,.T.);
#6667 = ORIENTED_EDGE('',*,*,#6123,.T.);
#6668 = PLANE('',#6669);
#6669 = AXIS2_PLACEMENT_3D('',#6670,#6671,#6672);
#6670 = CARTESIAN_POINT('',(-25.25388143058,-45.87541795657,4.99));
#6671 = DIRECTION('',(-0.422618261741,-0.906307787037,0.));
#6672 = DIRECTION('',(0.,0.,1.));
#6673 = ADVANCED_FACE('',(#6674),#6679,.T.);
#6674 = FACE_BOUND('',#6675,.T.);
#6675 = EDGE_LOOP('',(#6676,#6677,#6678));
#6676 = ORIENTED_EDGE('',*,*,#6660,.F.);
#6677 = ORIENTED_EDGE('',*,*,#4874,.F.);
#6678 = ORIENTED_EDGE('',*,*,#6131,.F.);
#6679 = PLANE('',#6680);
#6680 = AXIS2_PLACEMENT_3D('',#6681,#6682,#6683);
#6681 = CARTESIAN_POINT('',(-25.25388143058,-45.87541795657,8.));
#6682 = DIRECTION('',(0.,0.,1.));
#6683 = DIRECTION('',(-0.422618261741,-0.906307787037,0.));
#6684 = ADVANCED_FACE('',(#6685),#6711,.T.);
#6685 = FACE_BOUND('',#6686,.T.);
#6686 = EDGE_LOOP('',(#6687,#6688,#6696,#6705));
#6687 = ORIENTED_EDGE('',*,*,#5032,.F.);
#6688 = ORIENTED_EDGE('',*,*,#6689,.T.);
#6689 = EDGE_CURVE('',#5033,#6690,#6692,.T.);
#6690 = VERTEX_POINT('',#6691);
#6691 = CARTESIAN_POINT('',(-35.15349741592,-34.26299568492,28.7));
#6692 = LINE('',#6693,#6694);
#6693 = CARTESIAN_POINT('',(-35.15349741592,-34.26299568492,27.5));
#6694 = VECTOR('',#6695,1.);
#6695 = DIRECTION('',(0.,0.,1.));
#6696 = ORIENTED_EDGE('',*,*,#6697,.F.);
#6697 = EDGE_CURVE('',#6698,#6690,#6700,.T.);
#6698 = VERTEX_POINT('',#6699);
#6699 = CARTESIAN_POINT('',(-39.84931886453,-40.73982059553,28.7));
#6700 = CIRCLE('',#6701,4.);
#6701 = AXIS2_PLACEMENT_3D('',#6702,#6703,#6704);
#6702 = CARTESIAN_POINT('',(-37.50140814022,-37.50140814022,28.7));
#6703 = DIRECTION('',(-9.860761315263E-32,-1.097054105316E-15,1.));
#6704 = DIRECTION('',(-0.586977681076,-0.809603113827,
    -8.881784197001E-16));
#6705 = ORIENTED_EDGE('',*,*,#6706,.F.);
#6706 = EDGE_CURVE('',#5035,#6698,#6707,.T.);
#6707 = LINE('',#6708,#6709);
#6708 = CARTESIAN_POINT('',(-39.84931886453,-40.73982059553,27.5));
#6709 = VECTOR('',#6710,1.);
#6710 = DIRECTION('',(0.,0.,1.));
#6711 = CYLINDRICAL_SURFACE('',#6712,4.);
#6712 = AXIS2_PLACEMENT_3D('',#6713,#6714,#6715);
#6713 = CARTESIAN_POINT('',(-37.50140814022,-37.50140814022,27.5));
#6714 = DIRECTION('',(0.,0.,1.));
#6715 = DIRECTION('',(1.,0.,-0.));
#6716 = ADVANCED_FACE('',(#6717),#6728,.F.);
#6717 = FACE_BOUND('',#6718,.F.);
#6718 = EDGE_LOOP('',(#6719,#6720,#6721,#6727));
#6719 = ORIENTED_EDGE('',*,*,#5081,.F.);
#6720 = ORIENTED_EDGE('',*,*,#5134,.T.);
#6721 = ORIENTED_EDGE('',*,*,#6722,.T.);
#6722 = EDGE_CURVE('',#5109,#6698,#6723,.T.);
#6723 = LINE('',#6724,#6725);
#6724 = CARTESIAN_POINT('',(-45.29449679587,-36.79196286055,28.7));
#6725 = VECTOR('',#6726,1.);
#6726 = DIRECTION('',(0.809603113827,-0.586977681076,0.));
#6727 = ORIENTED_EDGE('',*,*,#6706,.F.);
#6728 = PLANE('',#6729);
#6729 = AXIS2_PLACEMENT_3D('',#6730,#6731,#6732);
#6730 = CARTESIAN_POINT('',(-45.29449679587,-36.79196286055,27.5));
#6731 = DIRECTION('',(0.586977681076,0.809603113827,0.));
#6732 = DIRECTION('',(0.,0.,1.));
#6733 = ADVANCED_FACE('',(#6734),#6753,.T.);
#6734 = FACE_BOUND('',#6735,.T.);
#6735 = EDGE_LOOP('',(#6736,#6745,#6751,#6752));
#6736 = ORIENTED_EDGE('',*,*,#6737,.F.);
#6737 = EDGE_CURVE('',#6738,#5107,#6740,.T.);
#6738 = VERTEX_POINT('',#6739);
#6739 = CARTESIAN_POINT('',(-40.59867534726,-30.31513794994,28.7));
#6740 = CIRCLE('',#6741,4.);
#6741 = AXIS2_PLACEMENT_3D('',#6742,#6743,#6744);
#6742 = CARTESIAN_POINT('',(-42.94658607156,-33.55355040524,28.7));
#6743 = DIRECTION('',(0.,0.,1.));
#6744 = DIRECTION('',(1.,0.,-0.));
#6745 = ORIENTED_EDGE('',*,*,#6746,.F.);
#6746 = EDGE_CURVE('',#5044,#6738,#6747,.T.);
#6747 = LINE('',#6748,#6749);
#6748 = CARTESIAN_POINT('',(-40.59867534726,-30.31513794994,27.5));
#6749 = VECTOR('',#6750,1.);
#6750 = DIRECTION('',(0.,0.,1.));
#6751 = ORIENTED_EDGE('',*,*,#5051,.T.);
#6752 = ORIENTED_EDGE('',*,*,#5117,.T.);
#6753 = CYLINDRICAL_SURFACE('',#6754,4.);
#6754 = AXIS2_PLACEMENT_3D('',#6755,#6756,#6757);
#6755 = CARTESIAN_POINT('',(-42.94658607156,-33.55355040524,27.5));
#6756 = DIRECTION('',(0.,0.,1.));
#6757 = DIRECTION('',(1.,0.,-0.));
#6758 = ADVANCED_FACE('',(#6759),#6770,.T.);
#6759 = FACE_BOUND('',#6760,.T.);
#6760 = EDGE_LOOP('',(#6761,#6762,#6763,#6769));
#6761 = ORIENTED_EDGE('',*,*,#5043,.F.);
#6762 = ORIENTED_EDGE('',*,*,#6746,.T.);
#6763 = ORIENTED_EDGE('',*,*,#6764,.T.);
#6764 = EDGE_CURVE('',#6738,#6690,#6765,.T.);
#6765 = LINE('',#6766,#6767);
#6766 = CARTESIAN_POINT('',(-40.59867534726,-30.31513794994,28.7));
#6767 = VECTOR('',#6768,1.);
#6768 = DIRECTION('',(0.809603113827,-0.586977681076,0.));
#6769 = ORIENTED_EDGE('',*,*,#6689,.F.);
#6770 = PLANE('',#6771);
#6771 = AXIS2_PLACEMENT_3D('',#6772,#6773,#6774);
#6772 = CARTESIAN_POINT('',(-40.59867534726,-30.31513794994,27.5));
#6773 = DIRECTION('',(0.586977681076,0.809603113827,0.));
#6774 = DIRECTION('',(0.,0.,1.));
#6775 = ADVANCED_FACE('',(#6776),#6795,.F.);
#6776 = FACE_BOUND('',#6777,.F.);
#6777 = EDGE_LOOP('',(#6778,#6787,#6793,#6794));
#6778 = ORIENTED_EDGE('',*,*,#6779,.F.);
#6779 = EDGE_CURVE('',#6780,#6780,#6782,.T.);
#6780 = VERTEX_POINT('',#6781);
#6781 = CARTESIAN_POINT('',(-39.02168771978,-39.02168771978,28.7));
#6782 = CIRCLE('',#6783,2.15);
#6783 = AXIS2_PLACEMENT_3D('',#6784,#6785,#6786);
#6784 = CARTESIAN_POINT('',(-37.50140814022,-37.50140814022,28.7));
#6785 = DIRECTION('',(0.,0.,1.));
#6786 = DIRECTION('',(-0.707106781187,-0.707106781187,0.));
#6787 = ORIENTED_EDGE('',*,*,#6788,.F.);
#6788 = EDGE_CURVE('',#5090,#6780,#6789,.T.);
#6789 = LINE('',#6790,#6791);
#6790 = CARTESIAN_POINT('',(-39.02168771978,-39.02168771978,26.5));
#6791 = VECTOR('',#6792,1.);
#6792 = DIRECTION('',(0.,0.,1.));
#6793 = ORIENTED_EDGE('',*,*,#5089,.T.);
#6794 = ORIENTED_EDGE('',*,*,#6788,.T.);
#6795 = CYLINDRICAL_SURFACE('',#6796,2.15);
#6796 = AXIS2_PLACEMENT_3D('',#6797,#6798,#6799);
#6797 = CARTESIAN_POINT('',(-37.50140814022,-37.50140814022,26.5));
#6798 = DIRECTION('',(0.,0.,1.));
#6799 = DIRECTION('',(-0.707106781187,-0.707106781187,0.));
#6800 = ADVANCED_FACE('',(#6801,#6808),#6811,.T.);
#6801 = FACE_BOUND('',#6802,.T.);
#6802 = EDGE_LOOP('',(#6803,#6804,#6805,#6806,#6807));
#6803 = ORIENTED_EDGE('',*,*,#6722,.T.);
#6804 = ORIENTED_EDGE('',*,*,#6697,.T.);
#6805 = ORIENTED_EDGE('',*,*,#6764,.F.);
#6806 = ORIENTED_EDGE('',*,*,#6737,.T.);
#6807 = ORIENTED_EDGE('',*,*,#5106,.T.);
#6808 = FACE_BOUND('',#6809,.T.);
#6809 = EDGE_LOOP('',(#6810));
#6810 = ORIENTED_EDGE('',*,*,#6779,.F.);
#6811 = PLANE('',#6812);
#6812 = AXIS2_PLACEMENT_3D('',#6813,#6814,#6815);
#6813 = CARTESIAN_POINT('',(-45.29449679587,-36.79196286055,28.7));
#6814 = DIRECTION('',(0.,0.,1.));
#6815 = DIRECTION('',(0.809603113827,-0.586977681076,0.));
#6816 = ADVANCED_FACE('',(#6817),#6843,.T.);
#6817 = FACE_BOUND('',#6818,.T.);
#6818 = EDGE_LOOP('',(#6819,#6820,#6828,#6837));
#6819 = ORIENTED_EDGE('',*,*,#5158,.F.);
#6820 = ORIENTED_EDGE('',*,*,#6821,.T.);
#6821 = EDGE_CURVE('',#5159,#6822,#6824,.T.);
#6822 = VERTEX_POINT('',#6823);
#6823 = CARTESIAN_POINT('',(34.262995684921,-35.15349741592,28.7));
#6824 = LINE('',#6825,#6826);
#6825 = CARTESIAN_POINT('',(34.262995684921,-35.15349741592,27.5));
#6826 = VECTOR('',#6827,1.);
#6827 = DIRECTION('',(0.,0.,1.));
#6828 = ORIENTED_EDGE('',*,*,#6829,.F.);
#6829 = EDGE_CURVE('',#6830,#6822,#6832,.T.);
#6830 = VERTEX_POINT('',#6831);
#6831 = CARTESIAN_POINT('',(40.739820595536,-39.84931886453,28.7));
#6832 = CIRCLE('',#6833,4.);
#6833 = AXIS2_PLACEMENT_3D('',#6834,#6835,#6836);
#6834 = CARTESIAN_POINT('',(37.501408140229,-37.50140814022,28.7));
#6835 = DIRECTION('',(0.,-1.513138315704E-15,1.));
#6836 = DIRECTION('',(0.809603113827,-0.586977681076,-8.881784197001E-16
    ));
#6837 = ORIENTED_EDGE('',*,*,#6838,.F.);
#6838 = EDGE_CURVE('',#5161,#6830,#6839,.T.);
#6839 = LINE('',#6840,#6841);
#6840 = CARTESIAN_POINT('',(40.739820595536,-39.84931886453,27.5));
#6841 = VECTOR('',#6842,1.);
#6842 = DIRECTION('',(0.,0.,1.));
#6843 = CYLINDRICAL_SURFACE('',#6844,4.);
#6844 = AXIS2_PLACEMENT_3D('',#6845,#6846,#6847);
#6845 = CARTESIAN_POINT('',(37.501408140229,-37.50140814022,27.5));
#6846 = DIRECTION('',(0.,0.,1.));
#6847 = DIRECTION('',(1.,0.,-0.));
#6848 = ADVANCED_FACE('',(#6849),#6860,.F.);
#6849 = FACE_BOUND('',#6850,.F.);
#6850 = EDGE_LOOP('',(#6851,#6852,#6853,#6859));
#6851 = ORIENTED_EDGE('',*,*,#5207,.F.);
#6852 = ORIENTED_EDGE('',*,*,#5260,.T.);
#6853 = ORIENTED_EDGE('',*,*,#6854,.T.);
#6854 = EDGE_CURVE('',#5235,#6830,#6855,.T.);
#6855 = LINE('',#6856,#6857);
#6856 = CARTESIAN_POINT('',(36.791962860556,-45.29449679587,28.7));
#6857 = VECTOR('',#6858,1.);
#6858 = DIRECTION('',(0.586977681076,0.809603113827,0.));
#6859 = ORIENTED_EDGE('',*,*,#6838,.F.);
#6860 = PLANE('',#6861);
#6861 = AXIS2_PLACEMENT_3D('',#6862,#6863,#6864);
#6862 = CARTESIAN_POINT('',(36.791962860556,-45.29449679587,27.5));
#6863 = DIRECTION('',(-0.809603113827,0.586977681076,0.));
#6864 = DIRECTION('',(0.,0.,1.));
#6865 = ADVANCED_FACE('',(#6866),#6885,.T.);
#6866 = FACE_BOUND('',#6867,.T.);
#6867 = EDGE_LOOP('',(#6868,#6877,#6883,#6884));
#6868 = ORIENTED_EDGE('',*,*,#6869,.F.);
#6869 = EDGE_CURVE('',#6870,#5233,#6872,.T.);
#6870 = VERTEX_POINT('',#6871);
#6871 = CARTESIAN_POINT('',(30.315137949941,-40.59867534726,28.7));
#6872 = CIRCLE('',#6873,4.);
#6873 = AXIS2_PLACEMENT_3D('',#6874,#6875,#6876);
#6874 = CARTESIAN_POINT('',(33.553550405248,-42.94658607156,28.7));
#6875 = DIRECTION('',(0.,0.,1.));
#6876 = DIRECTION('',(1.,0.,-0.));
#6877 = ORIENTED_EDGE('',*,*,#6878,.F.);
#6878 = EDGE_CURVE('',#5170,#6870,#6879,.T.);
#6879 = LINE('',#6880,#6881);
#6880 = CARTESIAN_POINT('',(30.315137949941,-40.59867534726,27.5));
#6881 = VECTOR('',#6882,1.);
#6882 = DIRECTION('',(0.,0.,1.));
#6883 = ORIENTED_EDGE('',*,*,#5177,.T.);
#6884 = ORIENTED_EDGE('',*,*,#5243,.T.);
#6885 = CYLINDRICAL_SURFACE('',#6886,4.);
#6886 = AXIS2_PLACEMENT_3D('',#6887,#6888,#6889);
#6887 = CARTESIAN_POINT('',(33.553550405248,-42.94658607156,27.5));
#6888 = DIRECTION('',(0.,0.,1.));
#6889 = DIRECTION('',(1.,0.,-0.));
#6890 = ADVANCED_FACE('',(#6891),#6902,.T.);
#6891 = FACE_BOUND('',#6892,.T.);
#6892 = EDGE_LOOP('',(#6893,#6894,#6895,#6901));
#6893 = ORIENTED_EDGE('',*,*,#5169,.F.);
#6894 = ORIENTED_EDGE('',*,*,#6878,.T.);
#6895 = ORIENTED_EDGE('',*,*,#6896,.T.);
#6896 = EDGE_CURVE('',#6870,#6822,#6897,.T.);
#6897 = LINE('',#6898,#6899);
#6898 = CARTESIAN_POINT('',(30.315137949941,-40.59867534726,28.7));
#6899 = VECTOR('',#6900,1.);
#6900 = DIRECTION('',(0.586977681076,0.809603113827,0.));
#6901 = ORIENTED_EDGE('',*,*,#6821,.F.);
#6902 = PLANE('',#6903);
#6903 = AXIS2_PLACEMENT_3D('',#6904,#6905,#6906);
#6904 = CARTESIAN_POINT('',(30.315137949941,-40.59867534726,27.5));
#6905 = DIRECTION('',(-0.809603113827,0.586977681076,0.));
#6906 = DIRECTION('',(0.,0.,1.));
#6907 = ADVANCED_FACE('',(#6908),#6927,.F.);
#6908 = FACE_BOUND('',#6909,.F.);
#6909 = EDGE_LOOP('',(#6910,#6919,#6925,#6926));
#6910 = ORIENTED_EDGE('',*,*,#6911,.F.);
#6911 = EDGE_CURVE('',#6912,#6912,#6914,.T.);
#6912 = VERTEX_POINT('',#6913);
#6913 = CARTESIAN_POINT('',(39.02168771978,-39.02168771978,28.7));
#6914 = CIRCLE('',#6915,2.15);
#6915 = AXIS2_PLACEMENT_3D('',#6916,#6917,#6918);
#6916 = CARTESIAN_POINT('',(37.501408140229,-37.50140814022,28.7));
#6917 = DIRECTION('',(0.,0.,1.));
#6918 = DIRECTION('',(0.707106781187,-0.707106781187,0.));
#6919 = ORIENTED_EDGE('',*,*,#6920,.F.);
#6920 = EDGE_CURVE('',#5216,#6912,#6921,.T.);
#6921 = LINE('',#6922,#6923);
#6922 = CARTESIAN_POINT('',(39.02168771978,-39.02168771978,26.5));
#6923 = VECTOR('',#6924,1.);
#6924 = DIRECTION('',(0.,0.,1.));
#6925 = ORIENTED_EDGE('',*,*,#5215,.T.);
#6926 = ORIENTED_EDGE('',*,*,#6920,.T.);
#6927 = CYLINDRICAL_SURFACE('',#6928,2.15);
#6928 = AXIS2_PLACEMENT_3D('',#6929,#6930,#6931);
#6929 = CARTESIAN_POINT('',(37.501408140229,-37.50140814022,26.5));
#6930 = DIRECTION('',(0.,0.,1.));
#6931 = DIRECTION('',(0.707106781187,-0.707106781187,0.));
#6932 = ADVANCED_FACE('',(#6933,#6940),#6943,.T.);
#6933 = FACE_BOUND('',#6934,.T.);
#6934 = EDGE_LOOP('',(#6935,#6936,#6937,#6938,#6939));
#6935 = ORIENTED_EDGE('',*,*,#6854,.T.);
#6936 = ORIENTED_EDGE('',*,*,#6829,.T.);
#6937 = ORIENTED_EDGE('',*,*,#6896,.F.);
#6938 = ORIENTED_EDGE('',*,*,#6869,.T.);
#6939 = ORIENTED_EDGE('',*,*,#5232,.T.);
#6940 = FACE_BOUND('',#6941,.T.);
#6941 = EDGE_LOOP('',(#6942));
#6942 = ORIENTED_EDGE('',*,*,#6911,.F.);
#6943 = PLANE('',#6944);
#6944 = AXIS2_PLACEMENT_3D('',#6945,#6946,#6947);
#6945 = CARTESIAN_POINT('',(36.791962860556,-45.29449679587,28.7));
#6946 = DIRECTION('',(0.,0.,1.));
#6947 = DIRECTION('',(0.586977681076,0.809603113827,0.));
#6948 = ADVANCED_FACE('',(#6949),#6960,.F.);
#6949 = FACE_BOUND('',#6950,.F.);
#6950 = EDGE_LOOP('',(#6951,#6952,#6953,#6954));
#6951 = ORIENTED_EDGE('',*,*,#5384,.F.);
#6952 = ORIENTED_EDGE('',*,*,#5360,.F.);
#6953 = ORIENTED_EDGE('',*,*,#5304,.T.);
#6954 = ORIENTED_EDGE('',*,*,#6955,.T.);
#6955 = EDGE_CURVE('',#5305,#5385,#6956,.T.);
#6956 = LINE('',#6957,#6958);
#6957 = CARTESIAN_POINT('',(49.18580120376,-23.5476933041,18.));
#6958 = VECTOR('',#6959,1.);
#6959 = DIRECTION('',(0.,0.,1.));
#6960 = PLANE('',#6961);
#6961 = AXIS2_PLACEMENT_3D('',#6962,#6963,#6964);
#6962 = CARTESIAN_POINT('',(44.98580120376,-30.82230669589,18.));
#6963 = DIRECTION('',(0.866025403784,-0.5,0.));
#6964 = DIRECTION('',(0.,0.,1.));
#6965 = ADVANCED_FACE('',(#6966),#6977,.F.);
#6966 = FACE_BOUND('',#6967,.F.);
#6967 = EDGE_LOOP('',(#6968,#6969,#6975,#6976));
#6968 = ORIENTED_EDGE('',*,*,#5312,.F.);
#6969 = ORIENTED_EDGE('',*,*,#6970,.T.);
#6970 = EDGE_CURVE('',#5313,#5393,#6971,.T.);
#6971 = LINE('',#6972,#6973);
#6972 = CARTESIAN_POINT('',(48.146570719219,-22.9476933041,18.));
#6973 = VECTOR('',#6974,1.);
#6974 = DIRECTION('',(0.,0.,1.));
#6975 = ORIENTED_EDGE('',*,*,#5392,.T.);
#6976 = ORIENTED_EDGE('',*,*,#6955,.F.);
#6977 = PLANE('',#6978);
#6978 = AXIS2_PLACEMENT_3D('',#6979,#6980,#6981);
#6979 = CARTESIAN_POINT('',(48.146570719219,-22.9476933041,18.));
#6980 = DIRECTION('',(0.5,0.866025403784,0.));
#6981 = DIRECTION('',(0.,0.,1.));
#6982 = ADVANCED_FACE('',(#6983),#6994,.T.);
#6983 = FACE_BOUND('',#6984,.T.);
#6984 = EDGE_LOOP('',(#6985,#6991,#6992,#6993));
#6985 = ORIENTED_EDGE('',*,*,#6986,.F.);
#6986 = EDGE_CURVE('',#5321,#5401,#6987,.T.);
#6987 = LINE('',#6988,#6989);
#6988 = CARTESIAN_POINT('',(43.946570719219,-30.22230669589,18.));
#6989 = VECTOR('',#6990,1.);
#6990 = DIRECTION('',(0.,0.,1.));
#6991 = ORIENTED_EDGE('',*,*,#5320,.T.);
#6992 = ORIENTED_EDGE('',*,*,#6970,.T.);
#6993 = ORIENTED_EDGE('',*,*,#5400,.F.);
#6994 = PLANE('',#6995);
#6995 = AXIS2_PLACEMENT_3D('',#6996,#6997,#6998);
#6996 = CARTESIAN_POINT('',(43.946570719219,-30.22230669589,18.));
#6997 = DIRECTION('',(0.866025403784,-0.5,0.));
#6998 = DIRECTION('',(0.,0.,1.));
#6999 = ADVANCED_FACE('',(#7000),#7011,.T.);
#7000 = FACE_BOUND('',#7001,.T.);
#7001 = EDGE_LOOP('',(#7002,#7003,#7004,#7005));
#7002 = ORIENTED_EDGE('',*,*,#5328,.F.);
#7003 = ORIENTED_EDGE('',*,*,#6986,.T.);
#7004 = ORIENTED_EDGE('',*,*,#5408,.T.);
#7005 = ORIENTED_EDGE('',*,*,#7006,.F.);
#7006 = EDGE_CURVE('',#5329,#5409,#7007,.T.);
#7007 = LINE('',#7008,#7009);
#7008 = CARTESIAN_POINT('',(44.98580120376,-30.82230669589,18.));
#7009 = VECTOR('',#7010,1.);
#7010 = DIRECTION('',(0.,0.,1.));
#7011 = PLANE('',#7012);
#7012 = AXIS2_PLACEMENT_3D('',#7013,#7014,#7015);
#7013 = CARTESIAN_POINT('',(43.946570719219,-30.22230669589,18.));
#7014 = DIRECTION('',(0.5,0.866025403784,0.));
#7015 = DIRECTION('',(0.,0.,1.));
#7016 = ADVANCED_FACE('',(#7017),#7023,.F.);
#7017 = FACE_BOUND('',#7018,.F.);
#7018 = EDGE_LOOP('',(#7019,#7020,#7021,#7022));
#7019 = ORIENTED_EDGE('',*,*,#5416,.F.);
#7020 = ORIENTED_EDGE('',*,*,#7006,.F.);
#7021 = ORIENTED_EDGE('',*,*,#5336,.T.);
#7022 = ORIENTED_EDGE('',*,*,#5440,.T.);
#7023 = PLANE('',#7024);
#7024 = AXIS2_PLACEMENT_3D('',#7025,#7026,#7027);
#7025 = CARTESIAN_POINT('',(44.98580120376,-30.82230669589,18.));
#7026 = DIRECTION('',(0.866025403784,-0.5,0.));
#7027 = DIRECTION('',(0.,0.,1.));
#7028 = ADVANCED_FACE('',(#7029),#7055,.T.);
#7029 = FACE_BOUND('',#7030,.T.);
#7030 = EDGE_LOOP('',(#7031,#7032,#7040,#7049));
#7031 = ORIENTED_EDGE('',*,*,#5456,.F.);
#7032 = ORIENTED_EDGE('',*,*,#7033,.T.);
#7033 = EDGE_CURVE('',#5457,#7034,#7036,.T.);
#7034 = VERTEX_POINT('',#7035);
#7035 = CARTESIAN_POINT('',(-39.84931886453,40.739820595536,28.7));
#7036 = LINE('',#7037,#7038);
#7037 = CARTESIAN_POINT('',(-39.84931886453,40.739820595536,27.5));
#7038 = VECTOR('',#7039,1.);
#7039 = DIRECTION('',(0.,0.,1.));
#7040 = ORIENTED_EDGE('',*,*,#7041,.F.);
#7041 = EDGE_CURVE('',#7042,#7034,#7044,.T.);
#7042 = VERTEX_POINT('',#7043);
#7043 = CARTESIAN_POINT('',(-35.15349741592,34.262995684921,28.7));
#7044 = CIRCLE('',#7045,4.);
#7045 = AXIS2_PLACEMENT_3D('',#7046,#7047,#7048);
#7046 = CARTESIAN_POINT('',(-37.50140814022,37.501408140229,28.7));
#7047 = DIRECTION('',(9.860761315263E-32,-1.097054105316E-15,1.));
#7048 = DIRECTION('',(0.586977681076,-0.809603113827,-8.881784197001E-16
    ));
#7049 = ORIENTED_EDGE('',*,*,#7050,.F.);
#7050 = EDGE_CURVE('',#5459,#7042,#7051,.T.);
#7051 = LINE('',#7052,#7053);
#7052 = CARTESIAN_POINT('',(-35.15349741592,34.262995684921,27.5));
#7053 = VECTOR('',#7054,1.);
#7054 = DIRECTION('',(0.,0.,1.));
#7055 = CYLINDRICAL_SURFACE('',#7056,4.);
#7056 = AXIS2_PLACEMENT_3D('',#7057,#7058,#7059);
#7057 = CARTESIAN_POINT('',(-37.50140814022,37.501408140229,27.5));
#7058 = DIRECTION('',(0.,0.,1.));
#7059 = DIRECTION('',(1.,0.,-0.));
#7060 = ADVANCED_FACE('',(#7061),#7079,.F.);
#7061 = FACE_BOUND('',#7062,.F.);
#7062 = EDGE_LOOP('',(#7063,#7064,#7072,#7078));
#7063 = ORIENTED_EDGE('',*,*,#5505,.F.);
#7064 = ORIENTED_EDGE('',*,*,#7065,.T.);
#7065 = EDGE_CURVE('',#5497,#7066,#7068,.T.);
#7066 = VERTEX_POINT('',#7067);
#7067 = CARTESIAN_POINT('',(-40.59867534726,30.315137949941,28.7));
#7068 = LINE('',#7069,#7070);
#7069 = CARTESIAN_POINT('',(-40.59867534726,30.315137949941,27.5));
#7070 = VECTOR('',#7071,1.);
#7071 = DIRECTION('',(0.,0.,1.));
#7072 = ORIENTED_EDGE('',*,*,#7073,.T.);
#7073 = EDGE_CURVE('',#7066,#7042,#7074,.T.);
#7074 = LINE('',#7075,#7076);
#7075 = CARTESIAN_POINT('',(-40.59867534726,30.315137949941,28.7));
#7076 = VECTOR('',#7077,1.);
#7077 = DIRECTION('',(0.809603113827,0.586977681076,0.));
#7078 = ORIENTED_EDGE('',*,*,#7050,.F.);
#7079 = PLANE('',#7080);
#7080 = AXIS2_PLACEMENT_3D('',#7081,#7082,#7083);
#7081 = CARTESIAN_POINT('',(-40.59867534726,30.315137949941,27.5));
#7082 = DIRECTION('',(-0.586977681076,0.809603113827,0.));
#7083 = DIRECTION('',(0.,0.,1.));
#7084 = ADVANCED_FACE('',(#7085),#7097,.T.);
#7085 = FACE_BOUND('',#7086,.T.);
#7086 = EDGE_LOOP('',(#7087,#7094,#7095,#7096));
#7087 = ORIENTED_EDGE('',*,*,#7088,.F.);
#7088 = EDGE_CURVE('',#5533,#7066,#7089,.T.);
#7089 = CIRCLE('',#7090,4.);
#7090 = AXIS2_PLACEMENT_3D('',#7091,#7092,#7093);
#7091 = CARTESIAN_POINT('',(-42.94658607156,33.553550405248,28.7));
#7092 = DIRECTION('',(0.,0.,1.));
#7093 = DIRECTION('',(1.,0.,-0.));
#7094 = ORIENTED_EDGE('',*,*,#5558,.F.);
#7095 = ORIENTED_EDGE('',*,*,#5496,.T.);
#7096 = ORIENTED_EDGE('',*,*,#7065,.T.);
#7097 = CYLINDRICAL_SURFACE('',#7098,4.);
#7098 = AXIS2_PLACEMENT_3D('',#7099,#7100,#7101);
#7099 = CARTESIAN_POINT('',(-42.94658607156,33.553550405248,27.5));
#7100 = DIRECTION('',(0.,0.,1.));
#7101 = DIRECTION('',(1.,0.,-0.));
#7102 = ADVANCED_FACE('',(#7103),#7114,.T.);
#7103 = FACE_BOUND('',#7104,.T.);
#7104 = EDGE_LOOP('',(#7105,#7106,#7107,#7113));
#7105 = ORIENTED_EDGE('',*,*,#5467,.F.);
#7106 = ORIENTED_EDGE('',*,*,#5541,.T.);
#7107 = ORIENTED_EDGE('',*,*,#7108,.T.);
#7108 = EDGE_CURVE('',#5531,#7034,#7109,.T.);
#7109 = LINE('',#7110,#7111);
#7110 = CARTESIAN_POINT('',(-45.29449679587,36.791962860556,28.7));
#7111 = VECTOR('',#7112,1.);
#7112 = DIRECTION('',(0.809603113827,0.586977681076,0.));
#7113 = ORIENTED_EDGE('',*,*,#7033,.F.);
#7114 = PLANE('',#7115);
#7115 = AXIS2_PLACEMENT_3D('',#7116,#7117,#7118);
#7116 = CARTESIAN_POINT('',(-45.29449679587,36.791962860556,27.5));
#7117 = DIRECTION('',(-0.586977681076,0.809603113827,0.));
#7118 = DIRECTION('',(0.,0.,1.));
#7119 = ADVANCED_FACE('',(#7120),#7139,.F.);
#7120 = FACE_BOUND('',#7121,.F.);
#7121 = EDGE_LOOP('',(#7122,#7131,#7137,#7138));
#7122 = ORIENTED_EDGE('',*,*,#7123,.F.);
#7123 = EDGE_CURVE('',#7124,#7124,#7126,.T.);
#7124 = VERTEX_POINT('',#7125);
#7125 = CARTESIAN_POINT('',(-39.02168771978,39.02168771978,28.7));
#7126 = CIRCLE('',#7127,2.15);
#7127 = AXIS2_PLACEMENT_3D('',#7128,#7129,#7130);
#7128 = CARTESIAN_POINT('',(-37.50140814022,37.501408140229,28.7));
#7129 = DIRECTION('',(0.,0.,1.));
#7130 = DIRECTION('',(-0.707106781187,0.707106781187,0.));
#7131 = ORIENTED_EDGE('',*,*,#7132,.F.);
#7132 = EDGE_CURVE('',#5514,#7124,#7133,.T.);
#7133 = LINE('',#7134,#7135);
#7134 = CARTESIAN_POINT('',(-39.02168771978,39.02168771978,26.5));
#7135 = VECTOR('',#7136,1.);
#7136 = DIRECTION('',(0.,0.,1.));
#7137 = ORIENTED_EDGE('',*,*,#5513,.T.);
#7138 = ORIENTED_EDGE('',*,*,#7132,.T.);
#7139 = CYLINDRICAL_SURFACE('',#7140,2.15);
#7140 = AXIS2_PLACEMENT_3D('',#7141,#7142,#7143);
#7141 = CARTESIAN_POINT('',(-37.50140814022,37.501408140229,26.5));
#7142 = DIRECTION('',(0.,0.,1.));
#7143 = DIRECTION('',(-0.707106781187,0.707106781187,0.));
#7144 = ADVANCED_FACE('',(#7145,#7152),#7155,.T.);
#7145 = FACE_BOUND('',#7146,.T.);
#7146 = EDGE_LOOP('',(#7147,#7148,#7149,#7150,#7151));
#7147 = ORIENTED_EDGE('',*,*,#7073,.T.);
#7148 = ORIENTED_EDGE('',*,*,#7041,.T.);
#7149 = ORIENTED_EDGE('',*,*,#7108,.F.);
#7150 = ORIENTED_EDGE('',*,*,#5530,.T.);
#7151 = ORIENTED_EDGE('',*,*,#7088,.T.);
#7152 = FACE_BOUND('',#7153,.T.);
#7153 = EDGE_LOOP('',(#7154));
#7154 = ORIENTED_EDGE('',*,*,#7123,.F.);
#7155 = PLANE('',#7156);
#7156 = AXIS2_PLACEMENT_3D('',#7157,#7158,#7159);
#7157 = CARTESIAN_POINT('',(-40.59867534726,30.315137949941,28.7));
#7158 = DIRECTION('',(0.,0.,1.));
#7159 = DIRECTION('',(0.809603113827,0.586977681076,0.));
#7160 = ADVANCED_FACE('',(#7161),#7187,.T.);
#7161 = FACE_BOUND('',#7162,.T.);
#7162 = EDGE_LOOP('',(#7163,#7164,#7172,#7181));
#7163 = ORIENTED_EDGE('',*,*,#5582,.F.);
#7164 = ORIENTED_EDGE('',*,*,#7165,.T.);
#7165 = EDGE_CURVE('',#5583,#7166,#7168,.T.);
#7166 = VERTEX_POINT('',#7167);
#7167 = CARTESIAN_POINT('',(40.739820595536,39.849318864534,28.7));
#7168 = LINE('',#7169,#7170);
#7169 = CARTESIAN_POINT('',(40.739820595536,39.849318864534,27.5));
#7170 = VECTOR('',#7171,1.);
#7171 = DIRECTION('',(0.,0.,1.));
#7172 = ORIENTED_EDGE('',*,*,#7173,.F.);
#7173 = EDGE_CURVE('',#7174,#7166,#7176,.T.);
#7174 = VERTEX_POINT('',#7175);
#7175 = CARTESIAN_POINT('',(34.262995684921,35.153497415923,28.7));
#7176 = CIRCLE('',#7177,4.);
#7177 = AXIS2_PLACEMENT_3D('',#7178,#7179,#7180);
#7178 = CARTESIAN_POINT('',(37.501408140229,37.501408140229,28.7));
#7179 = DIRECTION('',(0.,-1.513138315704E-15,1.));
#7180 = DIRECTION('',(-0.809603113827,-0.586977681076,
    -8.881784197001E-16));
#7181 = ORIENTED_EDGE('',*,*,#7182,.F.);
#7182 = EDGE_CURVE('',#5585,#7174,#7183,.T.);
#7183 = LINE('',#7184,#7185);
#7184 = CARTESIAN_POINT('',(34.262995684921,35.153497415923,27.5));
#7185 = VECTOR('',#7186,1.);
#7186 = DIRECTION('',(0.,0.,1.));
#7187 = CYLINDRICAL_SURFACE('',#7188,4.);
#7188 = AXIS2_PLACEMENT_3D('',#7189,#7190,#7191);
#7189 = CARTESIAN_POINT('',(37.501408140229,37.501408140229,27.5));
#7190 = DIRECTION('',(0.,0.,1.));
#7191 = DIRECTION('',(1.,0.,-0.));
#7192 = ADVANCED_FACE('',(#7193),#7211,.F.);
#7193 = FACE_BOUND('',#7194,.F.);
#7194 = EDGE_LOOP('',(#7195,#7196,#7204,#7210));
#7195 = ORIENTED_EDGE('',*,*,#5631,.F.);
#7196 = ORIENTED_EDGE('',*,*,#7197,.T.);
#7197 = EDGE_CURVE('',#5623,#7198,#7200,.T.);
#7198 = VERTEX_POINT('',#7199);
#7199 = CARTESIAN_POINT('',(30.315137949941,40.598675347261,28.7));
#7200 = LINE('',#7201,#7202);
#7201 = CARTESIAN_POINT('',(30.315137949941,40.598675347261,27.5));
#7202 = VECTOR('',#7203,1.);
#7203 = DIRECTION('',(0.,0.,1.));
#7204 = ORIENTED_EDGE('',*,*,#7205,.T.);
#7205 = EDGE_CURVE('',#7198,#7174,#7206,.T.);
#7206 = LINE('',#7207,#7208);
#7207 = CARTESIAN_POINT('',(30.315137949941,40.598675347261,28.7));
#7208 = VECTOR('',#7209,1.);
#7209 = DIRECTION('',(0.586977681076,-0.809603113827,0.));
#7210 = ORIENTED_EDGE('',*,*,#7182,.F.);
#7211 = PLANE('',#7212);
#7212 = AXIS2_PLACEMENT_3D('',#7213,#7214,#7215);
#7213 = CARTESIAN_POINT('',(30.315137949941,40.598675347261,27.5));
#7214 = DIRECTION('',(0.809603113827,0.586977681076,0.));
#7215 = DIRECTION('',(0.,0.,1.));
#7216 = ADVANCED_FACE('',(#7217),#7229,.T.);
#7217 = FACE_BOUND('',#7218,.T.);
#7218 = EDGE_LOOP('',(#7219,#7226,#7227,#7228));
#7219 = ORIENTED_EDGE('',*,*,#7220,.F.);
#7220 = EDGE_CURVE('',#5659,#7198,#7221,.T.);
#7221 = CIRCLE('',#7222,4.);
#7222 = AXIS2_PLACEMENT_3D('',#7223,#7224,#7225);
#7223 = CARTESIAN_POINT('',(33.553550405248,42.946586071566,28.7));
#7224 = DIRECTION('',(0.,0.,1.));
#7225 = DIRECTION('',(1.,0.,-0.));
#7226 = ORIENTED_EDGE('',*,*,#5684,.F.);
#7227 = ORIENTED_EDGE('',*,*,#5622,.T.);
#7228 = ORIENTED_EDGE('',*,*,#7197,.T.);
#7229 = CYLINDRICAL_SURFACE('',#7230,4.);
#7230 = AXIS2_PLACEMENT_3D('',#7231,#7232,#7233);
#7231 = CARTESIAN_POINT('',(33.553550405248,42.946586071566,27.5));
#7232 = DIRECTION('',(0.,0.,1.));
#7233 = DIRECTION('',(1.,0.,-0.));
#7234 = ADVANCED_FACE('',(#7235),#7246,.T.);
#7235 = FACE_BOUND('',#7236,.T.);
#7236 = EDGE_LOOP('',(#7237,#7238,#7239,#7245));
#7237 = ORIENTED_EDGE('',*,*,#5593,.F.);
#7238 = ORIENTED_EDGE('',*,*,#5667,.T.);
#7239 = ORIENTED_EDGE('',*,*,#7240,.T.);
#7240 = EDGE_CURVE('',#5657,#7166,#7241,.T.);
#7241 = LINE('',#7242,#7243);
#7242 = CARTESIAN_POINT('',(36.791962860556,45.294496795872,28.7));
#7243 = VECTOR('',#7244,1.);
#7244 = DIRECTION('',(0.586977681076,-0.809603113827,0.));
#7245 = ORIENTED_EDGE('',*,*,#7165,.F.);
#7246 = PLANE('',#7247);
#7247 = AXIS2_PLACEMENT_3D('',#7248,#7249,#7250);
#7248 = CARTESIAN_POINT('',(36.791962860556,45.294496795872,27.5));
#7249 = DIRECTION('',(0.809603113827,0.586977681076,0.));
#7250 = DIRECTION('',(0.,0.,1.));
#7251 = ADVANCED_FACE('',(#7252),#7271,.F.);
#7252 = FACE_BOUND('',#7253,.F.);
#7253 = EDGE_LOOP('',(#7254,#7263,#7269,#7270));
#7254 = ORIENTED_EDGE('',*,*,#7255,.F.);
#7255 = EDGE_CURVE('',#7256,#7256,#7258,.T.);
#7256 = VERTEX_POINT('',#7257);
#7257 = CARTESIAN_POINT('',(39.02168771978,39.02168771978,28.7));
#7258 = CIRCLE('',#7259,2.15);
#7259 = AXIS2_PLACEMENT_3D('',#7260,#7261,#7262);
#7260 = CARTESIAN_POINT('',(37.501408140229,37.501408140229,28.7));
#7261 = DIRECTION('',(0.,0.,1.));
#7262 = DIRECTION('',(0.707106781187,0.707106781187,-0.));
#7263 = ORIENTED_EDGE('',*,*,#7264,.F.);
#7264 = EDGE_CURVE('',#5640,#7256,#7265,.T.);
#7265 = LINE('',#7266,#7267);
#7266 = CARTESIAN_POINT('',(39.02168771978,39.02168771978,26.5));
#7267 = VECTOR('',#7268,1.);
#7268 = DIRECTION('',(0.,0.,1.));
#7269 = ORIENTED_EDGE('',*,*,#5639,.T.);
#7270 = ORIENTED_EDGE('',*,*,#7264,.T.);
#7271 = CYLINDRICAL_SURFACE('',#7272,2.15);
#7272 = AXIS2_PLACEMENT_3D('',#7273,#7274,#7275);
#7273 = CARTESIAN_POINT('',(37.501408140229,37.501408140229,26.5));
#7274 = DIRECTION('',(0.,0.,1.));
#7275 = DIRECTION('',(0.707106781187,0.707106781187,0.));
#7276 = ADVANCED_FACE('',(#7277,#7284),#7287,.T.);
#7277 = FACE_BOUND('',#7278,.T.);
#7278 = EDGE_LOOP('',(#7279,#7280,#7281,#7282,#7283));
#7279 = ORIENTED_EDGE('',*,*,#7205,.T.);
#7280 = ORIENTED_EDGE('',*,*,#7173,.T.);
#7281 = ORIENTED_EDGE('',*,*,#7240,.F.);
#7282 = ORIENTED_EDGE('',*,*,#5656,.T.);
#7283 = ORIENTED_EDGE('',*,*,#7220,.T.);
#7284 = FACE_BOUND('',#7285,.T.);
#7285 = EDGE_LOOP('',(#7286));
#7286 = ORIENTED_EDGE('',*,*,#7255,.F.);
#7287 = PLANE('',#7288);
#7288 = AXIS2_PLACEMENT_3D('',#7289,#7290,#7291);
#7289 = CARTESIAN_POINT('',(30.315137949941,40.598675347261,28.7));
#7290 = DIRECTION('',(0.,0.,1.));
#7291 = DIRECTION('',(0.586977681076,-0.809603113827,0.));
#7292 = ADVANCED_FACE('',(#7293),#7304,.T.);
#7293 = FACE_BOUND('',#7294,.T.);
#7294 = EDGE_LOOP('',(#7295,#7296,#7302,#7303));
#7295 = ORIENTED_EDGE('',*,*,#6445,.F.);
#7296 = ORIENTED_EDGE('',*,*,#7297,.T.);
#7297 = EDGE_CURVE('',#6446,#5727,#7298,.T.);
#7298 = LINE('',#7299,#7300);
#7299 = CARTESIAN_POINT('',(57.6,-1.410793112618E-14,17.4));
#7300 = VECTOR('',#7301,1.);
#7301 = DIRECTION('',(0.,0.,-1.));
#7302 = ORIENTED_EDGE('',*,*,#5726,.T.);
#7303 = ORIENTED_EDGE('',*,*,#7297,.F.);
#7304 = CYLINDRICAL_SURFACE('',#7305,57.6);
#7305 = AXIS2_PLACEMENT_3D('',#7306,#7307,#7308);
#7306 = CARTESIAN_POINT('',(0.,0.,5.));
#7307 = DIRECTION('',(0.,0.,1.));
#7308 = DIRECTION('',(1.,0.,-0.));
#7309 = ADVANCED_FACE('',(#7310),#7328,.T.);
#7310 = FACE_BOUND('',#7311,.T.);
#7311 = EDGE_LOOP('',(#7312,#7320,#7326,#7327));
#7312 = ORIENTED_EDGE('',*,*,#7313,.F.);
#7313 = EDGE_CURVE('',#7314,#5747,#7316,.T.);
#7314 = VERTEX_POINT('',#7315);
#7315 = CARTESIAN_POINT('',(50.275663547905,-25.26079283826,4.99));
#7316 = LINE('',#7317,#7318);
#7317 = CARTESIAN_POINT('',(50.275663547905,-25.26079283826,4.99));
#7318 = VECTOR('',#7319,1.);
#7319 = DIRECTION('',(0.,0.,1.));
#7320 = ORIENTED_EDGE('',*,*,#7321,.T.);
#7321 = EDGE_CURVE('',#7314,#5868,#7322,.T.);
#7322 = LINE('',#7323,#7324);
#7323 = CARTESIAN_POINT('',(48.022651628564,-29.49809198171,4.99));
#7324 = VECTOR('',#7325,1.);
#7325 = DIRECTION('',(0.469471562786,0.882947592859,0.));
#7326 = ORIENTED_EDGE('',*,*,#5901,.T.);
#7327 = ORIENTED_EDGE('',*,*,#5746,.F.);
#7328 = PLANE('',#7329);
#7329 = AXIS2_PLACEMENT_3D('',#7330,#7331,#7332);
#7330 = CARTESIAN_POINT('',(48.022651628564,-29.49809198171,4.99));
#7331 = DIRECTION('',(0.882947592859,-0.469471562786,0.));
#7332 = DIRECTION('',(0.,0.,1.));
#7333 = ADVANCED_FACE('',(#7334),#7353,.T.);
#7334 = FACE_BOUND('',#7335,.T.);
#7335 = EDGE_LOOP('',(#7336,#7337,#7345,#7352));
#7336 = ORIENTED_EDGE('',*,*,#5754,.F.);
#7337 = ORIENTED_EDGE('',*,*,#7338,.F.);
#7338 = EDGE_CURVE('',#7339,#5755,#7341,.T.);
#7339 = VERTEX_POINT('',#7340);
#7340 = CARTESIAN_POINT('',(49.055940648724,-27.55475797514,4.99));
#7341 = LINE('',#7342,#7343);
#7342 = CARTESIAN_POINT('',(49.055940648724,-27.55475797514,4.99));
#7343 = VECTOR('',#7344,1.);
#7344 = DIRECTION('',(0.,0.,1.));
#7345 = ORIENTED_EDGE('',*,*,#7346,.T.);
#7346 = EDGE_CURVE('',#7339,#7314,#7347,.T.);
#7347 = CIRCLE('',#7348,3.5);
#7348 = AXIS2_PLACEMENT_3D('',#7349,#7350,#7351);
#7349 = CARTESIAN_POINT('',(46.796222421523,-24.88199282765,4.99));
#7350 = DIRECTION('',(0.,0.,1.));
#7351 = DIRECTION('',(0.6456337792,-0.763647184998,0.));
#7352 = ORIENTED_EDGE('',*,*,#7313,.T.);
#7353 = CYLINDRICAL_SURFACE('',#7354,3.5);
#7354 = AXIS2_PLACEMENT_3D('',#7355,#7356,#7357);
#7355 = CARTESIAN_POINT('',(46.796222421523,-24.88199282765,4.99));
#7356 = DIRECTION('',(0.,0.,1.));
#7357 = DIRECTION('',(0.882947592859,-0.469471562786,0.));
#7358 = ADVANCED_FACE('',(#7359),#7370,.T.);
#7359 = FACE_BOUND('',#7360,.T.);
#7360 = EDGE_LOOP('',(#7361,#7362,#7368,#7369));
#7361 = ORIENTED_EDGE('',*,*,#6053,.F.);
#7362 = ORIENTED_EDGE('',*,*,#7363,.T.);
#7363 = EDGE_CURVE('',#6029,#7339,#7364,.T.);
#7364 = LINE('',#7365,#7366);
#7365 = CARTESIAN_POINT('',(48.022651628564,-29.49809198171,4.99));
#7366 = VECTOR('',#7367,1.);
#7367 = DIRECTION('',(0.469471562786,0.882947592859,0.));
#7368 = ORIENTED_EDGE('',*,*,#7338,.T.);
#7369 = ORIENTED_EDGE('',*,*,#5763,.F.);
#7370 = PLANE('',#7371);
#7371 = AXIS2_PLACEMENT_3D('',#7372,#7373,#7374);
#7372 = CARTESIAN_POINT('',(48.022651628564,-29.49809198171,4.99));
#7373 = DIRECTION('',(0.882947592859,-0.469471562786,0.));
#7374 = DIRECTION('',(0.,0.,1.));
#7375 = ADVANCED_FACE('',(#7376),#7387,.T.);
#7376 = FACE_BOUND('',#7377,.T.);
#7377 = EDGE_LOOP('',(#7378,#7384,#7385,#7386));
#7378 = ORIENTED_EDGE('',*,*,#7379,.F.);
#7379 = EDGE_CURVE('',#6627,#5787,#7380,.T.);
#7380 = LINE('',#7381,#7382);
#7381 = CARTESIAN_POINT('',(-22.59494887208,-51.52881024696,4.99));
#7382 = VECTOR('',#7383,1.);
#7383 = DIRECTION('',(0.,0.,1.));
#7384 = ORIENTED_EDGE('',*,*,#6635,.T.);
#7385 = ORIENTED_EDGE('',*,*,#6145,.T.);
#7386 = ORIENTED_EDGE('',*,*,#5786,.F.);
#7387 = PLANE('',#7388);
#7388 = AXIS2_PLACEMENT_3D('',#7389,#7390,#7391);
#7389 = CARTESIAN_POINT('',(-26.94435447754,-49.50064910471,4.99));
#7390 = DIRECTION('',(-0.422618261741,-0.906307787037,0.));
#7391 = DIRECTION('',(0.,0.,1.));
#7392 = ADVANCED_FACE('',(#7393),#7404,.T.);
#7393 = FACE_BOUND('',#7394,.T.);
#7394 = EDGE_LOOP('',(#7395,#7396,#7402,#7403));
#7395 = ORIENTED_EDGE('',*,*,#5794,.F.);
#7396 = ORIENTED_EDGE('',*,*,#7397,.F.);
#7397 = EDGE_CURVE('',#6619,#5795,#7398,.T.);
#7398 = LINE('',#7399,#7400);
#7399 = CARTESIAN_POINT('',(-24.94960557374,-50.43081579465,4.99));
#7400 = VECTOR('',#7401,1.);
#7401 = DIRECTION('',(0.,0.,1.));
#7402 = ORIENTED_EDGE('',*,*,#6626,.T.);
#7403 = ORIENTED_EDGE('',*,*,#7379,.T.);
#7404 = CYLINDRICAL_SURFACE('',#7405,3.5);
#7405 = AXIS2_PLACEMENT_3D('',#7406,#7407,#7408);
#7406 = CARTESIAN_POINT('',(-22.39876787225,-48.03431271294,4.99));
#7407 = DIRECTION('',(0.,0.,1.));
#7408 = DIRECTION('',(-0.422618261741,-0.906307787037,0.));
#7409 = ADVANCED_FACE('',(#7410),#7416,.T.);
#7410 = FACE_BOUND('',#7411,.T.);
#7411 = EDGE_LOOP('',(#7412,#7413,#7414,#7415));
#7412 = ORIENTED_EDGE('',*,*,#6281,.F.);
#7413 = ORIENTED_EDGE('',*,*,#6618,.T.);
#7414 = ORIENTED_EDGE('',*,*,#7397,.T.);
#7415 = ORIENTED_EDGE('',*,*,#5803,.F.);
#7416 = PLANE('',#7417);
#7417 = AXIS2_PLACEMENT_3D('',#7418,#7419,#7420);
#7418 = CARTESIAN_POINT('',(-26.94435447754,-49.50064910471,4.99));
#7419 = DIRECTION('',(-0.422618261741,-0.906307787037,0.));
#7420 = DIRECTION('',(0.,0.,1.));
#7421 = ADVANCED_FACE('',(#7422),#7433,.T.);
#7422 = FACE_BOUND('',#7423,.T.);
#7423 = EDGE_LOOP('',(#7424,#7430,#7431,#7432));
#7424 = ORIENTED_EDGE('',*,*,#7425,.F.);
#7425 = EDGE_CURVE('',#6514,#5827,#7426,.T.);
#7426 = LINE('',#7427,#7428);
#7427 = CARTESIAN_POINT('',(-33.32778426462,45.332204843918,4.99));
#7428 = VECTOR('',#7429,1.);
#7429 = DIRECTION('',(0.,0.,1.));
#7430 = ORIENTED_EDGE('',*,*,#6522,.T.);
#7431 = ORIENTED_EDGE('',*,*,#6240,.T.);
#7432 = ORIENTED_EDGE('',*,*,#5826,.F.);
#7433 = PLANE('',#7434);
#7434 = AXIS2_PLACEMENT_3D('',#7435,#7436,#7437);
#7435 = CARTESIAN_POINT('',(-29.39664238973,48.084820018484,4.99));
#7436 = DIRECTION('',(-0.573576436351,0.819152044289,0.));
#7437 = DIRECTION('',(0.,0.,1.));
#7438 = ADVANCED_FACE('',(#7439),#7450,.T.);
#7439 = FACE_BOUND('',#7440,.T.);
#7440 = EDGE_LOOP('',(#7441,#7442,#7448,#7449));
#7441 = ORIENTED_EDGE('',*,*,#5834,.F.);
#7442 = ORIENTED_EDGE('',*,*,#7443,.F.);
#7443 = EDGE_CURVE('',#6506,#5835,#7444,.T.);
#7444 = LINE('',#7445,#7446);
#7445 = CARTESIAN_POINT('',(-31.19956482487,46.822400138594,4.99));
#7446 = VECTOR('',#7447,1.);
#7447 = DIRECTION('',(0.,0.,1.));
#7448 = ORIENTED_EDGE('',*,*,#6513,.T.);
#7449 = ORIENTED_EDGE('',*,*,#7425,.T.);
#7450 = CYLINDRICAL_SURFACE('',#7451,3.5);
#7451 = AXIS2_PLACEMENT_3D('',#7452,#7453,#7454);
#7452 = CARTESIAN_POINT('',(-30.3995511266,43.415058347317,4.99));
#7453 = DIRECTION('',(0.,0.,1.));
#7454 = DIRECTION('',(-0.573576436351,0.819152044289,0.));
#7455 = ADVANCED_FACE('',(#7456),#7462,.T.);
#7456 = FACE_BOUND('',#7457,.T.);
#7457 = EDGE_LOOP('',(#7458,#7459,#7460,#7461));
#7458 = ORIENTED_EDGE('',*,*,#6099,.F.);
#7459 = ORIENTED_EDGE('',*,*,#6505,.T.);
#7460 = ORIENTED_EDGE('',*,*,#7443,.T.);
#7461 = ORIENTED_EDGE('',*,*,#5843,.F.);
#7462 = PLANE('',#7463);
#7463 = AXIS2_PLACEMENT_3D('',#7464,#7465,#7466);
#7464 = CARTESIAN_POINT('',(-29.39664238973,48.084820018484,4.99));
#7465 = DIRECTION('',(-0.573576436351,0.819152044289,0.));
#7466 = DIRECTION('',(0.,0.,1.));
#7467 = ADVANCED_FACE('',(#7468,#7488),#7499,.F.);
#7468 = FACE_BOUND('',#7469,.F.);
#7469 = EDGE_LOOP('',(#7470,#7471,#7477,#7478,#7484,#7485,#7486,#7487));
#7470 = ORIENTED_EDGE('',*,*,#5867,.T.);
#7471 = ORIENTED_EDGE('',*,*,#7472,.F.);
#7472 = EDGE_CURVE('',#5951,#5870,#7473,.T.);
#7473 = LINE('',#7474,#7475);
#7474 = CARTESIAN_POINT('',(44.490861257128,-27.62020573056,4.99));
#7475 = VECTOR('',#7476,1.);
#7476 = DIRECTION('',(0.469471562786,0.882947592859,0.));
#7477 = ORIENTED_EDGE('',*,*,#5958,.T.);
#7478 = ORIENTED_EDGE('',*,*,#7479,.F.);
#7479 = EDGE_CURVE('',#6027,#5959,#7480,.T.);
#7480 = LINE('',#7481,#7482);
#7481 = CARTESIAN_POINT('',(44.490861257128,-27.62020573056,4.99));
#7482 = VECTOR('',#7483,1.);
#7483 = DIRECTION('',(0.469471562786,0.882947592859,0.));
#7484 = ORIENTED_EDGE('',*,*,#6026,.T.);
#7485 = ORIENTED_EDGE('',*,*,#7363,.T.);
#7486 = ORIENTED_EDGE('',*,*,#7346,.T.);
#7487 = ORIENTED_EDGE('',*,*,#7321,.T.);
#7488 = FACE_BOUND('',#7489,.F.);
#7489 = EDGE_LOOP('',(#7490));
#7490 = ORIENTED_EDGE('',*,*,#7491,.F.);
#7491 = EDGE_CURVE('',#7492,#7492,#7494,.T.);
#7492 = VERTEX_POINT('',#7493);
#7493 = CARTESIAN_POINT('',(48.562117607241,-25.82093595322,4.99));
#7494 = CIRCLE('',#7495,2.);
#7495 = AXIS2_PLACEMENT_3D('',#7496,#7497,#7498);
#7496 = CARTESIAN_POINT('',(46.796222421523,-24.88199282765,4.99));
#7497 = DIRECTION('',(0.,0.,1.));
#7498 = DIRECTION('',(0.882947592859,-0.469471562786,0.));
#7499 = PLANE('',#7500);
#7500 = AXIS2_PLACEMENT_3D('',#7501,#7502,#7503);
#7501 = CARTESIAN_POINT('',(44.490861257128,-27.62020573056,4.99));
#7502 = DIRECTION('',(0.,0.,1.));
#7503 = DIRECTION('',(0.882947592859,-0.469471562786,0.));
#7504 = ADVANCED_FACE('',(#7505),#7516,.F.);
#7505 = FACE_BOUND('',#7506,.F.);
#7506 = EDGE_LOOP('',(#7507,#7513,#7514,#7515));
#7507 = ORIENTED_EDGE('',*,*,#7508,.F.);
#7508 = EDGE_CURVE('',#5942,#5878,#7509,.T.);
#7509 = LINE('',#7510,#7511);
#7510 = CARTESIAN_POINT('',(44.490861257128,-27.62020573056,8.));
#7511 = VECTOR('',#7512,1.);
#7512 = DIRECTION('',(0.469471562786,0.882947592859,0.));
#7513 = ORIENTED_EDGE('',*,*,#5950,.F.);
#7514 = ORIENTED_EDGE('',*,*,#7472,.T.);
#7515 = ORIENTED_EDGE('',*,*,#5877,.T.);
#7516 = PLANE('',#7517);
#7517 = AXIS2_PLACEMENT_3D('',#7518,#7519,#7520);
#7518 = CARTESIAN_POINT('',(44.490861257128,-27.62020573056,4.99));
#7519 = DIRECTION('',(0.882947592859,-0.469471562786,0.));
#7520 = DIRECTION('',(0.,0.,1.));
#7521 = ADVANCED_FACE('',(#7522),#7527,.T.);
#7522 = FACE_BOUND('',#7523,.T.);
#7523 = EDGE_LOOP('',(#7524,#7525,#7526));
#7524 = ORIENTED_EDGE('',*,*,#7508,.F.);
#7525 = ORIENTED_EDGE('',*,*,#5941,.F.);
#7526 = ORIENTED_EDGE('',*,*,#5885,.F.);
#7527 = PLANE('',#7528);
#7528 = AXIS2_PLACEMENT_3D('',#7529,#7530,#7531);
#7529 = CARTESIAN_POINT('',(44.490861257128,-27.62020573056,8.));
#7530 = DIRECTION('',(0.,0.,1.));
#7531 = DIRECTION('',(0.882947592859,-0.469471562786,0.));
#7532 = ADVANCED_FACE('',(#7533),#7543,.T.);
#7533 = FACE_BOUND('',#7534,.T.);
#7534 = EDGE_LOOP('',(#7535,#7541,#7542));
#7535 = ORIENTED_EDGE('',*,*,#7536,.F.);
#7536 = EDGE_CURVE('',#6037,#5968,#7537,.T.);
#7537 = LINE('',#7538,#7539);
#7538 = CARTESIAN_POINT('',(44.490861257128,-27.62020573056,8.));
#7539 = VECTOR('',#7540,1.);
#7540 = DIRECTION('',(0.469471562786,0.882947592859,0.));
#7541 = ORIENTED_EDGE('',*,*,#6044,.T.);
#7542 = ORIENTED_EDGE('',*,*,#5975,.F.);
#7543 = PLANE('',#7544);
#7544 = AXIS2_PLACEMENT_3D('',#7545,#7546,#7547);
#7545 = CARTESIAN_POINT('',(44.490861257128,-27.62020573056,8.));
#7546 = DIRECTION('',(0.,0.,1.));
#7547 = DIRECTION('',(0.882947592859,-0.469471562786,0.));
#7548 = ADVANCED_FACE('',(#7549),#7555,.F.);
#7549 = FACE_BOUND('',#7550,.F.);
#7550 = EDGE_LOOP('',(#7551,#7552,#7553,#7554));
#7551 = ORIENTED_EDGE('',*,*,#7536,.F.);
#7552 = ORIENTED_EDGE('',*,*,#6036,.F.);
#7553 = ORIENTED_EDGE('',*,*,#7479,.T.);
#7554 = ORIENTED_EDGE('',*,*,#5967,.T.);
#7555 = PLANE('',#7556);
#7556 = AXIS2_PLACEMENT_3D('',#7557,#7558,#7559);
#7557 = CARTESIAN_POINT('',(44.490861257128,-27.62020573056,4.99));
#7558 = DIRECTION('',(0.882947592859,-0.469471562786,0.));
#7559 = DIRECTION('',(0.,0.,1.));
#7560 = ADVANCED_FACE('',(#7561),#7567,.F.);
#7561 = FACE_BOUND('',#7562,.F.);
#7562 = EDGE_LOOP('',(#7563,#7564,#7565,#7566));
#7563 = ORIENTED_EDGE('',*,*,#6334,.F.);
#7564 = ORIENTED_EDGE('',*,*,#6375,.T.);
#7565 = ORIENTED_EDGE('',*,*,#6358,.T.);
#7566 = ORIENTED_EDGE('',*,*,#6303,.F.);
#7567 = PLANE('',#7568);
#7568 = AXIS2_PLACEMENT_3D('',#7569,#7570,#7571);
#7569 = CARTESIAN_POINT('',(-16.90355793108,-51.8690151176,8.5));
#7570 = DIRECTION('',(-0.207911690818,-0.978147600734,0.));
#7571 = DIRECTION('',(0.,0.,1.));
#7572 = ADVANCED_FACE('',(#7573),#7592,.F.);
#7573 = FACE_BOUND('',#7574,.F.);
#7574 = EDGE_LOOP('',(#7575,#7583,#7590,#7591));
#7575 = ORIENTED_EDGE('',*,*,#7576,.T.);
#7576 = EDGE_CURVE('',#6531,#7577,#7579,.T.);
#7577 = VERTEX_POINT('',#7578);
#7578 = CARTESIAN_POINT('',(-31.5467039993,45.053362435895,11.));
#7579 = LINE('',#7580,#7581);
#7580 = CARTESIAN_POINT('',(-31.5467039993,45.053362435895,4.));
#7581 = VECTOR('',#7582,1.);
#7582 = DIRECTION('',(0.,0.,1.));
#7583 = ORIENTED_EDGE('',*,*,#7584,.F.);
#7584 = EDGE_CURVE('',#7577,#7577,#7585,.T.);
#7585 = CIRCLE('',#7586,2.);
#7586 = AXIS2_PLACEMENT_3D('',#7587,#7588,#7589);
#7587 = CARTESIAN_POINT('',(-30.3995511266,43.415058347317,11.));
#7588 = DIRECTION('',(0.,0.,1.));
#7589 = DIRECTION('',(-0.573576436351,0.819152044289,0.));
#7590 = ORIENTED_EDGE('',*,*,#7576,.F.);
#7591 = ORIENTED_EDGE('',*,*,#6530,.T.);
#7592 = CYLINDRICAL_SURFACE('',#7593,2.);
#7593 = AXIS2_PLACEMENT_3D('',#7594,#7595,#7596);
#7594 = CARTESIAN_POINT('',(-30.3995511266,43.415058347317,4.));
#7595 = DIRECTION('',(0.,0.,1.));
#7596 = DIRECTION('',(-0.573576436351,0.819152044289,0.));
#7597 = ADVANCED_FACE('',(#7598),#7617,.F.);
#7598 = FACE_BOUND('',#7599,.F.);
#7599 = EDGE_LOOP('',(#7600,#7608,#7615,#7616));
#7600 = ORIENTED_EDGE('',*,*,#7601,.T.);
#7601 = EDGE_CURVE('',#6644,#7602,#7604,.T.);
#7602 = VERTEX_POINT('',#7603);
#7603 = CARTESIAN_POINT('',(-23.24400439573,-49.84692828701,11.));
#7604 = LINE('',#7605,#7606);
#7605 = CARTESIAN_POINT('',(-23.24400439573,-49.84692828701,4.));
#7606 = VECTOR('',#7607,1.);
#7607 = DIRECTION('',(0.,0.,1.));
#7608 = ORIENTED_EDGE('',*,*,#7609,.F.);
#7609 = EDGE_CURVE('',#7602,#7602,#7610,.T.);
#7610 = CIRCLE('',#7611,2.);
#7611 = AXIS2_PLACEMENT_3D('',#7612,#7613,#7614);
#7612 = CARTESIAN_POINT('',(-22.39876787225,-48.03431271294,11.));
#7613 = DIRECTION('',(0.,0.,1.));
#7614 = DIRECTION('',(-0.422618261741,-0.906307787037,0.));
#7615 = ORIENTED_EDGE('',*,*,#7601,.F.);
#7616 = ORIENTED_EDGE('',*,*,#6643,.T.);
#7617 = CYLINDRICAL_SURFACE('',#7618,2.);
#7618 = AXIS2_PLACEMENT_3D('',#7619,#7620,#7621);
#7619 = CARTESIAN_POINT('',(-22.39876787225,-48.03431271294,4.));
#7620 = DIRECTION('',(0.,0.,1.));
#7621 = DIRECTION('',(-0.422618261741,-0.906307787037,0.));
#7622 = ADVANCED_FACE('',(#7623),#7642,.F.);
#7623 = FACE_BOUND('',#7624,.F.);
#7624 = EDGE_LOOP('',(#7625,#7633,#7640,#7641));
#7625 = ORIENTED_EDGE('',*,*,#7626,.T.);
#7626 = EDGE_CURVE('',#7492,#7627,#7629,.T.);
#7627 = VERTEX_POINT('',#7628);
#7628 = CARTESIAN_POINT('',(48.562117607241,-25.82093595322,11.));
#7629 = LINE('',#7630,#7631);
#7630 = CARTESIAN_POINT('',(48.562117607241,-25.82093595322,4.));
#7631 = VECTOR('',#7632,1.);
#7632 = DIRECTION('',(0.,0.,1.));
#7633 = ORIENTED_EDGE('',*,*,#7634,.F.);
#7634 = EDGE_CURVE('',#7627,#7627,#7635,.T.);
#7635 = CIRCLE('',#7636,2.);
#7636 = AXIS2_PLACEMENT_3D('',#7637,#7638,#7639);
#7637 = CARTESIAN_POINT('',(46.796222421523,-24.88199282765,11.));
#7638 = DIRECTION('',(-0.,0.,1.));
#7639 = DIRECTION('',(0.882947592859,-0.469471562786,0.));
#7640 = ORIENTED_EDGE('',*,*,#7626,.F.);
#7641 = ORIENTED_EDGE('',*,*,#7491,.T.);
#7642 = CYLINDRICAL_SURFACE('',#7643,2.);
#7643 = AXIS2_PLACEMENT_3D('',#7644,#7645,#7646);
#7644 = CARTESIAN_POINT('',(46.796222421523,-24.88199282765,4.));
#7645 = DIRECTION('',(0.,0.,1.));
#7646 = DIRECTION('',(0.882947592859,-0.469471562786,0.));
#7647 = ADVANCED_FACE('',(#7648),#7651,.F.);
#7648 = FACE_BOUND('',#7649,.F.);
#7649 = EDGE_LOOP('',(#7650));
#7650 = ORIENTED_EDGE('',*,*,#7584,.T.);
#7651 = PLANE('',#7652);
#7652 = AXIS2_PLACEMENT_3D('',#7653,#7654,#7655);
#7653 = CARTESIAN_POINT('',(-30.3995511266,43.415058347317,11.));
#7654 = DIRECTION('',(0.,0.,1.));
#7655 = DIRECTION('',(-0.573576436351,0.819152044289,0.));
#7656 = ADVANCED_FACE('',(#7657),#7660,.F.);
#7657 = FACE_BOUND('',#7658,.F.);
#7658 = EDGE_LOOP('',(#7659));
#7659 = ORIENTED_EDGE('',*,*,#7609,.T.);
#7660 = PLANE('',#7661);
#7661 = AXIS2_PLACEMENT_3D('',#7662,#7663,#7664);
#7662 = CARTESIAN_POINT('',(-22.39876787225,-48.03431271294,11.));
#7663 = DIRECTION('',(0.,0.,1.));
#7664 = DIRECTION('',(-0.422618261741,-0.906307787037,0.));
#7665 = ADVANCED_FACE('',(#7666),#7669,.F.);
#7666 = FACE_BOUND('',#7667,.F.);
#7667 = EDGE_LOOP('',(#7668));
#7668 = ORIENTED_EDGE('',*,*,#7634,.T.);
#7669 = PLANE('',#7670);
#7670 = AXIS2_PLACEMENT_3D('',#7671,#7672,#7673);
#7671 = CARTESIAN_POINT('',(46.796222421523,-24.88199282765,11.));
#7672 = DIRECTION('',(0.,0.,1.));
#7673 = DIRECTION('',(0.882947592859,-0.469471562786,0.));
#7674 = ( GEOMETRIC_REPRESENTATION_CONTEXT(3) 
GLOBAL_UNCERTAINTY_ASSIGNED_CONTEXT((#7678)) 
GLOBAL_UNIT_ASSIGNED_CONTEXT((#7675,#7676,#7677)) REPRESENTATION_CONTEXT
('Context #1','3D Context with UNIT and UNCERTAINTY') );
#7675 = ( LENGTH_UNIT() NAMED_UNIT(*) SI_UNIT(.MILLI.,.METRE.) );
#7676 = ( NAMED_UNIT(*) PLANE_ANGLE_UNIT() SI_UNIT($,.RADIAN.) );
#7677 = ( NAMED_UNIT(*) SI_UNIT($,.STERADIAN.) SOLID_ANGLE_UNIT() );
#7678 = UNCERTAINTY_MEASURE_WITH_UNIT(LENGTH_MEASURE(2.E-07),#7675,
  'distance_accuracy_value','confusion accuracy');
#7679 = CONTEXT_DEPENDENT_SHAPE_REPRESENTATION(#7680,#7682);
#7680 = ( REPRESENTATION_RELATIONSHIP('','',#32,#10) 
REPRESENTATION_RELATIONSHIP_WITH_TRANSFORMATION(#7681) 
SHAPE_REPRESENTATION_RELATIONSHIP() );
#7681 = ITEM_DEFINED_TRANSFORMATION('','',#11,#15);
#7682 = PRODUCT_DEFINITION_SHAPE('Placement','Placement of an item',
  #7683);
#7683 = NEXT_ASSEMBLY_USAGE_OCCURRENCE('2','=>[0:1:1:2]','',#5,#27,$);
#7684 = PRODUCT_RELATED_PRODUCT_CATEGORY('part',$,(#29));
ENDSEC;
END-ISO-10303-21;
