ISO-10303-21;
HEADER;
FILE_DESCRIPTION(('Open CASCADE Model'),'2;1');
FILE_NAME('Open CASCADE Shape Model','2026-09-06T17:07:23',('Author'),(
    'Open CASCADE'),'Open CASCADE STEP processor 7.9','build123d',
  'Unknown');
FILE_SCHEMA(('AUTOMOTIVE_DESIGN { 1 0 10303 214 1 1 1 1 }'));
ENDSEC;
DATA;
#1 = APPLICATION_PROTOCOL_DEFINITION('international standard',
  'automotive_design',2000,#2);
#2 = APPLICATION_CONTEXT(
  'core data for automotive mechanical design processes');
#3 = SHAPE_DEFINITION_REPRESENTATION(#4,#10);
#4 = PRODUCT_DEFINITION_SHAPE('','',#5);
#5 = PRODUCT_DEFINITION('design','',#6,#9);
#6 = PRODUCT_DEFINITION_FORMATION('','',#7);
#7 = PRODUCT('=>[0:1:1:2]','=>[0:1:1:2]','',(#8));
#8 = PRODUCT_CONTEXT('',#2,'mechanical');
#9 = PRODUCT_DEFINITION_CONTEXT('part definition',#2,'design');
#10 = SHAPE_REPRESENTATION('',(#11,#15),#19);
#11 = AXIS2_PLACEMENT_3D('',#12,#13,#14);
#12 = CARTESIAN_POINT('',(0.,0.,0.));
#13 = DIRECTION('',(0.,0.,1.));
#14 = DIRECTION('',(1.,0.,-0.));
#15 = AXIS2_PLACEMENT_3D('',#16,#17,#18);
#16 = CARTESIAN_POINT('',(0.,0.,-8.));
#17 = DIRECTION('',(0.,0.,1.));
#18 = DIRECTION('',(1.,0.,-0.));
#19 = ( GEOMETRIC_REPRESENTATION_CONTEXT(3) 
GLOBAL_UNCERTAINTY_ASSIGNED_CONTEXT((#23)) GLOBAL_UNIT_ASSIGNED_CONTEXT(
(#20,#21,#22)) REPRESENTATION_CONTEXT('Context #1',
  '3D Context with UNIT and UNCERTAINTY') );
#20 = ( LENGTH_UNIT() NAMED_UNIT(*) SI_UNIT(.MILLI.,.METRE.) );
#21 = ( NAMED_UNIT(*) PLANE_ANGLE_UNIT() SI_UNIT($,.RADIAN.) );
#22 = ( NAMED_UNIT(*) SI_UNIT($,.STERADIAN.) SOLID_ANGLE_UNIT() );
#23 = UNCERTAINTY_MEASURE_WITH_UNIT(LENGTH_MEASURE(1.E-07),#20,
  'distance_accuracy_value','confusion accuracy');
#24 = PRODUCT_RELATED_PRODUCT_CATEGORY('part',$,(#7));
#25 = SHAPE_DEFINITION_REPRESENTATION(#26,#32);
#26 = PRODUCT_DEFINITION_SHAPE('','',#27);
#27 = PRODUCT_DEFINITION('design','',#28,#31);
#28 = PRODUCT_DEFINITION_FORMATION('','',#29);
#29 = PRODUCT('COMPOUND','COMPOUND','',(#30));
#30 = PRODUCT_CONTEXT('',#2,'mechanical');
#31 = PRODUCT_DEFINITION_CONTEXT('part definition',#2,'design');
#32 = ADVANCED_BREP_SHAPE_REPRESENTATION('',(#11,#33),#18678);
#33 = MANIFOLD_SOLID_BREP('',#34);
#34 = CLOSED_SHELL('',(#35,#3874,#4000,#4016,#4065,#4089,#4136,#4147,
    #4169,#4332,#4372,#4397,#4437,#4473,#4513,#4538,#4578,#4648,#4688,
    #4713,#4746,#4778,#4802,#4827,#4844,#4876,#4900,#4925,#4942,#4974,
    #4998,#5023,#5040,#5072,#5096,#5121,#5138,#5170,#5194,#5219,#5236,
    #5268,#5292,#5317,#5334,#5366,#5390,#5415,#5432,#5464,#5488,#5513,
    #5530,#5562,#5586,#5611,#5628,#5660,#5684,#5709,#5726,#5758,#5782,
    #5807,#5824,#5856,#5880,#5905,#5922,#5954,#5978,#6003,#6020,#6052,
    #6076,#6101,#6118,#6150,#6174,#6199,#6216,#6248,#6272,#6297,#6314,
    #6346,#6370,#6395,#6412,#6444,#6468,#6493,#6510,#6542,#6566,#6591,
    #6608,#6640,#6664,#6689,#6706,#6738,#6762,#6787,#6804,#6836,#6860,
    #6885,#6902,#6934,#6958,#6983,#7000,#7032,#7056,#7081,#7098,#7130,
    #7154,#7179,#7196,#7228,#7252,#7277,#7294,#7326,#7350,#7375,#7392,
    #7424,#7448,#7473,#7490,#7522,#7546,#7571,#7588,#7620,#7644,#7669,
    #7686,#7718,#7742,#7767,#7784,#7816,#7840,#7865,#7882,#7914,#7938,
    #7963,#7980,#8012,#8036,#8061,#8078,#8110,#8134,#8159,#8176,#8208,
    #8232,#8257,#8274,#8306,#8330,#8355,#8372,#8404,#8428,#8453,#8470,
    #8502,#8526,#8551,#8568,#8600,#8624,#8649,#8666,#8698,#8722,#8747,
    #8764,#8796,#8820,#8845,#8862,#8894,#8918,#8943,#8960,#8992,#9016,
    #9041,#9058,#9090,#9114,#9139,#9156,#9188,#9212,#9237,#9254,#9286,
    #9310,#9335,#9352,#9384,#9408,#9433,#9450,#9482,#9506,#9531,#9548,
    #9580,#9604,#9629,#9646,#9678,#9702,#9727,#9744,#9776,#9800,#9825,
    #9842,#9874,#9898,#9923,#9940,#9972,#9996,#10021,#10038,#10070,
    #10094,#10119,#10136,#10168,#10192,#10217,#10234,#10266,#10290,
    #10315,#10332,#10364,#10388,#10413,#10430,#10462,#10486,#10511,
    #10528,#10560,#10584,#10609,#10626,#10658,#10682,#10707,#10724,
    #10756,#10780,#10805,#10822,#10854,#10878,#10903,#10920,#10952,
    #10976,#11001,#11018,#11050,#11074,#11099,#11116,#11148,#11172,
    #11197,#11214,#11246,#11270,#11295,#11312,#11344,#11368,#11393,
    #11410,#11442,#11466,#11491,#11508,#11540,#11564,#11589,#11606,
    #11638,#11662,#11687,#11704,#11736,#11760,#11785,#11802,#11834,
    #11858,#11883,#11900,#11932,#11956,#11981,#11998,#12030,#12054,
    #12079,#12096,#12128,#12152,#12177,#12194,#12226,#12250,#12275,
    #12292,#12324,#12348,#12373,#12390,#12422,#12446,#12471,#12488,
    #12520,#12544,#12569,#12586,#12618,#12642,#12667,#12684,#12716,
    #12740,#12765,#12782,#12814,#12838,#12863,#12880,#12912,#12936,
    #12961,#12978,#13010,#13034,#13059,#13076,#13108,#13132,#13157,
    #13174,#13206,#13230,#13255,#13272,#13304,#13328,#13353,#13370,
    #13402,#13426,#13451,#13468,#13500,#13524,#13549,#13566,#13598,
    #13622,#13647,#13664,#13696,#13720,#13745,#13762,#13794,#13818,
    #13843,#13860,#13892,#13916,#13941,#13958,#13990,#14014,#14039,
    #14056,#14088,#14112,#14137,#14154,#14186,#14210,#14235,#14252,
    #14284,#14308,#14333,#14350,#14382,#14406,#14431,#14448,#14480,
    #14504,#14529,#14546,#14578,#14602,#14627,#14644,#14661,#15603,
    #15837,#15855,#15876,#15887,#15904,#15926,#15943,#15962,#15993,
    #16017,#16067,#16091,#16115,#16139,#16189,#16206,#16231,#16262,
    #16286,#16326,#16350,#16383,#16412,#16424,#16449,#16478,#16490,
    #16515,#16546,#16570,#16594,#16611,#16651,#16685,#16725,#16758,
    #16783,#16816,#16856,#16881,#16914,#16954,#16978,#17011,#17035,
    #17059,#17076,#17116,#17150,#17183,#17223,#17248,#17281,#17321,
    #17355,#17388,#17405,#17422,#17439,#17474,#17514,#17538,#17571,
    #17588,#17605,#17622,#17639,#17657,#17666,#17684,#17696,#17705,
    #17730,#17739,#17754,#17783,#17846,#17864,#17887,#17905,#17928,
    #17945,#17957,#17986,#18049,#18067,#18090,#18119,#18182,#18199,
    #18216,#18228,#18253,#18269,#18286,#18299,#18324,#18349,#18374,
    #18390,#18407,#18420,#18445,#18470,#18486,#18503,#18516,#18536,
    #18556,#18576,#18601,#18626,#18651,#18660,#18669));
#35 = ADVANCED_FACE('',(#36,#233,#269,#305,#341,#377,#413,#449,#485,#521
    ,#557,#593,#629,#665,#701,#737,#773,#809,#845,#881,#917,#953,#989,
    #1025,#1061,#1097,#1133,#1169,#1205,#1241,#1277,#1313,#1349,#1385,
    #1421,#1457,#1493,#1529,#1565,#1601,#1637,#1673,#1709,#1745,#1781,
    #1817,#1853,#1889,#1925,#1961,#1997,#2033,#2069,#2105,#2141,#2177,
    #2213,#2249,#2285,#2321,#2357,#2393,#2429,#2465,#2501,#2537,#2573,
    #2609,#2645,#2681,#2717,#2753,#2789,#2825,#2861,#2897,#2933,#2969,
    #3005,#3041,#3077,#3113,#3149,#3185,#3221,#3257,#3293,#3329,#3365,
    #3401,#3437,#3473,#3509,#3545,#3581,#3617,#3653,#3689,#3725,#3761,
    #3797,#3833),#3869,.T.);
#36 = FACE_BOUND('',#37,.T.);
#37 = EDGE_LOOP('',(#38,#48,#57,#65,#74,#82,#91,#99,#108,#116,#125,#133,
    #142,#150,#159,#167,#174,#175,#184,#192,#201,#209,#218,#226));
#38 = ORIENTED_EDGE('',*,*,#39,.F.);
#39 = EDGE_CURVE('',#40,#42,#44,.T.);
#40 = VERTEX_POINT('',#41);
#41 = CARTESIAN_POINT('',(-10.50020215161,82.135547546572,14.3));
#42 = VERTEX_POINT('',#43);
#43 = CARTESIAN_POINT('',(-10.50020215161,82.135547546572,18.7));
#44 = LINE('',#45,#46);
#45 = CARTESIAN_POINT('',(-10.50020215161,82.135547546572,8.));
#46 = VECTOR('',#47,1.);
#47 = DIRECTION('',(0.,0.,1.));
#48 = ORIENTED_EDGE('',*,*,#49,.T.);
#49 = EDGE_CURVE('',#40,#50,#52,.T.);
#50 = VERTEX_POINT('',#51);
#51 = CARTESIAN_POINT('',(82.804,-2.028113071132E-14,14.3));
#52 = CIRCLE('',#53,82.804);
#53 = AXIS2_PLACEMENT_3D('',#54,#55,#56);
#54 = CARTESIAN_POINT('',(0.,0.,14.3));
#55 = DIRECTION('',(0.,0.,1.));
#56 = DIRECTION('',(1.,0.,-0.));
#57 = ORIENTED_EDGE('',*,*,#58,.T.);
#58 = EDGE_CURVE('',#50,#59,#61,.T.);
#59 = VERTEX_POINT('',#60);
#60 = CARTESIAN_POINT('',(82.804,-2.028113071132E-14,26.));
#61 = LINE('',#62,#63);
#62 = CARTESIAN_POINT('',(82.804,-2.028113071132E-14,13.5));
#63 = VECTOR('',#64,1.);
#64 = DIRECTION('',(0.,2.524354896707E-31,1.));
#65 = ORIENTED_EDGE('',*,*,#66,.F.);
#66 = EDGE_CURVE('',#67,#59,#69,.T.);
#67 = VERTEX_POINT('',#68);
#68 = CARTESIAN_POINT('',(7.6,-82.45448693673,26.));
#69 = CIRCLE('',#70,82.804);
#70 = AXIS2_PLACEMENT_3D('',#71,#72,#73);
#71 = CARTESIAN_POINT('',(0.,0.,26.));
#72 = DIRECTION('',(0.,0.,1.));
#73 = DIRECTION('',(1.,0.,-0.));
#74 = ORIENTED_EDGE('',*,*,#75,.F.);
#75 = EDGE_CURVE('',#76,#67,#78,.T.);
#76 = VERTEX_POINT('',#77);
#77 = CARTESIAN_POINT('',(7.6,-82.45448693673,18.6));
#78 = LINE('',#79,#80);
#79 = CARTESIAN_POINT('',(7.6,-82.45448693673,8.));
#80 = VECTOR('',#81,1.);
#81 = DIRECTION('',(0.,0.,1.));
#82 = ORIENTED_EDGE('',*,*,#83,.F.);
#83 = EDGE_CURVE('',#84,#76,#86,.T.);
#84 = VERTEX_POINT('',#85);
#85 = CARTESIAN_POINT('',(-7.6,-82.45448693673,18.6));
#86 = CIRCLE('',#87,82.804);
#87 = AXIS2_PLACEMENT_3D('',#88,#89,#90);
#88 = CARTESIAN_POINT('',(0.,0.,18.6));
#89 = DIRECTION('',(0.,0.,1.));
#90 = DIRECTION('',(1.,0.,-0.));
#91 = ORIENTED_EDGE('',*,*,#92,.T.);
#92 = EDGE_CURVE('',#84,#93,#95,.T.);
#93 = VERTEX_POINT('',#94);
#94 = CARTESIAN_POINT('',(-7.6,-82.45448693673,26.));
#95 = LINE('',#96,#97);
#96 = CARTESIAN_POINT('',(-7.6,-82.45448693673,8.));
#97 = VECTOR('',#98,1.);
#98 = DIRECTION('',(0.,0.,1.));
#99 = ORIENTED_EDGE('',*,*,#100,.F.);
#100 = EDGE_CURVE('',#101,#93,#103,.T.);
#101 = VERTEX_POINT('',#102);
#102 = CARTESIAN_POINT('',(-75.20768034322,34.645450399605,26.));
#103 = CIRCLE('',#104,82.804);
#104 = AXIS2_PLACEMENT_3D('',#105,#106,#107);
#105 = CARTESIAN_POINT('',(0.,0.,26.));
#106 = DIRECTION('',(0.,0.,1.));
#107 = DIRECTION('',(1.,0.,-0.));
#108 = ORIENTED_EDGE('',*,*,#109,.F.);
#109 = EDGE_CURVE('',#110,#101,#112,.T.);
#110 = VERTEX_POINT('',#111);
#111 = CARTESIAN_POINT('',(-75.20768034322,34.645450399605,18.6));
#112 = LINE('',#113,#114);
#113 = CARTESIAN_POINT('',(-75.20768034322,34.645450399605,8.));
#114 = VECTOR('',#115,1.);
#115 = DIRECTION('',(0.,0.,1.));
#116 = ORIENTED_EDGE('',*,*,#117,.F.);
#117 = EDGE_CURVE('',#118,#110,#120,.T.);
#118 = VERTEX_POINT('',#119);
#119 = CARTESIAN_POINT('',(-67.60768034322,47.809036537129,18.6));
#120 = CIRCLE('',#121,82.804);
#121 = AXIS2_PLACEMENT_3D('',#122,#123,#124);
#122 = CARTESIAN_POINT('',(0.,0.,18.6));
#123 = DIRECTION('',(0.,0.,1.));
#124 = DIRECTION('',(1.,0.,-0.));
#125 = ORIENTED_EDGE('',*,*,#126,.T.);
#126 = EDGE_CURVE('',#118,#127,#129,.T.);
#127 = VERTEX_POINT('',#128);
#128 = CARTESIAN_POINT('',(-67.60768034322,47.809036537129,26.));
#129 = LINE('',#130,#131);
#130 = CARTESIAN_POINT('',(-67.60768034322,47.809036537129,8.));
#131 = VECTOR('',#132,1.);
#132 = DIRECTION('',(0.,0.,1.));
#133 = ORIENTED_EDGE('',*,*,#134,.F.);
#134 = EDGE_CURVE('',#135,#127,#137,.T.);
#135 = VERTEX_POINT('',#136);
#136 = CARTESIAN_POINT('',(67.607680343224,47.809036537129,26.));
#137 = CIRCLE('',#138,82.804);
#138 = AXIS2_PLACEMENT_3D('',#139,#140,#141);
#139 = CARTESIAN_POINT('',(0.,0.,26.));
#140 = DIRECTION('',(0.,0.,1.));
#141 = DIRECTION('',(1.,0.,-0.));
#142 = ORIENTED_EDGE('',*,*,#143,.F.);
#143 = EDGE_CURVE('',#144,#135,#146,.T.);
#144 = VERTEX_POINT('',#145);
#145 = CARTESIAN_POINT('',(67.607680343224,47.809036537129,18.6));
#146 = LINE('',#147,#148);
#147 = CARTESIAN_POINT('',(67.607680343224,47.809036537129,8.));
#148 = VECTOR('',#149,1.);
#149 = DIRECTION('',(0.,0.,1.));
#150 = ORIENTED_EDGE('',*,*,#151,.F.);
#151 = EDGE_CURVE('',#152,#144,#154,.T.);
#152 = VERTEX_POINT('',#153);
#153 = CARTESIAN_POINT('',(75.207680343224,34.645450399605,18.6));
#154 = CIRCLE('',#155,82.804);
#155 = AXIS2_PLACEMENT_3D('',#156,#157,#158);
#156 = CARTESIAN_POINT('',(0.,0.,18.6));
#157 = DIRECTION('',(0.,0.,1.));
#158 = DIRECTION('',(1.,0.,-0.));
#159 = ORIENTED_EDGE('',*,*,#160,.T.);
#160 = EDGE_CURVE('',#152,#161,#163,.T.);
#161 = VERTEX_POINT('',#162);
#162 = CARTESIAN_POINT('',(75.207680343224,34.645450399605,26.));
#163 = LINE('',#164,#165);
#164 = CARTESIAN_POINT('',(75.207680343224,34.645450399605,8.));
#165 = VECTOR('',#166,1.);
#166 = DIRECTION('',(0.,0.,1.));
#167 = ORIENTED_EDGE('',*,*,#168,.F.);
#168 = EDGE_CURVE('',#59,#161,#169,.T.);
#169 = CIRCLE('',#170,82.804);
#170 = AXIS2_PLACEMENT_3D('',#171,#172,#173);
#171 = CARTESIAN_POINT('',(0.,0.,26.));
#172 = DIRECTION('',(0.,0.,1.));
#173 = DIRECTION('',(1.,0.,-0.));
#174 = ORIENTED_EDGE('',*,*,#58,.F.);
#175 = ORIENTED_EDGE('',*,*,#176,.T.);
#176 = EDGE_CURVE('',#50,#177,#179,.T.);
#177 = VERTEX_POINT('',#178);
#178 = CARTESIAN_POINT('',(10.500202151612,82.135547546572,14.3));
#179 = CIRCLE('',#180,82.804);
#180 = AXIS2_PLACEMENT_3D('',#181,#182,#183);
#181 = CARTESIAN_POINT('',(0.,0.,14.3));
#182 = DIRECTION('',(0.,0.,1.));
#183 = DIRECTION('',(1.,0.,-0.));
#184 = ORIENTED_EDGE('',*,*,#185,.T.);
#185 = EDGE_CURVE('',#177,#186,#188,.T.);
#186 = VERTEX_POINT('',#187);
#187 = CARTESIAN_POINT('',(10.500202151612,82.135547546572,18.7));
#188 = LINE('',#189,#190);
#189 = CARTESIAN_POINT('',(10.500202151612,82.135547546572,8.));
#190 = VECTOR('',#191,1.);
#191 = DIRECTION('',(0.,0.,1.));
#192 = ORIENTED_EDGE('',*,*,#193,.F.);
#193 = EDGE_CURVE('',#194,#186,#196,.T.);
#194 = VERTEX_POINT('',#195);
#195 = CARTESIAN_POINT('',(11.832159566199,81.954270273122,18.7));
#196 = CIRCLE('',#197,82.804);
#197 = AXIS2_PLACEMENT_3D('',#198,#199,#200);
#198 = CARTESIAN_POINT('',(0.,0.,18.7));
#199 = DIRECTION('',(0.,0.,1.));
#200 = DIRECTION('',(1.,0.,-0.));
#201 = ORIENTED_EDGE('',*,*,#202,.T.);
#202 = EDGE_CURVE('',#194,#203,#205,.T.);
#203 = VERTEX_POINT('',#204);
#204 = CARTESIAN_POINT('',(11.832159566199,81.954270273122,24.01));
#205 = LINE('',#206,#207);
#206 = CARTESIAN_POINT('',(11.832159566199,81.954270273122,8.));
#207 = VECTOR('',#208,1.);
#208 = DIRECTION('',(0.,0.,1.));
#209 = ORIENTED_EDGE('',*,*,#210,.T.);
#210 = EDGE_CURVE('',#203,#211,#213,.T.);
#211 = VERTEX_POINT('',#212);
#212 = CARTESIAN_POINT('',(-11.83215956619,81.954270273122,24.01));
#213 = CIRCLE('',#214,82.804);
#214 = AXIS2_PLACEMENT_3D('',#215,#216,#217);
#215 = CARTESIAN_POINT('',(0.,0.,24.01));
#216 = DIRECTION('',(0.,0.,1.));
#217 = DIRECTION('',(1.,0.,-0.));
#218 = ORIENTED_EDGE('',*,*,#219,.F.);
#219 = EDGE_CURVE('',#220,#211,#222,.T.);
#220 = VERTEX_POINT('',#221);
#221 = CARTESIAN_POINT('',(-11.83215956619,81.954270273122,18.7));
#222 = LINE('',#223,#224);
#223 = CARTESIAN_POINT('',(-11.83215956619,81.954270273122,8.));
#224 = VECTOR('',#225,1.);
#225 = DIRECTION('',(0.,0.,1.));
#226 = ORIENTED_EDGE('',*,*,#227,.F.);
#227 = EDGE_CURVE('',#42,#220,#228,.T.);
#228 = CIRCLE('',#229,82.804);
#229 = AXIS2_PLACEMENT_3D('',#230,#231,#232);
#230 = CARTESIAN_POINT('',(0.,0.,18.7));
#231 = DIRECTION('',(0.,0.,1.));
#232 = DIRECTION('',(1.,0.,-0.));
#233 = FACE_BOUND('',#234,.T.);
#234 = EDGE_LOOP('',(#235,#246,#254,#263));
#235 = ORIENTED_EDGE('',*,*,#236,.F.);
#236 = EDGE_CURVE('',#237,#239,#241,.T.);
#237 = VERTEX_POINT('',#238);
#238 = CARTESIAN_POINT('',(82.793693089417,1.306445795053,18.5));
#239 = VERTEX_POINT('',#240);
#240 = CARTESIAN_POINT('',(82.771878204382,2.306207822133,18.5));
#241 = CIRCLE('',#242,82.804);
#242 = AXIS2_PLACEMENT_3D('',#243,#244,#245);
#243 = CARTESIAN_POINT('',(0.,0.,18.5));
#244 = DIRECTION('',(0.,0.,1.));
#245 = DIRECTION('',(1.,0.,-0.));
#246 = ORIENTED_EDGE('',*,*,#247,.T.);
#247 = EDGE_CURVE('',#237,#248,#250,.T.);
#248 = VERTEX_POINT('',#249);
#249 = CARTESIAN_POINT('',(82.793693089417,1.306445795053,23.));
#250 = LINE('',#251,#252);
#251 = CARTESIAN_POINT('',(82.793693089417,1.306445795053,8.));
#252 = VECTOR('',#253,1.);
#253 = DIRECTION('',(0.,0.,1.));
#254 = ORIENTED_EDGE('',*,*,#255,.T.);
#255 = EDGE_CURVE('',#248,#256,#258,.T.);
#256 = VERTEX_POINT('',#257);
#257 = CARTESIAN_POINT('',(82.771878204382,2.306207822133,23.));
#258 = CIRCLE('',#259,82.804);
#259 = AXIS2_PLACEMENT_3D('',#260,#261,#262);
#260 = CARTESIAN_POINT('',(0.,0.,23.));
#261 = DIRECTION('',(0.,0.,1.));
#262 = DIRECTION('',(1.,0.,-0.));
#263 = ORIENTED_EDGE('',*,*,#264,.F.);
#264 = EDGE_CURVE('',#239,#256,#265,.T.);
#265 = LINE('',#266,#267);
#266 = CARTESIAN_POINT('',(82.771878204383,2.306207822133,8.));
#267 = VECTOR('',#268,1.);
#268 = DIRECTION('',(0.,0.,1.));
#269 = FACE_BOUND('',#270,.T.);
#270 = EDGE_LOOP('',(#271,#282,#290,#299));
#271 = ORIENTED_EDGE('',*,*,#272,.F.);
#272 = EDGE_CURVE('',#273,#275,#277,.T.);
#273 = VERTEX_POINT('',#274);
#274 = CARTESIAN_POINT('',(82.65790547397,4.916612518415,18.5));
#275 = VERTEX_POINT('',#276);
#276 = CARTESIAN_POINT('',(82.59250234474,5.914471441654,18.5));
#277 = CIRCLE('',#278,82.804);
#278 = AXIS2_PLACEMENT_3D('',#279,#280,#281);
#279 = CARTESIAN_POINT('',(0.,0.,18.5));
#280 = DIRECTION('',(0.,0.,1.));
#281 = DIRECTION('',(1.,0.,-0.));
#282 = ORIENTED_EDGE('',*,*,#283,.T.);
#283 = EDGE_CURVE('',#273,#284,#286,.T.);
#284 = VERTEX_POINT('',#285);
#285 = CARTESIAN_POINT('',(82.65790547397,4.916612518415,23.));
#286 = LINE('',#287,#288);
#287 = CARTESIAN_POINT('',(82.65790547397,4.916612518415,8.));
#288 = VECTOR('',#289,1.);
#289 = DIRECTION('',(0.,0.,1.));
#290 = ORIENTED_EDGE('',*,*,#291,.T.);
#291 = EDGE_CURVE('',#284,#292,#294,.T.);
#292 = VERTEX_POINT('',#293);
#293 = CARTESIAN_POINT('',(82.59250234474,5.914471441654,23.));
#294 = CIRCLE('',#295,82.804);
#295 = AXIS2_PLACEMENT_3D('',#296,#297,#298);
#296 = CARTESIAN_POINT('',(0.,0.,23.));
#297 = DIRECTION('',(0.,0.,1.));
#298 = DIRECTION('',(1.,0.,-0.));
#299 = ORIENTED_EDGE('',*,*,#300,.F.);
#300 = EDGE_CURVE('',#275,#292,#301,.T.);
#301 = LINE('',#302,#303);
#302 = CARTESIAN_POINT('',(82.59250234474,5.914471441654,8.));
#303 = VECTOR('',#304,1.);
#304 = DIRECTION('',(0.,0.,1.));
#305 = FACE_BOUND('',#306,.T.);
#306 = EDGE_LOOP('',(#307,#318,#326,#335));
#307 = ORIENTED_EDGE('',*,*,#308,.F.);
#308 = EDGE_CURVE('',#309,#311,#313,.T.);
#309 = VERTEX_POINT('',#310);
#310 = CARTESIAN_POINT('',(82.364773837485,8.517420190406,18.5));
#311 = VERTEX_POINT('',#312);
#312 = CARTESIAN_POINT('',(82.255906962633,9.511476528628,18.5));
#313 = CIRCLE('',#314,82.804);
#314 = AXIS2_PLACEMENT_3D('',#315,#316,#317);
#315 = CARTESIAN_POINT('',(0.,0.,18.5));
#316 = DIRECTION('',(0.,0.,1.));
#317 = DIRECTION('',(1.,0.,-0.));
#318 = ORIENTED_EDGE('',*,*,#319,.T.);
#319 = EDGE_CURVE('',#309,#320,#322,.T.);
#320 = VERTEX_POINT('',#321);
#321 = CARTESIAN_POINT('',(82.364773837485,8.517420190406,23.));
#322 = LINE('',#323,#324);
#323 = CARTESIAN_POINT('',(82.364773837485,8.517420190406,8.));
#324 = VECTOR('',#325,1.);
#325 = DIRECTION('',(0.,0.,1.));
#326 = ORIENTED_EDGE('',*,*,#327,.T.);
#327 = EDGE_CURVE('',#320,#328,#330,.T.);
#328 = VERTEX_POINT('',#329);
#329 = CARTESIAN_POINT('',(82.255906962633,9.511476528628,23.));
#330 = CIRCLE('',#331,82.804);
#331 = AXIS2_PLACEMENT_3D('',#332,#333,#334);
#332 = CARTESIAN_POINT('',(0.,0.,23.));
#333 = DIRECTION('',(0.,0.,1.));
#334 = DIRECTION('',(1.,0.,-0.));
#335 = ORIENTED_EDGE('',*,*,#336,.F.);
#336 = EDGE_CURVE('',#311,#328,#337,.T.);
#337 = LINE('',#338,#339);
#338 = CARTESIAN_POINT('',(82.255906962633,9.511476528628,8.));
#339 = VECTOR('',#340,1.);
#340 = DIRECTION('',(0.,0.,1.));
#341 = FACE_BOUND('',#342,.T.);
#342 = EDGE_LOOP('',(#343,#354,#362,#371));
#343 = ORIENTED_EDGE('',*,*,#344,.F.);
#344 = EDGE_CURVE('',#345,#347,#349,.T.);
#345 = VERTEX_POINT('',#346);
#346 = CARTESIAN_POINT('',(81.914856172693,12.102014468966,18.5));
#347 = VERTEX_POINT('',#348);
#348 = CARTESIAN_POINT('',(81.762732786503,13.090375979434,18.5));
#349 = CIRCLE('',#350,82.804);
#350 = AXIS2_PLACEMENT_3D('',#351,#352,#353);
#351 = CARTESIAN_POINT('',(0.,0.,18.5));
#352 = DIRECTION('',(0.,0.,1.));
#353 = DIRECTION('',(1.,0.,-0.));
#354 = ORIENTED_EDGE('',*,*,#355,.T.);
#355 = EDGE_CURVE('',#345,#356,#358,.T.);
#356 = VERTEX_POINT('',#357);
#357 = CARTESIAN_POINT('',(81.914856172693,12.102014468966,23.));
#358 = LINE('',#359,#360);
#359 = CARTESIAN_POINT('',(81.914856172693,12.102014468966,8.));
#360 = VECTOR('',#361,1.);
#361 = DIRECTION('',(0.,0.,1.));
#362 = ORIENTED_EDGE('',*,*,#363,.T.);
#363 = EDGE_CURVE('',#356,#364,#366,.T.);
#364 = VERTEX_POINT('',#365);
#365 = CARTESIAN_POINT('',(81.762732786503,13.090375979434,23.));
#366 = CIRCLE('',#367,82.804);
#367 = AXIS2_PLACEMENT_3D('',#368,#369,#370);
#368 = CARTESIAN_POINT('',(0.,0.,23.));
#369 = DIRECTION('',(0.,0.,1.));
#370 = DIRECTION('',(1.,0.,-0.));
#371 = ORIENTED_EDGE('',*,*,#372,.F.);
#372 = EDGE_CURVE('',#347,#364,#373,.T.);
#373 = LINE('',#374,#375);
#374 = CARTESIAN_POINT('',(81.762732786503,13.090375979434,8.));
#375 = VECTOR('',#376,1.);
#376 = DIRECTION('',(0.,0.,1.));
#377 = FACE_BOUND('',#378,.T.);
#378 = EDGE_LOOP('',(#379,#390,#398,#407));
#379 = ORIENTED_EDGE('',*,*,#380,.F.);
#380 = EDGE_CURVE('',#381,#383,#385,.T.);
#381 = VERTEX_POINT('',#382);
#382 = CARTESIAN_POINT('',(81.30900892344,15.663571875151,18.5));
#383 = VERTEX_POINT('',#384);
#384 = CARTESIAN_POINT('',(81.113918601423,16.644357155554,18.5));
#385 = CIRCLE('',#386,82.804);
#386 = AXIS2_PLACEMENT_3D('',#387,#388,#389);
#387 = CARTESIAN_POINT('',(0.,0.,18.5));
#388 = DIRECTION('',(0.,0.,1.));
#389 = DIRECTION('',(1.,0.,-0.));
#390 = ORIENTED_EDGE('',*,*,#391,.T.);
#391 = EDGE_CURVE('',#381,#392,#394,.T.);
#392 = VERTEX_POINT('',#393);
#393 = CARTESIAN_POINT('',(81.30900892344,15.663571875151,23.));
#394 = LINE('',#395,#396);
#395 = CARTESIAN_POINT('',(81.30900892344,15.663571875151,8.));
#396 = VECTOR('',#397,1.);
#397 = DIRECTION('',(0.,0.,1.));
#398 = ORIENTED_EDGE('',*,*,#399,.T.);
#399 = EDGE_CURVE('',#392,#400,#402,.T.);
#400 = VERTEX_POINT('',#401);
#401 = CARTESIAN_POINT('',(81.113918601423,16.644357155554,23.));
#402 = CIRCLE('',#403,82.804);
#403 = AXIS2_PLACEMENT_3D('',#404,#405,#406);
#404 = CARTESIAN_POINT('',(0.,0.,23.));
#405 = DIRECTION('',(0.,0.,1.));
#406 = DIRECTION('',(1.,0.,-0.));
#407 = ORIENTED_EDGE('',*,*,#408,.F.);
#408 = EDGE_CURVE('',#383,#400,#409,.T.);
#409 = LINE('',#410,#411);
#410 = CARTESIAN_POINT('',(81.113918601423,16.644357155554,8.));
#411 = VECTOR('',#412,1.);
#412 = DIRECTION('',(0.,0.,1.));
#413 = FACE_BOUND('',#414,.T.);
#414 = EDGE_LOOP('',(#415,#426,#434,#443));
#415 = ORIENTED_EDGE('',*,*,#416,.F.);
#416 = EDGE_CURVE('',#417,#419,#421,.T.);
#417 = VERTEX_POINT('',#418);
#418 = CARTESIAN_POINT('',(80.548385354399,19.195312782012,18.5));
#419 = VERTEX_POINT('',#420);
#420 = CARTESIAN_POINT('',(80.310699462073,20.166654851825,18.5));
#421 = CIRCLE('',#422,82.804);
#422 = AXIS2_PLACEMENT_3D('',#423,#424,#425);
#423 = CARTESIAN_POINT('',(0.,0.,18.5));
#424 = DIRECTION('',(0.,0.,1.));
#425 = DIRECTION('',(1.,0.,-0.));
#426 = ORIENTED_EDGE('',*,*,#427,.T.);
#427 = EDGE_CURVE('',#417,#428,#430,.T.);
#428 = VERTEX_POINT('',#429);
#429 = CARTESIAN_POINT('',(80.548385354399,19.195312782012,23.));
#430 = LINE('',#431,#432);
#431 = CARTESIAN_POINT('',(80.548385354399,19.195312782012,8.));
#432 = VECTOR('',#433,1.);
#433 = DIRECTION('',(0.,0.,1.));
#434 = ORIENTED_EDGE('',*,*,#435,.T.);
#435 = EDGE_CURVE('',#428,#436,#438,.T.);
#436 = VERTEX_POINT('',#437);
#437 = CARTESIAN_POINT('',(80.310699462073,20.166654851825,23.));
#438 = CIRCLE('',#439,82.804);
#439 = AXIS2_PLACEMENT_3D('',#440,#441,#442);
#440 = CARTESIAN_POINT('',(0.,0.,23.));
#441 = DIRECTION('',(0.,0.,1.));
#442 = DIRECTION('',(1.,0.,-0.));
#443 = ORIENTED_EDGE('',*,*,#444,.F.);
#444 = EDGE_CURVE('',#419,#436,#445,.T.);
#445 = LINE('',#446,#447);
#446 = CARTESIAN_POINT('',(80.310699462073,20.166654851825,8.));
#447 = VECTOR('',#448,1.);
#448 = DIRECTION('',(0.,0.,1.));
#449 = FACE_BOUND('',#450,.T.);
#450 = EDGE_LOOP('',(#451,#462,#470,#479));
#451 = ORIENTED_EDGE('',*,*,#452,.F.);
#452 = EDGE_CURVE('',#453,#455,#457,.T.);
#453 = VERTEX_POINT('',#454);
#454 = CARTESIAN_POINT('',(79.634433355765,22.690514320003,18.5));
#455 = VERTEX_POINT('',#456);
#456 = CARTESIAN_POINT('',(79.354604341734,23.650564174389,18.5));
#457 = CIRCLE('',#458,82.804);
#458 = AXIS2_PLACEMENT_3D('',#459,#460,#461);
#459 = CARTESIAN_POINT('',(0.,0.,18.5));
#460 = DIRECTION('',(0.,0.,1.));
#461 = DIRECTION('',(1.,0.,-0.));
#462 = ORIENTED_EDGE('',*,*,#463,.T.);
#463 = EDGE_CURVE('',#453,#464,#466,.T.);
#464 = VERTEX_POINT('',#465);
#465 = CARTESIAN_POINT('',(79.634433355765,22.690514320003,23.));
#466 = LINE('',#467,#468);
#467 = CARTESIAN_POINT('',(79.634433355765,22.690514320003,8.));
#468 = VECTOR('',#469,1.);
#469 = DIRECTION('',(0.,0.,1.));
#470 = ORIENTED_EDGE('',*,*,#471,.T.);
#471 = EDGE_CURVE('',#464,#472,#474,.T.);
#472 = VERTEX_POINT('',#473);
#473 = CARTESIAN_POINT('',(79.354604341734,23.650564174389,23.));
#474 = CIRCLE('',#475,82.804);
#475 = AXIS2_PLACEMENT_3D('',#476,#477,#478);
#476 = CARTESIAN_POINT('',(0.,0.,23.));
#477 = DIRECTION('',(0.,0.,1.));
#478 = DIRECTION('',(1.,0.,-0.));
#479 = ORIENTED_EDGE('',*,*,#480,.F.);
#480 = EDGE_CURVE('',#455,#472,#481,.T.);
#481 = LINE('',#482,#483);
#482 = CARTESIAN_POINT('',(79.354604341734,23.650564174389,8.));
#483 = VECTOR('',#484,1.);
#484 = DIRECTION('',(0.,0.,1.));
#485 = FACE_BOUND('',#486,.T.);
#486 = EDGE_LOOP('',(#487,#498,#506,#515));
#487 = ORIENTED_EDGE('',*,*,#488,.F.);
#488 = EDGE_CURVE('',#489,#491,#493,.T.);
#489 = VERTEX_POINT('',#490);
#490 = CARTESIAN_POINT('',(78.568892687113,26.142523174341,18.5));
#491 = VERTEX_POINT('',#492);
#492 = CARTESIAN_POINT('',(78.24745322181,27.089453303836,18.5));
#493 = CIRCLE('',#494,82.804);
#494 = AXIS2_PLACEMENT_3D('',#495,#496,#497);
#495 = CARTESIAN_POINT('',(0.,0.,18.5));
#496 = DIRECTION('',(0.,0.,1.));
#497 = DIRECTION('',(1.,0.,-0.));
#498 = ORIENTED_EDGE('',*,*,#499,.T.);
#499 = EDGE_CURVE('',#489,#500,#502,.T.);
#500 = VERTEX_POINT('',#501);
#501 = CARTESIAN_POINT('',(78.568892687113,26.142523174341,23.));
#502 = LINE('',#503,#504);
#503 = CARTESIAN_POINT('',(78.568892687113,26.142523174341,8.));
#504 = VECTOR('',#505,1.);
#505 = DIRECTION('',(0.,0.,1.));
#506 = ORIENTED_EDGE('',*,*,#507,.T.);
#507 = EDGE_CURVE('',#500,#508,#510,.T.);
#508 = VERTEX_POINT('',#509);
#509 = CARTESIAN_POINT('',(78.24745322181,27.089453303836,23.));
#510 = CIRCLE('',#511,82.804);
#511 = AXIS2_PLACEMENT_3D('',#512,#513,#514);
#512 = CARTESIAN_POINT('',(0.,0.,23.));
#513 = DIRECTION('',(0.,0.,1.));
#514 = DIRECTION('',(1.,0.,-0.));
#515 = ORIENTED_EDGE('',*,*,#516,.F.);
#516 = EDGE_CURVE('',#491,#508,#517,.T.);
#517 = LINE('',#518,#519);
#518 = CARTESIAN_POINT('',(78.24745322181,27.089453303836,8.));
#519 = VECTOR('',#520,1.);
#520 = DIRECTION('',(0.,0.,1.));
#521 = FACE_BOUND('',#522,.T.);
#522 = EDGE_LOOP('',(#523,#534,#542,#551));
#523 = ORIENTED_EDGE('',*,*,#524,.F.);
#524 = EDGE_CURVE('',#525,#527,#529,.T.);
#525 = VERTEX_POINT('',#526);
#526 = CARTESIAN_POINT('',(77.353791665667,29.544768249972,18.5));
#527 = VERTEX_POINT('',#528);
#528 = CARTESIAN_POINT('',(76.991353627383,30.476776119255,18.5));
#529 = CIRCLE('',#530,82.804);
#530 = AXIS2_PLACEMENT_3D('',#531,#532,#533);
#531 = CARTESIAN_POINT('',(0.,0.,18.5));
#532 = DIRECTION('',(0.,0.,1.));
#533 = DIRECTION('',(1.,0.,-0.));
#534 = ORIENTED_EDGE('',*,*,#535,.T.);
#535 = EDGE_CURVE('',#525,#536,#538,.T.);
#536 = VERTEX_POINT('',#537);
#537 = CARTESIAN_POINT('',(77.353791665667,29.544768249972,23.));
#538 = LINE('',#539,#540);
#539 = CARTESIAN_POINT('',(77.353791665667,29.544768249972,8.));
#540 = VECTOR('',#541,1.);
#541 = DIRECTION('',(0.,0.,1.));
#542 = ORIENTED_EDGE('',*,*,#543,.T.);
#543 = EDGE_CURVE('',#536,#544,#546,.T.);
#544 = VERTEX_POINT('',#545);
#545 = CARTESIAN_POINT('',(76.991353627383,30.476776119255,23.));
#546 = CIRCLE('',#547,82.804);
#547 = AXIS2_PLACEMENT_3D('',#548,#549,#550);
#548 = CARTESIAN_POINT('',(0.,0.,23.));
#549 = DIRECTION('',(0.,0.,1.));
#550 = DIRECTION('',(1.,0.,-0.));
#551 = ORIENTED_EDGE('',*,*,#552,.F.);
#552 = EDGE_CURVE('',#527,#544,#553,.T.);
#553 = LINE('',#554,#555);
#554 = CARTESIAN_POINT('',(76.991353627383,30.476776119255,8.));
#555 = VECTOR('',#556,1.);
#556 = DIRECTION('',(0.,0.,1.));
#557 = FACE_BOUND('',#558,.T.);
#558 = EDGE_LOOP('',(#559,#570,#578,#587));
#559 = ORIENTED_EDGE('',*,*,#560,.F.);
#560 = EDGE_CURVE('',#561,#563,#565,.T.);
#561 = VERTEX_POINT('',#562);
#562 = CARTESIAN_POINT('',(75.991443305284,32.890773180025,18.5));
#563 = VERTEX_POINT('',#564);
#564 = CARTESIAN_POINT('',(75.588696615425,33.806084659144,18.5));
#565 = CIRCLE('',#566,82.804);
#566 = AXIS2_PLACEMENT_3D('',#567,#568,#569);
#567 = CARTESIAN_POINT('',(0.,0.,18.5));
#568 = DIRECTION('',(0.,0.,1.));
#569 = DIRECTION('',(1.,0.,-0.));
#570 = ORIENTED_EDGE('',*,*,#571,.T.);
#571 = EDGE_CURVE('',#561,#572,#574,.T.);
#572 = VERTEX_POINT('',#573);
#573 = CARTESIAN_POINT('',(75.991443305284,32.890773180025,23.));
#574 = LINE('',#575,#576);
#575 = CARTESIAN_POINT('',(75.991443305284,32.890773180025,8.));
#576 = VECTOR('',#577,1.);
#577 = DIRECTION('',(0.,0.,1.));
#578 = ORIENTED_EDGE('',*,*,#579,.T.);
#579 = EDGE_CURVE('',#572,#580,#582,.T.);
#580 = VERTEX_POINT('',#581);
#581 = CARTESIAN_POINT('',(75.588696615425,33.806084659144,23.));
#582 = CIRCLE('',#583,82.804);
#583 = AXIS2_PLACEMENT_3D('',#584,#585,#586);
#584 = CARTESIAN_POINT('',(0.,0.,23.));
#585 = DIRECTION('',(0.,0.,1.));
#586 = DIRECTION('',(1.,0.,-0.));
#587 = ORIENTED_EDGE('',*,*,#588,.F.);
#588 = EDGE_CURVE('',#563,#580,#589,.T.);
#589 = LINE('',#590,#591);
#590 = CARTESIAN_POINT('',(75.588696615425,33.806084659144,8.));
#591 = VECTOR('',#592,1.);
#592 = DIRECTION('',(0.,0.,1.));
#593 = FACE_BOUND('',#594,.T.);
#594 = EDGE_LOOP('',(#595,#606,#614,#623));
#595 = ORIENTED_EDGE('',*,*,#596,.F.);
#596 = EDGE_CURVE('',#597,#599,#601,.T.);
#597 = VERTEX_POINT('',#598);
#598 = CARTESIAN_POINT('',(67.071276425019,48.558689178341,18.5));
#599 = VERTEX_POINT('',#600);
#600 = CARTESIAN_POINT('',(66.479966776655,49.365133782608,18.5));
#601 = CIRCLE('',#602,82.804);
#602 = AXIS2_PLACEMENT_3D('',#603,#604,#605);
#603 = CARTESIAN_POINT('',(0.,0.,18.5));
#604 = DIRECTION('',(0.,0.,1.));
#605 = DIRECTION('',(1.,0.,-0.));
#606 = ORIENTED_EDGE('',*,*,#607,.T.);
#607 = EDGE_CURVE('',#597,#608,#610,.T.);
#608 = VERTEX_POINT('',#609);
#609 = CARTESIAN_POINT('',(67.071276425019,48.558689178341,23.));
#610 = LINE('',#611,#612);
#611 = CARTESIAN_POINT('',(67.071276425019,48.558689178341,8.));
#612 = VECTOR('',#613,1.);
#613 = DIRECTION('',(0.,0.,1.));
#614 = ORIENTED_EDGE('',*,*,#615,.T.);
#615 = EDGE_CURVE('',#608,#616,#618,.T.);
#616 = VERTEX_POINT('',#617);
#617 = CARTESIAN_POINT('',(66.479966776655,49.365133782608,23.));
#618 = CIRCLE('',#619,82.804);
#619 = AXIS2_PLACEMENT_3D('',#620,#621,#622);
#620 = CARTESIAN_POINT('',(0.,0.,23.));
#621 = DIRECTION('',(0.,0.,1.));
#622 = DIRECTION('',(1.,0.,-0.));
#623 = ORIENTED_EDGE('',*,*,#624,.F.);
#624 = EDGE_CURVE('',#599,#616,#625,.T.);
#625 = LINE('',#626,#627);
#626 = CARTESIAN_POINT('',(66.479966776655,49.365133782608,8.));
#627 = VECTOR('',#628,1.);
#628 = DIRECTION('',(0.,0.,1.));
#629 = FACE_BOUND('',#630,.T.);
#630 = EDGE_LOOP('',(#631,#642,#650,#659));
#631 = ORIENTED_EDGE('',*,*,#632,.F.);
#632 = EDGE_CURVE('',#633,#635,#637,.T.);
#633 = VERTEX_POINT('',#634);
#634 = CARTESIAN_POINT('',(64.889339158417,51.438080053438,18.5));
#635 = VERTEX_POINT('',#636);
#636 = CARTESIAN_POINT('',(64.263415686233,52.217964536531,18.5));
#637 = CIRCLE('',#638,82.804);
#638 = AXIS2_PLACEMENT_3D('',#639,#640,#641);
#639 = CARTESIAN_POINT('',(0.,0.,18.5));
#640 = DIRECTION('',(0.,0.,1.));
#641 = DIRECTION('',(1.,0.,-0.));
#642 = ORIENTED_EDGE('',*,*,#643,.T.);
#643 = EDGE_CURVE('',#633,#644,#646,.T.);
#644 = VERTEX_POINT('',#645);
#645 = CARTESIAN_POINT('',(64.889339158417,51.438080053438,23.));
#646 = LINE('',#647,#648);
#647 = CARTESIAN_POINT('',(64.889339158417,51.438080053438,8.));
#648 = VECTOR('',#649,1.);
#649 = DIRECTION('',(0.,0.,1.));
#650 = ORIENTED_EDGE('',*,*,#651,.T.);
#651 = EDGE_CURVE('',#644,#652,#654,.T.);
#652 = VERTEX_POINT('',#653);
#653 = CARTESIAN_POINT('',(64.263415686233,52.217964536531,23.));
#654 = CIRCLE('',#655,82.804);
#655 = AXIS2_PLACEMENT_3D('',#656,#657,#658);
#656 = CARTESIAN_POINT('',(0.,0.,23.));
#657 = DIRECTION('',(0.,0.,1.));
#658 = DIRECTION('',(1.,0.,-0.));
#659 = ORIENTED_EDGE('',*,*,#660,.F.);
#660 = EDGE_CURVE('',#635,#652,#661,.T.);
#661 = LINE('',#662,#663);
#662 = CARTESIAN_POINT('',(64.263415686233,52.217964536531,8.));
#663 = VECTOR('',#664,1.);
#664 = DIRECTION('',(0.,0.,1.));
#665 = FACE_BOUND('',#666,.T.);
#666 = EDGE_LOOP('',(#667,#678,#686,#695));
#667 = ORIENTED_EDGE('',*,*,#668,.F.);
#668 = EDGE_CURVE('',#669,#671,#673,.T.);
#669 = VERTEX_POINT('',#670);
#670 = CARTESIAN_POINT('',(62.583881346659,54.219555619604,18.5));
#671 = VERTEX_POINT('',#672);
#672 = CARTESIAN_POINT('',(61.924535531559,54.971395427083,18.5));
#673 = CIRCLE('',#674,82.804);
#674 = AXIS2_PLACEMENT_3D('',#675,#676,#677);
#675 = CARTESIAN_POINT('',(0.,0.,18.5));
#676 = DIRECTION('',(0.,0.,1.));
#677 = DIRECTION('',(1.,0.,-0.));
#678 = ORIENTED_EDGE('',*,*,#679,.T.);
#679 = EDGE_CURVE('',#669,#680,#682,.T.);
#680 = VERTEX_POINT('',#681);
#681 = CARTESIAN_POINT('',(62.583881346659,54.219555619604,23.));
#682 = LINE('',#683,#684);
#683 = CARTESIAN_POINT('',(62.583881346659,54.219555619604,8.));
#684 = VECTOR('',#685,1.);
#685 = DIRECTION('',(0.,0.,1.));
#686 = ORIENTED_EDGE('',*,*,#687,.T.);
#687 = EDGE_CURVE('',#680,#688,#690,.T.);
#688 = VERTEX_POINT('',#689);
#689 = CARTESIAN_POINT('',(61.924535531559,54.971395427083,23.));
#690 = CIRCLE('',#691,82.804);
#691 = AXIS2_PLACEMENT_3D('',#692,#693,#694);
#692 = CARTESIAN_POINT('',(0.,0.,23.));
#693 = DIRECTION('',(0.,0.,1.));
#694 = DIRECTION('',(1.,0.,-0.));
#695 = ORIENTED_EDGE('',*,*,#696,.F.);
#696 = EDGE_CURVE('',#671,#688,#697,.T.);
#697 = LINE('',#698,#699);
#698 = CARTESIAN_POINT('',(61.924535531559,54.971395427083,8.));
#699 = VECTOR('',#700,1.);
#700 = DIRECTION('',(0.,0.,1.));
#701 = FACE_BOUND('',#702,.T.);
#702 = EDGE_LOOP('',(#703,#714,#722,#731));
#703 = ORIENTED_EDGE('',*,*,#704,.F.);
#704 = EDGE_CURVE('',#705,#707,#709,.T.);
#705 = VERTEX_POINT('',#706);
#706 = CARTESIAN_POINT('',(60.159291559722,56.89782118001,18.5));
#707 = VERTEX_POINT('',#708);
#708 = CARTESIAN_POINT('',(59.467778503939,57.62018514207,18.5));
#709 = CIRCLE('',#710,82.804);
#710 = AXIS2_PLACEMENT_3D('',#711,#712,#713);
#711 = CARTESIAN_POINT('',(0.,0.,18.5));
#712 = DIRECTION('',(0.,0.,1.));
#713 = DIRECTION('',(1.,0.,-0.));
#714 = ORIENTED_EDGE('',*,*,#715,.T.);
#715 = EDGE_CURVE('',#705,#716,#718,.T.);
#716 = VERTEX_POINT('',#717);
#717 = CARTESIAN_POINT('',(60.159291559722,56.89782118001,23.));
#718 = LINE('',#719,#720);
#719 = CARTESIAN_POINT('',(60.159291559722,56.89782118001,8.));
#720 = VECTOR('',#721,1.);
#721 = DIRECTION('',(0.,0.,1.));
#722 = ORIENTED_EDGE('',*,*,#723,.T.);
#723 = EDGE_CURVE('',#716,#724,#726,.T.);
#724 = VERTEX_POINT('',#725);
#725 = CARTESIAN_POINT('',(59.467778503939,57.62018514207,23.));
#726 = CIRCLE('',#727,82.804);
#727 = AXIS2_PLACEMENT_3D('',#728,#729,#730);
#728 = CARTESIAN_POINT('',(0.,0.,23.));
#729 = DIRECTION('',(0.,0.,1.));
#730 = DIRECTION('',(1.,0.,-0.));
#731 = ORIENTED_EDGE('',*,*,#732,.F.);
#732 = EDGE_CURVE('',#707,#724,#733,.T.);
#733 = LINE('',#734,#735);
#734 = CARTESIAN_POINT('',(59.467778503939,57.62018514207,8.));
#735 = VECTOR('',#736,1.);
#736 = DIRECTION('',(0.,0.,1.));
#737 = FACE_BOUND('',#738,.T.);
#738 = EDGE_LOOP('',(#739,#750,#758,#767));
#739 = ORIENTED_EDGE('',*,*,#740,.F.);
#740 = EDGE_CURVE('',#741,#743,#745,.T.);
#741 = VERTEX_POINT('',#742);
#742 = CARTESIAN_POINT('',(57.62018514207,59.467778503939,18.5));
#743 = VERTEX_POINT('',#744);
#744 = CARTESIAN_POINT('',(56.89782118001,60.159291559722,18.5));
#745 = CIRCLE('',#746,82.804);
#746 = AXIS2_PLACEMENT_3D('',#747,#748,#749);
#747 = CARTESIAN_POINT('',(0.,0.,18.5));
#748 = DIRECTION('',(0.,0.,1.));
#749 = DIRECTION('',(1.,0.,-0.));
#750 = ORIENTED_EDGE('',*,*,#751,.T.);
#751 = EDGE_CURVE('',#741,#752,#754,.T.);
#752 = VERTEX_POINT('',#753);
#753 = CARTESIAN_POINT('',(57.62018514207,59.467778503939,23.));
#754 = LINE('',#755,#756);
#755 = CARTESIAN_POINT('',(57.62018514207,59.467778503939,8.));
#756 = VECTOR('',#757,1.);
#757 = DIRECTION('',(0.,0.,1.));
#758 = ORIENTED_EDGE('',*,*,#759,.T.);
#759 = EDGE_CURVE('',#752,#760,#762,.T.);
#760 = VERTEX_POINT('',#761);
#761 = CARTESIAN_POINT('',(56.89782118001,60.159291559722,23.));
#762 = CIRCLE('',#763,82.804);
#763 = AXIS2_PLACEMENT_3D('',#764,#765,#766);
#764 = CARTESIAN_POINT('',(0.,0.,23.));
#765 = DIRECTION('',(0.,0.,1.));
#766 = DIRECTION('',(1.,0.,-0.));
#767 = ORIENTED_EDGE('',*,*,#768,.F.);
#768 = EDGE_CURVE('',#743,#760,#769,.T.);
#769 = LINE('',#770,#771);
#770 = CARTESIAN_POINT('',(56.89782118001,60.159291559722,8.));
#771 = VECTOR('',#772,1.);
#772 = DIRECTION('',(0.,0.,1.));
#773 = FACE_BOUND('',#774,.T.);
#774 = EDGE_LOOP('',(#775,#786,#794,#803));
#775 = ORIENTED_EDGE('',*,*,#776,.F.);
#776 = EDGE_CURVE('',#777,#779,#781,.T.);
#777 = VERTEX_POINT('',#778);
#778 = CARTESIAN_POINT('',(54.971395427083,61.924535531559,18.5));
#779 = VERTEX_POINT('',#780);
#780 = CARTESIAN_POINT('',(54.219555619604,62.583881346659,18.5));
#781 = CIRCLE('',#782,82.804);
#782 = AXIS2_PLACEMENT_3D('',#783,#784,#785);
#783 = CARTESIAN_POINT('',(0.,0.,18.5));
#784 = DIRECTION('',(0.,0.,1.));
#785 = DIRECTION('',(1.,0.,-0.));
#786 = ORIENTED_EDGE('',*,*,#787,.T.);
#787 = EDGE_CURVE('',#777,#788,#790,.T.);
#788 = VERTEX_POINT('',#789);
#789 = CARTESIAN_POINT('',(54.971395427083,61.924535531559,23.));
#790 = LINE('',#791,#792);
#791 = CARTESIAN_POINT('',(54.971395427083,61.924535531559,8.));
#792 = VECTOR('',#793,1.);
#793 = DIRECTION('',(0.,0.,1.));
#794 = ORIENTED_EDGE('',*,*,#795,.T.);
#795 = EDGE_CURVE('',#788,#796,#798,.T.);
#796 = VERTEX_POINT('',#797);
#797 = CARTESIAN_POINT('',(54.219555619604,62.583881346659,23.));
#798 = CIRCLE('',#799,82.804);
#799 = AXIS2_PLACEMENT_3D('',#800,#801,#802);
#800 = CARTESIAN_POINT('',(0.,0.,23.));
#801 = DIRECTION('',(0.,0.,1.));
#802 = DIRECTION('',(1.,0.,-0.));
#803 = ORIENTED_EDGE('',*,*,#804,.F.);
#804 = EDGE_CURVE('',#779,#796,#805,.T.);
#805 = LINE('',#806,#807);
#806 = CARTESIAN_POINT('',(54.219555619604,62.583881346659,8.));
#807 = VECTOR('',#808,1.);
#808 = DIRECTION('',(0.,0.,1.));
#809 = FACE_BOUND('',#810,.T.);
#810 = EDGE_LOOP('',(#811,#822,#830,#839));
#811 = ORIENTED_EDGE('',*,*,#812,.F.);
#812 = EDGE_CURVE('',#813,#815,#817,.T.);
#813 = VERTEX_POINT('',#814);
#814 = CARTESIAN_POINT('',(52.217964536531,64.263415686233,18.5));
#815 = VERTEX_POINT('',#816);
#816 = CARTESIAN_POINT('',(51.438080053438,64.889339158417,18.5));
#817 = CIRCLE('',#818,82.804);
#818 = AXIS2_PLACEMENT_3D('',#819,#820,#821);
#819 = CARTESIAN_POINT('',(0.,0.,18.5));
#820 = DIRECTION('',(0.,0.,1.));
#821 = DIRECTION('',(1.,0.,-0.));
#822 = ORIENTED_EDGE('',*,*,#823,.T.);
#823 = EDGE_CURVE('',#813,#824,#826,.T.);
#824 = VERTEX_POINT('',#825);
#825 = CARTESIAN_POINT('',(52.217964536531,64.263415686233,23.));
#826 = LINE('',#827,#828);
#827 = CARTESIAN_POINT('',(52.217964536531,64.263415686233,8.));
#828 = VECTOR('',#829,1.);
#829 = DIRECTION('',(0.,0.,1.));
#830 = ORIENTED_EDGE('',*,*,#831,.T.);
#831 = EDGE_CURVE('',#824,#832,#834,.T.);
#832 = VERTEX_POINT('',#833);
#833 = CARTESIAN_POINT('',(51.438080053438,64.889339158417,23.));
#834 = CIRCLE('',#835,82.804);
#835 = AXIS2_PLACEMENT_3D('',#836,#837,#838);
#836 = CARTESIAN_POINT('',(0.,0.,23.));
#837 = DIRECTION('',(0.,0.,1.));
#838 = DIRECTION('',(1.,0.,-0.));
#839 = ORIENTED_EDGE('',*,*,#840,.F.);
#840 = EDGE_CURVE('',#815,#832,#841,.T.);
#841 = LINE('',#842,#843);
#842 = CARTESIAN_POINT('',(51.438080053438,64.889339158417,8.));
#843 = VECTOR('',#844,1.);
#844 = DIRECTION('',(0.,0.,1.));
#845 = FACE_BOUND('',#846,.T.);
#846 = EDGE_LOOP('',(#847,#858,#866,#875));
#847 = ORIENTED_EDGE('',*,*,#848,.F.);
#848 = EDGE_CURVE('',#849,#851,#853,.T.);
#849 = VERTEX_POINT('',#850);
#850 = CARTESIAN_POINT('',(49.365133782608,66.479966776655,18.5));
#851 = VERTEX_POINT('',#852);
#852 = CARTESIAN_POINT('',(48.558689178341,67.071276425019,18.5));
#853 = CIRCLE('',#854,82.804);
#854 = AXIS2_PLACEMENT_3D('',#855,#856,#857);
#855 = CARTESIAN_POINT('',(0.,0.,18.5));
#856 = DIRECTION('',(0.,0.,1.));
#857 = DIRECTION('',(1.,0.,-0.));
#858 = ORIENTED_EDGE('',*,*,#859,.T.);
#859 = EDGE_CURVE('',#849,#860,#862,.T.);
#860 = VERTEX_POINT('',#861);
#861 = CARTESIAN_POINT('',(49.365133782608,66.479966776655,23.));
#862 = LINE('',#863,#864);
#863 = CARTESIAN_POINT('',(49.365133782608,66.479966776655,8.));
#864 = VECTOR('',#865,1.);
#865 = DIRECTION('',(0.,0.,1.));
#866 = ORIENTED_EDGE('',*,*,#867,.T.);
#867 = EDGE_CURVE('',#860,#868,#870,.T.);
#868 = VERTEX_POINT('',#869);
#869 = CARTESIAN_POINT('',(48.558689178341,67.071276425019,23.));
#870 = CIRCLE('',#871,82.804);
#871 = AXIS2_PLACEMENT_3D('',#872,#873,#874);
#872 = CARTESIAN_POINT('',(0.,0.,23.));
#873 = DIRECTION('',(0.,0.,1.));
#874 = DIRECTION('',(1.,0.,-0.));
#875 = ORIENTED_EDGE('',*,*,#876,.F.);
#876 = EDGE_CURVE('',#851,#868,#877,.T.);
#877 = LINE('',#878,#879);
#878 = CARTESIAN_POINT('',(48.558689178341,67.071276425019,8.));
#879 = VECTOR('',#880,1.);
#880 = DIRECTION('',(0.,0.,1.));
#881 = FACE_BOUND('',#882,.T.);
#882 = EDGE_LOOP('',(#883,#894,#902,#911));
#883 = ORIENTED_EDGE('',*,*,#884,.F.);
#884 = EDGE_CURVE('',#885,#887,#889,.T.);
#885 = VERTEX_POINT('',#886);
#886 = CARTESIAN_POINT('',(46.4183336908,68.569969471844,18.5));
#887 = VERTEX_POINT('',#888);
#888 = CARTESIAN_POINT('',(45.586864078497,69.125539704863,18.5));
#889 = CIRCLE('',#890,82.804);
#890 = AXIS2_PLACEMENT_3D('',#891,#892,#893);
#891 = CARTESIAN_POINT('',(0.,0.,18.5));
#892 = DIRECTION('',(0.,0.,1.));
#893 = DIRECTION('',(1.,0.,-0.));
#894 = ORIENTED_EDGE('',*,*,#895,.T.);
#895 = EDGE_CURVE('',#885,#896,#898,.T.);
#896 = VERTEX_POINT('',#897);
#897 = CARTESIAN_POINT('',(46.4183336908,68.569969471844,23.));
#898 = LINE('',#899,#900);
#899 = CARTESIAN_POINT('',(46.4183336908,68.569969471844,8.));
#900 = VECTOR('',#901,1.);
#901 = DIRECTION('',(0.,0.,1.));
#902 = ORIENTED_EDGE('',*,*,#903,.T.);
#903 = EDGE_CURVE('',#896,#904,#906,.T.);
#904 = VERTEX_POINT('',#905);
#905 = CARTESIAN_POINT('',(45.586864078497,69.125539704863,23.));
#906 = CIRCLE('',#907,82.804);
#907 = AXIS2_PLACEMENT_3D('',#908,#909,#910);
#908 = CARTESIAN_POINT('',(0.,0.,23.));
#909 = DIRECTION('',(0.,0.,1.));
#910 = DIRECTION('',(1.,0.,-0.));
#911 = ORIENTED_EDGE('',*,*,#912,.F.);
#912 = EDGE_CURVE('',#887,#904,#913,.T.);
#913 = LINE('',#914,#915);
#914 = CARTESIAN_POINT('',(45.586864078497,69.125539704863,8.));
#915 = VECTOR('',#916,1.);
#916 = DIRECTION('',(0.,0.,1.));
#917 = FACE_BOUND('',#918,.T.);
#918 = EDGE_LOOP('',(#919,#930,#938,#947));
#919 = ORIENTED_EDGE('',*,*,#920,.F.);
#920 = EDGE_CURVE('',#921,#923,#925,.T.);
#921 = VERTEX_POINT('',#922);
#922 = CARTESIAN_POINT('',(43.383173662565,70.52944533288,18.5));
#923 = VERTEX_POINT('',#924);
#924 = CARTESIAN_POINT('',(42.528261791892,71.048218591041,18.5));
#925 = CIRCLE('',#926,82.804);
#926 = AXIS2_PLACEMENT_3D('',#927,#928,#929);
#927 = CARTESIAN_POINT('',(0.,0.,18.5));
#928 = DIRECTION('',(0.,0.,1.));
#929 = DIRECTION('',(1.,0.,-0.));
#930 = ORIENTED_EDGE('',*,*,#931,.T.);
#931 = EDGE_CURVE('',#921,#932,#934,.T.);
#932 = VERTEX_POINT('',#933);
#933 = CARTESIAN_POINT('',(43.383173662565,70.52944533288,23.));
#934 = LINE('',#935,#936);
#935 = CARTESIAN_POINT('',(43.383173662565,70.52944533288,8.));
#936 = VECTOR('',#937,1.);
#937 = DIRECTION('',(0.,0.,1.));
#938 = ORIENTED_EDGE('',*,*,#939,.T.);
#939 = EDGE_CURVE('',#932,#940,#942,.T.);
#940 = VERTEX_POINT('',#941);
#941 = CARTESIAN_POINT('',(42.528261791892,71.048218591041,23.));
#942 = CIRCLE('',#943,82.804);
#943 = AXIS2_PLACEMENT_3D('',#944,#945,#946);
#944 = CARTESIAN_POINT('',(0.,0.,23.));
#945 = DIRECTION('',(0.,0.,1.));
#946 = DIRECTION('',(1.,0.,-0.));
#947 = ORIENTED_EDGE('',*,*,#948,.F.);
#948 = EDGE_CURVE('',#923,#940,#949,.T.);
#949 = LINE('',#950,#951);
#950 = CARTESIAN_POINT('',(42.528261791892,71.048218591041,8.));
#951 = VECTOR('',#952,1.);
#952 = DIRECTION('',(0.,0.,1.));
#953 = FACE_BOUND('',#954,.T.);
#954 = EDGE_LOOP('',(#955,#966,#974,#983));
#955 = ORIENTED_EDGE('',*,*,#956,.F.);
#956 = EDGE_CURVE('',#957,#959,#961,.T.);
#957 = VERTEX_POINT('',#958);
#958 = CARTESIAN_POINT('',(40.265431297525,72.354664386094,18.5));
#959 = VERTEX_POINT('',#960);
#960 = CARTESIAN_POINT('',(39.388704541818,72.835653155013,18.5));
#961 = CIRCLE('',#962,82.804);
#962 = AXIS2_PLACEMENT_3D('',#963,#964,#965);
#963 = CARTESIAN_POINT('',(0.,0.,18.5));
#964 = DIRECTION('',(0.,0.,1.));
#965 = DIRECTION('',(1.,0.,-0.));
#966 = ORIENTED_EDGE('',*,*,#967,.T.);
#967 = EDGE_CURVE('',#957,#968,#970,.T.);
#968 = VERTEX_POINT('',#969);
#969 = CARTESIAN_POINT('',(40.265431297525,72.354664386094,23.));
#970 = LINE('',#971,#972);
#971 = CARTESIAN_POINT('',(40.265431297525,72.354664386094,8.));
#972 = VECTOR('',#973,1.);
#973 = DIRECTION('',(0.,0.,1.));
#974 = ORIENTED_EDGE('',*,*,#975,.T.);
#975 = EDGE_CURVE('',#968,#976,#978,.T.);
#976 = VERTEX_POINT('',#977);
#977 = CARTESIAN_POINT('',(39.388704541818,72.835653155013,23.));
#978 = CIRCLE('',#979,82.804);
#979 = AXIS2_PLACEMENT_3D('',#980,#981,#982);
#980 = CARTESIAN_POINT('',(0.,0.,23.));
#981 = DIRECTION('',(0.,0.,1.));
#982 = DIRECTION('',(1.,0.,-0.));
#983 = ORIENTED_EDGE('',*,*,#984,.F.);
#984 = EDGE_CURVE('',#959,#976,#985,.T.);
#985 = LINE('',#986,#987);
#986 = CARTESIAN_POINT('',(39.388704541818,72.835653155013,8.));
#987 = VECTOR('',#988,1.);
#988 = DIRECTION('',(0.,0.,1.));
#989 = FACE_BOUND('',#990,.T.);
#990 = EDGE_LOOP('',(#991,#1002,#1010,#1019));
#991 = ORIENTED_EDGE('',*,*,#992,.F.);
#992 = EDGE_CURVE('',#993,#995,#997,.T.);
#993 = VERTEX_POINT('',#994);
#994 = CARTESIAN_POINT('',(37.071041395473,74.042152223278,18.5));
#995 = VERTEX_POINT('',#996);
#996 = CARTESIAN_POINT('',(36.17416865394,74.484440913497,18.5));
#997 = CIRCLE('',#998,82.804);
#998 = AXIS2_PLACEMENT_3D('',#999,#1000,#1001);
#999 = CARTESIAN_POINT('',(0.,0.,18.5));
#1000 = DIRECTION('',(0.,0.,1.));
#1001 = DIRECTION('',(1.,0.,-0.));
#1002 = ORIENTED_EDGE('',*,*,#1003,.T.);
#1003 = EDGE_CURVE('',#993,#1004,#1006,.T.);
#1004 = VERTEX_POINT('',#1005);
#1005 = CARTESIAN_POINT('',(37.071041395473,74.042152223278,23.));
#1006 = LINE('',#1007,#1008);
#1007 = CARTESIAN_POINT('',(37.071041395473,74.042152223278,8.));
#1008 = VECTOR('',#1009,1.);
#1009 = DIRECTION('',(0.,0.,1.));
#1010 = ORIENTED_EDGE('',*,*,#1011,.T.);
#1011 = EDGE_CURVE('',#1004,#1012,#1014,.T.);
#1012 = VERTEX_POINT('',#1013);
#1013 = CARTESIAN_POINT('',(36.17416865394,74.484440913497,23.));
#1014 = CIRCLE('',#1015,82.804);
#1015 = AXIS2_PLACEMENT_3D('',#1016,#1017,#1018);
#1016 = CARTESIAN_POINT('',(0.,0.,23.));
#1017 = DIRECTION('',(0.,0.,1.));
#1018 = DIRECTION('',(1.,0.,-0.));
#1019 = ORIENTED_EDGE('',*,*,#1020,.F.);
#1020 = EDGE_CURVE('',#995,#1012,#1021,.T.);
#1021 = LINE('',#1022,#1023);
#1022 = CARTESIAN_POINT('',(36.17416865394,74.484440913497,8.));
#1023 = VECTOR('',#1024,1.);
#1024 = DIRECTION('',(0.,0.,1.));
#1025 = FACE_BOUND('',#1026,.T.);
#1026 = EDGE_LOOP('',(#1027,#1038,#1046,#1055));
#1027 = ORIENTED_EDGE('',*,*,#1028,.F.);
#1028 = EDGE_CURVE('',#1029,#1031,#1033,.T.);
#1029 = VERTEX_POINT('',#1030);
#1030 = CARTESIAN_POINT('',(33.806084659144,75.588696615425,18.5));
#1031 = VERTEX_POINT('',#1032);
#1032 = CARTESIAN_POINT('',(32.890773180025,75.991443305284,18.5));
#1033 = CIRCLE('',#1034,82.804);
#1034 = AXIS2_PLACEMENT_3D('',#1035,#1036,#1037);
#1035 = CARTESIAN_POINT('',(0.,0.,18.5));
#1036 = DIRECTION('',(0.,0.,1.));
#1037 = DIRECTION('',(1.,0.,-0.));
#1038 = ORIENTED_EDGE('',*,*,#1039,.T.);
#1039 = EDGE_CURVE('',#1029,#1040,#1042,.T.);
#1040 = VERTEX_POINT('',#1041);
#1041 = CARTESIAN_POINT('',(33.806084659144,75.588696615425,23.));
#1042 = LINE('',#1043,#1044);
#1043 = CARTESIAN_POINT('',(33.806084659144,75.588696615425,8.));
#1044 = VECTOR('',#1045,1.);
#1045 = DIRECTION('',(0.,0.,1.));
#1046 = ORIENTED_EDGE('',*,*,#1047,.T.);
#1047 = EDGE_CURVE('',#1040,#1048,#1050,.T.);
#1048 = VERTEX_POINT('',#1049);
#1049 = CARTESIAN_POINT('',(32.890773180025,75.991443305284,23.));
#1050 = CIRCLE('',#1051,82.804);
#1051 = AXIS2_PLACEMENT_3D('',#1052,#1053,#1054);
#1052 = CARTESIAN_POINT('',(0.,0.,23.));
#1053 = DIRECTION('',(0.,0.,1.));
#1054 = DIRECTION('',(1.,0.,-0.));
#1055 = ORIENTED_EDGE('',*,*,#1056,.F.);
#1056 = EDGE_CURVE('',#1031,#1048,#1057,.T.);
#1057 = LINE('',#1058,#1059);
#1058 = CARTESIAN_POINT('',(32.890773180025,75.991443305284,8.));
#1059 = VECTOR('',#1060,1.);
#1060 = DIRECTION('',(0.,0.,1.));
#1061 = FACE_BOUND('',#1062,.T.);
#1062 = EDGE_LOOP('',(#1063,#1074,#1082,#1091));
#1063 = ORIENTED_EDGE('',*,*,#1064,.F.);
#1064 = EDGE_CURVE('',#1065,#1067,#1069,.T.);
#1065 = VERTEX_POINT('',#1066);
#1066 = CARTESIAN_POINT('',(30.476776119255,76.991353627383,18.5));
#1067 = VERTEX_POINT('',#1068);
#1068 = CARTESIAN_POINT('',(29.544768249972,77.353791665667,18.5));
#1069 = CIRCLE('',#1070,82.804);
#1070 = AXIS2_PLACEMENT_3D('',#1071,#1072,#1073);
#1071 = CARTESIAN_POINT('',(0.,0.,18.5));
#1072 = DIRECTION('',(0.,0.,1.));
#1073 = DIRECTION('',(1.,0.,-0.));
#1074 = ORIENTED_EDGE('',*,*,#1075,.T.);
#1075 = EDGE_CURVE('',#1065,#1076,#1078,.T.);
#1076 = VERTEX_POINT('',#1077);
#1077 = CARTESIAN_POINT('',(30.476776119255,76.991353627383,23.));
#1078 = LINE('',#1079,#1080);
#1079 = CARTESIAN_POINT('',(30.476776119255,76.991353627383,8.));
#1080 = VECTOR('',#1081,1.);
#1081 = DIRECTION('',(0.,0.,1.));
#1082 = ORIENTED_EDGE('',*,*,#1083,.T.);
#1083 = EDGE_CURVE('',#1076,#1084,#1086,.T.);
#1084 = VERTEX_POINT('',#1085);
#1085 = CARTESIAN_POINT('',(29.544768249972,77.353791665667,23.));
#1086 = CIRCLE('',#1087,82.804);
#1087 = AXIS2_PLACEMENT_3D('',#1088,#1089,#1090);
#1088 = CARTESIAN_POINT('',(0.,0.,23.));
#1089 = DIRECTION('',(0.,0.,1.));
#1090 = DIRECTION('',(1.,0.,-0.));
#1091 = ORIENTED_EDGE('',*,*,#1092,.F.);
#1092 = EDGE_CURVE('',#1067,#1084,#1093,.T.);
#1093 = LINE('',#1094,#1095);
#1094 = CARTESIAN_POINT('',(29.544768249972,77.353791665667,8.));
#1095 = VECTOR('',#1096,1.);
#1096 = DIRECTION('',(0.,0.,1.));
#1097 = FACE_BOUND('',#1098,.T.);
#1098 = EDGE_LOOP('',(#1099,#1110,#1118,#1127));
#1099 = ORIENTED_EDGE('',*,*,#1100,.F.);
#1100 = EDGE_CURVE('',#1101,#1103,#1105,.T.);
#1101 = VERTEX_POINT('',#1102);
#1102 = CARTESIAN_POINT('',(27.089453303836,78.24745322181,18.5));
#1103 = VERTEX_POINT('',#1104);
#1104 = CARTESIAN_POINT('',(26.142523174341,78.568892687113,18.5));
#1105 = CIRCLE('',#1106,82.804);
#1106 = AXIS2_PLACEMENT_3D('',#1107,#1108,#1109);
#1107 = CARTESIAN_POINT('',(0.,0.,18.5));
#1108 = DIRECTION('',(0.,0.,1.));
#1109 = DIRECTION('',(1.,0.,-0.));
#1110 = ORIENTED_EDGE('',*,*,#1111,.T.);
#1111 = EDGE_CURVE('',#1101,#1112,#1114,.T.);
#1112 = VERTEX_POINT('',#1113);
#1113 = CARTESIAN_POINT('',(27.089453303836,78.24745322181,23.));
#1114 = LINE('',#1115,#1116);
#1115 = CARTESIAN_POINT('',(27.089453303836,78.24745322181,8.));
#1116 = VECTOR('',#1117,1.);
#1117 = DIRECTION('',(0.,0.,1.));
#1118 = ORIENTED_EDGE('',*,*,#1119,.T.);
#1119 = EDGE_CURVE('',#1112,#1120,#1122,.T.);
#1120 = VERTEX_POINT('',#1121);
#1121 = CARTESIAN_POINT('',(26.142523174341,78.568892687113,23.));
#1122 = CIRCLE('',#1123,82.804);
#1123 = AXIS2_PLACEMENT_3D('',#1124,#1125,#1126);
#1124 = CARTESIAN_POINT('',(0.,0.,23.));
#1125 = DIRECTION('',(0.,0.,1.));
#1126 = DIRECTION('',(1.,0.,-0.));
#1127 = ORIENTED_EDGE('',*,*,#1128,.F.);
#1128 = EDGE_CURVE('',#1103,#1120,#1129,.T.);
#1129 = LINE('',#1130,#1131);
#1130 = CARTESIAN_POINT('',(26.142523174341,78.568892687113,8.));
#1131 = VECTOR('',#1132,1.);
#1132 = DIRECTION('',(0.,0.,1.));
#1133 = FACE_BOUND('',#1134,.T.);
#1134 = EDGE_LOOP('',(#1135,#1146,#1154,#1163));
#1135 = ORIENTED_EDGE('',*,*,#1136,.F.);
#1136 = EDGE_CURVE('',#1137,#1139,#1141,.T.);
#1137 = VERTEX_POINT('',#1138);
#1138 = CARTESIAN_POINT('',(-26.14252317434,78.568892687113,18.5));
#1139 = VERTEX_POINT('',#1140);
#1140 = CARTESIAN_POINT('',(-27.08945330383,78.24745322181,18.5));
#1141 = CIRCLE('',#1142,82.804);
#1142 = AXIS2_PLACEMENT_3D('',#1143,#1144,#1145);
#1143 = CARTESIAN_POINT('',(0.,0.,18.5));
#1144 = DIRECTION('',(0.,0.,1.));
#1145 = DIRECTION('',(1.,0.,-0.));
#1146 = ORIENTED_EDGE('',*,*,#1147,.T.);
#1147 = EDGE_CURVE('',#1137,#1148,#1150,.T.);
#1148 = VERTEX_POINT('',#1149);
#1149 = CARTESIAN_POINT('',(-26.14252317434,78.568892687113,23.));
#1150 = LINE('',#1151,#1152);
#1151 = CARTESIAN_POINT('',(-26.14252317434,78.568892687113,8.));
#1152 = VECTOR('',#1153,1.);
#1153 = DIRECTION('',(0.,0.,1.));
#1154 = ORIENTED_EDGE('',*,*,#1155,.T.);
#1155 = EDGE_CURVE('',#1148,#1156,#1158,.T.);
#1156 = VERTEX_POINT('',#1157);
#1157 = CARTESIAN_POINT('',(-27.08945330383,78.24745322181,23.));
#1158 = CIRCLE('',#1159,82.804);
#1159 = AXIS2_PLACEMENT_3D('',#1160,#1161,#1162);
#1160 = CARTESIAN_POINT('',(0.,0.,23.));
#1161 = DIRECTION('',(0.,0.,1.));
#1162 = DIRECTION('',(1.,0.,-0.));
#1163 = ORIENTED_EDGE('',*,*,#1164,.F.);
#1164 = EDGE_CURVE('',#1139,#1156,#1165,.T.);
#1165 = LINE('',#1166,#1167);
#1166 = CARTESIAN_POINT('',(-27.08945330383,78.24745322181,8.));
#1167 = VECTOR('',#1168,1.);
#1168 = DIRECTION('',(0.,0.,1.));
#1169 = FACE_BOUND('',#1170,.T.);
#1170 = EDGE_LOOP('',(#1171,#1182,#1190,#1199));
#1171 = ORIENTED_EDGE('',*,*,#1172,.F.);
#1172 = EDGE_CURVE('',#1173,#1175,#1177,.T.);
#1173 = VERTEX_POINT('',#1174);
#1174 = CARTESIAN_POINT('',(-29.54476824997,77.353791665667,18.5));
#1175 = VERTEX_POINT('',#1176);
#1176 = CARTESIAN_POINT('',(-30.47677611925,76.991353627383,18.5));
#1177 = CIRCLE('',#1178,82.804);
#1178 = AXIS2_PLACEMENT_3D('',#1179,#1180,#1181);
#1179 = CARTESIAN_POINT('',(0.,0.,18.5));
#1180 = DIRECTION('',(0.,0.,1.));
#1181 = DIRECTION('',(1.,0.,-0.));
#1182 = ORIENTED_EDGE('',*,*,#1183,.T.);
#1183 = EDGE_CURVE('',#1173,#1184,#1186,.T.);
#1184 = VERTEX_POINT('',#1185);
#1185 = CARTESIAN_POINT('',(-29.54476824997,77.353791665667,23.));
#1186 = LINE('',#1187,#1188);
#1187 = CARTESIAN_POINT('',(-29.54476824997,77.353791665667,8.));
#1188 = VECTOR('',#1189,1.);
#1189 = DIRECTION('',(0.,0.,1.));
#1190 = ORIENTED_EDGE('',*,*,#1191,.T.);
#1191 = EDGE_CURVE('',#1184,#1192,#1194,.T.);
#1192 = VERTEX_POINT('',#1193);
#1193 = CARTESIAN_POINT('',(-30.47677611925,76.991353627383,23.));
#1194 = CIRCLE('',#1195,82.804);
#1195 = AXIS2_PLACEMENT_3D('',#1196,#1197,#1198);
#1196 = CARTESIAN_POINT('',(0.,0.,23.));
#1197 = DIRECTION('',(0.,0.,1.));
#1198 = DIRECTION('',(1.,0.,-0.));
#1199 = ORIENTED_EDGE('',*,*,#1200,.F.);
#1200 = EDGE_CURVE('',#1175,#1192,#1201,.T.);
#1201 = LINE('',#1202,#1203);
#1202 = CARTESIAN_POINT('',(-30.47677611925,76.991353627383,8.));
#1203 = VECTOR('',#1204,1.);
#1204 = DIRECTION('',(0.,0.,1.));
#1205 = FACE_BOUND('',#1206,.T.);
#1206 = EDGE_LOOP('',(#1207,#1218,#1226,#1235));
#1207 = ORIENTED_EDGE('',*,*,#1208,.F.);
#1208 = EDGE_CURVE('',#1209,#1211,#1213,.T.);
#1209 = VERTEX_POINT('',#1210);
#1210 = CARTESIAN_POINT('',(-32.89077318002,75.991443305284,18.5));
#1211 = VERTEX_POINT('',#1212);
#1212 = CARTESIAN_POINT('',(-33.80608465914,75.588696615425,18.5));
#1213 = CIRCLE('',#1214,82.804);
#1214 = AXIS2_PLACEMENT_3D('',#1215,#1216,#1217);
#1215 = CARTESIAN_POINT('',(0.,0.,18.5));
#1216 = DIRECTION('',(0.,0.,1.));
#1217 = DIRECTION('',(1.,0.,-0.));
#1218 = ORIENTED_EDGE('',*,*,#1219,.T.);
#1219 = EDGE_CURVE('',#1209,#1220,#1222,.T.);
#1220 = VERTEX_POINT('',#1221);
#1221 = CARTESIAN_POINT('',(-32.89077318002,75.991443305284,23.));
#1222 = LINE('',#1223,#1224);
#1223 = CARTESIAN_POINT('',(-32.89077318002,75.991443305284,8.));
#1224 = VECTOR('',#1225,1.);
#1225 = DIRECTION('',(0.,0.,1.));
#1226 = ORIENTED_EDGE('',*,*,#1227,.T.);
#1227 = EDGE_CURVE('',#1220,#1228,#1230,.T.);
#1228 = VERTEX_POINT('',#1229);
#1229 = CARTESIAN_POINT('',(-33.80608465914,75.588696615425,23.));
#1230 = CIRCLE('',#1231,82.804);
#1231 = AXIS2_PLACEMENT_3D('',#1232,#1233,#1234);
#1232 = CARTESIAN_POINT('',(0.,0.,23.));
#1233 = DIRECTION('',(0.,0.,1.));
#1234 = DIRECTION('',(1.,0.,-0.));
#1235 = ORIENTED_EDGE('',*,*,#1236,.F.);
#1236 = EDGE_CURVE('',#1211,#1228,#1237,.T.);
#1237 = LINE('',#1238,#1239);
#1238 = CARTESIAN_POINT('',(-33.80608465914,75.588696615425,8.));
#1239 = VECTOR('',#1240,1.);
#1240 = DIRECTION('',(0.,0.,1.));
#1241 = FACE_BOUND('',#1242,.T.);
#1242 = EDGE_LOOP('',(#1243,#1254,#1262,#1271));
#1243 = ORIENTED_EDGE('',*,*,#1244,.F.);
#1244 = EDGE_CURVE('',#1245,#1247,#1249,.T.);
#1245 = VERTEX_POINT('',#1246);
#1246 = CARTESIAN_POINT('',(-36.17416865394,74.484440913497,18.5));
#1247 = VERTEX_POINT('',#1248);
#1248 = CARTESIAN_POINT('',(-37.07104139547,74.042152223278,18.5));
#1249 = CIRCLE('',#1250,82.804);
#1250 = AXIS2_PLACEMENT_3D('',#1251,#1252,#1253);
#1251 = CARTESIAN_POINT('',(0.,0.,18.5));
#1252 = DIRECTION('',(0.,0.,1.));
#1253 = DIRECTION('',(1.,0.,-0.));
#1254 = ORIENTED_EDGE('',*,*,#1255,.T.);
#1255 = EDGE_CURVE('',#1245,#1256,#1258,.T.);
#1256 = VERTEX_POINT('',#1257);
#1257 = CARTESIAN_POINT('',(-36.17416865394,74.484440913497,23.));
#1258 = LINE('',#1259,#1260);
#1259 = CARTESIAN_POINT('',(-36.17416865394,74.484440913497,8.));
#1260 = VECTOR('',#1261,1.);
#1261 = DIRECTION('',(0.,0.,1.));
#1262 = ORIENTED_EDGE('',*,*,#1263,.T.);
#1263 = EDGE_CURVE('',#1256,#1264,#1266,.T.);
#1264 = VERTEX_POINT('',#1265);
#1265 = CARTESIAN_POINT('',(-37.07104139547,74.042152223278,23.));
#1266 = CIRCLE('',#1267,82.804);
#1267 = AXIS2_PLACEMENT_3D('',#1268,#1269,#1270);
#1268 = CARTESIAN_POINT('',(0.,0.,23.));
#1269 = DIRECTION('',(0.,0.,1.));
#1270 = DIRECTION('',(1.,0.,-0.));
#1271 = ORIENTED_EDGE('',*,*,#1272,.F.);
#1272 = EDGE_CURVE('',#1247,#1264,#1273,.T.);
#1273 = LINE('',#1274,#1275);
#1274 = CARTESIAN_POINT('',(-37.07104139547,74.042152223278,8.));
#1275 = VECTOR('',#1276,1.);
#1276 = DIRECTION('',(0.,0.,1.));
#1277 = FACE_BOUND('',#1278,.T.);
#1278 = EDGE_LOOP('',(#1279,#1290,#1298,#1307));
#1279 = ORIENTED_EDGE('',*,*,#1280,.F.);
#1280 = EDGE_CURVE('',#1281,#1283,#1285,.T.);
#1281 = VERTEX_POINT('',#1282);
#1282 = CARTESIAN_POINT('',(-39.38870454181,72.835653155013,18.5));
#1283 = VERTEX_POINT('',#1284);
#1284 = CARTESIAN_POINT('',(-40.26543129752,72.354664386094,18.5));
#1285 = CIRCLE('',#1286,82.804);
#1286 = AXIS2_PLACEMENT_3D('',#1287,#1288,#1289);
#1287 = CARTESIAN_POINT('',(0.,0.,18.5));
#1288 = DIRECTION('',(0.,0.,1.));
#1289 = DIRECTION('',(1.,0.,-0.));
#1290 = ORIENTED_EDGE('',*,*,#1291,.T.);
#1291 = EDGE_CURVE('',#1281,#1292,#1294,.T.);
#1292 = VERTEX_POINT('',#1293);
#1293 = CARTESIAN_POINT('',(-39.38870454181,72.835653155013,23.));
#1294 = LINE('',#1295,#1296);
#1295 = CARTESIAN_POINT('',(-39.38870454181,72.835653155013,8.));
#1296 = VECTOR('',#1297,1.);
#1297 = DIRECTION('',(0.,0.,1.));
#1298 = ORIENTED_EDGE('',*,*,#1299,.T.);
#1299 = EDGE_CURVE('',#1292,#1300,#1302,.T.);
#1300 = VERTEX_POINT('',#1301);
#1301 = CARTESIAN_POINT('',(-40.26543129752,72.354664386094,23.));
#1302 = CIRCLE('',#1303,82.804);
#1303 = AXIS2_PLACEMENT_3D('',#1304,#1305,#1306);
#1304 = CARTESIAN_POINT('',(0.,0.,23.));
#1305 = DIRECTION('',(0.,0.,1.));
#1306 = DIRECTION('',(1.,0.,-0.));
#1307 = ORIENTED_EDGE('',*,*,#1308,.F.);
#1308 = EDGE_CURVE('',#1283,#1300,#1309,.T.);
#1309 = LINE('',#1310,#1311);
#1310 = CARTESIAN_POINT('',(-40.26543129752,72.354664386094,8.));
#1311 = VECTOR('',#1312,1.);
#1312 = DIRECTION('',(0.,0.,1.));
#1313 = FACE_BOUND('',#1314,.T.);
#1314 = EDGE_LOOP('',(#1315,#1326,#1334,#1343));
#1315 = ORIENTED_EDGE('',*,*,#1316,.F.);
#1316 = EDGE_CURVE('',#1317,#1319,#1321,.T.);
#1317 = VERTEX_POINT('',#1318);
#1318 = CARTESIAN_POINT('',(-42.52826179189,71.048218591041,18.5));
#1319 = VERTEX_POINT('',#1320);
#1320 = CARTESIAN_POINT('',(-43.38317366256,70.52944533288,18.5));
#1321 = CIRCLE('',#1322,82.804);
#1322 = AXIS2_PLACEMENT_3D('',#1323,#1324,#1325);
#1323 = CARTESIAN_POINT('',(0.,0.,18.5));
#1324 = DIRECTION('',(0.,0.,1.));
#1325 = DIRECTION('',(1.,0.,-0.));
#1326 = ORIENTED_EDGE('',*,*,#1327,.T.);
#1327 = EDGE_CURVE('',#1317,#1328,#1330,.T.);
#1328 = VERTEX_POINT('',#1329);
#1329 = CARTESIAN_POINT('',(-42.52826179189,71.048218591041,23.));
#1330 = LINE('',#1331,#1332);
#1331 = CARTESIAN_POINT('',(-42.52826179189,71.048218591041,8.));
#1332 = VECTOR('',#1333,1.);
#1333 = DIRECTION('',(0.,0.,1.));
#1334 = ORIENTED_EDGE('',*,*,#1335,.T.);
#1335 = EDGE_CURVE('',#1328,#1336,#1338,.T.);
#1336 = VERTEX_POINT('',#1337);
#1337 = CARTESIAN_POINT('',(-43.38317366256,70.52944533288,23.));
#1338 = CIRCLE('',#1339,82.804);
#1339 = AXIS2_PLACEMENT_3D('',#1340,#1341,#1342);
#1340 = CARTESIAN_POINT('',(0.,0.,23.));
#1341 = DIRECTION('',(0.,0.,1.));
#1342 = DIRECTION('',(1.,0.,-0.));
#1343 = ORIENTED_EDGE('',*,*,#1344,.F.);
#1344 = EDGE_CURVE('',#1319,#1336,#1345,.T.);
#1345 = LINE('',#1346,#1347);
#1346 = CARTESIAN_POINT('',(-43.38317366256,70.52944533288,8.));
#1347 = VECTOR('',#1348,1.);
#1348 = DIRECTION('',(0.,0.,1.));
#1349 = FACE_BOUND('',#1350,.T.);
#1350 = EDGE_LOOP('',(#1351,#1362,#1370,#1379));
#1351 = ORIENTED_EDGE('',*,*,#1352,.F.);
#1352 = EDGE_CURVE('',#1353,#1355,#1357,.T.);
#1353 = VERTEX_POINT('',#1354);
#1354 = CARTESIAN_POINT('',(-45.58686407849,69.125539704863,18.5));
#1355 = VERTEX_POINT('',#1356);
#1356 = CARTESIAN_POINT('',(-46.4183336908,68.569969471844,18.5));
#1357 = CIRCLE('',#1358,82.804);
#1358 = AXIS2_PLACEMENT_3D('',#1359,#1360,#1361);
#1359 = CARTESIAN_POINT('',(0.,0.,18.5));
#1360 = DIRECTION('',(0.,0.,1.));
#1361 = DIRECTION('',(1.,0.,-0.));
#1362 = ORIENTED_EDGE('',*,*,#1363,.T.);
#1363 = EDGE_CURVE('',#1353,#1364,#1366,.T.);
#1364 = VERTEX_POINT('',#1365);
#1365 = CARTESIAN_POINT('',(-45.58686407849,69.125539704863,23.));
#1366 = LINE('',#1367,#1368);
#1367 = CARTESIAN_POINT('',(-45.58686407849,69.125539704863,8.));
#1368 = VECTOR('',#1369,1.);
#1369 = DIRECTION('',(0.,0.,1.));
#1370 = ORIENTED_EDGE('',*,*,#1371,.T.);
#1371 = EDGE_CURVE('',#1364,#1372,#1374,.T.);
#1372 = VERTEX_POINT('',#1373);
#1373 = CARTESIAN_POINT('',(-46.4183336908,68.569969471844,23.));
#1374 = CIRCLE('',#1375,82.804);
#1375 = AXIS2_PLACEMENT_3D('',#1376,#1377,#1378);
#1376 = CARTESIAN_POINT('',(0.,0.,23.));
#1377 = DIRECTION('',(0.,0.,1.));
#1378 = DIRECTION('',(1.,0.,-0.));
#1379 = ORIENTED_EDGE('',*,*,#1380,.F.);
#1380 = EDGE_CURVE('',#1355,#1372,#1381,.T.);
#1381 = LINE('',#1382,#1383);
#1382 = CARTESIAN_POINT('',(-46.4183336908,68.569969471844,8.));
#1383 = VECTOR('',#1384,1.);
#1384 = DIRECTION('',(0.,0.,1.));
#1385 = FACE_BOUND('',#1386,.T.);
#1386 = EDGE_LOOP('',(#1387,#1398,#1406,#1415));
#1387 = ORIENTED_EDGE('',*,*,#1388,.F.);
#1388 = EDGE_CURVE('',#1389,#1391,#1393,.T.);
#1389 = VERTEX_POINT('',#1390);
#1390 = CARTESIAN_POINT('',(-48.55868917834,67.071276425019,18.5));
#1391 = VERTEX_POINT('',#1392);
#1392 = CARTESIAN_POINT('',(-49.3651337826,66.479966776655,18.5));
#1393 = CIRCLE('',#1394,82.804);
#1394 = AXIS2_PLACEMENT_3D('',#1395,#1396,#1397);
#1395 = CARTESIAN_POINT('',(0.,0.,18.5));
#1396 = DIRECTION('',(0.,0.,1.));
#1397 = DIRECTION('',(1.,0.,-0.));
#1398 = ORIENTED_EDGE('',*,*,#1399,.T.);
#1399 = EDGE_CURVE('',#1389,#1400,#1402,.T.);
#1400 = VERTEX_POINT('',#1401);
#1401 = CARTESIAN_POINT('',(-48.55868917834,67.071276425019,23.));
#1402 = LINE('',#1403,#1404);
#1403 = CARTESIAN_POINT('',(-48.55868917834,67.071276425019,8.));
#1404 = VECTOR('',#1405,1.);
#1405 = DIRECTION('',(0.,0.,1.));
#1406 = ORIENTED_EDGE('',*,*,#1407,.T.);
#1407 = EDGE_CURVE('',#1400,#1408,#1410,.T.);
#1408 = VERTEX_POINT('',#1409);
#1409 = CARTESIAN_POINT('',(-49.3651337826,66.479966776655,23.));
#1410 = CIRCLE('',#1411,82.804);
#1411 = AXIS2_PLACEMENT_3D('',#1412,#1413,#1414);
#1412 = CARTESIAN_POINT('',(0.,0.,23.));
#1413 = DIRECTION('',(0.,0.,1.));
#1414 = DIRECTION('',(1.,0.,-0.));
#1415 = ORIENTED_EDGE('',*,*,#1416,.F.);
#1416 = EDGE_CURVE('',#1391,#1408,#1417,.T.);
#1417 = LINE('',#1418,#1419);
#1418 = CARTESIAN_POINT('',(-49.3651337826,66.479966776655,8.));
#1419 = VECTOR('',#1420,1.);
#1420 = DIRECTION('',(0.,0.,1.));
#1421 = FACE_BOUND('',#1422,.T.);
#1422 = EDGE_LOOP('',(#1423,#1434,#1442,#1451));
#1423 = ORIENTED_EDGE('',*,*,#1424,.F.);
#1424 = EDGE_CURVE('',#1425,#1427,#1429,.T.);
#1425 = VERTEX_POINT('',#1426);
#1426 = CARTESIAN_POINT('',(-51.43808005343,64.889339158417,18.5));
#1427 = VERTEX_POINT('',#1428);
#1428 = CARTESIAN_POINT('',(-52.21796453653,64.263415686233,18.5));
#1429 = CIRCLE('',#1430,82.804);
#1430 = AXIS2_PLACEMENT_3D('',#1431,#1432,#1433);
#1431 = CARTESIAN_POINT('',(0.,0.,18.5));
#1432 = DIRECTION('',(0.,0.,1.));
#1433 = DIRECTION('',(1.,0.,-0.));
#1434 = ORIENTED_EDGE('',*,*,#1435,.T.);
#1435 = EDGE_CURVE('',#1425,#1436,#1438,.T.);
#1436 = VERTEX_POINT('',#1437);
#1437 = CARTESIAN_POINT('',(-51.43808005343,64.889339158417,23.));
#1438 = LINE('',#1439,#1440);
#1439 = CARTESIAN_POINT('',(-51.43808005343,64.889339158417,8.));
#1440 = VECTOR('',#1441,1.);
#1441 = DIRECTION('',(0.,0.,1.));
#1442 = ORIENTED_EDGE('',*,*,#1443,.T.);
#1443 = EDGE_CURVE('',#1436,#1444,#1446,.T.);
#1444 = VERTEX_POINT('',#1445);
#1445 = CARTESIAN_POINT('',(-52.21796453653,64.263415686233,23.));
#1446 = CIRCLE('',#1447,82.804);
#1447 = AXIS2_PLACEMENT_3D('',#1448,#1449,#1450);
#1448 = CARTESIAN_POINT('',(0.,0.,23.));
#1449 = DIRECTION('',(0.,0.,1.));
#1450 = DIRECTION('',(1.,0.,-0.));
#1451 = ORIENTED_EDGE('',*,*,#1452,.F.);
#1452 = EDGE_CURVE('',#1427,#1444,#1453,.T.);
#1453 = LINE('',#1454,#1455);
#1454 = CARTESIAN_POINT('',(-52.21796453653,64.263415686233,8.));
#1455 = VECTOR('',#1456,1.);
#1456 = DIRECTION('',(0.,0.,1.));
#1457 = FACE_BOUND('',#1458,.T.);
#1458 = EDGE_LOOP('',(#1459,#1470,#1478,#1487));
#1459 = ORIENTED_EDGE('',*,*,#1460,.F.);
#1460 = EDGE_CURVE('',#1461,#1463,#1465,.T.);
#1461 = VERTEX_POINT('',#1462);
#1462 = CARTESIAN_POINT('',(-54.2195556196,62.583881346659,18.5));
#1463 = VERTEX_POINT('',#1464);
#1464 = CARTESIAN_POINT('',(-54.97139542708,61.924535531559,18.5));
#1465 = CIRCLE('',#1466,82.804);
#1466 = AXIS2_PLACEMENT_3D('',#1467,#1468,#1469);
#1467 = CARTESIAN_POINT('',(0.,0.,18.5));
#1468 = DIRECTION('',(0.,0.,1.));
#1469 = DIRECTION('',(1.,0.,-0.));
#1470 = ORIENTED_EDGE('',*,*,#1471,.T.);
#1471 = EDGE_CURVE('',#1461,#1472,#1474,.T.);
#1472 = VERTEX_POINT('',#1473);
#1473 = CARTESIAN_POINT('',(-54.2195556196,62.583881346659,23.));
#1474 = LINE('',#1475,#1476);
#1475 = CARTESIAN_POINT('',(-54.2195556196,62.583881346659,8.));
#1476 = VECTOR('',#1477,1.);
#1477 = DIRECTION('',(0.,0.,1.));
#1478 = ORIENTED_EDGE('',*,*,#1479,.T.);
#1479 = EDGE_CURVE('',#1472,#1480,#1482,.T.);
#1480 = VERTEX_POINT('',#1481);
#1481 = CARTESIAN_POINT('',(-54.97139542708,61.924535531559,23.));
#1482 = CIRCLE('',#1483,82.804);
#1483 = AXIS2_PLACEMENT_3D('',#1484,#1485,#1486);
#1484 = CARTESIAN_POINT('',(0.,0.,23.));
#1485 = DIRECTION('',(0.,0.,1.));
#1486 = DIRECTION('',(1.,0.,-0.));
#1487 = ORIENTED_EDGE('',*,*,#1488,.F.);
#1488 = EDGE_CURVE('',#1463,#1480,#1489,.T.);
#1489 = LINE('',#1490,#1491);
#1490 = CARTESIAN_POINT('',(-54.97139542708,61.924535531559,8.));
#1491 = VECTOR('',#1492,1.);
#1492 = DIRECTION('',(0.,0.,1.));
#1493 = FACE_BOUND('',#1494,.T.);
#1494 = EDGE_LOOP('',(#1495,#1506,#1514,#1523));
#1495 = ORIENTED_EDGE('',*,*,#1496,.F.);
#1496 = EDGE_CURVE('',#1497,#1499,#1501,.T.);
#1497 = VERTEX_POINT('',#1498);
#1498 = CARTESIAN_POINT('',(-56.89782118001,60.159291559722,18.5));
#1499 = VERTEX_POINT('',#1500);
#1500 = CARTESIAN_POINT('',(-57.62018514207,59.467778503939,18.5));
#1501 = CIRCLE('',#1502,82.804);
#1502 = AXIS2_PLACEMENT_3D('',#1503,#1504,#1505);
#1503 = CARTESIAN_POINT('',(0.,0.,18.5));
#1504 = DIRECTION('',(0.,0.,1.));
#1505 = DIRECTION('',(1.,0.,-0.));
#1506 = ORIENTED_EDGE('',*,*,#1507,.T.);
#1507 = EDGE_CURVE('',#1497,#1508,#1510,.T.);
#1508 = VERTEX_POINT('',#1509);
#1509 = CARTESIAN_POINT('',(-56.89782118001,60.159291559722,23.));
#1510 = LINE('',#1511,#1512);
#1511 = CARTESIAN_POINT('',(-56.89782118001,60.159291559722,8.));
#1512 = VECTOR('',#1513,1.);
#1513 = DIRECTION('',(0.,0.,1.));
#1514 = ORIENTED_EDGE('',*,*,#1515,.T.);
#1515 = EDGE_CURVE('',#1508,#1516,#1518,.T.);
#1516 = VERTEX_POINT('',#1517);
#1517 = CARTESIAN_POINT('',(-57.62018514207,59.467778503939,23.));
#1518 = CIRCLE('',#1519,82.804);
#1519 = AXIS2_PLACEMENT_3D('',#1520,#1521,#1522);
#1520 = CARTESIAN_POINT('',(0.,0.,23.));
#1521 = DIRECTION('',(0.,0.,1.));
#1522 = DIRECTION('',(1.,0.,-0.));
#1523 = ORIENTED_EDGE('',*,*,#1524,.F.);
#1524 = EDGE_CURVE('',#1499,#1516,#1525,.T.);
#1525 = LINE('',#1526,#1527);
#1526 = CARTESIAN_POINT('',(-57.62018514207,59.467778503939,8.));
#1527 = VECTOR('',#1528,1.);
#1528 = DIRECTION('',(0.,0.,1.));
#1529 = FACE_BOUND('',#1530,.T.);
#1530 = EDGE_LOOP('',(#1531,#1542,#1550,#1559));
#1531 = ORIENTED_EDGE('',*,*,#1532,.F.);
#1532 = EDGE_CURVE('',#1533,#1535,#1537,.T.);
#1533 = VERTEX_POINT('',#1534);
#1534 = CARTESIAN_POINT('',(-59.46777850393,57.62018514207,18.5));
#1535 = VERTEX_POINT('',#1536);
#1536 = CARTESIAN_POINT('',(-60.15929155972,56.89782118001,18.5));
#1537 = CIRCLE('',#1538,82.804);
#1538 = AXIS2_PLACEMENT_3D('',#1539,#1540,#1541);
#1539 = CARTESIAN_POINT('',(0.,0.,18.5));
#1540 = DIRECTION('',(0.,0.,1.));
#1541 = DIRECTION('',(1.,0.,-0.));
#1542 = ORIENTED_EDGE('',*,*,#1543,.T.);
#1543 = EDGE_CURVE('',#1533,#1544,#1546,.T.);
#1544 = VERTEX_POINT('',#1545);
#1545 = CARTESIAN_POINT('',(-59.46777850393,57.62018514207,23.));
#1546 = LINE('',#1547,#1548);
#1547 = CARTESIAN_POINT('',(-59.46777850393,57.62018514207,8.));
#1548 = VECTOR('',#1549,1.);
#1549 = DIRECTION('',(0.,0.,1.));
#1550 = ORIENTED_EDGE('',*,*,#1551,.T.);
#1551 = EDGE_CURVE('',#1544,#1552,#1554,.T.);
#1552 = VERTEX_POINT('',#1553);
#1553 = CARTESIAN_POINT('',(-60.15929155972,56.89782118001,23.));
#1554 = CIRCLE('',#1555,82.804);
#1555 = AXIS2_PLACEMENT_3D('',#1556,#1557,#1558);
#1556 = CARTESIAN_POINT('',(0.,0.,23.));
#1557 = DIRECTION('',(0.,0.,1.));
#1558 = DIRECTION('',(1.,0.,-0.));
#1559 = ORIENTED_EDGE('',*,*,#1560,.F.);
#1560 = EDGE_CURVE('',#1535,#1552,#1561,.T.);
#1561 = LINE('',#1562,#1563);
#1562 = CARTESIAN_POINT('',(-60.15929155972,56.89782118001,8.));
#1563 = VECTOR('',#1564,1.);
#1564 = DIRECTION('',(0.,0.,1.));
#1565 = FACE_BOUND('',#1566,.T.);
#1566 = EDGE_LOOP('',(#1567,#1578,#1586,#1595));
#1567 = ORIENTED_EDGE('',*,*,#1568,.F.);
#1568 = EDGE_CURVE('',#1569,#1571,#1573,.T.);
#1569 = VERTEX_POINT('',#1570);
#1570 = CARTESIAN_POINT('',(-61.92453553155,54.971395427083,18.5));
#1571 = VERTEX_POINT('',#1572);
#1572 = CARTESIAN_POINT('',(-62.58388134665,54.219555619604,18.5));
#1573 = CIRCLE('',#1574,82.804);
#1574 = AXIS2_PLACEMENT_3D('',#1575,#1576,#1577);
#1575 = CARTESIAN_POINT('',(0.,0.,18.5));
#1576 = DIRECTION('',(0.,0.,1.));
#1577 = DIRECTION('',(1.,0.,-0.));
#1578 = ORIENTED_EDGE('',*,*,#1579,.T.);
#1579 = EDGE_CURVE('',#1569,#1580,#1582,.T.);
#1580 = VERTEX_POINT('',#1581);
#1581 = CARTESIAN_POINT('',(-61.92453553155,54.971395427083,23.));
#1582 = LINE('',#1583,#1584);
#1583 = CARTESIAN_POINT('',(-61.92453553155,54.971395427083,8.));
#1584 = VECTOR('',#1585,1.);
#1585 = DIRECTION('',(0.,0.,1.));
#1586 = ORIENTED_EDGE('',*,*,#1587,.T.);
#1587 = EDGE_CURVE('',#1580,#1588,#1590,.T.);
#1588 = VERTEX_POINT('',#1589);
#1589 = CARTESIAN_POINT('',(-62.58388134665,54.219555619604,23.));
#1590 = CIRCLE('',#1591,82.804);
#1591 = AXIS2_PLACEMENT_3D('',#1592,#1593,#1594);
#1592 = CARTESIAN_POINT('',(0.,0.,23.));
#1593 = DIRECTION('',(0.,0.,1.));
#1594 = DIRECTION('',(1.,0.,-0.));
#1595 = ORIENTED_EDGE('',*,*,#1596,.F.);
#1596 = EDGE_CURVE('',#1571,#1588,#1597,.T.);
#1597 = LINE('',#1598,#1599);
#1598 = CARTESIAN_POINT('',(-62.58388134665,54.219555619604,8.));
#1599 = VECTOR('',#1600,1.);
#1600 = DIRECTION('',(0.,0.,1.));
#1601 = FACE_BOUND('',#1602,.T.);
#1602 = EDGE_LOOP('',(#1603,#1614,#1622,#1631));
#1603 = ORIENTED_EDGE('',*,*,#1604,.F.);
#1604 = EDGE_CURVE('',#1605,#1607,#1609,.T.);
#1605 = VERTEX_POINT('',#1606);
#1606 = CARTESIAN_POINT('',(-64.26341568623,52.217964536531,18.5));
#1607 = VERTEX_POINT('',#1608);
#1608 = CARTESIAN_POINT('',(-64.88933915841,51.438080053438,18.5));
#1609 = CIRCLE('',#1610,82.804);
#1610 = AXIS2_PLACEMENT_3D('',#1611,#1612,#1613);
#1611 = CARTESIAN_POINT('',(0.,0.,18.5));
#1612 = DIRECTION('',(0.,0.,1.));
#1613 = DIRECTION('',(1.,0.,-0.));
#1614 = ORIENTED_EDGE('',*,*,#1615,.T.);
#1615 = EDGE_CURVE('',#1605,#1616,#1618,.T.);
#1616 = VERTEX_POINT('',#1617);
#1617 = CARTESIAN_POINT('',(-64.26341568623,52.217964536531,23.));
#1618 = LINE('',#1619,#1620);
#1619 = CARTESIAN_POINT('',(-64.26341568623,52.217964536531,8.));
#1620 = VECTOR('',#1621,1.);
#1621 = DIRECTION('',(0.,0.,1.));
#1622 = ORIENTED_EDGE('',*,*,#1623,.T.);
#1623 = EDGE_CURVE('',#1616,#1624,#1626,.T.);
#1624 = VERTEX_POINT('',#1625);
#1625 = CARTESIAN_POINT('',(-64.88933915841,51.438080053438,23.));
#1626 = CIRCLE('',#1627,82.804);
#1627 = AXIS2_PLACEMENT_3D('',#1628,#1629,#1630);
#1628 = CARTESIAN_POINT('',(0.,0.,23.));
#1629 = DIRECTION('',(0.,0.,1.));
#1630 = DIRECTION('',(1.,0.,-0.));
#1631 = ORIENTED_EDGE('',*,*,#1632,.F.);
#1632 = EDGE_CURVE('',#1607,#1624,#1633,.T.);
#1633 = LINE('',#1634,#1635);
#1634 = CARTESIAN_POINT('',(-64.88933915841,51.438080053438,8.));
#1635 = VECTOR('',#1636,1.);
#1636 = DIRECTION('',(0.,0.,1.));
#1637 = FACE_BOUND('',#1638,.T.);
#1638 = EDGE_LOOP('',(#1639,#1650,#1658,#1667));
#1639 = ORIENTED_EDGE('',*,*,#1640,.F.);
#1640 = EDGE_CURVE('',#1641,#1643,#1645,.T.);
#1641 = VERTEX_POINT('',#1642);
#1642 = CARTESIAN_POINT('',(-66.47996677665,49.365133782608,18.5));
#1643 = VERTEX_POINT('',#1644);
#1644 = CARTESIAN_POINT('',(-67.07127642501,48.558689178341,18.5));
#1645 = CIRCLE('',#1646,82.804);
#1646 = AXIS2_PLACEMENT_3D('',#1647,#1648,#1649);
#1647 = CARTESIAN_POINT('',(0.,0.,18.5));
#1648 = DIRECTION('',(0.,0.,1.));
#1649 = DIRECTION('',(1.,0.,-0.));
#1650 = ORIENTED_EDGE('',*,*,#1651,.T.);
#1651 = EDGE_CURVE('',#1641,#1652,#1654,.T.);
#1652 = VERTEX_POINT('',#1653);
#1653 = CARTESIAN_POINT('',(-66.47996677665,49.365133782608,23.));
#1654 = LINE('',#1655,#1656);
#1655 = CARTESIAN_POINT('',(-66.47996677665,49.365133782608,8.));
#1656 = VECTOR('',#1657,1.);
#1657 = DIRECTION('',(0.,0.,1.));
#1658 = ORIENTED_EDGE('',*,*,#1659,.T.);
#1659 = EDGE_CURVE('',#1652,#1660,#1662,.T.);
#1660 = VERTEX_POINT('',#1661);
#1661 = CARTESIAN_POINT('',(-67.07127642501,48.558689178341,23.));
#1662 = CIRCLE('',#1663,82.804);
#1663 = AXIS2_PLACEMENT_3D('',#1664,#1665,#1666);
#1664 = CARTESIAN_POINT('',(0.,0.,23.));
#1665 = DIRECTION('',(0.,0.,1.));
#1666 = DIRECTION('',(1.,0.,-0.));
#1667 = ORIENTED_EDGE('',*,*,#1668,.F.);
#1668 = EDGE_CURVE('',#1643,#1660,#1669,.T.);
#1669 = LINE('',#1670,#1671);
#1670 = CARTESIAN_POINT('',(-67.07127642501,48.558689178341,8.));
#1671 = VECTOR('',#1672,1.);
#1672 = DIRECTION('',(0.,0.,1.));
#1673 = FACE_BOUND('',#1674,.T.);
#1674 = EDGE_LOOP('',(#1675,#1686,#1694,#1703));
#1675 = ORIENTED_EDGE('',*,*,#1676,.F.);
#1676 = EDGE_CURVE('',#1677,#1679,#1681,.T.);
#1677 = VERTEX_POINT('',#1678);
#1678 = CARTESIAN_POINT('',(-80.31069946207,20.166654851825,18.5));
#1679 = VERTEX_POINT('',#1680);
#1680 = CARTESIAN_POINT('',(-80.54838535439,19.195312782012,18.5));
#1681 = CIRCLE('',#1682,82.804);
#1682 = AXIS2_PLACEMENT_3D('',#1683,#1684,#1685);
#1683 = CARTESIAN_POINT('',(0.,0.,18.5));
#1684 = DIRECTION('',(0.,0.,1.));
#1685 = DIRECTION('',(1.,0.,-0.));
#1686 = ORIENTED_EDGE('',*,*,#1687,.T.);
#1687 = EDGE_CURVE('',#1677,#1688,#1690,.T.);
#1688 = VERTEX_POINT('',#1689);
#1689 = CARTESIAN_POINT('',(-80.31069946207,20.166654851825,23.));
#1690 = LINE('',#1691,#1692);
#1691 = CARTESIAN_POINT('',(-80.31069946207,20.166654851825,8.));
#1692 = VECTOR('',#1693,1.);
#1693 = DIRECTION('',(0.,0.,1.));
#1694 = ORIENTED_EDGE('',*,*,#1695,.T.);
#1695 = EDGE_CURVE('',#1688,#1696,#1698,.T.);
#1696 = VERTEX_POINT('',#1697);
#1697 = CARTESIAN_POINT('',(-80.54838535439,19.195312782012,23.));
#1698 = CIRCLE('',#1699,82.804);
#1699 = AXIS2_PLACEMENT_3D('',#1700,#1701,#1702);
#1700 = CARTESIAN_POINT('',(0.,0.,23.));
#1701 = DIRECTION('',(0.,0.,1.));
#1702 = DIRECTION('',(1.,0.,-0.));
#1703 = ORIENTED_EDGE('',*,*,#1704,.F.);
#1704 = EDGE_CURVE('',#1679,#1696,#1705,.T.);
#1705 = LINE('',#1706,#1707);
#1706 = CARTESIAN_POINT('',(-80.54838535439,19.195312782012,8.));
#1707 = VECTOR('',#1708,1.);
#1708 = DIRECTION('',(0.,0.,1.));
#1709 = FACE_BOUND('',#1710,.T.);
#1710 = EDGE_LOOP('',(#1711,#1722,#1730,#1739));
#1711 = ORIENTED_EDGE('',*,*,#1712,.F.);
#1712 = EDGE_CURVE('',#1713,#1715,#1717,.T.);
#1713 = VERTEX_POINT('',#1714);
#1714 = CARTESIAN_POINT('',(-81.11391860142,16.644357155554,18.5));
#1715 = VERTEX_POINT('',#1716);
#1716 = CARTESIAN_POINT('',(-81.30900892344,15.663571875151,18.5));
#1717 = CIRCLE('',#1718,82.804);
#1718 = AXIS2_PLACEMENT_3D('',#1719,#1720,#1721);
#1719 = CARTESIAN_POINT('',(0.,0.,18.5));
#1720 = DIRECTION('',(0.,0.,1.));
#1721 = DIRECTION('',(1.,0.,-0.));
#1722 = ORIENTED_EDGE('',*,*,#1723,.T.);
#1723 = EDGE_CURVE('',#1713,#1724,#1726,.T.);
#1724 = VERTEX_POINT('',#1725);
#1725 = CARTESIAN_POINT('',(-81.11391860142,16.644357155554,23.));
#1726 = LINE('',#1727,#1728);
#1727 = CARTESIAN_POINT('',(-81.11391860142,16.644357155554,8.));
#1728 = VECTOR('',#1729,1.);
#1729 = DIRECTION('',(0.,0.,1.));
#1730 = ORIENTED_EDGE('',*,*,#1731,.T.);
#1731 = EDGE_CURVE('',#1724,#1732,#1734,.T.);
#1732 = VERTEX_POINT('',#1733);
#1733 = CARTESIAN_POINT('',(-81.30900892344,15.663571875151,23.));
#1734 = CIRCLE('',#1735,82.804);
#1735 = AXIS2_PLACEMENT_3D('',#1736,#1737,#1738);
#1736 = CARTESIAN_POINT('',(0.,0.,23.));
#1737 = DIRECTION('',(0.,0.,1.));
#1738 = DIRECTION('',(1.,0.,-0.));
#1739 = ORIENTED_EDGE('',*,*,#1740,.F.);
#1740 = EDGE_CURVE('',#1715,#1732,#1741,.T.);
#1741 = LINE('',#1742,#1743);
#1742 = CARTESIAN_POINT('',(-81.30900892344,15.663571875151,8.));
#1743 = VECTOR('',#1744,1.);
#1744 = DIRECTION('',(0.,0.,1.));
#1745 = FACE_BOUND('',#1746,.T.);
#1746 = EDGE_LOOP('',(#1747,#1758,#1766,#1775));
#1747 = ORIENTED_EDGE('',*,*,#1748,.F.);
#1748 = EDGE_CURVE('',#1749,#1751,#1753,.T.);
#1749 = VERTEX_POINT('',#1750);
#1750 = CARTESIAN_POINT('',(-81.7627327865,13.090375979434,18.5));
#1751 = VERTEX_POINT('',#1752);
#1752 = CARTESIAN_POINT('',(-81.91485617269,12.102014468966,18.5));
#1753 = CIRCLE('',#1754,82.804);
#1754 = AXIS2_PLACEMENT_3D('',#1755,#1756,#1757);
#1755 = CARTESIAN_POINT('',(0.,0.,18.5));
#1756 = DIRECTION('',(0.,0.,1.));
#1757 = DIRECTION('',(1.,0.,-0.));
#1758 = ORIENTED_EDGE('',*,*,#1759,.T.);
#1759 = EDGE_CURVE('',#1749,#1760,#1762,.T.);
#1760 = VERTEX_POINT('',#1761);
#1761 = CARTESIAN_POINT('',(-81.7627327865,13.090375979434,23.));
#1762 = LINE('',#1763,#1764);
#1763 = CARTESIAN_POINT('',(-81.7627327865,13.090375979434,8.));
#1764 = VECTOR('',#1765,1.);
#1765 = DIRECTION('',(0.,0.,1.));
#1766 = ORIENTED_EDGE('',*,*,#1767,.T.);
#1767 = EDGE_CURVE('',#1760,#1768,#1770,.T.);
#1768 = VERTEX_POINT('',#1769);
#1769 = CARTESIAN_POINT('',(-81.91485617269,12.102014468966,23.));
#1770 = CIRCLE('',#1771,82.804);
#1771 = AXIS2_PLACEMENT_3D('',#1772,#1773,#1774);
#1772 = CARTESIAN_POINT('',(0.,0.,23.));
#1773 = DIRECTION('',(0.,0.,1.));
#1774 = DIRECTION('',(1.,0.,-0.));
#1775 = ORIENTED_EDGE('',*,*,#1776,.F.);
#1776 = EDGE_CURVE('',#1751,#1768,#1777,.T.);
#1777 = LINE('',#1778,#1779);
#1778 = CARTESIAN_POINT('',(-81.91485617269,12.102014468966,8.));
#1779 = VECTOR('',#1780,1.);
#1780 = DIRECTION('',(0.,0.,1.));
#1781 = FACE_BOUND('',#1782,.T.);
#1782 = EDGE_LOOP('',(#1783,#1794,#1802,#1811));
#1783 = ORIENTED_EDGE('',*,*,#1784,.F.);
#1784 = EDGE_CURVE('',#1785,#1787,#1789,.T.);
#1785 = VERTEX_POINT('',#1786);
#1786 = CARTESIAN_POINT('',(-82.25590696263,9.511476528628,18.5));
#1787 = VERTEX_POINT('',#1788);
#1788 = CARTESIAN_POINT('',(-82.36477383748,8.517420190406,18.5));
#1789 = CIRCLE('',#1790,82.804);
#1790 = AXIS2_PLACEMENT_3D('',#1791,#1792,#1793);
#1791 = CARTESIAN_POINT('',(0.,0.,18.5));
#1792 = DIRECTION('',(0.,0.,1.));
#1793 = DIRECTION('',(1.,0.,-0.));
#1794 = ORIENTED_EDGE('',*,*,#1795,.T.);
#1795 = EDGE_CURVE('',#1785,#1796,#1798,.T.);
#1796 = VERTEX_POINT('',#1797);
#1797 = CARTESIAN_POINT('',(-82.25590696263,9.511476528628,23.));
#1798 = LINE('',#1799,#1800);
#1799 = CARTESIAN_POINT('',(-82.25590696263,9.511476528628,8.));
#1800 = VECTOR('',#1801,1.);
#1801 = DIRECTION('',(0.,0.,1.));
#1802 = ORIENTED_EDGE('',*,*,#1803,.T.);
#1803 = EDGE_CURVE('',#1796,#1804,#1806,.T.);
#1804 = VERTEX_POINT('',#1805);
#1805 = CARTESIAN_POINT('',(-82.36477383748,8.517420190406,23.));
#1806 = CIRCLE('',#1807,82.804);
#1807 = AXIS2_PLACEMENT_3D('',#1808,#1809,#1810);
#1808 = CARTESIAN_POINT('',(0.,0.,23.));
#1809 = DIRECTION('',(0.,0.,1.));
#1810 = DIRECTION('',(1.,0.,-0.));
#1811 = ORIENTED_EDGE('',*,*,#1812,.F.);
#1812 = EDGE_CURVE('',#1787,#1804,#1813,.T.);
#1813 = LINE('',#1814,#1815);
#1814 = CARTESIAN_POINT('',(-82.36477383748,8.517420190406,8.));
#1815 = VECTOR('',#1816,1.);
#1816 = DIRECTION('',(0.,0.,1.));
#1817 = FACE_BOUND('',#1818,.T.);
#1818 = EDGE_LOOP('',(#1819,#1830,#1838,#1847));
#1819 = ORIENTED_EDGE('',*,*,#1820,.F.);
#1820 = EDGE_CURVE('',#1821,#1823,#1825,.T.);
#1821 = VERTEX_POINT('',#1822);
#1822 = CARTESIAN_POINT('',(-82.59250234474,5.914471441654,18.5));
#1823 = VERTEX_POINT('',#1824);
#1824 = CARTESIAN_POINT('',(-82.65790547397,4.916612518415,18.5));
#1825 = CIRCLE('',#1826,82.804);
#1826 = AXIS2_PLACEMENT_3D('',#1827,#1828,#1829);
#1827 = CARTESIAN_POINT('',(0.,0.,18.5));
#1828 = DIRECTION('',(0.,0.,1.));
#1829 = DIRECTION('',(1.,0.,-0.));
#1830 = ORIENTED_EDGE('',*,*,#1831,.T.);
#1831 = EDGE_CURVE('',#1821,#1832,#1834,.T.);
#1832 = VERTEX_POINT('',#1833);
#1833 = CARTESIAN_POINT('',(-82.59250234474,5.914471441654,23.));
#1834 = LINE('',#1835,#1836);
#1835 = CARTESIAN_POINT('',(-82.59250234474,5.914471441654,8.));
#1836 = VECTOR('',#1837,1.);
#1837 = DIRECTION('',(0.,0.,1.));
#1838 = ORIENTED_EDGE('',*,*,#1839,.T.);
#1839 = EDGE_CURVE('',#1832,#1840,#1842,.T.);
#1840 = VERTEX_POINT('',#1841);
#1841 = CARTESIAN_POINT('',(-82.65790547397,4.916612518415,23.));
#1842 = CIRCLE('',#1843,82.804);
#1843 = AXIS2_PLACEMENT_3D('',#1844,#1845,#1846);
#1844 = CARTESIAN_POINT('',(0.,0.,23.));
#1845 = DIRECTION('',(0.,0.,1.));
#1846 = DIRECTION('',(1.,0.,-0.));
#1847 = ORIENTED_EDGE('',*,*,#1848,.F.);
#1848 = EDGE_CURVE('',#1823,#1840,#1849,.T.);
#1849 = LINE('',#1850,#1851);
#1850 = CARTESIAN_POINT('',(-82.65790547397,4.916612518415,8.));
#1851 = VECTOR('',#1852,1.);
#1852 = DIRECTION('',(0.,0.,1.));
#1853 = FACE_BOUND('',#1854,.T.);
#1854 = EDGE_LOOP('',(#1855,#1866,#1874,#1883));
#1855 = ORIENTED_EDGE('',*,*,#1856,.F.);
#1856 = EDGE_CURVE('',#1857,#1859,#1861,.T.);
#1857 = VERTEX_POINT('',#1858);
#1858 = CARTESIAN_POINT('',(-82.77187820438,2.306207822133,18.5));
#1859 = VERTEX_POINT('',#1860);
#1860 = CARTESIAN_POINT('',(-82.79369308941,1.306445795053,18.5));
#1861 = CIRCLE('',#1862,82.804);
#1862 = AXIS2_PLACEMENT_3D('',#1863,#1864,#1865);
#1863 = CARTESIAN_POINT('',(0.,0.,18.5));
#1864 = DIRECTION('',(0.,0.,1.));
#1865 = DIRECTION('',(1.,0.,-0.));
#1866 = ORIENTED_EDGE('',*,*,#1867,.T.);
#1867 = EDGE_CURVE('',#1857,#1868,#1870,.T.);
#1868 = VERTEX_POINT('',#1869);
#1869 = CARTESIAN_POINT('',(-82.77187820438,2.306207822133,23.));
#1870 = LINE('',#1871,#1872);
#1871 = CARTESIAN_POINT('',(-82.77187820438,2.306207822133,8.));
#1872 = VECTOR('',#1873,1.);
#1873 = DIRECTION('',(0.,0.,1.));
#1874 = ORIENTED_EDGE('',*,*,#1875,.T.);
#1875 = EDGE_CURVE('',#1868,#1876,#1878,.T.);
#1876 = VERTEX_POINT('',#1877);
#1877 = CARTESIAN_POINT('',(-82.79369308941,1.306445795053,23.));
#1878 = CIRCLE('',#1879,82.804);
#1879 = AXIS2_PLACEMENT_3D('',#1880,#1881,#1882);
#1880 = CARTESIAN_POINT('',(0.,0.,23.));
#1881 = DIRECTION('',(0.,0.,1.));
#1882 = DIRECTION('',(1.,0.,-0.));
#1883 = ORIENTED_EDGE('',*,*,#1884,.F.);
#1884 = EDGE_CURVE('',#1859,#1876,#1885,.T.);
#1885 = LINE('',#1886,#1887);
#1886 = CARTESIAN_POINT('',(-82.79369308941,1.306445795053,8.));
#1887 = VECTOR('',#1888,1.);
#1888 = DIRECTION('',(0.,0.,1.));
#1889 = FACE_BOUND('',#1890,.T.);
#1890 = EDGE_LOOP('',(#1891,#1902,#1910,#1919));
#1891 = ORIENTED_EDGE('',*,*,#1892,.F.);
#1892 = EDGE_CURVE('',#1893,#1895,#1897,.T.);
#1893 = VERTEX_POINT('',#1894);
#1894 = CARTESIAN_POINT('',(-82.79369308941,-1.306445795053,18.5));
#1895 = VERTEX_POINT('',#1896);
#1896 = CARTESIAN_POINT('',(-82.77187820438,-2.306207822133,18.5));
#1897 = CIRCLE('',#1898,82.804);
#1898 = AXIS2_PLACEMENT_3D('',#1899,#1900,#1901);
#1899 = CARTESIAN_POINT('',(0.,0.,18.5));
#1900 = DIRECTION('',(0.,0.,1.));
#1901 = DIRECTION('',(1.,0.,-0.));
#1902 = ORIENTED_EDGE('',*,*,#1903,.T.);
#1903 = EDGE_CURVE('',#1893,#1904,#1906,.T.);
#1904 = VERTEX_POINT('',#1905);
#1905 = CARTESIAN_POINT('',(-82.79369308941,-1.306445795053,23.));
#1906 = LINE('',#1907,#1908);
#1907 = CARTESIAN_POINT('',(-82.79369308941,-1.306445795053,8.));
#1908 = VECTOR('',#1909,1.);
#1909 = DIRECTION('',(0.,0.,1.));
#1910 = ORIENTED_EDGE('',*,*,#1911,.T.);
#1911 = EDGE_CURVE('',#1904,#1912,#1914,.T.);
#1912 = VERTEX_POINT('',#1913);
#1913 = CARTESIAN_POINT('',(-82.77187820438,-2.306207822133,23.));
#1914 = CIRCLE('',#1915,82.804);
#1915 = AXIS2_PLACEMENT_3D('',#1916,#1917,#1918);
#1916 = CARTESIAN_POINT('',(0.,0.,23.));
#1917 = DIRECTION('',(0.,0.,1.));
#1918 = DIRECTION('',(1.,0.,-0.));
#1919 = ORIENTED_EDGE('',*,*,#1920,.F.);
#1920 = EDGE_CURVE('',#1895,#1912,#1921,.T.);
#1921 = LINE('',#1922,#1923);
#1922 = CARTESIAN_POINT('',(-82.77187820438,-2.306207822133,8.));
#1923 = VECTOR('',#1924,1.);
#1924 = DIRECTION('',(0.,0.,1.));
#1925 = FACE_BOUND('',#1926,.T.);
#1926 = EDGE_LOOP('',(#1927,#1938,#1946,#1955));
#1927 = ORIENTED_EDGE('',*,*,#1928,.F.);
#1928 = EDGE_CURVE('',#1929,#1931,#1933,.T.);
#1929 = VERTEX_POINT('',#1930);
#1930 = CARTESIAN_POINT('',(-82.65790547397,-4.916612518415,18.5));
#1931 = VERTEX_POINT('',#1932);
#1932 = CARTESIAN_POINT('',(-82.59250234474,-5.914471441654,18.5));
#1933 = CIRCLE('',#1934,82.804);
#1934 = AXIS2_PLACEMENT_3D('',#1935,#1936,#1937);
#1935 = CARTESIAN_POINT('',(0.,0.,18.5));
#1936 = DIRECTION('',(0.,0.,1.));
#1937 = DIRECTION('',(1.,0.,-0.));
#1938 = ORIENTED_EDGE('',*,*,#1939,.T.);
#1939 = EDGE_CURVE('',#1929,#1940,#1942,.T.);
#1940 = VERTEX_POINT('',#1941);
#1941 = CARTESIAN_POINT('',(-82.65790547397,-4.916612518415,23.));
#1942 = LINE('',#1943,#1944);
#1943 = CARTESIAN_POINT('',(-82.65790547397,-4.916612518415,8.));
#1944 = VECTOR('',#1945,1.);
#1945 = DIRECTION('',(0.,0.,1.));
#1946 = ORIENTED_EDGE('',*,*,#1947,.T.);
#1947 = EDGE_CURVE('',#1940,#1948,#1950,.T.);
#1948 = VERTEX_POINT('',#1949);
#1949 = CARTESIAN_POINT('',(-82.59250234474,-5.914471441654,23.));
#1950 = CIRCLE('',#1951,82.804);
#1951 = AXIS2_PLACEMENT_3D('',#1952,#1953,#1954);
#1952 = CARTESIAN_POINT('',(0.,0.,23.));
#1953 = DIRECTION('',(0.,0.,1.));
#1954 = DIRECTION('',(1.,0.,-0.));
#1955 = ORIENTED_EDGE('',*,*,#1956,.F.);
#1956 = EDGE_CURVE('',#1931,#1948,#1957,.T.);
#1957 = LINE('',#1958,#1959);
#1958 = CARTESIAN_POINT('',(-82.59250234474,-5.914471441654,8.));
#1959 = VECTOR('',#1960,1.);
#1960 = DIRECTION('',(0.,0.,1.));
#1961 = FACE_BOUND('',#1962,.T.);
#1962 = EDGE_LOOP('',(#1963,#1974,#1982,#1991));
#1963 = ORIENTED_EDGE('',*,*,#1964,.F.);
#1964 = EDGE_CURVE('',#1965,#1967,#1969,.T.);
#1965 = VERTEX_POINT('',#1966);
#1966 = CARTESIAN_POINT('',(-82.36477383748,-8.517420190406,18.5));
#1967 = VERTEX_POINT('',#1968);
#1968 = CARTESIAN_POINT('',(-82.25590696263,-9.511476528628,18.5));
#1969 = CIRCLE('',#1970,82.804);
#1970 = AXIS2_PLACEMENT_3D('',#1971,#1972,#1973);
#1971 = CARTESIAN_POINT('',(0.,0.,18.5));
#1972 = DIRECTION('',(0.,0.,1.));
#1973 = DIRECTION('',(1.,0.,-0.));
#1974 = ORIENTED_EDGE('',*,*,#1975,.T.);
#1975 = EDGE_CURVE('',#1965,#1976,#1978,.T.);
#1976 = VERTEX_POINT('',#1977);
#1977 = CARTESIAN_POINT('',(-82.36477383748,-8.517420190406,23.));
#1978 = LINE('',#1979,#1980);
#1979 = CARTESIAN_POINT('',(-82.36477383748,-8.517420190406,8.));
#1980 = VECTOR('',#1981,1.);
#1981 = DIRECTION('',(0.,0.,1.));
#1982 = ORIENTED_EDGE('',*,*,#1983,.T.);
#1983 = EDGE_CURVE('',#1976,#1984,#1986,.T.);
#1984 = VERTEX_POINT('',#1985);
#1985 = CARTESIAN_POINT('',(-82.25590696263,-9.511476528628,23.));
#1986 = CIRCLE('',#1987,82.804);
#1987 = AXIS2_PLACEMENT_3D('',#1988,#1989,#1990);
#1988 = CARTESIAN_POINT('',(0.,0.,23.));
#1989 = DIRECTION('',(0.,0.,1.));
#1990 = DIRECTION('',(1.,0.,-0.));
#1991 = ORIENTED_EDGE('',*,*,#1992,.F.);
#1992 = EDGE_CURVE('',#1967,#1984,#1993,.T.);
#1993 = LINE('',#1994,#1995);
#1994 = CARTESIAN_POINT('',(-82.25590696263,-9.511476528628,8.));
#1995 = VECTOR('',#1996,1.);
#1996 = DIRECTION('',(0.,0.,1.));
#1997 = FACE_BOUND('',#1998,.T.);
#1998 = EDGE_LOOP('',(#1999,#2010,#2018,#2027));
#1999 = ORIENTED_EDGE('',*,*,#2000,.F.);
#2000 = EDGE_CURVE('',#2001,#2003,#2005,.T.);
#2001 = VERTEX_POINT('',#2002);
#2002 = CARTESIAN_POINT('',(-81.91485617269,-12.10201446896,18.5));
#2003 = VERTEX_POINT('',#2004);
#2004 = CARTESIAN_POINT('',(-81.7627327865,-13.09037597943,18.5));
#2005 = CIRCLE('',#2006,82.804);
#2006 = AXIS2_PLACEMENT_3D('',#2007,#2008,#2009);
#2007 = CARTESIAN_POINT('',(0.,0.,18.5));
#2008 = DIRECTION('',(0.,0.,1.));
#2009 = DIRECTION('',(1.,0.,-0.));
#2010 = ORIENTED_EDGE('',*,*,#2011,.T.);
#2011 = EDGE_CURVE('',#2001,#2012,#2014,.T.);
#2012 = VERTEX_POINT('',#2013);
#2013 = CARTESIAN_POINT('',(-81.91485617269,-12.10201446896,23.));
#2014 = LINE('',#2015,#2016);
#2015 = CARTESIAN_POINT('',(-81.91485617269,-12.10201446896,8.));
#2016 = VECTOR('',#2017,1.);
#2017 = DIRECTION('',(0.,0.,1.));
#2018 = ORIENTED_EDGE('',*,*,#2019,.T.);
#2019 = EDGE_CURVE('',#2012,#2020,#2022,.T.);
#2020 = VERTEX_POINT('',#2021);
#2021 = CARTESIAN_POINT('',(-81.7627327865,-13.09037597943,23.));
#2022 = CIRCLE('',#2023,82.804);
#2023 = AXIS2_PLACEMENT_3D('',#2024,#2025,#2026);
#2024 = CARTESIAN_POINT('',(0.,0.,23.));
#2025 = DIRECTION('',(0.,0.,1.));
#2026 = DIRECTION('',(1.,0.,-0.));
#2027 = ORIENTED_EDGE('',*,*,#2028,.F.);
#2028 = EDGE_CURVE('',#2003,#2020,#2029,.T.);
#2029 = LINE('',#2030,#2031);
#2030 = CARTESIAN_POINT('',(-81.7627327865,-13.09037597943,8.));
#2031 = VECTOR('',#2032,1.);
#2032 = DIRECTION('',(0.,0.,1.));
#2033 = FACE_BOUND('',#2034,.T.);
#2034 = EDGE_LOOP('',(#2035,#2046,#2054,#2063));
#2035 = ORIENTED_EDGE('',*,*,#2036,.F.);
#2036 = EDGE_CURVE('',#2037,#2039,#2041,.T.);
#2037 = VERTEX_POINT('',#2038);
#2038 = CARTESIAN_POINT('',(-81.30900892344,-15.66357187515,18.5));
#2039 = VERTEX_POINT('',#2040);
#2040 = CARTESIAN_POINT('',(-81.11391860142,-16.64435715555,18.5));
#2041 = CIRCLE('',#2042,82.804);
#2042 = AXIS2_PLACEMENT_3D('',#2043,#2044,#2045);
#2043 = CARTESIAN_POINT('',(0.,0.,18.5));
#2044 = DIRECTION('',(0.,0.,1.));
#2045 = DIRECTION('',(1.,0.,-0.));
#2046 = ORIENTED_EDGE('',*,*,#2047,.T.);
#2047 = EDGE_CURVE('',#2037,#2048,#2050,.T.);
#2048 = VERTEX_POINT('',#2049);
#2049 = CARTESIAN_POINT('',(-81.30900892344,-15.66357187515,23.));
#2050 = LINE('',#2051,#2052);
#2051 = CARTESIAN_POINT('',(-81.30900892344,-15.66357187515,8.));
#2052 = VECTOR('',#2053,1.);
#2053 = DIRECTION('',(0.,0.,1.));
#2054 = ORIENTED_EDGE('',*,*,#2055,.T.);
#2055 = EDGE_CURVE('',#2048,#2056,#2058,.T.);
#2056 = VERTEX_POINT('',#2057);
#2057 = CARTESIAN_POINT('',(-81.11391860142,-16.64435715555,23.));
#2058 = CIRCLE('',#2059,82.804);
#2059 = AXIS2_PLACEMENT_3D('',#2060,#2061,#2062);
#2060 = CARTESIAN_POINT('',(0.,0.,23.));
#2061 = DIRECTION('',(0.,0.,1.));
#2062 = DIRECTION('',(1.,0.,-0.));
#2063 = ORIENTED_EDGE('',*,*,#2064,.F.);
#2064 = EDGE_CURVE('',#2039,#2056,#2065,.T.);
#2065 = LINE('',#2066,#2067);
#2066 = CARTESIAN_POINT('',(-81.11391860142,-16.64435715555,8.));
#2067 = VECTOR('',#2068,1.);
#2068 = DIRECTION('',(0.,0.,1.));
#2069 = FACE_BOUND('',#2070,.T.);
#2070 = EDGE_LOOP('',(#2071,#2082,#2090,#2099));
#2071 = ORIENTED_EDGE('',*,*,#2072,.F.);
#2072 = EDGE_CURVE('',#2073,#2075,#2077,.T.);
#2073 = VERTEX_POINT('',#2074);
#2074 = CARTESIAN_POINT('',(-80.54838535439,-19.19531278201,18.5));
#2075 = VERTEX_POINT('',#2076);
#2076 = CARTESIAN_POINT('',(-80.31069946207,-20.16665485182,18.5));
#2077 = CIRCLE('',#2078,82.804);
#2078 = AXIS2_PLACEMENT_3D('',#2079,#2080,#2081);
#2079 = CARTESIAN_POINT('',(0.,0.,18.5));
#2080 = DIRECTION('',(0.,0.,1.));
#2081 = DIRECTION('',(1.,0.,-0.));
#2082 = ORIENTED_EDGE('',*,*,#2083,.T.);
#2083 = EDGE_CURVE('',#2073,#2084,#2086,.T.);
#2084 = VERTEX_POINT('',#2085);
#2085 = CARTESIAN_POINT('',(-80.54838535439,-19.19531278201,23.));
#2086 = LINE('',#2087,#2088);
#2087 = CARTESIAN_POINT('',(-80.54838535439,-19.19531278201,8.));
#2088 = VECTOR('',#2089,1.);
#2089 = DIRECTION('',(0.,0.,1.));
#2090 = ORIENTED_EDGE('',*,*,#2091,.T.);
#2091 = EDGE_CURVE('',#2084,#2092,#2094,.T.);
#2092 = VERTEX_POINT('',#2093);
#2093 = CARTESIAN_POINT('',(-80.31069946207,-20.16665485182,23.));
#2094 = CIRCLE('',#2095,82.804);
#2095 = AXIS2_PLACEMENT_3D('',#2096,#2097,#2098);
#2096 = CARTESIAN_POINT('',(0.,0.,23.));
#2097 = DIRECTION('',(0.,0.,1.));
#2098 = DIRECTION('',(1.,0.,-0.));
#2099 = ORIENTED_EDGE('',*,*,#2100,.F.);
#2100 = EDGE_CURVE('',#2075,#2092,#2101,.T.);
#2101 = LINE('',#2102,#2103);
#2102 = CARTESIAN_POINT('',(-80.31069946207,-20.16665485182,8.));
#2103 = VECTOR('',#2104,1.);
#2104 = DIRECTION('',(0.,0.,1.));
#2105 = FACE_BOUND('',#2106,.T.);
#2106 = EDGE_LOOP('',(#2107,#2118,#2126,#2135));
#2107 = ORIENTED_EDGE('',*,*,#2108,.F.);
#2108 = EDGE_CURVE('',#2109,#2111,#2113,.T.);
#2109 = VERTEX_POINT('',#2110);
#2110 = CARTESIAN_POINT('',(-79.63443335576,-22.69051432,18.5));
#2111 = VERTEX_POINT('',#2112);
#2112 = CARTESIAN_POINT('',(-79.35460434173,-23.65056417438,18.5));
#2113 = CIRCLE('',#2114,82.804);
#2114 = AXIS2_PLACEMENT_3D('',#2115,#2116,#2117);
#2115 = CARTESIAN_POINT('',(0.,0.,18.5));
#2116 = DIRECTION('',(0.,0.,1.));
#2117 = DIRECTION('',(1.,0.,-0.));
#2118 = ORIENTED_EDGE('',*,*,#2119,.T.);
#2119 = EDGE_CURVE('',#2109,#2120,#2122,.T.);
#2120 = VERTEX_POINT('',#2121);
#2121 = CARTESIAN_POINT('',(-79.63443335576,-22.69051432,23.));
#2122 = LINE('',#2123,#2124);
#2123 = CARTESIAN_POINT('',(-79.63443335576,-22.69051432,8.));
#2124 = VECTOR('',#2125,1.);
#2125 = DIRECTION('',(0.,0.,1.));
#2126 = ORIENTED_EDGE('',*,*,#2127,.T.);
#2127 = EDGE_CURVE('',#2120,#2128,#2130,.T.);
#2128 = VERTEX_POINT('',#2129);
#2129 = CARTESIAN_POINT('',(-79.35460434173,-23.65056417438,23.));
#2130 = CIRCLE('',#2131,82.804);
#2131 = AXIS2_PLACEMENT_3D('',#2132,#2133,#2134);
#2132 = CARTESIAN_POINT('',(0.,0.,23.));
#2133 = DIRECTION('',(0.,0.,1.));
#2134 = DIRECTION('',(1.,0.,-0.));
#2135 = ORIENTED_EDGE('',*,*,#2136,.F.);
#2136 = EDGE_CURVE('',#2111,#2128,#2137,.T.);
#2137 = LINE('',#2138,#2139);
#2138 = CARTESIAN_POINT('',(-79.35460434173,-23.65056417438,8.));
#2139 = VECTOR('',#2140,1.);
#2140 = DIRECTION('',(0.,0.,1.));
#2141 = FACE_BOUND('',#2142,.T.);
#2142 = EDGE_LOOP('',(#2143,#2154,#2162,#2171));
#2143 = ORIENTED_EDGE('',*,*,#2144,.F.);
#2144 = EDGE_CURVE('',#2145,#2147,#2149,.T.);
#2145 = VERTEX_POINT('',#2146);
#2146 = CARTESIAN_POINT('',(-78.56889268711,-26.14252317434,18.5));
#2147 = VERTEX_POINT('',#2148);
#2148 = CARTESIAN_POINT('',(-78.24745322181,-27.08945330383,18.5));
#2149 = CIRCLE('',#2150,82.804);
#2150 = AXIS2_PLACEMENT_3D('',#2151,#2152,#2153);
#2151 = CARTESIAN_POINT('',(0.,0.,18.5));
#2152 = DIRECTION('',(0.,0.,1.));
#2153 = DIRECTION('',(1.,0.,-0.));
#2154 = ORIENTED_EDGE('',*,*,#2155,.T.);
#2155 = EDGE_CURVE('',#2145,#2156,#2158,.T.);
#2156 = VERTEX_POINT('',#2157);
#2157 = CARTESIAN_POINT('',(-78.56889268711,-26.14252317434,23.));
#2158 = LINE('',#2159,#2160);
#2159 = CARTESIAN_POINT('',(-78.56889268711,-26.14252317434,8.));
#2160 = VECTOR('',#2161,1.);
#2161 = DIRECTION('',(0.,0.,1.));
#2162 = ORIENTED_EDGE('',*,*,#2163,.T.);
#2163 = EDGE_CURVE('',#2156,#2164,#2166,.T.);
#2164 = VERTEX_POINT('',#2165);
#2165 = CARTESIAN_POINT('',(-78.24745322181,-27.08945330383,23.));
#2166 = CIRCLE('',#2167,82.804);
#2167 = AXIS2_PLACEMENT_3D('',#2168,#2169,#2170);
#2168 = CARTESIAN_POINT('',(0.,0.,23.));
#2169 = DIRECTION('',(0.,0.,1.));
#2170 = DIRECTION('',(1.,0.,-0.));
#2171 = ORIENTED_EDGE('',*,*,#2172,.F.);
#2172 = EDGE_CURVE('',#2147,#2164,#2173,.T.);
#2173 = LINE('',#2174,#2175);
#2174 = CARTESIAN_POINT('',(-78.24745322181,-27.08945330383,8.));
#2175 = VECTOR('',#2176,1.);
#2176 = DIRECTION('',(0.,0.,1.));
#2177 = FACE_BOUND('',#2178,.T.);
#2178 = EDGE_LOOP('',(#2179,#2190,#2198,#2207));
#2179 = ORIENTED_EDGE('',*,*,#2180,.F.);
#2180 = EDGE_CURVE('',#2181,#2183,#2185,.T.);
#2181 = VERTEX_POINT('',#2182);
#2182 = CARTESIAN_POINT('',(-77.35379166566,-29.54476824997,18.5));
#2183 = VERTEX_POINT('',#2184);
#2184 = CARTESIAN_POINT('',(-76.99135362738,-30.47677611925,18.5));
#2185 = CIRCLE('',#2186,82.804);
#2186 = AXIS2_PLACEMENT_3D('',#2187,#2188,#2189);
#2187 = CARTESIAN_POINT('',(0.,0.,18.5));
#2188 = DIRECTION('',(0.,0.,1.));
#2189 = DIRECTION('',(1.,0.,-0.));
#2190 = ORIENTED_EDGE('',*,*,#2191,.T.);
#2191 = EDGE_CURVE('',#2181,#2192,#2194,.T.);
#2192 = VERTEX_POINT('',#2193);
#2193 = CARTESIAN_POINT('',(-77.35379166566,-29.54476824997,23.));
#2194 = LINE('',#2195,#2196);
#2195 = CARTESIAN_POINT('',(-77.35379166566,-29.54476824997,8.));
#2196 = VECTOR('',#2197,1.);
#2197 = DIRECTION('',(0.,0.,1.));
#2198 = ORIENTED_EDGE('',*,*,#2199,.T.);
#2199 = EDGE_CURVE('',#2192,#2200,#2202,.T.);
#2200 = VERTEX_POINT('',#2201);
#2201 = CARTESIAN_POINT('',(-76.99135362738,-30.47677611925,23.));
#2202 = CIRCLE('',#2203,82.804);
#2203 = AXIS2_PLACEMENT_3D('',#2204,#2205,#2206);
#2204 = CARTESIAN_POINT('',(0.,0.,23.));
#2205 = DIRECTION('',(0.,0.,1.));
#2206 = DIRECTION('',(1.,0.,-0.));
#2207 = ORIENTED_EDGE('',*,*,#2208,.F.);
#2208 = EDGE_CURVE('',#2183,#2200,#2209,.T.);
#2209 = LINE('',#2210,#2211);
#2210 = CARTESIAN_POINT('',(-76.99135362738,-30.47677611925,8.));
#2211 = VECTOR('',#2212,1.);
#2212 = DIRECTION('',(0.,0.,1.));
#2213 = FACE_BOUND('',#2214,.T.);
#2214 = EDGE_LOOP('',(#2215,#2226,#2234,#2243));
#2215 = ORIENTED_EDGE('',*,*,#2216,.F.);
#2216 = EDGE_CURVE('',#2217,#2219,#2221,.T.);
#2217 = VERTEX_POINT('',#2218);
#2218 = CARTESIAN_POINT('',(-75.99144330528,-32.89077318002,18.5));
#2219 = VERTEX_POINT('',#2220);
#2220 = CARTESIAN_POINT('',(-75.58869661542,-33.80608465914,18.5));
#2221 = CIRCLE('',#2222,82.804);
#2222 = AXIS2_PLACEMENT_3D('',#2223,#2224,#2225);
#2223 = CARTESIAN_POINT('',(0.,0.,18.5));
#2224 = DIRECTION('',(0.,0.,1.));
#2225 = DIRECTION('',(1.,0.,-0.));
#2226 = ORIENTED_EDGE('',*,*,#2227,.T.);
#2227 = EDGE_CURVE('',#2217,#2228,#2230,.T.);
#2228 = VERTEX_POINT('',#2229);
#2229 = CARTESIAN_POINT('',(-75.99144330528,-32.89077318002,23.));
#2230 = LINE('',#2231,#2232);
#2231 = CARTESIAN_POINT('',(-75.99144330528,-32.89077318002,8.));
#2232 = VECTOR('',#2233,1.);
#2233 = DIRECTION('',(0.,0.,1.));
#2234 = ORIENTED_EDGE('',*,*,#2235,.T.);
#2235 = EDGE_CURVE('',#2228,#2236,#2238,.T.);
#2236 = VERTEX_POINT('',#2237);
#2237 = CARTESIAN_POINT('',(-75.58869661542,-33.80608465914,23.));
#2238 = CIRCLE('',#2239,82.804);
#2239 = AXIS2_PLACEMENT_3D('',#2240,#2241,#2242);
#2240 = CARTESIAN_POINT('',(0.,0.,23.));
#2241 = DIRECTION('',(0.,0.,1.));
#2242 = DIRECTION('',(1.,0.,-0.));
#2243 = ORIENTED_EDGE('',*,*,#2244,.F.);
#2244 = EDGE_CURVE('',#2219,#2236,#2245,.T.);
#2245 = LINE('',#2246,#2247);
#2246 = CARTESIAN_POINT('',(-75.58869661542,-33.80608465914,8.));
#2247 = VECTOR('',#2248,1.);
#2248 = DIRECTION('',(0.,0.,1.));
#2249 = FACE_BOUND('',#2250,.T.);
#2250 = EDGE_LOOP('',(#2251,#2262,#2270,#2279));
#2251 = ORIENTED_EDGE('',*,*,#2252,.F.);
#2252 = EDGE_CURVE('',#2253,#2255,#2257,.T.);
#2253 = VERTEX_POINT('',#2254);
#2254 = CARTESIAN_POINT('',(-74.48444091349,-36.17416865394,18.5));
#2255 = VERTEX_POINT('',#2256);
#2256 = CARTESIAN_POINT('',(-74.04215222327,-37.07104139547,18.5));
#2257 = CIRCLE('',#2258,82.804);
#2258 = AXIS2_PLACEMENT_3D('',#2259,#2260,#2261);
#2259 = CARTESIAN_POINT('',(0.,0.,18.5));
#2260 = DIRECTION('',(0.,0.,1.));
#2261 = DIRECTION('',(1.,0.,-0.));
#2262 = ORIENTED_EDGE('',*,*,#2263,.T.);
#2263 = EDGE_CURVE('',#2253,#2264,#2266,.T.);
#2264 = VERTEX_POINT('',#2265);
#2265 = CARTESIAN_POINT('',(-74.48444091349,-36.17416865394,23.));
#2266 = LINE('',#2267,#2268);
#2267 = CARTESIAN_POINT('',(-74.48444091349,-36.17416865394,8.));
#2268 = VECTOR('',#2269,1.);
#2269 = DIRECTION('',(0.,0.,1.));
#2270 = ORIENTED_EDGE('',*,*,#2271,.T.);
#2271 = EDGE_CURVE('',#2264,#2272,#2274,.T.);
#2272 = VERTEX_POINT('',#2273);
#2273 = CARTESIAN_POINT('',(-74.04215222327,-37.07104139547,23.));
#2274 = CIRCLE('',#2275,82.804);
#2275 = AXIS2_PLACEMENT_3D('',#2276,#2277,#2278);
#2276 = CARTESIAN_POINT('',(0.,0.,23.));
#2277 = DIRECTION('',(0.,0.,1.));
#2278 = DIRECTION('',(1.,0.,-0.));
#2279 = ORIENTED_EDGE('',*,*,#2280,.F.);
#2280 = EDGE_CURVE('',#2255,#2272,#2281,.T.);
#2281 = LINE('',#2282,#2283);
#2282 = CARTESIAN_POINT('',(-74.04215222327,-37.07104139547,8.));
#2283 = VECTOR('',#2284,1.);
#2284 = DIRECTION('',(0.,0.,1.));
#2285 = FACE_BOUND('',#2286,.T.);
#2286 = EDGE_LOOP('',(#2287,#2298,#2306,#2315));
#2287 = ORIENTED_EDGE('',*,*,#2288,.F.);
#2288 = EDGE_CURVE('',#2289,#2291,#2293,.T.);
#2289 = VERTEX_POINT('',#2290);
#2290 = CARTESIAN_POINT('',(-72.83565315501,-39.38870454181,18.5));
#2291 = VERTEX_POINT('',#2292);
#2292 = CARTESIAN_POINT('',(-72.35466438609,-40.26543129752,18.5));
#2293 = CIRCLE('',#2294,82.804);
#2294 = AXIS2_PLACEMENT_3D('',#2295,#2296,#2297);
#2295 = CARTESIAN_POINT('',(0.,0.,18.5));
#2296 = DIRECTION('',(0.,0.,1.));
#2297 = DIRECTION('',(1.,0.,-0.));
#2298 = ORIENTED_EDGE('',*,*,#2299,.T.);
#2299 = EDGE_CURVE('',#2289,#2300,#2302,.T.);
#2300 = VERTEX_POINT('',#2301);
#2301 = CARTESIAN_POINT('',(-72.83565315501,-39.38870454181,23.));
#2302 = LINE('',#2303,#2304);
#2303 = CARTESIAN_POINT('',(-72.83565315501,-39.38870454181,8.));
#2304 = VECTOR('',#2305,1.);
#2305 = DIRECTION('',(0.,0.,1.));
#2306 = ORIENTED_EDGE('',*,*,#2307,.T.);
#2307 = EDGE_CURVE('',#2300,#2308,#2310,.T.);
#2308 = VERTEX_POINT('',#2309);
#2309 = CARTESIAN_POINT('',(-72.35466438609,-40.26543129752,23.));
#2310 = CIRCLE('',#2311,82.804);
#2311 = AXIS2_PLACEMENT_3D('',#2312,#2313,#2314);
#2312 = CARTESIAN_POINT('',(0.,0.,23.));
#2313 = DIRECTION('',(0.,0.,1.));
#2314 = DIRECTION('',(1.,0.,-0.));
#2315 = ORIENTED_EDGE('',*,*,#2316,.F.);
#2316 = EDGE_CURVE('',#2291,#2308,#2317,.T.);
#2317 = LINE('',#2318,#2319);
#2318 = CARTESIAN_POINT('',(-72.35466438609,-40.26543129752,8.));
#2319 = VECTOR('',#2320,1.);
#2320 = DIRECTION('',(0.,0.,1.));
#2321 = FACE_BOUND('',#2322,.T.);
#2322 = EDGE_LOOP('',(#2323,#2334,#2342,#2351));
#2323 = ORIENTED_EDGE('',*,*,#2324,.F.);
#2324 = EDGE_CURVE('',#2325,#2327,#2329,.T.);
#2325 = VERTEX_POINT('',#2326);
#2326 = CARTESIAN_POINT('',(-71.04821859104,-42.52826179189,18.5));
#2327 = VERTEX_POINT('',#2328);
#2328 = CARTESIAN_POINT('',(-70.52944533288,-43.38317366256,18.5));
#2329 = CIRCLE('',#2330,82.804);
#2330 = AXIS2_PLACEMENT_3D('',#2331,#2332,#2333);
#2331 = CARTESIAN_POINT('',(0.,0.,18.5));
#2332 = DIRECTION('',(0.,0.,1.));
#2333 = DIRECTION('',(1.,0.,-0.));
#2334 = ORIENTED_EDGE('',*,*,#2335,.T.);
#2335 = EDGE_CURVE('',#2325,#2336,#2338,.T.);
#2336 = VERTEX_POINT('',#2337);
#2337 = CARTESIAN_POINT('',(-71.04821859104,-42.52826179189,23.));
#2338 = LINE('',#2339,#2340);
#2339 = CARTESIAN_POINT('',(-71.04821859104,-42.52826179189,8.));
#2340 = VECTOR('',#2341,1.);
#2341 = DIRECTION('',(0.,0.,1.));
#2342 = ORIENTED_EDGE('',*,*,#2343,.T.);
#2343 = EDGE_CURVE('',#2336,#2344,#2346,.T.);
#2344 = VERTEX_POINT('',#2345);
#2345 = CARTESIAN_POINT('',(-70.52944533288,-43.38317366256,23.));
#2346 = CIRCLE('',#2347,82.804);
#2347 = AXIS2_PLACEMENT_3D('',#2348,#2349,#2350);
#2348 = CARTESIAN_POINT('',(0.,0.,23.));
#2349 = DIRECTION('',(0.,0.,1.));
#2350 = DIRECTION('',(1.,0.,-0.));
#2351 = ORIENTED_EDGE('',*,*,#2352,.F.);
#2352 = EDGE_CURVE('',#2327,#2344,#2353,.T.);
#2353 = LINE('',#2354,#2355);
#2354 = CARTESIAN_POINT('',(-70.52944533288,-43.38317366256,8.));
#2355 = VECTOR('',#2356,1.);
#2356 = DIRECTION('',(0.,0.,1.));
#2357 = FACE_BOUND('',#2358,.T.);
#2358 = EDGE_LOOP('',(#2359,#2370,#2378,#2387));
#2359 = ORIENTED_EDGE('',*,*,#2360,.F.);
#2360 = EDGE_CURVE('',#2361,#2363,#2365,.T.);
#2361 = VERTEX_POINT('',#2362);
#2362 = CARTESIAN_POINT('',(-69.12553970486,-45.58686407849,18.5));
#2363 = VERTEX_POINT('',#2364);
#2364 = CARTESIAN_POINT('',(-68.56996947184,-46.4183336908,18.5));
#2365 = CIRCLE('',#2366,82.804);
#2366 = AXIS2_PLACEMENT_3D('',#2367,#2368,#2369);
#2367 = CARTESIAN_POINT('',(0.,0.,18.5));
#2368 = DIRECTION('',(0.,0.,1.));
#2369 = DIRECTION('',(1.,0.,-0.));
#2370 = ORIENTED_EDGE('',*,*,#2371,.T.);
#2371 = EDGE_CURVE('',#2361,#2372,#2374,.T.);
#2372 = VERTEX_POINT('',#2373);
#2373 = CARTESIAN_POINT('',(-69.12553970486,-45.58686407849,23.));
#2374 = LINE('',#2375,#2376);
#2375 = CARTESIAN_POINT('',(-69.12553970486,-45.58686407849,8.));
#2376 = VECTOR('',#2377,1.);
#2377 = DIRECTION('',(0.,0.,1.));
#2378 = ORIENTED_EDGE('',*,*,#2379,.T.);
#2379 = EDGE_CURVE('',#2372,#2380,#2382,.T.);
#2380 = VERTEX_POINT('',#2381);
#2381 = CARTESIAN_POINT('',(-68.56996947184,-46.4183336908,23.));
#2382 = CIRCLE('',#2383,82.804);
#2383 = AXIS2_PLACEMENT_3D('',#2384,#2385,#2386);
#2384 = CARTESIAN_POINT('',(0.,0.,23.));
#2385 = DIRECTION('',(0.,0.,1.));
#2386 = DIRECTION('',(1.,0.,-0.));
#2387 = ORIENTED_EDGE('',*,*,#2388,.F.);
#2388 = EDGE_CURVE('',#2363,#2380,#2389,.T.);
#2389 = LINE('',#2390,#2391);
#2390 = CARTESIAN_POINT('',(-68.56996947184,-46.4183336908,8.));
#2391 = VECTOR('',#2392,1.);
#2392 = DIRECTION('',(0.,0.,1.));
#2393 = FACE_BOUND('',#2394,.T.);
#2394 = EDGE_LOOP('',(#2395,#2406,#2414,#2423));
#2395 = ORIENTED_EDGE('',*,*,#2396,.F.);
#2396 = EDGE_CURVE('',#2397,#2399,#2401,.T.);
#2397 = VERTEX_POINT('',#2398);
#2398 = CARTESIAN_POINT('',(-67.07127642501,-48.55868917834,18.5));
#2399 = VERTEX_POINT('',#2400);
#2400 = CARTESIAN_POINT('',(-66.47996677665,-49.3651337826,18.5));
#2401 = CIRCLE('',#2402,82.804);
#2402 = AXIS2_PLACEMENT_3D('',#2403,#2404,#2405);
#2403 = CARTESIAN_POINT('',(0.,0.,18.5));
#2404 = DIRECTION('',(0.,0.,1.));
#2405 = DIRECTION('',(1.,0.,-0.));
#2406 = ORIENTED_EDGE('',*,*,#2407,.T.);
#2407 = EDGE_CURVE('',#2397,#2408,#2410,.T.);
#2408 = VERTEX_POINT('',#2409);
#2409 = CARTESIAN_POINT('',(-67.07127642501,-48.55868917834,23.));
#2410 = LINE('',#2411,#2412);
#2411 = CARTESIAN_POINT('',(-67.07127642501,-48.55868917834,8.));
#2412 = VECTOR('',#2413,1.);
#2413 = DIRECTION('',(0.,0.,1.));
#2414 = ORIENTED_EDGE('',*,*,#2415,.T.);
#2415 = EDGE_CURVE('',#2408,#2416,#2418,.T.);
#2416 = VERTEX_POINT('',#2417);
#2417 = CARTESIAN_POINT('',(-66.47996677665,-49.3651337826,23.));
#2418 = CIRCLE('',#2419,82.804);
#2419 = AXIS2_PLACEMENT_3D('',#2420,#2421,#2422);
#2420 = CARTESIAN_POINT('',(0.,0.,23.));
#2421 = DIRECTION('',(0.,0.,1.));
#2422 = DIRECTION('',(1.,0.,-0.));
#2423 = ORIENTED_EDGE('',*,*,#2424,.F.);
#2424 = EDGE_CURVE('',#2399,#2416,#2425,.T.);
#2425 = LINE('',#2426,#2427);
#2426 = CARTESIAN_POINT('',(-66.47996677665,-49.3651337826,8.));
#2427 = VECTOR('',#2428,1.);
#2428 = DIRECTION('',(0.,0.,1.));
#2429 = FACE_BOUND('',#2430,.T.);
#2430 = EDGE_LOOP('',(#2431,#2442,#2450,#2459));
#2431 = ORIENTED_EDGE('',*,*,#2432,.F.);
#2432 = EDGE_CURVE('',#2433,#2435,#2437,.T.);
#2433 = VERTEX_POINT('',#2434);
#2434 = CARTESIAN_POINT('',(-64.88933915841,-51.43808005343,18.5));
#2435 = VERTEX_POINT('',#2436);
#2436 = CARTESIAN_POINT('',(-64.26341568623,-52.21796453653,18.5));
#2437 = CIRCLE('',#2438,82.804);
#2438 = AXIS2_PLACEMENT_3D('',#2439,#2440,#2441);
#2439 = CARTESIAN_POINT('',(0.,0.,18.5));
#2440 = DIRECTION('',(0.,0.,1.));
#2441 = DIRECTION('',(1.,0.,-0.));
#2442 = ORIENTED_EDGE('',*,*,#2443,.T.);
#2443 = EDGE_CURVE('',#2433,#2444,#2446,.T.);
#2444 = VERTEX_POINT('',#2445);
#2445 = CARTESIAN_POINT('',(-64.88933915841,-51.43808005343,23.));
#2446 = LINE('',#2447,#2448);
#2447 = CARTESIAN_POINT('',(-64.88933915841,-51.43808005343,8.));
#2448 = VECTOR('',#2449,1.);
#2449 = DIRECTION('',(0.,0.,1.));
#2450 = ORIENTED_EDGE('',*,*,#2451,.T.);
#2451 = EDGE_CURVE('',#2444,#2452,#2454,.T.);
#2452 = VERTEX_POINT('',#2453);
#2453 = CARTESIAN_POINT('',(-64.26341568623,-52.21796453653,23.));
#2454 = CIRCLE('',#2455,82.804);
#2455 = AXIS2_PLACEMENT_3D('',#2456,#2457,#2458);
#2456 = CARTESIAN_POINT('',(0.,0.,23.));
#2457 = DIRECTION('',(0.,0.,1.));
#2458 = DIRECTION('',(1.,0.,-0.));
#2459 = ORIENTED_EDGE('',*,*,#2460,.F.);
#2460 = EDGE_CURVE('',#2435,#2452,#2461,.T.);
#2461 = LINE('',#2462,#2463);
#2462 = CARTESIAN_POINT('',(-64.26341568623,-52.21796453653,8.));
#2463 = VECTOR('',#2464,1.);
#2464 = DIRECTION('',(0.,0.,1.));
#2465 = FACE_BOUND('',#2466,.T.);
#2466 = EDGE_LOOP('',(#2467,#2478,#2486,#2495));
#2467 = ORIENTED_EDGE('',*,*,#2468,.F.);
#2468 = EDGE_CURVE('',#2469,#2471,#2473,.T.);
#2469 = VERTEX_POINT('',#2470);
#2470 = CARTESIAN_POINT('',(-62.58388134665,-54.2195556196,18.5));
#2471 = VERTEX_POINT('',#2472);
#2472 = CARTESIAN_POINT('',(-61.92453553155,-54.97139542708,18.5));
#2473 = CIRCLE('',#2474,82.804);
#2474 = AXIS2_PLACEMENT_3D('',#2475,#2476,#2477);
#2475 = CARTESIAN_POINT('',(0.,0.,18.5));
#2476 = DIRECTION('',(0.,0.,1.));
#2477 = DIRECTION('',(1.,0.,-0.));
#2478 = ORIENTED_EDGE('',*,*,#2479,.T.);
#2479 = EDGE_CURVE('',#2469,#2480,#2482,.T.);
#2480 = VERTEX_POINT('',#2481);
#2481 = CARTESIAN_POINT('',(-62.58388134665,-54.2195556196,23.));
#2482 = LINE('',#2483,#2484);
#2483 = CARTESIAN_POINT('',(-62.58388134665,-54.2195556196,8.));
#2484 = VECTOR('',#2485,1.);
#2485 = DIRECTION('',(0.,0.,1.));
#2486 = ORIENTED_EDGE('',*,*,#2487,.T.);
#2487 = EDGE_CURVE('',#2480,#2488,#2490,.T.);
#2488 = VERTEX_POINT('',#2489);
#2489 = CARTESIAN_POINT('',(-61.92453553155,-54.97139542708,23.));
#2490 = CIRCLE('',#2491,82.804);
#2491 = AXIS2_PLACEMENT_3D('',#2492,#2493,#2494);
#2492 = CARTESIAN_POINT('',(0.,0.,23.));
#2493 = DIRECTION('',(0.,0.,1.));
#2494 = DIRECTION('',(1.,0.,-0.));
#2495 = ORIENTED_EDGE('',*,*,#2496,.F.);
#2496 = EDGE_CURVE('',#2471,#2488,#2497,.T.);
#2497 = LINE('',#2498,#2499);
#2498 = CARTESIAN_POINT('',(-61.92453553155,-54.97139542708,8.));
#2499 = VECTOR('',#2500,1.);
#2500 = DIRECTION('',(0.,0.,1.));
#2501 = FACE_BOUND('',#2502,.T.);
#2502 = EDGE_LOOP('',(#2503,#2514,#2522,#2531));
#2503 = ORIENTED_EDGE('',*,*,#2504,.F.);
#2504 = EDGE_CURVE('',#2505,#2507,#2509,.T.);
#2505 = VERTEX_POINT('',#2506);
#2506 = CARTESIAN_POINT('',(-60.15929155972,-56.89782118001,18.5));
#2507 = VERTEX_POINT('',#2508);
#2508 = CARTESIAN_POINT('',(-59.46777850393,-57.62018514207,18.5));
#2509 = CIRCLE('',#2510,82.804);
#2510 = AXIS2_PLACEMENT_3D('',#2511,#2512,#2513);
#2511 = CARTESIAN_POINT('',(0.,0.,18.5));
#2512 = DIRECTION('',(0.,0.,1.));
#2513 = DIRECTION('',(1.,0.,-0.));
#2514 = ORIENTED_EDGE('',*,*,#2515,.T.);
#2515 = EDGE_CURVE('',#2505,#2516,#2518,.T.);
#2516 = VERTEX_POINT('',#2517);
#2517 = CARTESIAN_POINT('',(-60.15929155972,-56.89782118001,23.));
#2518 = LINE('',#2519,#2520);
#2519 = CARTESIAN_POINT('',(-60.15929155972,-56.89782118001,8.));
#2520 = VECTOR('',#2521,1.);
#2521 = DIRECTION('',(0.,0.,1.));
#2522 = ORIENTED_EDGE('',*,*,#2523,.T.);
#2523 = EDGE_CURVE('',#2516,#2524,#2526,.T.);
#2524 = VERTEX_POINT('',#2525);
#2525 = CARTESIAN_POINT('',(-59.46777850393,-57.62018514207,23.));
#2526 = CIRCLE('',#2527,82.804);
#2527 = AXIS2_PLACEMENT_3D('',#2528,#2529,#2530);
#2528 = CARTESIAN_POINT('',(0.,0.,23.));
#2529 = DIRECTION('',(0.,0.,1.));
#2530 = DIRECTION('',(1.,0.,-0.));
#2531 = ORIENTED_EDGE('',*,*,#2532,.F.);
#2532 = EDGE_CURVE('',#2507,#2524,#2533,.T.);
#2533 = LINE('',#2534,#2535);
#2534 = CARTESIAN_POINT('',(-59.46777850393,-57.62018514207,8.));
#2535 = VECTOR('',#2536,1.);
#2536 = DIRECTION('',(0.,0.,1.));
#2537 = FACE_BOUND('',#2538,.T.);
#2538 = EDGE_LOOP('',(#2539,#2550,#2558,#2567));
#2539 = ORIENTED_EDGE('',*,*,#2540,.F.);
#2540 = EDGE_CURVE('',#2541,#2543,#2545,.T.);
#2541 = VERTEX_POINT('',#2542);
#2542 = CARTESIAN_POINT('',(-57.62018514207,-59.46777850393,18.5));
#2543 = VERTEX_POINT('',#2544);
#2544 = CARTESIAN_POINT('',(-56.89782118001,-60.15929155972,18.5));
#2545 = CIRCLE('',#2546,82.804);
#2546 = AXIS2_PLACEMENT_3D('',#2547,#2548,#2549);
#2547 = CARTESIAN_POINT('',(0.,0.,18.5));
#2548 = DIRECTION('',(0.,0.,1.));
#2549 = DIRECTION('',(1.,0.,-0.));
#2550 = ORIENTED_EDGE('',*,*,#2551,.T.);
#2551 = EDGE_CURVE('',#2541,#2552,#2554,.T.);
#2552 = VERTEX_POINT('',#2553);
#2553 = CARTESIAN_POINT('',(-57.62018514207,-59.46777850393,23.));
#2554 = LINE('',#2555,#2556);
#2555 = CARTESIAN_POINT('',(-57.62018514207,-59.46777850393,8.));
#2556 = VECTOR('',#2557,1.);
#2557 = DIRECTION('',(0.,0.,1.));
#2558 = ORIENTED_EDGE('',*,*,#2559,.T.);
#2559 = EDGE_CURVE('',#2552,#2560,#2562,.T.);
#2560 = VERTEX_POINT('',#2561);
#2561 = CARTESIAN_POINT('',(-56.89782118001,-60.15929155972,23.));
#2562 = CIRCLE('',#2563,82.804);
#2563 = AXIS2_PLACEMENT_3D('',#2564,#2565,#2566);
#2564 = CARTESIAN_POINT('',(0.,0.,23.));
#2565 = DIRECTION('',(0.,0.,1.));
#2566 = DIRECTION('',(1.,0.,-0.));
#2567 = ORIENTED_EDGE('',*,*,#2568,.F.);
#2568 = EDGE_CURVE('',#2543,#2560,#2569,.T.);
#2569 = LINE('',#2570,#2571);
#2570 = CARTESIAN_POINT('',(-56.89782118001,-60.15929155972,8.));
#2571 = VECTOR('',#2572,1.);
#2572 = DIRECTION('',(0.,0.,1.));
#2573 = FACE_BOUND('',#2574,.T.);
#2574 = EDGE_LOOP('',(#2575,#2586,#2594,#2603));
#2575 = ORIENTED_EDGE('',*,*,#2576,.F.);
#2576 = EDGE_CURVE('',#2577,#2579,#2581,.T.);
#2577 = VERTEX_POINT('',#2578);
#2578 = CARTESIAN_POINT('',(-54.97139542708,-61.92453553155,18.5));
#2579 = VERTEX_POINT('',#2580);
#2580 = CARTESIAN_POINT('',(-54.2195556196,-62.58388134665,18.5));
#2581 = CIRCLE('',#2582,82.804);
#2582 = AXIS2_PLACEMENT_3D('',#2583,#2584,#2585);
#2583 = CARTESIAN_POINT('',(0.,0.,18.5));
#2584 = DIRECTION('',(0.,0.,1.));
#2585 = DIRECTION('',(1.,0.,-0.));
#2586 = ORIENTED_EDGE('',*,*,#2587,.T.);
#2587 = EDGE_CURVE('',#2577,#2588,#2590,.T.);
#2588 = VERTEX_POINT('',#2589);
#2589 = CARTESIAN_POINT('',(-54.97139542708,-61.92453553155,23.));
#2590 = LINE('',#2591,#2592);
#2591 = CARTESIAN_POINT('',(-54.97139542708,-61.92453553155,8.));
#2592 = VECTOR('',#2593,1.);
#2593 = DIRECTION('',(0.,0.,1.));
#2594 = ORIENTED_EDGE('',*,*,#2595,.T.);
#2595 = EDGE_CURVE('',#2588,#2596,#2598,.T.);
#2596 = VERTEX_POINT('',#2597);
#2597 = CARTESIAN_POINT('',(-54.2195556196,-62.58388134665,23.));
#2598 = CIRCLE('',#2599,82.804);
#2599 = AXIS2_PLACEMENT_3D('',#2600,#2601,#2602);
#2600 = CARTESIAN_POINT('',(0.,0.,23.));
#2601 = DIRECTION('',(0.,0.,1.));
#2602 = DIRECTION('',(1.,0.,-0.));
#2603 = ORIENTED_EDGE('',*,*,#2604,.F.);
#2604 = EDGE_CURVE('',#2579,#2596,#2605,.T.);
#2605 = LINE('',#2606,#2607);
#2606 = CARTESIAN_POINT('',(-54.2195556196,-62.58388134665,8.));
#2607 = VECTOR('',#2608,1.);
#2608 = DIRECTION('',(0.,0.,1.));
#2609 = FACE_BOUND('',#2610,.T.);
#2610 = EDGE_LOOP('',(#2611,#2622,#2630,#2639));
#2611 = ORIENTED_EDGE('',*,*,#2612,.F.);
#2612 = EDGE_CURVE('',#2613,#2615,#2617,.T.);
#2613 = VERTEX_POINT('',#2614);
#2614 = CARTESIAN_POINT('',(-52.21796453653,-64.26341568623,18.5));
#2615 = VERTEX_POINT('',#2616);
#2616 = CARTESIAN_POINT('',(-51.43808005343,-64.88933915841,18.5));
#2617 = CIRCLE('',#2618,82.804);
#2618 = AXIS2_PLACEMENT_3D('',#2619,#2620,#2621);
#2619 = CARTESIAN_POINT('',(0.,0.,18.5));
#2620 = DIRECTION('',(0.,0.,1.));
#2621 = DIRECTION('',(1.,0.,-0.));
#2622 = ORIENTED_EDGE('',*,*,#2623,.T.);
#2623 = EDGE_CURVE('',#2613,#2624,#2626,.T.);
#2624 = VERTEX_POINT('',#2625);
#2625 = CARTESIAN_POINT('',(-52.21796453653,-64.26341568623,23.));
#2626 = LINE('',#2627,#2628);
#2627 = CARTESIAN_POINT('',(-52.21796453653,-64.26341568623,8.));
#2628 = VECTOR('',#2629,1.);
#2629 = DIRECTION('',(0.,0.,1.));
#2630 = ORIENTED_EDGE('',*,*,#2631,.T.);
#2631 = EDGE_CURVE('',#2624,#2632,#2634,.T.);
#2632 = VERTEX_POINT('',#2633);
#2633 = CARTESIAN_POINT('',(-51.43808005343,-64.88933915841,23.));
#2634 = CIRCLE('',#2635,82.804);
#2635 = AXIS2_PLACEMENT_3D('',#2636,#2637,#2638);
#2636 = CARTESIAN_POINT('',(0.,0.,23.));
#2637 = DIRECTION('',(0.,0.,1.));
#2638 = DIRECTION('',(1.,0.,-0.));
#2639 = ORIENTED_EDGE('',*,*,#2640,.F.);
#2640 = EDGE_CURVE('',#2615,#2632,#2641,.T.);
#2641 = LINE('',#2642,#2643);
#2642 = CARTESIAN_POINT('',(-51.43808005343,-64.88933915841,8.));
#2643 = VECTOR('',#2644,1.);
#2644 = DIRECTION('',(0.,0.,1.));
#2645 = FACE_BOUND('',#2646,.T.);
#2646 = EDGE_LOOP('',(#2647,#2658,#2666,#2675));
#2647 = ORIENTED_EDGE('',*,*,#2648,.F.);
#2648 = EDGE_CURVE('',#2649,#2651,#2653,.T.);
#2649 = VERTEX_POINT('',#2650);
#2650 = CARTESIAN_POINT('',(-49.3651337826,-66.47996677665,18.5));
#2651 = VERTEX_POINT('',#2652);
#2652 = CARTESIAN_POINT('',(-48.55868917834,-67.07127642501,18.5));
#2653 = CIRCLE('',#2654,82.804);
#2654 = AXIS2_PLACEMENT_3D('',#2655,#2656,#2657);
#2655 = CARTESIAN_POINT('',(0.,0.,18.5));
#2656 = DIRECTION('',(0.,0.,1.));
#2657 = DIRECTION('',(1.,0.,-0.));
#2658 = ORIENTED_EDGE('',*,*,#2659,.T.);
#2659 = EDGE_CURVE('',#2649,#2660,#2662,.T.);
#2660 = VERTEX_POINT('',#2661);
#2661 = CARTESIAN_POINT('',(-49.3651337826,-66.47996677665,23.));
#2662 = LINE('',#2663,#2664);
#2663 = CARTESIAN_POINT('',(-49.3651337826,-66.47996677665,8.));
#2664 = VECTOR('',#2665,1.);
#2665 = DIRECTION('',(0.,0.,1.));
#2666 = ORIENTED_EDGE('',*,*,#2667,.T.);
#2667 = EDGE_CURVE('',#2660,#2668,#2670,.T.);
#2668 = VERTEX_POINT('',#2669);
#2669 = CARTESIAN_POINT('',(-48.55868917834,-67.07127642501,23.));
#2670 = CIRCLE('',#2671,82.804);
#2671 = AXIS2_PLACEMENT_3D('',#2672,#2673,#2674);
#2672 = CARTESIAN_POINT('',(0.,0.,23.));
#2673 = DIRECTION('',(0.,0.,1.));
#2674 = DIRECTION('',(1.,0.,-0.));
#2675 = ORIENTED_EDGE('',*,*,#2676,.F.);
#2676 = EDGE_CURVE('',#2651,#2668,#2677,.T.);
#2677 = LINE('',#2678,#2679);
#2678 = CARTESIAN_POINT('',(-48.55868917834,-67.07127642501,8.));
#2679 = VECTOR('',#2680,1.);
#2680 = DIRECTION('',(0.,0.,1.));
#2681 = FACE_BOUND('',#2682,.T.);
#2682 = EDGE_LOOP('',(#2683,#2694,#2702,#2711));
#2683 = ORIENTED_EDGE('',*,*,#2684,.F.);
#2684 = EDGE_CURVE('',#2685,#2687,#2689,.T.);
#2685 = VERTEX_POINT('',#2686);
#2686 = CARTESIAN_POINT('',(-33.80608465914,-75.58869661542,18.5));
#2687 = VERTEX_POINT('',#2688);
#2688 = CARTESIAN_POINT('',(-32.89077318002,-75.99144330528,18.5));
#2689 = CIRCLE('',#2690,82.804);
#2690 = AXIS2_PLACEMENT_3D('',#2691,#2692,#2693);
#2691 = CARTESIAN_POINT('',(0.,0.,18.5));
#2692 = DIRECTION('',(0.,0.,1.));
#2693 = DIRECTION('',(1.,0.,-0.));
#2694 = ORIENTED_EDGE('',*,*,#2695,.T.);
#2695 = EDGE_CURVE('',#2685,#2696,#2698,.T.);
#2696 = VERTEX_POINT('',#2697);
#2697 = CARTESIAN_POINT('',(-33.80608465914,-75.58869661542,23.));
#2698 = LINE('',#2699,#2700);
#2699 = CARTESIAN_POINT('',(-33.80608465914,-75.58869661542,8.));
#2700 = VECTOR('',#2701,1.);
#2701 = DIRECTION('',(0.,0.,1.));
#2702 = ORIENTED_EDGE('',*,*,#2703,.T.);
#2703 = EDGE_CURVE('',#2696,#2704,#2706,.T.);
#2704 = VERTEX_POINT('',#2705);
#2705 = CARTESIAN_POINT('',(-32.89077318002,-75.99144330528,23.));
#2706 = CIRCLE('',#2707,82.804);
#2707 = AXIS2_PLACEMENT_3D('',#2708,#2709,#2710);
#2708 = CARTESIAN_POINT('',(0.,0.,23.));
#2709 = DIRECTION('',(0.,0.,1.));
#2710 = DIRECTION('',(1.,0.,-0.));
#2711 = ORIENTED_EDGE('',*,*,#2712,.F.);
#2712 = EDGE_CURVE('',#2687,#2704,#2713,.T.);
#2713 = LINE('',#2714,#2715);
#2714 = CARTESIAN_POINT('',(-32.89077318002,-75.99144330528,8.));
#2715 = VECTOR('',#2716,1.);
#2716 = DIRECTION('',(0.,0.,1.));
#2717 = FACE_BOUND('',#2718,.T.);
#2718 = EDGE_LOOP('',(#2719,#2730,#2738,#2747));
#2719 = ORIENTED_EDGE('',*,*,#2720,.F.);
#2720 = EDGE_CURVE('',#2721,#2723,#2725,.T.);
#2721 = VERTEX_POINT('',#2722);
#2722 = CARTESIAN_POINT('',(-30.47677611925,-76.99135362738,18.5));
#2723 = VERTEX_POINT('',#2724);
#2724 = CARTESIAN_POINT('',(-29.54476824997,-77.35379166566,18.5));
#2725 = CIRCLE('',#2726,82.804);
#2726 = AXIS2_PLACEMENT_3D('',#2727,#2728,#2729);
#2727 = CARTESIAN_POINT('',(0.,0.,18.5));
#2728 = DIRECTION('',(0.,0.,1.));
#2729 = DIRECTION('',(1.,0.,-0.));
#2730 = ORIENTED_EDGE('',*,*,#2731,.T.);
#2731 = EDGE_CURVE('',#2721,#2732,#2734,.T.);
#2732 = VERTEX_POINT('',#2733);
#2733 = CARTESIAN_POINT('',(-30.47677611925,-76.99135362738,23.));
#2734 = LINE('',#2735,#2736);
#2735 = CARTESIAN_POINT('',(-30.47677611925,-76.99135362738,8.));
#2736 = VECTOR('',#2737,1.);
#2737 = DIRECTION('',(0.,0.,1.));
#2738 = ORIENTED_EDGE('',*,*,#2739,.T.);
#2739 = EDGE_CURVE('',#2732,#2740,#2742,.T.);
#2740 = VERTEX_POINT('',#2741);
#2741 = CARTESIAN_POINT('',(-29.54476824997,-77.35379166566,23.));
#2742 = CIRCLE('',#2743,82.804);
#2743 = AXIS2_PLACEMENT_3D('',#2744,#2745,#2746);
#2744 = CARTESIAN_POINT('',(0.,0.,23.));
#2745 = DIRECTION('',(0.,0.,1.));
#2746 = DIRECTION('',(1.,0.,-0.));
#2747 = ORIENTED_EDGE('',*,*,#2748,.F.);
#2748 = EDGE_CURVE('',#2723,#2740,#2749,.T.);
#2749 = LINE('',#2750,#2751);
#2750 = CARTESIAN_POINT('',(-29.54476824997,-77.35379166566,8.));
#2751 = VECTOR('',#2752,1.);
#2752 = DIRECTION('',(0.,0.,1.));
#2753 = FACE_BOUND('',#2754,.T.);
#2754 = EDGE_LOOP('',(#2755,#2766,#2774,#2783));
#2755 = ORIENTED_EDGE('',*,*,#2756,.F.);
#2756 = EDGE_CURVE('',#2757,#2759,#2761,.T.);
#2757 = VERTEX_POINT('',#2758);
#2758 = CARTESIAN_POINT('',(-27.08945330383,-78.24745322181,18.5));
#2759 = VERTEX_POINT('',#2760);
#2760 = CARTESIAN_POINT('',(-26.14252317434,-78.56889268711,18.5));
#2761 = CIRCLE('',#2762,82.804);
#2762 = AXIS2_PLACEMENT_3D('',#2763,#2764,#2765);
#2763 = CARTESIAN_POINT('',(0.,0.,18.5));
#2764 = DIRECTION('',(0.,0.,1.));
#2765 = DIRECTION('',(1.,0.,-0.));
#2766 = ORIENTED_EDGE('',*,*,#2767,.T.);
#2767 = EDGE_CURVE('',#2757,#2768,#2770,.T.);
#2768 = VERTEX_POINT('',#2769);
#2769 = CARTESIAN_POINT('',(-27.08945330383,-78.24745322181,23.));
#2770 = LINE('',#2771,#2772);
#2771 = CARTESIAN_POINT('',(-27.08945330383,-78.24745322181,8.));
#2772 = VECTOR('',#2773,1.);
#2773 = DIRECTION('',(0.,0.,1.));
#2774 = ORIENTED_EDGE('',*,*,#2775,.T.);
#2775 = EDGE_CURVE('',#2768,#2776,#2778,.T.);
#2776 = VERTEX_POINT('',#2777);
#2777 = CARTESIAN_POINT('',(-26.14252317434,-78.56889268711,23.));
#2778 = CIRCLE('',#2779,82.804);
#2779 = AXIS2_PLACEMENT_3D('',#2780,#2781,#2782);
#2780 = CARTESIAN_POINT('',(0.,0.,23.));
#2781 = DIRECTION('',(0.,0.,1.));
#2782 = DIRECTION('',(1.,0.,-0.));
#2783 = ORIENTED_EDGE('',*,*,#2784,.F.);
#2784 = EDGE_CURVE('',#2759,#2776,#2785,.T.);
#2785 = LINE('',#2786,#2787);
#2786 = CARTESIAN_POINT('',(-26.14252317434,-78.56889268711,8.));
#2787 = VECTOR('',#2788,1.);
#2788 = DIRECTION('',(0.,0.,1.));
#2789 = FACE_BOUND('',#2790,.T.);
#2790 = EDGE_LOOP('',(#2791,#2802,#2810,#2819));
#2791 = ORIENTED_EDGE('',*,*,#2792,.F.);
#2792 = EDGE_CURVE('',#2793,#2795,#2797,.T.);
#2793 = VERTEX_POINT('',#2794);
#2794 = CARTESIAN_POINT('',(8.517420190406,-82.36477383748,18.5));
#2795 = VERTEX_POINT('',#2796);
#2796 = CARTESIAN_POINT('',(9.511476528628,-82.25590696263,18.5));
#2797 = CIRCLE('',#2798,82.804);
#2798 = AXIS2_PLACEMENT_3D('',#2799,#2800,#2801);
#2799 = CARTESIAN_POINT('',(0.,0.,18.5));
#2800 = DIRECTION('',(0.,0.,1.));
#2801 = DIRECTION('',(1.,0.,-0.));
#2802 = ORIENTED_EDGE('',*,*,#2803,.T.);
#2803 = EDGE_CURVE('',#2793,#2804,#2806,.T.);
#2804 = VERTEX_POINT('',#2805);
#2805 = CARTESIAN_POINT('',(8.517420190406,-82.36477383748,23.));
#2806 = LINE('',#2807,#2808);
#2807 = CARTESIAN_POINT('',(8.517420190406,-82.36477383748,8.));
#2808 = VECTOR('',#2809,1.);
#2809 = DIRECTION('',(0.,0.,1.));
#2810 = ORIENTED_EDGE('',*,*,#2811,.T.);
#2811 = EDGE_CURVE('',#2804,#2812,#2814,.T.);
#2812 = VERTEX_POINT('',#2813);
#2813 = CARTESIAN_POINT('',(9.511476528628,-82.25590696263,23.));
#2814 = CIRCLE('',#2815,82.804);
#2815 = AXIS2_PLACEMENT_3D('',#2816,#2817,#2818);
#2816 = CARTESIAN_POINT('',(0.,0.,23.));
#2817 = DIRECTION('',(0.,0.,1.));
#2818 = DIRECTION('',(1.,0.,-0.));
#2819 = ORIENTED_EDGE('',*,*,#2820,.F.);
#2820 = EDGE_CURVE('',#2795,#2812,#2821,.T.);
#2821 = LINE('',#2822,#2823);
#2822 = CARTESIAN_POINT('',(9.511476528628,-82.25590696263,8.));
#2823 = VECTOR('',#2824,1.);
#2824 = DIRECTION('',(0.,0.,1.));
#2825 = FACE_BOUND('',#2826,.T.);
#2826 = EDGE_LOOP('',(#2827,#2838,#2846,#2855));
#2827 = ORIENTED_EDGE('',*,*,#2828,.F.);
#2828 = EDGE_CURVE('',#2829,#2831,#2833,.T.);
#2829 = VERTEX_POINT('',#2830);
#2830 = CARTESIAN_POINT('',(12.102014468966,-81.91485617269,18.5));
#2831 = VERTEX_POINT('',#2832);
#2832 = CARTESIAN_POINT('',(13.090375979434,-81.7627327865,18.5));
#2833 = CIRCLE('',#2834,82.804);
#2834 = AXIS2_PLACEMENT_3D('',#2835,#2836,#2837);
#2835 = CARTESIAN_POINT('',(0.,0.,18.5));
#2836 = DIRECTION('',(0.,0.,1.));
#2837 = DIRECTION('',(1.,0.,-0.));
#2838 = ORIENTED_EDGE('',*,*,#2839,.T.);
#2839 = EDGE_CURVE('',#2829,#2840,#2842,.T.);
#2840 = VERTEX_POINT('',#2841);
#2841 = CARTESIAN_POINT('',(12.102014468966,-81.91485617269,23.));
#2842 = LINE('',#2843,#2844);
#2843 = CARTESIAN_POINT('',(12.102014468966,-81.91485617269,8.));
#2844 = VECTOR('',#2845,1.);
#2845 = DIRECTION('',(0.,0.,1.));
#2846 = ORIENTED_EDGE('',*,*,#2847,.T.);
#2847 = EDGE_CURVE('',#2840,#2848,#2850,.T.);
#2848 = VERTEX_POINT('',#2849);
#2849 = CARTESIAN_POINT('',(13.090375979434,-81.7627327865,23.));
#2850 = CIRCLE('',#2851,82.804);
#2851 = AXIS2_PLACEMENT_3D('',#2852,#2853,#2854);
#2852 = CARTESIAN_POINT('',(0.,0.,23.));
#2853 = DIRECTION('',(0.,0.,1.));
#2854 = DIRECTION('',(1.,0.,-0.));
#2855 = ORIENTED_EDGE('',*,*,#2856,.F.);
#2856 = EDGE_CURVE('',#2831,#2848,#2857,.T.);
#2857 = LINE('',#2858,#2859);
#2858 = CARTESIAN_POINT('',(13.090375979434,-81.7627327865,8.));
#2859 = VECTOR('',#2860,1.);
#2860 = DIRECTION('',(0.,0.,1.));
#2861 = FACE_BOUND('',#2862,.T.);
#2862 = EDGE_LOOP('',(#2863,#2874,#2882,#2891));
#2863 = ORIENTED_EDGE('',*,*,#2864,.F.);
#2864 = EDGE_CURVE('',#2865,#2867,#2869,.T.);
#2865 = VERTEX_POINT('',#2866);
#2866 = CARTESIAN_POINT('',(15.663571875151,-81.30900892344,18.5));
#2867 = VERTEX_POINT('',#2868);
#2868 = CARTESIAN_POINT('',(16.644357155554,-81.11391860142,18.5));
#2869 = CIRCLE('',#2870,82.804);
#2870 = AXIS2_PLACEMENT_3D('',#2871,#2872,#2873);
#2871 = CARTESIAN_POINT('',(0.,0.,18.5));
#2872 = DIRECTION('',(0.,0.,1.));
#2873 = DIRECTION('',(1.,0.,-0.));
#2874 = ORIENTED_EDGE('',*,*,#2875,.T.);
#2875 = EDGE_CURVE('',#2865,#2876,#2878,.T.);
#2876 = VERTEX_POINT('',#2877);
#2877 = CARTESIAN_POINT('',(15.663571875151,-81.30900892344,23.));
#2878 = LINE('',#2879,#2880);
#2879 = CARTESIAN_POINT('',(15.663571875151,-81.30900892344,8.));
#2880 = VECTOR('',#2881,1.);
#2881 = DIRECTION('',(0.,0.,1.));
#2882 = ORIENTED_EDGE('',*,*,#2883,.T.);
#2883 = EDGE_CURVE('',#2876,#2884,#2886,.T.);
#2884 = VERTEX_POINT('',#2885);
#2885 = CARTESIAN_POINT('',(16.644357155554,-81.11391860142,23.));
#2886 = CIRCLE('',#2887,82.804);
#2887 = AXIS2_PLACEMENT_3D('',#2888,#2889,#2890);
#2888 = CARTESIAN_POINT('',(0.,0.,23.));
#2889 = DIRECTION('',(0.,0.,1.));
#2890 = DIRECTION('',(1.,0.,-0.));
#2891 = ORIENTED_EDGE('',*,*,#2892,.F.);
#2892 = EDGE_CURVE('',#2867,#2884,#2893,.T.);
#2893 = LINE('',#2894,#2895);
#2894 = CARTESIAN_POINT('',(16.644357155554,-81.11391860142,8.));
#2895 = VECTOR('',#2896,1.);
#2896 = DIRECTION('',(0.,0.,1.));
#2897 = FACE_BOUND('',#2898,.T.);
#2898 = EDGE_LOOP('',(#2899,#2910,#2918,#2927));
#2899 = ORIENTED_EDGE('',*,*,#2900,.F.);
#2900 = EDGE_CURVE('',#2901,#2903,#2905,.T.);
#2901 = VERTEX_POINT('',#2902);
#2902 = CARTESIAN_POINT('',(19.195312782012,-80.54838535439,18.5));
#2903 = VERTEX_POINT('',#2904);
#2904 = CARTESIAN_POINT('',(20.166654851825,-80.31069946207,18.5));
#2905 = CIRCLE('',#2906,82.804);
#2906 = AXIS2_PLACEMENT_3D('',#2907,#2908,#2909);
#2907 = CARTESIAN_POINT('',(0.,0.,18.5));
#2908 = DIRECTION('',(0.,0.,1.));
#2909 = DIRECTION('',(1.,0.,-0.));
#2910 = ORIENTED_EDGE('',*,*,#2911,.T.);
#2911 = EDGE_CURVE('',#2901,#2912,#2914,.T.);
#2912 = VERTEX_POINT('',#2913);
#2913 = CARTESIAN_POINT('',(19.195312782012,-80.54838535439,23.));
#2914 = LINE('',#2915,#2916);
#2915 = CARTESIAN_POINT('',(19.195312782012,-80.54838535439,8.));
#2916 = VECTOR('',#2917,1.);
#2917 = DIRECTION('',(0.,0.,1.));
#2918 = ORIENTED_EDGE('',*,*,#2919,.T.);
#2919 = EDGE_CURVE('',#2912,#2920,#2922,.T.);
#2920 = VERTEX_POINT('',#2921);
#2921 = CARTESIAN_POINT('',(20.166654851825,-80.31069946207,23.));
#2922 = CIRCLE('',#2923,82.804);
#2923 = AXIS2_PLACEMENT_3D('',#2924,#2925,#2926);
#2924 = CARTESIAN_POINT('',(0.,0.,23.));
#2925 = DIRECTION('',(0.,0.,1.));
#2926 = DIRECTION('',(1.,0.,-0.));
#2927 = ORIENTED_EDGE('',*,*,#2928,.F.);
#2928 = EDGE_CURVE('',#2903,#2920,#2929,.T.);
#2929 = LINE('',#2930,#2931);
#2930 = CARTESIAN_POINT('',(20.166654851825,-80.31069946207,8.));
#2931 = VECTOR('',#2932,1.);
#2932 = DIRECTION('',(0.,0.,1.));
#2933 = FACE_BOUND('',#2934,.T.);
#2934 = EDGE_LOOP('',(#2935,#2946,#2954,#2963));
#2935 = ORIENTED_EDGE('',*,*,#2936,.F.);
#2936 = EDGE_CURVE('',#2937,#2939,#2941,.T.);
#2937 = VERTEX_POINT('',#2938);
#2938 = CARTESIAN_POINT('',(22.690514320003,-79.63443335576,18.5));
#2939 = VERTEX_POINT('',#2940);
#2940 = CARTESIAN_POINT('',(23.650564174389,-79.35460434173,18.5));
#2941 = CIRCLE('',#2942,82.804);
#2942 = AXIS2_PLACEMENT_3D('',#2943,#2944,#2945);
#2943 = CARTESIAN_POINT('',(0.,0.,18.5));
#2944 = DIRECTION('',(0.,0.,1.));
#2945 = DIRECTION('',(1.,0.,-0.));
#2946 = ORIENTED_EDGE('',*,*,#2947,.T.);
#2947 = EDGE_CURVE('',#2937,#2948,#2950,.T.);
#2948 = VERTEX_POINT('',#2949);
#2949 = CARTESIAN_POINT('',(22.690514320003,-79.63443335576,23.));
#2950 = LINE('',#2951,#2952);
#2951 = CARTESIAN_POINT('',(22.690514320003,-79.63443335576,8.));
#2952 = VECTOR('',#2953,1.);
#2953 = DIRECTION('',(0.,0.,1.));
#2954 = ORIENTED_EDGE('',*,*,#2955,.T.);
#2955 = EDGE_CURVE('',#2948,#2956,#2958,.T.);
#2956 = VERTEX_POINT('',#2957);
#2957 = CARTESIAN_POINT('',(23.650564174389,-79.35460434173,23.));
#2958 = CIRCLE('',#2959,82.804);
#2959 = AXIS2_PLACEMENT_3D('',#2960,#2961,#2962);
#2960 = CARTESIAN_POINT('',(0.,0.,23.));
#2961 = DIRECTION('',(0.,0.,1.));
#2962 = DIRECTION('',(1.,0.,-0.));
#2963 = ORIENTED_EDGE('',*,*,#2964,.F.);
#2964 = EDGE_CURVE('',#2939,#2956,#2965,.T.);
#2965 = LINE('',#2966,#2967);
#2966 = CARTESIAN_POINT('',(23.650564174389,-79.35460434173,8.));
#2967 = VECTOR('',#2968,1.);
#2968 = DIRECTION('',(0.,0.,1.));
#2969 = FACE_BOUND('',#2970,.T.);
#2970 = EDGE_LOOP('',(#2971,#2982,#2990,#2999));
#2971 = ORIENTED_EDGE('',*,*,#2972,.F.);
#2972 = EDGE_CURVE('',#2973,#2975,#2977,.T.);
#2973 = VERTEX_POINT('',#2974);
#2974 = CARTESIAN_POINT('',(26.14252317434,-78.56889268711,18.5));
#2975 = VERTEX_POINT('',#2976);
#2976 = CARTESIAN_POINT('',(27.089453303836,-78.24745322181,18.5));
#2977 = CIRCLE('',#2978,82.804);
#2978 = AXIS2_PLACEMENT_3D('',#2979,#2980,#2981);
#2979 = CARTESIAN_POINT('',(0.,0.,18.5));
#2980 = DIRECTION('',(0.,0.,1.));
#2981 = DIRECTION('',(1.,0.,-0.));
#2982 = ORIENTED_EDGE('',*,*,#2983,.T.);
#2983 = EDGE_CURVE('',#2973,#2984,#2986,.T.);
#2984 = VERTEX_POINT('',#2985);
#2985 = CARTESIAN_POINT('',(26.14252317434,-78.56889268711,23.));
#2986 = LINE('',#2987,#2988);
#2987 = CARTESIAN_POINT('',(26.142523174341,-78.56889268711,8.));
#2988 = VECTOR('',#2989,1.);
#2989 = DIRECTION('',(0.,0.,1.));
#2990 = ORIENTED_EDGE('',*,*,#2991,.T.);
#2991 = EDGE_CURVE('',#2984,#2992,#2994,.T.);
#2992 = VERTEX_POINT('',#2993);
#2993 = CARTESIAN_POINT('',(27.089453303836,-78.24745322181,23.));
#2994 = CIRCLE('',#2995,82.804);
#2995 = AXIS2_PLACEMENT_3D('',#2996,#2997,#2998);
#2996 = CARTESIAN_POINT('',(0.,0.,23.));
#2997 = DIRECTION('',(0.,0.,1.));
#2998 = DIRECTION('',(1.,0.,-0.));
#2999 = ORIENTED_EDGE('',*,*,#3000,.F.);
#3000 = EDGE_CURVE('',#2975,#2992,#3001,.T.);
#3001 = LINE('',#3002,#3003);
#3002 = CARTESIAN_POINT('',(27.089453303836,-78.24745322181,8.));
#3003 = VECTOR('',#3004,1.);
#3004 = DIRECTION('',(0.,0.,1.));
#3005 = FACE_BOUND('',#3006,.T.);
#3006 = EDGE_LOOP('',(#3007,#3018,#3026,#3035));
#3007 = ORIENTED_EDGE('',*,*,#3008,.F.);
#3008 = EDGE_CURVE('',#3009,#3011,#3013,.T.);
#3009 = VERTEX_POINT('',#3010);
#3010 = CARTESIAN_POINT('',(29.544768249972,-77.35379166566,18.5));
#3011 = VERTEX_POINT('',#3012);
#3012 = CARTESIAN_POINT('',(30.476776119255,-76.99135362738,18.5));
#3013 = CIRCLE('',#3014,82.804);
#3014 = AXIS2_PLACEMENT_3D('',#3015,#3016,#3017);
#3015 = CARTESIAN_POINT('',(0.,0.,18.5));
#3016 = DIRECTION('',(0.,0.,1.));
#3017 = DIRECTION('',(1.,0.,-0.));
#3018 = ORIENTED_EDGE('',*,*,#3019,.T.);
#3019 = EDGE_CURVE('',#3009,#3020,#3022,.T.);
#3020 = VERTEX_POINT('',#3021);
#3021 = CARTESIAN_POINT('',(29.544768249972,-77.35379166566,23.));
#3022 = LINE('',#3023,#3024);
#3023 = CARTESIAN_POINT('',(29.544768249972,-77.35379166566,8.));
#3024 = VECTOR('',#3025,1.);
#3025 = DIRECTION('',(0.,0.,1.));
#3026 = ORIENTED_EDGE('',*,*,#3027,.T.);
#3027 = EDGE_CURVE('',#3020,#3028,#3030,.T.);
#3028 = VERTEX_POINT('',#3029);
#3029 = CARTESIAN_POINT('',(30.476776119255,-76.99135362738,23.));
#3030 = CIRCLE('',#3031,82.804);
#3031 = AXIS2_PLACEMENT_3D('',#3032,#3033,#3034);
#3032 = CARTESIAN_POINT('',(0.,0.,23.));
#3033 = DIRECTION('',(0.,0.,1.));
#3034 = DIRECTION('',(1.,0.,-0.));
#3035 = ORIENTED_EDGE('',*,*,#3036,.F.);
#3036 = EDGE_CURVE('',#3011,#3028,#3037,.T.);
#3037 = LINE('',#3038,#3039);
#3038 = CARTESIAN_POINT('',(30.476776119255,-76.99135362738,8.));
#3039 = VECTOR('',#3040,1.);
#3040 = DIRECTION('',(0.,0.,1.));
#3041 = FACE_BOUND('',#3042,.T.);
#3042 = EDGE_LOOP('',(#3043,#3054,#3062,#3071));
#3043 = ORIENTED_EDGE('',*,*,#3044,.F.);
#3044 = EDGE_CURVE('',#3045,#3047,#3049,.T.);
#3045 = VERTEX_POINT('',#3046);
#3046 = CARTESIAN_POINT('',(32.890773180025,-75.99144330528,18.5));
#3047 = VERTEX_POINT('',#3048);
#3048 = CARTESIAN_POINT('',(33.806084659144,-75.58869661542,18.5));
#3049 = CIRCLE('',#3050,82.804);
#3050 = AXIS2_PLACEMENT_3D('',#3051,#3052,#3053);
#3051 = CARTESIAN_POINT('',(0.,0.,18.5));
#3052 = DIRECTION('',(0.,0.,1.));
#3053 = DIRECTION('',(1.,0.,-0.));
#3054 = ORIENTED_EDGE('',*,*,#3055,.T.);
#3055 = EDGE_CURVE('',#3045,#3056,#3058,.T.);
#3056 = VERTEX_POINT('',#3057);
#3057 = CARTESIAN_POINT('',(32.890773180025,-75.99144330528,23.));
#3058 = LINE('',#3059,#3060);
#3059 = CARTESIAN_POINT('',(32.890773180025,-75.99144330528,8.));
#3060 = VECTOR('',#3061,1.);
#3061 = DIRECTION('',(0.,0.,1.));
#3062 = ORIENTED_EDGE('',*,*,#3063,.T.);
#3063 = EDGE_CURVE('',#3056,#3064,#3066,.T.);
#3064 = VERTEX_POINT('',#3065);
#3065 = CARTESIAN_POINT('',(33.806084659144,-75.58869661542,23.));
#3066 = CIRCLE('',#3067,82.804);
#3067 = AXIS2_PLACEMENT_3D('',#3068,#3069,#3070);
#3068 = CARTESIAN_POINT('',(0.,0.,23.));
#3069 = DIRECTION('',(0.,0.,1.));
#3070 = DIRECTION('',(1.,0.,-0.));
#3071 = ORIENTED_EDGE('',*,*,#3072,.F.);
#3072 = EDGE_CURVE('',#3047,#3064,#3073,.T.);
#3073 = LINE('',#3074,#3075);
#3074 = CARTESIAN_POINT('',(33.806084659144,-75.58869661542,8.));
#3075 = VECTOR('',#3076,1.);
#3076 = DIRECTION('',(0.,0.,1.));
#3077 = FACE_BOUND('',#3078,.T.);
#3078 = EDGE_LOOP('',(#3079,#3090,#3098,#3107));
#3079 = ORIENTED_EDGE('',*,*,#3080,.F.);
#3080 = EDGE_CURVE('',#3081,#3083,#3085,.T.);
#3081 = VERTEX_POINT('',#3082);
#3082 = CARTESIAN_POINT('',(36.17416865394,-74.48444091349,18.5));
#3083 = VERTEX_POINT('',#3084);
#3084 = CARTESIAN_POINT('',(37.071041395473,-74.04215222327,18.5));
#3085 = CIRCLE('',#3086,82.804);
#3086 = AXIS2_PLACEMENT_3D('',#3087,#3088,#3089);
#3087 = CARTESIAN_POINT('',(0.,0.,18.5));
#3088 = DIRECTION('',(0.,0.,1.));
#3089 = DIRECTION('',(1.,0.,-0.));
#3090 = ORIENTED_EDGE('',*,*,#3091,.T.);
#3091 = EDGE_CURVE('',#3081,#3092,#3094,.T.);
#3092 = VERTEX_POINT('',#3093);
#3093 = CARTESIAN_POINT('',(36.17416865394,-74.48444091349,23.));
#3094 = LINE('',#3095,#3096);
#3095 = CARTESIAN_POINT('',(36.17416865394,-74.48444091349,8.));
#3096 = VECTOR('',#3097,1.);
#3097 = DIRECTION('',(0.,0.,1.));
#3098 = ORIENTED_EDGE('',*,*,#3099,.T.);
#3099 = EDGE_CURVE('',#3092,#3100,#3102,.T.);
#3100 = VERTEX_POINT('',#3101);
#3101 = CARTESIAN_POINT('',(37.071041395473,-74.04215222327,23.));
#3102 = CIRCLE('',#3103,82.804);
#3103 = AXIS2_PLACEMENT_3D('',#3104,#3105,#3106);
#3104 = CARTESIAN_POINT('',(0.,0.,23.));
#3105 = DIRECTION('',(0.,0.,1.));
#3106 = DIRECTION('',(1.,0.,-0.));
#3107 = ORIENTED_EDGE('',*,*,#3108,.F.);
#3108 = EDGE_CURVE('',#3083,#3100,#3109,.T.);
#3109 = LINE('',#3110,#3111);
#3110 = CARTESIAN_POINT('',(37.071041395473,-74.04215222327,8.));
#3111 = VECTOR('',#3112,1.);
#3112 = DIRECTION('',(0.,0.,1.));
#3113 = FACE_BOUND('',#3114,.T.);
#3114 = EDGE_LOOP('',(#3115,#3126,#3134,#3143));
#3115 = ORIENTED_EDGE('',*,*,#3116,.F.);
#3116 = EDGE_CURVE('',#3117,#3119,#3121,.T.);
#3117 = VERTEX_POINT('',#3118);
#3118 = CARTESIAN_POINT('',(39.388704541818,-72.83565315501,18.5));
#3119 = VERTEX_POINT('',#3120);
#3120 = CARTESIAN_POINT('',(40.265431297525,-72.35466438609,18.5));
#3121 = CIRCLE('',#3122,82.804);
#3122 = AXIS2_PLACEMENT_3D('',#3123,#3124,#3125);
#3123 = CARTESIAN_POINT('',(0.,0.,18.5));
#3124 = DIRECTION('',(0.,0.,1.));
#3125 = DIRECTION('',(1.,0.,-0.));
#3126 = ORIENTED_EDGE('',*,*,#3127,.T.);
#3127 = EDGE_CURVE('',#3117,#3128,#3130,.T.);
#3128 = VERTEX_POINT('',#3129);
#3129 = CARTESIAN_POINT('',(39.388704541818,-72.83565315501,23.));
#3130 = LINE('',#3131,#3132);
#3131 = CARTESIAN_POINT('',(39.388704541818,-72.83565315501,8.));
#3132 = VECTOR('',#3133,1.);
#3133 = DIRECTION('',(0.,0.,1.));
#3134 = ORIENTED_EDGE('',*,*,#3135,.T.);
#3135 = EDGE_CURVE('',#3128,#3136,#3138,.T.);
#3136 = VERTEX_POINT('',#3137);
#3137 = CARTESIAN_POINT('',(40.265431297525,-72.35466438609,23.));
#3138 = CIRCLE('',#3139,82.804);
#3139 = AXIS2_PLACEMENT_3D('',#3140,#3141,#3142);
#3140 = CARTESIAN_POINT('',(0.,0.,23.));
#3141 = DIRECTION('',(0.,0.,1.));
#3142 = DIRECTION('',(1.,0.,-0.));
#3143 = ORIENTED_EDGE('',*,*,#3144,.F.);
#3144 = EDGE_CURVE('',#3119,#3136,#3145,.T.);
#3145 = LINE('',#3146,#3147);
#3146 = CARTESIAN_POINT('',(40.265431297525,-72.35466438609,8.));
#3147 = VECTOR('',#3148,1.);
#3148 = DIRECTION('',(0.,0.,1.));
#3149 = FACE_BOUND('',#3150,.T.);
#3150 = EDGE_LOOP('',(#3151,#3162,#3170,#3179));
#3151 = ORIENTED_EDGE('',*,*,#3152,.F.);
#3152 = EDGE_CURVE('',#3153,#3155,#3157,.T.);
#3153 = VERTEX_POINT('',#3154);
#3154 = CARTESIAN_POINT('',(42.528261791892,-71.04821859104,18.5));
#3155 = VERTEX_POINT('',#3156);
#3156 = CARTESIAN_POINT('',(43.383173662565,-70.52944533288,18.5));
#3157 = CIRCLE('',#3158,82.804);
#3158 = AXIS2_PLACEMENT_3D('',#3159,#3160,#3161);
#3159 = CARTESIAN_POINT('',(0.,0.,18.5));
#3160 = DIRECTION('',(0.,0.,1.));
#3161 = DIRECTION('',(1.,0.,-0.));
#3162 = ORIENTED_EDGE('',*,*,#3163,.T.);
#3163 = EDGE_CURVE('',#3153,#3164,#3166,.T.);
#3164 = VERTEX_POINT('',#3165);
#3165 = CARTESIAN_POINT('',(42.528261791892,-71.04821859104,23.));
#3166 = LINE('',#3167,#3168);
#3167 = CARTESIAN_POINT('',(42.528261791892,-71.04821859104,8.));
#3168 = VECTOR('',#3169,1.);
#3169 = DIRECTION('',(0.,0.,1.));
#3170 = ORIENTED_EDGE('',*,*,#3171,.T.);
#3171 = EDGE_CURVE('',#3164,#3172,#3174,.T.);
#3172 = VERTEX_POINT('',#3173);
#3173 = CARTESIAN_POINT('',(43.383173662565,-70.52944533288,23.));
#3174 = CIRCLE('',#3175,82.804);
#3175 = AXIS2_PLACEMENT_3D('',#3176,#3177,#3178);
#3176 = CARTESIAN_POINT('',(0.,0.,23.));
#3177 = DIRECTION('',(0.,0.,1.));
#3178 = DIRECTION('',(1.,0.,-0.));
#3179 = ORIENTED_EDGE('',*,*,#3180,.F.);
#3180 = EDGE_CURVE('',#3155,#3172,#3181,.T.);
#3181 = LINE('',#3182,#3183);
#3182 = CARTESIAN_POINT('',(43.383173662565,-70.52944533288,8.));
#3183 = VECTOR('',#3184,1.);
#3184 = DIRECTION('',(0.,0.,1.));
#3185 = FACE_BOUND('',#3186,.T.);
#3186 = EDGE_LOOP('',(#3187,#3198,#3206,#3215));
#3187 = ORIENTED_EDGE('',*,*,#3188,.F.);
#3188 = EDGE_CURVE('',#3189,#3191,#3193,.T.);
#3189 = VERTEX_POINT('',#3190);
#3190 = CARTESIAN_POINT('',(45.586864078497,-69.12553970486,18.5));
#3191 = VERTEX_POINT('',#3192);
#3192 = CARTESIAN_POINT('',(46.418333690799,-68.56996947184,18.5));
#3193 = CIRCLE('',#3194,82.804);
#3194 = AXIS2_PLACEMENT_3D('',#3195,#3196,#3197);
#3195 = CARTESIAN_POINT('',(0.,0.,18.5));
#3196 = DIRECTION('',(0.,0.,1.));
#3197 = DIRECTION('',(1.,0.,-0.));
#3198 = ORIENTED_EDGE('',*,*,#3199,.T.);
#3199 = EDGE_CURVE('',#3189,#3200,#3202,.T.);
#3200 = VERTEX_POINT('',#3201);
#3201 = CARTESIAN_POINT('',(45.586864078497,-69.12553970486,23.));
#3202 = LINE('',#3203,#3204);
#3203 = CARTESIAN_POINT('',(45.586864078497,-69.12553970486,8.));
#3204 = VECTOR('',#3205,1.);
#3205 = DIRECTION('',(0.,0.,1.));
#3206 = ORIENTED_EDGE('',*,*,#3207,.T.);
#3207 = EDGE_CURVE('',#3200,#3208,#3210,.T.);
#3208 = VERTEX_POINT('',#3209);
#3209 = CARTESIAN_POINT('',(46.418333690799,-68.56996947184,23.));
#3210 = CIRCLE('',#3211,82.804);
#3211 = AXIS2_PLACEMENT_3D('',#3212,#3213,#3214);
#3212 = CARTESIAN_POINT('',(0.,0.,23.));
#3213 = DIRECTION('',(0.,0.,1.));
#3214 = DIRECTION('',(1.,0.,-0.));
#3215 = ORIENTED_EDGE('',*,*,#3216,.F.);
#3216 = EDGE_CURVE('',#3191,#3208,#3217,.T.);
#3217 = LINE('',#3218,#3219);
#3218 = CARTESIAN_POINT('',(46.418333690799,-68.56996947184,8.));
#3219 = VECTOR('',#3220,1.);
#3220 = DIRECTION('',(0.,0.,1.));
#3221 = FACE_BOUND('',#3222,.T.);
#3222 = EDGE_LOOP('',(#3223,#3234,#3242,#3251));
#3223 = ORIENTED_EDGE('',*,*,#3224,.F.);
#3224 = EDGE_CURVE('',#3225,#3227,#3229,.T.);
#3225 = VERTEX_POINT('',#3226);
#3226 = CARTESIAN_POINT('',(48.558689178341,-67.07127642501,18.5));
#3227 = VERTEX_POINT('',#3228);
#3228 = CARTESIAN_POINT('',(49.365133782608,-66.47996677665,18.5));
#3229 = CIRCLE('',#3230,82.804);
#3230 = AXIS2_PLACEMENT_3D('',#3231,#3232,#3233);
#3231 = CARTESIAN_POINT('',(0.,0.,18.5));
#3232 = DIRECTION('',(0.,0.,1.));
#3233 = DIRECTION('',(1.,0.,-0.));
#3234 = ORIENTED_EDGE('',*,*,#3235,.T.);
#3235 = EDGE_CURVE('',#3225,#3236,#3238,.T.);
#3236 = VERTEX_POINT('',#3237);
#3237 = CARTESIAN_POINT('',(48.558689178341,-67.07127642501,23.));
#3238 = LINE('',#3239,#3240);
#3239 = CARTESIAN_POINT('',(48.558689178341,-67.07127642501,8.));
#3240 = VECTOR('',#3241,1.);
#3241 = DIRECTION('',(0.,0.,1.));
#3242 = ORIENTED_EDGE('',*,*,#3243,.T.);
#3243 = EDGE_CURVE('',#3236,#3244,#3246,.T.);
#3244 = VERTEX_POINT('',#3245);
#3245 = CARTESIAN_POINT('',(49.365133782608,-66.47996677665,23.));
#3246 = CIRCLE('',#3247,82.804);
#3247 = AXIS2_PLACEMENT_3D('',#3248,#3249,#3250);
#3248 = CARTESIAN_POINT('',(0.,0.,23.));
#3249 = DIRECTION('',(0.,0.,1.));
#3250 = DIRECTION('',(1.,0.,-0.));
#3251 = ORIENTED_EDGE('',*,*,#3252,.F.);
#3252 = EDGE_CURVE('',#3227,#3244,#3253,.T.);
#3253 = LINE('',#3254,#3255);
#3254 = CARTESIAN_POINT('',(49.365133782608,-66.47996677665,8.));
#3255 = VECTOR('',#3256,1.);
#3256 = DIRECTION('',(0.,0.,1.));
#3257 = FACE_BOUND('',#3258,.T.);
#3258 = EDGE_LOOP('',(#3259,#3270,#3278,#3287));
#3259 = ORIENTED_EDGE('',*,*,#3260,.F.);
#3260 = EDGE_CURVE('',#3261,#3263,#3265,.T.);
#3261 = VERTEX_POINT('',#3262);
#3262 = CARTESIAN_POINT('',(51.438080053438,-64.88933915841,18.5));
#3263 = VERTEX_POINT('',#3264);
#3264 = CARTESIAN_POINT('',(52.217964536531,-64.26341568623,18.5));
#3265 = CIRCLE('',#3266,82.804);
#3266 = AXIS2_PLACEMENT_3D('',#3267,#3268,#3269);
#3267 = CARTESIAN_POINT('',(0.,0.,18.5));
#3268 = DIRECTION('',(0.,0.,1.));
#3269 = DIRECTION('',(1.,0.,-0.));
#3270 = ORIENTED_EDGE('',*,*,#3271,.T.);
#3271 = EDGE_CURVE('',#3261,#3272,#3274,.T.);
#3272 = VERTEX_POINT('',#3273);
#3273 = CARTESIAN_POINT('',(51.438080053438,-64.88933915841,23.));
#3274 = LINE('',#3275,#3276);
#3275 = CARTESIAN_POINT('',(51.438080053438,-64.88933915841,8.));
#3276 = VECTOR('',#3277,1.);
#3277 = DIRECTION('',(0.,0.,1.));
#3278 = ORIENTED_EDGE('',*,*,#3279,.T.);
#3279 = EDGE_CURVE('',#3272,#3280,#3282,.T.);
#3280 = VERTEX_POINT('',#3281);
#3281 = CARTESIAN_POINT('',(52.217964536531,-64.26341568623,23.));
#3282 = CIRCLE('',#3283,82.804);
#3283 = AXIS2_PLACEMENT_3D('',#3284,#3285,#3286);
#3284 = CARTESIAN_POINT('',(0.,0.,23.));
#3285 = DIRECTION('',(0.,0.,1.));
#3286 = DIRECTION('',(1.,0.,-0.));
#3287 = ORIENTED_EDGE('',*,*,#3288,.F.);
#3288 = EDGE_CURVE('',#3263,#3280,#3289,.T.);
#3289 = LINE('',#3290,#3291);
#3290 = CARTESIAN_POINT('',(52.217964536531,-64.26341568623,8.));
#3291 = VECTOR('',#3292,1.);
#3292 = DIRECTION('',(0.,0.,1.));
#3293 = FACE_BOUND('',#3294,.T.);
#3294 = EDGE_LOOP('',(#3295,#3306,#3314,#3323));
#3295 = ORIENTED_EDGE('',*,*,#3296,.F.);
#3296 = EDGE_CURVE('',#3297,#3299,#3301,.T.);
#3297 = VERTEX_POINT('',#3298);
#3298 = CARTESIAN_POINT('',(54.219555619604,-62.58388134665,18.5));
#3299 = VERTEX_POINT('',#3300);
#3300 = CARTESIAN_POINT('',(54.971395427083,-61.92453553155,18.5));
#3301 = CIRCLE('',#3302,82.804);
#3302 = AXIS2_PLACEMENT_3D('',#3303,#3304,#3305);
#3303 = CARTESIAN_POINT('',(0.,0.,18.5));
#3304 = DIRECTION('',(0.,0.,1.));
#3305 = DIRECTION('',(1.,0.,-0.));
#3306 = ORIENTED_EDGE('',*,*,#3307,.T.);
#3307 = EDGE_CURVE('',#3297,#3308,#3310,.T.);
#3308 = VERTEX_POINT('',#3309);
#3309 = CARTESIAN_POINT('',(54.219555619604,-62.58388134665,23.));
#3310 = LINE('',#3311,#3312);
#3311 = CARTESIAN_POINT('',(54.219555619604,-62.58388134665,8.));
#3312 = VECTOR('',#3313,1.);
#3313 = DIRECTION('',(0.,0.,1.));
#3314 = ORIENTED_EDGE('',*,*,#3315,.T.);
#3315 = EDGE_CURVE('',#3308,#3316,#3318,.T.);
#3316 = VERTEX_POINT('',#3317);
#3317 = CARTESIAN_POINT('',(54.971395427083,-61.92453553155,23.));
#3318 = CIRCLE('',#3319,82.804);
#3319 = AXIS2_PLACEMENT_3D('',#3320,#3321,#3322);
#3320 = CARTESIAN_POINT('',(0.,0.,23.));
#3321 = DIRECTION('',(0.,0.,1.));
#3322 = DIRECTION('',(1.,0.,-0.));
#3323 = ORIENTED_EDGE('',*,*,#3324,.F.);
#3324 = EDGE_CURVE('',#3299,#3316,#3325,.T.);
#3325 = LINE('',#3326,#3327);
#3326 = CARTESIAN_POINT('',(54.971395427083,-61.92453553155,8.));
#3327 = VECTOR('',#3328,1.);
#3328 = DIRECTION('',(0.,0.,1.));
#3329 = FACE_BOUND('',#3330,.T.);
#3330 = EDGE_LOOP('',(#3331,#3342,#3350,#3359));
#3331 = ORIENTED_EDGE('',*,*,#3332,.F.);
#3332 = EDGE_CURVE('',#3333,#3335,#3337,.T.);
#3333 = VERTEX_POINT('',#3334);
#3334 = CARTESIAN_POINT('',(56.89782118001,-60.15929155972,18.5));
#3335 = VERTEX_POINT('',#3336);
#3336 = CARTESIAN_POINT('',(57.62018514207,-59.46777850393,18.5));
#3337 = CIRCLE('',#3338,82.804);
#3338 = AXIS2_PLACEMENT_3D('',#3339,#3340,#3341);
#3339 = CARTESIAN_POINT('',(0.,0.,18.5));
#3340 = DIRECTION('',(0.,0.,1.));
#3341 = DIRECTION('',(1.,0.,-0.));
#3342 = ORIENTED_EDGE('',*,*,#3343,.T.);
#3343 = EDGE_CURVE('',#3333,#3344,#3346,.T.);
#3344 = VERTEX_POINT('',#3345);
#3345 = CARTESIAN_POINT('',(56.89782118001,-60.15929155972,23.));
#3346 = LINE('',#3347,#3348);
#3347 = CARTESIAN_POINT('',(56.89782118001,-60.15929155972,8.));
#3348 = VECTOR('',#3349,1.);
#3349 = DIRECTION('',(0.,0.,1.));
#3350 = ORIENTED_EDGE('',*,*,#3351,.T.);
#3351 = EDGE_CURVE('',#3344,#3352,#3354,.T.);
#3352 = VERTEX_POINT('',#3353);
#3353 = CARTESIAN_POINT('',(57.62018514207,-59.46777850393,23.));
#3354 = CIRCLE('',#3355,82.804);
#3355 = AXIS2_PLACEMENT_3D('',#3356,#3357,#3358);
#3356 = CARTESIAN_POINT('',(0.,0.,23.));
#3357 = DIRECTION('',(0.,0.,1.));
#3358 = DIRECTION('',(1.,0.,-0.));
#3359 = ORIENTED_EDGE('',*,*,#3360,.F.);
#3360 = EDGE_CURVE('',#3335,#3352,#3361,.T.);
#3361 = LINE('',#3362,#3363);
#3362 = CARTESIAN_POINT('',(57.62018514207,-59.46777850393,8.));
#3363 = VECTOR('',#3364,1.);
#3364 = DIRECTION('',(0.,0.,1.));
#3365 = FACE_BOUND('',#3366,.T.);
#3366 = EDGE_LOOP('',(#3367,#3378,#3386,#3395));
#3367 = ORIENTED_EDGE('',*,*,#3368,.F.);
#3368 = EDGE_CURVE('',#3369,#3371,#3373,.T.);
#3369 = VERTEX_POINT('',#3370);
#3370 = CARTESIAN_POINT('',(68.569969471844,-46.4183336908,18.5));
#3371 = VERTEX_POINT('',#3372);
#3372 = CARTESIAN_POINT('',(69.125539704863,-45.58686407849,18.5));
#3373 = CIRCLE('',#3374,82.804);
#3374 = AXIS2_PLACEMENT_3D('',#3375,#3376,#3377);
#3375 = CARTESIAN_POINT('',(0.,0.,18.5));
#3376 = DIRECTION('',(0.,0.,1.));
#3377 = DIRECTION('',(1.,0.,-0.));
#3378 = ORIENTED_EDGE('',*,*,#3379,.T.);
#3379 = EDGE_CURVE('',#3369,#3380,#3382,.T.);
#3380 = VERTEX_POINT('',#3381);
#3381 = CARTESIAN_POINT('',(68.569969471844,-46.4183336908,23.));
#3382 = LINE('',#3383,#3384);
#3383 = CARTESIAN_POINT('',(68.569969471844,-46.4183336908,8.));
#3384 = VECTOR('',#3385,1.);
#3385 = DIRECTION('',(0.,0.,1.));
#3386 = ORIENTED_EDGE('',*,*,#3387,.T.);
#3387 = EDGE_CURVE('',#3380,#3388,#3390,.T.);
#3388 = VERTEX_POINT('',#3389);
#3389 = CARTESIAN_POINT('',(69.125539704863,-45.58686407849,23.));
#3390 = CIRCLE('',#3391,82.804);
#3391 = AXIS2_PLACEMENT_3D('',#3392,#3393,#3394);
#3392 = CARTESIAN_POINT('',(0.,0.,23.));
#3393 = DIRECTION('',(0.,0.,1.));
#3394 = DIRECTION('',(1.,0.,-0.));
#3395 = ORIENTED_EDGE('',*,*,#3396,.F.);
#3396 = EDGE_CURVE('',#3371,#3388,#3397,.T.);
#3397 = LINE('',#3398,#3399);
#3398 = CARTESIAN_POINT('',(69.125539704863,-45.58686407849,8.));
#3399 = VECTOR('',#3400,1.);
#3400 = DIRECTION('',(0.,0.,1.));
#3401 = FACE_BOUND('',#3402,.T.);
#3402 = EDGE_LOOP('',(#3403,#3414,#3422,#3431));
#3403 = ORIENTED_EDGE('',*,*,#3404,.F.);
#3404 = EDGE_CURVE('',#3405,#3407,#3409,.T.);
#3405 = VERTEX_POINT('',#3406);
#3406 = CARTESIAN_POINT('',(70.52944533288,-43.38317366256,18.5));
#3407 = VERTEX_POINT('',#3408);
#3408 = CARTESIAN_POINT('',(71.048218591041,-42.52826179189,18.5));
#3409 = CIRCLE('',#3410,82.804);
#3410 = AXIS2_PLACEMENT_3D('',#3411,#3412,#3413);
#3411 = CARTESIAN_POINT('',(0.,0.,18.5));
#3412 = DIRECTION('',(0.,0.,1.));
#3413 = DIRECTION('',(1.,0.,-0.));
#3414 = ORIENTED_EDGE('',*,*,#3415,.T.);
#3415 = EDGE_CURVE('',#3405,#3416,#3418,.T.);
#3416 = VERTEX_POINT('',#3417);
#3417 = CARTESIAN_POINT('',(70.52944533288,-43.38317366256,23.));
#3418 = LINE('',#3419,#3420);
#3419 = CARTESIAN_POINT('',(70.52944533288,-43.38317366256,8.));
#3420 = VECTOR('',#3421,1.);
#3421 = DIRECTION('',(0.,0.,1.));
#3422 = ORIENTED_EDGE('',*,*,#3423,.T.);
#3423 = EDGE_CURVE('',#3416,#3424,#3426,.T.);
#3424 = VERTEX_POINT('',#3425);
#3425 = CARTESIAN_POINT('',(71.048218591041,-42.52826179189,23.));
#3426 = CIRCLE('',#3427,82.804);
#3427 = AXIS2_PLACEMENT_3D('',#3428,#3429,#3430);
#3428 = CARTESIAN_POINT('',(0.,0.,23.));
#3429 = DIRECTION('',(0.,0.,1.));
#3430 = DIRECTION('',(1.,0.,-0.));
#3431 = ORIENTED_EDGE('',*,*,#3432,.F.);
#3432 = EDGE_CURVE('',#3407,#3424,#3433,.T.);
#3433 = LINE('',#3434,#3435);
#3434 = CARTESIAN_POINT('',(71.048218591041,-42.52826179189,8.));
#3435 = VECTOR('',#3436,1.);
#3436 = DIRECTION('',(0.,0.,1.));
#3437 = FACE_BOUND('',#3438,.T.);
#3438 = EDGE_LOOP('',(#3439,#3450,#3458,#3467));
#3439 = ORIENTED_EDGE('',*,*,#3440,.F.);
#3440 = EDGE_CURVE('',#3441,#3443,#3445,.T.);
#3441 = VERTEX_POINT('',#3442);
#3442 = CARTESIAN_POINT('',(72.354664386094,-40.26543129752,18.5));
#3443 = VERTEX_POINT('',#3444);
#3444 = CARTESIAN_POINT('',(72.835653155013,-39.38870454181,18.5));
#3445 = CIRCLE('',#3446,82.804);
#3446 = AXIS2_PLACEMENT_3D('',#3447,#3448,#3449);
#3447 = CARTESIAN_POINT('',(0.,0.,18.5));
#3448 = DIRECTION('',(0.,0.,1.));
#3449 = DIRECTION('',(1.,0.,-0.));
#3450 = ORIENTED_EDGE('',*,*,#3451,.T.);
#3451 = EDGE_CURVE('',#3441,#3452,#3454,.T.);
#3452 = VERTEX_POINT('',#3453);
#3453 = CARTESIAN_POINT('',(72.354664386094,-40.26543129752,23.));
#3454 = LINE('',#3455,#3456);
#3455 = CARTESIAN_POINT('',(72.354664386094,-40.26543129752,8.));
#3456 = VECTOR('',#3457,1.);
#3457 = DIRECTION('',(0.,0.,1.));
#3458 = ORIENTED_EDGE('',*,*,#3459,.T.);
#3459 = EDGE_CURVE('',#3452,#3460,#3462,.T.);
#3460 = VERTEX_POINT('',#3461);
#3461 = CARTESIAN_POINT('',(72.835653155013,-39.38870454181,23.));
#3462 = CIRCLE('',#3463,82.804);
#3463 = AXIS2_PLACEMENT_3D('',#3464,#3465,#3466);
#3464 = CARTESIAN_POINT('',(0.,0.,23.));
#3465 = DIRECTION('',(0.,0.,1.));
#3466 = DIRECTION('',(1.,0.,-0.));
#3467 = ORIENTED_EDGE('',*,*,#3468,.F.);
#3468 = EDGE_CURVE('',#3443,#3460,#3469,.T.);
#3469 = LINE('',#3470,#3471);
#3470 = CARTESIAN_POINT('',(72.835653155013,-39.38870454181,8.));
#3471 = VECTOR('',#3472,1.);
#3472 = DIRECTION('',(0.,0.,1.));
#3473 = FACE_BOUND('',#3474,.T.);
#3474 = EDGE_LOOP('',(#3475,#3486,#3494,#3503));
#3475 = ORIENTED_EDGE('',*,*,#3476,.F.);
#3476 = EDGE_CURVE('',#3477,#3479,#3481,.T.);
#3477 = VERTEX_POINT('',#3478);
#3478 = CARTESIAN_POINT('',(74.042152223278,-37.07104139547,18.5));
#3479 = VERTEX_POINT('',#3480);
#3480 = CARTESIAN_POINT('',(74.484440913497,-36.17416865394,18.5));
#3481 = CIRCLE('',#3482,82.804);
#3482 = AXIS2_PLACEMENT_3D('',#3483,#3484,#3485);
#3483 = CARTESIAN_POINT('',(0.,0.,18.5));
#3484 = DIRECTION('',(0.,0.,1.));
#3485 = DIRECTION('',(1.,0.,-0.));
#3486 = ORIENTED_EDGE('',*,*,#3487,.T.);
#3487 = EDGE_CURVE('',#3477,#3488,#3490,.T.);
#3488 = VERTEX_POINT('',#3489);
#3489 = CARTESIAN_POINT('',(74.042152223278,-37.07104139547,23.));
#3490 = LINE('',#3491,#3492);
#3491 = CARTESIAN_POINT('',(74.042152223278,-37.07104139547,8.));
#3492 = VECTOR('',#3493,1.);
#3493 = DIRECTION('',(0.,0.,1.));
#3494 = ORIENTED_EDGE('',*,*,#3495,.T.);
#3495 = EDGE_CURVE('',#3488,#3496,#3498,.T.);
#3496 = VERTEX_POINT('',#3497);
#3497 = CARTESIAN_POINT('',(74.484440913497,-36.17416865394,23.));
#3498 = CIRCLE('',#3499,82.804);
#3499 = AXIS2_PLACEMENT_3D('',#3500,#3501,#3502);
#3500 = CARTESIAN_POINT('',(0.,0.,23.));
#3501 = DIRECTION('',(0.,0.,1.));
#3502 = DIRECTION('',(1.,0.,-0.));
#3503 = ORIENTED_EDGE('',*,*,#3504,.F.);
#3504 = EDGE_CURVE('',#3479,#3496,#3505,.T.);
#3505 = LINE('',#3506,#3507);
#3506 = CARTESIAN_POINT('',(74.484440913497,-36.17416865394,8.));
#3507 = VECTOR('',#3508,1.);
#3508 = DIRECTION('',(0.,0.,1.));
#3509 = FACE_BOUND('',#3510,.T.);
#3510 = EDGE_LOOP('',(#3511,#3522,#3530,#3539));
#3511 = ORIENTED_EDGE('',*,*,#3512,.F.);
#3512 = EDGE_CURVE('',#3513,#3515,#3517,.T.);
#3513 = VERTEX_POINT('',#3514);
#3514 = CARTESIAN_POINT('',(75.588696615425,-33.80608465914,18.5));
#3515 = VERTEX_POINT('',#3516);
#3516 = CARTESIAN_POINT('',(75.991443305284,-32.89077318002,18.5));
#3517 = CIRCLE('',#3518,82.804);
#3518 = AXIS2_PLACEMENT_3D('',#3519,#3520,#3521);
#3519 = CARTESIAN_POINT('',(0.,0.,18.5));
#3520 = DIRECTION('',(0.,0.,1.));
#3521 = DIRECTION('',(1.,0.,-0.));
#3522 = ORIENTED_EDGE('',*,*,#3523,.T.);
#3523 = EDGE_CURVE('',#3513,#3524,#3526,.T.);
#3524 = VERTEX_POINT('',#3525);
#3525 = CARTESIAN_POINT('',(75.588696615425,-33.80608465914,23.));
#3526 = LINE('',#3527,#3528);
#3527 = CARTESIAN_POINT('',(75.588696615425,-33.80608465914,8.));
#3528 = VECTOR('',#3529,1.);
#3529 = DIRECTION('',(0.,0.,1.));
#3530 = ORIENTED_EDGE('',*,*,#3531,.T.);
#3531 = EDGE_CURVE('',#3524,#3532,#3534,.T.);
#3532 = VERTEX_POINT('',#3533);
#3533 = CARTESIAN_POINT('',(75.991443305284,-32.89077318002,23.));
#3534 = CIRCLE('',#3535,82.804);
#3535 = AXIS2_PLACEMENT_3D('',#3536,#3537,#3538);
#3536 = CARTESIAN_POINT('',(0.,0.,23.));
#3537 = DIRECTION('',(0.,0.,1.));
#3538 = DIRECTION('',(1.,0.,-0.));
#3539 = ORIENTED_EDGE('',*,*,#3540,.F.);
#3540 = EDGE_CURVE('',#3515,#3532,#3541,.T.);
#3541 = LINE('',#3542,#3543);
#3542 = CARTESIAN_POINT('',(75.991443305284,-32.89077318002,8.));
#3543 = VECTOR('',#3544,1.);
#3544 = DIRECTION('',(0.,0.,1.));
#3545 = FACE_BOUND('',#3546,.T.);
#3546 = EDGE_LOOP('',(#3547,#3558,#3566,#3575));
#3547 = ORIENTED_EDGE('',*,*,#3548,.F.);
#3548 = EDGE_CURVE('',#3549,#3551,#3553,.T.);
#3549 = VERTEX_POINT('',#3550);
#3550 = CARTESIAN_POINT('',(76.991353627383,-30.47677611925,18.5));
#3551 = VERTEX_POINT('',#3552);
#3552 = CARTESIAN_POINT('',(77.353791665667,-29.54476824997,18.5));
#3553 = CIRCLE('',#3554,82.804);
#3554 = AXIS2_PLACEMENT_3D('',#3555,#3556,#3557);
#3555 = CARTESIAN_POINT('',(0.,0.,18.5));
#3556 = DIRECTION('',(0.,0.,1.));
#3557 = DIRECTION('',(1.,0.,-0.));
#3558 = ORIENTED_EDGE('',*,*,#3559,.T.);
#3559 = EDGE_CURVE('',#3549,#3560,#3562,.T.);
#3560 = VERTEX_POINT('',#3561);
#3561 = CARTESIAN_POINT('',(76.991353627383,-30.47677611925,23.));
#3562 = LINE('',#3563,#3564);
#3563 = CARTESIAN_POINT('',(76.991353627383,-30.47677611925,8.));
#3564 = VECTOR('',#3565,1.);
#3565 = DIRECTION('',(0.,0.,1.));
#3566 = ORIENTED_EDGE('',*,*,#3567,.T.);
#3567 = EDGE_CURVE('',#3560,#3568,#3570,.T.);
#3568 = VERTEX_POINT('',#3569);
#3569 = CARTESIAN_POINT('',(77.353791665667,-29.54476824997,23.));
#3570 = CIRCLE('',#3571,82.804);
#3571 = AXIS2_PLACEMENT_3D('',#3572,#3573,#3574);
#3572 = CARTESIAN_POINT('',(0.,0.,23.));
#3573 = DIRECTION('',(0.,0.,1.));
#3574 = DIRECTION('',(1.,0.,-0.));
#3575 = ORIENTED_EDGE('',*,*,#3576,.F.);
#3576 = EDGE_CURVE('',#3551,#3568,#3577,.T.);
#3577 = LINE('',#3578,#3579);
#3578 = CARTESIAN_POINT('',(77.353791665667,-29.54476824997,8.));
#3579 = VECTOR('',#3580,1.);
#3580 = DIRECTION('',(0.,0.,1.));
#3581 = FACE_BOUND('',#3582,.T.);
#3582 = EDGE_LOOP('',(#3583,#3594,#3602,#3611));
#3583 = ORIENTED_EDGE('',*,*,#3584,.F.);
#3584 = EDGE_CURVE('',#3585,#3587,#3589,.T.);
#3585 = VERTEX_POINT('',#3586);
#3586 = CARTESIAN_POINT('',(78.24745322181,-27.08945330383,18.5));
#3587 = VERTEX_POINT('',#3588);
#3588 = CARTESIAN_POINT('',(78.568892687113,-26.14252317434,18.5));
#3589 = CIRCLE('',#3590,82.804);
#3590 = AXIS2_PLACEMENT_3D('',#3591,#3592,#3593);
#3591 = CARTESIAN_POINT('',(0.,0.,18.5));
#3592 = DIRECTION('',(0.,0.,1.));
#3593 = DIRECTION('',(1.,0.,-0.));
#3594 = ORIENTED_EDGE('',*,*,#3595,.T.);
#3595 = EDGE_CURVE('',#3585,#3596,#3598,.T.);
#3596 = VERTEX_POINT('',#3597);
#3597 = CARTESIAN_POINT('',(78.24745322181,-27.08945330383,23.));
#3598 = LINE('',#3599,#3600);
#3599 = CARTESIAN_POINT('',(78.24745322181,-27.08945330383,8.));
#3600 = VECTOR('',#3601,1.);
#3601 = DIRECTION('',(0.,0.,1.));
#3602 = ORIENTED_EDGE('',*,*,#3603,.T.);
#3603 = EDGE_CURVE('',#3596,#3604,#3606,.T.);
#3604 = VERTEX_POINT('',#3605);
#3605 = CARTESIAN_POINT('',(78.568892687113,-26.14252317434,23.));
#3606 = CIRCLE('',#3607,82.804);
#3607 = AXIS2_PLACEMENT_3D('',#3608,#3609,#3610);
#3608 = CARTESIAN_POINT('',(0.,0.,23.));
#3609 = DIRECTION('',(0.,0.,1.));
#3610 = DIRECTION('',(1.,0.,-0.));
#3611 = ORIENTED_EDGE('',*,*,#3612,.F.);
#3612 = EDGE_CURVE('',#3587,#3604,#3613,.T.);
#3613 = LINE('',#3614,#3615);
#3614 = CARTESIAN_POINT('',(78.568892687113,-26.14252317434,8.));
#3615 = VECTOR('',#3616,1.);
#3616 = DIRECTION('',(0.,0.,1.));
#3617 = FACE_BOUND('',#3618,.T.);
#3618 = EDGE_LOOP('',(#3619,#3630,#3638,#3647));
#3619 = ORIENTED_EDGE('',*,*,#3620,.F.);
#3620 = EDGE_CURVE('',#3621,#3623,#3625,.T.);
#3621 = VERTEX_POINT('',#3622);
#3622 = CARTESIAN_POINT('',(79.354604341734,-23.65056417438,18.5));
#3623 = VERTEX_POINT('',#3624);
#3624 = CARTESIAN_POINT('',(79.634433355765,-22.69051432,18.5));
#3625 = CIRCLE('',#3626,82.804);
#3626 = AXIS2_PLACEMENT_3D('',#3627,#3628,#3629);
#3627 = CARTESIAN_POINT('',(0.,0.,18.5));
#3628 = DIRECTION('',(0.,0.,1.));
#3629 = DIRECTION('',(1.,0.,-0.));
#3630 = ORIENTED_EDGE('',*,*,#3631,.T.);
#3631 = EDGE_CURVE('',#3621,#3632,#3634,.T.);
#3632 = VERTEX_POINT('',#3633);
#3633 = CARTESIAN_POINT('',(79.354604341734,-23.65056417438,23.));
#3634 = LINE('',#3635,#3636);
#3635 = CARTESIAN_POINT('',(79.354604341734,-23.65056417438,8.));
#3636 = VECTOR('',#3637,1.);
#3637 = DIRECTION('',(0.,0.,1.));
#3638 = ORIENTED_EDGE('',*,*,#3639,.T.);
#3639 = EDGE_CURVE('',#3632,#3640,#3642,.T.);
#3640 = VERTEX_POINT('',#3641);
#3641 = CARTESIAN_POINT('',(79.634433355765,-22.69051432,23.));
#3642 = CIRCLE('',#3643,82.804);
#3643 = AXIS2_PLACEMENT_3D('',#3644,#3645,#3646);
#3644 = CARTESIAN_POINT('',(0.,0.,23.));
#3645 = DIRECTION('',(0.,0.,1.));
#3646 = DIRECTION('',(1.,0.,-0.));
#3647 = ORIENTED_EDGE('',*,*,#3648,.F.);
#3648 = EDGE_CURVE('',#3623,#3640,#3649,.T.);
#3649 = LINE('',#3650,#3651);
#3650 = CARTESIAN_POINT('',(79.634433355765,-22.69051432,8.));
#3651 = VECTOR('',#3652,1.);
#3652 = DIRECTION('',(0.,0.,1.));
#3653 = FACE_BOUND('',#3654,.T.);
#3654 = EDGE_LOOP('',(#3655,#3666,#3674,#3683));
#3655 = ORIENTED_EDGE('',*,*,#3656,.F.);
#3656 = EDGE_CURVE('',#3657,#3659,#3661,.T.);
#3657 = VERTEX_POINT('',#3658);
#3658 = CARTESIAN_POINT('',(80.310699462073,-20.16665485182,18.5));
#3659 = VERTEX_POINT('',#3660);
#3660 = CARTESIAN_POINT('',(80.548385354399,-19.19531278201,18.5));
#3661 = CIRCLE('',#3662,82.804);
#3662 = AXIS2_PLACEMENT_3D('',#3663,#3664,#3665);
#3663 = CARTESIAN_POINT('',(0.,0.,18.5));
#3664 = DIRECTION('',(0.,0.,1.));
#3665 = DIRECTION('',(1.,0.,-0.));
#3666 = ORIENTED_EDGE('',*,*,#3667,.T.);
#3667 = EDGE_CURVE('',#3657,#3668,#3670,.T.);
#3668 = VERTEX_POINT('',#3669);
#3669 = CARTESIAN_POINT('',(80.310699462073,-20.16665485182,23.));
#3670 = LINE('',#3671,#3672);
#3671 = CARTESIAN_POINT('',(80.310699462073,-20.16665485182,8.));
#3672 = VECTOR('',#3673,1.);
#3673 = DIRECTION('',(0.,0.,1.));
#3674 = ORIENTED_EDGE('',*,*,#3675,.T.);
#3675 = EDGE_CURVE('',#3668,#3676,#3678,.T.);
#3676 = VERTEX_POINT('',#3677);
#3677 = CARTESIAN_POINT('',(80.548385354399,-19.19531278201,23.));
#3678 = CIRCLE('',#3679,82.804);
#3679 = AXIS2_PLACEMENT_3D('',#3680,#3681,#3682);
#3680 = CARTESIAN_POINT('',(0.,0.,23.));
#3681 = DIRECTION('',(0.,0.,1.));
#3682 = DIRECTION('',(1.,0.,-0.));
#3683 = ORIENTED_EDGE('',*,*,#3684,.F.);
#3684 = EDGE_CURVE('',#3659,#3676,#3685,.T.);
#3685 = LINE('',#3686,#3687);
#3686 = CARTESIAN_POINT('',(80.548385354399,-19.19531278201,8.));
#3687 = VECTOR('',#3688,1.);
#3688 = DIRECTION('',(0.,0.,1.));
#3689 = FACE_BOUND('',#3690,.T.);
#3690 = EDGE_LOOP('',(#3691,#3702,#3710,#3719));
#3691 = ORIENTED_EDGE('',*,*,#3692,.F.);
#3692 = EDGE_CURVE('',#3693,#3695,#3697,.T.);
#3693 = VERTEX_POINT('',#3694);
#3694 = CARTESIAN_POINT('',(81.113918601423,-16.64435715555,18.5));
#3695 = VERTEX_POINT('',#3696);
#3696 = CARTESIAN_POINT('',(81.30900892344,-15.66357187515,18.5));
#3697 = CIRCLE('',#3698,82.804);
#3698 = AXIS2_PLACEMENT_3D('',#3699,#3700,#3701);
#3699 = CARTESIAN_POINT('',(0.,0.,18.5));
#3700 = DIRECTION('',(0.,0.,1.));
#3701 = DIRECTION('',(1.,0.,-0.));
#3702 = ORIENTED_EDGE('',*,*,#3703,.T.);
#3703 = EDGE_CURVE('',#3693,#3704,#3706,.T.);
#3704 = VERTEX_POINT('',#3705);
#3705 = CARTESIAN_POINT('',(81.113918601423,-16.64435715555,23.));
#3706 = LINE('',#3707,#3708);
#3707 = CARTESIAN_POINT('',(81.113918601423,-16.64435715555,8.));
#3708 = VECTOR('',#3709,1.);
#3709 = DIRECTION('',(0.,0.,1.));
#3710 = ORIENTED_EDGE('',*,*,#3711,.T.);
#3711 = EDGE_CURVE('',#3704,#3712,#3714,.T.);
#3712 = VERTEX_POINT('',#3713);
#3713 = CARTESIAN_POINT('',(81.30900892344,-15.66357187515,23.));
#3714 = CIRCLE('',#3715,82.804);
#3715 = AXIS2_PLACEMENT_3D('',#3716,#3717,#3718);
#3716 = CARTESIAN_POINT('',(0.,0.,23.));
#3717 = DIRECTION('',(0.,0.,1.));
#3718 = DIRECTION('',(1.,0.,-0.));
#3719 = ORIENTED_EDGE('',*,*,#3720,.F.);
#3720 = EDGE_CURVE('',#3695,#3712,#3721,.T.);
#3721 = LINE('',#3722,#3723);
#3722 = CARTESIAN_POINT('',(81.30900892344,-15.66357187515,8.));
#3723 = VECTOR('',#3724,1.);
#3724 = DIRECTION('',(0.,0.,1.));
#3725 = FACE_BOUND('',#3726,.T.);
#3726 = EDGE_LOOP('',(#3727,#3738,#3746,#3755));
#3727 = ORIENTED_EDGE('',*,*,#3728,.F.);
#3728 = EDGE_CURVE('',#3729,#3731,#3733,.T.);
#3729 = VERTEX_POINT('',#3730);
#3730 = CARTESIAN_POINT('',(81.762732786503,-13.09037597943,18.5));
#3731 = VERTEX_POINT('',#3732);
#3732 = CARTESIAN_POINT('',(81.914856172693,-12.10201446896,18.5));
#3733 = CIRCLE('',#3734,82.804);
#3734 = AXIS2_PLACEMENT_3D('',#3735,#3736,#3737);
#3735 = CARTESIAN_POINT('',(0.,0.,18.5));
#3736 = DIRECTION('',(0.,0.,1.));
#3737 = DIRECTION('',(1.,0.,-0.));
#3738 = ORIENTED_EDGE('',*,*,#3739,.T.);
#3739 = EDGE_CURVE('',#3729,#3740,#3742,.T.);
#3740 = VERTEX_POINT('',#3741);
#3741 = CARTESIAN_POINT('',(81.762732786503,-13.09037597943,23.));
#3742 = LINE('',#3743,#3744);
#3743 = CARTESIAN_POINT('',(81.762732786503,-13.09037597943,8.));
#3744 = VECTOR('',#3745,1.);
#3745 = DIRECTION('',(0.,0.,1.));
#3746 = ORIENTED_EDGE('',*,*,#3747,.T.);
#3747 = EDGE_CURVE('',#3740,#3748,#3750,.T.);
#3748 = VERTEX_POINT('',#3749);
#3749 = CARTESIAN_POINT('',(81.914856172693,-12.10201446896,23.));
#3750 = CIRCLE('',#3751,82.804);
#3751 = AXIS2_PLACEMENT_3D('',#3752,#3753,#3754);
#3752 = CARTESIAN_POINT('',(0.,0.,23.));
#3753 = DIRECTION('',(0.,0.,1.));
#3754 = DIRECTION('',(1.,0.,-0.));
#3755 = ORIENTED_EDGE('',*,*,#3756,.F.);
#3756 = EDGE_CURVE('',#3731,#3748,#3757,.T.);
#3757 = LINE('',#3758,#3759);
#3758 = CARTESIAN_POINT('',(81.914856172693,-12.10201446896,8.));
#3759 = VECTOR('',#3760,1.);
#3760 = DIRECTION('',(0.,0.,1.));
#3761 = FACE_BOUND('',#3762,.T.);
#3762 = EDGE_LOOP('',(#3763,#3774,#3782,#3791));
#3763 = ORIENTED_EDGE('',*,*,#3764,.F.);
#3764 = EDGE_CURVE('',#3765,#3767,#3769,.T.);
#3765 = VERTEX_POINT('',#3766);
#3766 = CARTESIAN_POINT('',(82.255906962633,-9.511476528628,18.5));
#3767 = VERTEX_POINT('',#3768);
#3768 = CARTESIAN_POINT('',(82.364773837485,-8.517420190406,18.5));
#3769 = CIRCLE('',#3770,82.804);
#3770 = AXIS2_PLACEMENT_3D('',#3771,#3772,#3773);
#3771 = CARTESIAN_POINT('',(0.,0.,18.5));
#3772 = DIRECTION('',(0.,0.,1.));
#3773 = DIRECTION('',(1.,0.,-0.));
#3774 = ORIENTED_EDGE('',*,*,#3775,.T.);
#3775 = EDGE_CURVE('',#3765,#3776,#3778,.T.);
#3776 = VERTEX_POINT('',#3777);
#3777 = CARTESIAN_POINT('',(82.255906962633,-9.511476528628,23.));
#3778 = LINE('',#3779,#3780);
#3779 = CARTESIAN_POINT('',(82.255906962633,-9.511476528628,8.));
#3780 = VECTOR('',#3781,1.);
#3781 = DIRECTION('',(0.,0.,1.));
#3782 = ORIENTED_EDGE('',*,*,#3783,.T.);
#3783 = EDGE_CURVE('',#3776,#3784,#3786,.T.);
#3784 = VERTEX_POINT('',#3785);
#3785 = CARTESIAN_POINT('',(82.364773837485,-8.517420190406,23.));
#3786 = CIRCLE('',#3787,82.804);
#3787 = AXIS2_PLACEMENT_3D('',#3788,#3789,#3790);
#3788 = CARTESIAN_POINT('',(0.,0.,23.));
#3789 = DIRECTION('',(0.,0.,1.));
#3790 = DIRECTION('',(1.,0.,-0.));
#3791 = ORIENTED_EDGE('',*,*,#3792,.F.);
#3792 = EDGE_CURVE('',#3767,#3784,#3793,.T.);
#3793 = LINE('',#3794,#3795);
#3794 = CARTESIAN_POINT('',(82.364773837485,-8.517420190406,8.));
#3795 = VECTOR('',#3796,1.);
#3796 = DIRECTION('',(0.,0.,1.));
#3797 = FACE_BOUND('',#3798,.T.);
#3798 = EDGE_LOOP('',(#3799,#3810,#3818,#3827));
#3799 = ORIENTED_EDGE('',*,*,#3800,.F.);
#3800 = EDGE_CURVE('',#3801,#3803,#3805,.T.);
#3801 = VERTEX_POINT('',#3802);
#3802 = CARTESIAN_POINT('',(82.59250234474,-5.914471441654,18.5));
#3803 = VERTEX_POINT('',#3804);
#3804 = CARTESIAN_POINT('',(82.65790547397,-4.916612518415,18.5));
#3805 = CIRCLE('',#3806,82.804);
#3806 = AXIS2_PLACEMENT_3D('',#3807,#3808,#3809);
#3807 = CARTESIAN_POINT('',(0.,0.,18.5));
#3808 = DIRECTION('',(0.,0.,1.));
#3809 = DIRECTION('',(1.,0.,-0.));
#3810 = ORIENTED_EDGE('',*,*,#3811,.T.);
#3811 = EDGE_CURVE('',#3801,#3812,#3814,.T.);
#3812 = VERTEX_POINT('',#3813);
#3813 = CARTESIAN_POINT('',(82.59250234474,-5.914471441654,23.));
#3814 = LINE('',#3815,#3816);
#3815 = CARTESIAN_POINT('',(82.59250234474,-5.914471441654,8.));
#3816 = VECTOR('',#3817,1.);
#3817 = DIRECTION('',(0.,0.,1.));
#3818 = ORIENTED_EDGE('',*,*,#3819,.T.);
#3819 = EDGE_CURVE('',#3812,#3820,#3822,.T.);
#3820 = VERTEX_POINT('',#3821);
#3821 = CARTESIAN_POINT('',(82.65790547397,-4.916612518415,23.));
#3822 = CIRCLE('',#3823,82.804);
#3823 = AXIS2_PLACEMENT_3D('',#3824,#3825,#3826);
#3824 = CARTESIAN_POINT('',(0.,0.,23.));
#3825 = DIRECTION('',(0.,0.,1.));
#3826 = DIRECTION('',(1.,0.,-0.));
#3827 = ORIENTED_EDGE('',*,*,#3828,.F.);
#3828 = EDGE_CURVE('',#3803,#3820,#3829,.T.);
#3829 = LINE('',#3830,#3831);
#3830 = CARTESIAN_POINT('',(82.65790547397,-4.916612518415,8.));
#3831 = VECTOR('',#3832,1.);
#3832 = DIRECTION('',(0.,0.,1.));
#3833 = FACE_BOUND('',#3834,.T.);
#3834 = EDGE_LOOP('',(#3835,#3846,#3854,#3863));
#3835 = ORIENTED_EDGE('',*,*,#3836,.F.);
#3836 = EDGE_CURVE('',#3837,#3839,#3841,.T.);
#3837 = VERTEX_POINT('',#3838);
#3838 = CARTESIAN_POINT('',(82.771878204383,-2.306207822133,18.5));
#3839 = VERTEX_POINT('',#3840);
#3840 = CARTESIAN_POINT('',(82.793693089417,-1.306445795053,18.5));
#3841 = CIRCLE('',#3842,82.804);
#3842 = AXIS2_PLACEMENT_3D('',#3843,#3844,#3845);
#3843 = CARTESIAN_POINT('',(0.,0.,18.5));
#3844 = DIRECTION('',(0.,0.,1.));
#3845 = DIRECTION('',(1.,0.,-0.));
#3846 = ORIENTED_EDGE('',*,*,#3847,.T.);
#3847 = EDGE_CURVE('',#3837,#3848,#3850,.T.);
#3848 = VERTEX_POINT('',#3849);
#3849 = CARTESIAN_POINT('',(82.771878204383,-2.306207822133,23.));
#3850 = LINE('',#3851,#3852);
#3851 = CARTESIAN_POINT('',(82.771878204383,-2.306207822133,8.));
#3852 = VECTOR('',#3853,1.);
#3853 = DIRECTION('',(0.,0.,1.));
#3854 = ORIENTED_EDGE('',*,*,#3855,.T.);
#3855 = EDGE_CURVE('',#3848,#3856,#3858,.T.);
#3856 = VERTEX_POINT('',#3857);
#3857 = CARTESIAN_POINT('',(82.793693089417,-1.306445795053,23.));
#3858 = CIRCLE('',#3859,82.804);
#3859 = AXIS2_PLACEMENT_3D('',#3860,#3861,#3862);
#3860 = CARTESIAN_POINT('',(0.,0.,23.));
#3861 = DIRECTION('',(0.,0.,1.));
#3862 = DIRECTION('',(1.,0.,-0.));
#3863 = ORIENTED_EDGE('',*,*,#3864,.F.);
#3864 = EDGE_CURVE('',#3839,#3856,#3865,.T.);
#3865 = LINE('',#3866,#3867);
#3866 = CARTESIAN_POINT('',(82.793693089417,-1.306445795053,8.));
#3867 = VECTOR('',#3868,1.);
#3868 = DIRECTION('',(0.,0.,1.));
#3869 = CYLINDRICAL_SURFACE('',#3870,82.804);
#3870 = AXIS2_PLACEMENT_3D('',#3871,#3872,#3873);
#3871 = CARTESIAN_POINT('',(0.,0.,8.));
#3872 = DIRECTION('',(0.,0.,1.));
#3873 = DIRECTION('',(1.,0.,-0.));
#3874 = ADVANCED_FACE('',(#3875),#3995,.F.);
#3875 = FACE_BOUND('',#3876,.F.);
#3876 = EDGE_LOOP('',(#3877,#3884,#3885,#3894,#3902,#3911,#3919,#3928,
    #3936,#3945,#3953,#3962,#3970,#3979,#3987,#3994));
#3877 = ORIENTED_EDGE('',*,*,#3878,.T.);
#3878 = EDGE_CURVE('',#40,#177,#3879,.T.);
#3879 = CIRCLE('',#3880,19.5);
#3880 = AXIS2_PLACEMENT_3D('',#3881,#3882,#3883);
#3881 = CARTESIAN_POINT('',(4.023209664559E-15,65.704,14.3));
#3882 = DIRECTION('',(0.,0.,-1.));
#3883 = DIRECTION('',(-0.538471905211,0.842643463927,0.));
#3884 = ORIENTED_EDGE('',*,*,#185,.T.);
#3885 = ORIENTED_EDGE('',*,*,#3886,.F.);
#3886 = EDGE_CURVE('',#3887,#186,#3889,.T.);
#3887 = VERTEX_POINT('',#3888);
#3888 = CARTESIAN_POINT('',(11.832159566199,81.204,18.7));
#3889 = CIRCLE('',#3890,19.5);
#3890 = AXIS2_PLACEMENT_3D('',#3891,#3892,#3893);
#3891 = CARTESIAN_POINT('',(4.023209664559E-15,65.704,18.7));
#3892 = DIRECTION('',(0.,0.,1.));
#3893 = DIRECTION('',(2.22044604925E-16,1.,-0.));
#3894 = ORIENTED_EDGE('',*,*,#3895,.T.);
#3895 = EDGE_CURVE('',#3887,#3896,#3898,.T.);
#3896 = VERTEX_POINT('',#3897);
#3897 = CARTESIAN_POINT('',(11.832159566199,81.204,18.8));
#3898 = LINE('',#3899,#3900);
#3899 = CARTESIAN_POINT('',(11.832159566199,81.204,8.));
#3900 = VECTOR('',#3901,1.);
#3901 = DIRECTION('',(0.,0.,1.));
#3902 = ORIENTED_EDGE('',*,*,#3903,.F.);
#3903 = EDGE_CURVE('',#3904,#3896,#3906,.T.);
#3904 = VERTEX_POINT('',#3905);
#3905 = CARTESIAN_POINT('',(13.110753799029,80.138615852916,18.8));
#3906 = CIRCLE('',#3907,19.5);
#3907 = AXIS2_PLACEMENT_3D('',#3908,#3909,#3910);
#3908 = CARTESIAN_POINT('',(4.023209664559E-15,65.704,18.8));
#3909 = DIRECTION('',(0.,-0.,1.));
#3910 = DIRECTION('',(2.22044604925E-16,1.,0.));
#3911 = ORIENTED_EDGE('',*,*,#3912,.F.);
#3912 = EDGE_CURVE('',#3913,#3904,#3915,.T.);
#3913 = VERTEX_POINT('',#3914);
#3914 = CARTESIAN_POINT('',(13.110753799029,80.138615852916,8.));
#3915 = LINE('',#3916,#3917);
#3916 = CARTESIAN_POINT('',(13.110753799029,80.138615852916,7.99));
#3917 = VECTOR('',#3918,1.);
#3918 = DIRECTION('',(0.,0.,1.));
#3919 = ORIENTED_EDGE('',*,*,#3920,.T.);
#3920 = EDGE_CURVE('',#3913,#3921,#3923,.T.);
#3921 = VERTEX_POINT('',#3922);
#3922 = CARTESIAN_POINT('',(7.902320194764,83.531039449652,8.));
#3923 = CIRCLE('',#3924,19.5);
#3924 = AXIS2_PLACEMENT_3D('',#3925,#3926,#3927);
#3925 = CARTESIAN_POINT('',(4.023209664559E-15,65.704,8.));
#3926 = DIRECTION('',(0.,-0.,1.));
#3927 = DIRECTION('',(2.22044604925E-16,1.,0.));
#3928 = ORIENTED_EDGE('',*,*,#3929,.T.);
#3929 = EDGE_CURVE('',#3921,#3930,#3932,.T.);
#3930 = VERTEX_POINT('',#3931);
#3931 = CARTESIAN_POINT('',(7.90232019476,83.531039449653,13.5));
#3932 = LINE('',#3933,#3934);
#3933 = CARTESIAN_POINT('',(7.90232019476,83.531039449653,8.));
#3934 = VECTOR('',#3935,1.);
#3935 = DIRECTION('',(0.,0.,1.));
#3936 = ORIENTED_EDGE('',*,*,#3937,.F.);
#3937 = EDGE_CURVE('',#3938,#3930,#3940,.T.);
#3938 = VERTEX_POINT('',#3939);
#3939 = CARTESIAN_POINT('',(-7.90232019476,83.531039449653,13.5));
#3940 = CIRCLE('',#3941,19.5);
#3941 = AXIS2_PLACEMENT_3D('',#3942,#3943,#3944);
#3942 = CARTESIAN_POINT('',(4.023209664559E-15,65.704,13.5));
#3943 = DIRECTION('',(0.,0.,-1.));
#3944 = DIRECTION('',(-0.405247189475,0.914207151264,0.));
#3945 = ORIENTED_EDGE('',*,*,#3946,.F.);
#3946 = EDGE_CURVE('',#3947,#3938,#3949,.T.);
#3947 = VERTEX_POINT('',#3948);
#3948 = CARTESIAN_POINT('',(-7.902320194764,83.531039449652,8.));
#3949 = LINE('',#3950,#3951);
#3950 = CARTESIAN_POINT('',(-7.90232019476,83.531039449653,8.));
#3951 = VECTOR('',#3952,1.);
#3952 = DIRECTION('',(0.,0.,1.));
#3953 = ORIENTED_EDGE('',*,*,#3954,.T.);
#3954 = EDGE_CURVE('',#3947,#3955,#3957,.T.);
#3955 = VERTEX_POINT('',#3956);
#3956 = CARTESIAN_POINT('',(-13.11075379902,80.138615852916,8.));
#3957 = CIRCLE('',#3958,19.5);
#3958 = AXIS2_PLACEMENT_3D('',#3959,#3960,#3961);
#3959 = CARTESIAN_POINT('',(4.023209664559E-15,65.704,8.));
#3960 = DIRECTION('',(0.,-0.,1.));
#3961 = DIRECTION('',(2.22044604925E-16,1.,0.));
#3962 = ORIENTED_EDGE('',*,*,#3963,.T.);
#3963 = EDGE_CURVE('',#3955,#3964,#3966,.T.);
#3964 = VERTEX_POINT('',#3965);
#3965 = CARTESIAN_POINT('',(-13.11075379902,80.138615852916,18.8));
#3966 = LINE('',#3967,#3968);
#3967 = CARTESIAN_POINT('',(-13.11075379902,80.138615852916,7.99));
#3968 = VECTOR('',#3969,1.);
#3969 = DIRECTION('',(0.,0.,1.));
#3970 = ORIENTED_EDGE('',*,*,#3971,.F.);
#3971 = EDGE_CURVE('',#3972,#3964,#3974,.T.);
#3972 = VERTEX_POINT('',#3973);
#3973 = CARTESIAN_POINT('',(-11.83215956619,81.204,18.8));
#3974 = CIRCLE('',#3975,19.5);
#3975 = AXIS2_PLACEMENT_3D('',#3976,#3977,#3978);
#3976 = CARTESIAN_POINT('',(4.023209664559E-15,65.704,18.8));
#3977 = DIRECTION('',(0.,-0.,1.));
#3978 = DIRECTION('',(2.22044604925E-16,1.,0.));
#3979 = ORIENTED_EDGE('',*,*,#3980,.F.);
#3980 = EDGE_CURVE('',#3981,#3972,#3983,.T.);
#3981 = VERTEX_POINT('',#3982);
#3982 = CARTESIAN_POINT('',(-11.83215956619,81.204,18.7));
#3983 = LINE('',#3984,#3985);
#3984 = CARTESIAN_POINT('',(-11.83215956619,81.204,8.));
#3985 = VECTOR('',#3986,1.);
#3986 = DIRECTION('',(0.,0.,1.));
#3987 = ORIENTED_EDGE('',*,*,#3988,.F.);
#3988 = EDGE_CURVE('',#42,#3981,#3989,.T.);
#3989 = CIRCLE('',#3990,19.5);
#3990 = AXIS2_PLACEMENT_3D('',#3991,#3992,#3993);
#3991 = CARTESIAN_POINT('',(4.023209664559E-15,65.704,18.7));
#3992 = DIRECTION('',(0.,0.,1.));
#3993 = DIRECTION('',(2.22044604925E-16,1.,-0.));
#3994 = ORIENTED_EDGE('',*,*,#39,.F.);
#3995 = CYLINDRICAL_SURFACE('',#3996,19.5);
#3996 = AXIS2_PLACEMENT_3D('',#3997,#3998,#3999);
#3997 = CARTESIAN_POINT('',(4.023209664559E-15,65.704,8.));
#3998 = DIRECTION('',(0.,0.,1.));
#3999 = DIRECTION('',(2.22044604925E-16,1.,0.));
#4000 = ADVANCED_FACE('',(#4001),#4011,.T.);
#4001 = FACE_BOUND('',#4002,.T.);
#4002 = EDGE_LOOP('',(#4003,#4009,#4010));
#4003 = ORIENTED_EDGE('',*,*,#4004,.F.);
#4004 = EDGE_CURVE('',#3981,#220,#4005,.T.);
#4005 = LINE('',#4006,#4007);
#4006 = CARTESIAN_POINT('',(-11.83215956619,80.204,18.7));
#4007 = VECTOR('',#4008,1.);
#4008 = DIRECTION('',(2.22044604925E-16,1.,0.));
#4009 = ORIENTED_EDGE('',*,*,#3988,.F.);
#4010 = ORIENTED_EDGE('',*,*,#227,.T.);
#4011 = PLANE('',#4012);
#4012 = AXIS2_PLACEMENT_3D('',#4013,#4014,#4015);
#4013 = CARTESIAN_POINT('',(11.832159566199,80.204,18.7));
#4014 = DIRECTION('',(0.,0.,1.));
#4015 = DIRECTION('',(2.22044604925E-16,1.,0.));
#4016 = ADVANCED_FACE('',(#4017),#4060,.F.);
#4017 = FACE_BOUND('',#4018,.F.);
#4018 = EDGE_LOOP('',(#4019,#4020,#4021,#4029,#4037,#4045,#4053,#4059));
#4019 = ORIENTED_EDGE('',*,*,#4004,.F.);
#4020 = ORIENTED_EDGE('',*,*,#3980,.T.);
#4021 = ORIENTED_EDGE('',*,*,#4022,.T.);
#4022 = EDGE_CURVE('',#3972,#4023,#4025,.T.);
#4023 = VERTEX_POINT('',#4024);
#4024 = CARTESIAN_POINT('',(-11.83215956619,80.33734882357,18.8));
#4025 = LINE('',#4026,#4027);
#4026 = CARTESIAN_POINT('',(-11.83215956619,72.954,18.8));
#4027 = VECTOR('',#4028,1.);
#4028 = DIRECTION('',(-2.22044604925E-16,-1.,0.));
#4029 = ORIENTED_EDGE('',*,*,#4030,.T.);
#4030 = EDGE_CURVE('',#4023,#4031,#4033,.T.);
#4031 = VERTEX_POINT('',#4032);
#4032 = CARTESIAN_POINT('',(-11.83215956619,80.33734882357,24.));
#4033 = LINE('',#4034,#4035);
#4034 = CARTESIAN_POINT('',(-11.83215956619,80.33734882357,7.99));
#4035 = VECTOR('',#4036,1.);
#4036 = DIRECTION('',(0.,0.,1.));
#4037 = ORIENTED_EDGE('',*,*,#4038,.T.);
#4038 = EDGE_CURVE('',#4031,#4039,#4041,.T.);
#4039 = VERTEX_POINT('',#4040);
#4040 = CARTESIAN_POINT('',(-11.83215956619,80.204,24.));
#4041 = LINE('',#4042,#4043);
#4042 = CARTESIAN_POINT('',(-11.83215956619,40.102,24.));
#4043 = VECTOR('',#4044,1.);
#4044 = DIRECTION('',(-2.22044604925E-16,-1.,0.));
#4045 = ORIENTED_EDGE('',*,*,#4046,.T.);
#4046 = EDGE_CURVE('',#4039,#4047,#4049,.T.);
#4047 = VERTEX_POINT('',#4048);
#4048 = CARTESIAN_POINT('',(-11.83215956619,80.204,24.01));
#4049 = LINE('',#4050,#4051);
#4050 = CARTESIAN_POINT('',(-11.83215956619,80.204,18.7));
#4051 = VECTOR('',#4052,1.);
#4052 = DIRECTION('',(0.,0.,1.));
#4053 = ORIENTED_EDGE('',*,*,#4054,.T.);
#4054 = EDGE_CURVE('',#4047,#211,#4055,.T.);
#4055 = LINE('',#4056,#4057);
#4056 = CARTESIAN_POINT('',(-11.83215956619,80.204,24.01));
#4057 = VECTOR('',#4058,1.);
#4058 = DIRECTION('',(2.22044604925E-16,1.,0.));
#4059 = ORIENTED_EDGE('',*,*,#219,.F.);
#4060 = PLANE('',#4061);
#4061 = AXIS2_PLACEMENT_3D('',#4062,#4063,#4064);
#4062 = CARTESIAN_POINT('',(-11.83215956619,80.204,18.7));
#4063 = DIRECTION('',(-1.,2.22044604925E-16,0.));
#4064 = DIRECTION('',(0.,0.,1.));
#4065 = ADVANCED_FACE('',(#4066),#4084,.F.);
#4066 = FACE_BOUND('',#4067,.F.);
#4067 = EDGE_LOOP('',(#4068,#4069,#4077,#4083));
#4068 = ORIENTED_EDGE('',*,*,#4054,.F.);
#4069 = ORIENTED_EDGE('',*,*,#4070,.F.);
#4070 = EDGE_CURVE('',#4071,#4047,#4073,.T.);
#4071 = VERTEX_POINT('',#4072);
#4072 = CARTESIAN_POINT('',(11.832159566199,80.204,24.01));
#4073 = LINE('',#4074,#4075);
#4074 = CARTESIAN_POINT('',(11.832159566199,80.204,24.01));
#4075 = VECTOR('',#4076,1.);
#4076 = DIRECTION('',(-1.,2.22044604925E-16,0.));
#4077 = ORIENTED_EDGE('',*,*,#4078,.T.);
#4078 = EDGE_CURVE('',#4071,#203,#4079,.T.);
#4079 = LINE('',#4080,#4081);
#4080 = CARTESIAN_POINT('',(11.832159566199,80.204,24.01));
#4081 = VECTOR('',#4082,1.);
#4082 = DIRECTION('',(2.22044604925E-16,1.,0.));
#4083 = ORIENTED_EDGE('',*,*,#210,.T.);
#4084 = PLANE('',#4085);
#4085 = AXIS2_PLACEMENT_3D('',#4086,#4087,#4088);
#4086 = CARTESIAN_POINT('',(11.832159566199,80.204,24.01));
#4087 = DIRECTION('',(0.,0.,1.));
#4088 = DIRECTION('',(2.22044604925E-16,1.,0.));
#4089 = ADVANCED_FACE('',(#4090),#4131,.T.);
#4090 = FACE_BOUND('',#4091,.T.);
#4091 = EDGE_LOOP('',(#4092,#4098,#4099,#4107,#4115,#4123,#4129,#4130));
#4092 = ORIENTED_EDGE('',*,*,#4093,.F.);
#4093 = EDGE_CURVE('',#3887,#194,#4094,.T.);
#4094 = LINE('',#4095,#4096);
#4095 = CARTESIAN_POINT('',(11.832159566199,80.204,18.7));
#4096 = VECTOR('',#4097,1.);
#4097 = DIRECTION('',(2.22044604925E-16,1.,0.));
#4098 = ORIENTED_EDGE('',*,*,#3895,.T.);
#4099 = ORIENTED_EDGE('',*,*,#4100,.T.);
#4100 = EDGE_CURVE('',#3896,#4101,#4103,.T.);
#4101 = VERTEX_POINT('',#4102);
#4102 = CARTESIAN_POINT('',(11.832159566199,80.33734882357,18.8));
#4103 = LINE('',#4104,#4105);
#4104 = CARTESIAN_POINT('',(11.832159566199,72.954,18.8));
#4105 = VECTOR('',#4106,1.);
#4106 = DIRECTION('',(-2.22044604925E-16,-1.,0.));
#4107 = ORIENTED_EDGE('',*,*,#4108,.T.);
#4108 = EDGE_CURVE('',#4101,#4109,#4111,.T.);
#4109 = VERTEX_POINT('',#4110);
#4110 = CARTESIAN_POINT('',(11.832159566199,80.33734882357,24.));
#4111 = LINE('',#4112,#4113);
#4112 = CARTESIAN_POINT('',(11.832159566199,80.33734882357,7.99));
#4113 = VECTOR('',#4114,1.);
#4114 = DIRECTION('',(0.,0.,1.));
#4115 = ORIENTED_EDGE('',*,*,#4116,.T.);
#4116 = EDGE_CURVE('',#4109,#4117,#4119,.T.);
#4117 = VERTEX_POINT('',#4118);
#4118 = CARTESIAN_POINT('',(11.832159566199,80.204,24.));
#4119 = LINE('',#4120,#4121);
#4120 = CARTESIAN_POINT('',(11.832159566199,40.102,24.));
#4121 = VECTOR('',#4122,1.);
#4122 = DIRECTION('',(-2.22044604925E-16,-1.,0.));
#4123 = ORIENTED_EDGE('',*,*,#4124,.T.);
#4124 = EDGE_CURVE('',#4117,#4071,#4125,.T.);
#4125 = LINE('',#4126,#4127);
#4126 = CARTESIAN_POINT('',(11.832159566199,80.204,18.7));
#4127 = VECTOR('',#4128,1.);
#4128 = DIRECTION('',(0.,0.,1.));
#4129 = ORIENTED_EDGE('',*,*,#4078,.T.);
#4130 = ORIENTED_EDGE('',*,*,#202,.F.);
#4131 = PLANE('',#4132);
#4132 = AXIS2_PLACEMENT_3D('',#4133,#4134,#4135);
#4133 = CARTESIAN_POINT('',(11.832159566199,80.204,18.7));
#4134 = DIRECTION('',(-1.,2.22044604925E-16,0.));
#4135 = DIRECTION('',(0.,0.,1.));
#4136 = ADVANCED_FACE('',(#4137),#4142,.T.);
#4137 = FACE_BOUND('',#4138,.T.);
#4138 = EDGE_LOOP('',(#4139,#4140,#4141));
#4139 = ORIENTED_EDGE('',*,*,#3886,.F.);
#4140 = ORIENTED_EDGE('',*,*,#4093,.T.);
#4141 = ORIENTED_EDGE('',*,*,#193,.T.);
#4142 = PLANE('',#4143);
#4143 = AXIS2_PLACEMENT_3D('',#4144,#4145,#4146);
#4144 = CARTESIAN_POINT('',(11.832159566199,80.204,18.7));
#4145 = DIRECTION('',(0.,0.,1.));
#4146 = DIRECTION('',(2.22044604925E-16,1.,0.));
#4147 = ADVANCED_FACE('',(#4148,#4159),#4164,.T.);
#4148 = FACE_BOUND('',#4149,.T.);
#4149 = EDGE_LOOP('',(#4150));
#4150 = ORIENTED_EDGE('',*,*,#4151,.T.);
#4151 = EDGE_CURVE('',#4152,#4152,#4154,.T.);
#4152 = VERTEX_POINT('',#4153);
#4153 = CARTESIAN_POINT('',(86.704,-2.123635521465E-14,14.3));
#4154 = CIRCLE('',#4155,86.704);
#4155 = AXIS2_PLACEMENT_3D('',#4156,#4157,#4158);
#4156 = CARTESIAN_POINT('',(0.,0.,14.3));
#4157 = DIRECTION('',(0.,0.,1.));
#4158 = DIRECTION('',(1.,0.,-0.));
#4159 = FACE_BOUND('',#4160,.T.);
#4160 = EDGE_LOOP('',(#4161,#4162,#4163));
#4161 = ORIENTED_EDGE('',*,*,#176,.F.);
#4162 = ORIENTED_EDGE('',*,*,#49,.F.);
#4163 = ORIENTED_EDGE('',*,*,#3878,.T.);
#4164 = PLANE('',#4165);
#4165 = AXIS2_PLACEMENT_3D('',#4166,#4167,#4168);
#4166 = CARTESIAN_POINT('',(0.,0.,14.3));
#4167 = DIRECTION('',(0.,0.,1.));
#4168 = DIRECTION('',(1.,0.,-0.));
#4169 = ADVANCED_FACE('',(#4170,#4206,#4274,#4285),#4327,.T.);
#4170 = FACE_BOUND('',#4171,.T.);
#4171 = EDGE_LOOP('',(#4172,#4180,#4181,#4182,#4190,#4199));
#4172 = ORIENTED_EDGE('',*,*,#4173,.T.);
#4173 = EDGE_CURVE('',#4174,#67,#4176,.T.);
#4174 = VERTEX_POINT('',#4175);
#4175 = CARTESIAN_POINT('',(7.6,-61.53243047369,26.));
#4176 = LINE('',#4177,#4178);
#4177 = CARTESIAN_POINT('',(7.6,-61.53243047369,26.));
#4178 = VECTOR('',#4179,1.);
#4179 = DIRECTION('',(-1.910329845305E-15,-1.,0.));
#4180 = ORIENTED_EDGE('',*,*,#66,.T.);
#4181 = ORIENTED_EDGE('',*,*,#168,.T.);
#4182 = ORIENTED_EDGE('',*,*,#4183,.T.);
#4183 = EDGE_CURVE('',#161,#4184,#4186,.T.);
#4184 = VERTEX_POINT('',#4185);
#4185 = CARTESIAN_POINT('',(57.088647946819,24.184422168085,26.));
#4186 = LINE('',#4187,#4188);
#4187 = CARTESIAN_POINT('',(75.207680343224,34.645450399605,26.));
#4188 = VECTOR('',#4189,1.);
#4189 = DIRECTION('',(-0.866025403784,-0.5,0.));
#4190 = ORIENTED_EDGE('',*,*,#4191,.T.);
#4191 = EDGE_CURVE('',#4184,#4192,#4194,.T.);
#4192 = VERTEX_POINT('',#4193);
#4193 = CARTESIAN_POINT('',(62.,0.,26.));
#4194 = CIRCLE('',#4195,62.);
#4195 = AXIS2_PLACEMENT_3D('',#4196,#4197,#4198);
#4196 = CARTESIAN_POINT('',(0.,0.,26.));
#4197 = DIRECTION('',(0.,0.,-1.));
#4198 = DIRECTION('',(0.920784644304,0.390071325292,0.));
#4199 = ORIENTED_EDGE('',*,*,#4200,.T.);
#4200 = EDGE_CURVE('',#4192,#4174,#4201,.T.);
#4201 = CIRCLE('',#4202,62.);
#4202 = AXIS2_PLACEMENT_3D('',#4203,#4204,#4205);
#4203 = CARTESIAN_POINT('',(0.,0.,26.));
#4204 = DIRECTION('',(0.,0.,-1.));
#4205 = DIRECTION('',(0.920784644304,0.390071325292,0.));
#4206 = FACE_BOUND('',#4207,.T.);
#4207 = EDGE_LOOP('',(#4208,#4218,#4226,#4235,#4243,#4251,#4259,#4268));
#4208 = ORIENTED_EDGE('',*,*,#4209,.F.);
#4209 = EDGE_CURVE('',#4210,#4212,#4214,.T.);
#4210 = VERTEX_POINT('',#4211);
#4211 = CARTESIAN_POINT('',(46.802090749523,-65.42204751819,26.));
#4212 = VERTEX_POINT('',#4213);
#4213 = CARTESIAN_POINT('',(56.301041844198,-57.45148115808,26.));
#4214 = LINE('',#4215,#4216);
#4215 = CARTESIAN_POINT('',(49.176828523192,-63.42940592817,26.));
#4216 = VECTOR('',#4217,1.);
#4217 = DIRECTION('',(0.766044443119,0.642787609687,-0.));
#4218 = ORIENTED_EDGE('',*,*,#4219,.T.);
#4219 = EDGE_CURVE('',#4210,#4220,#4222,.T.);
#4220 = VERTEX_POINT('',#4221);
#4221 = CARTESIAN_POINT('',(44.537156269354,-62.72280371446,26.));
#4222 = LINE('',#4223,#4224);
#4223 = CARTESIAN_POINT('',(18.326599640409,-31.48627868802,26.));
#4224 = VECTOR('',#4225,1.);
#4225 = DIRECTION('',(-0.642787609687,0.766044443119,0.));
#4226 = ORIENTED_EDGE('',*,*,#4227,.F.);
#4227 = EDGE_CURVE('',#4228,#4220,#4230,.T.);
#4228 = VERTEX_POINT('',#4229);
#4229 = CARTESIAN_POINT('',(43.667609308325,-61.68651799973,26.));
#4230 = CIRCLE('',#4231,1.6);
#4231 = AXIS2_PLACEMENT_3D('',#4232,#4233,#4234);
#4232 = CARTESIAN_POINT('',(45.213147231362,-61.27261882305,26.));
#4233 = DIRECTION('',(0.,0.,1.));
#4234 = DIRECTION('',(0.642787609687,-0.766044443119,0.));
#4235 = ORIENTED_EDGE('',*,*,#4236,.T.);
#4236 = EDGE_CURVE('',#4228,#4237,#4239,.T.);
#4237 = VERTEX_POINT('',#4238);
#4238 = CARTESIAN_POINT('',(41.402674828156,-58.98727419599,26.));
#4239 = LINE('',#4240,#4241);
#4240 = CARTESIAN_POINT('',(18.326599640409,-31.48627868802,26.));
#4241 = VECTOR('',#4242,1.);
#4242 = DIRECTION('',(-0.642787609687,0.766044443119,0.));
#4243 = ORIENTED_EDGE('',*,*,#4244,.T.);
#4244 = EDGE_CURVE('',#4237,#4245,#4247,.T.);
#4245 = VERTEX_POINT('',#4246);
#4246 = CARTESIAN_POINT('',(50.901625922831,-51.01670783588,26.));
#4247 = LINE('',#4248,#4249);
#4248 = CARTESIAN_POINT('',(43.777412601825,-56.99463260597,26.));
#4249 = VECTOR('',#4250,1.);
#4250 = DIRECTION('',(0.766044443119,0.642787609687,-0.));
#4251 = ORIENTED_EDGE('',*,*,#4252,.F.);
#4252 = EDGE_CURVE('',#4253,#4245,#4255,.T.);
#4253 = VERTEX_POINT('',#4254);
#4254 = CARTESIAN_POINT('',(53.166560403,-53.71595163961,26.));
#4255 = LINE('',#4256,#4257);
#4256 = CARTESIAN_POINT('',(27.825550735084,-23.51571232791,26.));
#4257 = VECTOR('',#4258,1.);
#4258 = DIRECTION('',(-0.642787609687,0.766044443119,0.));
#4259 = ORIENTED_EDGE('',*,*,#4260,.F.);
#4260 = EDGE_CURVE('',#4261,#4253,#4263,.T.);
#4261 = VERTEX_POINT('',#4262);
#4262 = CARTESIAN_POINT('',(54.03610736403,-54.75223735435,26.));
#4263 = CIRCLE('',#4264,1.6);
#4264 = AXIS2_PLACEMENT_3D('',#4265,#4266,#4267);
#4265 = CARTESIAN_POINT('',(52.490569440992,-55.16613653103,26.));
#4266 = DIRECTION('',(0.,0.,1.));
#4267 = DIRECTION('',(0.642787609687,-0.766044443119,0.));
#4268 = ORIENTED_EDGE('',*,*,#4269,.F.);
#4269 = EDGE_CURVE('',#4212,#4261,#4270,.T.);
#4270 = LINE('',#4271,#4272);
#4271 = CARTESIAN_POINT('',(27.825550735084,-23.51571232791,26.));
#4272 = VECTOR('',#4273,1.);
#4273 = DIRECTION('',(-0.642787609687,0.766044443119,0.));
#4274 = FACE_BOUND('',#4275,.T.);
#4275 = EDGE_LOOP('',(#4276));
#4276 = ORIENTED_EDGE('',*,*,#4277,.F.);
#4277 = EDGE_CURVE('',#4278,#4278,#4280,.T.);
#4278 = VERTEX_POINT('',#4279);
#4279 = CARTESIAN_POINT('',(59.106233808288,-34.125,26.));
#4280 = CIRCLE('',#4281,1.);
#4281 = AXIS2_PLACEMENT_3D('',#4282,#4283,#4284);
#4282 = CARTESIAN_POINT('',(58.240208404503,-33.625,26.));
#4283 = DIRECTION('',(0.,0.,1.));
#4284 = DIRECTION('',(0.866025403784,-0.5,0.));
#4285 = FACE_BOUND('',#4286,.T.);
#4286 = EDGE_LOOP('',(#4287,#4297,#4305,#4313,#4321));
#4287 = ORIENTED_EDGE('',*,*,#4288,.T.);
#4288 = EDGE_CURVE('',#4289,#4291,#4293,.T.);
#4289 = VERTEX_POINT('',#4290);
#4290 = CARTESIAN_POINT('',(62.,-20.,26.));
#4291 = VERTEX_POINT('',#4292);
#4292 = CARTESIAN_POINT('',(62.,0.,26.));
#4293 = LINE('',#4294,#4295);
#4294 = CARTESIAN_POINT('',(62.,-10.,26.));
#4295 = VECTOR('',#4296,1.);
#4296 = DIRECTION('',(0.,1.,0.));
#4297 = ORIENTED_EDGE('',*,*,#4298,.T.);
#4298 = EDGE_CURVE('',#4291,#4299,#4301,.T.);
#4299 = VERTEX_POINT('',#4300);
#4300 = CARTESIAN_POINT('',(62.,12.,26.));
#4301 = LINE('',#4302,#4303);
#4302 = CARTESIAN_POINT('',(62.,-10.,26.));
#4303 = VECTOR('',#4304,1.);
#4304 = DIRECTION('',(0.,1.,0.));
#4305 = ORIENTED_EDGE('',*,*,#4306,.T.);
#4306 = EDGE_CURVE('',#4299,#4307,#4309,.T.);
#4307 = VERTEX_POINT('',#4308);
#4308 = CARTESIAN_POINT('',(68.75,12.,26.));
#4309 = LINE('',#4310,#4311);
#4310 = CARTESIAN_POINT('',(62.,12.,26.));
#4311 = VECTOR('',#4312,1.);
#4312 = DIRECTION('',(1.,0.,0.));
#4313 = ORIENTED_EDGE('',*,*,#4314,.F.);
#4314 = EDGE_CURVE('',#4315,#4307,#4317,.T.);
#4315 = VERTEX_POINT('',#4316);
#4316 = CARTESIAN_POINT('',(68.75,-20.,26.));
#4317 = LINE('',#4318,#4319);
#4318 = CARTESIAN_POINT('',(68.75,-10.,26.));
#4319 = VECTOR('',#4320,1.);
#4320 = DIRECTION('',(0.,1.,0.));
#4321 = ORIENTED_EDGE('',*,*,#4322,.T.);
#4322 = EDGE_CURVE('',#4315,#4289,#4323,.T.);
#4323 = LINE('',#4324,#4325);
#4324 = CARTESIAN_POINT('',(68.75,-20.,26.));
#4325 = VECTOR('',#4326,1.);
#4326 = DIRECTION('',(-1.,0.,0.));
#4327 = PLANE('',#4328);
#4328 = AXIS2_PLACEMENT_3D('',#4329,#4330,#4331);
#4329 = CARTESIAN_POINT('',(0.,0.,26.));
#4330 = DIRECTION('',(0.,0.,1.));
#4331 = DIRECTION('',(1.,0.,-0.));
#4332 = ADVANCED_FACE('',(#4333),#4367,.T.);
#4333 = FACE_BOUND('',#4334,.T.);
#4334 = EDGE_LOOP('',(#4335,#4343,#4351,#4359,#4365,#4366));
#4335 = ORIENTED_EDGE('',*,*,#4336,.F.);
#4336 = EDGE_CURVE('',#4337,#152,#4339,.T.);
#4337 = VERTEX_POINT('',#4338);
#4338 = CARTESIAN_POINT('',(73.816049674343,33.841992058314,18.6));
#4339 = LINE('',#4340,#4341);
#4340 = CARTESIAN_POINT('',(72.912291323613,33.320206931238,18.6));
#4341 = VECTOR('',#4342,1.);
#4342 = DIRECTION('',(0.866025403784,0.5,0.));
#4343 = ORIENTED_EDGE('',*,*,#4344,.T.);
#4344 = EDGE_CURVE('',#4337,#4345,#4347,.T.);
#4345 = VERTEX_POINT('',#4346);
#4346 = CARTESIAN_POINT('',(73.816049674343,33.841992058314,24.));
#4347 = LINE('',#4348,#4349);
#4348 = CARTESIAN_POINT('',(73.816049674343,33.841992058314,18.6));
#4349 = VECTOR('',#4350,1.);
#4350 = DIRECTION('',(0.,-7.894919286223E-15,1.));
#4351 = ORIENTED_EDGE('',*,*,#4352,.T.);
#4352 = EDGE_CURVE('',#4345,#4353,#4355,.T.);
#4353 = VERTEX_POINT('',#4354);
#4354 = CARTESIAN_POINT('',(57.088647946819,24.184422168085,24.));
#4355 = LINE('',#4356,#4357);
#4356 = CARTESIAN_POINT('',(73.816049674343,33.841992058314,24.));
#4357 = VECTOR('',#4358,1.);
#4358 = DIRECTION('',(-0.866025403784,-0.5,0.));
#4359 = ORIENTED_EDGE('',*,*,#4360,.T.);
#4360 = EDGE_CURVE('',#4353,#4184,#4361,.T.);
#4361 = LINE('',#4362,#4363);
#4362 = CARTESIAN_POINT('',(57.088647946819,24.184422168085,23.99));
#4363 = VECTOR('',#4364,1.);
#4364 = DIRECTION('',(0.,0.,1.));
#4365 = ORIENTED_EDGE('',*,*,#4183,.F.);
#4366 = ORIENTED_EDGE('',*,*,#160,.F.);
#4367 = PLANE('',#4368);
#4368 = AXIS2_PLACEMENT_3D('',#4369,#4370,#4371);
#4369 = CARTESIAN_POINT('',(72.912291323613,33.320206931238,18.6));
#4370 = DIRECTION('',(-0.5,0.866025403784,0.));
#4371 = DIRECTION('',(0.,0.,1.));
#4372 = ADVANCED_FACE('',(#4373),#4392,.T.);
#4373 = FACE_BOUND('',#4374,.T.);
#4374 = EDGE_LOOP('',(#4375,#4384,#4385,#4386));
#4375 = ORIENTED_EDGE('',*,*,#4376,.F.);
#4376 = EDGE_CURVE('',#4337,#4377,#4379,.T.);
#4377 = VERTEX_POINT('',#4378);
#4378 = CARTESIAN_POINT('',(66.216049674343,47.005578195838,18.6));
#4379 = CIRCLE('',#4380,81.204);
#4380 = AXIS2_PLACEMENT_3D('',#4381,#4382,#4383);
#4381 = CARTESIAN_POINT('',(0.,0.,18.6));
#4382 = DIRECTION('',(0.,0.,1.));
#4383 = DIRECTION('',(1.,0.,-0.));
#4384 = ORIENTED_EDGE('',*,*,#4336,.T.);
#4385 = ORIENTED_EDGE('',*,*,#151,.T.);
#4386 = ORIENTED_EDGE('',*,*,#4387,.F.);
#4387 = EDGE_CURVE('',#4377,#144,#4388,.T.);
#4388 = LINE('',#4389,#4390);
#4389 = CARTESIAN_POINT('',(65.312291323613,46.483793068762,18.6));
#4390 = VECTOR('',#4391,1.);
#4391 = DIRECTION('',(0.866025403784,0.5,0.));
#4392 = PLANE('',#4393);
#4393 = AXIS2_PLACEMENT_3D('',#4394,#4395,#4396);
#4394 = CARTESIAN_POINT('',(72.912291323613,33.320206931238,18.6));
#4395 = DIRECTION('',(0.,0.,1.));
#4396 = DIRECTION('',(0.866025403784,0.5,0.));
#4397 = ADVANCED_FACE('',(#4398),#4432,.F.);
#4398 = FACE_BOUND('',#4399,.F.);
#4399 = EDGE_LOOP('',(#4400,#4401,#4409,#4417,#4425,#4431));
#4400 = ORIENTED_EDGE('',*,*,#4387,.F.);
#4401 = ORIENTED_EDGE('',*,*,#4402,.F.);
#4402 = EDGE_CURVE('',#4403,#4377,#4405,.T.);
#4403 = VERTEX_POINT('',#4404);
#4404 = CARTESIAN_POINT('',(66.216049674343,47.005578195838,24.));
#4405 = LINE('',#4406,#4407);
#4406 = CARTESIAN_POINT('',(66.216049674343,47.005578195838,24.));
#4407 = VECTOR('',#4408,1.);
#4408 = DIRECTION('',(-2.631639762074E-15,7.894919286223E-15,-1.));
#4409 = ORIENTED_EDGE('',*,*,#4410,.F.);
#4410 = EDGE_CURVE('',#4411,#4403,#4413,.T.);
#4411 = VERTEX_POINT('',#4412);
#4412 = CARTESIAN_POINT('',(49.488647946819,37.348008305609,24.));
#4413 = LINE('',#4414,#4415);
#4414 = CARTESIAN_POINT('',(49.488647946819,37.348008305609,24.));
#4415 = VECTOR('',#4416,1.);
#4416 = DIRECTION('',(0.866025403784,0.5,0.));
#4417 = ORIENTED_EDGE('',*,*,#4418,.T.);
#4418 = EDGE_CURVE('',#4411,#4419,#4421,.T.);
#4419 = VERTEX_POINT('',#4420);
#4420 = CARTESIAN_POINT('',(49.488647946819,37.348008305609,26.));
#4421 = LINE('',#4422,#4423);
#4422 = CARTESIAN_POINT('',(49.488647946819,37.348008305609,23.99));
#4423 = VECTOR('',#4424,1.);
#4424 = DIRECTION('',(0.,0.,1.));
#4425 = ORIENTED_EDGE('',*,*,#4426,.T.);
#4426 = EDGE_CURVE('',#4419,#135,#4427,.T.);
#4427 = LINE('',#4428,#4429);
#4428 = CARTESIAN_POINT('',(49.488647946819,37.348008305609,26.));
#4429 = VECTOR('',#4430,1.);
#4430 = DIRECTION('',(0.866025403784,0.5,0.));
#4431 = ORIENTED_EDGE('',*,*,#143,.F.);
#4432 = PLANE('',#4433);
#4433 = AXIS2_PLACEMENT_3D('',#4434,#4435,#4436);
#4434 = CARTESIAN_POINT('',(65.312291323613,46.483793068762,18.6));
#4435 = DIRECTION('',(-0.5,0.866025403784,0.));
#4436 = DIRECTION('',(0.,0.,1.));
#4437 = ADVANCED_FACE('',(#4438,#4457),#4468,.T.);
#4438 = FACE_BOUND('',#4439,.T.);
#4439 = EDGE_LOOP('',(#4440,#4448,#4455,#4456));
#4440 = ORIENTED_EDGE('',*,*,#4441,.T.);
#4441 = EDGE_CURVE('',#127,#4442,#4444,.T.);
#4442 = VERTEX_POINT('',#4443);
#4443 = CARTESIAN_POINT('',(-49.48864794681,37.348008305609,26.));
#4444 = LINE('',#4445,#4446);
#4445 = CARTESIAN_POINT('',(-67.60768034322,47.809036537129,26.));
#4446 = VECTOR('',#4447,1.);
#4447 = DIRECTION('',(0.866025403784,-0.5,0.));
#4448 = ORIENTED_EDGE('',*,*,#4449,.T.);
#4449 = EDGE_CURVE('',#4442,#4419,#4450,.T.);
#4450 = CIRCLE('',#4451,62.);
#4451 = AXIS2_PLACEMENT_3D('',#4452,#4453,#4454);
#4452 = CARTESIAN_POINT('',(0.,0.,26.));
#4453 = DIRECTION('',(0.,0.,-1.));
#4454 = DIRECTION('',(0.920784644304,0.390071325292,0.));
#4455 = ORIENTED_EDGE('',*,*,#4426,.T.);
#4456 = ORIENTED_EDGE('',*,*,#134,.T.);
#4457 = FACE_BOUND('',#4458,.T.);
#4458 = EDGE_LOOP('',(#4459));
#4459 = ORIENTED_EDGE('',*,*,#4460,.F.);
#4460 = EDGE_CURVE('',#4461,#4461,#4463,.T.);
#4461 = VERTEX_POINT('',#4462);
#4462 = CARTESIAN_POINT('',(34.125,59.106233808288,26.));
#4463 = CIRCLE('',#4464,1.);
#4464 = AXIS2_PLACEMENT_3D('',#4465,#4466,#4467);
#4465 = CARTESIAN_POINT('',(33.625,58.240208404503,26.));
#4466 = DIRECTION('',(0.,0.,1.));
#4467 = DIRECTION('',(0.5,0.866025403784,-0.));
#4468 = PLANE('',#4469);
#4469 = AXIS2_PLACEMENT_3D('',#4470,#4471,#4472);
#4470 = CARTESIAN_POINT('',(0.,0.,26.));
#4471 = DIRECTION('',(0.,0.,1.));
#4472 = DIRECTION('',(1.,0.,-0.));
#4473 = ADVANCED_FACE('',(#4474),#4508,.T.);
#4474 = FACE_BOUND('',#4475,.T.);
#4475 = EDGE_LOOP('',(#4476,#4484,#4492,#4500,#4506,#4507));
#4476 = ORIENTED_EDGE('',*,*,#4477,.F.);
#4477 = EDGE_CURVE('',#4478,#118,#4480,.T.);
#4478 = VERTEX_POINT('',#4479);
#4479 = CARTESIAN_POINT('',(-66.21604967434,47.005578195838,18.6));
#4480 = LINE('',#4481,#4482);
#4481 = CARTESIAN_POINT('',(-65.31229132361,46.483793068762,18.6));
#4482 = VECTOR('',#4483,1.);
#4483 = DIRECTION('',(-0.866025403784,0.5,0.));
#4484 = ORIENTED_EDGE('',*,*,#4485,.T.);
#4485 = EDGE_CURVE('',#4478,#4486,#4488,.T.);
#4486 = VERTEX_POINT('',#4487);
#4487 = CARTESIAN_POINT('',(-66.21604967434,47.005578195838,24.));
#4488 = LINE('',#4489,#4490);
#4489 = CARTESIAN_POINT('',(-66.21604967434,47.005578195838,18.6));
#4490 = VECTOR('',#4491,1.);
#4491 = DIRECTION('',(2.631639762074E-15,-1.315819881037E-15,1.));
#4492 = ORIENTED_EDGE('',*,*,#4493,.T.);
#4493 = EDGE_CURVE('',#4486,#4494,#4496,.T.);
#4494 = VERTEX_POINT('',#4495);
#4495 = CARTESIAN_POINT('',(-49.48864794681,37.348008305609,24.));
#4496 = LINE('',#4497,#4498);
#4497 = CARTESIAN_POINT('',(-66.21604967434,47.005578195838,24.));
#4498 = VECTOR('',#4499,1.);
#4499 = DIRECTION('',(0.866025403784,-0.5,0.));
#4500 = ORIENTED_EDGE('',*,*,#4501,.T.);
#4501 = EDGE_CURVE('',#4494,#4442,#4502,.T.);
#4502 = LINE('',#4503,#4504);
#4503 = CARTESIAN_POINT('',(-49.48864794681,37.348008305609,23.99));
#4504 = VECTOR('',#4505,1.);
#4505 = DIRECTION('',(0.,0.,1.));
#4506 = ORIENTED_EDGE('',*,*,#4441,.F.);
#4507 = ORIENTED_EDGE('',*,*,#126,.F.);
#4508 = PLANE('',#4509);
#4509 = AXIS2_PLACEMENT_3D('',#4510,#4511,#4512);
#4510 = CARTESIAN_POINT('',(-65.31229132361,46.483793068762,18.6));
#4511 = DIRECTION('',(-0.5,-0.866025403784,0.));
#4512 = DIRECTION('',(0.,0.,1.));
#4513 = ADVANCED_FACE('',(#4514),#4533,.T.);
#4514 = FACE_BOUND('',#4515,.T.);
#4515 = EDGE_LOOP('',(#4516,#4525,#4526,#4527));
#4516 = ORIENTED_EDGE('',*,*,#4517,.F.);
#4517 = EDGE_CURVE('',#4478,#4518,#4520,.T.);
#4518 = VERTEX_POINT('',#4519);
#4519 = CARTESIAN_POINT('',(-73.81604967434,33.841992058314,18.6));
#4520 = CIRCLE('',#4521,81.204);
#4521 = AXIS2_PLACEMENT_3D('',#4522,#4523,#4524);
#4522 = CARTESIAN_POINT('',(0.,0.,18.6));
#4523 = DIRECTION('',(0.,0.,1.));
#4524 = DIRECTION('',(1.,0.,-0.));
#4525 = ORIENTED_EDGE('',*,*,#4477,.T.);
#4526 = ORIENTED_EDGE('',*,*,#117,.T.);
#4527 = ORIENTED_EDGE('',*,*,#4528,.F.);
#4528 = EDGE_CURVE('',#4518,#110,#4529,.T.);
#4529 = LINE('',#4530,#4531);
#4530 = CARTESIAN_POINT('',(-72.91229132361,33.320206931238,18.6));
#4531 = VECTOR('',#4532,1.);
#4532 = DIRECTION('',(-0.866025403784,0.5,0.));
#4533 = PLANE('',#4534);
#4534 = AXIS2_PLACEMENT_3D('',#4535,#4536,#4537);
#4535 = CARTESIAN_POINT('',(-65.31229132361,46.483793068762,18.6));
#4536 = DIRECTION('',(0.,0.,1.));
#4537 = DIRECTION('',(-0.866025403784,0.5,0.));
#4538 = ADVANCED_FACE('',(#4539),#4573,.F.);
#4539 = FACE_BOUND('',#4540,.F.);
#4540 = EDGE_LOOP('',(#4541,#4542,#4550,#4558,#4566,#4572));
#4541 = ORIENTED_EDGE('',*,*,#4528,.F.);
#4542 = ORIENTED_EDGE('',*,*,#4543,.F.);
#4543 = EDGE_CURVE('',#4544,#4518,#4546,.T.);
#4544 = VERTEX_POINT('',#4545);
#4545 = CARTESIAN_POINT('',(-73.81604967434,33.841992058314,24.));
#4546 = LINE('',#4547,#4548);
#4547 = CARTESIAN_POINT('',(-73.81604967434,33.841992058314,24.));
#4548 = VECTOR('',#4549,1.);
#4549 = DIRECTION('',(0.,0.,-1.));
#4550 = ORIENTED_EDGE('',*,*,#4551,.F.);
#4551 = EDGE_CURVE('',#4552,#4544,#4554,.T.);
#4552 = VERTEX_POINT('',#4553);
#4553 = CARTESIAN_POINT('',(-57.08864794681,24.184422168085,24.));
#4554 = LINE('',#4555,#4556);
#4555 = CARTESIAN_POINT('',(-57.08864794681,24.184422168085,24.));
#4556 = VECTOR('',#4557,1.);
#4557 = DIRECTION('',(-0.866025403784,0.5,0.));
#4558 = ORIENTED_EDGE('',*,*,#4559,.T.);
#4559 = EDGE_CURVE('',#4552,#4560,#4562,.T.);
#4560 = VERTEX_POINT('',#4561);
#4561 = CARTESIAN_POINT('',(-57.08864794681,24.184422168085,26.));
#4562 = LINE('',#4563,#4564);
#4563 = CARTESIAN_POINT('',(-57.08864794681,24.184422168085,23.99));
#4564 = VECTOR('',#4565,1.);
#4565 = DIRECTION('',(0.,0.,1.));
#4566 = ORIENTED_EDGE('',*,*,#4567,.T.);
#4567 = EDGE_CURVE('',#4560,#101,#4568,.T.);
#4568 = LINE('',#4569,#4570);
#4569 = CARTESIAN_POINT('',(-57.08864794681,24.184422168085,26.));
#4570 = VECTOR('',#4571,1.);
#4571 = DIRECTION('',(-0.866025403784,0.5,0.));
#4572 = ORIENTED_EDGE('',*,*,#109,.F.);
#4573 = PLANE('',#4574);
#4574 = AXIS2_PLACEMENT_3D('',#4575,#4576,#4577);
#4575 = CARTESIAN_POINT('',(-72.91229132361,33.320206931238,18.6));
#4576 = DIRECTION('',(-0.5,-0.866025403784,0.));
#4577 = DIRECTION('',(0.,0.,1.));
#4578 = ADVANCED_FACE('',(#4579,#4598,#4609),#4643,.T.);
#4579 = FACE_BOUND('',#4580,.T.);
#4580 = EDGE_LOOP('',(#4581,#4589,#4596,#4597));
#4581 = ORIENTED_EDGE('',*,*,#4582,.T.);
#4582 = EDGE_CURVE('',#93,#4583,#4585,.T.);
#4583 = VERTEX_POINT('',#4584);
#4584 = CARTESIAN_POINT('',(-7.6,-61.53243047369,26.));
#4585 = LINE('',#4586,#4587);
#4586 = CARTESIAN_POINT('',(-7.6,-82.45448693673,26.));
#4587 = VECTOR('',#4588,1.);
#4588 = DIRECTION('',(1.358456778884E-15,1.,0.));
#4589 = ORIENTED_EDGE('',*,*,#4590,.T.);
#4590 = EDGE_CURVE('',#4583,#4560,#4591,.T.);
#4591 = CIRCLE('',#4592,62.);
#4592 = AXIS2_PLACEMENT_3D('',#4593,#4594,#4595);
#4593 = CARTESIAN_POINT('',(0.,0.,26.));
#4594 = DIRECTION('',(0.,0.,-1.));
#4595 = DIRECTION('',(0.920784644304,0.390071325292,0.));
#4596 = ORIENTED_EDGE('',*,*,#4567,.T.);
#4597 = ORIENTED_EDGE('',*,*,#100,.T.);
#4598 = FACE_BOUND('',#4599,.T.);
#4599 = EDGE_LOOP('',(#4600));
#4600 = ORIENTED_EDGE('',*,*,#4601,.F.);
#4601 = EDGE_CURVE('',#4602,#4602,#4604,.T.);
#4602 = VERTEX_POINT('',#4603);
#4603 = CARTESIAN_POINT('',(-59.10623380828,-34.125,26.));
#4604 = CIRCLE('',#4605,1.);
#4605 = AXIS2_PLACEMENT_3D('',#4606,#4607,#4608);
#4606 = CARTESIAN_POINT('',(-58.2402084045,-33.625,26.));
#4607 = DIRECTION('',(0.,0.,1.));
#4608 = DIRECTION('',(-0.866025403784,-0.5,0.));
#4609 = FACE_BOUND('',#4610,.T.);
#4610 = EDGE_LOOP('',(#4611,#4621,#4629,#4637));
#4611 = ORIENTED_EDGE('',*,*,#4612,.T.);
#4612 = EDGE_CURVE('',#4613,#4615,#4617,.T.);
#4613 = VERTEX_POINT('',#4614);
#4614 = CARTESIAN_POINT('',(-73.72441237381,-22.57678055293,26.));
#4615 = VERTEX_POINT('',#4616);
#4616 = CARTESIAN_POINT('',(-69.02594926988,-20.8666798363,26.));
#4617 = LINE('',#4618,#4619);
#4618 = CARTESIAN_POINT('',(-35.19701492159,-8.55395467658,26.));
#4619 = VECTOR('',#4620,1.);
#4620 = DIRECTION('',(0.939692620786,0.342020143326,-0.));
#4621 = ORIENTED_EDGE('',*,*,#4622,.T.);
#4622 = EDGE_CURVE('',#4615,#4623,#4625,.T.);
#4623 = VERTEX_POINT('',#4624);
#4624 = CARTESIAN_POINT('',(-66.28978812328,-28.38422080259,26.));
#4625 = LINE('',#4626,#4627);
#4626 = CARTESIAN_POINT('',(-68.34190898323,-22.74606507787,26.));
#4627 = VECTOR('',#4628,1.);
#4628 = DIRECTION('',(0.342020143326,-0.939692620786,0.));
#4629 = ORIENTED_EDGE('',*,*,#4630,.F.);
#4630 = EDGE_CURVE('',#4631,#4623,#4633,.T.);
#4631 = VERTEX_POINT('',#4632);
#4632 = CARTESIAN_POINT('',(-70.98825122721,-30.09432151922,26.));
#4633 = LINE('',#4634,#4635);
#4634 = CARTESIAN_POINT('',(-32.46085377499,-16.07149564286,26.));
#4635 = VECTOR('',#4636,1.);
#4636 = DIRECTION('',(0.939692620786,0.342020143326,-0.));
#4637 = ORIENTED_EDGE('',*,*,#4638,.F.);
#4638 = EDGE_CURVE('',#4613,#4631,#4639,.T.);
#4639 = LINE('',#4640,#4641);
#4640 = CARTESIAN_POINT('',(-73.04037208716,-24.4561657945,26.));
#4641 = VECTOR('',#4642,1.);
#4642 = DIRECTION('',(0.342020143326,-0.939692620786,0.));
#4643 = PLANE('',#4644);
#4644 = AXIS2_PLACEMENT_3D('',#4645,#4646,#4647);
#4645 = CARTESIAN_POINT('',(0.,0.,26.));
#4646 = DIRECTION('',(0.,0.,1.));
#4647 = DIRECTION('',(1.,0.,-0.));
#4648 = ADVANCED_FACE('',(#4649),#4683,.T.);
#4649 = FACE_BOUND('',#4650,.T.);
#4650 = EDGE_LOOP('',(#4651,#4659,#4667,#4675,#4681,#4682));
#4651 = ORIENTED_EDGE('',*,*,#4652,.F.);
#4652 = EDGE_CURVE('',#4653,#84,#4655,.T.);
#4653 = VERTEX_POINT('',#4654);
#4654 = CARTESIAN_POINT('',(-7.6,-80.84757025415,18.6));
#4655 = LINE('',#4656,#4657);
#4656 = CARTESIAN_POINT('',(-7.6,-79.804,18.6));
#4657 = VECTOR('',#4658,1.);
#4658 = DIRECTION('',(-2.22044604925E-16,-1.,0.));
#4659 = ORIENTED_EDGE('',*,*,#4660,.T.);
#4660 = EDGE_CURVE('',#4653,#4661,#4663,.T.);
#4661 = VERTEX_POINT('',#4662);
#4662 = CARTESIAN_POINT('',(-7.6,-80.84757025415,24.));
#4663 = LINE('',#4664,#4665);
#4664 = CARTESIAN_POINT('',(-7.6,-80.84757025415,18.6));
#4665 = VECTOR('',#4666,1.);
#4666 = DIRECTION('',(-2.302684791815E-15,2.631639762074E-15,1.));
#4667 = ORIENTED_EDGE('',*,*,#4668,.T.);
#4668 = EDGE_CURVE('',#4661,#4669,#4671,.T.);
#4669 = VERTEX_POINT('',#4670);
#4670 = CARTESIAN_POINT('',(-7.6,-61.53243047369,24.));
#4671 = LINE('',#4672,#4673);
#4672 = CARTESIAN_POINT('',(-7.6,-80.84757025415,24.));
#4673 = VECTOR('',#4674,1.);
#4674 = DIRECTION('',(1.839341428114E-16,1.,0.));
#4675 = ORIENTED_EDGE('',*,*,#4676,.T.);
#4676 = EDGE_CURVE('',#4669,#4583,#4677,.T.);
#4677 = LINE('',#4678,#4679);
#4678 = CARTESIAN_POINT('',(-7.6,-61.53243047369,23.99));
#4679 = VECTOR('',#4680,1.);
#4680 = DIRECTION('',(0.,0.,1.));
#4681 = ORIENTED_EDGE('',*,*,#4582,.F.);
#4682 = ORIENTED_EDGE('',*,*,#92,.F.);
#4683 = PLANE('',#4684);
#4684 = AXIS2_PLACEMENT_3D('',#4685,#4686,#4687);
#4685 = CARTESIAN_POINT('',(-7.6,-79.804,18.6));
#4686 = DIRECTION('',(1.,-2.22044604925E-16,0.));
#4687 = DIRECTION('',(0.,0.,1.));
#4688 = ADVANCED_FACE('',(#4689),#4708,.T.);
#4689 = FACE_BOUND('',#4690,.T.);
#4690 = EDGE_LOOP('',(#4691,#4700,#4701,#4702));
#4691 = ORIENTED_EDGE('',*,*,#4692,.F.);
#4692 = EDGE_CURVE('',#4653,#4693,#4695,.T.);
#4693 = VERTEX_POINT('',#4694);
#4694 = CARTESIAN_POINT('',(7.6,-80.84757025415,18.6));
#4695 = CIRCLE('',#4696,81.204);
#4696 = AXIS2_PLACEMENT_3D('',#4697,#4698,#4699);
#4697 = CARTESIAN_POINT('',(0.,0.,18.6));
#4698 = DIRECTION('',(0.,0.,1.));
#4699 = DIRECTION('',(1.,0.,-0.));
#4700 = ORIENTED_EDGE('',*,*,#4652,.T.);
#4701 = ORIENTED_EDGE('',*,*,#83,.T.);
#4702 = ORIENTED_EDGE('',*,*,#4703,.F.);
#4703 = EDGE_CURVE('',#4693,#76,#4704,.T.);
#4704 = LINE('',#4705,#4706);
#4705 = CARTESIAN_POINT('',(7.6,-79.804,18.6));
#4706 = VECTOR('',#4707,1.);
#4707 = DIRECTION('',(-2.22044604925E-16,-1.,0.));
#4708 = PLANE('',#4709);
#4709 = AXIS2_PLACEMENT_3D('',#4710,#4711,#4712);
#4710 = CARTESIAN_POINT('',(-7.6,-79.804,18.6));
#4711 = DIRECTION('',(0.,0.,1.));
#4712 = DIRECTION('',(-2.22044604925E-16,-1.,0.));
#4713 = ADVANCED_FACE('',(#4714),#4741,.F.);
#4714 = FACE_BOUND('',#4715,.F.);
#4715 = EDGE_LOOP('',(#4716,#4717,#4725,#4733,#4739,#4740));
#4716 = ORIENTED_EDGE('',*,*,#4703,.F.);
#4717 = ORIENTED_EDGE('',*,*,#4718,.F.);
#4718 = EDGE_CURVE('',#4719,#4693,#4721,.T.);
#4719 = VERTEX_POINT('',#4720);
#4720 = CARTESIAN_POINT('',(7.6,-80.84757025415,24.));
#4721 = LINE('',#4722,#4723);
#4722 = CARTESIAN_POINT('',(7.6,-80.84757025415,24.));
#4723 = VECTOR('',#4724,1.);
#4724 = DIRECTION('',(3.782982157982E-15,-2.631639762074E-15,-1.));
#4725 = ORIENTED_EDGE('',*,*,#4726,.F.);
#4726 = EDGE_CURVE('',#4727,#4719,#4729,.T.);
#4727 = VERTEX_POINT('',#4728);
#4728 = CARTESIAN_POINT('',(7.6,-61.53243047369,24.));
#4729 = LINE('',#4730,#4731);
#4730 = CARTESIAN_POINT('',(7.6,-61.53243047369,24.));
#4731 = VECTOR('',#4732,1.);
#4732 = DIRECTION('',(5.058188927313E-16,-1.,0.));
#4733 = ORIENTED_EDGE('',*,*,#4734,.T.);
#4734 = EDGE_CURVE('',#4727,#4174,#4735,.T.);
#4735 = LINE('',#4736,#4737);
#4736 = CARTESIAN_POINT('',(7.6,-61.53243047369,23.99));
#4737 = VECTOR('',#4738,1.);
#4738 = DIRECTION('',(0.,0.,1.));
#4739 = ORIENTED_EDGE('',*,*,#4173,.T.);
#4740 = ORIENTED_EDGE('',*,*,#75,.F.);
#4741 = PLANE('',#4742);
#4742 = AXIS2_PLACEMENT_3D('',#4743,#4744,#4745);
#4743 = CARTESIAN_POINT('',(7.6,-79.804,18.6));
#4744 = DIRECTION('',(1.,-2.22044604925E-16,0.));
#4745 = DIRECTION('',(0.,0.,1.));
#4746 = ADVANCED_FACE('',(#4747),#4773,.T.);
#4747 = FACE_BOUND('',#4748,.T.);
#4748 = EDGE_LOOP('',(#4749,#4757,#4766,#4772));
#4749 = ORIENTED_EDGE('',*,*,#4750,.F.);
#4750 = EDGE_CURVE('',#4751,#239,#4753,.T.);
#4751 = VERTEX_POINT('',#4752);
#4752 = CARTESIAN_POINT('',(81.172229223175,2.271303357195,18.5));
#4753 = LINE('',#4754,#4755);
#4754 = CARTESIAN_POINT('',(80.1740061774,2.249522052852,18.5));
#4755 = VECTOR('',#4756,1.);
#4756 = DIRECTION('',(0.99976202708,2.181488503456E-02,0.));
#4757 = ORIENTED_EDGE('',*,*,#4758,.F.);
#4758 = EDGE_CURVE('',#4759,#4751,#4761,.T.);
#4759 = VERTEX_POINT('',#4760);
#4760 = CARTESIAN_POINT('',(81.194044108209,1.271541330115,18.5));
#4761 = CIRCLE('',#4762,81.204);
#4762 = AXIS2_PLACEMENT_3D('',#4763,#4764,#4765);
#4763 = CARTESIAN_POINT('',(0.,0.,18.5));
#4764 = DIRECTION('',(0.,0.,1.));
#4765 = DIRECTION('',(1.,0.,-0.));
#4766 = ORIENTED_EDGE('',*,*,#4767,.T.);
#4767 = EDGE_CURVE('',#4759,#237,#4768,.T.);
#4768 = LINE('',#4769,#4770);
#4769 = CARTESIAN_POINT('',(80.195821062434,1.249760025772,18.5));
#4770 = VECTOR('',#4771,1.);
#4771 = DIRECTION('',(0.99976202708,2.181488503456E-02,0.));
#4772 = ORIENTED_EDGE('',*,*,#236,.T.);
#4773 = PLANE('',#4774);
#4774 = AXIS2_PLACEMENT_3D('',#4775,#4776,#4777);
#4775 = CARTESIAN_POINT('',(80.195821062434,1.249760025772,18.5));
#4776 = DIRECTION('',(0.,0.,1.));
#4777 = DIRECTION('',(0.99976202708,2.181488503456E-02,0.));
#4778 = ADVANCED_FACE('',(#4779),#4797,.F.);
#4779 = FACE_BOUND('',#4780,.F.);
#4780 = EDGE_LOOP('',(#4781,#4782,#4790,#4796));
#4781 = ORIENTED_EDGE('',*,*,#4750,.F.);
#4782 = ORIENTED_EDGE('',*,*,#4783,.T.);
#4783 = EDGE_CURVE('',#4751,#4784,#4786,.T.);
#4784 = VERTEX_POINT('',#4785);
#4785 = CARTESIAN_POINT('',(81.172229223175,2.271303357195,23.));
#4786 = LINE('',#4787,#4788);
#4787 = CARTESIAN_POINT('',(81.172229223175,2.271303357195,7.99));
#4788 = VECTOR('',#4789,1.);
#4789 = DIRECTION('',(0.,0.,1.));
#4790 = ORIENTED_EDGE('',*,*,#4791,.T.);
#4791 = EDGE_CURVE('',#4784,#256,#4792,.T.);
#4792 = LINE('',#4793,#4794);
#4793 = CARTESIAN_POINT('',(80.1740061774,2.249522052852,23.));
#4794 = VECTOR('',#4795,1.);
#4795 = DIRECTION('',(0.99976202708,2.181488503456E-02,0.));
#4796 = ORIENTED_EDGE('',*,*,#264,.F.);
#4797 = PLANE('',#4798);
#4798 = AXIS2_PLACEMENT_3D('',#4799,#4800,#4801);
#4799 = CARTESIAN_POINT('',(80.1740061774,2.249522052852,18.5));
#4800 = DIRECTION('',(-2.181488503456E-02,0.99976202708,0.));
#4801 = DIRECTION('',(0.,0.,1.));
#4802 = ADVANCED_FACE('',(#4803),#4822,.F.);
#4803 = FACE_BOUND('',#4804,.F.);
#4804 = EDGE_LOOP('',(#4805,#4806,#4815,#4821));
#4805 = ORIENTED_EDGE('',*,*,#4791,.F.);
#4806 = ORIENTED_EDGE('',*,*,#4807,.F.);
#4807 = EDGE_CURVE('',#4808,#4784,#4810,.T.);
#4808 = VERTEX_POINT('',#4809);
#4809 = CARTESIAN_POINT('',(81.194044108209,1.271541330115,23.));
#4810 = CIRCLE('',#4811,81.204);
#4811 = AXIS2_PLACEMENT_3D('',#4812,#4813,#4814);
#4812 = CARTESIAN_POINT('',(0.,0.,23.));
#4813 = DIRECTION('',(0.,0.,1.));
#4814 = DIRECTION('',(1.,0.,-0.));
#4815 = ORIENTED_EDGE('',*,*,#4816,.T.);
#4816 = EDGE_CURVE('',#4808,#248,#4817,.T.);
#4817 = LINE('',#4818,#4819);
#4818 = CARTESIAN_POINT('',(80.195821062434,1.249760025772,23.));
#4819 = VECTOR('',#4820,1.);
#4820 = DIRECTION('',(0.99976202708,2.181488503456E-02,0.));
#4821 = ORIENTED_EDGE('',*,*,#255,.T.);
#4822 = PLANE('',#4823);
#4823 = AXIS2_PLACEMENT_3D('',#4824,#4825,#4826);
#4824 = CARTESIAN_POINT('',(80.195821062434,1.249760025772,23.));
#4825 = DIRECTION('',(0.,0.,1.));
#4826 = DIRECTION('',(0.99976202708,2.181488503456E-02,0.));
#4827 = ADVANCED_FACE('',(#4828),#4839,.T.);
#4828 = FACE_BOUND('',#4829,.T.);
#4829 = EDGE_LOOP('',(#4830,#4831,#4837,#4838));
#4830 = ORIENTED_EDGE('',*,*,#4767,.F.);
#4831 = ORIENTED_EDGE('',*,*,#4832,.T.);
#4832 = EDGE_CURVE('',#4759,#4808,#4833,.T.);
#4833 = LINE('',#4834,#4835);
#4834 = CARTESIAN_POINT('',(81.194044108209,1.271541330115,7.99));
#4835 = VECTOR('',#4836,1.);
#4836 = DIRECTION('',(0.,0.,1.));
#4837 = ORIENTED_EDGE('',*,*,#4816,.T.);
#4838 = ORIENTED_EDGE('',*,*,#247,.F.);
#4839 = PLANE('',#4840);
#4840 = AXIS2_PLACEMENT_3D('',#4841,#4842,#4843);
#4841 = CARTESIAN_POINT('',(80.195821062434,1.249760025772,18.5));
#4842 = DIRECTION('',(-2.181488503456E-02,0.99976202708,0.));
#4843 = DIRECTION('',(0.,0.,1.));
#4844 = ADVANCED_FACE('',(#4845),#4871,.T.);
#4845 = FACE_BOUND('',#4846,.T.);
#4846 = EDGE_LOOP('',(#4847,#4855,#4864,#4870));
#4847 = ORIENTED_EDGE('',*,*,#4848,.F.);
#4848 = EDGE_CURVE('',#4849,#275,#4851,.T.);
#4849 = VERTEX_POINT('',#4850);
#4850 = CARTESIAN_POINT('',(80.995898386286,5.809824489472,18.5));
#4851 = LINE('',#4852,#4853);
#4852 = CARTESIAN_POINT('',(79.999575514814,5.744522038394,18.5));
#4853 = VECTOR('',#4854,1.);
#4854 = DIRECTION('',(0.997858923239,6.540312923014E-02,0.));
#4855 = ORIENTED_EDGE('',*,*,#4856,.F.);
#4856 = EDGE_CURVE('',#4857,#4849,#4859,.T.);
#4857 = VERTEX_POINT('',#4858);
#4858 = CARTESIAN_POINT('',(81.061301515516,4.811965566233,18.5));
#4859 = CIRCLE('',#4860,81.204);
#4860 = AXIS2_PLACEMENT_3D('',#4861,#4862,#4863);
#4861 = CARTESIAN_POINT('',(0.,0.,18.5));
#4862 = DIRECTION('',(0.,0.,1.));
#4863 = DIRECTION('',(1.,0.,-0.));
#4864 = ORIENTED_EDGE('',*,*,#4865,.T.);
#4865 = EDGE_CURVE('',#4857,#273,#4866,.T.);
#4866 = LINE('',#4867,#4868);
#4867 = CARTESIAN_POINT('',(80.064978644044,4.746663115155,18.5));
#4868 = VECTOR('',#4869,1.);
#4869 = DIRECTION('',(0.997858923239,6.540312923014E-02,0.));
#4870 = ORIENTED_EDGE('',*,*,#272,.T.);
#4871 = PLANE('',#4872);
#4872 = AXIS2_PLACEMENT_3D('',#4873,#4874,#4875);
#4873 = CARTESIAN_POINT('',(80.064978644044,4.746663115155,18.5));
#4874 = DIRECTION('',(0.,0.,1.));
#4875 = DIRECTION('',(0.997858923239,6.540312923014E-02,0.));
#4876 = ADVANCED_FACE('',(#4877),#4895,.F.);
#4877 = FACE_BOUND('',#4878,.F.);
#4878 = EDGE_LOOP('',(#4879,#4880,#4888,#4894));
#4879 = ORIENTED_EDGE('',*,*,#4848,.F.);
#4880 = ORIENTED_EDGE('',*,*,#4881,.T.);
#4881 = EDGE_CURVE('',#4849,#4882,#4884,.T.);
#4882 = VERTEX_POINT('',#4883);
#4883 = CARTESIAN_POINT('',(80.995898386286,5.809824489472,23.));
#4884 = LINE('',#4885,#4886);
#4885 = CARTESIAN_POINT('',(80.995898386286,5.809824489472,7.99));
#4886 = VECTOR('',#4887,1.);
#4887 = DIRECTION('',(0.,0.,1.));
#4888 = ORIENTED_EDGE('',*,*,#4889,.T.);
#4889 = EDGE_CURVE('',#4882,#292,#4890,.T.);
#4890 = LINE('',#4891,#4892);
#4891 = CARTESIAN_POINT('',(79.999575514814,5.744522038394,23.));
#4892 = VECTOR('',#4893,1.);
#4893 = DIRECTION('',(0.997858923239,6.540312923014E-02,0.));
#4894 = ORIENTED_EDGE('',*,*,#300,.F.);
#4895 = PLANE('',#4896);
#4896 = AXIS2_PLACEMENT_3D('',#4897,#4898,#4899);
#4897 = CARTESIAN_POINT('',(79.999575514814,5.744522038394,18.5));
#4898 = DIRECTION('',(-6.540312923014E-02,0.997858923239,0.));
#4899 = DIRECTION('',(0.,0.,1.));
#4900 = ADVANCED_FACE('',(#4901),#4920,.F.);
#4901 = FACE_BOUND('',#4902,.F.);
#4902 = EDGE_LOOP('',(#4903,#4904,#4913,#4919));
#4903 = ORIENTED_EDGE('',*,*,#4889,.F.);
#4904 = ORIENTED_EDGE('',*,*,#4905,.F.);
#4905 = EDGE_CURVE('',#4906,#4882,#4908,.T.);
#4906 = VERTEX_POINT('',#4907);
#4907 = CARTESIAN_POINT('',(81.061301515516,4.811965566233,23.));
#4908 = CIRCLE('',#4909,81.204);
#4909 = AXIS2_PLACEMENT_3D('',#4910,#4911,#4912);
#4910 = CARTESIAN_POINT('',(0.,0.,23.));
#4911 = DIRECTION('',(0.,0.,1.));
#4912 = DIRECTION('',(1.,0.,-0.));
#4913 = ORIENTED_EDGE('',*,*,#4914,.T.);
#4914 = EDGE_CURVE('',#4906,#284,#4915,.T.);
#4915 = LINE('',#4916,#4917);
#4916 = CARTESIAN_POINT('',(80.064978644044,4.746663115155,23.));
#4917 = VECTOR('',#4918,1.);
#4918 = DIRECTION('',(0.997858923239,6.540312923014E-02,0.));
#4919 = ORIENTED_EDGE('',*,*,#291,.T.);
#4920 = PLANE('',#4921);
#4921 = AXIS2_PLACEMENT_3D('',#4922,#4923,#4924);
#4922 = CARTESIAN_POINT('',(80.064978644044,4.746663115155,23.));
#4923 = DIRECTION('',(0.,0.,1.));
#4924 = DIRECTION('',(0.997858923239,6.540312923014E-02,0.));
#4925 = ADVANCED_FACE('',(#4926),#4937,.T.);
#4926 = FACE_BOUND('',#4927,.T.);
#4927 = EDGE_LOOP('',(#4928,#4929,#4935,#4936));
#4928 = ORIENTED_EDGE('',*,*,#4865,.F.);
#4929 = ORIENTED_EDGE('',*,*,#4930,.T.);
#4930 = EDGE_CURVE('',#4857,#4906,#4931,.T.);
#4931 = LINE('',#4932,#4933);
#4932 = CARTESIAN_POINT('',(81.061301515516,4.811965566233,7.99));
#4933 = VECTOR('',#4934,1.);
#4934 = DIRECTION('',(0.,0.,1.));
#4935 = ORIENTED_EDGE('',*,*,#4914,.T.);
#4936 = ORIENTED_EDGE('',*,*,#283,.F.);
#4937 = PLANE('',#4938);
#4938 = AXIS2_PLACEMENT_3D('',#4939,#4940,#4941);
#4939 = CARTESIAN_POINT('',(80.064978644044,4.746663115155,18.5));
#4940 = DIRECTION('',(-6.540312923014E-02,0.997858923239,0.));
#4941 = DIRECTION('',(0.,0.,1.));
#4942 = ADVANCED_FACE('',(#4943),#4969,.T.);
#4943 = FACE_BOUND('',#4944,.T.);
#4944 = EDGE_LOOP('',(#4945,#4953,#4962,#4968));
#4945 = ORIENTED_EDGE('',*,*,#4946,.F.);
#4946 = EDGE_CURVE('',#4947,#311,#4949,.T.);
#4947 = VERTEX_POINT('',#4948);
#4948 = CARTESIAN_POINT('',(80.665387253313,9.337286290625,18.5));
#4949 = LINE('',#4950,#4951);
#4950 = CARTESIAN_POINT('',(79.672861113357,9.228586999738,18.5));
#4951 = VECTOR('',#4952,1.);
#4952 = DIRECTION('',(0.994056338222,0.108866874852,0.));
#4953 = ORIENTED_EDGE('',*,*,#4954,.F.);
#4954 = EDGE_CURVE('',#4955,#4947,#4957,.T.);
#4955 = VERTEX_POINT('',#4956);
#4956 = CARTESIAN_POINT('',(80.774254128165,8.343229952402,18.5));
#4957 = CIRCLE('',#4958,81.204);
#4958 = AXIS2_PLACEMENT_3D('',#4959,#4960,#4961);
#4959 = CARTESIAN_POINT('',(0.,0.,18.5));
#4960 = DIRECTION('',(0.,0.,1.));
#4961 = DIRECTION('',(1.,0.,-0.));
#4962 = ORIENTED_EDGE('',*,*,#4963,.T.);
#4963 = EDGE_CURVE('',#4955,#309,#4964,.T.);
#4964 = LINE('',#4965,#4966);
#4965 = CARTESIAN_POINT('',(79.781727988209,8.234530661516,18.5));
#4966 = VECTOR('',#4967,1.);
#4967 = DIRECTION('',(0.994056338222,0.108866874852,0.));
#4968 = ORIENTED_EDGE('',*,*,#308,.T.);
#4969 = PLANE('',#4970);
#4970 = AXIS2_PLACEMENT_3D('',#4971,#4972,#4973);
#4971 = CARTESIAN_POINT('',(79.781727988209,8.234530661516,18.5));
#4972 = DIRECTION('',(0.,0.,1.));
#4973 = DIRECTION('',(0.994056338222,0.108866874852,0.));
#4974 = ADVANCED_FACE('',(#4975),#4993,.F.);
#4975 = FACE_BOUND('',#4976,.F.);
#4976 = EDGE_LOOP('',(#4977,#4978,#4986,#4992));
#4977 = ORIENTED_EDGE('',*,*,#4946,.F.);
#4978 = ORIENTED_EDGE('',*,*,#4979,.T.);
#4979 = EDGE_CURVE('',#4947,#4980,#4982,.T.);
#4980 = VERTEX_POINT('',#4981);
#4981 = CARTESIAN_POINT('',(80.665387253313,9.337286290625,23.));
#4982 = LINE('',#4983,#4984);
#4983 = CARTESIAN_POINT('',(80.665387253313,9.337286290625,7.99));
#4984 = VECTOR('',#4985,1.);
#4985 = DIRECTION('',(0.,0.,1.));
#4986 = ORIENTED_EDGE('',*,*,#4987,.T.);
#4987 = EDGE_CURVE('',#4980,#328,#4988,.T.);
#4988 = LINE('',#4989,#4990);
#4989 = CARTESIAN_POINT('',(79.672861113357,9.228586999738,23.));
#4990 = VECTOR('',#4991,1.);
#4991 = DIRECTION('',(0.994056338222,0.108866874852,0.));
#4992 = ORIENTED_EDGE('',*,*,#336,.F.);
#4993 = PLANE('',#4994);
#4994 = AXIS2_PLACEMENT_3D('',#4995,#4996,#4997);
#4995 = CARTESIAN_POINT('',(79.672861113357,9.228586999738,18.5));
#4996 = DIRECTION('',(-0.108866874852,0.994056338222,0.));
#4997 = DIRECTION('',(0.,0.,1.));
#4998 = ADVANCED_FACE('',(#4999),#5018,.F.);
#4999 = FACE_BOUND('',#5000,.F.);
#5000 = EDGE_LOOP('',(#5001,#5002,#5011,#5017));
#5001 = ORIENTED_EDGE('',*,*,#4987,.F.);
#5002 = ORIENTED_EDGE('',*,*,#5003,.F.);
#5003 = EDGE_CURVE('',#5004,#4980,#5006,.T.);
#5004 = VERTEX_POINT('',#5005);
#5005 = CARTESIAN_POINT('',(80.774254128165,8.343229952402,23.));
#5006 = CIRCLE('',#5007,81.204);
#5007 = AXIS2_PLACEMENT_3D('',#5008,#5009,#5010);
#5008 = CARTESIAN_POINT('',(0.,0.,23.));
#5009 = DIRECTION('',(0.,0.,1.));
#5010 = DIRECTION('',(1.,0.,-0.));
#5011 = ORIENTED_EDGE('',*,*,#5012,.T.);
#5012 = EDGE_CURVE('',#5004,#320,#5013,.T.);
#5013 = LINE('',#5014,#5015);
#5014 = CARTESIAN_POINT('',(79.781727988209,8.234530661516,23.));
#5015 = VECTOR('',#5016,1.);
#5016 = DIRECTION('',(0.994056338222,0.108866874852,0.));
#5017 = ORIENTED_EDGE('',*,*,#327,.T.);
#5018 = PLANE('',#5019);
#5019 = AXIS2_PLACEMENT_3D('',#5020,#5021,#5022);
#5020 = CARTESIAN_POINT('',(79.781727988209,8.234530661516,23.));
#5021 = DIRECTION('',(0.,0.,1.));
#5022 = DIRECTION('',(0.994056338222,0.108866874852,0.));
#5023 = ADVANCED_FACE('',(#5024),#5035,.T.);
#5024 = FACE_BOUND('',#5025,.T.);
#5025 = EDGE_LOOP('',(#5026,#5027,#5033,#5034));
#5026 = ORIENTED_EDGE('',*,*,#4963,.F.);
#5027 = ORIENTED_EDGE('',*,*,#5028,.T.);
#5028 = EDGE_CURVE('',#4955,#5004,#5029,.T.);
#5029 = LINE('',#5030,#5031);
#5030 = CARTESIAN_POINT('',(80.774254128165,8.343229952402,7.99));
#5031 = VECTOR('',#5032,1.);
#5032 = DIRECTION('',(0.,0.,1.));
#5033 = ORIENTED_EDGE('',*,*,#5012,.T.);
#5034 = ORIENTED_EDGE('',*,*,#319,.F.);
#5035 = PLANE('',#5036);
#5036 = AXIS2_PLACEMENT_3D('',#5037,#5038,#5039);
#5037 = CARTESIAN_POINT('',(79.781727988209,8.234530661516,18.5));
#5038 = DIRECTION('',(-0.108866874852,0.994056338222,0.));
#5039 = DIRECTION('',(0.,0.,1.));
#5040 = ADVANCED_FACE('',(#5041),#5067,.T.);
#5041 = FACE_BOUND('',#5042,.T.);
#5042 = EDGE_LOOP('',(#5043,#5051,#5060,#5066));
#5043 = ORIENTED_EDGE('',*,*,#5044,.F.);
#5044 = EDGE_CURVE('',#5045,#347,#5047,.T.);
#5045 = VERTEX_POINT('',#5046);
#5046 = CARTESIAN_POINT('',(80.181324970982,12.846974036626,18.5));
#5047 = LINE('',#5048,#5049);
#5048 = CARTESIAN_POINT('',(79.194484892461,12.69508482121,18.5));
#5049 = VECTOR('',#5050,1.);
#5050 = DIRECTION('',(0.988361510468,0.15212338619,0.));
#5051 = ORIENTED_EDGE('',*,*,#5052,.F.);
#5052 = EDGE_CURVE('',#5053,#5045,#5055,.T.);
#5053 = VERTEX_POINT('',#5054);
#5054 = CARTESIAN_POINT('',(80.333448357172,11.858612526158,18.5));
#5055 = CIRCLE('',#5056,81.204);
#5056 = AXIS2_PLACEMENT_3D('',#5057,#5058,#5059);
#5057 = CARTESIAN_POINT('',(0.,0.,18.5));
#5058 = DIRECTION('',(0.,0.,1.));
#5059 = DIRECTION('',(1.,0.,-0.));
#5060 = ORIENTED_EDGE('',*,*,#5061,.T.);
#5061 = EDGE_CURVE('',#5053,#345,#5062,.T.);
#5062 = LINE('',#5063,#5064);
#5063 = CARTESIAN_POINT('',(79.346608278651,11.706723310742,18.5));
#5064 = VECTOR('',#5065,1.);
#5065 = DIRECTION('',(0.988361510468,0.15212338619,0.));
#5066 = ORIENTED_EDGE('',*,*,#344,.T.);
#5067 = PLANE('',#5068);
#5068 = AXIS2_PLACEMENT_3D('',#5069,#5070,#5071);
#5069 = CARTESIAN_POINT('',(79.346608278651,11.706723310742,18.5));
#5070 = DIRECTION('',(0.,0.,1.));
#5071 = DIRECTION('',(0.988361510468,0.15212338619,0.));
#5072 = ADVANCED_FACE('',(#5073),#5091,.F.);
#5073 = FACE_BOUND('',#5074,.F.);
#5074 = EDGE_LOOP('',(#5075,#5076,#5084,#5090));
#5075 = ORIENTED_EDGE('',*,*,#5044,.F.);
#5076 = ORIENTED_EDGE('',*,*,#5077,.T.);
#5077 = EDGE_CURVE('',#5045,#5078,#5080,.T.);
#5078 = VERTEX_POINT('',#5079);
#5079 = CARTESIAN_POINT('',(80.181324970982,12.846974036626,23.));
#5080 = LINE('',#5081,#5082);
#5081 = CARTESIAN_POINT('',(80.181324970982,12.846974036626,7.99));
#5082 = VECTOR('',#5083,1.);
#5083 = DIRECTION('',(0.,0.,1.));
#5084 = ORIENTED_EDGE('',*,*,#5085,.T.);
#5085 = EDGE_CURVE('',#5078,#364,#5086,.T.);
#5086 = LINE('',#5087,#5088);
#5087 = CARTESIAN_POINT('',(79.194484892461,12.69508482121,23.));
#5088 = VECTOR('',#5089,1.);
#5089 = DIRECTION('',(0.988361510468,0.15212338619,0.));
#5090 = ORIENTED_EDGE('',*,*,#372,.F.);
#5091 = PLANE('',#5092);
#5092 = AXIS2_PLACEMENT_3D('',#5093,#5094,#5095);
#5093 = CARTESIAN_POINT('',(79.194484892461,12.69508482121,18.5));
#5094 = DIRECTION('',(-0.15212338619,0.988361510468,0.));
#5095 = DIRECTION('',(0.,0.,1.));
#5096 = ADVANCED_FACE('',(#5097),#5116,.F.);
#5097 = FACE_BOUND('',#5098,.F.);
#5098 = EDGE_LOOP('',(#5099,#5100,#5109,#5115));
#5099 = ORIENTED_EDGE('',*,*,#5085,.F.);
#5100 = ORIENTED_EDGE('',*,*,#5101,.F.);
#5101 = EDGE_CURVE('',#5102,#5078,#5104,.T.);
#5102 = VERTEX_POINT('',#5103);
#5103 = CARTESIAN_POINT('',(80.333448357172,11.858612526158,23.));
#5104 = CIRCLE('',#5105,81.204);
#5105 = AXIS2_PLACEMENT_3D('',#5106,#5107,#5108);
#5106 = CARTESIAN_POINT('',(0.,0.,23.));
#5107 = DIRECTION('',(0.,0.,1.));
#5108 = DIRECTION('',(1.,0.,-0.));
#5109 = ORIENTED_EDGE('',*,*,#5110,.T.);
#5110 = EDGE_CURVE('',#5102,#356,#5111,.T.);
#5111 = LINE('',#5112,#5113);
#5112 = CARTESIAN_POINT('',(79.346608278651,11.706723310742,23.));
#5113 = VECTOR('',#5114,1.);
#5114 = DIRECTION('',(0.988361510468,0.15212338619,0.));
#5115 = ORIENTED_EDGE('',*,*,#363,.T.);
#5116 = PLANE('',#5117);
#5117 = AXIS2_PLACEMENT_3D('',#5118,#5119,#5120);
#5118 = CARTESIAN_POINT('',(79.346608278651,11.706723310742,23.));
#5119 = DIRECTION('',(0.,0.,1.));
#5120 = DIRECTION('',(0.988361510468,0.15212338619,0.));
#5121 = ADVANCED_FACE('',(#5122),#5133,.T.);
#5122 = FACE_BOUND('',#5123,.T.);
#5123 = EDGE_LOOP('',(#5124,#5125,#5131,#5132));
#5124 = ORIENTED_EDGE('',*,*,#5061,.F.);
#5125 = ORIENTED_EDGE('',*,*,#5126,.T.);
#5126 = EDGE_CURVE('',#5053,#5102,#5127,.T.);
#5127 = LINE('',#5128,#5129);
#5128 = CARTESIAN_POINT('',(80.333448357172,11.858612526158,7.99));
#5129 = VECTOR('',#5130,1.);
#5130 = DIRECTION('',(0.,0.,1.));
#5131 = ORIENTED_EDGE('',*,*,#5110,.T.);
#5132 = ORIENTED_EDGE('',*,*,#355,.F.);
#5133 = PLANE('',#5134);
#5134 = AXIS2_PLACEMENT_3D('',#5135,#5136,#5137);
#5135 = CARTESIAN_POINT('',(79.346608278651,11.706723310742,18.5));
#5136 = DIRECTION('',(-0.15212338619,0.988361510468,0.));
#5137 = DIRECTION('',(0.,0.,1.));
#5138 = ADVANCED_FACE('',(#5139),#5165,.T.);
#5139 = FACE_BOUND('',#5140,.T.);
#5140 = EDGE_LOOP('',(#5141,#5149,#5158,#5164));
#5141 = ORIENTED_EDGE('',*,*,#5142,.F.);
#5142 = EDGE_CURVE('',#5143,#383,#5145,.T.);
#5143 = VERTEX_POINT('',#5144);
#5144 = CARTESIAN_POINT('',(79.544632979361,16.332206837375,18.5));
#5145 = LINE('',#5146,#5147);
#5146 = CARTESIAN_POINT('',(78.565357468453,16.137416827183,18.5));
#5147 = VECTOR('',#5148,1.);
#5148 = DIRECTION('',(0.980785280403,0.195090322016,0.));
#5149 = ORIENTED_EDGE('',*,*,#5150,.F.);
#5150 = EDGE_CURVE('',#5151,#5143,#5153,.T.);
#5151 = VERTEX_POINT('',#5152);
#5152 = CARTESIAN_POINT('',(79.739723301377,15.351421556972,18.5));
#5153 = CIRCLE('',#5154,81.204);
#5154 = AXIS2_PLACEMENT_3D('',#5155,#5156,#5157);
#5155 = CARTESIAN_POINT('',(0.,0.,18.5));
#5156 = DIRECTION('',(0.,0.,1.));
#5157 = DIRECTION('',(1.,0.,-0.));
#5158 = ORIENTED_EDGE('',*,*,#5159,.T.);
#5159 = EDGE_CURVE('',#5151,#381,#5160,.T.);
#5160 = LINE('',#5161,#5162);
#5161 = CARTESIAN_POINT('',(78.760447790469,15.15663154678,18.5));
#5162 = VECTOR('',#5163,1.);
#5163 = DIRECTION('',(0.980785280403,0.195090322016,0.));
#5164 = ORIENTED_EDGE('',*,*,#380,.T.);
#5165 = PLANE('',#5166);
#5166 = AXIS2_PLACEMENT_3D('',#5167,#5168,#5169);
#5167 = CARTESIAN_POINT('',(78.760447790469,15.15663154678,18.5));
#5168 = DIRECTION('',(0.,0.,1.));
#5169 = DIRECTION('',(0.980785280403,0.195090322016,0.));
#5170 = ADVANCED_FACE('',(#5171),#5189,.F.);
#5171 = FACE_BOUND('',#5172,.F.);
#5172 = EDGE_LOOP('',(#5173,#5174,#5182,#5188));
#5173 = ORIENTED_EDGE('',*,*,#5142,.F.);
#5174 = ORIENTED_EDGE('',*,*,#5175,.T.);
#5175 = EDGE_CURVE('',#5143,#5176,#5178,.T.);
#5176 = VERTEX_POINT('',#5177);
#5177 = CARTESIAN_POINT('',(79.544632979361,16.332206837375,23.));
#5178 = LINE('',#5179,#5180);
#5179 = CARTESIAN_POINT('',(79.544632979361,16.332206837375,7.99));
#5180 = VECTOR('',#5181,1.);
#5181 = DIRECTION('',(0.,0.,1.));
#5182 = ORIENTED_EDGE('',*,*,#5183,.T.);
#5183 = EDGE_CURVE('',#5176,#400,#5184,.T.);
#5184 = LINE('',#5185,#5186);
#5185 = CARTESIAN_POINT('',(78.565357468453,16.137416827183,23.));
#5186 = VECTOR('',#5187,1.);
#5187 = DIRECTION('',(0.980785280403,0.195090322016,0.));
#5188 = ORIENTED_EDGE('',*,*,#408,.F.);
#5189 = PLANE('',#5190);
#5190 = AXIS2_PLACEMENT_3D('',#5191,#5192,#5193);
#5191 = CARTESIAN_POINT('',(78.565357468453,16.137416827183,18.5));
#5192 = DIRECTION('',(-0.195090322016,0.980785280403,0.));
#5193 = DIRECTION('',(0.,0.,1.));
#5194 = ADVANCED_FACE('',(#5195),#5214,.F.);
#5195 = FACE_BOUND('',#5196,.F.);
#5196 = EDGE_LOOP('',(#5197,#5198,#5207,#5213));
#5197 = ORIENTED_EDGE('',*,*,#5183,.F.);
#5198 = ORIENTED_EDGE('',*,*,#5199,.F.);
#5199 = EDGE_CURVE('',#5200,#5176,#5202,.T.);
#5200 = VERTEX_POINT('',#5201);
#5201 = CARTESIAN_POINT('',(79.739723301377,15.351421556972,23.));
#5202 = CIRCLE('',#5203,81.204);
#5203 = AXIS2_PLACEMENT_3D('',#5204,#5205,#5206);
#5204 = CARTESIAN_POINT('',(0.,0.,23.));
#5205 = DIRECTION('',(0.,0.,1.));
#5206 = DIRECTION('',(1.,0.,-0.));
#5207 = ORIENTED_EDGE('',*,*,#5208,.T.);
#5208 = EDGE_CURVE('',#5200,#392,#5209,.T.);
#5209 = LINE('',#5210,#5211);
#5210 = CARTESIAN_POINT('',(78.760447790469,15.15663154678,23.));
#5211 = VECTOR('',#5212,1.);
#5212 = DIRECTION('',(0.980785280403,0.195090322016,0.));
#5213 = ORIENTED_EDGE('',*,*,#399,.T.);
#5214 = PLANE('',#5215);
#5215 = AXIS2_PLACEMENT_3D('',#5216,#5217,#5218);
#5216 = CARTESIAN_POINT('',(78.760447790469,15.15663154678,23.));
#5217 = DIRECTION('',(0.,0.,1.));
#5218 = DIRECTION('',(0.980785280403,0.195090322016,0.));
#5219 = ADVANCED_FACE('',(#5220),#5231,.T.);
#5220 = FACE_BOUND('',#5221,.T.);
#5221 = EDGE_LOOP('',(#5222,#5223,#5229,#5230));
#5222 = ORIENTED_EDGE('',*,*,#5159,.F.);
#5223 = ORIENTED_EDGE('',*,*,#5224,.T.);
#5224 = EDGE_CURVE('',#5151,#5200,#5225,.T.);
#5225 = LINE('',#5226,#5227);
#5226 = CARTESIAN_POINT('',(79.739723301377,15.351421556972,7.99));
#5227 = VECTOR('',#5228,1.);
#5228 = DIRECTION('',(0.,0.,1.));
#5229 = ORIENTED_EDGE('',*,*,#5208,.T.);
#5230 = ORIENTED_EDGE('',*,*,#391,.F.);
#5231 = PLANE('',#5232);
#5232 = AXIS2_PLACEMENT_3D('',#5233,#5234,#5235);
#5233 = CARTESIAN_POINT('',(78.760447790469,15.15663154678,18.5));
#5234 = DIRECTION('',(-0.195090322016,0.980785280403,0.));
#5235 = DIRECTION('',(0.,0.,1.));
#5236 = ADVANCED_FACE('',(#5237),#5263,.T.);
#5237 = FACE_BOUND('',#5238,.T.);
#5238 = EDGE_LOOP('',(#5239,#5247,#5256,#5262));
#5239 = ORIENTED_EDGE('',*,*,#5240,.F.);
#5240 = EDGE_CURVE('',#5241,#419,#5243,.T.);
#5241 = VERTEX_POINT('',#5242);
#5242 = CARTESIAN_POINT('',(78.756523257842,19.786350354147,18.5));
#5243 = LINE('',#5244,#5245);
#5244 = CARTESIAN_POINT('',(77.78667642114,19.549030343035,18.5));
#5245 = VECTOR('',#5246,1.);
#5246 = DIRECTION('',(0.971342069813,0.237685892326,0.));
#5247 = ORIENTED_EDGE('',*,*,#5248,.F.);
#5248 = EDGE_CURVE('',#5249,#5241,#5251,.T.);
#5249 = VERTEX_POINT('',#5250);
#5250 = CARTESIAN_POINT('',(78.994209150168,18.815008284333,18.5));
#5251 = CIRCLE('',#5252,81.204);
#5252 = AXIS2_PLACEMENT_3D('',#5253,#5254,#5255);
#5253 = CARTESIAN_POINT('',(0.,0.,18.5));
#5254 = DIRECTION('',(0.,0.,1.));
#5255 = DIRECTION('',(1.,0.,-0.));
#5256 = ORIENTED_EDGE('',*,*,#5257,.T.);
#5257 = EDGE_CURVE('',#5249,#417,#5258,.T.);
#5258 = LINE('',#5259,#5260);
#5259 = CARTESIAN_POINT('',(78.024362313466,18.577688273222,18.5));
#5260 = VECTOR('',#5261,1.);
#5261 = DIRECTION('',(0.971342069813,0.237685892326,0.));
#5262 = ORIENTED_EDGE('',*,*,#416,.T.);
#5263 = PLANE('',#5264);
#5264 = AXIS2_PLACEMENT_3D('',#5265,#5266,#5267);
#5265 = CARTESIAN_POINT('',(78.024362313466,18.577688273222,18.5));
#5266 = DIRECTION('',(0.,0.,1.));
#5267 = DIRECTION('',(0.971342069813,0.237685892326,0.));
#5268 = ADVANCED_FACE('',(#5269),#5287,.F.);
#5269 = FACE_BOUND('',#5270,.F.);
#5270 = EDGE_LOOP('',(#5271,#5272,#5280,#5286));
#5271 = ORIENTED_EDGE('',*,*,#5240,.F.);
#5272 = ORIENTED_EDGE('',*,*,#5273,.T.);
#5273 = EDGE_CURVE('',#5241,#5274,#5276,.T.);
#5274 = VERTEX_POINT('',#5275);
#5275 = CARTESIAN_POINT('',(78.756523257842,19.786350354147,23.));
#5276 = LINE('',#5277,#5278);
#5277 = CARTESIAN_POINT('',(78.756523257842,19.786350354147,7.99));
#5278 = VECTOR('',#5279,1.);
#5279 = DIRECTION('',(0.,0.,1.));
#5280 = ORIENTED_EDGE('',*,*,#5281,.T.);
#5281 = EDGE_CURVE('',#5274,#436,#5282,.T.);
#5282 = LINE('',#5283,#5284);
#5283 = CARTESIAN_POINT('',(77.78667642114,19.549030343035,23.));
#5284 = VECTOR('',#5285,1.);
#5285 = DIRECTION('',(0.971342069813,0.237685892326,0.));
#5286 = ORIENTED_EDGE('',*,*,#444,.F.);
#5287 = PLANE('',#5288);
#5288 = AXIS2_PLACEMENT_3D('',#5289,#5290,#5291);
#5289 = CARTESIAN_POINT('',(77.78667642114,19.549030343035,18.5));
#5290 = DIRECTION('',(-0.237685892326,0.971342069813,0.));
#5291 = DIRECTION('',(0.,0.,1.));
#5292 = ADVANCED_FACE('',(#5293),#5312,.F.);
#5293 = FACE_BOUND('',#5294,.F.);
#5294 = EDGE_LOOP('',(#5295,#5296,#5305,#5311));
#5295 = ORIENTED_EDGE('',*,*,#5281,.F.);
#5296 = ORIENTED_EDGE('',*,*,#5297,.F.);
#5297 = EDGE_CURVE('',#5298,#5274,#5300,.T.);
#5298 = VERTEX_POINT('',#5299);
#5299 = CARTESIAN_POINT('',(78.994209150168,18.815008284333,23.));
#5300 = CIRCLE('',#5301,81.204);
#5301 = AXIS2_PLACEMENT_3D('',#5302,#5303,#5304);
#5302 = CARTESIAN_POINT('',(0.,0.,23.));
#5303 = DIRECTION('',(0.,0.,1.));
#5304 = DIRECTION('',(1.,0.,-0.));
#5305 = ORIENTED_EDGE('',*,*,#5306,.T.);
#5306 = EDGE_CURVE('',#5298,#428,#5307,.T.);
#5307 = LINE('',#5308,#5309);
#5308 = CARTESIAN_POINT('',(78.024362313466,18.577688273222,23.));
#5309 = VECTOR('',#5310,1.);
#5310 = DIRECTION('',(0.971342069813,0.237685892326,0.));
#5311 = ORIENTED_EDGE('',*,*,#435,.T.);
#5312 = PLANE('',#5313);
#5313 = AXIS2_PLACEMENT_3D('',#5314,#5315,#5316);
#5314 = CARTESIAN_POINT('',(78.024362313466,18.577688273222,23.));
#5315 = DIRECTION('',(0.,0.,1.));
#5316 = DIRECTION('',(0.971342069813,0.237685892326,0.));
#5317 = ADVANCED_FACE('',(#5318),#5329,.T.);
#5318 = FACE_BOUND('',#5319,.T.);
#5319 = EDGE_LOOP('',(#5320,#5321,#5327,#5328));
#5320 = ORIENTED_EDGE('',*,*,#5257,.F.);
#5321 = ORIENTED_EDGE('',*,*,#5322,.T.);
#5322 = EDGE_CURVE('',#5249,#5298,#5323,.T.);
#5323 = LINE('',#5324,#5325);
#5324 = CARTESIAN_POINT('',(78.994209150168,18.815008284333,7.99));
#5325 = VECTOR('',#5326,1.);
#5326 = DIRECTION('',(0.,0.,1.));
#5327 = ORIENTED_EDGE('',*,*,#5306,.T.);
#5328 = ORIENTED_EDGE('',*,*,#427,.F.);
#5329 = PLANE('',#5330);
#5330 = AXIS2_PLACEMENT_3D('',#5331,#5332,#5333);
#5331 = CARTESIAN_POINT('',(78.024362313466,18.577688273222,18.5));
#5332 = DIRECTION('',(-0.237685892326,0.971342069813,0.));
#5333 = DIRECTION('',(0.,0.,1.));
#5334 = ADVANCED_FACE('',(#5335),#5361,.T.);
#5335 = FACE_BOUND('',#5336,.T.);
#5336 = EDGE_LOOP('',(#5337,#5345,#5354,#5360));
#5337 = ORIENTED_EDGE('',*,*,#5338,.F.);
#5338 = EDGE_CURVE('',#5339,#455,#5341,.T.);
#5339 = VERTEX_POINT('',#5340);
#5340 = CARTESIAN_POINT('',(77.818496018073,23.202829428437,18.5));
#5341 = LINE('',#5342,#5343);
#5342 = CARTESIAN_POINT('',(76.859924014154,22.923431168535,18.5));
#5343 = VECTOR('',#5344,1.);
#5344 = DIRECTION('',(0.960049854386,0.279829014031,0.));
#5345 = ORIENTED_EDGE('',*,*,#5346,.F.);
#5346 = EDGE_CURVE('',#5347,#5339,#5349,.T.);
#5347 = VERTEX_POINT('',#5348);
#5348 = CARTESIAN_POINT('',(78.098325032104,22.242779574051,18.5));
#5349 = CIRCLE('',#5350,81.204);
#5350 = AXIS2_PLACEMENT_3D('',#5351,#5352,#5353);
#5351 = CARTESIAN_POINT('',(0.,0.,18.5));
#5352 = DIRECTION('',(0.,0.,1.));
#5353 = DIRECTION('',(1.,0.,-0.));
#5354 = ORIENTED_EDGE('',*,*,#5355,.T.);
#5355 = EDGE_CURVE('',#5347,#453,#5356,.T.);
#5356 = LINE('',#5357,#5358);
#5357 = CARTESIAN_POINT('',(77.139753028185,21.963381314149,18.5));
#5358 = VECTOR('',#5359,1.);
#5359 = DIRECTION('',(0.960049854386,0.279829014031,0.));
#5360 = ORIENTED_EDGE('',*,*,#452,.T.);
#5361 = PLANE('',#5362);
#5362 = AXIS2_PLACEMENT_3D('',#5363,#5364,#5365);
#5363 = CARTESIAN_POINT('',(77.139753028185,21.963381314149,18.5));
#5364 = DIRECTION('',(0.,0.,1.));
#5365 = DIRECTION('',(0.960049854386,0.279829014031,0.));
#5366 = ADVANCED_FACE('',(#5367),#5385,.F.);
#5367 = FACE_BOUND('',#5368,.F.);
#5368 = EDGE_LOOP('',(#5369,#5370,#5378,#5384));
#5369 = ORIENTED_EDGE('',*,*,#5338,.F.);
#5370 = ORIENTED_EDGE('',*,*,#5371,.T.);
#5371 = EDGE_CURVE('',#5339,#5372,#5374,.T.);
#5372 = VERTEX_POINT('',#5373);
#5373 = CARTESIAN_POINT('',(77.818496018073,23.202829428437,23.));
#5374 = LINE('',#5375,#5376);
#5375 = CARTESIAN_POINT('',(77.818496018073,23.202829428437,7.99));
#5376 = VECTOR('',#5377,1.);
#5377 = DIRECTION('',(0.,0.,1.));
#5378 = ORIENTED_EDGE('',*,*,#5379,.T.);
#5379 = EDGE_CURVE('',#5372,#472,#5380,.T.);
#5380 = LINE('',#5381,#5382);
#5381 = CARTESIAN_POINT('',(76.859924014154,22.923431168535,23.));
#5382 = VECTOR('',#5383,1.);
#5383 = DIRECTION('',(0.960049854386,0.279829014031,0.));
#5384 = ORIENTED_EDGE('',*,*,#480,.F.);
#5385 = PLANE('',#5386);
#5386 = AXIS2_PLACEMENT_3D('',#5387,#5388,#5389);
#5387 = CARTESIAN_POINT('',(76.859924014154,22.923431168535,18.5));
#5388 = DIRECTION('',(-0.279829014031,0.960049854386,0.));
#5389 = DIRECTION('',(0.,0.,1.));
#5390 = ADVANCED_FACE('',(#5391),#5410,.F.);
#5391 = FACE_BOUND('',#5392,.F.);
#5392 = EDGE_LOOP('',(#5393,#5394,#5403,#5409));
#5393 = ORIENTED_EDGE('',*,*,#5379,.F.);
#5394 = ORIENTED_EDGE('',*,*,#5395,.F.);
#5395 = EDGE_CURVE('',#5396,#5372,#5398,.T.);
#5396 = VERTEX_POINT('',#5397);
#5397 = CARTESIAN_POINT('',(78.098325032104,22.242779574051,23.));
#5398 = CIRCLE('',#5399,81.204);
#5399 = AXIS2_PLACEMENT_3D('',#5400,#5401,#5402);
#5400 = CARTESIAN_POINT('',(0.,0.,23.));
#5401 = DIRECTION('',(0.,0.,1.));
#5402 = DIRECTION('',(1.,0.,-0.));
#5403 = ORIENTED_EDGE('',*,*,#5404,.T.);
#5404 = EDGE_CURVE('',#5396,#464,#5405,.T.);
#5405 = LINE('',#5406,#5407);
#5406 = CARTESIAN_POINT('',(77.139753028185,21.963381314149,23.));
#5407 = VECTOR('',#5408,1.);
#5408 = DIRECTION('',(0.960049854386,0.279829014031,0.));
#5409 = ORIENTED_EDGE('',*,*,#471,.T.);
#5410 = PLANE('',#5411);
#5411 = AXIS2_PLACEMENT_3D('',#5412,#5413,#5414);
#5412 = CARTESIAN_POINT('',(77.139753028185,21.963381314149,23.));
#5413 = DIRECTION('',(0.,0.,1.));
#5414 = DIRECTION('',(0.960049854386,0.279829014031,0.));
#5415 = ADVANCED_FACE('',(#5416),#5427,.T.);
#5416 = FACE_BOUND('',#5417,.T.);
#5417 = EDGE_LOOP('',(#5418,#5419,#5425,#5426));
#5418 = ORIENTED_EDGE('',*,*,#5355,.F.);
#5419 = ORIENTED_EDGE('',*,*,#5420,.T.);
#5420 = EDGE_CURVE('',#5347,#5396,#5421,.T.);
#5421 = LINE('',#5422,#5423);
#5422 = CARTESIAN_POINT('',(78.098325032104,22.242779574051,7.99));
#5423 = VECTOR('',#5424,1.);
#5424 = DIRECTION('',(0.,0.,1.));
#5425 = ORIENTED_EDGE('',*,*,#5404,.T.);
#5426 = ORIENTED_EDGE('',*,*,#463,.F.);
#5427 = PLANE('',#5428);
#5428 = AXIS2_PLACEMENT_3D('',#5429,#5430,#5431);
#5429 = CARTESIAN_POINT('',(77.139753028185,21.963381314149,18.5));
#5430 = DIRECTION('',(-0.279829014031,0.960049854386,0.));
#5431 = DIRECTION('',(0.,0.,1.));
#5432 = ADVANCED_FACE('',(#5433),#5459,.T.);
#5433 = FACE_BOUND('',#5434,.T.);
#5434 = EDGE_LOOP('',(#5435,#5443,#5452,#5458));
#5435 = ORIENTED_EDGE('',*,*,#5436,.F.);
#5436 = EDGE_CURVE('',#5437,#491,#5439,.T.);
#5437 = VERTEX_POINT('',#5438);
#5438 = CARTESIAN_POINT('',(76.73233684822,26.575140598147,18.5));
#5439 = LINE('',#5440,#5441);
#5440 = CARTESIAN_POINT('',(75.786864373374,26.254195939922,18.5));
#5441 = VECTOR('',#5442,1.);
#5442 = DIRECTION('',(0.946930129495,0.321439465303,0.));
#5443 = ORIENTED_EDGE('',*,*,#5444,.F.);
#5444 = EDGE_CURVE('',#5445,#5437,#5447,.T.);
#5445 = VERTEX_POINT('',#5446);
#5446 = CARTESIAN_POINT('',(77.053776313523,25.628210468652,18.5));
#5447 = CIRCLE('',#5448,81.204);
#5448 = AXIS2_PLACEMENT_3D('',#5449,#5450,#5451);
#5449 = CARTESIAN_POINT('',(0.,0.,18.5));
#5450 = DIRECTION('',(0.,0.,1.));
#5451 = DIRECTION('',(1.,0.,-0.));
#5452 = ORIENTED_EDGE('',*,*,#5453,.T.);
#5453 = EDGE_CURVE('',#5445,#489,#5454,.T.);
#5454 = LINE('',#5455,#5456);
#5455 = CARTESIAN_POINT('',(76.108303838677,25.307265810427,18.5));
#5456 = VECTOR('',#5457,1.);
#5457 = DIRECTION('',(0.946930129495,0.321439465303,0.));
#5458 = ORIENTED_EDGE('',*,*,#488,.T.);
#5459 = PLANE('',#5460);
#5460 = AXIS2_PLACEMENT_3D('',#5461,#5462,#5463);
#5461 = CARTESIAN_POINT('',(76.108303838677,25.307265810427,18.5));
#5462 = DIRECTION('',(0.,0.,1.));
#5463 = DIRECTION('',(0.946930129495,0.321439465303,0.));
#5464 = ADVANCED_FACE('',(#5465),#5483,.F.);
#5465 = FACE_BOUND('',#5466,.F.);
#5466 = EDGE_LOOP('',(#5467,#5468,#5476,#5482));
#5467 = ORIENTED_EDGE('',*,*,#5436,.F.);
#5468 = ORIENTED_EDGE('',*,*,#5469,.T.);
#5469 = EDGE_CURVE('',#5437,#5470,#5472,.T.);
#5470 = VERTEX_POINT('',#5471);
#5471 = CARTESIAN_POINT('',(76.73233684822,26.575140598147,23.));
#5472 = LINE('',#5473,#5474);
#5473 = CARTESIAN_POINT('',(76.73233684822,26.575140598147,7.99));
#5474 = VECTOR('',#5475,1.);
#5475 = DIRECTION('',(0.,0.,1.));
#5476 = ORIENTED_EDGE('',*,*,#5477,.T.);
#5477 = EDGE_CURVE('',#5470,#508,#5478,.T.);
#5478 = LINE('',#5479,#5480);
#5479 = CARTESIAN_POINT('',(75.786864373374,26.254195939922,23.));
#5480 = VECTOR('',#5481,1.);
#5481 = DIRECTION('',(0.946930129495,0.321439465303,0.));
#5482 = ORIENTED_EDGE('',*,*,#516,.F.);
#5483 = PLANE('',#5484);
#5484 = AXIS2_PLACEMENT_3D('',#5485,#5486,#5487);
#5485 = CARTESIAN_POINT('',(75.786864373374,26.254195939922,18.5));
#5486 = DIRECTION('',(-0.321439465303,0.946930129495,0.));
#5487 = DIRECTION('',(0.,0.,1.));
#5488 = ADVANCED_FACE('',(#5489),#5508,.F.);
#5489 = FACE_BOUND('',#5490,.F.);
#5490 = EDGE_LOOP('',(#5491,#5492,#5501,#5507));
#5491 = ORIENTED_EDGE('',*,*,#5477,.F.);
#5492 = ORIENTED_EDGE('',*,*,#5493,.F.);
#5493 = EDGE_CURVE('',#5494,#5470,#5496,.T.);
#5494 = VERTEX_POINT('',#5495);
#5495 = CARTESIAN_POINT('',(77.053776313523,25.628210468652,23.));
#5496 = CIRCLE('',#5497,81.204);
#5497 = AXIS2_PLACEMENT_3D('',#5498,#5499,#5500);
#5498 = CARTESIAN_POINT('',(0.,0.,23.));
#5499 = DIRECTION('',(0.,0.,1.));
#5500 = DIRECTION('',(1.,0.,-0.));
#5501 = ORIENTED_EDGE('',*,*,#5502,.T.);
#5502 = EDGE_CURVE('',#5494,#500,#5503,.T.);
#5503 = LINE('',#5504,#5505);
#5504 = CARTESIAN_POINT('',(76.108303838677,25.307265810427,23.));
#5505 = VECTOR('',#5506,1.);
#5506 = DIRECTION('',(0.946930129495,0.321439465303,0.));
#5507 = ORIENTED_EDGE('',*,*,#507,.T.);
#5508 = PLANE('',#5509);
#5509 = AXIS2_PLACEMENT_3D('',#5510,#5511,#5512);
#5510 = CARTESIAN_POINT('',(76.108303838677,25.307265810427,23.));
#5511 = DIRECTION('',(0.,0.,1.));
#5512 = DIRECTION('',(0.946930129495,0.321439465303,0.));
#5513 = ADVANCED_FACE('',(#5514),#5525,.T.);
#5514 = FACE_BOUND('',#5515,.T.);
#5515 = EDGE_LOOP('',(#5516,#5517,#5523,#5524));
#5516 = ORIENTED_EDGE('',*,*,#5453,.F.);
#5517 = ORIENTED_EDGE('',*,*,#5518,.T.);
#5518 = EDGE_CURVE('',#5445,#5494,#5519,.T.);
#5519 = LINE('',#5520,#5521);
#5520 = CARTESIAN_POINT('',(77.053776313523,25.628210468652,7.99));
#5521 = VECTOR('',#5522,1.);
#5522 = DIRECTION('',(0.,0.,1.));
#5523 = ORIENTED_EDGE('',*,*,#5502,.T.);
#5524 = ORIENTED_EDGE('',*,*,#499,.F.);
#5525 = PLANE('',#5526);
#5526 = AXIS2_PLACEMENT_3D('',#5527,#5528,#5529);
#5527 = CARTESIAN_POINT('',(76.108303838677,25.307265810427,18.5));
#5528 = DIRECTION('',(-0.321439465303,0.946930129495,0.));
#5529 = DIRECTION('',(0.,0.,1.));
#5530 = ADVANCED_FACE('',(#5531),#5557,.T.);
#5531 = FACE_BOUND('',#5532,.T.);
#5532 = EDGE_LOOP('',(#5533,#5541,#5550,#5556));
#5533 = ORIENTED_EDGE('',*,*,#5534,.F.);
#5534 = EDGE_CURVE('',#5535,#527,#5537,.T.);
#5535 = VERTEX_POINT('',#5536);
#5536 = CARTESIAN_POINT('',(75.500113313996,29.896864477297,18.5));
#5537 = LINE('',#5538,#5539);
#5538 = CARTESIAN_POINT('',(74.569540128816,29.534984357147,18.5));
#5539 = VECTOR('',#5540,1.);
#5540 = DIRECTION('',(0.932007869283,0.362438038284,0.));
#5541 = ORIENTED_EDGE('',*,*,#5542,.F.);
#5542 = EDGE_CURVE('',#5543,#5535,#5545,.T.);
#5543 = VERTEX_POINT('',#5544);
#5544 = CARTESIAN_POINT('',(75.862551352279,28.964856608014,18.5));
#5545 = CIRCLE('',#5546,81.204);
#5546 = AXIS2_PLACEMENT_3D('',#5547,#5548,#5549);
#5547 = CARTESIAN_POINT('',(0.,0.,18.5));
#5548 = DIRECTION('',(0.,0.,1.));
#5549 = DIRECTION('',(1.,0.,-0.));
#5550 = ORIENTED_EDGE('',*,*,#5551,.T.);
#5551 = EDGE_CURVE('',#5543,#525,#5552,.T.);
#5552 = LINE('',#5553,#5554);
#5553 = CARTESIAN_POINT('',(74.931978167099,28.602976487865,18.5));
#5554 = VECTOR('',#5555,1.);
#5555 = DIRECTION('',(0.932007869283,0.362438038284,0.));
#5556 = ORIENTED_EDGE('',*,*,#524,.T.);
#5557 = PLANE('',#5558);
#5558 = AXIS2_PLACEMENT_3D('',#5559,#5560,#5561);
#5559 = CARTESIAN_POINT('',(74.931978167099,28.602976487865,18.5));
#5560 = DIRECTION('',(0.,0.,1.));
#5561 = DIRECTION('',(0.932007869283,0.362438038284,0.));
#5562 = ADVANCED_FACE('',(#5563),#5581,.F.);
#5563 = FACE_BOUND('',#5564,.F.);
#5564 = EDGE_LOOP('',(#5565,#5566,#5574,#5580));
#5565 = ORIENTED_EDGE('',*,*,#5534,.F.);
#5566 = ORIENTED_EDGE('',*,*,#5567,.T.);
#5567 = EDGE_CURVE('',#5535,#5568,#5570,.T.);
#5568 = VERTEX_POINT('',#5569);
#5569 = CARTESIAN_POINT('',(75.500113313996,29.896864477297,23.));
#5570 = LINE('',#5571,#5572);
#5571 = CARTESIAN_POINT('',(75.500113313996,29.896864477297,7.99));
#5572 = VECTOR('',#5573,1.);
#5573 = DIRECTION('',(0.,0.,1.));
#5574 = ORIENTED_EDGE('',*,*,#5575,.T.);
#5575 = EDGE_CURVE('',#5568,#544,#5576,.T.);
#5576 = LINE('',#5577,#5578);
#5577 = CARTESIAN_POINT('',(74.569540128816,29.534984357147,23.));
#5578 = VECTOR('',#5579,1.);
#5579 = DIRECTION('',(0.932007869283,0.362438038284,0.));
#5580 = ORIENTED_EDGE('',*,*,#552,.F.);
#5581 = PLANE('',#5582);
#5582 = AXIS2_PLACEMENT_3D('',#5583,#5584,#5585);
#5583 = CARTESIAN_POINT('',(74.569540128816,29.534984357147,18.5));
#5584 = DIRECTION('',(-0.362438038284,0.932007869283,0.));
#5585 = DIRECTION('',(0.,0.,1.));
#5586 = ADVANCED_FACE('',(#5587),#5606,.F.);
#5587 = FACE_BOUND('',#5588,.F.);
#5588 = EDGE_LOOP('',(#5589,#5590,#5599,#5605));
#5589 = ORIENTED_EDGE('',*,*,#5575,.F.);
#5590 = ORIENTED_EDGE('',*,*,#5591,.F.);
#5591 = EDGE_CURVE('',#5592,#5568,#5594,.T.);
#5592 = VERTEX_POINT('',#5593);
#5593 = CARTESIAN_POINT('',(75.862551352279,28.964856608014,23.));
#5594 = CIRCLE('',#5595,81.204);
#5595 = AXIS2_PLACEMENT_3D('',#5596,#5597,#5598);
#5596 = CARTESIAN_POINT('',(0.,0.,23.));
#5597 = DIRECTION('',(0.,0.,1.));
#5598 = DIRECTION('',(1.,0.,-0.));
#5599 = ORIENTED_EDGE('',*,*,#5600,.T.);
#5600 = EDGE_CURVE('',#5592,#536,#5601,.T.);
#5601 = LINE('',#5602,#5603);
#5602 = CARTESIAN_POINT('',(74.931978167099,28.602976487865,23.));
#5603 = VECTOR('',#5604,1.);
#5604 = DIRECTION('',(0.932007869283,0.362438038284,0.));
#5605 = ORIENTED_EDGE('',*,*,#543,.T.);
#5606 = PLANE('',#5607);
#5607 = AXIS2_PLACEMENT_3D('',#5608,#5609,#5610);
#5608 = CARTESIAN_POINT('',(74.931978167099,28.602976487865,23.));
#5609 = DIRECTION('',(0.,0.,1.));
#5610 = DIRECTION('',(0.932007869283,0.362438038284,0.));
#5611 = ADVANCED_FACE('',(#5612),#5623,.T.);
#5612 = FACE_BOUND('',#5613,.T.);
#5613 = EDGE_LOOP('',(#5614,#5615,#5621,#5622));
#5614 = ORIENTED_EDGE('',*,*,#5551,.F.);
#5615 = ORIENTED_EDGE('',*,*,#5616,.T.);
#5616 = EDGE_CURVE('',#5543,#5592,#5617,.T.);
#5617 = LINE('',#5618,#5619);
#5618 = CARTESIAN_POINT('',(75.862551352279,28.964856608014,7.99));
#5619 = VECTOR('',#5620,1.);
#5620 = DIRECTION('',(0.,0.,1.));
#5621 = ORIENTED_EDGE('',*,*,#5600,.T.);
#5622 = ORIENTED_EDGE('',*,*,#535,.F.);
#5623 = PLANE('',#5624);
#5624 = AXIS2_PLACEMENT_3D('',#5625,#5626,#5627);
#5625 = CARTESIAN_POINT('',(74.931978167099,28.602976487865,18.5));
#5626 = DIRECTION('',(-0.362438038284,0.932007869283,0.));
#5627 = DIRECTION('',(0.,0.,1.));
#5628 = ADVANCED_FACE('',(#5629),#5655,.T.);
#5629 = FACE_BOUND('',#5630,.T.);
#5630 = EDGE_LOOP('',(#5631,#5639,#5648,#5654));
#5631 = ORIENTED_EDGE('',*,*,#5632,.F.);
#5632 = EDGE_CURVE('',#5633,#563,#5635,.T.);
#5633 = VERTEX_POINT('',#5634);
#5634 = CARTESIAN_POINT('',(74.124171022932,33.161677975687,18.5));
#5635 = LINE('',#5636,#5637);
#5636 = CARTESIAN_POINT('',(73.210268526367,32.75955125299,18.5));
#5637 = VECTOR('',#5638,1.);
#5638 = DIRECTION('',(0.915311479119,0.402746689859,0.));
#5639 = ORIENTED_EDGE('',*,*,#5640,.F.);
#5640 = EDGE_CURVE('',#5641,#5633,#5643,.T.);
#5641 = VERTEX_POINT('',#5642);
#5642 = CARTESIAN_POINT('',(74.526917712791,32.246366496567,18.5));
#5643 = CIRCLE('',#5644,81.204);
#5644 = AXIS2_PLACEMENT_3D('',#5645,#5646,#5647);
#5645 = CARTESIAN_POINT('',(0.,0.,18.5));
#5646 = DIRECTION('',(0.,0.,1.));
#5647 = DIRECTION('',(1.,0.,-0.));
#5648 = ORIENTED_EDGE('',*,*,#5649,.T.);
#5649 = EDGE_CURVE('',#5641,#561,#5650,.T.);
#5650 = LINE('',#5651,#5652);
#5651 = CARTESIAN_POINT('',(73.613015216225,31.84423977387,18.5));
#5652 = VECTOR('',#5653,1.);
#5653 = DIRECTION('',(0.915311479119,0.402746689859,0.));
#5654 = ORIENTED_EDGE('',*,*,#560,.T.);
#5655 = PLANE('',#5656);
#5656 = AXIS2_PLACEMENT_3D('',#5657,#5658,#5659);
#5657 = CARTESIAN_POINT('',(73.613015216225,31.84423977387,18.5));
#5658 = DIRECTION('',(0.,0.,1.));
#5659 = DIRECTION('',(0.915311479119,0.402746689859,0.));
#5660 = ADVANCED_FACE('',(#5661),#5679,.F.);
#5661 = FACE_BOUND('',#5662,.F.);
#5662 = EDGE_LOOP('',(#5663,#5664,#5672,#5678));
#5663 = ORIENTED_EDGE('',*,*,#5632,.F.);
#5664 = ORIENTED_EDGE('',*,*,#5665,.T.);
#5665 = EDGE_CURVE('',#5633,#5666,#5668,.T.);
#5666 = VERTEX_POINT('',#5667);
#5667 = CARTESIAN_POINT('',(74.124171022932,33.161677975687,23.));
#5668 = LINE('',#5669,#5670);
#5669 = CARTESIAN_POINT('',(74.124171022932,33.161677975687,7.99));
#5670 = VECTOR('',#5671,1.);
#5671 = DIRECTION('',(0.,0.,1.));
#5672 = ORIENTED_EDGE('',*,*,#5673,.T.);
#5673 = EDGE_CURVE('',#5666,#580,#5674,.T.);
#5674 = LINE('',#5675,#5676);
#5675 = CARTESIAN_POINT('',(73.210268526367,32.75955125299,23.));
#5676 = VECTOR('',#5677,1.);
#5677 = DIRECTION('',(0.915311479119,0.402746689859,0.));
#5678 = ORIENTED_EDGE('',*,*,#588,.F.);
#5679 = PLANE('',#5680);
#5680 = AXIS2_PLACEMENT_3D('',#5681,#5682,#5683);
#5681 = CARTESIAN_POINT('',(73.210268526367,32.75955125299,18.5));
#5682 = DIRECTION('',(-0.402746689859,0.915311479119,0.));
#5683 = DIRECTION('',(0.,0.,1.));
#5684 = ADVANCED_FACE('',(#5685),#5704,.F.);
#5685 = FACE_BOUND('',#5686,.F.);
#5686 = EDGE_LOOP('',(#5687,#5688,#5697,#5703));
#5687 = ORIENTED_EDGE('',*,*,#5673,.F.);
#5688 = ORIENTED_EDGE('',*,*,#5689,.F.);
#5689 = EDGE_CURVE('',#5690,#5666,#5692,.T.);
#5690 = VERTEX_POINT('',#5691);
#5691 = CARTESIAN_POINT('',(74.526917712791,32.246366496567,23.));
#5692 = CIRCLE('',#5693,81.204);
#5693 = AXIS2_PLACEMENT_3D('',#5694,#5695,#5696);
#5694 = CARTESIAN_POINT('',(0.,0.,23.));
#5695 = DIRECTION('',(0.,0.,1.));
#5696 = DIRECTION('',(1.,0.,-0.));
#5697 = ORIENTED_EDGE('',*,*,#5698,.T.);
#5698 = EDGE_CURVE('',#5690,#572,#5699,.T.);
#5699 = LINE('',#5700,#5701);
#5700 = CARTESIAN_POINT('',(73.613015216225,31.84423977387,23.));
#5701 = VECTOR('',#5702,1.);
#5702 = DIRECTION('',(0.915311479119,0.402746689859,0.));
#5703 = ORIENTED_EDGE('',*,*,#579,.T.);
#5704 = PLANE('',#5705);
#5705 = AXIS2_PLACEMENT_3D('',#5706,#5707,#5708);
#5706 = CARTESIAN_POINT('',(73.613015216225,31.84423977387,23.));
#5707 = DIRECTION('',(0.,0.,1.));
#5708 = DIRECTION('',(0.915311479119,0.402746689859,0.));
#5709 = ADVANCED_FACE('',(#5710),#5721,.T.);
#5710 = FACE_BOUND('',#5711,.T.);
#5711 = EDGE_LOOP('',(#5712,#5713,#5719,#5720));
#5712 = ORIENTED_EDGE('',*,*,#5649,.F.);
#5713 = ORIENTED_EDGE('',*,*,#5714,.T.);
#5714 = EDGE_CURVE('',#5641,#5690,#5715,.T.);
#5715 = LINE('',#5716,#5717);
#5716 = CARTESIAN_POINT('',(74.526917712791,32.246366496567,7.99));
#5717 = VECTOR('',#5718,1.);
#5718 = DIRECTION('',(0.,0.,1.));
#5719 = ORIENTED_EDGE('',*,*,#5698,.T.);
#5720 = ORIENTED_EDGE('',*,*,#571,.F.);
#5721 = PLANE('',#5722);
#5722 = AXIS2_PLACEMENT_3D('',#5723,#5724,#5725);
#5723 = CARTESIAN_POINT('',(73.613015216225,31.84423977387,18.5));
#5724 = DIRECTION('',(-0.402746689859,0.915311479119,0.));
#5725 = DIRECTION('',(0.,0.,1.));
#5726 = ADVANCED_FACE('',(#5727),#5753,.T.);
#5727 = FACE_BOUND('',#5728,.T.);
#5728 = EDGE_LOOP('',(#5729,#5737,#5746,#5752));
#5729 = ORIENTED_EDGE('',*,*,#5730,.F.);
#5730 = EDGE_CURVE('',#5731,#599,#5733,.T.);
#5731 = VERTEX_POINT('',#5732);
#5732 = CARTESIAN_POINT('',(65.189631422166,48.419020756745,18.5));
#5733 = LINE('',#5734,#5735);
#5734 = CARTESIAN_POINT('',(64.384428216487,47.828621339486,18.5));
#5735 = VECTOR('',#5736,1.);
#5736 = DIRECTION('',(0.806444604267,0.591309648364,0.));
#5737 = ORIENTED_EDGE('',*,*,#5738,.F.);
#5738 = EDGE_CURVE('',#5739,#5731,#5741,.T.);
#5739 = VERTEX_POINT('',#5740);
#5740 = CARTESIAN_POINT('',(65.78094107053,47.612576152478,18.5));
#5741 = CIRCLE('',#5742,81.204);
#5742 = AXIS2_PLACEMENT_3D('',#5743,#5744,#5745);
#5743 = CARTESIAN_POINT('',(0.,0.,18.5));
#5744 = DIRECTION('',(0.,0.,1.));
#5745 = DIRECTION('',(1.,0.,-0.));
#5746 = ORIENTED_EDGE('',*,*,#5747,.T.);
#5747 = EDGE_CURVE('',#5739,#597,#5748,.T.);
#5748 = LINE('',#5749,#5750);
#5749 = CARTESIAN_POINT('',(64.975737864851,47.022176735219,18.5));
#5750 = VECTOR('',#5751,1.);
#5751 = DIRECTION('',(0.806444604267,0.591309648364,0.));
#5752 = ORIENTED_EDGE('',*,*,#596,.T.);
#5753 = PLANE('',#5754);
#5754 = AXIS2_PLACEMENT_3D('',#5755,#5756,#5757);
#5755 = CARTESIAN_POINT('',(64.975737864851,47.022176735219,18.5));
#5756 = DIRECTION('',(0.,0.,1.));
#5757 = DIRECTION('',(0.806444604267,0.591309648364,0.));
#5758 = ADVANCED_FACE('',(#5759),#5777,.F.);
#5759 = FACE_BOUND('',#5760,.F.);
#5760 = EDGE_LOOP('',(#5761,#5762,#5770,#5776));
#5761 = ORIENTED_EDGE('',*,*,#5730,.F.);
#5762 = ORIENTED_EDGE('',*,*,#5763,.T.);
#5763 = EDGE_CURVE('',#5731,#5764,#5766,.T.);
#5764 = VERTEX_POINT('',#5765);
#5765 = CARTESIAN_POINT('',(65.189631422166,48.419020756745,23.));
#5766 = LINE('',#5767,#5768);
#5767 = CARTESIAN_POINT('',(65.189631422166,48.419020756745,7.99));
#5768 = VECTOR('',#5769,1.);
#5769 = DIRECTION('',(0.,0.,1.));
#5770 = ORIENTED_EDGE('',*,*,#5771,.T.);
#5771 = EDGE_CURVE('',#5764,#616,#5772,.T.);
#5772 = LINE('',#5773,#5774);
#5773 = CARTESIAN_POINT('',(64.384428216487,47.828621339486,23.));
#5774 = VECTOR('',#5775,1.);
#5775 = DIRECTION('',(0.806444604267,0.591309648364,0.));
#5776 = ORIENTED_EDGE('',*,*,#624,.F.);
#5777 = PLANE('',#5778);
#5778 = AXIS2_PLACEMENT_3D('',#5779,#5780,#5781);
#5779 = CARTESIAN_POINT('',(64.384428216487,47.828621339486,18.5));
#5780 = DIRECTION('',(-0.591309648364,0.806444604267,0.));
#5781 = DIRECTION('',(0.,0.,1.));
#5782 = ADVANCED_FACE('',(#5783),#5802,.F.);
#5783 = FACE_BOUND('',#5784,.F.);
#5784 = EDGE_LOOP('',(#5785,#5786,#5795,#5801));
#5785 = ORIENTED_EDGE('',*,*,#5771,.F.);
#5786 = ORIENTED_EDGE('',*,*,#5787,.F.);
#5787 = EDGE_CURVE('',#5788,#5764,#5790,.T.);
#5788 = VERTEX_POINT('',#5789);
#5789 = CARTESIAN_POINT('',(65.78094107053,47.612576152478,23.));
#5790 = CIRCLE('',#5791,81.204);
#5791 = AXIS2_PLACEMENT_3D('',#5792,#5793,#5794);
#5792 = CARTESIAN_POINT('',(0.,0.,23.));
#5793 = DIRECTION('',(0.,0.,1.));
#5794 = DIRECTION('',(1.,0.,-0.));
#5795 = ORIENTED_EDGE('',*,*,#5796,.T.);
#5796 = EDGE_CURVE('',#5788,#608,#5797,.T.);
#5797 = LINE('',#5798,#5799);
#5798 = CARTESIAN_POINT('',(64.975737864851,47.022176735219,23.));
#5799 = VECTOR('',#5800,1.);
#5800 = DIRECTION('',(0.806444604267,0.591309648364,0.));
#5801 = ORIENTED_EDGE('',*,*,#615,.T.);
#5802 = PLANE('',#5803);
#5803 = AXIS2_PLACEMENT_3D('',#5804,#5805,#5806);
#5804 = CARTESIAN_POINT('',(64.975737864851,47.022176735219,23.));
#5805 = DIRECTION('',(0.,0.,1.));
#5806 = DIRECTION('',(0.806444604267,0.591309648364,0.));
#5807 = ADVANCED_FACE('',(#5808),#5819,.T.);
#5808 = FACE_BOUND('',#5809,.T.);
#5809 = EDGE_LOOP('',(#5810,#5811,#5817,#5818));
#5810 = ORIENTED_EDGE('',*,*,#5747,.F.);
#5811 = ORIENTED_EDGE('',*,*,#5812,.T.);
#5812 = EDGE_CURVE('',#5739,#5788,#5813,.T.);
#5813 = LINE('',#5814,#5815);
#5814 = CARTESIAN_POINT('',(65.78094107053,47.612576152478,7.99));
#5815 = VECTOR('',#5816,1.);
#5816 = DIRECTION('',(0.,0.,1.));
#5817 = ORIENTED_EDGE('',*,*,#5796,.T.);
#5818 = ORIENTED_EDGE('',*,*,#607,.F.);
#5819 = PLANE('',#5820);
#5820 = AXIS2_PLACEMENT_3D('',#5821,#5822,#5823);
#5821 = CARTESIAN_POINT('',(64.975737864851,47.022176735219,18.5));
#5822 = DIRECTION('',(-0.591309648364,0.806444604267,0.));
#5823 = DIRECTION('',(0.,0.,1.));
#5824 = ADVANCED_FACE('',(#5825),#5851,.T.);
#5825 = FACE_BOUND('',#5826,.T.);
#5826 = EDGE_LOOP('',(#5827,#5835,#5844,#5850));
#5827 = ORIENTED_EDGE('',*,*,#5828,.F.);
#5828 = EDGE_CURVE('',#5829,#635,#5831,.T.);
#5829 = VERTEX_POINT('',#5830);
#5830 = CARTESIAN_POINT('',(63.015577315653,51.216468362968,18.5));
#5831 = LINE('',#5832,#5833);
#5832 = CARTESIAN_POINT('',(62.236893345889,50.591508404597,18.5));
#5833 = VECTOR('',#5834,1.);
#5834 = DIRECTION('',(0.779884483093,0.625923472184,0.));
#5835 = ORIENTED_EDGE('',*,*,#5836,.F.);
#5836 = EDGE_CURVE('',#5837,#5829,#5839,.T.);
#5837 = VERTEX_POINT('',#5838);
#5838 = CARTESIAN_POINT('',(63.641500787837,50.436583879876,18.5));
#5839 = CIRCLE('',#5840,81.204);
#5840 = AXIS2_PLACEMENT_3D('',#5841,#5842,#5843);
#5841 = CARTESIAN_POINT('',(0.,0.,18.5));
#5842 = DIRECTION('',(0.,0.,1.));
#5843 = DIRECTION('',(1.,0.,-0.));
#5844 = ORIENTED_EDGE('',*,*,#5845,.T.);
#5845 = EDGE_CURVE('',#5837,#633,#5846,.T.);
#5846 = LINE('',#5847,#5848);
#5847 = CARTESIAN_POINT('',(62.862816818074,49.811623921504,18.5));
#5848 = VECTOR('',#5849,1.);
#5849 = DIRECTION('',(0.779884483093,0.625923472184,0.));
#5850 = ORIENTED_EDGE('',*,*,#632,.T.);
#5851 = PLANE('',#5852);
#5852 = AXIS2_PLACEMENT_3D('',#5853,#5854,#5855);
#5853 = CARTESIAN_POINT('',(62.862816818074,49.811623921504,18.5));
#5854 = DIRECTION('',(0.,0.,1.));
#5855 = DIRECTION('',(0.779884483093,0.625923472184,0.));
#5856 = ADVANCED_FACE('',(#5857),#5875,.F.);
#5857 = FACE_BOUND('',#5858,.F.);
#5858 = EDGE_LOOP('',(#5859,#5860,#5868,#5874));
#5859 = ORIENTED_EDGE('',*,*,#5828,.F.);
#5860 = ORIENTED_EDGE('',*,*,#5861,.T.);
#5861 = EDGE_CURVE('',#5829,#5862,#5864,.T.);
#5862 = VERTEX_POINT('',#5863);
#5863 = CARTESIAN_POINT('',(63.015577315653,51.216468362968,23.));
#5864 = LINE('',#5865,#5866);
#5865 = CARTESIAN_POINT('',(63.015577315653,51.216468362968,7.99));
#5866 = VECTOR('',#5867,1.);
#5867 = DIRECTION('',(0.,0.,1.));
#5868 = ORIENTED_EDGE('',*,*,#5869,.T.);
#5869 = EDGE_CURVE('',#5862,#652,#5870,.T.);
#5870 = LINE('',#5871,#5872);
#5871 = CARTESIAN_POINT('',(62.236893345889,50.591508404597,23.));
#5872 = VECTOR('',#5873,1.);
#5873 = DIRECTION('',(0.779884483093,0.625923472184,0.));
#5874 = ORIENTED_EDGE('',*,*,#660,.F.);
#5875 = PLANE('',#5876);
#5876 = AXIS2_PLACEMENT_3D('',#5877,#5878,#5879);
#5877 = CARTESIAN_POINT('',(62.236893345889,50.591508404597,18.5));
#5878 = DIRECTION('',(-0.625923472184,0.779884483093,0.));
#5879 = DIRECTION('',(0.,0.,1.));
#5880 = ADVANCED_FACE('',(#5881),#5900,.F.);
#5881 = FACE_BOUND('',#5882,.F.);
#5882 = EDGE_LOOP('',(#5883,#5884,#5893,#5899));
#5883 = ORIENTED_EDGE('',*,*,#5869,.F.);
#5884 = ORIENTED_EDGE('',*,*,#5885,.F.);
#5885 = EDGE_CURVE('',#5886,#5862,#5888,.T.);
#5886 = VERTEX_POINT('',#5887);
#5887 = CARTESIAN_POINT('',(63.641500787837,50.436583879876,23.));
#5888 = CIRCLE('',#5889,81.204);
#5889 = AXIS2_PLACEMENT_3D('',#5890,#5891,#5892);
#5890 = CARTESIAN_POINT('',(0.,0.,23.));
#5891 = DIRECTION('',(0.,0.,1.));
#5892 = DIRECTION('',(1.,0.,-0.));
#5893 = ORIENTED_EDGE('',*,*,#5894,.T.);
#5894 = EDGE_CURVE('',#5886,#644,#5895,.T.);
#5895 = LINE('',#5896,#5897);
#5896 = CARTESIAN_POINT('',(62.862816818074,49.811623921504,23.));
#5897 = VECTOR('',#5898,1.);
#5898 = DIRECTION('',(0.779884483093,0.625923472184,0.));
#5899 = ORIENTED_EDGE('',*,*,#651,.T.);
#5900 = PLANE('',#5901);
#5901 = AXIS2_PLACEMENT_3D('',#5902,#5903,#5904);
#5902 = CARTESIAN_POINT('',(62.862816818074,49.811623921504,23.));
#5903 = DIRECTION('',(0.,0.,1.));
#5904 = DIRECTION('',(0.779884483093,0.625923472184,0.));
#5905 = ADVANCED_FACE('',(#5906),#5917,.T.);
#5906 = FACE_BOUND('',#5907,.T.);
#5907 = EDGE_LOOP('',(#5908,#5909,#5915,#5916));
#5908 = ORIENTED_EDGE('',*,*,#5845,.F.);
#5909 = ORIENTED_EDGE('',*,*,#5910,.T.);
#5910 = EDGE_CURVE('',#5837,#5886,#5911,.T.);
#5911 = LINE('',#5912,#5913);
#5912 = CARTESIAN_POINT('',(63.641500787837,50.436583879876,7.99));
#5913 = VECTOR('',#5914,1.);
#5914 = DIRECTION('',(0.,0.,1.));
#5915 = ORIENTED_EDGE('',*,*,#5894,.T.);
#5916 = ORIENTED_EDGE('',*,*,#643,.F.);
#5917 = PLANE('',#5918);
#5918 = AXIS2_PLACEMENT_3D('',#5919,#5920,#5921);
#5919 = CARTESIAN_POINT('',(62.862816818074,49.811623921504,18.5));
#5920 = DIRECTION('',(-0.625923472184,0.779884483093,0.));
#5921 = DIRECTION('',(0.,0.,1.));
#5922 = ADVANCED_FACE('',(#5923),#5949,.T.);
#5923 = FACE_BOUND('',#5924,.T.);
#5924 = EDGE_LOOP('',(#5925,#5933,#5942,#5948));
#5925 = ORIENTED_EDGE('',*,*,#5926,.F.);
#5926 = EDGE_CURVE('',#5927,#671,#5929,.T.);
#5927 = VERTEX_POINT('',#5928);
#5928 = CARTESIAN_POINT('',(60.721569476148,53.916422510709,18.5));
#5929 = LINE('',#5930,#5931);
#5930 = CARTESIAN_POINT('',(59.970887011494,53.258091658025,18.5));
#5931 = VECTOR('',#5932,1.);
#5932 = DIRECTION('',(0.751839807479,0.6593458151,0.));
#5933 = ORIENTED_EDGE('',*,*,#5934,.F.);
#5934 = EDGE_CURVE('',#5935,#5927,#5937,.T.);
#5935 = VERTEX_POINT('',#5936);
#5936 = CARTESIAN_POINT('',(61.380915291249,53.16458270323,18.5));
#5937 = CIRCLE('',#5938,81.204);
#5938 = AXIS2_PLACEMENT_3D('',#5939,#5940,#5941);
#5939 = CARTESIAN_POINT('',(0.,0.,18.5));
#5940 = DIRECTION('',(0.,0.,1.));
#5941 = DIRECTION('',(1.,0.,-0.));
#5942 = ORIENTED_EDGE('',*,*,#5943,.T.);
#5943 = EDGE_CURVE('',#5935,#669,#5944,.T.);
#5944 = LINE('',#5945,#5946);
#5945 = CARTESIAN_POINT('',(60.630232826594,52.506251850546,18.5));
#5946 = VECTOR('',#5947,1.);
#5947 = DIRECTION('',(0.751839807479,0.6593458151,0.));
#5948 = ORIENTED_EDGE('',*,*,#668,.T.);
#5949 = PLANE('',#5950);
#5950 = AXIS2_PLACEMENT_3D('',#5951,#5952,#5953);
#5951 = CARTESIAN_POINT('',(60.630232826594,52.506251850546,18.5));
#5952 = DIRECTION('',(0.,0.,1.));
#5953 = DIRECTION('',(0.751839807479,0.6593458151,0.));
#5954 = ADVANCED_FACE('',(#5955),#5973,.F.);
#5955 = FACE_BOUND('',#5956,.F.);
#5956 = EDGE_LOOP('',(#5957,#5958,#5966,#5972));
#5957 = ORIENTED_EDGE('',*,*,#5926,.F.);
#5958 = ORIENTED_EDGE('',*,*,#5959,.T.);
#5959 = EDGE_CURVE('',#5927,#5960,#5962,.T.);
#5960 = VERTEX_POINT('',#5961);
#5961 = CARTESIAN_POINT('',(60.721569476148,53.916422510709,23.));
#5962 = LINE('',#5963,#5964);
#5963 = CARTESIAN_POINT('',(60.721569476148,53.916422510709,7.99));
#5964 = VECTOR('',#5965,1.);
#5965 = DIRECTION('',(0.,0.,1.));
#5966 = ORIENTED_EDGE('',*,*,#5967,.T.);
#5967 = EDGE_CURVE('',#5960,#688,#5968,.T.);
#5968 = LINE('',#5969,#5970);
#5969 = CARTESIAN_POINT('',(59.970887011494,53.258091658025,23.));
#5970 = VECTOR('',#5971,1.);
#5971 = DIRECTION('',(0.751839807479,0.6593458151,0.));
#5972 = ORIENTED_EDGE('',*,*,#696,.F.);
#5973 = PLANE('',#5974);
#5974 = AXIS2_PLACEMENT_3D('',#5975,#5976,#5977);
#5975 = CARTESIAN_POINT('',(59.970887011494,53.258091658025,18.5));
#5976 = DIRECTION('',(-0.6593458151,0.751839807479,0.));
#5977 = DIRECTION('',(0.,0.,1.));
#5978 = ADVANCED_FACE('',(#5979),#5998,.F.);
#5979 = FACE_BOUND('',#5980,.F.);
#5980 = EDGE_LOOP('',(#5981,#5982,#5991,#5997));
#5981 = ORIENTED_EDGE('',*,*,#5967,.F.);
#5982 = ORIENTED_EDGE('',*,*,#5983,.F.);
#5983 = EDGE_CURVE('',#5984,#5960,#5986,.T.);
#5984 = VERTEX_POINT('',#5985);
#5985 = CARTESIAN_POINT('',(61.380915291249,53.16458270323,23.));
#5986 = CIRCLE('',#5987,81.204);
#5987 = AXIS2_PLACEMENT_3D('',#5988,#5989,#5990);
#5988 = CARTESIAN_POINT('',(0.,0.,23.));
#5989 = DIRECTION('',(0.,0.,1.));
#5990 = DIRECTION('',(1.,0.,-0.));
#5991 = ORIENTED_EDGE('',*,*,#5992,.T.);
#5992 = EDGE_CURVE('',#5984,#680,#5993,.T.);
#5993 = LINE('',#5994,#5995);
#5994 = CARTESIAN_POINT('',(60.630232826594,52.506251850546,23.));
#5995 = VECTOR('',#5996,1.);
#5996 = DIRECTION('',(0.751839807479,0.6593458151,0.));
#5997 = ORIENTED_EDGE('',*,*,#687,.T.);
#5998 = PLANE('',#5999);
#5999 = AXIS2_PLACEMENT_3D('',#6000,#6001,#6002);
#6000 = CARTESIAN_POINT('',(60.630232826594,52.506251850546,23.));
#6001 = DIRECTION('',(0.,0.,1.));
#6002 = DIRECTION('',(0.751839807479,0.6593458151,0.));
#6003 = ADVANCED_FACE('',(#6004),#6015,.T.);
#6004 = FACE_BOUND('',#6005,.T.);
#6005 = EDGE_LOOP('',(#6006,#6007,#6013,#6014));
#6006 = ORIENTED_EDGE('',*,*,#5943,.F.);
#6007 = ORIENTED_EDGE('',*,*,#6008,.T.);
#6008 = EDGE_CURVE('',#5935,#5984,#6009,.T.);
#6009 = LINE('',#6010,#6011);
#6010 = CARTESIAN_POINT('',(61.380915291249,53.16458270323,7.99));
#6011 = VECTOR('',#6012,1.);
#6012 = DIRECTION('',(0.,0.,1.));
#6013 = ORIENTED_EDGE('',*,*,#5992,.T.);
#6014 = ORIENTED_EDGE('',*,*,#679,.F.);
#6015 = PLANE('',#6016);
#6016 = AXIS2_PLACEMENT_3D('',#6017,#6018,#6019);
#6017 = CARTESIAN_POINT('',(60.630232826594,52.506251850546,18.5));
#6018 = DIRECTION('',(-0.6593458151,0.751839807479,0.));
#6019 = DIRECTION('',(0.,0.,1.));
#6020 = ADVANCED_FACE('',(#6021),#6047,.T.);
#6021 = FACE_BOUND('',#6022,.T.);
#6022 = EDGE_LOOP('',(#6023,#6031,#6040,#6046));
#6023 = ORIENTED_EDGE('',*,*,#6024,.F.);
#6024 = EDGE_CURVE('',#6025,#707,#6027,.T.);
#6025 = VERTEX_POINT('',#6026);
#6026 = CARTESIAN_POINT('',(58.311974677958,56.513743683791,18.5));
#6027 = LINE('',#6028,#6029);
#6028 = CARTESIAN_POINT('',(57.59072268515,55.823295106991,18.5));
#6029 = VECTOR('',#6030,1.);
#6030 = DIRECTION('',(0.72236396206,0.691513055782,0.));
#6031 = ORIENTED_EDGE('',*,*,#6032,.F.);
#6032 = EDGE_CURVE('',#6033,#6025,#6035,.T.);
#6033 = VERTEX_POINT('',#6034);
#6034 = CARTESIAN_POINT('',(59.00348773374,55.791379721731,18.5));
#6035 = CIRCLE('',#6036,81.204);
#6036 = AXIS2_PLACEMENT_3D('',#6037,#6038,#6039);
#6037 = CARTESIAN_POINT('',(0.,0.,18.5));
#6038 = DIRECTION('',(0.,0.,1.));
#6039 = DIRECTION('',(1.,0.,-0.));
#6040 = ORIENTED_EDGE('',*,*,#6041,.T.);
#6041 = EDGE_CURVE('',#6033,#705,#6042,.T.);
#6042 = LINE('',#6043,#6044);
#6043 = CARTESIAN_POINT('',(58.282235740932,55.100931144931,18.5));
#6044 = VECTOR('',#6045,1.);
#6045 = DIRECTION('',(0.72236396206,0.691513055782,0.));
#6046 = ORIENTED_EDGE('',*,*,#704,.T.);
#6047 = PLANE('',#6048);
#6048 = AXIS2_PLACEMENT_3D('',#6049,#6050,#6051);
#6049 = CARTESIAN_POINT('',(58.282235740932,55.100931144931,18.5));
#6050 = DIRECTION('',(0.,0.,1.));
#6051 = DIRECTION('',(0.72236396206,0.691513055782,0.));
#6052 = ADVANCED_FACE('',(#6053),#6071,.F.);
#6053 = FACE_BOUND('',#6054,.F.);
#6054 = EDGE_LOOP('',(#6055,#6056,#6064,#6070));
#6055 = ORIENTED_EDGE('',*,*,#6024,.F.);
#6056 = ORIENTED_EDGE('',*,*,#6057,.T.);
#6057 = EDGE_CURVE('',#6025,#6058,#6060,.T.);
#6058 = VERTEX_POINT('',#6059);
#6059 = CARTESIAN_POINT('',(58.311974677958,56.513743683791,23.));
#6060 = LINE('',#6061,#6062);
#6061 = CARTESIAN_POINT('',(58.311974677958,56.513743683791,7.99));
#6062 = VECTOR('',#6063,1.);
#6063 = DIRECTION('',(0.,0.,1.));
#6064 = ORIENTED_EDGE('',*,*,#6065,.T.);
#6065 = EDGE_CURVE('',#6058,#724,#6066,.T.);
#6066 = LINE('',#6067,#6068);
#6067 = CARTESIAN_POINT('',(57.59072268515,55.823295106991,23.));
#6068 = VECTOR('',#6069,1.);
#6069 = DIRECTION('',(0.72236396206,0.691513055782,0.));
#6070 = ORIENTED_EDGE('',*,*,#732,.F.);
#6071 = PLANE('',#6072);
#6072 = AXIS2_PLACEMENT_3D('',#6073,#6074,#6075);
#6073 = CARTESIAN_POINT('',(57.59072268515,55.823295106991,18.5));
#6074 = DIRECTION('',(-0.691513055782,0.72236396206,0.));
#6075 = DIRECTION('',(0.,0.,1.));
#6076 = ADVANCED_FACE('',(#6077),#6096,.F.);
#6077 = FACE_BOUND('',#6078,.F.);
#6078 = EDGE_LOOP('',(#6079,#6080,#6089,#6095));
#6079 = ORIENTED_EDGE('',*,*,#6065,.F.);
#6080 = ORIENTED_EDGE('',*,*,#6081,.F.);
#6081 = EDGE_CURVE('',#6082,#6058,#6084,.T.);
#6082 = VERTEX_POINT('',#6083);
#6083 = CARTESIAN_POINT('',(59.00348773374,55.791379721731,23.));
#6084 = CIRCLE('',#6085,81.204);
#6085 = AXIS2_PLACEMENT_3D('',#6086,#6087,#6088);
#6086 = CARTESIAN_POINT('',(0.,0.,23.));
#6087 = DIRECTION('',(0.,0.,1.));
#6088 = DIRECTION('',(1.,0.,-0.));
#6089 = ORIENTED_EDGE('',*,*,#6090,.T.);
#6090 = EDGE_CURVE('',#6082,#716,#6091,.T.);
#6091 = LINE('',#6092,#6093);
#6092 = CARTESIAN_POINT('',(58.282235740932,55.100931144931,23.));
#6093 = VECTOR('',#6094,1.);
#6094 = DIRECTION('',(0.72236396206,0.691513055782,0.));
#6095 = ORIENTED_EDGE('',*,*,#723,.T.);
#6096 = PLANE('',#6097);
#6097 = AXIS2_PLACEMENT_3D('',#6098,#6099,#6100);
#6098 = CARTESIAN_POINT('',(58.282235740932,55.100931144931,23.));
#6099 = DIRECTION('',(0.,0.,1.));
#6100 = DIRECTION('',(0.72236396206,0.691513055782,0.));
#6101 = ADVANCED_FACE('',(#6102),#6113,.T.);
#6102 = FACE_BOUND('',#6103,.T.);
#6103 = EDGE_LOOP('',(#6104,#6105,#6111,#6112));
#6104 = ORIENTED_EDGE('',*,*,#6041,.F.);
#6105 = ORIENTED_EDGE('',*,*,#6106,.T.);
#6106 = EDGE_CURVE('',#6033,#6082,#6107,.T.);
#6107 = LINE('',#6108,#6109);
#6108 = CARTESIAN_POINT('',(59.00348773374,55.791379721731,7.99));
#6109 = VECTOR('',#6110,1.);
#6110 = DIRECTION('',(0.,0.,1.));
#6111 = ORIENTED_EDGE('',*,*,#6090,.T.);
#6112 = ORIENTED_EDGE('',*,*,#715,.F.);
#6113 = PLANE('',#6114);
#6114 = AXIS2_PLACEMENT_3D('',#6115,#6116,#6117);
#6115 = CARTESIAN_POINT('',(58.282235740932,55.100931144931,18.5));
#6116 = DIRECTION('',(-0.691513055782,0.72236396206,0.));
#6117 = DIRECTION('',(0.,0.,1.));
#6118 = ADVANCED_FACE('',(#6119),#6145,.T.);
#6119 = FACE_BOUND('',#6120,.T.);
#6120 = EDGE_LOOP('',(#6121,#6129,#6138,#6144));
#6121 = ORIENTED_EDGE('',*,*,#6122,.F.);
#6122 = EDGE_CURVE('',#6123,#743,#6125,.T.);
#6123 = VERTEX_POINT('',#6124);
#6124 = CARTESIAN_POINT('',(55.791379721731,59.00348773374,18.5));
#6125 = LINE('',#6126,#6127);
#6126 = CARTESIAN_POINT('',(55.100931144931,58.282235740932,18.5));
#6127 = VECTOR('',#6128,1.);
#6128 = DIRECTION('',(0.691513055782,0.72236396206,0.));
#6129 = ORIENTED_EDGE('',*,*,#6130,.F.);
#6130 = EDGE_CURVE('',#6131,#6123,#6133,.T.);
#6131 = VERTEX_POINT('',#6132);
#6132 = CARTESIAN_POINT('',(56.513743683791,58.311974677958,18.5));
#6133 = CIRCLE('',#6134,81.204);
#6134 = AXIS2_PLACEMENT_3D('',#6135,#6136,#6137);
#6135 = CARTESIAN_POINT('',(0.,0.,18.5));
#6136 = DIRECTION('',(0.,0.,1.));
#6137 = DIRECTION('',(1.,0.,-0.));
#6138 = ORIENTED_EDGE('',*,*,#6139,.T.);
#6139 = EDGE_CURVE('',#6131,#741,#6140,.T.);
#6140 = LINE('',#6141,#6142);
#6141 = CARTESIAN_POINT('',(55.823295106991,57.590722685149,18.5));
#6142 = VECTOR('',#6143,1.);
#6143 = DIRECTION('',(0.691513055782,0.72236396206,0.));
#6144 = ORIENTED_EDGE('',*,*,#740,.T.);
#6145 = PLANE('',#6146);
#6146 = AXIS2_PLACEMENT_3D('',#6147,#6148,#6149);
#6147 = CARTESIAN_POINT('',(55.823295106991,57.590722685149,18.5));
#6148 = DIRECTION('',(0.,0.,1.));
#6149 = DIRECTION('',(0.691513055782,0.72236396206,0.));
#6150 = ADVANCED_FACE('',(#6151),#6169,.F.);
#6151 = FACE_BOUND('',#6152,.F.);
#6152 = EDGE_LOOP('',(#6153,#6154,#6162,#6168));
#6153 = ORIENTED_EDGE('',*,*,#6122,.F.);
#6154 = ORIENTED_EDGE('',*,*,#6155,.T.);
#6155 = EDGE_CURVE('',#6123,#6156,#6158,.T.);
#6156 = VERTEX_POINT('',#6157);
#6157 = CARTESIAN_POINT('',(55.791379721731,59.00348773374,23.));
#6158 = LINE('',#6159,#6160);
#6159 = CARTESIAN_POINT('',(55.791379721731,59.00348773374,7.99));
#6160 = VECTOR('',#6161,1.);
#6161 = DIRECTION('',(0.,0.,1.));
#6162 = ORIENTED_EDGE('',*,*,#6163,.T.);
#6163 = EDGE_CURVE('',#6156,#760,#6164,.T.);
#6164 = LINE('',#6165,#6166);
#6165 = CARTESIAN_POINT('',(55.100931144931,58.282235740932,23.));
#6166 = VECTOR('',#6167,1.);
#6167 = DIRECTION('',(0.691513055782,0.72236396206,0.));
#6168 = ORIENTED_EDGE('',*,*,#768,.F.);
#6169 = PLANE('',#6170);
#6170 = AXIS2_PLACEMENT_3D('',#6171,#6172,#6173);
#6171 = CARTESIAN_POINT('',(55.100931144931,58.282235740932,18.5));
#6172 = DIRECTION('',(-0.72236396206,0.691513055782,0.));
#6173 = DIRECTION('',(0.,0.,1.));
#6174 = ADVANCED_FACE('',(#6175),#6194,.F.);
#6175 = FACE_BOUND('',#6176,.F.);
#6176 = EDGE_LOOP('',(#6177,#6178,#6187,#6193));
#6177 = ORIENTED_EDGE('',*,*,#6163,.F.);
#6178 = ORIENTED_EDGE('',*,*,#6179,.F.);
#6179 = EDGE_CURVE('',#6180,#6156,#6182,.T.);
#6180 = VERTEX_POINT('',#6181);
#6181 = CARTESIAN_POINT('',(56.513743683791,58.311974677958,23.));
#6182 = CIRCLE('',#6183,81.204);
#6183 = AXIS2_PLACEMENT_3D('',#6184,#6185,#6186);
#6184 = CARTESIAN_POINT('',(0.,0.,23.));
#6185 = DIRECTION('',(0.,0.,1.));
#6186 = DIRECTION('',(1.,0.,-0.));
#6187 = ORIENTED_EDGE('',*,*,#6188,.T.);
#6188 = EDGE_CURVE('',#6180,#752,#6189,.T.);
#6189 = LINE('',#6190,#6191);
#6190 = CARTESIAN_POINT('',(55.823295106991,57.590722685149,23.));
#6191 = VECTOR('',#6192,1.);
#6192 = DIRECTION('',(0.691513055782,0.72236396206,0.));
#6193 = ORIENTED_EDGE('',*,*,#759,.T.);
#6194 = PLANE('',#6195);
#6195 = AXIS2_PLACEMENT_3D('',#6196,#6197,#6198);
#6196 = CARTESIAN_POINT('',(55.823295106991,57.590722685149,23.));
#6197 = DIRECTION('',(0.,0.,1.));
#6198 = DIRECTION('',(0.691513055782,0.72236396206,0.));
#6199 = ADVANCED_FACE('',(#6200),#6211,.T.);
#6200 = FACE_BOUND('',#6201,.T.);
#6201 = EDGE_LOOP('',(#6202,#6203,#6209,#6210));
#6202 = ORIENTED_EDGE('',*,*,#6139,.F.);
#6203 = ORIENTED_EDGE('',*,*,#6204,.T.);
#6204 = EDGE_CURVE('',#6131,#6180,#6205,.T.);
#6205 = LINE('',#6206,#6207);
#6206 = CARTESIAN_POINT('',(56.513743683791,58.311974677958,7.99));
#6207 = VECTOR('',#6208,1.);
#6208 = DIRECTION('',(0.,0.,1.));
#6209 = ORIENTED_EDGE('',*,*,#6188,.T.);
#6210 = ORIENTED_EDGE('',*,*,#751,.F.);
#6211 = PLANE('',#6212);
#6212 = AXIS2_PLACEMENT_3D('',#6213,#6214,#6215);
#6213 = CARTESIAN_POINT('',(55.823295106991,57.590722685149,18.5));
#6214 = DIRECTION('',(-0.72236396206,0.691513055782,0.));
#6215 = DIRECTION('',(0.,0.,1.));
#6216 = ADVANCED_FACE('',(#6217),#6243,.T.);
#6217 = FACE_BOUND('',#6218,.T.);
#6218 = EDGE_LOOP('',(#6219,#6227,#6236,#6242));
#6219 = ORIENTED_EDGE('',*,*,#6220,.F.);
#6220 = EDGE_CURVE('',#6221,#779,#6223,.T.);
#6221 = VERTEX_POINT('',#6222);
#6222 = CARTESIAN_POINT('',(53.16458270323,61.380915291249,18.5));
#6223 = LINE('',#6224,#6225);
#6224 = CARTESIAN_POINT('',(52.506251850546,60.630232826594,18.5));
#6225 = VECTOR('',#6226,1.);
#6226 = DIRECTION('',(0.6593458151,0.751839807479,0.));
#6227 = ORIENTED_EDGE('',*,*,#6228,.F.);
#6228 = EDGE_CURVE('',#6229,#6221,#6231,.T.);
#6229 = VERTEX_POINT('',#6230);
#6230 = CARTESIAN_POINT('',(53.916422510709,60.721569476148,18.5));
#6231 = CIRCLE('',#6232,81.204);
#6232 = AXIS2_PLACEMENT_3D('',#6233,#6234,#6235);
#6233 = CARTESIAN_POINT('',(0.,0.,18.5));
#6234 = DIRECTION('',(0.,0.,1.));
#6235 = DIRECTION('',(1.,0.,-0.));
#6236 = ORIENTED_EDGE('',*,*,#6237,.T.);
#6237 = EDGE_CURVE('',#6229,#777,#6238,.T.);
#6238 = LINE('',#6239,#6240);
#6239 = CARTESIAN_POINT('',(53.258091658025,59.970887011494,18.5));
#6240 = VECTOR('',#6241,1.);
#6241 = DIRECTION('',(0.6593458151,0.751839807479,0.));
#6242 = ORIENTED_EDGE('',*,*,#776,.T.);
#6243 = PLANE('',#6244);
#6244 = AXIS2_PLACEMENT_3D('',#6245,#6246,#6247);
#6245 = CARTESIAN_POINT('',(53.258091658025,59.970887011494,18.5));
#6246 = DIRECTION('',(0.,0.,1.));
#6247 = DIRECTION('',(0.6593458151,0.751839807479,0.));
#6248 = ADVANCED_FACE('',(#6249),#6267,.F.);
#6249 = FACE_BOUND('',#6250,.F.);
#6250 = EDGE_LOOP('',(#6251,#6252,#6260,#6266));
#6251 = ORIENTED_EDGE('',*,*,#6220,.F.);
#6252 = ORIENTED_EDGE('',*,*,#6253,.T.);
#6253 = EDGE_CURVE('',#6221,#6254,#6256,.T.);
#6254 = VERTEX_POINT('',#6255);
#6255 = CARTESIAN_POINT('',(53.16458270323,61.380915291249,23.));
#6256 = LINE('',#6257,#6258);
#6257 = CARTESIAN_POINT('',(53.16458270323,61.380915291249,7.99));
#6258 = VECTOR('',#6259,1.);
#6259 = DIRECTION('',(0.,0.,1.));
#6260 = ORIENTED_EDGE('',*,*,#6261,.T.);
#6261 = EDGE_CURVE('',#6254,#796,#6262,.T.);
#6262 = LINE('',#6263,#6264);
#6263 = CARTESIAN_POINT('',(52.506251850546,60.630232826594,23.));
#6264 = VECTOR('',#6265,1.);
#6265 = DIRECTION('',(0.6593458151,0.751839807479,0.));
#6266 = ORIENTED_EDGE('',*,*,#804,.F.);
#6267 = PLANE('',#6268);
#6268 = AXIS2_PLACEMENT_3D('',#6269,#6270,#6271);
#6269 = CARTESIAN_POINT('',(52.506251850546,60.630232826594,18.5));
#6270 = DIRECTION('',(-0.751839807479,0.6593458151,0.));
#6271 = DIRECTION('',(0.,0.,1.));
#6272 = ADVANCED_FACE('',(#6273),#6292,.F.);
#6273 = FACE_BOUND('',#6274,.F.);
#6274 = EDGE_LOOP('',(#6275,#6276,#6285,#6291));
#6275 = ORIENTED_EDGE('',*,*,#6261,.F.);
#6276 = ORIENTED_EDGE('',*,*,#6277,.F.);
#6277 = EDGE_CURVE('',#6278,#6254,#6280,.T.);
#6278 = VERTEX_POINT('',#6279);
#6279 = CARTESIAN_POINT('',(53.916422510709,60.721569476148,23.));
#6280 = CIRCLE('',#6281,81.204);
#6281 = AXIS2_PLACEMENT_3D('',#6282,#6283,#6284);
#6282 = CARTESIAN_POINT('',(0.,0.,23.));
#6283 = DIRECTION('',(0.,0.,1.));
#6284 = DIRECTION('',(1.,0.,-0.));
#6285 = ORIENTED_EDGE('',*,*,#6286,.T.);
#6286 = EDGE_CURVE('',#6278,#788,#6287,.T.);
#6287 = LINE('',#6288,#6289);
#6288 = CARTESIAN_POINT('',(53.258091658025,59.970887011494,23.));
#6289 = VECTOR('',#6290,1.);
#6290 = DIRECTION('',(0.6593458151,0.751839807479,0.));
#6291 = ORIENTED_EDGE('',*,*,#795,.T.);
#6292 = PLANE('',#6293);
#6293 = AXIS2_PLACEMENT_3D('',#6294,#6295,#6296);
#6294 = CARTESIAN_POINT('',(53.258091658025,59.970887011494,23.));
#6295 = DIRECTION('',(0.,0.,1.));
#6296 = DIRECTION('',(0.6593458151,0.751839807479,0.));
#6297 = ADVANCED_FACE('',(#6298),#6309,.T.);
#6298 = FACE_BOUND('',#6299,.T.);
#6299 = EDGE_LOOP('',(#6300,#6301,#6307,#6308));
#6300 = ORIENTED_EDGE('',*,*,#6237,.F.);
#6301 = ORIENTED_EDGE('',*,*,#6302,.T.);
#6302 = EDGE_CURVE('',#6229,#6278,#6303,.T.);
#6303 = LINE('',#6304,#6305);
#6304 = CARTESIAN_POINT('',(53.916422510709,60.721569476148,7.99));
#6305 = VECTOR('',#6306,1.);
#6306 = DIRECTION('',(0.,0.,1.));
#6307 = ORIENTED_EDGE('',*,*,#6286,.T.);
#6308 = ORIENTED_EDGE('',*,*,#787,.F.);
#6309 = PLANE('',#6310);
#6310 = AXIS2_PLACEMENT_3D('',#6311,#6312,#6313);
#6311 = CARTESIAN_POINT('',(53.258091658025,59.970887011494,18.5));
#6312 = DIRECTION('',(-0.751839807479,0.6593458151,0.));
#6313 = DIRECTION('',(0.,0.,1.));
#6314 = ADVANCED_FACE('',(#6315),#6341,.T.);
#6315 = FACE_BOUND('',#6316,.T.);
#6316 = EDGE_LOOP('',(#6317,#6325,#6334,#6340));
#6317 = ORIENTED_EDGE('',*,*,#6318,.F.);
#6318 = EDGE_CURVE('',#6319,#815,#6321,.T.);
#6319 = VERTEX_POINT('',#6320);
#6320 = CARTESIAN_POINT('',(50.436583879876,63.641500787837,18.5));
#6321 = LINE('',#6322,#6323);
#6322 = CARTESIAN_POINT('',(49.811623921504,62.862816818074,18.5));
#6323 = VECTOR('',#6324,1.);
#6324 = DIRECTION('',(0.625923472184,0.779884483093,0.));
#6325 = ORIENTED_EDGE('',*,*,#6326,.F.);
#6326 = EDGE_CURVE('',#6327,#6319,#6329,.T.);
#6327 = VERTEX_POINT('',#6328);
#6328 = CARTESIAN_POINT('',(51.216468362968,63.015577315653,18.5));
#6329 = CIRCLE('',#6330,81.204);
#6330 = AXIS2_PLACEMENT_3D('',#6331,#6332,#6333);
#6331 = CARTESIAN_POINT('',(0.,0.,18.5));
#6332 = DIRECTION('',(0.,0.,1.));
#6333 = DIRECTION('',(1.,0.,-0.));
#6334 = ORIENTED_EDGE('',*,*,#6335,.T.);
#6335 = EDGE_CURVE('',#6327,#813,#6336,.T.);
#6336 = LINE('',#6337,#6338);
#6337 = CARTESIAN_POINT('',(50.591508404597,62.236893345889,18.5));
#6338 = VECTOR('',#6339,1.);
#6339 = DIRECTION('',(0.625923472184,0.779884483093,0.));
#6340 = ORIENTED_EDGE('',*,*,#812,.T.);
#6341 = PLANE('',#6342);
#6342 = AXIS2_PLACEMENT_3D('',#6343,#6344,#6345);
#6343 = CARTESIAN_POINT('',(50.591508404597,62.236893345889,18.5));
#6344 = DIRECTION('',(0.,0.,1.));
#6345 = DIRECTION('',(0.625923472184,0.779884483093,0.));
#6346 = ADVANCED_FACE('',(#6347),#6365,.F.);
#6347 = FACE_BOUND('',#6348,.F.);
#6348 = EDGE_LOOP('',(#6349,#6350,#6358,#6364));
#6349 = ORIENTED_EDGE('',*,*,#6318,.F.);
#6350 = ORIENTED_EDGE('',*,*,#6351,.T.);
#6351 = EDGE_CURVE('',#6319,#6352,#6354,.T.);
#6352 = VERTEX_POINT('',#6353);
#6353 = CARTESIAN_POINT('',(50.436583879876,63.641500787837,23.));
#6354 = LINE('',#6355,#6356);
#6355 = CARTESIAN_POINT('',(50.436583879876,63.641500787837,7.99));
#6356 = VECTOR('',#6357,1.);
#6357 = DIRECTION('',(0.,0.,1.));
#6358 = ORIENTED_EDGE('',*,*,#6359,.T.);
#6359 = EDGE_CURVE('',#6352,#832,#6360,.T.);
#6360 = LINE('',#6361,#6362);
#6361 = CARTESIAN_POINT('',(49.811623921504,62.862816818074,23.));
#6362 = VECTOR('',#6363,1.);
#6363 = DIRECTION('',(0.625923472184,0.779884483093,0.));
#6364 = ORIENTED_EDGE('',*,*,#840,.F.);
#6365 = PLANE('',#6366);
#6366 = AXIS2_PLACEMENT_3D('',#6367,#6368,#6369);
#6367 = CARTESIAN_POINT('',(49.811623921504,62.862816818074,18.5));
#6368 = DIRECTION('',(-0.779884483093,0.625923472184,0.));
#6369 = DIRECTION('',(0.,0.,1.));
#6370 = ADVANCED_FACE('',(#6371),#6390,.F.);
#6371 = FACE_BOUND('',#6372,.F.);
#6372 = EDGE_LOOP('',(#6373,#6374,#6383,#6389));
#6373 = ORIENTED_EDGE('',*,*,#6359,.F.);
#6374 = ORIENTED_EDGE('',*,*,#6375,.F.);
#6375 = EDGE_CURVE('',#6376,#6352,#6378,.T.);
#6376 = VERTEX_POINT('',#6377);
#6377 = CARTESIAN_POINT('',(51.216468362968,63.015577315653,23.));
#6378 = CIRCLE('',#6379,81.204);
#6379 = AXIS2_PLACEMENT_3D('',#6380,#6381,#6382);
#6380 = CARTESIAN_POINT('',(0.,0.,23.));
#6381 = DIRECTION('',(0.,0.,1.));
#6382 = DIRECTION('',(1.,0.,-0.));
#6383 = ORIENTED_EDGE('',*,*,#6384,.T.);
#6384 = EDGE_CURVE('',#6376,#824,#6385,.T.);
#6385 = LINE('',#6386,#6387);
#6386 = CARTESIAN_POINT('',(50.591508404597,62.236893345889,23.));
#6387 = VECTOR('',#6388,1.);
#6388 = DIRECTION('',(0.625923472184,0.779884483093,0.));
#6389 = ORIENTED_EDGE('',*,*,#831,.T.);
#6390 = PLANE('',#6391);
#6391 = AXIS2_PLACEMENT_3D('',#6392,#6393,#6394);
#6392 = CARTESIAN_POINT('',(50.591508404597,62.236893345889,23.));
#6393 = DIRECTION('',(0.,0.,1.));
#6394 = DIRECTION('',(0.625923472184,0.779884483093,0.));
#6395 = ADVANCED_FACE('',(#6396),#6407,.T.);
#6396 = FACE_BOUND('',#6397,.T.);
#6397 = EDGE_LOOP('',(#6398,#6399,#6405,#6406));
#6398 = ORIENTED_EDGE('',*,*,#6335,.F.);
#6399 = ORIENTED_EDGE('',*,*,#6400,.T.);
#6400 = EDGE_CURVE('',#6327,#6376,#6401,.T.);
#6401 = LINE('',#6402,#6403);
#6402 = CARTESIAN_POINT('',(51.216468362968,63.015577315653,7.99));
#6403 = VECTOR('',#6404,1.);
#6404 = DIRECTION('',(0.,0.,1.));
#6405 = ORIENTED_EDGE('',*,*,#6384,.T.);
#6406 = ORIENTED_EDGE('',*,*,#823,.F.);
#6407 = PLANE('',#6408);
#6408 = AXIS2_PLACEMENT_3D('',#6409,#6410,#6411);
#6409 = CARTESIAN_POINT('',(50.591508404597,62.236893345889,18.5));
#6410 = DIRECTION('',(-0.779884483093,0.625923472184,0.));
#6411 = DIRECTION('',(0.,0.,1.));
#6412 = ADVANCED_FACE('',(#6413),#6439,.T.);
#6413 = FACE_BOUND('',#6414,.T.);
#6414 = EDGE_LOOP('',(#6415,#6423,#6432,#6438));
#6415 = ORIENTED_EDGE('',*,*,#6416,.F.);
#6416 = EDGE_CURVE('',#6417,#851,#6419,.T.);
#6417 = VERTEX_POINT('',#6418);
#6418 = CARTESIAN_POINT('',(47.612576152478,65.78094107053,18.5));
#6419 = LINE('',#6420,#6421);
#6420 = CARTESIAN_POINT('',(47.022176735219,64.975737864851,18.5));
#6421 = VECTOR('',#6422,1.);
#6422 = DIRECTION('',(0.591309648364,0.806444604267,0.));
#6423 = ORIENTED_EDGE('',*,*,#6424,.F.);
#6424 = EDGE_CURVE('',#6425,#6417,#6427,.T.);
#6425 = VERTEX_POINT('',#6426);
#6426 = CARTESIAN_POINT('',(48.419020756745,65.189631422166,18.5));
#6427 = CIRCLE('',#6428,81.204);
#6428 = AXIS2_PLACEMENT_3D('',#6429,#6430,#6431);
#6429 = CARTESIAN_POINT('',(0.,0.,18.5));
#6430 = DIRECTION('',(0.,0.,1.));
#6431 = DIRECTION('',(1.,0.,-0.));
#6432 = ORIENTED_EDGE('',*,*,#6433,.T.);
#6433 = EDGE_CURVE('',#6425,#849,#6434,.T.);
#6434 = LINE('',#6435,#6436);
#6435 = CARTESIAN_POINT('',(47.828621339486,64.384428216487,18.5));
#6436 = VECTOR('',#6437,1.);
#6437 = DIRECTION('',(0.591309648364,0.806444604267,0.));
#6438 = ORIENTED_EDGE('',*,*,#848,.T.);
#6439 = PLANE('',#6440);
#6440 = AXIS2_PLACEMENT_3D('',#6441,#6442,#6443);
#6441 = CARTESIAN_POINT('',(47.828621339486,64.384428216487,18.5));
#6442 = DIRECTION('',(0.,0.,1.));
#6443 = DIRECTION('',(0.591309648364,0.806444604267,0.));
#6444 = ADVANCED_FACE('',(#6445),#6463,.F.);
#6445 = FACE_BOUND('',#6446,.F.);
#6446 = EDGE_LOOP('',(#6447,#6448,#6456,#6462));
#6447 = ORIENTED_EDGE('',*,*,#6416,.F.);
#6448 = ORIENTED_EDGE('',*,*,#6449,.T.);
#6449 = EDGE_CURVE('',#6417,#6450,#6452,.T.);
#6450 = VERTEX_POINT('',#6451);
#6451 = CARTESIAN_POINT('',(47.612576152478,65.78094107053,23.));
#6452 = LINE('',#6453,#6454);
#6453 = CARTESIAN_POINT('',(47.612576152478,65.78094107053,7.99));
#6454 = VECTOR('',#6455,1.);
#6455 = DIRECTION('',(0.,0.,1.));
#6456 = ORIENTED_EDGE('',*,*,#6457,.T.);
#6457 = EDGE_CURVE('',#6450,#868,#6458,.T.);
#6458 = LINE('',#6459,#6460);
#6459 = CARTESIAN_POINT('',(47.022176735219,64.975737864851,23.));
#6460 = VECTOR('',#6461,1.);
#6461 = DIRECTION('',(0.591309648364,0.806444604267,0.));
#6462 = ORIENTED_EDGE('',*,*,#876,.F.);
#6463 = PLANE('',#6464);
#6464 = AXIS2_PLACEMENT_3D('',#6465,#6466,#6467);
#6465 = CARTESIAN_POINT('',(47.022176735219,64.975737864851,18.5));
#6466 = DIRECTION('',(-0.806444604267,0.591309648364,0.));
#6467 = DIRECTION('',(0.,0.,1.));
#6468 = ADVANCED_FACE('',(#6469),#6488,.F.);
#6469 = FACE_BOUND('',#6470,.F.);
#6470 = EDGE_LOOP('',(#6471,#6472,#6481,#6487));
#6471 = ORIENTED_EDGE('',*,*,#6457,.F.);
#6472 = ORIENTED_EDGE('',*,*,#6473,.F.);
#6473 = EDGE_CURVE('',#6474,#6450,#6476,.T.);
#6474 = VERTEX_POINT('',#6475);
#6475 = CARTESIAN_POINT('',(48.419020756745,65.189631422166,23.));
#6476 = CIRCLE('',#6477,81.204);
#6477 = AXIS2_PLACEMENT_3D('',#6478,#6479,#6480);
#6478 = CARTESIAN_POINT('',(0.,0.,23.));
#6479 = DIRECTION('',(0.,0.,1.));
#6480 = DIRECTION('',(1.,0.,-0.));
#6481 = ORIENTED_EDGE('',*,*,#6482,.T.);
#6482 = EDGE_CURVE('',#6474,#860,#6483,.T.);
#6483 = LINE('',#6484,#6485);
#6484 = CARTESIAN_POINT('',(47.828621339486,64.384428216487,23.));
#6485 = VECTOR('',#6486,1.);
#6486 = DIRECTION('',(0.591309648364,0.806444604267,0.));
#6487 = ORIENTED_EDGE('',*,*,#867,.T.);
#6488 = PLANE('',#6489);
#6489 = AXIS2_PLACEMENT_3D('',#6490,#6491,#6492);
#6490 = CARTESIAN_POINT('',(47.828621339486,64.384428216487,23.));
#6491 = DIRECTION('',(0.,0.,1.));
#6492 = DIRECTION('',(0.591309648364,0.806444604267,0.));
#6493 = ADVANCED_FACE('',(#6494),#6505,.T.);
#6494 = FACE_BOUND('',#6495,.T.);
#6495 = EDGE_LOOP('',(#6496,#6497,#6503,#6504));
#6496 = ORIENTED_EDGE('',*,*,#6433,.F.);
#6497 = ORIENTED_EDGE('',*,*,#6498,.T.);
#6498 = EDGE_CURVE('',#6425,#6474,#6499,.T.);
#6499 = LINE('',#6500,#6501);
#6500 = CARTESIAN_POINT('',(48.419020756745,65.189631422166,7.99));
#6501 = VECTOR('',#6502,1.);
#6502 = DIRECTION('',(0.,0.,1.));
#6503 = ORIENTED_EDGE('',*,*,#6482,.T.);
#6504 = ORIENTED_EDGE('',*,*,#859,.F.);
#6505 = PLANE('',#6506);
#6506 = AXIS2_PLACEMENT_3D('',#6507,#6508,#6509);
#6507 = CARTESIAN_POINT('',(47.828621339486,64.384428216487,18.5));
#6508 = DIRECTION('',(-0.806444604267,0.591309648364,0.));
#6509 = DIRECTION('',(0.,0.,1.));
#6510 = ADVANCED_FACE('',(#6511),#6537,.T.);
#6511 = FACE_BOUND('',#6512,.T.);
#6512 = EDGE_LOOP('',(#6513,#6521,#6530,#6536));
#6513 = ORIENTED_EDGE('',*,*,#6514,.F.);
#6514 = EDGE_CURVE('',#6515,#887,#6517,.T.);
#6515 = VERTEX_POINT('',#6516);
#6516 = CARTESIAN_POINT('',(44.697935180252,67.79516359315,18.5));
#6517 = LINE('',#6518,#6519);
#6518 = CARTESIAN_POINT('',(44.143220162953,66.964973901623,18.5));
#6519 = VECTOR('',#6520,1.);
#6520 = DIRECTION('',(0.55557023302,0.831469612303,0.));
#6521 = ORIENTED_EDGE('',*,*,#6522,.F.);
#6522 = EDGE_CURVE('',#6523,#6515,#6525,.T.);
#6523 = VERTEX_POINT('',#6524);
#6524 = CARTESIAN_POINT('',(45.529404792555,67.239593360131,18.5));
#6525 = CIRCLE('',#6526,81.204);
#6526 = AXIS2_PLACEMENT_3D('',#6527,#6528,#6529);
#6527 = CARTESIAN_POINT('',(0.,0.,18.5));
#6528 = DIRECTION('',(0.,0.,1.));
#6529 = DIRECTION('',(1.,0.,-0.));
#6530 = ORIENTED_EDGE('',*,*,#6531,.T.);
#6531 = EDGE_CURVE('',#6523,#885,#6532,.T.);
#6532 = LINE('',#6533,#6534);
#6533 = CARTESIAN_POINT('',(44.974689775255,66.409403668604,18.5));
#6534 = VECTOR('',#6535,1.);
#6535 = DIRECTION('',(0.55557023302,0.831469612303,0.));
#6536 = ORIENTED_EDGE('',*,*,#884,.T.);
#6537 = PLANE('',#6538);
#6538 = AXIS2_PLACEMENT_3D('',#6539,#6540,#6541);
#6539 = CARTESIAN_POINT('',(44.974689775255,66.409403668604,18.5));
#6540 = DIRECTION('',(0.,0.,1.));
#6541 = DIRECTION('',(0.55557023302,0.831469612303,0.));
#6542 = ADVANCED_FACE('',(#6543),#6561,.F.);
#6543 = FACE_BOUND('',#6544,.F.);
#6544 = EDGE_LOOP('',(#6545,#6546,#6554,#6560));
#6545 = ORIENTED_EDGE('',*,*,#6514,.F.);
#6546 = ORIENTED_EDGE('',*,*,#6547,.T.);
#6547 = EDGE_CURVE('',#6515,#6548,#6550,.T.);
#6548 = VERTEX_POINT('',#6549);
#6549 = CARTESIAN_POINT('',(44.697935180252,67.79516359315,23.));
#6550 = LINE('',#6551,#6552);
#6551 = CARTESIAN_POINT('',(44.697935180252,67.79516359315,7.99));
#6552 = VECTOR('',#6553,1.);
#6553 = DIRECTION('',(0.,0.,1.));
#6554 = ORIENTED_EDGE('',*,*,#6555,.T.);
#6555 = EDGE_CURVE('',#6548,#904,#6556,.T.);
#6556 = LINE('',#6557,#6558);
#6557 = CARTESIAN_POINT('',(44.143220162953,66.964973901623,23.));
#6558 = VECTOR('',#6559,1.);
#6559 = DIRECTION('',(0.55557023302,0.831469612303,0.));
#6560 = ORIENTED_EDGE('',*,*,#912,.F.);
#6561 = PLANE('',#6562);
#6562 = AXIS2_PLACEMENT_3D('',#6563,#6564,#6565);
#6563 = CARTESIAN_POINT('',(44.143220162953,66.964973901623,18.5));
#6564 = DIRECTION('',(-0.831469612303,0.55557023302,0.));
#6565 = DIRECTION('',(0.,0.,1.));
#6566 = ADVANCED_FACE('',(#6567),#6586,.F.);
#6567 = FACE_BOUND('',#6568,.F.);
#6568 = EDGE_LOOP('',(#6569,#6570,#6579,#6585));
#6569 = ORIENTED_EDGE('',*,*,#6555,.F.);
#6570 = ORIENTED_EDGE('',*,*,#6571,.F.);
#6571 = EDGE_CURVE('',#6572,#6548,#6574,.T.);
#6572 = VERTEX_POINT('',#6573);
#6573 = CARTESIAN_POINT('',(45.529404792555,67.239593360131,23.));
#6574 = CIRCLE('',#6575,81.204);
#6575 = AXIS2_PLACEMENT_3D('',#6576,#6577,#6578);
#6576 = CARTESIAN_POINT('',(0.,0.,23.));
#6577 = DIRECTION('',(0.,0.,1.));
#6578 = DIRECTION('',(1.,0.,-0.));
#6579 = ORIENTED_EDGE('',*,*,#6580,.T.);
#6580 = EDGE_CURVE('',#6572,#896,#6581,.T.);
#6581 = LINE('',#6582,#6583);
#6582 = CARTESIAN_POINT('',(44.974689775255,66.409403668604,23.));
#6583 = VECTOR('',#6584,1.);
#6584 = DIRECTION('',(0.55557023302,0.831469612303,0.));
#6585 = ORIENTED_EDGE('',*,*,#903,.T.);
#6586 = PLANE('',#6587);
#6587 = AXIS2_PLACEMENT_3D('',#6588,#6589,#6590);
#6588 = CARTESIAN_POINT('',(44.974689775255,66.409403668604,23.));
#6589 = DIRECTION('',(0.,0.,1.));
#6590 = DIRECTION('',(0.55557023302,0.831469612303,0.));
#6591 = ADVANCED_FACE('',(#6592),#6603,.T.);
#6592 = FACE_BOUND('',#6593,.T.);
#6593 = EDGE_LOOP('',(#6594,#6595,#6601,#6602));
#6594 = ORIENTED_EDGE('',*,*,#6531,.F.);
#6595 = ORIENTED_EDGE('',*,*,#6596,.T.);
#6596 = EDGE_CURVE('',#6523,#6572,#6597,.T.);
#6597 = LINE('',#6598,#6599);
#6598 = CARTESIAN_POINT('',(45.529404792555,67.239593360131,7.99));
#6599 = VECTOR('',#6600,1.);
#6600 = DIRECTION('',(0.,0.,1.));
#6601 = ORIENTED_EDGE('',*,*,#6580,.T.);
#6602 = ORIENTED_EDGE('',*,*,#895,.F.);
#6603 = PLANE('',#6604);
#6604 = AXIS2_PLACEMENT_3D('',#6605,#6606,#6607);
#6605 = CARTESIAN_POINT('',(44.974689775255,66.409403668604,18.5));
#6606 = DIRECTION('',(-0.831469612303,0.55557023302,0.));
#6607 = DIRECTION('',(0.,0.,1.));
#6608 = ADVANCED_FACE('',(#6609),#6635,.T.);
#6609 = FACE_BOUND('',#6610,.T.);
#6610 = EDGE_LOOP('',(#6611,#6619,#6628,#6634));
#6611 = ORIENTED_EDGE('',*,*,#6612,.F.);
#6612 = EDGE_CURVE('',#6613,#923,#6615,.T.);
#6613 = VERTEX_POINT('',#6614);
#6614 = CARTESIAN_POINT('',(41.698209147946,69.680334168646,18.5));
#6615 = LINE('',#6616,#6617);
#6616 = CARTESIAN_POINT('',(41.18023446217,68.826738304533,18.5));
#6617 = VECTOR('',#6618,1.);
#6618 = DIRECTION('',(0.518773258161,0.854911870673,0.));
#6619 = ORIENTED_EDGE('',*,*,#6620,.F.);
#6620 = EDGE_CURVE('',#6621,#6613,#6623,.T.);
#6621 = VERTEX_POINT('',#6622);
#6622 = CARTESIAN_POINT('',(42.553121018619,69.161560910485,18.5));
#6623 = CIRCLE('',#6624,81.204);
#6624 = AXIS2_PLACEMENT_3D('',#6625,#6626,#6627);
#6625 = CARTESIAN_POINT('',(0.,0.,18.5));
#6626 = DIRECTION('',(0.,0.,1.));
#6627 = DIRECTION('',(1.,0.,-0.));
#6628 = ORIENTED_EDGE('',*,*,#6629,.T.);
#6629 = EDGE_CURVE('',#6621,#921,#6630,.T.);
#6630 = LINE('',#6631,#6632);
#6631 = CARTESIAN_POINT('',(42.035146332843,68.307965046373,18.5));
#6632 = VECTOR('',#6633,1.);
#6633 = DIRECTION('',(0.518773258161,0.854911870673,0.));
#6634 = ORIENTED_EDGE('',*,*,#920,.T.);
#6635 = PLANE('',#6636);
#6636 = AXIS2_PLACEMENT_3D('',#6637,#6638,#6639);
#6637 = CARTESIAN_POINT('',(42.035146332843,68.307965046373,18.5));
#6638 = DIRECTION('',(0.,0.,1.));
#6639 = DIRECTION('',(0.518773258161,0.854911870673,0.));
#6640 = ADVANCED_FACE('',(#6641),#6659,.F.);
#6641 = FACE_BOUND('',#6642,.F.);
#6642 = EDGE_LOOP('',(#6643,#6644,#6652,#6658));
#6643 = ORIENTED_EDGE('',*,*,#6612,.F.);
#6644 = ORIENTED_EDGE('',*,*,#6645,.T.);
#6645 = EDGE_CURVE('',#6613,#6646,#6648,.T.);
#6646 = VERTEX_POINT('',#6647);
#6647 = CARTESIAN_POINT('',(41.698209147946,69.680334168646,23.));
#6648 = LINE('',#6649,#6650);
#6649 = CARTESIAN_POINT('',(41.698209147946,69.680334168646,7.99));
#6650 = VECTOR('',#6651,1.);
#6651 = DIRECTION('',(0.,0.,1.));
#6652 = ORIENTED_EDGE('',*,*,#6653,.T.);
#6653 = EDGE_CURVE('',#6646,#940,#6654,.T.);
#6654 = LINE('',#6655,#6656);
#6655 = CARTESIAN_POINT('',(41.18023446217,68.826738304533,23.));
#6656 = VECTOR('',#6657,1.);
#6657 = DIRECTION('',(0.518773258161,0.854911870673,0.));
#6658 = ORIENTED_EDGE('',*,*,#948,.F.);
#6659 = PLANE('',#6660);
#6660 = AXIS2_PLACEMENT_3D('',#6661,#6662,#6663);
#6661 = CARTESIAN_POINT('',(41.18023446217,68.826738304533,18.5));
#6662 = DIRECTION('',(-0.854911870673,0.518773258161,0.));
#6663 = DIRECTION('',(0.,0.,1.));
#6664 = ADVANCED_FACE('',(#6665),#6684,.F.);
#6665 = FACE_BOUND('',#6666,.F.);
#6666 = EDGE_LOOP('',(#6667,#6668,#6677,#6683));
#6667 = ORIENTED_EDGE('',*,*,#6653,.F.);
#6668 = ORIENTED_EDGE('',*,*,#6669,.F.);
#6669 = EDGE_CURVE('',#6670,#6646,#6672,.T.);
#6670 = VERTEX_POINT('',#6671);
#6671 = CARTESIAN_POINT('',(42.553121018619,69.161560910485,23.));
#6672 = CIRCLE('',#6673,81.204);
#6673 = AXIS2_PLACEMENT_3D('',#6674,#6675,#6676);
#6674 = CARTESIAN_POINT('',(0.,0.,23.));
#6675 = DIRECTION('',(0.,0.,1.));
#6676 = DIRECTION('',(1.,0.,-0.));
#6677 = ORIENTED_EDGE('',*,*,#6678,.T.);
#6678 = EDGE_CURVE('',#6670,#932,#6679,.T.);
#6679 = LINE('',#6680,#6681);
#6680 = CARTESIAN_POINT('',(42.035146332843,68.307965046373,23.));
#6681 = VECTOR('',#6682,1.);
#6682 = DIRECTION('',(0.518773258161,0.854911870673,0.));
#6683 = ORIENTED_EDGE('',*,*,#939,.T.);
#6684 = PLANE('',#6685);
#6685 = AXIS2_PLACEMENT_3D('',#6686,#6687,#6688);
#6686 = CARTESIAN_POINT('',(42.035146332843,68.307965046373,23.));
#6687 = DIRECTION('',(0.,0.,1.));
#6688 = DIRECTION('',(0.518773258161,0.854911870673,0.));
#6689 = ADVANCED_FACE('',(#6690),#6701,.T.);
#6690 = FACE_BOUND('',#6691,.T.);
#6691 = EDGE_LOOP('',(#6692,#6693,#6699,#6700));
#6692 = ORIENTED_EDGE('',*,*,#6629,.F.);
#6693 = ORIENTED_EDGE('',*,*,#6694,.T.);
#6694 = EDGE_CURVE('',#6621,#6670,#6695,.T.);
#6695 = LINE('',#6696,#6697);
#6696 = CARTESIAN_POINT('',(42.553121018619,69.161560910485,7.99));
#6697 = VECTOR('',#6698,1.);
#6698 = DIRECTION('',(0.,0.,1.));
#6699 = ORIENTED_EDGE('',*,*,#6678,.T.);
#6700 = ORIENTED_EDGE('',*,*,#931,.F.);
#6701 = PLANE('',#6702);
#6702 = AXIS2_PLACEMENT_3D('',#6703,#6704,#6705);
#6703 = CARTESIAN_POINT('',(42.035146332843,68.307965046373,18.5));
#6704 = DIRECTION('',(-0.854911870673,0.518773258161,0.));
#6705 = DIRECTION('',(0.,0.,1.));
#6706 = ADVANCED_FACE('',(#6707),#6733,.T.);
#6707 = FACE_BOUND('',#6708,.T.);
#6708 = EDGE_LOOP('',(#6709,#6717,#6726,#6732));
#6709 = ORIENTED_EDGE('',*,*,#6710,.F.);
#6710 = EDGE_CURVE('',#6711,#959,#6713,.T.);
#6711 = VERTEX_POINT('',#6712);
#6712 = CARTESIAN_POINT('',(38.619108204556,71.43286426768,18.5));
#6713 = LINE('',#6714,#6715);
#6714 = CARTESIAN_POINT('',(38.138859844557,70.557487099225,18.5));
#6715 = VECTOR('',#6716,1.);
#6716 = DIRECTION('',(0.480988768919,0.876726755708,0.));
#6717 = ORIENTED_EDGE('',*,*,#6718,.F.);
#6718 = EDGE_CURVE('',#6719,#6711,#6721,.T.);
#6719 = VERTEX_POINT('',#6720);
#6720 = CARTESIAN_POINT('',(39.495834960263,70.951875498761,18.5));
#6721 = CIRCLE('',#6722,81.204);
#6722 = AXIS2_PLACEMENT_3D('',#6723,#6724,#6725);
#6723 = CARTESIAN_POINT('',(0.,0.,18.5));
#6724 = DIRECTION('',(0.,0.,1.));
#6725 = DIRECTION('',(1.,0.,-0.));
#6726 = ORIENTED_EDGE('',*,*,#6727,.T.);
#6727 = EDGE_CURVE('',#6719,#957,#6728,.T.);
#6728 = LINE('',#6729,#6730);
#6729 = CARTESIAN_POINT('',(39.015586600264,70.076498330305,18.5));
#6730 = VECTOR('',#6731,1.);
#6731 = DIRECTION('',(0.480988768919,0.876726755708,0.));
#6732 = ORIENTED_EDGE('',*,*,#956,.T.);
#6733 = PLANE('',#6734);
#6734 = AXIS2_PLACEMENT_3D('',#6735,#6736,#6737);
#6735 = CARTESIAN_POINT('',(39.015586600264,70.076498330305,18.5));
#6736 = DIRECTION('',(0.,0.,1.));
#6737 = DIRECTION('',(0.480988768919,0.876726755708,0.));
#6738 = ADVANCED_FACE('',(#6739),#6757,.F.);
#6739 = FACE_BOUND('',#6740,.F.);
#6740 = EDGE_LOOP('',(#6741,#6742,#6750,#6756));
#6741 = ORIENTED_EDGE('',*,*,#6710,.F.);
#6742 = ORIENTED_EDGE('',*,*,#6743,.T.);
#6743 = EDGE_CURVE('',#6711,#6744,#6746,.T.);
#6744 = VERTEX_POINT('',#6745);
#6745 = CARTESIAN_POINT('',(38.619108204556,71.43286426768,23.));
#6746 = LINE('',#6747,#6748);
#6747 = CARTESIAN_POINT('',(38.619108204556,71.43286426768,7.99));
#6748 = VECTOR('',#6749,1.);
#6749 = DIRECTION('',(0.,0.,1.));
#6750 = ORIENTED_EDGE('',*,*,#6751,.T.);
#6751 = EDGE_CURVE('',#6744,#976,#6752,.T.);
#6752 = LINE('',#6753,#6754);
#6753 = CARTESIAN_POINT('',(38.138859844557,70.557487099225,23.));
#6754 = VECTOR('',#6755,1.);
#6755 = DIRECTION('',(0.480988768919,0.876726755708,0.));
#6756 = ORIENTED_EDGE('',*,*,#984,.F.);
#6757 = PLANE('',#6758);
#6758 = AXIS2_PLACEMENT_3D('',#6759,#6760,#6761);
#6759 = CARTESIAN_POINT('',(38.138859844557,70.557487099225,18.5));
#6760 = DIRECTION('',(-0.876726755708,0.480988768919,0.));
#6761 = DIRECTION('',(0.,0.,1.));
#6762 = ADVANCED_FACE('',(#6763),#6782,.F.);
#6763 = FACE_BOUND('',#6764,.F.);
#6764 = EDGE_LOOP('',(#6765,#6766,#6775,#6781));
#6765 = ORIENTED_EDGE('',*,*,#6751,.F.);
#6766 = ORIENTED_EDGE('',*,*,#6767,.F.);
#6767 = EDGE_CURVE('',#6768,#6744,#6770,.T.);
#6768 = VERTEX_POINT('',#6769);
#6769 = CARTESIAN_POINT('',(39.495834960263,70.951875498761,23.));
#6770 = CIRCLE('',#6771,81.204);
#6771 = AXIS2_PLACEMENT_3D('',#6772,#6773,#6774);
#6772 = CARTESIAN_POINT('',(0.,0.,23.));
#6773 = DIRECTION('',(0.,0.,1.));
#6774 = DIRECTION('',(1.,0.,-0.));
#6775 = ORIENTED_EDGE('',*,*,#6776,.T.);
#6776 = EDGE_CURVE('',#6768,#968,#6777,.T.);
#6777 = LINE('',#6778,#6779);
#6778 = CARTESIAN_POINT('',(39.015586600264,70.076498330305,23.));
#6779 = VECTOR('',#6780,1.);
#6780 = DIRECTION('',(0.480988768919,0.876726755708,0.));
#6781 = ORIENTED_EDGE('',*,*,#975,.T.);
#6782 = PLANE('',#6783);
#6783 = AXIS2_PLACEMENT_3D('',#6784,#6785,#6786);
#6784 = CARTESIAN_POINT('',(39.015586600264,70.076498330305,23.));
#6785 = DIRECTION('',(0.,0.,1.));
#6786 = DIRECTION('',(0.480988768919,0.876726755708,0.));
#6787 = ADVANCED_FACE('',(#6788),#6799,.T.);
#6788 = FACE_BOUND('',#6789,.T.);
#6789 = EDGE_LOOP('',(#6790,#6791,#6797,#6798));
#6790 = ORIENTED_EDGE('',*,*,#6727,.F.);
#6791 = ORIENTED_EDGE('',*,*,#6792,.T.);
#6792 = EDGE_CURVE('',#6719,#6768,#6793,.T.);
#6793 = LINE('',#6794,#6795);
#6794 = CARTESIAN_POINT('',(39.495834960263,70.951875498761,7.99));
#6795 = VECTOR('',#6796,1.);
#6796 = DIRECTION('',(0.,0.,1.));
#6797 = ORIENTED_EDGE('',*,*,#6776,.T.);
#6798 = ORIENTED_EDGE('',*,*,#967,.F.);
#6799 = PLANE('',#6800);
#6800 = AXIS2_PLACEMENT_3D('',#6801,#6802,#6803);
#6801 = CARTESIAN_POINT('',(39.015586600264,70.076498330305,18.5));
#6802 = DIRECTION('',(-0.876726755708,0.480988768919,0.));
#6803 = DIRECTION('',(0.,0.,1.));
#6804 = ADVANCED_FACE('',(#6805),#6831,.T.);
#6805 = FACE_BOUND('',#6806,.T.);
#6806 = EDGE_LOOP('',(#6807,#6815,#6824,#6830));
#6807 = ORIENTED_EDGE('',*,*,#6808,.F.);
#6808 = EDGE_CURVE('',#6809,#995,#6811,.T.);
#6809 = VERTEX_POINT('',#6810);
#6810 = CARTESIAN_POINT('',(35.466493593731,73.049417849603,18.5));
#6811 = LINE('',#6812,#6813);
#6812 = CARTESIAN_POINT('',(35.024885739558,72.153925706997,18.5));
#6813 = VECTOR('',#6814,1.);
#6814 = DIRECTION('',(0.442288690219,0.896872741533,0.));
#6815 = ORIENTED_EDGE('',*,*,#6816,.F.);
#6816 = EDGE_CURVE('',#6817,#6809,#6819,.T.);
#6817 = VERTEX_POINT('',#6818);
#6818 = CARTESIAN_POINT('',(36.363366335264,72.607129159383,18.5));
#6819 = CIRCLE('',#6820,81.204);
#6820 = AXIS2_PLACEMENT_3D('',#6821,#6822,#6823);
#6821 = CARTESIAN_POINT('',(0.,0.,18.5));
#6822 = DIRECTION('',(0.,0.,1.));
#6823 = DIRECTION('',(1.,0.,-0.));
#6824 = ORIENTED_EDGE('',*,*,#6825,.T.);
#6825 = EDGE_CURVE('',#6817,#993,#6826,.T.);
#6826 = LINE('',#6827,#6828);
#6827 = CARTESIAN_POINT('',(35.921758481091,71.711637016778,18.5));
#6828 = VECTOR('',#6829,1.);
#6829 = DIRECTION('',(0.442288690219,0.896872741533,0.));
#6830 = ORIENTED_EDGE('',*,*,#992,.T.);
#6831 = PLANE('',#6832);
#6832 = AXIS2_PLACEMENT_3D('',#6833,#6834,#6835);
#6833 = CARTESIAN_POINT('',(35.921758481091,71.711637016778,18.5));
#6834 = DIRECTION('',(0.,0.,1.));
#6835 = DIRECTION('',(0.442288690219,0.896872741533,0.));
#6836 = ADVANCED_FACE('',(#6837),#6855,.F.);
#6837 = FACE_BOUND('',#6838,.F.);
#6838 = EDGE_LOOP('',(#6839,#6840,#6848,#6854));
#6839 = ORIENTED_EDGE('',*,*,#6808,.F.);
#6840 = ORIENTED_EDGE('',*,*,#6841,.T.);
#6841 = EDGE_CURVE('',#6809,#6842,#6844,.T.);
#6842 = VERTEX_POINT('',#6843);
#6843 = CARTESIAN_POINT('',(35.466493593731,73.049417849603,23.));
#6844 = LINE('',#6845,#6846);
#6845 = CARTESIAN_POINT('',(35.466493593731,73.049417849603,7.99));
#6846 = VECTOR('',#6847,1.);
#6847 = DIRECTION('',(0.,0.,1.));
#6848 = ORIENTED_EDGE('',*,*,#6849,.T.);
#6849 = EDGE_CURVE('',#6842,#1012,#6850,.T.);
#6850 = LINE('',#6851,#6852);
#6851 = CARTESIAN_POINT('',(35.024885739558,72.153925706997,23.));
#6852 = VECTOR('',#6853,1.);
#6853 = DIRECTION('',(0.442288690219,0.896872741533,0.));
#6854 = ORIENTED_EDGE('',*,*,#1020,.F.);
#6855 = PLANE('',#6856);
#6856 = AXIS2_PLACEMENT_3D('',#6857,#6858,#6859);
#6857 = CARTESIAN_POINT('',(35.024885739558,72.153925706997,18.5));
#6858 = DIRECTION('',(-0.896872741533,0.442288690219,0.));
#6859 = DIRECTION('',(0.,0.,1.));
#6860 = ADVANCED_FACE('',(#6861),#6880,.F.);
#6861 = FACE_BOUND('',#6862,.F.);
#6862 = EDGE_LOOP('',(#6863,#6864,#6873,#6879));
#6863 = ORIENTED_EDGE('',*,*,#6849,.F.);
#6864 = ORIENTED_EDGE('',*,*,#6865,.F.);
#6865 = EDGE_CURVE('',#6866,#6842,#6868,.T.);
#6866 = VERTEX_POINT('',#6867);
#6867 = CARTESIAN_POINT('',(36.363366335264,72.607129159383,23.));
#6868 = CIRCLE('',#6869,81.204);
#6869 = AXIS2_PLACEMENT_3D('',#6870,#6871,#6872);
#6870 = CARTESIAN_POINT('',(0.,0.,23.));
#6871 = DIRECTION('',(0.,0.,1.));
#6872 = DIRECTION('',(1.,0.,-0.));
#6873 = ORIENTED_EDGE('',*,*,#6874,.T.);
#6874 = EDGE_CURVE('',#6866,#1004,#6875,.T.);
#6875 = LINE('',#6876,#6877);
#6876 = CARTESIAN_POINT('',(35.921758481091,71.711637016778,23.));
#6877 = VECTOR('',#6878,1.);
#6878 = DIRECTION('',(0.442288690219,0.896872741533,0.));
#6879 = ORIENTED_EDGE('',*,*,#1011,.T.);
#6880 = PLANE('',#6881);
#6881 = AXIS2_PLACEMENT_3D('',#6882,#6883,#6884);
#6882 = CARTESIAN_POINT('',(35.921758481091,71.711637016778,23.));
#6883 = DIRECTION('',(0.,0.,1.));
#6884 = DIRECTION('',(0.442288690219,0.896872741533,0.));
#6885 = ADVANCED_FACE('',(#6886),#6897,.T.);
#6886 = FACE_BOUND('',#6887,.T.);
#6887 = EDGE_LOOP('',(#6888,#6889,#6895,#6896));
#6888 = ORIENTED_EDGE('',*,*,#6825,.F.);
#6889 = ORIENTED_EDGE('',*,*,#6890,.T.);
#6890 = EDGE_CURVE('',#6817,#6866,#6891,.T.);
#6891 = LINE('',#6892,#6893);
#6892 = CARTESIAN_POINT('',(36.363366335264,72.607129159384,7.99));
#6893 = VECTOR('',#6894,1.);
#6894 = DIRECTION('',(0.,0.,1.));
#6895 = ORIENTED_EDGE('',*,*,#6874,.T.);
#6896 = ORIENTED_EDGE('',*,*,#1003,.F.);
#6897 = PLANE('',#6898);
#6898 = AXIS2_PLACEMENT_3D('',#6899,#6900,#6901);
#6899 = CARTESIAN_POINT('',(35.921758481091,71.711637016778,18.5));
#6900 = DIRECTION('',(-0.896872741533,0.442288690219,0.));
#6901 = DIRECTION('',(0.,0.,1.));
#6902 = ADVANCED_FACE('',(#6903),#6929,.T.);
#6903 = FACE_BOUND('',#6904,.T.);
#6904 = EDGE_LOOP('',(#6905,#6913,#6922,#6928));
#6905 = ORIENTED_EDGE('',*,*,#6906,.F.);
#6906 = EDGE_CURVE('',#6907,#1031,#6909,.T.);
#6907 = VERTEX_POINT('',#6908);
#6908 = CARTESIAN_POINT('',(32.246366496567,74.526917712791,18.5));
#6909 = LINE('',#6910,#6911);
#6910 = CARTESIAN_POINT('',(31.84423977387,73.613015216225,18.5));
#6911 = VECTOR('',#6912,1.);
#6912 = DIRECTION('',(0.402746689859,0.915311479119,0.));
#6913 = ORIENTED_EDGE('',*,*,#6914,.F.);
#6914 = EDGE_CURVE('',#6915,#6907,#6917,.T.);
#6915 = VERTEX_POINT('',#6916);
#6916 = CARTESIAN_POINT('',(33.161677975687,74.124171022932,18.5));
#6917 = CIRCLE('',#6918,81.204);
#6918 = AXIS2_PLACEMENT_3D('',#6919,#6920,#6921);
#6919 = CARTESIAN_POINT('',(0.,0.,18.5));
#6920 = DIRECTION('',(0.,0.,1.));
#6921 = DIRECTION('',(1.,0.,-0.));
#6922 = ORIENTED_EDGE('',*,*,#6923,.T.);
#6923 = EDGE_CURVE('',#6915,#1029,#6924,.T.);
#6924 = LINE('',#6925,#6926);
#6925 = CARTESIAN_POINT('',(32.75955125299,73.210268526367,18.5));
#6926 = VECTOR('',#6927,1.);
#6927 = DIRECTION('',(0.402746689859,0.915311479119,0.));
#6928 = ORIENTED_EDGE('',*,*,#1028,.T.);
#6929 = PLANE('',#6930);
#6930 = AXIS2_PLACEMENT_3D('',#6931,#6932,#6933);
#6931 = CARTESIAN_POINT('',(32.75955125299,73.210268526367,18.5));
#6932 = DIRECTION('',(0.,0.,1.));
#6933 = DIRECTION('',(0.402746689859,0.915311479119,0.));
#6934 = ADVANCED_FACE('',(#6935),#6953,.F.);
#6935 = FACE_BOUND('',#6936,.F.);
#6936 = EDGE_LOOP('',(#6937,#6938,#6946,#6952));
#6937 = ORIENTED_EDGE('',*,*,#6906,.F.);
#6938 = ORIENTED_EDGE('',*,*,#6939,.T.);
#6939 = EDGE_CURVE('',#6907,#6940,#6942,.T.);
#6940 = VERTEX_POINT('',#6941);
#6941 = CARTESIAN_POINT('',(32.246366496567,74.526917712791,23.));
#6942 = LINE('',#6943,#6944);
#6943 = CARTESIAN_POINT('',(32.246366496567,74.526917712791,7.99));
#6944 = VECTOR('',#6945,1.);
#6945 = DIRECTION('',(0.,0.,1.));
#6946 = ORIENTED_EDGE('',*,*,#6947,.T.);
#6947 = EDGE_CURVE('',#6940,#1048,#6948,.T.);
#6948 = LINE('',#6949,#6950);
#6949 = CARTESIAN_POINT('',(31.84423977387,73.613015216225,23.));
#6950 = VECTOR('',#6951,1.);
#6951 = DIRECTION('',(0.402746689859,0.915311479119,0.));
#6952 = ORIENTED_EDGE('',*,*,#1056,.F.);
#6953 = PLANE('',#6954);
#6954 = AXIS2_PLACEMENT_3D('',#6955,#6956,#6957);
#6955 = CARTESIAN_POINT('',(31.84423977387,73.613015216225,18.5));
#6956 = DIRECTION('',(-0.915311479119,0.402746689859,0.));
#6957 = DIRECTION('',(0.,0.,1.));
#6958 = ADVANCED_FACE('',(#6959),#6978,.F.);
#6959 = FACE_BOUND('',#6960,.F.);
#6960 = EDGE_LOOP('',(#6961,#6962,#6971,#6977));
#6961 = ORIENTED_EDGE('',*,*,#6947,.F.);
#6962 = ORIENTED_EDGE('',*,*,#6963,.F.);
#6963 = EDGE_CURVE('',#6964,#6940,#6966,.T.);
#6964 = VERTEX_POINT('',#6965);
#6965 = CARTESIAN_POINT('',(33.161677975687,74.124171022932,23.));
#6966 = CIRCLE('',#6967,81.204);
#6967 = AXIS2_PLACEMENT_3D('',#6968,#6969,#6970);
#6968 = CARTESIAN_POINT('',(0.,0.,23.));
#6969 = DIRECTION('',(0.,0.,1.));
#6970 = DIRECTION('',(1.,0.,-0.));
#6971 = ORIENTED_EDGE('',*,*,#6972,.T.);
#6972 = EDGE_CURVE('',#6964,#1040,#6973,.T.);
#6973 = LINE('',#6974,#6975);
#6974 = CARTESIAN_POINT('',(32.75955125299,73.210268526367,23.));
#6975 = VECTOR('',#6976,1.);
#6976 = DIRECTION('',(0.402746689859,0.915311479119,0.));
#6977 = ORIENTED_EDGE('',*,*,#1047,.T.);
#6978 = PLANE('',#6979);
#6979 = AXIS2_PLACEMENT_3D('',#6980,#6981,#6982);
#6980 = CARTESIAN_POINT('',(32.75955125299,73.210268526367,23.));
#6981 = DIRECTION('',(0.,0.,1.));
#6982 = DIRECTION('',(0.402746689859,0.915311479119,0.));
#6983 = ADVANCED_FACE('',(#6984),#6995,.T.);
#6984 = FACE_BOUND('',#6985,.T.);
#6985 = EDGE_LOOP('',(#6986,#6987,#6993,#6994));
#6986 = ORIENTED_EDGE('',*,*,#6923,.F.);
#6987 = ORIENTED_EDGE('',*,*,#6988,.T.);
#6988 = EDGE_CURVE('',#6915,#6964,#6989,.T.);
#6989 = LINE('',#6990,#6991);
#6990 = CARTESIAN_POINT('',(33.161677975687,74.124171022932,7.99));
#6991 = VECTOR('',#6992,1.);
#6992 = DIRECTION('',(0.,0.,1.));
#6993 = ORIENTED_EDGE('',*,*,#6972,.T.);
#6994 = ORIENTED_EDGE('',*,*,#1039,.F.);
#6995 = PLANE('',#6996);
#6996 = AXIS2_PLACEMENT_3D('',#6997,#6998,#6999);
#6997 = CARTESIAN_POINT('',(32.75955125299,73.210268526367,18.5));
#6998 = DIRECTION('',(-0.915311479119,0.402746689859,0.));
#6999 = DIRECTION('',(0.,0.,1.));
#7000 = ADVANCED_FACE('',(#7001),#7027,.T.);
#7001 = FACE_BOUND('',#7002,.T.);
#7002 = EDGE_LOOP('',(#7003,#7011,#7020,#7026));
#7003 = ORIENTED_EDGE('',*,*,#7004,.F.);
#7004 = EDGE_CURVE('',#7005,#1067,#7007,.T.);
#7005 = VERTEX_POINT('',#7006);
#7006 = CARTESIAN_POINT('',(28.964856608014,75.862551352279,18.5));
#7007 = LINE('',#7008,#7009);
#7008 = CARTESIAN_POINT('',(28.602976487865,74.931978167099,18.5));
#7009 = VECTOR('',#7010,1.);
#7010 = DIRECTION('',(0.362438038284,0.932007869283,0.));
#7011 = ORIENTED_EDGE('',*,*,#7012,.F.);
#7012 = EDGE_CURVE('',#7013,#7005,#7015,.T.);
#7013 = VERTEX_POINT('',#7014);
#7014 = CARTESIAN_POINT('',(29.896864477297,75.500113313996,18.5));
#7015 = CIRCLE('',#7016,81.204);
#7016 = AXIS2_PLACEMENT_3D('',#7017,#7018,#7019);
#7017 = CARTESIAN_POINT('',(0.,0.,18.5));
#7018 = DIRECTION('',(0.,0.,1.));
#7019 = DIRECTION('',(1.,0.,-0.));
#7020 = ORIENTED_EDGE('',*,*,#7021,.T.);
#7021 = EDGE_CURVE('',#7013,#1065,#7022,.T.);
#7022 = LINE('',#7023,#7024);
#7023 = CARTESIAN_POINT('',(29.534984357147,74.569540128816,18.5));
#7024 = VECTOR('',#7025,1.);
#7025 = DIRECTION('',(0.362438038284,0.932007869283,0.));
#7026 = ORIENTED_EDGE('',*,*,#1064,.T.);
#7027 = PLANE('',#7028);
#7028 = AXIS2_PLACEMENT_3D('',#7029,#7030,#7031);
#7029 = CARTESIAN_POINT('',(29.534984357147,74.569540128816,18.5));
#7030 = DIRECTION('',(0.,0.,1.));
#7031 = DIRECTION('',(0.362438038284,0.932007869283,0.));
#7032 = ADVANCED_FACE('',(#7033),#7051,.F.);
#7033 = FACE_BOUND('',#7034,.F.);
#7034 = EDGE_LOOP('',(#7035,#7036,#7044,#7050));
#7035 = ORIENTED_EDGE('',*,*,#7004,.F.);
#7036 = ORIENTED_EDGE('',*,*,#7037,.T.);
#7037 = EDGE_CURVE('',#7005,#7038,#7040,.T.);
#7038 = VERTEX_POINT('',#7039);
#7039 = CARTESIAN_POINT('',(28.964856608014,75.862551352279,23.));
#7040 = LINE('',#7041,#7042);
#7041 = CARTESIAN_POINT('',(28.964856608014,75.862551352279,7.99));
#7042 = VECTOR('',#7043,1.);
#7043 = DIRECTION('',(0.,0.,1.));
#7044 = ORIENTED_EDGE('',*,*,#7045,.T.);
#7045 = EDGE_CURVE('',#7038,#1084,#7046,.T.);
#7046 = LINE('',#7047,#7048);
#7047 = CARTESIAN_POINT('',(28.602976487865,74.931978167099,23.));
#7048 = VECTOR('',#7049,1.);
#7049 = DIRECTION('',(0.362438038284,0.932007869283,0.));
#7050 = ORIENTED_EDGE('',*,*,#1092,.F.);
#7051 = PLANE('',#7052);
#7052 = AXIS2_PLACEMENT_3D('',#7053,#7054,#7055);
#7053 = CARTESIAN_POINT('',(28.602976487865,74.931978167099,18.5));
#7054 = DIRECTION('',(-0.932007869283,0.362438038284,0.));
#7055 = DIRECTION('',(0.,0.,1.));
#7056 = ADVANCED_FACE('',(#7057),#7076,.F.);
#7057 = FACE_BOUND('',#7058,.F.);
#7058 = EDGE_LOOP('',(#7059,#7060,#7069,#7075));
#7059 = ORIENTED_EDGE('',*,*,#7045,.F.);
#7060 = ORIENTED_EDGE('',*,*,#7061,.F.);
#7061 = EDGE_CURVE('',#7062,#7038,#7064,.T.);
#7062 = VERTEX_POINT('',#7063);
#7063 = CARTESIAN_POINT('',(29.896864477297,75.500113313996,23.));
#7064 = CIRCLE('',#7065,81.204);
#7065 = AXIS2_PLACEMENT_3D('',#7066,#7067,#7068);
#7066 = CARTESIAN_POINT('',(0.,0.,23.));
#7067 = DIRECTION('',(0.,0.,1.));
#7068 = DIRECTION('',(1.,0.,-0.));
#7069 = ORIENTED_EDGE('',*,*,#7070,.T.);
#7070 = EDGE_CURVE('',#7062,#1076,#7071,.T.);
#7071 = LINE('',#7072,#7073);
#7072 = CARTESIAN_POINT('',(29.534984357147,74.569540128816,23.));
#7073 = VECTOR('',#7074,1.);
#7074 = DIRECTION('',(0.362438038284,0.932007869283,0.));
#7075 = ORIENTED_EDGE('',*,*,#1083,.T.);
#7076 = PLANE('',#7077);
#7077 = AXIS2_PLACEMENT_3D('',#7078,#7079,#7080);
#7078 = CARTESIAN_POINT('',(29.534984357147,74.569540128816,23.));
#7079 = DIRECTION('',(0.,0.,1.));
#7080 = DIRECTION('',(0.362438038284,0.932007869283,0.));
#7081 = ADVANCED_FACE('',(#7082),#7093,.T.);
#7082 = FACE_BOUND('',#7083,.T.);
#7083 = EDGE_LOOP('',(#7084,#7085,#7091,#7092));
#7084 = ORIENTED_EDGE('',*,*,#7021,.F.);
#7085 = ORIENTED_EDGE('',*,*,#7086,.T.);
#7086 = EDGE_CURVE('',#7013,#7062,#7087,.T.);
#7087 = LINE('',#7088,#7089);
#7088 = CARTESIAN_POINT('',(29.896864477297,75.500113313996,7.99));
#7089 = VECTOR('',#7090,1.);
#7090 = DIRECTION('',(0.,0.,1.));
#7091 = ORIENTED_EDGE('',*,*,#7070,.T.);
#7092 = ORIENTED_EDGE('',*,*,#1075,.F.);
#7093 = PLANE('',#7094);
#7094 = AXIS2_PLACEMENT_3D('',#7095,#7096,#7097);
#7095 = CARTESIAN_POINT('',(29.534984357147,74.569540128816,18.5));
#7096 = DIRECTION('',(-0.932007869283,0.362438038284,0.));
#7097 = DIRECTION('',(0.,0.,1.));
#7098 = ADVANCED_FACE('',(#7099),#7125,.T.);
#7099 = FACE_BOUND('',#7100,.T.);
#7100 = EDGE_LOOP('',(#7101,#7109,#7118,#7124));
#7101 = ORIENTED_EDGE('',*,*,#7102,.F.);
#7102 = EDGE_CURVE('',#7103,#1103,#7105,.T.);
#7103 = VERTEX_POINT('',#7104);
#7104 = CARTESIAN_POINT('',(25.628210468652,77.053776313523,18.5));
#7105 = LINE('',#7106,#7107);
#7106 = CARTESIAN_POINT('',(25.307265810427,76.108303838677,18.5));
#7107 = VECTOR('',#7108,1.);
#7108 = DIRECTION('',(0.321439465303,0.946930129495,0.));
#7109 = ORIENTED_EDGE('',*,*,#7110,.F.);
#7110 = EDGE_CURVE('',#7111,#7103,#7113,.T.);
#7111 = VERTEX_POINT('',#7112);
#7112 = CARTESIAN_POINT('',(26.575140598147,76.73233684822,18.5));
#7113 = CIRCLE('',#7114,81.204);
#7114 = AXIS2_PLACEMENT_3D('',#7115,#7116,#7117);
#7115 = CARTESIAN_POINT('',(0.,0.,18.5));
#7116 = DIRECTION('',(0.,0.,1.));
#7117 = DIRECTION('',(1.,0.,-0.));
#7118 = ORIENTED_EDGE('',*,*,#7119,.T.);
#7119 = EDGE_CURVE('',#7111,#1101,#7120,.T.);
#7120 = LINE('',#7121,#7122);
#7121 = CARTESIAN_POINT('',(26.254195939922,75.786864373374,18.5));
#7122 = VECTOR('',#7123,1.);
#7123 = DIRECTION('',(0.321439465303,0.946930129495,0.));
#7124 = ORIENTED_EDGE('',*,*,#1100,.T.);
#7125 = PLANE('',#7126);
#7126 = AXIS2_PLACEMENT_3D('',#7127,#7128,#7129);
#7127 = CARTESIAN_POINT('',(26.254195939922,75.786864373374,18.5));
#7128 = DIRECTION('',(0.,0.,1.));
#7129 = DIRECTION('',(0.321439465303,0.946930129495,0.));
#7130 = ADVANCED_FACE('',(#7131),#7149,.F.);
#7131 = FACE_BOUND('',#7132,.F.);
#7132 = EDGE_LOOP('',(#7133,#7134,#7142,#7148));
#7133 = ORIENTED_EDGE('',*,*,#7102,.F.);
#7134 = ORIENTED_EDGE('',*,*,#7135,.T.);
#7135 = EDGE_CURVE('',#7103,#7136,#7138,.T.);
#7136 = VERTEX_POINT('',#7137);
#7137 = CARTESIAN_POINT('',(25.628210468652,77.053776313523,23.));
#7138 = LINE('',#7139,#7140);
#7139 = CARTESIAN_POINT('',(25.628210468652,77.053776313523,7.99));
#7140 = VECTOR('',#7141,1.);
#7141 = DIRECTION('',(0.,0.,1.));
#7142 = ORIENTED_EDGE('',*,*,#7143,.T.);
#7143 = EDGE_CURVE('',#7136,#1120,#7144,.T.);
#7144 = LINE('',#7145,#7146);
#7145 = CARTESIAN_POINT('',(25.307265810427,76.108303838677,23.));
#7146 = VECTOR('',#7147,1.);
#7147 = DIRECTION('',(0.321439465303,0.946930129495,0.));
#7148 = ORIENTED_EDGE('',*,*,#1128,.F.);
#7149 = PLANE('',#7150);
#7150 = AXIS2_PLACEMENT_3D('',#7151,#7152,#7153);
#7151 = CARTESIAN_POINT('',(25.307265810427,76.108303838677,18.5));
#7152 = DIRECTION('',(-0.946930129495,0.321439465303,0.));
#7153 = DIRECTION('',(0.,0.,1.));
#7154 = ADVANCED_FACE('',(#7155),#7174,.F.);
#7155 = FACE_BOUND('',#7156,.F.);
#7156 = EDGE_LOOP('',(#7157,#7158,#7167,#7173));
#7157 = ORIENTED_EDGE('',*,*,#7143,.F.);
#7158 = ORIENTED_EDGE('',*,*,#7159,.F.);
#7159 = EDGE_CURVE('',#7160,#7136,#7162,.T.);
#7160 = VERTEX_POINT('',#7161);
#7161 = CARTESIAN_POINT('',(26.575140598147,76.73233684822,23.));
#7162 = CIRCLE('',#7163,81.204);
#7163 = AXIS2_PLACEMENT_3D('',#7164,#7165,#7166);
#7164 = CARTESIAN_POINT('',(0.,0.,23.));
#7165 = DIRECTION('',(0.,0.,1.));
#7166 = DIRECTION('',(1.,0.,-0.));
#7167 = ORIENTED_EDGE('',*,*,#7168,.T.);
#7168 = EDGE_CURVE('',#7160,#1112,#7169,.T.);
#7169 = LINE('',#7170,#7171);
#7170 = CARTESIAN_POINT('',(26.254195939922,75.786864373374,23.));
#7171 = VECTOR('',#7172,1.);
#7172 = DIRECTION('',(0.321439465303,0.946930129495,0.));
#7173 = ORIENTED_EDGE('',*,*,#1119,.T.);
#7174 = PLANE('',#7175);
#7175 = AXIS2_PLACEMENT_3D('',#7176,#7177,#7178);
#7176 = CARTESIAN_POINT('',(26.254195939922,75.786864373374,23.));
#7177 = DIRECTION('',(0.,0.,1.));
#7178 = DIRECTION('',(0.321439465303,0.946930129495,0.));
#7179 = ADVANCED_FACE('',(#7180),#7191,.T.);
#7180 = FACE_BOUND('',#7181,.T.);
#7181 = EDGE_LOOP('',(#7182,#7183,#7189,#7190));
#7182 = ORIENTED_EDGE('',*,*,#7119,.F.);
#7183 = ORIENTED_EDGE('',*,*,#7184,.T.);
#7184 = EDGE_CURVE('',#7111,#7160,#7185,.T.);
#7185 = LINE('',#7186,#7187);
#7186 = CARTESIAN_POINT('',(26.575140598147,76.73233684822,7.99));
#7187 = VECTOR('',#7188,1.);
#7188 = DIRECTION('',(0.,0.,1.));
#7189 = ORIENTED_EDGE('',*,*,#7168,.T.);
#7190 = ORIENTED_EDGE('',*,*,#1111,.F.);
#7191 = PLANE('',#7192);
#7192 = AXIS2_PLACEMENT_3D('',#7193,#7194,#7195);
#7193 = CARTESIAN_POINT('',(26.254195939922,75.786864373374,18.5));
#7194 = DIRECTION('',(-0.946930129495,0.321439465303,0.));
#7195 = DIRECTION('',(0.,0.,1.));
#7196 = ADVANCED_FACE('',(#7197),#7223,.T.);
#7197 = FACE_BOUND('',#7198,.T.);
#7198 = EDGE_LOOP('',(#7199,#7207,#7216,#7222));
#7199 = ORIENTED_EDGE('',*,*,#7200,.F.);
#7200 = EDGE_CURVE('',#7201,#1139,#7203,.T.);
#7201 = VERTEX_POINT('',#7202);
#7202 = CARTESIAN_POINT('',(-26.57514059814,76.73233684822,18.5));
#7203 = LINE('',#7204,#7205);
#7204 = CARTESIAN_POINT('',(-26.25419593992,75.786864373374,18.5));
#7205 = VECTOR('',#7206,1.);
#7206 = DIRECTION('',(-0.321439465303,0.946930129495,0.));
#7207 = ORIENTED_EDGE('',*,*,#7208,.F.);
#7208 = EDGE_CURVE('',#7209,#7201,#7211,.T.);
#7209 = VERTEX_POINT('',#7210);
#7210 = CARTESIAN_POINT('',(-25.62821046865,77.053776313523,18.5));
#7211 = CIRCLE('',#7212,81.204);
#7212 = AXIS2_PLACEMENT_3D('',#7213,#7214,#7215);
#7213 = CARTESIAN_POINT('',(0.,0.,18.5));
#7214 = DIRECTION('',(0.,0.,1.));
#7215 = DIRECTION('',(1.,0.,-0.));
#7216 = ORIENTED_EDGE('',*,*,#7217,.T.);
#7217 = EDGE_CURVE('',#7209,#1137,#7218,.T.);
#7218 = LINE('',#7219,#7220);
#7219 = CARTESIAN_POINT('',(-25.30726581042,76.108303838677,18.5));
#7220 = VECTOR('',#7221,1.);
#7221 = DIRECTION('',(-0.321439465303,0.946930129495,0.));
#7222 = ORIENTED_EDGE('',*,*,#1136,.T.);
#7223 = PLANE('',#7224);
#7224 = AXIS2_PLACEMENT_3D('',#7225,#7226,#7227);
#7225 = CARTESIAN_POINT('',(-25.30726581042,76.108303838677,18.5));
#7226 = DIRECTION('',(0.,0.,1.));
#7227 = DIRECTION('',(-0.321439465303,0.946930129495,0.));
#7228 = ADVANCED_FACE('',(#7229),#7247,.F.);
#7229 = FACE_BOUND('',#7230,.F.);
#7230 = EDGE_LOOP('',(#7231,#7232,#7240,#7246));
#7231 = ORIENTED_EDGE('',*,*,#7200,.F.);
#7232 = ORIENTED_EDGE('',*,*,#7233,.T.);
#7233 = EDGE_CURVE('',#7201,#7234,#7236,.T.);
#7234 = VERTEX_POINT('',#7235);
#7235 = CARTESIAN_POINT('',(-26.57514059814,76.73233684822,23.));
#7236 = LINE('',#7237,#7238);
#7237 = CARTESIAN_POINT('',(-26.57514059814,76.73233684822,7.99));
#7238 = VECTOR('',#7239,1.);
#7239 = DIRECTION('',(0.,0.,1.));
#7240 = ORIENTED_EDGE('',*,*,#7241,.T.);
#7241 = EDGE_CURVE('',#7234,#1156,#7242,.T.);
#7242 = LINE('',#7243,#7244);
#7243 = CARTESIAN_POINT('',(-26.25419593992,75.786864373374,23.));
#7244 = VECTOR('',#7245,1.);
#7245 = DIRECTION('',(-0.321439465303,0.946930129495,0.));
#7246 = ORIENTED_EDGE('',*,*,#1164,.F.);
#7247 = PLANE('',#7248);
#7248 = AXIS2_PLACEMENT_3D('',#7249,#7250,#7251);
#7249 = CARTESIAN_POINT('',(-26.25419593992,75.786864373374,18.5));
#7250 = DIRECTION('',(-0.946930129495,-0.321439465303,0.));
#7251 = DIRECTION('',(0.,0.,1.));
#7252 = ADVANCED_FACE('',(#7253),#7272,.F.);
#7253 = FACE_BOUND('',#7254,.F.);
#7254 = EDGE_LOOP('',(#7255,#7256,#7265,#7271));
#7255 = ORIENTED_EDGE('',*,*,#7241,.F.);
#7256 = ORIENTED_EDGE('',*,*,#7257,.F.);
#7257 = EDGE_CURVE('',#7258,#7234,#7260,.T.);
#7258 = VERTEX_POINT('',#7259);
#7259 = CARTESIAN_POINT('',(-25.62821046865,77.053776313523,23.));
#7260 = CIRCLE('',#7261,81.204);
#7261 = AXIS2_PLACEMENT_3D('',#7262,#7263,#7264);
#7262 = CARTESIAN_POINT('',(0.,0.,23.));
#7263 = DIRECTION('',(0.,0.,1.));
#7264 = DIRECTION('',(1.,0.,-0.));
#7265 = ORIENTED_EDGE('',*,*,#7266,.T.);
#7266 = EDGE_CURVE('',#7258,#1148,#7267,.T.);
#7267 = LINE('',#7268,#7269);
#7268 = CARTESIAN_POINT('',(-25.30726581042,76.108303838677,23.));
#7269 = VECTOR('',#7270,1.);
#7270 = DIRECTION('',(-0.321439465303,0.946930129495,0.));
#7271 = ORIENTED_EDGE('',*,*,#1155,.T.);
#7272 = PLANE('',#7273);
#7273 = AXIS2_PLACEMENT_3D('',#7274,#7275,#7276);
#7274 = CARTESIAN_POINT('',(-25.30726581042,76.108303838677,23.));
#7275 = DIRECTION('',(0.,0.,1.));
#7276 = DIRECTION('',(-0.321439465303,0.946930129495,0.));
#7277 = ADVANCED_FACE('',(#7278),#7289,.T.);
#7278 = FACE_BOUND('',#7279,.T.);
#7279 = EDGE_LOOP('',(#7280,#7281,#7287,#7288));
#7280 = ORIENTED_EDGE('',*,*,#7217,.F.);
#7281 = ORIENTED_EDGE('',*,*,#7282,.T.);
#7282 = EDGE_CURVE('',#7209,#7258,#7283,.T.);
#7283 = LINE('',#7284,#7285);
#7284 = CARTESIAN_POINT('',(-25.62821046865,77.053776313523,7.99));
#7285 = VECTOR('',#7286,1.);
#7286 = DIRECTION('',(0.,0.,1.));
#7287 = ORIENTED_EDGE('',*,*,#7266,.T.);
#7288 = ORIENTED_EDGE('',*,*,#1147,.F.);
#7289 = PLANE('',#7290);
#7290 = AXIS2_PLACEMENT_3D('',#7291,#7292,#7293);
#7291 = CARTESIAN_POINT('',(-25.30726581042,76.108303838677,18.5));
#7292 = DIRECTION('',(-0.946930129495,-0.321439465303,0.));
#7293 = DIRECTION('',(0.,0.,1.));
#7294 = ADVANCED_FACE('',(#7295),#7321,.T.);
#7295 = FACE_BOUND('',#7296,.T.);
#7296 = EDGE_LOOP('',(#7297,#7305,#7314,#7320));
#7297 = ORIENTED_EDGE('',*,*,#7298,.F.);
#7298 = EDGE_CURVE('',#7299,#1175,#7301,.T.);
#7299 = VERTEX_POINT('',#7300);
#7300 = CARTESIAN_POINT('',(-29.89686447729,75.500113313996,18.5));
#7301 = LINE('',#7302,#7303);
#7302 = CARTESIAN_POINT('',(-29.53498435714,74.569540128816,18.5));
#7303 = VECTOR('',#7304,1.);
#7304 = DIRECTION('',(-0.362438038284,0.932007869283,0.));
#7305 = ORIENTED_EDGE('',*,*,#7306,.F.);
#7306 = EDGE_CURVE('',#7307,#7299,#7309,.T.);
#7307 = VERTEX_POINT('',#7308);
#7308 = CARTESIAN_POINT('',(-28.96485660801,75.862551352279,18.5));
#7309 = CIRCLE('',#7310,81.204);
#7310 = AXIS2_PLACEMENT_3D('',#7311,#7312,#7313);
#7311 = CARTESIAN_POINT('',(0.,0.,18.5));
#7312 = DIRECTION('',(0.,0.,1.));
#7313 = DIRECTION('',(1.,0.,-0.));
#7314 = ORIENTED_EDGE('',*,*,#7315,.T.);
#7315 = EDGE_CURVE('',#7307,#1173,#7316,.T.);
#7316 = LINE('',#7317,#7318);
#7317 = CARTESIAN_POINT('',(-28.60297648786,74.931978167099,18.5));
#7318 = VECTOR('',#7319,1.);
#7319 = DIRECTION('',(-0.362438038284,0.932007869283,0.));
#7320 = ORIENTED_EDGE('',*,*,#1172,.T.);
#7321 = PLANE('',#7322);
#7322 = AXIS2_PLACEMENT_3D('',#7323,#7324,#7325);
#7323 = CARTESIAN_POINT('',(-28.60297648786,74.931978167099,18.5));
#7324 = DIRECTION('',(0.,0.,1.));
#7325 = DIRECTION('',(-0.362438038284,0.932007869283,0.));
#7326 = ADVANCED_FACE('',(#7327),#7345,.F.);
#7327 = FACE_BOUND('',#7328,.F.);
#7328 = EDGE_LOOP('',(#7329,#7330,#7338,#7344));
#7329 = ORIENTED_EDGE('',*,*,#7298,.F.);
#7330 = ORIENTED_EDGE('',*,*,#7331,.T.);
#7331 = EDGE_CURVE('',#7299,#7332,#7334,.T.);
#7332 = VERTEX_POINT('',#7333);
#7333 = CARTESIAN_POINT('',(-29.89686447729,75.500113313996,23.));
#7334 = LINE('',#7335,#7336);
#7335 = CARTESIAN_POINT('',(-29.89686447729,75.500113313996,7.99));
#7336 = VECTOR('',#7337,1.);
#7337 = DIRECTION('',(0.,0.,1.));
#7338 = ORIENTED_EDGE('',*,*,#7339,.T.);
#7339 = EDGE_CURVE('',#7332,#1192,#7340,.T.);
#7340 = LINE('',#7341,#7342);
#7341 = CARTESIAN_POINT('',(-29.53498435714,74.569540128816,23.));
#7342 = VECTOR('',#7343,1.);
#7343 = DIRECTION('',(-0.362438038284,0.932007869283,0.));
#7344 = ORIENTED_EDGE('',*,*,#1200,.F.);
#7345 = PLANE('',#7346);
#7346 = AXIS2_PLACEMENT_3D('',#7347,#7348,#7349);
#7347 = CARTESIAN_POINT('',(-29.53498435714,74.569540128816,18.5));
#7348 = DIRECTION('',(-0.932007869283,-0.362438038284,0.));
#7349 = DIRECTION('',(0.,0.,1.));
#7350 = ADVANCED_FACE('',(#7351),#7370,.F.);
#7351 = FACE_BOUND('',#7352,.F.);
#7352 = EDGE_LOOP('',(#7353,#7354,#7363,#7369));
#7353 = ORIENTED_EDGE('',*,*,#7339,.F.);
#7354 = ORIENTED_EDGE('',*,*,#7355,.F.);
#7355 = EDGE_CURVE('',#7356,#7332,#7358,.T.);
#7356 = VERTEX_POINT('',#7357);
#7357 = CARTESIAN_POINT('',(-28.96485660801,75.862551352279,23.));
#7358 = CIRCLE('',#7359,81.204);
#7359 = AXIS2_PLACEMENT_3D('',#7360,#7361,#7362);
#7360 = CARTESIAN_POINT('',(0.,0.,23.));
#7361 = DIRECTION('',(0.,0.,1.));
#7362 = DIRECTION('',(1.,0.,-0.));
#7363 = ORIENTED_EDGE('',*,*,#7364,.T.);
#7364 = EDGE_CURVE('',#7356,#1184,#7365,.T.);
#7365 = LINE('',#7366,#7367);
#7366 = CARTESIAN_POINT('',(-28.60297648786,74.931978167099,23.));
#7367 = VECTOR('',#7368,1.);
#7368 = DIRECTION('',(-0.362438038284,0.932007869283,0.));
#7369 = ORIENTED_EDGE('',*,*,#1191,.T.);
#7370 = PLANE('',#7371);
#7371 = AXIS2_PLACEMENT_3D('',#7372,#7373,#7374);
#7372 = CARTESIAN_POINT('',(-28.60297648786,74.931978167099,23.));
#7373 = DIRECTION('',(0.,0.,1.));
#7374 = DIRECTION('',(-0.362438038284,0.932007869283,0.));
#7375 = ADVANCED_FACE('',(#7376),#7387,.T.);
#7376 = FACE_BOUND('',#7377,.T.);
#7377 = EDGE_LOOP('',(#7378,#7379,#7385,#7386));
#7378 = ORIENTED_EDGE('',*,*,#7315,.F.);
#7379 = ORIENTED_EDGE('',*,*,#7380,.T.);
#7380 = EDGE_CURVE('',#7307,#7356,#7381,.T.);
#7381 = LINE('',#7382,#7383);
#7382 = CARTESIAN_POINT('',(-28.96485660801,75.862551352279,7.99));
#7383 = VECTOR('',#7384,1.);
#7384 = DIRECTION('',(0.,0.,1.));
#7385 = ORIENTED_EDGE('',*,*,#7364,.T.);
#7386 = ORIENTED_EDGE('',*,*,#1183,.F.);
#7387 = PLANE('',#7388);
#7388 = AXIS2_PLACEMENT_3D('',#7389,#7390,#7391);
#7389 = CARTESIAN_POINT('',(-28.60297648786,74.931978167099,18.5));
#7390 = DIRECTION('',(-0.932007869283,-0.362438038284,0.));
#7391 = DIRECTION('',(0.,0.,1.));
#7392 = ADVANCED_FACE('',(#7393),#7419,.T.);
#7393 = FACE_BOUND('',#7394,.T.);
#7394 = EDGE_LOOP('',(#7395,#7403,#7412,#7418));
#7395 = ORIENTED_EDGE('',*,*,#7396,.F.);
#7396 = EDGE_CURVE('',#7397,#1211,#7399,.T.);
#7397 = VERTEX_POINT('',#7398);
#7398 = CARTESIAN_POINT('',(-33.16167797568,74.124171022932,18.5));
#7399 = LINE('',#7400,#7401);
#7400 = CARTESIAN_POINT('',(-32.75955125299,73.210268526367,18.5));
#7401 = VECTOR('',#7402,1.);
#7402 = DIRECTION('',(-0.402746689859,0.915311479119,0.));
#7403 = ORIENTED_EDGE('',*,*,#7404,.F.);
#7404 = EDGE_CURVE('',#7405,#7397,#7407,.T.);
#7405 = VERTEX_POINT('',#7406);
#7406 = CARTESIAN_POINT('',(-32.24636649656,74.526917712791,18.5));
#7407 = CIRCLE('',#7408,81.204);
#7408 = AXIS2_PLACEMENT_3D('',#7409,#7410,#7411);
#7409 = CARTESIAN_POINT('',(0.,0.,18.5));
#7410 = DIRECTION('',(0.,0.,1.));
#7411 = DIRECTION('',(1.,0.,-0.));
#7412 = ORIENTED_EDGE('',*,*,#7413,.T.);
#7413 = EDGE_CURVE('',#7405,#1209,#7414,.T.);
#7414 = LINE('',#7415,#7416);
#7415 = CARTESIAN_POINT('',(-31.84423977387,73.613015216226,18.5));
#7416 = VECTOR('',#7417,1.);
#7417 = DIRECTION('',(-0.402746689859,0.915311479119,0.));
#7418 = ORIENTED_EDGE('',*,*,#1208,.T.);
#7419 = PLANE('',#7420);
#7420 = AXIS2_PLACEMENT_3D('',#7421,#7422,#7423);
#7421 = CARTESIAN_POINT('',(-31.84423977387,73.613015216226,18.5));
#7422 = DIRECTION('',(0.,0.,1.));
#7423 = DIRECTION('',(-0.402746689859,0.915311479119,0.));
#7424 = ADVANCED_FACE('',(#7425),#7443,.F.);
#7425 = FACE_BOUND('',#7426,.F.);
#7426 = EDGE_LOOP('',(#7427,#7428,#7436,#7442));
#7427 = ORIENTED_EDGE('',*,*,#7396,.F.);
#7428 = ORIENTED_EDGE('',*,*,#7429,.T.);
#7429 = EDGE_CURVE('',#7397,#7430,#7432,.T.);
#7430 = VERTEX_POINT('',#7431);
#7431 = CARTESIAN_POINT('',(-33.16167797568,74.124171022932,23.));
#7432 = LINE('',#7433,#7434);
#7433 = CARTESIAN_POINT('',(-33.16167797568,74.124171022932,7.99));
#7434 = VECTOR('',#7435,1.);
#7435 = DIRECTION('',(0.,0.,1.));
#7436 = ORIENTED_EDGE('',*,*,#7437,.T.);
#7437 = EDGE_CURVE('',#7430,#1228,#7438,.T.);
#7438 = LINE('',#7439,#7440);
#7439 = CARTESIAN_POINT('',(-32.75955125299,73.210268526367,23.));
#7440 = VECTOR('',#7441,1.);
#7441 = DIRECTION('',(-0.402746689859,0.915311479119,0.));
#7442 = ORIENTED_EDGE('',*,*,#1236,.F.);
#7443 = PLANE('',#7444);
#7444 = AXIS2_PLACEMENT_3D('',#7445,#7446,#7447);
#7445 = CARTESIAN_POINT('',(-32.75955125299,73.210268526367,18.5));
#7446 = DIRECTION('',(-0.915311479119,-0.402746689859,0.));
#7447 = DIRECTION('',(0.,0.,1.));
#7448 = ADVANCED_FACE('',(#7449),#7468,.F.);
#7449 = FACE_BOUND('',#7450,.F.);
#7450 = EDGE_LOOP('',(#7451,#7452,#7461,#7467));
#7451 = ORIENTED_EDGE('',*,*,#7437,.F.);
#7452 = ORIENTED_EDGE('',*,*,#7453,.F.);
#7453 = EDGE_CURVE('',#7454,#7430,#7456,.T.);
#7454 = VERTEX_POINT('',#7455);
#7455 = CARTESIAN_POINT('',(-32.24636649656,74.526917712791,23.));
#7456 = CIRCLE('',#7457,81.204);
#7457 = AXIS2_PLACEMENT_3D('',#7458,#7459,#7460);
#7458 = CARTESIAN_POINT('',(0.,0.,23.));
#7459 = DIRECTION('',(0.,0.,1.));
#7460 = DIRECTION('',(1.,0.,-0.));
#7461 = ORIENTED_EDGE('',*,*,#7462,.T.);
#7462 = EDGE_CURVE('',#7454,#1220,#7463,.T.);
#7463 = LINE('',#7464,#7465);
#7464 = CARTESIAN_POINT('',(-31.84423977387,73.613015216226,23.));
#7465 = VECTOR('',#7466,1.);
#7466 = DIRECTION('',(-0.402746689859,0.915311479119,0.));
#7467 = ORIENTED_EDGE('',*,*,#1227,.T.);
#7468 = PLANE('',#7469);
#7469 = AXIS2_PLACEMENT_3D('',#7470,#7471,#7472);
#7470 = CARTESIAN_POINT('',(-31.84423977387,73.613015216226,23.));
#7471 = DIRECTION('',(0.,0.,1.));
#7472 = DIRECTION('',(-0.402746689859,0.915311479119,0.));
#7473 = ADVANCED_FACE('',(#7474),#7485,.T.);
#7474 = FACE_BOUND('',#7475,.T.);
#7475 = EDGE_LOOP('',(#7476,#7477,#7483,#7484));
#7476 = ORIENTED_EDGE('',*,*,#7413,.F.);
#7477 = ORIENTED_EDGE('',*,*,#7478,.T.);
#7478 = EDGE_CURVE('',#7405,#7454,#7479,.T.);
#7479 = LINE('',#7480,#7481);
#7480 = CARTESIAN_POINT('',(-32.24636649656,74.526917712791,7.99));
#7481 = VECTOR('',#7482,1.);
#7482 = DIRECTION('',(0.,0.,1.));
#7483 = ORIENTED_EDGE('',*,*,#7462,.T.);
#7484 = ORIENTED_EDGE('',*,*,#1219,.F.);
#7485 = PLANE('',#7486);
#7486 = AXIS2_PLACEMENT_3D('',#7487,#7488,#7489);
#7487 = CARTESIAN_POINT('',(-31.84423977387,73.613015216226,18.5));
#7488 = DIRECTION('',(-0.915311479119,-0.402746689859,0.));
#7489 = DIRECTION('',(0.,0.,1.));
#7490 = ADVANCED_FACE('',(#7491),#7517,.T.);
#7491 = FACE_BOUND('',#7492,.T.);
#7492 = EDGE_LOOP('',(#7493,#7501,#7510,#7516));
#7493 = ORIENTED_EDGE('',*,*,#7494,.F.);
#7494 = EDGE_CURVE('',#7495,#1247,#7497,.T.);
#7495 = VERTEX_POINT('',#7496);
#7496 = CARTESIAN_POINT('',(-36.36336633526,72.607129159384,18.5));
#7497 = LINE('',#7498,#7499);
#7498 = CARTESIAN_POINT('',(-35.92175848109,71.711637016778,18.5));
#7499 = VECTOR('',#7500,1.);
#7500 = DIRECTION('',(-0.442288690219,0.896872741533,0.));
#7501 = ORIENTED_EDGE('',*,*,#7502,.F.);
#7502 = EDGE_CURVE('',#7503,#7495,#7505,.T.);
#7503 = VERTEX_POINT('',#7504);
#7504 = CARTESIAN_POINT('',(-35.46649359373,73.049417849603,18.5));
#7505 = CIRCLE('',#7506,81.204);
#7506 = AXIS2_PLACEMENT_3D('',#7507,#7508,#7509);
#7507 = CARTESIAN_POINT('',(0.,0.,18.5));
#7508 = DIRECTION('',(0.,0.,1.));
#7509 = DIRECTION('',(1.,0.,-0.));
#7510 = ORIENTED_EDGE('',*,*,#7511,.T.);
#7511 = EDGE_CURVE('',#7503,#1245,#7512,.T.);
#7512 = LINE('',#7513,#7514);
#7513 = CARTESIAN_POINT('',(-35.02488573955,72.153925706997,18.5));
#7514 = VECTOR('',#7515,1.);
#7515 = DIRECTION('',(-0.442288690219,0.896872741533,0.));
#7516 = ORIENTED_EDGE('',*,*,#1244,.T.);
#7517 = PLANE('',#7518);
#7518 = AXIS2_PLACEMENT_3D('',#7519,#7520,#7521);
#7519 = CARTESIAN_POINT('',(-35.02488573955,72.153925706997,18.5));
#7520 = DIRECTION('',(0.,0.,1.));
#7521 = DIRECTION('',(-0.442288690219,0.896872741533,0.));
#7522 = ADVANCED_FACE('',(#7523),#7541,.F.);
#7523 = FACE_BOUND('',#7524,.F.);
#7524 = EDGE_LOOP('',(#7525,#7526,#7534,#7540));
#7525 = ORIENTED_EDGE('',*,*,#7494,.F.);
#7526 = ORIENTED_EDGE('',*,*,#7527,.T.);
#7527 = EDGE_CURVE('',#7495,#7528,#7530,.T.);
#7528 = VERTEX_POINT('',#7529);
#7529 = CARTESIAN_POINT('',(-36.36336633526,72.607129159384,23.));
#7530 = LINE('',#7531,#7532);
#7531 = CARTESIAN_POINT('',(-36.36336633526,72.607129159383,7.99));
#7532 = VECTOR('',#7533,1.);
#7533 = DIRECTION('',(0.,0.,1.));
#7534 = ORIENTED_EDGE('',*,*,#7535,.T.);
#7535 = EDGE_CURVE('',#7528,#1264,#7536,.T.);
#7536 = LINE('',#7537,#7538);
#7537 = CARTESIAN_POINT('',(-35.92175848109,71.711637016778,23.));
#7538 = VECTOR('',#7539,1.);
#7539 = DIRECTION('',(-0.442288690219,0.896872741533,0.));
#7540 = ORIENTED_EDGE('',*,*,#1272,.F.);
#7541 = PLANE('',#7542);
#7542 = AXIS2_PLACEMENT_3D('',#7543,#7544,#7545);
#7543 = CARTESIAN_POINT('',(-35.92175848109,71.711637016778,18.5));
#7544 = DIRECTION('',(-0.896872741533,-0.442288690219,0.));
#7545 = DIRECTION('',(0.,0.,1.));
#7546 = ADVANCED_FACE('',(#7547),#7566,.F.);
#7547 = FACE_BOUND('',#7548,.F.);
#7548 = EDGE_LOOP('',(#7549,#7550,#7559,#7565));
#7549 = ORIENTED_EDGE('',*,*,#7535,.F.);
#7550 = ORIENTED_EDGE('',*,*,#7551,.F.);
#7551 = EDGE_CURVE('',#7552,#7528,#7554,.T.);
#7552 = VERTEX_POINT('',#7553);
#7553 = CARTESIAN_POINT('',(-35.46649359373,73.049417849603,23.));
#7554 = CIRCLE('',#7555,81.204);
#7555 = AXIS2_PLACEMENT_3D('',#7556,#7557,#7558);
#7556 = CARTESIAN_POINT('',(0.,0.,23.));
#7557 = DIRECTION('',(0.,0.,1.));
#7558 = DIRECTION('',(1.,0.,-0.));
#7559 = ORIENTED_EDGE('',*,*,#7560,.T.);
#7560 = EDGE_CURVE('',#7552,#1256,#7561,.T.);
#7561 = LINE('',#7562,#7563);
#7562 = CARTESIAN_POINT('',(-35.02488573955,72.153925706997,23.));
#7563 = VECTOR('',#7564,1.);
#7564 = DIRECTION('',(-0.442288690219,0.896872741533,0.));
#7565 = ORIENTED_EDGE('',*,*,#1263,.T.);
#7566 = PLANE('',#7567);
#7567 = AXIS2_PLACEMENT_3D('',#7568,#7569,#7570);
#7568 = CARTESIAN_POINT('',(-35.02488573955,72.153925706997,23.));
#7569 = DIRECTION('',(0.,0.,1.));
#7570 = DIRECTION('',(-0.442288690219,0.896872741533,0.));
#7571 = ADVANCED_FACE('',(#7572),#7583,.T.);
#7572 = FACE_BOUND('',#7573,.T.);
#7573 = EDGE_LOOP('',(#7574,#7575,#7581,#7582));
#7574 = ORIENTED_EDGE('',*,*,#7511,.F.);
#7575 = ORIENTED_EDGE('',*,*,#7576,.T.);
#7576 = EDGE_CURVE('',#7503,#7552,#7577,.T.);
#7577 = LINE('',#7578,#7579);
#7578 = CARTESIAN_POINT('',(-35.46649359373,73.049417849602,7.99));
#7579 = VECTOR('',#7580,1.);
#7580 = DIRECTION('',(0.,0.,1.));
#7581 = ORIENTED_EDGE('',*,*,#7560,.T.);
#7582 = ORIENTED_EDGE('',*,*,#1255,.F.);
#7583 = PLANE('',#7584);
#7584 = AXIS2_PLACEMENT_3D('',#7585,#7586,#7587);
#7585 = CARTESIAN_POINT('',(-35.02488573955,72.153925706997,18.5));
#7586 = DIRECTION('',(-0.896872741533,-0.442288690219,0.));
#7587 = DIRECTION('',(0.,0.,1.));
#7588 = ADVANCED_FACE('',(#7589),#7615,.T.);
#7589 = FACE_BOUND('',#7590,.T.);
#7590 = EDGE_LOOP('',(#7591,#7599,#7608,#7614));
#7591 = ORIENTED_EDGE('',*,*,#7592,.F.);
#7592 = EDGE_CURVE('',#7593,#1283,#7595,.T.);
#7593 = VERTEX_POINT('',#7594);
#7594 = CARTESIAN_POINT('',(-39.49583496026,70.951875498761,18.5));
#7595 = LINE('',#7596,#7597);
#7596 = CARTESIAN_POINT('',(-39.01558660026,70.076498330305,18.5));
#7597 = VECTOR('',#7598,1.);
#7598 = DIRECTION('',(-0.480988768919,0.876726755708,0.));
#7599 = ORIENTED_EDGE('',*,*,#7600,.F.);
#7600 = EDGE_CURVE('',#7601,#7593,#7603,.T.);
#7601 = VERTEX_POINT('',#7602);
#7602 = CARTESIAN_POINT('',(-38.61910820455,71.43286426768,18.5));
#7603 = CIRCLE('',#7604,81.204);
#7604 = AXIS2_PLACEMENT_3D('',#7605,#7606,#7607);
#7605 = CARTESIAN_POINT('',(0.,0.,18.5));
#7606 = DIRECTION('',(0.,0.,1.));
#7607 = DIRECTION('',(1.,0.,-0.));
#7608 = ORIENTED_EDGE('',*,*,#7609,.T.);
#7609 = EDGE_CURVE('',#7601,#1281,#7610,.T.);
#7610 = LINE('',#7611,#7612);
#7611 = CARTESIAN_POINT('',(-38.13885984455,70.557487099225,18.5));
#7612 = VECTOR('',#7613,1.);
#7613 = DIRECTION('',(-0.480988768919,0.876726755708,0.));
#7614 = ORIENTED_EDGE('',*,*,#1280,.T.);
#7615 = PLANE('',#7616);
#7616 = AXIS2_PLACEMENT_3D('',#7617,#7618,#7619);
#7617 = CARTESIAN_POINT('',(-38.13885984455,70.557487099225,18.5));
#7618 = DIRECTION('',(0.,0.,1.));
#7619 = DIRECTION('',(-0.480988768919,0.876726755708,0.));
#7620 = ADVANCED_FACE('',(#7621),#7639,.F.);
#7621 = FACE_BOUND('',#7622,.F.);
#7622 = EDGE_LOOP('',(#7623,#7624,#7632,#7638));
#7623 = ORIENTED_EDGE('',*,*,#7592,.F.);
#7624 = ORIENTED_EDGE('',*,*,#7625,.T.);
#7625 = EDGE_CURVE('',#7593,#7626,#7628,.T.);
#7626 = VERTEX_POINT('',#7627);
#7627 = CARTESIAN_POINT('',(-39.49583496026,70.951875498761,23.));
#7628 = LINE('',#7629,#7630);
#7629 = CARTESIAN_POINT('',(-39.49583496026,70.951875498761,7.99));
#7630 = VECTOR('',#7631,1.);
#7631 = DIRECTION('',(0.,0.,1.));
#7632 = ORIENTED_EDGE('',*,*,#7633,.T.);
#7633 = EDGE_CURVE('',#7626,#1300,#7634,.T.);
#7634 = LINE('',#7635,#7636);
#7635 = CARTESIAN_POINT('',(-39.01558660026,70.076498330305,23.));
#7636 = VECTOR('',#7637,1.);
#7637 = DIRECTION('',(-0.480988768919,0.876726755708,0.));
#7638 = ORIENTED_EDGE('',*,*,#1308,.F.);
#7639 = PLANE('',#7640);
#7640 = AXIS2_PLACEMENT_3D('',#7641,#7642,#7643);
#7641 = CARTESIAN_POINT('',(-39.01558660026,70.076498330305,18.5));
#7642 = DIRECTION('',(-0.876726755708,-0.480988768919,0.));
#7643 = DIRECTION('',(0.,0.,1.));
#7644 = ADVANCED_FACE('',(#7645),#7664,.F.);
#7645 = FACE_BOUND('',#7646,.F.);
#7646 = EDGE_LOOP('',(#7647,#7648,#7657,#7663));
#7647 = ORIENTED_EDGE('',*,*,#7633,.F.);
#7648 = ORIENTED_EDGE('',*,*,#7649,.F.);
#7649 = EDGE_CURVE('',#7650,#7626,#7652,.T.);
#7650 = VERTEX_POINT('',#7651);
#7651 = CARTESIAN_POINT('',(-38.61910820455,71.43286426768,23.));
#7652 = CIRCLE('',#7653,81.204);
#7653 = AXIS2_PLACEMENT_3D('',#7654,#7655,#7656);
#7654 = CARTESIAN_POINT('',(0.,0.,23.));
#7655 = DIRECTION('',(0.,0.,1.));
#7656 = DIRECTION('',(1.,0.,-0.));
#7657 = ORIENTED_EDGE('',*,*,#7658,.T.);
#7658 = EDGE_CURVE('',#7650,#1292,#7659,.T.);
#7659 = LINE('',#7660,#7661);
#7660 = CARTESIAN_POINT('',(-38.13885984455,70.557487099225,23.));
#7661 = VECTOR('',#7662,1.);
#7662 = DIRECTION('',(-0.480988768919,0.876726755708,0.));
#7663 = ORIENTED_EDGE('',*,*,#1299,.T.);
#7664 = PLANE('',#7665);
#7665 = AXIS2_PLACEMENT_3D('',#7666,#7667,#7668);
#7666 = CARTESIAN_POINT('',(-38.13885984455,70.557487099225,23.));
#7667 = DIRECTION('',(0.,0.,1.));
#7668 = DIRECTION('',(-0.480988768919,0.876726755708,0.));
#7669 = ADVANCED_FACE('',(#7670),#7681,.T.);
#7670 = FACE_BOUND('',#7671,.T.);
#7671 = EDGE_LOOP('',(#7672,#7673,#7679,#7680));
#7672 = ORIENTED_EDGE('',*,*,#7609,.F.);
#7673 = ORIENTED_EDGE('',*,*,#7674,.T.);
#7674 = EDGE_CURVE('',#7601,#7650,#7675,.T.);
#7675 = LINE('',#7676,#7677);
#7676 = CARTESIAN_POINT('',(-38.61910820455,71.43286426768,7.99));
#7677 = VECTOR('',#7678,1.);
#7678 = DIRECTION('',(0.,0.,1.));
#7679 = ORIENTED_EDGE('',*,*,#7658,.T.);
#7680 = ORIENTED_EDGE('',*,*,#1291,.F.);
#7681 = PLANE('',#7682);
#7682 = AXIS2_PLACEMENT_3D('',#7683,#7684,#7685);
#7683 = CARTESIAN_POINT('',(-38.13885984455,70.557487099225,18.5));
#7684 = DIRECTION('',(-0.876726755708,-0.480988768919,0.));
#7685 = DIRECTION('',(0.,0.,1.));
#7686 = ADVANCED_FACE('',(#7687),#7713,.T.);
#7687 = FACE_BOUND('',#7688,.T.);
#7688 = EDGE_LOOP('',(#7689,#7697,#7706,#7712));
#7689 = ORIENTED_EDGE('',*,*,#7690,.F.);
#7690 = EDGE_CURVE('',#7691,#1319,#7693,.T.);
#7691 = VERTEX_POINT('',#7692);
#7692 = CARTESIAN_POINT('',(-42.55312101861,69.161560910485,18.5));
#7693 = LINE('',#7694,#7695);
#7694 = CARTESIAN_POINT('',(-42.03514633284,68.307965046373,18.5));
#7695 = VECTOR('',#7696,1.);
#7696 = DIRECTION('',(-0.518773258161,0.854911870673,0.));
#7697 = ORIENTED_EDGE('',*,*,#7698,.F.);
#7698 = EDGE_CURVE('',#7699,#7691,#7701,.T.);
#7699 = VERTEX_POINT('',#7700);
#7700 = CARTESIAN_POINT('',(-41.69820914794,69.680334168646,18.5));
#7701 = CIRCLE('',#7702,81.204);
#7702 = AXIS2_PLACEMENT_3D('',#7703,#7704,#7705);
#7703 = CARTESIAN_POINT('',(0.,0.,18.5));
#7704 = DIRECTION('',(0.,0.,1.));
#7705 = DIRECTION('',(1.,0.,-0.));
#7706 = ORIENTED_EDGE('',*,*,#7707,.T.);
#7707 = EDGE_CURVE('',#7699,#1317,#7708,.T.);
#7708 = LINE('',#7709,#7710);
#7709 = CARTESIAN_POINT('',(-41.18023446217,68.826738304533,18.5));
#7710 = VECTOR('',#7711,1.);
#7711 = DIRECTION('',(-0.518773258161,0.854911870673,0.));
#7712 = ORIENTED_EDGE('',*,*,#1316,.T.);
#7713 = PLANE('',#7714);
#7714 = AXIS2_PLACEMENT_3D('',#7715,#7716,#7717);
#7715 = CARTESIAN_POINT('',(-41.18023446217,68.826738304533,18.5));
#7716 = DIRECTION('',(0.,0.,1.));
#7717 = DIRECTION('',(-0.518773258161,0.854911870673,0.));
#7718 = ADVANCED_FACE('',(#7719),#7737,.F.);
#7719 = FACE_BOUND('',#7720,.F.);
#7720 = EDGE_LOOP('',(#7721,#7722,#7730,#7736));
#7721 = ORIENTED_EDGE('',*,*,#7690,.F.);
#7722 = ORIENTED_EDGE('',*,*,#7723,.T.);
#7723 = EDGE_CURVE('',#7691,#7724,#7726,.T.);
#7724 = VERTEX_POINT('',#7725);
#7725 = CARTESIAN_POINT('',(-42.55312101861,69.161560910485,23.));
#7726 = LINE('',#7727,#7728);
#7727 = CARTESIAN_POINT('',(-42.55312101861,69.161560910485,7.99));
#7728 = VECTOR('',#7729,1.);
#7729 = DIRECTION('',(0.,0.,1.));
#7730 = ORIENTED_EDGE('',*,*,#7731,.T.);
#7731 = EDGE_CURVE('',#7724,#1336,#7732,.T.);
#7732 = LINE('',#7733,#7734);
#7733 = CARTESIAN_POINT('',(-42.03514633284,68.307965046373,23.));
#7734 = VECTOR('',#7735,1.);
#7735 = DIRECTION('',(-0.518773258161,0.854911870673,0.));
#7736 = ORIENTED_EDGE('',*,*,#1344,.F.);
#7737 = PLANE('',#7738);
#7738 = AXIS2_PLACEMENT_3D('',#7739,#7740,#7741);
#7739 = CARTESIAN_POINT('',(-42.03514633284,68.307965046373,18.5));
#7740 = DIRECTION('',(-0.854911870673,-0.518773258161,0.));
#7741 = DIRECTION('',(0.,0.,1.));
#7742 = ADVANCED_FACE('',(#7743),#7762,.F.);
#7743 = FACE_BOUND('',#7744,.F.);
#7744 = EDGE_LOOP('',(#7745,#7746,#7755,#7761));
#7745 = ORIENTED_EDGE('',*,*,#7731,.F.);
#7746 = ORIENTED_EDGE('',*,*,#7747,.F.);
#7747 = EDGE_CURVE('',#7748,#7724,#7750,.T.);
#7748 = VERTEX_POINT('',#7749);
#7749 = CARTESIAN_POINT('',(-41.69820914794,69.680334168646,23.));
#7750 = CIRCLE('',#7751,81.204);
#7751 = AXIS2_PLACEMENT_3D('',#7752,#7753,#7754);
#7752 = CARTESIAN_POINT('',(0.,0.,23.));
#7753 = DIRECTION('',(0.,0.,1.));
#7754 = DIRECTION('',(1.,0.,-0.));
#7755 = ORIENTED_EDGE('',*,*,#7756,.T.);
#7756 = EDGE_CURVE('',#7748,#1328,#7757,.T.);
#7757 = LINE('',#7758,#7759);
#7758 = CARTESIAN_POINT('',(-41.18023446217,68.826738304533,23.));
#7759 = VECTOR('',#7760,1.);
#7760 = DIRECTION('',(-0.518773258161,0.854911870673,0.));
#7761 = ORIENTED_EDGE('',*,*,#1335,.T.);
#7762 = PLANE('',#7763);
#7763 = AXIS2_PLACEMENT_3D('',#7764,#7765,#7766);
#7764 = CARTESIAN_POINT('',(-41.18023446217,68.826738304533,23.));
#7765 = DIRECTION('',(0.,0.,1.));
#7766 = DIRECTION('',(-0.518773258161,0.854911870673,0.));
#7767 = ADVANCED_FACE('',(#7768),#7779,.T.);
#7768 = FACE_BOUND('',#7769,.T.);
#7769 = EDGE_LOOP('',(#7770,#7771,#7777,#7778));
#7770 = ORIENTED_EDGE('',*,*,#7707,.F.);
#7771 = ORIENTED_EDGE('',*,*,#7772,.T.);
#7772 = EDGE_CURVE('',#7699,#7748,#7773,.T.);
#7773 = LINE('',#7774,#7775);
#7774 = CARTESIAN_POINT('',(-41.69820914794,69.680334168646,7.99));
#7775 = VECTOR('',#7776,1.);
#7776 = DIRECTION('',(0.,0.,1.));
#7777 = ORIENTED_EDGE('',*,*,#7756,.T.);
#7778 = ORIENTED_EDGE('',*,*,#1327,.F.);
#7779 = PLANE('',#7780);
#7780 = AXIS2_PLACEMENT_3D('',#7781,#7782,#7783);
#7781 = CARTESIAN_POINT('',(-41.18023446217,68.826738304533,18.5));
#7782 = DIRECTION('',(-0.854911870673,-0.518773258161,0.));
#7783 = DIRECTION('',(0.,0.,1.));
#7784 = ADVANCED_FACE('',(#7785),#7811,.T.);
#7785 = FACE_BOUND('',#7786,.T.);
#7786 = EDGE_LOOP('',(#7787,#7795,#7804,#7810));
#7787 = ORIENTED_EDGE('',*,*,#7788,.F.);
#7788 = EDGE_CURVE('',#7789,#1355,#7791,.T.);
#7789 = VERTEX_POINT('',#7790);
#7790 = CARTESIAN_POINT('',(-45.52940479255,67.23959336013,18.5));
#7791 = LINE('',#7792,#7793);
#7792 = CARTESIAN_POINT('',(-44.97468977525,66.409403668604,18.5));
#7793 = VECTOR('',#7794,1.);
#7794 = DIRECTION('',(-0.55557023302,0.831469612303,0.));
#7795 = ORIENTED_EDGE('',*,*,#7796,.F.);
#7796 = EDGE_CURVE('',#7797,#7789,#7799,.T.);
#7797 = VERTEX_POINT('',#7798);
#7798 = CARTESIAN_POINT('',(-44.69793518025,67.79516359315,18.5));
#7799 = CIRCLE('',#7800,81.204);
#7800 = AXIS2_PLACEMENT_3D('',#7801,#7802,#7803);
#7801 = CARTESIAN_POINT('',(0.,0.,18.5));
#7802 = DIRECTION('',(0.,0.,1.));
#7803 = DIRECTION('',(1.,0.,-0.));
#7804 = ORIENTED_EDGE('',*,*,#7805,.T.);
#7805 = EDGE_CURVE('',#7797,#1353,#7806,.T.);
#7806 = LINE('',#7807,#7808);
#7807 = CARTESIAN_POINT('',(-44.14322016295,66.964973901623,18.5));
#7808 = VECTOR('',#7809,1.);
#7809 = DIRECTION('',(-0.55557023302,0.831469612303,0.));
#7810 = ORIENTED_EDGE('',*,*,#1352,.T.);
#7811 = PLANE('',#7812);
#7812 = AXIS2_PLACEMENT_3D('',#7813,#7814,#7815);
#7813 = CARTESIAN_POINT('',(-44.14322016295,66.964973901623,18.5));
#7814 = DIRECTION('',(0.,0.,1.));
#7815 = DIRECTION('',(-0.55557023302,0.831469612303,0.));
#7816 = ADVANCED_FACE('',(#7817),#7835,.F.);
#7817 = FACE_BOUND('',#7818,.F.);
#7818 = EDGE_LOOP('',(#7819,#7820,#7828,#7834));
#7819 = ORIENTED_EDGE('',*,*,#7788,.F.);
#7820 = ORIENTED_EDGE('',*,*,#7821,.T.);
#7821 = EDGE_CURVE('',#7789,#7822,#7824,.T.);
#7822 = VERTEX_POINT('',#7823);
#7823 = CARTESIAN_POINT('',(-45.52940479255,67.23959336013,23.));
#7824 = LINE('',#7825,#7826);
#7825 = CARTESIAN_POINT('',(-45.52940479255,67.23959336013,7.99));
#7826 = VECTOR('',#7827,1.);
#7827 = DIRECTION('',(0.,0.,1.));
#7828 = ORIENTED_EDGE('',*,*,#7829,.T.);
#7829 = EDGE_CURVE('',#7822,#1372,#7830,.T.);
#7830 = LINE('',#7831,#7832);
#7831 = CARTESIAN_POINT('',(-44.97468977525,66.409403668604,23.));
#7832 = VECTOR('',#7833,1.);
#7833 = DIRECTION('',(-0.55557023302,0.831469612303,0.));
#7834 = ORIENTED_EDGE('',*,*,#1380,.F.);
#7835 = PLANE('',#7836);
#7836 = AXIS2_PLACEMENT_3D('',#7837,#7838,#7839);
#7837 = CARTESIAN_POINT('',(-44.97468977525,66.409403668604,18.5));
#7838 = DIRECTION('',(-0.831469612303,-0.55557023302,0.));
#7839 = DIRECTION('',(0.,0.,1.));
#7840 = ADVANCED_FACE('',(#7841),#7860,.F.);
#7841 = FACE_BOUND('',#7842,.F.);
#7842 = EDGE_LOOP('',(#7843,#7844,#7853,#7859));
#7843 = ORIENTED_EDGE('',*,*,#7829,.F.);
#7844 = ORIENTED_EDGE('',*,*,#7845,.F.);
#7845 = EDGE_CURVE('',#7846,#7822,#7848,.T.);
#7846 = VERTEX_POINT('',#7847);
#7847 = CARTESIAN_POINT('',(-44.69793518025,67.79516359315,23.));
#7848 = CIRCLE('',#7849,81.204);
#7849 = AXIS2_PLACEMENT_3D('',#7850,#7851,#7852);
#7850 = CARTESIAN_POINT('',(0.,0.,23.));
#7851 = DIRECTION('',(0.,0.,1.));
#7852 = DIRECTION('',(1.,0.,-0.));
#7853 = ORIENTED_EDGE('',*,*,#7854,.T.);
#7854 = EDGE_CURVE('',#7846,#1364,#7855,.T.);
#7855 = LINE('',#7856,#7857);
#7856 = CARTESIAN_POINT('',(-44.14322016295,66.964973901623,23.));
#7857 = VECTOR('',#7858,1.);
#7858 = DIRECTION('',(-0.55557023302,0.831469612303,0.));
#7859 = ORIENTED_EDGE('',*,*,#1371,.T.);
#7860 = PLANE('',#7861);
#7861 = AXIS2_PLACEMENT_3D('',#7862,#7863,#7864);
#7862 = CARTESIAN_POINT('',(-44.14322016295,66.964973901623,23.));
#7863 = DIRECTION('',(0.,0.,1.));
#7864 = DIRECTION('',(-0.55557023302,0.831469612303,0.));
#7865 = ADVANCED_FACE('',(#7866),#7877,.T.);
#7866 = FACE_BOUND('',#7867,.T.);
#7867 = EDGE_LOOP('',(#7868,#7869,#7875,#7876));
#7868 = ORIENTED_EDGE('',*,*,#7805,.F.);
#7869 = ORIENTED_EDGE('',*,*,#7870,.T.);
#7870 = EDGE_CURVE('',#7797,#7846,#7871,.T.);
#7871 = LINE('',#7872,#7873);
#7872 = CARTESIAN_POINT('',(-44.69793518025,67.79516359315,7.99));
#7873 = VECTOR('',#7874,1.);
#7874 = DIRECTION('',(0.,0.,1.));
#7875 = ORIENTED_EDGE('',*,*,#7854,.T.);
#7876 = ORIENTED_EDGE('',*,*,#1363,.F.);
#7877 = PLANE('',#7878);
#7878 = AXIS2_PLACEMENT_3D('',#7879,#7880,#7881);
#7879 = CARTESIAN_POINT('',(-44.14322016295,66.964973901623,18.5));
#7880 = DIRECTION('',(-0.831469612303,-0.55557023302,0.));
#7881 = DIRECTION('',(0.,0.,1.));
#7882 = ADVANCED_FACE('',(#7883),#7909,.T.);
#7883 = FACE_BOUND('',#7884,.T.);
#7884 = EDGE_LOOP('',(#7885,#7893,#7902,#7908));
#7885 = ORIENTED_EDGE('',*,*,#7886,.F.);
#7886 = EDGE_CURVE('',#7887,#1391,#7889,.T.);
#7887 = VERTEX_POINT('',#7888);
#7888 = CARTESIAN_POINT('',(-48.41902075674,65.189631422166,18.5));
#7889 = LINE('',#7890,#7891);
#7890 = CARTESIAN_POINT('',(-47.82862133948,64.384428216487,18.5));
#7891 = VECTOR('',#7892,1.);
#7892 = DIRECTION('',(-0.591309648364,0.806444604267,0.));
#7893 = ORIENTED_EDGE('',*,*,#7894,.F.);
#7894 = EDGE_CURVE('',#7895,#7887,#7897,.T.);
#7895 = VERTEX_POINT('',#7896);
#7896 = CARTESIAN_POINT('',(-47.61257615247,65.78094107053,18.5));
#7897 = CIRCLE('',#7898,81.204);
#7898 = AXIS2_PLACEMENT_3D('',#7899,#7900,#7901);
#7899 = CARTESIAN_POINT('',(0.,0.,18.5));
#7900 = DIRECTION('',(0.,0.,1.));
#7901 = DIRECTION('',(1.,0.,-0.));
#7902 = ORIENTED_EDGE('',*,*,#7903,.T.);
#7903 = EDGE_CURVE('',#7895,#1389,#7904,.T.);
#7904 = LINE('',#7905,#7906);
#7905 = CARTESIAN_POINT('',(-47.02217673521,64.975737864851,18.5));
#7906 = VECTOR('',#7907,1.);
#7907 = DIRECTION('',(-0.591309648364,0.806444604267,0.));
#7908 = ORIENTED_EDGE('',*,*,#1388,.T.);
#7909 = PLANE('',#7910);
#7910 = AXIS2_PLACEMENT_3D('',#7911,#7912,#7913);
#7911 = CARTESIAN_POINT('',(-47.02217673521,64.975737864851,18.5));
#7912 = DIRECTION('',(0.,0.,1.));
#7913 = DIRECTION('',(-0.591309648364,0.806444604267,0.));
#7914 = ADVANCED_FACE('',(#7915),#7933,.F.);
#7915 = FACE_BOUND('',#7916,.F.);
#7916 = EDGE_LOOP('',(#7917,#7918,#7926,#7932));
#7917 = ORIENTED_EDGE('',*,*,#7886,.F.);
#7918 = ORIENTED_EDGE('',*,*,#7919,.T.);
#7919 = EDGE_CURVE('',#7887,#7920,#7922,.T.);
#7920 = VERTEX_POINT('',#7921);
#7921 = CARTESIAN_POINT('',(-48.41902075674,65.189631422166,23.));
#7922 = LINE('',#7923,#7924);
#7923 = CARTESIAN_POINT('',(-48.41902075674,65.189631422166,7.99));
#7924 = VECTOR('',#7925,1.);
#7925 = DIRECTION('',(0.,0.,1.));
#7926 = ORIENTED_EDGE('',*,*,#7927,.T.);
#7927 = EDGE_CURVE('',#7920,#1408,#7928,.T.);
#7928 = LINE('',#7929,#7930);
#7929 = CARTESIAN_POINT('',(-47.82862133948,64.384428216487,23.));
#7930 = VECTOR('',#7931,1.);
#7931 = DIRECTION('',(-0.591309648364,0.806444604267,0.));
#7932 = ORIENTED_EDGE('',*,*,#1416,.F.);
#7933 = PLANE('',#7934);
#7934 = AXIS2_PLACEMENT_3D('',#7935,#7936,#7937);
#7935 = CARTESIAN_POINT('',(-47.82862133948,64.384428216487,18.5));
#7936 = DIRECTION('',(-0.806444604267,-0.591309648364,0.));
#7937 = DIRECTION('',(0.,0.,1.));
#7938 = ADVANCED_FACE('',(#7939),#7958,.F.);
#7939 = FACE_BOUND('',#7940,.F.);
#7940 = EDGE_LOOP('',(#7941,#7942,#7951,#7957));
#7941 = ORIENTED_EDGE('',*,*,#7927,.F.);
#7942 = ORIENTED_EDGE('',*,*,#7943,.F.);
#7943 = EDGE_CURVE('',#7944,#7920,#7946,.T.);
#7944 = VERTEX_POINT('',#7945);
#7945 = CARTESIAN_POINT('',(-47.61257615247,65.78094107053,23.));
#7946 = CIRCLE('',#7947,81.204);
#7947 = AXIS2_PLACEMENT_3D('',#7948,#7949,#7950);
#7948 = CARTESIAN_POINT('',(0.,0.,23.));
#7949 = DIRECTION('',(0.,0.,1.));
#7950 = DIRECTION('',(1.,0.,-0.));
#7951 = ORIENTED_EDGE('',*,*,#7952,.T.);
#7952 = EDGE_CURVE('',#7944,#1400,#7953,.T.);
#7953 = LINE('',#7954,#7955);
#7954 = CARTESIAN_POINT('',(-47.02217673521,64.975737864851,23.));
#7955 = VECTOR('',#7956,1.);
#7956 = DIRECTION('',(-0.591309648364,0.806444604267,0.));
#7957 = ORIENTED_EDGE('',*,*,#1407,.T.);
#7958 = PLANE('',#7959);
#7959 = AXIS2_PLACEMENT_3D('',#7960,#7961,#7962);
#7960 = CARTESIAN_POINT('',(-47.02217673521,64.975737864851,23.));
#7961 = DIRECTION('',(0.,0.,1.));
#7962 = DIRECTION('',(-0.591309648364,0.806444604267,0.));
#7963 = ADVANCED_FACE('',(#7964),#7975,.T.);
#7964 = FACE_BOUND('',#7965,.T.);
#7965 = EDGE_LOOP('',(#7966,#7967,#7973,#7974));
#7966 = ORIENTED_EDGE('',*,*,#7903,.F.);
#7967 = ORIENTED_EDGE('',*,*,#7968,.T.);
#7968 = EDGE_CURVE('',#7895,#7944,#7969,.T.);
#7969 = LINE('',#7970,#7971);
#7970 = CARTESIAN_POINT('',(-47.61257615247,65.78094107053,7.99));
#7971 = VECTOR('',#7972,1.);
#7972 = DIRECTION('',(0.,0.,1.));
#7973 = ORIENTED_EDGE('',*,*,#7952,.T.);
#7974 = ORIENTED_EDGE('',*,*,#1399,.F.);
#7975 = PLANE('',#7976);
#7976 = AXIS2_PLACEMENT_3D('',#7977,#7978,#7979);
#7977 = CARTESIAN_POINT('',(-47.02217673521,64.975737864851,18.5));
#7978 = DIRECTION('',(-0.806444604267,-0.591309648364,0.));
#7979 = DIRECTION('',(0.,0.,1.));
#7980 = ADVANCED_FACE('',(#7981),#8007,.T.);
#7981 = FACE_BOUND('',#7982,.T.);
#7982 = EDGE_LOOP('',(#7983,#7991,#8000,#8006));
#7983 = ORIENTED_EDGE('',*,*,#7984,.F.);
#7984 = EDGE_CURVE('',#7985,#1427,#7987,.T.);
#7985 = VERTEX_POINT('',#7986);
#7986 = CARTESIAN_POINT('',(-51.21646836296,63.015577315653,18.5));
#7987 = LINE('',#7988,#7989);
#7988 = CARTESIAN_POINT('',(-50.59150840459,62.236893345889,18.5));
#7989 = VECTOR('',#7990,1.);
#7990 = DIRECTION('',(-0.625923472184,0.779884483093,0.));
#7991 = ORIENTED_EDGE('',*,*,#7992,.F.);
#7992 = EDGE_CURVE('',#7993,#7985,#7995,.T.);
#7993 = VERTEX_POINT('',#7994);
#7994 = CARTESIAN_POINT('',(-50.43658387987,63.641500787837,18.5));
#7995 = CIRCLE('',#7996,81.204);
#7996 = AXIS2_PLACEMENT_3D('',#7997,#7998,#7999);
#7997 = CARTESIAN_POINT('',(0.,0.,18.5));
#7998 = DIRECTION('',(0.,0.,1.));
#7999 = DIRECTION('',(1.,0.,-0.));
#8000 = ORIENTED_EDGE('',*,*,#8001,.T.);
#8001 = EDGE_CURVE('',#7993,#1425,#8002,.T.);
#8002 = LINE('',#8003,#8004);
#8003 = CARTESIAN_POINT('',(-49.8116239215,62.862816818074,18.5));
#8004 = VECTOR('',#8005,1.);
#8005 = DIRECTION('',(-0.625923472184,0.779884483093,0.));
#8006 = ORIENTED_EDGE('',*,*,#1424,.T.);
#8007 = PLANE('',#8008);
#8008 = AXIS2_PLACEMENT_3D('',#8009,#8010,#8011);
#8009 = CARTESIAN_POINT('',(-49.8116239215,62.862816818074,18.5));
#8010 = DIRECTION('',(0.,0.,1.));
#8011 = DIRECTION('',(-0.625923472184,0.779884483093,0.));
#8012 = ADVANCED_FACE('',(#8013),#8031,.F.);
#8013 = FACE_BOUND('',#8014,.F.);
#8014 = EDGE_LOOP('',(#8015,#8016,#8024,#8030));
#8015 = ORIENTED_EDGE('',*,*,#7984,.F.);
#8016 = ORIENTED_EDGE('',*,*,#8017,.T.);
#8017 = EDGE_CURVE('',#7985,#8018,#8020,.T.);
#8018 = VERTEX_POINT('',#8019);
#8019 = CARTESIAN_POINT('',(-51.21646836296,63.015577315653,23.));
#8020 = LINE('',#8021,#8022);
#8021 = CARTESIAN_POINT('',(-51.21646836296,63.015577315653,7.99));
#8022 = VECTOR('',#8023,1.);
#8023 = DIRECTION('',(0.,0.,1.));
#8024 = ORIENTED_EDGE('',*,*,#8025,.T.);
#8025 = EDGE_CURVE('',#8018,#1444,#8026,.T.);
#8026 = LINE('',#8027,#8028);
#8027 = CARTESIAN_POINT('',(-50.59150840459,62.236893345889,23.));
#8028 = VECTOR('',#8029,1.);
#8029 = DIRECTION('',(-0.625923472184,0.779884483093,0.));
#8030 = ORIENTED_EDGE('',*,*,#1452,.F.);
#8031 = PLANE('',#8032);
#8032 = AXIS2_PLACEMENT_3D('',#8033,#8034,#8035);
#8033 = CARTESIAN_POINT('',(-50.59150840459,62.236893345889,18.5));
#8034 = DIRECTION('',(-0.779884483093,-0.625923472184,0.));
#8035 = DIRECTION('',(0.,0.,1.));
#8036 = ADVANCED_FACE('',(#8037),#8056,.F.);
#8037 = FACE_BOUND('',#8038,.F.);
#8038 = EDGE_LOOP('',(#8039,#8040,#8049,#8055));
#8039 = ORIENTED_EDGE('',*,*,#8025,.F.);
#8040 = ORIENTED_EDGE('',*,*,#8041,.F.);
#8041 = EDGE_CURVE('',#8042,#8018,#8044,.T.);
#8042 = VERTEX_POINT('',#8043);
#8043 = CARTESIAN_POINT('',(-50.43658387987,63.641500787837,23.));
#8044 = CIRCLE('',#8045,81.204);
#8045 = AXIS2_PLACEMENT_3D('',#8046,#8047,#8048);
#8046 = CARTESIAN_POINT('',(0.,0.,23.));
#8047 = DIRECTION('',(0.,0.,1.));
#8048 = DIRECTION('',(1.,0.,-0.));
#8049 = ORIENTED_EDGE('',*,*,#8050,.T.);
#8050 = EDGE_CURVE('',#8042,#1436,#8051,.T.);
#8051 = LINE('',#8052,#8053);
#8052 = CARTESIAN_POINT('',(-49.8116239215,62.862816818074,23.));
#8053 = VECTOR('',#8054,1.);
#8054 = DIRECTION('',(-0.625923472184,0.779884483093,0.));
#8055 = ORIENTED_EDGE('',*,*,#1443,.T.);
#8056 = PLANE('',#8057);
#8057 = AXIS2_PLACEMENT_3D('',#8058,#8059,#8060);
#8058 = CARTESIAN_POINT('',(-49.8116239215,62.862816818074,23.));
#8059 = DIRECTION('',(0.,0.,1.));
#8060 = DIRECTION('',(-0.625923472184,0.779884483093,0.));
#8061 = ADVANCED_FACE('',(#8062),#8073,.T.);
#8062 = FACE_BOUND('',#8063,.T.);
#8063 = EDGE_LOOP('',(#8064,#8065,#8071,#8072));
#8064 = ORIENTED_EDGE('',*,*,#8001,.F.);
#8065 = ORIENTED_EDGE('',*,*,#8066,.T.);
#8066 = EDGE_CURVE('',#7993,#8042,#8067,.T.);
#8067 = LINE('',#8068,#8069);
#8068 = CARTESIAN_POINT('',(-50.43658387987,63.641500787837,7.99));
#8069 = VECTOR('',#8070,1.);
#8070 = DIRECTION('',(0.,0.,1.));
#8071 = ORIENTED_EDGE('',*,*,#8050,.T.);
#8072 = ORIENTED_EDGE('',*,*,#1435,.F.);
#8073 = PLANE('',#8074);
#8074 = AXIS2_PLACEMENT_3D('',#8075,#8076,#8077);
#8075 = CARTESIAN_POINT('',(-49.8116239215,62.862816818074,18.5));
#8076 = DIRECTION('',(-0.779884483093,-0.625923472184,0.));
#8077 = DIRECTION('',(0.,0.,1.));
#8078 = ADVANCED_FACE('',(#8079),#8105,.T.);
#8079 = FACE_BOUND('',#8080,.T.);
#8080 = EDGE_LOOP('',(#8081,#8089,#8098,#8104));
#8081 = ORIENTED_EDGE('',*,*,#8082,.F.);
#8082 = EDGE_CURVE('',#8083,#1463,#8085,.T.);
#8083 = VERTEX_POINT('',#8084);
#8084 = CARTESIAN_POINT('',(-53.9164225107,60.721569476148,18.5));
#8085 = LINE('',#8086,#8087);
#8086 = CARTESIAN_POINT('',(-53.25809165802,59.970887011494,18.5));
#8087 = VECTOR('',#8088,1.);
#8088 = DIRECTION('',(-0.6593458151,0.751839807479,0.));
#8089 = ORIENTED_EDGE('',*,*,#8090,.F.);
#8090 = EDGE_CURVE('',#8091,#8083,#8093,.T.);
#8091 = VERTEX_POINT('',#8092);
#8092 = CARTESIAN_POINT('',(-53.16458270323,61.380915291249,18.5));
#8093 = CIRCLE('',#8094,81.204);
#8094 = AXIS2_PLACEMENT_3D('',#8095,#8096,#8097);
#8095 = CARTESIAN_POINT('',(0.,0.,18.5));
#8096 = DIRECTION('',(0.,0.,1.));
#8097 = DIRECTION('',(1.,0.,-0.));
#8098 = ORIENTED_EDGE('',*,*,#8099,.T.);
#8099 = EDGE_CURVE('',#8091,#1461,#8100,.T.);
#8100 = LINE('',#8101,#8102);
#8101 = CARTESIAN_POINT('',(-52.50625185054,60.630232826594,18.5));
#8102 = VECTOR('',#8103,1.);
#8103 = DIRECTION('',(-0.6593458151,0.751839807479,0.));
#8104 = ORIENTED_EDGE('',*,*,#1460,.T.);
#8105 = PLANE('',#8106);
#8106 = AXIS2_PLACEMENT_3D('',#8107,#8108,#8109);
#8107 = CARTESIAN_POINT('',(-52.50625185054,60.630232826594,18.5));
#8108 = DIRECTION('',(0.,0.,1.));
#8109 = DIRECTION('',(-0.6593458151,0.751839807479,0.));
#8110 = ADVANCED_FACE('',(#8111),#8129,.F.);
#8111 = FACE_BOUND('',#8112,.F.);
#8112 = EDGE_LOOP('',(#8113,#8114,#8122,#8128));
#8113 = ORIENTED_EDGE('',*,*,#8082,.F.);
#8114 = ORIENTED_EDGE('',*,*,#8115,.T.);
#8115 = EDGE_CURVE('',#8083,#8116,#8118,.T.);
#8116 = VERTEX_POINT('',#8117);
#8117 = CARTESIAN_POINT('',(-53.9164225107,60.721569476148,23.));
#8118 = LINE('',#8119,#8120);
#8119 = CARTESIAN_POINT('',(-53.9164225107,60.721569476148,7.99));
#8120 = VECTOR('',#8121,1.);
#8121 = DIRECTION('',(0.,0.,1.));
#8122 = ORIENTED_EDGE('',*,*,#8123,.T.);
#8123 = EDGE_CURVE('',#8116,#1480,#8124,.T.);
#8124 = LINE('',#8125,#8126);
#8125 = CARTESIAN_POINT('',(-53.25809165802,59.970887011494,23.));
#8126 = VECTOR('',#8127,1.);
#8127 = DIRECTION('',(-0.6593458151,0.751839807479,0.));
#8128 = ORIENTED_EDGE('',*,*,#1488,.F.);
#8129 = PLANE('',#8130);
#8130 = AXIS2_PLACEMENT_3D('',#8131,#8132,#8133);
#8131 = CARTESIAN_POINT('',(-53.25809165802,59.970887011494,18.5));
#8132 = DIRECTION('',(-0.751839807479,-0.6593458151,0.));
#8133 = DIRECTION('',(0.,0.,1.));
#8134 = ADVANCED_FACE('',(#8135),#8154,.F.);
#8135 = FACE_BOUND('',#8136,.F.);
#8136 = EDGE_LOOP('',(#8137,#8138,#8147,#8153));
#8137 = ORIENTED_EDGE('',*,*,#8123,.F.);
#8138 = ORIENTED_EDGE('',*,*,#8139,.F.);
#8139 = EDGE_CURVE('',#8140,#8116,#8142,.T.);
#8140 = VERTEX_POINT('',#8141);
#8141 = CARTESIAN_POINT('',(-53.16458270323,61.380915291249,23.));
#8142 = CIRCLE('',#8143,81.204);
#8143 = AXIS2_PLACEMENT_3D('',#8144,#8145,#8146);
#8144 = CARTESIAN_POINT('',(0.,0.,23.));
#8145 = DIRECTION('',(0.,0.,1.));
#8146 = DIRECTION('',(1.,0.,-0.));
#8147 = ORIENTED_EDGE('',*,*,#8148,.T.);
#8148 = EDGE_CURVE('',#8140,#1472,#8149,.T.);
#8149 = LINE('',#8150,#8151);
#8150 = CARTESIAN_POINT('',(-52.50625185054,60.630232826594,23.));
#8151 = VECTOR('',#8152,1.);
#8152 = DIRECTION('',(-0.6593458151,0.751839807479,0.));
#8153 = ORIENTED_EDGE('',*,*,#1479,.T.);
#8154 = PLANE('',#8155);
#8155 = AXIS2_PLACEMENT_3D('',#8156,#8157,#8158);
#8156 = CARTESIAN_POINT('',(-52.50625185054,60.630232826594,23.));
#8157 = DIRECTION('',(0.,0.,1.));
#8158 = DIRECTION('',(-0.6593458151,0.751839807479,0.));
#8159 = ADVANCED_FACE('',(#8160),#8171,.T.);
#8160 = FACE_BOUND('',#8161,.T.);
#8161 = EDGE_LOOP('',(#8162,#8163,#8169,#8170));
#8162 = ORIENTED_EDGE('',*,*,#8099,.F.);
#8163 = ORIENTED_EDGE('',*,*,#8164,.T.);
#8164 = EDGE_CURVE('',#8091,#8140,#8165,.T.);
#8165 = LINE('',#8166,#8167);
#8166 = CARTESIAN_POINT('',(-53.16458270323,61.380915291249,7.99));
#8167 = VECTOR('',#8168,1.);
#8168 = DIRECTION('',(0.,0.,1.));
#8169 = ORIENTED_EDGE('',*,*,#8148,.T.);
#8170 = ORIENTED_EDGE('',*,*,#1471,.F.);
#8171 = PLANE('',#8172);
#8172 = AXIS2_PLACEMENT_3D('',#8173,#8174,#8175);
#8173 = CARTESIAN_POINT('',(-52.50625185054,60.630232826594,18.5));
#8174 = DIRECTION('',(-0.751839807479,-0.6593458151,0.));
#8175 = DIRECTION('',(0.,0.,1.));
#8176 = ADVANCED_FACE('',(#8177),#8203,.T.);
#8177 = FACE_BOUND('',#8178,.T.);
#8178 = EDGE_LOOP('',(#8179,#8187,#8196,#8202));
#8179 = ORIENTED_EDGE('',*,*,#8180,.F.);
#8180 = EDGE_CURVE('',#8181,#1499,#8183,.T.);
#8181 = VERTEX_POINT('',#8182);
#8182 = CARTESIAN_POINT('',(-56.51374368379,58.311974677958,18.5));
#8183 = LINE('',#8184,#8185);
#8184 = CARTESIAN_POINT('',(-55.82329510699,57.59072268515,18.5));
#8185 = VECTOR('',#8186,1.);
#8186 = DIRECTION('',(-0.691513055782,0.72236396206,0.));
#8187 = ORIENTED_EDGE('',*,*,#8188,.F.);
#8188 = EDGE_CURVE('',#8189,#8181,#8191,.T.);
#8189 = VERTEX_POINT('',#8190);
#8190 = CARTESIAN_POINT('',(-55.79137972173,59.00348773374,18.5));
#8191 = CIRCLE('',#8192,81.204);
#8192 = AXIS2_PLACEMENT_3D('',#8193,#8194,#8195);
#8193 = CARTESIAN_POINT('',(0.,0.,18.5));
#8194 = DIRECTION('',(0.,0.,1.));
#8195 = DIRECTION('',(1.,0.,-0.));
#8196 = ORIENTED_EDGE('',*,*,#8197,.T.);
#8197 = EDGE_CURVE('',#8189,#1497,#8198,.T.);
#8198 = LINE('',#8199,#8200);
#8199 = CARTESIAN_POINT('',(-55.10093114493,58.282235740932,18.5));
#8200 = VECTOR('',#8201,1.);
#8201 = DIRECTION('',(-0.691513055782,0.72236396206,0.));
#8202 = ORIENTED_EDGE('',*,*,#1496,.T.);
#8203 = PLANE('',#8204);
#8204 = AXIS2_PLACEMENT_3D('',#8205,#8206,#8207);
#8205 = CARTESIAN_POINT('',(-55.10093114493,58.282235740932,18.5));
#8206 = DIRECTION('',(0.,0.,1.));
#8207 = DIRECTION('',(-0.691513055782,0.72236396206,0.));
#8208 = ADVANCED_FACE('',(#8209),#8227,.F.);
#8209 = FACE_BOUND('',#8210,.F.);
#8210 = EDGE_LOOP('',(#8211,#8212,#8220,#8226));
#8211 = ORIENTED_EDGE('',*,*,#8180,.F.);
#8212 = ORIENTED_EDGE('',*,*,#8213,.T.);
#8213 = EDGE_CURVE('',#8181,#8214,#8216,.T.);
#8214 = VERTEX_POINT('',#8215);
#8215 = CARTESIAN_POINT('',(-56.51374368379,58.311974677958,23.));
#8216 = LINE('',#8217,#8218);
#8217 = CARTESIAN_POINT('',(-56.51374368379,58.311974677958,7.99));
#8218 = VECTOR('',#8219,1.);
#8219 = DIRECTION('',(0.,0.,1.));
#8220 = ORIENTED_EDGE('',*,*,#8221,.T.);
#8221 = EDGE_CURVE('',#8214,#1516,#8222,.T.);
#8222 = LINE('',#8223,#8224);
#8223 = CARTESIAN_POINT('',(-55.82329510699,57.59072268515,23.));
#8224 = VECTOR('',#8225,1.);
#8225 = DIRECTION('',(-0.691513055782,0.72236396206,0.));
#8226 = ORIENTED_EDGE('',*,*,#1524,.F.);
#8227 = PLANE('',#8228);
#8228 = AXIS2_PLACEMENT_3D('',#8229,#8230,#8231);
#8229 = CARTESIAN_POINT('',(-55.82329510699,57.59072268515,18.5));
#8230 = DIRECTION('',(-0.72236396206,-0.691513055782,0.));
#8231 = DIRECTION('',(0.,0.,1.));
#8232 = ADVANCED_FACE('',(#8233),#8252,.F.);
#8233 = FACE_BOUND('',#8234,.F.);
#8234 = EDGE_LOOP('',(#8235,#8236,#8245,#8251));
#8235 = ORIENTED_EDGE('',*,*,#8221,.F.);
#8236 = ORIENTED_EDGE('',*,*,#8237,.F.);
#8237 = EDGE_CURVE('',#8238,#8214,#8240,.T.);
#8238 = VERTEX_POINT('',#8239);
#8239 = CARTESIAN_POINT('',(-55.79137972173,59.00348773374,23.));
#8240 = CIRCLE('',#8241,81.204);
#8241 = AXIS2_PLACEMENT_3D('',#8242,#8243,#8244);
#8242 = CARTESIAN_POINT('',(0.,0.,23.));
#8243 = DIRECTION('',(0.,0.,1.));
#8244 = DIRECTION('',(1.,0.,-0.));
#8245 = ORIENTED_EDGE('',*,*,#8246,.T.);
#8246 = EDGE_CURVE('',#8238,#1508,#8247,.T.);
#8247 = LINE('',#8248,#8249);
#8248 = CARTESIAN_POINT('',(-55.10093114493,58.282235740932,23.));
#8249 = VECTOR('',#8250,1.);
#8250 = DIRECTION('',(-0.691513055782,0.72236396206,0.));
#8251 = ORIENTED_EDGE('',*,*,#1515,.T.);
#8252 = PLANE('',#8253);
#8253 = AXIS2_PLACEMENT_3D('',#8254,#8255,#8256);
#8254 = CARTESIAN_POINT('',(-55.10093114493,58.282235740932,23.));
#8255 = DIRECTION('',(0.,0.,1.));
#8256 = DIRECTION('',(-0.691513055782,0.72236396206,0.));
#8257 = ADVANCED_FACE('',(#8258),#8269,.T.);
#8258 = FACE_BOUND('',#8259,.T.);
#8259 = EDGE_LOOP('',(#8260,#8261,#8267,#8268));
#8260 = ORIENTED_EDGE('',*,*,#8197,.F.);
#8261 = ORIENTED_EDGE('',*,*,#8262,.T.);
#8262 = EDGE_CURVE('',#8189,#8238,#8263,.T.);
#8263 = LINE('',#8264,#8265);
#8264 = CARTESIAN_POINT('',(-55.79137972173,59.00348773374,7.99));
#8265 = VECTOR('',#8266,1.);
#8266 = DIRECTION('',(0.,0.,1.));
#8267 = ORIENTED_EDGE('',*,*,#8246,.T.);
#8268 = ORIENTED_EDGE('',*,*,#1507,.F.);
#8269 = PLANE('',#8270);
#8270 = AXIS2_PLACEMENT_3D('',#8271,#8272,#8273);
#8271 = CARTESIAN_POINT('',(-55.10093114493,58.282235740932,18.5));
#8272 = DIRECTION('',(-0.72236396206,-0.691513055782,0.));
#8273 = DIRECTION('',(0.,0.,1.));
#8274 = ADVANCED_FACE('',(#8275),#8301,.T.);
#8275 = FACE_BOUND('',#8276,.T.);
#8276 = EDGE_LOOP('',(#8277,#8285,#8294,#8300));
#8277 = ORIENTED_EDGE('',*,*,#8278,.F.);
#8278 = EDGE_CURVE('',#8279,#1535,#8281,.T.);
#8279 = VERTEX_POINT('',#8280);
#8280 = CARTESIAN_POINT('',(-59.00348773374,55.791379721731,18.5));
#8281 = LINE('',#8282,#8283);
#8282 = CARTESIAN_POINT('',(-58.28223574093,55.100931144931,18.5));
#8283 = VECTOR('',#8284,1.);
#8284 = DIRECTION('',(-0.72236396206,0.691513055782,0.));
#8285 = ORIENTED_EDGE('',*,*,#8286,.F.);
#8286 = EDGE_CURVE('',#8287,#8279,#8289,.T.);
#8287 = VERTEX_POINT('',#8288);
#8288 = CARTESIAN_POINT('',(-58.31197467795,56.513743683791,18.5));
#8289 = CIRCLE('',#8290,81.204);
#8290 = AXIS2_PLACEMENT_3D('',#8291,#8292,#8293);
#8291 = CARTESIAN_POINT('',(0.,0.,18.5));
#8292 = DIRECTION('',(0.,0.,1.));
#8293 = DIRECTION('',(1.,0.,-0.));
#8294 = ORIENTED_EDGE('',*,*,#8295,.T.);
#8295 = EDGE_CURVE('',#8287,#1533,#8296,.T.);
#8296 = LINE('',#8297,#8298);
#8297 = CARTESIAN_POINT('',(-57.59072268514,55.823295106991,18.5));
#8298 = VECTOR('',#8299,1.);
#8299 = DIRECTION('',(-0.72236396206,0.691513055782,0.));
#8300 = ORIENTED_EDGE('',*,*,#1532,.T.);
#8301 = PLANE('',#8302);
#8302 = AXIS2_PLACEMENT_3D('',#8303,#8304,#8305);
#8303 = CARTESIAN_POINT('',(-57.59072268514,55.823295106991,18.5));
#8304 = DIRECTION('',(0.,0.,1.));
#8305 = DIRECTION('',(-0.72236396206,0.691513055782,0.));
#8306 = ADVANCED_FACE('',(#8307),#8325,.F.);
#8307 = FACE_BOUND('',#8308,.F.);
#8308 = EDGE_LOOP('',(#8309,#8310,#8318,#8324));
#8309 = ORIENTED_EDGE('',*,*,#8278,.F.);
#8310 = ORIENTED_EDGE('',*,*,#8311,.T.);
#8311 = EDGE_CURVE('',#8279,#8312,#8314,.T.);
#8312 = VERTEX_POINT('',#8313);
#8313 = CARTESIAN_POINT('',(-59.00348773374,55.791379721731,23.));
#8314 = LINE('',#8315,#8316);
#8315 = CARTESIAN_POINT('',(-59.00348773374,55.791379721731,7.99));
#8316 = VECTOR('',#8317,1.);
#8317 = DIRECTION('',(0.,0.,1.));
#8318 = ORIENTED_EDGE('',*,*,#8319,.T.);
#8319 = EDGE_CURVE('',#8312,#1552,#8320,.T.);
#8320 = LINE('',#8321,#8322);
#8321 = CARTESIAN_POINT('',(-58.28223574093,55.100931144931,23.));
#8322 = VECTOR('',#8323,1.);
#8323 = DIRECTION('',(-0.72236396206,0.691513055782,0.));
#8324 = ORIENTED_EDGE('',*,*,#1560,.F.);
#8325 = PLANE('',#8326);
#8326 = AXIS2_PLACEMENT_3D('',#8327,#8328,#8329);
#8327 = CARTESIAN_POINT('',(-58.28223574093,55.100931144931,18.5));
#8328 = DIRECTION('',(-0.691513055782,-0.72236396206,0.));
#8329 = DIRECTION('',(0.,0.,1.));
#8330 = ADVANCED_FACE('',(#8331),#8350,.F.);
#8331 = FACE_BOUND('',#8332,.F.);
#8332 = EDGE_LOOP('',(#8333,#8334,#8343,#8349));
#8333 = ORIENTED_EDGE('',*,*,#8319,.F.);
#8334 = ORIENTED_EDGE('',*,*,#8335,.F.);
#8335 = EDGE_CURVE('',#8336,#8312,#8338,.T.);
#8336 = VERTEX_POINT('',#8337);
#8337 = CARTESIAN_POINT('',(-58.31197467795,56.513743683791,23.));
#8338 = CIRCLE('',#8339,81.204);
#8339 = AXIS2_PLACEMENT_3D('',#8340,#8341,#8342);
#8340 = CARTESIAN_POINT('',(0.,0.,23.));
#8341 = DIRECTION('',(0.,0.,1.));
#8342 = DIRECTION('',(1.,0.,-0.));
#8343 = ORIENTED_EDGE('',*,*,#8344,.T.);
#8344 = EDGE_CURVE('',#8336,#1544,#8345,.T.);
#8345 = LINE('',#8346,#8347);
#8346 = CARTESIAN_POINT('',(-57.59072268514,55.823295106991,23.));
#8347 = VECTOR('',#8348,1.);
#8348 = DIRECTION('',(-0.72236396206,0.691513055782,0.));
#8349 = ORIENTED_EDGE('',*,*,#1551,.T.);
#8350 = PLANE('',#8351);
#8351 = AXIS2_PLACEMENT_3D('',#8352,#8353,#8354);
#8352 = CARTESIAN_POINT('',(-57.59072268514,55.823295106991,23.));
#8353 = DIRECTION('',(0.,0.,1.));
#8354 = DIRECTION('',(-0.72236396206,0.691513055782,0.));
#8355 = ADVANCED_FACE('',(#8356),#8367,.T.);
#8356 = FACE_BOUND('',#8357,.T.);
#8357 = EDGE_LOOP('',(#8358,#8359,#8365,#8366));
#8358 = ORIENTED_EDGE('',*,*,#8295,.F.);
#8359 = ORIENTED_EDGE('',*,*,#8360,.T.);
#8360 = EDGE_CURVE('',#8287,#8336,#8361,.T.);
#8361 = LINE('',#8362,#8363);
#8362 = CARTESIAN_POINT('',(-58.31197467795,56.513743683791,7.99));
#8363 = VECTOR('',#8364,1.);
#8364 = DIRECTION('',(0.,0.,1.));
#8365 = ORIENTED_EDGE('',*,*,#8344,.T.);
#8366 = ORIENTED_EDGE('',*,*,#1543,.F.);
#8367 = PLANE('',#8368);
#8368 = AXIS2_PLACEMENT_3D('',#8369,#8370,#8371);
#8369 = CARTESIAN_POINT('',(-57.59072268514,55.823295106991,18.5));
#8370 = DIRECTION('',(-0.691513055782,-0.72236396206,0.));
#8371 = DIRECTION('',(0.,0.,1.));
#8372 = ADVANCED_FACE('',(#8373),#8399,.T.);
#8373 = FACE_BOUND('',#8374,.T.);
#8374 = EDGE_LOOP('',(#8375,#8383,#8392,#8398));
#8375 = ORIENTED_EDGE('',*,*,#8376,.F.);
#8376 = EDGE_CURVE('',#8377,#1571,#8379,.T.);
#8377 = VERTEX_POINT('',#8378);
#8378 = CARTESIAN_POINT('',(-61.38091529124,53.16458270323,18.5));
#8379 = LINE('',#8380,#8381);
#8380 = CARTESIAN_POINT('',(-60.63023282659,52.506251850546,18.5));
#8381 = VECTOR('',#8382,1.);
#8382 = DIRECTION('',(-0.751839807479,0.6593458151,0.));
#8383 = ORIENTED_EDGE('',*,*,#8384,.F.);
#8384 = EDGE_CURVE('',#8385,#8377,#8387,.T.);
#8385 = VERTEX_POINT('',#8386);
#8386 = CARTESIAN_POINT('',(-60.72156947614,53.916422510709,18.5));
#8387 = CIRCLE('',#8388,81.204);
#8388 = AXIS2_PLACEMENT_3D('',#8389,#8390,#8391);
#8389 = CARTESIAN_POINT('',(0.,0.,18.5));
#8390 = DIRECTION('',(0.,0.,1.));
#8391 = DIRECTION('',(1.,0.,-0.));
#8392 = ORIENTED_EDGE('',*,*,#8393,.T.);
#8393 = EDGE_CURVE('',#8385,#1569,#8394,.T.);
#8394 = LINE('',#8395,#8396);
#8395 = CARTESIAN_POINT('',(-59.97088701149,53.258091658025,18.5));
#8396 = VECTOR('',#8397,1.);
#8397 = DIRECTION('',(-0.751839807479,0.6593458151,0.));
#8398 = ORIENTED_EDGE('',*,*,#1568,.T.);
#8399 = PLANE('',#8400);
#8400 = AXIS2_PLACEMENT_3D('',#8401,#8402,#8403);
#8401 = CARTESIAN_POINT('',(-59.97088701149,53.258091658025,18.5));
#8402 = DIRECTION('',(0.,0.,1.));
#8403 = DIRECTION('',(-0.751839807479,0.6593458151,0.));
#8404 = ADVANCED_FACE('',(#8405),#8423,.F.);
#8405 = FACE_BOUND('',#8406,.F.);
#8406 = EDGE_LOOP('',(#8407,#8408,#8416,#8422));
#8407 = ORIENTED_EDGE('',*,*,#8376,.F.);
#8408 = ORIENTED_EDGE('',*,*,#8409,.T.);
#8409 = EDGE_CURVE('',#8377,#8410,#8412,.T.);
#8410 = VERTEX_POINT('',#8411);
#8411 = CARTESIAN_POINT('',(-61.38091529124,53.16458270323,23.));
#8412 = LINE('',#8413,#8414);
#8413 = CARTESIAN_POINT('',(-61.38091529124,53.16458270323,7.99));
#8414 = VECTOR('',#8415,1.);
#8415 = DIRECTION('',(0.,0.,1.));
#8416 = ORIENTED_EDGE('',*,*,#8417,.T.);
#8417 = EDGE_CURVE('',#8410,#1588,#8418,.T.);
#8418 = LINE('',#8419,#8420);
#8419 = CARTESIAN_POINT('',(-60.63023282659,52.506251850546,23.));
#8420 = VECTOR('',#8421,1.);
#8421 = DIRECTION('',(-0.751839807479,0.6593458151,0.));
#8422 = ORIENTED_EDGE('',*,*,#1596,.F.);
#8423 = PLANE('',#8424);
#8424 = AXIS2_PLACEMENT_3D('',#8425,#8426,#8427);
#8425 = CARTESIAN_POINT('',(-60.63023282659,52.506251850546,18.5));
#8426 = DIRECTION('',(-0.6593458151,-0.751839807479,0.));
#8427 = DIRECTION('',(0.,0.,1.));
#8428 = ADVANCED_FACE('',(#8429),#8448,.F.);
#8429 = FACE_BOUND('',#8430,.F.);
#8430 = EDGE_LOOP('',(#8431,#8432,#8441,#8447));
#8431 = ORIENTED_EDGE('',*,*,#8417,.F.);
#8432 = ORIENTED_EDGE('',*,*,#8433,.F.);
#8433 = EDGE_CURVE('',#8434,#8410,#8436,.T.);
#8434 = VERTEX_POINT('',#8435);
#8435 = CARTESIAN_POINT('',(-60.72156947614,53.916422510709,23.));
#8436 = CIRCLE('',#8437,81.204);
#8437 = AXIS2_PLACEMENT_3D('',#8438,#8439,#8440);
#8438 = CARTESIAN_POINT('',(0.,0.,23.));
#8439 = DIRECTION('',(0.,0.,1.));
#8440 = DIRECTION('',(1.,0.,-0.));
#8441 = ORIENTED_EDGE('',*,*,#8442,.T.);
#8442 = EDGE_CURVE('',#8434,#1580,#8443,.T.);
#8443 = LINE('',#8444,#8445);
#8444 = CARTESIAN_POINT('',(-59.97088701149,53.258091658025,23.));
#8445 = VECTOR('',#8446,1.);
#8446 = DIRECTION('',(-0.751839807479,0.6593458151,0.));
#8447 = ORIENTED_EDGE('',*,*,#1587,.T.);
#8448 = PLANE('',#8449);
#8449 = AXIS2_PLACEMENT_3D('',#8450,#8451,#8452);
#8450 = CARTESIAN_POINT('',(-59.97088701149,53.258091658025,23.));
#8451 = DIRECTION('',(0.,0.,1.));
#8452 = DIRECTION('',(-0.751839807479,0.6593458151,0.));
#8453 = ADVANCED_FACE('',(#8454),#8465,.T.);
#8454 = FACE_BOUND('',#8455,.T.);
#8455 = EDGE_LOOP('',(#8456,#8457,#8463,#8464));
#8456 = ORIENTED_EDGE('',*,*,#8393,.F.);
#8457 = ORIENTED_EDGE('',*,*,#8458,.T.);
#8458 = EDGE_CURVE('',#8385,#8434,#8459,.T.);
#8459 = LINE('',#8460,#8461);
#8460 = CARTESIAN_POINT('',(-60.72156947614,53.916422510709,7.99));
#8461 = VECTOR('',#8462,1.);
#8462 = DIRECTION('',(0.,0.,1.));
#8463 = ORIENTED_EDGE('',*,*,#8442,.T.);
#8464 = ORIENTED_EDGE('',*,*,#1579,.F.);
#8465 = PLANE('',#8466);
#8466 = AXIS2_PLACEMENT_3D('',#8467,#8468,#8469);
#8467 = CARTESIAN_POINT('',(-59.97088701149,53.258091658025,18.5));
#8468 = DIRECTION('',(-0.6593458151,-0.751839807479,0.));
#8469 = DIRECTION('',(0.,0.,1.));
#8470 = ADVANCED_FACE('',(#8471),#8497,.T.);
#8471 = FACE_BOUND('',#8472,.T.);
#8472 = EDGE_LOOP('',(#8473,#8481,#8490,#8496));
#8473 = ORIENTED_EDGE('',*,*,#8474,.F.);
#8474 = EDGE_CURVE('',#8475,#1607,#8477,.T.);
#8475 = VERTEX_POINT('',#8476);
#8476 = CARTESIAN_POINT('',(-63.64150078783,50.436583879876,18.5));
#8477 = LINE('',#8478,#8479);
#8478 = CARTESIAN_POINT('',(-62.86281681807,49.811623921504,18.5));
#8479 = VECTOR('',#8480,1.);
#8480 = DIRECTION('',(-0.779884483093,0.625923472184,0.));
#8481 = ORIENTED_EDGE('',*,*,#8482,.F.);
#8482 = EDGE_CURVE('',#8483,#8475,#8485,.T.);
#8483 = VERTEX_POINT('',#8484);
#8484 = CARTESIAN_POINT('',(-63.01557731565,51.216468362968,18.5));
#8485 = CIRCLE('',#8486,81.204);
#8486 = AXIS2_PLACEMENT_3D('',#8487,#8488,#8489);
#8487 = CARTESIAN_POINT('',(0.,0.,18.5));
#8488 = DIRECTION('',(0.,0.,1.));
#8489 = DIRECTION('',(1.,0.,-0.));
#8490 = ORIENTED_EDGE('',*,*,#8491,.T.);
#8491 = EDGE_CURVE('',#8483,#1605,#8492,.T.);
#8492 = LINE('',#8493,#8494);
#8493 = CARTESIAN_POINT('',(-62.23689334588,50.591508404597,18.5));
#8494 = VECTOR('',#8495,1.);
#8495 = DIRECTION('',(-0.779884483093,0.625923472184,0.));
#8496 = ORIENTED_EDGE('',*,*,#1604,.T.);
#8497 = PLANE('',#8498);
#8498 = AXIS2_PLACEMENT_3D('',#8499,#8500,#8501);
#8499 = CARTESIAN_POINT('',(-62.23689334588,50.591508404597,18.5));
#8500 = DIRECTION('',(0.,0.,1.));
#8501 = DIRECTION('',(-0.779884483093,0.625923472184,0.));
#8502 = ADVANCED_FACE('',(#8503),#8521,.F.);
#8503 = FACE_BOUND('',#8504,.F.);
#8504 = EDGE_LOOP('',(#8505,#8506,#8514,#8520));
#8505 = ORIENTED_EDGE('',*,*,#8474,.F.);
#8506 = ORIENTED_EDGE('',*,*,#8507,.T.);
#8507 = EDGE_CURVE('',#8475,#8508,#8510,.T.);
#8508 = VERTEX_POINT('',#8509);
#8509 = CARTESIAN_POINT('',(-63.64150078783,50.436583879876,23.));
#8510 = LINE('',#8511,#8512);
#8511 = CARTESIAN_POINT('',(-63.64150078783,50.436583879876,7.99));
#8512 = VECTOR('',#8513,1.);
#8513 = DIRECTION('',(0.,0.,1.));
#8514 = ORIENTED_EDGE('',*,*,#8515,.T.);
#8515 = EDGE_CURVE('',#8508,#1624,#8516,.T.);
#8516 = LINE('',#8517,#8518);
#8517 = CARTESIAN_POINT('',(-62.86281681807,49.811623921504,23.));
#8518 = VECTOR('',#8519,1.);
#8519 = DIRECTION('',(-0.779884483093,0.625923472184,0.));
#8520 = ORIENTED_EDGE('',*,*,#1632,.F.);
#8521 = PLANE('',#8522);
#8522 = AXIS2_PLACEMENT_3D('',#8523,#8524,#8525);
#8523 = CARTESIAN_POINT('',(-62.86281681807,49.811623921504,18.5));
#8524 = DIRECTION('',(-0.625923472184,-0.779884483093,0.));
#8525 = DIRECTION('',(0.,0.,1.));
#8526 = ADVANCED_FACE('',(#8527),#8546,.F.);
#8527 = FACE_BOUND('',#8528,.F.);
#8528 = EDGE_LOOP('',(#8529,#8530,#8539,#8545));
#8529 = ORIENTED_EDGE('',*,*,#8515,.F.);
#8530 = ORIENTED_EDGE('',*,*,#8531,.F.);
#8531 = EDGE_CURVE('',#8532,#8508,#8534,.T.);
#8532 = VERTEX_POINT('',#8533);
#8533 = CARTESIAN_POINT('',(-63.01557731565,51.216468362968,23.));
#8534 = CIRCLE('',#8535,81.204);
#8535 = AXIS2_PLACEMENT_3D('',#8536,#8537,#8538);
#8536 = CARTESIAN_POINT('',(0.,0.,23.));
#8537 = DIRECTION('',(0.,0.,1.));
#8538 = DIRECTION('',(1.,0.,-0.));
#8539 = ORIENTED_EDGE('',*,*,#8540,.T.);
#8540 = EDGE_CURVE('',#8532,#1616,#8541,.T.);
#8541 = LINE('',#8542,#8543);
#8542 = CARTESIAN_POINT('',(-62.23689334588,50.591508404597,23.));
#8543 = VECTOR('',#8544,1.);
#8544 = DIRECTION('',(-0.779884483093,0.625923472184,0.));
#8545 = ORIENTED_EDGE('',*,*,#1623,.T.);
#8546 = PLANE('',#8547);
#8547 = AXIS2_PLACEMENT_3D('',#8548,#8549,#8550);
#8548 = CARTESIAN_POINT('',(-62.23689334588,50.591508404597,23.));
#8549 = DIRECTION('',(0.,0.,1.));
#8550 = DIRECTION('',(-0.779884483093,0.625923472184,0.));
#8551 = ADVANCED_FACE('',(#8552),#8563,.T.);
#8552 = FACE_BOUND('',#8553,.T.);
#8553 = EDGE_LOOP('',(#8554,#8555,#8561,#8562));
#8554 = ORIENTED_EDGE('',*,*,#8491,.F.);
#8555 = ORIENTED_EDGE('',*,*,#8556,.T.);
#8556 = EDGE_CURVE('',#8483,#8532,#8557,.T.);
#8557 = LINE('',#8558,#8559);
#8558 = CARTESIAN_POINT('',(-63.01557731565,51.216468362968,7.99));
#8559 = VECTOR('',#8560,1.);
#8560 = DIRECTION('',(0.,0.,1.));
#8561 = ORIENTED_EDGE('',*,*,#8540,.T.);
#8562 = ORIENTED_EDGE('',*,*,#1615,.F.);
#8563 = PLANE('',#8564);
#8564 = AXIS2_PLACEMENT_3D('',#8565,#8566,#8567);
#8565 = CARTESIAN_POINT('',(-62.23689334588,50.591508404597,18.5));
#8566 = DIRECTION('',(-0.625923472184,-0.779884483093,0.));
#8567 = DIRECTION('',(0.,0.,1.));
#8568 = ADVANCED_FACE('',(#8569),#8595,.T.);
#8569 = FACE_BOUND('',#8570,.T.);
#8570 = EDGE_LOOP('',(#8571,#8579,#8588,#8594));
#8571 = ORIENTED_EDGE('',*,*,#8572,.F.);
#8572 = EDGE_CURVE('',#8573,#1643,#8575,.T.);
#8573 = VERTEX_POINT('',#8574);
#8574 = CARTESIAN_POINT('',(-65.78094107053,47.612576152478,18.5));
#8575 = LINE('',#8576,#8577);
#8576 = CARTESIAN_POINT('',(-64.97573786485,47.022176735219,18.5));
#8577 = VECTOR('',#8578,1.);
#8578 = DIRECTION('',(-0.806444604267,0.591309648364,0.));
#8579 = ORIENTED_EDGE('',*,*,#8580,.F.);
#8580 = EDGE_CURVE('',#8581,#8573,#8583,.T.);
#8581 = VERTEX_POINT('',#8582);
#8582 = CARTESIAN_POINT('',(-65.18963142216,48.419020756745,18.5));
#8583 = CIRCLE('',#8584,81.204);
#8584 = AXIS2_PLACEMENT_3D('',#8585,#8586,#8587);
#8585 = CARTESIAN_POINT('',(0.,0.,18.5));
#8586 = DIRECTION('',(0.,0.,1.));
#8587 = DIRECTION('',(1.,0.,-0.));
#8588 = ORIENTED_EDGE('',*,*,#8589,.T.);
#8589 = EDGE_CURVE('',#8581,#1641,#8590,.T.);
#8590 = LINE('',#8591,#8592);
#8591 = CARTESIAN_POINT('',(-64.38442821648,47.828621339486,18.5));
#8592 = VECTOR('',#8593,1.);
#8593 = DIRECTION('',(-0.806444604267,0.591309648364,0.));
#8594 = ORIENTED_EDGE('',*,*,#1640,.T.);
#8595 = PLANE('',#8596);
#8596 = AXIS2_PLACEMENT_3D('',#8597,#8598,#8599);
#8597 = CARTESIAN_POINT('',(-64.38442821648,47.828621339486,18.5));
#8598 = DIRECTION('',(0.,0.,1.));
#8599 = DIRECTION('',(-0.806444604267,0.591309648364,0.));
#8600 = ADVANCED_FACE('',(#8601),#8619,.F.);
#8601 = FACE_BOUND('',#8602,.F.);
#8602 = EDGE_LOOP('',(#8603,#8604,#8612,#8618));
#8603 = ORIENTED_EDGE('',*,*,#8572,.F.);
#8604 = ORIENTED_EDGE('',*,*,#8605,.T.);
#8605 = EDGE_CURVE('',#8573,#8606,#8608,.T.);
#8606 = VERTEX_POINT('',#8607);
#8607 = CARTESIAN_POINT('',(-65.78094107053,47.612576152478,23.));
#8608 = LINE('',#8609,#8610);
#8609 = CARTESIAN_POINT('',(-65.78094107053,47.612576152478,7.99));
#8610 = VECTOR('',#8611,1.);
#8611 = DIRECTION('',(0.,0.,1.));
#8612 = ORIENTED_EDGE('',*,*,#8613,.T.);
#8613 = EDGE_CURVE('',#8606,#1660,#8614,.T.);
#8614 = LINE('',#8615,#8616);
#8615 = CARTESIAN_POINT('',(-64.97573786485,47.022176735219,23.));
#8616 = VECTOR('',#8617,1.);
#8617 = DIRECTION('',(-0.806444604267,0.591309648364,0.));
#8618 = ORIENTED_EDGE('',*,*,#1668,.F.);
#8619 = PLANE('',#8620);
#8620 = AXIS2_PLACEMENT_3D('',#8621,#8622,#8623);
#8621 = CARTESIAN_POINT('',(-64.97573786485,47.022176735219,18.5));
#8622 = DIRECTION('',(-0.591309648364,-0.806444604267,0.));
#8623 = DIRECTION('',(0.,0.,1.));
#8624 = ADVANCED_FACE('',(#8625),#8644,.F.);
#8625 = FACE_BOUND('',#8626,.F.);
#8626 = EDGE_LOOP('',(#8627,#8628,#8637,#8643));
#8627 = ORIENTED_EDGE('',*,*,#8613,.F.);
#8628 = ORIENTED_EDGE('',*,*,#8629,.F.);
#8629 = EDGE_CURVE('',#8630,#8606,#8632,.T.);
#8630 = VERTEX_POINT('',#8631);
#8631 = CARTESIAN_POINT('',(-65.18963142216,48.419020756745,23.));
#8632 = CIRCLE('',#8633,81.204);
#8633 = AXIS2_PLACEMENT_3D('',#8634,#8635,#8636);
#8634 = CARTESIAN_POINT('',(0.,0.,23.));
#8635 = DIRECTION('',(0.,0.,1.));
#8636 = DIRECTION('',(1.,0.,-0.));
#8637 = ORIENTED_EDGE('',*,*,#8638,.T.);
#8638 = EDGE_CURVE('',#8630,#1652,#8639,.T.);
#8639 = LINE('',#8640,#8641);
#8640 = CARTESIAN_POINT('',(-64.38442821648,47.828621339486,23.));
#8641 = VECTOR('',#8642,1.);
#8642 = DIRECTION('',(-0.806444604267,0.591309648364,0.));
#8643 = ORIENTED_EDGE('',*,*,#1659,.T.);
#8644 = PLANE('',#8645);
#8645 = AXIS2_PLACEMENT_3D('',#8646,#8647,#8648);
#8646 = CARTESIAN_POINT('',(-64.38442821648,47.828621339486,23.));
#8647 = DIRECTION('',(0.,0.,1.));
#8648 = DIRECTION('',(-0.806444604267,0.591309648364,0.));
#8649 = ADVANCED_FACE('',(#8650),#8661,.T.);
#8650 = FACE_BOUND('',#8651,.T.);
#8651 = EDGE_LOOP('',(#8652,#8653,#8659,#8660));
#8652 = ORIENTED_EDGE('',*,*,#8589,.F.);
#8653 = ORIENTED_EDGE('',*,*,#8654,.T.);
#8654 = EDGE_CURVE('',#8581,#8630,#8655,.T.);
#8655 = LINE('',#8656,#8657);
#8656 = CARTESIAN_POINT('',(-65.18963142216,48.419020756745,7.99));
#8657 = VECTOR('',#8658,1.);
#8658 = DIRECTION('',(0.,0.,1.));
#8659 = ORIENTED_EDGE('',*,*,#8638,.T.);
#8660 = ORIENTED_EDGE('',*,*,#1651,.F.);
#8661 = PLANE('',#8662);
#8662 = AXIS2_PLACEMENT_3D('',#8663,#8664,#8665);
#8663 = CARTESIAN_POINT('',(-64.38442821648,47.828621339486,18.5));
#8664 = DIRECTION('',(-0.591309648364,-0.806444604267,0.));
#8665 = DIRECTION('',(0.,0.,1.));
#8666 = ADVANCED_FACE('',(#8667),#8693,.T.);
#8667 = FACE_BOUND('',#8668,.T.);
#8668 = EDGE_LOOP('',(#8669,#8677,#8686,#8692));
#8669 = ORIENTED_EDGE('',*,*,#8670,.F.);
#8670 = EDGE_CURVE('',#8671,#1679,#8673,.T.);
#8671 = VERTEX_POINT('',#8672);
#8672 = CARTESIAN_POINT('',(-78.99420915016,18.815008284333,18.5));
#8673 = LINE('',#8674,#8675);
#8674 = CARTESIAN_POINT('',(-78.02436231346,18.577688273222,18.5));
#8675 = VECTOR('',#8676,1.);
#8676 = DIRECTION('',(-0.971342069813,0.237685892326,0.));
#8677 = ORIENTED_EDGE('',*,*,#8678,.F.);
#8678 = EDGE_CURVE('',#8679,#8671,#8681,.T.);
#8679 = VERTEX_POINT('',#8680);
#8680 = CARTESIAN_POINT('',(-78.75652325784,19.786350354147,18.5));
#8681 = CIRCLE('',#8682,81.204);
#8682 = AXIS2_PLACEMENT_3D('',#8683,#8684,#8685);
#8683 = CARTESIAN_POINT('',(0.,0.,18.5));
#8684 = DIRECTION('',(0.,0.,1.));
#8685 = DIRECTION('',(1.,0.,-0.));
#8686 = ORIENTED_EDGE('',*,*,#8687,.T.);
#8687 = EDGE_CURVE('',#8679,#1677,#8688,.T.);
#8688 = LINE('',#8689,#8690);
#8689 = CARTESIAN_POINT('',(-77.78667642114,19.549030343035,18.5));
#8690 = VECTOR('',#8691,1.);
#8691 = DIRECTION('',(-0.971342069813,0.237685892326,0.));
#8692 = ORIENTED_EDGE('',*,*,#1676,.T.);
#8693 = PLANE('',#8694);
#8694 = AXIS2_PLACEMENT_3D('',#8695,#8696,#8697);
#8695 = CARTESIAN_POINT('',(-77.78667642114,19.549030343035,18.5));
#8696 = DIRECTION('',(0.,0.,1.));
#8697 = DIRECTION('',(-0.971342069813,0.237685892326,0.));
#8698 = ADVANCED_FACE('',(#8699),#8717,.F.);
#8699 = FACE_BOUND('',#8700,.F.);
#8700 = EDGE_LOOP('',(#8701,#8702,#8710,#8716));
#8701 = ORIENTED_EDGE('',*,*,#8670,.F.);
#8702 = ORIENTED_EDGE('',*,*,#8703,.T.);
#8703 = EDGE_CURVE('',#8671,#8704,#8706,.T.);
#8704 = VERTEX_POINT('',#8705);
#8705 = CARTESIAN_POINT('',(-78.99420915016,18.815008284333,23.));
#8706 = LINE('',#8707,#8708);
#8707 = CARTESIAN_POINT('',(-78.99420915016,18.815008284333,7.99));
#8708 = VECTOR('',#8709,1.);
#8709 = DIRECTION('',(0.,0.,1.));
#8710 = ORIENTED_EDGE('',*,*,#8711,.T.);
#8711 = EDGE_CURVE('',#8704,#1696,#8712,.T.);
#8712 = LINE('',#8713,#8714);
#8713 = CARTESIAN_POINT('',(-78.02436231346,18.577688273222,23.));
#8714 = VECTOR('',#8715,1.);
#8715 = DIRECTION('',(-0.971342069813,0.237685892326,0.));
#8716 = ORIENTED_EDGE('',*,*,#1704,.F.);
#8717 = PLANE('',#8718);
#8718 = AXIS2_PLACEMENT_3D('',#8719,#8720,#8721);
#8719 = CARTESIAN_POINT('',(-78.02436231346,18.577688273222,18.5));
#8720 = DIRECTION('',(-0.237685892326,-0.971342069813,0.));
#8721 = DIRECTION('',(0.,0.,1.));
#8722 = ADVANCED_FACE('',(#8723),#8742,.F.);
#8723 = FACE_BOUND('',#8724,.F.);
#8724 = EDGE_LOOP('',(#8725,#8726,#8735,#8741));
#8725 = ORIENTED_EDGE('',*,*,#8711,.F.);
#8726 = ORIENTED_EDGE('',*,*,#8727,.F.);
#8727 = EDGE_CURVE('',#8728,#8704,#8730,.T.);
#8728 = VERTEX_POINT('',#8729);
#8729 = CARTESIAN_POINT('',(-78.75652325784,19.786350354147,23.));
#8730 = CIRCLE('',#8731,81.204);
#8731 = AXIS2_PLACEMENT_3D('',#8732,#8733,#8734);
#8732 = CARTESIAN_POINT('',(0.,0.,23.));
#8733 = DIRECTION('',(0.,0.,1.));
#8734 = DIRECTION('',(1.,0.,-0.));
#8735 = ORIENTED_EDGE('',*,*,#8736,.T.);
#8736 = EDGE_CURVE('',#8728,#1688,#8737,.T.);
#8737 = LINE('',#8738,#8739);
#8738 = CARTESIAN_POINT('',(-77.78667642114,19.549030343035,23.));
#8739 = VECTOR('',#8740,1.);
#8740 = DIRECTION('',(-0.971342069813,0.237685892326,0.));
#8741 = ORIENTED_EDGE('',*,*,#1695,.T.);
#8742 = PLANE('',#8743);
#8743 = AXIS2_PLACEMENT_3D('',#8744,#8745,#8746);
#8744 = CARTESIAN_POINT('',(-77.78667642114,19.549030343035,23.));
#8745 = DIRECTION('',(0.,0.,1.));
#8746 = DIRECTION('',(-0.971342069813,0.237685892326,0.));
#8747 = ADVANCED_FACE('',(#8748),#8759,.T.);
#8748 = FACE_BOUND('',#8749,.T.);
#8749 = EDGE_LOOP('',(#8750,#8751,#8757,#8758));
#8750 = ORIENTED_EDGE('',*,*,#8687,.F.);
#8751 = ORIENTED_EDGE('',*,*,#8752,.T.);
#8752 = EDGE_CURVE('',#8679,#8728,#8753,.T.);
#8753 = LINE('',#8754,#8755);
#8754 = CARTESIAN_POINT('',(-78.75652325784,19.786350354147,7.99));
#8755 = VECTOR('',#8756,1.);
#8756 = DIRECTION('',(0.,0.,1.));
#8757 = ORIENTED_EDGE('',*,*,#8736,.T.);
#8758 = ORIENTED_EDGE('',*,*,#1687,.F.);
#8759 = PLANE('',#8760);
#8760 = AXIS2_PLACEMENT_3D('',#8761,#8762,#8763);
#8761 = CARTESIAN_POINT('',(-77.78667642114,19.549030343035,18.5));
#8762 = DIRECTION('',(-0.237685892326,-0.971342069813,0.));
#8763 = DIRECTION('',(0.,0.,1.));
#8764 = ADVANCED_FACE('',(#8765),#8791,.T.);
#8765 = FACE_BOUND('',#8766,.T.);
#8766 = EDGE_LOOP('',(#8767,#8775,#8784,#8790));
#8767 = ORIENTED_EDGE('',*,*,#8768,.F.);
#8768 = EDGE_CURVE('',#8769,#1715,#8771,.T.);
#8769 = VERTEX_POINT('',#8770);
#8770 = CARTESIAN_POINT('',(-79.73972330137,15.351421556972,18.5));
#8771 = LINE('',#8772,#8773);
#8772 = CARTESIAN_POINT('',(-78.76044779046,15.15663154678,18.5));
#8773 = VECTOR('',#8774,1.);
#8774 = DIRECTION('',(-0.980785280403,0.195090322016,0.));
#8775 = ORIENTED_EDGE('',*,*,#8776,.F.);
#8776 = EDGE_CURVE('',#8777,#8769,#8779,.T.);
#8777 = VERTEX_POINT('',#8778);
#8778 = CARTESIAN_POINT('',(-79.54463297936,16.332206837375,18.5));
#8779 = CIRCLE('',#8780,81.204);
#8780 = AXIS2_PLACEMENT_3D('',#8781,#8782,#8783);
#8781 = CARTESIAN_POINT('',(0.,0.,18.5));
#8782 = DIRECTION('',(0.,0.,1.));
#8783 = DIRECTION('',(1.,0.,-0.));
#8784 = ORIENTED_EDGE('',*,*,#8785,.T.);
#8785 = EDGE_CURVE('',#8777,#1713,#8786,.T.);
#8786 = LINE('',#8787,#8788);
#8787 = CARTESIAN_POINT('',(-78.56535746845,16.137416827183,18.5));
#8788 = VECTOR('',#8789,1.);
#8789 = DIRECTION('',(-0.980785280403,0.195090322016,0.));
#8790 = ORIENTED_EDGE('',*,*,#1712,.T.);
#8791 = PLANE('',#8792);
#8792 = AXIS2_PLACEMENT_3D('',#8793,#8794,#8795);
#8793 = CARTESIAN_POINT('',(-78.56535746845,16.137416827183,18.5));
#8794 = DIRECTION('',(0.,0.,1.));
#8795 = DIRECTION('',(-0.980785280403,0.195090322016,0.));
#8796 = ADVANCED_FACE('',(#8797),#8815,.F.);
#8797 = FACE_BOUND('',#8798,.F.);
#8798 = EDGE_LOOP('',(#8799,#8800,#8808,#8814));
#8799 = ORIENTED_EDGE('',*,*,#8768,.F.);
#8800 = ORIENTED_EDGE('',*,*,#8801,.T.);
#8801 = EDGE_CURVE('',#8769,#8802,#8804,.T.);
#8802 = VERTEX_POINT('',#8803);
#8803 = CARTESIAN_POINT('',(-79.73972330137,15.351421556972,23.));
#8804 = LINE('',#8805,#8806);
#8805 = CARTESIAN_POINT('',(-79.73972330137,15.351421556972,7.99));
#8806 = VECTOR('',#8807,1.);
#8807 = DIRECTION('',(0.,0.,1.));
#8808 = ORIENTED_EDGE('',*,*,#8809,.T.);
#8809 = EDGE_CURVE('',#8802,#1732,#8810,.T.);
#8810 = LINE('',#8811,#8812);
#8811 = CARTESIAN_POINT('',(-78.76044779046,15.15663154678,23.));
#8812 = VECTOR('',#8813,1.);
#8813 = DIRECTION('',(-0.980785280403,0.195090322016,0.));
#8814 = ORIENTED_EDGE('',*,*,#1740,.F.);
#8815 = PLANE('',#8816);
#8816 = AXIS2_PLACEMENT_3D('',#8817,#8818,#8819);
#8817 = CARTESIAN_POINT('',(-78.76044779046,15.15663154678,18.5));
#8818 = DIRECTION('',(-0.195090322016,-0.980785280403,0.));
#8819 = DIRECTION('',(0.,0.,1.));
#8820 = ADVANCED_FACE('',(#8821),#8840,.F.);
#8821 = FACE_BOUND('',#8822,.F.);
#8822 = EDGE_LOOP('',(#8823,#8824,#8833,#8839));
#8823 = ORIENTED_EDGE('',*,*,#8809,.F.);
#8824 = ORIENTED_EDGE('',*,*,#8825,.F.);
#8825 = EDGE_CURVE('',#8826,#8802,#8828,.T.);
#8826 = VERTEX_POINT('',#8827);
#8827 = CARTESIAN_POINT('',(-79.54463297936,16.332206837375,23.));
#8828 = CIRCLE('',#8829,81.204);
#8829 = AXIS2_PLACEMENT_3D('',#8830,#8831,#8832);
#8830 = CARTESIAN_POINT('',(0.,0.,23.));
#8831 = DIRECTION('',(0.,0.,1.));
#8832 = DIRECTION('',(1.,0.,-0.));
#8833 = ORIENTED_EDGE('',*,*,#8834,.T.);
#8834 = EDGE_CURVE('',#8826,#1724,#8835,.T.);
#8835 = LINE('',#8836,#8837);
#8836 = CARTESIAN_POINT('',(-78.56535746845,16.137416827183,23.));
#8837 = VECTOR('',#8838,1.);
#8838 = DIRECTION('',(-0.980785280403,0.195090322016,0.));
#8839 = ORIENTED_EDGE('',*,*,#1731,.T.);
#8840 = PLANE('',#8841);
#8841 = AXIS2_PLACEMENT_3D('',#8842,#8843,#8844);
#8842 = CARTESIAN_POINT('',(-78.56535746845,16.137416827183,23.));
#8843 = DIRECTION('',(0.,0.,1.));
#8844 = DIRECTION('',(-0.980785280403,0.195090322016,0.));
#8845 = ADVANCED_FACE('',(#8846),#8857,.T.);
#8846 = FACE_BOUND('',#8847,.T.);
#8847 = EDGE_LOOP('',(#8848,#8849,#8855,#8856));
#8848 = ORIENTED_EDGE('',*,*,#8785,.F.);
#8849 = ORIENTED_EDGE('',*,*,#8850,.T.);
#8850 = EDGE_CURVE('',#8777,#8826,#8851,.T.);
#8851 = LINE('',#8852,#8853);
#8852 = CARTESIAN_POINT('',(-79.54463297936,16.332206837375,7.99));
#8853 = VECTOR('',#8854,1.);
#8854 = DIRECTION('',(0.,0.,1.));
#8855 = ORIENTED_EDGE('',*,*,#8834,.T.);
#8856 = ORIENTED_EDGE('',*,*,#1723,.F.);
#8857 = PLANE('',#8858);
#8858 = AXIS2_PLACEMENT_3D('',#8859,#8860,#8861);
#8859 = CARTESIAN_POINT('',(-78.56535746845,16.137416827183,18.5));
#8860 = DIRECTION('',(-0.195090322016,-0.980785280403,0.));
#8861 = DIRECTION('',(0.,0.,1.));
#8862 = ADVANCED_FACE('',(#8863),#8889,.T.);
#8863 = FACE_BOUND('',#8864,.T.);
#8864 = EDGE_LOOP('',(#8865,#8873,#8882,#8888));
#8865 = ORIENTED_EDGE('',*,*,#8866,.F.);
#8866 = EDGE_CURVE('',#8867,#1751,#8869,.T.);
#8867 = VERTEX_POINT('',#8868);
#8868 = CARTESIAN_POINT('',(-80.33344835717,11.858612526158,18.5));
#8869 = LINE('',#8870,#8871);
#8870 = CARTESIAN_POINT('',(-79.34660827865,11.706723310742,18.5));
#8871 = VECTOR('',#8872,1.);
#8872 = DIRECTION('',(-0.988361510468,0.15212338619,0.));
#8873 = ORIENTED_EDGE('',*,*,#8874,.F.);
#8874 = EDGE_CURVE('',#8875,#8867,#8877,.T.);
#8875 = VERTEX_POINT('',#8876);
#8876 = CARTESIAN_POINT('',(-80.18132497098,12.846974036626,18.5));
#8877 = CIRCLE('',#8878,81.204);
#8878 = AXIS2_PLACEMENT_3D('',#8879,#8880,#8881);
#8879 = CARTESIAN_POINT('',(0.,0.,18.5));
#8880 = DIRECTION('',(0.,0.,1.));
#8881 = DIRECTION('',(1.,0.,-0.));
#8882 = ORIENTED_EDGE('',*,*,#8883,.T.);
#8883 = EDGE_CURVE('',#8875,#1749,#8884,.T.);
#8884 = LINE('',#8885,#8886);
#8885 = CARTESIAN_POINT('',(-79.19448489246,12.69508482121,18.5));
#8886 = VECTOR('',#8887,1.);
#8887 = DIRECTION('',(-0.988361510468,0.15212338619,0.));
#8888 = ORIENTED_EDGE('',*,*,#1748,.T.);
#8889 = PLANE('',#8890);
#8890 = AXIS2_PLACEMENT_3D('',#8891,#8892,#8893);
#8891 = CARTESIAN_POINT('',(-79.19448489246,12.69508482121,18.5));
#8892 = DIRECTION('',(0.,0.,1.));
#8893 = DIRECTION('',(-0.988361510468,0.15212338619,0.));
#8894 = ADVANCED_FACE('',(#8895),#8913,.F.);
#8895 = FACE_BOUND('',#8896,.F.);
#8896 = EDGE_LOOP('',(#8897,#8898,#8906,#8912));
#8897 = ORIENTED_EDGE('',*,*,#8866,.F.);
#8898 = ORIENTED_EDGE('',*,*,#8899,.T.);
#8899 = EDGE_CURVE('',#8867,#8900,#8902,.T.);
#8900 = VERTEX_POINT('',#8901);
#8901 = CARTESIAN_POINT('',(-80.33344835717,11.858612526158,23.));
#8902 = LINE('',#8903,#8904);
#8903 = CARTESIAN_POINT('',(-80.33344835717,11.858612526158,7.99));
#8904 = VECTOR('',#8905,1.);
#8905 = DIRECTION('',(0.,0.,1.));
#8906 = ORIENTED_EDGE('',*,*,#8907,.T.);
#8907 = EDGE_CURVE('',#8900,#1768,#8908,.T.);
#8908 = LINE('',#8909,#8910);
#8909 = CARTESIAN_POINT('',(-79.34660827865,11.706723310742,23.));
#8910 = VECTOR('',#8911,1.);
#8911 = DIRECTION('',(-0.988361510468,0.15212338619,0.));
#8912 = ORIENTED_EDGE('',*,*,#1776,.F.);
#8913 = PLANE('',#8914);
#8914 = AXIS2_PLACEMENT_3D('',#8915,#8916,#8917);
#8915 = CARTESIAN_POINT('',(-79.34660827865,11.706723310742,18.5));
#8916 = DIRECTION('',(-0.15212338619,-0.988361510468,0.));
#8917 = DIRECTION('',(0.,0.,1.));
#8918 = ADVANCED_FACE('',(#8919),#8938,.F.);
#8919 = FACE_BOUND('',#8920,.F.);
#8920 = EDGE_LOOP('',(#8921,#8922,#8931,#8937));
#8921 = ORIENTED_EDGE('',*,*,#8907,.F.);
#8922 = ORIENTED_EDGE('',*,*,#8923,.F.);
#8923 = EDGE_CURVE('',#8924,#8900,#8926,.T.);
#8924 = VERTEX_POINT('',#8925);
#8925 = CARTESIAN_POINT('',(-80.18132497098,12.846974036626,23.));
#8926 = CIRCLE('',#8927,81.204);
#8927 = AXIS2_PLACEMENT_3D('',#8928,#8929,#8930);
#8928 = CARTESIAN_POINT('',(0.,0.,23.));
#8929 = DIRECTION('',(0.,0.,1.));
#8930 = DIRECTION('',(1.,0.,-0.));
#8931 = ORIENTED_EDGE('',*,*,#8932,.T.);
#8932 = EDGE_CURVE('',#8924,#1760,#8933,.T.);
#8933 = LINE('',#8934,#8935);
#8934 = CARTESIAN_POINT('',(-79.19448489246,12.69508482121,23.));
#8935 = VECTOR('',#8936,1.);
#8936 = DIRECTION('',(-0.988361510468,0.15212338619,0.));
#8937 = ORIENTED_EDGE('',*,*,#1767,.T.);
#8938 = PLANE('',#8939);
#8939 = AXIS2_PLACEMENT_3D('',#8940,#8941,#8942);
#8940 = CARTESIAN_POINT('',(-79.19448489246,12.69508482121,23.));
#8941 = DIRECTION('',(0.,0.,1.));
#8942 = DIRECTION('',(-0.988361510468,0.15212338619,0.));
#8943 = ADVANCED_FACE('',(#8944),#8955,.T.);
#8944 = FACE_BOUND('',#8945,.T.);
#8945 = EDGE_LOOP('',(#8946,#8947,#8953,#8954));
#8946 = ORIENTED_EDGE('',*,*,#8883,.F.);
#8947 = ORIENTED_EDGE('',*,*,#8948,.T.);
#8948 = EDGE_CURVE('',#8875,#8924,#8949,.T.);
#8949 = LINE('',#8950,#8951);
#8950 = CARTESIAN_POINT('',(-80.18132497098,12.846974036626,7.99));
#8951 = VECTOR('',#8952,1.);
#8952 = DIRECTION('',(0.,0.,1.));
#8953 = ORIENTED_EDGE('',*,*,#8932,.T.);
#8954 = ORIENTED_EDGE('',*,*,#1759,.F.);
#8955 = PLANE('',#8956);
#8956 = AXIS2_PLACEMENT_3D('',#8957,#8958,#8959);
#8957 = CARTESIAN_POINT('',(-79.19448489246,12.69508482121,18.5));
#8958 = DIRECTION('',(-0.15212338619,-0.988361510468,0.));
#8959 = DIRECTION('',(0.,0.,1.));
#8960 = ADVANCED_FACE('',(#8961),#8987,.T.);
#8961 = FACE_BOUND('',#8962,.T.);
#8962 = EDGE_LOOP('',(#8963,#8971,#8980,#8986));
#8963 = ORIENTED_EDGE('',*,*,#8964,.F.);
#8964 = EDGE_CURVE('',#8965,#1787,#8967,.T.);
#8965 = VERTEX_POINT('',#8966);
#8966 = CARTESIAN_POINT('',(-80.77425412816,8.343229952402,18.5));
#8967 = LINE('',#8968,#8969);
#8968 = CARTESIAN_POINT('',(-79.7817279882,8.234530661516,18.5));
#8969 = VECTOR('',#8970,1.);
#8970 = DIRECTION('',(-0.994056338222,0.108866874852,0.));
#8971 = ORIENTED_EDGE('',*,*,#8972,.F.);
#8972 = EDGE_CURVE('',#8973,#8965,#8975,.T.);
#8973 = VERTEX_POINT('',#8974);
#8974 = CARTESIAN_POINT('',(-80.66538725331,9.337286290625,18.5));
#8975 = CIRCLE('',#8976,81.204);
#8976 = AXIS2_PLACEMENT_3D('',#8977,#8978,#8979);
#8977 = CARTESIAN_POINT('',(0.,0.,18.5));
#8978 = DIRECTION('',(0.,0.,1.));
#8979 = DIRECTION('',(1.,0.,-0.));
#8980 = ORIENTED_EDGE('',*,*,#8981,.T.);
#8981 = EDGE_CURVE('',#8973,#1785,#8982,.T.);
#8982 = LINE('',#8983,#8984);
#8983 = CARTESIAN_POINT('',(-79.67286111335,9.228586999738,18.5));
#8984 = VECTOR('',#8985,1.);
#8985 = DIRECTION('',(-0.994056338222,0.108866874852,0.));
#8986 = ORIENTED_EDGE('',*,*,#1784,.T.);
#8987 = PLANE('',#8988);
#8988 = AXIS2_PLACEMENT_3D('',#8989,#8990,#8991);
#8989 = CARTESIAN_POINT('',(-79.67286111335,9.228586999738,18.5));
#8990 = DIRECTION('',(0.,0.,1.));
#8991 = DIRECTION('',(-0.994056338222,0.108866874852,0.));
#8992 = ADVANCED_FACE('',(#8993),#9011,.F.);
#8993 = FACE_BOUND('',#8994,.F.);
#8994 = EDGE_LOOP('',(#8995,#8996,#9004,#9010));
#8995 = ORIENTED_EDGE('',*,*,#8964,.F.);
#8996 = ORIENTED_EDGE('',*,*,#8997,.T.);
#8997 = EDGE_CURVE('',#8965,#8998,#9000,.T.);
#8998 = VERTEX_POINT('',#8999);
#8999 = CARTESIAN_POINT('',(-80.77425412816,8.343229952402,23.));
#9000 = LINE('',#9001,#9002);
#9001 = CARTESIAN_POINT('',(-80.77425412816,8.343229952402,7.99));
#9002 = VECTOR('',#9003,1.);
#9003 = DIRECTION('',(0.,0.,1.));
#9004 = ORIENTED_EDGE('',*,*,#9005,.T.);
#9005 = EDGE_CURVE('',#8998,#1804,#9006,.T.);
#9006 = LINE('',#9007,#9008);
#9007 = CARTESIAN_POINT('',(-79.7817279882,8.234530661516,23.));
#9008 = VECTOR('',#9009,1.);
#9009 = DIRECTION('',(-0.994056338222,0.108866874852,0.));
#9010 = ORIENTED_EDGE('',*,*,#1812,.F.);
#9011 = PLANE('',#9012);
#9012 = AXIS2_PLACEMENT_3D('',#9013,#9014,#9015);
#9013 = CARTESIAN_POINT('',(-79.7817279882,8.234530661516,18.5));
#9014 = DIRECTION('',(-0.108866874852,-0.994056338222,0.));
#9015 = DIRECTION('',(0.,0.,1.));
#9016 = ADVANCED_FACE('',(#9017),#9036,.F.);
#9017 = FACE_BOUND('',#9018,.F.);
#9018 = EDGE_LOOP('',(#9019,#9020,#9029,#9035));
#9019 = ORIENTED_EDGE('',*,*,#9005,.F.);
#9020 = ORIENTED_EDGE('',*,*,#9021,.F.);
#9021 = EDGE_CURVE('',#9022,#8998,#9024,.T.);
#9022 = VERTEX_POINT('',#9023);
#9023 = CARTESIAN_POINT('',(-80.66538725331,9.337286290625,23.));
#9024 = CIRCLE('',#9025,81.204);
#9025 = AXIS2_PLACEMENT_3D('',#9026,#9027,#9028);
#9026 = CARTESIAN_POINT('',(0.,0.,23.));
#9027 = DIRECTION('',(0.,0.,1.));
#9028 = DIRECTION('',(1.,0.,-0.));
#9029 = ORIENTED_EDGE('',*,*,#9030,.T.);
#9030 = EDGE_CURVE('',#9022,#1796,#9031,.T.);
#9031 = LINE('',#9032,#9033);
#9032 = CARTESIAN_POINT('',(-79.67286111335,9.228586999738,23.));
#9033 = VECTOR('',#9034,1.);
#9034 = DIRECTION('',(-0.994056338222,0.108866874852,0.));
#9035 = ORIENTED_EDGE('',*,*,#1803,.T.);
#9036 = PLANE('',#9037);
#9037 = AXIS2_PLACEMENT_3D('',#9038,#9039,#9040);
#9038 = CARTESIAN_POINT('',(-79.67286111335,9.228586999738,23.));
#9039 = DIRECTION('',(0.,0.,1.));
#9040 = DIRECTION('',(-0.994056338222,0.108866874852,0.));
#9041 = ADVANCED_FACE('',(#9042),#9053,.T.);
#9042 = FACE_BOUND('',#9043,.T.);
#9043 = EDGE_LOOP('',(#9044,#9045,#9051,#9052));
#9044 = ORIENTED_EDGE('',*,*,#8981,.F.);
#9045 = ORIENTED_EDGE('',*,*,#9046,.T.);
#9046 = EDGE_CURVE('',#8973,#9022,#9047,.T.);
#9047 = LINE('',#9048,#9049);
#9048 = CARTESIAN_POINT('',(-80.66538725331,9.337286290625,7.99));
#9049 = VECTOR('',#9050,1.);
#9050 = DIRECTION('',(0.,0.,1.));
#9051 = ORIENTED_EDGE('',*,*,#9030,.T.);
#9052 = ORIENTED_EDGE('',*,*,#1795,.F.);
#9053 = PLANE('',#9054);
#9054 = AXIS2_PLACEMENT_3D('',#9055,#9056,#9057);
#9055 = CARTESIAN_POINT('',(-79.67286111335,9.228586999738,18.5));
#9056 = DIRECTION('',(-0.108866874852,-0.994056338222,0.));
#9057 = DIRECTION('',(0.,0.,1.));
#9058 = ADVANCED_FACE('',(#9059),#9085,.T.);
#9059 = FACE_BOUND('',#9060,.T.);
#9060 = EDGE_LOOP('',(#9061,#9069,#9078,#9084));
#9061 = ORIENTED_EDGE('',*,*,#9062,.F.);
#9062 = EDGE_CURVE('',#9063,#1823,#9065,.T.);
#9063 = VERTEX_POINT('',#9064);
#9064 = CARTESIAN_POINT('',(-81.06130151551,4.811965566233,18.5));
#9065 = LINE('',#9066,#9067);
#9066 = CARTESIAN_POINT('',(-80.06497864404,4.746663115155,18.5));
#9067 = VECTOR('',#9068,1.);
#9068 = DIRECTION('',(-0.997858923239,6.540312923014E-02,0.));
#9069 = ORIENTED_EDGE('',*,*,#9070,.F.);
#9070 = EDGE_CURVE('',#9071,#9063,#9073,.T.);
#9071 = VERTEX_POINT('',#9072);
#9072 = CARTESIAN_POINT('',(-80.99589838628,5.809824489472,18.5));
#9073 = CIRCLE('',#9074,81.204);
#9074 = AXIS2_PLACEMENT_3D('',#9075,#9076,#9077);
#9075 = CARTESIAN_POINT('',(0.,0.,18.5));
#9076 = DIRECTION('',(0.,0.,1.));
#9077 = DIRECTION('',(1.,0.,-0.));
#9078 = ORIENTED_EDGE('',*,*,#9079,.T.);
#9079 = EDGE_CURVE('',#9071,#1821,#9080,.T.);
#9080 = LINE('',#9081,#9082);
#9081 = CARTESIAN_POINT('',(-79.99957551481,5.744522038394,18.5));
#9082 = VECTOR('',#9083,1.);
#9083 = DIRECTION('',(-0.997858923239,6.540312923014E-02,0.));
#9084 = ORIENTED_EDGE('',*,*,#1820,.T.);
#9085 = PLANE('',#9086);
#9086 = AXIS2_PLACEMENT_3D('',#9087,#9088,#9089);
#9087 = CARTESIAN_POINT('',(-79.99957551481,5.744522038394,18.5));
#9088 = DIRECTION('',(0.,0.,1.));
#9089 = DIRECTION('',(-0.997858923239,6.540312923014E-02,0.));
#9090 = ADVANCED_FACE('',(#9091),#9109,.F.);
#9091 = FACE_BOUND('',#9092,.F.);
#9092 = EDGE_LOOP('',(#9093,#9094,#9102,#9108));
#9093 = ORIENTED_EDGE('',*,*,#9062,.F.);
#9094 = ORIENTED_EDGE('',*,*,#9095,.T.);
#9095 = EDGE_CURVE('',#9063,#9096,#9098,.T.);
#9096 = VERTEX_POINT('',#9097);
#9097 = CARTESIAN_POINT('',(-81.06130151551,4.811965566233,23.));
#9098 = LINE('',#9099,#9100);
#9099 = CARTESIAN_POINT('',(-81.06130151551,4.811965566233,7.99));
#9100 = VECTOR('',#9101,1.);
#9101 = DIRECTION('',(0.,0.,1.));
#9102 = ORIENTED_EDGE('',*,*,#9103,.T.);
#9103 = EDGE_CURVE('',#9096,#1840,#9104,.T.);
#9104 = LINE('',#9105,#9106);
#9105 = CARTESIAN_POINT('',(-80.06497864404,4.746663115155,23.));
#9106 = VECTOR('',#9107,1.);
#9107 = DIRECTION('',(-0.997858923239,6.540312923014E-02,0.));
#9108 = ORIENTED_EDGE('',*,*,#1848,.F.);
#9109 = PLANE('',#9110);
#9110 = AXIS2_PLACEMENT_3D('',#9111,#9112,#9113);
#9111 = CARTESIAN_POINT('',(-80.06497864404,4.746663115155,18.5));
#9112 = DIRECTION('',(-6.540312923014E-02,-0.997858923239,0.));
#9113 = DIRECTION('',(0.,0.,1.));
#9114 = ADVANCED_FACE('',(#9115),#9134,.F.);
#9115 = FACE_BOUND('',#9116,.F.);
#9116 = EDGE_LOOP('',(#9117,#9118,#9127,#9133));
#9117 = ORIENTED_EDGE('',*,*,#9103,.F.);
#9118 = ORIENTED_EDGE('',*,*,#9119,.F.);
#9119 = EDGE_CURVE('',#9120,#9096,#9122,.T.);
#9120 = VERTEX_POINT('',#9121);
#9121 = CARTESIAN_POINT('',(-80.99589838628,5.809824489472,23.));
#9122 = CIRCLE('',#9123,81.204);
#9123 = AXIS2_PLACEMENT_3D('',#9124,#9125,#9126);
#9124 = CARTESIAN_POINT('',(0.,0.,23.));
#9125 = DIRECTION('',(0.,0.,1.));
#9126 = DIRECTION('',(1.,0.,-0.));
#9127 = ORIENTED_EDGE('',*,*,#9128,.T.);
#9128 = EDGE_CURVE('',#9120,#1832,#9129,.T.);
#9129 = LINE('',#9130,#9131);
#9130 = CARTESIAN_POINT('',(-79.99957551481,5.744522038394,23.));
#9131 = VECTOR('',#9132,1.);
#9132 = DIRECTION('',(-0.997858923239,6.540312923014E-02,0.));
#9133 = ORIENTED_EDGE('',*,*,#1839,.T.);
#9134 = PLANE('',#9135);
#9135 = AXIS2_PLACEMENT_3D('',#9136,#9137,#9138);
#9136 = CARTESIAN_POINT('',(-79.99957551481,5.744522038394,23.));
#9137 = DIRECTION('',(0.,0.,1.));
#9138 = DIRECTION('',(-0.997858923239,6.540312923014E-02,0.));
#9139 = ADVANCED_FACE('',(#9140),#9151,.T.);
#9140 = FACE_BOUND('',#9141,.T.);
#9141 = EDGE_LOOP('',(#9142,#9143,#9149,#9150));
#9142 = ORIENTED_EDGE('',*,*,#9079,.F.);
#9143 = ORIENTED_EDGE('',*,*,#9144,.T.);
#9144 = EDGE_CURVE('',#9071,#9120,#9145,.T.);
#9145 = LINE('',#9146,#9147);
#9146 = CARTESIAN_POINT('',(-80.99589838628,5.809824489472,7.99));
#9147 = VECTOR('',#9148,1.);
#9148 = DIRECTION('',(0.,0.,1.));
#9149 = ORIENTED_EDGE('',*,*,#9128,.T.);
#9150 = ORIENTED_EDGE('',*,*,#1831,.F.);
#9151 = PLANE('',#9152);
#9152 = AXIS2_PLACEMENT_3D('',#9153,#9154,#9155);
#9153 = CARTESIAN_POINT('',(-79.99957551481,5.744522038394,18.5));
#9154 = DIRECTION('',(-6.540312923014E-02,-0.997858923239,0.));
#9155 = DIRECTION('',(0.,0.,1.));
#9156 = ADVANCED_FACE('',(#9157),#9183,.T.);
#9157 = FACE_BOUND('',#9158,.T.);
#9158 = EDGE_LOOP('',(#9159,#9167,#9176,#9182));
#9159 = ORIENTED_EDGE('',*,*,#9160,.F.);
#9160 = EDGE_CURVE('',#9161,#1859,#9163,.T.);
#9161 = VERTEX_POINT('',#9162);
#9162 = CARTESIAN_POINT('',(-81.1940441082,1.271541330115,18.5));
#9163 = LINE('',#9164,#9165);
#9164 = CARTESIAN_POINT('',(-80.19582106243,1.249760025772,18.5));
#9165 = VECTOR('',#9166,1.);
#9166 = DIRECTION('',(-0.99976202708,2.181488503456E-02,0.));
#9167 = ORIENTED_EDGE('',*,*,#9168,.F.);
#9168 = EDGE_CURVE('',#9169,#9161,#9171,.T.);
#9169 = VERTEX_POINT('',#9170);
#9170 = CARTESIAN_POINT('',(-81.17222922317,2.271303357195,18.5));
#9171 = CIRCLE('',#9172,81.204);
#9172 = AXIS2_PLACEMENT_3D('',#9173,#9174,#9175);
#9173 = CARTESIAN_POINT('',(0.,0.,18.5));
#9174 = DIRECTION('',(0.,0.,1.));
#9175 = DIRECTION('',(1.,0.,-0.));
#9176 = ORIENTED_EDGE('',*,*,#9177,.T.);
#9177 = EDGE_CURVE('',#9169,#1857,#9178,.T.);
#9178 = LINE('',#9179,#9180);
#9179 = CARTESIAN_POINT('',(-80.1740061774,2.249522052852,18.5));
#9180 = VECTOR('',#9181,1.);
#9181 = DIRECTION('',(-0.99976202708,2.181488503456E-02,0.));
#9182 = ORIENTED_EDGE('',*,*,#1856,.T.);
#9183 = PLANE('',#9184);
#9184 = AXIS2_PLACEMENT_3D('',#9185,#9186,#9187);
#9185 = CARTESIAN_POINT('',(-80.1740061774,2.249522052852,18.5));
#9186 = DIRECTION('',(0.,0.,1.));
#9187 = DIRECTION('',(-0.99976202708,2.181488503456E-02,0.));
#9188 = ADVANCED_FACE('',(#9189),#9207,.F.);
#9189 = FACE_BOUND('',#9190,.F.);
#9190 = EDGE_LOOP('',(#9191,#9192,#9200,#9206));
#9191 = ORIENTED_EDGE('',*,*,#9160,.F.);
#9192 = ORIENTED_EDGE('',*,*,#9193,.T.);
#9193 = EDGE_CURVE('',#9161,#9194,#9196,.T.);
#9194 = VERTEX_POINT('',#9195);
#9195 = CARTESIAN_POINT('',(-81.1940441082,1.271541330115,23.));
#9196 = LINE('',#9197,#9198);
#9197 = CARTESIAN_POINT('',(-81.1940441082,1.271541330115,7.99));
#9198 = VECTOR('',#9199,1.);
#9199 = DIRECTION('',(0.,0.,1.));
#9200 = ORIENTED_EDGE('',*,*,#9201,.T.);
#9201 = EDGE_CURVE('',#9194,#1876,#9202,.T.);
#9202 = LINE('',#9203,#9204);
#9203 = CARTESIAN_POINT('',(-80.19582106243,1.249760025772,23.));
#9204 = VECTOR('',#9205,1.);
#9205 = DIRECTION('',(-0.99976202708,2.181488503456E-02,0.));
#9206 = ORIENTED_EDGE('',*,*,#1884,.F.);
#9207 = PLANE('',#9208);
#9208 = AXIS2_PLACEMENT_3D('',#9209,#9210,#9211);
#9209 = CARTESIAN_POINT('',(-80.19582106243,1.249760025772,18.5));
#9210 = DIRECTION('',(-2.181488503456E-02,-0.99976202708,0.));
#9211 = DIRECTION('',(0.,0.,1.));
#9212 = ADVANCED_FACE('',(#9213),#9232,.F.);
#9213 = FACE_BOUND('',#9214,.F.);
#9214 = EDGE_LOOP('',(#9215,#9216,#9225,#9231));
#9215 = ORIENTED_EDGE('',*,*,#9201,.F.);
#9216 = ORIENTED_EDGE('',*,*,#9217,.F.);
#9217 = EDGE_CURVE('',#9218,#9194,#9220,.T.);
#9218 = VERTEX_POINT('',#9219);
#9219 = CARTESIAN_POINT('',(-81.17222922317,2.271303357195,23.));
#9220 = CIRCLE('',#9221,81.204);
#9221 = AXIS2_PLACEMENT_3D('',#9222,#9223,#9224);
#9222 = CARTESIAN_POINT('',(0.,0.,23.));
#9223 = DIRECTION('',(0.,0.,1.));
#9224 = DIRECTION('',(1.,0.,-0.));
#9225 = ORIENTED_EDGE('',*,*,#9226,.T.);
#9226 = EDGE_CURVE('',#9218,#1868,#9227,.T.);
#9227 = LINE('',#9228,#9229);
#9228 = CARTESIAN_POINT('',(-80.1740061774,2.249522052852,23.));
#9229 = VECTOR('',#9230,1.);
#9230 = DIRECTION('',(-0.99976202708,2.181488503456E-02,0.));
#9231 = ORIENTED_EDGE('',*,*,#1875,.T.);
#9232 = PLANE('',#9233);
#9233 = AXIS2_PLACEMENT_3D('',#9234,#9235,#9236);
#9234 = CARTESIAN_POINT('',(-80.1740061774,2.249522052852,23.));
#9235 = DIRECTION('',(0.,0.,1.));
#9236 = DIRECTION('',(-0.99976202708,2.181488503456E-02,0.));
#9237 = ADVANCED_FACE('',(#9238),#9249,.T.);
#9238 = FACE_BOUND('',#9239,.T.);
#9239 = EDGE_LOOP('',(#9240,#9241,#9247,#9248));
#9240 = ORIENTED_EDGE('',*,*,#9177,.F.);
#9241 = ORIENTED_EDGE('',*,*,#9242,.T.);
#9242 = EDGE_CURVE('',#9169,#9218,#9243,.T.);
#9243 = LINE('',#9244,#9245);
#9244 = CARTESIAN_POINT('',(-81.17222922317,2.271303357195,7.99));
#9245 = VECTOR('',#9246,1.);
#9246 = DIRECTION('',(0.,0.,1.));
#9247 = ORIENTED_EDGE('',*,*,#9226,.T.);
#9248 = ORIENTED_EDGE('',*,*,#1867,.F.);
#9249 = PLANE('',#9250);
#9250 = AXIS2_PLACEMENT_3D('',#9251,#9252,#9253);
#9251 = CARTESIAN_POINT('',(-80.1740061774,2.249522052852,18.5));
#9252 = DIRECTION('',(-2.181488503456E-02,-0.99976202708,0.));
#9253 = DIRECTION('',(0.,0.,1.));
#9254 = ADVANCED_FACE('',(#9255),#9281,.T.);
#9255 = FACE_BOUND('',#9256,.T.);
#9256 = EDGE_LOOP('',(#9257,#9265,#9274,#9280));
#9257 = ORIENTED_EDGE('',*,*,#9258,.F.);
#9258 = EDGE_CURVE('',#9259,#1895,#9261,.T.);
#9259 = VERTEX_POINT('',#9260);
#9260 = CARTESIAN_POINT('',(-81.17222922317,-2.271303357195,18.5));
#9261 = LINE('',#9262,#9263);
#9262 = CARTESIAN_POINT('',(-80.1740061774,-2.249522052852,18.5));
#9263 = VECTOR('',#9264,1.);
#9264 = DIRECTION('',(-0.99976202708,-2.181488503456E-02,0.));
#9265 = ORIENTED_EDGE('',*,*,#9266,.F.);
#9266 = EDGE_CURVE('',#9267,#9259,#9269,.T.);
#9267 = VERTEX_POINT('',#9268);
#9268 = CARTESIAN_POINT('',(-81.1940441082,-1.271541330115,18.5));
#9269 = CIRCLE('',#9270,81.204);
#9270 = AXIS2_PLACEMENT_3D('',#9271,#9272,#9273);
#9271 = CARTESIAN_POINT('',(0.,0.,18.5));
#9272 = DIRECTION('',(0.,0.,1.));
#9273 = DIRECTION('',(1.,0.,-0.));
#9274 = ORIENTED_EDGE('',*,*,#9275,.T.);
#9275 = EDGE_CURVE('',#9267,#1893,#9276,.T.);
#9276 = LINE('',#9277,#9278);
#9277 = CARTESIAN_POINT('',(-80.19582106243,-1.249760025772,18.5));
#9278 = VECTOR('',#9279,1.);
#9279 = DIRECTION('',(-0.99976202708,-2.181488503456E-02,0.));
#9280 = ORIENTED_EDGE('',*,*,#1892,.T.);
#9281 = PLANE('',#9282);
#9282 = AXIS2_PLACEMENT_3D('',#9283,#9284,#9285);
#9283 = CARTESIAN_POINT('',(-80.19582106243,-1.249760025772,18.5));
#9284 = DIRECTION('',(0.,0.,1.));
#9285 = DIRECTION('',(-0.99976202708,-2.181488503456E-02,0.));
#9286 = ADVANCED_FACE('',(#9287),#9305,.F.);
#9287 = FACE_BOUND('',#9288,.F.);
#9288 = EDGE_LOOP('',(#9289,#9290,#9298,#9304));
#9289 = ORIENTED_EDGE('',*,*,#9258,.F.);
#9290 = ORIENTED_EDGE('',*,*,#9291,.T.);
#9291 = EDGE_CURVE('',#9259,#9292,#9294,.T.);
#9292 = VERTEX_POINT('',#9293);
#9293 = CARTESIAN_POINT('',(-81.17222922317,-2.271303357195,23.));
#9294 = LINE('',#9295,#9296);
#9295 = CARTESIAN_POINT('',(-81.17222922317,-2.271303357195,7.99));
#9296 = VECTOR('',#9297,1.);
#9297 = DIRECTION('',(0.,0.,1.));
#9298 = ORIENTED_EDGE('',*,*,#9299,.T.);
#9299 = EDGE_CURVE('',#9292,#1912,#9300,.T.);
#9300 = LINE('',#9301,#9302);
#9301 = CARTESIAN_POINT('',(-80.1740061774,-2.249522052852,23.));
#9302 = VECTOR('',#9303,1.);
#9303 = DIRECTION('',(-0.99976202708,-2.181488503456E-02,0.));
#9304 = ORIENTED_EDGE('',*,*,#1920,.F.);
#9305 = PLANE('',#9306);
#9306 = AXIS2_PLACEMENT_3D('',#9307,#9308,#9309);
#9307 = CARTESIAN_POINT('',(-80.1740061774,-2.249522052852,18.5));
#9308 = DIRECTION('',(2.181488503456E-02,-0.99976202708,0.));
#9309 = DIRECTION('',(0.,0.,1.));
#9310 = ADVANCED_FACE('',(#9311),#9330,.F.);
#9311 = FACE_BOUND('',#9312,.F.);
#9312 = EDGE_LOOP('',(#9313,#9314,#9323,#9329));
#9313 = ORIENTED_EDGE('',*,*,#9299,.F.);
#9314 = ORIENTED_EDGE('',*,*,#9315,.F.);
#9315 = EDGE_CURVE('',#9316,#9292,#9318,.T.);
#9316 = VERTEX_POINT('',#9317);
#9317 = CARTESIAN_POINT('',(-81.1940441082,-1.271541330115,23.));
#9318 = CIRCLE('',#9319,81.204);
#9319 = AXIS2_PLACEMENT_3D('',#9320,#9321,#9322);
#9320 = CARTESIAN_POINT('',(0.,0.,23.));
#9321 = DIRECTION('',(0.,0.,1.));
#9322 = DIRECTION('',(1.,0.,-0.));
#9323 = ORIENTED_EDGE('',*,*,#9324,.T.);
#9324 = EDGE_CURVE('',#9316,#1904,#9325,.T.);
#9325 = LINE('',#9326,#9327);
#9326 = CARTESIAN_POINT('',(-80.19582106243,-1.249760025772,23.));
#9327 = VECTOR('',#9328,1.);
#9328 = DIRECTION('',(-0.99976202708,-2.181488503456E-02,0.));
#9329 = ORIENTED_EDGE('',*,*,#1911,.T.);
#9330 = PLANE('',#9331);
#9331 = AXIS2_PLACEMENT_3D('',#9332,#9333,#9334);
#9332 = CARTESIAN_POINT('',(-80.19582106243,-1.249760025772,23.));
#9333 = DIRECTION('',(0.,0.,1.));
#9334 = DIRECTION('',(-0.99976202708,-2.181488503456E-02,0.));
#9335 = ADVANCED_FACE('',(#9336),#9347,.T.);
#9336 = FACE_BOUND('',#9337,.T.);
#9337 = EDGE_LOOP('',(#9338,#9339,#9345,#9346));
#9338 = ORIENTED_EDGE('',*,*,#9275,.F.);
#9339 = ORIENTED_EDGE('',*,*,#9340,.T.);
#9340 = EDGE_CURVE('',#9267,#9316,#9341,.T.);
#9341 = LINE('',#9342,#9343);
#9342 = CARTESIAN_POINT('',(-81.1940441082,-1.271541330115,7.99));
#9343 = VECTOR('',#9344,1.);
#9344 = DIRECTION('',(0.,0.,1.));
#9345 = ORIENTED_EDGE('',*,*,#9324,.T.);
#9346 = ORIENTED_EDGE('',*,*,#1903,.F.);
#9347 = PLANE('',#9348);
#9348 = AXIS2_PLACEMENT_3D('',#9349,#9350,#9351);
#9349 = CARTESIAN_POINT('',(-80.19582106243,-1.249760025772,18.5));
#9350 = DIRECTION('',(2.181488503456E-02,-0.99976202708,0.));
#9351 = DIRECTION('',(0.,0.,1.));
#9352 = ADVANCED_FACE('',(#9353),#9379,.T.);
#9353 = FACE_BOUND('',#9354,.T.);
#9354 = EDGE_LOOP('',(#9355,#9363,#9372,#9378));
#9355 = ORIENTED_EDGE('',*,*,#9356,.F.);
#9356 = EDGE_CURVE('',#9357,#1931,#9359,.T.);
#9357 = VERTEX_POINT('',#9358);
#9358 = CARTESIAN_POINT('',(-80.99589838628,-5.809824489472,18.5));
#9359 = LINE('',#9360,#9361);
#9360 = CARTESIAN_POINT('',(-79.99957551481,-5.744522038394,18.5));
#9361 = VECTOR('',#9362,1.);
#9362 = DIRECTION('',(-0.997858923239,-6.540312923014E-02,0.));
#9363 = ORIENTED_EDGE('',*,*,#9364,.F.);
#9364 = EDGE_CURVE('',#9365,#9357,#9367,.T.);
#9365 = VERTEX_POINT('',#9366);
#9366 = CARTESIAN_POINT('',(-81.06130151551,-4.811965566233,18.5));
#9367 = CIRCLE('',#9368,81.204);
#9368 = AXIS2_PLACEMENT_3D('',#9369,#9370,#9371);
#9369 = CARTESIAN_POINT('',(0.,0.,18.5));
#9370 = DIRECTION('',(0.,0.,1.));
#9371 = DIRECTION('',(1.,0.,-0.));
#9372 = ORIENTED_EDGE('',*,*,#9373,.T.);
#9373 = EDGE_CURVE('',#9365,#1929,#9374,.T.);
#9374 = LINE('',#9375,#9376);
#9375 = CARTESIAN_POINT('',(-80.06497864404,-4.746663115155,18.5));
#9376 = VECTOR('',#9377,1.);
#9377 = DIRECTION('',(-0.997858923239,-6.540312923014E-02,0.));
#9378 = ORIENTED_EDGE('',*,*,#1928,.T.);
#9379 = PLANE('',#9380);
#9380 = AXIS2_PLACEMENT_3D('',#9381,#9382,#9383);
#9381 = CARTESIAN_POINT('',(-80.06497864404,-4.746663115155,18.5));
#9382 = DIRECTION('',(0.,0.,1.));
#9383 = DIRECTION('',(-0.997858923239,-6.540312923014E-02,0.));
#9384 = ADVANCED_FACE('',(#9385),#9403,.F.);
#9385 = FACE_BOUND('',#9386,.F.);
#9386 = EDGE_LOOP('',(#9387,#9388,#9396,#9402));
#9387 = ORIENTED_EDGE('',*,*,#9356,.F.);
#9388 = ORIENTED_EDGE('',*,*,#9389,.T.);
#9389 = EDGE_CURVE('',#9357,#9390,#9392,.T.);
#9390 = VERTEX_POINT('',#9391);
#9391 = CARTESIAN_POINT('',(-80.99589838628,-5.809824489472,23.));
#9392 = LINE('',#9393,#9394);
#9393 = CARTESIAN_POINT('',(-80.99589838628,-5.809824489472,7.99));
#9394 = VECTOR('',#9395,1.);
#9395 = DIRECTION('',(0.,0.,1.));
#9396 = ORIENTED_EDGE('',*,*,#9397,.T.);
#9397 = EDGE_CURVE('',#9390,#1948,#9398,.T.);
#9398 = LINE('',#9399,#9400);
#9399 = CARTESIAN_POINT('',(-79.99957551481,-5.744522038394,23.));
#9400 = VECTOR('',#9401,1.);
#9401 = DIRECTION('',(-0.997858923239,-6.540312923014E-02,0.));
#9402 = ORIENTED_EDGE('',*,*,#1956,.F.);
#9403 = PLANE('',#9404);
#9404 = AXIS2_PLACEMENT_3D('',#9405,#9406,#9407);
#9405 = CARTESIAN_POINT('',(-79.99957551481,-5.744522038394,18.5));
#9406 = DIRECTION('',(6.540312923014E-02,-0.997858923239,0.));
#9407 = DIRECTION('',(0.,0.,1.));
#9408 = ADVANCED_FACE('',(#9409),#9428,.F.);
#9409 = FACE_BOUND('',#9410,.F.);
#9410 = EDGE_LOOP('',(#9411,#9412,#9421,#9427));
#9411 = ORIENTED_EDGE('',*,*,#9397,.F.);
#9412 = ORIENTED_EDGE('',*,*,#9413,.F.);
#9413 = EDGE_CURVE('',#9414,#9390,#9416,.T.);
#9414 = VERTEX_POINT('',#9415);
#9415 = CARTESIAN_POINT('',(-81.06130151551,-4.811965566233,23.));
#9416 = CIRCLE('',#9417,81.204);
#9417 = AXIS2_PLACEMENT_3D('',#9418,#9419,#9420);
#9418 = CARTESIAN_POINT('',(0.,0.,23.));
#9419 = DIRECTION('',(0.,0.,1.));
#9420 = DIRECTION('',(1.,0.,-0.));
#9421 = ORIENTED_EDGE('',*,*,#9422,.T.);
#9422 = EDGE_CURVE('',#9414,#1940,#9423,.T.);
#9423 = LINE('',#9424,#9425);
#9424 = CARTESIAN_POINT('',(-80.06497864404,-4.746663115155,23.));
#9425 = VECTOR('',#9426,1.);
#9426 = DIRECTION('',(-0.997858923239,-6.540312923014E-02,0.));
#9427 = ORIENTED_EDGE('',*,*,#1947,.T.);
#9428 = PLANE('',#9429);
#9429 = AXIS2_PLACEMENT_3D('',#9430,#9431,#9432);
#9430 = CARTESIAN_POINT('',(-80.06497864404,-4.746663115155,23.));
#9431 = DIRECTION('',(0.,0.,1.));
#9432 = DIRECTION('',(-0.997858923239,-6.540312923014E-02,0.));
#9433 = ADVANCED_FACE('',(#9434),#9445,.T.);
#9434 = FACE_BOUND('',#9435,.T.);
#9435 = EDGE_LOOP('',(#9436,#9437,#9443,#9444));
#9436 = ORIENTED_EDGE('',*,*,#9373,.F.);
#9437 = ORIENTED_EDGE('',*,*,#9438,.T.);
#9438 = EDGE_CURVE('',#9365,#9414,#9439,.T.);
#9439 = LINE('',#9440,#9441);
#9440 = CARTESIAN_POINT('',(-81.06130151551,-4.811965566233,7.99));
#9441 = VECTOR('',#9442,1.);
#9442 = DIRECTION('',(0.,0.,1.));
#9443 = ORIENTED_EDGE('',*,*,#9422,.T.);
#9444 = ORIENTED_EDGE('',*,*,#1939,.F.);
#9445 = PLANE('',#9446);
#9446 = AXIS2_PLACEMENT_3D('',#9447,#9448,#9449);
#9447 = CARTESIAN_POINT('',(-80.06497864404,-4.746663115155,18.5));
#9448 = DIRECTION('',(6.540312923014E-02,-0.997858923239,0.));
#9449 = DIRECTION('',(0.,0.,1.));
#9450 = ADVANCED_FACE('',(#9451),#9477,.T.);
#9451 = FACE_BOUND('',#9452,.T.);
#9452 = EDGE_LOOP('',(#9453,#9461,#9470,#9476));
#9453 = ORIENTED_EDGE('',*,*,#9454,.F.);
#9454 = EDGE_CURVE('',#9455,#1967,#9457,.T.);
#9455 = VERTEX_POINT('',#9456);
#9456 = CARTESIAN_POINT('',(-80.66538725331,-9.337286290624,18.5));
#9457 = LINE('',#9458,#9459);
#9458 = CARTESIAN_POINT('',(-79.67286111335,-9.228586999738,18.5));
#9459 = VECTOR('',#9460,1.);
#9460 = DIRECTION('',(-0.994056338222,-0.108866874852,0.));
#9461 = ORIENTED_EDGE('',*,*,#9462,.F.);
#9462 = EDGE_CURVE('',#9463,#9455,#9465,.T.);
#9463 = VERTEX_POINT('',#9464);
#9464 = CARTESIAN_POINT('',(-80.77425412816,-8.343229952402,18.5));
#9465 = CIRCLE('',#9466,81.204);
#9466 = AXIS2_PLACEMENT_3D('',#9467,#9468,#9469);
#9467 = CARTESIAN_POINT('',(0.,0.,18.5));
#9468 = DIRECTION('',(0.,0.,1.));
#9469 = DIRECTION('',(1.,0.,-0.));
#9470 = ORIENTED_EDGE('',*,*,#9471,.T.);
#9471 = EDGE_CURVE('',#9463,#1965,#9472,.T.);
#9472 = LINE('',#9473,#9474);
#9473 = CARTESIAN_POINT('',(-79.7817279882,-8.234530661516,18.5));
#9474 = VECTOR('',#9475,1.);
#9475 = DIRECTION('',(-0.994056338222,-0.108866874852,0.));
#9476 = ORIENTED_EDGE('',*,*,#1964,.T.);
#9477 = PLANE('',#9478);
#9478 = AXIS2_PLACEMENT_3D('',#9479,#9480,#9481);
#9479 = CARTESIAN_POINT('',(-79.7817279882,-8.234530661516,18.5));
#9480 = DIRECTION('',(0.,0.,1.));
#9481 = DIRECTION('',(-0.994056338222,-0.108866874852,0.));
#9482 = ADVANCED_FACE('',(#9483),#9501,.F.);
#9483 = FACE_BOUND('',#9484,.F.);
#9484 = EDGE_LOOP('',(#9485,#9486,#9494,#9500));
#9485 = ORIENTED_EDGE('',*,*,#9454,.F.);
#9486 = ORIENTED_EDGE('',*,*,#9487,.T.);
#9487 = EDGE_CURVE('',#9455,#9488,#9490,.T.);
#9488 = VERTEX_POINT('',#9489);
#9489 = CARTESIAN_POINT('',(-80.66538725331,-9.337286290624,23.));
#9490 = LINE('',#9491,#9492);
#9491 = CARTESIAN_POINT('',(-80.66538725331,-9.337286290624,7.99));
#9492 = VECTOR('',#9493,1.);
#9493 = DIRECTION('',(0.,0.,1.));
#9494 = ORIENTED_EDGE('',*,*,#9495,.T.);
#9495 = EDGE_CURVE('',#9488,#1984,#9496,.T.);
#9496 = LINE('',#9497,#9498);
#9497 = CARTESIAN_POINT('',(-79.67286111335,-9.228586999738,23.));
#9498 = VECTOR('',#9499,1.);
#9499 = DIRECTION('',(-0.994056338222,-0.108866874852,0.));
#9500 = ORIENTED_EDGE('',*,*,#1992,.F.);
#9501 = PLANE('',#9502);
#9502 = AXIS2_PLACEMENT_3D('',#9503,#9504,#9505);
#9503 = CARTESIAN_POINT('',(-79.67286111335,-9.228586999738,18.5));
#9504 = DIRECTION('',(0.108866874852,-0.994056338222,0.));
#9505 = DIRECTION('',(0.,0.,1.));
#9506 = ADVANCED_FACE('',(#9507),#9526,.F.);
#9507 = FACE_BOUND('',#9508,.F.);
#9508 = EDGE_LOOP('',(#9509,#9510,#9519,#9525));
#9509 = ORIENTED_EDGE('',*,*,#9495,.F.);
#9510 = ORIENTED_EDGE('',*,*,#9511,.F.);
#9511 = EDGE_CURVE('',#9512,#9488,#9514,.T.);
#9512 = VERTEX_POINT('',#9513);
#9513 = CARTESIAN_POINT('',(-80.77425412816,-8.343229952402,23.));
#9514 = CIRCLE('',#9515,81.204);
#9515 = AXIS2_PLACEMENT_3D('',#9516,#9517,#9518);
#9516 = CARTESIAN_POINT('',(0.,0.,23.));
#9517 = DIRECTION('',(0.,0.,1.));
#9518 = DIRECTION('',(1.,0.,-0.));
#9519 = ORIENTED_EDGE('',*,*,#9520,.T.);
#9520 = EDGE_CURVE('',#9512,#1976,#9521,.T.);
#9521 = LINE('',#9522,#9523);
#9522 = CARTESIAN_POINT('',(-79.7817279882,-8.234530661516,23.));
#9523 = VECTOR('',#9524,1.);
#9524 = DIRECTION('',(-0.994056338222,-0.108866874852,0.));
#9525 = ORIENTED_EDGE('',*,*,#1983,.T.);
#9526 = PLANE('',#9527);
#9527 = AXIS2_PLACEMENT_3D('',#9528,#9529,#9530);
#9528 = CARTESIAN_POINT('',(-79.7817279882,-8.234530661516,23.));
#9529 = DIRECTION('',(0.,0.,1.));
#9530 = DIRECTION('',(-0.994056338222,-0.108866874852,0.));
#9531 = ADVANCED_FACE('',(#9532),#9543,.T.);
#9532 = FACE_BOUND('',#9533,.T.);
#9533 = EDGE_LOOP('',(#9534,#9535,#9541,#9542));
#9534 = ORIENTED_EDGE('',*,*,#9471,.F.);
#9535 = ORIENTED_EDGE('',*,*,#9536,.T.);
#9536 = EDGE_CURVE('',#9463,#9512,#9537,.T.);
#9537 = LINE('',#9538,#9539);
#9538 = CARTESIAN_POINT('',(-80.77425412816,-8.343229952402,7.99));
#9539 = VECTOR('',#9540,1.);
#9540 = DIRECTION('',(0.,0.,1.));
#9541 = ORIENTED_EDGE('',*,*,#9520,.T.);
#9542 = ORIENTED_EDGE('',*,*,#1975,.F.);
#9543 = PLANE('',#9544);
#9544 = AXIS2_PLACEMENT_3D('',#9545,#9546,#9547);
#9545 = CARTESIAN_POINT('',(-79.7817279882,-8.234530661516,18.5));
#9546 = DIRECTION('',(0.108866874852,-0.994056338222,0.));
#9547 = DIRECTION('',(0.,0.,1.));
#9548 = ADVANCED_FACE('',(#9549),#9575,.T.);
#9549 = FACE_BOUND('',#9550,.T.);
#9550 = EDGE_LOOP('',(#9551,#9559,#9568,#9574));
#9551 = ORIENTED_EDGE('',*,*,#9552,.F.);
#9552 = EDGE_CURVE('',#9553,#2003,#9555,.T.);
#9553 = VERTEX_POINT('',#9554);
#9554 = CARTESIAN_POINT('',(-80.18132497098,-12.84697403662,18.5));
#9555 = LINE('',#9556,#9557);
#9556 = CARTESIAN_POINT('',(-79.19448489246,-12.69508482121,18.5));
#9557 = VECTOR('',#9558,1.);
#9558 = DIRECTION('',(-0.988361510468,-0.15212338619,0.));
#9559 = ORIENTED_EDGE('',*,*,#9560,.F.);
#9560 = EDGE_CURVE('',#9561,#9553,#9563,.T.);
#9561 = VERTEX_POINT('',#9562);
#9562 = CARTESIAN_POINT('',(-80.33344835717,-11.85861252615,18.5));
#9563 = CIRCLE('',#9564,81.204);
#9564 = AXIS2_PLACEMENT_3D('',#9565,#9566,#9567);
#9565 = CARTESIAN_POINT('',(0.,0.,18.5));
#9566 = DIRECTION('',(0.,0.,1.));
#9567 = DIRECTION('',(1.,0.,-0.));
#9568 = ORIENTED_EDGE('',*,*,#9569,.T.);
#9569 = EDGE_CURVE('',#9561,#2001,#9570,.T.);
#9570 = LINE('',#9571,#9572);
#9571 = CARTESIAN_POINT('',(-79.34660827865,-11.70672331074,18.5));
#9572 = VECTOR('',#9573,1.);
#9573 = DIRECTION('',(-0.988361510468,-0.15212338619,0.));
#9574 = ORIENTED_EDGE('',*,*,#2000,.T.);
#9575 = PLANE('',#9576);
#9576 = AXIS2_PLACEMENT_3D('',#9577,#9578,#9579);
#9577 = CARTESIAN_POINT('',(-79.34660827865,-11.70672331074,18.5));
#9578 = DIRECTION('',(0.,0.,1.));
#9579 = DIRECTION('',(-0.988361510468,-0.15212338619,0.));
#9580 = ADVANCED_FACE('',(#9581),#9599,.F.);
#9581 = FACE_BOUND('',#9582,.F.);
#9582 = EDGE_LOOP('',(#9583,#9584,#9592,#9598));
#9583 = ORIENTED_EDGE('',*,*,#9552,.F.);
#9584 = ORIENTED_EDGE('',*,*,#9585,.T.);
#9585 = EDGE_CURVE('',#9553,#9586,#9588,.T.);
#9586 = VERTEX_POINT('',#9587);
#9587 = CARTESIAN_POINT('',(-80.18132497098,-12.84697403662,23.));
#9588 = LINE('',#9589,#9590);
#9589 = CARTESIAN_POINT('',(-80.18132497098,-12.84697403662,7.99));
#9590 = VECTOR('',#9591,1.);
#9591 = DIRECTION('',(0.,0.,1.));
#9592 = ORIENTED_EDGE('',*,*,#9593,.T.);
#9593 = EDGE_CURVE('',#9586,#2020,#9594,.T.);
#9594 = LINE('',#9595,#9596);
#9595 = CARTESIAN_POINT('',(-79.19448489246,-12.69508482121,23.));
#9596 = VECTOR('',#9597,1.);
#9597 = DIRECTION('',(-0.988361510468,-0.15212338619,0.));
#9598 = ORIENTED_EDGE('',*,*,#2028,.F.);
#9599 = PLANE('',#9600);
#9600 = AXIS2_PLACEMENT_3D('',#9601,#9602,#9603);
#9601 = CARTESIAN_POINT('',(-79.19448489246,-12.69508482121,18.5));
#9602 = DIRECTION('',(0.15212338619,-0.988361510468,0.));
#9603 = DIRECTION('',(0.,0.,1.));
#9604 = ADVANCED_FACE('',(#9605),#9624,.F.);
#9605 = FACE_BOUND('',#9606,.F.);
#9606 = EDGE_LOOP('',(#9607,#9608,#9617,#9623));
#9607 = ORIENTED_EDGE('',*,*,#9593,.F.);
#9608 = ORIENTED_EDGE('',*,*,#9609,.F.);
#9609 = EDGE_CURVE('',#9610,#9586,#9612,.T.);
#9610 = VERTEX_POINT('',#9611);
#9611 = CARTESIAN_POINT('',(-80.33344835717,-11.85861252615,23.));
#9612 = CIRCLE('',#9613,81.204);
#9613 = AXIS2_PLACEMENT_3D('',#9614,#9615,#9616);
#9614 = CARTESIAN_POINT('',(0.,0.,23.));
#9615 = DIRECTION('',(0.,0.,1.));
#9616 = DIRECTION('',(1.,0.,-0.));
#9617 = ORIENTED_EDGE('',*,*,#9618,.T.);
#9618 = EDGE_CURVE('',#9610,#2012,#9619,.T.);
#9619 = LINE('',#9620,#9621);
#9620 = CARTESIAN_POINT('',(-79.34660827865,-11.70672331074,23.));
#9621 = VECTOR('',#9622,1.);
#9622 = DIRECTION('',(-0.988361510468,-0.15212338619,0.));
#9623 = ORIENTED_EDGE('',*,*,#2019,.T.);
#9624 = PLANE('',#9625);
#9625 = AXIS2_PLACEMENT_3D('',#9626,#9627,#9628);
#9626 = CARTESIAN_POINT('',(-79.34660827865,-11.70672331074,23.));
#9627 = DIRECTION('',(0.,0.,1.));
#9628 = DIRECTION('',(-0.988361510468,-0.15212338619,0.));
#9629 = ADVANCED_FACE('',(#9630),#9641,.T.);
#9630 = FACE_BOUND('',#9631,.T.);
#9631 = EDGE_LOOP('',(#9632,#9633,#9639,#9640));
#9632 = ORIENTED_EDGE('',*,*,#9569,.F.);
#9633 = ORIENTED_EDGE('',*,*,#9634,.T.);
#9634 = EDGE_CURVE('',#9561,#9610,#9635,.T.);
#9635 = LINE('',#9636,#9637);
#9636 = CARTESIAN_POINT('',(-80.33344835717,-11.85861252615,7.99));
#9637 = VECTOR('',#9638,1.);
#9638 = DIRECTION('',(0.,0.,1.));
#9639 = ORIENTED_EDGE('',*,*,#9618,.T.);
#9640 = ORIENTED_EDGE('',*,*,#2011,.F.);
#9641 = PLANE('',#9642);
#9642 = AXIS2_PLACEMENT_3D('',#9643,#9644,#9645);
#9643 = CARTESIAN_POINT('',(-79.34660827865,-11.70672331074,18.5));
#9644 = DIRECTION('',(0.15212338619,-0.988361510468,0.));
#9645 = DIRECTION('',(0.,0.,1.));
#9646 = ADVANCED_FACE('',(#9647),#9673,.T.);
#9647 = FACE_BOUND('',#9648,.T.);
#9648 = EDGE_LOOP('',(#9649,#9657,#9666,#9672));
#9649 = ORIENTED_EDGE('',*,*,#9650,.F.);
#9650 = EDGE_CURVE('',#9651,#2039,#9653,.T.);
#9651 = VERTEX_POINT('',#9652);
#9652 = CARTESIAN_POINT('',(-79.54463297936,-16.33220683737,18.5));
#9653 = LINE('',#9654,#9655);
#9654 = CARTESIAN_POINT('',(-78.56535746845,-16.13741682718,18.5));
#9655 = VECTOR('',#9656,1.);
#9656 = DIRECTION('',(-0.980785280403,-0.195090322016,0.));
#9657 = ORIENTED_EDGE('',*,*,#9658,.F.);
#9658 = EDGE_CURVE('',#9659,#9651,#9661,.T.);
#9659 = VERTEX_POINT('',#9660);
#9660 = CARTESIAN_POINT('',(-79.73972330137,-15.35142155697,18.5));
#9661 = CIRCLE('',#9662,81.204);
#9662 = AXIS2_PLACEMENT_3D('',#9663,#9664,#9665);
#9663 = CARTESIAN_POINT('',(0.,0.,18.5));
#9664 = DIRECTION('',(0.,0.,1.));
#9665 = DIRECTION('',(1.,0.,-0.));
#9666 = ORIENTED_EDGE('',*,*,#9667,.T.);
#9667 = EDGE_CURVE('',#9659,#2037,#9668,.T.);
#9668 = LINE('',#9669,#9670);
#9669 = CARTESIAN_POINT('',(-78.76044779046,-15.15663154678,18.5));
#9670 = VECTOR('',#9671,1.);
#9671 = DIRECTION('',(-0.980785280403,-0.195090322016,0.));
#9672 = ORIENTED_EDGE('',*,*,#2036,.T.);
#9673 = PLANE('',#9674);
#9674 = AXIS2_PLACEMENT_3D('',#9675,#9676,#9677);
#9675 = CARTESIAN_POINT('',(-78.76044779046,-15.15663154678,18.5));
#9676 = DIRECTION('',(0.,0.,1.));
#9677 = DIRECTION('',(-0.980785280403,-0.195090322016,0.));
#9678 = ADVANCED_FACE('',(#9679),#9697,.F.);
#9679 = FACE_BOUND('',#9680,.F.);
#9680 = EDGE_LOOP('',(#9681,#9682,#9690,#9696));
#9681 = ORIENTED_EDGE('',*,*,#9650,.F.);
#9682 = ORIENTED_EDGE('',*,*,#9683,.T.);
#9683 = EDGE_CURVE('',#9651,#9684,#9686,.T.);
#9684 = VERTEX_POINT('',#9685);
#9685 = CARTESIAN_POINT('',(-79.54463297936,-16.33220683737,23.));
#9686 = LINE('',#9687,#9688);
#9687 = CARTESIAN_POINT('',(-79.54463297936,-16.33220683737,7.99));
#9688 = VECTOR('',#9689,1.);
#9689 = DIRECTION('',(0.,0.,1.));
#9690 = ORIENTED_EDGE('',*,*,#9691,.T.);
#9691 = EDGE_CURVE('',#9684,#2056,#9692,.T.);
#9692 = LINE('',#9693,#9694);
#9693 = CARTESIAN_POINT('',(-78.56535746845,-16.13741682718,23.));
#9694 = VECTOR('',#9695,1.);
#9695 = DIRECTION('',(-0.980785280403,-0.195090322016,0.));
#9696 = ORIENTED_EDGE('',*,*,#2064,.F.);
#9697 = PLANE('',#9698);
#9698 = AXIS2_PLACEMENT_3D('',#9699,#9700,#9701);
#9699 = CARTESIAN_POINT('',(-78.56535746845,-16.13741682718,18.5));
#9700 = DIRECTION('',(0.195090322016,-0.980785280403,0.));
#9701 = DIRECTION('',(0.,0.,1.));
#9702 = ADVANCED_FACE('',(#9703),#9722,.F.);
#9703 = FACE_BOUND('',#9704,.F.);
#9704 = EDGE_LOOP('',(#9705,#9706,#9715,#9721));
#9705 = ORIENTED_EDGE('',*,*,#9691,.F.);
#9706 = ORIENTED_EDGE('',*,*,#9707,.F.);
#9707 = EDGE_CURVE('',#9708,#9684,#9710,.T.);
#9708 = VERTEX_POINT('',#9709);
#9709 = CARTESIAN_POINT('',(-79.73972330137,-15.35142155697,23.));
#9710 = CIRCLE('',#9711,81.204);
#9711 = AXIS2_PLACEMENT_3D('',#9712,#9713,#9714);
#9712 = CARTESIAN_POINT('',(0.,0.,23.));
#9713 = DIRECTION('',(0.,0.,1.));
#9714 = DIRECTION('',(1.,0.,-0.));
#9715 = ORIENTED_EDGE('',*,*,#9716,.T.);
#9716 = EDGE_CURVE('',#9708,#2048,#9717,.T.);
#9717 = LINE('',#9718,#9719);
#9718 = CARTESIAN_POINT('',(-78.76044779046,-15.15663154678,23.));
#9719 = VECTOR('',#9720,1.);
#9720 = DIRECTION('',(-0.980785280403,-0.195090322016,0.));
#9721 = ORIENTED_EDGE('',*,*,#2055,.T.);
#9722 = PLANE('',#9723);
#9723 = AXIS2_PLACEMENT_3D('',#9724,#9725,#9726);
#9724 = CARTESIAN_POINT('',(-78.76044779046,-15.15663154678,23.));
#9725 = DIRECTION('',(0.,0.,1.));
#9726 = DIRECTION('',(-0.980785280403,-0.195090322016,0.));
#9727 = ADVANCED_FACE('',(#9728),#9739,.T.);
#9728 = FACE_BOUND('',#9729,.T.);
#9729 = EDGE_LOOP('',(#9730,#9731,#9737,#9738));
#9730 = ORIENTED_EDGE('',*,*,#9667,.F.);
#9731 = ORIENTED_EDGE('',*,*,#9732,.T.);
#9732 = EDGE_CURVE('',#9659,#9708,#9733,.T.);
#9733 = LINE('',#9734,#9735);
#9734 = CARTESIAN_POINT('',(-79.73972330137,-15.35142155697,7.99));
#9735 = VECTOR('',#9736,1.);
#9736 = DIRECTION('',(0.,0.,1.));
#9737 = ORIENTED_EDGE('',*,*,#9716,.T.);
#9738 = ORIENTED_EDGE('',*,*,#2047,.F.);
#9739 = PLANE('',#9740);
#9740 = AXIS2_PLACEMENT_3D('',#9741,#9742,#9743);
#9741 = CARTESIAN_POINT('',(-78.76044779046,-15.15663154678,18.5));
#9742 = DIRECTION('',(0.195090322016,-0.980785280403,0.));
#9743 = DIRECTION('',(0.,0.,1.));
#9744 = ADVANCED_FACE('',(#9745),#9771,.T.);
#9745 = FACE_BOUND('',#9746,.T.);
#9746 = EDGE_LOOP('',(#9747,#9755,#9764,#9770));
#9747 = ORIENTED_EDGE('',*,*,#9748,.F.);
#9748 = EDGE_CURVE('',#9749,#2075,#9751,.T.);
#9749 = VERTEX_POINT('',#9750);
#9750 = CARTESIAN_POINT('',(-78.75652325784,-19.78635035414,18.5));
#9751 = LINE('',#9752,#9753);
#9752 = CARTESIAN_POINT('',(-77.78667642114,-19.54903034303,18.5));
#9753 = VECTOR('',#9754,1.);
#9754 = DIRECTION('',(-0.971342069813,-0.237685892326,0.));
#9755 = ORIENTED_EDGE('',*,*,#9756,.F.);
#9756 = EDGE_CURVE('',#9757,#9749,#9759,.T.);
#9757 = VERTEX_POINT('',#9758);
#9758 = CARTESIAN_POINT('',(-78.99420915016,-18.81500828433,18.5));
#9759 = CIRCLE('',#9760,81.204);
#9760 = AXIS2_PLACEMENT_3D('',#9761,#9762,#9763);
#9761 = CARTESIAN_POINT('',(0.,0.,18.5));
#9762 = DIRECTION('',(0.,0.,1.));
#9763 = DIRECTION('',(1.,0.,-0.));
#9764 = ORIENTED_EDGE('',*,*,#9765,.T.);
#9765 = EDGE_CURVE('',#9757,#2073,#9766,.T.);
#9766 = LINE('',#9767,#9768);
#9767 = CARTESIAN_POINT('',(-78.02436231346,-18.57768827322,18.5));
#9768 = VECTOR('',#9769,1.);
#9769 = DIRECTION('',(-0.971342069813,-0.237685892326,0.));
#9770 = ORIENTED_EDGE('',*,*,#2072,.T.);
#9771 = PLANE('',#9772);
#9772 = AXIS2_PLACEMENT_3D('',#9773,#9774,#9775);
#9773 = CARTESIAN_POINT('',(-78.02436231346,-18.57768827322,18.5));
#9774 = DIRECTION('',(0.,0.,1.));
#9775 = DIRECTION('',(-0.971342069813,-0.237685892326,0.));
#9776 = ADVANCED_FACE('',(#9777),#9795,.F.);
#9777 = FACE_BOUND('',#9778,.F.);
#9778 = EDGE_LOOP('',(#9779,#9780,#9788,#9794));
#9779 = ORIENTED_EDGE('',*,*,#9748,.F.);
#9780 = ORIENTED_EDGE('',*,*,#9781,.T.);
#9781 = EDGE_CURVE('',#9749,#9782,#9784,.T.);
#9782 = VERTEX_POINT('',#9783);
#9783 = CARTESIAN_POINT('',(-78.75652325784,-19.78635035414,23.));
#9784 = LINE('',#9785,#9786);
#9785 = CARTESIAN_POINT('',(-78.75652325784,-19.78635035414,7.99));
#9786 = VECTOR('',#9787,1.);
#9787 = DIRECTION('',(0.,0.,1.));
#9788 = ORIENTED_EDGE('',*,*,#9789,.T.);
#9789 = EDGE_CURVE('',#9782,#2092,#9790,.T.);
#9790 = LINE('',#9791,#9792);
#9791 = CARTESIAN_POINT('',(-77.78667642114,-19.54903034303,23.));
#9792 = VECTOR('',#9793,1.);
#9793 = DIRECTION('',(-0.971342069813,-0.237685892326,0.));
#9794 = ORIENTED_EDGE('',*,*,#2100,.F.);
#9795 = PLANE('',#9796);
#9796 = AXIS2_PLACEMENT_3D('',#9797,#9798,#9799);
#9797 = CARTESIAN_POINT('',(-77.78667642114,-19.54903034303,18.5));
#9798 = DIRECTION('',(0.237685892326,-0.971342069813,0.));
#9799 = DIRECTION('',(0.,0.,1.));
#9800 = ADVANCED_FACE('',(#9801),#9820,.F.);
#9801 = FACE_BOUND('',#9802,.F.);
#9802 = EDGE_LOOP('',(#9803,#9804,#9813,#9819));
#9803 = ORIENTED_EDGE('',*,*,#9789,.F.);
#9804 = ORIENTED_EDGE('',*,*,#9805,.F.);
#9805 = EDGE_CURVE('',#9806,#9782,#9808,.T.);
#9806 = VERTEX_POINT('',#9807);
#9807 = CARTESIAN_POINT('',(-78.99420915016,-18.81500828433,23.));
#9808 = CIRCLE('',#9809,81.204);
#9809 = AXIS2_PLACEMENT_3D('',#9810,#9811,#9812);
#9810 = CARTESIAN_POINT('',(0.,0.,23.));
#9811 = DIRECTION('',(0.,0.,1.));
#9812 = DIRECTION('',(1.,0.,-0.));
#9813 = ORIENTED_EDGE('',*,*,#9814,.T.);
#9814 = EDGE_CURVE('',#9806,#2084,#9815,.T.);
#9815 = LINE('',#9816,#9817);
#9816 = CARTESIAN_POINT('',(-78.02436231346,-18.57768827322,23.));
#9817 = VECTOR('',#9818,1.);
#9818 = DIRECTION('',(-0.971342069813,-0.237685892326,0.));
#9819 = ORIENTED_EDGE('',*,*,#2091,.T.);
#9820 = PLANE('',#9821);
#9821 = AXIS2_PLACEMENT_3D('',#9822,#9823,#9824);
#9822 = CARTESIAN_POINT('',(-78.02436231346,-18.57768827322,23.));
#9823 = DIRECTION('',(0.,0.,1.));
#9824 = DIRECTION('',(-0.971342069813,-0.237685892326,0.));
#9825 = ADVANCED_FACE('',(#9826),#9837,.T.);
#9826 = FACE_BOUND('',#9827,.T.);
#9827 = EDGE_LOOP('',(#9828,#9829,#9835,#9836));
#9828 = ORIENTED_EDGE('',*,*,#9765,.F.);
#9829 = ORIENTED_EDGE('',*,*,#9830,.T.);
#9830 = EDGE_CURVE('',#9757,#9806,#9831,.T.);
#9831 = LINE('',#9832,#9833);
#9832 = CARTESIAN_POINT('',(-78.99420915016,-18.81500828433,7.99));
#9833 = VECTOR('',#9834,1.);
#9834 = DIRECTION('',(0.,0.,1.));
#9835 = ORIENTED_EDGE('',*,*,#9814,.T.);
#9836 = ORIENTED_EDGE('',*,*,#2083,.F.);
#9837 = PLANE('',#9838);
#9838 = AXIS2_PLACEMENT_3D('',#9839,#9840,#9841);
#9839 = CARTESIAN_POINT('',(-78.02436231346,-18.57768827322,18.5));
#9840 = DIRECTION('',(0.237685892326,-0.971342069813,0.));
#9841 = DIRECTION('',(0.,0.,1.));
#9842 = ADVANCED_FACE('',(#9843),#9869,.T.);
#9843 = FACE_BOUND('',#9844,.T.);
#9844 = EDGE_LOOP('',(#9845,#9853,#9862,#9868));
#9845 = ORIENTED_EDGE('',*,*,#9846,.F.);
#9846 = EDGE_CURVE('',#9847,#2111,#9849,.T.);
#9847 = VERTEX_POINT('',#9848);
#9848 = CARTESIAN_POINT('',(-77.81849601807,-23.20282942843,18.5));
#9849 = LINE('',#9850,#9851);
#9850 = CARTESIAN_POINT('',(-76.85992401415,-22.92343116853,18.5));
#9851 = VECTOR('',#9852,1.);
#9852 = DIRECTION('',(-0.960049854386,-0.279829014031,0.));
#9853 = ORIENTED_EDGE('',*,*,#9854,.F.);
#9854 = EDGE_CURVE('',#9855,#9847,#9857,.T.);
#9855 = VERTEX_POINT('',#9856);
#9856 = CARTESIAN_POINT('',(-78.0983250321,-22.24277957405,18.5));
#9857 = CIRCLE('',#9858,81.204);
#9858 = AXIS2_PLACEMENT_3D('',#9859,#9860,#9861);
#9859 = CARTESIAN_POINT('',(0.,0.,18.5));
#9860 = DIRECTION('',(0.,0.,1.));
#9861 = DIRECTION('',(1.,0.,-0.));
#9862 = ORIENTED_EDGE('',*,*,#9863,.T.);
#9863 = EDGE_CURVE('',#9855,#2109,#9864,.T.);
#9864 = LINE('',#9865,#9866);
#9865 = CARTESIAN_POINT('',(-77.13975302818,-21.96338131414,18.5));
#9866 = VECTOR('',#9867,1.);
#9867 = DIRECTION('',(-0.960049854386,-0.279829014031,0.));
#9868 = ORIENTED_EDGE('',*,*,#2108,.T.);
#9869 = PLANE('',#9870);
#9870 = AXIS2_PLACEMENT_3D('',#9871,#9872,#9873);
#9871 = CARTESIAN_POINT('',(-77.13975302818,-21.96338131414,18.5));
#9872 = DIRECTION('',(0.,0.,1.));
#9873 = DIRECTION('',(-0.960049854386,-0.279829014031,0.));
#9874 = ADVANCED_FACE('',(#9875),#9893,.F.);
#9875 = FACE_BOUND('',#9876,.F.);
#9876 = EDGE_LOOP('',(#9877,#9878,#9886,#9892));
#9877 = ORIENTED_EDGE('',*,*,#9846,.F.);
#9878 = ORIENTED_EDGE('',*,*,#9879,.T.);
#9879 = EDGE_CURVE('',#9847,#9880,#9882,.T.);
#9880 = VERTEX_POINT('',#9881);
#9881 = CARTESIAN_POINT('',(-77.81849601807,-23.20282942843,23.));
#9882 = LINE('',#9883,#9884);
#9883 = CARTESIAN_POINT('',(-77.81849601807,-23.20282942843,7.99));
#9884 = VECTOR('',#9885,1.);
#9885 = DIRECTION('',(0.,0.,1.));
#9886 = ORIENTED_EDGE('',*,*,#9887,.T.);
#9887 = EDGE_CURVE('',#9880,#2128,#9888,.T.);
#9888 = LINE('',#9889,#9890);
#9889 = CARTESIAN_POINT('',(-76.85992401415,-22.92343116853,23.));
#9890 = VECTOR('',#9891,1.);
#9891 = DIRECTION('',(-0.960049854386,-0.279829014031,0.));
#9892 = ORIENTED_EDGE('',*,*,#2136,.F.);
#9893 = PLANE('',#9894);
#9894 = AXIS2_PLACEMENT_3D('',#9895,#9896,#9897);
#9895 = CARTESIAN_POINT('',(-76.85992401415,-22.92343116853,18.5));
#9896 = DIRECTION('',(0.279829014031,-0.960049854386,0.));
#9897 = DIRECTION('',(0.,0.,1.));
#9898 = ADVANCED_FACE('',(#9899),#9918,.F.);
#9899 = FACE_BOUND('',#9900,.F.);
#9900 = EDGE_LOOP('',(#9901,#9902,#9911,#9917));
#9901 = ORIENTED_EDGE('',*,*,#9887,.F.);
#9902 = ORIENTED_EDGE('',*,*,#9903,.F.);
#9903 = EDGE_CURVE('',#9904,#9880,#9906,.T.);
#9904 = VERTEX_POINT('',#9905);
#9905 = CARTESIAN_POINT('',(-78.0983250321,-22.24277957405,23.));
#9906 = CIRCLE('',#9907,81.204);
#9907 = AXIS2_PLACEMENT_3D('',#9908,#9909,#9910);
#9908 = CARTESIAN_POINT('',(0.,0.,23.));
#9909 = DIRECTION('',(0.,0.,1.));
#9910 = DIRECTION('',(1.,0.,-0.));
#9911 = ORIENTED_EDGE('',*,*,#9912,.T.);
#9912 = EDGE_CURVE('',#9904,#2120,#9913,.T.);
#9913 = LINE('',#9914,#9915);
#9914 = CARTESIAN_POINT('',(-77.13975302818,-21.96338131414,23.));
#9915 = VECTOR('',#9916,1.);
#9916 = DIRECTION('',(-0.960049854386,-0.279829014031,0.));
#9917 = ORIENTED_EDGE('',*,*,#2127,.T.);
#9918 = PLANE('',#9919);
#9919 = AXIS2_PLACEMENT_3D('',#9920,#9921,#9922);
#9920 = CARTESIAN_POINT('',(-77.13975302818,-21.96338131414,23.));
#9921 = DIRECTION('',(0.,0.,1.));
#9922 = DIRECTION('',(-0.960049854386,-0.279829014031,0.));
#9923 = ADVANCED_FACE('',(#9924),#9935,.T.);
#9924 = FACE_BOUND('',#9925,.T.);
#9925 = EDGE_LOOP('',(#9926,#9927,#9933,#9934));
#9926 = ORIENTED_EDGE('',*,*,#9863,.F.);
#9927 = ORIENTED_EDGE('',*,*,#9928,.T.);
#9928 = EDGE_CURVE('',#9855,#9904,#9929,.T.);
#9929 = LINE('',#9930,#9931);
#9930 = CARTESIAN_POINT('',(-78.0983250321,-22.24277957405,7.99));
#9931 = VECTOR('',#9932,1.);
#9932 = DIRECTION('',(0.,0.,1.));
#9933 = ORIENTED_EDGE('',*,*,#9912,.T.);
#9934 = ORIENTED_EDGE('',*,*,#2119,.F.);
#9935 = PLANE('',#9936);
#9936 = AXIS2_PLACEMENT_3D('',#9937,#9938,#9939);
#9937 = CARTESIAN_POINT('',(-77.13975302818,-21.96338131414,18.5));
#9938 = DIRECTION('',(0.279829014031,-0.960049854386,0.));
#9939 = DIRECTION('',(0.,0.,1.));
#9940 = ADVANCED_FACE('',(#9941),#9967,.T.);
#9941 = FACE_BOUND('',#9942,.T.);
#9942 = EDGE_LOOP('',(#9943,#9951,#9960,#9966));
#9943 = ORIENTED_EDGE('',*,*,#9944,.F.);
#9944 = EDGE_CURVE('',#9945,#2147,#9947,.T.);
#9945 = VERTEX_POINT('',#9946);
#9946 = CARTESIAN_POINT('',(-76.73233684822,-26.57514059814,18.5));
#9947 = LINE('',#9948,#9949);
#9948 = CARTESIAN_POINT('',(-75.78686437337,-26.25419593992,18.5));
#9949 = VECTOR('',#9950,1.);
#9950 = DIRECTION('',(-0.946930129495,-0.321439465303,0.));
#9951 = ORIENTED_EDGE('',*,*,#9952,.F.);
#9952 = EDGE_CURVE('',#9953,#9945,#9955,.T.);
#9953 = VERTEX_POINT('',#9954);
#9954 = CARTESIAN_POINT('',(-77.05377631352,-25.62821046865,18.5));
#9955 = CIRCLE('',#9956,81.204);
#9956 = AXIS2_PLACEMENT_3D('',#9957,#9958,#9959);
#9957 = CARTESIAN_POINT('',(0.,0.,18.5));
#9958 = DIRECTION('',(0.,0.,1.));
#9959 = DIRECTION('',(1.,0.,-0.));
#9960 = ORIENTED_EDGE('',*,*,#9961,.T.);
#9961 = EDGE_CURVE('',#9953,#2145,#9962,.T.);
#9962 = LINE('',#9963,#9964);
#9963 = CARTESIAN_POINT('',(-76.10830383867,-25.30726581042,18.5));
#9964 = VECTOR('',#9965,1.);
#9965 = DIRECTION('',(-0.946930129495,-0.321439465303,0.));
#9966 = ORIENTED_EDGE('',*,*,#2144,.T.);
#9967 = PLANE('',#9968);
#9968 = AXIS2_PLACEMENT_3D('',#9969,#9970,#9971);
#9969 = CARTESIAN_POINT('',(-76.10830383867,-25.30726581042,18.5));
#9970 = DIRECTION('',(0.,0.,1.));
#9971 = DIRECTION('',(-0.946930129495,-0.321439465303,0.));
#9972 = ADVANCED_FACE('',(#9973),#9991,.F.);
#9973 = FACE_BOUND('',#9974,.F.);
#9974 = EDGE_LOOP('',(#9975,#9976,#9984,#9990));
#9975 = ORIENTED_EDGE('',*,*,#9944,.F.);
#9976 = ORIENTED_EDGE('',*,*,#9977,.T.);
#9977 = EDGE_CURVE('',#9945,#9978,#9980,.T.);
#9978 = VERTEX_POINT('',#9979);
#9979 = CARTESIAN_POINT('',(-76.73233684822,-26.57514059814,23.));
#9980 = LINE('',#9981,#9982);
#9981 = CARTESIAN_POINT('',(-76.73233684822,-26.57514059814,7.99));
#9982 = VECTOR('',#9983,1.);
#9983 = DIRECTION('',(0.,0.,1.));
#9984 = ORIENTED_EDGE('',*,*,#9985,.T.);
#9985 = EDGE_CURVE('',#9978,#2164,#9986,.T.);
#9986 = LINE('',#9987,#9988);
#9987 = CARTESIAN_POINT('',(-75.78686437337,-26.25419593992,23.));
#9988 = VECTOR('',#9989,1.);
#9989 = DIRECTION('',(-0.946930129495,-0.321439465303,0.));
#9990 = ORIENTED_EDGE('',*,*,#2172,.F.);
#9991 = PLANE('',#9992);
#9992 = AXIS2_PLACEMENT_3D('',#9993,#9994,#9995);
#9993 = CARTESIAN_POINT('',(-75.78686437337,-26.25419593992,18.5));
#9994 = DIRECTION('',(0.321439465303,-0.946930129495,0.));
#9995 = DIRECTION('',(0.,0.,1.));
#9996 = ADVANCED_FACE('',(#9997),#10016,.F.);
#9997 = FACE_BOUND('',#9998,.F.);
#9998 = EDGE_LOOP('',(#9999,#10000,#10009,#10015));
#9999 = ORIENTED_EDGE('',*,*,#9985,.F.);
#10000 = ORIENTED_EDGE('',*,*,#10001,.F.);
#10001 = EDGE_CURVE('',#10002,#9978,#10004,.T.);
#10002 = VERTEX_POINT('',#10003);
#10003 = CARTESIAN_POINT('',(-77.05377631352,-25.62821046865,23.));
#10004 = CIRCLE('',#10005,81.204);
#10005 = AXIS2_PLACEMENT_3D('',#10006,#10007,#10008);
#10006 = CARTESIAN_POINT('',(0.,0.,23.));
#10007 = DIRECTION('',(0.,0.,1.));
#10008 = DIRECTION('',(1.,0.,-0.));
#10009 = ORIENTED_EDGE('',*,*,#10010,.T.);
#10010 = EDGE_CURVE('',#10002,#2156,#10011,.T.);
#10011 = LINE('',#10012,#10013);
#10012 = CARTESIAN_POINT('',(-76.10830383867,-25.30726581042,23.));
#10013 = VECTOR('',#10014,1.);
#10014 = DIRECTION('',(-0.946930129495,-0.321439465303,0.));
#10015 = ORIENTED_EDGE('',*,*,#2163,.T.);
#10016 = PLANE('',#10017);
#10017 = AXIS2_PLACEMENT_3D('',#10018,#10019,#10020);
#10018 = CARTESIAN_POINT('',(-76.10830383867,-25.30726581042,23.));
#10019 = DIRECTION('',(0.,0.,1.));
#10020 = DIRECTION('',(-0.946930129495,-0.321439465303,0.));
#10021 = ADVANCED_FACE('',(#10022),#10033,.T.);
#10022 = FACE_BOUND('',#10023,.T.);
#10023 = EDGE_LOOP('',(#10024,#10025,#10031,#10032));
#10024 = ORIENTED_EDGE('',*,*,#9961,.F.);
#10025 = ORIENTED_EDGE('',*,*,#10026,.T.);
#10026 = EDGE_CURVE('',#9953,#10002,#10027,.T.);
#10027 = LINE('',#10028,#10029);
#10028 = CARTESIAN_POINT('',(-77.05377631352,-25.62821046865,7.99));
#10029 = VECTOR('',#10030,1.);
#10030 = DIRECTION('',(0.,0.,1.));
#10031 = ORIENTED_EDGE('',*,*,#10010,.T.);
#10032 = ORIENTED_EDGE('',*,*,#2155,.F.);
#10033 = PLANE('',#10034);
#10034 = AXIS2_PLACEMENT_3D('',#10035,#10036,#10037);
#10035 = CARTESIAN_POINT('',(-76.10830383867,-25.30726581042,18.5));
#10036 = DIRECTION('',(0.321439465303,-0.946930129495,0.));
#10037 = DIRECTION('',(0.,0.,1.));
#10038 = ADVANCED_FACE('',(#10039),#10065,.T.);
#10039 = FACE_BOUND('',#10040,.T.);
#10040 = EDGE_LOOP('',(#10041,#10049,#10058,#10064));
#10041 = ORIENTED_EDGE('',*,*,#10042,.F.);
#10042 = EDGE_CURVE('',#10043,#2183,#10045,.T.);
#10043 = VERTEX_POINT('',#10044);
#10044 = CARTESIAN_POINT('',(-75.50011331399,-29.89686447729,18.5));
#10045 = LINE('',#10046,#10047);
#10046 = CARTESIAN_POINT('',(-74.56954012881,-29.53498435714,18.5));
#10047 = VECTOR('',#10048,1.);
#10048 = DIRECTION('',(-0.932007869283,-0.362438038284,0.));
#10049 = ORIENTED_EDGE('',*,*,#10050,.F.);
#10050 = EDGE_CURVE('',#10051,#10043,#10053,.T.);
#10051 = VERTEX_POINT('',#10052);
#10052 = CARTESIAN_POINT('',(-75.86255135227,-28.96485660801,18.5));
#10053 = CIRCLE('',#10054,81.204);
#10054 = AXIS2_PLACEMENT_3D('',#10055,#10056,#10057);
#10055 = CARTESIAN_POINT('',(0.,0.,18.5));
#10056 = DIRECTION('',(0.,0.,1.));
#10057 = DIRECTION('',(1.,0.,-0.));
#10058 = ORIENTED_EDGE('',*,*,#10059,.T.);
#10059 = EDGE_CURVE('',#10051,#2181,#10060,.T.);
#10060 = LINE('',#10061,#10062);
#10061 = CARTESIAN_POINT('',(-74.93197816709,-28.60297648786,18.5));
#10062 = VECTOR('',#10063,1.);
#10063 = DIRECTION('',(-0.932007869283,-0.362438038284,0.));
#10064 = ORIENTED_EDGE('',*,*,#2180,.T.);
#10065 = PLANE('',#10066);
#10066 = AXIS2_PLACEMENT_3D('',#10067,#10068,#10069);
#10067 = CARTESIAN_POINT('',(-74.93197816709,-28.60297648786,18.5));
#10068 = DIRECTION('',(0.,0.,1.));
#10069 = DIRECTION('',(-0.932007869283,-0.362438038284,0.));
#10070 = ADVANCED_FACE('',(#10071),#10089,.F.);
#10071 = FACE_BOUND('',#10072,.F.);
#10072 = EDGE_LOOP('',(#10073,#10074,#10082,#10088));
#10073 = ORIENTED_EDGE('',*,*,#10042,.F.);
#10074 = ORIENTED_EDGE('',*,*,#10075,.T.);
#10075 = EDGE_CURVE('',#10043,#10076,#10078,.T.);
#10076 = VERTEX_POINT('',#10077);
#10077 = CARTESIAN_POINT('',(-75.50011331399,-29.89686447729,23.));
#10078 = LINE('',#10079,#10080);
#10079 = CARTESIAN_POINT('',(-75.50011331399,-29.89686447729,7.99));
#10080 = VECTOR('',#10081,1.);
#10081 = DIRECTION('',(0.,0.,1.));
#10082 = ORIENTED_EDGE('',*,*,#10083,.T.);
#10083 = EDGE_CURVE('',#10076,#2200,#10084,.T.);
#10084 = LINE('',#10085,#10086);
#10085 = CARTESIAN_POINT('',(-74.56954012881,-29.53498435714,23.));
#10086 = VECTOR('',#10087,1.);
#10087 = DIRECTION('',(-0.932007869283,-0.362438038284,0.));
#10088 = ORIENTED_EDGE('',*,*,#2208,.F.);
#10089 = PLANE('',#10090);
#10090 = AXIS2_PLACEMENT_3D('',#10091,#10092,#10093);
#10091 = CARTESIAN_POINT('',(-74.56954012881,-29.53498435714,18.5));
#10092 = DIRECTION('',(0.362438038284,-0.932007869283,0.));
#10093 = DIRECTION('',(0.,0.,1.));
#10094 = ADVANCED_FACE('',(#10095),#10114,.F.);
#10095 = FACE_BOUND('',#10096,.F.);
#10096 = EDGE_LOOP('',(#10097,#10098,#10107,#10113));
#10097 = ORIENTED_EDGE('',*,*,#10083,.F.);
#10098 = ORIENTED_EDGE('',*,*,#10099,.F.);
#10099 = EDGE_CURVE('',#10100,#10076,#10102,.T.);
#10100 = VERTEX_POINT('',#10101);
#10101 = CARTESIAN_POINT('',(-75.86255135227,-28.96485660801,23.));
#10102 = CIRCLE('',#10103,81.204);
#10103 = AXIS2_PLACEMENT_3D('',#10104,#10105,#10106);
#10104 = CARTESIAN_POINT('',(0.,0.,23.));
#10105 = DIRECTION('',(0.,0.,1.));
#10106 = DIRECTION('',(1.,0.,-0.));
#10107 = ORIENTED_EDGE('',*,*,#10108,.T.);
#10108 = EDGE_CURVE('',#10100,#2192,#10109,.T.);
#10109 = LINE('',#10110,#10111);
#10110 = CARTESIAN_POINT('',(-74.93197816709,-28.60297648786,23.));
#10111 = VECTOR('',#10112,1.);
#10112 = DIRECTION('',(-0.932007869283,-0.362438038284,0.));
#10113 = ORIENTED_EDGE('',*,*,#2199,.T.);
#10114 = PLANE('',#10115);
#10115 = AXIS2_PLACEMENT_3D('',#10116,#10117,#10118);
#10116 = CARTESIAN_POINT('',(-74.93197816709,-28.60297648786,23.));
#10117 = DIRECTION('',(0.,0.,1.));
#10118 = DIRECTION('',(-0.932007869283,-0.362438038284,0.));
#10119 = ADVANCED_FACE('',(#10120),#10131,.T.);
#10120 = FACE_BOUND('',#10121,.T.);
#10121 = EDGE_LOOP('',(#10122,#10123,#10129,#10130));
#10122 = ORIENTED_EDGE('',*,*,#10059,.F.);
#10123 = ORIENTED_EDGE('',*,*,#10124,.T.);
#10124 = EDGE_CURVE('',#10051,#10100,#10125,.T.);
#10125 = LINE('',#10126,#10127);
#10126 = CARTESIAN_POINT('',(-75.86255135227,-28.96485660801,7.99));
#10127 = VECTOR('',#10128,1.);
#10128 = DIRECTION('',(0.,0.,1.));
#10129 = ORIENTED_EDGE('',*,*,#10108,.T.);
#10130 = ORIENTED_EDGE('',*,*,#2191,.F.);
#10131 = PLANE('',#10132);
#10132 = AXIS2_PLACEMENT_3D('',#10133,#10134,#10135);
#10133 = CARTESIAN_POINT('',(-74.93197816709,-28.60297648786,18.5));
#10134 = DIRECTION('',(0.362438038284,-0.932007869283,0.));
#10135 = DIRECTION('',(0.,0.,1.));
#10136 = ADVANCED_FACE('',(#10137),#10163,.T.);
#10137 = FACE_BOUND('',#10138,.T.);
#10138 = EDGE_LOOP('',(#10139,#10147,#10156,#10162));
#10139 = ORIENTED_EDGE('',*,*,#10140,.F.);
#10140 = EDGE_CURVE('',#10141,#2219,#10143,.T.);
#10141 = VERTEX_POINT('',#10142);
#10142 = CARTESIAN_POINT('',(-74.12417102293,-33.16167797568,18.5));
#10143 = LINE('',#10144,#10145);
#10144 = CARTESIAN_POINT('',(-73.21026852636,-32.75955125299,18.5));
#10145 = VECTOR('',#10146,1.);
#10146 = DIRECTION('',(-0.915311479119,-0.402746689859,0.));
#10147 = ORIENTED_EDGE('',*,*,#10148,.F.);
#10148 = EDGE_CURVE('',#10149,#10141,#10151,.T.);
#10149 = VERTEX_POINT('',#10150);
#10150 = CARTESIAN_POINT('',(-74.52691771279,-32.24636649656,18.5));
#10151 = CIRCLE('',#10152,81.204);
#10152 = AXIS2_PLACEMENT_3D('',#10153,#10154,#10155);
#10153 = CARTESIAN_POINT('',(0.,0.,18.5));
#10154 = DIRECTION('',(0.,0.,1.));
#10155 = DIRECTION('',(1.,0.,-0.));
#10156 = ORIENTED_EDGE('',*,*,#10157,.T.);
#10157 = EDGE_CURVE('',#10149,#2217,#10158,.T.);
#10158 = LINE('',#10159,#10160);
#10159 = CARTESIAN_POINT('',(-73.61301521622,-31.84423977387,18.5));
#10160 = VECTOR('',#10161,1.);
#10161 = DIRECTION('',(-0.915311479119,-0.402746689859,0.));
#10162 = ORIENTED_EDGE('',*,*,#2216,.T.);
#10163 = PLANE('',#10164);
#10164 = AXIS2_PLACEMENT_3D('',#10165,#10166,#10167);
#10165 = CARTESIAN_POINT('',(-73.61301521622,-31.84423977387,18.5));
#10166 = DIRECTION('',(0.,0.,1.));
#10167 = DIRECTION('',(-0.915311479119,-0.402746689859,0.));
#10168 = ADVANCED_FACE('',(#10169),#10187,.F.);
#10169 = FACE_BOUND('',#10170,.F.);
#10170 = EDGE_LOOP('',(#10171,#10172,#10180,#10186));
#10171 = ORIENTED_EDGE('',*,*,#10140,.F.);
#10172 = ORIENTED_EDGE('',*,*,#10173,.T.);
#10173 = EDGE_CURVE('',#10141,#10174,#10176,.T.);
#10174 = VERTEX_POINT('',#10175);
#10175 = CARTESIAN_POINT('',(-74.12417102293,-33.16167797568,23.));
#10176 = LINE('',#10177,#10178);
#10177 = CARTESIAN_POINT('',(-74.12417102293,-33.16167797568,7.99));
#10178 = VECTOR('',#10179,1.);
#10179 = DIRECTION('',(0.,0.,1.));
#10180 = ORIENTED_EDGE('',*,*,#10181,.T.);
#10181 = EDGE_CURVE('',#10174,#2236,#10182,.T.);
#10182 = LINE('',#10183,#10184);
#10183 = CARTESIAN_POINT('',(-73.21026852636,-32.75955125299,23.));
#10184 = VECTOR('',#10185,1.);
#10185 = DIRECTION('',(-0.915311479119,-0.402746689859,0.));
#10186 = ORIENTED_EDGE('',*,*,#2244,.F.);
#10187 = PLANE('',#10188);
#10188 = AXIS2_PLACEMENT_3D('',#10189,#10190,#10191);
#10189 = CARTESIAN_POINT('',(-73.21026852636,-32.75955125299,18.5));
#10190 = DIRECTION('',(0.402746689859,-0.915311479119,0.));
#10191 = DIRECTION('',(0.,0.,1.));
#10192 = ADVANCED_FACE('',(#10193),#10212,.F.);
#10193 = FACE_BOUND('',#10194,.F.);
#10194 = EDGE_LOOP('',(#10195,#10196,#10205,#10211));
#10195 = ORIENTED_EDGE('',*,*,#10181,.F.);
#10196 = ORIENTED_EDGE('',*,*,#10197,.F.);
#10197 = EDGE_CURVE('',#10198,#10174,#10200,.T.);
#10198 = VERTEX_POINT('',#10199);
#10199 = CARTESIAN_POINT('',(-74.52691771279,-32.24636649656,23.));
#10200 = CIRCLE('',#10201,81.204);
#10201 = AXIS2_PLACEMENT_3D('',#10202,#10203,#10204);
#10202 = CARTESIAN_POINT('',(0.,0.,23.));
#10203 = DIRECTION('',(0.,0.,1.));
#10204 = DIRECTION('',(1.,0.,-0.));
#10205 = ORIENTED_EDGE('',*,*,#10206,.T.);
#10206 = EDGE_CURVE('',#10198,#2228,#10207,.T.);
#10207 = LINE('',#10208,#10209);
#10208 = CARTESIAN_POINT('',(-73.61301521622,-31.84423977387,23.));
#10209 = VECTOR('',#10210,1.);
#10210 = DIRECTION('',(-0.915311479119,-0.402746689859,0.));
#10211 = ORIENTED_EDGE('',*,*,#2235,.T.);
#10212 = PLANE('',#10213);
#10213 = AXIS2_PLACEMENT_3D('',#10214,#10215,#10216);
#10214 = CARTESIAN_POINT('',(-73.61301521622,-31.84423977387,23.));
#10215 = DIRECTION('',(0.,0.,1.));
#10216 = DIRECTION('',(-0.915311479119,-0.402746689859,0.));
#10217 = ADVANCED_FACE('',(#10218),#10229,.T.);
#10218 = FACE_BOUND('',#10219,.T.);
#10219 = EDGE_LOOP('',(#10220,#10221,#10227,#10228));
#10220 = ORIENTED_EDGE('',*,*,#10157,.F.);
#10221 = ORIENTED_EDGE('',*,*,#10222,.T.);
#10222 = EDGE_CURVE('',#10149,#10198,#10223,.T.);
#10223 = LINE('',#10224,#10225);
#10224 = CARTESIAN_POINT('',(-74.52691771279,-32.24636649656,7.99));
#10225 = VECTOR('',#10226,1.);
#10226 = DIRECTION('',(0.,0.,1.));
#10227 = ORIENTED_EDGE('',*,*,#10206,.T.);
#10228 = ORIENTED_EDGE('',*,*,#2227,.F.);
#10229 = PLANE('',#10230);
#10230 = AXIS2_PLACEMENT_3D('',#10231,#10232,#10233);
#10231 = CARTESIAN_POINT('',(-73.61301521622,-31.84423977387,18.5));
#10232 = DIRECTION('',(0.402746689859,-0.915311479119,0.));
#10233 = DIRECTION('',(0.,0.,1.));
#10234 = ADVANCED_FACE('',(#10235),#10261,.T.);
#10235 = FACE_BOUND('',#10236,.T.);
#10236 = EDGE_LOOP('',(#10237,#10245,#10254,#10260));
#10237 = ORIENTED_EDGE('',*,*,#10238,.F.);
#10238 = EDGE_CURVE('',#10239,#2255,#10241,.T.);
#10239 = VERTEX_POINT('',#10240);
#10240 = CARTESIAN_POINT('',(-72.60712915938,-36.36336633526,18.5));
#10241 = LINE('',#10242,#10243);
#10242 = CARTESIAN_POINT('',(-71.71163701677,-35.92175848109,18.5));
#10243 = VECTOR('',#10244,1.);
#10244 = DIRECTION('',(-0.896872741533,-0.442288690219,0.));
#10245 = ORIENTED_EDGE('',*,*,#10246,.F.);
#10246 = EDGE_CURVE('',#10247,#10239,#10249,.T.);
#10247 = VERTEX_POINT('',#10248);
#10248 = CARTESIAN_POINT('',(-73.0494178496,-35.46649359373,18.5));
#10249 = CIRCLE('',#10250,81.204);
#10250 = AXIS2_PLACEMENT_3D('',#10251,#10252,#10253);
#10251 = CARTESIAN_POINT('',(0.,0.,18.5));
#10252 = DIRECTION('',(0.,0.,1.));
#10253 = DIRECTION('',(1.,0.,-0.));
#10254 = ORIENTED_EDGE('',*,*,#10255,.T.);
#10255 = EDGE_CURVE('',#10247,#2253,#10256,.T.);
#10256 = LINE('',#10257,#10258);
#10257 = CARTESIAN_POINT('',(-72.15392570699,-35.02488573955,18.5));
#10258 = VECTOR('',#10259,1.);
#10259 = DIRECTION('',(-0.896872741533,-0.442288690219,0.));
#10260 = ORIENTED_EDGE('',*,*,#2252,.T.);
#10261 = PLANE('',#10262);
#10262 = AXIS2_PLACEMENT_3D('',#10263,#10264,#10265);
#10263 = CARTESIAN_POINT('',(-72.15392570699,-35.02488573955,18.5));
#10264 = DIRECTION('',(0.,0.,1.));
#10265 = DIRECTION('',(-0.896872741533,-0.442288690219,0.));
#10266 = ADVANCED_FACE('',(#10267),#10285,.F.);
#10267 = FACE_BOUND('',#10268,.F.);
#10268 = EDGE_LOOP('',(#10269,#10270,#10278,#10284));
#10269 = ORIENTED_EDGE('',*,*,#10238,.F.);
#10270 = ORIENTED_EDGE('',*,*,#10271,.T.);
#10271 = EDGE_CURVE('',#10239,#10272,#10274,.T.);
#10272 = VERTEX_POINT('',#10273);
#10273 = CARTESIAN_POINT('',(-72.60712915938,-36.36336633526,23.));
#10274 = LINE('',#10275,#10276);
#10275 = CARTESIAN_POINT('',(-72.60712915938,-36.36336633526,7.99));
#10276 = VECTOR('',#10277,1.);
#10277 = DIRECTION('',(0.,0.,1.));
#10278 = ORIENTED_EDGE('',*,*,#10279,.T.);
#10279 = EDGE_CURVE('',#10272,#2272,#10280,.T.);
#10280 = LINE('',#10281,#10282);
#10281 = CARTESIAN_POINT('',(-71.71163701677,-35.92175848109,23.));
#10282 = VECTOR('',#10283,1.);
#10283 = DIRECTION('',(-0.896872741533,-0.442288690219,0.));
#10284 = ORIENTED_EDGE('',*,*,#2280,.F.);
#10285 = PLANE('',#10286);
#10286 = AXIS2_PLACEMENT_3D('',#10287,#10288,#10289);
#10287 = CARTESIAN_POINT('',(-71.71163701677,-35.92175848109,18.5));
#10288 = DIRECTION('',(0.442288690219,-0.896872741533,0.));
#10289 = DIRECTION('',(0.,0.,1.));
#10290 = ADVANCED_FACE('',(#10291),#10310,.F.);
#10291 = FACE_BOUND('',#10292,.F.);
#10292 = EDGE_LOOP('',(#10293,#10294,#10303,#10309));
#10293 = ORIENTED_EDGE('',*,*,#10279,.F.);
#10294 = ORIENTED_EDGE('',*,*,#10295,.F.);
#10295 = EDGE_CURVE('',#10296,#10272,#10298,.T.);
#10296 = VERTEX_POINT('',#10297);
#10297 = CARTESIAN_POINT('',(-73.0494178496,-35.46649359373,23.));
#10298 = CIRCLE('',#10299,81.204);
#10299 = AXIS2_PLACEMENT_3D('',#10300,#10301,#10302);
#10300 = CARTESIAN_POINT('',(0.,0.,23.));
#10301 = DIRECTION('',(0.,0.,1.));
#10302 = DIRECTION('',(1.,0.,-0.));
#10303 = ORIENTED_EDGE('',*,*,#10304,.T.);
#10304 = EDGE_CURVE('',#10296,#2264,#10305,.T.);
#10305 = LINE('',#10306,#10307);
#10306 = CARTESIAN_POINT('',(-72.15392570699,-35.02488573955,23.));
#10307 = VECTOR('',#10308,1.);
#10308 = DIRECTION('',(-0.896872741533,-0.442288690219,0.));
#10309 = ORIENTED_EDGE('',*,*,#2271,.T.);
#10310 = PLANE('',#10311);
#10311 = AXIS2_PLACEMENT_3D('',#10312,#10313,#10314);
#10312 = CARTESIAN_POINT('',(-72.15392570699,-35.02488573955,23.));
#10313 = DIRECTION('',(0.,0.,1.));
#10314 = DIRECTION('',(-0.896872741533,-0.442288690219,0.));
#10315 = ADVANCED_FACE('',(#10316),#10327,.T.);
#10316 = FACE_BOUND('',#10317,.T.);
#10317 = EDGE_LOOP('',(#10318,#10319,#10325,#10326));
#10318 = ORIENTED_EDGE('',*,*,#10255,.F.);
#10319 = ORIENTED_EDGE('',*,*,#10320,.T.);
#10320 = EDGE_CURVE('',#10247,#10296,#10321,.T.);
#10321 = LINE('',#10322,#10323);
#10322 = CARTESIAN_POINT('',(-73.0494178496,-35.46649359373,7.99));
#10323 = VECTOR('',#10324,1.);
#10324 = DIRECTION('',(0.,0.,1.));
#10325 = ORIENTED_EDGE('',*,*,#10304,.T.);
#10326 = ORIENTED_EDGE('',*,*,#2263,.F.);
#10327 = PLANE('',#10328);
#10328 = AXIS2_PLACEMENT_3D('',#10329,#10330,#10331);
#10329 = CARTESIAN_POINT('',(-72.15392570699,-35.02488573955,18.5));
#10330 = DIRECTION('',(0.442288690219,-0.896872741533,0.));
#10331 = DIRECTION('',(0.,0.,1.));
#10332 = ADVANCED_FACE('',(#10333),#10359,.T.);
#10333 = FACE_BOUND('',#10334,.T.);
#10334 = EDGE_LOOP('',(#10335,#10343,#10352,#10358));
#10335 = ORIENTED_EDGE('',*,*,#10336,.F.);
#10336 = EDGE_CURVE('',#10337,#2291,#10339,.T.);
#10337 = VERTEX_POINT('',#10338);
#10338 = CARTESIAN_POINT('',(-70.95187549876,-39.49583496026,18.5));
#10339 = LINE('',#10340,#10341);
#10340 = CARTESIAN_POINT('',(-70.0764983303,-39.01558660026,18.5));
#10341 = VECTOR('',#10342,1.);
#10342 = DIRECTION('',(-0.876726755708,-0.480988768919,0.));
#10343 = ORIENTED_EDGE('',*,*,#10344,.F.);
#10344 = EDGE_CURVE('',#10345,#10337,#10347,.T.);
#10345 = VERTEX_POINT('',#10346);
#10346 = CARTESIAN_POINT('',(-71.43286426768,-38.61910820455,18.5));
#10347 = CIRCLE('',#10348,81.204);
#10348 = AXIS2_PLACEMENT_3D('',#10349,#10350,#10351);
#10349 = CARTESIAN_POINT('',(0.,0.,18.5));
#10350 = DIRECTION('',(0.,0.,1.));
#10351 = DIRECTION('',(1.,0.,-0.));
#10352 = ORIENTED_EDGE('',*,*,#10353,.T.);
#10353 = EDGE_CURVE('',#10345,#2289,#10354,.T.);
#10354 = LINE('',#10355,#10356);
#10355 = CARTESIAN_POINT('',(-70.55748709922,-38.13885984455,18.5));
#10356 = VECTOR('',#10357,1.);
#10357 = DIRECTION('',(-0.876726755708,-0.480988768919,0.));
#10358 = ORIENTED_EDGE('',*,*,#2288,.T.);
#10359 = PLANE('',#10360);
#10360 = AXIS2_PLACEMENT_3D('',#10361,#10362,#10363);
#10361 = CARTESIAN_POINT('',(-70.55748709922,-38.13885984455,18.5));
#10362 = DIRECTION('',(0.,0.,1.));
#10363 = DIRECTION('',(-0.876726755708,-0.480988768919,0.));
#10364 = ADVANCED_FACE('',(#10365),#10383,.F.);
#10365 = FACE_BOUND('',#10366,.F.);
#10366 = EDGE_LOOP('',(#10367,#10368,#10376,#10382));
#10367 = ORIENTED_EDGE('',*,*,#10336,.F.);
#10368 = ORIENTED_EDGE('',*,*,#10369,.T.);
#10369 = EDGE_CURVE('',#10337,#10370,#10372,.T.);
#10370 = VERTEX_POINT('',#10371);
#10371 = CARTESIAN_POINT('',(-70.95187549876,-39.49583496026,23.));
#10372 = LINE('',#10373,#10374);
#10373 = CARTESIAN_POINT('',(-70.95187549876,-39.49583496026,7.99));
#10374 = VECTOR('',#10375,1.);
#10375 = DIRECTION('',(0.,0.,1.));
#10376 = ORIENTED_EDGE('',*,*,#10377,.T.);
#10377 = EDGE_CURVE('',#10370,#2308,#10378,.T.);
#10378 = LINE('',#10379,#10380);
#10379 = CARTESIAN_POINT('',(-70.0764983303,-39.01558660026,23.));
#10380 = VECTOR('',#10381,1.);
#10381 = DIRECTION('',(-0.876726755708,-0.480988768919,0.));
#10382 = ORIENTED_EDGE('',*,*,#2316,.F.);
#10383 = PLANE('',#10384);
#10384 = AXIS2_PLACEMENT_3D('',#10385,#10386,#10387);
#10385 = CARTESIAN_POINT('',(-70.0764983303,-39.01558660026,18.5));
#10386 = DIRECTION('',(0.480988768919,-0.876726755708,0.));
#10387 = DIRECTION('',(0.,0.,1.));
#10388 = ADVANCED_FACE('',(#10389),#10408,.F.);
#10389 = FACE_BOUND('',#10390,.F.);
#10390 = EDGE_LOOP('',(#10391,#10392,#10401,#10407));
#10391 = ORIENTED_EDGE('',*,*,#10377,.F.);
#10392 = ORIENTED_EDGE('',*,*,#10393,.F.);
#10393 = EDGE_CURVE('',#10394,#10370,#10396,.T.);
#10394 = VERTEX_POINT('',#10395);
#10395 = CARTESIAN_POINT('',(-71.43286426768,-38.61910820455,23.));
#10396 = CIRCLE('',#10397,81.204);
#10397 = AXIS2_PLACEMENT_3D('',#10398,#10399,#10400);
#10398 = CARTESIAN_POINT('',(0.,0.,23.));
#10399 = DIRECTION('',(0.,0.,1.));
#10400 = DIRECTION('',(1.,0.,-0.));
#10401 = ORIENTED_EDGE('',*,*,#10402,.T.);
#10402 = EDGE_CURVE('',#10394,#2300,#10403,.T.);
#10403 = LINE('',#10404,#10405);
#10404 = CARTESIAN_POINT('',(-70.55748709922,-38.13885984455,23.));
#10405 = VECTOR('',#10406,1.);
#10406 = DIRECTION('',(-0.876726755708,-0.480988768919,0.));
#10407 = ORIENTED_EDGE('',*,*,#2307,.T.);
#10408 = PLANE('',#10409);
#10409 = AXIS2_PLACEMENT_3D('',#10410,#10411,#10412);
#10410 = CARTESIAN_POINT('',(-70.55748709922,-38.13885984455,23.));
#10411 = DIRECTION('',(0.,0.,1.));
#10412 = DIRECTION('',(-0.876726755708,-0.480988768919,0.));
#10413 = ADVANCED_FACE('',(#10414),#10425,.T.);
#10414 = FACE_BOUND('',#10415,.T.);
#10415 = EDGE_LOOP('',(#10416,#10417,#10423,#10424));
#10416 = ORIENTED_EDGE('',*,*,#10353,.F.);
#10417 = ORIENTED_EDGE('',*,*,#10418,.T.);
#10418 = EDGE_CURVE('',#10345,#10394,#10419,.T.);
#10419 = LINE('',#10420,#10421);
#10420 = CARTESIAN_POINT('',(-71.43286426768,-38.61910820455,7.99));
#10421 = VECTOR('',#10422,1.);
#10422 = DIRECTION('',(0.,0.,1.));
#10423 = ORIENTED_EDGE('',*,*,#10402,.T.);
#10424 = ORIENTED_EDGE('',*,*,#2299,.F.);
#10425 = PLANE('',#10426);
#10426 = AXIS2_PLACEMENT_3D('',#10427,#10428,#10429);
#10427 = CARTESIAN_POINT('',(-70.55748709922,-38.13885984455,18.5));
#10428 = DIRECTION('',(0.480988768919,-0.876726755708,0.));
#10429 = DIRECTION('',(0.,0.,1.));
#10430 = ADVANCED_FACE('',(#10431),#10457,.T.);
#10431 = FACE_BOUND('',#10432,.T.);
#10432 = EDGE_LOOP('',(#10433,#10441,#10450,#10456));
#10433 = ORIENTED_EDGE('',*,*,#10434,.F.);
#10434 = EDGE_CURVE('',#10435,#2327,#10437,.T.);
#10435 = VERTEX_POINT('',#10436);
#10436 = CARTESIAN_POINT('',(-69.16156091048,-42.55312101861,18.5));
#10437 = LINE('',#10438,#10439);
#10438 = CARTESIAN_POINT('',(-68.30796504637,-42.03514633284,18.5));
#10439 = VECTOR('',#10440,1.);
#10440 = DIRECTION('',(-0.854911870673,-0.518773258161,0.));
#10441 = ORIENTED_EDGE('',*,*,#10442,.F.);
#10442 = EDGE_CURVE('',#10443,#10435,#10445,.T.);
#10443 = VERTEX_POINT('',#10444);
#10444 = CARTESIAN_POINT('',(-69.68033416864,-41.69820914794,18.5));
#10445 = CIRCLE('',#10446,81.204);
#10446 = AXIS2_PLACEMENT_3D('',#10447,#10448,#10449);
#10447 = CARTESIAN_POINT('',(0.,0.,18.5));
#10448 = DIRECTION('',(0.,0.,1.));
#10449 = DIRECTION('',(1.,0.,-0.));
#10450 = ORIENTED_EDGE('',*,*,#10451,.T.);
#10451 = EDGE_CURVE('',#10443,#2325,#10452,.T.);
#10452 = LINE('',#10453,#10454);
#10453 = CARTESIAN_POINT('',(-68.82673830453,-41.18023446217,18.5));
#10454 = VECTOR('',#10455,1.);
#10455 = DIRECTION('',(-0.854911870673,-0.518773258161,0.));
#10456 = ORIENTED_EDGE('',*,*,#2324,.T.);
#10457 = PLANE('',#10458);
#10458 = AXIS2_PLACEMENT_3D('',#10459,#10460,#10461);
#10459 = CARTESIAN_POINT('',(-68.82673830453,-41.18023446217,18.5));
#10460 = DIRECTION('',(0.,0.,1.));
#10461 = DIRECTION('',(-0.854911870673,-0.518773258161,0.));
#10462 = ADVANCED_FACE('',(#10463),#10481,.F.);
#10463 = FACE_BOUND('',#10464,.F.);
#10464 = EDGE_LOOP('',(#10465,#10466,#10474,#10480));
#10465 = ORIENTED_EDGE('',*,*,#10434,.F.);
#10466 = ORIENTED_EDGE('',*,*,#10467,.T.);
#10467 = EDGE_CURVE('',#10435,#10468,#10470,.T.);
#10468 = VERTEX_POINT('',#10469);
#10469 = CARTESIAN_POINT('',(-69.16156091048,-42.55312101861,23.));
#10470 = LINE('',#10471,#10472);
#10471 = CARTESIAN_POINT('',(-69.16156091048,-42.55312101861,7.99));
#10472 = VECTOR('',#10473,1.);
#10473 = DIRECTION('',(0.,0.,1.));
#10474 = ORIENTED_EDGE('',*,*,#10475,.T.);
#10475 = EDGE_CURVE('',#10468,#2344,#10476,.T.);
#10476 = LINE('',#10477,#10478);
#10477 = CARTESIAN_POINT('',(-68.30796504637,-42.03514633284,23.));
#10478 = VECTOR('',#10479,1.);
#10479 = DIRECTION('',(-0.854911870673,-0.518773258161,0.));
#10480 = ORIENTED_EDGE('',*,*,#2352,.F.);
#10481 = PLANE('',#10482);
#10482 = AXIS2_PLACEMENT_3D('',#10483,#10484,#10485);
#10483 = CARTESIAN_POINT('',(-68.30796504637,-42.03514633284,18.5));
#10484 = DIRECTION('',(0.518773258161,-0.854911870673,0.));
#10485 = DIRECTION('',(0.,0.,1.));
#10486 = ADVANCED_FACE('',(#10487),#10506,.F.);
#10487 = FACE_BOUND('',#10488,.F.);
#10488 = EDGE_LOOP('',(#10489,#10490,#10499,#10505));
#10489 = ORIENTED_EDGE('',*,*,#10475,.F.);
#10490 = ORIENTED_EDGE('',*,*,#10491,.F.);
#10491 = EDGE_CURVE('',#10492,#10468,#10494,.T.);
#10492 = VERTEX_POINT('',#10493);
#10493 = CARTESIAN_POINT('',(-69.68033416864,-41.69820914794,23.));
#10494 = CIRCLE('',#10495,81.204);
#10495 = AXIS2_PLACEMENT_3D('',#10496,#10497,#10498);
#10496 = CARTESIAN_POINT('',(0.,0.,23.));
#10497 = DIRECTION('',(0.,0.,1.));
#10498 = DIRECTION('',(1.,0.,-0.));
#10499 = ORIENTED_EDGE('',*,*,#10500,.T.);
#10500 = EDGE_CURVE('',#10492,#2336,#10501,.T.);
#10501 = LINE('',#10502,#10503);
#10502 = CARTESIAN_POINT('',(-68.82673830453,-41.18023446217,23.));
#10503 = VECTOR('',#10504,1.);
#10504 = DIRECTION('',(-0.854911870673,-0.518773258161,0.));
#10505 = ORIENTED_EDGE('',*,*,#2343,.T.);
#10506 = PLANE('',#10507);
#10507 = AXIS2_PLACEMENT_3D('',#10508,#10509,#10510);
#10508 = CARTESIAN_POINT('',(-68.82673830453,-41.18023446217,23.));
#10509 = DIRECTION('',(0.,0.,1.));
#10510 = DIRECTION('',(-0.854911870673,-0.518773258161,0.));
#10511 = ADVANCED_FACE('',(#10512),#10523,.T.);
#10512 = FACE_BOUND('',#10513,.T.);
#10513 = EDGE_LOOP('',(#10514,#10515,#10521,#10522));
#10514 = ORIENTED_EDGE('',*,*,#10451,.F.);
#10515 = ORIENTED_EDGE('',*,*,#10516,.T.);
#10516 = EDGE_CURVE('',#10443,#10492,#10517,.T.);
#10517 = LINE('',#10518,#10519);
#10518 = CARTESIAN_POINT('',(-69.68033416864,-41.69820914794,7.99));
#10519 = VECTOR('',#10520,1.);
#10520 = DIRECTION('',(0.,0.,1.));
#10521 = ORIENTED_EDGE('',*,*,#10500,.T.);
#10522 = ORIENTED_EDGE('',*,*,#2335,.F.);
#10523 = PLANE('',#10524);
#10524 = AXIS2_PLACEMENT_3D('',#10525,#10526,#10527);
#10525 = CARTESIAN_POINT('',(-68.82673830453,-41.18023446217,18.5));
#10526 = DIRECTION('',(0.518773258161,-0.854911870673,0.));
#10527 = DIRECTION('',(0.,0.,1.));
#10528 = ADVANCED_FACE('',(#10529),#10555,.T.);
#10529 = FACE_BOUND('',#10530,.T.);
#10530 = EDGE_LOOP('',(#10531,#10539,#10548,#10554));
#10531 = ORIENTED_EDGE('',*,*,#10532,.F.);
#10532 = EDGE_CURVE('',#10533,#2363,#10535,.T.);
#10533 = VERTEX_POINT('',#10534);
#10534 = CARTESIAN_POINT('',(-67.23959336013,-45.52940479255,18.5));
#10535 = LINE('',#10536,#10537);
#10536 = CARTESIAN_POINT('',(-66.4094036686,-44.97468977525,18.5));
#10537 = VECTOR('',#10538,1.);
#10538 = DIRECTION('',(-0.831469612303,-0.55557023302,0.));
#10539 = ORIENTED_EDGE('',*,*,#10540,.F.);
#10540 = EDGE_CURVE('',#10541,#10533,#10543,.T.);
#10541 = VERTEX_POINT('',#10542);
#10542 = CARTESIAN_POINT('',(-67.79516359315,-44.69793518025,18.5));
#10543 = CIRCLE('',#10544,81.204);
#10544 = AXIS2_PLACEMENT_3D('',#10545,#10546,#10547);
#10545 = CARTESIAN_POINT('',(0.,0.,18.5));
#10546 = DIRECTION('',(0.,0.,1.));
#10547 = DIRECTION('',(1.,0.,-0.));
#10548 = ORIENTED_EDGE('',*,*,#10549,.T.);
#10549 = EDGE_CURVE('',#10541,#2361,#10550,.T.);
#10550 = LINE('',#10551,#10552);
#10551 = CARTESIAN_POINT('',(-66.96497390162,-44.14322016295,18.5));
#10552 = VECTOR('',#10553,1.);
#10553 = DIRECTION('',(-0.831469612303,-0.55557023302,0.));
#10554 = ORIENTED_EDGE('',*,*,#2360,.T.);
#10555 = PLANE('',#10556);
#10556 = AXIS2_PLACEMENT_3D('',#10557,#10558,#10559);
#10557 = CARTESIAN_POINT('',(-66.96497390162,-44.14322016295,18.5));
#10558 = DIRECTION('',(0.,0.,1.));
#10559 = DIRECTION('',(-0.831469612303,-0.55557023302,0.));
#10560 = ADVANCED_FACE('',(#10561),#10579,.F.);
#10561 = FACE_BOUND('',#10562,.F.);
#10562 = EDGE_LOOP('',(#10563,#10564,#10572,#10578));
#10563 = ORIENTED_EDGE('',*,*,#10532,.F.);
#10564 = ORIENTED_EDGE('',*,*,#10565,.T.);
#10565 = EDGE_CURVE('',#10533,#10566,#10568,.T.);
#10566 = VERTEX_POINT('',#10567);
#10567 = CARTESIAN_POINT('',(-67.23959336013,-45.52940479255,23.));
#10568 = LINE('',#10569,#10570);
#10569 = CARTESIAN_POINT('',(-67.23959336013,-45.52940479255,7.99));
#10570 = VECTOR('',#10571,1.);
#10571 = DIRECTION('',(0.,0.,1.));
#10572 = ORIENTED_EDGE('',*,*,#10573,.T.);
#10573 = EDGE_CURVE('',#10566,#2380,#10574,.T.);
#10574 = LINE('',#10575,#10576);
#10575 = CARTESIAN_POINT('',(-66.4094036686,-44.97468977525,23.));
#10576 = VECTOR('',#10577,1.);
#10577 = DIRECTION('',(-0.831469612303,-0.55557023302,0.));
#10578 = ORIENTED_EDGE('',*,*,#2388,.F.);
#10579 = PLANE('',#10580);
#10580 = AXIS2_PLACEMENT_3D('',#10581,#10582,#10583);
#10581 = CARTESIAN_POINT('',(-66.4094036686,-44.97468977525,18.5));
#10582 = DIRECTION('',(0.55557023302,-0.831469612303,0.));
#10583 = DIRECTION('',(0.,0.,1.));
#10584 = ADVANCED_FACE('',(#10585),#10604,.F.);
#10585 = FACE_BOUND('',#10586,.F.);
#10586 = EDGE_LOOP('',(#10587,#10588,#10597,#10603));
#10587 = ORIENTED_EDGE('',*,*,#10573,.F.);
#10588 = ORIENTED_EDGE('',*,*,#10589,.F.);
#10589 = EDGE_CURVE('',#10590,#10566,#10592,.T.);
#10590 = VERTEX_POINT('',#10591);
#10591 = CARTESIAN_POINT('',(-67.79516359315,-44.69793518025,23.));
#10592 = CIRCLE('',#10593,81.204);
#10593 = AXIS2_PLACEMENT_3D('',#10594,#10595,#10596);
#10594 = CARTESIAN_POINT('',(0.,0.,23.));
#10595 = DIRECTION('',(0.,0.,1.));
#10596 = DIRECTION('',(1.,0.,-0.));
#10597 = ORIENTED_EDGE('',*,*,#10598,.T.);
#10598 = EDGE_CURVE('',#10590,#2372,#10599,.T.);
#10599 = LINE('',#10600,#10601);
#10600 = CARTESIAN_POINT('',(-66.96497390162,-44.14322016295,23.));
#10601 = VECTOR('',#10602,1.);
#10602 = DIRECTION('',(-0.831469612303,-0.55557023302,0.));
#10603 = ORIENTED_EDGE('',*,*,#2379,.T.);
#10604 = PLANE('',#10605);
#10605 = AXIS2_PLACEMENT_3D('',#10606,#10607,#10608);
#10606 = CARTESIAN_POINT('',(-66.96497390162,-44.14322016295,23.));
#10607 = DIRECTION('',(0.,0.,1.));
#10608 = DIRECTION('',(-0.831469612303,-0.55557023302,0.));
#10609 = ADVANCED_FACE('',(#10610),#10621,.T.);
#10610 = FACE_BOUND('',#10611,.T.);
#10611 = EDGE_LOOP('',(#10612,#10613,#10619,#10620));
#10612 = ORIENTED_EDGE('',*,*,#10549,.F.);
#10613 = ORIENTED_EDGE('',*,*,#10614,.T.);
#10614 = EDGE_CURVE('',#10541,#10590,#10615,.T.);
#10615 = LINE('',#10616,#10617);
#10616 = CARTESIAN_POINT('',(-67.79516359315,-44.69793518025,7.99));
#10617 = VECTOR('',#10618,1.);
#10618 = DIRECTION('',(0.,0.,1.));
#10619 = ORIENTED_EDGE('',*,*,#10598,.T.);
#10620 = ORIENTED_EDGE('',*,*,#2371,.F.);
#10621 = PLANE('',#10622);
#10622 = AXIS2_PLACEMENT_3D('',#10623,#10624,#10625);
#10623 = CARTESIAN_POINT('',(-66.96497390162,-44.14322016295,18.5));
#10624 = DIRECTION('',(0.55557023302,-0.831469612303,0.));
#10625 = DIRECTION('',(0.,0.,1.));
#10626 = ADVANCED_FACE('',(#10627),#10653,.T.);
#10627 = FACE_BOUND('',#10628,.T.);
#10628 = EDGE_LOOP('',(#10629,#10637,#10646,#10652));
#10629 = ORIENTED_EDGE('',*,*,#10630,.F.);
#10630 = EDGE_CURVE('',#10631,#2399,#10633,.T.);
#10631 = VERTEX_POINT('',#10632);
#10632 = CARTESIAN_POINT('',(-65.18963142216,-48.41902075674,18.5));
#10633 = LINE('',#10634,#10635);
#10634 = CARTESIAN_POINT('',(-64.38442821648,-47.82862133948,18.5));
#10635 = VECTOR('',#10636,1.);
#10636 = DIRECTION('',(-0.806444604267,-0.591309648364,0.));
#10637 = ORIENTED_EDGE('',*,*,#10638,.F.);
#10638 = EDGE_CURVE('',#10639,#10631,#10641,.T.);
#10639 = VERTEX_POINT('',#10640);
#10640 = CARTESIAN_POINT('',(-65.78094107053,-47.61257615247,18.5));
#10641 = CIRCLE('',#10642,81.204);
#10642 = AXIS2_PLACEMENT_3D('',#10643,#10644,#10645);
#10643 = CARTESIAN_POINT('',(0.,0.,18.5));
#10644 = DIRECTION('',(0.,0.,1.));
#10645 = DIRECTION('',(1.,0.,-0.));
#10646 = ORIENTED_EDGE('',*,*,#10647,.T.);
#10647 = EDGE_CURVE('',#10639,#2397,#10648,.T.);
#10648 = LINE('',#10649,#10650);
#10649 = CARTESIAN_POINT('',(-64.97573786485,-47.02217673521,18.5));
#10650 = VECTOR('',#10651,1.);
#10651 = DIRECTION('',(-0.806444604267,-0.591309648364,0.));
#10652 = ORIENTED_EDGE('',*,*,#2396,.T.);
#10653 = PLANE('',#10654);
#10654 = AXIS2_PLACEMENT_3D('',#10655,#10656,#10657);
#10655 = CARTESIAN_POINT('',(-64.97573786485,-47.02217673521,18.5));
#10656 = DIRECTION('',(0.,0.,1.));
#10657 = DIRECTION('',(-0.806444604267,-0.591309648364,0.));
#10658 = ADVANCED_FACE('',(#10659),#10677,.F.);
#10659 = FACE_BOUND('',#10660,.F.);
#10660 = EDGE_LOOP('',(#10661,#10662,#10670,#10676));
#10661 = ORIENTED_EDGE('',*,*,#10630,.F.);
#10662 = ORIENTED_EDGE('',*,*,#10663,.T.);
#10663 = EDGE_CURVE('',#10631,#10664,#10666,.T.);
#10664 = VERTEX_POINT('',#10665);
#10665 = CARTESIAN_POINT('',(-65.18963142216,-48.41902075674,23.));
#10666 = LINE('',#10667,#10668);
#10667 = CARTESIAN_POINT('',(-65.18963142216,-48.41902075674,7.99));
#10668 = VECTOR('',#10669,1.);
#10669 = DIRECTION('',(0.,0.,1.));
#10670 = ORIENTED_EDGE('',*,*,#10671,.T.);
#10671 = EDGE_CURVE('',#10664,#2416,#10672,.T.);
#10672 = LINE('',#10673,#10674);
#10673 = CARTESIAN_POINT('',(-64.38442821648,-47.82862133948,23.));
#10674 = VECTOR('',#10675,1.);
#10675 = DIRECTION('',(-0.806444604267,-0.591309648364,0.));
#10676 = ORIENTED_EDGE('',*,*,#2424,.F.);
#10677 = PLANE('',#10678);
#10678 = AXIS2_PLACEMENT_3D('',#10679,#10680,#10681);
#10679 = CARTESIAN_POINT('',(-64.38442821648,-47.82862133948,18.5));
#10680 = DIRECTION('',(0.591309648364,-0.806444604267,0.));
#10681 = DIRECTION('',(0.,0.,1.));
#10682 = ADVANCED_FACE('',(#10683),#10702,.F.);
#10683 = FACE_BOUND('',#10684,.F.);
#10684 = EDGE_LOOP('',(#10685,#10686,#10695,#10701));
#10685 = ORIENTED_EDGE('',*,*,#10671,.F.);
#10686 = ORIENTED_EDGE('',*,*,#10687,.F.);
#10687 = EDGE_CURVE('',#10688,#10664,#10690,.T.);
#10688 = VERTEX_POINT('',#10689);
#10689 = CARTESIAN_POINT('',(-65.78094107053,-47.61257615247,23.));
#10690 = CIRCLE('',#10691,81.204);
#10691 = AXIS2_PLACEMENT_3D('',#10692,#10693,#10694);
#10692 = CARTESIAN_POINT('',(0.,0.,23.));
#10693 = DIRECTION('',(0.,0.,1.));
#10694 = DIRECTION('',(1.,0.,-0.));
#10695 = ORIENTED_EDGE('',*,*,#10696,.T.);
#10696 = EDGE_CURVE('',#10688,#2408,#10697,.T.);
#10697 = LINE('',#10698,#10699);
#10698 = CARTESIAN_POINT('',(-64.97573786485,-47.02217673521,23.));
#10699 = VECTOR('',#10700,1.);
#10700 = DIRECTION('',(-0.806444604267,-0.591309648364,0.));
#10701 = ORIENTED_EDGE('',*,*,#2415,.T.);
#10702 = PLANE('',#10703);
#10703 = AXIS2_PLACEMENT_3D('',#10704,#10705,#10706);
#10704 = CARTESIAN_POINT('',(-64.97573786485,-47.02217673521,23.));
#10705 = DIRECTION('',(0.,0.,1.));
#10706 = DIRECTION('',(-0.806444604267,-0.591309648364,0.));
#10707 = ADVANCED_FACE('',(#10708),#10719,.T.);
#10708 = FACE_BOUND('',#10709,.T.);
#10709 = EDGE_LOOP('',(#10710,#10711,#10717,#10718));
#10710 = ORIENTED_EDGE('',*,*,#10647,.F.);
#10711 = ORIENTED_EDGE('',*,*,#10712,.T.);
#10712 = EDGE_CURVE('',#10639,#10688,#10713,.T.);
#10713 = LINE('',#10714,#10715);
#10714 = CARTESIAN_POINT('',(-65.78094107053,-47.61257615247,7.99));
#10715 = VECTOR('',#10716,1.);
#10716 = DIRECTION('',(0.,0.,1.));
#10717 = ORIENTED_EDGE('',*,*,#10696,.T.);
#10718 = ORIENTED_EDGE('',*,*,#2407,.F.);
#10719 = PLANE('',#10720);
#10720 = AXIS2_PLACEMENT_3D('',#10721,#10722,#10723);
#10721 = CARTESIAN_POINT('',(-64.97573786485,-47.02217673521,18.5));
#10722 = DIRECTION('',(0.591309648364,-0.806444604267,0.));
#10723 = DIRECTION('',(0.,0.,1.));
#10724 = ADVANCED_FACE('',(#10725),#10751,.T.);
#10725 = FACE_BOUND('',#10726,.T.);
#10726 = EDGE_LOOP('',(#10727,#10735,#10744,#10750));
#10727 = ORIENTED_EDGE('',*,*,#10728,.F.);
#10728 = EDGE_CURVE('',#10729,#2435,#10731,.T.);
#10729 = VERTEX_POINT('',#10730);
#10730 = CARTESIAN_POINT('',(-63.01557731565,-51.21646836296,18.5));
#10731 = LINE('',#10732,#10733);
#10732 = CARTESIAN_POINT('',(-62.23689334588,-50.59150840459,18.5));
#10733 = VECTOR('',#10734,1.);
#10734 = DIRECTION('',(-0.779884483093,-0.625923472184,0.));
#10735 = ORIENTED_EDGE('',*,*,#10736,.F.);
#10736 = EDGE_CURVE('',#10737,#10729,#10739,.T.);
#10737 = VERTEX_POINT('',#10738);
#10738 = CARTESIAN_POINT('',(-63.64150078783,-50.43658387987,18.5));
#10739 = CIRCLE('',#10740,81.204);
#10740 = AXIS2_PLACEMENT_3D('',#10741,#10742,#10743);
#10741 = CARTESIAN_POINT('',(0.,0.,18.5));
#10742 = DIRECTION('',(0.,0.,1.));
#10743 = DIRECTION('',(1.,0.,-0.));
#10744 = ORIENTED_EDGE('',*,*,#10745,.T.);
#10745 = EDGE_CURVE('',#10737,#2433,#10746,.T.);
#10746 = LINE('',#10747,#10748);
#10747 = CARTESIAN_POINT('',(-62.86281681807,-49.8116239215,18.5));
#10748 = VECTOR('',#10749,1.);
#10749 = DIRECTION('',(-0.779884483093,-0.625923472184,0.));
#10750 = ORIENTED_EDGE('',*,*,#2432,.T.);
#10751 = PLANE('',#10752);
#10752 = AXIS2_PLACEMENT_3D('',#10753,#10754,#10755);
#10753 = CARTESIAN_POINT('',(-62.86281681807,-49.8116239215,18.5));
#10754 = DIRECTION('',(0.,0.,1.));
#10755 = DIRECTION('',(-0.779884483093,-0.625923472184,0.));
#10756 = ADVANCED_FACE('',(#10757),#10775,.F.);
#10757 = FACE_BOUND('',#10758,.F.);
#10758 = EDGE_LOOP('',(#10759,#10760,#10768,#10774));
#10759 = ORIENTED_EDGE('',*,*,#10728,.F.);
#10760 = ORIENTED_EDGE('',*,*,#10761,.T.);
#10761 = EDGE_CURVE('',#10729,#10762,#10764,.T.);
#10762 = VERTEX_POINT('',#10763);
#10763 = CARTESIAN_POINT('',(-63.01557731565,-51.21646836296,23.));
#10764 = LINE('',#10765,#10766);
#10765 = CARTESIAN_POINT('',(-63.01557731565,-51.21646836296,7.99));
#10766 = VECTOR('',#10767,1.);
#10767 = DIRECTION('',(0.,0.,1.));
#10768 = ORIENTED_EDGE('',*,*,#10769,.T.);
#10769 = EDGE_CURVE('',#10762,#2452,#10770,.T.);
#10770 = LINE('',#10771,#10772);
#10771 = CARTESIAN_POINT('',(-62.23689334588,-50.59150840459,23.));
#10772 = VECTOR('',#10773,1.);
#10773 = DIRECTION('',(-0.779884483093,-0.625923472184,0.));
#10774 = ORIENTED_EDGE('',*,*,#2460,.F.);
#10775 = PLANE('',#10776);
#10776 = AXIS2_PLACEMENT_3D('',#10777,#10778,#10779);
#10777 = CARTESIAN_POINT('',(-62.23689334588,-50.59150840459,18.5));
#10778 = DIRECTION('',(0.625923472184,-0.779884483093,0.));
#10779 = DIRECTION('',(0.,0.,1.));
#10780 = ADVANCED_FACE('',(#10781),#10800,.F.);
#10781 = FACE_BOUND('',#10782,.F.);
#10782 = EDGE_LOOP('',(#10783,#10784,#10793,#10799));
#10783 = ORIENTED_EDGE('',*,*,#10769,.F.);
#10784 = ORIENTED_EDGE('',*,*,#10785,.F.);
#10785 = EDGE_CURVE('',#10786,#10762,#10788,.T.);
#10786 = VERTEX_POINT('',#10787);
#10787 = CARTESIAN_POINT('',(-63.64150078783,-50.43658387987,23.));
#10788 = CIRCLE('',#10789,81.204);
#10789 = AXIS2_PLACEMENT_3D('',#10790,#10791,#10792);
#10790 = CARTESIAN_POINT('',(0.,0.,23.));
#10791 = DIRECTION('',(0.,0.,1.));
#10792 = DIRECTION('',(1.,0.,-0.));
#10793 = ORIENTED_EDGE('',*,*,#10794,.T.);
#10794 = EDGE_CURVE('',#10786,#2444,#10795,.T.);
#10795 = LINE('',#10796,#10797);
#10796 = CARTESIAN_POINT('',(-62.86281681807,-49.8116239215,23.));
#10797 = VECTOR('',#10798,1.);
#10798 = DIRECTION('',(-0.779884483093,-0.625923472184,0.));
#10799 = ORIENTED_EDGE('',*,*,#2451,.T.);
#10800 = PLANE('',#10801);
#10801 = AXIS2_PLACEMENT_3D('',#10802,#10803,#10804);
#10802 = CARTESIAN_POINT('',(-62.86281681807,-49.8116239215,23.));
#10803 = DIRECTION('',(0.,0.,1.));
#10804 = DIRECTION('',(-0.779884483093,-0.625923472184,0.));
#10805 = ADVANCED_FACE('',(#10806),#10817,.T.);
#10806 = FACE_BOUND('',#10807,.T.);
#10807 = EDGE_LOOP('',(#10808,#10809,#10815,#10816));
#10808 = ORIENTED_EDGE('',*,*,#10745,.F.);
#10809 = ORIENTED_EDGE('',*,*,#10810,.T.);
#10810 = EDGE_CURVE('',#10737,#10786,#10811,.T.);
#10811 = LINE('',#10812,#10813);
#10812 = CARTESIAN_POINT('',(-63.64150078783,-50.43658387987,7.99));
#10813 = VECTOR('',#10814,1.);
#10814 = DIRECTION('',(0.,0.,1.));
#10815 = ORIENTED_EDGE('',*,*,#10794,.T.);
#10816 = ORIENTED_EDGE('',*,*,#2443,.F.);
#10817 = PLANE('',#10818);
#10818 = AXIS2_PLACEMENT_3D('',#10819,#10820,#10821);
#10819 = CARTESIAN_POINT('',(-62.86281681807,-49.8116239215,18.5));
#10820 = DIRECTION('',(0.625923472184,-0.779884483093,0.));
#10821 = DIRECTION('',(0.,0.,1.));
#10822 = ADVANCED_FACE('',(#10823),#10849,.T.);
#10823 = FACE_BOUND('',#10824,.T.);
#10824 = EDGE_LOOP('',(#10825,#10833,#10842,#10848));
#10825 = ORIENTED_EDGE('',*,*,#10826,.F.);
#10826 = EDGE_CURVE('',#10827,#2471,#10829,.T.);
#10827 = VERTEX_POINT('',#10828);
#10828 = CARTESIAN_POINT('',(-60.72156947614,-53.9164225107,18.5));
#10829 = LINE('',#10830,#10831);
#10830 = CARTESIAN_POINT('',(-59.97088701149,-53.25809165802,18.5));
#10831 = VECTOR('',#10832,1.);
#10832 = DIRECTION('',(-0.751839807479,-0.6593458151,0.));
#10833 = ORIENTED_EDGE('',*,*,#10834,.F.);
#10834 = EDGE_CURVE('',#10835,#10827,#10837,.T.);
#10835 = VERTEX_POINT('',#10836);
#10836 = CARTESIAN_POINT('',(-61.38091529124,-53.16458270323,18.5));
#10837 = CIRCLE('',#10838,81.204);
#10838 = AXIS2_PLACEMENT_3D('',#10839,#10840,#10841);
#10839 = CARTESIAN_POINT('',(0.,0.,18.5));
#10840 = DIRECTION('',(0.,0.,1.));
#10841 = DIRECTION('',(1.,0.,-0.));
#10842 = ORIENTED_EDGE('',*,*,#10843,.T.);
#10843 = EDGE_CURVE('',#10835,#2469,#10844,.T.);
#10844 = LINE('',#10845,#10846);
#10845 = CARTESIAN_POINT('',(-60.63023282659,-52.50625185054,18.5));
#10846 = VECTOR('',#10847,1.);
#10847 = DIRECTION('',(-0.751839807479,-0.6593458151,0.));
#10848 = ORIENTED_EDGE('',*,*,#2468,.T.);
#10849 = PLANE('',#10850);
#10850 = AXIS2_PLACEMENT_3D('',#10851,#10852,#10853);
#10851 = CARTESIAN_POINT('',(-60.63023282659,-52.50625185054,18.5));
#10852 = DIRECTION('',(0.,0.,1.));
#10853 = DIRECTION('',(-0.751839807479,-0.6593458151,0.));
#10854 = ADVANCED_FACE('',(#10855),#10873,.F.);
#10855 = FACE_BOUND('',#10856,.F.);
#10856 = EDGE_LOOP('',(#10857,#10858,#10866,#10872));
#10857 = ORIENTED_EDGE('',*,*,#10826,.F.);
#10858 = ORIENTED_EDGE('',*,*,#10859,.T.);
#10859 = EDGE_CURVE('',#10827,#10860,#10862,.T.);
#10860 = VERTEX_POINT('',#10861);
#10861 = CARTESIAN_POINT('',(-60.72156947614,-53.9164225107,23.));
#10862 = LINE('',#10863,#10864);
#10863 = CARTESIAN_POINT('',(-60.72156947614,-53.9164225107,7.99));
#10864 = VECTOR('',#10865,1.);
#10865 = DIRECTION('',(0.,0.,1.));
#10866 = ORIENTED_EDGE('',*,*,#10867,.T.);
#10867 = EDGE_CURVE('',#10860,#2488,#10868,.T.);
#10868 = LINE('',#10869,#10870);
#10869 = CARTESIAN_POINT('',(-59.97088701149,-53.25809165802,23.));
#10870 = VECTOR('',#10871,1.);
#10871 = DIRECTION('',(-0.751839807479,-0.6593458151,0.));
#10872 = ORIENTED_EDGE('',*,*,#2496,.F.);
#10873 = PLANE('',#10874);
#10874 = AXIS2_PLACEMENT_3D('',#10875,#10876,#10877);
#10875 = CARTESIAN_POINT('',(-59.97088701149,-53.25809165802,18.5));
#10876 = DIRECTION('',(0.6593458151,-0.751839807479,0.));
#10877 = DIRECTION('',(0.,0.,1.));
#10878 = ADVANCED_FACE('',(#10879),#10898,.F.);
#10879 = FACE_BOUND('',#10880,.F.);
#10880 = EDGE_LOOP('',(#10881,#10882,#10891,#10897));
#10881 = ORIENTED_EDGE('',*,*,#10867,.F.);
#10882 = ORIENTED_EDGE('',*,*,#10883,.F.);
#10883 = EDGE_CURVE('',#10884,#10860,#10886,.T.);
#10884 = VERTEX_POINT('',#10885);
#10885 = CARTESIAN_POINT('',(-61.38091529124,-53.16458270323,23.));
#10886 = CIRCLE('',#10887,81.204);
#10887 = AXIS2_PLACEMENT_3D('',#10888,#10889,#10890);
#10888 = CARTESIAN_POINT('',(0.,0.,23.));
#10889 = DIRECTION('',(0.,0.,1.));
#10890 = DIRECTION('',(1.,0.,-0.));
#10891 = ORIENTED_EDGE('',*,*,#10892,.T.);
#10892 = EDGE_CURVE('',#10884,#2480,#10893,.T.);
#10893 = LINE('',#10894,#10895);
#10894 = CARTESIAN_POINT('',(-60.63023282659,-52.50625185054,23.));
#10895 = VECTOR('',#10896,1.);
#10896 = DIRECTION('',(-0.751839807479,-0.6593458151,0.));
#10897 = ORIENTED_EDGE('',*,*,#2487,.T.);
#10898 = PLANE('',#10899);
#10899 = AXIS2_PLACEMENT_3D('',#10900,#10901,#10902);
#10900 = CARTESIAN_POINT('',(-60.63023282659,-52.50625185054,23.));
#10901 = DIRECTION('',(0.,0.,1.));
#10902 = DIRECTION('',(-0.751839807479,-0.6593458151,0.));
#10903 = ADVANCED_FACE('',(#10904),#10915,.T.);
#10904 = FACE_BOUND('',#10905,.T.);
#10905 = EDGE_LOOP('',(#10906,#10907,#10913,#10914));
#10906 = ORIENTED_EDGE('',*,*,#10843,.F.);
#10907 = ORIENTED_EDGE('',*,*,#10908,.T.);
#10908 = EDGE_CURVE('',#10835,#10884,#10909,.T.);
#10909 = LINE('',#10910,#10911);
#10910 = CARTESIAN_POINT('',(-61.38091529124,-53.16458270323,7.99));
#10911 = VECTOR('',#10912,1.);
#10912 = DIRECTION('',(0.,0.,1.));
#10913 = ORIENTED_EDGE('',*,*,#10892,.T.);
#10914 = ORIENTED_EDGE('',*,*,#2479,.F.);
#10915 = PLANE('',#10916);
#10916 = AXIS2_PLACEMENT_3D('',#10917,#10918,#10919);
#10917 = CARTESIAN_POINT('',(-60.63023282659,-52.50625185054,18.5));
#10918 = DIRECTION('',(0.6593458151,-0.751839807479,0.));
#10919 = DIRECTION('',(0.,0.,1.));
#10920 = ADVANCED_FACE('',(#10921),#10947,.T.);
#10921 = FACE_BOUND('',#10922,.T.);
#10922 = EDGE_LOOP('',(#10923,#10931,#10940,#10946));
#10923 = ORIENTED_EDGE('',*,*,#10924,.F.);
#10924 = EDGE_CURVE('',#10925,#2507,#10927,.T.);
#10925 = VERTEX_POINT('',#10926);
#10926 = CARTESIAN_POINT('',(-58.31197467795,-56.51374368379,18.5));
#10927 = LINE('',#10928,#10929);
#10928 = CARTESIAN_POINT('',(-57.59072268515,-55.82329510699,18.5));
#10929 = VECTOR('',#10930,1.);
#10930 = DIRECTION('',(-0.72236396206,-0.691513055782,0.));
#10931 = ORIENTED_EDGE('',*,*,#10932,.F.);
#10932 = EDGE_CURVE('',#10933,#10925,#10935,.T.);
#10933 = VERTEX_POINT('',#10934);
#10934 = CARTESIAN_POINT('',(-59.00348773374,-55.79137972173,18.5));
#10935 = CIRCLE('',#10936,81.204);
#10936 = AXIS2_PLACEMENT_3D('',#10937,#10938,#10939);
#10937 = CARTESIAN_POINT('',(0.,0.,18.5));
#10938 = DIRECTION('',(0.,0.,1.));
#10939 = DIRECTION('',(1.,0.,-0.));
#10940 = ORIENTED_EDGE('',*,*,#10941,.T.);
#10941 = EDGE_CURVE('',#10933,#2505,#10942,.T.);
#10942 = LINE('',#10943,#10944);
#10943 = CARTESIAN_POINT('',(-58.28223574093,-55.10093114493,18.5));
#10944 = VECTOR('',#10945,1.);
#10945 = DIRECTION('',(-0.72236396206,-0.691513055782,0.));
#10946 = ORIENTED_EDGE('',*,*,#2504,.T.);
#10947 = PLANE('',#10948);
#10948 = AXIS2_PLACEMENT_3D('',#10949,#10950,#10951);
#10949 = CARTESIAN_POINT('',(-58.28223574093,-55.10093114493,18.5));
#10950 = DIRECTION('',(0.,0.,1.));
#10951 = DIRECTION('',(-0.72236396206,-0.691513055782,0.));
#10952 = ADVANCED_FACE('',(#10953),#10971,.F.);
#10953 = FACE_BOUND('',#10954,.F.);
#10954 = EDGE_LOOP('',(#10955,#10956,#10964,#10970));
#10955 = ORIENTED_EDGE('',*,*,#10924,.F.);
#10956 = ORIENTED_EDGE('',*,*,#10957,.T.);
#10957 = EDGE_CURVE('',#10925,#10958,#10960,.T.);
#10958 = VERTEX_POINT('',#10959);
#10959 = CARTESIAN_POINT('',(-58.31197467795,-56.51374368379,23.));
#10960 = LINE('',#10961,#10962);
#10961 = CARTESIAN_POINT('',(-58.31197467795,-56.51374368379,7.99));
#10962 = VECTOR('',#10963,1.);
#10963 = DIRECTION('',(0.,0.,1.));
#10964 = ORIENTED_EDGE('',*,*,#10965,.T.);
#10965 = EDGE_CURVE('',#10958,#2524,#10966,.T.);
#10966 = LINE('',#10967,#10968);
#10967 = CARTESIAN_POINT('',(-57.59072268515,-55.82329510699,23.));
#10968 = VECTOR('',#10969,1.);
#10969 = DIRECTION('',(-0.72236396206,-0.691513055782,0.));
#10970 = ORIENTED_EDGE('',*,*,#2532,.F.);
#10971 = PLANE('',#10972);
#10972 = AXIS2_PLACEMENT_3D('',#10973,#10974,#10975);
#10973 = CARTESIAN_POINT('',(-57.59072268515,-55.82329510699,18.5));
#10974 = DIRECTION('',(0.691513055782,-0.72236396206,0.));
#10975 = DIRECTION('',(0.,0.,1.));
#10976 = ADVANCED_FACE('',(#10977),#10996,.F.);
#10977 = FACE_BOUND('',#10978,.F.);
#10978 = EDGE_LOOP('',(#10979,#10980,#10989,#10995));
#10979 = ORIENTED_EDGE('',*,*,#10965,.F.);
#10980 = ORIENTED_EDGE('',*,*,#10981,.F.);
#10981 = EDGE_CURVE('',#10982,#10958,#10984,.T.);
#10982 = VERTEX_POINT('',#10983);
#10983 = CARTESIAN_POINT('',(-59.00348773374,-55.79137972173,23.));
#10984 = CIRCLE('',#10985,81.204);
#10985 = AXIS2_PLACEMENT_3D('',#10986,#10987,#10988);
#10986 = CARTESIAN_POINT('',(0.,0.,23.));
#10987 = DIRECTION('',(0.,0.,1.));
#10988 = DIRECTION('',(1.,0.,-0.));
#10989 = ORIENTED_EDGE('',*,*,#10990,.T.);
#10990 = EDGE_CURVE('',#10982,#2516,#10991,.T.);
#10991 = LINE('',#10992,#10993);
#10992 = CARTESIAN_POINT('',(-58.28223574093,-55.10093114493,23.));
#10993 = VECTOR('',#10994,1.);
#10994 = DIRECTION('',(-0.72236396206,-0.691513055782,0.));
#10995 = ORIENTED_EDGE('',*,*,#2523,.T.);
#10996 = PLANE('',#10997);
#10997 = AXIS2_PLACEMENT_3D('',#10998,#10999,#11000);
#10998 = CARTESIAN_POINT('',(-58.28223574093,-55.10093114493,23.));
#10999 = DIRECTION('',(0.,0.,1.));
#11000 = DIRECTION('',(-0.72236396206,-0.691513055782,0.));
#11001 = ADVANCED_FACE('',(#11002),#11013,.T.);
#11002 = FACE_BOUND('',#11003,.T.);
#11003 = EDGE_LOOP('',(#11004,#11005,#11011,#11012));
#11004 = ORIENTED_EDGE('',*,*,#10941,.F.);
#11005 = ORIENTED_EDGE('',*,*,#11006,.T.);
#11006 = EDGE_CURVE('',#10933,#10982,#11007,.T.);
#11007 = LINE('',#11008,#11009);
#11008 = CARTESIAN_POINT('',(-59.00348773374,-55.79137972173,7.99));
#11009 = VECTOR('',#11010,1.);
#11010 = DIRECTION('',(0.,0.,1.));
#11011 = ORIENTED_EDGE('',*,*,#10990,.T.);
#11012 = ORIENTED_EDGE('',*,*,#2515,.F.);
#11013 = PLANE('',#11014);
#11014 = AXIS2_PLACEMENT_3D('',#11015,#11016,#11017);
#11015 = CARTESIAN_POINT('',(-58.28223574093,-55.10093114493,18.5));
#11016 = DIRECTION('',(0.691513055782,-0.72236396206,0.));
#11017 = DIRECTION('',(0.,0.,1.));
#11018 = ADVANCED_FACE('',(#11019),#11045,.T.);
#11019 = FACE_BOUND('',#11020,.T.);
#11020 = EDGE_LOOP('',(#11021,#11029,#11038,#11044));
#11021 = ORIENTED_EDGE('',*,*,#11022,.F.);
#11022 = EDGE_CURVE('',#11023,#2543,#11025,.T.);
#11023 = VERTEX_POINT('',#11024);
#11024 = CARTESIAN_POINT('',(-55.79137972173,-59.00348773374,18.5));
#11025 = LINE('',#11026,#11027);
#11026 = CARTESIAN_POINT('',(-55.10093114493,-58.28223574093,18.5));
#11027 = VECTOR('',#11028,1.);
#11028 = DIRECTION('',(-0.691513055782,-0.72236396206,0.));
#11029 = ORIENTED_EDGE('',*,*,#11030,.F.);
#11030 = EDGE_CURVE('',#11031,#11023,#11033,.T.);
#11031 = VERTEX_POINT('',#11032);
#11032 = CARTESIAN_POINT('',(-56.51374368379,-58.31197467795,18.5));
#11033 = CIRCLE('',#11034,81.204);
#11034 = AXIS2_PLACEMENT_3D('',#11035,#11036,#11037);
#11035 = CARTESIAN_POINT('',(0.,0.,18.5));
#11036 = DIRECTION('',(0.,0.,1.));
#11037 = DIRECTION('',(1.,0.,-0.));
#11038 = ORIENTED_EDGE('',*,*,#11039,.T.);
#11039 = EDGE_CURVE('',#11031,#2541,#11040,.T.);
#11040 = LINE('',#11041,#11042);
#11041 = CARTESIAN_POINT('',(-55.82329510699,-57.59072268514,18.5));
#11042 = VECTOR('',#11043,1.);
#11043 = DIRECTION('',(-0.691513055782,-0.72236396206,0.));
#11044 = ORIENTED_EDGE('',*,*,#2540,.T.);
#11045 = PLANE('',#11046);
#11046 = AXIS2_PLACEMENT_3D('',#11047,#11048,#11049);
#11047 = CARTESIAN_POINT('',(-55.82329510699,-57.59072268514,18.5));
#11048 = DIRECTION('',(0.,0.,1.));
#11049 = DIRECTION('',(-0.691513055782,-0.72236396206,0.));
#11050 = ADVANCED_FACE('',(#11051),#11069,.F.);
#11051 = FACE_BOUND('',#11052,.F.);
#11052 = EDGE_LOOP('',(#11053,#11054,#11062,#11068));
#11053 = ORIENTED_EDGE('',*,*,#11022,.F.);
#11054 = ORIENTED_EDGE('',*,*,#11055,.T.);
#11055 = EDGE_CURVE('',#11023,#11056,#11058,.T.);
#11056 = VERTEX_POINT('',#11057);
#11057 = CARTESIAN_POINT('',(-55.79137972173,-59.00348773374,23.));
#11058 = LINE('',#11059,#11060);
#11059 = CARTESIAN_POINT('',(-55.79137972173,-59.00348773374,7.99));
#11060 = VECTOR('',#11061,1.);
#11061 = DIRECTION('',(0.,0.,1.));
#11062 = ORIENTED_EDGE('',*,*,#11063,.T.);
#11063 = EDGE_CURVE('',#11056,#2560,#11064,.T.);
#11064 = LINE('',#11065,#11066);
#11065 = CARTESIAN_POINT('',(-55.10093114493,-58.28223574093,23.));
#11066 = VECTOR('',#11067,1.);
#11067 = DIRECTION('',(-0.691513055782,-0.72236396206,0.));
#11068 = ORIENTED_EDGE('',*,*,#2568,.F.);
#11069 = PLANE('',#11070);
#11070 = AXIS2_PLACEMENT_3D('',#11071,#11072,#11073);
#11071 = CARTESIAN_POINT('',(-55.10093114493,-58.28223574093,18.5));
#11072 = DIRECTION('',(0.72236396206,-0.691513055782,0.));
#11073 = DIRECTION('',(0.,0.,1.));
#11074 = ADVANCED_FACE('',(#11075),#11094,.F.);
#11075 = FACE_BOUND('',#11076,.F.);
#11076 = EDGE_LOOP('',(#11077,#11078,#11087,#11093));
#11077 = ORIENTED_EDGE('',*,*,#11063,.F.);
#11078 = ORIENTED_EDGE('',*,*,#11079,.F.);
#11079 = EDGE_CURVE('',#11080,#11056,#11082,.T.);
#11080 = VERTEX_POINT('',#11081);
#11081 = CARTESIAN_POINT('',(-56.51374368379,-58.31197467795,23.));
#11082 = CIRCLE('',#11083,81.204);
#11083 = AXIS2_PLACEMENT_3D('',#11084,#11085,#11086);
#11084 = CARTESIAN_POINT('',(0.,0.,23.));
#11085 = DIRECTION('',(0.,0.,1.));
#11086 = DIRECTION('',(1.,0.,-0.));
#11087 = ORIENTED_EDGE('',*,*,#11088,.T.);
#11088 = EDGE_CURVE('',#11080,#2552,#11089,.T.);
#11089 = LINE('',#11090,#11091);
#11090 = CARTESIAN_POINT('',(-55.82329510699,-57.59072268514,23.));
#11091 = VECTOR('',#11092,1.);
#11092 = DIRECTION('',(-0.691513055782,-0.72236396206,0.));
#11093 = ORIENTED_EDGE('',*,*,#2559,.T.);
#11094 = PLANE('',#11095);
#11095 = AXIS2_PLACEMENT_3D('',#11096,#11097,#11098);
#11096 = CARTESIAN_POINT('',(-55.82329510699,-57.59072268514,23.));
#11097 = DIRECTION('',(0.,0.,1.));
#11098 = DIRECTION('',(-0.691513055782,-0.72236396206,0.));
#11099 = ADVANCED_FACE('',(#11100),#11111,.T.);
#11100 = FACE_BOUND('',#11101,.T.);
#11101 = EDGE_LOOP('',(#11102,#11103,#11109,#11110));
#11102 = ORIENTED_EDGE('',*,*,#11039,.F.);
#11103 = ORIENTED_EDGE('',*,*,#11104,.T.);
#11104 = EDGE_CURVE('',#11031,#11080,#11105,.T.);
#11105 = LINE('',#11106,#11107);
#11106 = CARTESIAN_POINT('',(-56.51374368379,-58.31197467795,7.99));
#11107 = VECTOR('',#11108,1.);
#11108 = DIRECTION('',(0.,0.,1.));
#11109 = ORIENTED_EDGE('',*,*,#11088,.T.);
#11110 = ORIENTED_EDGE('',*,*,#2551,.F.);
#11111 = PLANE('',#11112);
#11112 = AXIS2_PLACEMENT_3D('',#11113,#11114,#11115);
#11113 = CARTESIAN_POINT('',(-55.82329510699,-57.59072268514,18.5));
#11114 = DIRECTION('',(0.72236396206,-0.691513055782,0.));
#11115 = DIRECTION('',(0.,0.,1.));
#11116 = ADVANCED_FACE('',(#11117),#11143,.T.);
#11117 = FACE_BOUND('',#11118,.T.);
#11118 = EDGE_LOOP('',(#11119,#11127,#11136,#11142));
#11119 = ORIENTED_EDGE('',*,*,#11120,.F.);
#11120 = EDGE_CURVE('',#11121,#2579,#11123,.T.);
#11121 = VERTEX_POINT('',#11122);
#11122 = CARTESIAN_POINT('',(-53.16458270323,-61.38091529124,18.5));
#11123 = LINE('',#11124,#11125);
#11124 = CARTESIAN_POINT('',(-52.50625185054,-60.63023282659,18.5));
#11125 = VECTOR('',#11126,1.);
#11126 = DIRECTION('',(-0.6593458151,-0.751839807479,0.));
#11127 = ORIENTED_EDGE('',*,*,#11128,.F.);
#11128 = EDGE_CURVE('',#11129,#11121,#11131,.T.);
#11129 = VERTEX_POINT('',#11130);
#11130 = CARTESIAN_POINT('',(-53.9164225107,-60.72156947614,18.5));
#11131 = CIRCLE('',#11132,81.204);
#11132 = AXIS2_PLACEMENT_3D('',#11133,#11134,#11135);
#11133 = CARTESIAN_POINT('',(0.,0.,18.5));
#11134 = DIRECTION('',(0.,0.,1.));
#11135 = DIRECTION('',(1.,0.,-0.));
#11136 = ORIENTED_EDGE('',*,*,#11137,.T.);
#11137 = EDGE_CURVE('',#11129,#2577,#11138,.T.);
#11138 = LINE('',#11139,#11140);
#11139 = CARTESIAN_POINT('',(-53.25809165802,-59.97088701149,18.5));
#11140 = VECTOR('',#11141,1.);
#11141 = DIRECTION('',(-0.6593458151,-0.751839807479,0.));
#11142 = ORIENTED_EDGE('',*,*,#2576,.T.);
#11143 = PLANE('',#11144);
#11144 = AXIS2_PLACEMENT_3D('',#11145,#11146,#11147);
#11145 = CARTESIAN_POINT('',(-53.25809165802,-59.97088701149,18.5));
#11146 = DIRECTION('',(0.,0.,1.));
#11147 = DIRECTION('',(-0.6593458151,-0.751839807479,0.));
#11148 = ADVANCED_FACE('',(#11149),#11167,.F.);
#11149 = FACE_BOUND('',#11150,.F.);
#11150 = EDGE_LOOP('',(#11151,#11152,#11160,#11166));
#11151 = ORIENTED_EDGE('',*,*,#11120,.F.);
#11152 = ORIENTED_EDGE('',*,*,#11153,.T.);
#11153 = EDGE_CURVE('',#11121,#11154,#11156,.T.);
#11154 = VERTEX_POINT('',#11155);
#11155 = CARTESIAN_POINT('',(-53.16458270323,-61.38091529124,23.));
#11156 = LINE('',#11157,#11158);
#11157 = CARTESIAN_POINT('',(-53.16458270323,-61.38091529124,7.99));
#11158 = VECTOR('',#11159,1.);
#11159 = DIRECTION('',(0.,0.,1.));
#11160 = ORIENTED_EDGE('',*,*,#11161,.T.);
#11161 = EDGE_CURVE('',#11154,#2596,#11162,.T.);
#11162 = LINE('',#11163,#11164);
#11163 = CARTESIAN_POINT('',(-52.50625185054,-60.63023282659,23.));
#11164 = VECTOR('',#11165,1.);
#11165 = DIRECTION('',(-0.6593458151,-0.751839807479,0.));
#11166 = ORIENTED_EDGE('',*,*,#2604,.F.);
#11167 = PLANE('',#11168);
#11168 = AXIS2_PLACEMENT_3D('',#11169,#11170,#11171);
#11169 = CARTESIAN_POINT('',(-52.50625185054,-60.63023282659,18.5));
#11170 = DIRECTION('',(0.751839807479,-0.6593458151,0.));
#11171 = DIRECTION('',(0.,0.,1.));
#11172 = ADVANCED_FACE('',(#11173),#11192,.F.);
#11173 = FACE_BOUND('',#11174,.F.);
#11174 = EDGE_LOOP('',(#11175,#11176,#11185,#11191));
#11175 = ORIENTED_EDGE('',*,*,#11161,.F.);
#11176 = ORIENTED_EDGE('',*,*,#11177,.F.);
#11177 = EDGE_CURVE('',#11178,#11154,#11180,.T.);
#11178 = VERTEX_POINT('',#11179);
#11179 = CARTESIAN_POINT('',(-53.9164225107,-60.72156947614,23.));
#11180 = CIRCLE('',#11181,81.204);
#11181 = AXIS2_PLACEMENT_3D('',#11182,#11183,#11184);
#11182 = CARTESIAN_POINT('',(0.,0.,23.));
#11183 = DIRECTION('',(0.,0.,1.));
#11184 = DIRECTION('',(1.,0.,-0.));
#11185 = ORIENTED_EDGE('',*,*,#11186,.T.);
#11186 = EDGE_CURVE('',#11178,#2588,#11187,.T.);
#11187 = LINE('',#11188,#11189);
#11188 = CARTESIAN_POINT('',(-53.25809165802,-59.97088701149,23.));
#11189 = VECTOR('',#11190,1.);
#11190 = DIRECTION('',(-0.6593458151,-0.751839807479,0.));
#11191 = ORIENTED_EDGE('',*,*,#2595,.T.);
#11192 = PLANE('',#11193);
#11193 = AXIS2_PLACEMENT_3D('',#11194,#11195,#11196);
#11194 = CARTESIAN_POINT('',(-53.25809165802,-59.97088701149,23.));
#11195 = DIRECTION('',(0.,0.,1.));
#11196 = DIRECTION('',(-0.6593458151,-0.751839807479,0.));
#11197 = ADVANCED_FACE('',(#11198),#11209,.T.);
#11198 = FACE_BOUND('',#11199,.T.);
#11199 = EDGE_LOOP('',(#11200,#11201,#11207,#11208));
#11200 = ORIENTED_EDGE('',*,*,#11137,.F.);
#11201 = ORIENTED_EDGE('',*,*,#11202,.T.);
#11202 = EDGE_CURVE('',#11129,#11178,#11203,.T.);
#11203 = LINE('',#11204,#11205);
#11204 = CARTESIAN_POINT('',(-53.9164225107,-60.72156947614,7.99));
#11205 = VECTOR('',#11206,1.);
#11206 = DIRECTION('',(0.,0.,1.));
#11207 = ORIENTED_EDGE('',*,*,#11186,.T.);
#11208 = ORIENTED_EDGE('',*,*,#2587,.F.);
#11209 = PLANE('',#11210);
#11210 = AXIS2_PLACEMENT_3D('',#11211,#11212,#11213);
#11211 = CARTESIAN_POINT('',(-53.25809165802,-59.97088701149,18.5));
#11212 = DIRECTION('',(0.751839807479,-0.6593458151,0.));
#11213 = DIRECTION('',(0.,0.,1.));
#11214 = ADVANCED_FACE('',(#11215),#11241,.T.);
#11215 = FACE_BOUND('',#11216,.T.);
#11216 = EDGE_LOOP('',(#11217,#11225,#11234,#11240));
#11217 = ORIENTED_EDGE('',*,*,#11218,.F.);
#11218 = EDGE_CURVE('',#11219,#2615,#11221,.T.);
#11219 = VERTEX_POINT('',#11220);
#11220 = CARTESIAN_POINT('',(-50.43658387987,-63.64150078783,18.5));
#11221 = LINE('',#11222,#11223);
#11222 = CARTESIAN_POINT('',(-49.8116239215,-62.86281681807,18.5));
#11223 = VECTOR('',#11224,1.);
#11224 = DIRECTION('',(-0.625923472184,-0.779884483093,0.));
#11225 = ORIENTED_EDGE('',*,*,#11226,.F.);
#11226 = EDGE_CURVE('',#11227,#11219,#11229,.T.);
#11227 = VERTEX_POINT('',#11228);
#11228 = CARTESIAN_POINT('',(-51.21646836296,-63.01557731565,18.5));
#11229 = CIRCLE('',#11230,81.204);
#11230 = AXIS2_PLACEMENT_3D('',#11231,#11232,#11233);
#11231 = CARTESIAN_POINT('',(0.,0.,18.5));
#11232 = DIRECTION('',(0.,0.,1.));
#11233 = DIRECTION('',(1.,0.,-0.));
#11234 = ORIENTED_EDGE('',*,*,#11235,.T.);
#11235 = EDGE_CURVE('',#11227,#2613,#11236,.T.);
#11236 = LINE('',#11237,#11238);
#11237 = CARTESIAN_POINT('',(-50.59150840459,-62.23689334588,18.5));
#11238 = VECTOR('',#11239,1.);
#11239 = DIRECTION('',(-0.625923472184,-0.779884483093,0.));
#11240 = ORIENTED_EDGE('',*,*,#2612,.T.);
#11241 = PLANE('',#11242);
#11242 = AXIS2_PLACEMENT_3D('',#11243,#11244,#11245);
#11243 = CARTESIAN_POINT('',(-50.59150840459,-62.23689334588,18.5));
#11244 = DIRECTION('',(0.,0.,1.));
#11245 = DIRECTION('',(-0.625923472184,-0.779884483093,0.));
#11246 = ADVANCED_FACE('',(#11247),#11265,.F.);
#11247 = FACE_BOUND('',#11248,.F.);
#11248 = EDGE_LOOP('',(#11249,#11250,#11258,#11264));
#11249 = ORIENTED_EDGE('',*,*,#11218,.F.);
#11250 = ORIENTED_EDGE('',*,*,#11251,.T.);
#11251 = EDGE_CURVE('',#11219,#11252,#11254,.T.);
#11252 = VERTEX_POINT('',#11253);
#11253 = CARTESIAN_POINT('',(-50.43658387987,-63.64150078783,23.));
#11254 = LINE('',#11255,#11256);
#11255 = CARTESIAN_POINT('',(-50.43658387987,-63.64150078783,7.99));
#11256 = VECTOR('',#11257,1.);
#11257 = DIRECTION('',(0.,0.,1.));
#11258 = ORIENTED_EDGE('',*,*,#11259,.T.);
#11259 = EDGE_CURVE('',#11252,#2632,#11260,.T.);
#11260 = LINE('',#11261,#11262);
#11261 = CARTESIAN_POINT('',(-49.8116239215,-62.86281681807,23.));
#11262 = VECTOR('',#11263,1.);
#11263 = DIRECTION('',(-0.625923472184,-0.779884483093,0.));
#11264 = ORIENTED_EDGE('',*,*,#2640,.F.);
#11265 = PLANE('',#11266);
#11266 = AXIS2_PLACEMENT_3D('',#11267,#11268,#11269);
#11267 = CARTESIAN_POINT('',(-49.8116239215,-62.86281681807,18.5));
#11268 = DIRECTION('',(0.779884483093,-0.625923472184,0.));
#11269 = DIRECTION('',(0.,0.,1.));
#11270 = ADVANCED_FACE('',(#11271),#11290,.F.);
#11271 = FACE_BOUND('',#11272,.F.);
#11272 = EDGE_LOOP('',(#11273,#11274,#11283,#11289));
#11273 = ORIENTED_EDGE('',*,*,#11259,.F.);
#11274 = ORIENTED_EDGE('',*,*,#11275,.F.);
#11275 = EDGE_CURVE('',#11276,#11252,#11278,.T.);
#11276 = VERTEX_POINT('',#11277);
#11277 = CARTESIAN_POINT('',(-51.21646836296,-63.01557731565,23.));
#11278 = CIRCLE('',#11279,81.204);
#11279 = AXIS2_PLACEMENT_3D('',#11280,#11281,#11282);
#11280 = CARTESIAN_POINT('',(0.,0.,23.));
#11281 = DIRECTION('',(0.,0.,1.));
#11282 = DIRECTION('',(1.,0.,-0.));
#11283 = ORIENTED_EDGE('',*,*,#11284,.T.);
#11284 = EDGE_CURVE('',#11276,#2624,#11285,.T.);
#11285 = LINE('',#11286,#11287);
#11286 = CARTESIAN_POINT('',(-50.59150840459,-62.23689334588,23.));
#11287 = VECTOR('',#11288,1.);
#11288 = DIRECTION('',(-0.625923472184,-0.779884483093,0.));
#11289 = ORIENTED_EDGE('',*,*,#2631,.T.);
#11290 = PLANE('',#11291);
#11291 = AXIS2_PLACEMENT_3D('',#11292,#11293,#11294);
#11292 = CARTESIAN_POINT('',(-50.59150840459,-62.23689334588,23.));
#11293 = DIRECTION('',(0.,0.,1.));
#11294 = DIRECTION('',(-0.625923472184,-0.779884483093,0.));
#11295 = ADVANCED_FACE('',(#11296),#11307,.T.);
#11296 = FACE_BOUND('',#11297,.T.);
#11297 = EDGE_LOOP('',(#11298,#11299,#11305,#11306));
#11298 = ORIENTED_EDGE('',*,*,#11235,.F.);
#11299 = ORIENTED_EDGE('',*,*,#11300,.T.);
#11300 = EDGE_CURVE('',#11227,#11276,#11301,.T.);
#11301 = LINE('',#11302,#11303);
#11302 = CARTESIAN_POINT('',(-51.21646836296,-63.01557731565,7.99));
#11303 = VECTOR('',#11304,1.);
#11304 = DIRECTION('',(0.,0.,1.));
#11305 = ORIENTED_EDGE('',*,*,#11284,.T.);
#11306 = ORIENTED_EDGE('',*,*,#2623,.F.);
#11307 = PLANE('',#11308);
#11308 = AXIS2_PLACEMENT_3D('',#11309,#11310,#11311);
#11309 = CARTESIAN_POINT('',(-50.59150840459,-62.23689334588,18.5));
#11310 = DIRECTION('',(0.779884483093,-0.625923472184,0.));
#11311 = DIRECTION('',(0.,0.,1.));
#11312 = ADVANCED_FACE('',(#11313),#11339,.T.);
#11313 = FACE_BOUND('',#11314,.T.);
#11314 = EDGE_LOOP('',(#11315,#11323,#11332,#11338));
#11315 = ORIENTED_EDGE('',*,*,#11316,.F.);
#11316 = EDGE_CURVE('',#11317,#2651,#11319,.T.);
#11317 = VERTEX_POINT('',#11318);
#11318 = CARTESIAN_POINT('',(-47.61257615247,-65.78094107053,18.5));
#11319 = LINE('',#11320,#11321);
#11320 = CARTESIAN_POINT('',(-47.02217673521,-64.97573786485,18.5));
#11321 = VECTOR('',#11322,1.);
#11322 = DIRECTION('',(-0.591309648364,-0.806444604267,0.));
#11323 = ORIENTED_EDGE('',*,*,#11324,.F.);
#11324 = EDGE_CURVE('',#11325,#11317,#11327,.T.);
#11325 = VERTEX_POINT('',#11326);
#11326 = CARTESIAN_POINT('',(-48.41902075674,-65.18963142216,18.5));
#11327 = CIRCLE('',#11328,81.204);
#11328 = AXIS2_PLACEMENT_3D('',#11329,#11330,#11331);
#11329 = CARTESIAN_POINT('',(0.,0.,18.5));
#11330 = DIRECTION('',(0.,0.,1.));
#11331 = DIRECTION('',(1.,0.,-0.));
#11332 = ORIENTED_EDGE('',*,*,#11333,.T.);
#11333 = EDGE_CURVE('',#11325,#2649,#11334,.T.);
#11334 = LINE('',#11335,#11336);
#11335 = CARTESIAN_POINT('',(-47.82862133948,-64.38442821648,18.5));
#11336 = VECTOR('',#11337,1.);
#11337 = DIRECTION('',(-0.591309648364,-0.806444604267,0.));
#11338 = ORIENTED_EDGE('',*,*,#2648,.T.);
#11339 = PLANE('',#11340);
#11340 = AXIS2_PLACEMENT_3D('',#11341,#11342,#11343);
#11341 = CARTESIAN_POINT('',(-47.82862133948,-64.38442821648,18.5));
#11342 = DIRECTION('',(0.,0.,1.));
#11343 = DIRECTION('',(-0.591309648364,-0.806444604267,0.));
#11344 = ADVANCED_FACE('',(#11345),#11363,.F.);
#11345 = FACE_BOUND('',#11346,.F.);
#11346 = EDGE_LOOP('',(#11347,#11348,#11356,#11362));
#11347 = ORIENTED_EDGE('',*,*,#11316,.F.);
#11348 = ORIENTED_EDGE('',*,*,#11349,.T.);
#11349 = EDGE_CURVE('',#11317,#11350,#11352,.T.);
#11350 = VERTEX_POINT('',#11351);
#11351 = CARTESIAN_POINT('',(-47.61257615247,-65.78094107053,23.));
#11352 = LINE('',#11353,#11354);
#11353 = CARTESIAN_POINT('',(-47.61257615247,-65.78094107053,7.99));
#11354 = VECTOR('',#11355,1.);
#11355 = DIRECTION('',(0.,0.,1.));
#11356 = ORIENTED_EDGE('',*,*,#11357,.T.);
#11357 = EDGE_CURVE('',#11350,#2668,#11358,.T.);
#11358 = LINE('',#11359,#11360);
#11359 = CARTESIAN_POINT('',(-47.02217673521,-64.97573786485,23.));
#11360 = VECTOR('',#11361,1.);
#11361 = DIRECTION('',(-0.591309648364,-0.806444604267,0.));
#11362 = ORIENTED_EDGE('',*,*,#2676,.F.);
#11363 = PLANE('',#11364);
#11364 = AXIS2_PLACEMENT_3D('',#11365,#11366,#11367);
#11365 = CARTESIAN_POINT('',(-47.02217673521,-64.97573786485,18.5));
#11366 = DIRECTION('',(0.806444604267,-0.591309648364,0.));
#11367 = DIRECTION('',(0.,0.,1.));
#11368 = ADVANCED_FACE('',(#11369),#11388,.F.);
#11369 = FACE_BOUND('',#11370,.F.);
#11370 = EDGE_LOOP('',(#11371,#11372,#11381,#11387));
#11371 = ORIENTED_EDGE('',*,*,#11357,.F.);
#11372 = ORIENTED_EDGE('',*,*,#11373,.F.);
#11373 = EDGE_CURVE('',#11374,#11350,#11376,.T.);
#11374 = VERTEX_POINT('',#11375);
#11375 = CARTESIAN_POINT('',(-48.41902075674,-65.18963142216,23.));
#11376 = CIRCLE('',#11377,81.204);
#11377 = AXIS2_PLACEMENT_3D('',#11378,#11379,#11380);
#11378 = CARTESIAN_POINT('',(0.,0.,23.));
#11379 = DIRECTION('',(0.,0.,1.));
#11380 = DIRECTION('',(1.,0.,-0.));
#11381 = ORIENTED_EDGE('',*,*,#11382,.T.);
#11382 = EDGE_CURVE('',#11374,#2660,#11383,.T.);
#11383 = LINE('',#11384,#11385);
#11384 = CARTESIAN_POINT('',(-47.82862133948,-64.38442821648,23.));
#11385 = VECTOR('',#11386,1.);
#11386 = DIRECTION('',(-0.591309648364,-0.806444604267,0.));
#11387 = ORIENTED_EDGE('',*,*,#2667,.T.);
#11388 = PLANE('',#11389);
#11389 = AXIS2_PLACEMENT_3D('',#11390,#11391,#11392);
#11390 = CARTESIAN_POINT('',(-47.82862133948,-64.38442821648,23.));
#11391 = DIRECTION('',(0.,0.,1.));
#11392 = DIRECTION('',(-0.591309648364,-0.806444604267,0.));
#11393 = ADVANCED_FACE('',(#11394),#11405,.T.);
#11394 = FACE_BOUND('',#11395,.T.);
#11395 = EDGE_LOOP('',(#11396,#11397,#11403,#11404));
#11396 = ORIENTED_EDGE('',*,*,#11333,.F.);
#11397 = ORIENTED_EDGE('',*,*,#11398,.T.);
#11398 = EDGE_CURVE('',#11325,#11374,#11399,.T.);
#11399 = LINE('',#11400,#11401);
#11400 = CARTESIAN_POINT('',(-48.41902075674,-65.18963142216,7.99));
#11401 = VECTOR('',#11402,1.);
#11402 = DIRECTION('',(0.,0.,1.));
#11403 = ORIENTED_EDGE('',*,*,#11382,.T.);
#11404 = ORIENTED_EDGE('',*,*,#2659,.F.);
#11405 = PLANE('',#11406);
#11406 = AXIS2_PLACEMENT_3D('',#11407,#11408,#11409);
#11407 = CARTESIAN_POINT('',(-47.82862133948,-64.38442821648,18.5));
#11408 = DIRECTION('',(0.806444604267,-0.591309648364,0.));
#11409 = DIRECTION('',(0.,0.,1.));
#11410 = ADVANCED_FACE('',(#11411),#11437,.T.);
#11411 = FACE_BOUND('',#11412,.T.);
#11412 = EDGE_LOOP('',(#11413,#11421,#11430,#11436));
#11413 = ORIENTED_EDGE('',*,*,#11414,.F.);
#11414 = EDGE_CURVE('',#11415,#2687,#11417,.T.);
#11415 = VERTEX_POINT('',#11416);
#11416 = CARTESIAN_POINT('',(-32.24636649656,-74.52691771279,18.5));
#11417 = LINE('',#11418,#11419);
#11418 = CARTESIAN_POINT('',(-31.84423977387,-73.61301521622,18.5));
#11419 = VECTOR('',#11420,1.);
#11420 = DIRECTION('',(-0.402746689859,-0.915311479119,0.));
#11421 = ORIENTED_EDGE('',*,*,#11422,.F.);
#11422 = EDGE_CURVE('',#11423,#11415,#11425,.T.);
#11423 = VERTEX_POINT('',#11424);
#11424 = CARTESIAN_POINT('',(-33.16167797568,-74.12417102293,18.5));
#11425 = CIRCLE('',#11426,81.204);
#11426 = AXIS2_PLACEMENT_3D('',#11427,#11428,#11429);
#11427 = CARTESIAN_POINT('',(0.,0.,18.5));
#11428 = DIRECTION('',(0.,0.,1.));
#11429 = DIRECTION('',(1.,0.,-0.));
#11430 = ORIENTED_EDGE('',*,*,#11431,.T.);
#11431 = EDGE_CURVE('',#11423,#2685,#11432,.T.);
#11432 = LINE('',#11433,#11434);
#11433 = CARTESIAN_POINT('',(-32.75955125299,-73.21026852636,18.5));
#11434 = VECTOR('',#11435,1.);
#11435 = DIRECTION('',(-0.402746689859,-0.915311479119,0.));
#11436 = ORIENTED_EDGE('',*,*,#2684,.T.);
#11437 = PLANE('',#11438);
#11438 = AXIS2_PLACEMENT_3D('',#11439,#11440,#11441);
#11439 = CARTESIAN_POINT('',(-32.75955125299,-73.21026852636,18.5));
#11440 = DIRECTION('',(0.,0.,1.));
#11441 = DIRECTION('',(-0.402746689859,-0.915311479119,0.));
#11442 = ADVANCED_FACE('',(#11443),#11461,.F.);
#11443 = FACE_BOUND('',#11444,.F.);
#11444 = EDGE_LOOP('',(#11445,#11446,#11454,#11460));
#11445 = ORIENTED_EDGE('',*,*,#11414,.F.);
#11446 = ORIENTED_EDGE('',*,*,#11447,.T.);
#11447 = EDGE_CURVE('',#11415,#11448,#11450,.T.);
#11448 = VERTEX_POINT('',#11449);
#11449 = CARTESIAN_POINT('',(-32.24636649656,-74.52691771279,23.));
#11450 = LINE('',#11451,#11452);
#11451 = CARTESIAN_POINT('',(-32.24636649656,-74.52691771279,7.99));
#11452 = VECTOR('',#11453,1.);
#11453 = DIRECTION('',(0.,0.,1.));
#11454 = ORIENTED_EDGE('',*,*,#11455,.T.);
#11455 = EDGE_CURVE('',#11448,#2704,#11456,.T.);
#11456 = LINE('',#11457,#11458);
#11457 = CARTESIAN_POINT('',(-31.84423977387,-73.61301521622,23.));
#11458 = VECTOR('',#11459,1.);
#11459 = DIRECTION('',(-0.402746689859,-0.915311479119,0.));
#11460 = ORIENTED_EDGE('',*,*,#2712,.F.);
#11461 = PLANE('',#11462);
#11462 = AXIS2_PLACEMENT_3D('',#11463,#11464,#11465);
#11463 = CARTESIAN_POINT('',(-31.84423977387,-73.61301521622,18.5));
#11464 = DIRECTION('',(0.915311479119,-0.402746689859,0.));
#11465 = DIRECTION('',(0.,0.,1.));
#11466 = ADVANCED_FACE('',(#11467),#11486,.F.);
#11467 = FACE_BOUND('',#11468,.F.);
#11468 = EDGE_LOOP('',(#11469,#11470,#11479,#11485));
#11469 = ORIENTED_EDGE('',*,*,#11455,.F.);
#11470 = ORIENTED_EDGE('',*,*,#11471,.F.);
#11471 = EDGE_CURVE('',#11472,#11448,#11474,.T.);
#11472 = VERTEX_POINT('',#11473);
#11473 = CARTESIAN_POINT('',(-33.16167797568,-74.12417102293,23.));
#11474 = CIRCLE('',#11475,81.204);
#11475 = AXIS2_PLACEMENT_3D('',#11476,#11477,#11478);
#11476 = CARTESIAN_POINT('',(0.,0.,23.));
#11477 = DIRECTION('',(0.,0.,1.));
#11478 = DIRECTION('',(1.,0.,-0.));
#11479 = ORIENTED_EDGE('',*,*,#11480,.T.);
#11480 = EDGE_CURVE('',#11472,#2696,#11481,.T.);
#11481 = LINE('',#11482,#11483);
#11482 = CARTESIAN_POINT('',(-32.75955125299,-73.21026852636,23.));
#11483 = VECTOR('',#11484,1.);
#11484 = DIRECTION('',(-0.402746689859,-0.915311479119,0.));
#11485 = ORIENTED_EDGE('',*,*,#2703,.T.);
#11486 = PLANE('',#11487);
#11487 = AXIS2_PLACEMENT_3D('',#11488,#11489,#11490);
#11488 = CARTESIAN_POINT('',(-32.75955125299,-73.21026852636,23.));
#11489 = DIRECTION('',(0.,0.,1.));
#11490 = DIRECTION('',(-0.402746689859,-0.915311479119,0.));
#11491 = ADVANCED_FACE('',(#11492),#11503,.T.);
#11492 = FACE_BOUND('',#11493,.T.);
#11493 = EDGE_LOOP('',(#11494,#11495,#11501,#11502));
#11494 = ORIENTED_EDGE('',*,*,#11431,.F.);
#11495 = ORIENTED_EDGE('',*,*,#11496,.T.);
#11496 = EDGE_CURVE('',#11423,#11472,#11497,.T.);
#11497 = LINE('',#11498,#11499);
#11498 = CARTESIAN_POINT('',(-33.16167797568,-74.12417102293,7.99));
#11499 = VECTOR('',#11500,1.);
#11500 = DIRECTION('',(0.,0.,1.));
#11501 = ORIENTED_EDGE('',*,*,#11480,.T.);
#11502 = ORIENTED_EDGE('',*,*,#2695,.F.);
#11503 = PLANE('',#11504);
#11504 = AXIS2_PLACEMENT_3D('',#11505,#11506,#11507);
#11505 = CARTESIAN_POINT('',(-32.75955125299,-73.21026852636,18.5));
#11506 = DIRECTION('',(0.915311479119,-0.402746689859,0.));
#11507 = DIRECTION('',(0.,0.,1.));
#11508 = ADVANCED_FACE('',(#11509),#11535,.T.);
#11509 = FACE_BOUND('',#11510,.T.);
#11510 = EDGE_LOOP('',(#11511,#11519,#11528,#11534));
#11511 = ORIENTED_EDGE('',*,*,#11512,.F.);
#11512 = EDGE_CURVE('',#11513,#2723,#11515,.T.);
#11513 = VERTEX_POINT('',#11514);
#11514 = CARTESIAN_POINT('',(-28.96485660801,-75.86255135227,18.5));
#11515 = LINE('',#11516,#11517);
#11516 = CARTESIAN_POINT('',(-28.60297648786,-74.93197816709,18.5));
#11517 = VECTOR('',#11518,1.);
#11518 = DIRECTION('',(-0.362438038284,-0.932007869283,0.));
#11519 = ORIENTED_EDGE('',*,*,#11520,.F.);
#11520 = EDGE_CURVE('',#11521,#11513,#11523,.T.);
#11521 = VERTEX_POINT('',#11522);
#11522 = CARTESIAN_POINT('',(-29.89686447729,-75.50011331399,18.5));
#11523 = CIRCLE('',#11524,81.204);
#11524 = AXIS2_PLACEMENT_3D('',#11525,#11526,#11527);
#11525 = CARTESIAN_POINT('',(0.,0.,18.5));
#11526 = DIRECTION('',(0.,0.,1.));
#11527 = DIRECTION('',(1.,0.,-0.));
#11528 = ORIENTED_EDGE('',*,*,#11529,.T.);
#11529 = EDGE_CURVE('',#11521,#2721,#11530,.T.);
#11530 = LINE('',#11531,#11532);
#11531 = CARTESIAN_POINT('',(-29.53498435714,-74.56954012881,18.5));
#11532 = VECTOR('',#11533,1.);
#11533 = DIRECTION('',(-0.362438038284,-0.932007869283,0.));
#11534 = ORIENTED_EDGE('',*,*,#2720,.T.);
#11535 = PLANE('',#11536);
#11536 = AXIS2_PLACEMENT_3D('',#11537,#11538,#11539);
#11537 = CARTESIAN_POINT('',(-29.53498435714,-74.56954012881,18.5));
#11538 = DIRECTION('',(0.,0.,1.));
#11539 = DIRECTION('',(-0.362438038284,-0.932007869283,0.));
#11540 = ADVANCED_FACE('',(#11541),#11559,.F.);
#11541 = FACE_BOUND('',#11542,.F.);
#11542 = EDGE_LOOP('',(#11543,#11544,#11552,#11558));
#11543 = ORIENTED_EDGE('',*,*,#11512,.F.);
#11544 = ORIENTED_EDGE('',*,*,#11545,.T.);
#11545 = EDGE_CURVE('',#11513,#11546,#11548,.T.);
#11546 = VERTEX_POINT('',#11547);
#11547 = CARTESIAN_POINT('',(-28.96485660801,-75.86255135227,23.));
#11548 = LINE('',#11549,#11550);
#11549 = CARTESIAN_POINT('',(-28.96485660801,-75.86255135227,7.99));
#11550 = VECTOR('',#11551,1.);
#11551 = DIRECTION('',(0.,0.,1.));
#11552 = ORIENTED_EDGE('',*,*,#11553,.T.);
#11553 = EDGE_CURVE('',#11546,#2740,#11554,.T.);
#11554 = LINE('',#11555,#11556);
#11555 = CARTESIAN_POINT('',(-28.60297648786,-74.93197816709,23.));
#11556 = VECTOR('',#11557,1.);
#11557 = DIRECTION('',(-0.362438038284,-0.932007869283,0.));
#11558 = ORIENTED_EDGE('',*,*,#2748,.F.);
#11559 = PLANE('',#11560);
#11560 = AXIS2_PLACEMENT_3D('',#11561,#11562,#11563);
#11561 = CARTESIAN_POINT('',(-28.60297648786,-74.93197816709,18.5));
#11562 = DIRECTION('',(0.932007869283,-0.362438038284,0.));
#11563 = DIRECTION('',(0.,0.,1.));
#11564 = ADVANCED_FACE('',(#11565),#11584,.F.);
#11565 = FACE_BOUND('',#11566,.F.);
#11566 = EDGE_LOOP('',(#11567,#11568,#11577,#11583));
#11567 = ORIENTED_EDGE('',*,*,#11553,.F.);
#11568 = ORIENTED_EDGE('',*,*,#11569,.F.);
#11569 = EDGE_CURVE('',#11570,#11546,#11572,.T.);
#11570 = VERTEX_POINT('',#11571);
#11571 = CARTESIAN_POINT('',(-29.89686447729,-75.50011331399,23.));
#11572 = CIRCLE('',#11573,81.204);
#11573 = AXIS2_PLACEMENT_3D('',#11574,#11575,#11576);
#11574 = CARTESIAN_POINT('',(0.,0.,23.));
#11575 = DIRECTION('',(0.,0.,1.));
#11576 = DIRECTION('',(1.,0.,-0.));
#11577 = ORIENTED_EDGE('',*,*,#11578,.T.);
#11578 = EDGE_CURVE('',#11570,#2732,#11579,.T.);
#11579 = LINE('',#11580,#11581);
#11580 = CARTESIAN_POINT('',(-29.53498435714,-74.56954012881,23.));
#11581 = VECTOR('',#11582,1.);
#11582 = DIRECTION('',(-0.362438038284,-0.932007869283,0.));
#11583 = ORIENTED_EDGE('',*,*,#2739,.T.);
#11584 = PLANE('',#11585);
#11585 = AXIS2_PLACEMENT_3D('',#11586,#11587,#11588);
#11586 = CARTESIAN_POINT('',(-29.53498435714,-74.56954012881,23.));
#11587 = DIRECTION('',(0.,0.,1.));
#11588 = DIRECTION('',(-0.362438038284,-0.932007869283,0.));
#11589 = ADVANCED_FACE('',(#11590),#11601,.T.);
#11590 = FACE_BOUND('',#11591,.T.);
#11591 = EDGE_LOOP('',(#11592,#11593,#11599,#11600));
#11592 = ORIENTED_EDGE('',*,*,#11529,.F.);
#11593 = ORIENTED_EDGE('',*,*,#11594,.T.);
#11594 = EDGE_CURVE('',#11521,#11570,#11595,.T.);
#11595 = LINE('',#11596,#11597);
#11596 = CARTESIAN_POINT('',(-29.89686447729,-75.50011331399,7.99));
#11597 = VECTOR('',#11598,1.);
#11598 = DIRECTION('',(0.,0.,1.));
#11599 = ORIENTED_EDGE('',*,*,#11578,.T.);
#11600 = ORIENTED_EDGE('',*,*,#2731,.F.);
#11601 = PLANE('',#11602);
#11602 = AXIS2_PLACEMENT_3D('',#11603,#11604,#11605);
#11603 = CARTESIAN_POINT('',(-29.53498435714,-74.56954012881,18.5));
#11604 = DIRECTION('',(0.932007869283,-0.362438038284,0.));
#11605 = DIRECTION('',(0.,0.,1.));
#11606 = ADVANCED_FACE('',(#11607),#11633,.T.);
#11607 = FACE_BOUND('',#11608,.T.);
#11608 = EDGE_LOOP('',(#11609,#11617,#11626,#11632));
#11609 = ORIENTED_EDGE('',*,*,#11610,.F.);
#11610 = EDGE_CURVE('',#11611,#2759,#11613,.T.);
#11611 = VERTEX_POINT('',#11612);
#11612 = CARTESIAN_POINT('',(-25.62821046865,-77.05377631352,18.5));
#11613 = LINE('',#11614,#11615);
#11614 = CARTESIAN_POINT('',(-25.30726581042,-76.10830383867,18.5));
#11615 = VECTOR('',#11616,1.);
#11616 = DIRECTION('',(-0.321439465303,-0.946930129495,0.));
#11617 = ORIENTED_EDGE('',*,*,#11618,.F.);
#11618 = EDGE_CURVE('',#11619,#11611,#11621,.T.);
#11619 = VERTEX_POINT('',#11620);
#11620 = CARTESIAN_POINT('',(-26.57514059814,-76.73233684822,18.5));
#11621 = CIRCLE('',#11622,81.204);
#11622 = AXIS2_PLACEMENT_3D('',#11623,#11624,#11625);
#11623 = CARTESIAN_POINT('',(0.,0.,18.5));
#11624 = DIRECTION('',(0.,0.,1.));
#11625 = DIRECTION('',(1.,0.,-0.));
#11626 = ORIENTED_EDGE('',*,*,#11627,.T.);
#11627 = EDGE_CURVE('',#11619,#2757,#11628,.T.);
#11628 = LINE('',#11629,#11630);
#11629 = CARTESIAN_POINT('',(-26.25419593992,-75.78686437337,18.5));
#11630 = VECTOR('',#11631,1.);
#11631 = DIRECTION('',(-0.321439465303,-0.946930129495,0.));
#11632 = ORIENTED_EDGE('',*,*,#2756,.T.);
#11633 = PLANE('',#11634);
#11634 = AXIS2_PLACEMENT_3D('',#11635,#11636,#11637);
#11635 = CARTESIAN_POINT('',(-26.25419593992,-75.78686437337,18.5));
#11636 = DIRECTION('',(0.,0.,1.));
#11637 = DIRECTION('',(-0.321439465303,-0.946930129495,0.));
#11638 = ADVANCED_FACE('',(#11639),#11657,.F.);
#11639 = FACE_BOUND('',#11640,.F.);
#11640 = EDGE_LOOP('',(#11641,#11642,#11650,#11656));
#11641 = ORIENTED_EDGE('',*,*,#11610,.F.);
#11642 = ORIENTED_EDGE('',*,*,#11643,.T.);
#11643 = EDGE_CURVE('',#11611,#11644,#11646,.T.);
#11644 = VERTEX_POINT('',#11645);
#11645 = CARTESIAN_POINT('',(-25.62821046865,-77.05377631352,23.));
#11646 = LINE('',#11647,#11648);
#11647 = CARTESIAN_POINT('',(-25.62821046865,-77.05377631352,7.99));
#11648 = VECTOR('',#11649,1.);
#11649 = DIRECTION('',(0.,0.,1.));
#11650 = ORIENTED_EDGE('',*,*,#11651,.T.);
#11651 = EDGE_CURVE('',#11644,#2776,#11652,.T.);
#11652 = LINE('',#11653,#11654);
#11653 = CARTESIAN_POINT('',(-25.30726581042,-76.10830383867,23.));
#11654 = VECTOR('',#11655,1.);
#11655 = DIRECTION('',(-0.321439465303,-0.946930129495,0.));
#11656 = ORIENTED_EDGE('',*,*,#2784,.F.);
#11657 = PLANE('',#11658);
#11658 = AXIS2_PLACEMENT_3D('',#11659,#11660,#11661);
#11659 = CARTESIAN_POINT('',(-25.30726581042,-76.10830383867,18.5));
#11660 = DIRECTION('',(0.946930129495,-0.321439465303,0.));
#11661 = DIRECTION('',(0.,0.,1.));
#11662 = ADVANCED_FACE('',(#11663),#11682,.F.);
#11663 = FACE_BOUND('',#11664,.F.);
#11664 = EDGE_LOOP('',(#11665,#11666,#11675,#11681));
#11665 = ORIENTED_EDGE('',*,*,#11651,.F.);
#11666 = ORIENTED_EDGE('',*,*,#11667,.F.);
#11667 = EDGE_CURVE('',#11668,#11644,#11670,.T.);
#11668 = VERTEX_POINT('',#11669);
#11669 = CARTESIAN_POINT('',(-26.57514059814,-76.73233684822,23.));
#11670 = CIRCLE('',#11671,81.204);
#11671 = AXIS2_PLACEMENT_3D('',#11672,#11673,#11674);
#11672 = CARTESIAN_POINT('',(0.,0.,23.));
#11673 = DIRECTION('',(0.,0.,1.));
#11674 = DIRECTION('',(1.,0.,-0.));
#11675 = ORIENTED_EDGE('',*,*,#11676,.T.);
#11676 = EDGE_CURVE('',#11668,#2768,#11677,.T.);
#11677 = LINE('',#11678,#11679);
#11678 = CARTESIAN_POINT('',(-26.25419593992,-75.78686437337,23.));
#11679 = VECTOR('',#11680,1.);
#11680 = DIRECTION('',(-0.321439465303,-0.946930129495,0.));
#11681 = ORIENTED_EDGE('',*,*,#2775,.T.);
#11682 = PLANE('',#11683);
#11683 = AXIS2_PLACEMENT_3D('',#11684,#11685,#11686);
#11684 = CARTESIAN_POINT('',(-26.25419593992,-75.78686437337,23.));
#11685 = DIRECTION('',(0.,0.,1.));
#11686 = DIRECTION('',(-0.321439465303,-0.946930129495,0.));
#11687 = ADVANCED_FACE('',(#11688),#11699,.T.);
#11688 = FACE_BOUND('',#11689,.T.);
#11689 = EDGE_LOOP('',(#11690,#11691,#11697,#11698));
#11690 = ORIENTED_EDGE('',*,*,#11627,.F.);
#11691 = ORIENTED_EDGE('',*,*,#11692,.T.);
#11692 = EDGE_CURVE('',#11619,#11668,#11693,.T.);
#11693 = LINE('',#11694,#11695);
#11694 = CARTESIAN_POINT('',(-26.57514059814,-76.73233684822,7.99));
#11695 = VECTOR('',#11696,1.);
#11696 = DIRECTION('',(0.,0.,1.));
#11697 = ORIENTED_EDGE('',*,*,#11676,.T.);
#11698 = ORIENTED_EDGE('',*,*,#2767,.F.);
#11699 = PLANE('',#11700);
#11700 = AXIS2_PLACEMENT_3D('',#11701,#11702,#11703);
#11701 = CARTESIAN_POINT('',(-26.25419593992,-75.78686437337,18.5));
#11702 = DIRECTION('',(0.946930129495,-0.321439465303,0.));
#11703 = DIRECTION('',(0.,0.,1.));
#11704 = ADVANCED_FACE('',(#11705),#11731,.T.);
#11705 = FACE_BOUND('',#11706,.T.);
#11706 = EDGE_LOOP('',(#11707,#11715,#11724,#11730));
#11707 = ORIENTED_EDGE('',*,*,#11708,.F.);
#11708 = EDGE_CURVE('',#11709,#2795,#11711,.T.);
#11709 = VERTEX_POINT('',#11710);
#11710 = CARTESIAN_POINT('',(9.337286290625,-80.66538725331,18.5));
#11711 = LINE('',#11712,#11713);
#11712 = CARTESIAN_POINT('',(9.228586999738,-79.67286111335,18.5));
#11713 = VECTOR('',#11714,1.);
#11714 = DIRECTION('',(0.108866874852,-0.994056338222,0.));
#11715 = ORIENTED_EDGE('',*,*,#11716,.F.);
#11716 = EDGE_CURVE('',#11717,#11709,#11719,.T.);
#11717 = VERTEX_POINT('',#11718);
#11718 = CARTESIAN_POINT('',(8.343229952402,-80.77425412816,18.5));
#11719 = CIRCLE('',#11720,81.204);
#11720 = AXIS2_PLACEMENT_3D('',#11721,#11722,#11723);
#11721 = CARTESIAN_POINT('',(0.,0.,18.5));
#11722 = DIRECTION('',(0.,0.,1.));
#11723 = DIRECTION('',(1.,0.,-0.));
#11724 = ORIENTED_EDGE('',*,*,#11725,.T.);
#11725 = EDGE_CURVE('',#11717,#2793,#11726,.T.);
#11726 = LINE('',#11727,#11728);
#11727 = CARTESIAN_POINT('',(8.234530661516,-79.7817279882,18.5));
#11728 = VECTOR('',#11729,1.);
#11729 = DIRECTION('',(0.108866874852,-0.994056338222,0.));
#11730 = ORIENTED_EDGE('',*,*,#2792,.T.);
#11731 = PLANE('',#11732);
#11732 = AXIS2_PLACEMENT_3D('',#11733,#11734,#11735);
#11733 = CARTESIAN_POINT('',(8.234530661516,-79.7817279882,18.5));
#11734 = DIRECTION('',(0.,0.,1.));
#11735 = DIRECTION('',(0.108866874852,-0.994056338222,0.));
#11736 = ADVANCED_FACE('',(#11737),#11755,.F.);
#11737 = FACE_BOUND('',#11738,.F.);
#11738 = EDGE_LOOP('',(#11739,#11740,#11748,#11754));
#11739 = ORIENTED_EDGE('',*,*,#11708,.F.);
#11740 = ORIENTED_EDGE('',*,*,#11741,.T.);
#11741 = EDGE_CURVE('',#11709,#11742,#11744,.T.);
#11742 = VERTEX_POINT('',#11743);
#11743 = CARTESIAN_POINT('',(9.337286290625,-80.66538725331,23.));
#11744 = LINE('',#11745,#11746);
#11745 = CARTESIAN_POINT('',(9.337286290625,-80.66538725331,7.99));
#11746 = VECTOR('',#11747,1.);
#11747 = DIRECTION('',(0.,0.,1.));
#11748 = ORIENTED_EDGE('',*,*,#11749,.T.);
#11749 = EDGE_CURVE('',#11742,#2812,#11750,.T.);
#11750 = LINE('',#11751,#11752);
#11751 = CARTESIAN_POINT('',(9.228586999738,-79.67286111335,23.));
#11752 = VECTOR('',#11753,1.);
#11753 = DIRECTION('',(0.108866874852,-0.994056338222,0.));
#11754 = ORIENTED_EDGE('',*,*,#2820,.F.);
#11755 = PLANE('',#11756);
#11756 = AXIS2_PLACEMENT_3D('',#11757,#11758,#11759);
#11757 = CARTESIAN_POINT('',(9.228586999738,-79.67286111335,18.5));
#11758 = DIRECTION('',(0.994056338222,0.108866874852,0.));
#11759 = DIRECTION('',(0.,0.,1.));
#11760 = ADVANCED_FACE('',(#11761),#11780,.F.);
#11761 = FACE_BOUND('',#11762,.F.);
#11762 = EDGE_LOOP('',(#11763,#11764,#11773,#11779));
#11763 = ORIENTED_EDGE('',*,*,#11749,.F.);
#11764 = ORIENTED_EDGE('',*,*,#11765,.F.);
#11765 = EDGE_CURVE('',#11766,#11742,#11768,.T.);
#11766 = VERTEX_POINT('',#11767);
#11767 = CARTESIAN_POINT('',(8.343229952402,-80.77425412816,23.));
#11768 = CIRCLE('',#11769,81.204);
#11769 = AXIS2_PLACEMENT_3D('',#11770,#11771,#11772);
#11770 = CARTESIAN_POINT('',(0.,0.,23.));
#11771 = DIRECTION('',(0.,0.,1.));
#11772 = DIRECTION('',(1.,0.,-0.));
#11773 = ORIENTED_EDGE('',*,*,#11774,.T.);
#11774 = EDGE_CURVE('',#11766,#2804,#11775,.T.);
#11775 = LINE('',#11776,#11777);
#11776 = CARTESIAN_POINT('',(8.234530661516,-79.7817279882,23.));
#11777 = VECTOR('',#11778,1.);
#11778 = DIRECTION('',(0.108866874852,-0.994056338222,0.));
#11779 = ORIENTED_EDGE('',*,*,#2811,.T.);
#11780 = PLANE('',#11781);
#11781 = AXIS2_PLACEMENT_3D('',#11782,#11783,#11784);
#11782 = CARTESIAN_POINT('',(8.234530661516,-79.7817279882,23.));
#11783 = DIRECTION('',(0.,0.,1.));
#11784 = DIRECTION('',(0.108866874852,-0.994056338222,0.));
#11785 = ADVANCED_FACE('',(#11786),#11797,.T.);
#11786 = FACE_BOUND('',#11787,.T.);
#11787 = EDGE_LOOP('',(#11788,#11789,#11795,#11796));
#11788 = ORIENTED_EDGE('',*,*,#11725,.F.);
#11789 = ORIENTED_EDGE('',*,*,#11790,.T.);
#11790 = EDGE_CURVE('',#11717,#11766,#11791,.T.);
#11791 = LINE('',#11792,#11793);
#11792 = CARTESIAN_POINT('',(8.343229952402,-80.77425412816,7.99));
#11793 = VECTOR('',#11794,1.);
#11794 = DIRECTION('',(0.,0.,1.));
#11795 = ORIENTED_EDGE('',*,*,#11774,.T.);
#11796 = ORIENTED_EDGE('',*,*,#2803,.F.);
#11797 = PLANE('',#11798);
#11798 = AXIS2_PLACEMENT_3D('',#11799,#11800,#11801);
#11799 = CARTESIAN_POINT('',(8.234530661516,-79.7817279882,18.5));
#11800 = DIRECTION('',(0.994056338222,0.108866874852,0.));
#11801 = DIRECTION('',(0.,0.,1.));
#11802 = ADVANCED_FACE('',(#11803),#11829,.T.);
#11803 = FACE_BOUND('',#11804,.T.);
#11804 = EDGE_LOOP('',(#11805,#11813,#11822,#11828));
#11805 = ORIENTED_EDGE('',*,*,#11806,.F.);
#11806 = EDGE_CURVE('',#11807,#2831,#11809,.T.);
#11807 = VERTEX_POINT('',#11808);
#11808 = CARTESIAN_POINT('',(12.846974036626,-80.18132497098,18.5));
#11809 = LINE('',#11810,#11811);
#11810 = CARTESIAN_POINT('',(12.69508482121,-79.19448489246,18.5));
#11811 = VECTOR('',#11812,1.);
#11812 = DIRECTION('',(0.15212338619,-0.988361510468,0.));
#11813 = ORIENTED_EDGE('',*,*,#11814,.F.);
#11814 = EDGE_CURVE('',#11815,#11807,#11817,.T.);
#11815 = VERTEX_POINT('',#11816);
#11816 = CARTESIAN_POINT('',(11.858612526158,-80.33344835717,18.5));
#11817 = CIRCLE('',#11818,81.204);
#11818 = AXIS2_PLACEMENT_3D('',#11819,#11820,#11821);
#11819 = CARTESIAN_POINT('',(0.,0.,18.5));
#11820 = DIRECTION('',(0.,0.,1.));
#11821 = DIRECTION('',(1.,0.,-0.));
#11822 = ORIENTED_EDGE('',*,*,#11823,.T.);
#11823 = EDGE_CURVE('',#11815,#2829,#11824,.T.);
#11824 = LINE('',#11825,#11826);
#11825 = CARTESIAN_POINT('',(11.706723310742,-79.34660827865,18.5));
#11826 = VECTOR('',#11827,1.);
#11827 = DIRECTION('',(0.15212338619,-0.988361510468,0.));
#11828 = ORIENTED_EDGE('',*,*,#2828,.T.);
#11829 = PLANE('',#11830);
#11830 = AXIS2_PLACEMENT_3D('',#11831,#11832,#11833);
#11831 = CARTESIAN_POINT('',(11.706723310742,-79.34660827865,18.5));
#11832 = DIRECTION('',(0.,0.,1.));
#11833 = DIRECTION('',(0.15212338619,-0.988361510468,0.));
#11834 = ADVANCED_FACE('',(#11835),#11853,.F.);
#11835 = FACE_BOUND('',#11836,.F.);
#11836 = EDGE_LOOP('',(#11837,#11838,#11846,#11852));
#11837 = ORIENTED_EDGE('',*,*,#11806,.F.);
#11838 = ORIENTED_EDGE('',*,*,#11839,.T.);
#11839 = EDGE_CURVE('',#11807,#11840,#11842,.T.);
#11840 = VERTEX_POINT('',#11841);
#11841 = CARTESIAN_POINT('',(12.846974036626,-80.18132497098,23.));
#11842 = LINE('',#11843,#11844);
#11843 = CARTESIAN_POINT('',(12.846974036626,-80.18132497098,7.99));
#11844 = VECTOR('',#11845,1.);
#11845 = DIRECTION('',(0.,0.,1.));
#11846 = ORIENTED_EDGE('',*,*,#11847,.T.);
#11847 = EDGE_CURVE('',#11840,#2848,#11848,.T.);
#11848 = LINE('',#11849,#11850);
#11849 = CARTESIAN_POINT('',(12.69508482121,-79.19448489246,23.));
#11850 = VECTOR('',#11851,1.);
#11851 = DIRECTION('',(0.15212338619,-0.988361510468,0.));
#11852 = ORIENTED_EDGE('',*,*,#2856,.F.);
#11853 = PLANE('',#11854);
#11854 = AXIS2_PLACEMENT_3D('',#11855,#11856,#11857);
#11855 = CARTESIAN_POINT('',(12.69508482121,-79.19448489246,18.5));
#11856 = DIRECTION('',(0.988361510468,0.15212338619,0.));
#11857 = DIRECTION('',(0.,0.,1.));
#11858 = ADVANCED_FACE('',(#11859),#11878,.F.);
#11859 = FACE_BOUND('',#11860,.F.);
#11860 = EDGE_LOOP('',(#11861,#11862,#11871,#11877));
#11861 = ORIENTED_EDGE('',*,*,#11847,.F.);
#11862 = ORIENTED_EDGE('',*,*,#11863,.F.);
#11863 = EDGE_CURVE('',#11864,#11840,#11866,.T.);
#11864 = VERTEX_POINT('',#11865);
#11865 = CARTESIAN_POINT('',(11.858612526158,-80.33344835717,23.));
#11866 = CIRCLE('',#11867,81.204);
#11867 = AXIS2_PLACEMENT_3D('',#11868,#11869,#11870);
#11868 = CARTESIAN_POINT('',(0.,0.,23.));
#11869 = DIRECTION('',(0.,0.,1.));
#11870 = DIRECTION('',(1.,0.,-0.));
#11871 = ORIENTED_EDGE('',*,*,#11872,.T.);
#11872 = EDGE_CURVE('',#11864,#2840,#11873,.T.);
#11873 = LINE('',#11874,#11875);
#11874 = CARTESIAN_POINT('',(11.706723310742,-79.34660827865,23.));
#11875 = VECTOR('',#11876,1.);
#11876 = DIRECTION('',(0.15212338619,-0.988361510468,0.));
#11877 = ORIENTED_EDGE('',*,*,#2847,.T.);
#11878 = PLANE('',#11879);
#11879 = AXIS2_PLACEMENT_3D('',#11880,#11881,#11882);
#11880 = CARTESIAN_POINT('',(11.706723310742,-79.34660827865,23.));
#11881 = DIRECTION('',(0.,0.,1.));
#11882 = DIRECTION('',(0.15212338619,-0.988361510468,0.));
#11883 = ADVANCED_FACE('',(#11884),#11895,.T.);
#11884 = FACE_BOUND('',#11885,.T.);
#11885 = EDGE_LOOP('',(#11886,#11887,#11893,#11894));
#11886 = ORIENTED_EDGE('',*,*,#11823,.F.);
#11887 = ORIENTED_EDGE('',*,*,#11888,.T.);
#11888 = EDGE_CURVE('',#11815,#11864,#11889,.T.);
#11889 = LINE('',#11890,#11891);
#11890 = CARTESIAN_POINT('',(11.858612526158,-80.33344835717,7.99));
#11891 = VECTOR('',#11892,1.);
#11892 = DIRECTION('',(0.,0.,1.));
#11893 = ORIENTED_EDGE('',*,*,#11872,.T.);
#11894 = ORIENTED_EDGE('',*,*,#2839,.F.);
#11895 = PLANE('',#11896);
#11896 = AXIS2_PLACEMENT_3D('',#11897,#11898,#11899);
#11897 = CARTESIAN_POINT('',(11.706723310742,-79.34660827865,18.5));
#11898 = DIRECTION('',(0.988361510468,0.15212338619,0.));
#11899 = DIRECTION('',(0.,0.,1.));
#11900 = ADVANCED_FACE('',(#11901),#11927,.T.);
#11901 = FACE_BOUND('',#11902,.T.);
#11902 = EDGE_LOOP('',(#11903,#11911,#11920,#11926));
#11903 = ORIENTED_EDGE('',*,*,#11904,.F.);
#11904 = EDGE_CURVE('',#11905,#2867,#11907,.T.);
#11905 = VERTEX_POINT('',#11906);
#11906 = CARTESIAN_POINT('',(16.332206837375,-79.54463297936,18.5));
#11907 = LINE('',#11908,#11909);
#11908 = CARTESIAN_POINT('',(16.137416827183,-78.56535746845,18.5));
#11909 = VECTOR('',#11910,1.);
#11910 = DIRECTION('',(0.195090322016,-0.980785280403,0.));
#11911 = ORIENTED_EDGE('',*,*,#11912,.F.);
#11912 = EDGE_CURVE('',#11913,#11905,#11915,.T.);
#11913 = VERTEX_POINT('',#11914);
#11914 = CARTESIAN_POINT('',(15.351421556972,-79.73972330137,18.5));
#11915 = CIRCLE('',#11916,81.204);
#11916 = AXIS2_PLACEMENT_3D('',#11917,#11918,#11919);
#11917 = CARTESIAN_POINT('',(0.,0.,18.5));
#11918 = DIRECTION('',(0.,0.,1.));
#11919 = DIRECTION('',(1.,0.,-0.));
#11920 = ORIENTED_EDGE('',*,*,#11921,.T.);
#11921 = EDGE_CURVE('',#11913,#2865,#11922,.T.);
#11922 = LINE('',#11923,#11924);
#11923 = CARTESIAN_POINT('',(15.15663154678,-78.76044779046,18.5));
#11924 = VECTOR('',#11925,1.);
#11925 = DIRECTION('',(0.195090322016,-0.980785280403,0.));
#11926 = ORIENTED_EDGE('',*,*,#2864,.T.);
#11927 = PLANE('',#11928);
#11928 = AXIS2_PLACEMENT_3D('',#11929,#11930,#11931);
#11929 = CARTESIAN_POINT('',(15.15663154678,-78.76044779046,18.5));
#11930 = DIRECTION('',(0.,0.,1.));
#11931 = DIRECTION('',(0.195090322016,-0.980785280403,0.));
#11932 = ADVANCED_FACE('',(#11933),#11951,.F.);
#11933 = FACE_BOUND('',#11934,.F.);
#11934 = EDGE_LOOP('',(#11935,#11936,#11944,#11950));
#11935 = ORIENTED_EDGE('',*,*,#11904,.F.);
#11936 = ORIENTED_EDGE('',*,*,#11937,.T.);
#11937 = EDGE_CURVE('',#11905,#11938,#11940,.T.);
#11938 = VERTEX_POINT('',#11939);
#11939 = CARTESIAN_POINT('',(16.332206837375,-79.54463297936,23.));
#11940 = LINE('',#11941,#11942);
#11941 = CARTESIAN_POINT('',(16.332206837375,-79.54463297936,7.99));
#11942 = VECTOR('',#11943,1.);
#11943 = DIRECTION('',(0.,0.,1.));
#11944 = ORIENTED_EDGE('',*,*,#11945,.T.);
#11945 = EDGE_CURVE('',#11938,#2884,#11946,.T.);
#11946 = LINE('',#11947,#11948);
#11947 = CARTESIAN_POINT('',(16.137416827183,-78.56535746845,23.));
#11948 = VECTOR('',#11949,1.);
#11949 = DIRECTION('',(0.195090322016,-0.980785280403,0.));
#11950 = ORIENTED_EDGE('',*,*,#2892,.F.);
#11951 = PLANE('',#11952);
#11952 = AXIS2_PLACEMENT_3D('',#11953,#11954,#11955);
#11953 = CARTESIAN_POINT('',(16.137416827183,-78.56535746845,18.5));
#11954 = DIRECTION('',(0.980785280403,0.195090322016,0.));
#11955 = DIRECTION('',(0.,0.,1.));
#11956 = ADVANCED_FACE('',(#11957),#11976,.F.);
#11957 = FACE_BOUND('',#11958,.F.);
#11958 = EDGE_LOOP('',(#11959,#11960,#11969,#11975));
#11959 = ORIENTED_EDGE('',*,*,#11945,.F.);
#11960 = ORIENTED_EDGE('',*,*,#11961,.F.);
#11961 = EDGE_CURVE('',#11962,#11938,#11964,.T.);
#11962 = VERTEX_POINT('',#11963);
#11963 = CARTESIAN_POINT('',(15.351421556972,-79.73972330137,23.));
#11964 = CIRCLE('',#11965,81.204);
#11965 = AXIS2_PLACEMENT_3D('',#11966,#11967,#11968);
#11966 = CARTESIAN_POINT('',(0.,0.,23.));
#11967 = DIRECTION('',(0.,0.,1.));
#11968 = DIRECTION('',(1.,0.,-0.));
#11969 = ORIENTED_EDGE('',*,*,#11970,.T.);
#11970 = EDGE_CURVE('',#11962,#2876,#11971,.T.);
#11971 = LINE('',#11972,#11973);
#11972 = CARTESIAN_POINT('',(15.15663154678,-78.76044779046,23.));
#11973 = VECTOR('',#11974,1.);
#11974 = DIRECTION('',(0.195090322016,-0.980785280403,0.));
#11975 = ORIENTED_EDGE('',*,*,#2883,.T.);
#11976 = PLANE('',#11977);
#11977 = AXIS2_PLACEMENT_3D('',#11978,#11979,#11980);
#11978 = CARTESIAN_POINT('',(15.15663154678,-78.76044779046,23.));
#11979 = DIRECTION('',(0.,0.,1.));
#11980 = DIRECTION('',(0.195090322016,-0.980785280403,0.));
#11981 = ADVANCED_FACE('',(#11982),#11993,.T.);
#11982 = FACE_BOUND('',#11983,.T.);
#11983 = EDGE_LOOP('',(#11984,#11985,#11991,#11992));
#11984 = ORIENTED_EDGE('',*,*,#11921,.F.);
#11985 = ORIENTED_EDGE('',*,*,#11986,.T.);
#11986 = EDGE_CURVE('',#11913,#11962,#11987,.T.);
#11987 = LINE('',#11988,#11989);
#11988 = CARTESIAN_POINT('',(15.351421556972,-79.73972330137,7.99));
#11989 = VECTOR('',#11990,1.);
#11990 = DIRECTION('',(0.,0.,1.));
#11991 = ORIENTED_EDGE('',*,*,#11970,.T.);
#11992 = ORIENTED_EDGE('',*,*,#2875,.F.);
#11993 = PLANE('',#11994);
#11994 = AXIS2_PLACEMENT_3D('',#11995,#11996,#11997);
#11995 = CARTESIAN_POINT('',(15.15663154678,-78.76044779046,18.5));
#11996 = DIRECTION('',(0.980785280403,0.195090322016,0.));
#11997 = DIRECTION('',(0.,0.,1.));
#11998 = ADVANCED_FACE('',(#11999),#12025,.T.);
#11999 = FACE_BOUND('',#12000,.T.);
#12000 = EDGE_LOOP('',(#12001,#12009,#12018,#12024));
#12001 = ORIENTED_EDGE('',*,*,#12002,.F.);
#12002 = EDGE_CURVE('',#12003,#2903,#12005,.T.);
#12003 = VERTEX_POINT('',#12004);
#12004 = CARTESIAN_POINT('',(19.786350354147,-78.75652325784,18.5));
#12005 = LINE('',#12006,#12007);
#12006 = CARTESIAN_POINT('',(19.549030343035,-77.78667642114,18.5));
#12007 = VECTOR('',#12008,1.);
#12008 = DIRECTION('',(0.237685892326,-0.971342069813,0.));
#12009 = ORIENTED_EDGE('',*,*,#12010,.F.);
#12010 = EDGE_CURVE('',#12011,#12003,#12013,.T.);
#12011 = VERTEX_POINT('',#12012);
#12012 = CARTESIAN_POINT('',(18.815008284333,-78.99420915016,18.5));
#12013 = CIRCLE('',#12014,81.204);
#12014 = AXIS2_PLACEMENT_3D('',#12015,#12016,#12017);
#12015 = CARTESIAN_POINT('',(0.,0.,18.5));
#12016 = DIRECTION('',(0.,0.,1.));
#12017 = DIRECTION('',(1.,0.,-0.));
#12018 = ORIENTED_EDGE('',*,*,#12019,.T.);
#12019 = EDGE_CURVE('',#12011,#2901,#12020,.T.);
#12020 = LINE('',#12021,#12022);
#12021 = CARTESIAN_POINT('',(18.577688273222,-78.02436231346,18.5));
#12022 = VECTOR('',#12023,1.);
#12023 = DIRECTION('',(0.237685892326,-0.971342069813,0.));
#12024 = ORIENTED_EDGE('',*,*,#2900,.T.);
#12025 = PLANE('',#12026);
#12026 = AXIS2_PLACEMENT_3D('',#12027,#12028,#12029);
#12027 = CARTESIAN_POINT('',(18.577688273222,-78.02436231346,18.5));
#12028 = DIRECTION('',(0.,0.,1.));
#12029 = DIRECTION('',(0.237685892326,-0.971342069813,0.));
#12030 = ADVANCED_FACE('',(#12031),#12049,.F.);
#12031 = FACE_BOUND('',#12032,.F.);
#12032 = EDGE_LOOP('',(#12033,#12034,#12042,#12048));
#12033 = ORIENTED_EDGE('',*,*,#12002,.F.);
#12034 = ORIENTED_EDGE('',*,*,#12035,.T.);
#12035 = EDGE_CURVE('',#12003,#12036,#12038,.T.);
#12036 = VERTEX_POINT('',#12037);
#12037 = CARTESIAN_POINT('',(19.786350354147,-78.75652325784,23.));
#12038 = LINE('',#12039,#12040);
#12039 = CARTESIAN_POINT('',(19.786350354147,-78.75652325784,7.99));
#12040 = VECTOR('',#12041,1.);
#12041 = DIRECTION('',(0.,0.,1.));
#12042 = ORIENTED_EDGE('',*,*,#12043,.T.);
#12043 = EDGE_CURVE('',#12036,#2920,#12044,.T.);
#12044 = LINE('',#12045,#12046);
#12045 = CARTESIAN_POINT('',(19.549030343035,-77.78667642114,23.));
#12046 = VECTOR('',#12047,1.);
#12047 = DIRECTION('',(0.237685892326,-0.971342069813,0.));
#12048 = ORIENTED_EDGE('',*,*,#2928,.F.);
#12049 = PLANE('',#12050);
#12050 = AXIS2_PLACEMENT_3D('',#12051,#12052,#12053);
#12051 = CARTESIAN_POINT('',(19.549030343035,-77.78667642114,18.5));
#12052 = DIRECTION('',(0.971342069813,0.237685892326,0.));
#12053 = DIRECTION('',(0.,0.,1.));
#12054 = ADVANCED_FACE('',(#12055),#12074,.F.);
#12055 = FACE_BOUND('',#12056,.F.);
#12056 = EDGE_LOOP('',(#12057,#12058,#12067,#12073));
#12057 = ORIENTED_EDGE('',*,*,#12043,.F.);
#12058 = ORIENTED_EDGE('',*,*,#12059,.F.);
#12059 = EDGE_CURVE('',#12060,#12036,#12062,.T.);
#12060 = VERTEX_POINT('',#12061);
#12061 = CARTESIAN_POINT('',(18.815008284333,-78.99420915016,23.));
#12062 = CIRCLE('',#12063,81.204);
#12063 = AXIS2_PLACEMENT_3D('',#12064,#12065,#12066);
#12064 = CARTESIAN_POINT('',(0.,0.,23.));
#12065 = DIRECTION('',(0.,0.,1.));
#12066 = DIRECTION('',(1.,0.,-0.));
#12067 = ORIENTED_EDGE('',*,*,#12068,.T.);
#12068 = EDGE_CURVE('',#12060,#2912,#12069,.T.);
#12069 = LINE('',#12070,#12071);
#12070 = CARTESIAN_POINT('',(18.577688273222,-78.02436231346,23.));
#12071 = VECTOR('',#12072,1.);
#12072 = DIRECTION('',(0.237685892326,-0.971342069813,0.));
#12073 = ORIENTED_EDGE('',*,*,#2919,.T.);
#12074 = PLANE('',#12075);
#12075 = AXIS2_PLACEMENT_3D('',#12076,#12077,#12078);
#12076 = CARTESIAN_POINT('',(18.577688273222,-78.02436231346,23.));
#12077 = DIRECTION('',(0.,0.,1.));
#12078 = DIRECTION('',(0.237685892326,-0.971342069813,0.));
#12079 = ADVANCED_FACE('',(#12080),#12091,.T.);
#12080 = FACE_BOUND('',#12081,.T.);
#12081 = EDGE_LOOP('',(#12082,#12083,#12089,#12090));
#12082 = ORIENTED_EDGE('',*,*,#12019,.F.);
#12083 = ORIENTED_EDGE('',*,*,#12084,.T.);
#12084 = EDGE_CURVE('',#12011,#12060,#12085,.T.);
#12085 = LINE('',#12086,#12087);
#12086 = CARTESIAN_POINT('',(18.815008284333,-78.99420915016,7.99));
#12087 = VECTOR('',#12088,1.);
#12088 = DIRECTION('',(0.,0.,1.));
#12089 = ORIENTED_EDGE('',*,*,#12068,.T.);
#12090 = ORIENTED_EDGE('',*,*,#2911,.F.);
#12091 = PLANE('',#12092);
#12092 = AXIS2_PLACEMENT_3D('',#12093,#12094,#12095);
#12093 = CARTESIAN_POINT('',(18.577688273222,-78.02436231346,18.5));
#12094 = DIRECTION('',(0.971342069813,0.237685892326,0.));
#12095 = DIRECTION('',(0.,0.,1.));
#12096 = ADVANCED_FACE('',(#12097),#12123,.T.);
#12097 = FACE_BOUND('',#12098,.T.);
#12098 = EDGE_LOOP('',(#12099,#12107,#12116,#12122));
#12099 = ORIENTED_EDGE('',*,*,#12100,.F.);
#12100 = EDGE_CURVE('',#12101,#2939,#12103,.T.);
#12101 = VERTEX_POINT('',#12102);
#12102 = CARTESIAN_POINT('',(23.202829428437,-77.81849601807,18.5));
#12103 = LINE('',#12104,#12105);
#12104 = CARTESIAN_POINT('',(22.923431168535,-76.85992401415,18.5));
#12105 = VECTOR('',#12106,1.);
#12106 = DIRECTION('',(0.279829014031,-0.960049854386,0.));
#12107 = ORIENTED_EDGE('',*,*,#12108,.F.);
#12108 = EDGE_CURVE('',#12109,#12101,#12111,.T.);
#12109 = VERTEX_POINT('',#12110);
#12110 = CARTESIAN_POINT('',(22.242779574051,-78.0983250321,18.5));
#12111 = CIRCLE('',#12112,81.204);
#12112 = AXIS2_PLACEMENT_3D('',#12113,#12114,#12115);
#12113 = CARTESIAN_POINT('',(0.,0.,18.5));
#12114 = DIRECTION('',(0.,0.,1.));
#12115 = DIRECTION('',(1.,0.,-0.));
#12116 = ORIENTED_EDGE('',*,*,#12117,.T.);
#12117 = EDGE_CURVE('',#12109,#2937,#12118,.T.);
#12118 = LINE('',#12119,#12120);
#12119 = CARTESIAN_POINT('',(21.963381314149,-77.13975302818,18.5));
#12120 = VECTOR('',#12121,1.);
#12121 = DIRECTION('',(0.279829014031,-0.960049854386,0.));
#12122 = ORIENTED_EDGE('',*,*,#2936,.T.);
#12123 = PLANE('',#12124);
#12124 = AXIS2_PLACEMENT_3D('',#12125,#12126,#12127);
#12125 = CARTESIAN_POINT('',(21.963381314149,-77.13975302818,18.5));
#12126 = DIRECTION('',(0.,0.,1.));
#12127 = DIRECTION('',(0.279829014031,-0.960049854386,0.));
#12128 = ADVANCED_FACE('',(#12129),#12147,.F.);
#12129 = FACE_BOUND('',#12130,.F.);
#12130 = EDGE_LOOP('',(#12131,#12132,#12140,#12146));
#12131 = ORIENTED_EDGE('',*,*,#12100,.F.);
#12132 = ORIENTED_EDGE('',*,*,#12133,.T.);
#12133 = EDGE_CURVE('',#12101,#12134,#12136,.T.);
#12134 = VERTEX_POINT('',#12135);
#12135 = CARTESIAN_POINT('',(23.202829428437,-77.81849601807,23.));
#12136 = LINE('',#12137,#12138);
#12137 = CARTESIAN_POINT('',(23.202829428437,-77.81849601807,7.99));
#12138 = VECTOR('',#12139,1.);
#12139 = DIRECTION('',(0.,0.,1.));
#12140 = ORIENTED_EDGE('',*,*,#12141,.T.);
#12141 = EDGE_CURVE('',#12134,#2956,#12142,.T.);
#12142 = LINE('',#12143,#12144);
#12143 = CARTESIAN_POINT('',(22.923431168535,-76.85992401415,23.));
#12144 = VECTOR('',#12145,1.);
#12145 = DIRECTION('',(0.279829014031,-0.960049854386,0.));
#12146 = ORIENTED_EDGE('',*,*,#2964,.F.);
#12147 = PLANE('',#12148);
#12148 = AXIS2_PLACEMENT_3D('',#12149,#12150,#12151);
#12149 = CARTESIAN_POINT('',(22.923431168535,-76.85992401415,18.5));
#12150 = DIRECTION('',(0.960049854386,0.279829014031,0.));
#12151 = DIRECTION('',(0.,0.,1.));
#12152 = ADVANCED_FACE('',(#12153),#12172,.F.);
#12153 = FACE_BOUND('',#12154,.F.);
#12154 = EDGE_LOOP('',(#12155,#12156,#12165,#12171));
#12155 = ORIENTED_EDGE('',*,*,#12141,.F.);
#12156 = ORIENTED_EDGE('',*,*,#12157,.F.);
#12157 = EDGE_CURVE('',#12158,#12134,#12160,.T.);
#12158 = VERTEX_POINT('',#12159);
#12159 = CARTESIAN_POINT('',(22.242779574051,-78.0983250321,23.));
#12160 = CIRCLE('',#12161,81.204);
#12161 = AXIS2_PLACEMENT_3D('',#12162,#12163,#12164);
#12162 = CARTESIAN_POINT('',(0.,0.,23.));
#12163 = DIRECTION('',(0.,0.,1.));
#12164 = DIRECTION('',(1.,0.,-0.));
#12165 = ORIENTED_EDGE('',*,*,#12166,.T.);
#12166 = EDGE_CURVE('',#12158,#2948,#12167,.T.);
#12167 = LINE('',#12168,#12169);
#12168 = CARTESIAN_POINT('',(21.963381314149,-77.13975302818,23.));
#12169 = VECTOR('',#12170,1.);
#12170 = DIRECTION('',(0.279829014031,-0.960049854386,0.));
#12171 = ORIENTED_EDGE('',*,*,#2955,.T.);
#12172 = PLANE('',#12173);
#12173 = AXIS2_PLACEMENT_3D('',#12174,#12175,#12176);
#12174 = CARTESIAN_POINT('',(21.963381314149,-77.13975302818,23.));
#12175 = DIRECTION('',(0.,0.,1.));
#12176 = DIRECTION('',(0.279829014031,-0.960049854386,0.));
#12177 = ADVANCED_FACE('',(#12178),#12189,.T.);
#12178 = FACE_BOUND('',#12179,.T.);
#12179 = EDGE_LOOP('',(#12180,#12181,#12187,#12188));
#12180 = ORIENTED_EDGE('',*,*,#12117,.F.);
#12181 = ORIENTED_EDGE('',*,*,#12182,.T.);
#12182 = EDGE_CURVE('',#12109,#12158,#12183,.T.);
#12183 = LINE('',#12184,#12185);
#12184 = CARTESIAN_POINT('',(22.242779574051,-78.0983250321,7.99));
#12185 = VECTOR('',#12186,1.);
#12186 = DIRECTION('',(0.,0.,1.));
#12187 = ORIENTED_EDGE('',*,*,#12166,.T.);
#12188 = ORIENTED_EDGE('',*,*,#2947,.F.);
#12189 = PLANE('',#12190);
#12190 = AXIS2_PLACEMENT_3D('',#12191,#12192,#12193);
#12191 = CARTESIAN_POINT('',(21.963381314149,-77.13975302818,18.5));
#12192 = DIRECTION('',(0.960049854386,0.279829014031,0.));
#12193 = DIRECTION('',(0.,0.,1.));
#12194 = ADVANCED_FACE('',(#12195),#12221,.T.);
#12195 = FACE_BOUND('',#12196,.T.);
#12196 = EDGE_LOOP('',(#12197,#12205,#12214,#12220));
#12197 = ORIENTED_EDGE('',*,*,#12198,.F.);
#12198 = EDGE_CURVE('',#12199,#2975,#12201,.T.);
#12199 = VERTEX_POINT('',#12200);
#12200 = CARTESIAN_POINT('',(26.575140598147,-76.73233684822,18.5));
#12201 = LINE('',#12202,#12203);
#12202 = CARTESIAN_POINT('',(26.254195939922,-75.78686437337,18.5));
#12203 = VECTOR('',#12204,1.);
#12204 = DIRECTION('',(0.321439465303,-0.946930129495,0.));
#12205 = ORIENTED_EDGE('',*,*,#12206,.F.);
#12206 = EDGE_CURVE('',#12207,#12199,#12209,.T.);
#12207 = VERTEX_POINT('',#12208);
#12208 = CARTESIAN_POINT('',(25.628210468652,-77.05377631352,18.5));
#12209 = CIRCLE('',#12210,81.204);
#12210 = AXIS2_PLACEMENT_3D('',#12211,#12212,#12213);
#12211 = CARTESIAN_POINT('',(0.,0.,18.5));
#12212 = DIRECTION('',(0.,0.,1.));
#12213 = DIRECTION('',(1.,0.,-0.));
#12214 = ORIENTED_EDGE('',*,*,#12215,.T.);
#12215 = EDGE_CURVE('',#12207,#2973,#12216,.T.);
#12216 = LINE('',#12217,#12218);
#12217 = CARTESIAN_POINT('',(25.307265810427,-76.10830383867,18.5));
#12218 = VECTOR('',#12219,1.);
#12219 = DIRECTION('',(0.321439465303,-0.946930129495,0.));
#12220 = ORIENTED_EDGE('',*,*,#2972,.T.);
#12221 = PLANE('',#12222);
#12222 = AXIS2_PLACEMENT_3D('',#12223,#12224,#12225);
#12223 = CARTESIAN_POINT('',(25.307265810427,-76.10830383867,18.5));
#12224 = DIRECTION('',(0.,0.,1.));
#12225 = DIRECTION('',(0.321439465303,-0.946930129495,0.));
#12226 = ADVANCED_FACE('',(#12227),#12245,.F.);
#12227 = FACE_BOUND('',#12228,.F.);
#12228 = EDGE_LOOP('',(#12229,#12230,#12238,#12244));
#12229 = ORIENTED_EDGE('',*,*,#12198,.F.);
#12230 = ORIENTED_EDGE('',*,*,#12231,.T.);
#12231 = EDGE_CURVE('',#12199,#12232,#12234,.T.);
#12232 = VERTEX_POINT('',#12233);
#12233 = CARTESIAN_POINT('',(26.575140598147,-76.73233684822,23.));
#12234 = LINE('',#12235,#12236);
#12235 = CARTESIAN_POINT('',(26.575140598147,-76.73233684822,7.99));
#12236 = VECTOR('',#12237,1.);
#12237 = DIRECTION('',(0.,0.,1.));
#12238 = ORIENTED_EDGE('',*,*,#12239,.T.);
#12239 = EDGE_CURVE('',#12232,#2992,#12240,.T.);
#12240 = LINE('',#12241,#12242);
#12241 = CARTESIAN_POINT('',(26.254195939922,-75.78686437337,23.));
#12242 = VECTOR('',#12243,1.);
#12243 = DIRECTION('',(0.321439465303,-0.946930129495,0.));
#12244 = ORIENTED_EDGE('',*,*,#3000,.F.);
#12245 = PLANE('',#12246);
#12246 = AXIS2_PLACEMENT_3D('',#12247,#12248,#12249);
#12247 = CARTESIAN_POINT('',(26.254195939922,-75.78686437337,18.5));
#12248 = DIRECTION('',(0.946930129495,0.321439465303,0.));
#12249 = DIRECTION('',(0.,0.,1.));
#12250 = ADVANCED_FACE('',(#12251),#12270,.F.);
#12251 = FACE_BOUND('',#12252,.F.);
#12252 = EDGE_LOOP('',(#12253,#12254,#12263,#12269));
#12253 = ORIENTED_EDGE('',*,*,#12239,.F.);
#12254 = ORIENTED_EDGE('',*,*,#12255,.F.);
#12255 = EDGE_CURVE('',#12256,#12232,#12258,.T.);
#12256 = VERTEX_POINT('',#12257);
#12257 = CARTESIAN_POINT('',(25.628210468652,-77.05377631352,23.));
#12258 = CIRCLE('',#12259,81.204);
#12259 = AXIS2_PLACEMENT_3D('',#12260,#12261,#12262);
#12260 = CARTESIAN_POINT('',(0.,0.,23.));
#12261 = DIRECTION('',(0.,0.,1.));
#12262 = DIRECTION('',(1.,0.,-0.));
#12263 = ORIENTED_EDGE('',*,*,#12264,.T.);
#12264 = EDGE_CURVE('',#12256,#2984,#12265,.T.);
#12265 = LINE('',#12266,#12267);
#12266 = CARTESIAN_POINT('',(25.307265810427,-76.10830383867,23.));
#12267 = VECTOR('',#12268,1.);
#12268 = DIRECTION('',(0.321439465303,-0.946930129495,0.));
#12269 = ORIENTED_EDGE('',*,*,#2991,.T.);
#12270 = PLANE('',#12271);
#12271 = AXIS2_PLACEMENT_3D('',#12272,#12273,#12274);
#12272 = CARTESIAN_POINT('',(25.307265810427,-76.10830383867,23.));
#12273 = DIRECTION('',(0.,0.,1.));
#12274 = DIRECTION('',(0.321439465303,-0.946930129495,0.));
#12275 = ADVANCED_FACE('',(#12276),#12287,.T.);
#12276 = FACE_BOUND('',#12277,.T.);
#12277 = EDGE_LOOP('',(#12278,#12279,#12285,#12286));
#12278 = ORIENTED_EDGE('',*,*,#12215,.F.);
#12279 = ORIENTED_EDGE('',*,*,#12280,.T.);
#12280 = EDGE_CURVE('',#12207,#12256,#12281,.T.);
#12281 = LINE('',#12282,#12283);
#12282 = CARTESIAN_POINT('',(25.628210468652,-77.05377631352,7.99));
#12283 = VECTOR('',#12284,1.);
#12284 = DIRECTION('',(0.,0.,1.));
#12285 = ORIENTED_EDGE('',*,*,#12264,.T.);
#12286 = ORIENTED_EDGE('',*,*,#2983,.F.);
#12287 = PLANE('',#12288);
#12288 = AXIS2_PLACEMENT_3D('',#12289,#12290,#12291);
#12289 = CARTESIAN_POINT('',(25.307265810427,-76.10830383867,18.5));
#12290 = DIRECTION('',(0.946930129495,0.321439465303,0.));
#12291 = DIRECTION('',(0.,0.,1.));
#12292 = ADVANCED_FACE('',(#12293),#12319,.T.);
#12293 = FACE_BOUND('',#12294,.T.);
#12294 = EDGE_LOOP('',(#12295,#12303,#12312,#12318));
#12295 = ORIENTED_EDGE('',*,*,#12296,.F.);
#12296 = EDGE_CURVE('',#12297,#3011,#12299,.T.);
#12297 = VERTEX_POINT('',#12298);
#12298 = CARTESIAN_POINT('',(29.896864477297,-75.50011331399,18.5));
#12299 = LINE('',#12300,#12301);
#12300 = CARTESIAN_POINT('',(29.534984357147,-74.56954012881,18.5));
#12301 = VECTOR('',#12302,1.);
#12302 = DIRECTION('',(0.362438038284,-0.932007869283,0.));
#12303 = ORIENTED_EDGE('',*,*,#12304,.F.);
#12304 = EDGE_CURVE('',#12305,#12297,#12307,.T.);
#12305 = VERTEX_POINT('',#12306);
#12306 = CARTESIAN_POINT('',(28.964856608014,-75.86255135227,18.5));
#12307 = CIRCLE('',#12308,81.204);
#12308 = AXIS2_PLACEMENT_3D('',#12309,#12310,#12311);
#12309 = CARTESIAN_POINT('',(0.,0.,18.5));
#12310 = DIRECTION('',(0.,0.,1.));
#12311 = DIRECTION('',(1.,0.,-0.));
#12312 = ORIENTED_EDGE('',*,*,#12313,.T.);
#12313 = EDGE_CURVE('',#12305,#3009,#12314,.T.);
#12314 = LINE('',#12315,#12316);
#12315 = CARTESIAN_POINT('',(28.602976487865,-74.93197816709,18.5));
#12316 = VECTOR('',#12317,1.);
#12317 = DIRECTION('',(0.362438038284,-0.932007869283,0.));
#12318 = ORIENTED_EDGE('',*,*,#3008,.T.);
#12319 = PLANE('',#12320);
#12320 = AXIS2_PLACEMENT_3D('',#12321,#12322,#12323);
#12321 = CARTESIAN_POINT('',(28.602976487865,-74.93197816709,18.5));
#12322 = DIRECTION('',(0.,0.,1.));
#12323 = DIRECTION('',(0.362438038284,-0.932007869283,0.));
#12324 = ADVANCED_FACE('',(#12325),#12343,.F.);
#12325 = FACE_BOUND('',#12326,.F.);
#12326 = EDGE_LOOP('',(#12327,#12328,#12336,#12342));
#12327 = ORIENTED_EDGE('',*,*,#12296,.F.);
#12328 = ORIENTED_EDGE('',*,*,#12329,.T.);
#12329 = EDGE_CURVE('',#12297,#12330,#12332,.T.);
#12330 = VERTEX_POINT('',#12331);
#12331 = CARTESIAN_POINT('',(29.896864477297,-75.50011331399,23.));
#12332 = LINE('',#12333,#12334);
#12333 = CARTESIAN_POINT('',(29.896864477297,-75.50011331399,7.99));
#12334 = VECTOR('',#12335,1.);
#12335 = DIRECTION('',(0.,0.,1.));
#12336 = ORIENTED_EDGE('',*,*,#12337,.T.);
#12337 = EDGE_CURVE('',#12330,#3028,#12338,.T.);
#12338 = LINE('',#12339,#12340);
#12339 = CARTESIAN_POINT('',(29.534984357147,-74.56954012881,23.));
#12340 = VECTOR('',#12341,1.);
#12341 = DIRECTION('',(0.362438038284,-0.932007869283,0.));
#12342 = ORIENTED_EDGE('',*,*,#3036,.F.);
#12343 = PLANE('',#12344);
#12344 = AXIS2_PLACEMENT_3D('',#12345,#12346,#12347);
#12345 = CARTESIAN_POINT('',(29.534984357147,-74.56954012881,18.5));
#12346 = DIRECTION('',(0.932007869283,0.362438038284,0.));
#12347 = DIRECTION('',(0.,0.,1.));
#12348 = ADVANCED_FACE('',(#12349),#12368,.F.);
#12349 = FACE_BOUND('',#12350,.F.);
#12350 = EDGE_LOOP('',(#12351,#12352,#12361,#12367));
#12351 = ORIENTED_EDGE('',*,*,#12337,.F.);
#12352 = ORIENTED_EDGE('',*,*,#12353,.F.);
#12353 = EDGE_CURVE('',#12354,#12330,#12356,.T.);
#12354 = VERTEX_POINT('',#12355);
#12355 = CARTESIAN_POINT('',(28.964856608014,-75.86255135227,23.));
#12356 = CIRCLE('',#12357,81.204);
#12357 = AXIS2_PLACEMENT_3D('',#12358,#12359,#12360);
#12358 = CARTESIAN_POINT('',(0.,0.,23.));
#12359 = DIRECTION('',(0.,0.,1.));
#12360 = DIRECTION('',(1.,0.,-0.));
#12361 = ORIENTED_EDGE('',*,*,#12362,.T.);
#12362 = EDGE_CURVE('',#12354,#3020,#12363,.T.);
#12363 = LINE('',#12364,#12365);
#12364 = CARTESIAN_POINT('',(28.602976487865,-74.93197816709,23.));
#12365 = VECTOR('',#12366,1.);
#12366 = DIRECTION('',(0.362438038284,-0.932007869283,0.));
#12367 = ORIENTED_EDGE('',*,*,#3027,.T.);
#12368 = PLANE('',#12369);
#12369 = AXIS2_PLACEMENT_3D('',#12370,#12371,#12372);
#12370 = CARTESIAN_POINT('',(28.602976487865,-74.93197816709,23.));
#12371 = DIRECTION('',(0.,0.,1.));
#12372 = DIRECTION('',(0.362438038284,-0.932007869283,0.));
#12373 = ADVANCED_FACE('',(#12374),#12385,.T.);
#12374 = FACE_BOUND('',#12375,.T.);
#12375 = EDGE_LOOP('',(#12376,#12377,#12383,#12384));
#12376 = ORIENTED_EDGE('',*,*,#12313,.F.);
#12377 = ORIENTED_EDGE('',*,*,#12378,.T.);
#12378 = EDGE_CURVE('',#12305,#12354,#12379,.T.);
#12379 = LINE('',#12380,#12381);
#12380 = CARTESIAN_POINT('',(28.964856608014,-75.86255135227,7.99));
#12381 = VECTOR('',#12382,1.);
#12382 = DIRECTION('',(0.,0.,1.));
#12383 = ORIENTED_EDGE('',*,*,#12362,.T.);
#12384 = ORIENTED_EDGE('',*,*,#3019,.F.);
#12385 = PLANE('',#12386);
#12386 = AXIS2_PLACEMENT_3D('',#12387,#12388,#12389);
#12387 = CARTESIAN_POINT('',(28.602976487865,-74.93197816709,18.5));
#12388 = DIRECTION('',(0.932007869283,0.362438038284,0.));
#12389 = DIRECTION('',(0.,0.,1.));
#12390 = ADVANCED_FACE('',(#12391),#12417,.T.);
#12391 = FACE_BOUND('',#12392,.T.);
#12392 = EDGE_LOOP('',(#12393,#12401,#12410,#12416));
#12393 = ORIENTED_EDGE('',*,*,#12394,.F.);
#12394 = EDGE_CURVE('',#12395,#3047,#12397,.T.);
#12395 = VERTEX_POINT('',#12396);
#12396 = CARTESIAN_POINT('',(33.161677975687,-74.12417102293,18.5));
#12397 = LINE('',#12398,#12399);
#12398 = CARTESIAN_POINT('',(32.75955125299,-73.21026852636,18.5));
#12399 = VECTOR('',#12400,1.);
#12400 = DIRECTION('',(0.402746689859,-0.915311479119,0.));
#12401 = ORIENTED_EDGE('',*,*,#12402,.F.);
#12402 = EDGE_CURVE('',#12403,#12395,#12405,.T.);
#12403 = VERTEX_POINT('',#12404);
#12404 = CARTESIAN_POINT('',(32.246366496567,-74.52691771279,18.5));
#12405 = CIRCLE('',#12406,81.204);
#12406 = AXIS2_PLACEMENT_3D('',#12407,#12408,#12409);
#12407 = CARTESIAN_POINT('',(0.,0.,18.5));
#12408 = DIRECTION('',(0.,0.,1.));
#12409 = DIRECTION('',(1.,0.,-0.));
#12410 = ORIENTED_EDGE('',*,*,#12411,.T.);
#12411 = EDGE_CURVE('',#12403,#3045,#12412,.T.);
#12412 = LINE('',#12413,#12414);
#12413 = CARTESIAN_POINT('',(31.84423977387,-73.61301521622,18.5));
#12414 = VECTOR('',#12415,1.);
#12415 = DIRECTION('',(0.402746689859,-0.915311479119,0.));
#12416 = ORIENTED_EDGE('',*,*,#3044,.T.);
#12417 = PLANE('',#12418);
#12418 = AXIS2_PLACEMENT_3D('',#12419,#12420,#12421);
#12419 = CARTESIAN_POINT('',(31.84423977387,-73.61301521622,18.5));
#12420 = DIRECTION('',(0.,0.,1.));
#12421 = DIRECTION('',(0.402746689859,-0.915311479119,0.));
#12422 = ADVANCED_FACE('',(#12423),#12441,.F.);
#12423 = FACE_BOUND('',#12424,.F.);
#12424 = EDGE_LOOP('',(#12425,#12426,#12434,#12440));
#12425 = ORIENTED_EDGE('',*,*,#12394,.F.);
#12426 = ORIENTED_EDGE('',*,*,#12427,.T.);
#12427 = EDGE_CURVE('',#12395,#12428,#12430,.T.);
#12428 = VERTEX_POINT('',#12429);
#12429 = CARTESIAN_POINT('',(33.161677975687,-74.12417102293,23.));
#12430 = LINE('',#12431,#12432);
#12431 = CARTESIAN_POINT('',(33.161677975687,-74.12417102293,7.99));
#12432 = VECTOR('',#12433,1.);
#12433 = DIRECTION('',(0.,0.,1.));
#12434 = ORIENTED_EDGE('',*,*,#12435,.T.);
#12435 = EDGE_CURVE('',#12428,#3064,#12436,.T.);
#12436 = LINE('',#12437,#12438);
#12437 = CARTESIAN_POINT('',(32.75955125299,-73.21026852636,23.));
#12438 = VECTOR('',#12439,1.);
#12439 = DIRECTION('',(0.402746689859,-0.915311479119,0.));
#12440 = ORIENTED_EDGE('',*,*,#3072,.F.);
#12441 = PLANE('',#12442);
#12442 = AXIS2_PLACEMENT_3D('',#12443,#12444,#12445);
#12443 = CARTESIAN_POINT('',(32.75955125299,-73.21026852636,18.5));
#12444 = DIRECTION('',(0.915311479119,0.402746689859,0.));
#12445 = DIRECTION('',(0.,0.,1.));
#12446 = ADVANCED_FACE('',(#12447),#12466,.F.);
#12447 = FACE_BOUND('',#12448,.F.);
#12448 = EDGE_LOOP('',(#12449,#12450,#12459,#12465));
#12449 = ORIENTED_EDGE('',*,*,#12435,.F.);
#12450 = ORIENTED_EDGE('',*,*,#12451,.F.);
#12451 = EDGE_CURVE('',#12452,#12428,#12454,.T.);
#12452 = VERTEX_POINT('',#12453);
#12453 = CARTESIAN_POINT('',(32.246366496567,-74.52691771279,23.));
#12454 = CIRCLE('',#12455,81.204);
#12455 = AXIS2_PLACEMENT_3D('',#12456,#12457,#12458);
#12456 = CARTESIAN_POINT('',(0.,0.,23.));
#12457 = DIRECTION('',(0.,0.,1.));
#12458 = DIRECTION('',(1.,0.,-0.));
#12459 = ORIENTED_EDGE('',*,*,#12460,.T.);
#12460 = EDGE_CURVE('',#12452,#3056,#12461,.T.);
#12461 = LINE('',#12462,#12463);
#12462 = CARTESIAN_POINT('',(31.84423977387,-73.61301521622,23.));
#12463 = VECTOR('',#12464,1.);
#12464 = DIRECTION('',(0.402746689859,-0.915311479119,0.));
#12465 = ORIENTED_EDGE('',*,*,#3063,.T.);
#12466 = PLANE('',#12467);
#12467 = AXIS2_PLACEMENT_3D('',#12468,#12469,#12470);
#12468 = CARTESIAN_POINT('',(31.84423977387,-73.61301521622,23.));
#12469 = DIRECTION('',(0.,0.,1.));
#12470 = DIRECTION('',(0.402746689859,-0.915311479119,0.));
#12471 = ADVANCED_FACE('',(#12472),#12483,.T.);
#12472 = FACE_BOUND('',#12473,.T.);
#12473 = EDGE_LOOP('',(#12474,#12475,#12481,#12482));
#12474 = ORIENTED_EDGE('',*,*,#12411,.F.);
#12475 = ORIENTED_EDGE('',*,*,#12476,.T.);
#12476 = EDGE_CURVE('',#12403,#12452,#12477,.T.);
#12477 = LINE('',#12478,#12479);
#12478 = CARTESIAN_POINT('',(32.246366496567,-74.52691771279,7.99));
#12479 = VECTOR('',#12480,1.);
#12480 = DIRECTION('',(0.,0.,1.));
#12481 = ORIENTED_EDGE('',*,*,#12460,.T.);
#12482 = ORIENTED_EDGE('',*,*,#3055,.F.);
#12483 = PLANE('',#12484);
#12484 = AXIS2_PLACEMENT_3D('',#12485,#12486,#12487);
#12485 = CARTESIAN_POINT('',(31.84423977387,-73.61301521622,18.5));
#12486 = DIRECTION('',(0.915311479119,0.402746689859,0.));
#12487 = DIRECTION('',(0.,0.,1.));
#12488 = ADVANCED_FACE('',(#12489),#12515,.T.);
#12489 = FACE_BOUND('',#12490,.T.);
#12490 = EDGE_LOOP('',(#12491,#12499,#12508,#12514));
#12491 = ORIENTED_EDGE('',*,*,#12492,.F.);
#12492 = EDGE_CURVE('',#12493,#3083,#12495,.T.);
#12493 = VERTEX_POINT('',#12494);
#12494 = CARTESIAN_POINT('',(36.363366335264,-72.60712915938,18.5));
#12495 = LINE('',#12496,#12497);
#12496 = CARTESIAN_POINT('',(35.921758481091,-71.71163701677,18.5));
#12497 = VECTOR('',#12498,1.);
#12498 = DIRECTION('',(0.442288690219,-0.896872741533,0.));
#12499 = ORIENTED_EDGE('',*,*,#12500,.F.);
#12500 = EDGE_CURVE('',#12501,#12493,#12503,.T.);
#12501 = VERTEX_POINT('',#12502);
#12502 = CARTESIAN_POINT('',(35.466493593731,-73.0494178496,18.5));
#12503 = CIRCLE('',#12504,81.204);
#12504 = AXIS2_PLACEMENT_3D('',#12505,#12506,#12507);
#12505 = CARTESIAN_POINT('',(0.,0.,18.5));
#12506 = DIRECTION('',(0.,0.,1.));
#12507 = DIRECTION('',(1.,0.,-0.));
#12508 = ORIENTED_EDGE('',*,*,#12509,.T.);
#12509 = EDGE_CURVE('',#12501,#3081,#12510,.T.);
#12510 = LINE('',#12511,#12512);
#12511 = CARTESIAN_POINT('',(35.024885739558,-72.15392570699,18.5));
#12512 = VECTOR('',#12513,1.);
#12513 = DIRECTION('',(0.442288690219,-0.896872741533,0.));
#12514 = ORIENTED_EDGE('',*,*,#3080,.T.);
#12515 = PLANE('',#12516);
#12516 = AXIS2_PLACEMENT_3D('',#12517,#12518,#12519);
#12517 = CARTESIAN_POINT('',(35.024885739558,-72.15392570699,18.5));
#12518 = DIRECTION('',(0.,0.,1.));
#12519 = DIRECTION('',(0.442288690219,-0.896872741533,0.));
#12520 = ADVANCED_FACE('',(#12521),#12539,.F.);
#12521 = FACE_BOUND('',#12522,.F.);
#12522 = EDGE_LOOP('',(#12523,#12524,#12532,#12538));
#12523 = ORIENTED_EDGE('',*,*,#12492,.F.);
#12524 = ORIENTED_EDGE('',*,*,#12525,.T.);
#12525 = EDGE_CURVE('',#12493,#12526,#12528,.T.);
#12526 = VERTEX_POINT('',#12527);
#12527 = CARTESIAN_POINT('',(36.363366335264,-72.60712915938,23.));
#12528 = LINE('',#12529,#12530);
#12529 = CARTESIAN_POINT('',(36.363366335264,-72.60712915938,7.99));
#12530 = VECTOR('',#12531,1.);
#12531 = DIRECTION('',(0.,0.,1.));
#12532 = ORIENTED_EDGE('',*,*,#12533,.T.);
#12533 = EDGE_CURVE('',#12526,#3100,#12534,.T.);
#12534 = LINE('',#12535,#12536);
#12535 = CARTESIAN_POINT('',(35.921758481091,-71.71163701677,23.));
#12536 = VECTOR('',#12537,1.);
#12537 = DIRECTION('',(0.442288690219,-0.896872741533,0.));
#12538 = ORIENTED_EDGE('',*,*,#3108,.F.);
#12539 = PLANE('',#12540);
#12540 = AXIS2_PLACEMENT_3D('',#12541,#12542,#12543);
#12541 = CARTESIAN_POINT('',(35.921758481091,-71.71163701677,18.5));
#12542 = DIRECTION('',(0.896872741533,0.442288690219,0.));
#12543 = DIRECTION('',(0.,0.,1.));
#12544 = ADVANCED_FACE('',(#12545),#12564,.F.);
#12545 = FACE_BOUND('',#12546,.F.);
#12546 = EDGE_LOOP('',(#12547,#12548,#12557,#12563));
#12547 = ORIENTED_EDGE('',*,*,#12533,.F.);
#12548 = ORIENTED_EDGE('',*,*,#12549,.F.);
#12549 = EDGE_CURVE('',#12550,#12526,#12552,.T.);
#12550 = VERTEX_POINT('',#12551);
#12551 = CARTESIAN_POINT('',(35.466493593731,-73.0494178496,23.));
#12552 = CIRCLE('',#12553,81.204);
#12553 = AXIS2_PLACEMENT_3D('',#12554,#12555,#12556);
#12554 = CARTESIAN_POINT('',(0.,0.,23.));
#12555 = DIRECTION('',(0.,0.,1.));
#12556 = DIRECTION('',(1.,0.,-0.));
#12557 = ORIENTED_EDGE('',*,*,#12558,.T.);
#12558 = EDGE_CURVE('',#12550,#3092,#12559,.T.);
#12559 = LINE('',#12560,#12561);
#12560 = CARTESIAN_POINT('',(35.024885739558,-72.15392570699,23.));
#12561 = VECTOR('',#12562,1.);
#12562 = DIRECTION('',(0.442288690219,-0.896872741533,0.));
#12563 = ORIENTED_EDGE('',*,*,#3099,.T.);
#12564 = PLANE('',#12565);
#12565 = AXIS2_PLACEMENT_3D('',#12566,#12567,#12568);
#12566 = CARTESIAN_POINT('',(35.024885739558,-72.15392570699,23.));
#12567 = DIRECTION('',(0.,0.,1.));
#12568 = DIRECTION('',(0.442288690219,-0.896872741533,0.));
#12569 = ADVANCED_FACE('',(#12570),#12581,.T.);
#12570 = FACE_BOUND('',#12571,.T.);
#12571 = EDGE_LOOP('',(#12572,#12573,#12579,#12580));
#12572 = ORIENTED_EDGE('',*,*,#12509,.F.);
#12573 = ORIENTED_EDGE('',*,*,#12574,.T.);
#12574 = EDGE_CURVE('',#12501,#12550,#12575,.T.);
#12575 = LINE('',#12576,#12577);
#12576 = CARTESIAN_POINT('',(35.466493593731,-73.0494178496,7.99));
#12577 = VECTOR('',#12578,1.);
#12578 = DIRECTION('',(0.,0.,1.));
#12579 = ORIENTED_EDGE('',*,*,#12558,.T.);
#12580 = ORIENTED_EDGE('',*,*,#3091,.F.);
#12581 = PLANE('',#12582);
#12582 = AXIS2_PLACEMENT_3D('',#12583,#12584,#12585);
#12583 = CARTESIAN_POINT('',(35.024885739558,-72.15392570699,18.5));
#12584 = DIRECTION('',(0.896872741533,0.442288690219,0.));
#12585 = DIRECTION('',(0.,0.,1.));
#12586 = ADVANCED_FACE('',(#12587),#12613,.T.);
#12587 = FACE_BOUND('',#12588,.T.);
#12588 = EDGE_LOOP('',(#12589,#12597,#12606,#12612));
#12589 = ORIENTED_EDGE('',*,*,#12590,.F.);
#12590 = EDGE_CURVE('',#12591,#3119,#12593,.T.);
#12591 = VERTEX_POINT('',#12592);
#12592 = CARTESIAN_POINT('',(39.495834960263,-70.95187549876,18.5));
#12593 = LINE('',#12594,#12595);
#12594 = CARTESIAN_POINT('',(39.015586600264,-70.0764983303,18.5));
#12595 = VECTOR('',#12596,1.);
#12596 = DIRECTION('',(0.480988768919,-0.876726755708,0.));
#12597 = ORIENTED_EDGE('',*,*,#12598,.F.);
#12598 = EDGE_CURVE('',#12599,#12591,#12601,.T.);
#12599 = VERTEX_POINT('',#12600);
#12600 = CARTESIAN_POINT('',(38.619108204556,-71.43286426768,18.5));
#12601 = CIRCLE('',#12602,81.204);
#12602 = AXIS2_PLACEMENT_3D('',#12603,#12604,#12605);
#12603 = CARTESIAN_POINT('',(0.,0.,18.5));
#12604 = DIRECTION('',(0.,0.,1.));
#12605 = DIRECTION('',(1.,0.,-0.));
#12606 = ORIENTED_EDGE('',*,*,#12607,.T.);
#12607 = EDGE_CURVE('',#12599,#3117,#12608,.T.);
#12608 = LINE('',#12609,#12610);
#12609 = CARTESIAN_POINT('',(38.138859844557,-70.55748709922,18.5));
#12610 = VECTOR('',#12611,1.);
#12611 = DIRECTION('',(0.480988768919,-0.876726755708,0.));
#12612 = ORIENTED_EDGE('',*,*,#3116,.T.);
#12613 = PLANE('',#12614);
#12614 = AXIS2_PLACEMENT_3D('',#12615,#12616,#12617);
#12615 = CARTESIAN_POINT('',(38.138859844557,-70.55748709922,18.5));
#12616 = DIRECTION('',(0.,0.,1.));
#12617 = DIRECTION('',(0.480988768919,-0.876726755708,0.));
#12618 = ADVANCED_FACE('',(#12619),#12637,.F.);
#12619 = FACE_BOUND('',#12620,.F.);
#12620 = EDGE_LOOP('',(#12621,#12622,#12630,#12636));
#12621 = ORIENTED_EDGE('',*,*,#12590,.F.);
#12622 = ORIENTED_EDGE('',*,*,#12623,.T.);
#12623 = EDGE_CURVE('',#12591,#12624,#12626,.T.);
#12624 = VERTEX_POINT('',#12625);
#12625 = CARTESIAN_POINT('',(39.495834960263,-70.95187549876,23.));
#12626 = LINE('',#12627,#12628);
#12627 = CARTESIAN_POINT('',(39.495834960263,-70.95187549876,7.99));
#12628 = VECTOR('',#12629,1.);
#12629 = DIRECTION('',(0.,0.,1.));
#12630 = ORIENTED_EDGE('',*,*,#12631,.T.);
#12631 = EDGE_CURVE('',#12624,#3136,#12632,.T.);
#12632 = LINE('',#12633,#12634);
#12633 = CARTESIAN_POINT('',(39.015586600264,-70.0764983303,23.));
#12634 = VECTOR('',#12635,1.);
#12635 = DIRECTION('',(0.480988768919,-0.876726755708,0.));
#12636 = ORIENTED_EDGE('',*,*,#3144,.F.);
#12637 = PLANE('',#12638);
#12638 = AXIS2_PLACEMENT_3D('',#12639,#12640,#12641);
#12639 = CARTESIAN_POINT('',(39.015586600264,-70.0764983303,18.5));
#12640 = DIRECTION('',(0.876726755708,0.480988768919,0.));
#12641 = DIRECTION('',(0.,0.,1.));
#12642 = ADVANCED_FACE('',(#12643),#12662,.F.);
#12643 = FACE_BOUND('',#12644,.F.);
#12644 = EDGE_LOOP('',(#12645,#12646,#12655,#12661));
#12645 = ORIENTED_EDGE('',*,*,#12631,.F.);
#12646 = ORIENTED_EDGE('',*,*,#12647,.F.);
#12647 = EDGE_CURVE('',#12648,#12624,#12650,.T.);
#12648 = VERTEX_POINT('',#12649);
#12649 = CARTESIAN_POINT('',(38.619108204556,-71.43286426768,23.));
#12650 = CIRCLE('',#12651,81.204);
#12651 = AXIS2_PLACEMENT_3D('',#12652,#12653,#12654);
#12652 = CARTESIAN_POINT('',(0.,0.,23.));
#12653 = DIRECTION('',(0.,0.,1.));
#12654 = DIRECTION('',(1.,0.,-0.));
#12655 = ORIENTED_EDGE('',*,*,#12656,.T.);
#12656 = EDGE_CURVE('',#12648,#3128,#12657,.T.);
#12657 = LINE('',#12658,#12659);
#12658 = CARTESIAN_POINT('',(38.138859844557,-70.55748709922,23.));
#12659 = VECTOR('',#12660,1.);
#12660 = DIRECTION('',(0.480988768919,-0.876726755708,0.));
#12661 = ORIENTED_EDGE('',*,*,#3135,.T.);
#12662 = PLANE('',#12663);
#12663 = AXIS2_PLACEMENT_3D('',#12664,#12665,#12666);
#12664 = CARTESIAN_POINT('',(38.138859844557,-70.55748709922,23.));
#12665 = DIRECTION('',(0.,0.,1.));
#12666 = DIRECTION('',(0.480988768919,-0.876726755708,0.));
#12667 = ADVANCED_FACE('',(#12668),#12679,.T.);
#12668 = FACE_BOUND('',#12669,.T.);
#12669 = EDGE_LOOP('',(#12670,#12671,#12677,#12678));
#12670 = ORIENTED_EDGE('',*,*,#12607,.F.);
#12671 = ORIENTED_EDGE('',*,*,#12672,.T.);
#12672 = EDGE_CURVE('',#12599,#12648,#12673,.T.);
#12673 = LINE('',#12674,#12675);
#12674 = CARTESIAN_POINT('',(38.619108204556,-71.43286426768,7.99));
#12675 = VECTOR('',#12676,1.);
#12676 = DIRECTION('',(0.,0.,1.));
#12677 = ORIENTED_EDGE('',*,*,#12656,.T.);
#12678 = ORIENTED_EDGE('',*,*,#3127,.F.);
#12679 = PLANE('',#12680);
#12680 = AXIS2_PLACEMENT_3D('',#12681,#12682,#12683);
#12681 = CARTESIAN_POINT('',(38.138859844557,-70.55748709922,18.5));
#12682 = DIRECTION('',(0.876726755708,0.480988768919,0.));
#12683 = DIRECTION('',(0.,0.,1.));
#12684 = ADVANCED_FACE('',(#12685),#12711,.T.);
#12685 = FACE_BOUND('',#12686,.T.);
#12686 = EDGE_LOOP('',(#12687,#12695,#12704,#12710));
#12687 = ORIENTED_EDGE('',*,*,#12688,.F.);
#12688 = EDGE_CURVE('',#12689,#3155,#12691,.T.);
#12689 = VERTEX_POINT('',#12690);
#12690 = CARTESIAN_POINT('',(42.553121018619,-69.16156091048,18.5));
#12691 = LINE('',#12692,#12693);
#12692 = CARTESIAN_POINT('',(42.035146332843,-68.30796504637,18.5));
#12693 = VECTOR('',#12694,1.);
#12694 = DIRECTION('',(0.518773258161,-0.854911870673,0.));
#12695 = ORIENTED_EDGE('',*,*,#12696,.F.);
#12696 = EDGE_CURVE('',#12697,#12689,#12699,.T.);
#12697 = VERTEX_POINT('',#12698);
#12698 = CARTESIAN_POINT('',(41.698209147946,-69.68033416864,18.5));
#12699 = CIRCLE('',#12700,81.204);
#12700 = AXIS2_PLACEMENT_3D('',#12701,#12702,#12703);
#12701 = CARTESIAN_POINT('',(0.,0.,18.5));
#12702 = DIRECTION('',(0.,0.,1.));
#12703 = DIRECTION('',(1.,0.,-0.));
#12704 = ORIENTED_EDGE('',*,*,#12705,.T.);
#12705 = EDGE_CURVE('',#12697,#3153,#12706,.T.);
#12706 = LINE('',#12707,#12708);
#12707 = CARTESIAN_POINT('',(41.18023446217,-68.82673830453,18.5));
#12708 = VECTOR('',#12709,1.);
#12709 = DIRECTION('',(0.518773258161,-0.854911870673,0.));
#12710 = ORIENTED_EDGE('',*,*,#3152,.T.);
#12711 = PLANE('',#12712);
#12712 = AXIS2_PLACEMENT_3D('',#12713,#12714,#12715);
#12713 = CARTESIAN_POINT('',(41.18023446217,-68.82673830453,18.5));
#12714 = DIRECTION('',(0.,0.,1.));
#12715 = DIRECTION('',(0.518773258161,-0.854911870673,0.));
#12716 = ADVANCED_FACE('',(#12717),#12735,.F.);
#12717 = FACE_BOUND('',#12718,.F.);
#12718 = EDGE_LOOP('',(#12719,#12720,#12728,#12734));
#12719 = ORIENTED_EDGE('',*,*,#12688,.F.);
#12720 = ORIENTED_EDGE('',*,*,#12721,.T.);
#12721 = EDGE_CURVE('',#12689,#12722,#12724,.T.);
#12722 = VERTEX_POINT('',#12723);
#12723 = CARTESIAN_POINT('',(42.553121018619,-69.16156091048,23.));
#12724 = LINE('',#12725,#12726);
#12725 = CARTESIAN_POINT('',(42.553121018619,-69.16156091048,7.99));
#12726 = VECTOR('',#12727,1.);
#12727 = DIRECTION('',(0.,0.,1.));
#12728 = ORIENTED_EDGE('',*,*,#12729,.T.);
#12729 = EDGE_CURVE('',#12722,#3172,#12730,.T.);
#12730 = LINE('',#12731,#12732);
#12731 = CARTESIAN_POINT('',(42.035146332843,-68.30796504637,23.));
#12732 = VECTOR('',#12733,1.);
#12733 = DIRECTION('',(0.518773258161,-0.854911870673,0.));
#12734 = ORIENTED_EDGE('',*,*,#3180,.F.);
#12735 = PLANE('',#12736);
#12736 = AXIS2_PLACEMENT_3D('',#12737,#12738,#12739);
#12737 = CARTESIAN_POINT('',(42.035146332843,-68.30796504637,18.5));
#12738 = DIRECTION('',(0.854911870673,0.518773258161,0.));
#12739 = DIRECTION('',(0.,0.,1.));
#12740 = ADVANCED_FACE('',(#12741),#12760,.F.);
#12741 = FACE_BOUND('',#12742,.F.);
#12742 = EDGE_LOOP('',(#12743,#12744,#12753,#12759));
#12743 = ORIENTED_EDGE('',*,*,#12729,.F.);
#12744 = ORIENTED_EDGE('',*,*,#12745,.F.);
#12745 = EDGE_CURVE('',#12746,#12722,#12748,.T.);
#12746 = VERTEX_POINT('',#12747);
#12747 = CARTESIAN_POINT('',(41.698209147946,-69.68033416864,23.));
#12748 = CIRCLE('',#12749,81.204);
#12749 = AXIS2_PLACEMENT_3D('',#12750,#12751,#12752);
#12750 = CARTESIAN_POINT('',(0.,0.,23.));
#12751 = DIRECTION('',(0.,0.,1.));
#12752 = DIRECTION('',(1.,0.,-0.));
#12753 = ORIENTED_EDGE('',*,*,#12754,.T.);
#12754 = EDGE_CURVE('',#12746,#3164,#12755,.T.);
#12755 = LINE('',#12756,#12757);
#12756 = CARTESIAN_POINT('',(41.18023446217,-68.82673830453,23.));
#12757 = VECTOR('',#12758,1.);
#12758 = DIRECTION('',(0.518773258161,-0.854911870673,0.));
#12759 = ORIENTED_EDGE('',*,*,#3171,.T.);
#12760 = PLANE('',#12761);
#12761 = AXIS2_PLACEMENT_3D('',#12762,#12763,#12764);
#12762 = CARTESIAN_POINT('',(41.18023446217,-68.82673830453,23.));
#12763 = DIRECTION('',(0.,0.,1.));
#12764 = DIRECTION('',(0.518773258161,-0.854911870673,0.));
#12765 = ADVANCED_FACE('',(#12766),#12777,.T.);
#12766 = FACE_BOUND('',#12767,.T.);
#12767 = EDGE_LOOP('',(#12768,#12769,#12775,#12776));
#12768 = ORIENTED_EDGE('',*,*,#12705,.F.);
#12769 = ORIENTED_EDGE('',*,*,#12770,.T.);
#12770 = EDGE_CURVE('',#12697,#12746,#12771,.T.);
#12771 = LINE('',#12772,#12773);
#12772 = CARTESIAN_POINT('',(41.698209147946,-69.68033416864,7.99));
#12773 = VECTOR('',#12774,1.);
#12774 = DIRECTION('',(0.,0.,1.));
#12775 = ORIENTED_EDGE('',*,*,#12754,.T.);
#12776 = ORIENTED_EDGE('',*,*,#3163,.F.);
#12777 = PLANE('',#12778);
#12778 = AXIS2_PLACEMENT_3D('',#12779,#12780,#12781);
#12779 = CARTESIAN_POINT('',(41.18023446217,-68.82673830453,18.5));
#12780 = DIRECTION('',(0.854911870673,0.518773258161,0.));
#12781 = DIRECTION('',(0.,0.,1.));
#12782 = ADVANCED_FACE('',(#12783),#12809,.T.);
#12783 = FACE_BOUND('',#12784,.T.);
#12784 = EDGE_LOOP('',(#12785,#12793,#12802,#12808));
#12785 = ORIENTED_EDGE('',*,*,#12786,.F.);
#12786 = EDGE_CURVE('',#12787,#3191,#12789,.T.);
#12787 = VERTEX_POINT('',#12788);
#12788 = CARTESIAN_POINT('',(45.529404792555,-67.23959336013,18.5));
#12789 = LINE('',#12790,#12791);
#12790 = CARTESIAN_POINT('',(44.974689775255,-66.4094036686,18.5));
#12791 = VECTOR('',#12792,1.);
#12792 = DIRECTION('',(0.55557023302,-0.831469612303,0.));
#12793 = ORIENTED_EDGE('',*,*,#12794,.F.);
#12794 = EDGE_CURVE('',#12795,#12787,#12797,.T.);
#12795 = VERTEX_POINT('',#12796);
#12796 = CARTESIAN_POINT('',(44.697935180252,-67.79516359315,18.5));
#12797 = CIRCLE('',#12798,81.204);
#12798 = AXIS2_PLACEMENT_3D('',#12799,#12800,#12801);
#12799 = CARTESIAN_POINT('',(0.,0.,18.5));
#12800 = DIRECTION('',(0.,0.,1.));
#12801 = DIRECTION('',(1.,0.,-0.));
#12802 = ORIENTED_EDGE('',*,*,#12803,.T.);
#12803 = EDGE_CURVE('',#12795,#3189,#12804,.T.);
#12804 = LINE('',#12805,#12806);
#12805 = CARTESIAN_POINT('',(44.143220162953,-66.96497390162,18.5));
#12806 = VECTOR('',#12807,1.);
#12807 = DIRECTION('',(0.55557023302,-0.831469612303,0.));
#12808 = ORIENTED_EDGE('',*,*,#3188,.T.);
#12809 = PLANE('',#12810);
#12810 = AXIS2_PLACEMENT_3D('',#12811,#12812,#12813);
#12811 = CARTESIAN_POINT('',(44.143220162953,-66.96497390162,18.5));
#12812 = DIRECTION('',(0.,0.,1.));
#12813 = DIRECTION('',(0.55557023302,-0.831469612303,0.));
#12814 = ADVANCED_FACE('',(#12815),#12833,.F.);
#12815 = FACE_BOUND('',#12816,.F.);
#12816 = EDGE_LOOP('',(#12817,#12818,#12826,#12832));
#12817 = ORIENTED_EDGE('',*,*,#12786,.F.);
#12818 = ORIENTED_EDGE('',*,*,#12819,.T.);
#12819 = EDGE_CURVE('',#12787,#12820,#12822,.T.);
#12820 = VERTEX_POINT('',#12821);
#12821 = CARTESIAN_POINT('',(45.529404792555,-67.23959336013,23.));
#12822 = LINE('',#12823,#12824);
#12823 = CARTESIAN_POINT('',(45.529404792555,-67.23959336013,7.99));
#12824 = VECTOR('',#12825,1.);
#12825 = DIRECTION('',(0.,0.,1.));
#12826 = ORIENTED_EDGE('',*,*,#12827,.T.);
#12827 = EDGE_CURVE('',#12820,#3208,#12828,.T.);
#12828 = LINE('',#12829,#12830);
#12829 = CARTESIAN_POINT('',(44.974689775255,-66.4094036686,23.));
#12830 = VECTOR('',#12831,1.);
#12831 = DIRECTION('',(0.55557023302,-0.831469612303,0.));
#12832 = ORIENTED_EDGE('',*,*,#3216,.F.);
#12833 = PLANE('',#12834);
#12834 = AXIS2_PLACEMENT_3D('',#12835,#12836,#12837);
#12835 = CARTESIAN_POINT('',(44.974689775255,-66.4094036686,18.5));
#12836 = DIRECTION('',(0.831469612303,0.55557023302,0.));
#12837 = DIRECTION('',(0.,0.,1.));
#12838 = ADVANCED_FACE('',(#12839),#12858,.F.);
#12839 = FACE_BOUND('',#12840,.F.);
#12840 = EDGE_LOOP('',(#12841,#12842,#12851,#12857));
#12841 = ORIENTED_EDGE('',*,*,#12827,.F.);
#12842 = ORIENTED_EDGE('',*,*,#12843,.F.);
#12843 = EDGE_CURVE('',#12844,#12820,#12846,.T.);
#12844 = VERTEX_POINT('',#12845);
#12845 = CARTESIAN_POINT('',(44.697935180252,-67.79516359315,23.));
#12846 = CIRCLE('',#12847,81.204);
#12847 = AXIS2_PLACEMENT_3D('',#12848,#12849,#12850);
#12848 = CARTESIAN_POINT('',(0.,0.,23.));
#12849 = DIRECTION('',(0.,0.,1.));
#12850 = DIRECTION('',(1.,0.,-0.));
#12851 = ORIENTED_EDGE('',*,*,#12852,.T.);
#12852 = EDGE_CURVE('',#12844,#3200,#12853,.T.);
#12853 = LINE('',#12854,#12855);
#12854 = CARTESIAN_POINT('',(44.143220162953,-66.96497390162,23.));
#12855 = VECTOR('',#12856,1.);
#12856 = DIRECTION('',(0.55557023302,-0.831469612303,0.));
#12857 = ORIENTED_EDGE('',*,*,#3207,.T.);
#12858 = PLANE('',#12859);
#12859 = AXIS2_PLACEMENT_3D('',#12860,#12861,#12862);
#12860 = CARTESIAN_POINT('',(44.143220162953,-66.96497390162,23.));
#12861 = DIRECTION('',(0.,0.,1.));
#12862 = DIRECTION('',(0.55557023302,-0.831469612303,0.));
#12863 = ADVANCED_FACE('',(#12864),#12875,.T.);
#12864 = FACE_BOUND('',#12865,.T.);
#12865 = EDGE_LOOP('',(#12866,#12867,#12873,#12874));
#12866 = ORIENTED_EDGE('',*,*,#12803,.F.);
#12867 = ORIENTED_EDGE('',*,*,#12868,.T.);
#12868 = EDGE_CURVE('',#12795,#12844,#12869,.T.);
#12869 = LINE('',#12870,#12871);
#12870 = CARTESIAN_POINT('',(44.697935180252,-67.79516359315,7.99));
#12871 = VECTOR('',#12872,1.);
#12872 = DIRECTION('',(0.,0.,1.));
#12873 = ORIENTED_EDGE('',*,*,#12852,.T.);
#12874 = ORIENTED_EDGE('',*,*,#3199,.F.);
#12875 = PLANE('',#12876);
#12876 = AXIS2_PLACEMENT_3D('',#12877,#12878,#12879);
#12877 = CARTESIAN_POINT('',(44.143220162953,-66.96497390162,18.5));
#12878 = DIRECTION('',(0.831469612303,0.55557023302,0.));
#12879 = DIRECTION('',(0.,0.,1.));
#12880 = ADVANCED_FACE('',(#12881),#12907,.T.);
#12881 = FACE_BOUND('',#12882,.T.);
#12882 = EDGE_LOOP('',(#12883,#12891,#12900,#12906));
#12883 = ORIENTED_EDGE('',*,*,#12884,.F.);
#12884 = EDGE_CURVE('',#12885,#3227,#12887,.T.);
#12885 = VERTEX_POINT('',#12886);
#12886 = CARTESIAN_POINT('',(48.419020756745,-65.18963142216,18.5));
#12887 = LINE('',#12888,#12889);
#12888 = CARTESIAN_POINT('',(47.828621339486,-64.38442821648,18.5));
#12889 = VECTOR('',#12890,1.);
#12890 = DIRECTION('',(0.591309648364,-0.806444604267,0.));
#12891 = ORIENTED_EDGE('',*,*,#12892,.F.);
#12892 = EDGE_CURVE('',#12893,#12885,#12895,.T.);
#12893 = VERTEX_POINT('',#12894);
#12894 = CARTESIAN_POINT('',(47.612576152478,-65.78094107053,18.5));
#12895 = CIRCLE('',#12896,81.204);
#12896 = AXIS2_PLACEMENT_3D('',#12897,#12898,#12899);
#12897 = CARTESIAN_POINT('',(0.,0.,18.5));
#12898 = DIRECTION('',(0.,0.,1.));
#12899 = DIRECTION('',(1.,0.,-0.));
#12900 = ORIENTED_EDGE('',*,*,#12901,.T.);
#12901 = EDGE_CURVE('',#12893,#3225,#12902,.T.);
#12902 = LINE('',#12903,#12904);
#12903 = CARTESIAN_POINT('',(47.022176735219,-64.97573786485,18.5));
#12904 = VECTOR('',#12905,1.);
#12905 = DIRECTION('',(0.591309648364,-0.806444604267,0.));
#12906 = ORIENTED_EDGE('',*,*,#3224,.T.);
#12907 = PLANE('',#12908);
#12908 = AXIS2_PLACEMENT_3D('',#12909,#12910,#12911);
#12909 = CARTESIAN_POINT('',(47.022176735219,-64.97573786485,18.5));
#12910 = DIRECTION('',(0.,0.,1.));
#12911 = DIRECTION('',(0.591309648364,-0.806444604267,0.));
#12912 = ADVANCED_FACE('',(#12913),#12931,.F.);
#12913 = FACE_BOUND('',#12914,.F.);
#12914 = EDGE_LOOP('',(#12915,#12916,#12924,#12930));
#12915 = ORIENTED_EDGE('',*,*,#12884,.F.);
#12916 = ORIENTED_EDGE('',*,*,#12917,.T.);
#12917 = EDGE_CURVE('',#12885,#12918,#12920,.T.);
#12918 = VERTEX_POINT('',#12919);
#12919 = CARTESIAN_POINT('',(48.419020756745,-65.18963142216,23.));
#12920 = LINE('',#12921,#12922);
#12921 = CARTESIAN_POINT('',(48.419020756745,-65.18963142216,7.99));
#12922 = VECTOR('',#12923,1.);
#12923 = DIRECTION('',(0.,0.,1.));
#12924 = ORIENTED_EDGE('',*,*,#12925,.T.);
#12925 = EDGE_CURVE('',#12918,#3244,#12926,.T.);
#12926 = LINE('',#12927,#12928);
#12927 = CARTESIAN_POINT('',(47.828621339486,-64.38442821648,23.));
#12928 = VECTOR('',#12929,1.);
#12929 = DIRECTION('',(0.591309648364,-0.806444604267,0.));
#12930 = ORIENTED_EDGE('',*,*,#3252,.F.);
#12931 = PLANE('',#12932);
#12932 = AXIS2_PLACEMENT_3D('',#12933,#12934,#12935);
#12933 = CARTESIAN_POINT('',(47.828621339486,-64.38442821648,18.5));
#12934 = DIRECTION('',(0.806444604267,0.591309648364,0.));
#12935 = DIRECTION('',(0.,0.,1.));
#12936 = ADVANCED_FACE('',(#12937),#12956,.F.);
#12937 = FACE_BOUND('',#12938,.F.);
#12938 = EDGE_LOOP('',(#12939,#12940,#12949,#12955));
#12939 = ORIENTED_EDGE('',*,*,#12925,.F.);
#12940 = ORIENTED_EDGE('',*,*,#12941,.F.);
#12941 = EDGE_CURVE('',#12942,#12918,#12944,.T.);
#12942 = VERTEX_POINT('',#12943);
#12943 = CARTESIAN_POINT('',(47.612576152478,-65.78094107053,23.));
#12944 = CIRCLE('',#12945,81.204);
#12945 = AXIS2_PLACEMENT_3D('',#12946,#12947,#12948);
#12946 = CARTESIAN_POINT('',(0.,0.,23.));
#12947 = DIRECTION('',(0.,0.,1.));
#12948 = DIRECTION('',(1.,0.,-0.));
#12949 = ORIENTED_EDGE('',*,*,#12950,.T.);
#12950 = EDGE_CURVE('',#12942,#3236,#12951,.T.);
#12951 = LINE('',#12952,#12953);
#12952 = CARTESIAN_POINT('',(47.022176735219,-64.97573786485,23.));
#12953 = VECTOR('',#12954,1.);
#12954 = DIRECTION('',(0.591309648364,-0.806444604267,0.));
#12955 = ORIENTED_EDGE('',*,*,#3243,.T.);
#12956 = PLANE('',#12957);
#12957 = AXIS2_PLACEMENT_3D('',#12958,#12959,#12960);
#12958 = CARTESIAN_POINT('',(47.022176735219,-64.97573786485,23.));
#12959 = DIRECTION('',(0.,0.,1.));
#12960 = DIRECTION('',(0.591309648364,-0.806444604267,0.));
#12961 = ADVANCED_FACE('',(#12962),#12973,.T.);
#12962 = FACE_BOUND('',#12963,.T.);
#12963 = EDGE_LOOP('',(#12964,#12965,#12971,#12972));
#12964 = ORIENTED_EDGE('',*,*,#12901,.F.);
#12965 = ORIENTED_EDGE('',*,*,#12966,.T.);
#12966 = EDGE_CURVE('',#12893,#12942,#12967,.T.);
#12967 = LINE('',#12968,#12969);
#12968 = CARTESIAN_POINT('',(47.612576152478,-65.78094107053,7.99));
#12969 = VECTOR('',#12970,1.);
#12970 = DIRECTION('',(0.,0.,1.));
#12971 = ORIENTED_EDGE('',*,*,#12950,.T.);
#12972 = ORIENTED_EDGE('',*,*,#3235,.F.);
#12973 = PLANE('',#12974);
#12974 = AXIS2_PLACEMENT_3D('',#12975,#12976,#12977);
#12975 = CARTESIAN_POINT('',(47.022176735219,-64.97573786485,18.5));
#12976 = DIRECTION('',(0.806444604267,0.591309648364,0.));
#12977 = DIRECTION('',(0.,0.,1.));
#12978 = ADVANCED_FACE('',(#12979),#13005,.T.);
#12979 = FACE_BOUND('',#12980,.T.);
#12980 = EDGE_LOOP('',(#12981,#12989,#12998,#13004));
#12981 = ORIENTED_EDGE('',*,*,#12982,.F.);
#12982 = EDGE_CURVE('',#12983,#3263,#12985,.T.);
#12983 = VERTEX_POINT('',#12984);
#12984 = CARTESIAN_POINT('',(51.216468362968,-63.01557731565,18.5));
#12985 = LINE('',#12986,#12987);
#12986 = CARTESIAN_POINT('',(50.591508404597,-62.23689334588,18.5));
#12987 = VECTOR('',#12988,1.);
#12988 = DIRECTION('',(0.625923472184,-0.779884483093,0.));
#12989 = ORIENTED_EDGE('',*,*,#12990,.F.);
#12990 = EDGE_CURVE('',#12991,#12983,#12993,.T.);
#12991 = VERTEX_POINT('',#12992);
#12992 = CARTESIAN_POINT('',(50.436583879876,-63.64150078783,18.5));
#12993 = CIRCLE('',#12994,81.204);
#12994 = AXIS2_PLACEMENT_3D('',#12995,#12996,#12997);
#12995 = CARTESIAN_POINT('',(0.,0.,18.5));
#12996 = DIRECTION('',(0.,0.,1.));
#12997 = DIRECTION('',(1.,0.,-0.));
#12998 = ORIENTED_EDGE('',*,*,#12999,.T.);
#12999 = EDGE_CURVE('',#12991,#3261,#13000,.T.);
#13000 = LINE('',#13001,#13002);
#13001 = CARTESIAN_POINT('',(49.811623921504,-62.86281681807,18.5));
#13002 = VECTOR('',#13003,1.);
#13003 = DIRECTION('',(0.625923472184,-0.779884483093,0.));
#13004 = ORIENTED_EDGE('',*,*,#3260,.T.);
#13005 = PLANE('',#13006);
#13006 = AXIS2_PLACEMENT_3D('',#13007,#13008,#13009);
#13007 = CARTESIAN_POINT('',(49.811623921504,-62.86281681807,18.5));
#13008 = DIRECTION('',(0.,0.,1.));
#13009 = DIRECTION('',(0.625923472184,-0.779884483093,0.));
#13010 = ADVANCED_FACE('',(#13011),#13029,.F.);
#13011 = FACE_BOUND('',#13012,.F.);
#13012 = EDGE_LOOP('',(#13013,#13014,#13022,#13028));
#13013 = ORIENTED_EDGE('',*,*,#12982,.F.);
#13014 = ORIENTED_EDGE('',*,*,#13015,.T.);
#13015 = EDGE_CURVE('',#12983,#13016,#13018,.T.);
#13016 = VERTEX_POINT('',#13017);
#13017 = CARTESIAN_POINT('',(51.216468362968,-63.01557731565,23.));
#13018 = LINE('',#13019,#13020);
#13019 = CARTESIAN_POINT('',(51.216468362968,-63.01557731565,7.99));
#13020 = VECTOR('',#13021,1.);
#13021 = DIRECTION('',(0.,0.,1.));
#13022 = ORIENTED_EDGE('',*,*,#13023,.T.);
#13023 = EDGE_CURVE('',#13016,#3280,#13024,.T.);
#13024 = LINE('',#13025,#13026);
#13025 = CARTESIAN_POINT('',(50.591508404597,-62.23689334588,23.));
#13026 = VECTOR('',#13027,1.);
#13027 = DIRECTION('',(0.625923472184,-0.779884483093,0.));
#13028 = ORIENTED_EDGE('',*,*,#3288,.F.);
#13029 = PLANE('',#13030);
#13030 = AXIS2_PLACEMENT_3D('',#13031,#13032,#13033);
#13031 = CARTESIAN_POINT('',(50.591508404597,-62.23689334588,18.5));
#13032 = DIRECTION('',(0.779884483093,0.625923472184,0.));
#13033 = DIRECTION('',(0.,0.,1.));
#13034 = ADVANCED_FACE('',(#13035),#13054,.F.);
#13035 = FACE_BOUND('',#13036,.F.);
#13036 = EDGE_LOOP('',(#13037,#13038,#13047,#13053));
#13037 = ORIENTED_EDGE('',*,*,#13023,.F.);
#13038 = ORIENTED_EDGE('',*,*,#13039,.F.);
#13039 = EDGE_CURVE('',#13040,#13016,#13042,.T.);
#13040 = VERTEX_POINT('',#13041);
#13041 = CARTESIAN_POINT('',(50.436583879876,-63.64150078783,23.));
#13042 = CIRCLE('',#13043,81.204);
#13043 = AXIS2_PLACEMENT_3D('',#13044,#13045,#13046);
#13044 = CARTESIAN_POINT('',(0.,0.,23.));
#13045 = DIRECTION('',(0.,0.,1.));
#13046 = DIRECTION('',(1.,0.,-0.));
#13047 = ORIENTED_EDGE('',*,*,#13048,.T.);
#13048 = EDGE_CURVE('',#13040,#3272,#13049,.T.);
#13049 = LINE('',#13050,#13051);
#13050 = CARTESIAN_POINT('',(49.811623921504,-62.86281681807,23.));
#13051 = VECTOR('',#13052,1.);
#13052 = DIRECTION('',(0.625923472184,-0.779884483093,0.));
#13053 = ORIENTED_EDGE('',*,*,#3279,.T.);
#13054 = PLANE('',#13055);
#13055 = AXIS2_PLACEMENT_3D('',#13056,#13057,#13058);
#13056 = CARTESIAN_POINT('',(49.811623921504,-62.86281681807,23.));
#13057 = DIRECTION('',(0.,0.,1.));
#13058 = DIRECTION('',(0.625923472184,-0.779884483093,0.));
#13059 = ADVANCED_FACE('',(#13060),#13071,.T.);
#13060 = FACE_BOUND('',#13061,.T.);
#13061 = EDGE_LOOP('',(#13062,#13063,#13069,#13070));
#13062 = ORIENTED_EDGE('',*,*,#12999,.F.);
#13063 = ORIENTED_EDGE('',*,*,#13064,.T.);
#13064 = EDGE_CURVE('',#12991,#13040,#13065,.T.);
#13065 = LINE('',#13066,#13067);
#13066 = CARTESIAN_POINT('',(50.436583879876,-63.64150078783,7.99));
#13067 = VECTOR('',#13068,1.);
#13068 = DIRECTION('',(0.,0.,1.));
#13069 = ORIENTED_EDGE('',*,*,#13048,.T.);
#13070 = ORIENTED_EDGE('',*,*,#3271,.F.);
#13071 = PLANE('',#13072);
#13072 = AXIS2_PLACEMENT_3D('',#13073,#13074,#13075);
#13073 = CARTESIAN_POINT('',(49.811623921504,-62.86281681807,18.5));
#13074 = DIRECTION('',(0.779884483093,0.625923472184,0.));
#13075 = DIRECTION('',(0.,0.,1.));
#13076 = ADVANCED_FACE('',(#13077),#13103,.T.);
#13077 = FACE_BOUND('',#13078,.T.);
#13078 = EDGE_LOOP('',(#13079,#13087,#13096,#13102));
#13079 = ORIENTED_EDGE('',*,*,#13080,.F.);
#13080 = EDGE_CURVE('',#13081,#3299,#13083,.T.);
#13081 = VERTEX_POINT('',#13082);
#13082 = CARTESIAN_POINT('',(53.916422510709,-60.72156947614,18.5));
#13083 = LINE('',#13084,#13085);
#13084 = CARTESIAN_POINT('',(53.258091658025,-59.97088701149,18.5));
#13085 = VECTOR('',#13086,1.);
#13086 = DIRECTION('',(0.6593458151,-0.751839807479,0.));
#13087 = ORIENTED_EDGE('',*,*,#13088,.F.);
#13088 = EDGE_CURVE('',#13089,#13081,#13091,.T.);
#13089 = VERTEX_POINT('',#13090);
#13090 = CARTESIAN_POINT('',(53.16458270323,-61.38091529124,18.5));
#13091 = CIRCLE('',#13092,81.204);
#13092 = AXIS2_PLACEMENT_3D('',#13093,#13094,#13095);
#13093 = CARTESIAN_POINT('',(0.,0.,18.5));
#13094 = DIRECTION('',(0.,0.,1.));
#13095 = DIRECTION('',(1.,0.,-0.));
#13096 = ORIENTED_EDGE('',*,*,#13097,.T.);
#13097 = EDGE_CURVE('',#13089,#3297,#13098,.T.);
#13098 = LINE('',#13099,#13100);
#13099 = CARTESIAN_POINT('',(52.506251850546,-60.63023282659,18.5));
#13100 = VECTOR('',#13101,1.);
#13101 = DIRECTION('',(0.6593458151,-0.751839807479,0.));
#13102 = ORIENTED_EDGE('',*,*,#3296,.T.);
#13103 = PLANE('',#13104);
#13104 = AXIS2_PLACEMENT_3D('',#13105,#13106,#13107);
#13105 = CARTESIAN_POINT('',(52.506251850546,-60.63023282659,18.5));
#13106 = DIRECTION('',(0.,0.,1.));
#13107 = DIRECTION('',(0.6593458151,-0.751839807479,0.));
#13108 = ADVANCED_FACE('',(#13109),#13127,.F.);
#13109 = FACE_BOUND('',#13110,.F.);
#13110 = EDGE_LOOP('',(#13111,#13112,#13120,#13126));
#13111 = ORIENTED_EDGE('',*,*,#13080,.F.);
#13112 = ORIENTED_EDGE('',*,*,#13113,.T.);
#13113 = EDGE_CURVE('',#13081,#13114,#13116,.T.);
#13114 = VERTEX_POINT('',#13115);
#13115 = CARTESIAN_POINT('',(53.916422510709,-60.72156947614,23.));
#13116 = LINE('',#13117,#13118);
#13117 = CARTESIAN_POINT('',(53.916422510709,-60.72156947614,7.99));
#13118 = VECTOR('',#13119,1.);
#13119 = DIRECTION('',(0.,0.,1.));
#13120 = ORIENTED_EDGE('',*,*,#13121,.T.);
#13121 = EDGE_CURVE('',#13114,#3316,#13122,.T.);
#13122 = LINE('',#13123,#13124);
#13123 = CARTESIAN_POINT('',(53.258091658025,-59.97088701149,23.));
#13124 = VECTOR('',#13125,1.);
#13125 = DIRECTION('',(0.6593458151,-0.751839807479,0.));
#13126 = ORIENTED_EDGE('',*,*,#3324,.F.);
#13127 = PLANE('',#13128);
#13128 = AXIS2_PLACEMENT_3D('',#13129,#13130,#13131);
#13129 = CARTESIAN_POINT('',(53.258091658025,-59.97088701149,18.5));
#13130 = DIRECTION('',(0.751839807479,0.6593458151,0.));
#13131 = DIRECTION('',(0.,0.,1.));
#13132 = ADVANCED_FACE('',(#13133),#13152,.F.);
#13133 = FACE_BOUND('',#13134,.F.);
#13134 = EDGE_LOOP('',(#13135,#13136,#13145,#13151));
#13135 = ORIENTED_EDGE('',*,*,#13121,.F.);
#13136 = ORIENTED_EDGE('',*,*,#13137,.F.);
#13137 = EDGE_CURVE('',#13138,#13114,#13140,.T.);
#13138 = VERTEX_POINT('',#13139);
#13139 = CARTESIAN_POINT('',(53.16458270323,-61.38091529124,23.));
#13140 = CIRCLE('',#13141,81.204);
#13141 = AXIS2_PLACEMENT_3D('',#13142,#13143,#13144);
#13142 = CARTESIAN_POINT('',(0.,0.,23.));
#13143 = DIRECTION('',(0.,0.,1.));
#13144 = DIRECTION('',(1.,0.,-0.));
#13145 = ORIENTED_EDGE('',*,*,#13146,.T.);
#13146 = EDGE_CURVE('',#13138,#3308,#13147,.T.);
#13147 = LINE('',#13148,#13149);
#13148 = CARTESIAN_POINT('',(52.506251850546,-60.63023282659,23.));
#13149 = VECTOR('',#13150,1.);
#13150 = DIRECTION('',(0.6593458151,-0.751839807479,0.));
#13151 = ORIENTED_EDGE('',*,*,#3315,.T.);
#13152 = PLANE('',#13153);
#13153 = AXIS2_PLACEMENT_3D('',#13154,#13155,#13156);
#13154 = CARTESIAN_POINT('',(52.506251850546,-60.63023282659,23.));
#13155 = DIRECTION('',(0.,0.,1.));
#13156 = DIRECTION('',(0.6593458151,-0.751839807479,0.));
#13157 = ADVANCED_FACE('',(#13158),#13169,.T.);
#13158 = FACE_BOUND('',#13159,.T.);
#13159 = EDGE_LOOP('',(#13160,#13161,#13167,#13168));
#13160 = ORIENTED_EDGE('',*,*,#13097,.F.);
#13161 = ORIENTED_EDGE('',*,*,#13162,.T.);
#13162 = EDGE_CURVE('',#13089,#13138,#13163,.T.);
#13163 = LINE('',#13164,#13165);
#13164 = CARTESIAN_POINT('',(53.16458270323,-61.38091529124,7.99));
#13165 = VECTOR('',#13166,1.);
#13166 = DIRECTION('',(0.,0.,1.));
#13167 = ORIENTED_EDGE('',*,*,#13146,.T.);
#13168 = ORIENTED_EDGE('',*,*,#3307,.F.);
#13169 = PLANE('',#13170);
#13170 = AXIS2_PLACEMENT_3D('',#13171,#13172,#13173);
#13171 = CARTESIAN_POINT('',(52.506251850546,-60.63023282659,18.5));
#13172 = DIRECTION('',(0.751839807479,0.6593458151,0.));
#13173 = DIRECTION('',(0.,0.,1.));
#13174 = ADVANCED_FACE('',(#13175),#13201,.T.);
#13175 = FACE_BOUND('',#13176,.T.);
#13176 = EDGE_LOOP('',(#13177,#13185,#13194,#13200));
#13177 = ORIENTED_EDGE('',*,*,#13178,.F.);
#13178 = EDGE_CURVE('',#13179,#3335,#13181,.T.);
#13179 = VERTEX_POINT('',#13180);
#13180 = CARTESIAN_POINT('',(56.513743683791,-58.31197467795,18.5));
#13181 = LINE('',#13182,#13183);
#13182 = CARTESIAN_POINT('',(55.823295106991,-57.59072268514,18.5));
#13183 = VECTOR('',#13184,1.);
#13184 = DIRECTION('',(0.691513055782,-0.72236396206,0.));
#13185 = ORIENTED_EDGE('',*,*,#13186,.F.);
#13186 = EDGE_CURVE('',#13187,#13179,#13189,.T.);
#13187 = VERTEX_POINT('',#13188);
#13188 = CARTESIAN_POINT('',(55.791379721731,-59.00348773374,18.5));
#13189 = CIRCLE('',#13190,81.204);
#13190 = AXIS2_PLACEMENT_3D('',#13191,#13192,#13193);
#13191 = CARTESIAN_POINT('',(0.,0.,18.5));
#13192 = DIRECTION('',(0.,0.,1.));
#13193 = DIRECTION('',(1.,0.,-0.));
#13194 = ORIENTED_EDGE('',*,*,#13195,.T.);
#13195 = EDGE_CURVE('',#13187,#3333,#13196,.T.);
#13196 = LINE('',#13197,#13198);
#13197 = CARTESIAN_POINT('',(55.100931144931,-58.28223574093,18.5));
#13198 = VECTOR('',#13199,1.);
#13199 = DIRECTION('',(0.691513055782,-0.72236396206,0.));
#13200 = ORIENTED_EDGE('',*,*,#3332,.T.);
#13201 = PLANE('',#13202);
#13202 = AXIS2_PLACEMENT_3D('',#13203,#13204,#13205);
#13203 = CARTESIAN_POINT('',(55.100931144931,-58.28223574093,18.5));
#13204 = DIRECTION('',(0.,0.,1.));
#13205 = DIRECTION('',(0.691513055782,-0.72236396206,0.));
#13206 = ADVANCED_FACE('',(#13207),#13225,.F.);
#13207 = FACE_BOUND('',#13208,.F.);
#13208 = EDGE_LOOP('',(#13209,#13210,#13218,#13224));
#13209 = ORIENTED_EDGE('',*,*,#13178,.F.);
#13210 = ORIENTED_EDGE('',*,*,#13211,.T.);
#13211 = EDGE_CURVE('',#13179,#13212,#13214,.T.);
#13212 = VERTEX_POINT('',#13213);
#13213 = CARTESIAN_POINT('',(56.513743683791,-58.31197467795,23.));
#13214 = LINE('',#13215,#13216);
#13215 = CARTESIAN_POINT('',(56.513743683791,-58.31197467795,7.99));
#13216 = VECTOR('',#13217,1.);
#13217 = DIRECTION('',(0.,0.,1.));
#13218 = ORIENTED_EDGE('',*,*,#13219,.T.);
#13219 = EDGE_CURVE('',#13212,#3352,#13220,.T.);
#13220 = LINE('',#13221,#13222);
#13221 = CARTESIAN_POINT('',(55.823295106991,-57.59072268514,23.));
#13222 = VECTOR('',#13223,1.);
#13223 = DIRECTION('',(0.691513055782,-0.72236396206,0.));
#13224 = ORIENTED_EDGE('',*,*,#3360,.F.);
#13225 = PLANE('',#13226);
#13226 = AXIS2_PLACEMENT_3D('',#13227,#13228,#13229);
#13227 = CARTESIAN_POINT('',(55.823295106991,-57.59072268514,18.5));
#13228 = DIRECTION('',(0.72236396206,0.691513055782,0.));
#13229 = DIRECTION('',(0.,0.,1.));
#13230 = ADVANCED_FACE('',(#13231),#13250,.F.);
#13231 = FACE_BOUND('',#13232,.F.);
#13232 = EDGE_LOOP('',(#13233,#13234,#13243,#13249));
#13233 = ORIENTED_EDGE('',*,*,#13219,.F.);
#13234 = ORIENTED_EDGE('',*,*,#13235,.F.);
#13235 = EDGE_CURVE('',#13236,#13212,#13238,.T.);
#13236 = VERTEX_POINT('',#13237);
#13237 = CARTESIAN_POINT('',(55.791379721731,-59.00348773374,23.));
#13238 = CIRCLE('',#13239,81.204);
#13239 = AXIS2_PLACEMENT_3D('',#13240,#13241,#13242);
#13240 = CARTESIAN_POINT('',(0.,0.,23.));
#13241 = DIRECTION('',(0.,0.,1.));
#13242 = DIRECTION('',(1.,0.,-0.));
#13243 = ORIENTED_EDGE('',*,*,#13244,.T.);
#13244 = EDGE_CURVE('',#13236,#3344,#13245,.T.);
#13245 = LINE('',#13246,#13247);
#13246 = CARTESIAN_POINT('',(55.100931144931,-58.28223574093,23.));
#13247 = VECTOR('',#13248,1.);
#13248 = DIRECTION('',(0.691513055782,-0.72236396206,0.));
#13249 = ORIENTED_EDGE('',*,*,#3351,.T.);
#13250 = PLANE('',#13251);
#13251 = AXIS2_PLACEMENT_3D('',#13252,#13253,#13254);
#13252 = CARTESIAN_POINT('',(55.100931144931,-58.28223574093,23.));
#13253 = DIRECTION('',(0.,0.,1.));
#13254 = DIRECTION('',(0.691513055782,-0.72236396206,0.));
#13255 = ADVANCED_FACE('',(#13256),#13267,.T.);
#13256 = FACE_BOUND('',#13257,.T.);
#13257 = EDGE_LOOP('',(#13258,#13259,#13265,#13266));
#13258 = ORIENTED_EDGE('',*,*,#13195,.F.);
#13259 = ORIENTED_EDGE('',*,*,#13260,.T.);
#13260 = EDGE_CURVE('',#13187,#13236,#13261,.T.);
#13261 = LINE('',#13262,#13263);
#13262 = CARTESIAN_POINT('',(55.791379721731,-59.00348773374,7.99));
#13263 = VECTOR('',#13264,1.);
#13264 = DIRECTION('',(0.,0.,1.));
#13265 = ORIENTED_EDGE('',*,*,#13244,.T.);
#13266 = ORIENTED_EDGE('',*,*,#3343,.F.);
#13267 = PLANE('',#13268);
#13268 = AXIS2_PLACEMENT_3D('',#13269,#13270,#13271);
#13269 = CARTESIAN_POINT('',(55.100931144931,-58.28223574093,18.5));
#13270 = DIRECTION('',(0.72236396206,0.691513055782,0.));
#13271 = DIRECTION('',(0.,0.,1.));
#13272 = ADVANCED_FACE('',(#13273),#13299,.T.);
#13273 = FACE_BOUND('',#13274,.T.);
#13274 = EDGE_LOOP('',(#13275,#13283,#13292,#13298));
#13275 = ORIENTED_EDGE('',*,*,#13276,.F.);
#13276 = EDGE_CURVE('',#13277,#3371,#13279,.T.);
#13277 = VERTEX_POINT('',#13278);
#13278 = CARTESIAN_POINT('',(67.79516359315,-44.69793518025,18.5));
#13279 = LINE('',#13280,#13281);
#13280 = CARTESIAN_POINT('',(66.964973901623,-44.14322016295,18.5));
#13281 = VECTOR('',#13282,1.);
#13282 = DIRECTION('',(0.831469612303,-0.55557023302,0.));
#13283 = ORIENTED_EDGE('',*,*,#13284,.F.);
#13284 = EDGE_CURVE('',#13285,#13277,#13287,.T.);
#13285 = VERTEX_POINT('',#13286);
#13286 = CARTESIAN_POINT('',(67.239593360131,-45.52940479255,18.5));
#13287 = CIRCLE('',#13288,81.204);
#13288 = AXIS2_PLACEMENT_3D('',#13289,#13290,#13291);
#13289 = CARTESIAN_POINT('',(0.,0.,18.5));
#13290 = DIRECTION('',(0.,0.,1.));
#13291 = DIRECTION('',(1.,0.,-0.));
#13292 = ORIENTED_EDGE('',*,*,#13293,.T.);
#13293 = EDGE_CURVE('',#13285,#3369,#13294,.T.);
#13294 = LINE('',#13295,#13296);
#13295 = CARTESIAN_POINT('',(66.409403668604,-44.97468977525,18.5));
#13296 = VECTOR('',#13297,1.);
#13297 = DIRECTION('',(0.831469612303,-0.55557023302,0.));
#13298 = ORIENTED_EDGE('',*,*,#3368,.T.);
#13299 = PLANE('',#13300);
#13300 = AXIS2_PLACEMENT_3D('',#13301,#13302,#13303);
#13301 = CARTESIAN_POINT('',(66.409403668604,-44.97468977525,18.5));
#13302 = DIRECTION('',(0.,0.,1.));
#13303 = DIRECTION('',(0.831469612303,-0.55557023302,0.));
#13304 = ADVANCED_FACE('',(#13305),#13323,.F.);
#13305 = FACE_BOUND('',#13306,.F.);
#13306 = EDGE_LOOP('',(#13307,#13308,#13316,#13322));
#13307 = ORIENTED_EDGE('',*,*,#13276,.F.);
#13308 = ORIENTED_EDGE('',*,*,#13309,.T.);
#13309 = EDGE_CURVE('',#13277,#13310,#13312,.T.);
#13310 = VERTEX_POINT('',#13311);
#13311 = CARTESIAN_POINT('',(67.79516359315,-44.69793518025,23.));
#13312 = LINE('',#13313,#13314);
#13313 = CARTESIAN_POINT('',(67.79516359315,-44.69793518025,7.99));
#13314 = VECTOR('',#13315,1.);
#13315 = DIRECTION('',(0.,0.,1.));
#13316 = ORIENTED_EDGE('',*,*,#13317,.T.);
#13317 = EDGE_CURVE('',#13310,#3388,#13318,.T.);
#13318 = LINE('',#13319,#13320);
#13319 = CARTESIAN_POINT('',(66.964973901623,-44.14322016295,23.));
#13320 = VECTOR('',#13321,1.);
#13321 = DIRECTION('',(0.831469612303,-0.55557023302,0.));
#13322 = ORIENTED_EDGE('',*,*,#3396,.F.);
#13323 = PLANE('',#13324);
#13324 = AXIS2_PLACEMENT_3D('',#13325,#13326,#13327);
#13325 = CARTESIAN_POINT('',(66.964973901623,-44.14322016295,18.5));
#13326 = DIRECTION('',(0.55557023302,0.831469612303,0.));
#13327 = DIRECTION('',(0.,0.,1.));
#13328 = ADVANCED_FACE('',(#13329),#13348,.F.);
#13329 = FACE_BOUND('',#13330,.F.);
#13330 = EDGE_LOOP('',(#13331,#13332,#13341,#13347));
#13331 = ORIENTED_EDGE('',*,*,#13317,.F.);
#13332 = ORIENTED_EDGE('',*,*,#13333,.F.);
#13333 = EDGE_CURVE('',#13334,#13310,#13336,.T.);
#13334 = VERTEX_POINT('',#13335);
#13335 = CARTESIAN_POINT('',(67.239593360131,-45.52940479255,23.));
#13336 = CIRCLE('',#13337,81.204);
#13337 = AXIS2_PLACEMENT_3D('',#13338,#13339,#13340);
#13338 = CARTESIAN_POINT('',(0.,0.,23.));
#13339 = DIRECTION('',(0.,0.,1.));
#13340 = DIRECTION('',(1.,0.,-0.));
#13341 = ORIENTED_EDGE('',*,*,#13342,.T.);
#13342 = EDGE_CURVE('',#13334,#3380,#13343,.T.);
#13343 = LINE('',#13344,#13345);
#13344 = CARTESIAN_POINT('',(66.409403668604,-44.97468977525,23.));
#13345 = VECTOR('',#13346,1.);
#13346 = DIRECTION('',(0.831469612303,-0.55557023302,0.));
#13347 = ORIENTED_EDGE('',*,*,#3387,.T.);
#13348 = PLANE('',#13349);
#13349 = AXIS2_PLACEMENT_3D('',#13350,#13351,#13352);
#13350 = CARTESIAN_POINT('',(66.409403668604,-44.97468977525,23.));
#13351 = DIRECTION('',(0.,0.,1.));
#13352 = DIRECTION('',(0.831469612303,-0.55557023302,0.));
#13353 = ADVANCED_FACE('',(#13354),#13365,.T.);
#13354 = FACE_BOUND('',#13355,.T.);
#13355 = EDGE_LOOP('',(#13356,#13357,#13363,#13364));
#13356 = ORIENTED_EDGE('',*,*,#13293,.F.);
#13357 = ORIENTED_EDGE('',*,*,#13358,.T.);
#13358 = EDGE_CURVE('',#13285,#13334,#13359,.T.);
#13359 = LINE('',#13360,#13361);
#13360 = CARTESIAN_POINT('',(67.239593360131,-45.52940479255,7.99));
#13361 = VECTOR('',#13362,1.);
#13362 = DIRECTION('',(0.,0.,1.));
#13363 = ORIENTED_EDGE('',*,*,#13342,.T.);
#13364 = ORIENTED_EDGE('',*,*,#3379,.F.);
#13365 = PLANE('',#13366);
#13366 = AXIS2_PLACEMENT_3D('',#13367,#13368,#13369);
#13367 = CARTESIAN_POINT('',(66.409403668604,-44.97468977525,18.5));
#13368 = DIRECTION('',(0.55557023302,0.831469612303,0.));
#13369 = DIRECTION('',(0.,0.,1.));
#13370 = ADVANCED_FACE('',(#13371),#13397,.T.);
#13371 = FACE_BOUND('',#13372,.T.);
#13372 = EDGE_LOOP('',(#13373,#13381,#13390,#13396));
#13373 = ORIENTED_EDGE('',*,*,#13374,.F.);
#13374 = EDGE_CURVE('',#13375,#3407,#13377,.T.);
#13375 = VERTEX_POINT('',#13376);
#13376 = CARTESIAN_POINT('',(69.680334168646,-41.69820914794,18.5));
#13377 = LINE('',#13378,#13379);
#13378 = CARTESIAN_POINT('',(68.826738304533,-41.18023446217,18.5));
#13379 = VECTOR('',#13380,1.);
#13380 = DIRECTION('',(0.854911870673,-0.518773258161,0.));
#13381 = ORIENTED_EDGE('',*,*,#13382,.F.);
#13382 = EDGE_CURVE('',#13383,#13375,#13385,.T.);
#13383 = VERTEX_POINT('',#13384);
#13384 = CARTESIAN_POINT('',(69.161560910485,-42.55312101861,18.5));
#13385 = CIRCLE('',#13386,81.204);
#13386 = AXIS2_PLACEMENT_3D('',#13387,#13388,#13389);
#13387 = CARTESIAN_POINT('',(0.,0.,18.5));
#13388 = DIRECTION('',(0.,0.,1.));
#13389 = DIRECTION('',(1.,0.,-0.));
#13390 = ORIENTED_EDGE('',*,*,#13391,.T.);
#13391 = EDGE_CURVE('',#13383,#3405,#13392,.T.);
#13392 = LINE('',#13393,#13394);
#13393 = CARTESIAN_POINT('',(68.307965046373,-42.03514633284,18.5));
#13394 = VECTOR('',#13395,1.);
#13395 = DIRECTION('',(0.854911870673,-0.518773258161,0.));
#13396 = ORIENTED_EDGE('',*,*,#3404,.T.);
#13397 = PLANE('',#13398);
#13398 = AXIS2_PLACEMENT_3D('',#13399,#13400,#13401);
#13399 = CARTESIAN_POINT('',(68.307965046373,-42.03514633284,18.5));
#13400 = DIRECTION('',(0.,0.,1.));
#13401 = DIRECTION('',(0.854911870673,-0.518773258161,0.));
#13402 = ADVANCED_FACE('',(#13403),#13421,.F.);
#13403 = FACE_BOUND('',#13404,.F.);
#13404 = EDGE_LOOP('',(#13405,#13406,#13414,#13420));
#13405 = ORIENTED_EDGE('',*,*,#13374,.F.);
#13406 = ORIENTED_EDGE('',*,*,#13407,.T.);
#13407 = EDGE_CURVE('',#13375,#13408,#13410,.T.);
#13408 = VERTEX_POINT('',#13409);
#13409 = CARTESIAN_POINT('',(69.680334168646,-41.69820914794,23.));
#13410 = LINE('',#13411,#13412);
#13411 = CARTESIAN_POINT('',(69.680334168646,-41.69820914794,7.99));
#13412 = VECTOR('',#13413,1.);
#13413 = DIRECTION('',(0.,0.,1.));
#13414 = ORIENTED_EDGE('',*,*,#13415,.T.);
#13415 = EDGE_CURVE('',#13408,#3424,#13416,.T.);
#13416 = LINE('',#13417,#13418);
#13417 = CARTESIAN_POINT('',(68.826738304533,-41.18023446217,23.));
#13418 = VECTOR('',#13419,1.);
#13419 = DIRECTION('',(0.854911870673,-0.518773258161,0.));
#13420 = ORIENTED_EDGE('',*,*,#3432,.F.);
#13421 = PLANE('',#13422);
#13422 = AXIS2_PLACEMENT_3D('',#13423,#13424,#13425);
#13423 = CARTESIAN_POINT('',(68.826738304533,-41.18023446217,18.5));
#13424 = DIRECTION('',(0.518773258161,0.854911870673,0.));
#13425 = DIRECTION('',(0.,0.,1.));
#13426 = ADVANCED_FACE('',(#13427),#13446,.F.);
#13427 = FACE_BOUND('',#13428,.F.);
#13428 = EDGE_LOOP('',(#13429,#13430,#13439,#13445));
#13429 = ORIENTED_EDGE('',*,*,#13415,.F.);
#13430 = ORIENTED_EDGE('',*,*,#13431,.F.);
#13431 = EDGE_CURVE('',#13432,#13408,#13434,.T.);
#13432 = VERTEX_POINT('',#13433);
#13433 = CARTESIAN_POINT('',(69.161560910485,-42.55312101861,23.));
#13434 = CIRCLE('',#13435,81.204);
#13435 = AXIS2_PLACEMENT_3D('',#13436,#13437,#13438);
#13436 = CARTESIAN_POINT('',(0.,0.,23.));
#13437 = DIRECTION('',(0.,0.,1.));
#13438 = DIRECTION('',(1.,0.,-0.));
#13439 = ORIENTED_EDGE('',*,*,#13440,.T.);
#13440 = EDGE_CURVE('',#13432,#3416,#13441,.T.);
#13441 = LINE('',#13442,#13443);
#13442 = CARTESIAN_POINT('',(68.307965046373,-42.03514633284,23.));
#13443 = VECTOR('',#13444,1.);
#13444 = DIRECTION('',(0.854911870673,-0.518773258161,0.));
#13445 = ORIENTED_EDGE('',*,*,#3423,.T.);
#13446 = PLANE('',#13447);
#13447 = AXIS2_PLACEMENT_3D('',#13448,#13449,#13450);
#13448 = CARTESIAN_POINT('',(68.307965046373,-42.03514633284,23.));
#13449 = DIRECTION('',(0.,0.,1.));
#13450 = DIRECTION('',(0.854911870673,-0.518773258161,0.));
#13451 = ADVANCED_FACE('',(#13452),#13463,.T.);
#13452 = FACE_BOUND('',#13453,.T.);
#13453 = EDGE_LOOP('',(#13454,#13455,#13461,#13462));
#13454 = ORIENTED_EDGE('',*,*,#13391,.F.);
#13455 = ORIENTED_EDGE('',*,*,#13456,.T.);
#13456 = EDGE_CURVE('',#13383,#13432,#13457,.T.);
#13457 = LINE('',#13458,#13459);
#13458 = CARTESIAN_POINT('',(69.161560910485,-42.55312101861,7.99));
#13459 = VECTOR('',#13460,1.);
#13460 = DIRECTION('',(0.,0.,1.));
#13461 = ORIENTED_EDGE('',*,*,#13440,.T.);
#13462 = ORIENTED_EDGE('',*,*,#3415,.F.);
#13463 = PLANE('',#13464);
#13464 = AXIS2_PLACEMENT_3D('',#13465,#13466,#13467);
#13465 = CARTESIAN_POINT('',(68.307965046373,-42.03514633284,18.5));
#13466 = DIRECTION('',(0.518773258161,0.854911870673,0.));
#13467 = DIRECTION('',(0.,0.,1.));
#13468 = ADVANCED_FACE('',(#13469),#13495,.T.);
#13469 = FACE_BOUND('',#13470,.T.);
#13470 = EDGE_LOOP('',(#13471,#13479,#13488,#13494));
#13471 = ORIENTED_EDGE('',*,*,#13472,.F.);
#13472 = EDGE_CURVE('',#13473,#3443,#13475,.T.);
#13473 = VERTEX_POINT('',#13474);
#13474 = CARTESIAN_POINT('',(71.43286426768,-38.61910820455,18.5));
#13475 = LINE('',#13476,#13477);
#13476 = CARTESIAN_POINT('',(70.557487099225,-38.13885984455,18.5));
#13477 = VECTOR('',#13478,1.);
#13478 = DIRECTION('',(0.876726755708,-0.480988768919,0.));
#13479 = ORIENTED_EDGE('',*,*,#13480,.F.);
#13480 = EDGE_CURVE('',#13481,#13473,#13483,.T.);
#13481 = VERTEX_POINT('',#13482);
#13482 = CARTESIAN_POINT('',(70.951875498761,-39.49583496026,18.5));
#13483 = CIRCLE('',#13484,81.204);
#13484 = AXIS2_PLACEMENT_3D('',#13485,#13486,#13487);
#13485 = CARTESIAN_POINT('',(0.,0.,18.5));
#13486 = DIRECTION('',(0.,0.,1.));
#13487 = DIRECTION('',(1.,0.,-0.));
#13488 = ORIENTED_EDGE('',*,*,#13489,.T.);
#13489 = EDGE_CURVE('',#13481,#3441,#13490,.T.);
#13490 = LINE('',#13491,#13492);
#13491 = CARTESIAN_POINT('',(70.076498330305,-39.01558660026,18.5));
#13492 = VECTOR('',#13493,1.);
#13493 = DIRECTION('',(0.876726755708,-0.480988768919,0.));
#13494 = ORIENTED_EDGE('',*,*,#3440,.T.);
#13495 = PLANE('',#13496);
#13496 = AXIS2_PLACEMENT_3D('',#13497,#13498,#13499);
#13497 = CARTESIAN_POINT('',(70.076498330305,-39.01558660026,18.5));
#13498 = DIRECTION('',(0.,0.,1.));
#13499 = DIRECTION('',(0.876726755708,-0.480988768919,0.));
#13500 = ADVANCED_FACE('',(#13501),#13519,.F.);
#13501 = FACE_BOUND('',#13502,.F.);
#13502 = EDGE_LOOP('',(#13503,#13504,#13512,#13518));
#13503 = ORIENTED_EDGE('',*,*,#13472,.F.);
#13504 = ORIENTED_EDGE('',*,*,#13505,.T.);
#13505 = EDGE_CURVE('',#13473,#13506,#13508,.T.);
#13506 = VERTEX_POINT('',#13507);
#13507 = CARTESIAN_POINT('',(71.43286426768,-38.61910820455,23.));
#13508 = LINE('',#13509,#13510);
#13509 = CARTESIAN_POINT('',(71.43286426768,-38.61910820455,7.99));
#13510 = VECTOR('',#13511,1.);
#13511 = DIRECTION('',(0.,0.,1.));
#13512 = ORIENTED_EDGE('',*,*,#13513,.T.);
#13513 = EDGE_CURVE('',#13506,#3460,#13514,.T.);
#13514 = LINE('',#13515,#13516);
#13515 = CARTESIAN_POINT('',(70.557487099225,-38.13885984455,23.));
#13516 = VECTOR('',#13517,1.);
#13517 = DIRECTION('',(0.876726755708,-0.480988768919,0.));
#13518 = ORIENTED_EDGE('',*,*,#3468,.F.);
#13519 = PLANE('',#13520);
#13520 = AXIS2_PLACEMENT_3D('',#13521,#13522,#13523);
#13521 = CARTESIAN_POINT('',(70.557487099225,-38.13885984455,18.5));
#13522 = DIRECTION('',(0.480988768919,0.876726755708,0.));
#13523 = DIRECTION('',(0.,0.,1.));
#13524 = ADVANCED_FACE('',(#13525),#13544,.F.);
#13525 = FACE_BOUND('',#13526,.F.);
#13526 = EDGE_LOOP('',(#13527,#13528,#13537,#13543));
#13527 = ORIENTED_EDGE('',*,*,#13513,.F.);
#13528 = ORIENTED_EDGE('',*,*,#13529,.F.);
#13529 = EDGE_CURVE('',#13530,#13506,#13532,.T.);
#13530 = VERTEX_POINT('',#13531);
#13531 = CARTESIAN_POINT('',(70.951875498761,-39.49583496026,23.));
#13532 = CIRCLE('',#13533,81.204);
#13533 = AXIS2_PLACEMENT_3D('',#13534,#13535,#13536);
#13534 = CARTESIAN_POINT('',(0.,0.,23.));
#13535 = DIRECTION('',(0.,0.,1.));
#13536 = DIRECTION('',(1.,0.,-0.));
#13537 = ORIENTED_EDGE('',*,*,#13538,.T.);
#13538 = EDGE_CURVE('',#13530,#3452,#13539,.T.);
#13539 = LINE('',#13540,#13541);
#13540 = CARTESIAN_POINT('',(70.076498330305,-39.01558660026,23.));
#13541 = VECTOR('',#13542,1.);
#13542 = DIRECTION('',(0.876726755708,-0.480988768919,0.));
#13543 = ORIENTED_EDGE('',*,*,#3459,.T.);
#13544 = PLANE('',#13545);
#13545 = AXIS2_PLACEMENT_3D('',#13546,#13547,#13548);
#13546 = CARTESIAN_POINT('',(70.076498330305,-39.01558660026,23.));
#13547 = DIRECTION('',(0.,0.,1.));
#13548 = DIRECTION('',(0.876726755708,-0.480988768919,0.));
#13549 = ADVANCED_FACE('',(#13550),#13561,.T.);
#13550 = FACE_BOUND('',#13551,.T.);
#13551 = EDGE_LOOP('',(#13552,#13553,#13559,#13560));
#13552 = ORIENTED_EDGE('',*,*,#13489,.F.);
#13553 = ORIENTED_EDGE('',*,*,#13554,.T.);
#13554 = EDGE_CURVE('',#13481,#13530,#13555,.T.);
#13555 = LINE('',#13556,#13557);
#13556 = CARTESIAN_POINT('',(70.951875498761,-39.49583496026,7.99));
#13557 = VECTOR('',#13558,1.);
#13558 = DIRECTION('',(0.,0.,1.));
#13559 = ORIENTED_EDGE('',*,*,#13538,.T.);
#13560 = ORIENTED_EDGE('',*,*,#3451,.F.);
#13561 = PLANE('',#13562);
#13562 = AXIS2_PLACEMENT_3D('',#13563,#13564,#13565);
#13563 = CARTESIAN_POINT('',(70.076498330305,-39.01558660026,18.5));
#13564 = DIRECTION('',(0.480988768919,0.876726755708,0.));
#13565 = DIRECTION('',(0.,0.,1.));
#13566 = ADVANCED_FACE('',(#13567),#13593,.T.);
#13567 = FACE_BOUND('',#13568,.T.);
#13568 = EDGE_LOOP('',(#13569,#13577,#13586,#13592));
#13569 = ORIENTED_EDGE('',*,*,#13570,.F.);
#13570 = EDGE_CURVE('',#13571,#3479,#13573,.T.);
#13571 = VERTEX_POINT('',#13572);
#13572 = CARTESIAN_POINT('',(73.049417849602,-35.46649359373,18.5));
#13573 = LINE('',#13574,#13575);
#13574 = CARTESIAN_POINT('',(72.153925706997,-35.02488573955,18.5));
#13575 = VECTOR('',#13576,1.);
#13576 = DIRECTION('',(0.896872741533,-0.442288690219,0.));
#13577 = ORIENTED_EDGE('',*,*,#13578,.F.);
#13578 = EDGE_CURVE('',#13579,#13571,#13581,.T.);
#13579 = VERTEX_POINT('',#13580);
#13580 = CARTESIAN_POINT('',(72.607129159383,-36.36336633526,18.5));
#13581 = CIRCLE('',#13582,81.204);
#13582 = AXIS2_PLACEMENT_3D('',#13583,#13584,#13585);
#13583 = CARTESIAN_POINT('',(0.,0.,18.5));
#13584 = DIRECTION('',(0.,0.,1.));
#13585 = DIRECTION('',(1.,0.,-0.));
#13586 = ORIENTED_EDGE('',*,*,#13587,.T.);
#13587 = EDGE_CURVE('',#13579,#3477,#13588,.T.);
#13588 = LINE('',#13589,#13590);
#13589 = CARTESIAN_POINT('',(71.711637016778,-35.92175848109,18.5));
#13590 = VECTOR('',#13591,1.);
#13591 = DIRECTION('',(0.896872741533,-0.442288690219,0.));
#13592 = ORIENTED_EDGE('',*,*,#3476,.T.);
#13593 = PLANE('',#13594);
#13594 = AXIS2_PLACEMENT_3D('',#13595,#13596,#13597);
#13595 = CARTESIAN_POINT('',(71.711637016778,-35.92175848109,18.5));
#13596 = DIRECTION('',(0.,0.,1.));
#13597 = DIRECTION('',(0.896872741533,-0.442288690219,0.));
#13598 = ADVANCED_FACE('',(#13599),#13617,.F.);
#13599 = FACE_BOUND('',#13600,.F.);
#13600 = EDGE_LOOP('',(#13601,#13602,#13610,#13616));
#13601 = ORIENTED_EDGE('',*,*,#13570,.F.);
#13602 = ORIENTED_EDGE('',*,*,#13603,.T.);
#13603 = EDGE_CURVE('',#13571,#13604,#13606,.T.);
#13604 = VERTEX_POINT('',#13605);
#13605 = CARTESIAN_POINT('',(73.049417849602,-35.46649359373,23.));
#13606 = LINE('',#13607,#13608);
#13607 = CARTESIAN_POINT('',(73.049417849602,-35.46649359373,7.99));
#13608 = VECTOR('',#13609,1.);
#13609 = DIRECTION('',(0.,0.,1.));
#13610 = ORIENTED_EDGE('',*,*,#13611,.T.);
#13611 = EDGE_CURVE('',#13604,#3496,#13612,.T.);
#13612 = LINE('',#13613,#13614);
#13613 = CARTESIAN_POINT('',(72.153925706997,-35.02488573955,23.));
#13614 = VECTOR('',#13615,1.);
#13615 = DIRECTION('',(0.896872741533,-0.442288690219,0.));
#13616 = ORIENTED_EDGE('',*,*,#3504,.F.);
#13617 = PLANE('',#13618);
#13618 = AXIS2_PLACEMENT_3D('',#13619,#13620,#13621);
#13619 = CARTESIAN_POINT('',(72.153925706997,-35.02488573955,18.5));
#13620 = DIRECTION('',(0.442288690219,0.896872741533,0.));
#13621 = DIRECTION('',(0.,0.,1.));
#13622 = ADVANCED_FACE('',(#13623),#13642,.F.);
#13623 = FACE_BOUND('',#13624,.F.);
#13624 = EDGE_LOOP('',(#13625,#13626,#13635,#13641));
#13625 = ORIENTED_EDGE('',*,*,#13611,.F.);
#13626 = ORIENTED_EDGE('',*,*,#13627,.F.);
#13627 = EDGE_CURVE('',#13628,#13604,#13630,.T.);
#13628 = VERTEX_POINT('',#13629);
#13629 = CARTESIAN_POINT('',(72.607129159383,-36.36336633526,23.));
#13630 = CIRCLE('',#13631,81.204);
#13631 = AXIS2_PLACEMENT_3D('',#13632,#13633,#13634);
#13632 = CARTESIAN_POINT('',(0.,0.,23.));
#13633 = DIRECTION('',(0.,0.,1.));
#13634 = DIRECTION('',(1.,0.,-0.));
#13635 = ORIENTED_EDGE('',*,*,#13636,.T.);
#13636 = EDGE_CURVE('',#13628,#3488,#13637,.T.);
#13637 = LINE('',#13638,#13639);
#13638 = CARTESIAN_POINT('',(71.711637016778,-35.92175848109,23.));
#13639 = VECTOR('',#13640,1.);
#13640 = DIRECTION('',(0.896872741533,-0.442288690219,0.));
#13641 = ORIENTED_EDGE('',*,*,#3495,.T.);
#13642 = PLANE('',#13643);
#13643 = AXIS2_PLACEMENT_3D('',#13644,#13645,#13646);
#13644 = CARTESIAN_POINT('',(71.711637016778,-35.92175848109,23.));
#13645 = DIRECTION('',(0.,0.,1.));
#13646 = DIRECTION('',(0.896872741533,-0.442288690219,0.));
#13647 = ADVANCED_FACE('',(#13648),#13659,.T.);
#13648 = FACE_BOUND('',#13649,.T.);
#13649 = EDGE_LOOP('',(#13650,#13651,#13657,#13658));
#13650 = ORIENTED_EDGE('',*,*,#13587,.F.);
#13651 = ORIENTED_EDGE('',*,*,#13652,.T.);
#13652 = EDGE_CURVE('',#13579,#13628,#13653,.T.);
#13653 = LINE('',#13654,#13655);
#13654 = CARTESIAN_POINT('',(72.607129159383,-36.36336633526,7.99));
#13655 = VECTOR('',#13656,1.);
#13656 = DIRECTION('',(0.,0.,1.));
#13657 = ORIENTED_EDGE('',*,*,#13636,.T.);
#13658 = ORIENTED_EDGE('',*,*,#3487,.F.);
#13659 = PLANE('',#13660);
#13660 = AXIS2_PLACEMENT_3D('',#13661,#13662,#13663);
#13661 = CARTESIAN_POINT('',(71.711637016778,-35.92175848109,18.5));
#13662 = DIRECTION('',(0.442288690219,0.896872741533,0.));
#13663 = DIRECTION('',(0.,0.,1.));
#13664 = ADVANCED_FACE('',(#13665),#13691,.T.);
#13665 = FACE_BOUND('',#13666,.T.);
#13666 = EDGE_LOOP('',(#13667,#13675,#13684,#13690));
#13667 = ORIENTED_EDGE('',*,*,#13668,.F.);
#13668 = EDGE_CURVE('',#13669,#3515,#13671,.T.);
#13669 = VERTEX_POINT('',#13670);
#13670 = CARTESIAN_POINT('',(74.526917712791,-32.24636649656,18.5));
#13671 = LINE('',#13672,#13673);
#13672 = CARTESIAN_POINT('',(73.613015216225,-31.84423977387,18.5));
#13673 = VECTOR('',#13674,1.);
#13674 = DIRECTION('',(0.915311479119,-0.402746689859,0.));
#13675 = ORIENTED_EDGE('',*,*,#13676,.F.);
#13676 = EDGE_CURVE('',#13677,#13669,#13679,.T.);
#13677 = VERTEX_POINT('',#13678);
#13678 = CARTESIAN_POINT('',(74.124171022932,-33.16167797568,18.5));
#13679 = CIRCLE('',#13680,81.204);
#13680 = AXIS2_PLACEMENT_3D('',#13681,#13682,#13683);
#13681 = CARTESIAN_POINT('',(0.,0.,18.5));
#13682 = DIRECTION('',(0.,0.,1.));
#13683 = DIRECTION('',(1.,0.,-0.));
#13684 = ORIENTED_EDGE('',*,*,#13685,.T.);
#13685 = EDGE_CURVE('',#13677,#3513,#13686,.T.);
#13686 = LINE('',#13687,#13688);
#13687 = CARTESIAN_POINT('',(73.210268526367,-32.75955125299,18.5));
#13688 = VECTOR('',#13689,1.);
#13689 = DIRECTION('',(0.915311479119,-0.402746689859,0.));
#13690 = ORIENTED_EDGE('',*,*,#3512,.T.);
#13691 = PLANE('',#13692);
#13692 = AXIS2_PLACEMENT_3D('',#13693,#13694,#13695);
#13693 = CARTESIAN_POINT('',(73.210268526367,-32.75955125299,18.5));
#13694 = DIRECTION('',(0.,0.,1.));
#13695 = DIRECTION('',(0.915311479119,-0.402746689859,0.));
#13696 = ADVANCED_FACE('',(#13697),#13715,.F.);
#13697 = FACE_BOUND('',#13698,.F.);
#13698 = EDGE_LOOP('',(#13699,#13700,#13708,#13714));
#13699 = ORIENTED_EDGE('',*,*,#13668,.F.);
#13700 = ORIENTED_EDGE('',*,*,#13701,.T.);
#13701 = EDGE_CURVE('',#13669,#13702,#13704,.T.);
#13702 = VERTEX_POINT('',#13703);
#13703 = CARTESIAN_POINT('',(74.526917712791,-32.24636649656,23.));
#13704 = LINE('',#13705,#13706);
#13705 = CARTESIAN_POINT('',(74.526917712791,-32.24636649656,7.99));
#13706 = VECTOR('',#13707,1.);
#13707 = DIRECTION('',(0.,0.,1.));
#13708 = ORIENTED_EDGE('',*,*,#13709,.T.);
#13709 = EDGE_CURVE('',#13702,#3532,#13710,.T.);
#13710 = LINE('',#13711,#13712);
#13711 = CARTESIAN_POINT('',(73.613015216225,-31.84423977387,23.));
#13712 = VECTOR('',#13713,1.);
#13713 = DIRECTION('',(0.915311479119,-0.402746689859,0.));
#13714 = ORIENTED_EDGE('',*,*,#3540,.F.);
#13715 = PLANE('',#13716);
#13716 = AXIS2_PLACEMENT_3D('',#13717,#13718,#13719);
#13717 = CARTESIAN_POINT('',(73.613015216225,-31.84423977387,18.5));
#13718 = DIRECTION('',(0.402746689859,0.915311479119,0.));
#13719 = DIRECTION('',(0.,0.,1.));
#13720 = ADVANCED_FACE('',(#13721),#13740,.F.);
#13721 = FACE_BOUND('',#13722,.F.);
#13722 = EDGE_LOOP('',(#13723,#13724,#13733,#13739));
#13723 = ORIENTED_EDGE('',*,*,#13709,.F.);
#13724 = ORIENTED_EDGE('',*,*,#13725,.F.);
#13725 = EDGE_CURVE('',#13726,#13702,#13728,.T.);
#13726 = VERTEX_POINT('',#13727);
#13727 = CARTESIAN_POINT('',(74.124171022932,-33.16167797568,23.));
#13728 = CIRCLE('',#13729,81.204);
#13729 = AXIS2_PLACEMENT_3D('',#13730,#13731,#13732);
#13730 = CARTESIAN_POINT('',(0.,0.,23.));
#13731 = DIRECTION('',(0.,0.,1.));
#13732 = DIRECTION('',(1.,0.,-0.));
#13733 = ORIENTED_EDGE('',*,*,#13734,.T.);
#13734 = EDGE_CURVE('',#13726,#3524,#13735,.T.);
#13735 = LINE('',#13736,#13737);
#13736 = CARTESIAN_POINT('',(73.210268526367,-32.75955125299,23.));
#13737 = VECTOR('',#13738,1.);
#13738 = DIRECTION('',(0.915311479119,-0.402746689859,0.));
#13739 = ORIENTED_EDGE('',*,*,#3531,.T.);
#13740 = PLANE('',#13741);
#13741 = AXIS2_PLACEMENT_3D('',#13742,#13743,#13744);
#13742 = CARTESIAN_POINT('',(73.210268526367,-32.75955125299,23.));
#13743 = DIRECTION('',(0.,0.,1.));
#13744 = DIRECTION('',(0.915311479119,-0.402746689859,0.));
#13745 = ADVANCED_FACE('',(#13746),#13757,.T.);
#13746 = FACE_BOUND('',#13747,.T.);
#13747 = EDGE_LOOP('',(#13748,#13749,#13755,#13756));
#13748 = ORIENTED_EDGE('',*,*,#13685,.F.);
#13749 = ORIENTED_EDGE('',*,*,#13750,.T.);
#13750 = EDGE_CURVE('',#13677,#13726,#13751,.T.);
#13751 = LINE('',#13752,#13753);
#13752 = CARTESIAN_POINT('',(74.124171022932,-33.16167797568,7.99));
#13753 = VECTOR('',#13754,1.);
#13754 = DIRECTION('',(0.,0.,1.));
#13755 = ORIENTED_EDGE('',*,*,#13734,.T.);
#13756 = ORIENTED_EDGE('',*,*,#3523,.F.);
#13757 = PLANE('',#13758);
#13758 = AXIS2_PLACEMENT_3D('',#13759,#13760,#13761);
#13759 = CARTESIAN_POINT('',(73.210268526367,-32.75955125299,18.5));
#13760 = DIRECTION('',(0.402746689859,0.915311479119,0.));
#13761 = DIRECTION('',(0.,0.,1.));
#13762 = ADVANCED_FACE('',(#13763),#13789,.T.);
#13763 = FACE_BOUND('',#13764,.T.);
#13764 = EDGE_LOOP('',(#13765,#13773,#13782,#13788));
#13765 = ORIENTED_EDGE('',*,*,#13766,.F.);
#13766 = EDGE_CURVE('',#13767,#3551,#13769,.T.);
#13767 = VERTEX_POINT('',#13768);
#13768 = CARTESIAN_POINT('',(75.862551352279,-28.96485660801,18.5));
#13769 = LINE('',#13770,#13771);
#13770 = CARTESIAN_POINT('',(74.931978167099,-28.60297648786,18.5));
#13771 = VECTOR('',#13772,1.);
#13772 = DIRECTION('',(0.932007869283,-0.362438038284,0.));
#13773 = ORIENTED_EDGE('',*,*,#13774,.F.);
#13774 = EDGE_CURVE('',#13775,#13767,#13777,.T.);
#13775 = VERTEX_POINT('',#13776);
#13776 = CARTESIAN_POINT('',(75.500113313996,-29.89686447729,18.5));
#13777 = CIRCLE('',#13778,81.204);
#13778 = AXIS2_PLACEMENT_3D('',#13779,#13780,#13781);
#13779 = CARTESIAN_POINT('',(0.,0.,18.5));
#13780 = DIRECTION('',(0.,0.,1.));
#13781 = DIRECTION('',(1.,0.,-0.));
#13782 = ORIENTED_EDGE('',*,*,#13783,.T.);
#13783 = EDGE_CURVE('',#13775,#3549,#13784,.T.);
#13784 = LINE('',#13785,#13786);
#13785 = CARTESIAN_POINT('',(74.569540128816,-29.53498435714,18.5));
#13786 = VECTOR('',#13787,1.);
#13787 = DIRECTION('',(0.932007869283,-0.362438038284,0.));
#13788 = ORIENTED_EDGE('',*,*,#3548,.T.);
#13789 = PLANE('',#13790);
#13790 = AXIS2_PLACEMENT_3D('',#13791,#13792,#13793);
#13791 = CARTESIAN_POINT('',(74.569540128816,-29.53498435714,18.5));
#13792 = DIRECTION('',(0.,0.,1.));
#13793 = DIRECTION('',(0.932007869283,-0.362438038284,0.));
#13794 = ADVANCED_FACE('',(#13795),#13813,.F.);
#13795 = FACE_BOUND('',#13796,.F.);
#13796 = EDGE_LOOP('',(#13797,#13798,#13806,#13812));
#13797 = ORIENTED_EDGE('',*,*,#13766,.F.);
#13798 = ORIENTED_EDGE('',*,*,#13799,.T.);
#13799 = EDGE_CURVE('',#13767,#13800,#13802,.T.);
#13800 = VERTEX_POINT('',#13801);
#13801 = CARTESIAN_POINT('',(75.862551352279,-28.96485660801,23.));
#13802 = LINE('',#13803,#13804);
#13803 = CARTESIAN_POINT('',(75.862551352279,-28.96485660801,7.99));
#13804 = VECTOR('',#13805,1.);
#13805 = DIRECTION('',(0.,0.,1.));
#13806 = ORIENTED_EDGE('',*,*,#13807,.T.);
#13807 = EDGE_CURVE('',#13800,#3568,#13808,.T.);
#13808 = LINE('',#13809,#13810);
#13809 = CARTESIAN_POINT('',(74.931978167099,-28.60297648786,23.));
#13810 = VECTOR('',#13811,1.);
#13811 = DIRECTION('',(0.932007869283,-0.362438038284,0.));
#13812 = ORIENTED_EDGE('',*,*,#3576,.F.);
#13813 = PLANE('',#13814);
#13814 = AXIS2_PLACEMENT_3D('',#13815,#13816,#13817);
#13815 = CARTESIAN_POINT('',(74.931978167099,-28.60297648786,18.5));
#13816 = DIRECTION('',(0.362438038284,0.932007869283,0.));
#13817 = DIRECTION('',(0.,0.,1.));
#13818 = ADVANCED_FACE('',(#13819),#13838,.F.);
#13819 = FACE_BOUND('',#13820,.F.);
#13820 = EDGE_LOOP('',(#13821,#13822,#13831,#13837));
#13821 = ORIENTED_EDGE('',*,*,#13807,.F.);
#13822 = ORIENTED_EDGE('',*,*,#13823,.F.);
#13823 = EDGE_CURVE('',#13824,#13800,#13826,.T.);
#13824 = VERTEX_POINT('',#13825);
#13825 = CARTESIAN_POINT('',(75.500113313996,-29.89686447729,23.));
#13826 = CIRCLE('',#13827,81.204);
#13827 = AXIS2_PLACEMENT_3D('',#13828,#13829,#13830);
#13828 = CARTESIAN_POINT('',(0.,0.,23.));
#13829 = DIRECTION('',(0.,0.,1.));
#13830 = DIRECTION('',(1.,0.,-0.));
#13831 = ORIENTED_EDGE('',*,*,#13832,.T.);
#13832 = EDGE_CURVE('',#13824,#3560,#13833,.T.);
#13833 = LINE('',#13834,#13835);
#13834 = CARTESIAN_POINT('',(74.569540128816,-29.53498435714,23.));
#13835 = VECTOR('',#13836,1.);
#13836 = DIRECTION('',(0.932007869283,-0.362438038284,0.));
#13837 = ORIENTED_EDGE('',*,*,#3567,.T.);
#13838 = PLANE('',#13839);
#13839 = AXIS2_PLACEMENT_3D('',#13840,#13841,#13842);
#13840 = CARTESIAN_POINT('',(74.569540128816,-29.53498435714,23.));
#13841 = DIRECTION('',(0.,0.,1.));
#13842 = DIRECTION('',(0.932007869283,-0.362438038284,0.));
#13843 = ADVANCED_FACE('',(#13844),#13855,.T.);
#13844 = FACE_BOUND('',#13845,.T.);
#13845 = EDGE_LOOP('',(#13846,#13847,#13853,#13854));
#13846 = ORIENTED_EDGE('',*,*,#13783,.F.);
#13847 = ORIENTED_EDGE('',*,*,#13848,.T.);
#13848 = EDGE_CURVE('',#13775,#13824,#13849,.T.);
#13849 = LINE('',#13850,#13851);
#13850 = CARTESIAN_POINT('',(75.500113313996,-29.89686447729,7.99));
#13851 = VECTOR('',#13852,1.);
#13852 = DIRECTION('',(0.,0.,1.));
#13853 = ORIENTED_EDGE('',*,*,#13832,.T.);
#13854 = ORIENTED_EDGE('',*,*,#3559,.F.);
#13855 = PLANE('',#13856);
#13856 = AXIS2_PLACEMENT_3D('',#13857,#13858,#13859);
#13857 = CARTESIAN_POINT('',(74.569540128816,-29.53498435714,18.5));
#13858 = DIRECTION('',(0.362438038284,0.932007869283,0.));
#13859 = DIRECTION('',(0.,0.,1.));
#13860 = ADVANCED_FACE('',(#13861),#13887,.T.);
#13861 = FACE_BOUND('',#13862,.T.);
#13862 = EDGE_LOOP('',(#13863,#13871,#13880,#13886));
#13863 = ORIENTED_EDGE('',*,*,#13864,.F.);
#13864 = EDGE_CURVE('',#13865,#3587,#13867,.T.);
#13865 = VERTEX_POINT('',#13866);
#13866 = CARTESIAN_POINT('',(77.053776313523,-25.62821046865,18.5));
#13867 = LINE('',#13868,#13869);
#13868 = CARTESIAN_POINT('',(76.108303838677,-25.30726581042,18.5));
#13869 = VECTOR('',#13870,1.);
#13870 = DIRECTION('',(0.946930129495,-0.321439465303,0.));
#13871 = ORIENTED_EDGE('',*,*,#13872,.F.);
#13872 = EDGE_CURVE('',#13873,#13865,#13875,.T.);
#13873 = VERTEX_POINT('',#13874);
#13874 = CARTESIAN_POINT('',(76.73233684822,-26.57514059814,18.5));
#13875 = CIRCLE('',#13876,81.204);
#13876 = AXIS2_PLACEMENT_3D('',#13877,#13878,#13879);
#13877 = CARTESIAN_POINT('',(0.,0.,18.5));
#13878 = DIRECTION('',(0.,0.,1.));
#13879 = DIRECTION('',(1.,0.,-0.));
#13880 = ORIENTED_EDGE('',*,*,#13881,.T.);
#13881 = EDGE_CURVE('',#13873,#3585,#13882,.T.);
#13882 = LINE('',#13883,#13884);
#13883 = CARTESIAN_POINT('',(75.786864373374,-26.25419593992,18.5));
#13884 = VECTOR('',#13885,1.);
#13885 = DIRECTION('',(0.946930129495,-0.321439465303,0.));
#13886 = ORIENTED_EDGE('',*,*,#3584,.T.);
#13887 = PLANE('',#13888);
#13888 = AXIS2_PLACEMENT_3D('',#13889,#13890,#13891);
#13889 = CARTESIAN_POINT('',(75.786864373374,-26.25419593992,18.5));
#13890 = DIRECTION('',(0.,0.,1.));
#13891 = DIRECTION('',(0.946930129495,-0.321439465303,0.));
#13892 = ADVANCED_FACE('',(#13893),#13911,.F.);
#13893 = FACE_BOUND('',#13894,.F.);
#13894 = EDGE_LOOP('',(#13895,#13896,#13904,#13910));
#13895 = ORIENTED_EDGE('',*,*,#13864,.F.);
#13896 = ORIENTED_EDGE('',*,*,#13897,.T.);
#13897 = EDGE_CURVE('',#13865,#13898,#13900,.T.);
#13898 = VERTEX_POINT('',#13899);
#13899 = CARTESIAN_POINT('',(77.053776313523,-25.62821046865,23.));
#13900 = LINE('',#13901,#13902);
#13901 = CARTESIAN_POINT('',(77.053776313523,-25.62821046865,7.99));
#13902 = VECTOR('',#13903,1.);
#13903 = DIRECTION('',(0.,0.,1.));
#13904 = ORIENTED_EDGE('',*,*,#13905,.T.);
#13905 = EDGE_CURVE('',#13898,#3604,#13906,.T.);
#13906 = LINE('',#13907,#13908);
#13907 = CARTESIAN_POINT('',(76.108303838677,-25.30726581042,23.));
#13908 = VECTOR('',#13909,1.);
#13909 = DIRECTION('',(0.946930129495,-0.321439465303,0.));
#13910 = ORIENTED_EDGE('',*,*,#3612,.F.);
#13911 = PLANE('',#13912);
#13912 = AXIS2_PLACEMENT_3D('',#13913,#13914,#13915);
#13913 = CARTESIAN_POINT('',(76.108303838677,-25.30726581042,18.5));
#13914 = DIRECTION('',(0.321439465303,0.946930129495,0.));
#13915 = DIRECTION('',(0.,0.,1.));
#13916 = ADVANCED_FACE('',(#13917),#13936,.F.);
#13917 = FACE_BOUND('',#13918,.F.);
#13918 = EDGE_LOOP('',(#13919,#13920,#13929,#13935));
#13919 = ORIENTED_EDGE('',*,*,#13905,.F.);
#13920 = ORIENTED_EDGE('',*,*,#13921,.F.);
#13921 = EDGE_CURVE('',#13922,#13898,#13924,.T.);
#13922 = VERTEX_POINT('',#13923);
#13923 = CARTESIAN_POINT('',(76.73233684822,-26.57514059814,23.));
#13924 = CIRCLE('',#13925,81.204);
#13925 = AXIS2_PLACEMENT_3D('',#13926,#13927,#13928);
#13926 = CARTESIAN_POINT('',(0.,0.,23.));
#13927 = DIRECTION('',(0.,0.,1.));
#13928 = DIRECTION('',(1.,0.,-0.));
#13929 = ORIENTED_EDGE('',*,*,#13930,.T.);
#13930 = EDGE_CURVE('',#13922,#3596,#13931,.T.);
#13931 = LINE('',#13932,#13933);
#13932 = CARTESIAN_POINT('',(75.786864373374,-26.25419593992,23.));
#13933 = VECTOR('',#13934,1.);
#13934 = DIRECTION('',(0.946930129495,-0.321439465303,0.));
#13935 = ORIENTED_EDGE('',*,*,#3603,.T.);
#13936 = PLANE('',#13937);
#13937 = AXIS2_PLACEMENT_3D('',#13938,#13939,#13940);
#13938 = CARTESIAN_POINT('',(75.786864373374,-26.25419593992,23.));
#13939 = DIRECTION('',(0.,0.,1.));
#13940 = DIRECTION('',(0.946930129495,-0.321439465303,0.));
#13941 = ADVANCED_FACE('',(#13942),#13953,.T.);
#13942 = FACE_BOUND('',#13943,.T.);
#13943 = EDGE_LOOP('',(#13944,#13945,#13951,#13952));
#13944 = ORIENTED_EDGE('',*,*,#13881,.F.);
#13945 = ORIENTED_EDGE('',*,*,#13946,.T.);
#13946 = EDGE_CURVE('',#13873,#13922,#13947,.T.);
#13947 = LINE('',#13948,#13949);
#13948 = CARTESIAN_POINT('',(76.73233684822,-26.57514059814,7.99));
#13949 = VECTOR('',#13950,1.);
#13950 = DIRECTION('',(0.,0.,1.));
#13951 = ORIENTED_EDGE('',*,*,#13930,.T.);
#13952 = ORIENTED_EDGE('',*,*,#3595,.F.);
#13953 = PLANE('',#13954);
#13954 = AXIS2_PLACEMENT_3D('',#13955,#13956,#13957);
#13955 = CARTESIAN_POINT('',(75.786864373374,-26.25419593992,18.5));
#13956 = DIRECTION('',(0.321439465303,0.946930129495,0.));
#13957 = DIRECTION('',(0.,0.,1.));
#13958 = ADVANCED_FACE('',(#13959),#13985,.T.);
#13959 = FACE_BOUND('',#13960,.T.);
#13960 = EDGE_LOOP('',(#13961,#13969,#13978,#13984));
#13961 = ORIENTED_EDGE('',*,*,#13962,.F.);
#13962 = EDGE_CURVE('',#13963,#3623,#13965,.T.);
#13963 = VERTEX_POINT('',#13964);
#13964 = CARTESIAN_POINT('',(78.098325032104,-22.24277957405,18.5));
#13965 = LINE('',#13966,#13967);
#13966 = CARTESIAN_POINT('',(77.139753028185,-21.96338131414,18.5));
#13967 = VECTOR('',#13968,1.);
#13968 = DIRECTION('',(0.960049854386,-0.279829014031,0.));
#13969 = ORIENTED_EDGE('',*,*,#13970,.F.);
#13970 = EDGE_CURVE('',#13971,#13963,#13973,.T.);
#13971 = VERTEX_POINT('',#13972);
#13972 = CARTESIAN_POINT('',(77.818496018073,-23.20282942843,18.5));
#13973 = CIRCLE('',#13974,81.204);
#13974 = AXIS2_PLACEMENT_3D('',#13975,#13976,#13977);
#13975 = CARTESIAN_POINT('',(0.,0.,18.5));
#13976 = DIRECTION('',(0.,0.,1.));
#13977 = DIRECTION('',(1.,0.,-0.));
#13978 = ORIENTED_EDGE('',*,*,#13979,.T.);
#13979 = EDGE_CURVE('',#13971,#3621,#13980,.T.);
#13980 = LINE('',#13981,#13982);
#13981 = CARTESIAN_POINT('',(76.859924014154,-22.92343116853,18.5));
#13982 = VECTOR('',#13983,1.);
#13983 = DIRECTION('',(0.960049854386,-0.279829014031,0.));
#13984 = ORIENTED_EDGE('',*,*,#3620,.T.);
#13985 = PLANE('',#13986);
#13986 = AXIS2_PLACEMENT_3D('',#13987,#13988,#13989);
#13987 = CARTESIAN_POINT('',(76.859924014154,-22.92343116853,18.5));
#13988 = DIRECTION('',(0.,0.,1.));
#13989 = DIRECTION('',(0.960049854386,-0.279829014031,0.));
#13990 = ADVANCED_FACE('',(#13991),#14009,.F.);
#13991 = FACE_BOUND('',#13992,.F.);
#13992 = EDGE_LOOP('',(#13993,#13994,#14002,#14008));
#13993 = ORIENTED_EDGE('',*,*,#13962,.F.);
#13994 = ORIENTED_EDGE('',*,*,#13995,.T.);
#13995 = EDGE_CURVE('',#13963,#13996,#13998,.T.);
#13996 = VERTEX_POINT('',#13997);
#13997 = CARTESIAN_POINT('',(78.098325032104,-22.24277957405,23.));
#13998 = LINE('',#13999,#14000);
#13999 = CARTESIAN_POINT('',(78.098325032104,-22.24277957405,7.99));
#14000 = VECTOR('',#14001,1.);
#14001 = DIRECTION('',(0.,0.,1.));
#14002 = ORIENTED_EDGE('',*,*,#14003,.T.);
#14003 = EDGE_CURVE('',#13996,#3640,#14004,.T.);
#14004 = LINE('',#14005,#14006);
#14005 = CARTESIAN_POINT('',(77.139753028185,-21.96338131414,23.));
#14006 = VECTOR('',#14007,1.);
#14007 = DIRECTION('',(0.960049854386,-0.279829014031,0.));
#14008 = ORIENTED_EDGE('',*,*,#3648,.F.);
#14009 = PLANE('',#14010);
#14010 = AXIS2_PLACEMENT_3D('',#14011,#14012,#14013);
#14011 = CARTESIAN_POINT('',(77.139753028185,-21.96338131414,18.5));
#14012 = DIRECTION('',(0.279829014031,0.960049854386,0.));
#14013 = DIRECTION('',(0.,0.,1.));
#14014 = ADVANCED_FACE('',(#14015),#14034,.F.);
#14015 = FACE_BOUND('',#14016,.F.);
#14016 = EDGE_LOOP('',(#14017,#14018,#14027,#14033));
#14017 = ORIENTED_EDGE('',*,*,#14003,.F.);
#14018 = ORIENTED_EDGE('',*,*,#14019,.F.);
#14019 = EDGE_CURVE('',#14020,#13996,#14022,.T.);
#14020 = VERTEX_POINT('',#14021);
#14021 = CARTESIAN_POINT('',(77.818496018073,-23.20282942843,23.));
#14022 = CIRCLE('',#14023,81.204);
#14023 = AXIS2_PLACEMENT_3D('',#14024,#14025,#14026);
#14024 = CARTESIAN_POINT('',(0.,0.,23.));
#14025 = DIRECTION('',(0.,0.,1.));
#14026 = DIRECTION('',(1.,0.,-0.));
#14027 = ORIENTED_EDGE('',*,*,#14028,.T.);
#14028 = EDGE_CURVE('',#14020,#3632,#14029,.T.);
#14029 = LINE('',#14030,#14031);
#14030 = CARTESIAN_POINT('',(76.859924014154,-22.92343116853,23.));
#14031 = VECTOR('',#14032,1.);
#14032 = DIRECTION('',(0.960049854386,-0.279829014031,0.));
#14033 = ORIENTED_EDGE('',*,*,#3639,.T.);
#14034 = PLANE('',#14035);
#14035 = AXIS2_PLACEMENT_3D('',#14036,#14037,#14038);
#14036 = CARTESIAN_POINT('',(76.859924014154,-22.92343116853,23.));
#14037 = DIRECTION('',(0.,0.,1.));
#14038 = DIRECTION('',(0.960049854386,-0.279829014031,0.));
#14039 = ADVANCED_FACE('',(#14040),#14051,.T.);
#14040 = FACE_BOUND('',#14041,.T.);
#14041 = EDGE_LOOP('',(#14042,#14043,#14049,#14050));
#14042 = ORIENTED_EDGE('',*,*,#13979,.F.);
#14043 = ORIENTED_EDGE('',*,*,#14044,.T.);
#14044 = EDGE_CURVE('',#13971,#14020,#14045,.T.);
#14045 = LINE('',#14046,#14047);
#14046 = CARTESIAN_POINT('',(77.818496018073,-23.20282942843,7.99));
#14047 = VECTOR('',#14048,1.);
#14048 = DIRECTION('',(0.,0.,1.));
#14049 = ORIENTED_EDGE('',*,*,#14028,.T.);
#14050 = ORIENTED_EDGE('',*,*,#3631,.F.);
#14051 = PLANE('',#14052);
#14052 = AXIS2_PLACEMENT_3D('',#14053,#14054,#14055);
#14053 = CARTESIAN_POINT('',(76.859924014154,-22.92343116853,18.5));
#14054 = DIRECTION('',(0.279829014031,0.960049854386,0.));
#14055 = DIRECTION('',(0.,0.,1.));
#14056 = ADVANCED_FACE('',(#14057),#14083,.T.);
#14057 = FACE_BOUND('',#14058,.T.);
#14058 = EDGE_LOOP('',(#14059,#14067,#14076,#14082));
#14059 = ORIENTED_EDGE('',*,*,#14060,.F.);
#14060 = EDGE_CURVE('',#14061,#3659,#14063,.T.);
#14061 = VERTEX_POINT('',#14062);
#14062 = CARTESIAN_POINT('',(78.994209150168,-18.81500828433,18.5));
#14063 = LINE('',#14064,#14065);
#14064 = CARTESIAN_POINT('',(78.024362313466,-18.57768827322,18.5));
#14065 = VECTOR('',#14066,1.);
#14066 = DIRECTION('',(0.971342069813,-0.237685892326,0.));
#14067 = ORIENTED_EDGE('',*,*,#14068,.F.);
#14068 = EDGE_CURVE('',#14069,#14061,#14071,.T.);
#14069 = VERTEX_POINT('',#14070);
#14070 = CARTESIAN_POINT('',(78.756523257842,-19.78635035414,18.5));
#14071 = CIRCLE('',#14072,81.204);
#14072 = AXIS2_PLACEMENT_3D('',#14073,#14074,#14075);
#14073 = CARTESIAN_POINT('',(0.,0.,18.5));
#14074 = DIRECTION('',(0.,0.,1.));
#14075 = DIRECTION('',(1.,0.,-0.));
#14076 = ORIENTED_EDGE('',*,*,#14077,.T.);
#14077 = EDGE_CURVE('',#14069,#3657,#14078,.T.);
#14078 = LINE('',#14079,#14080);
#14079 = CARTESIAN_POINT('',(77.78667642114,-19.54903034303,18.5));
#14080 = VECTOR('',#14081,1.);
#14081 = DIRECTION('',(0.971342069813,-0.237685892326,0.));
#14082 = ORIENTED_EDGE('',*,*,#3656,.T.);
#14083 = PLANE('',#14084);
#14084 = AXIS2_PLACEMENT_3D('',#14085,#14086,#14087);
#14085 = CARTESIAN_POINT('',(77.78667642114,-19.54903034303,18.5));
#14086 = DIRECTION('',(0.,0.,1.));
#14087 = DIRECTION('',(0.971342069813,-0.237685892326,0.));
#14088 = ADVANCED_FACE('',(#14089),#14107,.F.);
#14089 = FACE_BOUND('',#14090,.F.);
#14090 = EDGE_LOOP('',(#14091,#14092,#14100,#14106));
#14091 = ORIENTED_EDGE('',*,*,#14060,.F.);
#14092 = ORIENTED_EDGE('',*,*,#14093,.T.);
#14093 = EDGE_CURVE('',#14061,#14094,#14096,.T.);
#14094 = VERTEX_POINT('',#14095);
#14095 = CARTESIAN_POINT('',(78.994209150168,-18.81500828433,23.));
#14096 = LINE('',#14097,#14098);
#14097 = CARTESIAN_POINT('',(78.994209150168,-18.81500828433,7.99));
#14098 = VECTOR('',#14099,1.);
#14099 = DIRECTION('',(0.,0.,1.));
#14100 = ORIENTED_EDGE('',*,*,#14101,.T.);
#14101 = EDGE_CURVE('',#14094,#3676,#14102,.T.);
#14102 = LINE('',#14103,#14104);
#14103 = CARTESIAN_POINT('',(78.024362313466,-18.57768827322,23.));
#14104 = VECTOR('',#14105,1.);
#14105 = DIRECTION('',(0.971342069813,-0.237685892326,0.));
#14106 = ORIENTED_EDGE('',*,*,#3684,.F.);
#14107 = PLANE('',#14108);
#14108 = AXIS2_PLACEMENT_3D('',#14109,#14110,#14111);
#14109 = CARTESIAN_POINT('',(78.024362313466,-18.57768827322,18.5));
#14110 = DIRECTION('',(0.237685892326,0.971342069813,0.));
#14111 = DIRECTION('',(0.,0.,1.));
#14112 = ADVANCED_FACE('',(#14113),#14132,.F.);
#14113 = FACE_BOUND('',#14114,.F.);
#14114 = EDGE_LOOP('',(#14115,#14116,#14125,#14131));
#14115 = ORIENTED_EDGE('',*,*,#14101,.F.);
#14116 = ORIENTED_EDGE('',*,*,#14117,.F.);
#14117 = EDGE_CURVE('',#14118,#14094,#14120,.T.);
#14118 = VERTEX_POINT('',#14119);
#14119 = CARTESIAN_POINT('',(78.756523257842,-19.78635035414,23.));
#14120 = CIRCLE('',#14121,81.204);
#14121 = AXIS2_PLACEMENT_3D('',#14122,#14123,#14124);
#14122 = CARTESIAN_POINT('',(0.,0.,23.));
#14123 = DIRECTION('',(0.,0.,1.));
#14124 = DIRECTION('',(1.,0.,-0.));
#14125 = ORIENTED_EDGE('',*,*,#14126,.T.);
#14126 = EDGE_CURVE('',#14118,#3668,#14127,.T.);
#14127 = LINE('',#14128,#14129);
#14128 = CARTESIAN_POINT('',(77.78667642114,-19.54903034303,23.));
#14129 = VECTOR('',#14130,1.);
#14130 = DIRECTION('',(0.971342069813,-0.237685892326,0.));
#14131 = ORIENTED_EDGE('',*,*,#3675,.T.);
#14132 = PLANE('',#14133);
#14133 = AXIS2_PLACEMENT_3D('',#14134,#14135,#14136);
#14134 = CARTESIAN_POINT('',(77.78667642114,-19.54903034303,23.));
#14135 = DIRECTION('',(0.,0.,1.));
#14136 = DIRECTION('',(0.971342069813,-0.237685892326,0.));
#14137 = ADVANCED_FACE('',(#14138),#14149,.T.);
#14138 = FACE_BOUND('',#14139,.T.);
#14139 = EDGE_LOOP('',(#14140,#14141,#14147,#14148));
#14140 = ORIENTED_EDGE('',*,*,#14077,.F.);
#14141 = ORIENTED_EDGE('',*,*,#14142,.T.);
#14142 = EDGE_CURVE('',#14069,#14118,#14143,.T.);
#14143 = LINE('',#14144,#14145);
#14144 = CARTESIAN_POINT('',(78.756523257842,-19.78635035414,7.99));
#14145 = VECTOR('',#14146,1.);
#14146 = DIRECTION('',(0.,0.,1.));
#14147 = ORIENTED_EDGE('',*,*,#14126,.T.);
#14148 = ORIENTED_EDGE('',*,*,#3667,.F.);
#14149 = PLANE('',#14150);
#14150 = AXIS2_PLACEMENT_3D('',#14151,#14152,#14153);
#14151 = CARTESIAN_POINT('',(77.78667642114,-19.54903034303,18.5));
#14152 = DIRECTION('',(0.237685892326,0.971342069813,0.));
#14153 = DIRECTION('',(0.,0.,1.));
#14154 = ADVANCED_FACE('',(#14155),#14181,.T.);
#14155 = FACE_BOUND('',#14156,.T.);
#14156 = EDGE_LOOP('',(#14157,#14165,#14174,#14180));
#14157 = ORIENTED_EDGE('',*,*,#14158,.F.);
#14158 = EDGE_CURVE('',#14159,#3695,#14161,.T.);
#14159 = VERTEX_POINT('',#14160);
#14160 = CARTESIAN_POINT('',(79.739723301377,-15.35142155697,18.5));
#14161 = LINE('',#14162,#14163);
#14162 = CARTESIAN_POINT('',(78.760447790469,-15.15663154678,18.5));
#14163 = VECTOR('',#14164,1.);
#14164 = DIRECTION('',(0.980785280403,-0.195090322016,0.));
#14165 = ORIENTED_EDGE('',*,*,#14166,.F.);
#14166 = EDGE_CURVE('',#14167,#14159,#14169,.T.);
#14167 = VERTEX_POINT('',#14168);
#14168 = CARTESIAN_POINT('',(79.544632979361,-16.33220683737,18.5));
#14169 = CIRCLE('',#14170,81.204);
#14170 = AXIS2_PLACEMENT_3D('',#14171,#14172,#14173);
#14171 = CARTESIAN_POINT('',(0.,0.,18.5));
#14172 = DIRECTION('',(0.,0.,1.));
#14173 = DIRECTION('',(1.,0.,-0.));
#14174 = ORIENTED_EDGE('',*,*,#14175,.T.);
#14175 = EDGE_CURVE('',#14167,#3693,#14176,.T.);
#14176 = LINE('',#14177,#14178);
#14177 = CARTESIAN_POINT('',(78.565357468453,-16.13741682718,18.5));
#14178 = VECTOR('',#14179,1.);
#14179 = DIRECTION('',(0.980785280403,-0.195090322016,0.));
#14180 = ORIENTED_EDGE('',*,*,#3692,.T.);
#14181 = PLANE('',#14182);
#14182 = AXIS2_PLACEMENT_3D('',#14183,#14184,#14185);
#14183 = CARTESIAN_POINT('',(78.565357468453,-16.13741682718,18.5));
#14184 = DIRECTION('',(0.,0.,1.));
#14185 = DIRECTION('',(0.980785280403,-0.195090322016,0.));
#14186 = ADVANCED_FACE('',(#14187),#14205,.F.);
#14187 = FACE_BOUND('',#14188,.F.);
#14188 = EDGE_LOOP('',(#14189,#14190,#14198,#14204));
#14189 = ORIENTED_EDGE('',*,*,#14158,.F.);
#14190 = ORIENTED_EDGE('',*,*,#14191,.T.);
#14191 = EDGE_CURVE('',#14159,#14192,#14194,.T.);
#14192 = VERTEX_POINT('',#14193);
#14193 = CARTESIAN_POINT('',(79.739723301377,-15.35142155697,23.));
#14194 = LINE('',#14195,#14196);
#14195 = CARTESIAN_POINT('',(79.739723301377,-15.35142155697,7.99));
#14196 = VECTOR('',#14197,1.);
#14197 = DIRECTION('',(0.,0.,1.));
#14198 = ORIENTED_EDGE('',*,*,#14199,.T.);
#14199 = EDGE_CURVE('',#14192,#3712,#14200,.T.);
#14200 = LINE('',#14201,#14202);
#14201 = CARTESIAN_POINT('',(78.760447790469,-15.15663154678,23.));
#14202 = VECTOR('',#14203,1.);
#14203 = DIRECTION('',(0.980785280403,-0.195090322016,0.));
#14204 = ORIENTED_EDGE('',*,*,#3720,.F.);
#14205 = PLANE('',#14206);
#14206 = AXIS2_PLACEMENT_3D('',#14207,#14208,#14209);
#14207 = CARTESIAN_POINT('',(78.760447790469,-15.15663154678,18.5));
#14208 = DIRECTION('',(0.195090322016,0.980785280403,0.));
#14209 = DIRECTION('',(0.,0.,1.));
#14210 = ADVANCED_FACE('',(#14211),#14230,.F.);
#14211 = FACE_BOUND('',#14212,.F.);
#14212 = EDGE_LOOP('',(#14213,#14214,#14223,#14229));
#14213 = ORIENTED_EDGE('',*,*,#14199,.F.);
#14214 = ORIENTED_EDGE('',*,*,#14215,.F.);
#14215 = EDGE_CURVE('',#14216,#14192,#14218,.T.);
#14216 = VERTEX_POINT('',#14217);
#14217 = CARTESIAN_POINT('',(79.544632979361,-16.33220683737,23.));
#14218 = CIRCLE('',#14219,81.204);
#14219 = AXIS2_PLACEMENT_3D('',#14220,#14221,#14222);
#14220 = CARTESIAN_POINT('',(0.,0.,23.));
#14221 = DIRECTION('',(0.,0.,1.));
#14222 = DIRECTION('',(1.,0.,-0.));
#14223 = ORIENTED_EDGE('',*,*,#14224,.T.);
#14224 = EDGE_CURVE('',#14216,#3704,#14225,.T.);
#14225 = LINE('',#14226,#14227);
#14226 = CARTESIAN_POINT('',(78.565357468453,-16.13741682718,23.));
#14227 = VECTOR('',#14228,1.);
#14228 = DIRECTION('',(0.980785280403,-0.195090322016,0.));
#14229 = ORIENTED_EDGE('',*,*,#3711,.T.);
#14230 = PLANE('',#14231);
#14231 = AXIS2_PLACEMENT_3D('',#14232,#14233,#14234);
#14232 = CARTESIAN_POINT('',(78.565357468453,-16.13741682718,23.));
#14233 = DIRECTION('',(0.,0.,1.));
#14234 = DIRECTION('',(0.980785280403,-0.195090322016,0.));
#14235 = ADVANCED_FACE('',(#14236),#14247,.T.);
#14236 = FACE_BOUND('',#14237,.T.);
#14237 = EDGE_LOOP('',(#14238,#14239,#14245,#14246));
#14238 = ORIENTED_EDGE('',*,*,#14175,.F.);
#14239 = ORIENTED_EDGE('',*,*,#14240,.T.);
#14240 = EDGE_CURVE('',#14167,#14216,#14241,.T.);
#14241 = LINE('',#14242,#14243);
#14242 = CARTESIAN_POINT('',(79.544632979361,-16.33220683737,7.99));
#14243 = VECTOR('',#14244,1.);
#14244 = DIRECTION('',(0.,0.,1.));
#14245 = ORIENTED_EDGE('',*,*,#14224,.T.);
#14246 = ORIENTED_EDGE('',*,*,#3703,.F.);
#14247 = PLANE('',#14248);
#14248 = AXIS2_PLACEMENT_3D('',#14249,#14250,#14251);
#14249 = CARTESIAN_POINT('',(78.565357468453,-16.13741682718,18.5));
#14250 = DIRECTION('',(0.195090322016,0.980785280403,0.));
#14251 = DIRECTION('',(0.,0.,1.));
#14252 = ADVANCED_FACE('',(#14253),#14279,.T.);
#14253 = FACE_BOUND('',#14254,.T.);
#14254 = EDGE_LOOP('',(#14255,#14263,#14272,#14278));
#14255 = ORIENTED_EDGE('',*,*,#14256,.F.);
#14256 = EDGE_CURVE('',#14257,#3731,#14259,.T.);
#14257 = VERTEX_POINT('',#14258);
#14258 = CARTESIAN_POINT('',(80.333448357172,-11.85861252615,18.5));
#14259 = LINE('',#14260,#14261);
#14260 = CARTESIAN_POINT('',(79.346608278651,-11.70672331074,18.5));
#14261 = VECTOR('',#14262,1.);
#14262 = DIRECTION('',(0.988361510468,-0.15212338619,0.));
#14263 = ORIENTED_EDGE('',*,*,#14264,.F.);
#14264 = EDGE_CURVE('',#14265,#14257,#14267,.T.);
#14265 = VERTEX_POINT('',#14266);
#14266 = CARTESIAN_POINT('',(80.181324970982,-12.84697403662,18.5));
#14267 = CIRCLE('',#14268,81.204);
#14268 = AXIS2_PLACEMENT_3D('',#14269,#14270,#14271);
#14269 = CARTESIAN_POINT('',(0.,0.,18.5));
#14270 = DIRECTION('',(0.,0.,1.));
#14271 = DIRECTION('',(1.,0.,-0.));
#14272 = ORIENTED_EDGE('',*,*,#14273,.T.);
#14273 = EDGE_CURVE('',#14265,#3729,#14274,.T.);
#14274 = LINE('',#14275,#14276);
#14275 = CARTESIAN_POINT('',(79.194484892461,-12.69508482121,18.5));
#14276 = VECTOR('',#14277,1.);
#14277 = DIRECTION('',(0.988361510468,-0.15212338619,0.));
#14278 = ORIENTED_EDGE('',*,*,#3728,.T.);
#14279 = PLANE('',#14280);
#14280 = AXIS2_PLACEMENT_3D('',#14281,#14282,#14283);
#14281 = CARTESIAN_POINT('',(79.194484892461,-12.69508482121,18.5));
#14282 = DIRECTION('',(0.,0.,1.));
#14283 = DIRECTION('',(0.988361510468,-0.15212338619,0.));
#14284 = ADVANCED_FACE('',(#14285),#14303,.F.);
#14285 = FACE_BOUND('',#14286,.F.);
#14286 = EDGE_LOOP('',(#14287,#14288,#14296,#14302));
#14287 = ORIENTED_EDGE('',*,*,#14256,.F.);
#14288 = ORIENTED_EDGE('',*,*,#14289,.T.);
#14289 = EDGE_CURVE('',#14257,#14290,#14292,.T.);
#14290 = VERTEX_POINT('',#14291);
#14291 = CARTESIAN_POINT('',(80.333448357172,-11.85861252615,23.));
#14292 = LINE('',#14293,#14294);
#14293 = CARTESIAN_POINT('',(80.333448357172,-11.85861252615,7.99));
#14294 = VECTOR('',#14295,1.);
#14295 = DIRECTION('',(0.,0.,1.));
#14296 = ORIENTED_EDGE('',*,*,#14297,.T.);
#14297 = EDGE_CURVE('',#14290,#3748,#14298,.T.);
#14298 = LINE('',#14299,#14300);
#14299 = CARTESIAN_POINT('',(79.346608278651,-11.70672331074,23.));
#14300 = VECTOR('',#14301,1.);
#14301 = DIRECTION('',(0.988361510468,-0.15212338619,0.));
#14302 = ORIENTED_EDGE('',*,*,#3756,.F.);
#14303 = PLANE('',#14304);
#14304 = AXIS2_PLACEMENT_3D('',#14305,#14306,#14307);
#14305 = CARTESIAN_POINT('',(79.346608278651,-11.70672331074,18.5));
#14306 = DIRECTION('',(0.15212338619,0.988361510468,0.));
#14307 = DIRECTION('',(0.,0.,1.));
#14308 = ADVANCED_FACE('',(#14309),#14328,.F.);
#14309 = FACE_BOUND('',#14310,.F.);
#14310 = EDGE_LOOP('',(#14311,#14312,#14321,#14327));
#14311 = ORIENTED_EDGE('',*,*,#14297,.F.);
#14312 = ORIENTED_EDGE('',*,*,#14313,.F.);
#14313 = EDGE_CURVE('',#14314,#14290,#14316,.T.);
#14314 = VERTEX_POINT('',#14315);
#14315 = CARTESIAN_POINT('',(80.181324970982,-12.84697403662,23.));
#14316 = CIRCLE('',#14317,81.204);
#14317 = AXIS2_PLACEMENT_3D('',#14318,#14319,#14320);
#14318 = CARTESIAN_POINT('',(0.,0.,23.));
#14319 = DIRECTION('',(0.,0.,1.));
#14320 = DIRECTION('',(1.,0.,-0.));
#14321 = ORIENTED_EDGE('',*,*,#14322,.T.);
#14322 = EDGE_CURVE('',#14314,#3740,#14323,.T.);
#14323 = LINE('',#14324,#14325);
#14324 = CARTESIAN_POINT('',(79.194484892461,-12.69508482121,23.));
#14325 = VECTOR('',#14326,1.);
#14326 = DIRECTION('',(0.988361510468,-0.15212338619,0.));
#14327 = ORIENTED_EDGE('',*,*,#3747,.T.);
#14328 = PLANE('',#14329);
#14329 = AXIS2_PLACEMENT_3D('',#14330,#14331,#14332);
#14330 = CARTESIAN_POINT('',(79.194484892461,-12.69508482121,23.));
#14331 = DIRECTION('',(0.,0.,1.));
#14332 = DIRECTION('',(0.988361510468,-0.15212338619,0.));
#14333 = ADVANCED_FACE('',(#14334),#14345,.T.);
#14334 = FACE_BOUND('',#14335,.T.);
#14335 = EDGE_LOOP('',(#14336,#14337,#14343,#14344));
#14336 = ORIENTED_EDGE('',*,*,#14273,.F.);
#14337 = ORIENTED_EDGE('',*,*,#14338,.T.);
#14338 = EDGE_CURVE('',#14265,#14314,#14339,.T.);
#14339 = LINE('',#14340,#14341);
#14340 = CARTESIAN_POINT('',(80.181324970982,-12.84697403662,7.99));
#14341 = VECTOR('',#14342,1.);
#14342 = DIRECTION('',(0.,0.,1.));
#14343 = ORIENTED_EDGE('',*,*,#14322,.T.);
#14344 = ORIENTED_EDGE('',*,*,#3739,.F.);
#14345 = PLANE('',#14346);
#14346 = AXIS2_PLACEMENT_3D('',#14347,#14348,#14349);
#14347 = CARTESIAN_POINT('',(79.194484892461,-12.69508482121,18.5));
#14348 = DIRECTION('',(0.15212338619,0.988361510468,0.));
#14349 = DIRECTION('',(0.,0.,1.));
#14350 = ADVANCED_FACE('',(#14351),#14377,.T.);
#14351 = FACE_BOUND('',#14352,.T.);
#14352 = EDGE_LOOP('',(#14353,#14361,#14370,#14376));
#14353 = ORIENTED_EDGE('',*,*,#14354,.F.);
#14354 = EDGE_CURVE('',#14355,#3767,#14357,.T.);
#14355 = VERTEX_POINT('',#14356);
#14356 = CARTESIAN_POINT('',(80.774254128165,-8.343229952402,18.5));
#14357 = LINE('',#14358,#14359);
#14358 = CARTESIAN_POINT('',(79.781727988209,-8.234530661516,18.5));
#14359 = VECTOR('',#14360,1.);
#14360 = DIRECTION('',(0.994056338222,-0.108866874852,0.));
#14361 = ORIENTED_EDGE('',*,*,#14362,.F.);
#14362 = EDGE_CURVE('',#14363,#14355,#14365,.T.);
#14363 = VERTEX_POINT('',#14364);
#14364 = CARTESIAN_POINT('',(80.665387253313,-9.337286290624,18.5));
#14365 = CIRCLE('',#14366,81.204);
#14366 = AXIS2_PLACEMENT_3D('',#14367,#14368,#14369);
#14367 = CARTESIAN_POINT('',(0.,0.,18.5));
#14368 = DIRECTION('',(0.,0.,1.));
#14369 = DIRECTION('',(1.,0.,-0.));
#14370 = ORIENTED_EDGE('',*,*,#14371,.T.);
#14371 = EDGE_CURVE('',#14363,#3765,#14372,.T.);
#14372 = LINE('',#14373,#14374);
#14373 = CARTESIAN_POINT('',(79.672861113357,-9.228586999738,18.5));
#14374 = VECTOR('',#14375,1.);
#14375 = DIRECTION('',(0.994056338222,-0.108866874852,0.));
#14376 = ORIENTED_EDGE('',*,*,#3764,.T.);
#14377 = PLANE('',#14378);
#14378 = AXIS2_PLACEMENT_3D('',#14379,#14380,#14381);
#14379 = CARTESIAN_POINT('',(79.672861113357,-9.228586999738,18.5));
#14380 = DIRECTION('',(0.,0.,1.));
#14381 = DIRECTION('',(0.994056338222,-0.108866874852,0.));
#14382 = ADVANCED_FACE('',(#14383),#14401,.F.);
#14383 = FACE_BOUND('',#14384,.F.);
#14384 = EDGE_LOOP('',(#14385,#14386,#14394,#14400));
#14385 = ORIENTED_EDGE('',*,*,#14354,.F.);
#14386 = ORIENTED_EDGE('',*,*,#14387,.T.);
#14387 = EDGE_CURVE('',#14355,#14388,#14390,.T.);
#14388 = VERTEX_POINT('',#14389);
#14389 = CARTESIAN_POINT('',(80.774254128165,-8.343229952402,23.));
#14390 = LINE('',#14391,#14392);
#14391 = CARTESIAN_POINT('',(80.774254128165,-8.343229952402,7.99));
#14392 = VECTOR('',#14393,1.);
#14393 = DIRECTION('',(0.,0.,1.));
#14394 = ORIENTED_EDGE('',*,*,#14395,.T.);
#14395 = EDGE_CURVE('',#14388,#3784,#14396,.T.);
#14396 = LINE('',#14397,#14398);
#14397 = CARTESIAN_POINT('',(79.781727988209,-8.234530661516,23.));
#14398 = VECTOR('',#14399,1.);
#14399 = DIRECTION('',(0.994056338222,-0.108866874852,0.));
#14400 = ORIENTED_EDGE('',*,*,#3792,.F.);
#14401 = PLANE('',#14402);
#14402 = AXIS2_PLACEMENT_3D('',#14403,#14404,#14405);
#14403 = CARTESIAN_POINT('',(79.781727988209,-8.234530661516,18.5));
#14404 = DIRECTION('',(0.108866874852,0.994056338222,0.));
#14405 = DIRECTION('',(0.,0.,1.));
#14406 = ADVANCED_FACE('',(#14407),#14426,.F.);
#14407 = FACE_BOUND('',#14408,.F.);
#14408 = EDGE_LOOP('',(#14409,#14410,#14419,#14425));
#14409 = ORIENTED_EDGE('',*,*,#14395,.F.);
#14410 = ORIENTED_EDGE('',*,*,#14411,.F.);
#14411 = EDGE_CURVE('',#14412,#14388,#14414,.T.);
#14412 = VERTEX_POINT('',#14413);
#14413 = CARTESIAN_POINT('',(80.665387253313,-9.337286290624,23.));
#14414 = CIRCLE('',#14415,81.204);
#14415 = AXIS2_PLACEMENT_3D('',#14416,#14417,#14418);
#14416 = CARTESIAN_POINT('',(0.,0.,23.));
#14417 = DIRECTION('',(0.,0.,1.));
#14418 = DIRECTION('',(1.,0.,-0.));
#14419 = ORIENTED_EDGE('',*,*,#14420,.T.);
#14420 = EDGE_CURVE('',#14412,#3776,#14421,.T.);
#14421 = LINE('',#14422,#14423);
#14422 = CARTESIAN_POINT('',(79.672861113357,-9.228586999738,23.));
#14423 = VECTOR('',#14424,1.);
#14424 = DIRECTION('',(0.994056338222,-0.108866874852,0.));
#14425 = ORIENTED_EDGE('',*,*,#3783,.T.);
#14426 = PLANE('',#14427);
#14427 = AXIS2_PLACEMENT_3D('',#14428,#14429,#14430);
#14428 = CARTESIAN_POINT('',(79.672861113357,-9.228586999738,23.));
#14429 = DIRECTION('',(0.,0.,1.));
#14430 = DIRECTION('',(0.994056338222,-0.108866874852,0.));
#14431 = ADVANCED_FACE('',(#14432),#14443,.T.);
#14432 = FACE_BOUND('',#14433,.T.);
#14433 = EDGE_LOOP('',(#14434,#14435,#14441,#14442));
#14434 = ORIENTED_EDGE('',*,*,#14371,.F.);
#14435 = ORIENTED_EDGE('',*,*,#14436,.T.);
#14436 = EDGE_CURVE('',#14363,#14412,#14437,.T.);
#14437 = LINE('',#14438,#14439);
#14438 = CARTESIAN_POINT('',(80.665387253313,-9.337286290624,7.99));
#14439 = VECTOR('',#14440,1.);
#14440 = DIRECTION('',(0.,0.,1.));
#14441 = ORIENTED_EDGE('',*,*,#14420,.T.);
#14442 = ORIENTED_EDGE('',*,*,#3775,.F.);
#14443 = PLANE('',#14444);
#14444 = AXIS2_PLACEMENT_3D('',#14445,#14446,#14447);
#14445 = CARTESIAN_POINT('',(79.672861113357,-9.228586999738,18.5));
#14446 = DIRECTION('',(0.108866874852,0.994056338222,0.));
#14447 = DIRECTION('',(0.,0.,1.));
#14448 = ADVANCED_FACE('',(#14449),#14475,.T.);
#14449 = FACE_BOUND('',#14450,.T.);
#14450 = EDGE_LOOP('',(#14451,#14459,#14468,#14474));
#14451 = ORIENTED_EDGE('',*,*,#14452,.F.);
#14452 = EDGE_CURVE('',#14453,#3803,#14455,.T.);
#14453 = VERTEX_POINT('',#14454);
#14454 = CARTESIAN_POINT('',(81.061301515516,-4.811965566233,18.5));
#14455 = LINE('',#14456,#14457);
#14456 = CARTESIAN_POINT('',(80.064978644044,-4.746663115155,18.5));
#14457 = VECTOR('',#14458,1.);
#14458 = DIRECTION('',(0.997858923239,-6.540312923014E-02,0.));
#14459 = ORIENTED_EDGE('',*,*,#14460,.F.);
#14460 = EDGE_CURVE('',#14461,#14453,#14463,.T.);
#14461 = VERTEX_POINT('',#14462);
#14462 = CARTESIAN_POINT('',(80.995898386286,-5.809824489472,18.5));
#14463 = CIRCLE('',#14464,81.204);
#14464 = AXIS2_PLACEMENT_3D('',#14465,#14466,#14467);
#14465 = CARTESIAN_POINT('',(0.,0.,18.5));
#14466 = DIRECTION('',(0.,0.,1.));
#14467 = DIRECTION('',(1.,0.,-0.));
#14468 = ORIENTED_EDGE('',*,*,#14469,.T.);
#14469 = EDGE_CURVE('',#14461,#3801,#14470,.T.);
#14470 = LINE('',#14471,#14472);
#14471 = CARTESIAN_POINT('',(79.999575514814,-5.744522038394,18.5));
#14472 = VECTOR('',#14473,1.);
#14473 = DIRECTION('',(0.997858923239,-6.540312923014E-02,0.));
#14474 = ORIENTED_EDGE('',*,*,#3800,.T.);
#14475 = PLANE('',#14476);
#14476 = AXIS2_PLACEMENT_3D('',#14477,#14478,#14479);
#14477 = CARTESIAN_POINT('',(79.999575514814,-5.744522038394,18.5));
#14478 = DIRECTION('',(0.,0.,1.));
#14479 = DIRECTION('',(0.997858923239,-6.540312923014E-02,0.));
#14480 = ADVANCED_FACE('',(#14481),#14499,.F.);
#14481 = FACE_BOUND('',#14482,.F.);
#14482 = EDGE_LOOP('',(#14483,#14484,#14492,#14498));
#14483 = ORIENTED_EDGE('',*,*,#14452,.F.);
#14484 = ORIENTED_EDGE('',*,*,#14485,.T.);
#14485 = EDGE_CURVE('',#14453,#14486,#14488,.T.);
#14486 = VERTEX_POINT('',#14487);
#14487 = CARTESIAN_POINT('',(81.061301515516,-4.811965566233,23.));
#14488 = LINE('',#14489,#14490);
#14489 = CARTESIAN_POINT('',(81.061301515516,-4.811965566233,7.99));
#14490 = VECTOR('',#14491,1.);
#14491 = DIRECTION('',(0.,0.,1.));
#14492 = ORIENTED_EDGE('',*,*,#14493,.T.);
#14493 = EDGE_CURVE('',#14486,#3820,#14494,.T.);
#14494 = LINE('',#14495,#14496);
#14495 = CARTESIAN_POINT('',(80.064978644044,-4.746663115155,23.));
#14496 = VECTOR('',#14497,1.);
#14497 = DIRECTION('',(0.997858923239,-6.540312923014E-02,0.));
#14498 = ORIENTED_EDGE('',*,*,#3828,.F.);
#14499 = PLANE('',#14500);
#14500 = AXIS2_PLACEMENT_3D('',#14501,#14502,#14503);
#14501 = CARTESIAN_POINT('',(80.064978644044,-4.746663115155,18.5));
#14502 = DIRECTION('',(6.540312923014E-02,0.997858923239,0.));
#14503 = DIRECTION('',(0.,0.,1.));
#14504 = ADVANCED_FACE('',(#14505),#14524,.F.);
#14505 = FACE_BOUND('',#14506,.F.);
#14506 = EDGE_LOOP('',(#14507,#14508,#14517,#14523));
#14507 = ORIENTED_EDGE('',*,*,#14493,.F.);
#14508 = ORIENTED_EDGE('',*,*,#14509,.F.);
#14509 = EDGE_CURVE('',#14510,#14486,#14512,.T.);
#14510 = VERTEX_POINT('',#14511);
#14511 = CARTESIAN_POINT('',(80.995898386286,-5.809824489472,23.));
#14512 = CIRCLE('',#14513,81.204);
#14513 = AXIS2_PLACEMENT_3D('',#14514,#14515,#14516);
#14514 = CARTESIAN_POINT('',(0.,0.,23.));
#14515 = DIRECTION('',(0.,0.,1.));
#14516 = DIRECTION('',(1.,0.,-0.));
#14517 = ORIENTED_EDGE('',*,*,#14518,.T.);
#14518 = EDGE_CURVE('',#14510,#3812,#14519,.T.);
#14519 = LINE('',#14520,#14521);
#14520 = CARTESIAN_POINT('',(79.999575514814,-5.744522038394,23.));
#14521 = VECTOR('',#14522,1.);
#14522 = DIRECTION('',(0.997858923239,-6.540312923014E-02,0.));
#14523 = ORIENTED_EDGE('',*,*,#3819,.T.);
#14524 = PLANE('',#14525);
#14525 = AXIS2_PLACEMENT_3D('',#14526,#14527,#14528);
#14526 = CARTESIAN_POINT('',(79.999575514814,-5.744522038394,23.));
#14527 = DIRECTION('',(0.,0.,1.));
#14528 = DIRECTION('',(0.997858923239,-6.540312923014E-02,0.));
#14529 = ADVANCED_FACE('',(#14530),#14541,.T.);
#14530 = FACE_BOUND('',#14531,.T.);
#14531 = EDGE_LOOP('',(#14532,#14533,#14539,#14540));
#14532 = ORIENTED_EDGE('',*,*,#14469,.F.);
#14533 = ORIENTED_EDGE('',*,*,#14534,.T.);
#14534 = EDGE_CURVE('',#14461,#14510,#14535,.T.);
#14535 = LINE('',#14536,#14537);
#14536 = CARTESIAN_POINT('',(80.995898386286,-5.809824489472,7.99));
#14537 = VECTOR('',#14538,1.);
#14538 = DIRECTION('',(0.,0.,1.));
#14539 = ORIENTED_EDGE('',*,*,#14518,.T.);
#14540 = ORIENTED_EDGE('',*,*,#3811,.F.);
#14541 = PLANE('',#14542);
#14542 = AXIS2_PLACEMENT_3D('',#14543,#14544,#14545);
#14543 = CARTESIAN_POINT('',(79.999575514814,-5.744522038394,18.5));
#14544 = DIRECTION('',(6.540312923014E-02,0.997858923239,0.));
#14545 = DIRECTION('',(0.,0.,1.));
#14546 = ADVANCED_FACE('',(#14547),#14573,.T.);
#14547 = FACE_BOUND('',#14548,.T.);
#14548 = EDGE_LOOP('',(#14549,#14557,#14566,#14572));
#14549 = ORIENTED_EDGE('',*,*,#14550,.F.);
#14550 = EDGE_CURVE('',#14551,#3839,#14553,.T.);
#14551 = VERTEX_POINT('',#14552);
#14552 = CARTESIAN_POINT('',(81.194044108209,-1.271541330115,18.5));
#14553 = LINE('',#14554,#14555);
#14554 = CARTESIAN_POINT('',(80.195821062434,-1.249760025772,18.5));
#14555 = VECTOR('',#14556,1.);
#14556 = DIRECTION('',(0.99976202708,-2.181488503456E-02,0.));
#14557 = ORIENTED_EDGE('',*,*,#14558,.F.);
#14558 = EDGE_CURVE('',#14559,#14551,#14561,.T.);
#14559 = VERTEX_POINT('',#14560);
#14560 = CARTESIAN_POINT('',(81.172229223175,-2.271303357195,18.5));
#14561 = CIRCLE('',#14562,81.204);
#14562 = AXIS2_PLACEMENT_3D('',#14563,#14564,#14565);
#14563 = CARTESIAN_POINT('',(0.,0.,18.5));
#14564 = DIRECTION('',(0.,0.,1.));
#14565 = DIRECTION('',(1.,0.,-0.));
#14566 = ORIENTED_EDGE('',*,*,#14567,.T.);
#14567 = EDGE_CURVE('',#14559,#3837,#14568,.T.);
#14568 = LINE('',#14569,#14570);
#14569 = CARTESIAN_POINT('',(80.1740061774,-2.249522052852,18.5));
#14570 = VECTOR('',#14571,1.);
#14571 = DIRECTION('',(0.99976202708,-2.181488503456E-02,0.));
#14572 = ORIENTED_EDGE('',*,*,#3836,.T.);
#14573 = PLANE('',#14574);
#14574 = AXIS2_PLACEMENT_3D('',#14575,#14576,#14577);
#14575 = CARTESIAN_POINT('',(80.1740061774,-2.249522052852,18.5));
#14576 = DIRECTION('',(0.,0.,1.));
#14577 = DIRECTION('',(0.99976202708,-2.181488503456E-02,0.));
#14578 = ADVANCED_FACE('',(#14579),#14597,.F.);
#14579 = FACE_BOUND('',#14580,.F.);
#14580 = EDGE_LOOP('',(#14581,#14582,#14590,#14596));
#14581 = ORIENTED_EDGE('',*,*,#14550,.F.);
#14582 = ORIENTED_EDGE('',*,*,#14583,.T.);
#14583 = EDGE_CURVE('',#14551,#14584,#14586,.T.);
#14584 = VERTEX_POINT('',#14585);
#14585 = CARTESIAN_POINT('',(81.194044108209,-1.271541330115,23.));
#14586 = LINE('',#14587,#14588);
#14587 = CARTESIAN_POINT('',(81.194044108209,-1.271541330115,7.99));
#14588 = VECTOR('',#14589,1.);
#14589 = DIRECTION('',(0.,0.,1.));
#14590 = ORIENTED_EDGE('',*,*,#14591,.T.);
#14591 = EDGE_CURVE('',#14584,#3856,#14592,.T.);
#14592 = LINE('',#14593,#14594);
#14593 = CARTESIAN_POINT('',(80.195821062434,-1.249760025772,23.));
#14594 = VECTOR('',#14595,1.);
#14595 = DIRECTION('',(0.99976202708,-2.181488503456E-02,0.));
#14596 = ORIENTED_EDGE('',*,*,#3864,.F.);
#14597 = PLANE('',#14598);
#14598 = AXIS2_PLACEMENT_3D('',#14599,#14600,#14601);
#14599 = CARTESIAN_POINT('',(80.195821062434,-1.249760025772,18.5));
#14600 = DIRECTION('',(2.181488503456E-02,0.99976202708,0.));
#14601 = DIRECTION('',(0.,0.,1.));
#14602 = ADVANCED_FACE('',(#14603),#14622,.F.);
#14603 = FACE_BOUND('',#14604,.F.);
#14604 = EDGE_LOOP('',(#14605,#14606,#14615,#14621));
#14605 = ORIENTED_EDGE('',*,*,#14591,.F.);
#14606 = ORIENTED_EDGE('',*,*,#14607,.F.);
#14607 = EDGE_CURVE('',#14608,#14584,#14610,.T.);
#14608 = VERTEX_POINT('',#14609);
#14609 = CARTESIAN_POINT('',(81.172229223175,-2.271303357195,23.));
#14610 = CIRCLE('',#14611,81.204);
#14611 = AXIS2_PLACEMENT_3D('',#14612,#14613,#14614);
#14612 = CARTESIAN_POINT('',(0.,0.,23.));
#14613 = DIRECTION('',(0.,0.,1.));
#14614 = DIRECTION('',(1.,0.,-0.));
#14615 = ORIENTED_EDGE('',*,*,#14616,.T.);
#14616 = EDGE_CURVE('',#14608,#3848,#14617,.T.);
#14617 = LINE('',#14618,#14619);
#14618 = CARTESIAN_POINT('',(80.1740061774,-2.249522052852,23.));
#14619 = VECTOR('',#14620,1.);
#14620 = DIRECTION('',(0.99976202708,-2.181488503456E-02,0.));
#14621 = ORIENTED_EDGE('',*,*,#3855,.T.);
#14622 = PLANE('',#14623);
#14623 = AXIS2_PLACEMENT_3D('',#14624,#14625,#14626);
#14624 = CARTESIAN_POINT('',(80.1740061774,-2.249522052852,23.));
#14625 = DIRECTION('',(0.,0.,1.));
#14626 = DIRECTION('',(0.99976202708,-2.181488503456E-02,0.));
#14627 = ADVANCED_FACE('',(#14628),#14639,.T.);
#14628 = FACE_BOUND('',#14629,.T.);
#14629 = EDGE_LOOP('',(#14630,#14631,#14637,#14638));
#14630 = ORIENTED_EDGE('',*,*,#14567,.F.);
#14631 = ORIENTED_EDGE('',*,*,#14632,.T.);
#14632 = EDGE_CURVE('',#14559,#14608,#14633,.T.);
#14633 = LINE('',#14634,#14635);
#14634 = CARTESIAN_POINT('',(81.172229223175,-2.271303357195,7.99));
#14635 = VECTOR('',#14636,1.);
#14636 = DIRECTION('',(0.,0.,1.));
#14637 = ORIENTED_EDGE('',*,*,#14616,.T.);
#14638 = ORIENTED_EDGE('',*,*,#3847,.F.);
#14639 = PLANE('',#14640);
#14640 = AXIS2_PLACEMENT_3D('',#14641,#14642,#14643);
#14641 = CARTESIAN_POINT('',(80.1740061774,-2.249522052852,18.5));
#14642 = DIRECTION('',(2.181488503456E-02,0.99976202708,0.));
#14643 = DIRECTION('',(0.,0.,1.));
#14644 = ADVANCED_FACE('',(#14645),#14656,.F.);
#14645 = FACE_BOUND('',#14646,.F.);
#14646 = EDGE_LOOP('',(#14647,#14654,#14655));
#14647 = ORIENTED_EDGE('',*,*,#14648,.F.);
#14648 = EDGE_CURVE('',#3904,#4101,#14649,.T.);
#14649 = CIRCLE('',#14650,81.204);
#14650 = AXIS2_PLACEMENT_3D('',#14651,#14652,#14653);
#14651 = CARTESIAN_POINT('',(0.,0.,18.8));
#14652 = DIRECTION('',(0.,0.,1.));
#14653 = DIRECTION('',(1.,0.,-0.));
#14654 = ORIENTED_EDGE('',*,*,#3903,.T.);
#14655 = ORIENTED_EDGE('',*,*,#4100,.T.);
#14656 = PLANE('',#14657);
#14657 = AXIS2_PLACEMENT_3D('',#14658,#14659,#14660);
#14658 = CARTESIAN_POINT('',(4.023209664559E-15,65.704,18.8));
#14659 = DIRECTION('',(0.,0.,1.));
#14660 = DIRECTION('',(2.22044604925E-16,1.,0.));
#14661 = ADVANCED_FACE('',(#14662,#14992,#14998,#15004,#15010,#15016,
    #15022,#15028,#15034,#15040,#15046,#15052,#15058,#15064,#15070,
    #15076,#15082,#15088,#15094,#15100,#15106,#15112,#15118,#15124,
    #15130,#15136,#15142,#15148,#15154,#15160,#15166,#15172,#15178,
    #15184,#15190,#15196,#15202,#15208,#15214,#15220,#15226,#15232,
    #15238,#15244,#15250,#15256,#15262,#15268,#15274,#15280,#15286,
    #15292,#15298,#15304,#15310,#15316,#15322,#15328,#15334,#15340,
    #15346,#15352,#15358,#15364,#15370,#15376,#15382,#15388,#15394,
    #15400,#15406,#15412,#15418,#15424,#15430,#15436,#15442,#15448,
    #15454,#15460,#15466,#15472,#15478,#15484,#15490,#15496,#15502,
    #15508,#15514,#15520,#15526,#15532,#15538,#15544,#15550,#15556,
    #15562,#15568,#15574,#15580,#15586,#15592),#15598,.F.);
#14662 = FACE_BOUND('',#14663,.F.);
#14663 = EDGE_LOOP('',(#14664,#14674,#14683,#14691,#14700,#14708,#14717,
    #14725,#14734,#14742,#14751,#14759,#14768,#14776,#14785,#14793,
    #14802,#14810,#14819,#14827,#14836,#14844,#14853,#14861,#14870,
    #14878,#14887,#14895,#14904,#14912,#14919,#14920,#14921,#14922,
    #14929,#14930,#14931,#14932,#14939,#14940,#14941,#14942,#14949,
    #14950,#14951,#14952,#14959,#14960,#14967,#14968,#14977,#14985));
#14664 = ORIENTED_EDGE('',*,*,#14665,.F.);
#14665 = EDGE_CURVE('',#14666,#14668,#14670,.T.);
#14666 = VERTEX_POINT('',#14667);
#14667 = CARTESIAN_POINT('',(-71.7767188477,37.976206333135,8.));
#14668 = VERTEX_POINT('',#14669);
#14669 = CARTESIAN_POINT('',(-71.7767188477,37.976206333135,16.9));
#14670 = LINE('',#14671,#14672);
#14671 = CARTESIAN_POINT('',(-71.7767188477,37.976206333135,7.99));
#14672 = VECTOR('',#14673,1.);
#14673 = DIRECTION('',(0.,0.,1.));
#14674 = ORIENTED_EDGE('',*,*,#14675,.T.);
#14675 = EDGE_CURVE('',#14666,#14676,#14678,.T.);
#14676 = VERTEX_POINT('',#14677);
#14677 = CARTESIAN_POINT('',(-75.03881763294,31.036518236587,8.));
#14678 = CIRCLE('',#14679,81.204);
#14679 = AXIS2_PLACEMENT_3D('',#14680,#14681,#14682);
#14680 = CARTESIAN_POINT('',(0.,0.,8.));
#14681 = DIRECTION('',(0.,0.,1.));
#14682 = DIRECTION('',(1.,0.,-0.));
#14683 = ORIENTED_EDGE('',*,*,#14684,.T.);
#14684 = EDGE_CURVE('',#14676,#14685,#14687,.T.);
#14685 = VERTEX_POINT('',#14686);
#14686 = CARTESIAN_POINT('',(-75.03881763294,31.036518236587,16.));
#14687 = LINE('',#14688,#14689);
#14688 = CARTESIAN_POINT('',(-75.03881763294,31.036518236587,7.99));
#14689 = VECTOR('',#14690,1.);
#14690 = DIRECTION('',(0.,0.,1.));
#14691 = ORIENTED_EDGE('',*,*,#14692,.T.);
#14692 = EDGE_CURVE('',#14685,#14693,#14695,.T.);
#14693 = VERTEX_POINT('',#14694);
#14694 = CARTESIAN_POINT('',(-77.43295863622,24.458669891085,16.));
#14695 = CIRCLE('',#14696,81.204);
#14696 = AXIS2_PLACEMENT_3D('',#14697,#14698,#14699);
#14697 = CARTESIAN_POINT('',(0.,0.,16.));
#14698 = DIRECTION('',(0.,0.,1.));
#14699 = DIRECTION('',(1.,0.,-0.));
#14700 = ORIENTED_EDGE('',*,*,#14701,.F.);
#14701 = EDGE_CURVE('',#14702,#14693,#14704,.T.);
#14702 = VERTEX_POINT('',#14703);
#14703 = CARTESIAN_POINT('',(-77.43295863622,24.458669891085,8.));
#14704 = LINE('',#14705,#14706);
#14705 = CARTESIAN_POINT('',(-77.43295863622,24.458669891085,7.99));
#14706 = VECTOR('',#14707,1.);
#14707 = DIRECTION('',(0.,0.,1.));
#14708 = ORIENTED_EDGE('',*,*,#14709,.T.);
#14709 = EDGE_CURVE('',#14702,#14710,#14712,.T.);
#14710 = VERTEX_POINT('',#14711);
#14711 = CARTESIAN_POINT('',(-43.59535772213,-68.50937454888,8.));
#14712 = CIRCLE('',#14713,81.204);
#14713 = AXIS2_PLACEMENT_3D('',#14714,#14715,#14716);
#14714 = CARTESIAN_POINT('',(0.,0.,8.));
#14715 = DIRECTION('',(0.,0.,1.));
#14716 = DIRECTION('',(1.,0.,-0.));
#14717 = ORIENTED_EDGE('',*,*,#14718,.T.);
#14718 = EDGE_CURVE('',#14710,#14719,#14721,.T.);
#14719 = VERTEX_POINT('',#14720);
#14720 = CARTESIAN_POINT('',(-43.59535772213,-68.50937454888,16.));
#14721 = LINE('',#14722,#14723);
#14722 = CARTESIAN_POINT('',(-43.59535772213,-68.50937454888,7.99));
#14723 = VECTOR('',#14724,1.);
#14724 = DIRECTION('',(0.,0.,1.));
#14725 = ORIENTED_EDGE('',*,*,#14726,.T.);
#14726 = EDGE_CURVE('',#14719,#14727,#14729,.T.);
#14727 = VERTEX_POINT('',#14728);
#14728 = CARTESIAN_POINT('',(-37.53317989564,-72.00937454888,16.));
#14729 = CIRCLE('',#14730,81.204);
#14730 = AXIS2_PLACEMENT_3D('',#14731,#14732,#14733);
#14731 = CARTESIAN_POINT('',(0.,0.,16.));
#14732 = DIRECTION('',(0.,0.,1.));
#14733 = DIRECTION('',(1.,0.,-0.));
#14734 = ORIENTED_EDGE('',*,*,#14735,.F.);
#14735 = EDGE_CURVE('',#14736,#14727,#14738,.T.);
#14736 = VERTEX_POINT('',#14737);
#14737 = CARTESIAN_POINT('',(-37.53317989564,-72.00937454888,8.));
#14738 = LINE('',#14739,#14740);
#14739 = CARTESIAN_POINT('',(-37.53317989564,-72.00937454888,7.99));
#14740 = VECTOR('',#14741,1.);
#14741 = DIRECTION('',(0.,0.,1.));
#14742 = ORIENTED_EDGE('',*,*,#14743,.T.);
#14743 = EDGE_CURVE('',#14736,#14744,#14746,.T.);
#14744 = VERTEX_POINT('',#14745);
#14745 = CARTESIAN_POINT('',(-29.51453438919,-75.65039243645,8.));
#14746 = CIRCLE('',#14747,81.204);
#14747 = AXIS2_PLACEMENT_3D('',#14748,#14749,#14750);
#14748 = CARTESIAN_POINT('',(0.,0.,8.));
#14749 = DIRECTION('',(0.,0.,1.));
#14750 = DIRECTION('',(1.,0.,-0.));
#14751 = ORIENTED_EDGE('',*,*,#14752,.T.);
#14752 = EDGE_CURVE('',#14744,#14753,#14755,.T.);
#14753 = VERTEX_POINT('',#14754);
#14754 = CARTESIAN_POINT('',(-29.51453438919,-75.65039243645,17.));
#14755 = LINE('',#14756,#14757);
#14756 = CARTESIAN_POINT('',(-29.51453438919,-75.65039243645,7.99));
#14757 = VECTOR('',#14758,1.);
#14758 = DIRECTION('',(0.,0.,1.));
#14759 = ORIENTED_EDGE('',*,*,#14760,.T.);
#14760 = EDGE_CURVE('',#14753,#14761,#14763,.T.);
#14761 = VERTEX_POINT('',#14762);
#14762 = CARTESIAN_POINT('',(-28.10983158554,-76.18350861067,17.));
#14763 = CIRCLE('',#14764,81.204);
#14764 = AXIS2_PLACEMENT_3D('',#14765,#14766,#14767);
#14765 = CARTESIAN_POINT('',(0.,0.,17.));
#14766 = DIRECTION('',(0.,0.,1.));
#14767 = DIRECTION('',(1.,0.,-0.));
#14768 = ORIENTED_EDGE('',*,*,#14769,.F.);
#14769 = EDGE_CURVE('',#14770,#14761,#14772,.T.);
#14770 = VERTEX_POINT('',#14771);
#14771 = CARTESIAN_POINT('',(-28.10983158554,-76.18350861067,8.));
#14772 = LINE('',#14773,#14774);
#14773 = CARTESIAN_POINT('',(-28.10983158554,-76.18350861067,7.99));
#14774 = VECTOR('',#14775,1.);
#14775 = DIRECTION('',(0.,0.,1.));
#14776 = ORIENTED_EDGE('',*,*,#14777,.T.);
#14777 = EDGE_CURVE('',#14770,#14778,#14780,.T.);
#14778 = VERTEX_POINT('',#14779);
#14779 = CARTESIAN_POINT('',(-22.46523046124,-78.03462716206,8.));
#14780 = CIRCLE('',#14781,81.204);
#14781 = AXIS2_PLACEMENT_3D('',#14782,#14783,#14784);
#14782 = CARTESIAN_POINT('',(0.,0.,8.));
#14783 = DIRECTION('',(0.,0.,1.));
#14784 = DIRECTION('',(1.,0.,-0.));
#14785 = ORIENTED_EDGE('',*,*,#14786,.T.);
#14786 = EDGE_CURVE('',#14778,#14787,#14789,.T.);
#14787 = VERTEX_POINT('',#14788);
#14788 = CARTESIAN_POINT('',(-22.46523046124,-78.03462716206,18.));
#14789 = LINE('',#14790,#14791);
#14790 = CARTESIAN_POINT('',(-22.46523046124,-78.03462716206,7.99));
#14791 = VECTOR('',#14792,1.);
#14792 = DIRECTION('',(0.,0.,1.));
#14793 = ORIENTED_EDGE('',*,*,#14794,.T.);
#14794 = EDGE_CURVE('',#14787,#14795,#14797,.T.);
#14795 = VERTEX_POINT('',#14796);
#14796 = CARTESIAN_POINT('',(-11.2165330528,-80.42561160647,18.));
#14797 = CIRCLE('',#14798,81.204);
#14798 = AXIS2_PLACEMENT_3D('',#14799,#14800,#14801);
#14799 = CARTESIAN_POINT('',(0.,0.,18.));
#14800 = DIRECTION('',(0.,0.,1.));
#14801 = DIRECTION('',(1.,0.,-0.));
#14802 = ORIENTED_EDGE('',*,*,#14803,.F.);
#14803 = EDGE_CURVE('',#14804,#14795,#14806,.T.);
#14804 = VERTEX_POINT('',#14805);
#14805 = CARTESIAN_POINT('',(-11.2165330528,-80.42561160647,8.));
#14806 = LINE('',#14807,#14808);
#14807 = CARTESIAN_POINT('',(-11.2165330528,-80.42561160647,7.99));
#14808 = VECTOR('',#14809,1.);
#14809 = DIRECTION('',(0.,0.,1.));
#14810 = ORIENTED_EDGE('',*,*,#14811,.T.);
#14811 = EDGE_CURVE('',#14804,#14812,#14814,.T.);
#14812 = VERTEX_POINT('',#14813);
#14813 = CARTESIAN_POINT('',(-3.,-81.14856508897,8.));
#14814 = CIRCLE('',#14815,81.204);
#14815 = AXIS2_PLACEMENT_3D('',#14816,#14817,#14818);
#14816 = CARTESIAN_POINT('',(0.,0.,8.));
#14817 = DIRECTION('',(0.,0.,1.));
#14818 = DIRECTION('',(1.,0.,-0.));
#14819 = ORIENTED_EDGE('',*,*,#14820,.T.);
#14820 = EDGE_CURVE('',#14812,#14821,#14823,.T.);
#14821 = VERTEX_POINT('',#14822);
#14822 = CARTESIAN_POINT('',(-3.,-81.14856508897,16.9));
#14823 = LINE('',#14824,#14825);
#14824 = CARTESIAN_POINT('',(-3.,-81.14856508897,7.99));
#14825 = VECTOR('',#14826,1.);
#14826 = DIRECTION('',(0.,0.,1.));
#14827 = ORIENTED_EDGE('',*,*,#14828,.T.);
#14828 = EDGE_CURVE('',#14821,#14829,#14831,.T.);
#14829 = VERTEX_POINT('',#14830);
#14830 = CARTESIAN_POINT('',(3.,-81.14856508897,16.9));
#14831 = CIRCLE('',#14832,81.204);
#14832 = AXIS2_PLACEMENT_3D('',#14833,#14834,#14835);
#14833 = CARTESIAN_POINT('',(0.,0.,16.9));
#14834 = DIRECTION('',(0.,0.,1.));
#14835 = DIRECTION('',(1.,0.,-0.));
#14836 = ORIENTED_EDGE('',*,*,#14837,.F.);
#14837 = EDGE_CURVE('',#14838,#14829,#14840,.T.);
#14838 = VERTEX_POINT('',#14839);
#14839 = CARTESIAN_POINT('',(3.,-81.14856508897,8.));
#14840 = LINE('',#14841,#14842);
#14841 = CARTESIAN_POINT('',(3.,-81.14856508897,7.99));
#14842 = VECTOR('',#14843,1.);
#14843 = DIRECTION('',(0.,0.,1.));
#14844 = ORIENTED_EDGE('',*,*,#14845,.T.);
#14845 = EDGE_CURVE('',#14838,#14846,#14848,.T.);
#14846 = VERTEX_POINT('',#14847);
#14847 = CARTESIAN_POINT('',(59.898308786569,-54.82957432361,8.));
#14848 = CIRCLE('',#14849,81.204);
#14849 = AXIS2_PLACEMENT_3D('',#14850,#14851,#14852);
#14850 = CARTESIAN_POINT('',(0.,0.,8.));
#14851 = DIRECTION('',(0.,0.,1.));
#14852 = DIRECTION('',(1.,0.,-0.));
#14853 = ORIENTED_EDGE('',*,*,#14854,.T.);
#14854 = EDGE_CURVE('',#14846,#14855,#14857,.T.);
#14855 = VERTEX_POINT('',#14856);
#14856 = CARTESIAN_POINT('',(59.898308786569,-54.82957432361,16.));
#14857 = LINE('',#14858,#14859);
#14858 = CARTESIAN_POINT('',(59.898308786569,-54.82957432361,7.99));
#14859 = VECTOR('',#14860,1.);
#14860 = DIRECTION('',(0.,0.,1.));
#14861 = ORIENTED_EDGE('',*,*,#14862,.T.);
#14862 = EDGE_CURVE('',#14855,#14863,#14865,.T.);
#14863 = VERTEX_POINT('',#14864);
#14864 = CARTESIAN_POINT('',(64.397822054374,-49.46726322178,16.));
#14865 = CIRCLE('',#14866,81.204);
#14866 = AXIS2_PLACEMENT_3D('',#14867,#14868,#14869);
#14867 = CARTESIAN_POINT('',(0.,0.,16.));
#14868 = DIRECTION('',(0.,0.,1.));
#14869 = DIRECTION('',(1.,0.,-0.));
#14870 = ORIENTED_EDGE('',*,*,#14871,.F.);
#14871 = EDGE_CURVE('',#14872,#14863,#14874,.T.);
#14872 = VERTEX_POINT('',#14873);
#14873 = CARTESIAN_POINT('',(64.397822054374,-49.46726322178,8.));
#14874 = LINE('',#14875,#14876);
#14875 = CARTESIAN_POINT('',(64.397822054374,-49.46726322178,7.99));
#14876 = VECTOR('',#14877,1.);
#14877 = DIRECTION('',(0.,0.,1.));
#14878 = ORIENTED_EDGE('',*,*,#14879,.F.);
#14879 = EDGE_CURVE('',#14880,#14872,#14882,.T.);
#14880 = VERTEX_POINT('',#14881);
#14881 = CARTESIAN_POINT('',(71.776718847709,37.976206333135,8.));
#14882 = CIRCLE('',#14883,81.204);
#14883 = AXIS2_PLACEMENT_3D('',#14884,#14885,#14886);
#14884 = CARTESIAN_POINT('',(0.,0.,8.));
#14885 = DIRECTION('',(0.,0.,-1.));
#14886 = DIRECTION('',(0.883906197327,0.467664232466,0.));
#14887 = ORIENTED_EDGE('',*,*,#14888,.T.);
#14888 = EDGE_CURVE('',#14880,#14889,#14891,.T.);
#14889 = VERTEX_POINT('',#14890);
#14890 = CARTESIAN_POINT('',(71.776718847709,37.976206333135,16.9));
#14891 = LINE('',#14892,#14893);
#14892 = CARTESIAN_POINT('',(71.776718847709,37.976206333135,7.99));
#14893 = VECTOR('',#14894,1.);
#14894 = DIRECTION('',(0.,0.,1.));
#14895 = ORIENTED_EDGE('',*,*,#14896,.T.);
#14896 = EDGE_CURVE('',#14889,#14897,#14899,.T.);
#14897 = VERTEX_POINT('',#14898);
#14898 = CARTESIAN_POINT('',(68.776718847709,43.172358755842,16.9));
#14899 = CIRCLE('',#14900,81.204);
#14900 = AXIS2_PLACEMENT_3D('',#14901,#14902,#14903);
#14901 = CARTESIAN_POINT('',(0.,0.,16.9));
#14902 = DIRECTION('',(0.,0.,1.));
#14903 = DIRECTION('',(1.,0.,-0.));
#14904 = ORIENTED_EDGE('',*,*,#14905,.F.);
#14905 = EDGE_CURVE('',#14906,#14897,#14908,.T.);
#14906 = VERTEX_POINT('',#14907);
#14907 = CARTESIAN_POINT('',(68.776718847709,43.172358755842,8.));
#14908 = LINE('',#14909,#14910);
#14909 = CARTESIAN_POINT('',(68.776718847709,43.172358755842,7.99));
#14910 = VECTOR('',#14911,1.);
#14911 = DIRECTION('',(0.,0.,1.));
#14912 = ORIENTED_EDGE('',*,*,#14913,.T.);
#14913 = EDGE_CURVE('',#14906,#3913,#14914,.T.);
#14914 = CIRCLE('',#14915,81.204);
#14915 = AXIS2_PLACEMENT_3D('',#14916,#14917,#14918);
#14916 = CARTESIAN_POINT('',(0.,0.,8.));
#14917 = DIRECTION('',(0.,0.,1.));
#14918 = DIRECTION('',(1.,0.,-0.));
#14919 = ORIENTED_EDGE('',*,*,#3912,.T.);
#14920 = ORIENTED_EDGE('',*,*,#14648,.T.);
#14921 = ORIENTED_EDGE('',*,*,#4108,.T.);
#14922 = ORIENTED_EDGE('',*,*,#14923,.F.);
#14923 = EDGE_CURVE('',#4403,#4109,#14924,.T.);
#14924 = CIRCLE('',#14925,81.204);
#14925 = AXIS2_PLACEMENT_3D('',#14926,#14927,#14928);
#14926 = CARTESIAN_POINT('',(0.,0.,24.));
#14927 = DIRECTION('',(0.,0.,1.));
#14928 = DIRECTION('',(-0.145709073028,0.989327481695,0.));
#14929 = ORIENTED_EDGE('',*,*,#4402,.T.);
#14930 = ORIENTED_EDGE('',*,*,#4376,.F.);
#14931 = ORIENTED_EDGE('',*,*,#4344,.T.);
#14932 = ORIENTED_EDGE('',*,*,#14933,.F.);
#14933 = EDGE_CURVE('',#4719,#4345,#14934,.T.);
#14934 = CIRCLE('',#14935,81.204);
#14935 = AXIS2_PLACEMENT_3D('',#14936,#14937,#14938);
#14936 = CARTESIAN_POINT('',(0.,0.,24.));
#14937 = DIRECTION('',(0.,0.,1.));
#14938 = DIRECTION('',(-0.145709073028,0.989327481695,0.));
#14939 = ORIENTED_EDGE('',*,*,#4718,.T.);
#14940 = ORIENTED_EDGE('',*,*,#4692,.F.);
#14941 = ORIENTED_EDGE('',*,*,#4660,.T.);
#14942 = ORIENTED_EDGE('',*,*,#14943,.F.);
#14943 = EDGE_CURVE('',#4544,#4661,#14944,.T.);
#14944 = CIRCLE('',#14945,81.204);
#14945 = AXIS2_PLACEMENT_3D('',#14946,#14947,#14948);
#14946 = CARTESIAN_POINT('',(0.,0.,24.));
#14947 = DIRECTION('',(0.,0.,1.));
#14948 = DIRECTION('',(-0.145709073028,0.989327481695,0.));
#14949 = ORIENTED_EDGE('',*,*,#4543,.T.);
#14950 = ORIENTED_EDGE('',*,*,#4517,.F.);
#14951 = ORIENTED_EDGE('',*,*,#4485,.T.);
#14952 = ORIENTED_EDGE('',*,*,#14953,.F.);
#14953 = EDGE_CURVE('',#4031,#4486,#14954,.T.);
#14954 = CIRCLE('',#14955,81.204);
#14955 = AXIS2_PLACEMENT_3D('',#14956,#14957,#14958);
#14956 = CARTESIAN_POINT('',(0.,0.,24.));
#14957 = DIRECTION('',(0.,0.,1.));
#14958 = DIRECTION('',(-0.145709073028,0.989327481695,0.));
#14959 = ORIENTED_EDGE('',*,*,#4030,.F.);
#14960 = ORIENTED_EDGE('',*,*,#14961,.T.);
#14961 = EDGE_CURVE('',#4023,#3964,#14962,.T.);
#14962 = CIRCLE('',#14963,81.204);
#14963 = AXIS2_PLACEMENT_3D('',#14964,#14965,#14966);
#14964 = CARTESIAN_POINT('',(0.,0.,18.8));
#14965 = DIRECTION('',(0.,0.,1.));
#14966 = DIRECTION('',(1.,0.,-0.));
#14967 = ORIENTED_EDGE('',*,*,#3963,.F.);
#14968 = ORIENTED_EDGE('',*,*,#14969,.T.);
#14969 = EDGE_CURVE('',#3955,#14970,#14972,.T.);
#14970 = VERTEX_POINT('',#14971);
#14971 = CARTESIAN_POINT('',(-68.7767188477,43.172358755842,8.));
#14972 = CIRCLE('',#14973,81.204);
#14973 = AXIS2_PLACEMENT_3D('',#14974,#14975,#14976);
#14974 = CARTESIAN_POINT('',(0.,0.,8.));
#14975 = DIRECTION('',(0.,0.,1.));
#14976 = DIRECTION('',(1.,0.,-0.));
#14977 = ORIENTED_EDGE('',*,*,#14978,.T.);
#14978 = EDGE_CURVE('',#14970,#14979,#14981,.T.);
#14979 = VERTEX_POINT('',#14980);
#14980 = CARTESIAN_POINT('',(-68.7767188477,43.172358755842,16.9));
#14981 = LINE('',#14982,#14983);
#14982 = CARTESIAN_POINT('',(-68.7767188477,43.172358755842,7.99));
#14983 = VECTOR('',#14984,1.);
#14984 = DIRECTION('',(0.,0.,1.));
#14985 = ORIENTED_EDGE('',*,*,#14986,.T.);
#14986 = EDGE_CURVE('',#14979,#14668,#14987,.T.);
#14987 = CIRCLE('',#14988,81.204);
#14988 = AXIS2_PLACEMENT_3D('',#14989,#14990,#14991);
#14989 = CARTESIAN_POINT('',(0.,0.,16.9));
#14990 = DIRECTION('',(0.,0.,1.));
#14991 = DIRECTION('',(1.,0.,-0.));
#14992 = FACE_BOUND('',#14993,.F.);
#14993 = EDGE_LOOP('',(#14994,#14995,#14996,#14997));
#14994 = ORIENTED_EDGE('',*,*,#7208,.F.);
#14995 = ORIENTED_EDGE('',*,*,#7282,.T.);
#14996 = ORIENTED_EDGE('',*,*,#7257,.T.);
#14997 = ORIENTED_EDGE('',*,*,#7233,.F.);
#14998 = FACE_BOUND('',#14999,.F.);
#14999 = EDGE_LOOP('',(#15000,#15001,#15002,#15003));
#15000 = ORIENTED_EDGE('',*,*,#7306,.F.);
#15001 = ORIENTED_EDGE('',*,*,#7380,.T.);
#15002 = ORIENTED_EDGE('',*,*,#7355,.T.);
#15003 = ORIENTED_EDGE('',*,*,#7331,.F.);
#15004 = FACE_BOUND('',#15005,.F.);
#15005 = EDGE_LOOP('',(#15006,#15007,#15008,#15009));
#15006 = ORIENTED_EDGE('',*,*,#7404,.F.);
#15007 = ORIENTED_EDGE('',*,*,#7478,.T.);
#15008 = ORIENTED_EDGE('',*,*,#7453,.T.);
#15009 = ORIENTED_EDGE('',*,*,#7429,.F.);
#15010 = FACE_BOUND('',#15011,.F.);
#15011 = EDGE_LOOP('',(#15012,#15013,#15014,#15015));
#15012 = ORIENTED_EDGE('',*,*,#7502,.F.);
#15013 = ORIENTED_EDGE('',*,*,#7576,.T.);
#15014 = ORIENTED_EDGE('',*,*,#7551,.T.);
#15015 = ORIENTED_EDGE('',*,*,#7527,.F.);
#15016 = FACE_BOUND('',#15017,.F.);
#15017 = EDGE_LOOP('',(#15018,#15019,#15020,#15021));
#15018 = ORIENTED_EDGE('',*,*,#7600,.F.);
#15019 = ORIENTED_EDGE('',*,*,#7674,.T.);
#15020 = ORIENTED_EDGE('',*,*,#7649,.T.);
#15021 = ORIENTED_EDGE('',*,*,#7625,.F.);
#15022 = FACE_BOUND('',#15023,.F.);
#15023 = EDGE_LOOP('',(#15024,#15025,#15026,#15027));
#15024 = ORIENTED_EDGE('',*,*,#7698,.F.);
#15025 = ORIENTED_EDGE('',*,*,#7772,.T.);
#15026 = ORIENTED_EDGE('',*,*,#7747,.T.);
#15027 = ORIENTED_EDGE('',*,*,#7723,.F.);
#15028 = FACE_BOUND('',#15029,.F.);
#15029 = EDGE_LOOP('',(#15030,#15031,#15032,#15033));
#15030 = ORIENTED_EDGE('',*,*,#7796,.F.);
#15031 = ORIENTED_EDGE('',*,*,#7870,.T.);
#15032 = ORIENTED_EDGE('',*,*,#7845,.T.);
#15033 = ORIENTED_EDGE('',*,*,#7821,.F.);
#15034 = FACE_BOUND('',#15035,.F.);
#15035 = EDGE_LOOP('',(#15036,#15037,#15038,#15039));
#15036 = ORIENTED_EDGE('',*,*,#7894,.F.);
#15037 = ORIENTED_EDGE('',*,*,#7968,.T.);
#15038 = ORIENTED_EDGE('',*,*,#7943,.T.);
#15039 = ORIENTED_EDGE('',*,*,#7919,.F.);
#15040 = FACE_BOUND('',#15041,.F.);
#15041 = EDGE_LOOP('',(#15042,#15043,#15044,#15045));
#15042 = ORIENTED_EDGE('',*,*,#7992,.F.);
#15043 = ORIENTED_EDGE('',*,*,#8066,.T.);
#15044 = ORIENTED_EDGE('',*,*,#8041,.T.);
#15045 = ORIENTED_EDGE('',*,*,#8017,.F.);
#15046 = FACE_BOUND('',#15047,.F.);
#15047 = EDGE_LOOP('',(#15048,#15049,#15050,#15051));
#15048 = ORIENTED_EDGE('',*,*,#8090,.F.);
#15049 = ORIENTED_EDGE('',*,*,#8164,.T.);
#15050 = ORIENTED_EDGE('',*,*,#8139,.T.);
#15051 = ORIENTED_EDGE('',*,*,#8115,.F.);
#15052 = FACE_BOUND('',#15053,.F.);
#15053 = EDGE_LOOP('',(#15054,#15055,#15056,#15057));
#15054 = ORIENTED_EDGE('',*,*,#8188,.F.);
#15055 = ORIENTED_EDGE('',*,*,#8262,.T.);
#15056 = ORIENTED_EDGE('',*,*,#8237,.T.);
#15057 = ORIENTED_EDGE('',*,*,#8213,.F.);
#15058 = FACE_BOUND('',#15059,.F.);
#15059 = EDGE_LOOP('',(#15060,#15061,#15062,#15063));
#15060 = ORIENTED_EDGE('',*,*,#8286,.F.);
#15061 = ORIENTED_EDGE('',*,*,#8360,.T.);
#15062 = ORIENTED_EDGE('',*,*,#8335,.T.);
#15063 = ORIENTED_EDGE('',*,*,#8311,.F.);
#15064 = FACE_BOUND('',#15065,.F.);
#15065 = EDGE_LOOP('',(#15066,#15067,#15068,#15069));
#15066 = ORIENTED_EDGE('',*,*,#8384,.F.);
#15067 = ORIENTED_EDGE('',*,*,#8458,.T.);
#15068 = ORIENTED_EDGE('',*,*,#8433,.T.);
#15069 = ORIENTED_EDGE('',*,*,#8409,.F.);
#15070 = FACE_BOUND('',#15071,.F.);
#15071 = EDGE_LOOP('',(#15072,#15073,#15074,#15075));
#15072 = ORIENTED_EDGE('',*,*,#8482,.F.);
#15073 = ORIENTED_EDGE('',*,*,#8556,.T.);
#15074 = ORIENTED_EDGE('',*,*,#8531,.T.);
#15075 = ORIENTED_EDGE('',*,*,#8507,.F.);
#15076 = FACE_BOUND('',#15077,.F.);
#15077 = EDGE_LOOP('',(#15078,#15079,#15080,#15081));
#15078 = ORIENTED_EDGE('',*,*,#8580,.F.);
#15079 = ORIENTED_EDGE('',*,*,#8654,.T.);
#15080 = ORIENTED_EDGE('',*,*,#8629,.T.);
#15081 = ORIENTED_EDGE('',*,*,#8605,.F.);
#15082 = FACE_BOUND('',#15083,.F.);
#15083 = EDGE_LOOP('',(#15084,#15085,#15086,#15087));
#15084 = ORIENTED_EDGE('',*,*,#8678,.F.);
#15085 = ORIENTED_EDGE('',*,*,#8752,.T.);
#15086 = ORIENTED_EDGE('',*,*,#8727,.T.);
#15087 = ORIENTED_EDGE('',*,*,#8703,.F.);
#15088 = FACE_BOUND('',#15089,.F.);
#15089 = EDGE_LOOP('',(#15090,#15091,#15092,#15093));
#15090 = ORIENTED_EDGE('',*,*,#8776,.F.);
#15091 = ORIENTED_EDGE('',*,*,#8850,.T.);
#15092 = ORIENTED_EDGE('',*,*,#8825,.T.);
#15093 = ORIENTED_EDGE('',*,*,#8801,.F.);
#15094 = FACE_BOUND('',#15095,.F.);
#15095 = EDGE_LOOP('',(#15096,#15097,#15098,#15099));
#15096 = ORIENTED_EDGE('',*,*,#8874,.F.);
#15097 = ORIENTED_EDGE('',*,*,#8948,.T.);
#15098 = ORIENTED_EDGE('',*,*,#8923,.T.);
#15099 = ORIENTED_EDGE('',*,*,#8899,.F.);
#15100 = FACE_BOUND('',#15101,.F.);
#15101 = EDGE_LOOP('',(#15102,#15103,#15104,#15105));
#15102 = ORIENTED_EDGE('',*,*,#8972,.F.);
#15103 = ORIENTED_EDGE('',*,*,#9046,.T.);
#15104 = ORIENTED_EDGE('',*,*,#9021,.T.);
#15105 = ORIENTED_EDGE('',*,*,#8997,.F.);
#15106 = FACE_BOUND('',#15107,.F.);
#15107 = EDGE_LOOP('',(#15108,#15109,#15110,#15111));
#15108 = ORIENTED_EDGE('',*,*,#9070,.F.);
#15109 = ORIENTED_EDGE('',*,*,#9144,.T.);
#15110 = ORIENTED_EDGE('',*,*,#9119,.T.);
#15111 = ORIENTED_EDGE('',*,*,#9095,.F.);
#15112 = FACE_BOUND('',#15113,.F.);
#15113 = EDGE_LOOP('',(#15114,#15115,#15116,#15117));
#15114 = ORIENTED_EDGE('',*,*,#9168,.F.);
#15115 = ORIENTED_EDGE('',*,*,#9242,.T.);
#15116 = ORIENTED_EDGE('',*,*,#9217,.T.);
#15117 = ORIENTED_EDGE('',*,*,#9193,.F.);
#15118 = FACE_BOUND('',#15119,.F.);
#15119 = EDGE_LOOP('',(#15120,#15121,#15122,#15123));
#15120 = ORIENTED_EDGE('',*,*,#9266,.F.);
#15121 = ORIENTED_EDGE('',*,*,#9340,.T.);
#15122 = ORIENTED_EDGE('',*,*,#9315,.T.);
#15123 = ORIENTED_EDGE('',*,*,#9291,.F.);
#15124 = FACE_BOUND('',#15125,.F.);
#15125 = EDGE_LOOP('',(#15126,#15127,#15128,#15129));
#15126 = ORIENTED_EDGE('',*,*,#9364,.F.);
#15127 = ORIENTED_EDGE('',*,*,#9438,.T.);
#15128 = ORIENTED_EDGE('',*,*,#9413,.T.);
#15129 = ORIENTED_EDGE('',*,*,#9389,.F.);
#15130 = FACE_BOUND('',#15131,.F.);
#15131 = EDGE_LOOP('',(#15132,#15133,#15134,#15135));
#15132 = ORIENTED_EDGE('',*,*,#9462,.F.);
#15133 = ORIENTED_EDGE('',*,*,#9536,.T.);
#15134 = ORIENTED_EDGE('',*,*,#9511,.T.);
#15135 = ORIENTED_EDGE('',*,*,#9487,.F.);
#15136 = FACE_BOUND('',#15137,.F.);
#15137 = EDGE_LOOP('',(#15138,#15139,#15140,#15141));
#15138 = ORIENTED_EDGE('',*,*,#9560,.F.);
#15139 = ORIENTED_EDGE('',*,*,#9634,.T.);
#15140 = ORIENTED_EDGE('',*,*,#9609,.T.);
#15141 = ORIENTED_EDGE('',*,*,#9585,.F.);
#15142 = FACE_BOUND('',#15143,.F.);
#15143 = EDGE_LOOP('',(#15144,#15145,#15146,#15147));
#15144 = ORIENTED_EDGE('',*,*,#9658,.F.);
#15145 = ORIENTED_EDGE('',*,*,#9732,.T.);
#15146 = ORIENTED_EDGE('',*,*,#9707,.T.);
#15147 = ORIENTED_EDGE('',*,*,#9683,.F.);
#15148 = FACE_BOUND('',#15149,.F.);
#15149 = EDGE_LOOP('',(#15150,#15151,#15152,#15153));
#15150 = ORIENTED_EDGE('',*,*,#9756,.F.);
#15151 = ORIENTED_EDGE('',*,*,#9830,.T.);
#15152 = ORIENTED_EDGE('',*,*,#9805,.T.);
#15153 = ORIENTED_EDGE('',*,*,#9781,.F.);
#15154 = FACE_BOUND('',#15155,.F.);
#15155 = EDGE_LOOP('',(#15156,#15157,#15158,#15159));
#15156 = ORIENTED_EDGE('',*,*,#9854,.F.);
#15157 = ORIENTED_EDGE('',*,*,#9928,.T.);
#15158 = ORIENTED_EDGE('',*,*,#9903,.T.);
#15159 = ORIENTED_EDGE('',*,*,#9879,.F.);
#15160 = FACE_BOUND('',#15161,.F.);
#15161 = EDGE_LOOP('',(#15162,#15163,#15164,#15165));
#15162 = ORIENTED_EDGE('',*,*,#9952,.F.);
#15163 = ORIENTED_EDGE('',*,*,#10026,.T.);
#15164 = ORIENTED_EDGE('',*,*,#10001,.T.);
#15165 = ORIENTED_EDGE('',*,*,#9977,.F.);
#15166 = FACE_BOUND('',#15167,.F.);
#15167 = EDGE_LOOP('',(#15168,#15169,#15170,#15171));
#15168 = ORIENTED_EDGE('',*,*,#10050,.F.);
#15169 = ORIENTED_EDGE('',*,*,#10124,.T.);
#15170 = ORIENTED_EDGE('',*,*,#10099,.T.);
#15171 = ORIENTED_EDGE('',*,*,#10075,.F.);
#15172 = FACE_BOUND('',#15173,.F.);
#15173 = EDGE_LOOP('',(#15174,#15175,#15176,#15177));
#15174 = ORIENTED_EDGE('',*,*,#10148,.F.);
#15175 = ORIENTED_EDGE('',*,*,#10222,.T.);
#15176 = ORIENTED_EDGE('',*,*,#10197,.T.);
#15177 = ORIENTED_EDGE('',*,*,#10173,.F.);
#15178 = FACE_BOUND('',#15179,.F.);
#15179 = EDGE_LOOP('',(#15180,#15181,#15182,#15183));
#15180 = ORIENTED_EDGE('',*,*,#10246,.F.);
#15181 = ORIENTED_EDGE('',*,*,#10320,.T.);
#15182 = ORIENTED_EDGE('',*,*,#10295,.T.);
#15183 = ORIENTED_EDGE('',*,*,#10271,.F.);
#15184 = FACE_BOUND('',#15185,.F.);
#15185 = EDGE_LOOP('',(#15186,#15187,#15188,#15189));
#15186 = ORIENTED_EDGE('',*,*,#10344,.F.);
#15187 = ORIENTED_EDGE('',*,*,#10418,.T.);
#15188 = ORIENTED_EDGE('',*,*,#10393,.T.);
#15189 = ORIENTED_EDGE('',*,*,#10369,.F.);
#15190 = FACE_BOUND('',#15191,.F.);
#15191 = EDGE_LOOP('',(#15192,#15193,#15194,#15195));
#15192 = ORIENTED_EDGE('',*,*,#10442,.F.);
#15193 = ORIENTED_EDGE('',*,*,#10516,.T.);
#15194 = ORIENTED_EDGE('',*,*,#10491,.T.);
#15195 = ORIENTED_EDGE('',*,*,#10467,.F.);
#15196 = FACE_BOUND('',#15197,.F.);
#15197 = EDGE_LOOP('',(#15198,#15199,#15200,#15201));
#15198 = ORIENTED_EDGE('',*,*,#10540,.F.);
#15199 = ORIENTED_EDGE('',*,*,#10614,.T.);
#15200 = ORIENTED_EDGE('',*,*,#10589,.T.);
#15201 = ORIENTED_EDGE('',*,*,#10565,.F.);
#15202 = FACE_BOUND('',#15203,.F.);
#15203 = EDGE_LOOP('',(#15204,#15205,#15206,#15207));
#15204 = ORIENTED_EDGE('',*,*,#10638,.F.);
#15205 = ORIENTED_EDGE('',*,*,#10712,.T.);
#15206 = ORIENTED_EDGE('',*,*,#10687,.T.);
#15207 = ORIENTED_EDGE('',*,*,#10663,.F.);
#15208 = FACE_BOUND('',#15209,.F.);
#15209 = EDGE_LOOP('',(#15210,#15211,#15212,#15213));
#15210 = ORIENTED_EDGE('',*,*,#10736,.F.);
#15211 = ORIENTED_EDGE('',*,*,#10810,.T.);
#15212 = ORIENTED_EDGE('',*,*,#10785,.T.);
#15213 = ORIENTED_EDGE('',*,*,#10761,.F.);
#15214 = FACE_BOUND('',#15215,.F.);
#15215 = EDGE_LOOP('',(#15216,#15217,#15218,#15219));
#15216 = ORIENTED_EDGE('',*,*,#10834,.F.);
#15217 = ORIENTED_EDGE('',*,*,#10908,.T.);
#15218 = ORIENTED_EDGE('',*,*,#10883,.T.);
#15219 = ORIENTED_EDGE('',*,*,#10859,.F.);
#15220 = FACE_BOUND('',#15221,.F.);
#15221 = EDGE_LOOP('',(#15222,#15223,#15224,#15225));
#15222 = ORIENTED_EDGE('',*,*,#10932,.F.);
#15223 = ORIENTED_EDGE('',*,*,#11006,.T.);
#15224 = ORIENTED_EDGE('',*,*,#10981,.T.);
#15225 = ORIENTED_EDGE('',*,*,#10957,.F.);
#15226 = FACE_BOUND('',#15227,.F.);
#15227 = EDGE_LOOP('',(#15228,#15229,#15230,#15231));
#15228 = ORIENTED_EDGE('',*,*,#11030,.F.);
#15229 = ORIENTED_EDGE('',*,*,#11104,.T.);
#15230 = ORIENTED_EDGE('',*,*,#11079,.T.);
#15231 = ORIENTED_EDGE('',*,*,#11055,.F.);
#15232 = FACE_BOUND('',#15233,.F.);
#15233 = EDGE_LOOP('',(#15234,#15235,#15236,#15237));
#15234 = ORIENTED_EDGE('',*,*,#11128,.F.);
#15235 = ORIENTED_EDGE('',*,*,#11202,.T.);
#15236 = ORIENTED_EDGE('',*,*,#11177,.T.);
#15237 = ORIENTED_EDGE('',*,*,#11153,.F.);
#15238 = FACE_BOUND('',#15239,.F.);
#15239 = EDGE_LOOP('',(#15240,#15241,#15242,#15243));
#15240 = ORIENTED_EDGE('',*,*,#11226,.F.);
#15241 = ORIENTED_EDGE('',*,*,#11300,.T.);
#15242 = ORIENTED_EDGE('',*,*,#11275,.T.);
#15243 = ORIENTED_EDGE('',*,*,#11251,.F.);
#15244 = FACE_BOUND('',#15245,.F.);
#15245 = EDGE_LOOP('',(#15246,#15247,#15248,#15249));
#15246 = ORIENTED_EDGE('',*,*,#11324,.F.);
#15247 = ORIENTED_EDGE('',*,*,#11398,.T.);
#15248 = ORIENTED_EDGE('',*,*,#11373,.T.);
#15249 = ORIENTED_EDGE('',*,*,#11349,.F.);
#15250 = FACE_BOUND('',#15251,.F.);
#15251 = EDGE_LOOP('',(#15252,#15253,#15254,#15255));
#15252 = ORIENTED_EDGE('',*,*,#11422,.F.);
#15253 = ORIENTED_EDGE('',*,*,#11496,.T.);
#15254 = ORIENTED_EDGE('',*,*,#11471,.T.);
#15255 = ORIENTED_EDGE('',*,*,#11447,.F.);
#15256 = FACE_BOUND('',#15257,.F.);
#15257 = EDGE_LOOP('',(#15258,#15259,#15260,#15261));
#15258 = ORIENTED_EDGE('',*,*,#11520,.F.);
#15259 = ORIENTED_EDGE('',*,*,#11594,.T.);
#15260 = ORIENTED_EDGE('',*,*,#11569,.T.);
#15261 = ORIENTED_EDGE('',*,*,#11545,.F.);
#15262 = FACE_BOUND('',#15263,.F.);
#15263 = EDGE_LOOP('',(#15264,#15265,#15266,#15267));
#15264 = ORIENTED_EDGE('',*,*,#11618,.F.);
#15265 = ORIENTED_EDGE('',*,*,#11692,.T.);
#15266 = ORIENTED_EDGE('',*,*,#11667,.T.);
#15267 = ORIENTED_EDGE('',*,*,#11643,.F.);
#15268 = FACE_BOUND('',#15269,.F.);
#15269 = EDGE_LOOP('',(#15270,#15271,#15272,#15273));
#15270 = ORIENTED_EDGE('',*,*,#11716,.F.);
#15271 = ORIENTED_EDGE('',*,*,#11790,.T.);
#15272 = ORIENTED_EDGE('',*,*,#11765,.T.);
#15273 = ORIENTED_EDGE('',*,*,#11741,.F.);
#15274 = FACE_BOUND('',#15275,.F.);
#15275 = EDGE_LOOP('',(#15276,#15277,#15278,#15279));
#15276 = ORIENTED_EDGE('',*,*,#11814,.F.);
#15277 = ORIENTED_EDGE('',*,*,#11888,.T.);
#15278 = ORIENTED_EDGE('',*,*,#11863,.T.);
#15279 = ORIENTED_EDGE('',*,*,#11839,.F.);
#15280 = FACE_BOUND('',#15281,.F.);
#15281 = EDGE_LOOP('',(#15282,#15283,#15284,#15285));
#15282 = ORIENTED_EDGE('',*,*,#11912,.F.);
#15283 = ORIENTED_EDGE('',*,*,#11986,.T.);
#15284 = ORIENTED_EDGE('',*,*,#11961,.T.);
#15285 = ORIENTED_EDGE('',*,*,#11937,.F.);
#15286 = FACE_BOUND('',#15287,.F.);
#15287 = EDGE_LOOP('',(#15288,#15289,#15290,#15291));
#15288 = ORIENTED_EDGE('',*,*,#12010,.F.);
#15289 = ORIENTED_EDGE('',*,*,#12084,.T.);
#15290 = ORIENTED_EDGE('',*,*,#12059,.T.);
#15291 = ORIENTED_EDGE('',*,*,#12035,.F.);
#15292 = FACE_BOUND('',#15293,.F.);
#15293 = EDGE_LOOP('',(#15294,#15295,#15296,#15297));
#15294 = ORIENTED_EDGE('',*,*,#12108,.F.);
#15295 = ORIENTED_EDGE('',*,*,#12182,.T.);
#15296 = ORIENTED_EDGE('',*,*,#12157,.T.);
#15297 = ORIENTED_EDGE('',*,*,#12133,.F.);
#15298 = FACE_BOUND('',#15299,.F.);
#15299 = EDGE_LOOP('',(#15300,#15301,#15302,#15303));
#15300 = ORIENTED_EDGE('',*,*,#12206,.F.);
#15301 = ORIENTED_EDGE('',*,*,#12280,.T.);
#15302 = ORIENTED_EDGE('',*,*,#12255,.T.);
#15303 = ORIENTED_EDGE('',*,*,#12231,.F.);
#15304 = FACE_BOUND('',#15305,.F.);
#15305 = EDGE_LOOP('',(#15306,#15307,#15308,#15309));
#15306 = ORIENTED_EDGE('',*,*,#12304,.F.);
#15307 = ORIENTED_EDGE('',*,*,#12378,.T.);
#15308 = ORIENTED_EDGE('',*,*,#12353,.T.);
#15309 = ORIENTED_EDGE('',*,*,#12329,.F.);
#15310 = FACE_BOUND('',#15311,.F.);
#15311 = EDGE_LOOP('',(#15312,#15313,#15314,#15315));
#15312 = ORIENTED_EDGE('',*,*,#12402,.F.);
#15313 = ORIENTED_EDGE('',*,*,#12476,.T.);
#15314 = ORIENTED_EDGE('',*,*,#12451,.T.);
#15315 = ORIENTED_EDGE('',*,*,#12427,.F.);
#15316 = FACE_BOUND('',#15317,.F.);
#15317 = EDGE_LOOP('',(#15318,#15319,#15320,#15321));
#15318 = ORIENTED_EDGE('',*,*,#12500,.F.);
#15319 = ORIENTED_EDGE('',*,*,#12574,.T.);
#15320 = ORIENTED_EDGE('',*,*,#12549,.T.);
#15321 = ORIENTED_EDGE('',*,*,#12525,.F.);
#15322 = FACE_BOUND('',#15323,.F.);
#15323 = EDGE_LOOP('',(#15324,#15325,#15326,#15327));
#15324 = ORIENTED_EDGE('',*,*,#12598,.F.);
#15325 = ORIENTED_EDGE('',*,*,#12672,.T.);
#15326 = ORIENTED_EDGE('',*,*,#12647,.T.);
#15327 = ORIENTED_EDGE('',*,*,#12623,.F.);
#15328 = FACE_BOUND('',#15329,.F.);
#15329 = EDGE_LOOP('',(#15330,#15331,#15332,#15333));
#15330 = ORIENTED_EDGE('',*,*,#12696,.F.);
#15331 = ORIENTED_EDGE('',*,*,#12770,.T.);
#15332 = ORIENTED_EDGE('',*,*,#12745,.T.);
#15333 = ORIENTED_EDGE('',*,*,#12721,.F.);
#15334 = FACE_BOUND('',#15335,.F.);
#15335 = EDGE_LOOP('',(#15336,#15337,#15338,#15339));
#15336 = ORIENTED_EDGE('',*,*,#12794,.F.);
#15337 = ORIENTED_EDGE('',*,*,#12868,.T.);
#15338 = ORIENTED_EDGE('',*,*,#12843,.T.);
#15339 = ORIENTED_EDGE('',*,*,#12819,.F.);
#15340 = FACE_BOUND('',#15341,.F.);
#15341 = EDGE_LOOP('',(#15342,#15343,#15344,#15345));
#15342 = ORIENTED_EDGE('',*,*,#12892,.F.);
#15343 = ORIENTED_EDGE('',*,*,#12966,.T.);
#15344 = ORIENTED_EDGE('',*,*,#12941,.T.);
#15345 = ORIENTED_EDGE('',*,*,#12917,.F.);
#15346 = FACE_BOUND('',#15347,.F.);
#15347 = EDGE_LOOP('',(#15348,#15349,#15350,#15351));
#15348 = ORIENTED_EDGE('',*,*,#12990,.F.);
#15349 = ORIENTED_EDGE('',*,*,#13064,.T.);
#15350 = ORIENTED_EDGE('',*,*,#13039,.T.);
#15351 = ORIENTED_EDGE('',*,*,#13015,.F.);
#15352 = FACE_BOUND('',#15353,.F.);
#15353 = EDGE_LOOP('',(#15354,#15355,#15356,#15357));
#15354 = ORIENTED_EDGE('',*,*,#13088,.F.);
#15355 = ORIENTED_EDGE('',*,*,#13162,.T.);
#15356 = ORIENTED_EDGE('',*,*,#13137,.T.);
#15357 = ORIENTED_EDGE('',*,*,#13113,.F.);
#15358 = FACE_BOUND('',#15359,.F.);
#15359 = EDGE_LOOP('',(#15360,#15361,#15362,#15363));
#15360 = ORIENTED_EDGE('',*,*,#13186,.F.);
#15361 = ORIENTED_EDGE('',*,*,#13260,.T.);
#15362 = ORIENTED_EDGE('',*,*,#13235,.T.);
#15363 = ORIENTED_EDGE('',*,*,#13211,.F.);
#15364 = FACE_BOUND('',#15365,.F.);
#15365 = EDGE_LOOP('',(#15366,#15367,#15368,#15369));
#15366 = ORIENTED_EDGE('',*,*,#13284,.F.);
#15367 = ORIENTED_EDGE('',*,*,#13358,.T.);
#15368 = ORIENTED_EDGE('',*,*,#13333,.T.);
#15369 = ORIENTED_EDGE('',*,*,#13309,.F.);
#15370 = FACE_BOUND('',#15371,.F.);
#15371 = EDGE_LOOP('',(#15372,#15373,#15374,#15375));
#15372 = ORIENTED_EDGE('',*,*,#13382,.F.);
#15373 = ORIENTED_EDGE('',*,*,#13456,.T.);
#15374 = ORIENTED_EDGE('',*,*,#13431,.T.);
#15375 = ORIENTED_EDGE('',*,*,#13407,.F.);
#15376 = FACE_BOUND('',#15377,.F.);
#15377 = EDGE_LOOP('',(#15378,#15379,#15380,#15381));
#15378 = ORIENTED_EDGE('',*,*,#13480,.F.);
#15379 = ORIENTED_EDGE('',*,*,#13554,.T.);
#15380 = ORIENTED_EDGE('',*,*,#13529,.T.);
#15381 = ORIENTED_EDGE('',*,*,#13505,.F.);
#15382 = FACE_BOUND('',#15383,.F.);
#15383 = EDGE_LOOP('',(#15384,#15385,#15386,#15387));
#15384 = ORIENTED_EDGE('',*,*,#13578,.F.);
#15385 = ORIENTED_EDGE('',*,*,#13652,.T.);
#15386 = ORIENTED_EDGE('',*,*,#13627,.T.);
#15387 = ORIENTED_EDGE('',*,*,#13603,.F.);
#15388 = FACE_BOUND('',#15389,.F.);
#15389 = EDGE_LOOP('',(#15390,#15391,#15392,#15393));
#15390 = ORIENTED_EDGE('',*,*,#13676,.F.);
#15391 = ORIENTED_EDGE('',*,*,#13750,.T.);
#15392 = ORIENTED_EDGE('',*,*,#13725,.T.);
#15393 = ORIENTED_EDGE('',*,*,#13701,.F.);
#15394 = FACE_BOUND('',#15395,.F.);
#15395 = EDGE_LOOP('',(#15396,#15397,#15398,#15399));
#15396 = ORIENTED_EDGE('',*,*,#13774,.F.);
#15397 = ORIENTED_EDGE('',*,*,#13848,.T.);
#15398 = ORIENTED_EDGE('',*,*,#13823,.T.);
#15399 = ORIENTED_EDGE('',*,*,#13799,.F.);
#15400 = FACE_BOUND('',#15401,.F.);
#15401 = EDGE_LOOP('',(#15402,#15403,#15404,#15405));
#15402 = ORIENTED_EDGE('',*,*,#13872,.F.);
#15403 = ORIENTED_EDGE('',*,*,#13946,.T.);
#15404 = ORIENTED_EDGE('',*,*,#13921,.T.);
#15405 = ORIENTED_EDGE('',*,*,#13897,.F.);
#15406 = FACE_BOUND('',#15407,.F.);
#15407 = EDGE_LOOP('',(#15408,#15409,#15410,#15411));
#15408 = ORIENTED_EDGE('',*,*,#13970,.F.);
#15409 = ORIENTED_EDGE('',*,*,#14044,.T.);
#15410 = ORIENTED_EDGE('',*,*,#14019,.T.);
#15411 = ORIENTED_EDGE('',*,*,#13995,.F.);
#15412 = FACE_BOUND('',#15413,.F.);
#15413 = EDGE_LOOP('',(#15414,#15415,#15416,#15417));
#15414 = ORIENTED_EDGE('',*,*,#14068,.F.);
#15415 = ORIENTED_EDGE('',*,*,#14142,.T.);
#15416 = ORIENTED_EDGE('',*,*,#14117,.T.);
#15417 = ORIENTED_EDGE('',*,*,#14093,.F.);
#15418 = FACE_BOUND('',#15419,.F.);
#15419 = EDGE_LOOP('',(#15420,#15421,#15422,#15423));
#15420 = ORIENTED_EDGE('',*,*,#14166,.F.);
#15421 = ORIENTED_EDGE('',*,*,#14240,.T.);
#15422 = ORIENTED_EDGE('',*,*,#14215,.T.);
#15423 = ORIENTED_EDGE('',*,*,#14191,.F.);
#15424 = FACE_BOUND('',#15425,.F.);
#15425 = EDGE_LOOP('',(#15426,#15427,#15428,#15429));
#15426 = ORIENTED_EDGE('',*,*,#14264,.F.);
#15427 = ORIENTED_EDGE('',*,*,#14338,.T.);
#15428 = ORIENTED_EDGE('',*,*,#14313,.T.);
#15429 = ORIENTED_EDGE('',*,*,#14289,.F.);
#15430 = FACE_BOUND('',#15431,.F.);
#15431 = EDGE_LOOP('',(#15432,#15433,#15434,#15435));
#15432 = ORIENTED_EDGE('',*,*,#14362,.F.);
#15433 = ORIENTED_EDGE('',*,*,#14436,.T.);
#15434 = ORIENTED_EDGE('',*,*,#14411,.T.);
#15435 = ORIENTED_EDGE('',*,*,#14387,.F.);
#15436 = FACE_BOUND('',#15437,.F.);
#15437 = EDGE_LOOP('',(#15438,#15439,#15440,#15441));
#15438 = ORIENTED_EDGE('',*,*,#14460,.F.);
#15439 = ORIENTED_EDGE('',*,*,#14534,.T.);
#15440 = ORIENTED_EDGE('',*,*,#14509,.T.);
#15441 = ORIENTED_EDGE('',*,*,#14485,.F.);
#15442 = FACE_BOUND('',#15443,.F.);
#15443 = EDGE_LOOP('',(#15444,#15445,#15446,#15447));
#15444 = ORIENTED_EDGE('',*,*,#14558,.F.);
#15445 = ORIENTED_EDGE('',*,*,#14632,.T.);
#15446 = ORIENTED_EDGE('',*,*,#14607,.T.);
#15447 = ORIENTED_EDGE('',*,*,#14583,.F.);
#15448 = FACE_BOUND('',#15449,.F.);
#15449 = EDGE_LOOP('',(#15450,#15451,#15452,#15453));
#15450 = ORIENTED_EDGE('',*,*,#4758,.F.);
#15451 = ORIENTED_EDGE('',*,*,#4832,.T.);
#15452 = ORIENTED_EDGE('',*,*,#4807,.T.);
#15453 = ORIENTED_EDGE('',*,*,#4783,.F.);
#15454 = FACE_BOUND('',#15455,.F.);
#15455 = EDGE_LOOP('',(#15456,#15457,#15458,#15459));
#15456 = ORIENTED_EDGE('',*,*,#4856,.F.);
#15457 = ORIENTED_EDGE('',*,*,#4930,.T.);
#15458 = ORIENTED_EDGE('',*,*,#4905,.T.);
#15459 = ORIENTED_EDGE('',*,*,#4881,.F.);
#15460 = FACE_BOUND('',#15461,.F.);
#15461 = EDGE_LOOP('',(#15462,#15463,#15464,#15465));
#15462 = ORIENTED_EDGE('',*,*,#4954,.F.);
#15463 = ORIENTED_EDGE('',*,*,#5028,.T.);
#15464 = ORIENTED_EDGE('',*,*,#5003,.T.);
#15465 = ORIENTED_EDGE('',*,*,#4979,.F.);
#15466 = FACE_BOUND('',#15467,.F.);
#15467 = EDGE_LOOP('',(#15468,#15469,#15470,#15471));
#15468 = ORIENTED_EDGE('',*,*,#5052,.F.);
#15469 = ORIENTED_EDGE('',*,*,#5126,.T.);
#15470 = ORIENTED_EDGE('',*,*,#5101,.T.);
#15471 = ORIENTED_EDGE('',*,*,#5077,.F.);
#15472 = FACE_BOUND('',#15473,.F.);
#15473 = EDGE_LOOP('',(#15474,#15475,#15476,#15477));
#15474 = ORIENTED_EDGE('',*,*,#5150,.F.);
#15475 = ORIENTED_EDGE('',*,*,#5224,.T.);
#15476 = ORIENTED_EDGE('',*,*,#5199,.T.);
#15477 = ORIENTED_EDGE('',*,*,#5175,.F.);
#15478 = FACE_BOUND('',#15479,.F.);
#15479 = EDGE_LOOP('',(#15480,#15481,#15482,#15483));
#15480 = ORIENTED_EDGE('',*,*,#5248,.F.);
#15481 = ORIENTED_EDGE('',*,*,#5322,.T.);
#15482 = ORIENTED_EDGE('',*,*,#5297,.T.);
#15483 = ORIENTED_EDGE('',*,*,#5273,.F.);
#15484 = FACE_BOUND('',#15485,.F.);
#15485 = EDGE_LOOP('',(#15486,#15487,#15488,#15489));
#15486 = ORIENTED_EDGE('',*,*,#5346,.F.);
#15487 = ORIENTED_EDGE('',*,*,#5420,.T.);
#15488 = ORIENTED_EDGE('',*,*,#5395,.T.);
#15489 = ORIENTED_EDGE('',*,*,#5371,.F.);
#15490 = FACE_BOUND('',#15491,.F.);
#15491 = EDGE_LOOP('',(#15492,#15493,#15494,#15495));
#15492 = ORIENTED_EDGE('',*,*,#5444,.F.);
#15493 = ORIENTED_EDGE('',*,*,#5518,.T.);
#15494 = ORIENTED_EDGE('',*,*,#5493,.T.);
#15495 = ORIENTED_EDGE('',*,*,#5469,.F.);
#15496 = FACE_BOUND('',#15497,.F.);
#15497 = EDGE_LOOP('',(#15498,#15499,#15500,#15501));
#15498 = ORIENTED_EDGE('',*,*,#5542,.F.);
#15499 = ORIENTED_EDGE('',*,*,#5616,.T.);
#15500 = ORIENTED_EDGE('',*,*,#5591,.T.);
#15501 = ORIENTED_EDGE('',*,*,#5567,.F.);
#15502 = FACE_BOUND('',#15503,.F.);
#15503 = EDGE_LOOP('',(#15504,#15505,#15506,#15507));
#15504 = ORIENTED_EDGE('',*,*,#5640,.F.);
#15505 = ORIENTED_EDGE('',*,*,#5714,.T.);
#15506 = ORIENTED_EDGE('',*,*,#5689,.T.);
#15507 = ORIENTED_EDGE('',*,*,#5665,.F.);
#15508 = FACE_BOUND('',#15509,.F.);
#15509 = EDGE_LOOP('',(#15510,#15511,#15512,#15513));
#15510 = ORIENTED_EDGE('',*,*,#5738,.F.);
#15511 = ORIENTED_EDGE('',*,*,#5812,.T.);
#15512 = ORIENTED_EDGE('',*,*,#5787,.T.);
#15513 = ORIENTED_EDGE('',*,*,#5763,.F.);
#15514 = FACE_BOUND('',#15515,.F.);
#15515 = EDGE_LOOP('',(#15516,#15517,#15518,#15519));
#15516 = ORIENTED_EDGE('',*,*,#5836,.F.);
#15517 = ORIENTED_EDGE('',*,*,#5910,.T.);
#15518 = ORIENTED_EDGE('',*,*,#5885,.T.);
#15519 = ORIENTED_EDGE('',*,*,#5861,.F.);
#15520 = FACE_BOUND('',#15521,.F.);
#15521 = EDGE_LOOP('',(#15522,#15523,#15524,#15525));
#15522 = ORIENTED_EDGE('',*,*,#5934,.F.);
#15523 = ORIENTED_EDGE('',*,*,#6008,.T.);
#15524 = ORIENTED_EDGE('',*,*,#5983,.T.);
#15525 = ORIENTED_EDGE('',*,*,#5959,.F.);
#15526 = FACE_BOUND('',#15527,.F.);
#15527 = EDGE_LOOP('',(#15528,#15529,#15530,#15531));
#15528 = ORIENTED_EDGE('',*,*,#6032,.F.);
#15529 = ORIENTED_EDGE('',*,*,#6106,.T.);
#15530 = ORIENTED_EDGE('',*,*,#6081,.T.);
#15531 = ORIENTED_EDGE('',*,*,#6057,.F.);
#15532 = FACE_BOUND('',#15533,.F.);
#15533 = EDGE_LOOP('',(#15534,#15535,#15536,#15537));
#15534 = ORIENTED_EDGE('',*,*,#6130,.F.);
#15535 = ORIENTED_EDGE('',*,*,#6204,.T.);
#15536 = ORIENTED_EDGE('',*,*,#6179,.T.);
#15537 = ORIENTED_EDGE('',*,*,#6155,.F.);
#15538 = FACE_BOUND('',#15539,.F.);
#15539 = EDGE_LOOP('',(#15540,#15541,#15542,#15543));
#15540 = ORIENTED_EDGE('',*,*,#6228,.F.);
#15541 = ORIENTED_EDGE('',*,*,#6302,.T.);
#15542 = ORIENTED_EDGE('',*,*,#6277,.T.);
#15543 = ORIENTED_EDGE('',*,*,#6253,.F.);
#15544 = FACE_BOUND('',#15545,.F.);
#15545 = EDGE_LOOP('',(#15546,#15547,#15548,#15549));
#15546 = ORIENTED_EDGE('',*,*,#6326,.F.);
#15547 = ORIENTED_EDGE('',*,*,#6400,.T.);
#15548 = ORIENTED_EDGE('',*,*,#6375,.T.);
#15549 = ORIENTED_EDGE('',*,*,#6351,.F.);
#15550 = FACE_BOUND('',#15551,.F.);
#15551 = EDGE_LOOP('',(#15552,#15553,#15554,#15555));
#15552 = ORIENTED_EDGE('',*,*,#6424,.F.);
#15553 = ORIENTED_EDGE('',*,*,#6498,.T.);
#15554 = ORIENTED_EDGE('',*,*,#6473,.T.);
#15555 = ORIENTED_EDGE('',*,*,#6449,.F.);
#15556 = FACE_BOUND('',#15557,.F.);
#15557 = EDGE_LOOP('',(#15558,#15559,#15560,#15561));
#15558 = ORIENTED_EDGE('',*,*,#6522,.F.);
#15559 = ORIENTED_EDGE('',*,*,#6596,.T.);
#15560 = ORIENTED_EDGE('',*,*,#6571,.T.);
#15561 = ORIENTED_EDGE('',*,*,#6547,.F.);
#15562 = FACE_BOUND('',#15563,.F.);
#15563 = EDGE_LOOP('',(#15564,#15565,#15566,#15567));
#15564 = ORIENTED_EDGE('',*,*,#6620,.F.);
#15565 = ORIENTED_EDGE('',*,*,#6694,.T.);
#15566 = ORIENTED_EDGE('',*,*,#6669,.T.);
#15567 = ORIENTED_EDGE('',*,*,#6645,.F.);
#15568 = FACE_BOUND('',#15569,.F.);
#15569 = EDGE_LOOP('',(#15570,#15571,#15572,#15573));
#15570 = ORIENTED_EDGE('',*,*,#6718,.F.);
#15571 = ORIENTED_EDGE('',*,*,#6792,.T.);
#15572 = ORIENTED_EDGE('',*,*,#6767,.T.);
#15573 = ORIENTED_EDGE('',*,*,#6743,.F.);
#15574 = FACE_BOUND('',#15575,.F.);
#15575 = EDGE_LOOP('',(#15576,#15577,#15578,#15579));
#15576 = ORIENTED_EDGE('',*,*,#6816,.F.);
#15577 = ORIENTED_EDGE('',*,*,#6890,.T.);
#15578 = ORIENTED_EDGE('',*,*,#6865,.T.);
#15579 = ORIENTED_EDGE('',*,*,#6841,.F.);
#15580 = FACE_BOUND('',#15581,.F.);
#15581 = EDGE_LOOP('',(#15582,#15583,#15584,#15585));
#15582 = ORIENTED_EDGE('',*,*,#6914,.F.);
#15583 = ORIENTED_EDGE('',*,*,#6988,.T.);
#15584 = ORIENTED_EDGE('',*,*,#6963,.T.);
#15585 = ORIENTED_EDGE('',*,*,#6939,.F.);
#15586 = FACE_BOUND('',#15587,.F.);
#15587 = EDGE_LOOP('',(#15588,#15589,#15590,#15591));
#15588 = ORIENTED_EDGE('',*,*,#7012,.F.);
#15589 = ORIENTED_EDGE('',*,*,#7086,.T.);
#15590 = ORIENTED_EDGE('',*,*,#7061,.T.);
#15591 = ORIENTED_EDGE('',*,*,#7037,.F.);
#15592 = FACE_BOUND('',#15593,.F.);
#15593 = EDGE_LOOP('',(#15594,#15595,#15596,#15597));
#15594 = ORIENTED_EDGE('',*,*,#7110,.F.);
#15595 = ORIENTED_EDGE('',*,*,#7184,.T.);
#15596 = ORIENTED_EDGE('',*,*,#7159,.T.);
#15597 = ORIENTED_EDGE('',*,*,#7135,.F.);
#15598 = CYLINDRICAL_SURFACE('',#15599,81.204);
#15599 = AXIS2_PLACEMENT_3D('',#15600,#15601,#15602);
#15600 = CARTESIAN_POINT('',(0.,0.,7.99));
#15601 = DIRECTION('',(0.,0.,1.));
#15602 = DIRECTION('',(1.,0.,-0.));
#15603 = ADVANCED_FACE('',(#15604),#15832,.F.);
#15604 = FACE_BOUND('',#15605,.F.);
#15605 = EDGE_LOOP('',(#15606,#15607,#15614,#15615,#15616,#15624,#15632,
    #15638,#15639,#15647,#15655,#15661,#15662,#15670,#15678,#15684,
    #15685,#15693,#15701,#15709,#15717,#15725,#15733,#15739,#15740,
    #15748,#15756,#15762,#15763,#15771,#15779,#15785,#15786,#15794,
    #15802,#15808,#15809,#15817,#15825,#15831));
#15606 = ORIENTED_EDGE('',*,*,#3954,.F.);
#15607 = ORIENTED_EDGE('',*,*,#15608,.F.);
#15608 = EDGE_CURVE('',#3921,#3947,#15609,.T.);
#15609 = CIRCLE('',#15610,83.904);
#15610 = AXIS2_PLACEMENT_3D('',#15611,#15612,#15613);
#15611 = CARTESIAN_POINT('',(0.,0.,8.));
#15612 = DIRECTION('',(0.,0.,-1.));
#15613 = DIRECTION('',(9.418287798871E-02,0.995554913349,0.));
#15614 = ORIENTED_EDGE('',*,*,#3920,.F.);
#15615 = ORIENTED_EDGE('',*,*,#14913,.F.);
#15616 = ORIENTED_EDGE('',*,*,#15617,.F.);
#15617 = EDGE_CURVE('',#15618,#14906,#15620,.T.);
#15618 = VERTEX_POINT('',#15619);
#15619 = CARTESIAN_POINT('',(69.257739590804,43.450076211353,8.));
#15620 = LINE('',#15621,#15622);
#15621 = CARTESIAN_POINT('',(31.813399207376,21.831576211353,8.));
#15622 = VECTOR('',#15623,1.);
#15623 = DIRECTION('',(-0.866025403784,-0.5,0.));
#15624 = ORIENTED_EDGE('',*,*,#15625,.F.);
#15625 = EDGE_CURVE('',#15626,#15618,#15628,.T.);
#15626 = VERTEX_POINT('',#15627);
#15627 = CARTESIAN_POINT('',(72.257739590804,38.253923788647,8.));
#15628 = LINE('',#15629,#15630);
#15629 = CARTESIAN_POINT('',(71.507739590804,39.552961894323,8.));
#15630 = VECTOR('',#15631,1.);
#15631 = DIRECTION('',(-0.5,0.866025403784,0.));
#15632 = ORIENTED_EDGE('',*,*,#15633,.T.);
#15633 = EDGE_CURVE('',#15626,#14880,#15634,.T.);
#15634 = LINE('',#15635,#15636);
#15635 = CARTESIAN_POINT('',(34.813399207376,16.635423788647,8.));
#15636 = VECTOR('',#15637,1.);
#15637 = DIRECTION('',(-0.866025403784,-0.5,0.));
#15638 = ORIENTED_EDGE('',*,*,#14879,.T.);
#15639 = ORIENTED_EDGE('',*,*,#15640,.F.);
#15640 = EDGE_CURVE('',#15641,#14872,#15643,.T.);
#15641 = VERTEX_POINT('',#15642);
#15642 = CARTESIAN_POINT('',(64.838651814496,-49.83716331091,8.));
#15643 = LINE('',#15644,#15645);
#15644 = CARTESIAN_POINT('',(31.820604227182,-22.1317317582,8.));
#15645 = VECTOR('',#15646,1.);
#15646 = DIRECTION('',(-0.766044443119,0.642787609687,0.));
#15647 = ORIENTED_EDGE('',*,*,#15648,.F.);
#15648 = EDGE_CURVE('',#15649,#15641,#15651,.T.);
#15649 = VERTEX_POINT('',#15650);
#15650 = CARTESIAN_POINT('',(60.33913854669,-55.19947441274,8.));
#15651 = LINE('',#15652,#15653);
#15652 = CARTESIAN_POINT('',(61.464016863642,-53.85889663728,8.));
#15653 = VECTOR('',#15654,1.);
#15654 = DIRECTION('',(0.642787609687,0.766044443119,-0.));
#15655 = ORIENTED_EDGE('',*,*,#15656,.T.);
#15656 = EDGE_CURVE('',#15649,#14846,#15657,.T.);
#15657 = LINE('',#15658,#15659);
#15658 = CARTESIAN_POINT('',(27.321090959376,-27.49404286003,8.));
#15659 = VECTOR('',#15660,1.);
#15660 = DIRECTION('',(-0.766044443119,0.642787609687,0.));
#15661 = ORIENTED_EDGE('',*,*,#14845,.F.);
#15662 = ORIENTED_EDGE('',*,*,#15663,.F.);
#15663 = EDGE_CURVE('',#15664,#14838,#15666,.T.);
#15664 = VERTEX_POINT('',#15665);
#15665 = CARTESIAN_POINT('',(3.,-81.704,8.));
#15666 = LINE('',#15667,#15668);
#15667 = CARTESIAN_POINT('',(3.,-38.467,8.));
#15668 = VECTOR('',#15669,1.);
#15669 = DIRECTION('',(2.22044604925E-16,1.,-0.));
#15670 = ORIENTED_EDGE('',*,*,#15671,.F.);
#15671 = EDGE_CURVE('',#15672,#15664,#15674,.T.);
#15672 = VERTEX_POINT('',#15673);
#15673 = CARTESIAN_POINT('',(-3.,-81.704,8.));
#15674 = LINE('',#15675,#15676);
#15675 = CARTESIAN_POINT('',(-1.5,-81.704,8.));
#15676 = VECTOR('',#15677,1.);
#15677 = DIRECTION('',(1.,-2.22044604925E-16,0.));
#15678 = ORIENTED_EDGE('',*,*,#15679,.T.);
#15679 = EDGE_CURVE('',#15672,#14812,#15680,.T.);
#15680 = LINE('',#15681,#15682);
#15681 = CARTESIAN_POINT('',(-3.,-38.467,8.));
#15682 = VECTOR('',#15683,1.);
#15683 = DIRECTION('',(2.22044604925E-16,1.,-0.));
#15684 = ORIENTED_EDGE('',*,*,#14811,.F.);
#15685 = ORIENTED_EDGE('',*,*,#15686,.F.);
#15686 = EDGE_CURVE('',#15687,#14804,#15689,.T.);
#15687 = VERTEX_POINT('',#15688);
#15688 = CARTESIAN_POINT('',(-10.99902262342,-79.40230549127,8.));
#15689 = LINE('',#15690,#15691);
#15690 = CARTESIAN_POINT('',(-10.99902262342,-79.40230549127,8.));
#15691 = VECTOR('',#15692,1.);
#15692 = DIRECTION('',(-0.207911690818,-0.978147600734,0.));
#15693 = ORIENTED_EDGE('',*,*,#15694,.F.);
#15694 = EDGE_CURVE('',#15695,#15687,#15697,.T.);
#15695 = VERTEX_POINT('',#15696);
#15696 = CARTESIAN_POINT('',(-18.84740415964,-77.73408049725,8.));
#15697 = LINE('',#15698,#15699);
#15698 = CARTESIAN_POINT('',(-22.24772003186,-77.01132104686,8.));
#15699 = VECTOR('',#15700,1.);
#15700 = DIRECTION('',(0.978147600734,-0.207911690818,0.));
#15701 = ORIENTED_EDGE('',*,*,#15702,.F.);
#15702 = EDGE_CURVE('',#15703,#15695,#15705,.T.);
#15703 = VERTEX_POINT('',#15704);
#15704 = CARTESIAN_POINT('',(-19.41879510865,-79.54630106125,8.));
#15705 = LINE('',#15706,#15707);
#15706 = CARTESIAN_POINT('',(-6.276748847122,-37.86505544575,8.));
#15707 = VECTOR('',#15708,1.);
#15708 = DIRECTION('',(0.300705799504,0.953716950748,-0.));
#15709 = ORIENTED_EDGE('',*,*,#15710,.F.);
#15710 = EDGE_CURVE('',#15711,#15703,#15713,.T.);
#15711 = VERTEX_POINT('',#15712);
#15712 = CARTESIAN_POINT('',(-20.84937053477,-79.095242362,8.));
#15713 = LINE('',#15714,#15715);
#15714 = CARTESIAN_POINT('',(-22.70911858873,-78.50886605296,8.));
#15715 = VECTOR('',#15716,1.);
#15716 = DIRECTION('',(0.953716950748,-0.300705799504,0.));
#15717 = ORIENTED_EDGE('',*,*,#15718,.T.);
#15718 = EDGE_CURVE('',#15711,#15719,#15721,.T.);
#15719 = VERTEX_POINT('',#15720);
#15720 = CARTESIAN_POINT('',(-20.3214115986,-77.42077054415,8.));
#15721 = LINE('',#15722,#15723);
#15722 = CARTESIAN_POINT('',(-7.707324273244,-37.41399674649,8.));
#15723 = VECTOR('',#15724,1.);
#15724 = DIRECTION('',(0.300705799504,0.953716950748,-0.));
#15725 = ORIENTED_EDGE('',*,*,#15726,.F.);
#15726 = EDGE_CURVE('',#15727,#15719,#15729,.T.);
#15727 = VERTEX_POINT('',#15728);
#15728 = CARTESIAN_POINT('',(-22.24772003186,-77.01132104686,8.));
#15729 = LINE('',#15730,#15731);
#15730 = CARTESIAN_POINT('',(-22.24772003186,-77.01132104686,8.));
#15731 = VECTOR('',#15732,1.);
#15732 = DIRECTION('',(0.978147600734,-0.207911690818,0.));
#15733 = ORIENTED_EDGE('',*,*,#15734,.T.);
#15734 = EDGE_CURVE('',#15727,#14778,#15735,.T.);
#15735 = LINE('',#15736,#15737);
#15736 = CARTESIAN_POINT('',(-22.24772003186,-77.01132104686,8.));
#15737 = VECTOR('',#15738,1.);
#15738 = DIRECTION('',(-0.207911690818,-0.978147600734,0.));
#15739 = ORIENTED_EDGE('',*,*,#14777,.F.);
#15740 = ORIENTED_EDGE('',*,*,#15741,.F.);
#15741 = EDGE_CURVE('',#15742,#14770,#15744,.T.);
#15742 = VERTEX_POINT('',#15743);
#15743 = CARTESIAN_POINT('',(-28.28836275061,-76.74973712586,8.));
#15744 = LINE('',#15745,#15746);
#15745 = CARTESIAN_POINT('',(-15.14631648908,-35.06849151036,8.));
#15746 = VECTOR('',#15747,1.);
#15747 = DIRECTION('',(0.300705799504,0.953716950748,-0.));
#15748 = ORIENTED_EDGE('',*,*,#15749,.F.);
#15749 = EDGE_CURVE('',#15750,#15742,#15752,.T.);
#15750 = VERTEX_POINT('',#15751);
#15751 = CARTESIAN_POINT('',(-29.71893817673,-76.29867842661,8.));
#15752 = LINE('',#15753,#15754);
#15753 = CARTESIAN_POINT('',(-27.14390240971,-77.11058408527,8.));
#15754 = VECTOR('',#15755,1.);
#15755 = DIRECTION('',(0.953716950748,-0.300705799504,0.));
#15756 = ORIENTED_EDGE('',*,*,#15757,.T.);
#15757 = EDGE_CURVE('',#15750,#14744,#15758,.T.);
#15758 = LINE('',#15759,#15760);
#15759 = CARTESIAN_POINT('',(-16.5768919152,-34.61743281111,8.));
#15760 = VECTOR('',#15761,1.);
#15761 = DIRECTION('',(0.300705799504,0.953716950748,-0.));
#15762 = ORIENTED_EDGE('',*,*,#14743,.F.);
#15763 = ORIENTED_EDGE('',*,*,#15764,.F.);
#15764 = EDGE_CURVE('',#15765,#14736,#15767,.T.);
#15765 = VERTEX_POINT('',#15766);
#15766 = CARTESIAN_POINT('',(-37.82091108675,-72.5077395908,8.));
#15767 = LINE('',#15768,#15769);
#15768 = CARTESIAN_POINT('',(-16.26991108675,-35.18031263688,8.));
#15769 = VECTOR('',#15770,1.);
#15770 = DIRECTION('',(0.5,0.866025403784,-0.));
#15771 = ORIENTED_EDGE('',*,*,#15772,.F.);
#15772 = EDGE_CURVE('',#15773,#15765,#15775,.T.);
#15773 = VERTEX_POINT('',#15774);
#15774 = CARTESIAN_POINT('',(-43.88308891324,-69.0077395908,8.));
#15775 = LINE('',#15776,#15777);
#15776 = CARTESIAN_POINT('',(-42.36754445662,-69.8827395908,8.));
#15777 = VECTOR('',#15778,1.);
#15778 = DIRECTION('',(0.866025403784,-0.5,0.));
#15779 = ORIENTED_EDGE('',*,*,#15780,.T.);
#15780 = EDGE_CURVE('',#15773,#14710,#15781,.T.);
#15781 = LINE('',#15782,#15783);
#15782 = CARTESIAN_POINT('',(-22.33208891324,-31.68031263688,8.));
#15783 = VECTOR('',#15784,1.);
#15784 = DIRECTION('',(0.5,0.866025403784,-0.));
#15785 = ORIENTED_EDGE('',*,*,#14709,.F.);
#15786 = ORIENTED_EDGE('',*,*,#15787,.F.);
#15787 = EDGE_CURVE('',#15788,#14702,#15790,.T.);
#15788 = VERTEX_POINT('',#15789);
#15789 = CARTESIAN_POINT('',(-77.97371639033,24.65548961753,8.));
#15790 = LINE('',#15791,#15792);
#15791 = CARTESIAN_POINT('',(-37.47108504921,9.913737399907,8.));
#15792 = VECTOR('',#15793,1.);
#15793 = DIRECTION('',(0.939692620786,-0.342020143326,0.));
#15794 = ORIENTED_EDGE('',*,*,#15795,.F.);
#15795 = EDGE_CURVE('',#15796,#15788,#15798,.T.);
#15796 = VERTEX_POINT('',#15797);
#15797 = CARTESIAN_POINT('',(-75.57957538705,31.233337963031,8.));
#15798 = LINE('',#15799,#15800);
#15799 = CARTESIAN_POINT('',(-76.17811063787,29.588875876656,8.));
#15800 = VECTOR('',#15801,1.);
#15801 = DIRECTION('',(-0.342020143326,-0.939692620786,0.));
#15802 = ORIENTED_EDGE('',*,*,#15803,.T.);
#15803 = EDGE_CURVE('',#15796,#14676,#15804,.T.);
#15804 = LINE('',#15805,#15806);
#15805 = CARTESIAN_POINT('',(-35.07694404593,16.491585745408,8.));
#15806 = VECTOR('',#15807,1.);
#15807 = DIRECTION('',(0.939692620786,-0.342020143326,0.));
#15808 = ORIENTED_EDGE('',*,*,#14675,.F.);
#15809 = ORIENTED_EDGE('',*,*,#15810,.F.);
#15810 = EDGE_CURVE('',#15811,#14666,#15813,.T.);
#15811 = VERTEX_POINT('',#15812);
#15812 = CARTESIAN_POINT('',(-72.2577395908,38.253923788647,8.));
#15813 = LINE('',#15814,#15815);
#15814 = CARTESIAN_POINT('',(-34.81339920737,16.635423788647,8.));
#15815 = VECTOR('',#15816,1.);
#15816 = DIRECTION('',(0.866025403784,-0.5,0.));
#15817 = ORIENTED_EDGE('',*,*,#15818,.F.);
#15818 = EDGE_CURVE('',#15819,#15811,#15821,.T.);
#15819 = VERTEX_POINT('',#15820);
#15820 = CARTESIAN_POINT('',(-69.2577395908,43.450076211353,8.));
#15821 = LINE('',#15822,#15823);
#15822 = CARTESIAN_POINT('',(-70.0077395908,42.151038105677,8.));
#15823 = VECTOR('',#15824,1.);
#15824 = DIRECTION('',(-0.5,-0.866025403784,0.));
#15825 = ORIENTED_EDGE('',*,*,#15826,.T.);
#15826 = EDGE_CURVE('',#15819,#14970,#15827,.T.);
#15827 = LINE('',#15828,#15829);
#15828 = CARTESIAN_POINT('',(-31.81339920737,21.831576211353,8.));
#15829 = VECTOR('',#15830,1.);
#15830 = DIRECTION('',(0.866025403784,-0.5,0.));
#15831 = ORIENTED_EDGE('',*,*,#14969,.F.);
#15832 = PLANE('',#15833);
#15833 = AXIS2_PLACEMENT_3D('',#15834,#15835,#15836);
#15834 = CARTESIAN_POINT('',(0.,0.,8.));
#15835 = DIRECTION('',(0.,0.,1.));
#15836 = DIRECTION('',(1.,0.,-0.));
#15837 = ADVANCED_FACE('',(#15838),#15850,.T.);
#15838 = FACE_BOUND('',#15839,.T.);
#15839 = EDGE_LOOP('',(#15840,#15841,#15842,#15849));
#15840 = ORIENTED_EDGE('',*,*,#15608,.F.);
#15841 = ORIENTED_EDGE('',*,*,#3929,.T.);
#15842 = ORIENTED_EDGE('',*,*,#15843,.T.);
#15843 = EDGE_CURVE('',#3930,#3938,#15844,.T.);
#15844 = CIRCLE('',#15845,83.904);
#15845 = AXIS2_PLACEMENT_3D('',#15846,#15847,#15848);
#15846 = CARTESIAN_POINT('',(0.,0.,13.5));
#15847 = DIRECTION('',(0.,0.,-1.));
#15848 = DIRECTION('',(9.418287798866E-02,0.995554913349,0.));
#15849 = ORIENTED_EDGE('',*,*,#3946,.F.);
#15850 = CYLINDRICAL_SURFACE('',#15851,83.904);
#15851 = AXIS2_PLACEMENT_3D('',#15852,#15853,#15854);
#15852 = CARTESIAN_POINT('',(0.,0.,8.));
#15853 = DIRECTION('',(0.,0.,1.));
#15854 = DIRECTION('',(1.,0.,-0.));
#15855 = ADVANCED_FACE('',(#15856,#15867),#15871,.F.);
#15856 = FACE_BOUND('',#15857,.F.);
#15857 = EDGE_LOOP('',(#15858));
#15858 = ORIENTED_EDGE('',*,*,#15859,.T.);
#15859 = EDGE_CURVE('',#15860,#15860,#15862,.T.);
#15860 = VERTEX_POINT('',#15861);
#15861 = CARTESIAN_POINT('',(86.704,-2.123635521465E-14,13.5));
#15862 = CIRCLE('',#15863,86.704);
#15863 = AXIS2_PLACEMENT_3D('',#15864,#15865,#15866);
#15864 = CARTESIAN_POINT('',(0.,0.,13.5));
#15865 = DIRECTION('',(0.,0.,1.));
#15866 = DIRECTION('',(1.,0.,-0.));
#15867 = FACE_BOUND('',#15868,.F.);
#15868 = EDGE_LOOP('',(#15869,#15870));
#15869 = ORIENTED_EDGE('',*,*,#15843,.T.);
#15870 = ORIENTED_EDGE('',*,*,#3937,.T.);
#15871 = PLANE('',#15872);
#15872 = AXIS2_PLACEMENT_3D('',#15873,#15874,#15875);
#15873 = CARTESIAN_POINT('',(0.,0.,13.5));
#15874 = DIRECTION('',(0.,0.,1.));
#15875 = DIRECTION('',(1.,0.,-0.));
#15876 = ADVANCED_FACE('',(#15877),#15882,.F.);
#15877 = FACE_BOUND('',#15878,.F.);
#15878 = EDGE_LOOP('',(#15879,#15880,#15881));
#15879 = ORIENTED_EDGE('',*,*,#4022,.F.);
#15880 = ORIENTED_EDGE('',*,*,#3971,.T.);
#15881 = ORIENTED_EDGE('',*,*,#14961,.F.);
#15882 = PLANE('',#15883);
#15883 = AXIS2_PLACEMENT_3D('',#15884,#15885,#15886);
#15884 = CARTESIAN_POINT('',(4.023209664559E-15,65.704,18.8));
#15885 = DIRECTION('',(0.,0.,1.));
#15886 = DIRECTION('',(2.22044604925E-16,1.,0.));
#15887 = ADVANCED_FACE('',(#15888),#15899,.T.);
#15888 = FACE_BOUND('',#15889,.T.);
#15889 = EDGE_LOOP('',(#15890,#15891,#15897,#15898));
#15890 = ORIENTED_EDGE('',*,*,#4124,.F.);
#15891 = ORIENTED_EDGE('',*,*,#15892,.T.);
#15892 = EDGE_CURVE('',#4117,#4039,#15893,.T.);
#15893 = LINE('',#15894,#15895);
#15894 = CARTESIAN_POINT('',(5.9160797831,80.204,24.));
#15895 = VECTOR('',#15896,1.);
#15896 = DIRECTION('',(-1.,2.22044604925E-16,0.));
#15897 = ORIENTED_EDGE('',*,*,#4046,.T.);
#15898 = ORIENTED_EDGE('',*,*,#4070,.F.);
#15899 = PLANE('',#15900);
#15900 = AXIS2_PLACEMENT_3D('',#15901,#15902,#15903);
#15901 = CARTESIAN_POINT('',(11.832159566199,80.204,18.7));
#15902 = DIRECTION('',(2.22044604925E-16,1.,0.));
#15903 = DIRECTION('',(0.,0.,1.));
#15904 = ADVANCED_FACE('',(#15905),#15921,.F.);
#15905 = FACE_BOUND('',#15906,.F.);
#15906 = EDGE_LOOP('',(#15907,#15908,#15909,#15910,#15917,#15918,#15919,
    #15920));
#15907 = ORIENTED_EDGE('',*,*,#4038,.F.);
#15908 = ORIENTED_EDGE('',*,*,#14953,.T.);
#15909 = ORIENTED_EDGE('',*,*,#4493,.T.);
#15910 = ORIENTED_EDGE('',*,*,#15911,.F.);
#15911 = EDGE_CURVE('',#4411,#4494,#15912,.T.);
#15912 = CIRCLE('',#15913,62.);
#15913 = AXIS2_PLACEMENT_3D('',#15914,#15915,#15916);
#15914 = CARTESIAN_POINT('',(0.,0.,24.));
#15915 = DIRECTION('',(0.,-0.,1.));
#15916 = DIRECTION('',(0.798203999142,0.602387230736,0.));
#15917 = ORIENTED_EDGE('',*,*,#4410,.T.);
#15918 = ORIENTED_EDGE('',*,*,#14923,.T.);
#15919 = ORIENTED_EDGE('',*,*,#4116,.T.);
#15920 = ORIENTED_EDGE('',*,*,#15892,.T.);
#15921 = PLANE('',#15922);
#15922 = AXIS2_PLACEMENT_3D('',#15923,#15924,#15925);
#15923 = CARTESIAN_POINT('',(0.,0.,24.));
#15924 = DIRECTION('',(0.,0.,1.));
#15925 = DIRECTION('',(1.,0.,-0.));
#15926 = ADVANCED_FACE('',(#15927),#15938,.T.);
#15927 = FACE_BOUND('',#15928,.T.);
#15928 = EDGE_LOOP('',(#15929,#15930,#15936,#15937));
#15929 = ORIENTED_EDGE('',*,*,#4151,.F.);
#15930 = ORIENTED_EDGE('',*,*,#15931,.F.);
#15931 = EDGE_CURVE('',#15860,#4152,#15932,.T.);
#15932 = LINE('',#15933,#15934);
#15933 = CARTESIAN_POINT('',(86.704,-2.123635521465E-14,13.5));
#15934 = VECTOR('',#15935,1.);
#15935 = DIRECTION('',(0.,0.,1.));
#15936 = ORIENTED_EDGE('',*,*,#15859,.T.);
#15937 = ORIENTED_EDGE('',*,*,#15931,.T.);
#15938 = CYLINDRICAL_SURFACE('',#15939,86.704);
#15939 = AXIS2_PLACEMENT_3D('',#15940,#15941,#15942);
#15940 = CARTESIAN_POINT('',(0.,0.,13.5));
#15941 = DIRECTION('',(0.,0.,1.));
#15942 = DIRECTION('',(1.,0.,-0.));
#15943 = ADVANCED_FACE('',(#15944),#15957,.F.);
#15944 = FACE_BOUND('',#15945,.F.);
#15945 = EDGE_LOOP('',(#15946,#15947,#15954,#15955,#15956));
#15946 = ORIENTED_EDGE('',*,*,#4734,.F.);
#15947 = ORIENTED_EDGE('',*,*,#15948,.T.);
#15948 = EDGE_CURVE('',#4727,#4353,#15949,.T.);
#15949 = CIRCLE('',#15950,62.);
#15950 = AXIS2_PLACEMENT_3D('',#15951,#15952,#15953);
#15951 = CARTESIAN_POINT('',(0.,0.,24.));
#15952 = DIRECTION('',(0.,-0.,1.));
#15953 = DIRECTION('',(0.798203999142,0.602387230736,0.));
#15954 = ORIENTED_EDGE('',*,*,#4360,.T.);
#15955 = ORIENTED_EDGE('',*,*,#4191,.T.);
#15956 = ORIENTED_EDGE('',*,*,#4200,.T.);
#15957 = CYLINDRICAL_SURFACE('',#15958,62.);
#15958 = AXIS2_PLACEMENT_3D('',#15959,#15960,#15961);
#15959 = CARTESIAN_POINT('',(0.,0.,23.99));
#15960 = DIRECTION('',(0.,0.,1.));
#15961 = DIRECTION('',(1.,0.,-0.));
#15962 = ADVANCED_FACE('',(#15963),#15988,.T.);
#15963 = FACE_BOUND('',#15964,.T.);
#15964 = EDGE_LOOP('',(#15965,#15973,#15974,#15982));
#15965 = ORIENTED_EDGE('',*,*,#15966,.F.);
#15966 = EDGE_CURVE('',#4210,#15967,#15969,.T.);
#15967 = VERTEX_POINT('',#15968);
#15968 = CARTESIAN_POINT('',(46.802090749523,-65.42204751819,26.9));
#15969 = LINE('',#15970,#15971);
#15970 = CARTESIAN_POINT('',(46.802090749523,-65.42204751819,25.99));
#15971 = VECTOR('',#15972,1.);
#15972 = DIRECTION('',(0.,0.,1.));
#15973 = ORIENTED_EDGE('',*,*,#4209,.T.);
#15974 = ORIENTED_EDGE('',*,*,#15975,.T.);
#15975 = EDGE_CURVE('',#4212,#15976,#15978,.T.);
#15976 = VERTEX_POINT('',#15977);
#15977 = CARTESIAN_POINT('',(56.301041844198,-57.45148115808,26.9));
#15978 = LINE('',#15979,#15980);
#15979 = CARTESIAN_POINT('',(56.301041844198,-57.45148115808,25.99));
#15980 = VECTOR('',#15981,1.);
#15981 = DIRECTION('',(0.,0.,1.));
#15982 = ORIENTED_EDGE('',*,*,#15983,.F.);
#15983 = EDGE_CURVE('',#15967,#15976,#15984,.T.);
#15984 = LINE('',#15985,#15986);
#15985 = CARTESIAN_POINT('',(46.802090749523,-65.42204751819,26.9));
#15986 = VECTOR('',#15987,1.);
#15987 = DIRECTION('',(0.766044443119,0.642787609687,0.));
#15988 = PLANE('',#15989);
#15989 = AXIS2_PLACEMENT_3D('',#15990,#15991,#15992);
#15990 = CARTESIAN_POINT('',(46.802090749523,-65.42204751819,25.99));
#15991 = DIRECTION('',(0.642787609687,-0.766044443119,0.));
#15992 = DIRECTION('',(0.,0.,1.));
#15993 = ADVANCED_FACE('',(#15994),#16012,.F.);
#15994 = FACE_BOUND('',#15995,.F.);
#15995 = EDGE_LOOP('',(#15996,#15997,#15998,#16006));
#15996 = ORIENTED_EDGE('',*,*,#15966,.F.);
#15997 = ORIENTED_EDGE('',*,*,#4219,.T.);
#15998 = ORIENTED_EDGE('',*,*,#15999,.T.);
#15999 = EDGE_CURVE('',#4220,#16000,#16002,.T.);
#16000 = VERTEX_POINT('',#16001);
#16001 = CARTESIAN_POINT('',(44.537156269353,-62.72280371446,26.9));
#16002 = LINE('',#16003,#16004);
#16003 = CARTESIAN_POINT('',(44.537156269354,-62.72280371446,23.9));
#16004 = VECTOR('',#16005,1.);
#16005 = DIRECTION('',(0.,0.,1.));
#16006 = ORIENTED_EDGE('',*,*,#16007,.T.);
#16007 = EDGE_CURVE('',#16000,#15967,#16008,.T.);
#16008 = LINE('',#16009,#16010);
#16009 = CARTESIAN_POINT('',(41.402674828156,-58.98727419599,26.9));
#16010 = VECTOR('',#16011,1.);
#16011 = DIRECTION('',(0.642787609687,-0.766044443119,0.));
#16012 = PLANE('',#16013);
#16013 = AXIS2_PLACEMENT_3D('',#16014,#16015,#16016);
#16014 = CARTESIAN_POINT('',(41.402674828156,-58.98727419599,25.99));
#16015 = DIRECTION('',(0.766044443119,0.642787609687,0.));
#16016 = DIRECTION('',(0.,0.,1.));
#16017 = ADVANCED_FACE('',(#16018),#16062,.F.);
#16018 = FACE_BOUND('',#16019,.F.);
#16019 = EDGE_LOOP('',(#16020,#16031,#16039,#16046,#16047,#16054,#16055,
    #16056));
#16020 = ORIENTED_EDGE('',*,*,#16021,.F.);
#16021 = EDGE_CURVE('',#16022,#16024,#16026,.T.);
#16022 = VERTEX_POINT('',#16023);
#16023 = CARTESIAN_POINT('',(46.24160740686,-62.49828993204,26.9));
#16024 = VERTEX_POINT('',#16025);
#16025 = CARTESIAN_POINT('',(43.667609308325,-61.68651799973,26.9));
#16026 = CIRCLE('',#16027,1.6);
#16027 = AXIS2_PLACEMENT_3D('',#16028,#16029,#16030);
#16028 = CARTESIAN_POINT('',(45.213147231362,-61.27261882305,26.9));
#16029 = DIRECTION('',(0.,0.,1.));
#16030 = DIRECTION('',(0.642787609687,-0.766044443119,0.));
#16031 = ORIENTED_EDGE('',*,*,#16032,.F.);
#16032 = EDGE_CURVE('',#16033,#16022,#16035,.T.);
#16033 = VERTEX_POINT('',#16034);
#16034 = CARTESIAN_POINT('',(46.24160740686,-62.49828993204,24.));
#16035 = LINE('',#16036,#16037);
#16036 = CARTESIAN_POINT('',(46.24160740686,-62.49828993204,23.9));
#16037 = VECTOR('',#16038,1.);
#16038 = DIRECTION('',(0.,0.,1.));
#16039 = ORIENTED_EDGE('',*,*,#16040,.T.);
#16040 = EDGE_CURVE('',#16033,#16033,#16041,.T.);
#16041 = CIRCLE('',#16042,1.6);
#16042 = AXIS2_PLACEMENT_3D('',#16043,#16044,#16045);
#16043 = CARTESIAN_POINT('',(45.213147231362,-61.27261882305,24.));
#16044 = DIRECTION('',(0.,0.,1.));
#16045 = DIRECTION('',(0.642787609687,-0.766044443119,0.));
#16046 = ORIENTED_EDGE('',*,*,#16032,.T.);
#16047 = ORIENTED_EDGE('',*,*,#16048,.F.);
#16048 = EDGE_CURVE('',#16000,#16022,#16049,.T.);
#16049 = CIRCLE('',#16050,1.6);
#16050 = AXIS2_PLACEMENT_3D('',#16051,#16052,#16053);
#16051 = CARTESIAN_POINT('',(45.213147231362,-61.27261882305,26.9));
#16052 = DIRECTION('',(0.,0.,1.));
#16053 = DIRECTION('',(0.642787609687,-0.766044443119,0.));
#16054 = ORIENTED_EDGE('',*,*,#15999,.F.);
#16055 = ORIENTED_EDGE('',*,*,#4227,.F.);
#16056 = ORIENTED_EDGE('',*,*,#16057,.T.);
#16057 = EDGE_CURVE('',#4228,#16024,#16058,.T.);
#16058 = LINE('',#16059,#16060);
#16059 = CARTESIAN_POINT('',(43.667609308325,-61.68651799973,23.9));
#16060 = VECTOR('',#16061,1.);
#16061 = DIRECTION('',(0.,0.,1.));
#16062 = CYLINDRICAL_SURFACE('',#16063,1.6);
#16063 = AXIS2_PLACEMENT_3D('',#16064,#16065,#16066);
#16064 = CARTESIAN_POINT('',(45.213147231362,-61.27261882305,23.9));
#16065 = DIRECTION('',(0.,0.,1.));
#16066 = DIRECTION('',(0.642787609687,-0.766044443119,0.));
#16067 = ADVANCED_FACE('',(#16068),#16086,.F.);
#16068 = FACE_BOUND('',#16069,.F.);
#16069 = EDGE_LOOP('',(#16070,#16071,#16072,#16080));
#16070 = ORIENTED_EDGE('',*,*,#16057,.F.);
#16071 = ORIENTED_EDGE('',*,*,#4236,.T.);
#16072 = ORIENTED_EDGE('',*,*,#16073,.T.);
#16073 = EDGE_CURVE('',#4237,#16074,#16076,.T.);
#16074 = VERTEX_POINT('',#16075);
#16075 = CARTESIAN_POINT('',(41.402674828156,-58.98727419599,26.9));
#16076 = LINE('',#16077,#16078);
#16077 = CARTESIAN_POINT('',(41.402674828156,-58.98727419599,25.99));
#16078 = VECTOR('',#16079,1.);
#16079 = DIRECTION('',(0.,0.,1.));
#16080 = ORIENTED_EDGE('',*,*,#16081,.T.);
#16081 = EDGE_CURVE('',#16074,#16024,#16082,.T.);
#16082 = LINE('',#16083,#16084);
#16083 = CARTESIAN_POINT('',(41.402674828156,-58.98727419599,26.9));
#16084 = VECTOR('',#16085,1.);
#16085 = DIRECTION('',(0.642787609687,-0.766044443119,0.));
#16086 = PLANE('',#16087);
#16087 = AXIS2_PLACEMENT_3D('',#16088,#16089,#16090);
#16088 = CARTESIAN_POINT('',(41.402674828156,-58.98727419599,25.99));
#16089 = DIRECTION('',(0.766044443119,0.642787609687,0.));
#16090 = DIRECTION('',(0.,0.,1.));
#16091 = ADVANCED_FACE('',(#16092),#16110,.F.);
#16092 = FACE_BOUND('',#16093,.F.);
#16093 = EDGE_LOOP('',(#16094,#16095,#16096,#16104));
#16094 = ORIENTED_EDGE('',*,*,#16073,.F.);
#16095 = ORIENTED_EDGE('',*,*,#4244,.T.);
#16096 = ORIENTED_EDGE('',*,*,#16097,.T.);
#16097 = EDGE_CURVE('',#4245,#16098,#16100,.T.);
#16098 = VERTEX_POINT('',#16099);
#16099 = CARTESIAN_POINT('',(50.901625922831,-51.01670783588,26.9));
#16100 = LINE('',#16101,#16102);
#16101 = CARTESIAN_POINT('',(50.901625922831,-51.01670783588,25.99));
#16102 = VECTOR('',#16103,1.);
#16103 = DIRECTION('',(0.,0.,1.));
#16104 = ORIENTED_EDGE('',*,*,#16105,.F.);
#16105 = EDGE_CURVE('',#16074,#16098,#16106,.T.);
#16106 = LINE('',#16107,#16108);
#16107 = CARTESIAN_POINT('',(41.402674828156,-58.98727419599,26.9));
#16108 = VECTOR('',#16109,1.);
#16109 = DIRECTION('',(0.766044443119,0.642787609687,0.));
#16110 = PLANE('',#16111);
#16111 = AXIS2_PLACEMENT_3D('',#16112,#16113,#16114);
#16112 = CARTESIAN_POINT('',(41.402674828156,-58.98727419599,25.99));
#16113 = DIRECTION('',(0.642787609687,-0.766044443119,0.));
#16114 = DIRECTION('',(0.,0.,1.));
#16115 = ADVANCED_FACE('',(#16116),#16134,.T.);
#16116 = FACE_BOUND('',#16117,.T.);
#16117 = EDGE_LOOP('',(#16118,#16126,#16127,#16128));
#16118 = ORIENTED_EDGE('',*,*,#16119,.F.);
#16119 = EDGE_CURVE('',#4253,#16120,#16122,.T.);
#16120 = VERTEX_POINT('',#16121);
#16121 = CARTESIAN_POINT('',(53.166560403,-53.71595163961,26.9));
#16122 = LINE('',#16123,#16124);
#16123 = CARTESIAN_POINT('',(53.166560403,-53.71595163961,23.9));
#16124 = VECTOR('',#16125,1.);
#16125 = DIRECTION('',(0.,0.,1.));
#16126 = ORIENTED_EDGE('',*,*,#4252,.T.);
#16127 = ORIENTED_EDGE('',*,*,#16097,.T.);
#16128 = ORIENTED_EDGE('',*,*,#16129,.T.);
#16129 = EDGE_CURVE('',#16098,#16120,#16130,.T.);
#16130 = LINE('',#16131,#16132);
#16131 = CARTESIAN_POINT('',(50.901625922831,-51.01670783588,26.9));
#16132 = VECTOR('',#16133,1.);
#16133 = DIRECTION('',(0.642787609687,-0.766044443119,0.));
#16134 = PLANE('',#16135);
#16135 = AXIS2_PLACEMENT_3D('',#16136,#16137,#16138);
#16136 = CARTESIAN_POINT('',(50.901625922831,-51.01670783588,25.99));
#16137 = DIRECTION('',(0.766044443119,0.642787609687,0.));
#16138 = DIRECTION('',(0.,0.,1.));
#16139 = ADVANCED_FACE('',(#16140),#16184,.F.);
#16140 = FACE_BOUND('',#16141,.F.);
#16141 = EDGE_LOOP('',(#16142,#16153,#16161,#16168,#16169,#16176,#16177,
    #16178));
#16142 = ORIENTED_EDGE('',*,*,#16143,.F.);
#16143 = EDGE_CURVE('',#16144,#16146,#16148,.T.);
#16144 = VERTEX_POINT('',#16145);
#16145 = CARTESIAN_POINT('',(53.519029616491,-56.39180764002,26.9));
#16146 = VERTEX_POINT('',#16147);
#16147 = CARTESIAN_POINT('',(54.03610736403,-54.75223735435,26.9));
#16148 = CIRCLE('',#16149,1.6);
#16149 = AXIS2_PLACEMENT_3D('',#16150,#16151,#16152);
#16150 = CARTESIAN_POINT('',(52.490569440992,-55.16613653103,26.9));
#16151 = DIRECTION('',(0.,0.,1.));
#16152 = DIRECTION('',(0.642787609687,-0.766044443119,0.));
#16153 = ORIENTED_EDGE('',*,*,#16154,.F.);
#16154 = EDGE_CURVE('',#16155,#16144,#16157,.T.);
#16155 = VERTEX_POINT('',#16156);
#16156 = CARTESIAN_POINT('',(53.519029616491,-56.39180764002,24.));
#16157 = LINE('',#16158,#16159);
#16158 = CARTESIAN_POINT('',(53.519029616491,-56.39180764002,23.9));
#16159 = VECTOR('',#16160,1.);
#16160 = DIRECTION('',(0.,0.,1.));
#16161 = ORIENTED_EDGE('',*,*,#16162,.T.);
#16162 = EDGE_CURVE('',#16155,#16155,#16163,.T.);
#16163 = CIRCLE('',#16164,1.6);
#16164 = AXIS2_PLACEMENT_3D('',#16165,#16166,#16167);
#16165 = CARTESIAN_POINT('',(52.490569440992,-55.16613653103,24.));
#16166 = DIRECTION('',(0.,0.,1.));
#16167 = DIRECTION('',(0.642787609687,-0.766044443119,0.));
#16168 = ORIENTED_EDGE('',*,*,#16154,.T.);
#16169 = ORIENTED_EDGE('',*,*,#16170,.F.);
#16170 = EDGE_CURVE('',#16120,#16144,#16171,.T.);
#16171 = CIRCLE('',#16172,1.6);
#16172 = AXIS2_PLACEMENT_3D('',#16173,#16174,#16175);
#16173 = CARTESIAN_POINT('',(52.490569440992,-55.16613653103,26.9));
#16174 = DIRECTION('',(0.,0.,1.));
#16175 = DIRECTION('',(0.642787609687,-0.766044443119,0.));
#16176 = ORIENTED_EDGE('',*,*,#16119,.F.);
#16177 = ORIENTED_EDGE('',*,*,#4260,.F.);
#16178 = ORIENTED_EDGE('',*,*,#16179,.T.);
#16179 = EDGE_CURVE('',#4261,#16146,#16180,.T.);
#16180 = LINE('',#16181,#16182);
#16181 = CARTESIAN_POINT('',(54.036107364029,-54.75223735435,23.9));
#16182 = VECTOR('',#16183,1.);
#16183 = DIRECTION('',(0.,0.,1.));
#16184 = CYLINDRICAL_SURFACE('',#16185,1.6);
#16185 = AXIS2_PLACEMENT_3D('',#16186,#16187,#16188);
#16186 = CARTESIAN_POINT('',(52.490569440992,-55.16613653103,23.9));
#16187 = DIRECTION('',(0.,0.,1.));
#16188 = DIRECTION('',(0.642787609687,-0.766044443119,0.));
#16189 = ADVANCED_FACE('',(#16190),#16201,.T.);
#16190 = FACE_BOUND('',#16191,.T.);
#16191 = EDGE_LOOP('',(#16192,#16193,#16194,#16195));
#16192 = ORIENTED_EDGE('',*,*,#15975,.F.);
#16193 = ORIENTED_EDGE('',*,*,#4269,.T.);
#16194 = ORIENTED_EDGE('',*,*,#16179,.T.);
#16195 = ORIENTED_EDGE('',*,*,#16196,.T.);
#16196 = EDGE_CURVE('',#16146,#15976,#16197,.T.);
#16197 = LINE('',#16198,#16199);
#16198 = CARTESIAN_POINT('',(50.901625922831,-51.01670783588,26.9));
#16199 = VECTOR('',#16200,1.);
#16200 = DIRECTION('',(0.642787609687,-0.766044443119,0.));
#16201 = PLANE('',#16202);
#16202 = AXIS2_PLACEMENT_3D('',#16203,#16204,#16205);
#16203 = CARTESIAN_POINT('',(50.901625922831,-51.01670783588,25.99));
#16204 = DIRECTION('',(0.766044443119,0.642787609687,0.));
#16205 = DIRECTION('',(0.,0.,1.));
#16206 = ADVANCED_FACE('',(#16207),#16226,.T.);
#16207 = FACE_BOUND('',#16208,.T.);
#16208 = EDGE_LOOP('',(#16209,#16217,#16224,#16225));
#16209 = ORIENTED_EDGE('',*,*,#16210,.T.);
#16210 = EDGE_CURVE('',#4278,#16211,#16213,.T.);
#16211 = VERTEX_POINT('',#16212);
#16212 = CARTESIAN_POINT('',(59.106233808288,-34.125,28.18));
#16213 = LINE('',#16214,#16215);
#16214 = CARTESIAN_POINT('',(59.106233808288,-34.125,25.99));
#16215 = VECTOR('',#16216,1.);
#16216 = DIRECTION('',(0.,0.,1.));
#16217 = ORIENTED_EDGE('',*,*,#16218,.F.);
#16218 = EDGE_CURVE('',#16211,#16211,#16219,.T.);
#16219 = CIRCLE('',#16220,1.);
#16220 = AXIS2_PLACEMENT_3D('',#16221,#16222,#16223);
#16221 = CARTESIAN_POINT('',(58.240208404503,-33.625,28.18));
#16222 = DIRECTION('',(-0.,0.,1.));
#16223 = DIRECTION('',(0.866025403784,-0.5,0.));
#16224 = ORIENTED_EDGE('',*,*,#16210,.F.);
#16225 = ORIENTED_EDGE('',*,*,#4277,.T.);
#16226 = CYLINDRICAL_SURFACE('',#16227,1.);
#16227 = AXIS2_PLACEMENT_3D('',#16228,#16229,#16230);
#16228 = CARTESIAN_POINT('',(58.240208404503,-33.625,25.99));
#16229 = DIRECTION('',(0.,0.,1.));
#16230 = DIRECTION('',(0.866025403784,-0.5,0.));
#16231 = ADVANCED_FACE('',(#16232),#16257,.T.);
#16232 = FACE_BOUND('',#16233,.T.);
#16233 = EDGE_LOOP('',(#16234,#16242,#16250,#16256));
#16234 = ORIENTED_EDGE('',*,*,#16235,.F.);
#16235 = EDGE_CURVE('',#16236,#4289,#16238,.T.);
#16236 = VERTEX_POINT('',#16237);
#16237 = CARTESIAN_POINT('',(62.,-20.,25.4));
#16238 = LINE('',#16239,#16240);
#16239 = CARTESIAN_POINT('',(62.,-20.,25.4));
#16240 = VECTOR('',#16241,1.);
#16241 = DIRECTION('',(0.,0.,1.));
#16242 = ORIENTED_EDGE('',*,*,#16243,.T.);
#16243 = EDGE_CURVE('',#16236,#16244,#16246,.T.);
#16244 = VERTEX_POINT('',#16245);
#16245 = CARTESIAN_POINT('',(62.,0.,25.4));
#16246 = LINE('',#16247,#16248);
#16247 = CARTESIAN_POINT('',(62.,-20.,25.4));
#16248 = VECTOR('',#16249,1.);
#16249 = DIRECTION('',(0.,1.,0.));
#16250 = ORIENTED_EDGE('',*,*,#16251,.T.);
#16251 = EDGE_CURVE('',#16244,#4192,#16252,.T.);
#16252 = LINE('',#16253,#16254);
#16253 = CARTESIAN_POINT('',(62.,0.,23.99));
#16254 = VECTOR('',#16255,1.);
#16255 = DIRECTION('',(0.,0.,1.));
#16256 = ORIENTED_EDGE('',*,*,#4288,.F.);
#16257 = PLANE('',#16258);
#16258 = AXIS2_PLACEMENT_3D('',#16259,#16260,#16261);
#16259 = CARTESIAN_POINT('',(62.,-20.,25.4));
#16260 = DIRECTION('',(1.,0.,0.));
#16261 = DIRECTION('',(0.,0.,1.));
#16262 = ADVANCED_FACE('',(#16263),#16281,.T.);
#16263 = FACE_BOUND('',#16264,.T.);
#16264 = EDGE_LOOP('',(#16265,#16266,#16274,#16280));
#16265 = ORIENTED_EDGE('',*,*,#16251,.F.);
#16266 = ORIENTED_EDGE('',*,*,#16267,.T.);
#16267 = EDGE_CURVE('',#16244,#16268,#16270,.T.);
#16268 = VERTEX_POINT('',#16269);
#16269 = CARTESIAN_POINT('',(62.,12.,25.4));
#16270 = LINE('',#16271,#16272);
#16271 = CARTESIAN_POINT('',(62.,-20.,25.4));
#16272 = VECTOR('',#16273,1.);
#16273 = DIRECTION('',(0.,1.,0.));
#16274 = ORIENTED_EDGE('',*,*,#16275,.T.);
#16275 = EDGE_CURVE('',#16268,#4299,#16276,.T.);
#16276 = LINE('',#16277,#16278);
#16277 = CARTESIAN_POINT('',(62.,12.,25.4));
#16278 = VECTOR('',#16279,1.);
#16279 = DIRECTION('',(0.,0.,1.));
#16280 = ORIENTED_EDGE('',*,*,#4298,.F.);
#16281 = PLANE('',#16282);
#16282 = AXIS2_PLACEMENT_3D('',#16283,#16284,#16285);
#16283 = CARTESIAN_POINT('',(62.,-20.,25.4));
#16284 = DIRECTION('',(1.,0.,0.));
#16285 = DIRECTION('',(0.,0.,1.));
#16286 = ADVANCED_FACE('',(#16287),#16321,.F.);
#16287 = FACE_BOUND('',#16288,.F.);
#16288 = EDGE_LOOP('',(#16289,#16297,#16305,#16313,#16319,#16320));
#16289 = ORIENTED_EDGE('',*,*,#16290,.F.);
#16290 = EDGE_CURVE('',#16291,#4307,#16293,.T.);
#16291 = VERTEX_POINT('',#16292);
#16292 = CARTESIAN_POINT('',(68.75,12.,24.));
#16293 = LINE('',#16294,#16295);
#16294 = CARTESIAN_POINT('',(68.75,12.,23.));
#16295 = VECTOR('',#16296,1.);
#16296 = DIRECTION('',(0.,0.,1.));
#16297 = ORIENTED_EDGE('',*,*,#16298,.T.);
#16298 = EDGE_CURVE('',#16291,#16299,#16301,.T.);
#16299 = VERTEX_POINT('',#16300);
#16300 = CARTESIAN_POINT('',(66.25,12.,24.));
#16301 = LINE('',#16302,#16303);
#16302 = CARTESIAN_POINT('',(33.125,12.,24.));
#16303 = VECTOR('',#16304,1.);
#16304 = DIRECTION('',(-1.,0.,0.));
#16305 = ORIENTED_EDGE('',*,*,#16306,.T.);
#16306 = EDGE_CURVE('',#16299,#16307,#16309,.T.);
#16307 = VERTEX_POINT('',#16308);
#16308 = CARTESIAN_POINT('',(66.25,12.,25.4));
#16309 = LINE('',#16310,#16311);
#16310 = CARTESIAN_POINT('',(66.25,12.,23.));
#16311 = VECTOR('',#16312,1.);
#16312 = DIRECTION('',(0.,0.,1.));
#16313 = ORIENTED_EDGE('',*,*,#16314,.F.);
#16314 = EDGE_CURVE('',#16268,#16307,#16315,.T.);
#16315 = LINE('',#16316,#16317);
#16316 = CARTESIAN_POINT('',(62.,12.,25.4));
#16317 = VECTOR('',#16318,1.);
#16318 = DIRECTION('',(1.,0.,0.));
#16319 = ORIENTED_EDGE('',*,*,#16275,.T.);
#16320 = ORIENTED_EDGE('',*,*,#4306,.T.);
#16321 = PLANE('',#16322);
#16322 = AXIS2_PLACEMENT_3D('',#16323,#16324,#16325);
#16323 = CARTESIAN_POINT('',(66.25,12.,23.));
#16324 = DIRECTION('',(0.,1.,0.));
#16325 = DIRECTION('',(0.,0.,1.));
#16326 = ADVANCED_FACE('',(#16327),#16345,.F.);
#16327 = FACE_BOUND('',#16328,.F.);
#16328 = EDGE_LOOP('',(#16329,#16337,#16343,#16344));
#16329 = ORIENTED_EDGE('',*,*,#16330,.F.);
#16330 = EDGE_CURVE('',#16331,#4315,#16333,.T.);
#16331 = VERTEX_POINT('',#16332);
#16332 = CARTESIAN_POINT('',(68.75,-20.,24.));
#16333 = LINE('',#16334,#16335);
#16334 = CARTESIAN_POINT('',(68.75,-20.,23.));
#16335 = VECTOR('',#16336,1.);
#16336 = DIRECTION('',(0.,0.,1.));
#16337 = ORIENTED_EDGE('',*,*,#16338,.T.);
#16338 = EDGE_CURVE('',#16331,#16291,#16339,.T.);
#16339 = LINE('',#16340,#16341);
#16340 = CARTESIAN_POINT('',(68.75,-10.,24.));
#16341 = VECTOR('',#16342,1.);
#16342 = DIRECTION('',(0.,1.,0.));
#16343 = ORIENTED_EDGE('',*,*,#16290,.T.);
#16344 = ORIENTED_EDGE('',*,*,#4314,.F.);
#16345 = PLANE('',#16346);
#16346 = AXIS2_PLACEMENT_3D('',#16347,#16348,#16349);
#16347 = CARTESIAN_POINT('',(68.75,-20.,23.));
#16348 = DIRECTION('',(1.,0.,0.));
#16349 = DIRECTION('',(0.,0.,1.));
#16350 = ADVANCED_FACE('',(#16351),#16378,.T.);
#16351 = FACE_BOUND('',#16352,.T.);
#16352 = EDGE_LOOP('',(#16353,#16361,#16362,#16363,#16364,#16372));
#16353 = ORIENTED_EDGE('',*,*,#16354,.F.);
#16354 = EDGE_CURVE('',#16236,#16355,#16357,.T.);
#16355 = VERTEX_POINT('',#16356);
#16356 = CARTESIAN_POINT('',(66.25,-20.,25.4));
#16357 = LINE('',#16358,#16359);
#16358 = CARTESIAN_POINT('',(62.,-20.,25.4));
#16359 = VECTOR('',#16360,1.);
#16360 = DIRECTION('',(1.,0.,0.));
#16361 = ORIENTED_EDGE('',*,*,#16235,.T.);
#16362 = ORIENTED_EDGE('',*,*,#4322,.F.);
#16363 = ORIENTED_EDGE('',*,*,#16330,.F.);
#16364 = ORIENTED_EDGE('',*,*,#16365,.T.);
#16365 = EDGE_CURVE('',#16331,#16366,#16368,.T.);
#16366 = VERTEX_POINT('',#16367);
#16367 = CARTESIAN_POINT('',(66.25,-20.,24.));
#16368 = LINE('',#16369,#16370);
#16369 = CARTESIAN_POINT('',(33.125,-20.,24.));
#16370 = VECTOR('',#16371,1.);
#16371 = DIRECTION('',(-1.,0.,0.));
#16372 = ORIENTED_EDGE('',*,*,#16373,.T.);
#16373 = EDGE_CURVE('',#16366,#16355,#16374,.T.);
#16374 = LINE('',#16375,#16376);
#16375 = CARTESIAN_POINT('',(66.25,-20.,23.));
#16376 = VECTOR('',#16377,1.);
#16377 = DIRECTION('',(0.,0.,1.));
#16378 = PLANE('',#16379);
#16379 = AXIS2_PLACEMENT_3D('',#16380,#16381,#16382);
#16380 = CARTESIAN_POINT('',(62.,-20.,25.4));
#16381 = DIRECTION('',(0.,1.,0.));
#16382 = DIRECTION('',(0.,0.,1.));
#16383 = ADVANCED_FACE('',(#16384,#16390,#16393,#16396),#16407,.F.);
#16384 = FACE_BOUND('',#16385,.F.);
#16385 = EDGE_LOOP('',(#16386,#16387,#16388,#16389));
#16386 = ORIENTED_EDGE('',*,*,#15948,.F.);
#16387 = ORIENTED_EDGE('',*,*,#4726,.T.);
#16388 = ORIENTED_EDGE('',*,*,#14933,.T.);
#16389 = ORIENTED_EDGE('',*,*,#4352,.T.);
#16390 = FACE_BOUND('',#16391,.F.);
#16391 = EDGE_LOOP('',(#16392));
#16392 = ORIENTED_EDGE('',*,*,#16040,.F.);
#16393 = FACE_BOUND('',#16394,.F.);
#16394 = EDGE_LOOP('',(#16395));
#16395 = ORIENTED_EDGE('',*,*,#16162,.F.);
#16396 = FACE_BOUND('',#16397,.F.);
#16397 = EDGE_LOOP('',(#16398,#16399,#16405,#16406));
#16398 = ORIENTED_EDGE('',*,*,#16365,.T.);
#16399 = ORIENTED_EDGE('',*,*,#16400,.T.);
#16400 = EDGE_CURVE('',#16366,#16299,#16401,.T.);
#16401 = LINE('',#16402,#16403);
#16402 = CARTESIAN_POINT('',(66.25,-10.,24.));
#16403 = VECTOR('',#16404,1.);
#16404 = DIRECTION('',(0.,1.,0.));
#16405 = ORIENTED_EDGE('',*,*,#16298,.F.);
#16406 = ORIENTED_EDGE('',*,*,#16338,.F.);
#16407 = PLANE('',#16408);
#16408 = AXIS2_PLACEMENT_3D('',#16409,#16410,#16411);
#16409 = CARTESIAN_POINT('',(0.,0.,24.));
#16410 = DIRECTION('',(0.,0.,1.));
#16411 = DIRECTION('',(1.,0.,-0.));
#16412 = ADVANCED_FACE('',(#16413),#16419,.F.);
#16413 = FACE_BOUND('',#16414,.F.);
#16414 = EDGE_LOOP('',(#16415,#16416,#16417,#16418));
#16415 = ORIENTED_EDGE('',*,*,#4418,.F.);
#16416 = ORIENTED_EDGE('',*,*,#15911,.T.);
#16417 = ORIENTED_EDGE('',*,*,#4501,.T.);
#16418 = ORIENTED_EDGE('',*,*,#4449,.T.);
#16419 = CYLINDRICAL_SURFACE('',#16420,62.);
#16420 = AXIS2_PLACEMENT_3D('',#16421,#16422,#16423);
#16421 = CARTESIAN_POINT('',(0.,0.,23.99));
#16422 = DIRECTION('',(0.,0.,1.));
#16423 = DIRECTION('',(1.,0.,-0.));
#16424 = ADVANCED_FACE('',(#16425),#16444,.T.);
#16425 = FACE_BOUND('',#16426,.T.);
#16426 = EDGE_LOOP('',(#16427,#16435,#16442,#16443));
#16427 = ORIENTED_EDGE('',*,*,#16428,.T.);
#16428 = EDGE_CURVE('',#4461,#16429,#16431,.T.);
#16429 = VERTEX_POINT('',#16430);
#16430 = CARTESIAN_POINT('',(34.125,59.106233808288,28.18));
#16431 = LINE('',#16432,#16433);
#16432 = CARTESIAN_POINT('',(34.125,59.106233808288,25.99));
#16433 = VECTOR('',#16434,1.);
#16434 = DIRECTION('',(0.,0.,1.));
#16435 = ORIENTED_EDGE('',*,*,#16436,.F.);
#16436 = EDGE_CURVE('',#16429,#16429,#16437,.T.);
#16437 = CIRCLE('',#16438,1.);
#16438 = AXIS2_PLACEMENT_3D('',#16439,#16440,#16441);
#16439 = CARTESIAN_POINT('',(33.625,58.240208404503,28.18));
#16440 = DIRECTION('',(0.,-0.,1.));
#16441 = DIRECTION('',(0.5,0.866025403784,0.));
#16442 = ORIENTED_EDGE('',*,*,#16428,.F.);
#16443 = ORIENTED_EDGE('',*,*,#4460,.T.);
#16444 = CYLINDRICAL_SURFACE('',#16445,1.);
#16445 = AXIS2_PLACEMENT_3D('',#16446,#16447,#16448);
#16446 = CARTESIAN_POINT('',(33.625,58.240208404503,25.99));
#16447 = DIRECTION('',(0.,0.,1.));
#16448 = DIRECTION('',(0.5,0.866025403784,0.));
#16449 = ADVANCED_FACE('',(#16450,#16462),#16473,.F.);
#16450 = FACE_BOUND('',#16451,.F.);
#16451 = EDGE_LOOP('',(#16452,#16459,#16460,#16461));
#16452 = ORIENTED_EDGE('',*,*,#16453,.F.);
#16453 = EDGE_CURVE('',#4552,#4669,#16454,.T.);
#16454 = CIRCLE('',#16455,62.);
#16455 = AXIS2_PLACEMENT_3D('',#16456,#16457,#16458);
#16456 = CARTESIAN_POINT('',(0.,0.,24.));
#16457 = DIRECTION('',(0.,-0.,1.));
#16458 = DIRECTION('',(0.798203999142,0.602387230736,0.));
#16459 = ORIENTED_EDGE('',*,*,#4551,.T.);
#16460 = ORIENTED_EDGE('',*,*,#14943,.T.);
#16461 = ORIENTED_EDGE('',*,*,#4668,.T.);
#16462 = FACE_BOUND('',#16463,.F.);
#16463 = EDGE_LOOP('',(#16464));
#16464 = ORIENTED_EDGE('',*,*,#16465,.F.);
#16465 = EDGE_CURVE('',#16466,#16466,#16468,.T.);
#16466 = VERTEX_POINT('',#16467);
#16467 = CARTESIAN_POINT('',(-71.5106084418,-26.02773290708,24.));
#16468 = CIRCLE('',#16469,1.6);
#16469 = AXIS2_PLACEMENT_3D('',#16470,#16471,#16472);
#16470 = CARTESIAN_POINT('',(-70.00710024855,-25.48050067776,24.));
#16471 = DIRECTION('',(0.,0.,1.));
#16472 = DIRECTION('',(-0.939692620786,-0.342020143326,0.));
#16473 = PLANE('',#16474);
#16474 = AXIS2_PLACEMENT_3D('',#16475,#16476,#16477);
#16475 = CARTESIAN_POINT('',(0.,0.,24.));
#16476 = DIRECTION('',(0.,0.,1.));
#16477 = DIRECTION('',(1.,0.,-0.));
#16478 = ADVANCED_FACE('',(#16479),#16485,.F.);
#16479 = FACE_BOUND('',#16480,.F.);
#16480 = EDGE_LOOP('',(#16481,#16482,#16483,#16484));
#16481 = ORIENTED_EDGE('',*,*,#4559,.F.);
#16482 = ORIENTED_EDGE('',*,*,#16453,.T.);
#16483 = ORIENTED_EDGE('',*,*,#4676,.T.);
#16484 = ORIENTED_EDGE('',*,*,#4590,.T.);
#16485 = CYLINDRICAL_SURFACE('',#16486,62.);
#16486 = AXIS2_PLACEMENT_3D('',#16487,#16488,#16489);
#16487 = CARTESIAN_POINT('',(0.,0.,23.99));
#16488 = DIRECTION('',(0.,0.,1.));
#16489 = DIRECTION('',(1.,0.,-0.));
#16490 = ADVANCED_FACE('',(#16491),#16510,.T.);
#16491 = FACE_BOUND('',#16492,.T.);
#16492 = EDGE_LOOP('',(#16493,#16501,#16508,#16509));
#16493 = ORIENTED_EDGE('',*,*,#16494,.T.);
#16494 = EDGE_CURVE('',#4602,#16495,#16497,.T.);
#16495 = VERTEX_POINT('',#16496);
#16496 = CARTESIAN_POINT('',(-59.10623380828,-34.125,28.18));
#16497 = LINE('',#16498,#16499);
#16498 = CARTESIAN_POINT('',(-59.10623380828,-34.125,25.99));
#16499 = VECTOR('',#16500,1.);
#16500 = DIRECTION('',(0.,0.,1.));
#16501 = ORIENTED_EDGE('',*,*,#16502,.F.);
#16502 = EDGE_CURVE('',#16495,#16495,#16503,.T.);
#16503 = CIRCLE('',#16504,1.);
#16504 = AXIS2_PLACEMENT_3D('',#16505,#16506,#16507);
#16505 = CARTESIAN_POINT('',(-58.2402084045,-33.625,28.18));
#16506 = DIRECTION('',(0.,0.,1.));
#16507 = DIRECTION('',(-0.866025403784,-0.5,0.));
#16508 = ORIENTED_EDGE('',*,*,#16494,.F.);
#16509 = ORIENTED_EDGE('',*,*,#4601,.T.);
#16510 = CYLINDRICAL_SURFACE('',#16511,1.);
#16511 = AXIS2_PLACEMENT_3D('',#16512,#16513,#16514);
#16512 = CARTESIAN_POINT('',(-58.2402084045,-33.625,25.99));
#16513 = DIRECTION('',(0.,0.,1.));
#16514 = DIRECTION('',(-0.866025403784,-0.5,0.));
#16515 = ADVANCED_FACE('',(#16516),#16541,.F.);
#16516 = FACE_BOUND('',#16517,.F.);
#16517 = EDGE_LOOP('',(#16518,#16526,#16527,#16535));
#16518 = ORIENTED_EDGE('',*,*,#16519,.F.);
#16519 = EDGE_CURVE('',#4613,#16520,#16522,.T.);
#16520 = VERTEX_POINT('',#16521);
#16521 = CARTESIAN_POINT('',(-73.72441237381,-22.57678055293,27.));
#16522 = LINE('',#16523,#16524);
#16523 = CARTESIAN_POINT('',(-73.72441237381,-22.57678055293,25.99));
#16524 = VECTOR('',#16525,1.);
#16525 = DIRECTION('',(0.,0.,1.));
#16526 = ORIENTED_EDGE('',*,*,#4612,.T.);
#16527 = ORIENTED_EDGE('',*,*,#16528,.T.);
#16528 = EDGE_CURVE('',#4615,#16529,#16531,.T.);
#16529 = VERTEX_POINT('',#16530);
#16530 = CARTESIAN_POINT('',(-69.02594926988,-20.8666798363,27.));
#16531 = LINE('',#16532,#16533);
#16532 = CARTESIAN_POINT('',(-69.02594926988,-20.8666798363,25.99));
#16533 = VECTOR('',#16534,1.);
#16534 = DIRECTION('',(0.,0.,1.));
#16535 = ORIENTED_EDGE('',*,*,#16536,.T.);
#16536 = EDGE_CURVE('',#16529,#16520,#16537,.T.);
#16537 = LINE('',#16538,#16539);
#16538 = CARTESIAN_POINT('',(-69.02594926988,-20.8666798363,27.));
#16539 = VECTOR('',#16540,1.);
#16540 = DIRECTION('',(-0.939692620786,-0.342020143326,0.));
#16541 = PLANE('',#16542);
#16542 = AXIS2_PLACEMENT_3D('',#16543,#16544,#16545);
#16543 = CARTESIAN_POINT('',(-69.02594926988,-20.8666798363,25.99));
#16544 = DIRECTION('',(0.342020143326,-0.939692620786,0.));
#16545 = DIRECTION('',(0.,0.,1.));
#16546 = ADVANCED_FACE('',(#16547),#16565,.T.);
#16547 = FACE_BOUND('',#16548,.T.);
#16548 = EDGE_LOOP('',(#16549,#16550,#16551,#16559));
#16549 = ORIENTED_EDGE('',*,*,#16519,.F.);
#16550 = ORIENTED_EDGE('',*,*,#4638,.T.);
#16551 = ORIENTED_EDGE('',*,*,#16552,.T.);
#16552 = EDGE_CURVE('',#4631,#16553,#16555,.T.);
#16553 = VERTEX_POINT('',#16554);
#16554 = CARTESIAN_POINT('',(-70.98825122721,-30.09432151922,27.));
#16555 = LINE('',#16556,#16557);
#16556 = CARTESIAN_POINT('',(-70.98825122721,-30.09432151922,25.99));
#16557 = VECTOR('',#16558,1.);
#16558 = DIRECTION('',(0.,0.,1.));
#16559 = ORIENTED_EDGE('',*,*,#16560,.F.);
#16560 = EDGE_CURVE('',#16520,#16553,#16561,.T.);
#16561 = LINE('',#16562,#16563);
#16562 = CARTESIAN_POINT('',(-73.72441237381,-22.57678055293,27.));
#16563 = VECTOR('',#16564,1.);
#16564 = DIRECTION('',(0.342020143326,-0.939692620786,0.));
#16565 = PLANE('',#16566);
#16566 = AXIS2_PLACEMENT_3D('',#16567,#16568,#16569);
#16567 = CARTESIAN_POINT('',(-73.72441237381,-22.57678055293,25.99));
#16568 = DIRECTION('',(-0.939692620786,-0.342020143326,0.));
#16569 = DIRECTION('',(0.,0.,1.));
#16570 = ADVANCED_FACE('',(#16571),#16589,.F.);
#16571 = FACE_BOUND('',#16572,.F.);
#16572 = EDGE_LOOP('',(#16573,#16574,#16575,#16583));
#16573 = ORIENTED_EDGE('',*,*,#16528,.F.);
#16574 = ORIENTED_EDGE('',*,*,#4622,.T.);
#16575 = ORIENTED_EDGE('',*,*,#16576,.T.);
#16576 = EDGE_CURVE('',#4623,#16577,#16579,.T.);
#16577 = VERTEX_POINT('',#16578);
#16578 = CARTESIAN_POINT('',(-66.28978812328,-28.38422080259,27.));
#16579 = LINE('',#16580,#16581);
#16580 = CARTESIAN_POINT('',(-66.28978812328,-28.38422080259,25.99));
#16581 = VECTOR('',#16582,1.);
#16582 = DIRECTION('',(0.,0.,1.));
#16583 = ORIENTED_EDGE('',*,*,#16584,.F.);
#16584 = EDGE_CURVE('',#16529,#16577,#16585,.T.);
#16585 = LINE('',#16586,#16587);
#16586 = CARTESIAN_POINT('',(-69.02594926988,-20.8666798363,27.));
#16587 = VECTOR('',#16588,1.);
#16588 = DIRECTION('',(0.342020143326,-0.939692620786,0.));
#16589 = PLANE('',#16590);
#16590 = AXIS2_PLACEMENT_3D('',#16591,#16592,#16593);
#16591 = CARTESIAN_POINT('',(-69.02594926988,-20.8666798363,25.99));
#16592 = DIRECTION('',(-0.939692620786,-0.342020143326,0.));
#16593 = DIRECTION('',(0.,0.,1.));
#16594 = ADVANCED_FACE('',(#16595),#16606,.T.);
#16595 = FACE_BOUND('',#16596,.T.);
#16596 = EDGE_LOOP('',(#16597,#16598,#16599,#16600));
#16597 = ORIENTED_EDGE('',*,*,#16552,.F.);
#16598 = ORIENTED_EDGE('',*,*,#4630,.T.);
#16599 = ORIENTED_EDGE('',*,*,#16576,.T.);
#16600 = ORIENTED_EDGE('',*,*,#16601,.T.);
#16601 = EDGE_CURVE('',#16577,#16553,#16602,.T.);
#16602 = LINE('',#16603,#16604);
#16603 = CARTESIAN_POINT('',(-66.28978812328,-28.38422080259,27.));
#16604 = VECTOR('',#16605,1.);
#16605 = DIRECTION('',(-0.939692620786,-0.342020143326,0.));
#16606 = PLANE('',#16607);
#16607 = AXIS2_PLACEMENT_3D('',#16608,#16609,#16610);
#16608 = CARTESIAN_POINT('',(-66.28978812328,-28.38422080259,25.99));
#16609 = DIRECTION('',(0.342020143326,-0.939692620786,0.));
#16610 = DIRECTION('',(0.,0.,1.));
#16611 = ADVANCED_FACE('',(#16612),#16646,.T.);
#16612 = FACE_BOUND('',#16613,.T.);
#16613 = EDGE_LOOP('',(#16614,#16624,#16632,#16638,#16639,#16640));
#16614 = ORIENTED_EDGE('',*,*,#16615,.F.);
#16615 = EDGE_CURVE('',#16616,#16618,#16620,.T.);
#16616 = VERTEX_POINT('',#16617);
#16617 = CARTESIAN_POINT('',(-70.41808626223,37.191799444179,7.99));
#16618 = VERTEX_POINT('',#16619);
#16619 = CARTESIAN_POINT('',(-72.2577395908,38.253923788647,7.99));
#16620 = LINE('',#16621,#16622);
#16621 = CARTESIAN_POINT('',(-68.12679841475,35.868923788647,7.99));
#16622 = VECTOR('',#16623,1.);
#16623 = DIRECTION('',(-0.866025403784,0.5,0.));
#16624 = ORIENTED_EDGE('',*,*,#16625,.T.);
#16625 = EDGE_CURVE('',#16616,#16626,#16628,.T.);
#16626 = VERTEX_POINT('',#16627);
#16627 = CARTESIAN_POINT('',(-70.41808626223,37.191799444179,16.9));
#16628 = LINE('',#16629,#16630);
#16629 = CARTESIAN_POINT('',(-70.41808626223,37.191799444179,7.99));
#16630 = VECTOR('',#16631,1.);
#16631 = DIRECTION('',(0.,0.,1.));
#16632 = ORIENTED_EDGE('',*,*,#16633,.T.);
#16633 = EDGE_CURVE('',#16626,#14668,#16634,.T.);
#16634 = LINE('',#16635,#16636);
#16635 = CARTESIAN_POINT('',(-68.12679841475,35.868923788647,16.9));
#16636 = VECTOR('',#16637,1.);
#16637 = DIRECTION('',(-0.866025403784,0.5,0.));
#16638 = ORIENTED_EDGE('',*,*,#14665,.F.);
#16639 = ORIENTED_EDGE('',*,*,#15810,.F.);
#16640 = ORIENTED_EDGE('',*,*,#16641,.F.);
#16641 = EDGE_CURVE('',#16618,#15811,#16642,.T.);
#16642 = LINE('',#16643,#16644);
#16643 = CARTESIAN_POINT('',(-72.2577395908,38.253923788647,7.99));
#16644 = VECTOR('',#16645,1.);
#16645 = DIRECTION('',(0.,0.,1.));
#16646 = PLANE('',#16647);
#16647 = AXIS2_PLACEMENT_3D('',#16648,#16649,#16650);
#16648 = CARTESIAN_POINT('',(-68.12679841475,35.868923788647,7.99));
#16649 = DIRECTION('',(-0.5,-0.866025403784,0.));
#16650 = DIRECTION('',(0.,0.,1.));
#16651 = ADVANCED_FACE('',(#16652),#16680,.T.);
#16652 = FACE_BOUND('',#16653,.T.);
#16653 = EDGE_LOOP('',(#16654,#16655,#16664,#16673,#16679));
#16654 = ORIENTED_EDGE('',*,*,#16633,.F.);
#16655 = ORIENTED_EDGE('',*,*,#16656,.F.);
#16656 = EDGE_CURVE('',#16657,#16626,#16659,.T.);
#16657 = VERTEX_POINT('',#16658);
#16658 = CARTESIAN_POINT('',(-70.09090002989,40.467,16.9));
#16659 = CIRCLE('',#16660,4.);
#16660 = AXIS2_PLACEMENT_3D('',#16661,#16662,#16663);
#16661 = CARTESIAN_POINT('',(-66.62679841475,38.467,16.9));
#16662 = DIRECTION('',(0.,0.,1.));
#16663 = DIRECTION('',(-0.866025403784,0.5,0.));
#16664 = ORIENTED_EDGE('',*,*,#16665,.F.);
#16665 = EDGE_CURVE('',#16666,#16657,#16668,.T.);
#16666 = VERTEX_POINT('',#16667);
#16667 = CARTESIAN_POINT('',(-67.41808626223,42.387951866885,16.9));
#16668 = CIRCLE('',#16669,4.);
#16669 = AXIS2_PLACEMENT_3D('',#16670,#16671,#16672);
#16670 = CARTESIAN_POINT('',(-66.62679841475,38.467,16.9));
#16671 = DIRECTION('',(0.,0.,1.));
#16672 = DIRECTION('',(-0.866025403784,0.5,0.));
#16673 = ORIENTED_EDGE('',*,*,#16674,.T.);
#16674 = EDGE_CURVE('',#16666,#14979,#16675,.T.);
#16675 = LINE('',#16676,#16677);
#16676 = CARTESIAN_POINT('',(-65.12679841475,41.065076211353,16.9));
#16677 = VECTOR('',#16678,1.);
#16678 = DIRECTION('',(-0.866025403784,0.5,0.));
#16679 = ORIENTED_EDGE('',*,*,#14986,.T.);
#16680 = PLANE('',#16681);
#16681 = AXIS2_PLACEMENT_3D('',#16682,#16683,#16684);
#16682 = CARTESIAN_POINT('',(-65.12679841475,41.065076211353,16.9));
#16683 = DIRECTION('',(0.,0.,1.));
#16684 = DIRECTION('',(-0.866025403784,0.5,0.));
#16685 = ADVANCED_FACE('',(#16686),#16720,.F.);
#16686 = FACE_BOUND('',#16687,.F.);
#16687 = EDGE_LOOP('',(#16688,#16696,#16704,#16712,#16718,#16719));
#16688 = ORIENTED_EDGE('',*,*,#16689,.F.);
#16689 = EDGE_CURVE('',#16690,#15796,#16692,.T.);
#16690 = VERTEX_POINT('',#16691);
#16691 = CARTESIAN_POINT('',(-75.57957538705,31.233337963031,7.99));
#16692 = LINE('',#16693,#16694);
#16693 = CARTESIAN_POINT('',(-75.57957538705,31.233337963031,7.99));
#16694 = VECTOR('',#16695,1.);
#16695 = DIRECTION('',(0.,0.,1.));
#16696 = ORIENTED_EDGE('',*,*,#16697,.F.);
#16697 = EDGE_CURVE('',#16698,#16690,#16700,.T.);
#16698 = VERTEX_POINT('',#16699);
#16699 = CARTESIAN_POINT('',(-71.35095859351,29.694247318066,7.99));
#16700 = LINE('',#16701,#16702);
#16701 = CARTESIAN_POINT('',(-71.35095859351,29.694247318066,7.99));
#16702 = VECTOR('',#16703,1.);
#16703 = DIRECTION('',(-0.939692620786,0.342020143326,0.));
#16704 = ORIENTED_EDGE('',*,*,#16705,.T.);
#16705 = EDGE_CURVE('',#16698,#16706,#16708,.T.);
#16706 = VERTEX_POINT('',#16707);
#16707 = CARTESIAN_POINT('',(-71.35095859351,29.694247318066,16.));
#16708 = LINE('',#16709,#16710);
#16709 = CARTESIAN_POINT('',(-71.35095859351,29.694247318066,7.99));
#16710 = VECTOR('',#16711,1.);
#16711 = DIRECTION('',(0.,0.,1.));
#16712 = ORIENTED_EDGE('',*,*,#16713,.T.);
#16713 = EDGE_CURVE('',#16706,#14685,#16714,.T.);
#16714 = LINE('',#16715,#16716);
#16715 = CARTESIAN_POINT('',(-71.35095859351,29.694247318066,16.));
#16716 = VECTOR('',#16717,1.);
#16717 = DIRECTION('',(-0.939692620786,0.342020143326,0.));
#16718 = ORIENTED_EDGE('',*,*,#14684,.F.);
#16719 = ORIENTED_EDGE('',*,*,#15803,.F.);
#16720 = PLANE('',#16721);
#16721 = AXIS2_PLACEMENT_3D('',#16722,#16723,#16724);
#16722 = CARTESIAN_POINT('',(-71.35095859351,29.694247318066,7.99));
#16723 = DIRECTION('',(-0.342020143326,-0.939692620786,0.));
#16724 = DIRECTION('',(0.,0.,1.));
#16725 = ADVANCED_FACE('',(#16726),#16753,.F.);
#16726 = FACE_BOUND('',#16727,.F.);
#16727 = EDGE_LOOP('',(#16728,#16738,#16744,#16745,#16746,#16747));
#16728 = ORIENTED_EDGE('',*,*,#16729,.F.);
#16729 = EDGE_CURVE('',#16730,#16732,#16734,.T.);
#16730 = VERTEX_POINT('',#16731);
#16731 = CARTESIAN_POINT('',(-67.41808626223,42.387951866886,7.99));
#16732 = VERTEX_POINT('',#16733);
#16733 = CARTESIAN_POINT('',(-69.2577395908,43.450076211353,7.99));
#16734 = LINE('',#16735,#16736);
#16735 = CARTESIAN_POINT('',(-65.12679841475,41.065076211353,7.99));
#16736 = VECTOR('',#16737,1.);
#16737 = DIRECTION('',(-0.866025403784,0.5,0.));
#16738 = ORIENTED_EDGE('',*,*,#16739,.T.);
#16739 = EDGE_CURVE('',#16730,#16666,#16740,.T.);
#16740 = LINE('',#16741,#16742);
#16741 = CARTESIAN_POINT('',(-67.41808626223,42.387951866886,7.99));
#16742 = VECTOR('',#16743,1.);
#16743 = DIRECTION('',(0.,0.,1.));
#16744 = ORIENTED_EDGE('',*,*,#16674,.T.);
#16745 = ORIENTED_EDGE('',*,*,#14978,.F.);
#16746 = ORIENTED_EDGE('',*,*,#15826,.F.);
#16747 = ORIENTED_EDGE('',*,*,#16748,.F.);
#16748 = EDGE_CURVE('',#16732,#15819,#16749,.T.);
#16749 = LINE('',#16750,#16751);
#16750 = CARTESIAN_POINT('',(-69.2577395908,43.450076211353,7.99));
#16751 = VECTOR('',#16752,1.);
#16752 = DIRECTION('',(0.,0.,1.));
#16753 = PLANE('',#16754);
#16754 = AXIS2_PLACEMENT_3D('',#16755,#16756,#16757);
#16755 = CARTESIAN_POINT('',(-65.12679841475,41.065076211353,7.99));
#16756 = DIRECTION('',(-0.5,-0.866025403784,0.));
#16757 = DIRECTION('',(0.,0.,1.));
#16758 = ADVANCED_FACE('',(#16759),#16778,.T.);
#16759 = FACE_BOUND('',#16760,.T.);
#16760 = EDGE_LOOP('',(#16761,#16769,#16776,#16777));
#16761 = ORIENTED_EDGE('',*,*,#16762,.F.);
#16762 = EDGE_CURVE('',#16763,#14693,#16765,.T.);
#16763 = VERTEX_POINT('',#16764);
#16764 = CARTESIAN_POINT('',(-73.74509959679,23.116398972564,16.));
#16765 = LINE('',#16766,#16767);
#16766 = CARTESIAN_POINT('',(-73.74509959679,23.116398972564,16.));
#16767 = VECTOR('',#16768,1.);
#16768 = DIRECTION('',(-0.939692620786,0.342020143326,0.));
#16769 = ORIENTED_EDGE('',*,*,#16770,.T.);
#16770 = EDGE_CURVE('',#16763,#16706,#16771,.T.);
#16771 = CIRCLE('',#16772,3.5);
#16772 = AXIS2_PLACEMENT_3D('',#16773,#16774,#16775);
#16773 = CARTESIAN_POINT('',(-72.54802909515,26.405323145315,16.));
#16774 = DIRECTION('',(0.,0.,1.));
#16775 = DIRECTION('',(-0.939692620786,0.342020143326,0.));
#16776 = ORIENTED_EDGE('',*,*,#16713,.T.);
#16777 = ORIENTED_EDGE('',*,*,#14692,.T.);
#16778 = PLANE('',#16779);
#16779 = AXIS2_PLACEMENT_3D('',#16780,#16781,#16782);
#16780 = CARTESIAN_POINT('',(-71.35095859351,29.694247318066,16.));
#16781 = DIRECTION('',(0.,0.,1.));
#16782 = DIRECTION('',(-0.939692620786,0.342020143326,0.));
#16783 = ADVANCED_FACE('',(#16784),#16811,.T.);
#16784 = FACE_BOUND('',#16785,.T.);
#16785 = EDGE_LOOP('',(#16786,#16794,#16802,#16808,#16809,#16810));
#16786 = ORIENTED_EDGE('',*,*,#16787,.F.);
#16787 = EDGE_CURVE('',#16788,#15788,#16790,.T.);
#16788 = VERTEX_POINT('',#16789);
#16789 = CARTESIAN_POINT('',(-77.97371639033,24.65548961753,7.99));
#16790 = LINE('',#16791,#16792);
#16791 = CARTESIAN_POINT('',(-77.97371639033,24.65548961753,7.99));
#16792 = VECTOR('',#16793,1.);
#16793 = DIRECTION('',(0.,0.,1.));
#16794 = ORIENTED_EDGE('',*,*,#16795,.F.);
#16795 = EDGE_CURVE('',#16796,#16788,#16798,.T.);
#16796 = VERTEX_POINT('',#16797);
#16797 = CARTESIAN_POINT('',(-73.74509959679,23.116398972564,7.99));
#16798 = LINE('',#16799,#16800);
#16799 = CARTESIAN_POINT('',(-73.74509959679,23.116398972564,7.99));
#16800 = VECTOR('',#16801,1.);
#16801 = DIRECTION('',(-0.939692620786,0.342020143326,0.));
#16802 = ORIENTED_EDGE('',*,*,#16803,.T.);
#16803 = EDGE_CURVE('',#16796,#16763,#16804,.T.);
#16804 = LINE('',#16805,#16806);
#16805 = CARTESIAN_POINT('',(-73.74509959679,23.116398972564,7.99));
#16806 = VECTOR('',#16807,1.);
#16807 = DIRECTION('',(0.,0.,1.));
#16808 = ORIENTED_EDGE('',*,*,#16762,.T.);
#16809 = ORIENTED_EDGE('',*,*,#14701,.F.);
#16810 = ORIENTED_EDGE('',*,*,#15787,.F.);
#16811 = PLANE('',#16812);
#16812 = AXIS2_PLACEMENT_3D('',#16813,#16814,#16815);
#16813 = CARTESIAN_POINT('',(-73.74509959679,23.116398972564,7.99));
#16814 = DIRECTION('',(-0.342020143326,-0.939692620786,0.));
#16815 = DIRECTION('',(0.,0.,1.));
#16816 = ADVANCED_FACE('',(#16817),#16851,.F.);
#16817 = FACE_BOUND('',#16818,.F.);
#16818 = EDGE_LOOP('',(#16819,#16827,#16835,#16843,#16849,#16850));
#16819 = ORIENTED_EDGE('',*,*,#16820,.F.);
#16820 = EDGE_CURVE('',#16821,#15773,#16823,.T.);
#16821 = VERTEX_POINT('',#16822);
#16822 = CARTESIAN_POINT('',(-43.88308891324,-69.0077395908,7.99));
#16823 = LINE('',#16824,#16825);
#16824 = CARTESIAN_POINT('',(-43.88308891324,-69.0077395908,7.99));
#16825 = VECTOR('',#16826,1.);
#16826 = DIRECTION('',(0.,0.,1.));
#16827 = ORIENTED_EDGE('',*,*,#16828,.F.);
#16828 = EDGE_CURVE('',#16829,#16821,#16831,.T.);
#16829 = VERTEX_POINT('',#16830);
#16830 = CARTESIAN_POINT('',(-41.63308891324,-65.11062527377,7.99));
#16831 = LINE('',#16832,#16833);
#16832 = CARTESIAN_POINT('',(-41.63308891324,-65.11062527377,7.99));
#16833 = VECTOR('',#16834,1.);
#16834 = DIRECTION('',(-0.5,-0.866025403784,0.));
#16835 = ORIENTED_EDGE('',*,*,#16836,.T.);
#16836 = EDGE_CURVE('',#16829,#16837,#16839,.T.);
#16837 = VERTEX_POINT('',#16838);
#16838 = CARTESIAN_POINT('',(-41.63308891324,-65.11062527377,16.));
#16839 = LINE('',#16840,#16841);
#16840 = CARTESIAN_POINT('',(-41.63308891324,-65.11062527377,7.99));
#16841 = VECTOR('',#16842,1.);
#16842 = DIRECTION('',(0.,0.,1.));
#16843 = ORIENTED_EDGE('',*,*,#16844,.T.);
#16844 = EDGE_CURVE('',#16837,#14719,#16845,.T.);
#16845 = LINE('',#16846,#16847);
#16846 = CARTESIAN_POINT('',(-41.63308891324,-65.11062527377,16.));
#16847 = VECTOR('',#16848,1.);
#16848 = DIRECTION('',(-0.5,-0.866025403784,0.));
#16849 = ORIENTED_EDGE('',*,*,#14718,.F.);
#16850 = ORIENTED_EDGE('',*,*,#15780,.F.);
#16851 = PLANE('',#16852);
#16852 = AXIS2_PLACEMENT_3D('',#16853,#16854,#16855);
#16853 = CARTESIAN_POINT('',(-41.63308891324,-65.11062527377,7.99));
#16854 = DIRECTION('',(0.866025403784,-0.5,0.));
#16855 = DIRECTION('',(0.,0.,1.));
#16856 = ADVANCED_FACE('',(#16857),#16876,.T.);
#16857 = FACE_BOUND('',#16858,.T.);
#16858 = EDGE_LOOP('',(#16859,#16867,#16874,#16875));
#16859 = ORIENTED_EDGE('',*,*,#16860,.F.);
#16860 = EDGE_CURVE('',#16861,#14727,#16863,.T.);
#16861 = VERTEX_POINT('',#16862);
#16862 = CARTESIAN_POINT('',(-35.57091108675,-68.61062527377,16.));
#16863 = LINE('',#16864,#16865);
#16864 = CARTESIAN_POINT('',(-35.57091108675,-68.61062527377,16.));
#16865 = VECTOR('',#16866,1.);
#16866 = DIRECTION('',(-0.5,-0.866025403784,0.));
#16867 = ORIENTED_EDGE('',*,*,#16868,.T.);
#16868 = EDGE_CURVE('',#16861,#16837,#16869,.T.);
#16869 = CIRCLE('',#16870,3.5);
#16870 = AXIS2_PLACEMENT_3D('',#16871,#16872,#16873);
#16871 = CARTESIAN_POINT('',(-38.602,-66.86062527377,16.));
#16872 = DIRECTION('',(0.,0.,1.));
#16873 = DIRECTION('',(-0.5,-0.866025403784,0.));
#16874 = ORIENTED_EDGE('',*,*,#16844,.T.);
#16875 = ORIENTED_EDGE('',*,*,#14726,.T.);
#16876 = PLANE('',#16877);
#16877 = AXIS2_PLACEMENT_3D('',#16878,#16879,#16880);
#16878 = CARTESIAN_POINT('',(-41.63308891324,-65.11062527377,16.));
#16879 = DIRECTION('',(0.,0.,1.));
#16880 = DIRECTION('',(-0.5,-0.866025403784,0.));
#16881 = ADVANCED_FACE('',(#16882),#16909,.T.);
#16882 = FACE_BOUND('',#16883,.T.);
#16883 = EDGE_LOOP('',(#16884,#16892,#16900,#16906,#16907,#16908));
#16884 = ORIENTED_EDGE('',*,*,#16885,.F.);
#16885 = EDGE_CURVE('',#16886,#15765,#16888,.T.);
#16886 = VERTEX_POINT('',#16887);
#16887 = CARTESIAN_POINT('',(-37.82091108675,-72.5077395908,7.99));
#16888 = LINE('',#16889,#16890);
#16889 = CARTESIAN_POINT('',(-37.82091108675,-72.5077395908,7.99));
#16890 = VECTOR('',#16891,1.);
#16891 = DIRECTION('',(0.,0.,1.));
#16892 = ORIENTED_EDGE('',*,*,#16893,.F.);
#16893 = EDGE_CURVE('',#16894,#16886,#16896,.T.);
#16894 = VERTEX_POINT('',#16895);
#16895 = CARTESIAN_POINT('',(-35.57091108675,-68.61062527377,7.99));
#16896 = LINE('',#16897,#16898);
#16897 = CARTESIAN_POINT('',(-35.57091108675,-68.61062527377,7.99));
#16898 = VECTOR('',#16899,1.);
#16899 = DIRECTION('',(-0.5,-0.866025403784,0.));
#16900 = ORIENTED_EDGE('',*,*,#16901,.T.);
#16901 = EDGE_CURVE('',#16894,#16861,#16902,.T.);
#16902 = LINE('',#16903,#16904);
#16903 = CARTESIAN_POINT('',(-35.57091108675,-68.61062527377,7.99));
#16904 = VECTOR('',#16905,1.);
#16905 = DIRECTION('',(0.,0.,1.));
#16906 = ORIENTED_EDGE('',*,*,#16860,.T.);
#16907 = ORIENTED_EDGE('',*,*,#14735,.F.);
#16908 = ORIENTED_EDGE('',*,*,#15764,.F.);
#16909 = PLANE('',#16910);
#16910 = AXIS2_PLACEMENT_3D('',#16911,#16912,#16913);
#16911 = CARTESIAN_POINT('',(-35.57091108675,-68.61062527377,7.99));
#16912 = DIRECTION('',(0.866025403784,-0.5,0.));
#16913 = DIRECTION('',(0.,0.,1.));
#16914 = ADVANCED_FACE('',(#16915),#16949,.F.);
#16915 = FACE_BOUND('',#16916,.F.);
#16916 = EDGE_LOOP('',(#16917,#16925,#16933,#16941,#16947,#16948));
#16917 = ORIENTED_EDGE('',*,*,#16918,.F.);
#16918 = EDGE_CURVE('',#16919,#15750,#16921,.T.);
#16919 = VERTEX_POINT('',#16920);
#16920 = CARTESIAN_POINT('',(-29.71893817673,-76.29867842661,7.99));
#16921 = LINE('',#16922,#16923);
#16922 = CARTESIAN_POINT('',(-29.71893817673,-76.29867842661,7.99));
#16923 = VECTOR('',#16924,1.);
#16924 = DIRECTION('',(0.,0.,1.));
#16925 = ORIENTED_EDGE('',*,*,#16926,.F.);
#16926 = EDGE_CURVE('',#16927,#16919,#16929,.T.);
#16927 = VERTEX_POINT('',#16928);
#16928 = CARTESIAN_POINT('',(-28.00371229636,-70.85867693954,7.99));
#16929 = LINE('',#16930,#16931);
#16930 = CARTESIAN_POINT('',(-28.00371229636,-70.85867693954,7.99));
#16931 = VECTOR('',#16932,1.);
#16932 = DIRECTION('',(-0.300705799504,-0.953716950748,0.));
#16933 = ORIENTED_EDGE('',*,*,#16934,.T.);
#16934 = EDGE_CURVE('',#16927,#16935,#16937,.T.);
#16935 = VERTEX_POINT('',#16936);
#16936 = CARTESIAN_POINT('',(-28.00371229636,-70.85867693954,17.));
#16937 = LINE('',#16938,#16939);
#16938 = CARTESIAN_POINT('',(-28.00371229636,-70.85867693954,7.99));
#16939 = VECTOR('',#16940,1.);
#16940 = DIRECTION('',(0.,0.,1.));
#16941 = ORIENTED_EDGE('',*,*,#16942,.T.);
#16942 = EDGE_CURVE('',#16935,#14753,#16943,.T.);
#16943 = LINE('',#16944,#16945);
#16944 = CARTESIAN_POINT('',(-28.00371229636,-70.85867693954,17.));
#16945 = VECTOR('',#16946,1.);
#16946 = DIRECTION('',(-0.300705799504,-0.953716950748,0.));
#16947 = ORIENTED_EDGE('',*,*,#14752,.F.);
#16948 = ORIENTED_EDGE('',*,*,#15757,.F.);
#16949 = PLANE('',#16950);
#16950 = AXIS2_PLACEMENT_3D('',#16951,#16952,#16953);
#16951 = CARTESIAN_POINT('',(-28.00371229636,-70.85867693954,7.99));
#16952 = DIRECTION('',(0.953716950748,-0.300705799504,0.));
#16953 = DIRECTION('',(0.,0.,1.));
#16954 = ADVANCED_FACE('',(#16955),#16973,.T.);
#16955 = FACE_BOUND('',#16956,.T.);
#16956 = EDGE_LOOP('',(#16957,#16965,#16971,#16972));
#16957 = ORIENTED_EDGE('',*,*,#16958,.F.);
#16958 = EDGE_CURVE('',#16959,#14761,#16961,.T.);
#16959 = VERTEX_POINT('',#16960);
#16960 = CARTESIAN_POINT('',(-26.57313687024,-71.30973563879,17.));
#16961 = LINE('',#16962,#16963);
#16962 = CARTESIAN_POINT('',(-26.57313687024,-71.30973563879,17.));
#16963 = VECTOR('',#16964,1.);
#16964 = DIRECTION('',(-0.300705799504,-0.953716950748,0.));
#16965 = ORIENTED_EDGE('',*,*,#16966,.F.);
#16966 = EDGE_CURVE('',#16935,#16959,#16967,.T.);
#16967 = LINE('',#16968,#16969);
#16968 = CARTESIAN_POINT('',(-28.00371229636,-70.85867693954,17.));
#16969 = VECTOR('',#16970,1.);
#16970 = DIRECTION('',(0.953716950748,-0.300705799504,0.));
#16971 = ORIENTED_EDGE('',*,*,#16942,.T.);
#16972 = ORIENTED_EDGE('',*,*,#14760,.T.);
#16973 = PLANE('',#16974);
#16974 = AXIS2_PLACEMENT_3D('',#16975,#16976,#16977);
#16975 = CARTESIAN_POINT('',(-28.00371229636,-70.85867693954,17.));
#16976 = DIRECTION('',(0.,0.,1.));
#16977 = DIRECTION('',(-0.300705799504,-0.953716950748,0.));
#16978 = ADVANCED_FACE('',(#16979),#17006,.T.);
#16979 = FACE_BOUND('',#16980,.T.);
#16980 = EDGE_LOOP('',(#16981,#16989,#16997,#17003,#17004,#17005));
#16981 = ORIENTED_EDGE('',*,*,#16982,.F.);
#16982 = EDGE_CURVE('',#16983,#15742,#16985,.T.);
#16983 = VERTEX_POINT('',#16984);
#16984 = CARTESIAN_POINT('',(-28.28836275061,-76.74973712586,7.99));
#16985 = LINE('',#16986,#16987);
#16986 = CARTESIAN_POINT('',(-28.28836275061,-76.74973712586,7.99));
#16987 = VECTOR('',#16988,1.);
#16988 = DIRECTION('',(0.,0.,1.));
#16989 = ORIENTED_EDGE('',*,*,#16990,.F.);
#16990 = EDGE_CURVE('',#16991,#16983,#16993,.T.);
#16991 = VERTEX_POINT('',#16992);
#16992 = CARTESIAN_POINT('',(-26.57313687024,-71.30973563879,7.99));
#16993 = LINE('',#16994,#16995);
#16994 = CARTESIAN_POINT('',(-26.57313687024,-71.30973563879,7.99));
#16995 = VECTOR('',#16996,1.);
#16996 = DIRECTION('',(-0.300705799504,-0.953716950748,0.));
#16997 = ORIENTED_EDGE('',*,*,#16998,.T.);
#16998 = EDGE_CURVE('',#16991,#16959,#16999,.T.);
#16999 = LINE('',#17000,#17001);
#17000 = CARTESIAN_POINT('',(-26.57313687024,-71.30973563879,7.99));
#17001 = VECTOR('',#17002,1.);
#17002 = DIRECTION('',(0.,0.,1.));
#17003 = ORIENTED_EDGE('',*,*,#16958,.T.);
#17004 = ORIENTED_EDGE('',*,*,#14769,.F.);
#17005 = ORIENTED_EDGE('',*,*,#15741,.F.);
#17006 = PLANE('',#17007);
#17007 = AXIS2_PLACEMENT_3D('',#17008,#17009,#17010);
#17008 = CARTESIAN_POINT('',(-26.57313687024,-71.30973563879,7.99));
#17009 = DIRECTION('',(0.953716950748,-0.300705799504,0.));
#17010 = DIRECTION('',(0.,0.,1.));
#17011 = ADVANCED_FACE('',(#17012),#17030,.F.);
#17012 = FACE_BOUND('',#17013,.F.);
#17013 = EDGE_LOOP('',(#17014,#17015,#17023,#17029));
#17014 = ORIENTED_EDGE('',*,*,#15734,.F.);
#17015 = ORIENTED_EDGE('',*,*,#17016,.T.);
#17016 = EDGE_CURVE('',#15727,#17017,#17019,.T.);
#17017 = VERTEX_POINT('',#17018);
#17018 = CARTESIAN_POINT('',(-22.24772003186,-77.01132104686,18.));
#17019 = LINE('',#17020,#17021);
#17020 = CARTESIAN_POINT('',(-22.24772003186,-77.01132104686,8.));
#17021 = VECTOR('',#17022,1.);
#17022 = DIRECTION('',(0.,0.,1.));
#17023 = ORIENTED_EDGE('',*,*,#17024,.T.);
#17024 = EDGE_CURVE('',#17017,#14787,#17025,.T.);
#17025 = LINE('',#17026,#17027);
#17026 = CARTESIAN_POINT('',(-22.24772003186,-77.01132104686,18.));
#17027 = VECTOR('',#17028,1.);
#17028 = DIRECTION('',(-0.207911690818,-0.978147600734,0.));
#17029 = ORIENTED_EDGE('',*,*,#14786,.F.);
#17030 = PLANE('',#17031);
#17031 = AXIS2_PLACEMENT_3D('',#17032,#17033,#17034);
#17032 = CARTESIAN_POINT('',(-22.24772003186,-77.01132104686,8.));
#17033 = DIRECTION('',(0.978147600734,-0.207911690818,0.));
#17034 = DIRECTION('',(0.,0.,1.));
#17035 = ADVANCED_FACE('',(#17036),#17054,.T.);
#17036 = FACE_BOUND('',#17037,.T.);
#17037 = EDGE_LOOP('',(#17038,#17046,#17052,#17053));
#17038 = ORIENTED_EDGE('',*,*,#17039,.F.);
#17039 = EDGE_CURVE('',#17040,#14795,#17042,.T.);
#17040 = VERTEX_POINT('',#17041);
#17041 = CARTESIAN_POINT('',(-10.99902262342,-79.40230549127,18.));
#17042 = LINE('',#17043,#17044);
#17043 = CARTESIAN_POINT('',(-10.99902262342,-79.40230549127,18.));
#17044 = VECTOR('',#17045,1.);
#17045 = DIRECTION('',(-0.207911690818,-0.978147600734,0.));
#17046 = ORIENTED_EDGE('',*,*,#17047,.F.);
#17047 = EDGE_CURVE('',#17017,#17040,#17048,.T.);
#17048 = LINE('',#17049,#17050);
#17049 = CARTESIAN_POINT('',(-22.24772003186,-77.01132104686,18.));
#17050 = VECTOR('',#17051,1.);
#17051 = DIRECTION('',(0.978147600734,-0.207911690818,0.));
#17052 = ORIENTED_EDGE('',*,*,#17024,.T.);
#17053 = ORIENTED_EDGE('',*,*,#14794,.T.);
#17054 = PLANE('',#17055);
#17055 = AXIS2_PLACEMENT_3D('',#17056,#17057,#17058);
#17056 = CARTESIAN_POINT('',(-22.24772003186,-77.01132104686,18.));
#17057 = DIRECTION('',(0.,0.,1.));
#17058 = DIRECTION('',(-0.207911690818,-0.978147600734,0.));
#17059 = ADVANCED_FACE('',(#17060),#17071,.T.);
#17060 = FACE_BOUND('',#17061,.T.);
#17061 = EDGE_LOOP('',(#17062,#17063,#17069,#17070));
#17062 = ORIENTED_EDGE('',*,*,#15686,.F.);
#17063 = ORIENTED_EDGE('',*,*,#17064,.T.);
#17064 = EDGE_CURVE('',#15687,#17040,#17065,.T.);
#17065 = LINE('',#17066,#17067);
#17066 = CARTESIAN_POINT('',(-10.99902262342,-79.40230549127,8.));
#17067 = VECTOR('',#17068,1.);
#17068 = DIRECTION('',(0.,0.,1.));
#17069 = ORIENTED_EDGE('',*,*,#17039,.T.);
#17070 = ORIENTED_EDGE('',*,*,#14803,.F.);
#17071 = PLANE('',#17072);
#17072 = AXIS2_PLACEMENT_3D('',#17073,#17074,#17075);
#17073 = CARTESIAN_POINT('',(-10.99902262342,-79.40230549127,8.));
#17074 = DIRECTION('',(0.978147600734,-0.207911690818,0.));
#17075 = DIRECTION('',(0.,0.,1.));
#17076 = ADVANCED_FACE('',(#17077),#17111,.F.);
#17077 = FACE_BOUND('',#17078,.F.);
#17078 = EDGE_LOOP('',(#17079,#17089,#17097,#17103,#17104,#17105));
#17079 = ORIENTED_EDGE('',*,*,#17080,.F.);
#17080 = EDGE_CURVE('',#17081,#17083,#17085,.T.);
#17081 = VERTEX_POINT('',#17082);
#17082 = CARTESIAN_POINT('',(-3.,-79.57975131106,7.99));
#17083 = VERTEX_POINT('',#17084);
#17084 = CARTESIAN_POINT('',(-3.,-81.704,7.99));
#17085 = LINE('',#17086,#17087);
#17086 = CARTESIAN_POINT('',(-3.,-76.934,7.99));
#17087 = VECTOR('',#17088,1.);
#17088 = DIRECTION('',(-2.22044604925E-16,-1.,0.));
#17089 = ORIENTED_EDGE('',*,*,#17090,.T.);
#17090 = EDGE_CURVE('',#17081,#17091,#17093,.T.);
#17091 = VERTEX_POINT('',#17092);
#17092 = CARTESIAN_POINT('',(-3.,-79.57975131106,16.9));
#17093 = LINE('',#17094,#17095);
#17094 = CARTESIAN_POINT('',(-3.,-79.57975131106,7.99));
#17095 = VECTOR('',#17096,1.);
#17096 = DIRECTION('',(0.,0.,1.));
#17097 = ORIENTED_EDGE('',*,*,#17098,.T.);
#17098 = EDGE_CURVE('',#17091,#14821,#17099,.T.);
#17099 = LINE('',#17100,#17101);
#17100 = CARTESIAN_POINT('',(-3.,-76.934,16.9));
#17101 = VECTOR('',#17102,1.);
#17102 = DIRECTION('',(-2.22044604925E-16,-1.,0.));
#17103 = ORIENTED_EDGE('',*,*,#14820,.F.);
#17104 = ORIENTED_EDGE('',*,*,#15679,.F.);
#17105 = ORIENTED_EDGE('',*,*,#17106,.F.);
#17106 = EDGE_CURVE('',#17083,#15672,#17107,.T.);
#17107 = LINE('',#17108,#17109);
#17108 = CARTESIAN_POINT('',(-3.,-81.704,7.99));
#17109 = VECTOR('',#17110,1.);
#17110 = DIRECTION('',(0.,0.,1.));
#17111 = PLANE('',#17112);
#17112 = AXIS2_PLACEMENT_3D('',#17113,#17114,#17115);
#17113 = CARTESIAN_POINT('',(-3.,-76.934,7.99));
#17114 = DIRECTION('',(1.,-2.22044604925E-16,0.));
#17115 = DIRECTION('',(0.,0.,1.));
#17116 = ADVANCED_FACE('',(#17117),#17145,.T.);
#17117 = FACE_BOUND('',#17118,.T.);
#17118 = EDGE_LOOP('',(#17119,#17127,#17136,#17143,#17144));
#17119 = ORIENTED_EDGE('',*,*,#17120,.F.);
#17120 = EDGE_CURVE('',#17121,#14829,#17123,.T.);
#17121 = VERTEX_POINT('',#17122);
#17122 = CARTESIAN_POINT('',(3.,-79.57975131106,16.9));
#17123 = LINE('',#17124,#17125);
#17124 = CARTESIAN_POINT('',(3.,-76.934,16.9));
#17125 = VECTOR('',#17126,1.);
#17126 = DIRECTION('',(-2.22044604925E-16,-1.,0.));
#17127 = ORIENTED_EDGE('',*,*,#17128,.F.);
#17128 = EDGE_CURVE('',#17129,#17121,#17131,.T.);
#17129 = VERTEX_POINT('',#17130);
#17130 = CARTESIAN_POINT('',(-1.600044238586E-14,-80.934,16.9));
#17131 = CIRCLE('',#17132,4.);
#17132 = AXIS2_PLACEMENT_3D('',#17133,#17134,#17135);
#17133 = CARTESIAN_POINT('',(-1.413254652684E-14,-76.934,16.9));
#17134 = DIRECTION('',(0.,0.,1.));
#17135 = DIRECTION('',(-2.22044604925E-16,-1.,0.));
#17136 = ORIENTED_EDGE('',*,*,#17137,.F.);
#17137 = EDGE_CURVE('',#17091,#17129,#17138,.T.);
#17138 = CIRCLE('',#17139,4.);
#17139 = AXIS2_PLACEMENT_3D('',#17140,#17141,#17142);
#17140 = CARTESIAN_POINT('',(-1.413254652684E-14,-76.934,16.9));
#17141 = DIRECTION('',(0.,0.,1.));
#17142 = DIRECTION('',(-2.22044604925E-16,-1.,0.));
#17143 = ORIENTED_EDGE('',*,*,#17098,.T.);
#17144 = ORIENTED_EDGE('',*,*,#14828,.T.);
#17145 = PLANE('',#17146);
#17146 = AXIS2_PLACEMENT_3D('',#17147,#17148,#17149);
#17147 = CARTESIAN_POINT('',(-3.,-76.934,16.9));
#17148 = DIRECTION('',(0.,0.,1.));
#17149 = DIRECTION('',(-2.22044604925E-16,-1.,0.));
#17150 = ADVANCED_FACE('',(#17151),#17178,.T.);
#17151 = FACE_BOUND('',#17152,.T.);
#17152 = EDGE_LOOP('',(#17153,#17163,#17169,#17170,#17171,#17172));
#17153 = ORIENTED_EDGE('',*,*,#17154,.F.);
#17154 = EDGE_CURVE('',#17155,#17157,#17159,.T.);
#17155 = VERTEX_POINT('',#17156);
#17156 = CARTESIAN_POINT('',(3.,-79.57975131106,7.99));
#17157 = VERTEX_POINT('',#17158);
#17158 = CARTESIAN_POINT('',(3.,-81.704,7.99));
#17159 = LINE('',#17160,#17161);
#17160 = CARTESIAN_POINT('',(3.,-76.934,7.99));
#17161 = VECTOR('',#17162,1.);
#17162 = DIRECTION('',(-2.22044604925E-16,-1.,0.));
#17163 = ORIENTED_EDGE('',*,*,#17164,.T.);
#17164 = EDGE_CURVE('',#17155,#17121,#17165,.T.);
#17165 = LINE('',#17166,#17167);
#17166 = CARTESIAN_POINT('',(3.,-79.57975131106,7.99));
#17167 = VECTOR('',#17168,1.);
#17168 = DIRECTION('',(0.,0.,1.));
#17169 = ORIENTED_EDGE('',*,*,#17120,.T.);
#17170 = ORIENTED_EDGE('',*,*,#14837,.F.);
#17171 = ORIENTED_EDGE('',*,*,#15663,.F.);
#17172 = ORIENTED_EDGE('',*,*,#17173,.F.);
#17173 = EDGE_CURVE('',#17157,#15664,#17174,.T.);
#17174 = LINE('',#17175,#17176);
#17175 = CARTESIAN_POINT('',(3.,-81.704,7.99));
#17176 = VECTOR('',#17177,1.);
#17177 = DIRECTION('',(0.,0.,1.));
#17178 = PLANE('',#17179);
#17179 = AXIS2_PLACEMENT_3D('',#17180,#17181,#17182);
#17180 = CARTESIAN_POINT('',(3.,-76.934,7.99));
#17181 = DIRECTION('',(1.,-2.22044604925E-16,0.));
#17182 = DIRECTION('',(0.,0.,1.));
#17183 = ADVANCED_FACE('',(#17184),#17218,.F.);
#17184 = FACE_BOUND('',#17185,.F.);
#17185 = EDGE_LOOP('',(#17186,#17194,#17202,#17210,#17216,#17217));
#17186 = ORIENTED_EDGE('',*,*,#17187,.F.);
#17187 = EDGE_CURVE('',#17188,#15649,#17190,.T.);
#17188 = VERTEX_POINT('',#17189);
#17189 = CARTESIAN_POINT('',(60.33913854669,-55.19947441274,7.99));
#17190 = LINE('',#17191,#17192);
#17191 = CARTESIAN_POINT('',(60.33913854669,-55.19947441274,7.99));
#17192 = VECTOR('',#17193,1.);
#17193 = DIRECTION('',(0.,0.,1.));
#17194 = ORIENTED_EDGE('',*,*,#17195,.F.);
#17195 = EDGE_CURVE('',#17196,#17188,#17198,.T.);
#17196 = VERTEX_POINT('',#17197);
#17197 = CARTESIAN_POINT('',(56.891938552655,-52.30693016915,7.99));
#17198 = LINE('',#17199,#17200);
#17199 = CARTESIAN_POINT('',(56.891938552655,-52.30693016915,7.99));
#17200 = VECTOR('',#17201,1.);
#17201 = DIRECTION('',(0.766044443119,-0.642787609687,0.));
#17202 = ORIENTED_EDGE('',*,*,#17203,.T.);
#17203 = EDGE_CURVE('',#17196,#17204,#17206,.T.);
#17204 = VERTEX_POINT('',#17205);
#17205 = CARTESIAN_POINT('',(56.891938552655,-52.30693016915,16.));
#17206 = LINE('',#17207,#17208);
#17207 = CARTESIAN_POINT('',(56.891938552655,-52.30693016915,7.99));
#17208 = VECTOR('',#17209,1.);
#17209 = DIRECTION('',(0.,0.,1.));
#17210 = ORIENTED_EDGE('',*,*,#17211,.T.);
#17211 = EDGE_CURVE('',#17204,#14855,#17212,.T.);
#17212 = LINE('',#17213,#17214);
#17213 = CARTESIAN_POINT('',(56.891938552655,-52.30693016915,16.));
#17214 = VECTOR('',#17215,1.);
#17215 = DIRECTION('',(0.766044443119,-0.642787609687,0.));
#17216 = ORIENTED_EDGE('',*,*,#14854,.F.);
#17217 = ORIENTED_EDGE('',*,*,#15656,.F.);
#17218 = PLANE('',#17219);
#17219 = AXIS2_PLACEMENT_3D('',#17220,#17221,#17222);
#17220 = CARTESIAN_POINT('',(56.891938552655,-52.30693016915,7.99));
#17221 = DIRECTION('',(0.642787609687,0.766044443119,0.));
#17222 = DIRECTION('',(0.,0.,1.));
#17223 = ADVANCED_FACE('',(#17224),#17243,.T.);
#17224 = FACE_BOUND('',#17225,.T.);
#17225 = EDGE_LOOP('',(#17226,#17234,#17241,#17242));
#17226 = ORIENTED_EDGE('',*,*,#17227,.F.);
#17227 = EDGE_CURVE('',#17228,#14863,#17230,.T.);
#17228 = VERTEX_POINT('',#17229);
#17229 = CARTESIAN_POINT('',(61.39145182046,-46.94461906732,16.));
#17230 = LINE('',#17231,#17232);
#17231 = CARTESIAN_POINT('',(61.39145182046,-46.94461906732,16.));
#17232 = VECTOR('',#17233,1.);
#17233 = DIRECTION('',(0.766044443119,-0.642787609687,0.));
#17234 = ORIENTED_EDGE('',*,*,#17235,.T.);
#17235 = EDGE_CURVE('',#17228,#17204,#17236,.T.);
#17236 = CIRCLE('',#17237,3.5);
#17237 = AXIS2_PLACEMENT_3D('',#17238,#17239,#17240);
#17238 = CARTESIAN_POINT('',(59.141695186558,-49.62577461824,16.));
#17239 = DIRECTION('',(-0.,0.,1.));
#17240 = DIRECTION('',(0.766044443119,-0.642787609687,0.));
#17241 = ORIENTED_EDGE('',*,*,#17211,.T.);
#17242 = ORIENTED_EDGE('',*,*,#14862,.T.);
#17243 = PLANE('',#17244);
#17244 = AXIS2_PLACEMENT_3D('',#17245,#17246,#17247);
#17245 = CARTESIAN_POINT('',(56.891938552655,-52.30693016915,16.));
#17246 = DIRECTION('',(0.,0.,1.));
#17247 = DIRECTION('',(0.766044443119,-0.642787609687,0.));
#17248 = ADVANCED_FACE('',(#17249),#17276,.T.);
#17249 = FACE_BOUND('',#17250,.T.);
#17250 = EDGE_LOOP('',(#17251,#17259,#17267,#17273,#17274,#17275));
#17251 = ORIENTED_EDGE('',*,*,#17252,.F.);
#17252 = EDGE_CURVE('',#17253,#15641,#17255,.T.);
#17253 = VERTEX_POINT('',#17254);
#17254 = CARTESIAN_POINT('',(64.838651814496,-49.83716331091,7.99));
#17255 = LINE('',#17256,#17257);
#17256 = CARTESIAN_POINT('',(64.838651814496,-49.83716331091,7.99));
#17257 = VECTOR('',#17258,1.);
#17258 = DIRECTION('',(0.,0.,1.));
#17259 = ORIENTED_EDGE('',*,*,#17260,.F.);
#17260 = EDGE_CURVE('',#17261,#17253,#17263,.T.);
#17261 = VERTEX_POINT('',#17262);
#17262 = CARTESIAN_POINT('',(61.39145182046,-46.94461906732,7.99));
#17263 = LINE('',#17264,#17265);
#17264 = CARTESIAN_POINT('',(61.39145182046,-46.94461906732,7.99));
#17265 = VECTOR('',#17266,1.);
#17266 = DIRECTION('',(0.766044443119,-0.642787609687,0.));
#17267 = ORIENTED_EDGE('',*,*,#17268,.T.);
#17268 = EDGE_CURVE('',#17261,#17228,#17269,.T.);
#17269 = LINE('',#17270,#17271);
#17270 = CARTESIAN_POINT('',(61.39145182046,-46.94461906732,7.99));
#17271 = VECTOR('',#17272,1.);
#17272 = DIRECTION('',(0.,0.,1.));
#17273 = ORIENTED_EDGE('',*,*,#17227,.T.);
#17274 = ORIENTED_EDGE('',*,*,#14871,.F.);
#17275 = ORIENTED_EDGE('',*,*,#15640,.F.);
#17276 = PLANE('',#17277);
#17277 = AXIS2_PLACEMENT_3D('',#17278,#17279,#17280);
#17278 = CARTESIAN_POINT('',(61.39145182046,-46.94461906732,7.99));
#17279 = DIRECTION('',(0.642787609687,0.766044443119,0.));
#17280 = DIRECTION('',(0.,0.,1.));
#17281 = ADVANCED_FACE('',(#17282),#17316,.T.);
#17282 = FACE_BOUND('',#17283,.T.);
#17283 = EDGE_LOOP('',(#17284,#17294,#17302,#17308,#17309,#17310));
#17284 = ORIENTED_EDGE('',*,*,#17285,.F.);
#17285 = EDGE_CURVE('',#17286,#17288,#17290,.T.);
#17286 = VERTEX_POINT('',#17287);
#17287 = CARTESIAN_POINT('',(67.41808626223,42.387951866886,7.99));
#17288 = VERTEX_POINT('',#17289);
#17289 = CARTESIAN_POINT('',(69.257739590804,43.450076211353,7.99));
#17290 = LINE('',#17291,#17292);
#17291 = CARTESIAN_POINT('',(65.126798414752,41.065076211353,7.99));
#17292 = VECTOR('',#17293,1.);
#17293 = DIRECTION('',(0.866025403784,0.5,0.));
#17294 = ORIENTED_EDGE('',*,*,#17295,.T.);
#17295 = EDGE_CURVE('',#17286,#17296,#17298,.T.);
#17296 = VERTEX_POINT('',#17297);
#17297 = CARTESIAN_POINT('',(67.41808626223,42.387951866886,16.9));
#17298 = LINE('',#17299,#17300);
#17299 = CARTESIAN_POINT('',(67.41808626223,42.387951866886,7.99));
#17300 = VECTOR('',#17301,1.);
#17301 = DIRECTION('',(0.,0.,1.));
#17302 = ORIENTED_EDGE('',*,*,#17303,.T.);
#17303 = EDGE_CURVE('',#17296,#14897,#17304,.T.);
#17304 = LINE('',#17305,#17306);
#17305 = CARTESIAN_POINT('',(65.126798414752,41.065076211353,16.9));
#17306 = VECTOR('',#17307,1.);
#17307 = DIRECTION('',(0.866025403784,0.5,0.));
#17308 = ORIENTED_EDGE('',*,*,#14905,.F.);
#17309 = ORIENTED_EDGE('',*,*,#15617,.F.);
#17310 = ORIENTED_EDGE('',*,*,#17311,.F.);
#17311 = EDGE_CURVE('',#17288,#15618,#17312,.T.);
#17312 = LINE('',#17313,#17314);
#17313 = CARTESIAN_POINT('',(69.257739590804,43.450076211353,7.99));
#17314 = VECTOR('',#17315,1.);
#17315 = DIRECTION('',(0.,0.,1.));
#17316 = PLANE('',#17317);
#17317 = AXIS2_PLACEMENT_3D('',#17318,#17319,#17320);
#17318 = CARTESIAN_POINT('',(65.126798414752,41.065076211353,7.99));
#17319 = DIRECTION('',(-0.5,0.866025403784,0.));
#17320 = DIRECTION('',(0.,0.,1.));
#17321 = ADVANCED_FACE('',(#17322),#17350,.T.);
#17322 = FACE_BOUND('',#17323,.T.);
#17323 = EDGE_LOOP('',(#17324,#17325,#17334,#17343,#17349));
#17324 = ORIENTED_EDGE('',*,*,#17303,.F.);
#17325 = ORIENTED_EDGE('',*,*,#17326,.F.);
#17326 = EDGE_CURVE('',#17327,#17296,#17329,.T.);
#17327 = VERTEX_POINT('',#17328);
#17328 = CARTESIAN_POINT('',(70.09090002989,40.467,16.9));
#17329 = CIRCLE('',#17330,4.);
#17330 = AXIS2_PLACEMENT_3D('',#17331,#17332,#17333);
#17331 = CARTESIAN_POINT('',(66.626798414752,38.467,16.9));
#17332 = DIRECTION('',(0.,0.,1.));
#17333 = DIRECTION('',(0.866025403784,0.5,-0.));
#17334 = ORIENTED_EDGE('',*,*,#17335,.F.);
#17335 = EDGE_CURVE('',#17336,#17327,#17338,.T.);
#17336 = VERTEX_POINT('',#17337);
#17337 = CARTESIAN_POINT('',(70.41808626223,37.191799444179,16.9));
#17338 = CIRCLE('',#17339,4.);
#17339 = AXIS2_PLACEMENT_3D('',#17340,#17341,#17342);
#17340 = CARTESIAN_POINT('',(66.626798414752,38.467,16.9));
#17341 = DIRECTION('',(0.,0.,1.));
#17342 = DIRECTION('',(0.866025403784,0.5,-0.));
#17343 = ORIENTED_EDGE('',*,*,#17344,.T.);
#17344 = EDGE_CURVE('',#17336,#14889,#17345,.T.);
#17345 = LINE('',#17346,#17347);
#17346 = CARTESIAN_POINT('',(68.126798414752,35.868923788647,16.9));
#17347 = VECTOR('',#17348,1.);
#17348 = DIRECTION('',(0.866025403784,0.5,0.));
#17349 = ORIENTED_EDGE('',*,*,#14896,.T.);
#17350 = PLANE('',#17351);
#17351 = AXIS2_PLACEMENT_3D('',#17352,#17353,#17354);
#17352 = CARTESIAN_POINT('',(68.126798414752,35.868923788647,16.9));
#17353 = DIRECTION('',(0.,0.,1.));
#17354 = DIRECTION('',(0.866025403784,0.5,0.));
#17355 = ADVANCED_FACE('',(#17356),#17383,.F.);
#17356 = FACE_BOUND('',#17357,.F.);
#17357 = EDGE_LOOP('',(#17358,#17368,#17374,#17375,#17376,#17377));
#17358 = ORIENTED_EDGE('',*,*,#17359,.F.);
#17359 = EDGE_CURVE('',#17360,#17362,#17364,.T.);
#17360 = VERTEX_POINT('',#17361);
#17361 = CARTESIAN_POINT('',(70.41808626223,37.191799444179,7.99));
#17362 = VERTEX_POINT('',#17363);
#17363 = CARTESIAN_POINT('',(72.257739590804,38.253923788647,7.99));
#17364 = LINE('',#17365,#17366);
#17365 = CARTESIAN_POINT('',(68.126798414752,35.868923788647,7.99));
#17366 = VECTOR('',#17367,1.);
#17367 = DIRECTION('',(0.866025403784,0.5,0.));
#17368 = ORIENTED_EDGE('',*,*,#17369,.T.);
#17369 = EDGE_CURVE('',#17360,#17336,#17370,.T.);
#17370 = LINE('',#17371,#17372);
#17371 = CARTESIAN_POINT('',(70.41808626223,37.191799444179,7.99));
#17372 = VECTOR('',#17373,1.);
#17373 = DIRECTION('',(0.,0.,1.));
#17374 = ORIENTED_EDGE('',*,*,#17344,.T.);
#17375 = ORIENTED_EDGE('',*,*,#14888,.F.);
#17376 = ORIENTED_EDGE('',*,*,#15633,.F.);
#17377 = ORIENTED_EDGE('',*,*,#17378,.F.);
#17378 = EDGE_CURVE('',#17362,#15626,#17379,.T.);
#17379 = LINE('',#17380,#17381);
#17380 = CARTESIAN_POINT('',(72.257739590804,38.253923788647,7.99));
#17381 = VECTOR('',#17382,1.);
#17382 = DIRECTION('',(0.,0.,1.));
#17383 = PLANE('',#17384);
#17384 = AXIS2_PLACEMENT_3D('',#17385,#17386,#17387);
#17385 = CARTESIAN_POINT('',(68.126798414752,35.868923788647,7.99));
#17386 = DIRECTION('',(-0.5,0.866025403784,0.));
#17387 = DIRECTION('',(0.,0.,1.));
#17388 = ADVANCED_FACE('',(#17389),#17400,.T.);
#17389 = FACE_BOUND('',#17390,.T.);
#17390 = EDGE_LOOP('',(#17391,#17392,#17398,#17399));
#17391 = ORIENTED_EDGE('',*,*,#17378,.F.);
#17392 = ORIENTED_EDGE('',*,*,#17393,.T.);
#17393 = EDGE_CURVE('',#17362,#17288,#17394,.T.);
#17394 = LINE('',#17395,#17396);
#17395 = CARTESIAN_POINT('',(72.257739590804,38.253923788647,7.99));
#17396 = VECTOR('',#17397,1.);
#17397 = DIRECTION('',(-0.5,0.866025403784,0.));
#17398 = ORIENTED_EDGE('',*,*,#17311,.T.);
#17399 = ORIENTED_EDGE('',*,*,#15625,.F.);
#17400 = PLANE('',#17401);
#17401 = AXIS2_PLACEMENT_3D('',#17402,#17403,#17404);
#17402 = CARTESIAN_POINT('',(72.257739590804,38.253923788647,7.99));
#17403 = DIRECTION('',(0.866025403784,0.5,0.));
#17404 = DIRECTION('',(0.,0.,1.));
#17405 = ADVANCED_FACE('',(#17406),#17417,.T.);
#17406 = FACE_BOUND('',#17407,.T.);
#17407 = EDGE_LOOP('',(#17408,#17409,#17415,#17416));
#17408 = ORIENTED_EDGE('',*,*,#17187,.F.);
#17409 = ORIENTED_EDGE('',*,*,#17410,.T.);
#17410 = EDGE_CURVE('',#17188,#17253,#17411,.T.);
#17411 = LINE('',#17412,#17413);
#17412 = CARTESIAN_POINT('',(60.33913854669,-55.19947441274,7.99));
#17413 = VECTOR('',#17414,1.);
#17414 = DIRECTION('',(0.642787609687,0.766044443119,0.));
#17415 = ORIENTED_EDGE('',*,*,#17252,.T.);
#17416 = ORIENTED_EDGE('',*,*,#15648,.F.);
#17417 = PLANE('',#17418);
#17418 = AXIS2_PLACEMENT_3D('',#17419,#17420,#17421);
#17419 = CARTESIAN_POINT('',(60.33913854669,-55.19947441274,7.99));
#17420 = DIRECTION('',(0.766044443119,-0.642787609687,0.));
#17421 = DIRECTION('',(0.,0.,1.));
#17422 = ADVANCED_FACE('',(#17423),#17434,.T.);
#17423 = FACE_BOUND('',#17424,.T.);
#17424 = EDGE_LOOP('',(#17425,#17426,#17432,#17433));
#17425 = ORIENTED_EDGE('',*,*,#17106,.F.);
#17426 = ORIENTED_EDGE('',*,*,#17427,.T.);
#17427 = EDGE_CURVE('',#17083,#17157,#17428,.T.);
#17428 = LINE('',#17429,#17430);
#17429 = CARTESIAN_POINT('',(-3.,-81.704,7.99));
#17430 = VECTOR('',#17431,1.);
#17431 = DIRECTION('',(1.,-2.22044604925E-16,0.));
#17432 = ORIENTED_EDGE('',*,*,#17173,.T.);
#17433 = ORIENTED_EDGE('',*,*,#15671,.F.);
#17434 = PLANE('',#17435);
#17435 = AXIS2_PLACEMENT_3D('',#17436,#17437,#17438);
#17436 = CARTESIAN_POINT('',(-3.,-81.704,7.99));
#17437 = DIRECTION('',(-2.22044604925E-16,-1.,0.));
#17438 = DIRECTION('',(0.,0.,1.));
#17439 = ADVANCED_FACE('',(#17440),#17469,.F.);
#17440 = FACE_BOUND('',#17441,.F.);
#17441 = EDGE_LOOP('',(#17442,#17443,#17444,#17445,#17453,#17461,#17467,
    #17468));
#17442 = ORIENTED_EDGE('',*,*,#17047,.F.);
#17443 = ORIENTED_EDGE('',*,*,#17016,.F.);
#17444 = ORIENTED_EDGE('',*,*,#15726,.T.);
#17445 = ORIENTED_EDGE('',*,*,#17446,.T.);
#17446 = EDGE_CURVE('',#15719,#17447,#17449,.T.);
#17447 = VERTEX_POINT('',#17448);
#17448 = CARTESIAN_POINT('',(-20.3214115986,-77.42077054415,17.));
#17449 = LINE('',#17450,#17451);
#17450 = CARTESIAN_POINT('',(-20.3214115986,-77.42077054415,7.995));
#17451 = VECTOR('',#17452,1.);
#17452 = DIRECTION('',(0.,0.,1.));
#17453 = ORIENTED_EDGE('',*,*,#17454,.F.);
#17454 = EDGE_CURVE('',#17455,#17447,#17457,.T.);
#17455 = VERTEX_POINT('',#17456);
#17456 = CARTESIAN_POINT('',(-18.84740415964,-77.73408049725,17.));
#17457 = LINE('',#17458,#17459);
#17458 = CARTESIAN_POINT('',(-21.09948822248,-77.25538525227,17.));
#17459 = VECTOR('',#17460,1.);
#17460 = DIRECTION('',(-0.978147600734,0.207911690818,0.));
#17461 = ORIENTED_EDGE('',*,*,#17462,.F.);
#17462 = EDGE_CURVE('',#15695,#17455,#17463,.T.);
#17463 = LINE('',#17464,#17465);
#17464 = CARTESIAN_POINT('',(-18.84740415964,-77.73408049725,7.995));
#17465 = VECTOR('',#17466,1.);
#17466 = DIRECTION('',(0.,0.,1.));
#17467 = ORIENTED_EDGE('',*,*,#15694,.T.);
#17468 = ORIENTED_EDGE('',*,*,#17064,.T.);
#17469 = PLANE('',#17470);
#17470 = AXIS2_PLACEMENT_3D('',#17471,#17472,#17473);
#17471 = CARTESIAN_POINT('',(-22.24772003186,-77.01132104686,8.));
#17472 = DIRECTION('',(-0.207911690818,-0.978147600734,0.));
#17473 = DIRECTION('',(0.,0.,1.));
#17474 = ADVANCED_FACE('',(#17475),#17509,.T.);
#17475 = FACE_BOUND('',#17476,.T.);
#17476 = EDGE_LOOP('',(#17477,#17485,#17493,#17501,#17507,#17508));
#17477 = ORIENTED_EDGE('',*,*,#17478,.F.);
#17478 = EDGE_CURVE('',#17479,#15703,#17481,.T.);
#17479 = VERTEX_POINT('',#17480);
#17480 = CARTESIAN_POINT('',(-19.41879510865,-79.54630106125,7.99));
#17481 = LINE('',#17482,#17483);
#17482 = CARTESIAN_POINT('',(-19.41879510865,-79.54630106125,7.99));
#17483 = VECTOR('',#17484,1.);
#17484 = DIRECTION('',(0.,0.,1.));
#17485 = ORIENTED_EDGE('',*,*,#17486,.F.);
#17486 = EDGE_CURVE('',#17487,#17479,#17489,.T.);
#17487 = VERTEX_POINT('',#17488);
#17488 = CARTESIAN_POINT('',(-17.70356922828,-74.10629957418,7.99));
#17489 = LINE('',#17490,#17491);
#17490 = CARTESIAN_POINT('',(-17.70356922828,-74.10629957418,7.99));
#17491 = VECTOR('',#17492,1.);
#17492 = DIRECTION('',(-0.300705799504,-0.953716950748,0.));
#17493 = ORIENTED_EDGE('',*,*,#17494,.T.);
#17494 = EDGE_CURVE('',#17487,#17495,#17497,.T.);
#17495 = VERTEX_POINT('',#17496);
#17496 = CARTESIAN_POINT('',(-17.70356922828,-74.10629957418,17.));
#17497 = LINE('',#17498,#17499);
#17498 = CARTESIAN_POINT('',(-17.70356922828,-74.10629957418,7.99));
#17499 = VECTOR('',#17500,1.);
#17500 = DIRECTION('',(0.,0.,1.));
#17501 = ORIENTED_EDGE('',*,*,#17502,.T.);
#17502 = EDGE_CURVE('',#17495,#17455,#17503,.T.);
#17503 = LINE('',#17504,#17505);
#17504 = CARTESIAN_POINT('',(-17.70356922828,-74.10629957418,17.));
#17505 = VECTOR('',#17506,1.);
#17506 = DIRECTION('',(-0.300705799504,-0.953716950748,0.));
#17507 = ORIENTED_EDGE('',*,*,#17462,.F.);
#17508 = ORIENTED_EDGE('',*,*,#15702,.F.);
#17509 = PLANE('',#17510);
#17510 = AXIS2_PLACEMENT_3D('',#17511,#17512,#17513);
#17511 = CARTESIAN_POINT('',(-17.70356922828,-74.10629957418,7.99));
#17512 = DIRECTION('',(0.953716950748,-0.300705799504,0.));
#17513 = DIRECTION('',(0.,0.,1.));
#17514 = ADVANCED_FACE('',(#17515),#17533,.T.);
#17515 = FACE_BOUND('',#17516,.T.);
#17516 = EDGE_LOOP('',(#17517,#17525,#17531,#17532));
#17517 = ORIENTED_EDGE('',*,*,#17518,.F.);
#17518 = EDGE_CURVE('',#17519,#15711,#17521,.T.);
#17519 = VERTEX_POINT('',#17520);
#17520 = CARTESIAN_POINT('',(-20.84937053477,-79.095242362,7.99));
#17521 = LINE('',#17522,#17523);
#17522 = CARTESIAN_POINT('',(-20.84937053477,-79.095242362,7.99));
#17523 = VECTOR('',#17524,1.);
#17524 = DIRECTION('',(0.,0.,1.));
#17525 = ORIENTED_EDGE('',*,*,#17526,.T.);
#17526 = EDGE_CURVE('',#17519,#17479,#17527,.T.);
#17527 = LINE('',#17528,#17529);
#17528 = CARTESIAN_POINT('',(-20.84937053477,-79.095242362,7.99));
#17529 = VECTOR('',#17530,1.);
#17530 = DIRECTION('',(0.953716950748,-0.300705799504,0.));
#17531 = ORIENTED_EDGE('',*,*,#17478,.T.);
#17532 = ORIENTED_EDGE('',*,*,#15710,.F.);
#17533 = PLANE('',#17534);
#17534 = AXIS2_PLACEMENT_3D('',#17535,#17536,#17537);
#17535 = CARTESIAN_POINT('',(-20.84937053477,-79.095242362,7.99));
#17536 = DIRECTION('',(-0.300705799504,-0.953716950748,0.));
#17537 = DIRECTION('',(0.,0.,1.));
#17538 = ADVANCED_FACE('',(#17539),#17566,.F.);
#17539 = FACE_BOUND('',#17540,.F.);
#17540 = EDGE_LOOP('',(#17541,#17542,#17550,#17558,#17564,#17565));
#17541 = ORIENTED_EDGE('',*,*,#17518,.F.);
#17542 = ORIENTED_EDGE('',*,*,#17543,.F.);
#17543 = EDGE_CURVE('',#17544,#17519,#17546,.T.);
#17544 = VERTEX_POINT('',#17545);
#17545 = CARTESIAN_POINT('',(-19.1341446544,-73.65524087493,7.99));
#17546 = LINE('',#17547,#17548);
#17547 = CARTESIAN_POINT('',(-19.1341446544,-73.65524087493,7.99));
#17548 = VECTOR('',#17549,1.);
#17549 = DIRECTION('',(-0.300705799504,-0.953716950748,0.));
#17550 = ORIENTED_EDGE('',*,*,#17551,.T.);
#17551 = EDGE_CURVE('',#17544,#17552,#17554,.T.);
#17552 = VERTEX_POINT('',#17553);
#17553 = CARTESIAN_POINT('',(-19.1341446544,-73.65524087493,17.));
#17554 = LINE('',#17555,#17556);
#17555 = CARTESIAN_POINT('',(-19.1341446544,-73.65524087493,7.99));
#17556 = VECTOR('',#17557,1.);
#17557 = DIRECTION('',(0.,0.,1.));
#17558 = ORIENTED_EDGE('',*,*,#17559,.F.);
#17559 = EDGE_CURVE('',#17447,#17552,#17560,.T.);
#17560 = LINE('',#17561,#17562);
#17561 = CARTESIAN_POINT('',(-20.3214115986,-77.42077054415,17.));
#17562 = VECTOR('',#17563,1.);
#17563 = DIRECTION('',(0.300705799504,0.953716950748,0.));
#17564 = ORIENTED_EDGE('',*,*,#17446,.F.);
#17565 = ORIENTED_EDGE('',*,*,#15718,.F.);
#17566 = PLANE('',#17567);
#17567 = AXIS2_PLACEMENT_3D('',#17568,#17569,#17570);
#17568 = CARTESIAN_POINT('',(-19.1341446544,-73.65524087493,7.99));
#17569 = DIRECTION('',(0.953716950748,-0.300705799504,0.));
#17570 = DIRECTION('',(0.,0.,1.));
#17571 = ADVANCED_FACE('',(#17572),#17583,.T.);
#17572 = FACE_BOUND('',#17573,.T.);
#17573 = EDGE_LOOP('',(#17574,#17575,#17581,#17582));
#17574 = ORIENTED_EDGE('',*,*,#16918,.F.);
#17575 = ORIENTED_EDGE('',*,*,#17576,.T.);
#17576 = EDGE_CURVE('',#16919,#16983,#17577,.T.);
#17577 = LINE('',#17578,#17579);
#17578 = CARTESIAN_POINT('',(-29.71893817673,-76.29867842661,7.99));
#17579 = VECTOR('',#17580,1.);
#17580 = DIRECTION('',(0.953716950748,-0.300705799504,0.));
#17581 = ORIENTED_EDGE('',*,*,#16982,.T.);
#17582 = ORIENTED_EDGE('',*,*,#15749,.F.);
#17583 = PLANE('',#17584);
#17584 = AXIS2_PLACEMENT_3D('',#17585,#17586,#17587);
#17585 = CARTESIAN_POINT('',(-29.71893817673,-76.29867842661,7.99));
#17586 = DIRECTION('',(-0.300705799504,-0.953716950748,0.));
#17587 = DIRECTION('',(0.,0.,1.));
#17588 = ADVANCED_FACE('',(#17589),#17600,.T.);
#17589 = FACE_BOUND('',#17590,.T.);
#17590 = EDGE_LOOP('',(#17591,#17592,#17598,#17599));
#17591 = ORIENTED_EDGE('',*,*,#16820,.F.);
#17592 = ORIENTED_EDGE('',*,*,#17593,.T.);
#17593 = EDGE_CURVE('',#16821,#16886,#17594,.T.);
#17594 = LINE('',#17595,#17596);
#17595 = CARTESIAN_POINT('',(-43.88308891324,-69.0077395908,7.99));
#17596 = VECTOR('',#17597,1.);
#17597 = DIRECTION('',(0.866025403784,-0.5,0.));
#17598 = ORIENTED_EDGE('',*,*,#16885,.T.);
#17599 = ORIENTED_EDGE('',*,*,#15772,.F.);
#17600 = PLANE('',#17601);
#17601 = AXIS2_PLACEMENT_3D('',#17602,#17603,#17604);
#17602 = CARTESIAN_POINT('',(-43.88308891324,-69.0077395908,7.99));
#17603 = DIRECTION('',(-0.5,-0.866025403784,0.));
#17604 = DIRECTION('',(0.,0.,1.));
#17605 = ADVANCED_FACE('',(#17606),#17617,.T.);
#17606 = FACE_BOUND('',#17607,.T.);
#17607 = EDGE_LOOP('',(#17608,#17609,#17615,#17616));
#17608 = ORIENTED_EDGE('',*,*,#16689,.F.);
#17609 = ORIENTED_EDGE('',*,*,#17610,.T.);
#17610 = EDGE_CURVE('',#16690,#16788,#17611,.T.);
#17611 = LINE('',#17612,#17613);
#17612 = CARTESIAN_POINT('',(-75.57957538705,31.233337963031,7.99));
#17613 = VECTOR('',#17614,1.);
#17614 = DIRECTION('',(-0.342020143326,-0.939692620786,0.));
#17615 = ORIENTED_EDGE('',*,*,#16787,.T.);
#17616 = ORIENTED_EDGE('',*,*,#15795,.F.);
#17617 = PLANE('',#17618);
#17618 = AXIS2_PLACEMENT_3D('',#17619,#17620,#17621);
#17619 = CARTESIAN_POINT('',(-75.57957538705,31.233337963031,7.99));
#17620 = DIRECTION('',(-0.939692620786,0.342020143326,0.));
#17621 = DIRECTION('',(0.,0.,1.));
#17622 = ADVANCED_FACE('',(#17623),#17634,.T.);
#17623 = FACE_BOUND('',#17624,.T.);
#17624 = EDGE_LOOP('',(#17625,#17626,#17632,#17633));
#17625 = ORIENTED_EDGE('',*,*,#16748,.F.);
#17626 = ORIENTED_EDGE('',*,*,#17627,.T.);
#17627 = EDGE_CURVE('',#16732,#16618,#17628,.T.);
#17628 = LINE('',#17629,#17630);
#17629 = CARTESIAN_POINT('',(-69.2577395908,43.450076211353,7.99));
#17630 = VECTOR('',#17631,1.);
#17631 = DIRECTION('',(-0.5,-0.866025403784,0.));
#17632 = ORIENTED_EDGE('',*,*,#16641,.T.);
#17633 = ORIENTED_EDGE('',*,*,#15818,.F.);
#17634 = PLANE('',#17635);
#17635 = AXIS2_PLACEMENT_3D('',#17636,#17637,#17638);
#17636 = CARTESIAN_POINT('',(-69.2577395908,43.450076211353,7.99));
#17637 = DIRECTION('',(-0.866025403784,0.5,0.));
#17638 = DIRECTION('',(0.,0.,1.));
#17639 = ADVANCED_FACE('',(#17640),#17652,.T.);
#17640 = FACE_BOUND('',#17641,.T.);
#17641 = EDGE_LOOP('',(#17642,#17643,#17644,#17645,#17646,#17647,#17648,
    #17649,#17650,#17651));
#17642 = ORIENTED_EDGE('',*,*,#16129,.F.);
#17643 = ORIENTED_EDGE('',*,*,#16105,.F.);
#17644 = ORIENTED_EDGE('',*,*,#16081,.T.);
#17645 = ORIENTED_EDGE('',*,*,#16021,.F.);
#17646 = ORIENTED_EDGE('',*,*,#16048,.F.);
#17647 = ORIENTED_EDGE('',*,*,#16007,.T.);
#17648 = ORIENTED_EDGE('',*,*,#15983,.T.);
#17649 = ORIENTED_EDGE('',*,*,#16196,.F.);
#17650 = ORIENTED_EDGE('',*,*,#16143,.F.);
#17651 = ORIENTED_EDGE('',*,*,#16170,.F.);
#17652 = PLANE('',#17653);
#17653 = AXIS2_PLACEMENT_3D('',#17654,#17655,#17656);
#17654 = CARTESIAN_POINT('',(41.402674828156,-58.98727419599,26.9));
#17655 = DIRECTION('',(0.,0.,1.));
#17656 = DIRECTION('',(0.642787609687,-0.766044443119,0.));
#17657 = ADVANCED_FACE('',(#17658),#17661,.T.);
#17658 = FACE_BOUND('',#17659,.T.);
#17659 = EDGE_LOOP('',(#17660));
#17660 = ORIENTED_EDGE('',*,*,#16218,.T.);
#17661 = PLANE('',#17662);
#17662 = AXIS2_PLACEMENT_3D('',#17663,#17664,#17665);
#17663 = CARTESIAN_POINT('',(58.240208404503,-33.625,28.18));
#17664 = DIRECTION('',(0.,0.,1.));
#17665 = DIRECTION('',(0.866025403784,-0.5,0.));
#17666 = ADVANCED_FACE('',(#17667),#17679,.T.);
#17667 = FACE_BOUND('',#17668,.T.);
#17668 = EDGE_LOOP('',(#17669,#17670,#17671,#17677,#17678));
#17669 = ORIENTED_EDGE('',*,*,#16243,.F.);
#17670 = ORIENTED_EDGE('',*,*,#16354,.T.);
#17671 = ORIENTED_EDGE('',*,*,#17672,.F.);
#17672 = EDGE_CURVE('',#16307,#16355,#17673,.T.);
#17673 = LINE('',#17674,#17675);
#17674 = CARTESIAN_POINT('',(66.25,-20.,25.4));
#17675 = VECTOR('',#17676,1.);
#17676 = DIRECTION('',(0.,-1.,0.));
#17677 = ORIENTED_EDGE('',*,*,#16314,.F.);
#17678 = ORIENTED_EDGE('',*,*,#16267,.F.);
#17679 = PLANE('',#17680);
#17680 = AXIS2_PLACEMENT_3D('',#17681,#17682,#17683);
#17681 = CARTESIAN_POINT('',(62.,-20.,25.4));
#17682 = DIRECTION('',(0.,0.,1.));
#17683 = DIRECTION('',(1.,0.,0.));
#17684 = ADVANCED_FACE('',(#17685),#17691,.T.);
#17685 = FACE_BOUND('',#17686,.T.);
#17686 = EDGE_LOOP('',(#17687,#17688,#17689,#17690));
#17687 = ORIENTED_EDGE('',*,*,#16373,.F.);
#17688 = ORIENTED_EDGE('',*,*,#16400,.T.);
#17689 = ORIENTED_EDGE('',*,*,#16306,.T.);
#17690 = ORIENTED_EDGE('',*,*,#17672,.T.);
#17691 = PLANE('',#17692);
#17692 = AXIS2_PLACEMENT_3D('',#17693,#17694,#17695);
#17693 = CARTESIAN_POINT('',(66.25,-20.,23.));
#17694 = DIRECTION('',(1.,0.,0.));
#17695 = DIRECTION('',(0.,0.,1.));
#17696 = ADVANCED_FACE('',(#17697),#17700,.T.);
#17697 = FACE_BOUND('',#17698,.T.);
#17698 = EDGE_LOOP('',(#17699));
#17699 = ORIENTED_EDGE('',*,*,#16436,.T.);
#17700 = PLANE('',#17701);
#17701 = AXIS2_PLACEMENT_3D('',#17702,#17703,#17704);
#17702 = CARTESIAN_POINT('',(33.625,58.240208404503,28.18));
#17703 = DIRECTION('',(0.,0.,1.));
#17704 = DIRECTION('',(0.5,0.866025403784,0.));
#17705 = ADVANCED_FACE('',(#17706),#17725,.F.);
#17706 = FACE_BOUND('',#17707,.F.);
#17707 = EDGE_LOOP('',(#17708,#17717,#17723,#17724));
#17708 = ORIENTED_EDGE('',*,*,#17709,.F.);
#17709 = EDGE_CURVE('',#17710,#17710,#17712,.T.);
#17710 = VERTEX_POINT('',#17711);
#17711 = CARTESIAN_POINT('',(-71.5106084418,-26.02773290708,27.));
#17712 = CIRCLE('',#17713,1.6);
#17713 = AXIS2_PLACEMENT_3D('',#17714,#17715,#17716);
#17714 = CARTESIAN_POINT('',(-70.00710024855,-25.48050067776,27.));
#17715 = DIRECTION('',(0.,0.,1.));
#17716 = DIRECTION('',(-0.939692620786,-0.342020143326,0.));
#17717 = ORIENTED_EDGE('',*,*,#17718,.F.);
#17718 = EDGE_CURVE('',#16466,#17710,#17719,.T.);
#17719 = LINE('',#17720,#17721);
#17720 = CARTESIAN_POINT('',(-71.5106084418,-26.02773290708,24.));
#17721 = VECTOR('',#17722,1.);
#17722 = DIRECTION('',(0.,0.,1.));
#17723 = ORIENTED_EDGE('',*,*,#16465,.T.);
#17724 = ORIENTED_EDGE('',*,*,#17718,.T.);
#17725 = CYLINDRICAL_SURFACE('',#17726,1.6);
#17726 = AXIS2_PLACEMENT_3D('',#17727,#17728,#17729);
#17727 = CARTESIAN_POINT('',(-70.00710024855,-25.48050067776,24.));
#17728 = DIRECTION('',(0.,0.,1.));
#17729 = DIRECTION('',(-0.939692620786,-0.342020143326,0.));
#17730 = ADVANCED_FACE('',(#17731),#17734,.T.);
#17731 = FACE_BOUND('',#17732,.T.);
#17732 = EDGE_LOOP('',(#17733));
#17733 = ORIENTED_EDGE('',*,*,#16502,.T.);
#17734 = PLANE('',#17735);
#17735 = AXIS2_PLACEMENT_3D('',#17736,#17737,#17738);
#17736 = CARTESIAN_POINT('',(-58.2402084045,-33.625,28.18));
#17737 = DIRECTION('',(0.,0.,1.));
#17738 = DIRECTION('',(-0.866025403784,-0.5,0.));
#17739 = ADVANCED_FACE('',(#17740,#17746),#17749,.T.);
#17740 = FACE_BOUND('',#17741,.T.);
#17741 = EDGE_LOOP('',(#17742,#17743,#17744,#17745));
#17742 = ORIENTED_EDGE('',*,*,#16584,.F.);
#17743 = ORIENTED_EDGE('',*,*,#16536,.T.);
#17744 = ORIENTED_EDGE('',*,*,#16560,.T.);
#17745 = ORIENTED_EDGE('',*,*,#16601,.F.);
#17746 = FACE_BOUND('',#17747,.T.);
#17747 = EDGE_LOOP('',(#17748));
#17748 = ORIENTED_EDGE('',*,*,#17709,.F.);
#17749 = PLANE('',#17750);
#17750 = AXIS2_PLACEMENT_3D('',#17751,#17752,#17753);
#17751 = CARTESIAN_POINT('',(-69.02594926988,-20.8666798363,27.));
#17752 = DIRECTION('',(0.,0.,1.));
#17753 = DIRECTION('',(-0.939692620786,-0.342020143326,0.));
#17754 = ADVANCED_FACE('',(#17755,#17767),#17778,.F.);
#17755 = FACE_BOUND('',#17756,.F.);
#17756 = EDGE_LOOP('',(#17757,#17758,#17765,#17766));
#17757 = ORIENTED_EDGE('',*,*,#16615,.F.);
#17758 = ORIENTED_EDGE('',*,*,#17759,.T.);
#17759 = EDGE_CURVE('',#16616,#16730,#17760,.T.);
#17760 = CIRCLE('',#17761,4.);
#17761 = AXIS2_PLACEMENT_3D('',#17762,#17763,#17764);
#17762 = CARTESIAN_POINT('',(-66.62679841475,38.467,7.99));
#17763 = DIRECTION('',(0.,0.,1.));
#17764 = DIRECTION('',(-0.866025403784,0.5,0.));
#17765 = ORIENTED_EDGE('',*,*,#16729,.T.);
#17766 = ORIENTED_EDGE('',*,*,#17627,.T.);
#17767 = FACE_BOUND('',#17768,.F.);
#17768 = EDGE_LOOP('',(#17769));
#17769 = ORIENTED_EDGE('',*,*,#17770,.F.);
#17770 = EDGE_CURVE('',#17771,#17771,#17773,.T.);
#17771 = VERTEX_POINT('',#17772);
#17772 = CARTESIAN_POINT('',(-68.8351631944,39.742,7.99));
#17773 = CIRCLE('',#17774,2.55);
#17774 = AXIS2_PLACEMENT_3D('',#17775,#17776,#17777);
#17775 = CARTESIAN_POINT('',(-66.62679841475,38.467,7.99));
#17776 = DIRECTION('',(0.,0.,1.));
#17777 = DIRECTION('',(-0.866025403784,0.5,0.));
#17778 = PLANE('',#17779);
#17779 = AXIS2_PLACEMENT_3D('',#17780,#17781,#17782);
#17780 = CARTESIAN_POINT('',(-65.12679841475,41.065076211353,7.99));
#17781 = DIRECTION('',(0.,0.,1.));
#17782 = DIRECTION('',(-0.866025403784,0.5,0.));
#17783 = ADVANCED_FACE('',(#17784),#17841,.T.);
#17784 = FACE_BOUND('',#17785,.T.);
#17785 = EDGE_LOOP('',(#17786,#17787,#17795,#17804,#17812,#17821,#17829,
    #17836,#17837,#17838,#17839,#17840));
#17786 = ORIENTED_EDGE('',*,*,#16665,.T.);
#17787 = ORIENTED_EDGE('',*,*,#17788,.T.);
#17788 = EDGE_CURVE('',#16657,#17789,#17791,.T.);
#17789 = VERTEX_POINT('',#17790);
#17790 = CARTESIAN_POINT('',(-70.09090002989,40.467,18.6));
#17791 = LINE('',#17792,#17793);
#17792 = CARTESIAN_POINT('',(-70.09090002989,40.467,7.99));
#17793 = VECTOR('',#17794,1.);
#17794 = DIRECTION('',(0.,0.,1.));
#17795 = ORIENTED_EDGE('',*,*,#17796,.F.);
#17796 = EDGE_CURVE('',#17797,#17789,#17799,.T.);
#17797 = VERTEX_POINT('',#17798);
#17798 = CARTESIAN_POINT('',(-67.71917431488,42.314949440001,18.6));
#17799 = CIRCLE('',#17800,4.);
#17800 = AXIS2_PLACEMENT_3D('',#17801,#17802,#17803);
#17801 = CARTESIAN_POINT('',(-66.62679841475,38.467,18.6));
#17802 = DIRECTION('',(0.,0.,1.));
#17803 = DIRECTION('',(-0.866025403784,0.5,0.));
#17804 = ORIENTED_EDGE('',*,*,#17805,.T.);
#17805 = EDGE_CURVE('',#17797,#17806,#17808,.T.);
#17806 = VERTEX_POINT('',#17807);
#17807 = CARTESIAN_POINT('',(-67.71917431488,42.314949440001,18.9));
#17808 = LINE('',#17809,#17810);
#17809 = CARTESIAN_POINT('',(-67.71917431488,42.314949440001,7.99));
#17810 = VECTOR('',#17811,1.);
#17811 = DIRECTION('',(0.,0.,1.));
#17812 = ORIENTED_EDGE('',*,*,#17813,.F.);
#17813 = EDGE_CURVE('',#17814,#17806,#17816,.T.);
#17814 = VERTEX_POINT('',#17815);
#17815 = CARTESIAN_POINT('',(-70.50540833233,37.489050559999,18.9));
#17816 = CIRCLE('',#17817,4.);
#17817 = AXIS2_PLACEMENT_3D('',#17818,#17819,#17820);
#17818 = CARTESIAN_POINT('',(-66.62679841475,38.467,18.9));
#17819 = DIRECTION('',(0.,0.,1.));
#17820 = DIRECTION('',(-0.866025403784,0.5,0.));
#17821 = ORIENTED_EDGE('',*,*,#17822,.F.);
#17822 = EDGE_CURVE('',#17823,#17814,#17825,.T.);
#17823 = VERTEX_POINT('',#17824);
#17824 = CARTESIAN_POINT('',(-70.50540833233,37.489050559999,18.6));
#17825 = LINE('',#17826,#17827);
#17826 = CARTESIAN_POINT('',(-70.50540833233,37.489050559999,7.99));
#17827 = VECTOR('',#17828,1.);
#17828 = DIRECTION('',(0.,0.,1.));
#17829 = ORIENTED_EDGE('',*,*,#17830,.F.);
#17830 = EDGE_CURVE('',#17789,#17823,#17831,.T.);
#17831 = CIRCLE('',#17832,4.);
#17832 = AXIS2_PLACEMENT_3D('',#17833,#17834,#17835);
#17833 = CARTESIAN_POINT('',(-66.62679841475,38.467,18.6));
#17834 = DIRECTION('',(0.,0.,1.));
#17835 = DIRECTION('',(-0.866025403784,0.5,0.));
#17836 = ORIENTED_EDGE('',*,*,#17788,.F.);
#17837 = ORIENTED_EDGE('',*,*,#16656,.T.);
#17838 = ORIENTED_EDGE('',*,*,#16625,.F.);
#17839 = ORIENTED_EDGE('',*,*,#17759,.T.);
#17840 = ORIENTED_EDGE('',*,*,#16739,.T.);
#17841 = CYLINDRICAL_SURFACE('',#17842,4.);
#17842 = AXIS2_PLACEMENT_3D('',#17843,#17844,#17845);
#17843 = CARTESIAN_POINT('',(-66.62679841475,38.467,7.99));
#17844 = DIRECTION('',(0.,0.,1.));
#17845 = DIRECTION('',(-0.866025403784,0.5,0.));
#17846 = ADVANCED_FACE('',(#17847),#17859,.T.);
#17847 = FACE_BOUND('',#17848,.T.);
#17848 = EDGE_LOOP('',(#17849,#17850,#17851,#17858));
#17849 = ORIENTED_EDGE('',*,*,#16770,.F.);
#17850 = ORIENTED_EDGE('',*,*,#16803,.F.);
#17851 = ORIENTED_EDGE('',*,*,#17852,.T.);
#17852 = EDGE_CURVE('',#16796,#16698,#17853,.T.);
#17853 = CIRCLE('',#17854,3.5);
#17854 = AXIS2_PLACEMENT_3D('',#17855,#17856,#17857);
#17855 = CARTESIAN_POINT('',(-72.54802909515,26.405323145315,7.99));
#17856 = DIRECTION('',(0.,0.,1.));
#17857 = DIRECTION('',(-0.939692620786,0.342020143326,0.));
#17858 = ORIENTED_EDGE('',*,*,#16705,.T.);
#17859 = CYLINDRICAL_SURFACE('',#17860,3.5);
#17860 = AXIS2_PLACEMENT_3D('',#17861,#17862,#17863);
#17861 = CARTESIAN_POINT('',(-72.54802909515,26.405323145315,7.99));
#17862 = DIRECTION('',(0.,0.,1.));
#17863 = DIRECTION('',(-0.939692620786,0.342020143326,0.));
#17864 = ADVANCED_FACE('',(#17865,#17871),#17882,.F.);
#17865 = FACE_BOUND('',#17866,.F.);
#17866 = EDGE_LOOP('',(#17867,#17868,#17869,#17870));
#17867 = ORIENTED_EDGE('',*,*,#16795,.F.);
#17868 = ORIENTED_EDGE('',*,*,#17852,.T.);
#17869 = ORIENTED_EDGE('',*,*,#16697,.T.);
#17870 = ORIENTED_EDGE('',*,*,#17610,.T.);
#17871 = FACE_BOUND('',#17872,.F.);
#17872 = EDGE_LOOP('',(#17873));
#17873 = ORIENTED_EDGE('',*,*,#17874,.F.);
#17874 = EDGE_CURVE('',#17875,#17875,#17877,.T.);
#17875 = VERTEX_POINT('',#17876);
#17876 = CARTESIAN_POINT('',(-74.42741433672,27.089363431966,7.99));
#17877 = CIRCLE('',#17878,2.);
#17878 = AXIS2_PLACEMENT_3D('',#17879,#17880,#17881);
#17879 = CARTESIAN_POINT('',(-72.54802909515,26.405323145315,7.99));
#17880 = DIRECTION('',(0.,0.,1.));
#17881 = DIRECTION('',(-0.939692620786,0.342020143326,0.));
#17882 = PLANE('',#17883);
#17883 = AXIS2_PLACEMENT_3D('',#17884,#17885,#17886);
#17884 = CARTESIAN_POINT('',(-71.35095859351,29.694247318066,7.99));
#17885 = DIRECTION('',(0.,0.,1.));
#17886 = DIRECTION('',(-0.939692620786,0.342020143326,0.));
#17887 = ADVANCED_FACE('',(#17888),#17900,.T.);
#17888 = FACE_BOUND('',#17889,.T.);
#17889 = EDGE_LOOP('',(#17890,#17891,#17892,#17899));
#17890 = ORIENTED_EDGE('',*,*,#16868,.F.);
#17891 = ORIENTED_EDGE('',*,*,#16901,.F.);
#17892 = ORIENTED_EDGE('',*,*,#17893,.T.);
#17893 = EDGE_CURVE('',#16894,#16829,#17894,.T.);
#17894 = CIRCLE('',#17895,3.5);
#17895 = AXIS2_PLACEMENT_3D('',#17896,#17897,#17898);
#17896 = CARTESIAN_POINT('',(-38.602,-66.86062527377,7.99));
#17897 = DIRECTION('',(0.,0.,1.));
#17898 = DIRECTION('',(-0.5,-0.866025403784,0.));
#17899 = ORIENTED_EDGE('',*,*,#16836,.T.);
#17900 = CYLINDRICAL_SURFACE('',#17901,3.5);
#17901 = AXIS2_PLACEMENT_3D('',#17902,#17903,#17904);
#17902 = CARTESIAN_POINT('',(-38.602,-66.86062527377,7.99));
#17903 = DIRECTION('',(0.,0.,1.));
#17904 = DIRECTION('',(-0.5,-0.866025403784,0.));
#17905 = ADVANCED_FACE('',(#17906,#17912),#17923,.F.);
#17906 = FACE_BOUND('',#17907,.F.);
#17907 = EDGE_LOOP('',(#17908,#17909,#17910,#17911));
#17908 = ORIENTED_EDGE('',*,*,#16893,.F.);
#17909 = ORIENTED_EDGE('',*,*,#17893,.T.);
#17910 = ORIENTED_EDGE('',*,*,#16828,.T.);
#17911 = ORIENTED_EDGE('',*,*,#17593,.T.);
#17912 = FACE_BOUND('',#17913,.F.);
#17913 = EDGE_LOOP('',(#17914));
#17914 = ORIENTED_EDGE('',*,*,#17915,.F.);
#17915 = EDGE_CURVE('',#17916,#17916,#17918,.T.);
#17916 = VERTEX_POINT('',#17917);
#17917 = CARTESIAN_POINT('',(-39.602,-68.59267608134,7.99));
#17918 = CIRCLE('',#17919,2.);
#17919 = AXIS2_PLACEMENT_3D('',#17920,#17921,#17922);
#17920 = CARTESIAN_POINT('',(-38.602,-66.86062527377,7.99));
#17921 = DIRECTION('',(0.,0.,1.));
#17922 = DIRECTION('',(-0.5,-0.866025403784,0.));
#17923 = PLANE('',#17924);
#17924 = AXIS2_PLACEMENT_3D('',#17925,#17926,#17927);
#17925 = CARTESIAN_POINT('',(-41.63308891324,-65.11062527377,7.99));
#17926 = DIRECTION('',(0.,0.,1.));
#17927 = DIRECTION('',(-0.5,-0.866025403784,0.));
#17928 = ADVANCED_FACE('',(#17929),#17940,.F.);
#17929 = FACE_BOUND('',#17930,.F.);
#17930 = EDGE_LOOP('',(#17931,#17932,#17938,#17939));
#17931 = ORIENTED_EDGE('',*,*,#16934,.F.);
#17932 = ORIENTED_EDGE('',*,*,#17933,.T.);
#17933 = EDGE_CURVE('',#16927,#16991,#17934,.T.);
#17934 = LINE('',#17935,#17936);
#17935 = CARTESIAN_POINT('',(-28.00371229636,-70.85867693954,7.99));
#17936 = VECTOR('',#17937,1.);
#17937 = DIRECTION('',(0.953716950748,-0.300705799504,0.));
#17938 = ORIENTED_EDGE('',*,*,#16998,.T.);
#17939 = ORIENTED_EDGE('',*,*,#16966,.F.);
#17940 = PLANE('',#17941);
#17941 = AXIS2_PLACEMENT_3D('',#17942,#17943,#17944);
#17942 = CARTESIAN_POINT('',(-28.00371229636,-70.85867693954,7.99));
#17943 = DIRECTION('',(-0.300705799504,-0.953716950748,0.));
#17944 = DIRECTION('',(0.,0.,1.));
#17945 = ADVANCED_FACE('',(#17946),#17952,.F.);
#17946 = FACE_BOUND('',#17947,.F.);
#17947 = EDGE_LOOP('',(#17948,#17949,#17950,#17951));
#17948 = ORIENTED_EDGE('',*,*,#17933,.F.);
#17949 = ORIENTED_EDGE('',*,*,#16926,.T.);
#17950 = ORIENTED_EDGE('',*,*,#17576,.T.);
#17951 = ORIENTED_EDGE('',*,*,#16990,.F.);
#17952 = PLANE('',#17953);
#17953 = AXIS2_PLACEMENT_3D('',#17954,#17955,#17956);
#17954 = CARTESIAN_POINT('',(-28.00371229636,-70.85867693954,7.99));
#17955 = DIRECTION('',(0.,0.,1.));
#17956 = DIRECTION('',(-0.300705799504,-0.953716950748,0.));
#17957 = ADVANCED_FACE('',(#17958,#17970),#17981,.F.);
#17958 = FACE_BOUND('',#17959,.F.);
#17959 = EDGE_LOOP('',(#17960,#17961,#17968,#17969));
#17960 = ORIENTED_EDGE('',*,*,#17154,.F.);
#17961 = ORIENTED_EDGE('',*,*,#17962,.T.);
#17962 = EDGE_CURVE('',#17155,#17081,#17963,.T.);
#17963 = CIRCLE('',#17964,4.);
#17964 = AXIS2_PLACEMENT_3D('',#17965,#17966,#17967);
#17965 = CARTESIAN_POINT('',(-1.413254652684E-14,-76.934,7.99));
#17966 = DIRECTION('',(0.,0.,1.));
#17967 = DIRECTION('',(-2.22044604925E-16,-1.,0.));
#17968 = ORIENTED_EDGE('',*,*,#17080,.T.);
#17969 = ORIENTED_EDGE('',*,*,#17427,.T.);
#17970 = FACE_BOUND('',#17971,.F.);
#17971 = EDGE_LOOP('',(#17972));
#17972 = ORIENTED_EDGE('',*,*,#17973,.F.);
#17973 = EDGE_CURVE('',#17974,#17974,#17976,.T.);
#17974 = VERTEX_POINT('',#17975);
#17975 = CARTESIAN_POINT('',(-1.532333013696E-14,-79.484,7.99));
#17976 = CIRCLE('',#17977,2.55);
#17977 = AXIS2_PLACEMENT_3D('',#17978,#17979,#17980);
#17978 = CARTESIAN_POINT('',(-1.413254652684E-14,-76.934,7.99));
#17979 = DIRECTION('',(0.,0.,1.));
#17980 = DIRECTION('',(-2.22044604925E-16,-1.,0.));
#17981 = PLANE('',#17982);
#17982 = AXIS2_PLACEMENT_3D('',#17983,#17984,#17985);
#17983 = CARTESIAN_POINT('',(-3.,-76.934,7.99));
#17984 = DIRECTION('',(0.,0.,1.));
#17985 = DIRECTION('',(-2.22044604925E-16,-1.,0.));
#17986 = ADVANCED_FACE('',(#17987),#18044,.T.);
#17987 = FACE_BOUND('',#17988,.T.);
#17988 = EDGE_LOOP('',(#17989,#17990,#17998,#18007,#18015,#18024,#18032,
    #18039,#18040,#18041,#18042,#18043));
#17989 = ORIENTED_EDGE('',*,*,#17137,.T.);
#17990 = ORIENTED_EDGE('',*,*,#17991,.T.);
#17991 = EDGE_CURVE('',#17129,#17992,#17994,.T.);
#17992 = VERTEX_POINT('',#17993);
#17993 = CARTESIAN_POINT('',(-1.600044238586E-14,-80.934,18.6));
#17994 = LINE('',#17995,#17996);
#17995 = CARTESIAN_POINT('',(-1.600044238586E-14,-80.934,7.99));
#17996 = VECTOR('',#17997,1.);
#17997 = DIRECTION('',(0.,0.,1.));
#17998 = ORIENTED_EDGE('',*,*,#17999,.F.);
#17999 = EDGE_CURVE('',#18000,#17992,#18002,.T.);
#18000 = VERTEX_POINT('',#18001);
#18001 = CARTESIAN_POINT('',(-2.786234017451,-79.804,18.6));
#18002 = CIRCLE('',#18003,4.);
#18003 = AXIS2_PLACEMENT_3D('',#18004,#18005,#18006);
#18004 = CARTESIAN_POINT('',(-1.413254652684E-14,-76.934,18.6));
#18005 = DIRECTION('',(0.,0.,1.));
#18006 = DIRECTION('',(-2.22044604925E-16,-1.,0.));
#18007 = ORIENTED_EDGE('',*,*,#18008,.T.);
#18008 = EDGE_CURVE('',#18000,#18009,#18011,.T.);
#18009 = VERTEX_POINT('',#18010);
#18010 = CARTESIAN_POINT('',(-2.786234017451,-79.804,18.9));
#18011 = LINE('',#18012,#18013);
#18012 = CARTESIAN_POINT('',(-2.786234017451,-79.804,7.99));
#18013 = VECTOR('',#18014,1.);
#18014 = DIRECTION('',(0.,0.,1.));
#18015 = ORIENTED_EDGE('',*,*,#18016,.F.);
#18016 = EDGE_CURVE('',#18017,#18009,#18019,.T.);
#18017 = VERTEX_POINT('',#18018);
#18018 = CARTESIAN_POINT('',(2.786234017451,-79.804,18.9));
#18019 = CIRCLE('',#18020,4.);
#18020 = AXIS2_PLACEMENT_3D('',#18021,#18022,#18023);
#18021 = CARTESIAN_POINT('',(-1.413254652684E-14,-76.934,18.9));
#18022 = DIRECTION('',(0.,0.,1.));
#18023 = DIRECTION('',(-2.22044604925E-16,-1.,0.));
#18024 = ORIENTED_EDGE('',*,*,#18025,.F.);
#18025 = EDGE_CURVE('',#18026,#18017,#18028,.T.);
#18026 = VERTEX_POINT('',#18027);
#18027 = CARTESIAN_POINT('',(2.786234017451,-79.804,18.6));
#18028 = LINE('',#18029,#18030);
#18029 = CARTESIAN_POINT('',(2.786234017451,-79.804,7.99));
#18030 = VECTOR('',#18031,1.);
#18031 = DIRECTION('',(0.,0.,1.));
#18032 = ORIENTED_EDGE('',*,*,#18033,.F.);
#18033 = EDGE_CURVE('',#17992,#18026,#18034,.T.);
#18034 = CIRCLE('',#18035,4.);
#18035 = AXIS2_PLACEMENT_3D('',#18036,#18037,#18038);
#18036 = CARTESIAN_POINT('',(-1.413254652684E-14,-76.934,18.6));
#18037 = DIRECTION('',(0.,0.,1.));
#18038 = DIRECTION('',(-2.22044604925E-16,-1.,0.));
#18039 = ORIENTED_EDGE('',*,*,#17991,.F.);
#18040 = ORIENTED_EDGE('',*,*,#17128,.T.);
#18041 = ORIENTED_EDGE('',*,*,#17164,.F.);
#18042 = ORIENTED_EDGE('',*,*,#17962,.T.);
#18043 = ORIENTED_EDGE('',*,*,#17090,.T.);
#18044 = CYLINDRICAL_SURFACE('',#18045,4.);
#18045 = AXIS2_PLACEMENT_3D('',#18046,#18047,#18048);
#18046 = CARTESIAN_POINT('',(-1.413254652684E-14,-76.934,7.99));
#18047 = DIRECTION('',(0.,0.,1.));
#18048 = DIRECTION('',(-2.22044604925E-16,-1.,0.));
#18049 = ADVANCED_FACE('',(#18050),#18062,.T.);
#18050 = FACE_BOUND('',#18051,.T.);
#18051 = EDGE_LOOP('',(#18052,#18053,#18054,#18061));
#18052 = ORIENTED_EDGE('',*,*,#17235,.F.);
#18053 = ORIENTED_EDGE('',*,*,#17268,.F.);
#18054 = ORIENTED_EDGE('',*,*,#18055,.T.);
#18055 = EDGE_CURVE('',#17261,#17196,#18056,.T.);
#18056 = CIRCLE('',#18057,3.5);
#18057 = AXIS2_PLACEMENT_3D('',#18058,#18059,#18060);
#18058 = CARTESIAN_POINT('',(59.141695186558,-49.62577461824,7.99));
#18059 = DIRECTION('',(-0.,0.,1.));
#18060 = DIRECTION('',(0.766044443119,-0.642787609687,0.));
#18061 = ORIENTED_EDGE('',*,*,#17203,.T.);
#18062 = CYLINDRICAL_SURFACE('',#18063,3.5);
#18063 = AXIS2_PLACEMENT_3D('',#18064,#18065,#18066);
#18064 = CARTESIAN_POINT('',(59.141695186558,-49.62577461824,7.99));
#18065 = DIRECTION('',(0.,0.,1.));
#18066 = DIRECTION('',(0.766044443119,-0.642787609687,0.));
#18067 = ADVANCED_FACE('',(#18068,#18074),#18085,.F.);
#18068 = FACE_BOUND('',#18069,.F.);
#18069 = EDGE_LOOP('',(#18070,#18071,#18072,#18073));
#18070 = ORIENTED_EDGE('',*,*,#17260,.F.);
#18071 = ORIENTED_EDGE('',*,*,#18055,.T.);
#18072 = ORIENTED_EDGE('',*,*,#17195,.T.);
#18073 = ORIENTED_EDGE('',*,*,#17410,.T.);
#18074 = FACE_BOUND('',#18075,.F.);
#18075 = EDGE_LOOP('',(#18076));
#18076 = ORIENTED_EDGE('',*,*,#18077,.F.);
#18077 = EDGE_CURVE('',#18078,#18078,#18080,.T.);
#18078 = VERTEX_POINT('',#18079);
#18079 = CARTESIAN_POINT('',(60.673784072796,-50.91134983761,7.99));
#18080 = CIRCLE('',#18081,2.);
#18081 = AXIS2_PLACEMENT_3D('',#18082,#18083,#18084);
#18082 = CARTESIAN_POINT('',(59.141695186558,-49.62577461824,7.99));
#18083 = DIRECTION('',(0.,0.,1.));
#18084 = DIRECTION('',(0.766044443119,-0.642787609687,0.));
#18085 = PLANE('',#18086);
#18086 = AXIS2_PLACEMENT_3D('',#18087,#18088,#18089);
#18087 = CARTESIAN_POINT('',(56.891938552655,-52.30693016915,7.99));
#18088 = DIRECTION('',(0.,0.,1.));
#18089 = DIRECTION('',(0.766044443119,-0.642787609687,0.));
#18090 = ADVANCED_FACE('',(#18091,#18103),#18114,.F.);
#18091 = FACE_BOUND('',#18092,.F.);
#18092 = EDGE_LOOP('',(#18093,#18094,#18101,#18102));
#18093 = ORIENTED_EDGE('',*,*,#17285,.F.);
#18094 = ORIENTED_EDGE('',*,*,#18095,.T.);
#18095 = EDGE_CURVE('',#17286,#17360,#18096,.T.);
#18096 = CIRCLE('',#18097,4.);
#18097 = AXIS2_PLACEMENT_3D('',#18098,#18099,#18100);
#18098 = CARTESIAN_POINT('',(66.626798414752,38.467,7.99));
#18099 = DIRECTION('',(0.,-0.,1.));
#18100 = DIRECTION('',(0.866025403784,0.5,0.));
#18101 = ORIENTED_EDGE('',*,*,#17359,.T.);
#18102 = ORIENTED_EDGE('',*,*,#17393,.T.);
#18103 = FACE_BOUND('',#18104,.F.);
#18104 = EDGE_LOOP('',(#18105));
#18105 = ORIENTED_EDGE('',*,*,#18106,.F.);
#18106 = EDGE_CURVE('',#18107,#18107,#18109,.T.);
#18107 = VERTEX_POINT('',#18108);
#18108 = CARTESIAN_POINT('',(68.835163194402,39.742,7.99));
#18109 = CIRCLE('',#18110,2.55);
#18110 = AXIS2_PLACEMENT_3D('',#18111,#18112,#18113);
#18111 = CARTESIAN_POINT('',(66.626798414752,38.467,7.99));
#18112 = DIRECTION('',(0.,0.,1.));
#18113 = DIRECTION('',(0.866025403784,0.5,-0.));
#18114 = PLANE('',#18115);
#18115 = AXIS2_PLACEMENT_3D('',#18116,#18117,#18118);
#18116 = CARTESIAN_POINT('',(68.126798414752,35.868923788647,7.99));
#18117 = DIRECTION('',(0.,0.,1.));
#18118 = DIRECTION('',(0.866025403784,0.5,0.));
#18119 = ADVANCED_FACE('',(#18120),#18177,.T.);
#18120 = FACE_BOUND('',#18121,.T.);
#18121 = EDGE_LOOP('',(#18122,#18123,#18131,#18140,#18148,#18157,#18165,
    #18172,#18173,#18174,#18175,#18176));
#18122 = ORIENTED_EDGE('',*,*,#17335,.T.);
#18123 = ORIENTED_EDGE('',*,*,#18124,.T.);
#18124 = EDGE_CURVE('',#17327,#18125,#18127,.T.);
#18125 = VERTEX_POINT('',#18126);
#18126 = CARTESIAN_POINT('',(70.09090002989,40.467,18.6));
#18127 = LINE('',#18128,#18129);
#18128 = CARTESIAN_POINT('',(70.09090002989,40.467,7.99));
#18129 = VECTOR('',#18130,1.);
#18130 = DIRECTION('',(0.,0.,1.));
#18131 = ORIENTED_EDGE('',*,*,#18132,.F.);
#18132 = EDGE_CURVE('',#18133,#18125,#18135,.T.);
#18133 = VERTEX_POINT('',#18134);
#18134 = CARTESIAN_POINT('',(70.505408332339,37.48905056,18.6));
#18135 = CIRCLE('',#18136,4.);
#18136 = AXIS2_PLACEMENT_3D('',#18137,#18138,#18139);
#18137 = CARTESIAN_POINT('',(66.626798414752,38.467,18.6));
#18138 = DIRECTION('',(0.,0.,1.));
#18139 = DIRECTION('',(0.866025403784,0.5,-0.));
#18140 = ORIENTED_EDGE('',*,*,#18141,.T.);
#18141 = EDGE_CURVE('',#18133,#18142,#18144,.T.);
#18142 = VERTEX_POINT('',#18143);
#18143 = CARTESIAN_POINT('',(70.505408332339,37.489050559999,18.9));
#18144 = LINE('',#18145,#18146);
#18145 = CARTESIAN_POINT('',(70.505408332339,37.489050559999,7.99));
#18146 = VECTOR('',#18147,1.);
#18147 = DIRECTION('',(0.,0.,1.));
#18148 = ORIENTED_EDGE('',*,*,#18149,.F.);
#18149 = EDGE_CURVE('',#18150,#18142,#18152,.T.);
#18150 = VERTEX_POINT('',#18151);
#18151 = CARTESIAN_POINT('',(67.719174314888,42.314949440001,18.9));
#18152 = CIRCLE('',#18153,4.);
#18153 = AXIS2_PLACEMENT_3D('',#18154,#18155,#18156);
#18154 = CARTESIAN_POINT('',(66.626798414752,38.467,18.9));
#18155 = DIRECTION('',(0.,-0.,1.));
#18156 = DIRECTION('',(0.866025403784,0.5,0.));
#18157 = ORIENTED_EDGE('',*,*,#18158,.F.);
#18158 = EDGE_CURVE('',#18159,#18150,#18161,.T.);
#18159 = VERTEX_POINT('',#18160);
#18160 = CARTESIAN_POINT('',(67.719174314888,42.31494944,18.6));
#18161 = LINE('',#18162,#18163);
#18162 = CARTESIAN_POINT('',(67.719174314888,42.314949440001,7.99));
#18163 = VECTOR('',#18164,1.);
#18164 = DIRECTION('',(0.,0.,1.));
#18165 = ORIENTED_EDGE('',*,*,#18166,.F.);
#18166 = EDGE_CURVE('',#18125,#18159,#18167,.T.);
#18167 = CIRCLE('',#18168,4.);
#18168 = AXIS2_PLACEMENT_3D('',#18169,#18170,#18171);
#18169 = CARTESIAN_POINT('',(66.626798414752,38.467,18.6));
#18170 = DIRECTION('',(0.,0.,1.));
#18171 = DIRECTION('',(0.866025403784,0.5,-0.));
#18172 = ORIENTED_EDGE('',*,*,#18124,.F.);
#18173 = ORIENTED_EDGE('',*,*,#17326,.T.);
#18174 = ORIENTED_EDGE('',*,*,#17295,.F.);
#18175 = ORIENTED_EDGE('',*,*,#18095,.T.);
#18176 = ORIENTED_EDGE('',*,*,#17369,.T.);
#18177 = CYLINDRICAL_SURFACE('',#18178,4.);
#18178 = AXIS2_PLACEMENT_3D('',#18179,#18180,#18181);
#18179 = CARTESIAN_POINT('',(66.626798414752,38.467,7.99));
#18180 = DIRECTION('',(0.,0.,1.));
#18181 = DIRECTION('',(0.866025403784,0.5,0.));
#18182 = ADVANCED_FACE('',(#18183),#18194,.T.);
#18183 = FACE_BOUND('',#18184,.T.);
#18184 = EDGE_LOOP('',(#18185,#18186,#18192,#18193));
#18185 = ORIENTED_EDGE('',*,*,#17502,.F.);
#18186 = ORIENTED_EDGE('',*,*,#18187,.F.);
#18187 = EDGE_CURVE('',#17552,#17495,#18188,.T.);
#18188 = LINE('',#18189,#18190);
#18189 = CARTESIAN_POINT('',(-19.1341446544,-73.65524087493,17.));
#18190 = VECTOR('',#18191,1.);
#18191 = DIRECTION('',(0.953716950748,-0.300705799504,0.));
#18192 = ORIENTED_EDGE('',*,*,#17559,.F.);
#18193 = ORIENTED_EDGE('',*,*,#17454,.F.);
#18194 = PLANE('',#18195);
#18195 = AXIS2_PLACEMENT_3D('',#18196,#18197,#18198);
#18196 = CARTESIAN_POINT('',(-19.1341446544,-73.65524087493,17.));
#18197 = DIRECTION('',(0.,0.,1.));
#18198 = DIRECTION('',(-0.300705799504,-0.953716950748,0.));
#18199 = ADVANCED_FACE('',(#18200),#18211,.F.);
#18200 = FACE_BOUND('',#18201,.F.);
#18201 = EDGE_LOOP('',(#18202,#18203,#18209,#18210));
#18202 = ORIENTED_EDGE('',*,*,#17551,.F.);
#18203 = ORIENTED_EDGE('',*,*,#18204,.T.);
#18204 = EDGE_CURVE('',#17544,#17487,#18205,.T.);
#18205 = LINE('',#18206,#18207);
#18206 = CARTESIAN_POINT('',(-19.1341446544,-73.65524087493,7.99));
#18207 = VECTOR('',#18208,1.);
#18208 = DIRECTION('',(0.953716950748,-0.300705799504,0.));
#18209 = ORIENTED_EDGE('',*,*,#17494,.T.);
#18210 = ORIENTED_EDGE('',*,*,#18187,.F.);
#18211 = PLANE('',#18212);
#18212 = AXIS2_PLACEMENT_3D('',#18213,#18214,#18215);
#18213 = CARTESIAN_POINT('',(-19.1341446544,-73.65524087493,7.99));
#18214 = DIRECTION('',(-0.300705799504,-0.953716950748,0.));
#18215 = DIRECTION('',(0.,0.,1.));
#18216 = ADVANCED_FACE('',(#18217),#18223,.F.);
#18217 = FACE_BOUND('',#18218,.F.);
#18218 = EDGE_LOOP('',(#18219,#18220,#18221,#18222));
#18219 = ORIENTED_EDGE('',*,*,#18204,.F.);
#18220 = ORIENTED_EDGE('',*,*,#17543,.T.);
#18221 = ORIENTED_EDGE('',*,*,#17526,.T.);
#18222 = ORIENTED_EDGE('',*,*,#17486,.F.);
#18223 = PLANE('',#18224);
#18224 = AXIS2_PLACEMENT_3D('',#18225,#18226,#18227);
#18225 = CARTESIAN_POINT('',(-19.1341446544,-73.65524087493,7.99));
#18226 = DIRECTION('',(0.,0.,1.));
#18227 = DIRECTION('',(-0.300705799504,-0.953716950748,0.));
#18228 = ADVANCED_FACE('',(#18229),#18248,.F.);
#18229 = FACE_BOUND('',#18230,.F.);
#18230 = EDGE_LOOP('',(#18231,#18240,#18246,#18247));
#18231 = ORIENTED_EDGE('',*,*,#18232,.F.);
#18232 = EDGE_CURVE('',#18233,#18233,#18235,.T.);
#18233 = VERTEX_POINT('',#18234);
#18234 = CARTESIAN_POINT('',(-68.8351631944,39.742,18.9));
#18235 = CIRCLE('',#18236,2.55);
#18236 = AXIS2_PLACEMENT_3D('',#18237,#18238,#18239);
#18237 = CARTESIAN_POINT('',(-66.62679841475,38.467,18.9));
#18238 = DIRECTION('',(0.,0.,1.));
#18239 = DIRECTION('',(-0.866025403784,0.5,0.));
#18240 = ORIENTED_EDGE('',*,*,#18241,.F.);
#18241 = EDGE_CURVE('',#17771,#18233,#18242,.T.);
#18242 = LINE('',#18243,#18244);
#18243 = CARTESIAN_POINT('',(-68.8351631944,39.742,7.));
#18244 = VECTOR('',#18245,1.);
#18245 = DIRECTION('',(0.,0.,1.));
#18246 = ORIENTED_EDGE('',*,*,#17770,.T.);
#18247 = ORIENTED_EDGE('',*,*,#18241,.T.);
#18248 = CYLINDRICAL_SURFACE('',#18249,2.55);
#18249 = AXIS2_PLACEMENT_3D('',#18250,#18251,#18252);
#18250 = CARTESIAN_POINT('',(-66.62679841475,38.467,7.));
#18251 = DIRECTION('',(0.,0.,1.));
#18252 = DIRECTION('',(-0.866025403784,0.5,0.));
#18253 = ADVANCED_FACE('',(#18254),#18264,.T.);
#18254 = FACE_BOUND('',#18255,.T.);
#18255 = EDGE_LOOP('',(#18256,#18262,#18263));
#18256 = ORIENTED_EDGE('',*,*,#18257,.F.);
#18257 = EDGE_CURVE('',#17797,#17823,#18258,.T.);
#18258 = LINE('',#18259,#18260);
#18259 = CARTESIAN_POINT('',(-65.31229132361,46.483793068762,18.6));
#18260 = VECTOR('',#18261,1.);
#18261 = DIRECTION('',(-0.5,-0.866025403784,0.));
#18262 = ORIENTED_EDGE('',*,*,#17796,.T.);
#18263 = ORIENTED_EDGE('',*,*,#17830,.T.);
#18264 = PLANE('',#18265);
#18265 = AXIS2_PLACEMENT_3D('',#18266,#18267,#18268);
#18266 = CARTESIAN_POINT('',(-65.31229132361,46.483793068762,18.6));
#18267 = DIRECTION('',(0.,0.,1.));
#18268 = DIRECTION('',(-0.866025403784,0.5,0.));
#18269 = ADVANCED_FACE('',(#18270),#18281,.T.);
#18270 = FACE_BOUND('',#18271,.T.);
#18271 = EDGE_LOOP('',(#18272,#18273,#18274,#18275));
#18272 = ORIENTED_EDGE('',*,*,#17805,.F.);
#18273 = ORIENTED_EDGE('',*,*,#18257,.T.);
#18274 = ORIENTED_EDGE('',*,*,#17822,.T.);
#18275 = ORIENTED_EDGE('',*,*,#18276,.F.);
#18276 = EDGE_CURVE('',#17806,#17814,#18277,.T.);
#18277 = LINE('',#18278,#18279);
#18278 = CARTESIAN_POINT('',(-67.21229132361,43.192896534381,18.9));
#18279 = VECTOR('',#18280,1.);
#18280 = DIRECTION('',(-0.5,-0.866025403784,0.));
#18281 = PLANE('',#18282);
#18282 = AXIS2_PLACEMENT_3D('',#18283,#18284,#18285);
#18283 = CARTESIAN_POINT('',(-65.31229132361,46.483793068762,18.6));
#18284 = DIRECTION('',(-0.866025403784,0.5,0.));
#18285 = DIRECTION('',(0.,0.,1.));
#18286 = ADVANCED_FACE('',(#18287,#18291),#18294,.T.);
#18287 = FACE_BOUND('',#18288,.T.);
#18288 = EDGE_LOOP('',(#18289,#18290));
#18289 = ORIENTED_EDGE('',*,*,#18276,.T.);
#18290 = ORIENTED_EDGE('',*,*,#17813,.T.);
#18291 = FACE_BOUND('',#18292,.T.);
#18292 = EDGE_LOOP('',(#18293));
#18293 = ORIENTED_EDGE('',*,*,#18232,.F.);
#18294 = PLANE('',#18295);
#18295 = AXIS2_PLACEMENT_3D('',#18296,#18297,#18298);
#18296 = CARTESIAN_POINT('',(-66.62679841475,38.467,18.9));
#18297 = DIRECTION('',(0.,0.,1.));
#18298 = DIRECTION('',(-0.866025403784,0.5,0.));
#18299 = ADVANCED_FACE('',(#18300),#18319,.F.);
#18300 = FACE_BOUND('',#18301,.F.);
#18301 = EDGE_LOOP('',(#18302,#18303,#18311,#18318));
#18302 = ORIENTED_EDGE('',*,*,#17874,.T.);
#18303 = ORIENTED_EDGE('',*,*,#18304,.F.);
#18304 = EDGE_CURVE('',#18305,#17875,#18307,.T.);
#18305 = VERTEX_POINT('',#18306);
#18306 = CARTESIAN_POINT('',(-74.42741433672,27.089363431966,12.3));
#18307 = LINE('',#18308,#18309);
#18308 = CARTESIAN_POINT('',(-74.42741433672,27.089363431966,12.3));
#18309 = VECTOR('',#18310,1.);
#18310 = DIRECTION('',(0.,0.,-1.));
#18311 = ORIENTED_EDGE('',*,*,#18312,.F.);
#18312 = EDGE_CURVE('',#18305,#18305,#18313,.T.);
#18313 = CIRCLE('',#18314,2.);
#18314 = AXIS2_PLACEMENT_3D('',#18315,#18316,#18317);
#18315 = CARTESIAN_POINT('',(-72.54802909515,26.405323145315,12.3));
#18316 = DIRECTION('',(0.,0.,1.));
#18317 = DIRECTION('',(-0.939692620786,0.342020143326,0.));
#18318 = ORIENTED_EDGE('',*,*,#18304,.T.);
#18319 = CYLINDRICAL_SURFACE('',#18320,2.);
#18320 = AXIS2_PLACEMENT_3D('',#18321,#18322,#18323);
#18321 = CARTESIAN_POINT('',(-72.54802909515,26.405323145315,7.));
#18322 = DIRECTION('',(0.,0.,1.));
#18323 = DIRECTION('',(-0.939692620786,0.342020143326,0.));
#18324 = ADVANCED_FACE('',(#18325),#18344,.F.);
#18325 = FACE_BOUND('',#18326,.F.);
#18326 = EDGE_LOOP('',(#18327,#18328,#18336,#18343));
#18327 = ORIENTED_EDGE('',*,*,#17915,.T.);
#18328 = ORIENTED_EDGE('',*,*,#18329,.F.);
#18329 = EDGE_CURVE('',#18330,#17916,#18332,.T.);
#18330 = VERTEX_POINT('',#18331);
#18331 = CARTESIAN_POINT('',(-39.602,-68.59267608134,12.3));
#18332 = LINE('',#18333,#18334);
#18333 = CARTESIAN_POINT('',(-39.602,-68.59267608134,12.3));
#18334 = VECTOR('',#18335,1.);
#18335 = DIRECTION('',(0.,0.,-1.));
#18336 = ORIENTED_EDGE('',*,*,#18337,.F.);
#18337 = EDGE_CURVE('',#18330,#18330,#18338,.T.);
#18338 = CIRCLE('',#18339,2.);
#18339 = AXIS2_PLACEMENT_3D('',#18340,#18341,#18342);
#18340 = CARTESIAN_POINT('',(-38.602,-66.86062527377,12.3));
#18341 = DIRECTION('',(0.,0.,1.));
#18342 = DIRECTION('',(-0.5,-0.866025403784,0.));
#18343 = ORIENTED_EDGE('',*,*,#18329,.T.);
#18344 = CYLINDRICAL_SURFACE('',#18345,2.);
#18345 = AXIS2_PLACEMENT_3D('',#18346,#18347,#18348);
#18346 = CARTESIAN_POINT('',(-38.602,-66.86062527377,7.));
#18347 = DIRECTION('',(0.,0.,1.));
#18348 = DIRECTION('',(-0.5,-0.866025403784,0.));
#18349 = ADVANCED_FACE('',(#18350),#18369,.F.);
#18350 = FACE_BOUND('',#18351,.F.);
#18351 = EDGE_LOOP('',(#18352,#18361,#18367,#18368));
#18352 = ORIENTED_EDGE('',*,*,#18353,.F.);
#18353 = EDGE_CURVE('',#18354,#18354,#18356,.T.);
#18354 = VERTEX_POINT('',#18355);
#18355 = CARTESIAN_POINT('',(-1.532333013696E-14,-79.484,18.9));
#18356 = CIRCLE('',#18357,2.55);
#18357 = AXIS2_PLACEMENT_3D('',#18358,#18359,#18360);
#18358 = CARTESIAN_POINT('',(-1.413254652684E-14,-76.934,18.9));
#18359 = DIRECTION('',(0.,0.,1.));
#18360 = DIRECTION('',(-2.22044604925E-16,-1.,0.));
#18361 = ORIENTED_EDGE('',*,*,#18362,.F.);
#18362 = EDGE_CURVE('',#17974,#18354,#18363,.T.);
#18363 = LINE('',#18364,#18365);
#18364 = CARTESIAN_POINT('',(-1.532333013696E-14,-79.484,7.));
#18365 = VECTOR('',#18366,1.);
#18366 = DIRECTION('',(0.,0.,1.));
#18367 = ORIENTED_EDGE('',*,*,#17973,.T.);
#18368 = ORIENTED_EDGE('',*,*,#18362,.T.);
#18369 = CYLINDRICAL_SURFACE('',#18370,2.55);
#18370 = AXIS2_PLACEMENT_3D('',#18371,#18372,#18373);
#18371 = CARTESIAN_POINT('',(-1.413254652684E-14,-76.934,7.));
#18372 = DIRECTION('',(0.,0.,1.));
#18373 = DIRECTION('',(-2.22044604925E-16,-1.,0.));
#18374 = ADVANCED_FACE('',(#18375),#18385,.T.);
#18375 = FACE_BOUND('',#18376,.T.);
#18376 = EDGE_LOOP('',(#18377,#18383,#18384));
#18377 = ORIENTED_EDGE('',*,*,#18378,.F.);
#18378 = EDGE_CURVE('',#18000,#18026,#18379,.T.);
#18379 = LINE('',#18380,#18381);
#18380 = CARTESIAN_POINT('',(-7.6,-79.804,18.6));
#18381 = VECTOR('',#18382,1.);
#18382 = DIRECTION('',(1.,-2.22044604925E-16,0.));
#18383 = ORIENTED_EDGE('',*,*,#17999,.T.);
#18384 = ORIENTED_EDGE('',*,*,#18033,.T.);
#18385 = PLANE('',#18386);
#18386 = AXIS2_PLACEMENT_3D('',#18387,#18388,#18389);
#18387 = CARTESIAN_POINT('',(-7.6,-79.804,18.6));
#18388 = DIRECTION('',(0.,0.,1.));
#18389 = DIRECTION('',(-2.22044604925E-16,-1.,0.));
#18390 = ADVANCED_FACE('',(#18391),#18402,.T.);
#18391 = FACE_BOUND('',#18392,.T.);
#18392 = EDGE_LOOP('',(#18393,#18394,#18395,#18396));
#18393 = ORIENTED_EDGE('',*,*,#18008,.F.);
#18394 = ORIENTED_EDGE('',*,*,#18378,.T.);
#18395 = ORIENTED_EDGE('',*,*,#18025,.T.);
#18396 = ORIENTED_EDGE('',*,*,#18397,.F.);
#18397 = EDGE_CURVE('',#18009,#18017,#18398,.T.);
#18398 = LINE('',#18399,#18400);
#18399 = CARTESIAN_POINT('',(-3.8,-79.804,18.9));
#18400 = VECTOR('',#18401,1.);
#18401 = DIRECTION('',(1.,-2.22044604925E-16,0.));
#18402 = PLANE('',#18403);
#18403 = AXIS2_PLACEMENT_3D('',#18404,#18405,#18406);
#18404 = CARTESIAN_POINT('',(-7.6,-79.804,18.6));
#18405 = DIRECTION('',(-2.22044604925E-16,-1.,0.));
#18406 = DIRECTION('',(0.,0.,1.));
#18407 = ADVANCED_FACE('',(#18408,#18412),#18415,.T.);
#18408 = FACE_BOUND('',#18409,.T.);
#18409 = EDGE_LOOP('',(#18410,#18411));
#18410 = ORIENTED_EDGE('',*,*,#18397,.T.);
#18411 = ORIENTED_EDGE('',*,*,#18016,.T.);
#18412 = FACE_BOUND('',#18413,.T.);
#18413 = EDGE_LOOP('',(#18414));
#18414 = ORIENTED_EDGE('',*,*,#18353,.F.);
#18415 = PLANE('',#18416);
#18416 = AXIS2_PLACEMENT_3D('',#18417,#18418,#18419);
#18417 = CARTESIAN_POINT('',(-1.413254652684E-14,-76.934,18.9));
#18418 = DIRECTION('',(0.,0.,1.));
#18419 = DIRECTION('',(-2.22044604925E-16,-1.,0.));
#18420 = ADVANCED_FACE('',(#18421),#18440,.F.);
#18421 = FACE_BOUND('',#18422,.F.);
#18422 = EDGE_LOOP('',(#18423,#18424,#18432,#18439));
#18423 = ORIENTED_EDGE('',*,*,#18077,.T.);
#18424 = ORIENTED_EDGE('',*,*,#18425,.F.);
#18425 = EDGE_CURVE('',#18426,#18078,#18428,.T.);
#18426 = VERTEX_POINT('',#18427);
#18427 = CARTESIAN_POINT('',(60.673784072796,-50.91134983761,12.3));
#18428 = LINE('',#18429,#18430);
#18429 = CARTESIAN_POINT('',(60.673784072796,-50.91134983761,12.3));
#18430 = VECTOR('',#18431,1.);
#18431 = DIRECTION('',(0.,0.,-1.));
#18432 = ORIENTED_EDGE('',*,*,#18433,.F.);
#18433 = EDGE_CURVE('',#18426,#18426,#18434,.T.);
#18434 = CIRCLE('',#18435,2.);
#18435 = AXIS2_PLACEMENT_3D('',#18436,#18437,#18438);
#18436 = CARTESIAN_POINT('',(59.141695186558,-49.62577461824,12.3));
#18437 = DIRECTION('',(-0.,0.,1.));
#18438 = DIRECTION('',(0.766044443119,-0.642787609687,0.));
#18439 = ORIENTED_EDGE('',*,*,#18425,.T.);
#18440 = CYLINDRICAL_SURFACE('',#18441,2.);
#18441 = AXIS2_PLACEMENT_3D('',#18442,#18443,#18444);
#18442 = CARTESIAN_POINT('',(59.141695186558,-49.62577461824,7.));
#18443 = DIRECTION('',(0.,0.,1.));
#18444 = DIRECTION('',(0.766044443119,-0.642787609687,0.));
#18445 = ADVANCED_FACE('',(#18446),#18465,.F.);
#18446 = FACE_BOUND('',#18447,.F.);
#18447 = EDGE_LOOP('',(#18448,#18457,#18463,#18464));
#18448 = ORIENTED_EDGE('',*,*,#18449,.F.);
#18449 = EDGE_CURVE('',#18450,#18450,#18452,.T.);
#18450 = VERTEX_POINT('',#18451);
#18451 = CARTESIAN_POINT('',(68.835163194402,39.742,18.9));
#18452 = CIRCLE('',#18453,2.55);
#18453 = AXIS2_PLACEMENT_3D('',#18454,#18455,#18456);
#18454 = CARTESIAN_POINT('',(66.626798414752,38.467,18.9));
#18455 = DIRECTION('',(0.,0.,1.));
#18456 = DIRECTION('',(0.866025403784,0.5,-0.));
#18457 = ORIENTED_EDGE('',*,*,#18458,.F.);
#18458 = EDGE_CURVE('',#18107,#18450,#18459,.T.);
#18459 = LINE('',#18460,#18461);
#18460 = CARTESIAN_POINT('',(68.835163194402,39.742,7.));
#18461 = VECTOR('',#18462,1.);
#18462 = DIRECTION('',(0.,0.,1.));
#18463 = ORIENTED_EDGE('',*,*,#18106,.T.);
#18464 = ORIENTED_EDGE('',*,*,#18458,.T.);
#18465 = CYLINDRICAL_SURFACE('',#18466,2.55);
#18466 = AXIS2_PLACEMENT_3D('',#18467,#18468,#18469);
#18467 = CARTESIAN_POINT('',(66.626798414752,38.467,7.));
#18468 = DIRECTION('',(0.,0.,1.));
#18469 = DIRECTION('',(0.866025403784,0.5,0.));
#18470 = ADVANCED_FACE('',(#18471),#18481,.T.);
#18471 = FACE_BOUND('',#18472,.T.);
#18472 = EDGE_LOOP('',(#18473,#18479,#18480));
#18473 = ORIENTED_EDGE('',*,*,#18474,.F.);
#18474 = EDGE_CURVE('',#18133,#18159,#18475,.T.);
#18475 = LINE('',#18476,#18477);
#18476 = CARTESIAN_POINT('',(72.912291323613,33.320206931238,18.6));
#18477 = VECTOR('',#18478,1.);
#18478 = DIRECTION('',(-0.5,0.866025403784,0.));
#18479 = ORIENTED_EDGE('',*,*,#18132,.T.);
#18480 = ORIENTED_EDGE('',*,*,#18166,.T.);
#18481 = PLANE('',#18482);
#18482 = AXIS2_PLACEMENT_3D('',#18483,#18484,#18485);
#18483 = CARTESIAN_POINT('',(72.912291323613,33.320206931238,18.6));
#18484 = DIRECTION('',(0.,0.,1.));
#18485 = DIRECTION('',(0.866025403784,0.5,0.));
#18486 = ADVANCED_FACE('',(#18487),#18498,.T.);
#18487 = FACE_BOUND('',#18488,.T.);
#18488 = EDGE_LOOP('',(#18489,#18490,#18491,#18492));
#18489 = ORIENTED_EDGE('',*,*,#18141,.F.);
#18490 = ORIENTED_EDGE('',*,*,#18474,.T.);
#18491 = ORIENTED_EDGE('',*,*,#18158,.T.);
#18492 = ORIENTED_EDGE('',*,*,#18493,.F.);
#18493 = EDGE_CURVE('',#18142,#18150,#18494,.T.);
#18494 = LINE('',#18495,#18496);
#18495 = CARTESIAN_POINT('',(71.012291323613,36.611103465619,18.9));
#18496 = VECTOR('',#18497,1.);
#18497 = DIRECTION('',(-0.5,0.866025403784,0.));
#18498 = PLANE('',#18499);
#18499 = AXIS2_PLACEMENT_3D('',#18500,#18501,#18502);
#18500 = CARTESIAN_POINT('',(72.912291323613,33.320206931238,18.6));
#18501 = DIRECTION('',(0.866025403784,0.5,0.));
#18502 = DIRECTION('',(0.,0.,1.));
#18503 = ADVANCED_FACE('',(#18504,#18508),#18511,.T.);
#18504 = FACE_BOUND('',#18505,.T.);
#18505 = EDGE_LOOP('',(#18506,#18507));
#18506 = ORIENTED_EDGE('',*,*,#18493,.T.);
#18507 = ORIENTED_EDGE('',*,*,#18149,.T.);
#18508 = FACE_BOUND('',#18509,.T.);
#18509 = EDGE_LOOP('',(#18510));
#18510 = ORIENTED_EDGE('',*,*,#18449,.F.);
#18511 = PLANE('',#18512);
#18512 = AXIS2_PLACEMENT_3D('',#18513,#18514,#18515);
#18513 = CARTESIAN_POINT('',(66.626798414752,38.467,18.9));
#18514 = DIRECTION('',(0.,0.,1.));
#18515 = DIRECTION('',(0.866025403784,0.5,0.));
#18516 = ADVANCED_FACE('',(#18517,#18520),#18531,.F.);
#18517 = FACE_BOUND('',#18518,.F.);
#18518 = EDGE_LOOP('',(#18519));
#18519 = ORIENTED_EDGE('',*,*,#18312,.T.);
#18520 = FACE_BOUND('',#18521,.F.);
#18521 = EDGE_LOOP('',(#18522));
#18522 = ORIENTED_EDGE('',*,*,#18523,.F.);
#18523 = EDGE_CURVE('',#18524,#18524,#18526,.T.);
#18524 = VERTEX_POINT('',#18525);
#18525 = CARTESIAN_POINT('',(-74.41806439515,27.08596033154,12.3));
#18526 = CIRCLE('',#18527,1.99005);
#18527 = AXIS2_PLACEMENT_3D('',#18528,#18529,#18530);
#18528 = CARTESIAN_POINT('',(-72.54802909515,26.405323145315,12.3));
#18529 = DIRECTION('',(0.,0.,1.));
#18530 = DIRECTION('',(-0.939692620786,0.342020143326,0.));
#18531 = PLANE('',#18532);
#18532 = AXIS2_PLACEMENT_3D('',#18533,#18534,#18535);
#18533 = CARTESIAN_POINT('',(-72.54802909515,26.405323145315,12.3));
#18534 = DIRECTION('',(0.,0.,1.));
#18535 = DIRECTION('',(-0.939692620786,0.342020143326,0.));
#18536 = ADVANCED_FACE('',(#18537,#18540),#18551,.F.);
#18537 = FACE_BOUND('',#18538,.F.);
#18538 = EDGE_LOOP('',(#18539));
#18539 = ORIENTED_EDGE('',*,*,#18337,.T.);
#18540 = FACE_BOUND('',#18541,.F.);
#18541 = EDGE_LOOP('',(#18542));
#18542 = ORIENTED_EDGE('',*,*,#18543,.F.);
#18543 = EDGE_CURVE('',#18544,#18544,#18546,.T.);
#18544 = VERTEX_POINT('',#18545);
#18545 = CARTESIAN_POINT('',(-39.597025,-68.58405912857,12.3));
#18546 = CIRCLE('',#18547,1.99005);
#18547 = AXIS2_PLACEMENT_3D('',#18548,#18549,#18550);
#18548 = CARTESIAN_POINT('',(-38.602,-66.86062527377,12.3));
#18549 = DIRECTION('',(0.,0.,1.));
#18550 = DIRECTION('',(-0.5,-0.866025403784,0.));
#18551 = PLANE('',#18552);
#18552 = AXIS2_PLACEMENT_3D('',#18553,#18554,#18555);
#18553 = CARTESIAN_POINT('',(-38.602,-66.86062527377,12.3));
#18554 = DIRECTION('',(0.,0.,1.));
#18555 = DIRECTION('',(-0.5,-0.866025403784,0.));
#18556 = ADVANCED_FACE('',(#18557,#18560),#18571,.F.);
#18557 = FACE_BOUND('',#18558,.F.);
#18558 = EDGE_LOOP('',(#18559));
#18559 = ORIENTED_EDGE('',*,*,#18433,.T.);
#18560 = FACE_BOUND('',#18561,.F.);
#18561 = EDGE_LOOP('',(#18562));
#18562 = ORIENTED_EDGE('',*,*,#18563,.F.);
#18563 = EDGE_CURVE('',#18564,#18564,#18566,.T.);
#18564 = VERTEX_POINT('',#18565);
#18565 = CARTESIAN_POINT('',(60.666161930586,-50.90495410089,12.3));
#18566 = CIRCLE('',#18567,1.99005);
#18567 = AXIS2_PLACEMENT_3D('',#18568,#18569,#18570);
#18568 = CARTESIAN_POINT('',(59.141695186558,-49.62577461824,12.3));
#18569 = DIRECTION('',(0.,0.,1.));
#18570 = DIRECTION('',(0.766044443119,-0.642787609687,0.));
#18571 = PLANE('',#18572);
#18572 = AXIS2_PLACEMENT_3D('',#18573,#18574,#18575);
#18573 = CARTESIAN_POINT('',(59.141695186558,-49.62577461824,12.3));
#18574 = DIRECTION('',(0.,0.,1.));
#18575 = DIRECTION('',(0.766044443119,-0.642787609687,0.));
#18576 = ADVANCED_FACE('',(#18577),#18596,.F.);
#18577 = FACE_BOUND('',#18578,.F.);
#18578 = EDGE_LOOP('',(#18579,#18587,#18594,#18595));
#18579 = ORIENTED_EDGE('',*,*,#18580,.T.);
#18580 = EDGE_CURVE('',#18524,#18581,#18583,.T.);
#18581 = VERTEX_POINT('',#18582);
#18582 = CARTESIAN_POINT('',(-72.55742602136,26.408743346748,14.29));
#18583 = LINE('',#18584,#18585);
#18584 = CARTESIAN_POINT('',(-74.42741433672,27.089363431966,12.29));
#18585 = VECTOR('',#18586,1.);
#18586 = DIRECTION('',(0.662795621897,-0.241237877773,0.708876752279));
#18587 = ORIENTED_EDGE('',*,*,#18588,.F.);
#18588 = EDGE_CURVE('',#18581,#18581,#18589,.T.);
#18589 = CIRCLE('',#18590,1.E-02);
#18590 = AXIS2_PLACEMENT_3D('',#18591,#18592,#18593);
#18591 = CARTESIAN_POINT('',(-72.54802909515,26.405323145315,14.29));
#18592 = DIRECTION('',(0.,0.,1.));
#18593 = DIRECTION('',(-0.939692620786,0.342020143326,0.));
#18594 = ORIENTED_EDGE('',*,*,#18580,.F.);
#18595 = ORIENTED_EDGE('',*,*,#18523,.T.);
#18596 = CONICAL_SURFACE('',#18597,2.,0.782891902981);
#18597 = AXIS2_PLACEMENT_3D('',#18598,#18599,#18600);
#18598 = CARTESIAN_POINT('',(-72.54802909515,26.405323145315,12.29));
#18599 = DIRECTION('',(0.,0.,-1.));
#18600 = DIRECTION('',(-0.939692620786,0.342020143326,0.));
#18601 = ADVANCED_FACE('',(#18602),#18621,.F.);
#18602 = FACE_BOUND('',#18603,.F.);
#18603 = EDGE_LOOP('',(#18604,#18612,#18619,#18620));
#18604 = ORIENTED_EDGE('',*,*,#18605,.T.);
#18605 = EDGE_CURVE('',#18544,#18606,#18608,.T.);
#18606 = VERTEX_POINT('',#18607);
#18607 = CARTESIAN_POINT('',(-38.607,-66.86928552781,14.29));
#18608 = LINE('',#18609,#18610);
#18609 = CARTESIAN_POINT('',(-39.602,-68.59267608134,12.29));
#18610 = VECTOR('',#18611,1.);
#18611 = DIRECTION('',(0.352666184259,0.610835749248,0.708876752279));
#18612 = ORIENTED_EDGE('',*,*,#18613,.F.);
#18613 = EDGE_CURVE('',#18606,#18606,#18614,.T.);
#18614 = CIRCLE('',#18615,1.E-02);
#18615 = AXIS2_PLACEMENT_3D('',#18616,#18617,#18618);
#18616 = CARTESIAN_POINT('',(-38.602,-66.86062527377,14.29));
#18617 = DIRECTION('',(0.,0.,1.));
#18618 = DIRECTION('',(-0.5,-0.866025403784,0.));
#18619 = ORIENTED_EDGE('',*,*,#18605,.F.);
#18620 = ORIENTED_EDGE('',*,*,#18543,.T.);
#18621 = CONICAL_SURFACE('',#18622,2.,0.782891902981);
#18622 = AXIS2_PLACEMENT_3D('',#18623,#18624,#18625);
#18623 = CARTESIAN_POINT('',(-38.602,-66.86062527377,12.29));
#18624 = DIRECTION('',(0.,0.,-1.));
#18625 = DIRECTION('',(-0.5,-0.866025403784,0.));
#18626 = ADVANCED_FACE('',(#18627),#18646,.F.);
#18627 = FACE_BOUND('',#18628,.F.);
#18628 = EDGE_LOOP('',(#18629,#18637,#18644,#18645));
#18629 = ORIENTED_EDGE('',*,*,#18630,.T.);
#18630 = EDGE_CURVE('',#18564,#18631,#18633,.T.);
#18631 = VERTEX_POINT('',#18632);
#18632 = CARTESIAN_POINT('',(59.149355630989,-49.63220249433,14.29));
#18633 = LINE('',#18634,#18635);
#18634 = CARTESIAN_POINT('',(60.673784072796,-50.91134983761,12.29));
#18635 = VECTOR('',#18636,1.);
#18636 = DIRECTION('',(-0.540315941455,0.453378907194,0.708876752279));
#18637 = ORIENTED_EDGE('',*,*,#18638,.F.);
#18638 = EDGE_CURVE('',#18631,#18631,#18639,.T.);
#18639 = CIRCLE('',#18640,1.E-02);
#18640 = AXIS2_PLACEMENT_3D('',#18641,#18642,#18643);
#18641 = CARTESIAN_POINT('',(59.141695186558,-49.62577461824,14.29));
#18642 = DIRECTION('',(-0.,0.,1.));
#18643 = DIRECTION('',(0.766044443119,-0.642787609687,0.));
#18644 = ORIENTED_EDGE('',*,*,#18630,.F.);
#18645 = ORIENTED_EDGE('',*,*,#18563,.T.);
#18646 = CONICAL_SURFACE('',#18647,2.,0.782891902981);
#18647 = AXIS2_PLACEMENT_3D('',#18648,#18649,#18650);
#18648 = CARTESIAN_POINT('',(59.141695186558,-49.62577461824,12.29));
#18649 = DIRECTION('',(-0.,0.,-1.));
#18650 = DIRECTION('',(0.766044443119,-0.642787609687,0.));
#18651 = ADVANCED_FACE('',(#18652),#18655,.F.);
#18652 = FACE_BOUND('',#18653,.F.);
#18653 = EDGE_LOOP('',(#18654));
#18654 = ORIENTED_EDGE('',*,*,#18588,.T.);
#18655 = PLANE('',#18656);
#18656 = AXIS2_PLACEMENT_3D('',#18657,#18658,#18659);
#18657 = CARTESIAN_POINT('',(-72.54802909515,26.405323145315,14.29));
#18658 = DIRECTION('',(0.,0.,1.));
#18659 = DIRECTION('',(-0.939692620786,0.342020143326,0.));
#18660 = ADVANCED_FACE('',(#18661),#18664,.F.);
#18661 = FACE_BOUND('',#18662,.F.);
#18662 = EDGE_LOOP('',(#18663));
#18663 = ORIENTED_EDGE('',*,*,#18613,.T.);
#18664 = PLANE('',#18665);
#18665 = AXIS2_PLACEMENT_3D('',#18666,#18667,#18668);
#18666 = CARTESIAN_POINT('',(-38.602,-66.86062527377,14.29));
#18667 = DIRECTION('',(0.,0.,1.));
#18668 = DIRECTION('',(-0.5,-0.866025403784,0.));
#18669 = ADVANCED_FACE('',(#18670),#18673,.F.);
#18670 = FACE_BOUND('',#18671,.F.);
#18671 = EDGE_LOOP('',(#18672));
#18672 = ORIENTED_EDGE('',*,*,#18638,.T.);
#18673 = PLANE('',#18674);
#18674 = AXIS2_PLACEMENT_3D('',#18675,#18676,#18677);
#18675 = CARTESIAN_POINT('',(59.141695186558,-49.62577461824,14.29));
#18676 = DIRECTION('',(0.,0.,1.));
#18677 = DIRECTION('',(0.766044443119,-0.642787609687,0.));
#18678 = ( GEOMETRIC_REPRESENTATION_CONTEXT(3) 
GLOBAL_UNCERTAINTY_ASSIGNED_CONTEXT((#18682)) 
GLOBAL_UNIT_ASSIGNED_CONTEXT((#18679,#18680,#18681)) 
REPRESENTATION_CONTEXT('Context #1',
  '3D Context with UNIT and UNCERTAINTY') );
#18679 = ( LENGTH_UNIT() NAMED_UNIT(*) SI_UNIT(.MILLI.,.METRE.) );
#18680 = ( NAMED_UNIT(*) PLANE_ANGLE_UNIT() SI_UNIT($,.RADIAN.) );
#18681 = ( NAMED_UNIT(*) SI_UNIT($,.STERADIAN.) SOLID_ANGLE_UNIT() );
#18682 = UNCERTAINTY_MEASURE_WITH_UNIT(LENGTH_MEASURE(1.E-07),#18679,
  'distance_accuracy_value','confusion accuracy');
#18683 = CONTEXT_DEPENDENT_SHAPE_REPRESENTATION(#18684,#18686);
#18684 = ( REPRESENTATION_RELATIONSHIP('','',#32,#10) 
REPRESENTATION_RELATIONSHIP_WITH_TRANSFORMATION(#18685) 
SHAPE_REPRESENTATION_RELATIONSHIP() );
#18685 = ITEM_DEFINED_TRANSFORMATION('','',#11,#15);
#18686 = PRODUCT_DEFINITION_SHAPE('Placement','Placement of an item',
  #18687);
#18687 = NEXT_ASSEMBLY_USAGE_OCCURRENCE('2','=>[0:1:1:2]','',#5,#27,$);
#18688 = PRODUCT_RELATED_PRODUCT_CATEGORY('part',$,(#29));
ENDSEC;
END-ISO-10303-21;
