ISO-10303-21;
HEADER;
FILE_DESCRIPTION(('Open CASCADE Model'),'2;1');
FILE_NAME('TMC6300-LA-T_QFN20_3x3','2026-09-04T00:01:43',('Author'),(
    'Open CASCADE'),'Open CASCADE STEP processor 7.9','build123d',
  'Unknown');
FILE_SCHEMA(('AUTOMOTIVE_DESIGN { 1 0 10303 214 1 1 1 1 }'));
ENDSEC;
DATA;
#1 = APPLICATION_PROTOCOL_DEFINITION('international standard',
  'automotive_design',2000,#2);
#2 = APPLICATION_CONTEXT(
  'core data for automotive mechanical design processes');
#3 = SHAPE_DEFINITION_REPRESENTATION(#4,#10);
#4 = PRODUCT_DEFINITION_SHAPE('','',#5);
#5 = PRODUCT_DEFINITION('design','',#6,#9);
#6 = PRODUCT_DEFINITION_FORMATION('','',#7);
#7 = PRODUCT('TMC6300-LA-T_QFN20_3x3','TMC6300-LA-T_QFN20_3x3','',(#8));
#8 = PRODUCT_CONTEXT('',#2,'mechanical');
#9 = PRODUCT_DEFINITION_CONTEXT('part definition',#2,'design');
#10 = SHAPE_REPRESENTATION('',(#11,#15,#19,#23),#27);
#11 = AXIS2_PLACEMENT_3D('',#12,#13,#14);
#12 = CARTESIAN_POINT('',(0.,0.,0.));
#13 = DIRECTION('',(0.,0.,1.));
#14 = DIRECTION('',(1.,0.,-0.));
#15 = AXIS2_PLACEMENT_3D('',#16,#17,#18);
#16 = CARTESIAN_POINT('',(0.,0.,0.));
#17 = DIRECTION('',(0.,0.,1.));
#18 = DIRECTION('',(1.,0.,-0.));
#19 = AXIS2_PLACEMENT_3D('',#20,#21,#22);
#20 = CARTESIAN_POINT('',(0.,0.,0.));
#21 = DIRECTION('',(0.,0.,1.));
#22 = DIRECTION('',(1.,0.,-0.));
#23 = AXIS2_PLACEMENT_3D('',#24,#25,#26);
#24 = CARTESIAN_POINT('',(0.,0.,0.));
#25 = DIRECTION('',(0.,0.,1.));
#26 = DIRECTION('',(1.,0.,-0.));
#27 = ( GEOMETRIC_REPRESENTATION_CONTEXT(3) 
GLOBAL_UNCERTAINTY_ASSIGNED_CONTEXT((#31)) GLOBAL_UNIT_ASSIGNED_CONTEXT(
(#28,#29,#30)) REPRESENTATION_CONTEXT('Context #1',
  '3D Context with UNIT and UNCERTAINTY') );
#28 = ( LENGTH_UNIT() NAMED_UNIT(*) SI_UNIT(.MILLI.,.METRE.) );
#29 = ( NAMED_UNIT(*) PLANE_ANGLE_UNIT() SI_UNIT($,.RADIAN.) );
#30 = ( NAMED_UNIT(*) SI_UNIT($,.STERADIAN.) SOLID_ANGLE_UNIT() );
#31 = UNCERTAINTY_MEASURE_WITH_UNIT(LENGTH_MEASURE(1.E-07),#28,
  'distance_accuracy_value','confusion accuracy');
#32 = PRODUCT_RELATED_PRODUCT_CATEGORY('part',$,(#7));
#33 = SHAPE_DEFINITION_REPRESENTATION(#34,#40);
#34 = PRODUCT_DEFINITION_SHAPE('','',#35);
#35 = PRODUCT_DEFINITION('design','',#36,#39);
#36 = PRODUCT_DEFINITION_FORMATION('','',#37);
#37 = PRODUCT('body','body','',(#38));
#38 = PRODUCT_CONTEXT('',#2,'mechanical');
#39 = PRODUCT_DEFINITION_CONTEXT('part definition',#2,'design');
#40 = ADVANCED_BREP_SHAPE_REPRESENTATION('',(#11,#41),#2973);
#41 = MANIFOLD_SOLID_BREP('',#42);
#42 = CLOSED_SHELL('',(#43,#243,#274,#458,#1066,#1090,#1114,#1131,#1155,
    #1179,#1196,#1220,#1244,#1261,#1285,#1309,#1326,#1350,#1374,#1391,
    #1523,#1650,#1674,#1698,#1715,#1739,#1763,#1780,#1804,#1828,#1845,
    #1869,#1893,#1910,#1934,#1958,#1975,#1999,#2011,#2035,#2052,#2076,
    #2088,#2112,#2129,#2153,#2165,#2189,#2206,#2230,#2242,#2266,#2283,
    #2307,#2319,#2343,#2360,#2384,#2396,#2420,#2437,#2461,#2473,#2497,
    #2514,#2538,#2550,#2574,#2591,#2615,#2627,#2651,#2668,#2692,#2704,
    #2728,#2745,#2776,#2800,#2824,#2841,#2853,#2865,#2877,#2889,#2901,
    #2913,#2925,#2937,#2949,#2961));
#43 = ADVANCED_FACE('',(#44),#238,.F.);
#44 = FACE_BOUND('',#45,.F.);
#45 = EDGE_LOOP('',(#46,#56,#64,#72,#80,#88,#96,#104,#112,#120,#128,#136
    ,#144,#152,#160,#168,#176,#184,#192,#200,#208,#216,#224,#232));
#46 = ORIENTED_EDGE('',*,*,#47,.F.);
#47 = EDGE_CURVE('',#48,#50,#52,.T.);
#48 = VERTEX_POINT('',#49);
#49 = CARTESIAN_POINT('',(-1.5,-1.5,0.85));
#50 = VERTEX_POINT('',#51);
#51 = CARTESIAN_POINT('',(-1.5,1.5,0.85));
#52 = LINE('',#53,#54);
#53 = CARTESIAN_POINT('',(-1.5,-1.5,0.85));
#54 = VECTOR('',#55,1.);
#55 = DIRECTION('',(-0.,1.,0.));
#56 = ORIENTED_EDGE('',*,*,#57,.F.);
#57 = EDGE_CURVE('',#58,#48,#60,.T.);
#58 = VERTEX_POINT('',#59);
#59 = CARTESIAN_POINT('',(-1.5,-1.5,3.5E-02));
#60 = LINE('',#61,#62);
#61 = CARTESIAN_POINT('',(-1.5,-1.5,3.5E-02));
#62 = VECTOR('',#63,1.);
#63 = DIRECTION('',(0.,0.,1.));
#64 = ORIENTED_EDGE('',*,*,#65,.T.);
#65 = EDGE_CURVE('',#58,#66,#68,.T.);
#66 = VERTEX_POINT('',#67);
#67 = CARTESIAN_POINT('',(-1.5,-0.9,3.5E-02));
#68 = LINE('',#69,#70);
#69 = CARTESIAN_POINT('',(-1.5,-1.5,3.5E-02));
#70 = VECTOR('',#71,1.);
#71 = DIRECTION('',(-0.,1.,0.));
#72 = ORIENTED_EDGE('',*,*,#73,.T.);
#73 = EDGE_CURVE('',#66,#74,#76,.T.);
#74 = VERTEX_POINT('',#75);
#75 = CARTESIAN_POINT('',(-1.5,-0.9,8.5E-02));
#76 = LINE('',#77,#78);
#77 = CARTESIAN_POINT('',(-1.5,-0.9,0.));
#78 = VECTOR('',#79,1.);
#79 = DIRECTION('',(0.,0.,1.));
#80 = ORIENTED_EDGE('',*,*,#81,.T.);
#81 = EDGE_CURVE('',#74,#82,#84,.T.);
#82 = VERTEX_POINT('',#83);
#83 = CARTESIAN_POINT('',(-1.5,-0.7,8.5E-02));
#84 = LINE('',#85,#86);
#85 = CARTESIAN_POINT('',(-1.5,-0.9,8.5E-02));
#86 = VECTOR('',#87,1.);
#87 = DIRECTION('',(-0.,1.,0.));
#88 = ORIENTED_EDGE('',*,*,#89,.F.);
#89 = EDGE_CURVE('',#90,#82,#92,.T.);
#90 = VERTEX_POINT('',#91);
#91 = CARTESIAN_POINT('',(-1.5,-0.7,3.5E-02));
#92 = LINE('',#93,#94);
#93 = CARTESIAN_POINT('',(-1.5,-0.7,0.));
#94 = VECTOR('',#95,1.);
#95 = DIRECTION('',(0.,0.,1.));
#96 = ORIENTED_EDGE('',*,*,#97,.T.);
#97 = EDGE_CURVE('',#90,#98,#100,.T.);
#98 = VERTEX_POINT('',#99);
#99 = CARTESIAN_POINT('',(-1.5,-0.5,3.5E-02));
#100 = LINE('',#101,#102);
#101 = CARTESIAN_POINT('',(-1.5,-1.5,3.5E-02));
#102 = VECTOR('',#103,1.);
#103 = DIRECTION('',(-0.,1.,0.));
#104 = ORIENTED_EDGE('',*,*,#105,.T.);
#105 = EDGE_CURVE('',#98,#106,#108,.T.);
#106 = VERTEX_POINT('',#107);
#107 = CARTESIAN_POINT('',(-1.5,-0.5,8.5E-02));
#108 = LINE('',#109,#110);
#109 = CARTESIAN_POINT('',(-1.5,-0.5,0.));
#110 = VECTOR('',#111,1.);
#111 = DIRECTION('',(0.,0.,1.));
#112 = ORIENTED_EDGE('',*,*,#113,.T.);
#113 = EDGE_CURVE('',#106,#114,#116,.T.);
#114 = VERTEX_POINT('',#115);
#115 = CARTESIAN_POINT('',(-1.5,-0.3,8.5E-02));
#116 = LINE('',#117,#118);
#117 = CARTESIAN_POINT('',(-1.5,-0.5,8.5E-02));
#118 = VECTOR('',#119,1.);
#119 = DIRECTION('',(-0.,1.,0.));
#120 = ORIENTED_EDGE('',*,*,#121,.F.);
#121 = EDGE_CURVE('',#122,#114,#124,.T.);
#122 = VERTEX_POINT('',#123);
#123 = CARTESIAN_POINT('',(-1.5,-0.3,3.5E-02));
#124 = LINE('',#125,#126);
#125 = CARTESIAN_POINT('',(-1.5,-0.3,0.));
#126 = VECTOR('',#127,1.);
#127 = DIRECTION('',(0.,0.,1.));
#128 = ORIENTED_EDGE('',*,*,#129,.T.);
#129 = EDGE_CURVE('',#122,#130,#132,.T.);
#130 = VERTEX_POINT('',#131);
#131 = CARTESIAN_POINT('',(-1.5,-0.1,3.5E-02));
#132 = LINE('',#133,#134);
#133 = CARTESIAN_POINT('',(-1.5,-1.5,3.5E-02));
#134 = VECTOR('',#135,1.);
#135 = DIRECTION('',(-0.,1.,0.));
#136 = ORIENTED_EDGE('',*,*,#137,.T.);
#137 = EDGE_CURVE('',#130,#138,#140,.T.);
#138 = VERTEX_POINT('',#139);
#139 = CARTESIAN_POINT('',(-1.5,-0.1,8.5E-02));
#140 = LINE('',#141,#142);
#141 = CARTESIAN_POINT('',(-1.5,-0.1,0.));
#142 = VECTOR('',#143,1.);
#143 = DIRECTION('',(0.,0.,1.));
#144 = ORIENTED_EDGE('',*,*,#145,.T.);
#145 = EDGE_CURVE('',#138,#146,#148,.T.);
#146 = VERTEX_POINT('',#147);
#147 = CARTESIAN_POINT('',(-1.5,0.1,8.5E-02));
#148 = LINE('',#149,#150);
#149 = CARTESIAN_POINT('',(-1.5,-0.1,8.5E-02));
#150 = VECTOR('',#151,1.);
#151 = DIRECTION('',(-0.,1.,0.));
#152 = ORIENTED_EDGE('',*,*,#153,.F.);
#153 = EDGE_CURVE('',#154,#146,#156,.T.);
#154 = VERTEX_POINT('',#155);
#155 = CARTESIAN_POINT('',(-1.5,0.1,3.5E-02));
#156 = LINE('',#157,#158);
#157 = CARTESIAN_POINT('',(-1.5,0.1,0.));
#158 = VECTOR('',#159,1.);
#159 = DIRECTION('',(0.,0.,1.));
#160 = ORIENTED_EDGE('',*,*,#161,.T.);
#161 = EDGE_CURVE('',#154,#162,#164,.T.);
#162 = VERTEX_POINT('',#163);
#163 = CARTESIAN_POINT('',(-1.5,0.3,3.5E-02));
#164 = LINE('',#165,#166);
#165 = CARTESIAN_POINT('',(-1.5,-1.5,3.5E-02));
#166 = VECTOR('',#167,1.);
#167 = DIRECTION('',(-0.,1.,0.));
#168 = ORIENTED_EDGE('',*,*,#169,.T.);
#169 = EDGE_CURVE('',#162,#170,#172,.T.);
#170 = VERTEX_POINT('',#171);
#171 = CARTESIAN_POINT('',(-1.5,0.3,8.5E-02));
#172 = LINE('',#173,#174);
#173 = CARTESIAN_POINT('',(-1.5,0.3,0.));
#174 = VECTOR('',#175,1.);
#175 = DIRECTION('',(0.,0.,1.));
#176 = ORIENTED_EDGE('',*,*,#177,.T.);
#177 = EDGE_CURVE('',#170,#178,#180,.T.);
#178 = VERTEX_POINT('',#179);
#179 = CARTESIAN_POINT('',(-1.5,0.5,8.5E-02));
#180 = LINE('',#181,#182);
#181 = CARTESIAN_POINT('',(-1.5,0.3,8.5E-02));
#182 = VECTOR('',#183,1.);
#183 = DIRECTION('',(-0.,1.,0.));
#184 = ORIENTED_EDGE('',*,*,#185,.F.);
#185 = EDGE_CURVE('',#186,#178,#188,.T.);
#186 = VERTEX_POINT('',#187);
#187 = CARTESIAN_POINT('',(-1.5,0.5,3.5E-02));
#188 = LINE('',#189,#190);
#189 = CARTESIAN_POINT('',(-1.5,0.5,0.));
#190 = VECTOR('',#191,1.);
#191 = DIRECTION('',(0.,0.,1.));
#192 = ORIENTED_EDGE('',*,*,#193,.T.);
#193 = EDGE_CURVE('',#186,#194,#196,.T.);
#194 = VERTEX_POINT('',#195);
#195 = CARTESIAN_POINT('',(-1.5,0.7,3.5E-02));
#196 = LINE('',#197,#198);
#197 = CARTESIAN_POINT('',(-1.5,-1.5,3.5E-02));
#198 = VECTOR('',#199,1.);
#199 = DIRECTION('',(-0.,1.,0.));
#200 = ORIENTED_EDGE('',*,*,#201,.T.);
#201 = EDGE_CURVE('',#194,#202,#204,.T.);
#202 = VERTEX_POINT('',#203);
#203 = CARTESIAN_POINT('',(-1.5,0.7,8.5E-02));
#204 = LINE('',#205,#206);
#205 = CARTESIAN_POINT('',(-1.5,0.7,0.));
#206 = VECTOR('',#207,1.);
#207 = DIRECTION('',(0.,0.,1.));
#208 = ORIENTED_EDGE('',*,*,#209,.T.);
#209 = EDGE_CURVE('',#202,#210,#212,.T.);
#210 = VERTEX_POINT('',#211);
#211 = CARTESIAN_POINT('',(-1.5,0.9,8.5E-02));
#212 = LINE('',#213,#214);
#213 = CARTESIAN_POINT('',(-1.5,0.7,8.5E-02));
#214 = VECTOR('',#215,1.);
#215 = DIRECTION('',(-0.,1.,0.));
#216 = ORIENTED_EDGE('',*,*,#217,.F.);
#217 = EDGE_CURVE('',#218,#210,#220,.T.);
#218 = VERTEX_POINT('',#219);
#219 = CARTESIAN_POINT('',(-1.5,0.9,3.5E-02));
#220 = LINE('',#221,#222);
#221 = CARTESIAN_POINT('',(-1.5,0.9,0.));
#222 = VECTOR('',#223,1.);
#223 = DIRECTION('',(0.,0.,1.));
#224 = ORIENTED_EDGE('',*,*,#225,.T.);
#225 = EDGE_CURVE('',#218,#226,#228,.T.);
#226 = VERTEX_POINT('',#227);
#227 = CARTESIAN_POINT('',(-1.5,1.5,3.5E-02));
#228 = LINE('',#229,#230);
#229 = CARTESIAN_POINT('',(-1.5,-1.5,3.5E-02));
#230 = VECTOR('',#231,1.);
#231 = DIRECTION('',(-0.,1.,0.));
#232 = ORIENTED_EDGE('',*,*,#233,.T.);
#233 = EDGE_CURVE('',#226,#50,#234,.T.);
#234 = LINE('',#235,#236);
#235 = CARTESIAN_POINT('',(-1.5,1.5,3.5E-02));
#236 = VECTOR('',#237,1.);
#237 = DIRECTION('',(0.,0.,1.));
#238 = PLANE('',#239);
#239 = AXIS2_PLACEMENT_3D('',#240,#241,#242);
#240 = CARTESIAN_POINT('',(-1.5,-1.5,3.5E-02));
#241 = DIRECTION('',(1.,0.,-0.));
#242 = DIRECTION('',(0.,0.,1.));
#243 = ADVANCED_FACE('',(#244),#269,.T.);
#244 = FACE_BOUND('',#245,.T.);
#245 = EDGE_LOOP('',(#246,#247,#255,#263));
#246 = ORIENTED_EDGE('',*,*,#47,.F.);
#247 = ORIENTED_EDGE('',*,*,#248,.T.);
#248 = EDGE_CURVE('',#48,#249,#251,.T.);
#249 = VERTEX_POINT('',#250);
#250 = CARTESIAN_POINT('',(1.5,-1.5,0.85));
#251 = LINE('',#252,#253);
#252 = CARTESIAN_POINT('',(-1.5,-1.5,0.85));
#253 = VECTOR('',#254,1.);
#254 = DIRECTION('',(1.,0.,-0.));
#255 = ORIENTED_EDGE('',*,*,#256,.T.);
#256 = EDGE_CURVE('',#249,#257,#259,.T.);
#257 = VERTEX_POINT('',#258);
#258 = CARTESIAN_POINT('',(1.5,1.5,0.85));
#259 = LINE('',#260,#261);
#260 = CARTESIAN_POINT('',(1.5,-1.5,0.85));
#261 = VECTOR('',#262,1.);
#262 = DIRECTION('',(-0.,1.,0.));
#263 = ORIENTED_EDGE('',*,*,#264,.F.);
#264 = EDGE_CURVE('',#50,#257,#265,.T.);
#265 = LINE('',#266,#267);
#266 = CARTESIAN_POINT('',(-1.5,1.5,0.85));
#267 = VECTOR('',#268,1.);
#268 = DIRECTION('',(1.,0.,-0.));
#269 = PLANE('',#270);
#270 = AXIS2_PLACEMENT_3D('',#271,#272,#273);
#271 = CARTESIAN_POINT('',(-1.5,-1.5,0.85));
#272 = DIRECTION('',(0.,0.,1.));
#273 = DIRECTION('',(1.,0.,-0.));
#274 = ADVANCED_FACE('',(#275),#453,.T.);
#275 = FACE_BOUND('',#276,.T.);
#276 = EDGE_LOOP('',(#277,#285,#286,#287,#295,#303,#311,#319,#327,#335,
    #343,#351,#359,#367,#375,#383,#391,#399,#407,#415,#423,#431,#439,
    #447));
#277 = ORIENTED_EDGE('',*,*,#278,.F.);
#278 = EDGE_CURVE('',#226,#279,#281,.T.);
#279 = VERTEX_POINT('',#280);
#280 = CARTESIAN_POINT('',(-0.9,1.5,3.5E-02));
#281 = LINE('',#282,#283);
#282 = CARTESIAN_POINT('',(-1.5,1.5,3.5E-02));
#283 = VECTOR('',#284,1.);
#284 = DIRECTION('',(1.,0.,-0.));
#285 = ORIENTED_EDGE('',*,*,#233,.T.);
#286 = ORIENTED_EDGE('',*,*,#264,.T.);
#287 = ORIENTED_EDGE('',*,*,#288,.F.);
#288 = EDGE_CURVE('',#289,#257,#291,.T.);
#289 = VERTEX_POINT('',#290);
#290 = CARTESIAN_POINT('',(1.5,1.5,3.5E-02));
#291 = LINE('',#292,#293);
#292 = CARTESIAN_POINT('',(1.5,1.5,3.5E-02));
#293 = VECTOR('',#294,1.);
#294 = DIRECTION('',(0.,0.,1.));
#295 = ORIENTED_EDGE('',*,*,#296,.F.);
#296 = EDGE_CURVE('',#297,#289,#299,.T.);
#297 = VERTEX_POINT('',#298);
#298 = CARTESIAN_POINT('',(0.9,1.5,3.5E-02));
#299 = LINE('',#300,#301);
#300 = CARTESIAN_POINT('',(-1.5,1.5,3.5E-02));
#301 = VECTOR('',#302,1.);
#302 = DIRECTION('',(1.,0.,-0.));
#303 = ORIENTED_EDGE('',*,*,#304,.T.);
#304 = EDGE_CURVE('',#297,#305,#307,.T.);
#305 = VERTEX_POINT('',#306);
#306 = CARTESIAN_POINT('',(0.9,1.5,8.5E-02));
#307 = LINE('',#308,#309);
#308 = CARTESIAN_POINT('',(0.9,1.5,0.));
#309 = VECTOR('',#310,1.);
#310 = DIRECTION('',(0.,0.,1.));
#311 = ORIENTED_EDGE('',*,*,#312,.F.);
#312 = EDGE_CURVE('',#313,#305,#315,.T.);
#313 = VERTEX_POINT('',#314);
#314 = CARTESIAN_POINT('',(0.7,1.5,8.5E-02));
#315 = LINE('',#316,#317);
#316 = CARTESIAN_POINT('',(0.7,1.5,8.5E-02));
#317 = VECTOR('',#318,1.);
#318 = DIRECTION('',(1.,0.,-0.));
#319 = ORIENTED_EDGE('',*,*,#320,.F.);
#320 = EDGE_CURVE('',#321,#313,#323,.T.);
#321 = VERTEX_POINT('',#322);
#322 = CARTESIAN_POINT('',(0.7,1.5,3.5E-02));
#323 = LINE('',#324,#325);
#324 = CARTESIAN_POINT('',(0.7,1.5,0.));
#325 = VECTOR('',#326,1.);
#326 = DIRECTION('',(0.,0.,1.));
#327 = ORIENTED_EDGE('',*,*,#328,.F.);
#328 = EDGE_CURVE('',#329,#321,#331,.T.);
#329 = VERTEX_POINT('',#330);
#330 = CARTESIAN_POINT('',(0.5,1.5,3.5E-02));
#331 = LINE('',#332,#333);
#332 = CARTESIAN_POINT('',(-1.5,1.5,3.5E-02));
#333 = VECTOR('',#334,1.);
#334 = DIRECTION('',(1.,0.,-0.));
#335 = ORIENTED_EDGE('',*,*,#336,.T.);
#336 = EDGE_CURVE('',#329,#337,#339,.T.);
#337 = VERTEX_POINT('',#338);
#338 = CARTESIAN_POINT('',(0.5,1.5,8.5E-02));
#339 = LINE('',#340,#341);
#340 = CARTESIAN_POINT('',(0.5,1.5,0.));
#341 = VECTOR('',#342,1.);
#342 = DIRECTION('',(0.,0.,1.));
#343 = ORIENTED_EDGE('',*,*,#344,.F.);
#344 = EDGE_CURVE('',#345,#337,#347,.T.);
#345 = VERTEX_POINT('',#346);
#346 = CARTESIAN_POINT('',(0.3,1.5,8.5E-02));
#347 = LINE('',#348,#349);
#348 = CARTESIAN_POINT('',(0.3,1.5,8.5E-02));
#349 = VECTOR('',#350,1.);
#350 = DIRECTION('',(1.,0.,-0.));
#351 = ORIENTED_EDGE('',*,*,#352,.F.);
#352 = EDGE_CURVE('',#353,#345,#355,.T.);
#353 = VERTEX_POINT('',#354);
#354 = CARTESIAN_POINT('',(0.3,1.5,3.5E-02));
#355 = LINE('',#356,#357);
#356 = CARTESIAN_POINT('',(0.3,1.5,0.));
#357 = VECTOR('',#358,1.);
#358 = DIRECTION('',(0.,0.,1.));
#359 = ORIENTED_EDGE('',*,*,#360,.F.);
#360 = EDGE_CURVE('',#361,#353,#363,.T.);
#361 = VERTEX_POINT('',#362);
#362 = CARTESIAN_POINT('',(0.1,1.5,3.5E-02));
#363 = LINE('',#364,#365);
#364 = CARTESIAN_POINT('',(-1.5,1.5,3.5E-02));
#365 = VECTOR('',#366,1.);
#366 = DIRECTION('',(1.,0.,-0.));
#367 = ORIENTED_EDGE('',*,*,#368,.T.);
#368 = EDGE_CURVE('',#361,#369,#371,.T.);
#369 = VERTEX_POINT('',#370);
#370 = CARTESIAN_POINT('',(0.1,1.5,8.5E-02));
#371 = LINE('',#372,#373);
#372 = CARTESIAN_POINT('',(0.1,1.5,0.));
#373 = VECTOR('',#374,1.);
#374 = DIRECTION('',(0.,0.,1.));
#375 = ORIENTED_EDGE('',*,*,#376,.F.);
#376 = EDGE_CURVE('',#377,#369,#379,.T.);
#377 = VERTEX_POINT('',#378);
#378 = CARTESIAN_POINT('',(-0.1,1.5,8.5E-02));
#379 = LINE('',#380,#381);
#380 = CARTESIAN_POINT('',(-0.1,1.5,8.5E-02));
#381 = VECTOR('',#382,1.);
#382 = DIRECTION('',(1.,0.,-0.));
#383 = ORIENTED_EDGE('',*,*,#384,.F.);
#384 = EDGE_CURVE('',#385,#377,#387,.T.);
#385 = VERTEX_POINT('',#386);
#386 = CARTESIAN_POINT('',(-0.1,1.5,3.5E-02));
#387 = LINE('',#388,#389);
#388 = CARTESIAN_POINT('',(-0.1,1.5,0.));
#389 = VECTOR('',#390,1.);
#390 = DIRECTION('',(0.,0.,1.));
#391 = ORIENTED_EDGE('',*,*,#392,.F.);
#392 = EDGE_CURVE('',#393,#385,#395,.T.);
#393 = VERTEX_POINT('',#394);
#394 = CARTESIAN_POINT('',(-0.3,1.5,3.5E-02));
#395 = LINE('',#396,#397);
#396 = CARTESIAN_POINT('',(-1.5,1.5,3.5E-02));
#397 = VECTOR('',#398,1.);
#398 = DIRECTION('',(1.,0.,-0.));
#399 = ORIENTED_EDGE('',*,*,#400,.T.);
#400 = EDGE_CURVE('',#393,#401,#403,.T.);
#401 = VERTEX_POINT('',#402);
#402 = CARTESIAN_POINT('',(-0.3,1.5,8.5E-02));
#403 = LINE('',#404,#405);
#404 = CARTESIAN_POINT('',(-0.3,1.5,0.));
#405 = VECTOR('',#406,1.);
#406 = DIRECTION('',(0.,0.,1.));
#407 = ORIENTED_EDGE('',*,*,#408,.F.);
#408 = EDGE_CURVE('',#409,#401,#411,.T.);
#409 = VERTEX_POINT('',#410);
#410 = CARTESIAN_POINT('',(-0.5,1.5,8.5E-02));
#411 = LINE('',#412,#413);
#412 = CARTESIAN_POINT('',(-0.5,1.5,8.5E-02));
#413 = VECTOR('',#414,1.);
#414 = DIRECTION('',(1.,0.,-0.));
#415 = ORIENTED_EDGE('',*,*,#416,.F.);
#416 = EDGE_CURVE('',#417,#409,#419,.T.);
#417 = VERTEX_POINT('',#418);
#418 = CARTESIAN_POINT('',(-0.5,1.5,3.5E-02));
#419 = LINE('',#420,#421);
#420 = CARTESIAN_POINT('',(-0.5,1.5,0.));
#421 = VECTOR('',#422,1.);
#422 = DIRECTION('',(0.,0.,1.));
#423 = ORIENTED_EDGE('',*,*,#424,.F.);
#424 = EDGE_CURVE('',#425,#417,#427,.T.);
#425 = VERTEX_POINT('',#426);
#426 = CARTESIAN_POINT('',(-0.7,1.5,3.5E-02));
#427 = LINE('',#428,#429);
#428 = CARTESIAN_POINT('',(-1.5,1.5,3.5E-02));
#429 = VECTOR('',#430,1.);
#430 = DIRECTION('',(1.,0.,-0.));
#431 = ORIENTED_EDGE('',*,*,#432,.T.);
#432 = EDGE_CURVE('',#425,#433,#435,.T.);
#433 = VERTEX_POINT('',#434);
#434 = CARTESIAN_POINT('',(-0.7,1.5,8.5E-02));
#435 = LINE('',#436,#437);
#436 = CARTESIAN_POINT('',(-0.7,1.5,0.));
#437 = VECTOR('',#438,1.);
#438 = DIRECTION('',(0.,0.,1.));
#439 = ORIENTED_EDGE('',*,*,#440,.F.);
#440 = EDGE_CURVE('',#441,#433,#443,.T.);
#441 = VERTEX_POINT('',#442);
#442 = CARTESIAN_POINT('',(-0.9,1.5,8.5E-02));
#443 = LINE('',#444,#445);
#444 = CARTESIAN_POINT('',(-0.9,1.5,8.5E-02));
#445 = VECTOR('',#446,1.);
#446 = DIRECTION('',(1.,0.,-0.));
#447 = ORIENTED_EDGE('',*,*,#448,.F.);
#448 = EDGE_CURVE('',#279,#441,#449,.T.);
#449 = LINE('',#450,#451);
#450 = CARTESIAN_POINT('',(-0.9,1.5,0.));
#451 = VECTOR('',#452,1.);
#452 = DIRECTION('',(0.,0.,1.));
#453 = PLANE('',#454);
#454 = AXIS2_PLACEMENT_3D('',#455,#456,#457);
#455 = CARTESIAN_POINT('',(-1.5,1.5,3.5E-02));
#456 = DIRECTION('',(-0.,1.,0.));
#457 = DIRECTION('',(0.,0.,1.));
#458 = ADVANCED_FACE('',(#459,#1027),#1061,.F.);
#459 = FACE_BOUND('',#460,.F.);
#460 = EDGE_LOOP('',(#461,#462,#470,#478,#486,#494,#502,#510,#518,#526,
    #534,#542,#550,#558,#566,#574,#582,#590,#598,#606,#614,#622,#630,
    #638,#646,#654,#662,#670,#678,#686,#694,#702,#710,#718,#726,#734,
    #742,#750,#758,#766,#774,#782,#790,#796,#797,#805,#813,#819,#820,
    #828,#836,#842,#843,#851,#859,#865,#866,#874,#882,#888,#889,#897,
    #905,#911,#912,#913,#921,#929,#935,#936,#944,#952,#958,#959,#967,
    #975,#981,#982,#990,#998,#1004,#1005,#1013,#1021));
#461 = ORIENTED_EDGE('',*,*,#65,.F.);
#462 = ORIENTED_EDGE('',*,*,#463,.T.);
#463 = EDGE_CURVE('',#58,#464,#466,.T.);
#464 = VERTEX_POINT('',#465);
#465 = CARTESIAN_POINT('',(-0.9,-1.5,3.5E-02));
#466 = LINE('',#467,#468);
#467 = CARTESIAN_POINT('',(-1.5,-1.5,3.5E-02));
#468 = VECTOR('',#469,1.);
#469 = DIRECTION('',(1.,0.,-0.));
#470 = ORIENTED_EDGE('',*,*,#471,.T.);
#471 = EDGE_CURVE('',#464,#472,#474,.T.);
#472 = VERTEX_POINT('',#473);
#473 = CARTESIAN_POINT('',(-0.9,-1.1,3.5E-02));
#474 = LINE('',#475,#476);
#475 = CARTESIAN_POINT('',(-0.9,-1.5,3.5E-02));
#476 = VECTOR('',#477,1.);
#477 = DIRECTION('',(-0.,1.,0.));
#478 = ORIENTED_EDGE('',*,*,#479,.F.);
#479 = EDGE_CURVE('',#480,#472,#482,.T.);
#480 = VERTEX_POINT('',#481);
#481 = CARTESIAN_POINT('',(-0.7,-1.1,3.5E-02));
#482 = LINE('',#483,#484);
#483 = CARTESIAN_POINT('',(-1.2,-1.1,3.5E-02));
#484 = VECTOR('',#485,1.);
#485 = DIRECTION('',(-1.,-0.,0.));
#486 = ORIENTED_EDGE('',*,*,#487,.F.);
#487 = EDGE_CURVE('',#488,#480,#490,.T.);
#488 = VERTEX_POINT('',#489);
#489 = CARTESIAN_POINT('',(-0.7,-1.5,3.5E-02));
#490 = LINE('',#491,#492);
#491 = CARTESIAN_POINT('',(-0.7,-1.5,3.5E-02));
#492 = VECTOR('',#493,1.);
#493 = DIRECTION('',(-0.,1.,0.));
#494 = ORIENTED_EDGE('',*,*,#495,.T.);
#495 = EDGE_CURVE('',#488,#496,#498,.T.);
#496 = VERTEX_POINT('',#497);
#497 = CARTESIAN_POINT('',(-0.5,-1.5,3.5E-02));
#498 = LINE('',#499,#500);
#499 = CARTESIAN_POINT('',(-1.5,-1.5,3.5E-02));
#500 = VECTOR('',#501,1.);
#501 = DIRECTION('',(1.,0.,-0.));
#502 = ORIENTED_EDGE('',*,*,#503,.T.);
#503 = EDGE_CURVE('',#496,#504,#506,.T.);
#504 = VERTEX_POINT('',#505);
#505 = CARTESIAN_POINT('',(-0.5,-1.1,3.5E-02));
#506 = LINE('',#507,#508);
#507 = CARTESIAN_POINT('',(-0.5,-1.5,3.5E-02));
#508 = VECTOR('',#509,1.);
#509 = DIRECTION('',(-0.,1.,0.));
#510 = ORIENTED_EDGE('',*,*,#511,.F.);
#511 = EDGE_CURVE('',#512,#504,#514,.T.);
#512 = VERTEX_POINT('',#513);
#513 = CARTESIAN_POINT('',(-0.3,-1.1,3.5E-02));
#514 = LINE('',#515,#516);
#515 = CARTESIAN_POINT('',(-1.,-1.1,3.5E-02));
#516 = VECTOR('',#517,1.);
#517 = DIRECTION('',(-1.,-0.,0.));
#518 = ORIENTED_EDGE('',*,*,#519,.F.);
#519 = EDGE_CURVE('',#520,#512,#522,.T.);
#520 = VERTEX_POINT('',#521);
#521 = CARTESIAN_POINT('',(-0.3,-1.5,3.5E-02));
#522 = LINE('',#523,#524);
#523 = CARTESIAN_POINT('',(-0.3,-1.5,3.5E-02));
#524 = VECTOR('',#525,1.);
#525 = DIRECTION('',(-0.,1.,0.));
#526 = ORIENTED_EDGE('',*,*,#527,.T.);
#527 = EDGE_CURVE('',#520,#528,#530,.T.);
#528 = VERTEX_POINT('',#529);
#529 = CARTESIAN_POINT('',(-0.1,-1.5,3.5E-02));
#530 = LINE('',#531,#532);
#531 = CARTESIAN_POINT('',(-1.5,-1.5,3.5E-02));
#532 = VECTOR('',#533,1.);
#533 = DIRECTION('',(1.,0.,-0.));
#534 = ORIENTED_EDGE('',*,*,#535,.T.);
#535 = EDGE_CURVE('',#528,#536,#538,.T.);
#536 = VERTEX_POINT('',#537);
#537 = CARTESIAN_POINT('',(-0.1,-1.1,3.5E-02));
#538 = LINE('',#539,#540);
#539 = CARTESIAN_POINT('',(-0.1,-1.5,3.5E-02));
#540 = VECTOR('',#541,1.);
#541 = DIRECTION('',(-0.,1.,0.));
#542 = ORIENTED_EDGE('',*,*,#543,.F.);
#543 = EDGE_CURVE('',#544,#536,#546,.T.);
#544 = VERTEX_POINT('',#545);
#545 = CARTESIAN_POINT('',(0.1,-1.1,3.5E-02));
#546 = LINE('',#547,#548);
#547 = CARTESIAN_POINT('',(-0.8,-1.1,3.5E-02));
#548 = VECTOR('',#549,1.);
#549 = DIRECTION('',(-1.,-0.,0.));
#550 = ORIENTED_EDGE('',*,*,#551,.F.);
#551 = EDGE_CURVE('',#552,#544,#554,.T.);
#552 = VERTEX_POINT('',#553);
#553 = CARTESIAN_POINT('',(0.1,-1.5,3.5E-02));
#554 = LINE('',#555,#556);
#555 = CARTESIAN_POINT('',(0.1,-1.5,3.5E-02));
#556 = VECTOR('',#557,1.);
#557 = DIRECTION('',(-0.,1.,0.));
#558 = ORIENTED_EDGE('',*,*,#559,.T.);
#559 = EDGE_CURVE('',#552,#560,#562,.T.);
#560 = VERTEX_POINT('',#561);
#561 = CARTESIAN_POINT('',(0.3,-1.5,3.5E-02));
#562 = LINE('',#563,#564);
#563 = CARTESIAN_POINT('',(-1.5,-1.5,3.5E-02));
#564 = VECTOR('',#565,1.);
#565 = DIRECTION('',(1.,0.,-0.));
#566 = ORIENTED_EDGE('',*,*,#567,.T.);
#567 = EDGE_CURVE('',#560,#568,#570,.T.);
#568 = VERTEX_POINT('',#569);
#569 = CARTESIAN_POINT('',(0.3,-1.1,3.5E-02));
#570 = LINE('',#571,#572);
#571 = CARTESIAN_POINT('',(0.3,-1.5,3.5E-02));
#572 = VECTOR('',#573,1.);
#573 = DIRECTION('',(-0.,1.,0.));
#574 = ORIENTED_EDGE('',*,*,#575,.F.);
#575 = EDGE_CURVE('',#576,#568,#578,.T.);
#576 = VERTEX_POINT('',#577);
#577 = CARTESIAN_POINT('',(0.5,-1.1,3.5E-02));
#578 = LINE('',#579,#580);
#579 = CARTESIAN_POINT('',(-0.6,-1.1,3.5E-02));
#580 = VECTOR('',#581,1.);
#581 = DIRECTION('',(-1.,-0.,0.));
#582 = ORIENTED_EDGE('',*,*,#583,.F.);
#583 = EDGE_CURVE('',#584,#576,#586,.T.);
#584 = VERTEX_POINT('',#585);
#585 = CARTESIAN_POINT('',(0.5,-1.5,3.5E-02));
#586 = LINE('',#587,#588);
#587 = CARTESIAN_POINT('',(0.5,-1.5,3.5E-02));
#588 = VECTOR('',#589,1.);
#589 = DIRECTION('',(-0.,1.,0.));
#590 = ORIENTED_EDGE('',*,*,#591,.T.);
#591 = EDGE_CURVE('',#584,#592,#594,.T.);
#592 = VERTEX_POINT('',#593);
#593 = CARTESIAN_POINT('',(0.7,-1.5,3.5E-02));
#594 = LINE('',#595,#596);
#595 = CARTESIAN_POINT('',(-1.5,-1.5,3.5E-02));
#596 = VECTOR('',#597,1.);
#597 = DIRECTION('',(1.,0.,-0.));
#598 = ORIENTED_EDGE('',*,*,#599,.T.);
#599 = EDGE_CURVE('',#592,#600,#602,.T.);
#600 = VERTEX_POINT('',#601);
#601 = CARTESIAN_POINT('',(0.7,-1.1,3.5E-02));
#602 = LINE('',#603,#604);
#603 = CARTESIAN_POINT('',(0.7,-1.5,3.5E-02));
#604 = VECTOR('',#605,1.);
#605 = DIRECTION('',(-0.,1.,0.));
#606 = ORIENTED_EDGE('',*,*,#607,.F.);
#607 = EDGE_CURVE('',#608,#600,#610,.T.);
#608 = VERTEX_POINT('',#609);
#609 = CARTESIAN_POINT('',(0.9,-1.1,3.5E-02));
#610 = LINE('',#611,#612);
#611 = CARTESIAN_POINT('',(-0.4,-1.1,3.5E-02));
#612 = VECTOR('',#613,1.);
#613 = DIRECTION('',(-1.,-0.,0.));
#614 = ORIENTED_EDGE('',*,*,#615,.F.);
#615 = EDGE_CURVE('',#616,#608,#618,.T.);
#616 = VERTEX_POINT('',#617);
#617 = CARTESIAN_POINT('',(0.9,-1.5,3.5E-02));
#618 = LINE('',#619,#620);
#619 = CARTESIAN_POINT('',(0.9,-1.5,3.5E-02));
#620 = VECTOR('',#621,1.);
#621 = DIRECTION('',(-0.,1.,0.));
#622 = ORIENTED_EDGE('',*,*,#623,.T.);
#623 = EDGE_CURVE('',#616,#624,#626,.T.);
#624 = VERTEX_POINT('',#625);
#625 = CARTESIAN_POINT('',(1.5,-1.5,3.5E-02));
#626 = LINE('',#627,#628);
#627 = CARTESIAN_POINT('',(-1.5,-1.5,3.5E-02));
#628 = VECTOR('',#629,1.);
#629 = DIRECTION('',(1.,0.,-0.));
#630 = ORIENTED_EDGE('',*,*,#631,.T.);
#631 = EDGE_CURVE('',#624,#632,#634,.T.);
#632 = VERTEX_POINT('',#633);
#633 = CARTESIAN_POINT('',(1.5,-0.9,3.5E-02));
#634 = LINE('',#635,#636);
#635 = CARTESIAN_POINT('',(1.5,-1.5,3.5E-02));
#636 = VECTOR('',#637,1.);
#637 = DIRECTION('',(-0.,1.,0.));
#638 = ORIENTED_EDGE('',*,*,#639,.T.);
#639 = EDGE_CURVE('',#632,#640,#642,.T.);
#640 = VERTEX_POINT('',#641);
#641 = CARTESIAN_POINT('',(1.1,-0.9,3.5E-02));
#642 = LINE('',#643,#644);
#643 = CARTESIAN_POINT('',(-0.2,-0.9,3.5E-02));
#644 = VECTOR('',#645,1.);
#645 = DIRECTION('',(-1.,-0.,0.));
#646 = ORIENTED_EDGE('',*,*,#647,.T.);
#647 = EDGE_CURVE('',#640,#648,#650,.T.);
#648 = VERTEX_POINT('',#649);
#649 = CARTESIAN_POINT('',(1.1,-0.7,3.5E-02));
#650 = LINE('',#651,#652);
#651 = CARTESIAN_POINT('',(1.1,-1.2,3.5E-02));
#652 = VECTOR('',#653,1.);
#653 = DIRECTION('',(-0.,1.,0.));
#654 = ORIENTED_EDGE('',*,*,#655,.F.);
#655 = EDGE_CURVE('',#656,#648,#658,.T.);
#656 = VERTEX_POINT('',#657);
#657 = CARTESIAN_POINT('',(1.5,-0.7,3.5E-02));
#658 = LINE('',#659,#660);
#659 = CARTESIAN_POINT('',(-0.2,-0.7,3.5E-02));
#660 = VECTOR('',#661,1.);
#661 = DIRECTION('',(-1.,-0.,0.));
#662 = ORIENTED_EDGE('',*,*,#663,.T.);
#663 = EDGE_CURVE('',#656,#664,#666,.T.);
#664 = VERTEX_POINT('',#665);
#665 = CARTESIAN_POINT('',(1.5,-0.5,3.5E-02));
#666 = LINE('',#667,#668);
#667 = CARTESIAN_POINT('',(1.5,-1.5,3.5E-02));
#668 = VECTOR('',#669,1.);
#669 = DIRECTION('',(-0.,1.,0.));
#670 = ORIENTED_EDGE('',*,*,#671,.T.);
#671 = EDGE_CURVE('',#664,#672,#674,.T.);
#672 = VERTEX_POINT('',#673);
#673 = CARTESIAN_POINT('',(1.1,-0.5,3.5E-02));
#674 = LINE('',#675,#676);
#675 = CARTESIAN_POINT('',(-0.2,-0.5,3.5E-02));
#676 = VECTOR('',#677,1.);
#677 = DIRECTION('',(-1.,-0.,0.));
#678 = ORIENTED_EDGE('',*,*,#679,.T.);
#679 = EDGE_CURVE('',#672,#680,#682,.T.);
#680 = VERTEX_POINT('',#681);
#681 = CARTESIAN_POINT('',(1.1,-0.3,3.5E-02));
#682 = LINE('',#683,#684);
#683 = CARTESIAN_POINT('',(1.1,-1.,3.5E-02));
#684 = VECTOR('',#685,1.);
#685 = DIRECTION('',(-0.,1.,0.));
#686 = ORIENTED_EDGE('',*,*,#687,.F.);
#687 = EDGE_CURVE('',#688,#680,#690,.T.);
#688 = VERTEX_POINT('',#689);
#689 = CARTESIAN_POINT('',(1.5,-0.3,3.5E-02));
#690 = LINE('',#691,#692);
#691 = CARTESIAN_POINT('',(-0.2,-0.3,3.5E-02));
#692 = VECTOR('',#693,1.);
#693 = DIRECTION('',(-1.,-0.,0.));
#694 = ORIENTED_EDGE('',*,*,#695,.T.);
#695 = EDGE_CURVE('',#688,#696,#698,.T.);
#696 = VERTEX_POINT('',#697);
#697 = CARTESIAN_POINT('',(1.5,-0.1,3.5E-02));
#698 = LINE('',#699,#700);
#699 = CARTESIAN_POINT('',(1.5,-1.5,3.5E-02));
#700 = VECTOR('',#701,1.);
#701 = DIRECTION('',(-0.,1.,0.));
#702 = ORIENTED_EDGE('',*,*,#703,.T.);
#703 = EDGE_CURVE('',#696,#704,#706,.T.);
#704 = VERTEX_POINT('',#705);
#705 = CARTESIAN_POINT('',(1.1,-0.1,3.5E-02));
#706 = LINE('',#707,#708);
#707 = CARTESIAN_POINT('',(-0.2,-0.1,3.5E-02));
#708 = VECTOR('',#709,1.);
#709 = DIRECTION('',(-1.,-0.,0.));
#710 = ORIENTED_EDGE('',*,*,#711,.T.);
#711 = EDGE_CURVE('',#704,#712,#714,.T.);
#712 = VERTEX_POINT('',#713);
#713 = CARTESIAN_POINT('',(1.1,0.1,3.5E-02));
#714 = LINE('',#715,#716);
#715 = CARTESIAN_POINT('',(1.1,-0.8,3.5E-02));
#716 = VECTOR('',#717,1.);
#717 = DIRECTION('',(-0.,1.,0.));
#718 = ORIENTED_EDGE('',*,*,#719,.F.);
#719 = EDGE_CURVE('',#720,#712,#722,.T.);
#720 = VERTEX_POINT('',#721);
#721 = CARTESIAN_POINT('',(1.5,0.1,3.5E-02));
#722 = LINE('',#723,#724);
#723 = CARTESIAN_POINT('',(-0.2,0.1,3.5E-02));
#724 = VECTOR('',#725,1.);
#725 = DIRECTION('',(-1.,-0.,0.));
#726 = ORIENTED_EDGE('',*,*,#727,.T.);
#727 = EDGE_CURVE('',#720,#728,#730,.T.);
#728 = VERTEX_POINT('',#729);
#729 = CARTESIAN_POINT('',(1.5,0.3,3.5E-02));
#730 = LINE('',#731,#732);
#731 = CARTESIAN_POINT('',(1.5,-1.5,3.5E-02));
#732 = VECTOR('',#733,1.);
#733 = DIRECTION('',(-0.,1.,0.));
#734 = ORIENTED_EDGE('',*,*,#735,.T.);
#735 = EDGE_CURVE('',#728,#736,#738,.T.);
#736 = VERTEX_POINT('',#737);
#737 = CARTESIAN_POINT('',(1.1,0.3,3.5E-02));
#738 = LINE('',#739,#740);
#739 = CARTESIAN_POINT('',(-0.2,0.3,3.5E-02));
#740 = VECTOR('',#741,1.);
#741 = DIRECTION('',(-1.,-0.,0.));
#742 = ORIENTED_EDGE('',*,*,#743,.T.);
#743 = EDGE_CURVE('',#736,#744,#746,.T.);
#744 = VERTEX_POINT('',#745);
#745 = CARTESIAN_POINT('',(1.1,0.5,3.5E-02));
#746 = LINE('',#747,#748);
#747 = CARTESIAN_POINT('',(1.1,-0.6,3.5E-02));
#748 = VECTOR('',#749,1.);
#749 = DIRECTION('',(-0.,1.,0.));
#750 = ORIENTED_EDGE('',*,*,#751,.F.);
#751 = EDGE_CURVE('',#752,#744,#754,.T.);
#752 = VERTEX_POINT('',#753);
#753 = CARTESIAN_POINT('',(1.5,0.5,3.5E-02));
#754 = LINE('',#755,#756);
#755 = CARTESIAN_POINT('',(-0.2,0.5,3.5E-02));
#756 = VECTOR('',#757,1.);
#757 = DIRECTION('',(-1.,-0.,0.));
#758 = ORIENTED_EDGE('',*,*,#759,.T.);
#759 = EDGE_CURVE('',#752,#760,#762,.T.);
#760 = VERTEX_POINT('',#761);
#761 = CARTESIAN_POINT('',(1.5,0.7,3.5E-02));
#762 = LINE('',#763,#764);
#763 = CARTESIAN_POINT('',(1.5,-1.5,3.5E-02));
#764 = VECTOR('',#765,1.);
#765 = DIRECTION('',(-0.,1.,0.));
#766 = ORIENTED_EDGE('',*,*,#767,.T.);
#767 = EDGE_CURVE('',#760,#768,#770,.T.);
#768 = VERTEX_POINT('',#769);
#769 = CARTESIAN_POINT('',(1.1,0.7,3.5E-02));
#770 = LINE('',#771,#772);
#771 = CARTESIAN_POINT('',(-0.2,0.7,3.5E-02));
#772 = VECTOR('',#773,1.);
#773 = DIRECTION('',(-1.,-0.,0.));
#774 = ORIENTED_EDGE('',*,*,#775,.T.);
#775 = EDGE_CURVE('',#768,#776,#778,.T.);
#776 = VERTEX_POINT('',#777);
#777 = CARTESIAN_POINT('',(1.1,0.9,3.5E-02));
#778 = LINE('',#779,#780);
#779 = CARTESIAN_POINT('',(1.1,-0.4,3.5E-02));
#780 = VECTOR('',#781,1.);
#781 = DIRECTION('',(-0.,1.,0.));
#782 = ORIENTED_EDGE('',*,*,#783,.F.);
#783 = EDGE_CURVE('',#784,#776,#786,.T.);
#784 = VERTEX_POINT('',#785);
#785 = CARTESIAN_POINT('',(1.5,0.9,3.5E-02));
#786 = LINE('',#787,#788);
#787 = CARTESIAN_POINT('',(-0.2,0.9,3.5E-02));
#788 = VECTOR('',#789,1.);
#789 = DIRECTION('',(-1.,-0.,0.));
#790 = ORIENTED_EDGE('',*,*,#791,.T.);
#791 = EDGE_CURVE('',#784,#289,#792,.T.);
#792 = LINE('',#793,#794);
#793 = CARTESIAN_POINT('',(1.5,-1.5,3.5E-02));
#794 = VECTOR('',#795,1.);
#795 = DIRECTION('',(-0.,1.,0.));
#796 = ORIENTED_EDGE('',*,*,#296,.F.);
#797 = ORIENTED_EDGE('',*,*,#798,.F.);
#798 = EDGE_CURVE('',#799,#297,#801,.T.);
#799 = VERTEX_POINT('',#800);
#800 = CARTESIAN_POINT('',(0.9,1.1,3.5E-02));
#801 = LINE('',#802,#803);
#802 = CARTESIAN_POINT('',(0.9,-0.2,3.5E-02));
#803 = VECTOR('',#804,1.);
#804 = DIRECTION('',(-0.,1.,0.));
#805 = ORIENTED_EDGE('',*,*,#806,.T.);
#806 = EDGE_CURVE('',#799,#807,#809,.T.);
#807 = VERTEX_POINT('',#808);
#808 = CARTESIAN_POINT('',(0.7,1.1,3.5E-02));
#809 = LINE('',#810,#811);
#810 = CARTESIAN_POINT('',(-0.4,1.1,3.5E-02));
#811 = VECTOR('',#812,1.);
#812 = DIRECTION('',(-1.,-0.,0.));
#813 = ORIENTED_EDGE('',*,*,#814,.T.);
#814 = EDGE_CURVE('',#807,#321,#815,.T.);
#815 = LINE('',#816,#817);
#816 = CARTESIAN_POINT('',(0.7,-0.2,3.5E-02));
#817 = VECTOR('',#818,1.);
#818 = DIRECTION('',(-0.,1.,0.));
#819 = ORIENTED_EDGE('',*,*,#328,.F.);
#820 = ORIENTED_EDGE('',*,*,#821,.F.);
#821 = EDGE_CURVE('',#822,#329,#824,.T.);
#822 = VERTEX_POINT('',#823);
#823 = CARTESIAN_POINT('',(0.5,1.1,3.5E-02));
#824 = LINE('',#825,#826);
#825 = CARTESIAN_POINT('',(0.5,-0.2,3.5E-02));
#826 = VECTOR('',#827,1.);
#827 = DIRECTION('',(-0.,1.,0.));
#828 = ORIENTED_EDGE('',*,*,#829,.T.);
#829 = EDGE_CURVE('',#822,#830,#832,.T.);
#830 = VERTEX_POINT('',#831);
#831 = CARTESIAN_POINT('',(0.3,1.1,3.5E-02));
#832 = LINE('',#833,#834);
#833 = CARTESIAN_POINT('',(-0.6,1.1,3.5E-02));
#834 = VECTOR('',#835,1.);
#835 = DIRECTION('',(-1.,-0.,0.));
#836 = ORIENTED_EDGE('',*,*,#837,.T.);
#837 = EDGE_CURVE('',#830,#353,#838,.T.);
#838 = LINE('',#839,#840);
#839 = CARTESIAN_POINT('',(0.3,-0.2,3.5E-02));
#840 = VECTOR('',#841,1.);
#841 = DIRECTION('',(-0.,1.,0.));
#842 = ORIENTED_EDGE('',*,*,#360,.F.);
#843 = ORIENTED_EDGE('',*,*,#844,.F.);
#844 = EDGE_CURVE('',#845,#361,#847,.T.);
#845 = VERTEX_POINT('',#846);
#846 = CARTESIAN_POINT('',(0.1,1.1,3.5E-02));
#847 = LINE('',#848,#849);
#848 = CARTESIAN_POINT('',(0.1,-0.2,3.5E-02));
#849 = VECTOR('',#850,1.);
#850 = DIRECTION('',(-0.,1.,0.));
#851 = ORIENTED_EDGE('',*,*,#852,.T.);
#852 = EDGE_CURVE('',#845,#853,#855,.T.);
#853 = VERTEX_POINT('',#854);
#854 = CARTESIAN_POINT('',(-0.1,1.1,3.5E-02));
#855 = LINE('',#856,#857);
#856 = CARTESIAN_POINT('',(-0.8,1.1,3.5E-02));
#857 = VECTOR('',#858,1.);
#858 = DIRECTION('',(-1.,-0.,0.));
#859 = ORIENTED_EDGE('',*,*,#860,.T.);
#860 = EDGE_CURVE('',#853,#385,#861,.T.);
#861 = LINE('',#862,#863);
#862 = CARTESIAN_POINT('',(-0.1,-0.2,3.5E-02));
#863 = VECTOR('',#864,1.);
#864 = DIRECTION('',(-0.,1.,0.));
#865 = ORIENTED_EDGE('',*,*,#392,.F.);
#866 = ORIENTED_EDGE('',*,*,#867,.F.);
#867 = EDGE_CURVE('',#868,#393,#870,.T.);
#868 = VERTEX_POINT('',#869);
#869 = CARTESIAN_POINT('',(-0.3,1.1,3.5E-02));
#870 = LINE('',#871,#872);
#871 = CARTESIAN_POINT('',(-0.3,-0.2,3.5E-02));
#872 = VECTOR('',#873,1.);
#873 = DIRECTION('',(-0.,1.,0.));
#874 = ORIENTED_EDGE('',*,*,#875,.T.);
#875 = EDGE_CURVE('',#868,#876,#878,.T.);
#876 = VERTEX_POINT('',#877);
#877 = CARTESIAN_POINT('',(-0.5,1.1,3.5E-02));
#878 = LINE('',#879,#880);
#879 = CARTESIAN_POINT('',(-1.,1.1,3.5E-02));
#880 = VECTOR('',#881,1.);
#881 = DIRECTION('',(-1.,-0.,0.));
#882 = ORIENTED_EDGE('',*,*,#883,.T.);
#883 = EDGE_CURVE('',#876,#417,#884,.T.);
#884 = LINE('',#885,#886);
#885 = CARTESIAN_POINT('',(-0.5,-0.2,3.5E-02));
#886 = VECTOR('',#887,1.);
#887 = DIRECTION('',(-0.,1.,0.));
#888 = ORIENTED_EDGE('',*,*,#424,.F.);
#889 = ORIENTED_EDGE('',*,*,#890,.F.);
#890 = EDGE_CURVE('',#891,#425,#893,.T.);
#891 = VERTEX_POINT('',#892);
#892 = CARTESIAN_POINT('',(-0.7,1.1,3.5E-02));
#893 = LINE('',#894,#895);
#894 = CARTESIAN_POINT('',(-0.7,-0.2,3.5E-02));
#895 = VECTOR('',#896,1.);
#896 = DIRECTION('',(-0.,1.,0.));
#897 = ORIENTED_EDGE('',*,*,#898,.T.);
#898 = EDGE_CURVE('',#891,#899,#901,.T.);
#899 = VERTEX_POINT('',#900);
#900 = CARTESIAN_POINT('',(-0.9,1.1,3.5E-02));
#901 = LINE('',#902,#903);
#902 = CARTESIAN_POINT('',(-1.2,1.1,3.5E-02));
#903 = VECTOR('',#904,1.);
#904 = DIRECTION('',(-1.,-0.,0.));
#905 = ORIENTED_EDGE('',*,*,#906,.T.);
#906 = EDGE_CURVE('',#899,#279,#907,.T.);
#907 = LINE('',#908,#909);
#908 = CARTESIAN_POINT('',(-0.9,-0.2,3.5E-02));
#909 = VECTOR('',#910,1.);
#910 = DIRECTION('',(-0.,1.,0.));
#911 = ORIENTED_EDGE('',*,*,#278,.F.);
#912 = ORIENTED_EDGE('',*,*,#225,.F.);
#913 = ORIENTED_EDGE('',*,*,#914,.F.);
#914 = EDGE_CURVE('',#915,#218,#917,.T.);
#915 = VERTEX_POINT('',#916);
#916 = CARTESIAN_POINT('',(-1.1,0.9,3.5E-02));
#917 = LINE('',#918,#919);
#918 = CARTESIAN_POINT('',(-1.5,0.9,3.5E-02));
#919 = VECTOR('',#920,1.);
#920 = DIRECTION('',(-1.,-0.,0.));
#921 = ORIENTED_EDGE('',*,*,#922,.F.);
#922 = EDGE_CURVE('',#923,#915,#925,.T.);
#923 = VERTEX_POINT('',#924);
#924 = CARTESIAN_POINT('',(-1.1,0.7,3.5E-02));
#925 = LINE('',#926,#927);
#926 = CARTESIAN_POINT('',(-1.1,-0.4,3.5E-02));
#927 = VECTOR('',#928,1.);
#928 = DIRECTION('',(-0.,1.,0.));
#929 = ORIENTED_EDGE('',*,*,#930,.T.);
#930 = EDGE_CURVE('',#923,#194,#931,.T.);
#931 = LINE('',#932,#933);
#932 = CARTESIAN_POINT('',(-1.5,0.7,3.5E-02));
#933 = VECTOR('',#934,1.);
#934 = DIRECTION('',(-1.,-0.,0.));
#935 = ORIENTED_EDGE('',*,*,#193,.F.);
#936 = ORIENTED_EDGE('',*,*,#937,.F.);
#937 = EDGE_CURVE('',#938,#186,#940,.T.);
#938 = VERTEX_POINT('',#939);
#939 = CARTESIAN_POINT('',(-1.1,0.5,3.5E-02));
#940 = LINE('',#941,#942);
#941 = CARTESIAN_POINT('',(-1.5,0.5,3.5E-02));
#942 = VECTOR('',#943,1.);
#943 = DIRECTION('',(-1.,-0.,0.));
#944 = ORIENTED_EDGE('',*,*,#945,.F.);
#945 = EDGE_CURVE('',#946,#938,#948,.T.);
#946 = VERTEX_POINT('',#947);
#947 = CARTESIAN_POINT('',(-1.1,0.3,3.5E-02));
#948 = LINE('',#949,#950);
#949 = CARTESIAN_POINT('',(-1.1,-0.6,3.5E-02));
#950 = VECTOR('',#951,1.);
#951 = DIRECTION('',(-0.,1.,0.));
#952 = ORIENTED_EDGE('',*,*,#953,.T.);
#953 = EDGE_CURVE('',#946,#162,#954,.T.);
#954 = LINE('',#955,#956);
#955 = CARTESIAN_POINT('',(-1.5,0.3,3.5E-02));
#956 = VECTOR('',#957,1.);
#957 = DIRECTION('',(-1.,-0.,0.));
#958 = ORIENTED_EDGE('',*,*,#161,.F.);
#959 = ORIENTED_EDGE('',*,*,#960,.F.);
#960 = EDGE_CURVE('',#961,#154,#963,.T.);
#961 = VERTEX_POINT('',#962);
#962 = CARTESIAN_POINT('',(-1.1,0.1,3.5E-02));
#963 = LINE('',#964,#965);
#964 = CARTESIAN_POINT('',(-1.5,0.1,3.5E-02));
#965 = VECTOR('',#966,1.);
#966 = DIRECTION('',(-1.,-0.,0.));
#967 = ORIENTED_EDGE('',*,*,#968,.F.);
#968 = EDGE_CURVE('',#969,#961,#971,.T.);
#969 = VERTEX_POINT('',#970);
#970 = CARTESIAN_POINT('',(-1.1,-0.1,3.5E-02));
#971 = LINE('',#972,#973);
#972 = CARTESIAN_POINT('',(-1.1,-0.8,3.5E-02));
#973 = VECTOR('',#974,1.);
#974 = DIRECTION('',(-0.,1.,0.));
#975 = ORIENTED_EDGE('',*,*,#976,.T.);
#976 = EDGE_CURVE('',#969,#130,#977,.T.);
#977 = LINE('',#978,#979);
#978 = CARTESIAN_POINT('',(-1.5,-0.1,3.5E-02));
#979 = VECTOR('',#980,1.);
#980 = DIRECTION('',(-1.,-0.,0.));
#981 = ORIENTED_EDGE('',*,*,#129,.F.);
#982 = ORIENTED_EDGE('',*,*,#983,.F.);
#983 = EDGE_CURVE('',#984,#122,#986,.T.);
#984 = VERTEX_POINT('',#985);
#985 = CARTESIAN_POINT('',(-1.1,-0.3,3.5E-02));
#986 = LINE('',#987,#988);
#987 = CARTESIAN_POINT('',(-1.5,-0.3,3.5E-02));
#988 = VECTOR('',#989,1.);
#989 = DIRECTION('',(-1.,-0.,0.));
#990 = ORIENTED_EDGE('',*,*,#991,.F.);
#991 = EDGE_CURVE('',#992,#984,#994,.T.);
#992 = VERTEX_POINT('',#993);
#993 = CARTESIAN_POINT('',(-1.1,-0.5,3.5E-02));
#994 = LINE('',#995,#996);
#995 = CARTESIAN_POINT('',(-1.1,-1.,3.5E-02));
#996 = VECTOR('',#997,1.);
#997 = DIRECTION('',(-0.,1.,0.));
#998 = ORIENTED_EDGE('',*,*,#999,.T.);
#999 = EDGE_CURVE('',#992,#98,#1000,.T.);
#1000 = LINE('',#1001,#1002);
#1001 = CARTESIAN_POINT('',(-1.5,-0.5,3.5E-02));
#1002 = VECTOR('',#1003,1.);
#1003 = DIRECTION('',(-1.,-0.,0.));
#1004 = ORIENTED_EDGE('',*,*,#97,.F.);
#1005 = ORIENTED_EDGE('',*,*,#1006,.F.);
#1006 = EDGE_CURVE('',#1007,#90,#1009,.T.);
#1007 = VERTEX_POINT('',#1008);
#1008 = CARTESIAN_POINT('',(-1.1,-0.7,3.5E-02));
#1009 = LINE('',#1010,#1011);
#1010 = CARTESIAN_POINT('',(-1.5,-0.7,3.5E-02));
#1011 = VECTOR('',#1012,1.);
#1012 = DIRECTION('',(-1.,-0.,0.));
#1013 = ORIENTED_EDGE('',*,*,#1014,.F.);
#1014 = EDGE_CURVE('',#1015,#1007,#1017,.T.);
#1015 = VERTEX_POINT('',#1016);
#1016 = CARTESIAN_POINT('',(-1.1,-0.9,3.5E-02));
#1017 = LINE('',#1018,#1019);
#1018 = CARTESIAN_POINT('',(-1.1,-1.2,3.5E-02));
#1019 = VECTOR('',#1020,1.);
#1020 = DIRECTION('',(-0.,1.,0.));
#1021 = ORIENTED_EDGE('',*,*,#1022,.T.);
#1022 = EDGE_CURVE('',#1015,#66,#1023,.T.);
#1023 = LINE('',#1024,#1025);
#1024 = CARTESIAN_POINT('',(-1.5,-0.9,3.5E-02));
#1025 = VECTOR('',#1026,1.);
#1026 = DIRECTION('',(-1.,-0.,0.));
#1027 = FACE_BOUND('',#1028,.F.);
#1028 = EDGE_LOOP('',(#1029,#1039,#1047,#1055));
#1029 = ORIENTED_EDGE('',*,*,#1030,.T.);
#1030 = EDGE_CURVE('',#1031,#1033,#1035,.T.);
#1031 = VERTEX_POINT('',#1032);
#1032 = CARTESIAN_POINT('',(0.85,-0.85,3.5E-02));
#1033 = VERTEX_POINT('',#1034);
#1034 = CARTESIAN_POINT('',(-0.85,-0.85,3.5E-02));
#1035 = LINE('',#1036,#1037);
#1036 = CARTESIAN_POINT('',(-1.175,-0.85,3.5E-02));
#1037 = VECTOR('',#1038,1.);
#1038 = DIRECTION('',(-1.,-0.,0.));
#1039 = ORIENTED_EDGE('',*,*,#1040,.T.);
#1040 = EDGE_CURVE('',#1033,#1041,#1043,.T.);
#1041 = VERTEX_POINT('',#1042);
#1042 = CARTESIAN_POINT('',(-0.85,0.85,3.5E-02));
#1043 = LINE('',#1044,#1045);
#1044 = CARTESIAN_POINT('',(-0.85,-1.175,3.5E-02));
#1045 = VECTOR('',#1046,1.);
#1046 = DIRECTION('',(-0.,1.,0.));
#1047 = ORIENTED_EDGE('',*,*,#1048,.F.);
#1048 = EDGE_CURVE('',#1049,#1041,#1051,.T.);
#1049 = VERTEX_POINT('',#1050);
#1050 = CARTESIAN_POINT('',(0.85,0.85,3.5E-02));
#1051 = LINE('',#1052,#1053);
#1052 = CARTESIAN_POINT('',(-1.175,0.85,3.5E-02));
#1053 = VECTOR('',#1054,1.);
#1054 = DIRECTION('',(-1.,-0.,0.));
#1055 = ORIENTED_EDGE('',*,*,#1056,.F.);
#1056 = EDGE_CURVE('',#1031,#1049,#1057,.T.);
#1057 = LINE('',#1058,#1059);
#1058 = CARTESIAN_POINT('',(0.85,-1.175,3.5E-02));
#1059 = VECTOR('',#1060,1.);
#1060 = DIRECTION('',(-0.,1.,0.));
#1061 = PLANE('',#1062);
#1062 = AXIS2_PLACEMENT_3D('',#1063,#1064,#1065);
#1063 = CARTESIAN_POINT('',(-1.5,-1.5,3.5E-02));
#1064 = DIRECTION('',(0.,0.,1.));
#1065 = DIRECTION('',(1.,0.,-0.));
#1066 = ADVANCED_FACE('',(#1067),#1085,.F.);
#1067 = FACE_BOUND('',#1068,.F.);
#1068 = EDGE_LOOP('',(#1069,#1077,#1078,#1079));
#1069 = ORIENTED_EDGE('',*,*,#1070,.F.);
#1070 = EDGE_CURVE('',#915,#1071,#1073,.T.);
#1071 = VERTEX_POINT('',#1072);
#1072 = CARTESIAN_POINT('',(-1.1,0.9,8.5E-02));
#1073 = LINE('',#1074,#1075);
#1074 = CARTESIAN_POINT('',(-1.1,0.9,0.));
#1075 = VECTOR('',#1076,1.);
#1076 = DIRECTION('',(0.,0.,1.));
#1077 = ORIENTED_EDGE('',*,*,#914,.T.);
#1078 = ORIENTED_EDGE('',*,*,#217,.T.);
#1079 = ORIENTED_EDGE('',*,*,#1080,.T.);
#1080 = EDGE_CURVE('',#210,#1071,#1081,.T.);
#1081 = LINE('',#1082,#1083);
#1082 = CARTESIAN_POINT('',(-1.5,0.9,8.5E-02));
#1083 = VECTOR('',#1084,1.);
#1084 = DIRECTION('',(1.,0.,-0.));
#1085 = PLANE('',#1086);
#1086 = AXIS2_PLACEMENT_3D('',#1087,#1088,#1089);
#1087 = CARTESIAN_POINT('',(-1.5,0.9,0.));
#1088 = DIRECTION('',(-0.,1.,0.));
#1089 = DIRECTION('',(0.,0.,1.));
#1090 = ADVANCED_FACE('',(#1091),#1109,.F.);
#1091 = FACE_BOUND('',#1092,.F.);
#1092 = EDGE_LOOP('',(#1093,#1094,#1102,#1108));
#1093 = ORIENTED_EDGE('',*,*,#209,.F.);
#1094 = ORIENTED_EDGE('',*,*,#1095,.T.);
#1095 = EDGE_CURVE('',#202,#1096,#1098,.T.);
#1096 = VERTEX_POINT('',#1097);
#1097 = CARTESIAN_POINT('',(-1.1,0.7,8.5E-02));
#1098 = LINE('',#1099,#1100);
#1099 = CARTESIAN_POINT('',(-1.5,0.7,8.5E-02));
#1100 = VECTOR('',#1101,1.);
#1101 = DIRECTION('',(1.,0.,-0.));
#1102 = ORIENTED_EDGE('',*,*,#1103,.T.);
#1103 = EDGE_CURVE('',#1096,#1071,#1104,.T.);
#1104 = LINE('',#1105,#1106);
#1105 = CARTESIAN_POINT('',(-1.1,0.7,8.5E-02));
#1106 = VECTOR('',#1107,1.);
#1107 = DIRECTION('',(-0.,1.,0.));
#1108 = ORIENTED_EDGE('',*,*,#1080,.F.);
#1109 = PLANE('',#1110);
#1110 = AXIS2_PLACEMENT_3D('',#1111,#1112,#1113);
#1111 = CARTESIAN_POINT('',(-1.5,0.7,8.5E-02));
#1112 = DIRECTION('',(0.,0.,1.));
#1113 = DIRECTION('',(1.,0.,-0.));
#1114 = ADVANCED_FACE('',(#1115),#1126,.T.);
#1115 = FACE_BOUND('',#1116,.T.);
#1116 = EDGE_LOOP('',(#1117,#1123,#1124,#1125));
#1117 = ORIENTED_EDGE('',*,*,#1118,.F.);
#1118 = EDGE_CURVE('',#923,#1096,#1119,.T.);
#1119 = LINE('',#1120,#1121);
#1120 = CARTESIAN_POINT('',(-1.1,0.7,0.));
#1121 = VECTOR('',#1122,1.);
#1122 = DIRECTION('',(0.,0.,1.));
#1123 = ORIENTED_EDGE('',*,*,#930,.T.);
#1124 = ORIENTED_EDGE('',*,*,#201,.T.);
#1125 = ORIENTED_EDGE('',*,*,#1095,.T.);
#1126 = PLANE('',#1127);
#1127 = AXIS2_PLACEMENT_3D('',#1128,#1129,#1130);
#1128 = CARTESIAN_POINT('',(-1.5,0.7,0.));
#1129 = DIRECTION('',(-0.,1.,0.));
#1130 = DIRECTION('',(0.,0.,1.));
#1131 = ADVANCED_FACE('',(#1132),#1150,.F.);
#1132 = FACE_BOUND('',#1133,.F.);
#1133 = EDGE_LOOP('',(#1134,#1142,#1143,#1144));
#1134 = ORIENTED_EDGE('',*,*,#1135,.F.);
#1135 = EDGE_CURVE('',#938,#1136,#1138,.T.);
#1136 = VERTEX_POINT('',#1137);
#1137 = CARTESIAN_POINT('',(-1.1,0.5,8.5E-02));
#1138 = LINE('',#1139,#1140);
#1139 = CARTESIAN_POINT('',(-1.1,0.5,0.));
#1140 = VECTOR('',#1141,1.);
#1141 = DIRECTION('',(0.,0.,1.));
#1142 = ORIENTED_EDGE('',*,*,#937,.T.);
#1143 = ORIENTED_EDGE('',*,*,#185,.T.);
#1144 = ORIENTED_EDGE('',*,*,#1145,.T.);
#1145 = EDGE_CURVE('',#178,#1136,#1146,.T.);
#1146 = LINE('',#1147,#1148);
#1147 = CARTESIAN_POINT('',(-1.5,0.5,8.5E-02));
#1148 = VECTOR('',#1149,1.);
#1149 = DIRECTION('',(1.,0.,-0.));
#1150 = PLANE('',#1151);
#1151 = AXIS2_PLACEMENT_3D('',#1152,#1153,#1154);
#1152 = CARTESIAN_POINT('',(-1.5,0.5,0.));
#1153 = DIRECTION('',(-0.,1.,0.));
#1154 = DIRECTION('',(0.,0.,1.));
#1155 = ADVANCED_FACE('',(#1156),#1174,.F.);
#1156 = FACE_BOUND('',#1157,.F.);
#1157 = EDGE_LOOP('',(#1158,#1159,#1167,#1173));
#1158 = ORIENTED_EDGE('',*,*,#177,.F.);
#1159 = ORIENTED_EDGE('',*,*,#1160,.T.);
#1160 = EDGE_CURVE('',#170,#1161,#1163,.T.);
#1161 = VERTEX_POINT('',#1162);
#1162 = CARTESIAN_POINT('',(-1.1,0.3,8.5E-02));
#1163 = LINE('',#1164,#1165);
#1164 = CARTESIAN_POINT('',(-1.5,0.3,8.5E-02));
#1165 = VECTOR('',#1166,1.);
#1166 = DIRECTION('',(1.,0.,-0.));
#1167 = ORIENTED_EDGE('',*,*,#1168,.T.);
#1168 = EDGE_CURVE('',#1161,#1136,#1169,.T.);
#1169 = LINE('',#1170,#1171);
#1170 = CARTESIAN_POINT('',(-1.1,0.3,8.5E-02));
#1171 = VECTOR('',#1172,1.);
#1172 = DIRECTION('',(-0.,1.,0.));
#1173 = ORIENTED_EDGE('',*,*,#1145,.F.);
#1174 = PLANE('',#1175);
#1175 = AXIS2_PLACEMENT_3D('',#1176,#1177,#1178);
#1176 = CARTESIAN_POINT('',(-1.5,0.3,8.5E-02));
#1177 = DIRECTION('',(0.,0.,1.));
#1178 = DIRECTION('',(1.,0.,-0.));
#1179 = ADVANCED_FACE('',(#1180),#1191,.T.);
#1180 = FACE_BOUND('',#1181,.T.);
#1181 = EDGE_LOOP('',(#1182,#1188,#1189,#1190));
#1182 = ORIENTED_EDGE('',*,*,#1183,.F.);
#1183 = EDGE_CURVE('',#946,#1161,#1184,.T.);
#1184 = LINE('',#1185,#1186);
#1185 = CARTESIAN_POINT('',(-1.1,0.3,0.));
#1186 = VECTOR('',#1187,1.);
#1187 = DIRECTION('',(0.,0.,1.));
#1188 = ORIENTED_EDGE('',*,*,#953,.T.);
#1189 = ORIENTED_EDGE('',*,*,#169,.T.);
#1190 = ORIENTED_EDGE('',*,*,#1160,.T.);
#1191 = PLANE('',#1192);
#1192 = AXIS2_PLACEMENT_3D('',#1193,#1194,#1195);
#1193 = CARTESIAN_POINT('',(-1.5,0.3,0.));
#1194 = DIRECTION('',(-0.,1.,0.));
#1195 = DIRECTION('',(0.,0.,1.));
#1196 = ADVANCED_FACE('',(#1197),#1215,.F.);
#1197 = FACE_BOUND('',#1198,.F.);
#1198 = EDGE_LOOP('',(#1199,#1207,#1208,#1209));
#1199 = ORIENTED_EDGE('',*,*,#1200,.F.);
#1200 = EDGE_CURVE('',#961,#1201,#1203,.T.);
#1201 = VERTEX_POINT('',#1202);
#1202 = CARTESIAN_POINT('',(-1.1,0.1,8.5E-02));
#1203 = LINE('',#1204,#1205);
#1204 = CARTESIAN_POINT('',(-1.1,0.1,0.));
#1205 = VECTOR('',#1206,1.);
#1206 = DIRECTION('',(0.,0.,1.));
#1207 = ORIENTED_EDGE('',*,*,#960,.T.);
#1208 = ORIENTED_EDGE('',*,*,#153,.T.);
#1209 = ORIENTED_EDGE('',*,*,#1210,.T.);
#1210 = EDGE_CURVE('',#146,#1201,#1211,.T.);
#1211 = LINE('',#1212,#1213);
#1212 = CARTESIAN_POINT('',(-1.5,0.1,8.5E-02));
#1213 = VECTOR('',#1214,1.);
#1214 = DIRECTION('',(1.,0.,-0.));
#1215 = PLANE('',#1216);
#1216 = AXIS2_PLACEMENT_3D('',#1217,#1218,#1219);
#1217 = CARTESIAN_POINT('',(-1.5,0.1,0.));
#1218 = DIRECTION('',(-0.,1.,0.));
#1219 = DIRECTION('',(0.,0.,1.));
#1220 = ADVANCED_FACE('',(#1221),#1239,.F.);
#1221 = FACE_BOUND('',#1222,.F.);
#1222 = EDGE_LOOP('',(#1223,#1224,#1232,#1238));
#1223 = ORIENTED_EDGE('',*,*,#145,.F.);
#1224 = ORIENTED_EDGE('',*,*,#1225,.T.);
#1225 = EDGE_CURVE('',#138,#1226,#1228,.T.);
#1226 = VERTEX_POINT('',#1227);
#1227 = CARTESIAN_POINT('',(-1.1,-0.1,8.5E-02));
#1228 = LINE('',#1229,#1230);
#1229 = CARTESIAN_POINT('',(-1.5,-0.1,8.5E-02));
#1230 = VECTOR('',#1231,1.);
#1231 = DIRECTION('',(1.,0.,-0.));
#1232 = ORIENTED_EDGE('',*,*,#1233,.T.);
#1233 = EDGE_CURVE('',#1226,#1201,#1234,.T.);
#1234 = LINE('',#1235,#1236);
#1235 = CARTESIAN_POINT('',(-1.1,-0.1,8.5E-02));
#1236 = VECTOR('',#1237,1.);
#1237 = DIRECTION('',(-0.,1.,0.));
#1238 = ORIENTED_EDGE('',*,*,#1210,.F.);
#1239 = PLANE('',#1240);
#1240 = AXIS2_PLACEMENT_3D('',#1241,#1242,#1243);
#1241 = CARTESIAN_POINT('',(-1.5,-0.1,8.5E-02));
#1242 = DIRECTION('',(0.,0.,1.));
#1243 = DIRECTION('',(1.,0.,-0.));
#1244 = ADVANCED_FACE('',(#1245),#1256,.T.);
#1245 = FACE_BOUND('',#1246,.T.);
#1246 = EDGE_LOOP('',(#1247,#1253,#1254,#1255));
#1247 = ORIENTED_EDGE('',*,*,#1248,.F.);
#1248 = EDGE_CURVE('',#969,#1226,#1249,.T.);
#1249 = LINE('',#1250,#1251);
#1250 = CARTESIAN_POINT('',(-1.1,-0.1,0.));
#1251 = VECTOR('',#1252,1.);
#1252 = DIRECTION('',(0.,0.,1.));
#1253 = ORIENTED_EDGE('',*,*,#976,.T.);
#1254 = ORIENTED_EDGE('',*,*,#137,.T.);
#1255 = ORIENTED_EDGE('',*,*,#1225,.T.);
#1256 = PLANE('',#1257);
#1257 = AXIS2_PLACEMENT_3D('',#1258,#1259,#1260);
#1258 = CARTESIAN_POINT('',(-1.5,-0.1,0.));
#1259 = DIRECTION('',(-0.,1.,0.));
#1260 = DIRECTION('',(0.,0.,1.));
#1261 = ADVANCED_FACE('',(#1262),#1280,.F.);
#1262 = FACE_BOUND('',#1263,.F.);
#1263 = EDGE_LOOP('',(#1264,#1272,#1273,#1274));
#1264 = ORIENTED_EDGE('',*,*,#1265,.F.);
#1265 = EDGE_CURVE('',#984,#1266,#1268,.T.);
#1266 = VERTEX_POINT('',#1267);
#1267 = CARTESIAN_POINT('',(-1.1,-0.3,8.5E-02));
#1268 = LINE('',#1269,#1270);
#1269 = CARTESIAN_POINT('',(-1.1,-0.3,0.));
#1270 = VECTOR('',#1271,1.);
#1271 = DIRECTION('',(0.,0.,1.));
#1272 = ORIENTED_EDGE('',*,*,#983,.T.);
#1273 = ORIENTED_EDGE('',*,*,#121,.T.);
#1274 = ORIENTED_EDGE('',*,*,#1275,.T.);
#1275 = EDGE_CURVE('',#114,#1266,#1276,.T.);
#1276 = LINE('',#1277,#1278);
#1277 = CARTESIAN_POINT('',(-1.5,-0.3,8.5E-02));
#1278 = VECTOR('',#1279,1.);
#1279 = DIRECTION('',(1.,0.,-0.));
#1280 = PLANE('',#1281);
#1281 = AXIS2_PLACEMENT_3D('',#1282,#1283,#1284);
#1282 = CARTESIAN_POINT('',(-1.5,-0.3,0.));
#1283 = DIRECTION('',(-0.,1.,0.));
#1284 = DIRECTION('',(0.,0.,1.));
#1285 = ADVANCED_FACE('',(#1286),#1304,.F.);
#1286 = FACE_BOUND('',#1287,.F.);
#1287 = EDGE_LOOP('',(#1288,#1289,#1297,#1303));
#1288 = ORIENTED_EDGE('',*,*,#113,.F.);
#1289 = ORIENTED_EDGE('',*,*,#1290,.T.);
#1290 = EDGE_CURVE('',#106,#1291,#1293,.T.);
#1291 = VERTEX_POINT('',#1292);
#1292 = CARTESIAN_POINT('',(-1.1,-0.5,8.5E-02));
#1293 = LINE('',#1294,#1295);
#1294 = CARTESIAN_POINT('',(-1.5,-0.5,8.5E-02));
#1295 = VECTOR('',#1296,1.);
#1296 = DIRECTION('',(1.,0.,-0.));
#1297 = ORIENTED_EDGE('',*,*,#1298,.T.);
#1298 = EDGE_CURVE('',#1291,#1266,#1299,.T.);
#1299 = LINE('',#1300,#1301);
#1300 = CARTESIAN_POINT('',(-1.1,-0.5,8.5E-02));
#1301 = VECTOR('',#1302,1.);
#1302 = DIRECTION('',(-0.,1.,0.));
#1303 = ORIENTED_EDGE('',*,*,#1275,.F.);
#1304 = PLANE('',#1305);
#1305 = AXIS2_PLACEMENT_3D('',#1306,#1307,#1308);
#1306 = CARTESIAN_POINT('',(-1.5,-0.5,8.5E-02));
#1307 = DIRECTION('',(0.,0.,1.));
#1308 = DIRECTION('',(1.,0.,-0.));
#1309 = ADVANCED_FACE('',(#1310),#1321,.T.);
#1310 = FACE_BOUND('',#1311,.T.);
#1311 = EDGE_LOOP('',(#1312,#1318,#1319,#1320));
#1312 = ORIENTED_EDGE('',*,*,#1313,.F.);
#1313 = EDGE_CURVE('',#992,#1291,#1314,.T.);
#1314 = LINE('',#1315,#1316);
#1315 = CARTESIAN_POINT('',(-1.1,-0.5,0.));
#1316 = VECTOR('',#1317,1.);
#1317 = DIRECTION('',(0.,0.,1.));
#1318 = ORIENTED_EDGE('',*,*,#999,.T.);
#1319 = ORIENTED_EDGE('',*,*,#105,.T.);
#1320 = ORIENTED_EDGE('',*,*,#1290,.T.);
#1321 = PLANE('',#1322);
#1322 = AXIS2_PLACEMENT_3D('',#1323,#1324,#1325);
#1323 = CARTESIAN_POINT('',(-1.5,-0.5,0.));
#1324 = DIRECTION('',(-0.,1.,0.));
#1325 = DIRECTION('',(0.,0.,1.));
#1326 = ADVANCED_FACE('',(#1327),#1345,.F.);
#1327 = FACE_BOUND('',#1328,.F.);
#1328 = EDGE_LOOP('',(#1329,#1337,#1338,#1339));
#1329 = ORIENTED_EDGE('',*,*,#1330,.F.);
#1330 = EDGE_CURVE('',#1007,#1331,#1333,.T.);
#1331 = VERTEX_POINT('',#1332);
#1332 = CARTESIAN_POINT('',(-1.1,-0.7,8.5E-02));
#1333 = LINE('',#1334,#1335);
#1334 = CARTESIAN_POINT('',(-1.1,-0.7,0.));
#1335 = VECTOR('',#1336,1.);
#1336 = DIRECTION('',(0.,0.,1.));
#1337 = ORIENTED_EDGE('',*,*,#1006,.T.);
#1338 = ORIENTED_EDGE('',*,*,#89,.T.);
#1339 = ORIENTED_EDGE('',*,*,#1340,.T.);
#1340 = EDGE_CURVE('',#82,#1331,#1341,.T.);
#1341 = LINE('',#1342,#1343);
#1342 = CARTESIAN_POINT('',(-1.5,-0.7,8.5E-02));
#1343 = VECTOR('',#1344,1.);
#1344 = DIRECTION('',(1.,0.,-0.));
#1345 = PLANE('',#1346);
#1346 = AXIS2_PLACEMENT_3D('',#1347,#1348,#1349);
#1347 = CARTESIAN_POINT('',(-1.5,-0.7,0.));
#1348 = DIRECTION('',(-0.,1.,0.));
#1349 = DIRECTION('',(0.,0.,1.));
#1350 = ADVANCED_FACE('',(#1351),#1369,.F.);
#1351 = FACE_BOUND('',#1352,.F.);
#1352 = EDGE_LOOP('',(#1353,#1354,#1362,#1368));
#1353 = ORIENTED_EDGE('',*,*,#81,.F.);
#1354 = ORIENTED_EDGE('',*,*,#1355,.T.);
#1355 = EDGE_CURVE('',#74,#1356,#1358,.T.);
#1356 = VERTEX_POINT('',#1357);
#1357 = CARTESIAN_POINT('',(-1.1,-0.9,8.5E-02));
#1358 = LINE('',#1359,#1360);
#1359 = CARTESIAN_POINT('',(-1.5,-0.9,8.5E-02));
#1360 = VECTOR('',#1361,1.);
#1361 = DIRECTION('',(1.,0.,-0.));
#1362 = ORIENTED_EDGE('',*,*,#1363,.T.);
#1363 = EDGE_CURVE('',#1356,#1331,#1364,.T.);
#1364 = LINE('',#1365,#1366);
#1365 = CARTESIAN_POINT('',(-1.1,-0.9,8.5E-02));
#1366 = VECTOR('',#1367,1.);
#1367 = DIRECTION('',(-0.,1.,0.));
#1368 = ORIENTED_EDGE('',*,*,#1340,.F.);
#1369 = PLANE('',#1370);
#1370 = AXIS2_PLACEMENT_3D('',#1371,#1372,#1373);
#1371 = CARTESIAN_POINT('',(-1.5,-0.9,8.5E-02));
#1372 = DIRECTION('',(0.,0.,1.));
#1373 = DIRECTION('',(1.,0.,-0.));
#1374 = ADVANCED_FACE('',(#1375),#1386,.T.);
#1375 = FACE_BOUND('',#1376,.T.);
#1376 = EDGE_LOOP('',(#1377,#1383,#1384,#1385));
#1377 = ORIENTED_EDGE('',*,*,#1378,.F.);
#1378 = EDGE_CURVE('',#1015,#1356,#1379,.T.);
#1379 = LINE('',#1380,#1381);
#1380 = CARTESIAN_POINT('',(-1.1,-0.9,0.));
#1381 = VECTOR('',#1382,1.);
#1382 = DIRECTION('',(0.,0.,1.));
#1383 = ORIENTED_EDGE('',*,*,#1022,.T.);
#1384 = ORIENTED_EDGE('',*,*,#73,.T.);
#1385 = ORIENTED_EDGE('',*,*,#1355,.T.);
#1386 = PLANE('',#1387);
#1387 = AXIS2_PLACEMENT_3D('',#1388,#1389,#1390);
#1388 = CARTESIAN_POINT('',(-1.5,-0.9,0.));
#1389 = DIRECTION('',(-0.,1.,0.));
#1390 = DIRECTION('',(0.,0.,1.));
#1391 = ADVANCED_FACE('',(#1392),#1518,.F.);
#1392 = FACE_BOUND('',#1393,.F.);
#1393 = EDGE_LOOP('',(#1394,#1395,#1396,#1397,#1403,#1404,#1412,#1420,
    #1426,#1427,#1435,#1443,#1449,#1450,#1458,#1466,#1472,#1473,#1481,
    #1489,#1495,#1496,#1504,#1512));
#1394 = ORIENTED_EDGE('',*,*,#463,.F.);
#1395 = ORIENTED_EDGE('',*,*,#57,.T.);
#1396 = ORIENTED_EDGE('',*,*,#248,.T.);
#1397 = ORIENTED_EDGE('',*,*,#1398,.F.);
#1398 = EDGE_CURVE('',#624,#249,#1399,.T.);
#1399 = LINE('',#1400,#1401);
#1400 = CARTESIAN_POINT('',(1.5,-1.5,3.5E-02));
#1401 = VECTOR('',#1402,1.);
#1402 = DIRECTION('',(0.,0.,1.));
#1403 = ORIENTED_EDGE('',*,*,#623,.F.);
#1404 = ORIENTED_EDGE('',*,*,#1405,.T.);
#1405 = EDGE_CURVE('',#616,#1406,#1408,.T.);
#1406 = VERTEX_POINT('',#1407);
#1407 = CARTESIAN_POINT('',(0.9,-1.5,8.5E-02));
#1408 = LINE('',#1409,#1410);
#1409 = CARTESIAN_POINT('',(0.9,-1.5,0.));
#1410 = VECTOR('',#1411,1.);
#1411 = DIRECTION('',(0.,0.,1.));
#1412 = ORIENTED_EDGE('',*,*,#1413,.F.);
#1413 = EDGE_CURVE('',#1414,#1406,#1416,.T.);
#1414 = VERTEX_POINT('',#1415);
#1415 = CARTESIAN_POINT('',(0.7,-1.5,8.5E-02));
#1416 = LINE('',#1417,#1418);
#1417 = CARTESIAN_POINT('',(0.7,-1.5,8.5E-02));
#1418 = VECTOR('',#1419,1.);
#1419 = DIRECTION('',(1.,0.,-0.));
#1420 = ORIENTED_EDGE('',*,*,#1421,.F.);
#1421 = EDGE_CURVE('',#592,#1414,#1422,.T.);
#1422 = LINE('',#1423,#1424);
#1423 = CARTESIAN_POINT('',(0.7,-1.5,0.));
#1424 = VECTOR('',#1425,1.);
#1425 = DIRECTION('',(0.,0.,1.));
#1426 = ORIENTED_EDGE('',*,*,#591,.F.);
#1427 = ORIENTED_EDGE('',*,*,#1428,.T.);
#1428 = EDGE_CURVE('',#584,#1429,#1431,.T.);
#1429 = VERTEX_POINT('',#1430);
#1430 = CARTESIAN_POINT('',(0.5,-1.5,8.5E-02));
#1431 = LINE('',#1432,#1433);
#1432 = CARTESIAN_POINT('',(0.5,-1.5,0.));
#1433 = VECTOR('',#1434,1.);
#1434 = DIRECTION('',(0.,0.,1.));
#1435 = ORIENTED_EDGE('',*,*,#1436,.F.);
#1436 = EDGE_CURVE('',#1437,#1429,#1439,.T.);
#1437 = VERTEX_POINT('',#1438);
#1438 = CARTESIAN_POINT('',(0.3,-1.5,8.5E-02));
#1439 = LINE('',#1440,#1441);
#1440 = CARTESIAN_POINT('',(0.3,-1.5,8.5E-02));
#1441 = VECTOR('',#1442,1.);
#1442 = DIRECTION('',(1.,0.,-0.));
#1443 = ORIENTED_EDGE('',*,*,#1444,.F.);
#1444 = EDGE_CURVE('',#560,#1437,#1445,.T.);
#1445 = LINE('',#1446,#1447);
#1446 = CARTESIAN_POINT('',(0.3,-1.5,0.));
#1447 = VECTOR('',#1448,1.);
#1448 = DIRECTION('',(0.,0.,1.));
#1449 = ORIENTED_EDGE('',*,*,#559,.F.);
#1450 = ORIENTED_EDGE('',*,*,#1451,.T.);
#1451 = EDGE_CURVE('',#552,#1452,#1454,.T.);
#1452 = VERTEX_POINT('',#1453);
#1453 = CARTESIAN_POINT('',(0.1,-1.5,8.5E-02));
#1454 = LINE('',#1455,#1456);
#1455 = CARTESIAN_POINT('',(0.1,-1.5,0.));
#1456 = VECTOR('',#1457,1.);
#1457 = DIRECTION('',(0.,0.,1.));
#1458 = ORIENTED_EDGE('',*,*,#1459,.F.);
#1459 = EDGE_CURVE('',#1460,#1452,#1462,.T.);
#1460 = VERTEX_POINT('',#1461);
#1461 = CARTESIAN_POINT('',(-0.1,-1.5,8.5E-02));
#1462 = LINE('',#1463,#1464);
#1463 = CARTESIAN_POINT('',(-0.1,-1.5,8.5E-02));
#1464 = VECTOR('',#1465,1.);
#1465 = DIRECTION('',(1.,0.,-0.));
#1466 = ORIENTED_EDGE('',*,*,#1467,.F.);
#1467 = EDGE_CURVE('',#528,#1460,#1468,.T.);
#1468 = LINE('',#1469,#1470);
#1469 = CARTESIAN_POINT('',(-0.1,-1.5,0.));
#1470 = VECTOR('',#1471,1.);
#1471 = DIRECTION('',(0.,0.,1.));
#1472 = ORIENTED_EDGE('',*,*,#527,.F.);
#1473 = ORIENTED_EDGE('',*,*,#1474,.T.);
#1474 = EDGE_CURVE('',#520,#1475,#1477,.T.);
#1475 = VERTEX_POINT('',#1476);
#1476 = CARTESIAN_POINT('',(-0.3,-1.5,8.5E-02));
#1477 = LINE('',#1478,#1479);
#1478 = CARTESIAN_POINT('',(-0.3,-1.5,0.));
#1479 = VECTOR('',#1480,1.);
#1480 = DIRECTION('',(0.,0.,1.));
#1481 = ORIENTED_EDGE('',*,*,#1482,.F.);
#1482 = EDGE_CURVE('',#1483,#1475,#1485,.T.);
#1483 = VERTEX_POINT('',#1484);
#1484 = CARTESIAN_POINT('',(-0.5,-1.5,8.5E-02));
#1485 = LINE('',#1486,#1487);
#1486 = CARTESIAN_POINT('',(-0.5,-1.5,8.5E-02));
#1487 = VECTOR('',#1488,1.);
#1488 = DIRECTION('',(1.,0.,-0.));
#1489 = ORIENTED_EDGE('',*,*,#1490,.F.);
#1490 = EDGE_CURVE('',#496,#1483,#1491,.T.);
#1491 = LINE('',#1492,#1493);
#1492 = CARTESIAN_POINT('',(-0.5,-1.5,0.));
#1493 = VECTOR('',#1494,1.);
#1494 = DIRECTION('',(0.,0.,1.));
#1495 = ORIENTED_EDGE('',*,*,#495,.F.);
#1496 = ORIENTED_EDGE('',*,*,#1497,.T.);
#1497 = EDGE_CURVE('',#488,#1498,#1500,.T.);
#1498 = VERTEX_POINT('',#1499);
#1499 = CARTESIAN_POINT('',(-0.7,-1.5,8.5E-02));
#1500 = LINE('',#1501,#1502);
#1501 = CARTESIAN_POINT('',(-0.7,-1.5,0.));
#1502 = VECTOR('',#1503,1.);
#1503 = DIRECTION('',(0.,0.,1.));
#1504 = ORIENTED_EDGE('',*,*,#1505,.F.);
#1505 = EDGE_CURVE('',#1506,#1498,#1508,.T.);
#1506 = VERTEX_POINT('',#1507);
#1507 = CARTESIAN_POINT('',(-0.9,-1.5,8.5E-02));
#1508 = LINE('',#1509,#1510);
#1509 = CARTESIAN_POINT('',(-0.9,-1.5,8.5E-02));
#1510 = VECTOR('',#1511,1.);
#1511 = DIRECTION('',(1.,0.,-0.));
#1512 = ORIENTED_EDGE('',*,*,#1513,.F.);
#1513 = EDGE_CURVE('',#464,#1506,#1514,.T.);
#1514 = LINE('',#1515,#1516);
#1515 = CARTESIAN_POINT('',(-0.9,-1.5,0.));
#1516 = VECTOR('',#1517,1.);
#1517 = DIRECTION('',(0.,0.,1.));
#1518 = PLANE('',#1519);
#1519 = AXIS2_PLACEMENT_3D('',#1520,#1521,#1522);
#1520 = CARTESIAN_POINT('',(-1.5,-1.5,3.5E-02));
#1521 = DIRECTION('',(-0.,1.,0.));
#1522 = DIRECTION('',(0.,0.,1.));
#1523 = ADVANCED_FACE('',(#1524),#1645,.T.);
#1524 = FACE_BOUND('',#1525,.T.);
#1525 = EDGE_LOOP('',(#1526,#1527,#1528,#1529,#1537,#1545,#1551,#1552,
    #1560,#1568,#1574,#1575,#1583,#1591,#1597,#1598,#1606,#1614,#1620,
    #1621,#1629,#1637,#1643,#1644));
#1526 = ORIENTED_EDGE('',*,*,#256,.F.);
#1527 = ORIENTED_EDGE('',*,*,#1398,.F.);
#1528 = ORIENTED_EDGE('',*,*,#631,.T.);
#1529 = ORIENTED_EDGE('',*,*,#1530,.T.);
#1530 = EDGE_CURVE('',#632,#1531,#1533,.T.);
#1531 = VERTEX_POINT('',#1532);
#1532 = CARTESIAN_POINT('',(1.5,-0.9,8.5E-02));
#1533 = LINE('',#1534,#1535);
#1534 = CARTESIAN_POINT('',(1.5,-0.9,0.));
#1535 = VECTOR('',#1536,1.);
#1536 = DIRECTION('',(0.,0.,1.));
#1537 = ORIENTED_EDGE('',*,*,#1538,.T.);
#1538 = EDGE_CURVE('',#1531,#1539,#1541,.T.);
#1539 = VERTEX_POINT('',#1540);
#1540 = CARTESIAN_POINT('',(1.5,-0.7,8.5E-02));
#1541 = LINE('',#1542,#1543);
#1542 = CARTESIAN_POINT('',(1.5,-0.9,8.5E-02));
#1543 = VECTOR('',#1544,1.);
#1544 = DIRECTION('',(-0.,1.,0.));
#1545 = ORIENTED_EDGE('',*,*,#1546,.F.);
#1546 = EDGE_CURVE('',#656,#1539,#1547,.T.);
#1547 = LINE('',#1548,#1549);
#1548 = CARTESIAN_POINT('',(1.5,-0.7,0.));
#1549 = VECTOR('',#1550,1.);
#1550 = DIRECTION('',(0.,0.,1.));
#1551 = ORIENTED_EDGE('',*,*,#663,.T.);
#1552 = ORIENTED_EDGE('',*,*,#1553,.T.);
#1553 = EDGE_CURVE('',#664,#1554,#1556,.T.);
#1554 = VERTEX_POINT('',#1555);
#1555 = CARTESIAN_POINT('',(1.5,-0.5,8.5E-02));
#1556 = LINE('',#1557,#1558);
#1557 = CARTESIAN_POINT('',(1.5,-0.5,0.));
#1558 = VECTOR('',#1559,1.);
#1559 = DIRECTION('',(0.,0.,1.));
#1560 = ORIENTED_EDGE('',*,*,#1561,.T.);
#1561 = EDGE_CURVE('',#1554,#1562,#1564,.T.);
#1562 = VERTEX_POINT('',#1563);
#1563 = CARTESIAN_POINT('',(1.5,-0.3,8.5E-02));
#1564 = LINE('',#1565,#1566);
#1565 = CARTESIAN_POINT('',(1.5,-0.5,8.5E-02));
#1566 = VECTOR('',#1567,1.);
#1567 = DIRECTION('',(-0.,1.,0.));
#1568 = ORIENTED_EDGE('',*,*,#1569,.F.);
#1569 = EDGE_CURVE('',#688,#1562,#1570,.T.);
#1570 = LINE('',#1571,#1572);
#1571 = CARTESIAN_POINT('',(1.5,-0.3,0.));
#1572 = VECTOR('',#1573,1.);
#1573 = DIRECTION('',(0.,0.,1.));
#1574 = ORIENTED_EDGE('',*,*,#695,.T.);
#1575 = ORIENTED_EDGE('',*,*,#1576,.T.);
#1576 = EDGE_CURVE('',#696,#1577,#1579,.T.);
#1577 = VERTEX_POINT('',#1578);
#1578 = CARTESIAN_POINT('',(1.5,-0.1,8.5E-02));
#1579 = LINE('',#1580,#1581);
#1580 = CARTESIAN_POINT('',(1.5,-0.1,0.));
#1581 = VECTOR('',#1582,1.);
#1582 = DIRECTION('',(0.,0.,1.));
#1583 = ORIENTED_EDGE('',*,*,#1584,.T.);
#1584 = EDGE_CURVE('',#1577,#1585,#1587,.T.);
#1585 = VERTEX_POINT('',#1586);
#1586 = CARTESIAN_POINT('',(1.5,0.1,8.5E-02));
#1587 = LINE('',#1588,#1589);
#1588 = CARTESIAN_POINT('',(1.5,-0.1,8.5E-02));
#1589 = VECTOR('',#1590,1.);
#1590 = DIRECTION('',(-0.,1.,0.));
#1591 = ORIENTED_EDGE('',*,*,#1592,.F.);
#1592 = EDGE_CURVE('',#720,#1585,#1593,.T.);
#1593 = LINE('',#1594,#1595);
#1594 = CARTESIAN_POINT('',(1.5,0.1,0.));
#1595 = VECTOR('',#1596,1.);
#1596 = DIRECTION('',(0.,0.,1.));
#1597 = ORIENTED_EDGE('',*,*,#727,.T.);
#1598 = ORIENTED_EDGE('',*,*,#1599,.T.);
#1599 = EDGE_CURVE('',#728,#1600,#1602,.T.);
#1600 = VERTEX_POINT('',#1601);
#1601 = CARTESIAN_POINT('',(1.5,0.3,8.5E-02));
#1602 = LINE('',#1603,#1604);
#1603 = CARTESIAN_POINT('',(1.5,0.3,0.));
#1604 = VECTOR('',#1605,1.);
#1605 = DIRECTION('',(0.,0.,1.));
#1606 = ORIENTED_EDGE('',*,*,#1607,.T.);
#1607 = EDGE_CURVE('',#1600,#1608,#1610,.T.);
#1608 = VERTEX_POINT('',#1609);
#1609 = CARTESIAN_POINT('',(1.5,0.5,8.5E-02));
#1610 = LINE('',#1611,#1612);
#1611 = CARTESIAN_POINT('',(1.5,0.3,8.5E-02));
#1612 = VECTOR('',#1613,1.);
#1613 = DIRECTION('',(-0.,1.,0.));
#1614 = ORIENTED_EDGE('',*,*,#1615,.F.);
#1615 = EDGE_CURVE('',#752,#1608,#1616,.T.);
#1616 = LINE('',#1617,#1618);
#1617 = CARTESIAN_POINT('',(1.5,0.5,0.));
#1618 = VECTOR('',#1619,1.);
#1619 = DIRECTION('',(0.,0.,1.));
#1620 = ORIENTED_EDGE('',*,*,#759,.T.);
#1621 = ORIENTED_EDGE('',*,*,#1622,.T.);
#1622 = EDGE_CURVE('',#760,#1623,#1625,.T.);
#1623 = VERTEX_POINT('',#1624);
#1624 = CARTESIAN_POINT('',(1.5,0.7,8.5E-02));
#1625 = LINE('',#1626,#1627);
#1626 = CARTESIAN_POINT('',(1.5,0.7,0.));
#1627 = VECTOR('',#1628,1.);
#1628 = DIRECTION('',(0.,0.,1.));
#1629 = ORIENTED_EDGE('',*,*,#1630,.T.);
#1630 = EDGE_CURVE('',#1623,#1631,#1633,.T.);
#1631 = VERTEX_POINT('',#1632);
#1632 = CARTESIAN_POINT('',(1.5,0.9,8.5E-02));
#1633 = LINE('',#1634,#1635);
#1634 = CARTESIAN_POINT('',(1.5,0.7,8.5E-02));
#1635 = VECTOR('',#1636,1.);
#1636 = DIRECTION('',(-0.,1.,0.));
#1637 = ORIENTED_EDGE('',*,*,#1638,.F.);
#1638 = EDGE_CURVE('',#784,#1631,#1639,.T.);
#1639 = LINE('',#1640,#1641);
#1640 = CARTESIAN_POINT('',(1.5,0.9,0.));
#1641 = VECTOR('',#1642,1.);
#1642 = DIRECTION('',(0.,0.,1.));
#1643 = ORIENTED_EDGE('',*,*,#791,.T.);
#1644 = ORIENTED_EDGE('',*,*,#288,.T.);
#1645 = PLANE('',#1646);
#1646 = AXIS2_PLACEMENT_3D('',#1647,#1648,#1649);
#1647 = CARTESIAN_POINT('',(1.5,-1.5,3.5E-02));
#1648 = DIRECTION('',(1.,0.,-0.));
#1649 = DIRECTION('',(0.,0.,1.));
#1650 = ADVANCED_FACE('',(#1651),#1669,.T.);
#1651 = FACE_BOUND('',#1652,.T.);
#1652 = EDGE_LOOP('',(#1653,#1661,#1662,#1663));
#1653 = ORIENTED_EDGE('',*,*,#1654,.F.);
#1654 = EDGE_CURVE('',#899,#1655,#1657,.T.);
#1655 = VERTEX_POINT('',#1656);
#1656 = CARTESIAN_POINT('',(-0.9,1.1,8.5E-02));
#1657 = LINE('',#1658,#1659);
#1658 = CARTESIAN_POINT('',(-0.9,1.1,0.));
#1659 = VECTOR('',#1660,1.);
#1660 = DIRECTION('',(0.,0.,1.));
#1661 = ORIENTED_EDGE('',*,*,#906,.T.);
#1662 = ORIENTED_EDGE('',*,*,#448,.T.);
#1663 = ORIENTED_EDGE('',*,*,#1664,.F.);
#1664 = EDGE_CURVE('',#1655,#441,#1665,.T.);
#1665 = LINE('',#1666,#1667);
#1666 = CARTESIAN_POINT('',(-0.9,1.1,8.5E-02));
#1667 = VECTOR('',#1668,1.);
#1668 = DIRECTION('',(-0.,1.,0.));
#1669 = PLANE('',#1670);
#1670 = AXIS2_PLACEMENT_3D('',#1671,#1672,#1673);
#1671 = CARTESIAN_POINT('',(-0.9,1.1,0.));
#1672 = DIRECTION('',(1.,0.,-0.));
#1673 = DIRECTION('',(0.,0.,1.));
#1674 = ADVANCED_FACE('',(#1675),#1693,.F.);
#1675 = FACE_BOUND('',#1676,.F.);
#1676 = EDGE_LOOP('',(#1677,#1678,#1686,#1692));
#1677 = ORIENTED_EDGE('',*,*,#1664,.F.);
#1678 = ORIENTED_EDGE('',*,*,#1679,.T.);
#1679 = EDGE_CURVE('',#1655,#1680,#1682,.T.);
#1680 = VERTEX_POINT('',#1681);
#1681 = CARTESIAN_POINT('',(-0.7,1.1,8.5E-02));
#1682 = LINE('',#1683,#1684);
#1683 = CARTESIAN_POINT('',(-0.9,1.1,8.5E-02));
#1684 = VECTOR('',#1685,1.);
#1685 = DIRECTION('',(1.,0.,-0.));
#1686 = ORIENTED_EDGE('',*,*,#1687,.T.);
#1687 = EDGE_CURVE('',#1680,#433,#1688,.T.);
#1688 = LINE('',#1689,#1690);
#1689 = CARTESIAN_POINT('',(-0.7,1.1,8.5E-02));
#1690 = VECTOR('',#1691,1.);
#1691 = DIRECTION('',(-0.,1.,0.));
#1692 = ORIENTED_EDGE('',*,*,#440,.F.);
#1693 = PLANE('',#1694);
#1694 = AXIS2_PLACEMENT_3D('',#1695,#1696,#1697);
#1695 = CARTESIAN_POINT('',(-0.9,1.1,8.5E-02));
#1696 = DIRECTION('',(0.,0.,1.));
#1697 = DIRECTION('',(1.,0.,-0.));
#1698 = ADVANCED_FACE('',(#1699),#1710,.F.);
#1699 = FACE_BOUND('',#1700,.F.);
#1700 = EDGE_LOOP('',(#1701,#1707,#1708,#1709));
#1701 = ORIENTED_EDGE('',*,*,#1702,.F.);
#1702 = EDGE_CURVE('',#891,#1680,#1703,.T.);
#1703 = LINE('',#1704,#1705);
#1704 = CARTESIAN_POINT('',(-0.7,1.1,0.));
#1705 = VECTOR('',#1706,1.);
#1706 = DIRECTION('',(0.,0.,1.));
#1707 = ORIENTED_EDGE('',*,*,#890,.T.);
#1708 = ORIENTED_EDGE('',*,*,#432,.T.);
#1709 = ORIENTED_EDGE('',*,*,#1687,.F.);
#1710 = PLANE('',#1711);
#1711 = AXIS2_PLACEMENT_3D('',#1712,#1713,#1714);
#1712 = CARTESIAN_POINT('',(-0.7,1.1,0.));
#1713 = DIRECTION('',(1.,0.,-0.));
#1714 = DIRECTION('',(0.,0.,1.));
#1715 = ADVANCED_FACE('',(#1716),#1734,.T.);
#1716 = FACE_BOUND('',#1717,.T.);
#1717 = EDGE_LOOP('',(#1718,#1726,#1727,#1728));
#1718 = ORIENTED_EDGE('',*,*,#1719,.F.);
#1719 = EDGE_CURVE('',#876,#1720,#1722,.T.);
#1720 = VERTEX_POINT('',#1721);
#1721 = CARTESIAN_POINT('',(-0.5,1.1,8.5E-02));
#1722 = LINE('',#1723,#1724);
#1723 = CARTESIAN_POINT('',(-0.5,1.1,0.));
#1724 = VECTOR('',#1725,1.);
#1725 = DIRECTION('',(0.,0.,1.));
#1726 = ORIENTED_EDGE('',*,*,#883,.T.);
#1727 = ORIENTED_EDGE('',*,*,#416,.T.);
#1728 = ORIENTED_EDGE('',*,*,#1729,.F.);
#1729 = EDGE_CURVE('',#1720,#409,#1730,.T.);
#1730 = LINE('',#1731,#1732);
#1731 = CARTESIAN_POINT('',(-0.5,1.1,8.5E-02));
#1732 = VECTOR('',#1733,1.);
#1733 = DIRECTION('',(-0.,1.,0.));
#1734 = PLANE('',#1735);
#1735 = AXIS2_PLACEMENT_3D('',#1736,#1737,#1738);
#1736 = CARTESIAN_POINT('',(-0.5,1.1,0.));
#1737 = DIRECTION('',(1.,0.,-0.));
#1738 = DIRECTION('',(0.,0.,1.));
#1739 = ADVANCED_FACE('',(#1740),#1758,.F.);
#1740 = FACE_BOUND('',#1741,.F.);
#1741 = EDGE_LOOP('',(#1742,#1743,#1751,#1757));
#1742 = ORIENTED_EDGE('',*,*,#1729,.F.);
#1743 = ORIENTED_EDGE('',*,*,#1744,.T.);
#1744 = EDGE_CURVE('',#1720,#1745,#1747,.T.);
#1745 = VERTEX_POINT('',#1746);
#1746 = CARTESIAN_POINT('',(-0.3,1.1,8.5E-02));
#1747 = LINE('',#1748,#1749);
#1748 = CARTESIAN_POINT('',(-0.5,1.1,8.5E-02));
#1749 = VECTOR('',#1750,1.);
#1750 = DIRECTION('',(1.,0.,-0.));
#1751 = ORIENTED_EDGE('',*,*,#1752,.T.);
#1752 = EDGE_CURVE('',#1745,#401,#1753,.T.);
#1753 = LINE('',#1754,#1755);
#1754 = CARTESIAN_POINT('',(-0.3,1.1,8.5E-02));
#1755 = VECTOR('',#1756,1.);
#1756 = DIRECTION('',(-0.,1.,0.));
#1757 = ORIENTED_EDGE('',*,*,#408,.F.);
#1758 = PLANE('',#1759);
#1759 = AXIS2_PLACEMENT_3D('',#1760,#1761,#1762);
#1760 = CARTESIAN_POINT('',(-0.5,1.1,8.5E-02));
#1761 = DIRECTION('',(0.,0.,1.));
#1762 = DIRECTION('',(1.,0.,-0.));
#1763 = ADVANCED_FACE('',(#1764),#1775,.F.);
#1764 = FACE_BOUND('',#1765,.F.);
#1765 = EDGE_LOOP('',(#1766,#1772,#1773,#1774));
#1766 = ORIENTED_EDGE('',*,*,#1767,.F.);
#1767 = EDGE_CURVE('',#868,#1745,#1768,.T.);
#1768 = LINE('',#1769,#1770);
#1769 = CARTESIAN_POINT('',(-0.3,1.1,0.));
#1770 = VECTOR('',#1771,1.);
#1771 = DIRECTION('',(0.,0.,1.));
#1772 = ORIENTED_EDGE('',*,*,#867,.T.);
#1773 = ORIENTED_EDGE('',*,*,#400,.T.);
#1774 = ORIENTED_EDGE('',*,*,#1752,.F.);
#1775 = PLANE('',#1776);
#1776 = AXIS2_PLACEMENT_3D('',#1777,#1778,#1779);
#1777 = CARTESIAN_POINT('',(-0.3,1.1,0.));
#1778 = DIRECTION('',(1.,0.,-0.));
#1779 = DIRECTION('',(0.,0.,1.));
#1780 = ADVANCED_FACE('',(#1781),#1799,.T.);
#1781 = FACE_BOUND('',#1782,.T.);
#1782 = EDGE_LOOP('',(#1783,#1791,#1792,#1793));
#1783 = ORIENTED_EDGE('',*,*,#1784,.F.);
#1784 = EDGE_CURVE('',#853,#1785,#1787,.T.);
#1785 = VERTEX_POINT('',#1786);
#1786 = CARTESIAN_POINT('',(-0.1,1.1,8.5E-02));
#1787 = LINE('',#1788,#1789);
#1788 = CARTESIAN_POINT('',(-0.1,1.1,0.));
#1789 = VECTOR('',#1790,1.);
#1790 = DIRECTION('',(0.,0.,1.));
#1791 = ORIENTED_EDGE('',*,*,#860,.T.);
#1792 = ORIENTED_EDGE('',*,*,#384,.T.);
#1793 = ORIENTED_EDGE('',*,*,#1794,.F.);
#1794 = EDGE_CURVE('',#1785,#377,#1795,.T.);
#1795 = LINE('',#1796,#1797);
#1796 = CARTESIAN_POINT('',(-0.1,1.1,8.5E-02));
#1797 = VECTOR('',#1798,1.);
#1798 = DIRECTION('',(-0.,1.,0.));
#1799 = PLANE('',#1800);
#1800 = AXIS2_PLACEMENT_3D('',#1801,#1802,#1803);
#1801 = CARTESIAN_POINT('',(-0.1,1.1,0.));
#1802 = DIRECTION('',(1.,0.,-0.));
#1803 = DIRECTION('',(0.,0.,1.));
#1804 = ADVANCED_FACE('',(#1805),#1823,.F.);
#1805 = FACE_BOUND('',#1806,.F.);
#1806 = EDGE_LOOP('',(#1807,#1808,#1816,#1822));
#1807 = ORIENTED_EDGE('',*,*,#1794,.F.);
#1808 = ORIENTED_EDGE('',*,*,#1809,.T.);
#1809 = EDGE_CURVE('',#1785,#1810,#1812,.T.);
#1810 = VERTEX_POINT('',#1811);
#1811 = CARTESIAN_POINT('',(0.1,1.1,8.5E-02));
#1812 = LINE('',#1813,#1814);
#1813 = CARTESIAN_POINT('',(-0.1,1.1,8.5E-02));
#1814 = VECTOR('',#1815,1.);
#1815 = DIRECTION('',(1.,0.,-0.));
#1816 = ORIENTED_EDGE('',*,*,#1817,.T.);
#1817 = EDGE_CURVE('',#1810,#369,#1818,.T.);
#1818 = LINE('',#1819,#1820);
#1819 = CARTESIAN_POINT('',(0.1,1.1,8.5E-02));
#1820 = VECTOR('',#1821,1.);
#1821 = DIRECTION('',(-0.,1.,0.));
#1822 = ORIENTED_EDGE('',*,*,#376,.F.);
#1823 = PLANE('',#1824);
#1824 = AXIS2_PLACEMENT_3D('',#1825,#1826,#1827);
#1825 = CARTESIAN_POINT('',(-0.1,1.1,8.5E-02));
#1826 = DIRECTION('',(0.,0.,1.));
#1827 = DIRECTION('',(1.,0.,-0.));
#1828 = ADVANCED_FACE('',(#1829),#1840,.F.);
#1829 = FACE_BOUND('',#1830,.F.);
#1830 = EDGE_LOOP('',(#1831,#1837,#1838,#1839));
#1831 = ORIENTED_EDGE('',*,*,#1832,.F.);
#1832 = EDGE_CURVE('',#845,#1810,#1833,.T.);
#1833 = LINE('',#1834,#1835);
#1834 = CARTESIAN_POINT('',(0.1,1.1,0.));
#1835 = VECTOR('',#1836,1.);
#1836 = DIRECTION('',(0.,0.,1.));
#1837 = ORIENTED_EDGE('',*,*,#844,.T.);
#1838 = ORIENTED_EDGE('',*,*,#368,.T.);
#1839 = ORIENTED_EDGE('',*,*,#1817,.F.);
#1840 = PLANE('',#1841);
#1841 = AXIS2_PLACEMENT_3D('',#1842,#1843,#1844);
#1842 = CARTESIAN_POINT('',(0.1,1.1,0.));
#1843 = DIRECTION('',(1.,0.,-0.));
#1844 = DIRECTION('',(0.,0.,1.));
#1845 = ADVANCED_FACE('',(#1846),#1864,.T.);
#1846 = FACE_BOUND('',#1847,.T.);
#1847 = EDGE_LOOP('',(#1848,#1856,#1857,#1858));
#1848 = ORIENTED_EDGE('',*,*,#1849,.F.);
#1849 = EDGE_CURVE('',#830,#1850,#1852,.T.);
#1850 = VERTEX_POINT('',#1851);
#1851 = CARTESIAN_POINT('',(0.3,1.1,8.5E-02));
#1852 = LINE('',#1853,#1854);
#1853 = CARTESIAN_POINT('',(0.3,1.1,0.));
#1854 = VECTOR('',#1855,1.);
#1855 = DIRECTION('',(0.,0.,1.));
#1856 = ORIENTED_EDGE('',*,*,#837,.T.);
#1857 = ORIENTED_EDGE('',*,*,#352,.T.);
#1858 = ORIENTED_EDGE('',*,*,#1859,.F.);
#1859 = EDGE_CURVE('',#1850,#345,#1860,.T.);
#1860 = LINE('',#1861,#1862);
#1861 = CARTESIAN_POINT('',(0.3,1.1,8.5E-02));
#1862 = VECTOR('',#1863,1.);
#1863 = DIRECTION('',(-0.,1.,0.));
#1864 = PLANE('',#1865);
#1865 = AXIS2_PLACEMENT_3D('',#1866,#1867,#1868);
#1866 = CARTESIAN_POINT('',(0.3,1.1,0.));
#1867 = DIRECTION('',(1.,0.,-0.));
#1868 = DIRECTION('',(0.,0.,1.));
#1869 = ADVANCED_FACE('',(#1870),#1888,.F.);
#1870 = FACE_BOUND('',#1871,.F.);
#1871 = EDGE_LOOP('',(#1872,#1873,#1881,#1887));
#1872 = ORIENTED_EDGE('',*,*,#1859,.F.);
#1873 = ORIENTED_EDGE('',*,*,#1874,.T.);
#1874 = EDGE_CURVE('',#1850,#1875,#1877,.T.);
#1875 = VERTEX_POINT('',#1876);
#1876 = CARTESIAN_POINT('',(0.5,1.1,8.5E-02));
#1877 = LINE('',#1878,#1879);
#1878 = CARTESIAN_POINT('',(0.3,1.1,8.5E-02));
#1879 = VECTOR('',#1880,1.);
#1880 = DIRECTION('',(1.,0.,-0.));
#1881 = ORIENTED_EDGE('',*,*,#1882,.T.);
#1882 = EDGE_CURVE('',#1875,#337,#1883,.T.);
#1883 = LINE('',#1884,#1885);
#1884 = CARTESIAN_POINT('',(0.5,1.1,8.5E-02));
#1885 = VECTOR('',#1886,1.);
#1886 = DIRECTION('',(-0.,1.,0.));
#1887 = ORIENTED_EDGE('',*,*,#344,.F.);
#1888 = PLANE('',#1889);
#1889 = AXIS2_PLACEMENT_3D('',#1890,#1891,#1892);
#1890 = CARTESIAN_POINT('',(0.3,1.1,8.5E-02));
#1891 = DIRECTION('',(0.,0.,1.));
#1892 = DIRECTION('',(1.,0.,-0.));
#1893 = ADVANCED_FACE('',(#1894),#1905,.F.);
#1894 = FACE_BOUND('',#1895,.F.);
#1895 = EDGE_LOOP('',(#1896,#1902,#1903,#1904));
#1896 = ORIENTED_EDGE('',*,*,#1897,.F.);
#1897 = EDGE_CURVE('',#822,#1875,#1898,.T.);
#1898 = LINE('',#1899,#1900);
#1899 = CARTESIAN_POINT('',(0.5,1.1,0.));
#1900 = VECTOR('',#1901,1.);
#1901 = DIRECTION('',(0.,0.,1.));
#1902 = ORIENTED_EDGE('',*,*,#821,.T.);
#1903 = ORIENTED_EDGE('',*,*,#336,.T.);
#1904 = ORIENTED_EDGE('',*,*,#1882,.F.);
#1905 = PLANE('',#1906);
#1906 = AXIS2_PLACEMENT_3D('',#1907,#1908,#1909);
#1907 = CARTESIAN_POINT('',(0.5,1.1,0.));
#1908 = DIRECTION('',(1.,0.,-0.));
#1909 = DIRECTION('',(0.,0.,1.));
#1910 = ADVANCED_FACE('',(#1911),#1929,.T.);
#1911 = FACE_BOUND('',#1912,.T.);
#1912 = EDGE_LOOP('',(#1913,#1921,#1922,#1923));
#1913 = ORIENTED_EDGE('',*,*,#1914,.F.);
#1914 = EDGE_CURVE('',#807,#1915,#1917,.T.);
#1915 = VERTEX_POINT('',#1916);
#1916 = CARTESIAN_POINT('',(0.7,1.1,8.5E-02));
#1917 = LINE('',#1918,#1919);
#1918 = CARTESIAN_POINT('',(0.7,1.1,0.));
#1919 = VECTOR('',#1920,1.);
#1920 = DIRECTION('',(0.,0.,1.));
#1921 = ORIENTED_EDGE('',*,*,#814,.T.);
#1922 = ORIENTED_EDGE('',*,*,#320,.T.);
#1923 = ORIENTED_EDGE('',*,*,#1924,.F.);
#1924 = EDGE_CURVE('',#1915,#313,#1925,.T.);
#1925 = LINE('',#1926,#1927);
#1926 = CARTESIAN_POINT('',(0.7,1.1,8.5E-02));
#1927 = VECTOR('',#1928,1.);
#1928 = DIRECTION('',(-0.,1.,0.));
#1929 = PLANE('',#1930);
#1930 = AXIS2_PLACEMENT_3D('',#1931,#1932,#1933);
#1931 = CARTESIAN_POINT('',(0.7,1.1,0.));
#1932 = DIRECTION('',(1.,0.,-0.));
#1933 = DIRECTION('',(0.,0.,1.));
#1934 = ADVANCED_FACE('',(#1935),#1953,.F.);
#1935 = FACE_BOUND('',#1936,.F.);
#1936 = EDGE_LOOP('',(#1937,#1938,#1946,#1952));
#1937 = ORIENTED_EDGE('',*,*,#1924,.F.);
#1938 = ORIENTED_EDGE('',*,*,#1939,.T.);
#1939 = EDGE_CURVE('',#1915,#1940,#1942,.T.);
#1940 = VERTEX_POINT('',#1941);
#1941 = CARTESIAN_POINT('',(0.9,1.1,8.5E-02));
#1942 = LINE('',#1943,#1944);
#1943 = CARTESIAN_POINT('',(0.7,1.1,8.5E-02));
#1944 = VECTOR('',#1945,1.);
#1945 = DIRECTION('',(1.,0.,-0.));
#1946 = ORIENTED_EDGE('',*,*,#1947,.T.);
#1947 = EDGE_CURVE('',#1940,#305,#1948,.T.);
#1948 = LINE('',#1949,#1950);
#1949 = CARTESIAN_POINT('',(0.9,1.1,8.5E-02));
#1950 = VECTOR('',#1951,1.);
#1951 = DIRECTION('',(-0.,1.,0.));
#1952 = ORIENTED_EDGE('',*,*,#312,.F.);
#1953 = PLANE('',#1954);
#1954 = AXIS2_PLACEMENT_3D('',#1955,#1956,#1957);
#1955 = CARTESIAN_POINT('',(0.7,1.1,8.5E-02));
#1956 = DIRECTION('',(0.,0.,1.));
#1957 = DIRECTION('',(1.,0.,-0.));
#1958 = ADVANCED_FACE('',(#1959),#1970,.F.);
#1959 = FACE_BOUND('',#1960,.F.);
#1960 = EDGE_LOOP('',(#1961,#1967,#1968,#1969));
#1961 = ORIENTED_EDGE('',*,*,#1962,.F.);
#1962 = EDGE_CURVE('',#799,#1940,#1963,.T.);
#1963 = LINE('',#1964,#1965);
#1964 = CARTESIAN_POINT('',(0.9,1.1,0.));
#1965 = VECTOR('',#1966,1.);
#1966 = DIRECTION('',(0.,0.,1.));
#1967 = ORIENTED_EDGE('',*,*,#798,.T.);
#1968 = ORIENTED_EDGE('',*,*,#304,.T.);
#1969 = ORIENTED_EDGE('',*,*,#1947,.F.);
#1970 = PLANE('',#1971);
#1971 = AXIS2_PLACEMENT_3D('',#1972,#1973,#1974);
#1972 = CARTESIAN_POINT('',(0.9,1.1,0.));
#1973 = DIRECTION('',(1.,0.,-0.));
#1974 = DIRECTION('',(0.,0.,1.));
#1975 = ADVANCED_FACE('',(#1976),#1994,.T.);
#1976 = FACE_BOUND('',#1977,.T.);
#1977 = EDGE_LOOP('',(#1978,#1979,#1980,#1988));
#1978 = ORIENTED_EDGE('',*,*,#1513,.F.);
#1979 = ORIENTED_EDGE('',*,*,#471,.T.);
#1980 = ORIENTED_EDGE('',*,*,#1981,.T.);
#1981 = EDGE_CURVE('',#472,#1982,#1984,.T.);
#1982 = VERTEX_POINT('',#1983);
#1983 = CARTESIAN_POINT('',(-0.9,-1.1,8.5E-02));
#1984 = LINE('',#1985,#1986);
#1985 = CARTESIAN_POINT('',(-0.9,-1.1,0.));
#1986 = VECTOR('',#1987,1.);
#1987 = DIRECTION('',(0.,0.,1.));
#1988 = ORIENTED_EDGE('',*,*,#1989,.F.);
#1989 = EDGE_CURVE('',#1506,#1982,#1990,.T.);
#1990 = LINE('',#1991,#1992);
#1991 = CARTESIAN_POINT('',(-0.9,-1.5,8.5E-02));
#1992 = VECTOR('',#1993,1.);
#1993 = DIRECTION('',(-0.,1.,0.));
#1994 = PLANE('',#1995);
#1995 = AXIS2_PLACEMENT_3D('',#1996,#1997,#1998);
#1996 = CARTESIAN_POINT('',(-0.9,-1.5,0.));
#1997 = DIRECTION('',(1.,0.,-0.));
#1998 = DIRECTION('',(0.,0.,1.));
#1999 = ADVANCED_FACE('',(#2000),#2006,.F.);
#2000 = FACE_BOUND('',#2001,.F.);
#2001 = EDGE_LOOP('',(#2002,#2003,#2004,#2005));
#2002 = ORIENTED_EDGE('',*,*,#1378,.F.);
#2003 = ORIENTED_EDGE('',*,*,#1014,.T.);
#2004 = ORIENTED_EDGE('',*,*,#1330,.T.);
#2005 = ORIENTED_EDGE('',*,*,#1363,.F.);
#2006 = PLANE('',#2007);
#2007 = AXIS2_PLACEMENT_3D('',#2008,#2009,#2010);
#2008 = CARTESIAN_POINT('',(-1.1,-0.9,0.));
#2009 = DIRECTION('',(1.,0.,-0.));
#2010 = DIRECTION('',(0.,0.,1.));
#2011 = ADVANCED_FACE('',(#2012),#2030,.F.);
#2012 = FACE_BOUND('',#2013,.F.);
#2013 = EDGE_LOOP('',(#2014,#2022,#2023,#2024));
#2014 = ORIENTED_EDGE('',*,*,#2015,.F.);
#2015 = EDGE_CURVE('',#480,#2016,#2018,.T.);
#2016 = VERTEX_POINT('',#2017);
#2017 = CARTESIAN_POINT('',(-0.7,-1.1,8.5E-02));
#2018 = LINE('',#2019,#2020);
#2019 = CARTESIAN_POINT('',(-0.7,-1.1,0.));
#2020 = VECTOR('',#2021,1.);
#2021 = DIRECTION('',(0.,0.,1.));
#2022 = ORIENTED_EDGE('',*,*,#479,.T.);
#2023 = ORIENTED_EDGE('',*,*,#1981,.T.);
#2024 = ORIENTED_EDGE('',*,*,#2025,.T.);
#2025 = EDGE_CURVE('',#1982,#2016,#2026,.T.);
#2026 = LINE('',#2027,#2028);
#2027 = CARTESIAN_POINT('',(-0.9,-1.1,8.5E-02));
#2028 = VECTOR('',#2029,1.);
#2029 = DIRECTION('',(1.,0.,-0.));
#2030 = PLANE('',#2031);
#2031 = AXIS2_PLACEMENT_3D('',#2032,#2033,#2034);
#2032 = CARTESIAN_POINT('',(-0.9,-1.1,0.));
#2033 = DIRECTION('',(-0.,1.,0.));
#2034 = DIRECTION('',(0.,0.,1.));
#2035 = ADVANCED_FACE('',(#2036),#2047,.F.);
#2036 = FACE_BOUND('',#2037,.F.);
#2037 = EDGE_LOOP('',(#2038,#2039,#2040,#2041));
#2038 = ORIENTED_EDGE('',*,*,#1497,.F.);
#2039 = ORIENTED_EDGE('',*,*,#487,.T.);
#2040 = ORIENTED_EDGE('',*,*,#2015,.T.);
#2041 = ORIENTED_EDGE('',*,*,#2042,.F.);
#2042 = EDGE_CURVE('',#1498,#2016,#2043,.T.);
#2043 = LINE('',#2044,#2045);
#2044 = CARTESIAN_POINT('',(-0.7,-1.5,8.5E-02));
#2045 = VECTOR('',#2046,1.);
#2046 = DIRECTION('',(-0.,1.,0.));
#2047 = PLANE('',#2048);
#2048 = AXIS2_PLACEMENT_3D('',#2049,#2050,#2051);
#2049 = CARTESIAN_POINT('',(-0.7,-1.5,0.));
#2050 = DIRECTION('',(1.,0.,-0.));
#2051 = DIRECTION('',(0.,0.,1.));
#2052 = ADVANCED_FACE('',(#2053),#2071,.T.);
#2053 = FACE_BOUND('',#2054,.T.);
#2054 = EDGE_LOOP('',(#2055,#2056,#2057,#2065));
#2055 = ORIENTED_EDGE('',*,*,#1490,.F.);
#2056 = ORIENTED_EDGE('',*,*,#503,.T.);
#2057 = ORIENTED_EDGE('',*,*,#2058,.T.);
#2058 = EDGE_CURVE('',#504,#2059,#2061,.T.);
#2059 = VERTEX_POINT('',#2060);
#2060 = CARTESIAN_POINT('',(-0.5,-1.1,8.5E-02));
#2061 = LINE('',#2062,#2063);
#2062 = CARTESIAN_POINT('',(-0.5,-1.1,0.));
#2063 = VECTOR('',#2064,1.);
#2064 = DIRECTION('',(0.,0.,1.));
#2065 = ORIENTED_EDGE('',*,*,#2066,.F.);
#2066 = EDGE_CURVE('',#1483,#2059,#2067,.T.);
#2067 = LINE('',#2068,#2069);
#2068 = CARTESIAN_POINT('',(-0.5,-1.5,8.5E-02));
#2069 = VECTOR('',#2070,1.);
#2070 = DIRECTION('',(-0.,1.,0.));
#2071 = PLANE('',#2072);
#2072 = AXIS2_PLACEMENT_3D('',#2073,#2074,#2075);
#2073 = CARTESIAN_POINT('',(-0.5,-1.5,0.));
#2074 = DIRECTION('',(1.,0.,-0.));
#2075 = DIRECTION('',(0.,0.,1.));
#2076 = ADVANCED_FACE('',(#2077),#2083,.F.);
#2077 = FACE_BOUND('',#2078,.F.);
#2078 = EDGE_LOOP('',(#2079,#2080,#2081,#2082));
#2079 = ORIENTED_EDGE('',*,*,#1313,.F.);
#2080 = ORIENTED_EDGE('',*,*,#991,.T.);
#2081 = ORIENTED_EDGE('',*,*,#1265,.T.);
#2082 = ORIENTED_EDGE('',*,*,#1298,.F.);
#2083 = PLANE('',#2084);
#2084 = AXIS2_PLACEMENT_3D('',#2085,#2086,#2087);
#2085 = CARTESIAN_POINT('',(-1.1,-0.5,0.));
#2086 = DIRECTION('',(1.,0.,-0.));
#2087 = DIRECTION('',(0.,0.,1.));
#2088 = ADVANCED_FACE('',(#2089),#2107,.F.);
#2089 = FACE_BOUND('',#2090,.F.);
#2090 = EDGE_LOOP('',(#2091,#2099,#2100,#2101));
#2091 = ORIENTED_EDGE('',*,*,#2092,.F.);
#2092 = EDGE_CURVE('',#512,#2093,#2095,.T.);
#2093 = VERTEX_POINT('',#2094);
#2094 = CARTESIAN_POINT('',(-0.3,-1.1,8.5E-02));
#2095 = LINE('',#2096,#2097);
#2096 = CARTESIAN_POINT('',(-0.3,-1.1,0.));
#2097 = VECTOR('',#2098,1.);
#2098 = DIRECTION('',(0.,0.,1.));
#2099 = ORIENTED_EDGE('',*,*,#511,.T.);
#2100 = ORIENTED_EDGE('',*,*,#2058,.T.);
#2101 = ORIENTED_EDGE('',*,*,#2102,.T.);
#2102 = EDGE_CURVE('',#2059,#2093,#2103,.T.);
#2103 = LINE('',#2104,#2105);
#2104 = CARTESIAN_POINT('',(-0.5,-1.1,8.5E-02));
#2105 = VECTOR('',#2106,1.);
#2106 = DIRECTION('',(1.,0.,-0.));
#2107 = PLANE('',#2108);
#2108 = AXIS2_PLACEMENT_3D('',#2109,#2110,#2111);
#2109 = CARTESIAN_POINT('',(-0.5,-1.1,0.));
#2110 = DIRECTION('',(-0.,1.,0.));
#2111 = DIRECTION('',(0.,0.,1.));
#2112 = ADVANCED_FACE('',(#2113),#2124,.F.);
#2113 = FACE_BOUND('',#2114,.F.);
#2114 = EDGE_LOOP('',(#2115,#2116,#2117,#2118));
#2115 = ORIENTED_EDGE('',*,*,#1474,.F.);
#2116 = ORIENTED_EDGE('',*,*,#519,.T.);
#2117 = ORIENTED_EDGE('',*,*,#2092,.T.);
#2118 = ORIENTED_EDGE('',*,*,#2119,.F.);
#2119 = EDGE_CURVE('',#1475,#2093,#2120,.T.);
#2120 = LINE('',#2121,#2122);
#2121 = CARTESIAN_POINT('',(-0.3,-1.5,8.5E-02));
#2122 = VECTOR('',#2123,1.);
#2123 = DIRECTION('',(-0.,1.,0.));
#2124 = PLANE('',#2125);
#2125 = AXIS2_PLACEMENT_3D('',#2126,#2127,#2128);
#2126 = CARTESIAN_POINT('',(-0.3,-1.5,0.));
#2127 = DIRECTION('',(1.,0.,-0.));
#2128 = DIRECTION('',(0.,0.,1.));
#2129 = ADVANCED_FACE('',(#2130),#2148,.T.);
#2130 = FACE_BOUND('',#2131,.T.);
#2131 = EDGE_LOOP('',(#2132,#2133,#2134,#2142));
#2132 = ORIENTED_EDGE('',*,*,#1467,.F.);
#2133 = ORIENTED_EDGE('',*,*,#535,.T.);
#2134 = ORIENTED_EDGE('',*,*,#2135,.T.);
#2135 = EDGE_CURVE('',#536,#2136,#2138,.T.);
#2136 = VERTEX_POINT('',#2137);
#2137 = CARTESIAN_POINT('',(-0.1,-1.1,8.5E-02));
#2138 = LINE('',#2139,#2140);
#2139 = CARTESIAN_POINT('',(-0.1,-1.1,0.));
#2140 = VECTOR('',#2141,1.);
#2141 = DIRECTION('',(0.,0.,1.));
#2142 = ORIENTED_EDGE('',*,*,#2143,.F.);
#2143 = EDGE_CURVE('',#1460,#2136,#2144,.T.);
#2144 = LINE('',#2145,#2146);
#2145 = CARTESIAN_POINT('',(-0.1,-1.5,8.5E-02));
#2146 = VECTOR('',#2147,1.);
#2147 = DIRECTION('',(-0.,1.,0.));
#2148 = PLANE('',#2149);
#2149 = AXIS2_PLACEMENT_3D('',#2150,#2151,#2152);
#2150 = CARTESIAN_POINT('',(-0.1,-1.5,0.));
#2151 = DIRECTION('',(1.,0.,-0.));
#2152 = DIRECTION('',(0.,0.,1.));
#2153 = ADVANCED_FACE('',(#2154),#2160,.F.);
#2154 = FACE_BOUND('',#2155,.F.);
#2155 = EDGE_LOOP('',(#2156,#2157,#2158,#2159));
#2156 = ORIENTED_EDGE('',*,*,#1248,.F.);
#2157 = ORIENTED_EDGE('',*,*,#968,.T.);
#2158 = ORIENTED_EDGE('',*,*,#1200,.T.);
#2159 = ORIENTED_EDGE('',*,*,#1233,.F.);
#2160 = PLANE('',#2161);
#2161 = AXIS2_PLACEMENT_3D('',#2162,#2163,#2164);
#2162 = CARTESIAN_POINT('',(-1.1,-0.1,0.));
#2163 = DIRECTION('',(1.,0.,-0.));
#2164 = DIRECTION('',(0.,0.,1.));
#2165 = ADVANCED_FACE('',(#2166),#2184,.F.);
#2166 = FACE_BOUND('',#2167,.F.);
#2167 = EDGE_LOOP('',(#2168,#2176,#2177,#2178));
#2168 = ORIENTED_EDGE('',*,*,#2169,.F.);
#2169 = EDGE_CURVE('',#544,#2170,#2172,.T.);
#2170 = VERTEX_POINT('',#2171);
#2171 = CARTESIAN_POINT('',(0.1,-1.1,8.5E-02));
#2172 = LINE('',#2173,#2174);
#2173 = CARTESIAN_POINT('',(0.1,-1.1,0.));
#2174 = VECTOR('',#2175,1.);
#2175 = DIRECTION('',(0.,0.,1.));
#2176 = ORIENTED_EDGE('',*,*,#543,.T.);
#2177 = ORIENTED_EDGE('',*,*,#2135,.T.);
#2178 = ORIENTED_EDGE('',*,*,#2179,.T.);
#2179 = EDGE_CURVE('',#2136,#2170,#2180,.T.);
#2180 = LINE('',#2181,#2182);
#2181 = CARTESIAN_POINT('',(-0.1,-1.1,8.5E-02));
#2182 = VECTOR('',#2183,1.);
#2183 = DIRECTION('',(1.,0.,-0.));
#2184 = PLANE('',#2185);
#2185 = AXIS2_PLACEMENT_3D('',#2186,#2187,#2188);
#2186 = CARTESIAN_POINT('',(-0.1,-1.1,0.));
#2187 = DIRECTION('',(-0.,1.,0.));
#2188 = DIRECTION('',(0.,0.,1.));
#2189 = ADVANCED_FACE('',(#2190),#2201,.F.);
#2190 = FACE_BOUND('',#2191,.F.);
#2191 = EDGE_LOOP('',(#2192,#2193,#2194,#2195));
#2192 = ORIENTED_EDGE('',*,*,#1451,.F.);
#2193 = ORIENTED_EDGE('',*,*,#551,.T.);
#2194 = ORIENTED_EDGE('',*,*,#2169,.T.);
#2195 = ORIENTED_EDGE('',*,*,#2196,.F.);
#2196 = EDGE_CURVE('',#1452,#2170,#2197,.T.);
#2197 = LINE('',#2198,#2199);
#2198 = CARTESIAN_POINT('',(0.1,-1.5,8.5E-02));
#2199 = VECTOR('',#2200,1.);
#2200 = DIRECTION('',(-0.,1.,0.));
#2201 = PLANE('',#2202);
#2202 = AXIS2_PLACEMENT_3D('',#2203,#2204,#2205);
#2203 = CARTESIAN_POINT('',(0.1,-1.5,0.));
#2204 = DIRECTION('',(1.,0.,-0.));
#2205 = DIRECTION('',(0.,0.,1.));
#2206 = ADVANCED_FACE('',(#2207),#2225,.T.);
#2207 = FACE_BOUND('',#2208,.T.);
#2208 = EDGE_LOOP('',(#2209,#2210,#2211,#2219));
#2209 = ORIENTED_EDGE('',*,*,#1444,.F.);
#2210 = ORIENTED_EDGE('',*,*,#567,.T.);
#2211 = ORIENTED_EDGE('',*,*,#2212,.T.);
#2212 = EDGE_CURVE('',#568,#2213,#2215,.T.);
#2213 = VERTEX_POINT('',#2214);
#2214 = CARTESIAN_POINT('',(0.3,-1.1,8.5E-02));
#2215 = LINE('',#2216,#2217);
#2216 = CARTESIAN_POINT('',(0.3,-1.1,0.));
#2217 = VECTOR('',#2218,1.);
#2218 = DIRECTION('',(0.,0.,1.));
#2219 = ORIENTED_EDGE('',*,*,#2220,.F.);
#2220 = EDGE_CURVE('',#1437,#2213,#2221,.T.);
#2221 = LINE('',#2222,#2223);
#2222 = CARTESIAN_POINT('',(0.3,-1.5,8.5E-02));
#2223 = VECTOR('',#2224,1.);
#2224 = DIRECTION('',(-0.,1.,0.));
#2225 = PLANE('',#2226);
#2226 = AXIS2_PLACEMENT_3D('',#2227,#2228,#2229);
#2227 = CARTESIAN_POINT('',(0.3,-1.5,0.));
#2228 = DIRECTION('',(1.,0.,-0.));
#2229 = DIRECTION('',(0.,0.,1.));
#2230 = ADVANCED_FACE('',(#2231),#2237,.F.);
#2231 = FACE_BOUND('',#2232,.F.);
#2232 = EDGE_LOOP('',(#2233,#2234,#2235,#2236));
#2233 = ORIENTED_EDGE('',*,*,#1183,.F.);
#2234 = ORIENTED_EDGE('',*,*,#945,.T.);
#2235 = ORIENTED_EDGE('',*,*,#1135,.T.);
#2236 = ORIENTED_EDGE('',*,*,#1168,.F.);
#2237 = PLANE('',#2238);
#2238 = AXIS2_PLACEMENT_3D('',#2239,#2240,#2241);
#2239 = CARTESIAN_POINT('',(-1.1,0.3,0.));
#2240 = DIRECTION('',(1.,0.,-0.));
#2241 = DIRECTION('',(0.,0.,1.));
#2242 = ADVANCED_FACE('',(#2243),#2261,.F.);
#2243 = FACE_BOUND('',#2244,.F.);
#2244 = EDGE_LOOP('',(#2245,#2253,#2254,#2255));
#2245 = ORIENTED_EDGE('',*,*,#2246,.F.);
#2246 = EDGE_CURVE('',#576,#2247,#2249,.T.);
#2247 = VERTEX_POINT('',#2248);
#2248 = CARTESIAN_POINT('',(0.5,-1.1,8.5E-02));
#2249 = LINE('',#2250,#2251);
#2250 = CARTESIAN_POINT('',(0.5,-1.1,0.));
#2251 = VECTOR('',#2252,1.);
#2252 = DIRECTION('',(0.,0.,1.));
#2253 = ORIENTED_EDGE('',*,*,#575,.T.);
#2254 = ORIENTED_EDGE('',*,*,#2212,.T.);
#2255 = ORIENTED_EDGE('',*,*,#2256,.T.);
#2256 = EDGE_CURVE('',#2213,#2247,#2257,.T.);
#2257 = LINE('',#2258,#2259);
#2258 = CARTESIAN_POINT('',(0.3,-1.1,8.5E-02));
#2259 = VECTOR('',#2260,1.);
#2260 = DIRECTION('',(1.,0.,-0.));
#2261 = PLANE('',#2262);
#2262 = AXIS2_PLACEMENT_3D('',#2263,#2264,#2265);
#2263 = CARTESIAN_POINT('',(0.3,-1.1,0.));
#2264 = DIRECTION('',(-0.,1.,0.));
#2265 = DIRECTION('',(0.,0.,1.));
#2266 = ADVANCED_FACE('',(#2267),#2278,.F.);
#2267 = FACE_BOUND('',#2268,.F.);
#2268 = EDGE_LOOP('',(#2269,#2270,#2271,#2272));
#2269 = ORIENTED_EDGE('',*,*,#1428,.F.);
#2270 = ORIENTED_EDGE('',*,*,#583,.T.);
#2271 = ORIENTED_EDGE('',*,*,#2246,.T.);
#2272 = ORIENTED_EDGE('',*,*,#2273,.F.);
#2273 = EDGE_CURVE('',#1429,#2247,#2274,.T.);
#2274 = LINE('',#2275,#2276);
#2275 = CARTESIAN_POINT('',(0.5,-1.5,8.5E-02));
#2276 = VECTOR('',#2277,1.);
#2277 = DIRECTION('',(-0.,1.,0.));
#2278 = PLANE('',#2279);
#2279 = AXIS2_PLACEMENT_3D('',#2280,#2281,#2282);
#2280 = CARTESIAN_POINT('',(0.5,-1.5,0.));
#2281 = DIRECTION('',(1.,0.,-0.));
#2282 = DIRECTION('',(0.,0.,1.));
#2283 = ADVANCED_FACE('',(#2284),#2302,.T.);
#2284 = FACE_BOUND('',#2285,.T.);
#2285 = EDGE_LOOP('',(#2286,#2287,#2288,#2296));
#2286 = ORIENTED_EDGE('',*,*,#1421,.F.);
#2287 = ORIENTED_EDGE('',*,*,#599,.T.);
#2288 = ORIENTED_EDGE('',*,*,#2289,.T.);
#2289 = EDGE_CURVE('',#600,#2290,#2292,.T.);
#2290 = VERTEX_POINT('',#2291);
#2291 = CARTESIAN_POINT('',(0.7,-1.1,8.5E-02));
#2292 = LINE('',#2293,#2294);
#2293 = CARTESIAN_POINT('',(0.7,-1.1,0.));
#2294 = VECTOR('',#2295,1.);
#2295 = DIRECTION('',(0.,0.,1.));
#2296 = ORIENTED_EDGE('',*,*,#2297,.F.);
#2297 = EDGE_CURVE('',#1414,#2290,#2298,.T.);
#2298 = LINE('',#2299,#2300);
#2299 = CARTESIAN_POINT('',(0.7,-1.5,8.5E-02));
#2300 = VECTOR('',#2301,1.);
#2301 = DIRECTION('',(-0.,1.,0.));
#2302 = PLANE('',#2303);
#2303 = AXIS2_PLACEMENT_3D('',#2304,#2305,#2306);
#2304 = CARTESIAN_POINT('',(0.7,-1.5,0.));
#2305 = DIRECTION('',(1.,0.,-0.));
#2306 = DIRECTION('',(0.,0.,1.));
#2307 = ADVANCED_FACE('',(#2308),#2314,.F.);
#2308 = FACE_BOUND('',#2309,.F.);
#2309 = EDGE_LOOP('',(#2310,#2311,#2312,#2313));
#2310 = ORIENTED_EDGE('',*,*,#1118,.F.);
#2311 = ORIENTED_EDGE('',*,*,#922,.T.);
#2312 = ORIENTED_EDGE('',*,*,#1070,.T.);
#2313 = ORIENTED_EDGE('',*,*,#1103,.F.);
#2314 = PLANE('',#2315);
#2315 = AXIS2_PLACEMENT_3D('',#2316,#2317,#2318);
#2316 = CARTESIAN_POINT('',(-1.1,0.7,0.));
#2317 = DIRECTION('',(1.,0.,-0.));
#2318 = DIRECTION('',(0.,0.,1.));
#2319 = ADVANCED_FACE('',(#2320),#2338,.F.);
#2320 = FACE_BOUND('',#2321,.F.);
#2321 = EDGE_LOOP('',(#2322,#2330,#2331,#2332));
#2322 = ORIENTED_EDGE('',*,*,#2323,.F.);
#2323 = EDGE_CURVE('',#608,#2324,#2326,.T.);
#2324 = VERTEX_POINT('',#2325);
#2325 = CARTESIAN_POINT('',(0.9,-1.1,8.5E-02));
#2326 = LINE('',#2327,#2328);
#2327 = CARTESIAN_POINT('',(0.9,-1.1,0.));
#2328 = VECTOR('',#2329,1.);
#2329 = DIRECTION('',(0.,0.,1.));
#2330 = ORIENTED_EDGE('',*,*,#607,.T.);
#2331 = ORIENTED_EDGE('',*,*,#2289,.T.);
#2332 = ORIENTED_EDGE('',*,*,#2333,.T.);
#2333 = EDGE_CURVE('',#2290,#2324,#2334,.T.);
#2334 = LINE('',#2335,#2336);
#2335 = CARTESIAN_POINT('',(0.7,-1.1,8.5E-02));
#2336 = VECTOR('',#2337,1.);
#2337 = DIRECTION('',(1.,0.,-0.));
#2338 = PLANE('',#2339);
#2339 = AXIS2_PLACEMENT_3D('',#2340,#2341,#2342);
#2340 = CARTESIAN_POINT('',(0.7,-1.1,0.));
#2341 = DIRECTION('',(-0.,1.,0.));
#2342 = DIRECTION('',(0.,0.,1.));
#2343 = ADVANCED_FACE('',(#2344),#2355,.F.);
#2344 = FACE_BOUND('',#2345,.F.);
#2345 = EDGE_LOOP('',(#2346,#2347,#2348,#2349));
#2346 = ORIENTED_EDGE('',*,*,#1405,.F.);
#2347 = ORIENTED_EDGE('',*,*,#615,.T.);
#2348 = ORIENTED_EDGE('',*,*,#2323,.T.);
#2349 = ORIENTED_EDGE('',*,*,#2350,.F.);
#2350 = EDGE_CURVE('',#1406,#2324,#2351,.T.);
#2351 = LINE('',#2352,#2353);
#2352 = CARTESIAN_POINT('',(0.9,-1.5,8.5E-02));
#2353 = VECTOR('',#2354,1.);
#2354 = DIRECTION('',(-0.,1.,0.));
#2355 = PLANE('',#2356);
#2356 = AXIS2_PLACEMENT_3D('',#2357,#2358,#2359);
#2357 = CARTESIAN_POINT('',(0.9,-1.5,0.));
#2358 = DIRECTION('',(1.,0.,-0.));
#2359 = DIRECTION('',(0.,0.,1.));
#2360 = ADVANCED_FACE('',(#2361),#2379,.T.);
#2361 = FACE_BOUND('',#2362,.T.);
#2362 = EDGE_LOOP('',(#2363,#2364,#2365,#2373));
#2363 = ORIENTED_EDGE('',*,*,#1530,.F.);
#2364 = ORIENTED_EDGE('',*,*,#639,.T.);
#2365 = ORIENTED_EDGE('',*,*,#2366,.T.);
#2366 = EDGE_CURVE('',#640,#2367,#2369,.T.);
#2367 = VERTEX_POINT('',#2368);
#2368 = CARTESIAN_POINT('',(1.1,-0.9,8.5E-02));
#2369 = LINE('',#2370,#2371);
#2370 = CARTESIAN_POINT('',(1.1,-0.9,0.));
#2371 = VECTOR('',#2372,1.);
#2372 = DIRECTION('',(0.,0.,1.));
#2373 = ORIENTED_EDGE('',*,*,#2374,.T.);
#2374 = EDGE_CURVE('',#2367,#1531,#2375,.T.);
#2375 = LINE('',#2376,#2377);
#2376 = CARTESIAN_POINT('',(1.1,-0.9,8.5E-02));
#2377 = VECTOR('',#2378,1.);
#2378 = DIRECTION('',(1.,0.,-0.));
#2379 = PLANE('',#2380);
#2380 = AXIS2_PLACEMENT_3D('',#2381,#2382,#2383);
#2381 = CARTESIAN_POINT('',(1.1,-0.9,0.));
#2382 = DIRECTION('',(-0.,1.,0.));
#2383 = DIRECTION('',(0.,0.,1.));
#2384 = ADVANCED_FACE('',(#2385),#2391,.T.);
#2385 = FACE_BOUND('',#2386,.T.);
#2386 = EDGE_LOOP('',(#2387,#2388,#2389,#2390));
#2387 = ORIENTED_EDGE('',*,*,#1702,.F.);
#2388 = ORIENTED_EDGE('',*,*,#898,.T.);
#2389 = ORIENTED_EDGE('',*,*,#1654,.T.);
#2390 = ORIENTED_EDGE('',*,*,#1679,.T.);
#2391 = PLANE('',#2392);
#2392 = AXIS2_PLACEMENT_3D('',#2393,#2394,#2395);
#2393 = CARTESIAN_POINT('',(-0.9,1.1,0.));
#2394 = DIRECTION('',(-0.,1.,0.));
#2395 = DIRECTION('',(0.,0.,1.));
#2396 = ADVANCED_FACE('',(#2397),#2415,.T.);
#2397 = FACE_BOUND('',#2398,.T.);
#2398 = EDGE_LOOP('',(#2399,#2400,#2401,#2409));
#2399 = ORIENTED_EDGE('',*,*,#2366,.F.);
#2400 = ORIENTED_EDGE('',*,*,#647,.T.);
#2401 = ORIENTED_EDGE('',*,*,#2402,.T.);
#2402 = EDGE_CURVE('',#648,#2403,#2405,.T.);
#2403 = VERTEX_POINT('',#2404);
#2404 = CARTESIAN_POINT('',(1.1,-0.7,8.5E-02));
#2405 = LINE('',#2406,#2407);
#2406 = CARTESIAN_POINT('',(1.1,-0.7,0.));
#2407 = VECTOR('',#2408,1.);
#2408 = DIRECTION('',(0.,0.,1.));
#2409 = ORIENTED_EDGE('',*,*,#2410,.F.);
#2410 = EDGE_CURVE('',#2367,#2403,#2411,.T.);
#2411 = LINE('',#2412,#2413);
#2412 = CARTESIAN_POINT('',(1.1,-0.9,8.5E-02));
#2413 = VECTOR('',#2414,1.);
#2414 = DIRECTION('',(-0.,1.,0.));
#2415 = PLANE('',#2416);
#2416 = AXIS2_PLACEMENT_3D('',#2417,#2418,#2419);
#2417 = CARTESIAN_POINT('',(1.1,-0.9,0.));
#2418 = DIRECTION('',(1.,0.,-0.));
#2419 = DIRECTION('',(0.,0.,1.));
#2420 = ADVANCED_FACE('',(#2421),#2432,.F.);
#2421 = FACE_BOUND('',#2422,.F.);
#2422 = EDGE_LOOP('',(#2423,#2424,#2425,#2426));
#2423 = ORIENTED_EDGE('',*,*,#1546,.F.);
#2424 = ORIENTED_EDGE('',*,*,#655,.T.);
#2425 = ORIENTED_EDGE('',*,*,#2402,.T.);
#2426 = ORIENTED_EDGE('',*,*,#2427,.T.);
#2427 = EDGE_CURVE('',#2403,#1539,#2428,.T.);
#2428 = LINE('',#2429,#2430);
#2429 = CARTESIAN_POINT('',(1.1,-0.7,8.5E-02));
#2430 = VECTOR('',#2431,1.);
#2431 = DIRECTION('',(1.,0.,-0.));
#2432 = PLANE('',#2433);
#2433 = AXIS2_PLACEMENT_3D('',#2434,#2435,#2436);
#2434 = CARTESIAN_POINT('',(1.1,-0.7,0.));
#2435 = DIRECTION('',(-0.,1.,0.));
#2436 = DIRECTION('',(0.,0.,1.));
#2437 = ADVANCED_FACE('',(#2438),#2456,.T.);
#2438 = FACE_BOUND('',#2439,.T.);
#2439 = EDGE_LOOP('',(#2440,#2441,#2442,#2450));
#2440 = ORIENTED_EDGE('',*,*,#1553,.F.);
#2441 = ORIENTED_EDGE('',*,*,#671,.T.);
#2442 = ORIENTED_EDGE('',*,*,#2443,.T.);
#2443 = EDGE_CURVE('',#672,#2444,#2446,.T.);
#2444 = VERTEX_POINT('',#2445);
#2445 = CARTESIAN_POINT('',(1.1,-0.5,8.5E-02));
#2446 = LINE('',#2447,#2448);
#2447 = CARTESIAN_POINT('',(1.1,-0.5,0.));
#2448 = VECTOR('',#2449,1.);
#2449 = DIRECTION('',(0.,0.,1.));
#2450 = ORIENTED_EDGE('',*,*,#2451,.T.);
#2451 = EDGE_CURVE('',#2444,#1554,#2452,.T.);
#2452 = LINE('',#2453,#2454);
#2453 = CARTESIAN_POINT('',(1.1,-0.5,8.5E-02));
#2454 = VECTOR('',#2455,1.);
#2455 = DIRECTION('',(1.,0.,-0.));
#2456 = PLANE('',#2457);
#2457 = AXIS2_PLACEMENT_3D('',#2458,#2459,#2460);
#2458 = CARTESIAN_POINT('',(1.1,-0.5,0.));
#2459 = DIRECTION('',(-0.,1.,0.));
#2460 = DIRECTION('',(0.,0.,1.));
#2461 = ADVANCED_FACE('',(#2462),#2468,.T.);
#2462 = FACE_BOUND('',#2463,.T.);
#2463 = EDGE_LOOP('',(#2464,#2465,#2466,#2467));
#2464 = ORIENTED_EDGE('',*,*,#1767,.F.);
#2465 = ORIENTED_EDGE('',*,*,#875,.T.);
#2466 = ORIENTED_EDGE('',*,*,#1719,.T.);
#2467 = ORIENTED_EDGE('',*,*,#1744,.T.);
#2468 = PLANE('',#2469);
#2469 = AXIS2_PLACEMENT_3D('',#2470,#2471,#2472);
#2470 = CARTESIAN_POINT('',(-0.5,1.1,0.));
#2471 = DIRECTION('',(-0.,1.,0.));
#2472 = DIRECTION('',(0.,0.,1.));
#2473 = ADVANCED_FACE('',(#2474),#2492,.T.);
#2474 = FACE_BOUND('',#2475,.T.);
#2475 = EDGE_LOOP('',(#2476,#2477,#2478,#2486));
#2476 = ORIENTED_EDGE('',*,*,#2443,.F.);
#2477 = ORIENTED_EDGE('',*,*,#679,.T.);
#2478 = ORIENTED_EDGE('',*,*,#2479,.T.);
#2479 = EDGE_CURVE('',#680,#2480,#2482,.T.);
#2480 = VERTEX_POINT('',#2481);
#2481 = CARTESIAN_POINT('',(1.1,-0.3,8.5E-02));
#2482 = LINE('',#2483,#2484);
#2483 = CARTESIAN_POINT('',(1.1,-0.3,0.));
#2484 = VECTOR('',#2485,1.);
#2485 = DIRECTION('',(0.,0.,1.));
#2486 = ORIENTED_EDGE('',*,*,#2487,.F.);
#2487 = EDGE_CURVE('',#2444,#2480,#2488,.T.);
#2488 = LINE('',#2489,#2490);
#2489 = CARTESIAN_POINT('',(1.1,-0.5,8.5E-02));
#2490 = VECTOR('',#2491,1.);
#2491 = DIRECTION('',(-0.,1.,0.));
#2492 = PLANE('',#2493);
#2493 = AXIS2_PLACEMENT_3D('',#2494,#2495,#2496);
#2494 = CARTESIAN_POINT('',(1.1,-0.5,0.));
#2495 = DIRECTION('',(1.,0.,-0.));
#2496 = DIRECTION('',(0.,0.,1.));
#2497 = ADVANCED_FACE('',(#2498),#2509,.F.);
#2498 = FACE_BOUND('',#2499,.F.);
#2499 = EDGE_LOOP('',(#2500,#2501,#2502,#2503));
#2500 = ORIENTED_EDGE('',*,*,#1569,.F.);
#2501 = ORIENTED_EDGE('',*,*,#687,.T.);
#2502 = ORIENTED_EDGE('',*,*,#2479,.T.);
#2503 = ORIENTED_EDGE('',*,*,#2504,.T.);
#2504 = EDGE_CURVE('',#2480,#1562,#2505,.T.);
#2505 = LINE('',#2506,#2507);
#2506 = CARTESIAN_POINT('',(1.1,-0.3,8.5E-02));
#2507 = VECTOR('',#2508,1.);
#2508 = DIRECTION('',(1.,0.,-0.));
#2509 = PLANE('',#2510);
#2510 = AXIS2_PLACEMENT_3D('',#2511,#2512,#2513);
#2511 = CARTESIAN_POINT('',(1.1,-0.3,0.));
#2512 = DIRECTION('',(-0.,1.,0.));
#2513 = DIRECTION('',(0.,0.,1.));
#2514 = ADVANCED_FACE('',(#2515),#2533,.T.);
#2515 = FACE_BOUND('',#2516,.T.);
#2516 = EDGE_LOOP('',(#2517,#2518,#2519,#2527));
#2517 = ORIENTED_EDGE('',*,*,#1576,.F.);
#2518 = ORIENTED_EDGE('',*,*,#703,.T.);
#2519 = ORIENTED_EDGE('',*,*,#2520,.T.);
#2520 = EDGE_CURVE('',#704,#2521,#2523,.T.);
#2521 = VERTEX_POINT('',#2522);
#2522 = CARTESIAN_POINT('',(1.1,-0.1,8.5E-02));
#2523 = LINE('',#2524,#2525);
#2524 = CARTESIAN_POINT('',(1.1,-0.1,0.));
#2525 = VECTOR('',#2526,1.);
#2526 = DIRECTION('',(0.,0.,1.));
#2527 = ORIENTED_EDGE('',*,*,#2528,.T.);
#2528 = EDGE_CURVE('',#2521,#1577,#2529,.T.);
#2529 = LINE('',#2530,#2531);
#2530 = CARTESIAN_POINT('',(1.1,-0.1,8.5E-02));
#2531 = VECTOR('',#2532,1.);
#2532 = DIRECTION('',(1.,0.,-0.));
#2533 = PLANE('',#2534);
#2534 = AXIS2_PLACEMENT_3D('',#2535,#2536,#2537);
#2535 = CARTESIAN_POINT('',(1.1,-0.1,0.));
#2536 = DIRECTION('',(-0.,1.,0.));
#2537 = DIRECTION('',(0.,0.,1.));
#2538 = ADVANCED_FACE('',(#2539),#2545,.T.);
#2539 = FACE_BOUND('',#2540,.T.);
#2540 = EDGE_LOOP('',(#2541,#2542,#2543,#2544));
#2541 = ORIENTED_EDGE('',*,*,#1832,.F.);
#2542 = ORIENTED_EDGE('',*,*,#852,.T.);
#2543 = ORIENTED_EDGE('',*,*,#1784,.T.);
#2544 = ORIENTED_EDGE('',*,*,#1809,.T.);
#2545 = PLANE('',#2546);
#2546 = AXIS2_PLACEMENT_3D('',#2547,#2548,#2549);
#2547 = CARTESIAN_POINT('',(-0.1,1.1,0.));
#2548 = DIRECTION('',(-0.,1.,0.));
#2549 = DIRECTION('',(0.,0.,1.));
#2550 = ADVANCED_FACE('',(#2551),#2569,.T.);
#2551 = FACE_BOUND('',#2552,.T.);
#2552 = EDGE_LOOP('',(#2553,#2554,#2555,#2563));
#2553 = ORIENTED_EDGE('',*,*,#2520,.F.);
#2554 = ORIENTED_EDGE('',*,*,#711,.T.);
#2555 = ORIENTED_EDGE('',*,*,#2556,.T.);
#2556 = EDGE_CURVE('',#712,#2557,#2559,.T.);
#2557 = VERTEX_POINT('',#2558);
#2558 = CARTESIAN_POINT('',(1.1,0.1,8.5E-02));
#2559 = LINE('',#2560,#2561);
#2560 = CARTESIAN_POINT('',(1.1,0.1,0.));
#2561 = VECTOR('',#2562,1.);
#2562 = DIRECTION('',(0.,0.,1.));
#2563 = ORIENTED_EDGE('',*,*,#2564,.F.);
#2564 = EDGE_CURVE('',#2521,#2557,#2565,.T.);
#2565 = LINE('',#2566,#2567);
#2566 = CARTESIAN_POINT('',(1.1,-0.1,8.5E-02));
#2567 = VECTOR('',#2568,1.);
#2568 = DIRECTION('',(-0.,1.,0.));
#2569 = PLANE('',#2570);
#2570 = AXIS2_PLACEMENT_3D('',#2571,#2572,#2573);
#2571 = CARTESIAN_POINT('',(1.1,-0.1,0.));
#2572 = DIRECTION('',(1.,0.,-0.));
#2573 = DIRECTION('',(0.,0.,1.));
#2574 = ADVANCED_FACE('',(#2575),#2586,.F.);
#2575 = FACE_BOUND('',#2576,.F.);
#2576 = EDGE_LOOP('',(#2577,#2578,#2579,#2580));
#2577 = ORIENTED_EDGE('',*,*,#1592,.F.);
#2578 = ORIENTED_EDGE('',*,*,#719,.T.);
#2579 = ORIENTED_EDGE('',*,*,#2556,.T.);
#2580 = ORIENTED_EDGE('',*,*,#2581,.T.);
#2581 = EDGE_CURVE('',#2557,#1585,#2582,.T.);
#2582 = LINE('',#2583,#2584);
#2583 = CARTESIAN_POINT('',(1.1,0.1,8.5E-02));
#2584 = VECTOR('',#2585,1.);
#2585 = DIRECTION('',(1.,0.,-0.));
#2586 = PLANE('',#2587);
#2587 = AXIS2_PLACEMENT_3D('',#2588,#2589,#2590);
#2588 = CARTESIAN_POINT('',(1.1,0.1,0.));
#2589 = DIRECTION('',(-0.,1.,0.));
#2590 = DIRECTION('',(0.,0.,1.));
#2591 = ADVANCED_FACE('',(#2592),#2610,.T.);
#2592 = FACE_BOUND('',#2593,.T.);
#2593 = EDGE_LOOP('',(#2594,#2595,#2596,#2604));
#2594 = ORIENTED_EDGE('',*,*,#1599,.F.);
#2595 = ORIENTED_EDGE('',*,*,#735,.T.);
#2596 = ORIENTED_EDGE('',*,*,#2597,.T.);
#2597 = EDGE_CURVE('',#736,#2598,#2600,.T.);
#2598 = VERTEX_POINT('',#2599);
#2599 = CARTESIAN_POINT('',(1.1,0.3,8.5E-02));
#2600 = LINE('',#2601,#2602);
#2601 = CARTESIAN_POINT('',(1.1,0.3,0.));
#2602 = VECTOR('',#2603,1.);
#2603 = DIRECTION('',(0.,0.,1.));
#2604 = ORIENTED_EDGE('',*,*,#2605,.T.);
#2605 = EDGE_CURVE('',#2598,#1600,#2606,.T.);
#2606 = LINE('',#2607,#2608);
#2607 = CARTESIAN_POINT('',(1.1,0.3,8.5E-02));
#2608 = VECTOR('',#2609,1.);
#2609 = DIRECTION('',(1.,0.,-0.));
#2610 = PLANE('',#2611);
#2611 = AXIS2_PLACEMENT_3D('',#2612,#2613,#2614);
#2612 = CARTESIAN_POINT('',(1.1,0.3,0.));
#2613 = DIRECTION('',(-0.,1.,0.));
#2614 = DIRECTION('',(0.,0.,1.));
#2615 = ADVANCED_FACE('',(#2616),#2622,.T.);
#2616 = FACE_BOUND('',#2617,.T.);
#2617 = EDGE_LOOP('',(#2618,#2619,#2620,#2621));
#2618 = ORIENTED_EDGE('',*,*,#1897,.F.);
#2619 = ORIENTED_EDGE('',*,*,#829,.T.);
#2620 = ORIENTED_EDGE('',*,*,#1849,.T.);
#2621 = ORIENTED_EDGE('',*,*,#1874,.T.);
#2622 = PLANE('',#2623);
#2623 = AXIS2_PLACEMENT_3D('',#2624,#2625,#2626);
#2624 = CARTESIAN_POINT('',(0.3,1.1,0.));
#2625 = DIRECTION('',(-0.,1.,0.));
#2626 = DIRECTION('',(0.,0.,1.));
#2627 = ADVANCED_FACE('',(#2628),#2646,.T.);
#2628 = FACE_BOUND('',#2629,.T.);
#2629 = EDGE_LOOP('',(#2630,#2631,#2632,#2640));
#2630 = ORIENTED_EDGE('',*,*,#2597,.F.);
#2631 = ORIENTED_EDGE('',*,*,#743,.T.);
#2632 = ORIENTED_EDGE('',*,*,#2633,.T.);
#2633 = EDGE_CURVE('',#744,#2634,#2636,.T.);
#2634 = VERTEX_POINT('',#2635);
#2635 = CARTESIAN_POINT('',(1.1,0.5,8.5E-02));
#2636 = LINE('',#2637,#2638);
#2637 = CARTESIAN_POINT('',(1.1,0.5,0.));
#2638 = VECTOR('',#2639,1.);
#2639 = DIRECTION('',(0.,0.,1.));
#2640 = ORIENTED_EDGE('',*,*,#2641,.F.);
#2641 = EDGE_CURVE('',#2598,#2634,#2642,.T.);
#2642 = LINE('',#2643,#2644);
#2643 = CARTESIAN_POINT('',(1.1,0.3,8.5E-02));
#2644 = VECTOR('',#2645,1.);
#2645 = DIRECTION('',(-0.,1.,0.));
#2646 = PLANE('',#2647);
#2647 = AXIS2_PLACEMENT_3D('',#2648,#2649,#2650);
#2648 = CARTESIAN_POINT('',(1.1,0.3,0.));
#2649 = DIRECTION('',(1.,0.,-0.));
#2650 = DIRECTION('',(0.,0.,1.));
#2651 = ADVANCED_FACE('',(#2652),#2663,.F.);
#2652 = FACE_BOUND('',#2653,.F.);
#2653 = EDGE_LOOP('',(#2654,#2655,#2656,#2657));
#2654 = ORIENTED_EDGE('',*,*,#1615,.F.);
#2655 = ORIENTED_EDGE('',*,*,#751,.T.);
#2656 = ORIENTED_EDGE('',*,*,#2633,.T.);
#2657 = ORIENTED_EDGE('',*,*,#2658,.T.);
#2658 = EDGE_CURVE('',#2634,#1608,#2659,.T.);
#2659 = LINE('',#2660,#2661);
#2660 = CARTESIAN_POINT('',(1.1,0.5,8.5E-02));
#2661 = VECTOR('',#2662,1.);
#2662 = DIRECTION('',(1.,0.,-0.));
#2663 = PLANE('',#2664);
#2664 = AXIS2_PLACEMENT_3D('',#2665,#2666,#2667);
#2665 = CARTESIAN_POINT('',(1.1,0.5,0.));
#2666 = DIRECTION('',(-0.,1.,0.));
#2667 = DIRECTION('',(0.,0.,1.));
#2668 = ADVANCED_FACE('',(#2669),#2687,.T.);
#2669 = FACE_BOUND('',#2670,.T.);
#2670 = EDGE_LOOP('',(#2671,#2672,#2673,#2681));
#2671 = ORIENTED_EDGE('',*,*,#1622,.F.);
#2672 = ORIENTED_EDGE('',*,*,#767,.T.);
#2673 = ORIENTED_EDGE('',*,*,#2674,.T.);
#2674 = EDGE_CURVE('',#768,#2675,#2677,.T.);
#2675 = VERTEX_POINT('',#2676);
#2676 = CARTESIAN_POINT('',(1.1,0.7,8.5E-02));
#2677 = LINE('',#2678,#2679);
#2678 = CARTESIAN_POINT('',(1.1,0.7,0.));
#2679 = VECTOR('',#2680,1.);
#2680 = DIRECTION('',(0.,0.,1.));
#2681 = ORIENTED_EDGE('',*,*,#2682,.T.);
#2682 = EDGE_CURVE('',#2675,#1623,#2683,.T.);
#2683 = LINE('',#2684,#2685);
#2684 = CARTESIAN_POINT('',(1.1,0.7,8.5E-02));
#2685 = VECTOR('',#2686,1.);
#2686 = DIRECTION('',(1.,0.,-0.));
#2687 = PLANE('',#2688);
#2688 = AXIS2_PLACEMENT_3D('',#2689,#2690,#2691);
#2689 = CARTESIAN_POINT('',(1.1,0.7,0.));
#2690 = DIRECTION('',(-0.,1.,0.));
#2691 = DIRECTION('',(0.,0.,1.));
#2692 = ADVANCED_FACE('',(#2693),#2699,.T.);
#2693 = FACE_BOUND('',#2694,.T.);
#2694 = EDGE_LOOP('',(#2695,#2696,#2697,#2698));
#2695 = ORIENTED_EDGE('',*,*,#1962,.F.);
#2696 = ORIENTED_EDGE('',*,*,#806,.T.);
#2697 = ORIENTED_EDGE('',*,*,#1914,.T.);
#2698 = ORIENTED_EDGE('',*,*,#1939,.T.);
#2699 = PLANE('',#2700);
#2700 = AXIS2_PLACEMENT_3D('',#2701,#2702,#2703);
#2701 = CARTESIAN_POINT('',(0.7,1.1,0.));
#2702 = DIRECTION('',(-0.,1.,0.));
#2703 = DIRECTION('',(0.,0.,1.));
#2704 = ADVANCED_FACE('',(#2705),#2723,.T.);
#2705 = FACE_BOUND('',#2706,.T.);
#2706 = EDGE_LOOP('',(#2707,#2708,#2709,#2717));
#2707 = ORIENTED_EDGE('',*,*,#2674,.F.);
#2708 = ORIENTED_EDGE('',*,*,#775,.T.);
#2709 = ORIENTED_EDGE('',*,*,#2710,.T.);
#2710 = EDGE_CURVE('',#776,#2711,#2713,.T.);
#2711 = VERTEX_POINT('',#2712);
#2712 = CARTESIAN_POINT('',(1.1,0.9,8.5E-02));
#2713 = LINE('',#2714,#2715);
#2714 = CARTESIAN_POINT('',(1.1,0.9,0.));
#2715 = VECTOR('',#2716,1.);
#2716 = DIRECTION('',(0.,0.,1.));
#2717 = ORIENTED_EDGE('',*,*,#2718,.F.);
#2718 = EDGE_CURVE('',#2675,#2711,#2719,.T.);
#2719 = LINE('',#2720,#2721);
#2720 = CARTESIAN_POINT('',(1.1,0.7,8.5E-02));
#2721 = VECTOR('',#2722,1.);
#2722 = DIRECTION('',(-0.,1.,0.));
#2723 = PLANE('',#2724);
#2724 = AXIS2_PLACEMENT_3D('',#2725,#2726,#2727);
#2725 = CARTESIAN_POINT('',(1.1,0.7,0.));
#2726 = DIRECTION('',(1.,0.,-0.));
#2727 = DIRECTION('',(0.,0.,1.));
#2728 = ADVANCED_FACE('',(#2729),#2740,.F.);
#2729 = FACE_BOUND('',#2730,.F.);
#2730 = EDGE_LOOP('',(#2731,#2732,#2733,#2734));
#2731 = ORIENTED_EDGE('',*,*,#1638,.F.);
#2732 = ORIENTED_EDGE('',*,*,#783,.T.);
#2733 = ORIENTED_EDGE('',*,*,#2710,.T.);
#2734 = ORIENTED_EDGE('',*,*,#2735,.T.);
#2735 = EDGE_CURVE('',#2711,#1631,#2736,.T.);
#2736 = LINE('',#2737,#2738);
#2737 = CARTESIAN_POINT('',(1.1,0.9,8.5E-02));
#2738 = VECTOR('',#2739,1.);
#2739 = DIRECTION('',(1.,0.,-0.));
#2740 = PLANE('',#2741);
#2741 = AXIS2_PLACEMENT_3D('',#2742,#2743,#2744);
#2742 = CARTESIAN_POINT('',(1.1,0.9,0.));
#2743 = DIRECTION('',(-0.,1.,0.));
#2744 = DIRECTION('',(0.,0.,1.));
#2745 = ADVANCED_FACE('',(#2746),#2771,.T.);
#2746 = FACE_BOUND('',#2747,.T.);
#2747 = EDGE_LOOP('',(#2748,#2756,#2757,#2765));
#2748 = ORIENTED_EDGE('',*,*,#2749,.F.);
#2749 = EDGE_CURVE('',#1031,#2750,#2752,.T.);
#2750 = VERTEX_POINT('',#2751);
#2751 = CARTESIAN_POINT('',(0.85,-0.85,8.5E-02));
#2752 = LINE('',#2753,#2754);
#2753 = CARTESIAN_POINT('',(0.85,-0.85,0.));
#2754 = VECTOR('',#2755,1.);
#2755 = DIRECTION('',(0.,0.,1.));
#2756 = ORIENTED_EDGE('',*,*,#1030,.T.);
#2757 = ORIENTED_EDGE('',*,*,#2758,.T.);
#2758 = EDGE_CURVE('',#1033,#2759,#2761,.T.);
#2759 = VERTEX_POINT('',#2760);
#2760 = CARTESIAN_POINT('',(-0.85,-0.85,8.5E-02));
#2761 = LINE('',#2762,#2763);
#2762 = CARTESIAN_POINT('',(-0.85,-0.85,0.));
#2763 = VECTOR('',#2764,1.);
#2764 = DIRECTION('',(0.,0.,1.));
#2765 = ORIENTED_EDGE('',*,*,#2766,.T.);
#2766 = EDGE_CURVE('',#2759,#2750,#2767,.T.);
#2767 = LINE('',#2768,#2769);
#2768 = CARTESIAN_POINT('',(-0.85,-0.85,8.5E-02));
#2769 = VECTOR('',#2770,1.);
#2770 = DIRECTION('',(1.,0.,-0.));
#2771 = PLANE('',#2772);
#2772 = AXIS2_PLACEMENT_3D('',#2773,#2774,#2775);
#2773 = CARTESIAN_POINT('',(-0.85,-0.85,0.));
#2774 = DIRECTION('',(-0.,1.,0.));
#2775 = DIRECTION('',(0.,0.,1.));
#2776 = ADVANCED_FACE('',(#2777),#2795,.F.);
#2777 = FACE_BOUND('',#2778,.F.);
#2778 = EDGE_LOOP('',(#2779,#2780,#2781,#2789));
#2779 = ORIENTED_EDGE('',*,*,#2749,.F.);
#2780 = ORIENTED_EDGE('',*,*,#1056,.T.);
#2781 = ORIENTED_EDGE('',*,*,#2782,.T.);
#2782 = EDGE_CURVE('',#1049,#2783,#2785,.T.);
#2783 = VERTEX_POINT('',#2784);
#2784 = CARTESIAN_POINT('',(0.85,0.85,8.5E-02));
#2785 = LINE('',#2786,#2787);
#2786 = CARTESIAN_POINT('',(0.85,0.85,0.));
#2787 = VECTOR('',#2788,1.);
#2788 = DIRECTION('',(0.,0.,1.));
#2789 = ORIENTED_EDGE('',*,*,#2790,.F.);
#2790 = EDGE_CURVE('',#2750,#2783,#2791,.T.);
#2791 = LINE('',#2792,#2793);
#2792 = CARTESIAN_POINT('',(0.85,-0.85,8.5E-02));
#2793 = VECTOR('',#2794,1.);
#2794 = DIRECTION('',(-0.,1.,0.));
#2795 = PLANE('',#2796);
#2796 = AXIS2_PLACEMENT_3D('',#2797,#2798,#2799);
#2797 = CARTESIAN_POINT('',(0.85,-0.85,0.));
#2798 = DIRECTION('',(1.,0.,-0.));
#2799 = DIRECTION('',(0.,0.,1.));
#2800 = ADVANCED_FACE('',(#2801),#2819,.F.);
#2801 = FACE_BOUND('',#2802,.F.);
#2802 = EDGE_LOOP('',(#2803,#2804,#2805,#2813));
#2803 = ORIENTED_EDGE('',*,*,#2782,.F.);
#2804 = ORIENTED_EDGE('',*,*,#1048,.T.);
#2805 = ORIENTED_EDGE('',*,*,#2806,.T.);
#2806 = EDGE_CURVE('',#1041,#2807,#2809,.T.);
#2807 = VERTEX_POINT('',#2808);
#2808 = CARTESIAN_POINT('',(-0.85,0.85,8.5E-02));
#2809 = LINE('',#2810,#2811);
#2810 = CARTESIAN_POINT('',(-0.85,0.85,0.));
#2811 = VECTOR('',#2812,1.);
#2812 = DIRECTION('',(0.,0.,1.));
#2813 = ORIENTED_EDGE('',*,*,#2814,.T.);
#2814 = EDGE_CURVE('',#2807,#2783,#2815,.T.);
#2815 = LINE('',#2816,#2817);
#2816 = CARTESIAN_POINT('',(-0.85,0.85,8.5E-02));
#2817 = VECTOR('',#2818,1.);
#2818 = DIRECTION('',(1.,0.,-0.));
#2819 = PLANE('',#2820);
#2820 = AXIS2_PLACEMENT_3D('',#2821,#2822,#2823);
#2821 = CARTESIAN_POINT('',(-0.85,0.85,0.));
#2822 = DIRECTION('',(-0.,1.,0.));
#2823 = DIRECTION('',(0.,0.,1.));
#2824 = ADVANCED_FACE('',(#2825),#2836,.T.);
#2825 = FACE_BOUND('',#2826,.T.);
#2826 = EDGE_LOOP('',(#2827,#2828,#2829,#2830));
#2827 = ORIENTED_EDGE('',*,*,#2758,.F.);
#2828 = ORIENTED_EDGE('',*,*,#1040,.T.);
#2829 = ORIENTED_EDGE('',*,*,#2806,.T.);
#2830 = ORIENTED_EDGE('',*,*,#2831,.F.);
#2831 = EDGE_CURVE('',#2759,#2807,#2832,.T.);
#2832 = LINE('',#2833,#2834);
#2833 = CARTESIAN_POINT('',(-0.85,-0.85,8.5E-02));
#2834 = VECTOR('',#2835,1.);
#2835 = DIRECTION('',(-0.,1.,0.));
#2836 = PLANE('',#2837);
#2837 = AXIS2_PLACEMENT_3D('',#2838,#2839,#2840);
#2838 = CARTESIAN_POINT('',(-0.85,-0.85,0.));
#2839 = DIRECTION('',(1.,0.,-0.));
#2840 = DIRECTION('',(0.,0.,1.));
#2841 = ADVANCED_FACE('',(#2842),#2848,.F.);
#2842 = FACE_BOUND('',#2843,.F.);
#2843 = EDGE_LOOP('',(#2844,#2845,#2846,#2847));
#2844 = ORIENTED_EDGE('',*,*,#1989,.F.);
#2845 = ORIENTED_EDGE('',*,*,#1505,.T.);
#2846 = ORIENTED_EDGE('',*,*,#2042,.T.);
#2847 = ORIENTED_EDGE('',*,*,#2025,.F.);
#2848 = PLANE('',#2849);
#2849 = AXIS2_PLACEMENT_3D('',#2850,#2851,#2852);
#2850 = CARTESIAN_POINT('',(-0.9,-1.5,8.5E-02));
#2851 = DIRECTION('',(0.,0.,1.));
#2852 = DIRECTION('',(1.,0.,-0.));
#2853 = ADVANCED_FACE('',(#2854),#2860,.F.);
#2854 = FACE_BOUND('',#2855,.F.);
#2855 = EDGE_LOOP('',(#2856,#2857,#2858,#2859));
#2856 = ORIENTED_EDGE('',*,*,#2066,.F.);
#2857 = ORIENTED_EDGE('',*,*,#1482,.T.);
#2858 = ORIENTED_EDGE('',*,*,#2119,.T.);
#2859 = ORIENTED_EDGE('',*,*,#2102,.F.);
#2860 = PLANE('',#2861);
#2861 = AXIS2_PLACEMENT_3D('',#2862,#2863,#2864);
#2862 = CARTESIAN_POINT('',(-0.5,-1.5,8.5E-02));
#2863 = DIRECTION('',(0.,0.,1.));
#2864 = DIRECTION('',(1.,0.,-0.));
#2865 = ADVANCED_FACE('',(#2866),#2872,.F.);
#2866 = FACE_BOUND('',#2867,.F.);
#2867 = EDGE_LOOP('',(#2868,#2869,#2870,#2871));
#2868 = ORIENTED_EDGE('',*,*,#2143,.F.);
#2869 = ORIENTED_EDGE('',*,*,#1459,.T.);
#2870 = ORIENTED_EDGE('',*,*,#2196,.T.);
#2871 = ORIENTED_EDGE('',*,*,#2179,.F.);
#2872 = PLANE('',#2873);
#2873 = AXIS2_PLACEMENT_3D('',#2874,#2875,#2876);
#2874 = CARTESIAN_POINT('',(-0.1,-1.5,8.5E-02));
#2875 = DIRECTION('',(0.,0.,1.));
#2876 = DIRECTION('',(1.,0.,-0.));
#2877 = ADVANCED_FACE('',(#2878),#2884,.F.);
#2878 = FACE_BOUND('',#2879,.F.);
#2879 = EDGE_LOOP('',(#2880,#2881,#2882,#2883));
#2880 = ORIENTED_EDGE('',*,*,#2220,.F.);
#2881 = ORIENTED_EDGE('',*,*,#1436,.T.);
#2882 = ORIENTED_EDGE('',*,*,#2273,.T.);
#2883 = ORIENTED_EDGE('',*,*,#2256,.F.);
#2884 = PLANE('',#2885);
#2885 = AXIS2_PLACEMENT_3D('',#2886,#2887,#2888);
#2886 = CARTESIAN_POINT('',(0.3,-1.5,8.5E-02));
#2887 = DIRECTION('',(0.,0.,1.));
#2888 = DIRECTION('',(1.,0.,-0.));
#2889 = ADVANCED_FACE('',(#2890),#2896,.F.);
#2890 = FACE_BOUND('',#2891,.F.);
#2891 = EDGE_LOOP('',(#2892,#2893,#2894,#2895));
#2892 = ORIENTED_EDGE('',*,*,#2297,.F.);
#2893 = ORIENTED_EDGE('',*,*,#1413,.T.);
#2894 = ORIENTED_EDGE('',*,*,#2350,.T.);
#2895 = ORIENTED_EDGE('',*,*,#2333,.F.);
#2896 = PLANE('',#2897);
#2897 = AXIS2_PLACEMENT_3D('',#2898,#2899,#2900);
#2898 = CARTESIAN_POINT('',(0.7,-1.5,8.5E-02));
#2899 = DIRECTION('',(0.,0.,1.));
#2900 = DIRECTION('',(1.,0.,-0.));
#2901 = ADVANCED_FACE('',(#2902),#2908,.F.);
#2902 = FACE_BOUND('',#2903,.F.);
#2903 = EDGE_LOOP('',(#2904,#2905,#2906,#2907));
#2904 = ORIENTED_EDGE('',*,*,#2718,.F.);
#2905 = ORIENTED_EDGE('',*,*,#2682,.T.);
#2906 = ORIENTED_EDGE('',*,*,#1630,.T.);
#2907 = ORIENTED_EDGE('',*,*,#2735,.F.);
#2908 = PLANE('',#2909);
#2909 = AXIS2_PLACEMENT_3D('',#2910,#2911,#2912);
#2910 = CARTESIAN_POINT('',(1.1,0.7,8.5E-02));
#2911 = DIRECTION('',(0.,0.,1.));
#2912 = DIRECTION('',(1.,0.,-0.));
#2913 = ADVANCED_FACE('',(#2914),#2920,.F.);
#2914 = FACE_BOUND('',#2915,.F.);
#2915 = EDGE_LOOP('',(#2916,#2917,#2918,#2919));
#2916 = ORIENTED_EDGE('',*,*,#2641,.F.);
#2917 = ORIENTED_EDGE('',*,*,#2605,.T.);
#2918 = ORIENTED_EDGE('',*,*,#1607,.T.);
#2919 = ORIENTED_EDGE('',*,*,#2658,.F.);
#2920 = PLANE('',#2921);
#2921 = AXIS2_PLACEMENT_3D('',#2922,#2923,#2924);
#2922 = CARTESIAN_POINT('',(1.1,0.3,8.5E-02));
#2923 = DIRECTION('',(0.,0.,1.));
#2924 = DIRECTION('',(1.,0.,-0.));
#2925 = ADVANCED_FACE('',(#2926),#2932,.F.);
#2926 = FACE_BOUND('',#2927,.F.);
#2927 = EDGE_LOOP('',(#2928,#2929,#2930,#2931));
#2928 = ORIENTED_EDGE('',*,*,#2564,.F.);
#2929 = ORIENTED_EDGE('',*,*,#2528,.T.);
#2930 = ORIENTED_EDGE('',*,*,#1584,.T.);
#2931 = ORIENTED_EDGE('',*,*,#2581,.F.);
#2932 = PLANE('',#2933);
#2933 = AXIS2_PLACEMENT_3D('',#2934,#2935,#2936);
#2934 = CARTESIAN_POINT('',(1.1,-0.1,8.5E-02));
#2935 = DIRECTION('',(0.,0.,1.));
#2936 = DIRECTION('',(1.,0.,-0.));
#2937 = ADVANCED_FACE('',(#2938),#2944,.F.);
#2938 = FACE_BOUND('',#2939,.F.);
#2939 = EDGE_LOOP('',(#2940,#2941,#2942,#2943));
#2940 = ORIENTED_EDGE('',*,*,#2487,.F.);
#2941 = ORIENTED_EDGE('',*,*,#2451,.T.);
#2942 = ORIENTED_EDGE('',*,*,#1561,.T.);
#2943 = ORIENTED_EDGE('',*,*,#2504,.F.);
#2944 = PLANE('',#2945);
#2945 = AXIS2_PLACEMENT_3D('',#2946,#2947,#2948);
#2946 = CARTESIAN_POINT('',(1.1,-0.5,8.5E-02));
#2947 = DIRECTION('',(0.,0.,1.));
#2948 = DIRECTION('',(1.,0.,-0.));
#2949 = ADVANCED_FACE('',(#2950),#2956,.F.);
#2950 = FACE_BOUND('',#2951,.F.);
#2951 = EDGE_LOOP('',(#2952,#2953,#2954,#2955));
#2952 = ORIENTED_EDGE('',*,*,#2410,.F.);
#2953 = ORIENTED_EDGE('',*,*,#2374,.T.);
#2954 = ORIENTED_EDGE('',*,*,#1538,.T.);
#2955 = ORIENTED_EDGE('',*,*,#2427,.F.);
#2956 = PLANE('',#2957);
#2957 = AXIS2_PLACEMENT_3D('',#2958,#2959,#2960);
#2958 = CARTESIAN_POINT('',(1.1,-0.9,8.5E-02));
#2959 = DIRECTION('',(0.,0.,1.));
#2960 = DIRECTION('',(1.,0.,-0.));
#2961 = ADVANCED_FACE('',(#2962),#2968,.F.);
#2962 = FACE_BOUND('',#2963,.F.);
#2963 = EDGE_LOOP('',(#2964,#2965,#2966,#2967));
#2964 = ORIENTED_EDGE('',*,*,#2831,.F.);
#2965 = ORIENTED_EDGE('',*,*,#2766,.T.);
#2966 = ORIENTED_EDGE('',*,*,#2790,.T.);
#2967 = ORIENTED_EDGE('',*,*,#2814,.F.);
#2968 = PLANE('',#2969);
#2969 = AXIS2_PLACEMENT_3D('',#2970,#2971,#2972);
#2970 = CARTESIAN_POINT('',(-0.85,-0.85,8.5E-02));
#2971 = DIRECTION('',(0.,0.,1.));
#2972 = DIRECTION('',(1.,0.,-0.));
#2973 = ( GEOMETRIC_REPRESENTATION_CONTEXT(3) 
GLOBAL_UNCERTAINTY_ASSIGNED_CONTEXT((#2977)) 
GLOBAL_UNIT_ASSIGNED_CONTEXT((#2974,#2975,#2976)) REPRESENTATION_CONTEXT
('Context #1','3D Context with UNIT and UNCERTAINTY') );
#2974 = ( LENGTH_UNIT() NAMED_UNIT(*) SI_UNIT(.MILLI.,.METRE.) );
#2975 = ( NAMED_UNIT(*) PLANE_ANGLE_UNIT() SI_UNIT($,.RADIAN.) );
#2976 = ( NAMED_UNIT(*) SI_UNIT($,.STERADIAN.) SOLID_ANGLE_UNIT() );
#2977 = UNCERTAINTY_MEASURE_WITH_UNIT(LENGTH_MEASURE(1.E-07),#2974,
  'distance_accuracy_value','confusion accuracy');
#2978 = CONTEXT_DEPENDENT_SHAPE_REPRESENTATION(#2979,#2981);
#2979 = ( REPRESENTATION_RELATIONSHIP('','',#40,#10) 
REPRESENTATION_RELATIONSHIP_WITH_TRANSFORMATION(#2980) 
SHAPE_REPRESENTATION_RELATIONSHIP() );
#2980 = ITEM_DEFINED_TRANSFORMATION('','',#11,#15);
#2981 = PRODUCT_DEFINITION_SHAPE('Placement','Placement of an item',
  #2982);
#2982 = NEXT_ASSEMBLY_USAGE_OCCURRENCE('37','body','',#5,#35,$);
#2983 = PRODUCT_RELATED_PRODUCT_CATEGORY('part',$,(#37));
#2984 = SHAPE_DEFINITION_REPRESENTATION(#2985,#2991);
#2985 = PRODUCT_DEFINITION_SHAPE('','',#2986);
#2986 = PRODUCT_DEFINITION('design','',#2987,#2990);
#2987 = PRODUCT_DEFINITION_FORMATION('','',#2988);
#2988 = PRODUCT('leads_20x','leads_20x','',(#2989));
#2989 = PRODUCT_CONTEXT('',#2,'mechanical');
#2990 = PRODUCT_DEFINITION_CONTEXT('part definition',#2,'design');
#2991 = SHAPE_REPRESENTATION('',(#11,#2992,#3142,#3292,#3442,#3592,#3742
    ,#3892,#4042,#4192,#4342,#4492,#4642,#4792,#4942,#5092,#5242,#5392,
    #5542,#5692,#5842),#5992);
#2992 = MANIFOLD_SOLID_BREP('',#2993);
#2993 = CLOSED_SHELL('',(#2994,#3034,#3074,#3096,#3118,#3130));
#2994 = ADVANCED_FACE('',(#2995),#3029,.F.);
#2995 = FACE_BOUND('',#2996,.F.);
#2996 = EDGE_LOOP('',(#2997,#3007,#3015,#3023));
#2997 = ORIENTED_EDGE('',*,*,#2998,.F.);
#2998 = EDGE_CURVE('',#2999,#3001,#3003,.T.);
#2999 = VERTEX_POINT('',#3000);
#3000 = CARTESIAN_POINT('',(1.1,-0.9,0.));
#3001 = VERTEX_POINT('',#3002);
#3002 = CARTESIAN_POINT('',(1.1,-0.9,8.5E-02));
#3003 = LINE('',#3004,#3005);
#3004 = CARTESIAN_POINT('',(1.1,-0.9,0.));
#3005 = VECTOR('',#3006,1.);
#3006 = DIRECTION('',(0.,0.,1.));
#3007 = ORIENTED_EDGE('',*,*,#3008,.T.);
#3008 = EDGE_CURVE('',#2999,#3009,#3011,.T.);
#3009 = VERTEX_POINT('',#3010);
#3010 = CARTESIAN_POINT('',(1.1,-0.7,0.));
#3011 = LINE('',#3012,#3013);
#3012 = CARTESIAN_POINT('',(1.1,-0.9,0.));
#3013 = VECTOR('',#3014,1.);
#3014 = DIRECTION('',(-0.,1.,0.));
#3015 = ORIENTED_EDGE('',*,*,#3016,.T.);
#3016 = EDGE_CURVE('',#3009,#3017,#3019,.T.);
#3017 = VERTEX_POINT('',#3018);
#3018 = CARTESIAN_POINT('',(1.1,-0.7,8.5E-02));
#3019 = LINE('',#3020,#3021);
#3020 = CARTESIAN_POINT('',(1.1,-0.7,0.));
#3021 = VECTOR('',#3022,1.);
#3022 = DIRECTION('',(0.,0.,1.));
#3023 = ORIENTED_EDGE('',*,*,#3024,.F.);
#3024 = EDGE_CURVE('',#3001,#3017,#3025,.T.);
#3025 = LINE('',#3026,#3027);
#3026 = CARTESIAN_POINT('',(1.1,-0.9,8.5E-02));
#3027 = VECTOR('',#3028,1.);
#3028 = DIRECTION('',(-0.,1.,0.));
#3029 = PLANE('',#3030);
#3030 = AXIS2_PLACEMENT_3D('',#3031,#3032,#3033);
#3031 = CARTESIAN_POINT('',(1.1,-0.9,0.));
#3032 = DIRECTION('',(1.,0.,-0.));
#3033 = DIRECTION('',(0.,0.,1.));
#3034 = ADVANCED_FACE('',(#3035),#3069,.T.);
#3035 = FACE_BOUND('',#3036,.T.);
#3036 = EDGE_LOOP('',(#3037,#3047,#3055,#3063));
#3037 = ORIENTED_EDGE('',*,*,#3038,.F.);
#3038 = EDGE_CURVE('',#3039,#3041,#3043,.T.);
#3039 = VERTEX_POINT('',#3040);
#3040 = CARTESIAN_POINT('',(1.5,-0.9,0.));
#3041 = VERTEX_POINT('',#3042);
#3042 = CARTESIAN_POINT('',(1.5,-0.9,8.5E-02));
#3043 = LINE('',#3044,#3045);
#3044 = CARTESIAN_POINT('',(1.5,-0.9,0.));
#3045 = VECTOR('',#3046,1.);
#3046 = DIRECTION('',(0.,0.,1.));
#3047 = ORIENTED_EDGE('',*,*,#3048,.T.);
#3048 = EDGE_CURVE('',#3039,#3049,#3051,.T.);
#3049 = VERTEX_POINT('',#3050);
#3050 = CARTESIAN_POINT('',(1.5,-0.7,0.));
#3051 = LINE('',#3052,#3053);
#3052 = CARTESIAN_POINT('',(1.5,-0.9,0.));
#3053 = VECTOR('',#3054,1.);
#3054 = DIRECTION('',(-0.,1.,0.));
#3055 = ORIENTED_EDGE('',*,*,#3056,.T.);
#3056 = EDGE_CURVE('',#3049,#3057,#3059,.T.);
#3057 = VERTEX_POINT('',#3058);
#3058 = CARTESIAN_POINT('',(1.5,-0.7,8.5E-02));
#3059 = LINE('',#3060,#3061);
#3060 = CARTESIAN_POINT('',(1.5,-0.7,0.));
#3061 = VECTOR('',#3062,1.);
#3062 = DIRECTION('',(0.,0.,1.));
#3063 = ORIENTED_EDGE('',*,*,#3064,.F.);
#3064 = EDGE_CURVE('',#3041,#3057,#3065,.T.);
#3065 = LINE('',#3066,#3067);
#3066 = CARTESIAN_POINT('',(1.5,-0.9,8.5E-02));
#3067 = VECTOR('',#3068,1.);
#3068 = DIRECTION('',(-0.,1.,0.));
#3069 = PLANE('',#3070);
#3070 = AXIS2_PLACEMENT_3D('',#3071,#3072,#3073);
#3071 = CARTESIAN_POINT('',(1.5,-0.9,0.));
#3072 = DIRECTION('',(1.,0.,-0.));
#3073 = DIRECTION('',(0.,0.,1.));
#3074 = ADVANCED_FACE('',(#3075),#3091,.F.);
#3075 = FACE_BOUND('',#3076,.F.);
#3076 = EDGE_LOOP('',(#3077,#3083,#3084,#3090));
#3077 = ORIENTED_EDGE('',*,*,#3078,.F.);
#3078 = EDGE_CURVE('',#2999,#3039,#3079,.T.);
#3079 = LINE('',#3080,#3081);
#3080 = CARTESIAN_POINT('',(1.1,-0.9,0.));
#3081 = VECTOR('',#3082,1.);
#3082 = DIRECTION('',(1.,0.,-0.));
#3083 = ORIENTED_EDGE('',*,*,#2998,.T.);
#3084 = ORIENTED_EDGE('',*,*,#3085,.T.);
#3085 = EDGE_CURVE('',#3001,#3041,#3086,.T.);
#3086 = LINE('',#3087,#3088);
#3087 = CARTESIAN_POINT('',(1.1,-0.9,8.5E-02));
#3088 = VECTOR('',#3089,1.);
#3089 = DIRECTION('',(1.,0.,-0.));
#3090 = ORIENTED_EDGE('',*,*,#3038,.F.);
#3091 = PLANE('',#3092);
#3092 = AXIS2_PLACEMENT_3D('',#3093,#3094,#3095);
#3093 = CARTESIAN_POINT('',(1.1,-0.9,0.));
#3094 = DIRECTION('',(-0.,1.,0.));
#3095 = DIRECTION('',(0.,0.,1.));
#3096 = ADVANCED_FACE('',(#3097),#3113,.T.);
#3097 = FACE_BOUND('',#3098,.T.);
#3098 = EDGE_LOOP('',(#3099,#3105,#3106,#3112));
#3099 = ORIENTED_EDGE('',*,*,#3100,.F.);
#3100 = EDGE_CURVE('',#3009,#3049,#3101,.T.);
#3101 = LINE('',#3102,#3103);
#3102 = CARTESIAN_POINT('',(1.1,-0.7,0.));
#3103 = VECTOR('',#3104,1.);
#3104 = DIRECTION('',(1.,0.,-0.));
#3105 = ORIENTED_EDGE('',*,*,#3016,.T.);
#3106 = ORIENTED_EDGE('',*,*,#3107,.T.);
#3107 = EDGE_CURVE('',#3017,#3057,#3108,.T.);
#3108 = LINE('',#3109,#3110);
#3109 = CARTESIAN_POINT('',(1.1,-0.7,8.5E-02));
#3110 = VECTOR('',#3111,1.);
#3111 = DIRECTION('',(1.,0.,-0.));
#3112 = ORIENTED_EDGE('',*,*,#3056,.F.);
#3113 = PLANE('',#3114);
#3114 = AXIS2_PLACEMENT_3D('',#3115,#3116,#3117);
#3115 = CARTESIAN_POINT('',(1.1,-0.7,0.));
#3116 = DIRECTION('',(-0.,1.,0.));
#3117 = DIRECTION('',(0.,0.,1.));
#3118 = ADVANCED_FACE('',(#3119),#3125,.F.);
#3119 = FACE_BOUND('',#3120,.F.);
#3120 = EDGE_LOOP('',(#3121,#3122,#3123,#3124));
#3121 = ORIENTED_EDGE('',*,*,#3008,.F.);
#3122 = ORIENTED_EDGE('',*,*,#3078,.T.);
#3123 = ORIENTED_EDGE('',*,*,#3048,.T.);
#3124 = ORIENTED_EDGE('',*,*,#3100,.F.);
#3125 = PLANE('',#3126);
#3126 = AXIS2_PLACEMENT_3D('',#3127,#3128,#3129);
#3127 = CARTESIAN_POINT('',(1.1,-0.9,0.));
#3128 = DIRECTION('',(0.,0.,1.));
#3129 = DIRECTION('',(1.,0.,-0.));
#3130 = ADVANCED_FACE('',(#3131),#3137,.T.);
#3131 = FACE_BOUND('',#3132,.T.);
#3132 = EDGE_LOOP('',(#3133,#3134,#3135,#3136));
#3133 = ORIENTED_EDGE('',*,*,#3024,.F.);
#3134 = ORIENTED_EDGE('',*,*,#3085,.T.);
#3135 = ORIENTED_EDGE('',*,*,#3064,.T.);
#3136 = ORIENTED_EDGE('',*,*,#3107,.F.);
#3137 = PLANE('',#3138);
#3138 = AXIS2_PLACEMENT_3D('',#3139,#3140,#3141);
#3139 = CARTESIAN_POINT('',(1.1,-0.9,8.5E-02));
#3140 = DIRECTION('',(0.,0.,1.));
#3141 = DIRECTION('',(1.,0.,-0.));
#3142 = MANIFOLD_SOLID_BREP('',#3143);
#3143 = CLOSED_SHELL('',(#3144,#3184,#3224,#3246,#3268,#3280));
#3144 = ADVANCED_FACE('',(#3145),#3179,.F.);
#3145 = FACE_BOUND('',#3146,.F.);
#3146 = EDGE_LOOP('',(#3147,#3157,#3165,#3173));
#3147 = ORIENTED_EDGE('',*,*,#3148,.F.);
#3148 = EDGE_CURVE('',#3149,#3151,#3153,.T.);
#3149 = VERTEX_POINT('',#3150);
#3150 = CARTESIAN_POINT('',(-1.5,-0.9,0.));
#3151 = VERTEX_POINT('',#3152);
#3152 = CARTESIAN_POINT('',(-1.5,-0.9,8.5E-02));
#3153 = LINE('',#3154,#3155);
#3154 = CARTESIAN_POINT('',(-1.5,-0.9,0.));
#3155 = VECTOR('',#3156,1.);
#3156 = DIRECTION('',(0.,0.,1.));
#3157 = ORIENTED_EDGE('',*,*,#3158,.T.);
#3158 = EDGE_CURVE('',#3149,#3159,#3161,.T.);
#3159 = VERTEX_POINT('',#3160);
#3160 = CARTESIAN_POINT('',(-1.5,-0.7,0.));
#3161 = LINE('',#3162,#3163);
#3162 = CARTESIAN_POINT('',(-1.5,-0.9,0.));
#3163 = VECTOR('',#3164,1.);
#3164 = DIRECTION('',(-0.,1.,0.));
#3165 = ORIENTED_EDGE('',*,*,#3166,.T.);
#3166 = EDGE_CURVE('',#3159,#3167,#3169,.T.);
#3167 = VERTEX_POINT('',#3168);
#3168 = CARTESIAN_POINT('',(-1.5,-0.7,8.5E-02));
#3169 = LINE('',#3170,#3171);
#3170 = CARTESIAN_POINT('',(-1.5,-0.7,0.));
#3171 = VECTOR('',#3172,1.);
#3172 = DIRECTION('',(0.,0.,1.));
#3173 = ORIENTED_EDGE('',*,*,#3174,.F.);
#3174 = EDGE_CURVE('',#3151,#3167,#3175,.T.);
#3175 = LINE('',#3176,#3177);
#3176 = CARTESIAN_POINT('',(-1.5,-0.9,8.5E-02));
#3177 = VECTOR('',#3178,1.);
#3178 = DIRECTION('',(-0.,1.,0.));
#3179 = PLANE('',#3180);
#3180 = AXIS2_PLACEMENT_3D('',#3181,#3182,#3183);
#3181 = CARTESIAN_POINT('',(-1.5,-0.9,0.));
#3182 = DIRECTION('',(1.,0.,-0.));
#3183 = DIRECTION('',(0.,0.,1.));
#3184 = ADVANCED_FACE('',(#3185),#3219,.T.);
#3185 = FACE_BOUND('',#3186,.T.);
#3186 = EDGE_LOOP('',(#3187,#3197,#3205,#3213));
#3187 = ORIENTED_EDGE('',*,*,#3188,.F.);
#3188 = EDGE_CURVE('',#3189,#3191,#3193,.T.);
#3189 = VERTEX_POINT('',#3190);
#3190 = CARTESIAN_POINT('',(-1.1,-0.9,0.));
#3191 = VERTEX_POINT('',#3192);
#3192 = CARTESIAN_POINT('',(-1.1,-0.9,8.5E-02));
#3193 = LINE('',#3194,#3195);
#3194 = CARTESIAN_POINT('',(-1.1,-0.9,0.));
#3195 = VECTOR('',#3196,1.);
#3196 = DIRECTION('',(0.,0.,1.));
#3197 = ORIENTED_EDGE('',*,*,#3198,.T.);
#3198 = EDGE_CURVE('',#3189,#3199,#3201,.T.);
#3199 = VERTEX_POINT('',#3200);
#3200 = CARTESIAN_POINT('',(-1.1,-0.7,0.));
#3201 = LINE('',#3202,#3203);
#3202 = CARTESIAN_POINT('',(-1.1,-0.9,0.));
#3203 = VECTOR('',#3204,1.);
#3204 = DIRECTION('',(-0.,1.,0.));
#3205 = ORIENTED_EDGE('',*,*,#3206,.T.);
#3206 = EDGE_CURVE('',#3199,#3207,#3209,.T.);
#3207 = VERTEX_POINT('',#3208);
#3208 = CARTESIAN_POINT('',(-1.1,-0.7,8.5E-02));
#3209 = LINE('',#3210,#3211);
#3210 = CARTESIAN_POINT('',(-1.1,-0.7,0.));
#3211 = VECTOR('',#3212,1.);
#3212 = DIRECTION('',(0.,0.,1.));
#3213 = ORIENTED_EDGE('',*,*,#3214,.F.);
#3214 = EDGE_CURVE('',#3191,#3207,#3215,.T.);
#3215 = LINE('',#3216,#3217);
#3216 = CARTESIAN_POINT('',(-1.1,-0.9,8.5E-02));
#3217 = VECTOR('',#3218,1.);
#3218 = DIRECTION('',(-0.,1.,0.));
#3219 = PLANE('',#3220);
#3220 = AXIS2_PLACEMENT_3D('',#3221,#3222,#3223);
#3221 = CARTESIAN_POINT('',(-1.1,-0.9,0.));
#3222 = DIRECTION('',(1.,0.,-0.));
#3223 = DIRECTION('',(0.,0.,1.));
#3224 = ADVANCED_FACE('',(#3225),#3241,.F.);
#3225 = FACE_BOUND('',#3226,.F.);
#3226 = EDGE_LOOP('',(#3227,#3233,#3234,#3240));
#3227 = ORIENTED_EDGE('',*,*,#3228,.F.);
#3228 = EDGE_CURVE('',#3149,#3189,#3229,.T.);
#3229 = LINE('',#3230,#3231);
#3230 = CARTESIAN_POINT('',(-1.5,-0.9,0.));
#3231 = VECTOR('',#3232,1.);
#3232 = DIRECTION('',(1.,0.,-0.));
#3233 = ORIENTED_EDGE('',*,*,#3148,.T.);
#3234 = ORIENTED_EDGE('',*,*,#3235,.T.);
#3235 = EDGE_CURVE('',#3151,#3191,#3236,.T.);
#3236 = LINE('',#3237,#3238);
#3237 = CARTESIAN_POINT('',(-1.5,-0.9,8.5E-02));
#3238 = VECTOR('',#3239,1.);
#3239 = DIRECTION('',(1.,0.,-0.));
#3240 = ORIENTED_EDGE('',*,*,#3188,.F.);
#3241 = PLANE('',#3242);
#3242 = AXIS2_PLACEMENT_3D('',#3243,#3244,#3245);
#3243 = CARTESIAN_POINT('',(-1.5,-0.9,0.));
#3244 = DIRECTION('',(-0.,1.,0.));
#3245 = DIRECTION('',(0.,0.,1.));
#3246 = ADVANCED_FACE('',(#3247),#3263,.T.);
#3247 = FACE_BOUND('',#3248,.T.);
#3248 = EDGE_LOOP('',(#3249,#3255,#3256,#3262));
#3249 = ORIENTED_EDGE('',*,*,#3250,.F.);
#3250 = EDGE_CURVE('',#3159,#3199,#3251,.T.);
#3251 = LINE('',#3252,#3253);
#3252 = CARTESIAN_POINT('',(-1.5,-0.7,0.));
#3253 = VECTOR('',#3254,1.);
#3254 = DIRECTION('',(1.,0.,-0.));
#3255 = ORIENTED_EDGE('',*,*,#3166,.T.);
#3256 = ORIENTED_EDGE('',*,*,#3257,.T.);
#3257 = EDGE_CURVE('',#3167,#3207,#3258,.T.);
#3258 = LINE('',#3259,#3260);
#3259 = CARTESIAN_POINT('',(-1.5,-0.7,8.5E-02));
#3260 = VECTOR('',#3261,1.);
#3261 = DIRECTION('',(1.,0.,-0.));
#3262 = ORIENTED_EDGE('',*,*,#3206,.F.);
#3263 = PLANE('',#3264);
#3264 = AXIS2_PLACEMENT_3D('',#3265,#3266,#3267);
#3265 = CARTESIAN_POINT('',(-1.5,-0.7,0.));
#3266 = DIRECTION('',(-0.,1.,0.));
#3267 = DIRECTION('',(0.,0.,1.));
#3268 = ADVANCED_FACE('',(#3269),#3275,.F.);
#3269 = FACE_BOUND('',#3270,.F.);
#3270 = EDGE_LOOP('',(#3271,#3272,#3273,#3274));
#3271 = ORIENTED_EDGE('',*,*,#3158,.F.);
#3272 = ORIENTED_EDGE('',*,*,#3228,.T.);
#3273 = ORIENTED_EDGE('',*,*,#3198,.T.);
#3274 = ORIENTED_EDGE('',*,*,#3250,.F.);
#3275 = PLANE('',#3276);
#3276 = AXIS2_PLACEMENT_3D('',#3277,#3278,#3279);
#3277 = CARTESIAN_POINT('',(-1.5,-0.9,0.));
#3278 = DIRECTION('',(0.,0.,1.));
#3279 = DIRECTION('',(1.,0.,-0.));
#3280 = ADVANCED_FACE('',(#3281),#3287,.T.);
#3281 = FACE_BOUND('',#3282,.T.);
#3282 = EDGE_LOOP('',(#3283,#3284,#3285,#3286));
#3283 = ORIENTED_EDGE('',*,*,#3174,.F.);
#3284 = ORIENTED_EDGE('',*,*,#3235,.T.);
#3285 = ORIENTED_EDGE('',*,*,#3214,.T.);
#3286 = ORIENTED_EDGE('',*,*,#3257,.F.);
#3287 = PLANE('',#3288);
#3288 = AXIS2_PLACEMENT_3D('',#3289,#3290,#3291);
#3289 = CARTESIAN_POINT('',(-1.5,-0.9,8.5E-02));
#3290 = DIRECTION('',(0.,0.,1.));
#3291 = DIRECTION('',(1.,0.,-0.));
#3292 = MANIFOLD_SOLID_BREP('',#3293);
#3293 = CLOSED_SHELL('',(#3294,#3334,#3374,#3396,#3418,#3430));
#3294 = ADVANCED_FACE('',(#3295),#3329,.F.);
#3295 = FACE_BOUND('',#3296,.F.);
#3296 = EDGE_LOOP('',(#3297,#3307,#3315,#3323));
#3297 = ORIENTED_EDGE('',*,*,#3298,.F.);
#3298 = EDGE_CURVE('',#3299,#3301,#3303,.T.);
#3299 = VERTEX_POINT('',#3300);
#3300 = CARTESIAN_POINT('',(-0.9,1.1,0.));
#3301 = VERTEX_POINT('',#3302);
#3302 = CARTESIAN_POINT('',(-0.9,1.1,8.5E-02));
#3303 = LINE('',#3304,#3305);
#3304 = CARTESIAN_POINT('',(-0.9,1.1,0.));
#3305 = VECTOR('',#3306,1.);
#3306 = DIRECTION('',(0.,0.,1.));
#3307 = ORIENTED_EDGE('',*,*,#3308,.T.);
#3308 = EDGE_CURVE('',#3299,#3309,#3311,.T.);
#3309 = VERTEX_POINT('',#3310);
#3310 = CARTESIAN_POINT('',(-0.9,1.5,0.));
#3311 = LINE('',#3312,#3313);
#3312 = CARTESIAN_POINT('',(-0.9,1.1,0.));
#3313 = VECTOR('',#3314,1.);
#3314 = DIRECTION('',(-0.,1.,0.));
#3315 = ORIENTED_EDGE('',*,*,#3316,.T.);
#3316 = EDGE_CURVE('',#3309,#3317,#3319,.T.);
#3317 = VERTEX_POINT('',#3318);
#3318 = CARTESIAN_POINT('',(-0.9,1.5,8.5E-02));
#3319 = LINE('',#3320,#3321);
#3320 = CARTESIAN_POINT('',(-0.9,1.5,0.));
#3321 = VECTOR('',#3322,1.);
#3322 = DIRECTION('',(0.,0.,1.));
#3323 = ORIENTED_EDGE('',*,*,#3324,.F.);
#3324 = EDGE_CURVE('',#3301,#3317,#3325,.T.);
#3325 = LINE('',#3326,#3327);
#3326 = CARTESIAN_POINT('',(-0.9,1.1,8.5E-02));
#3327 = VECTOR('',#3328,1.);
#3328 = DIRECTION('',(-0.,1.,0.));
#3329 = PLANE('',#3330);
#3330 = AXIS2_PLACEMENT_3D('',#3331,#3332,#3333);
#3331 = CARTESIAN_POINT('',(-0.9,1.1,0.));
#3332 = DIRECTION('',(1.,0.,-0.));
#3333 = DIRECTION('',(0.,0.,1.));
#3334 = ADVANCED_FACE('',(#3335),#3369,.T.);
#3335 = FACE_BOUND('',#3336,.T.);
#3336 = EDGE_LOOP('',(#3337,#3347,#3355,#3363));
#3337 = ORIENTED_EDGE('',*,*,#3338,.F.);
#3338 = EDGE_CURVE('',#3339,#3341,#3343,.T.);
#3339 = VERTEX_POINT('',#3340);
#3340 = CARTESIAN_POINT('',(-0.7,1.1,0.));
#3341 = VERTEX_POINT('',#3342);
#3342 = CARTESIAN_POINT('',(-0.7,1.1,8.5E-02));
#3343 = LINE('',#3344,#3345);
#3344 = CARTESIAN_POINT('',(-0.7,1.1,0.));
#3345 = VECTOR('',#3346,1.);
#3346 = DIRECTION('',(0.,0.,1.));
#3347 = ORIENTED_EDGE('',*,*,#3348,.T.);
#3348 = EDGE_CURVE('',#3339,#3349,#3351,.T.);
#3349 = VERTEX_POINT('',#3350);
#3350 = CARTESIAN_POINT('',(-0.7,1.5,0.));
#3351 = LINE('',#3352,#3353);
#3352 = CARTESIAN_POINT('',(-0.7,1.1,0.));
#3353 = VECTOR('',#3354,1.);
#3354 = DIRECTION('',(-0.,1.,0.));
#3355 = ORIENTED_EDGE('',*,*,#3356,.T.);
#3356 = EDGE_CURVE('',#3349,#3357,#3359,.T.);
#3357 = VERTEX_POINT('',#3358);
#3358 = CARTESIAN_POINT('',(-0.7,1.5,8.5E-02));
#3359 = LINE('',#3360,#3361);
#3360 = CARTESIAN_POINT('',(-0.7,1.5,0.));
#3361 = VECTOR('',#3362,1.);
#3362 = DIRECTION('',(0.,0.,1.));
#3363 = ORIENTED_EDGE('',*,*,#3364,.F.);
#3364 = EDGE_CURVE('',#3341,#3357,#3365,.T.);
#3365 = LINE('',#3366,#3367);
#3366 = CARTESIAN_POINT('',(-0.7,1.1,8.5E-02));
#3367 = VECTOR('',#3368,1.);
#3368 = DIRECTION('',(-0.,1.,0.));
#3369 = PLANE('',#3370);
#3370 = AXIS2_PLACEMENT_3D('',#3371,#3372,#3373);
#3371 = CARTESIAN_POINT('',(-0.7,1.1,0.));
#3372 = DIRECTION('',(1.,0.,-0.));
#3373 = DIRECTION('',(0.,0.,1.));
#3374 = ADVANCED_FACE('',(#3375),#3391,.F.);
#3375 = FACE_BOUND('',#3376,.F.);
#3376 = EDGE_LOOP('',(#3377,#3383,#3384,#3390));
#3377 = ORIENTED_EDGE('',*,*,#3378,.F.);
#3378 = EDGE_CURVE('',#3299,#3339,#3379,.T.);
#3379 = LINE('',#3380,#3381);
#3380 = CARTESIAN_POINT('',(-0.9,1.1,0.));
#3381 = VECTOR('',#3382,1.);
#3382 = DIRECTION('',(1.,0.,-0.));
#3383 = ORIENTED_EDGE('',*,*,#3298,.T.);
#3384 = ORIENTED_EDGE('',*,*,#3385,.T.);
#3385 = EDGE_CURVE('',#3301,#3341,#3386,.T.);
#3386 = LINE('',#3387,#3388);
#3387 = CARTESIAN_POINT('',(-0.9,1.1,8.5E-02));
#3388 = VECTOR('',#3389,1.);
#3389 = DIRECTION('',(1.,0.,-0.));
#3390 = ORIENTED_EDGE('',*,*,#3338,.F.);
#3391 = PLANE('',#3392);
#3392 = AXIS2_PLACEMENT_3D('',#3393,#3394,#3395);
#3393 = CARTESIAN_POINT('',(-0.9,1.1,0.));
#3394 = DIRECTION('',(-0.,1.,0.));
#3395 = DIRECTION('',(0.,0.,1.));
#3396 = ADVANCED_FACE('',(#3397),#3413,.T.);
#3397 = FACE_BOUND('',#3398,.T.);
#3398 = EDGE_LOOP('',(#3399,#3405,#3406,#3412));
#3399 = ORIENTED_EDGE('',*,*,#3400,.F.);
#3400 = EDGE_CURVE('',#3309,#3349,#3401,.T.);
#3401 = LINE('',#3402,#3403);
#3402 = CARTESIAN_POINT('',(-0.9,1.5,0.));
#3403 = VECTOR('',#3404,1.);
#3404 = DIRECTION('',(1.,0.,-0.));
#3405 = ORIENTED_EDGE('',*,*,#3316,.T.);
#3406 = ORIENTED_EDGE('',*,*,#3407,.T.);
#3407 = EDGE_CURVE('',#3317,#3357,#3408,.T.);
#3408 = LINE('',#3409,#3410);
#3409 = CARTESIAN_POINT('',(-0.9,1.5,8.5E-02));
#3410 = VECTOR('',#3411,1.);
#3411 = DIRECTION('',(1.,0.,-0.));
#3412 = ORIENTED_EDGE('',*,*,#3356,.F.);
#3413 = PLANE('',#3414);
#3414 = AXIS2_PLACEMENT_3D('',#3415,#3416,#3417);
#3415 = CARTESIAN_POINT('',(-0.9,1.5,0.));
#3416 = DIRECTION('',(-0.,1.,0.));
#3417 = DIRECTION('',(0.,0.,1.));
#3418 = ADVANCED_FACE('',(#3419),#3425,.F.);
#3419 = FACE_BOUND('',#3420,.F.);
#3420 = EDGE_LOOP('',(#3421,#3422,#3423,#3424));
#3421 = ORIENTED_EDGE('',*,*,#3308,.F.);
#3422 = ORIENTED_EDGE('',*,*,#3378,.T.);
#3423 = ORIENTED_EDGE('',*,*,#3348,.T.);
#3424 = ORIENTED_EDGE('',*,*,#3400,.F.);
#3425 = PLANE('',#3426);
#3426 = AXIS2_PLACEMENT_3D('',#3427,#3428,#3429);
#3427 = CARTESIAN_POINT('',(-0.9,1.1,0.));
#3428 = DIRECTION('',(0.,0.,1.));
#3429 = DIRECTION('',(1.,0.,-0.));
#3430 = ADVANCED_FACE('',(#3431),#3437,.T.);
#3431 = FACE_BOUND('',#3432,.T.);
#3432 = EDGE_LOOP('',(#3433,#3434,#3435,#3436));
#3433 = ORIENTED_EDGE('',*,*,#3324,.F.);
#3434 = ORIENTED_EDGE('',*,*,#3385,.T.);
#3435 = ORIENTED_EDGE('',*,*,#3364,.T.);
#3436 = ORIENTED_EDGE('',*,*,#3407,.F.);
#3437 = PLANE('',#3438);
#3438 = AXIS2_PLACEMENT_3D('',#3439,#3440,#3441);
#3439 = CARTESIAN_POINT('',(-0.9,1.1,8.5E-02));
#3440 = DIRECTION('',(0.,0.,1.));
#3441 = DIRECTION('',(1.,0.,-0.));
#3442 = MANIFOLD_SOLID_BREP('',#3443);
#3443 = CLOSED_SHELL('',(#3444,#3484,#3524,#3546,#3568,#3580));
#3444 = ADVANCED_FACE('',(#3445),#3479,.F.);
#3445 = FACE_BOUND('',#3446,.F.);
#3446 = EDGE_LOOP('',(#3447,#3457,#3465,#3473));
#3447 = ORIENTED_EDGE('',*,*,#3448,.F.);
#3448 = EDGE_CURVE('',#3449,#3451,#3453,.T.);
#3449 = VERTEX_POINT('',#3450);
#3450 = CARTESIAN_POINT('',(-0.9,-1.5,0.));
#3451 = VERTEX_POINT('',#3452);
#3452 = CARTESIAN_POINT('',(-0.9,-1.5,8.5E-02));
#3453 = LINE('',#3454,#3455);
#3454 = CARTESIAN_POINT('',(-0.9,-1.5,0.));
#3455 = VECTOR('',#3456,1.);
#3456 = DIRECTION('',(0.,0.,1.));
#3457 = ORIENTED_EDGE('',*,*,#3458,.T.);
#3458 = EDGE_CURVE('',#3449,#3459,#3461,.T.);
#3459 = VERTEX_POINT('',#3460);
#3460 = CARTESIAN_POINT('',(-0.9,-1.1,0.));
#3461 = LINE('',#3462,#3463);
#3462 = CARTESIAN_POINT('',(-0.9,-1.5,0.));
#3463 = VECTOR('',#3464,1.);
#3464 = DIRECTION('',(-0.,1.,0.));
#3465 = ORIENTED_EDGE('',*,*,#3466,.T.);
#3466 = EDGE_CURVE('',#3459,#3467,#3469,.T.);
#3467 = VERTEX_POINT('',#3468);
#3468 = CARTESIAN_POINT('',(-0.9,-1.1,8.5E-02));
#3469 = LINE('',#3470,#3471);
#3470 = CARTESIAN_POINT('',(-0.9,-1.1,0.));
#3471 = VECTOR('',#3472,1.);
#3472 = DIRECTION('',(0.,0.,1.));
#3473 = ORIENTED_EDGE('',*,*,#3474,.F.);
#3474 = EDGE_CURVE('',#3451,#3467,#3475,.T.);
#3475 = LINE('',#3476,#3477);
#3476 = CARTESIAN_POINT('',(-0.9,-1.5,8.5E-02));
#3477 = VECTOR('',#3478,1.);
#3478 = DIRECTION('',(-0.,1.,0.));
#3479 = PLANE('',#3480);
#3480 = AXIS2_PLACEMENT_3D('',#3481,#3482,#3483);
#3481 = CARTESIAN_POINT('',(-0.9,-1.5,0.));
#3482 = DIRECTION('',(1.,0.,-0.));
#3483 = DIRECTION('',(0.,0.,1.));
#3484 = ADVANCED_FACE('',(#3485),#3519,.T.);
#3485 = FACE_BOUND('',#3486,.T.);
#3486 = EDGE_LOOP('',(#3487,#3497,#3505,#3513));
#3487 = ORIENTED_EDGE('',*,*,#3488,.F.);
#3488 = EDGE_CURVE('',#3489,#3491,#3493,.T.);
#3489 = VERTEX_POINT('',#3490);
#3490 = CARTESIAN_POINT('',(-0.7,-1.5,0.));
#3491 = VERTEX_POINT('',#3492);
#3492 = CARTESIAN_POINT('',(-0.7,-1.5,8.5E-02));
#3493 = LINE('',#3494,#3495);
#3494 = CARTESIAN_POINT('',(-0.7,-1.5,0.));
#3495 = VECTOR('',#3496,1.);
#3496 = DIRECTION('',(0.,0.,1.));
#3497 = ORIENTED_EDGE('',*,*,#3498,.T.);
#3498 = EDGE_CURVE('',#3489,#3499,#3501,.T.);
#3499 = VERTEX_POINT('',#3500);
#3500 = CARTESIAN_POINT('',(-0.7,-1.1,0.));
#3501 = LINE('',#3502,#3503);
#3502 = CARTESIAN_POINT('',(-0.7,-1.5,0.));
#3503 = VECTOR('',#3504,1.);
#3504 = DIRECTION('',(-0.,1.,0.));
#3505 = ORIENTED_EDGE('',*,*,#3506,.T.);
#3506 = EDGE_CURVE('',#3499,#3507,#3509,.T.);
#3507 = VERTEX_POINT('',#3508);
#3508 = CARTESIAN_POINT('',(-0.7,-1.1,8.5E-02));
#3509 = LINE('',#3510,#3511);
#3510 = CARTESIAN_POINT('',(-0.7,-1.1,0.));
#3511 = VECTOR('',#3512,1.);
#3512 = DIRECTION('',(0.,0.,1.));
#3513 = ORIENTED_EDGE('',*,*,#3514,.F.);
#3514 = EDGE_CURVE('',#3491,#3507,#3515,.T.);
#3515 = LINE('',#3516,#3517);
#3516 = CARTESIAN_POINT('',(-0.7,-1.5,8.5E-02));
#3517 = VECTOR('',#3518,1.);
#3518 = DIRECTION('',(-0.,1.,0.));
#3519 = PLANE('',#3520);
#3520 = AXIS2_PLACEMENT_3D('',#3521,#3522,#3523);
#3521 = CARTESIAN_POINT('',(-0.7,-1.5,0.));
#3522 = DIRECTION('',(1.,0.,-0.));
#3523 = DIRECTION('',(0.,0.,1.));
#3524 = ADVANCED_FACE('',(#3525),#3541,.F.);
#3525 = FACE_BOUND('',#3526,.F.);
#3526 = EDGE_LOOP('',(#3527,#3533,#3534,#3540));
#3527 = ORIENTED_EDGE('',*,*,#3528,.F.);
#3528 = EDGE_CURVE('',#3449,#3489,#3529,.T.);
#3529 = LINE('',#3530,#3531);
#3530 = CARTESIAN_POINT('',(-0.9,-1.5,0.));
#3531 = VECTOR('',#3532,1.);
#3532 = DIRECTION('',(1.,0.,-0.));
#3533 = ORIENTED_EDGE('',*,*,#3448,.T.);
#3534 = ORIENTED_EDGE('',*,*,#3535,.T.);
#3535 = EDGE_CURVE('',#3451,#3491,#3536,.T.);
#3536 = LINE('',#3537,#3538);
#3537 = CARTESIAN_POINT('',(-0.9,-1.5,8.5E-02));
#3538 = VECTOR('',#3539,1.);
#3539 = DIRECTION('',(1.,0.,-0.));
#3540 = ORIENTED_EDGE('',*,*,#3488,.F.);
#3541 = PLANE('',#3542);
#3542 = AXIS2_PLACEMENT_3D('',#3543,#3544,#3545);
#3543 = CARTESIAN_POINT('',(-0.9,-1.5,0.));
#3544 = DIRECTION('',(-0.,1.,0.));
#3545 = DIRECTION('',(0.,0.,1.));
#3546 = ADVANCED_FACE('',(#3547),#3563,.T.);
#3547 = FACE_BOUND('',#3548,.T.);
#3548 = EDGE_LOOP('',(#3549,#3555,#3556,#3562));
#3549 = ORIENTED_EDGE('',*,*,#3550,.F.);
#3550 = EDGE_CURVE('',#3459,#3499,#3551,.T.);
#3551 = LINE('',#3552,#3553);
#3552 = CARTESIAN_POINT('',(-0.9,-1.1,0.));
#3553 = VECTOR('',#3554,1.);
#3554 = DIRECTION('',(1.,0.,-0.));
#3555 = ORIENTED_EDGE('',*,*,#3466,.T.);
#3556 = ORIENTED_EDGE('',*,*,#3557,.T.);
#3557 = EDGE_CURVE('',#3467,#3507,#3558,.T.);
#3558 = LINE('',#3559,#3560);
#3559 = CARTESIAN_POINT('',(-0.9,-1.1,8.5E-02));
#3560 = VECTOR('',#3561,1.);
#3561 = DIRECTION('',(1.,0.,-0.));
#3562 = ORIENTED_EDGE('',*,*,#3506,.F.);
#3563 = PLANE('',#3564);
#3564 = AXIS2_PLACEMENT_3D('',#3565,#3566,#3567);
#3565 = CARTESIAN_POINT('',(-0.9,-1.1,0.));
#3566 = DIRECTION('',(-0.,1.,0.));
#3567 = DIRECTION('',(0.,0.,1.));
#3568 = ADVANCED_FACE('',(#3569),#3575,.F.);
#3569 = FACE_BOUND('',#3570,.F.);
#3570 = EDGE_LOOP('',(#3571,#3572,#3573,#3574));
#3571 = ORIENTED_EDGE('',*,*,#3458,.F.);
#3572 = ORIENTED_EDGE('',*,*,#3528,.T.);
#3573 = ORIENTED_EDGE('',*,*,#3498,.T.);
#3574 = ORIENTED_EDGE('',*,*,#3550,.F.);
#3575 = PLANE('',#3576);
#3576 = AXIS2_PLACEMENT_3D('',#3577,#3578,#3579);
#3577 = CARTESIAN_POINT('',(-0.9,-1.5,0.));
#3578 = DIRECTION('',(0.,0.,1.));
#3579 = DIRECTION('',(1.,0.,-0.));
#3580 = ADVANCED_FACE('',(#3581),#3587,.T.);
#3581 = FACE_BOUND('',#3582,.T.);
#3582 = EDGE_LOOP('',(#3583,#3584,#3585,#3586));
#3583 = ORIENTED_EDGE('',*,*,#3474,.F.);
#3584 = ORIENTED_EDGE('',*,*,#3535,.T.);
#3585 = ORIENTED_EDGE('',*,*,#3514,.T.);
#3586 = ORIENTED_EDGE('',*,*,#3557,.F.);
#3587 = PLANE('',#3588);
#3588 = AXIS2_PLACEMENT_3D('',#3589,#3590,#3591);
#3589 = CARTESIAN_POINT('',(-0.9,-1.5,8.5E-02));
#3590 = DIRECTION('',(0.,0.,1.));
#3591 = DIRECTION('',(1.,0.,-0.));
#3592 = MANIFOLD_SOLID_BREP('',#3593);
#3593 = CLOSED_SHELL('',(#3594,#3634,#3674,#3696,#3718,#3730));
#3594 = ADVANCED_FACE('',(#3595),#3629,.F.);
#3595 = FACE_BOUND('',#3596,.F.);
#3596 = EDGE_LOOP('',(#3597,#3607,#3615,#3623));
#3597 = ORIENTED_EDGE('',*,*,#3598,.F.);
#3598 = EDGE_CURVE('',#3599,#3601,#3603,.T.);
#3599 = VERTEX_POINT('',#3600);
#3600 = CARTESIAN_POINT('',(1.1,-0.5,0.));
#3601 = VERTEX_POINT('',#3602);
#3602 = CARTESIAN_POINT('',(1.1,-0.5,8.5E-02));
#3603 = LINE('',#3604,#3605);
#3604 = CARTESIAN_POINT('',(1.1,-0.5,0.));
#3605 = VECTOR('',#3606,1.);
#3606 = DIRECTION('',(0.,0.,1.));
#3607 = ORIENTED_EDGE('',*,*,#3608,.T.);
#3608 = EDGE_CURVE('',#3599,#3609,#3611,.T.);
#3609 = VERTEX_POINT('',#3610);
#3610 = CARTESIAN_POINT('',(1.1,-0.3,0.));
#3611 = LINE('',#3612,#3613);
#3612 = CARTESIAN_POINT('',(1.1,-0.5,0.));
#3613 = VECTOR('',#3614,1.);
#3614 = DIRECTION('',(-0.,1.,0.));
#3615 = ORIENTED_EDGE('',*,*,#3616,.T.);
#3616 = EDGE_CURVE('',#3609,#3617,#3619,.T.);
#3617 = VERTEX_POINT('',#3618);
#3618 = CARTESIAN_POINT('',(1.1,-0.3,8.5E-02));
#3619 = LINE('',#3620,#3621);
#3620 = CARTESIAN_POINT('',(1.1,-0.3,0.));
#3621 = VECTOR('',#3622,1.);
#3622 = DIRECTION('',(0.,0.,1.));
#3623 = ORIENTED_EDGE('',*,*,#3624,.F.);
#3624 = EDGE_CURVE('',#3601,#3617,#3625,.T.);
#3625 = LINE('',#3626,#3627);
#3626 = CARTESIAN_POINT('',(1.1,-0.5,8.5E-02));
#3627 = VECTOR('',#3628,1.);
#3628 = DIRECTION('',(-0.,1.,0.));
#3629 = PLANE('',#3630);
#3630 = AXIS2_PLACEMENT_3D('',#3631,#3632,#3633);
#3631 = CARTESIAN_POINT('',(1.1,-0.5,0.));
#3632 = DIRECTION('',(1.,0.,-0.));
#3633 = DIRECTION('',(0.,0.,1.));
#3634 = ADVANCED_FACE('',(#3635),#3669,.T.);
#3635 = FACE_BOUND('',#3636,.T.);
#3636 = EDGE_LOOP('',(#3637,#3647,#3655,#3663));
#3637 = ORIENTED_EDGE('',*,*,#3638,.F.);
#3638 = EDGE_CURVE('',#3639,#3641,#3643,.T.);
#3639 = VERTEX_POINT('',#3640);
#3640 = CARTESIAN_POINT('',(1.5,-0.5,0.));
#3641 = VERTEX_POINT('',#3642);
#3642 = CARTESIAN_POINT('',(1.5,-0.5,8.5E-02));
#3643 = LINE('',#3644,#3645);
#3644 = CARTESIAN_POINT('',(1.5,-0.5,0.));
#3645 = VECTOR('',#3646,1.);
#3646 = DIRECTION('',(0.,0.,1.));
#3647 = ORIENTED_EDGE('',*,*,#3648,.T.);
#3648 = EDGE_CURVE('',#3639,#3649,#3651,.T.);
#3649 = VERTEX_POINT('',#3650);
#3650 = CARTESIAN_POINT('',(1.5,-0.3,0.));
#3651 = LINE('',#3652,#3653);
#3652 = CARTESIAN_POINT('',(1.5,-0.5,0.));
#3653 = VECTOR('',#3654,1.);
#3654 = DIRECTION('',(-0.,1.,0.));
#3655 = ORIENTED_EDGE('',*,*,#3656,.T.);
#3656 = EDGE_CURVE('',#3649,#3657,#3659,.T.);
#3657 = VERTEX_POINT('',#3658);
#3658 = CARTESIAN_POINT('',(1.5,-0.3,8.5E-02));
#3659 = LINE('',#3660,#3661);
#3660 = CARTESIAN_POINT('',(1.5,-0.3,0.));
#3661 = VECTOR('',#3662,1.);
#3662 = DIRECTION('',(0.,0.,1.));
#3663 = ORIENTED_EDGE('',*,*,#3664,.F.);
#3664 = EDGE_CURVE('',#3641,#3657,#3665,.T.);
#3665 = LINE('',#3666,#3667);
#3666 = CARTESIAN_POINT('',(1.5,-0.5,8.5E-02));
#3667 = VECTOR('',#3668,1.);
#3668 = DIRECTION('',(-0.,1.,0.));
#3669 = PLANE('',#3670);
#3670 = AXIS2_PLACEMENT_3D('',#3671,#3672,#3673);
#3671 = CARTESIAN_POINT('',(1.5,-0.5,0.));
#3672 = DIRECTION('',(1.,0.,-0.));
#3673 = DIRECTION('',(0.,0.,1.));
#3674 = ADVANCED_FACE('',(#3675),#3691,.F.);
#3675 = FACE_BOUND('',#3676,.F.);
#3676 = EDGE_LOOP('',(#3677,#3683,#3684,#3690));
#3677 = ORIENTED_EDGE('',*,*,#3678,.F.);
#3678 = EDGE_CURVE('',#3599,#3639,#3679,.T.);
#3679 = LINE('',#3680,#3681);
#3680 = CARTESIAN_POINT('',(1.1,-0.5,0.));
#3681 = VECTOR('',#3682,1.);
#3682 = DIRECTION('',(1.,0.,-0.));
#3683 = ORIENTED_EDGE('',*,*,#3598,.T.);
#3684 = ORIENTED_EDGE('',*,*,#3685,.T.);
#3685 = EDGE_CURVE('',#3601,#3641,#3686,.T.);
#3686 = LINE('',#3687,#3688);
#3687 = CARTESIAN_POINT('',(1.1,-0.5,8.5E-02));
#3688 = VECTOR('',#3689,1.);
#3689 = DIRECTION('',(1.,0.,-0.));
#3690 = ORIENTED_EDGE('',*,*,#3638,.F.);
#3691 = PLANE('',#3692);
#3692 = AXIS2_PLACEMENT_3D('',#3693,#3694,#3695);
#3693 = CARTESIAN_POINT('',(1.1,-0.5,0.));
#3694 = DIRECTION('',(-0.,1.,0.));
#3695 = DIRECTION('',(0.,0.,1.));
#3696 = ADVANCED_FACE('',(#3697),#3713,.T.);
#3697 = FACE_BOUND('',#3698,.T.);
#3698 = EDGE_LOOP('',(#3699,#3705,#3706,#3712));
#3699 = ORIENTED_EDGE('',*,*,#3700,.F.);
#3700 = EDGE_CURVE('',#3609,#3649,#3701,.T.);
#3701 = LINE('',#3702,#3703);
#3702 = CARTESIAN_POINT('',(1.1,-0.3,0.));
#3703 = VECTOR('',#3704,1.);
#3704 = DIRECTION('',(1.,0.,-0.));
#3705 = ORIENTED_EDGE('',*,*,#3616,.T.);
#3706 = ORIENTED_EDGE('',*,*,#3707,.T.);
#3707 = EDGE_CURVE('',#3617,#3657,#3708,.T.);
#3708 = LINE('',#3709,#3710);
#3709 = CARTESIAN_POINT('',(1.1,-0.3,8.5E-02));
#3710 = VECTOR('',#3711,1.);
#3711 = DIRECTION('',(1.,0.,-0.));
#3712 = ORIENTED_EDGE('',*,*,#3656,.F.);
#3713 = PLANE('',#3714);
#3714 = AXIS2_PLACEMENT_3D('',#3715,#3716,#3717);
#3715 = CARTESIAN_POINT('',(1.1,-0.3,0.));
#3716 = DIRECTION('',(-0.,1.,0.));
#3717 = DIRECTION('',(0.,0.,1.));
#3718 = ADVANCED_FACE('',(#3719),#3725,.F.);
#3719 = FACE_BOUND('',#3720,.F.);
#3720 = EDGE_LOOP('',(#3721,#3722,#3723,#3724));
#3721 = ORIENTED_EDGE('',*,*,#3608,.F.);
#3722 = ORIENTED_EDGE('',*,*,#3678,.T.);
#3723 = ORIENTED_EDGE('',*,*,#3648,.T.);
#3724 = ORIENTED_EDGE('',*,*,#3700,.F.);
#3725 = PLANE('',#3726);
#3726 = AXIS2_PLACEMENT_3D('',#3727,#3728,#3729);
#3727 = CARTESIAN_POINT('',(1.1,-0.5,0.));
#3728 = DIRECTION('',(0.,0.,1.));
#3729 = DIRECTION('',(1.,0.,-0.));
#3730 = ADVANCED_FACE('',(#3731),#3737,.T.);
#3731 = FACE_BOUND('',#3732,.T.);
#3732 = EDGE_LOOP('',(#3733,#3734,#3735,#3736));
#3733 = ORIENTED_EDGE('',*,*,#3624,.F.);
#3734 = ORIENTED_EDGE('',*,*,#3685,.T.);
#3735 = ORIENTED_EDGE('',*,*,#3664,.T.);
#3736 = ORIENTED_EDGE('',*,*,#3707,.F.);
#3737 = PLANE('',#3738);
#3738 = AXIS2_PLACEMENT_3D('',#3739,#3740,#3741);
#3739 = CARTESIAN_POINT('',(1.1,-0.5,8.5E-02));
#3740 = DIRECTION('',(0.,0.,1.));
#3741 = DIRECTION('',(1.,0.,-0.));
#3742 = MANIFOLD_SOLID_BREP('',#3743);
#3743 = CLOSED_SHELL('',(#3744,#3784,#3824,#3846,#3868,#3880));
#3744 = ADVANCED_FACE('',(#3745),#3779,.F.);
#3745 = FACE_BOUND('',#3746,.F.);
#3746 = EDGE_LOOP('',(#3747,#3757,#3765,#3773));
#3747 = ORIENTED_EDGE('',*,*,#3748,.F.);
#3748 = EDGE_CURVE('',#3749,#3751,#3753,.T.);
#3749 = VERTEX_POINT('',#3750);
#3750 = CARTESIAN_POINT('',(-1.5,-0.5,0.));
#3751 = VERTEX_POINT('',#3752);
#3752 = CARTESIAN_POINT('',(-1.5,-0.5,8.5E-02));
#3753 = LINE('',#3754,#3755);
#3754 = CARTESIAN_POINT('',(-1.5,-0.5,0.));
#3755 = VECTOR('',#3756,1.);
#3756 = DIRECTION('',(0.,0.,1.));
#3757 = ORIENTED_EDGE('',*,*,#3758,.T.);
#3758 = EDGE_CURVE('',#3749,#3759,#3761,.T.);
#3759 = VERTEX_POINT('',#3760);
#3760 = CARTESIAN_POINT('',(-1.5,-0.3,0.));
#3761 = LINE('',#3762,#3763);
#3762 = CARTESIAN_POINT('',(-1.5,-0.5,0.));
#3763 = VECTOR('',#3764,1.);
#3764 = DIRECTION('',(-0.,1.,0.));
#3765 = ORIENTED_EDGE('',*,*,#3766,.T.);
#3766 = EDGE_CURVE('',#3759,#3767,#3769,.T.);
#3767 = VERTEX_POINT('',#3768);
#3768 = CARTESIAN_POINT('',(-1.5,-0.3,8.5E-02));
#3769 = LINE('',#3770,#3771);
#3770 = CARTESIAN_POINT('',(-1.5,-0.3,0.));
#3771 = VECTOR('',#3772,1.);
#3772 = DIRECTION('',(0.,0.,1.));
#3773 = ORIENTED_EDGE('',*,*,#3774,.F.);
#3774 = EDGE_CURVE('',#3751,#3767,#3775,.T.);
#3775 = LINE('',#3776,#3777);
#3776 = CARTESIAN_POINT('',(-1.5,-0.5,8.5E-02));
#3777 = VECTOR('',#3778,1.);
#3778 = DIRECTION('',(-0.,1.,0.));
#3779 = PLANE('',#3780);
#3780 = AXIS2_PLACEMENT_3D('',#3781,#3782,#3783);
#3781 = CARTESIAN_POINT('',(-1.5,-0.5,0.));
#3782 = DIRECTION('',(1.,0.,-0.));
#3783 = DIRECTION('',(0.,0.,1.));
#3784 = ADVANCED_FACE('',(#3785),#3819,.T.);
#3785 = FACE_BOUND('',#3786,.T.);
#3786 = EDGE_LOOP('',(#3787,#3797,#3805,#3813));
#3787 = ORIENTED_EDGE('',*,*,#3788,.F.);
#3788 = EDGE_CURVE('',#3789,#3791,#3793,.T.);
#3789 = VERTEX_POINT('',#3790);
#3790 = CARTESIAN_POINT('',(-1.1,-0.5,0.));
#3791 = VERTEX_POINT('',#3792);
#3792 = CARTESIAN_POINT('',(-1.1,-0.5,8.5E-02));
#3793 = LINE('',#3794,#3795);
#3794 = CARTESIAN_POINT('',(-1.1,-0.5,0.));
#3795 = VECTOR('',#3796,1.);
#3796 = DIRECTION('',(0.,0.,1.));
#3797 = ORIENTED_EDGE('',*,*,#3798,.T.);
#3798 = EDGE_CURVE('',#3789,#3799,#3801,.T.);
#3799 = VERTEX_POINT('',#3800);
#3800 = CARTESIAN_POINT('',(-1.1,-0.3,0.));
#3801 = LINE('',#3802,#3803);
#3802 = CARTESIAN_POINT('',(-1.1,-0.5,0.));
#3803 = VECTOR('',#3804,1.);
#3804 = DIRECTION('',(-0.,1.,0.));
#3805 = ORIENTED_EDGE('',*,*,#3806,.T.);
#3806 = EDGE_CURVE('',#3799,#3807,#3809,.T.);
#3807 = VERTEX_POINT('',#3808);
#3808 = CARTESIAN_POINT('',(-1.1,-0.3,8.5E-02));
#3809 = LINE('',#3810,#3811);
#3810 = CARTESIAN_POINT('',(-1.1,-0.3,0.));
#3811 = VECTOR('',#3812,1.);
#3812 = DIRECTION('',(0.,0.,1.));
#3813 = ORIENTED_EDGE('',*,*,#3814,.F.);
#3814 = EDGE_CURVE('',#3791,#3807,#3815,.T.);
#3815 = LINE('',#3816,#3817);
#3816 = CARTESIAN_POINT('',(-1.1,-0.5,8.5E-02));
#3817 = VECTOR('',#3818,1.);
#3818 = DIRECTION('',(-0.,1.,0.));
#3819 = PLANE('',#3820);
#3820 = AXIS2_PLACEMENT_3D('',#3821,#3822,#3823);
#3821 = CARTESIAN_POINT('',(-1.1,-0.5,0.));
#3822 = DIRECTION('',(1.,0.,-0.));
#3823 = DIRECTION('',(0.,0.,1.));
#3824 = ADVANCED_FACE('',(#3825),#3841,.F.);
#3825 = FACE_BOUND('',#3826,.F.);
#3826 = EDGE_LOOP('',(#3827,#3833,#3834,#3840));
#3827 = ORIENTED_EDGE('',*,*,#3828,.F.);
#3828 = EDGE_CURVE('',#3749,#3789,#3829,.T.);
#3829 = LINE('',#3830,#3831);
#3830 = CARTESIAN_POINT('',(-1.5,-0.5,0.));
#3831 = VECTOR('',#3832,1.);
#3832 = DIRECTION('',(1.,0.,-0.));
#3833 = ORIENTED_EDGE('',*,*,#3748,.T.);
#3834 = ORIENTED_EDGE('',*,*,#3835,.T.);
#3835 = EDGE_CURVE('',#3751,#3791,#3836,.T.);
#3836 = LINE('',#3837,#3838);
#3837 = CARTESIAN_POINT('',(-1.5,-0.5,8.5E-02));
#3838 = VECTOR('',#3839,1.);
#3839 = DIRECTION('',(1.,0.,-0.));
#3840 = ORIENTED_EDGE('',*,*,#3788,.F.);
#3841 = PLANE('',#3842);
#3842 = AXIS2_PLACEMENT_3D('',#3843,#3844,#3845);
#3843 = CARTESIAN_POINT('',(-1.5,-0.5,0.));
#3844 = DIRECTION('',(-0.,1.,0.));
#3845 = DIRECTION('',(0.,0.,1.));
#3846 = ADVANCED_FACE('',(#3847),#3863,.T.);
#3847 = FACE_BOUND('',#3848,.T.);
#3848 = EDGE_LOOP('',(#3849,#3855,#3856,#3862));
#3849 = ORIENTED_EDGE('',*,*,#3850,.F.);
#3850 = EDGE_CURVE('',#3759,#3799,#3851,.T.);
#3851 = LINE('',#3852,#3853);
#3852 = CARTESIAN_POINT('',(-1.5,-0.3,0.));
#3853 = VECTOR('',#3854,1.);
#3854 = DIRECTION('',(1.,0.,-0.));
#3855 = ORIENTED_EDGE('',*,*,#3766,.T.);
#3856 = ORIENTED_EDGE('',*,*,#3857,.T.);
#3857 = EDGE_CURVE('',#3767,#3807,#3858,.T.);
#3858 = LINE('',#3859,#3860);
#3859 = CARTESIAN_POINT('',(-1.5,-0.3,8.5E-02));
#3860 = VECTOR('',#3861,1.);
#3861 = DIRECTION('',(1.,0.,-0.));
#3862 = ORIENTED_EDGE('',*,*,#3806,.F.);
#3863 = PLANE('',#3864);
#3864 = AXIS2_PLACEMENT_3D('',#3865,#3866,#3867);
#3865 = CARTESIAN_POINT('',(-1.5,-0.3,0.));
#3866 = DIRECTION('',(-0.,1.,0.));
#3867 = DIRECTION('',(0.,0.,1.));
#3868 = ADVANCED_FACE('',(#3869),#3875,.F.);
#3869 = FACE_BOUND('',#3870,.F.);
#3870 = EDGE_LOOP('',(#3871,#3872,#3873,#3874));
#3871 = ORIENTED_EDGE('',*,*,#3758,.F.);
#3872 = ORIENTED_EDGE('',*,*,#3828,.T.);
#3873 = ORIENTED_EDGE('',*,*,#3798,.T.);
#3874 = ORIENTED_EDGE('',*,*,#3850,.F.);
#3875 = PLANE('',#3876);
#3876 = AXIS2_PLACEMENT_3D('',#3877,#3878,#3879);
#3877 = CARTESIAN_POINT('',(-1.5,-0.5,0.));
#3878 = DIRECTION('',(0.,0.,1.));
#3879 = DIRECTION('',(1.,0.,-0.));
#3880 = ADVANCED_FACE('',(#3881),#3887,.T.);
#3881 = FACE_BOUND('',#3882,.T.);
#3882 = EDGE_LOOP('',(#3883,#3884,#3885,#3886));
#3883 = ORIENTED_EDGE('',*,*,#3774,.F.);
#3884 = ORIENTED_EDGE('',*,*,#3835,.T.);
#3885 = ORIENTED_EDGE('',*,*,#3814,.T.);
#3886 = ORIENTED_EDGE('',*,*,#3857,.F.);
#3887 = PLANE('',#3888);
#3888 = AXIS2_PLACEMENT_3D('',#3889,#3890,#3891);
#3889 = CARTESIAN_POINT('',(-1.5,-0.5,8.5E-02));
#3890 = DIRECTION('',(0.,0.,1.));
#3891 = DIRECTION('',(1.,0.,-0.));
#3892 = MANIFOLD_SOLID_BREP('',#3893);
#3893 = CLOSED_SHELL('',(#3894,#3934,#3974,#3996,#4018,#4030));
#3894 = ADVANCED_FACE('',(#3895),#3929,.F.);
#3895 = FACE_BOUND('',#3896,.F.);
#3896 = EDGE_LOOP('',(#3897,#3907,#3915,#3923));
#3897 = ORIENTED_EDGE('',*,*,#3898,.F.);
#3898 = EDGE_CURVE('',#3899,#3901,#3903,.T.);
#3899 = VERTEX_POINT('',#3900);
#3900 = CARTESIAN_POINT('',(-0.5,1.1,0.));
#3901 = VERTEX_POINT('',#3902);
#3902 = CARTESIAN_POINT('',(-0.5,1.1,8.5E-02));
#3903 = LINE('',#3904,#3905);
#3904 = CARTESIAN_POINT('',(-0.5,1.1,0.));
#3905 = VECTOR('',#3906,1.);
#3906 = DIRECTION('',(0.,0.,1.));
#3907 = ORIENTED_EDGE('',*,*,#3908,.T.);
#3908 = EDGE_CURVE('',#3899,#3909,#3911,.T.);
#3909 = VERTEX_POINT('',#3910);
#3910 = CARTESIAN_POINT('',(-0.5,1.5,0.));
#3911 = LINE('',#3912,#3913);
#3912 = CARTESIAN_POINT('',(-0.5,1.1,0.));
#3913 = VECTOR('',#3914,1.);
#3914 = DIRECTION('',(-0.,1.,0.));
#3915 = ORIENTED_EDGE('',*,*,#3916,.T.);
#3916 = EDGE_CURVE('',#3909,#3917,#3919,.T.);
#3917 = VERTEX_POINT('',#3918);
#3918 = CARTESIAN_POINT('',(-0.5,1.5,8.5E-02));
#3919 = LINE('',#3920,#3921);
#3920 = CARTESIAN_POINT('',(-0.5,1.5,0.));
#3921 = VECTOR('',#3922,1.);
#3922 = DIRECTION('',(0.,0.,1.));
#3923 = ORIENTED_EDGE('',*,*,#3924,.F.);
#3924 = EDGE_CURVE('',#3901,#3917,#3925,.T.);
#3925 = LINE('',#3926,#3927);
#3926 = CARTESIAN_POINT('',(-0.5,1.1,8.5E-02));
#3927 = VECTOR('',#3928,1.);
#3928 = DIRECTION('',(-0.,1.,0.));
#3929 = PLANE('',#3930);
#3930 = AXIS2_PLACEMENT_3D('',#3931,#3932,#3933);
#3931 = CARTESIAN_POINT('',(-0.5,1.1,0.));
#3932 = DIRECTION('',(1.,0.,-0.));
#3933 = DIRECTION('',(0.,0.,1.));
#3934 = ADVANCED_FACE('',(#3935),#3969,.T.);
#3935 = FACE_BOUND('',#3936,.T.);
#3936 = EDGE_LOOP('',(#3937,#3947,#3955,#3963));
#3937 = ORIENTED_EDGE('',*,*,#3938,.F.);
#3938 = EDGE_CURVE('',#3939,#3941,#3943,.T.);
#3939 = VERTEX_POINT('',#3940);
#3940 = CARTESIAN_POINT('',(-0.3,1.1,0.));
#3941 = VERTEX_POINT('',#3942);
#3942 = CARTESIAN_POINT('',(-0.3,1.1,8.5E-02));
#3943 = LINE('',#3944,#3945);
#3944 = CARTESIAN_POINT('',(-0.3,1.1,0.));
#3945 = VECTOR('',#3946,1.);
#3946 = DIRECTION('',(0.,0.,1.));
#3947 = ORIENTED_EDGE('',*,*,#3948,.T.);
#3948 = EDGE_CURVE('',#3939,#3949,#3951,.T.);
#3949 = VERTEX_POINT('',#3950);
#3950 = CARTESIAN_POINT('',(-0.3,1.5,0.));
#3951 = LINE('',#3952,#3953);
#3952 = CARTESIAN_POINT('',(-0.3,1.1,0.));
#3953 = VECTOR('',#3954,1.);
#3954 = DIRECTION('',(-0.,1.,0.));
#3955 = ORIENTED_EDGE('',*,*,#3956,.T.);
#3956 = EDGE_CURVE('',#3949,#3957,#3959,.T.);
#3957 = VERTEX_POINT('',#3958);
#3958 = CARTESIAN_POINT('',(-0.3,1.5,8.5E-02));
#3959 = LINE('',#3960,#3961);
#3960 = CARTESIAN_POINT('',(-0.3,1.5,0.));
#3961 = VECTOR('',#3962,1.);
#3962 = DIRECTION('',(0.,0.,1.));
#3963 = ORIENTED_EDGE('',*,*,#3964,.F.);
#3964 = EDGE_CURVE('',#3941,#3957,#3965,.T.);
#3965 = LINE('',#3966,#3967);
#3966 = CARTESIAN_POINT('',(-0.3,1.1,8.5E-02));
#3967 = VECTOR('',#3968,1.);
#3968 = DIRECTION('',(-0.,1.,0.));
#3969 = PLANE('',#3970);
#3970 = AXIS2_PLACEMENT_3D('',#3971,#3972,#3973);
#3971 = CARTESIAN_POINT('',(-0.3,1.1,0.));
#3972 = DIRECTION('',(1.,0.,-0.));
#3973 = DIRECTION('',(0.,0.,1.));
#3974 = ADVANCED_FACE('',(#3975),#3991,.F.);
#3975 = FACE_BOUND('',#3976,.F.);
#3976 = EDGE_LOOP('',(#3977,#3983,#3984,#3990));
#3977 = ORIENTED_EDGE('',*,*,#3978,.F.);
#3978 = EDGE_CURVE('',#3899,#3939,#3979,.T.);
#3979 = LINE('',#3980,#3981);
#3980 = CARTESIAN_POINT('',(-0.5,1.1,0.));
#3981 = VECTOR('',#3982,1.);
#3982 = DIRECTION('',(1.,0.,-0.));
#3983 = ORIENTED_EDGE('',*,*,#3898,.T.);
#3984 = ORIENTED_EDGE('',*,*,#3985,.T.);
#3985 = EDGE_CURVE('',#3901,#3941,#3986,.T.);
#3986 = LINE('',#3987,#3988);
#3987 = CARTESIAN_POINT('',(-0.5,1.1,8.5E-02));
#3988 = VECTOR('',#3989,1.);
#3989 = DIRECTION('',(1.,0.,-0.));
#3990 = ORIENTED_EDGE('',*,*,#3938,.F.);
#3991 = PLANE('',#3992);
#3992 = AXIS2_PLACEMENT_3D('',#3993,#3994,#3995);
#3993 = CARTESIAN_POINT('',(-0.5,1.1,0.));
#3994 = DIRECTION('',(-0.,1.,0.));
#3995 = DIRECTION('',(0.,0.,1.));
#3996 = ADVANCED_FACE('',(#3997),#4013,.T.);
#3997 = FACE_BOUND('',#3998,.T.);
#3998 = EDGE_LOOP('',(#3999,#4005,#4006,#4012));
#3999 = ORIENTED_EDGE('',*,*,#4000,.F.);
#4000 = EDGE_CURVE('',#3909,#3949,#4001,.T.);
#4001 = LINE('',#4002,#4003);
#4002 = CARTESIAN_POINT('',(-0.5,1.5,0.));
#4003 = VECTOR('',#4004,1.);
#4004 = DIRECTION('',(1.,0.,-0.));
#4005 = ORIENTED_EDGE('',*,*,#3916,.T.);
#4006 = ORIENTED_EDGE('',*,*,#4007,.T.);
#4007 = EDGE_CURVE('',#3917,#3957,#4008,.T.);
#4008 = LINE('',#4009,#4010);
#4009 = CARTESIAN_POINT('',(-0.5,1.5,8.5E-02));
#4010 = VECTOR('',#4011,1.);
#4011 = DIRECTION('',(1.,0.,-0.));
#4012 = ORIENTED_EDGE('',*,*,#3956,.F.);
#4013 = PLANE('',#4014);
#4014 = AXIS2_PLACEMENT_3D('',#4015,#4016,#4017);
#4015 = CARTESIAN_POINT('',(-0.5,1.5,0.));
#4016 = DIRECTION('',(-0.,1.,0.));
#4017 = DIRECTION('',(0.,0.,1.));
#4018 = ADVANCED_FACE('',(#4019),#4025,.F.);
#4019 = FACE_BOUND('',#4020,.F.);
#4020 = EDGE_LOOP('',(#4021,#4022,#4023,#4024));
#4021 = ORIENTED_EDGE('',*,*,#3908,.F.);
#4022 = ORIENTED_EDGE('',*,*,#3978,.T.);
#4023 = ORIENTED_EDGE('',*,*,#3948,.T.);
#4024 = ORIENTED_EDGE('',*,*,#4000,.F.);
#4025 = PLANE('',#4026);
#4026 = AXIS2_PLACEMENT_3D('',#4027,#4028,#4029);
#4027 = CARTESIAN_POINT('',(-0.5,1.1,0.));
#4028 = DIRECTION('',(0.,0.,1.));
#4029 = DIRECTION('',(1.,0.,-0.));
#4030 = ADVANCED_FACE('',(#4031),#4037,.T.);
#4031 = FACE_BOUND('',#4032,.T.);
#4032 = EDGE_LOOP('',(#4033,#4034,#4035,#4036));
#4033 = ORIENTED_EDGE('',*,*,#3924,.F.);
#4034 = ORIENTED_EDGE('',*,*,#3985,.T.);
#4035 = ORIENTED_EDGE('',*,*,#3964,.T.);
#4036 = ORIENTED_EDGE('',*,*,#4007,.F.);
#4037 = PLANE('',#4038);
#4038 = AXIS2_PLACEMENT_3D('',#4039,#4040,#4041);
#4039 = CARTESIAN_POINT('',(-0.5,1.1,8.5E-02));
#4040 = DIRECTION('',(0.,0.,1.));
#4041 = DIRECTION('',(1.,0.,-0.));
#4042 = MANIFOLD_SOLID_BREP('',#4043);
#4043 = CLOSED_SHELL('',(#4044,#4084,#4124,#4146,#4168,#4180));
#4044 = ADVANCED_FACE('',(#4045),#4079,.F.);
#4045 = FACE_BOUND('',#4046,.F.);
#4046 = EDGE_LOOP('',(#4047,#4057,#4065,#4073));
#4047 = ORIENTED_EDGE('',*,*,#4048,.F.);
#4048 = EDGE_CURVE('',#4049,#4051,#4053,.T.);
#4049 = VERTEX_POINT('',#4050);
#4050 = CARTESIAN_POINT('',(-0.5,-1.5,0.));
#4051 = VERTEX_POINT('',#4052);
#4052 = CARTESIAN_POINT('',(-0.5,-1.5,8.5E-02));
#4053 = LINE('',#4054,#4055);
#4054 = CARTESIAN_POINT('',(-0.5,-1.5,0.));
#4055 = VECTOR('',#4056,1.);
#4056 = DIRECTION('',(0.,0.,1.));
#4057 = ORIENTED_EDGE('',*,*,#4058,.T.);
#4058 = EDGE_CURVE('',#4049,#4059,#4061,.T.);
#4059 = VERTEX_POINT('',#4060);
#4060 = CARTESIAN_POINT('',(-0.5,-1.1,0.));
#4061 = LINE('',#4062,#4063);
#4062 = CARTESIAN_POINT('',(-0.5,-1.5,0.));
#4063 = VECTOR('',#4064,1.);
#4064 = DIRECTION('',(-0.,1.,0.));
#4065 = ORIENTED_EDGE('',*,*,#4066,.T.);
#4066 = EDGE_CURVE('',#4059,#4067,#4069,.T.);
#4067 = VERTEX_POINT('',#4068);
#4068 = CARTESIAN_POINT('',(-0.5,-1.1,8.5E-02));
#4069 = LINE('',#4070,#4071);
#4070 = CARTESIAN_POINT('',(-0.5,-1.1,0.));
#4071 = VECTOR('',#4072,1.);
#4072 = DIRECTION('',(0.,0.,1.));
#4073 = ORIENTED_EDGE('',*,*,#4074,.F.);
#4074 = EDGE_CURVE('',#4051,#4067,#4075,.T.);
#4075 = LINE('',#4076,#4077);
#4076 = CARTESIAN_POINT('',(-0.5,-1.5,8.5E-02));
#4077 = VECTOR('',#4078,1.);
#4078 = DIRECTION('',(-0.,1.,0.));
#4079 = PLANE('',#4080);
#4080 = AXIS2_PLACEMENT_3D('',#4081,#4082,#4083);
#4081 = CARTESIAN_POINT('',(-0.5,-1.5,0.));
#4082 = DIRECTION('',(1.,0.,-0.));
#4083 = DIRECTION('',(0.,0.,1.));
#4084 = ADVANCED_FACE('',(#4085),#4119,.T.);
#4085 = FACE_BOUND('',#4086,.T.);
#4086 = EDGE_LOOP('',(#4087,#4097,#4105,#4113));
#4087 = ORIENTED_EDGE('',*,*,#4088,.F.);
#4088 = EDGE_CURVE('',#4089,#4091,#4093,.T.);
#4089 = VERTEX_POINT('',#4090);
#4090 = CARTESIAN_POINT('',(-0.3,-1.5,0.));
#4091 = VERTEX_POINT('',#4092);
#4092 = CARTESIAN_POINT('',(-0.3,-1.5,8.5E-02));
#4093 = LINE('',#4094,#4095);
#4094 = CARTESIAN_POINT('',(-0.3,-1.5,0.));
#4095 = VECTOR('',#4096,1.);
#4096 = DIRECTION('',(0.,0.,1.));
#4097 = ORIENTED_EDGE('',*,*,#4098,.T.);
#4098 = EDGE_CURVE('',#4089,#4099,#4101,.T.);
#4099 = VERTEX_POINT('',#4100);
#4100 = CARTESIAN_POINT('',(-0.3,-1.1,0.));
#4101 = LINE('',#4102,#4103);
#4102 = CARTESIAN_POINT('',(-0.3,-1.5,0.));
#4103 = VECTOR('',#4104,1.);
#4104 = DIRECTION('',(-0.,1.,0.));
#4105 = ORIENTED_EDGE('',*,*,#4106,.T.);
#4106 = EDGE_CURVE('',#4099,#4107,#4109,.T.);
#4107 = VERTEX_POINT('',#4108);
#4108 = CARTESIAN_POINT('',(-0.3,-1.1,8.5E-02));
#4109 = LINE('',#4110,#4111);
#4110 = CARTESIAN_POINT('',(-0.3,-1.1,0.));
#4111 = VECTOR('',#4112,1.);
#4112 = DIRECTION('',(0.,0.,1.));
#4113 = ORIENTED_EDGE('',*,*,#4114,.F.);
#4114 = EDGE_CURVE('',#4091,#4107,#4115,.T.);
#4115 = LINE('',#4116,#4117);
#4116 = CARTESIAN_POINT('',(-0.3,-1.5,8.5E-02));
#4117 = VECTOR('',#4118,1.);
#4118 = DIRECTION('',(-0.,1.,0.));
#4119 = PLANE('',#4120);
#4120 = AXIS2_PLACEMENT_3D('',#4121,#4122,#4123);
#4121 = CARTESIAN_POINT('',(-0.3,-1.5,0.));
#4122 = DIRECTION('',(1.,0.,-0.));
#4123 = DIRECTION('',(0.,0.,1.));
#4124 = ADVANCED_FACE('',(#4125),#4141,.F.);
#4125 = FACE_BOUND('',#4126,.F.);
#4126 = EDGE_LOOP('',(#4127,#4133,#4134,#4140));
#4127 = ORIENTED_EDGE('',*,*,#4128,.F.);
#4128 = EDGE_CURVE('',#4049,#4089,#4129,.T.);
#4129 = LINE('',#4130,#4131);
#4130 = CARTESIAN_POINT('',(-0.5,-1.5,0.));
#4131 = VECTOR('',#4132,1.);
#4132 = DIRECTION('',(1.,0.,-0.));
#4133 = ORIENTED_EDGE('',*,*,#4048,.T.);
#4134 = ORIENTED_EDGE('',*,*,#4135,.T.);
#4135 = EDGE_CURVE('',#4051,#4091,#4136,.T.);
#4136 = LINE('',#4137,#4138);
#4137 = CARTESIAN_POINT('',(-0.5,-1.5,8.5E-02));
#4138 = VECTOR('',#4139,1.);
#4139 = DIRECTION('',(1.,0.,-0.));
#4140 = ORIENTED_EDGE('',*,*,#4088,.F.);
#4141 = PLANE('',#4142);
#4142 = AXIS2_PLACEMENT_3D('',#4143,#4144,#4145);
#4143 = CARTESIAN_POINT('',(-0.5,-1.5,0.));
#4144 = DIRECTION('',(-0.,1.,0.));
#4145 = DIRECTION('',(0.,0.,1.));
#4146 = ADVANCED_FACE('',(#4147),#4163,.T.);
#4147 = FACE_BOUND('',#4148,.T.);
#4148 = EDGE_LOOP('',(#4149,#4155,#4156,#4162));
#4149 = ORIENTED_EDGE('',*,*,#4150,.F.);
#4150 = EDGE_CURVE('',#4059,#4099,#4151,.T.);
#4151 = LINE('',#4152,#4153);
#4152 = CARTESIAN_POINT('',(-0.5,-1.1,0.));
#4153 = VECTOR('',#4154,1.);
#4154 = DIRECTION('',(1.,0.,-0.));
#4155 = ORIENTED_EDGE('',*,*,#4066,.T.);
#4156 = ORIENTED_EDGE('',*,*,#4157,.T.);
#4157 = EDGE_CURVE('',#4067,#4107,#4158,.T.);
#4158 = LINE('',#4159,#4160);
#4159 = CARTESIAN_POINT('',(-0.5,-1.1,8.5E-02));
#4160 = VECTOR('',#4161,1.);
#4161 = DIRECTION('',(1.,0.,-0.));
#4162 = ORIENTED_EDGE('',*,*,#4106,.F.);
#4163 = PLANE('',#4164);
#4164 = AXIS2_PLACEMENT_3D('',#4165,#4166,#4167);
#4165 = CARTESIAN_POINT('',(-0.5,-1.1,0.));
#4166 = DIRECTION('',(-0.,1.,0.));
#4167 = DIRECTION('',(0.,0.,1.));
#4168 = ADVANCED_FACE('',(#4169),#4175,.F.);
#4169 = FACE_BOUND('',#4170,.F.);
#4170 = EDGE_LOOP('',(#4171,#4172,#4173,#4174));
#4171 = ORIENTED_EDGE('',*,*,#4058,.F.);
#4172 = ORIENTED_EDGE('',*,*,#4128,.T.);
#4173 = ORIENTED_EDGE('',*,*,#4098,.T.);
#4174 = ORIENTED_EDGE('',*,*,#4150,.F.);
#4175 = PLANE('',#4176);
#4176 = AXIS2_PLACEMENT_3D('',#4177,#4178,#4179);
#4177 = CARTESIAN_POINT('',(-0.5,-1.5,0.));
#4178 = DIRECTION('',(0.,0.,1.));
#4179 = DIRECTION('',(1.,0.,-0.));
#4180 = ADVANCED_FACE('',(#4181),#4187,.T.);
#4181 = FACE_BOUND('',#4182,.T.);
#4182 = EDGE_LOOP('',(#4183,#4184,#4185,#4186));
#4183 = ORIENTED_EDGE('',*,*,#4074,.F.);
#4184 = ORIENTED_EDGE('',*,*,#4135,.T.);
#4185 = ORIENTED_EDGE('',*,*,#4114,.T.);
#4186 = ORIENTED_EDGE('',*,*,#4157,.F.);
#4187 = PLANE('',#4188);
#4188 = AXIS2_PLACEMENT_3D('',#4189,#4190,#4191);
#4189 = CARTESIAN_POINT('',(-0.5,-1.5,8.5E-02));
#4190 = DIRECTION('',(0.,0.,1.));
#4191 = DIRECTION('',(1.,0.,-0.));
#4192 = MANIFOLD_SOLID_BREP('',#4193);
#4193 = CLOSED_SHELL('',(#4194,#4234,#4274,#4296,#4318,#4330));
#4194 = ADVANCED_FACE('',(#4195),#4229,.F.);
#4195 = FACE_BOUND('',#4196,.F.);
#4196 = EDGE_LOOP('',(#4197,#4207,#4215,#4223));
#4197 = ORIENTED_EDGE('',*,*,#4198,.F.);
#4198 = EDGE_CURVE('',#4199,#4201,#4203,.T.);
#4199 = VERTEX_POINT('',#4200);
#4200 = CARTESIAN_POINT('',(1.1,-0.1,0.));
#4201 = VERTEX_POINT('',#4202);
#4202 = CARTESIAN_POINT('',(1.1,-0.1,8.5E-02));
#4203 = LINE('',#4204,#4205);
#4204 = CARTESIAN_POINT('',(1.1,-0.1,0.));
#4205 = VECTOR('',#4206,1.);
#4206 = DIRECTION('',(0.,0.,1.));
#4207 = ORIENTED_EDGE('',*,*,#4208,.T.);
#4208 = EDGE_CURVE('',#4199,#4209,#4211,.T.);
#4209 = VERTEX_POINT('',#4210);
#4210 = CARTESIAN_POINT('',(1.1,0.1,0.));
#4211 = LINE('',#4212,#4213);
#4212 = CARTESIAN_POINT('',(1.1,-0.1,0.));
#4213 = VECTOR('',#4214,1.);
#4214 = DIRECTION('',(-0.,1.,0.));
#4215 = ORIENTED_EDGE('',*,*,#4216,.T.);
#4216 = EDGE_CURVE('',#4209,#4217,#4219,.T.);
#4217 = VERTEX_POINT('',#4218);
#4218 = CARTESIAN_POINT('',(1.1,0.1,8.5E-02));
#4219 = LINE('',#4220,#4221);
#4220 = CARTESIAN_POINT('',(1.1,0.1,0.));
#4221 = VECTOR('',#4222,1.);
#4222 = DIRECTION('',(0.,0.,1.));
#4223 = ORIENTED_EDGE('',*,*,#4224,.F.);
#4224 = EDGE_CURVE('',#4201,#4217,#4225,.T.);
#4225 = LINE('',#4226,#4227);
#4226 = CARTESIAN_POINT('',(1.1,-0.1,8.5E-02));
#4227 = VECTOR('',#4228,1.);
#4228 = DIRECTION('',(-0.,1.,0.));
#4229 = PLANE('',#4230);
#4230 = AXIS2_PLACEMENT_3D('',#4231,#4232,#4233);
#4231 = CARTESIAN_POINT('',(1.1,-0.1,0.));
#4232 = DIRECTION('',(1.,0.,-0.));
#4233 = DIRECTION('',(0.,0.,1.));
#4234 = ADVANCED_FACE('',(#4235),#4269,.T.);
#4235 = FACE_BOUND('',#4236,.T.);
#4236 = EDGE_LOOP('',(#4237,#4247,#4255,#4263));
#4237 = ORIENTED_EDGE('',*,*,#4238,.F.);
#4238 = EDGE_CURVE('',#4239,#4241,#4243,.T.);
#4239 = VERTEX_POINT('',#4240);
#4240 = CARTESIAN_POINT('',(1.5,-0.1,0.));
#4241 = VERTEX_POINT('',#4242);
#4242 = CARTESIAN_POINT('',(1.5,-0.1,8.5E-02));
#4243 = LINE('',#4244,#4245);
#4244 = CARTESIAN_POINT('',(1.5,-0.1,0.));
#4245 = VECTOR('',#4246,1.);
#4246 = DIRECTION('',(0.,0.,1.));
#4247 = ORIENTED_EDGE('',*,*,#4248,.T.);
#4248 = EDGE_CURVE('',#4239,#4249,#4251,.T.);
#4249 = VERTEX_POINT('',#4250);
#4250 = CARTESIAN_POINT('',(1.5,0.1,0.));
#4251 = LINE('',#4252,#4253);
#4252 = CARTESIAN_POINT('',(1.5,-0.1,0.));
#4253 = VECTOR('',#4254,1.);
#4254 = DIRECTION('',(-0.,1.,0.));
#4255 = ORIENTED_EDGE('',*,*,#4256,.T.);
#4256 = EDGE_CURVE('',#4249,#4257,#4259,.T.);
#4257 = VERTEX_POINT('',#4258);
#4258 = CARTESIAN_POINT('',(1.5,0.1,8.5E-02));
#4259 = LINE('',#4260,#4261);
#4260 = CARTESIAN_POINT('',(1.5,0.1,0.));
#4261 = VECTOR('',#4262,1.);
#4262 = DIRECTION('',(0.,0.,1.));
#4263 = ORIENTED_EDGE('',*,*,#4264,.F.);
#4264 = EDGE_CURVE('',#4241,#4257,#4265,.T.);
#4265 = LINE('',#4266,#4267);
#4266 = CARTESIAN_POINT('',(1.5,-0.1,8.5E-02));
#4267 = VECTOR('',#4268,1.);
#4268 = DIRECTION('',(-0.,1.,0.));
#4269 = PLANE('',#4270);
#4270 = AXIS2_PLACEMENT_3D('',#4271,#4272,#4273);
#4271 = CARTESIAN_POINT('',(1.5,-0.1,0.));
#4272 = DIRECTION('',(1.,0.,-0.));
#4273 = DIRECTION('',(0.,0.,1.));
#4274 = ADVANCED_FACE('',(#4275),#4291,.F.);
#4275 = FACE_BOUND('',#4276,.F.);
#4276 = EDGE_LOOP('',(#4277,#4283,#4284,#4290));
#4277 = ORIENTED_EDGE('',*,*,#4278,.F.);
#4278 = EDGE_CURVE('',#4199,#4239,#4279,.T.);
#4279 = LINE('',#4280,#4281);
#4280 = CARTESIAN_POINT('',(1.1,-0.1,0.));
#4281 = VECTOR('',#4282,1.);
#4282 = DIRECTION('',(1.,0.,-0.));
#4283 = ORIENTED_EDGE('',*,*,#4198,.T.);
#4284 = ORIENTED_EDGE('',*,*,#4285,.T.);
#4285 = EDGE_CURVE('',#4201,#4241,#4286,.T.);
#4286 = LINE('',#4287,#4288);
#4287 = CARTESIAN_POINT('',(1.1,-0.1,8.5E-02));
#4288 = VECTOR('',#4289,1.);
#4289 = DIRECTION('',(1.,0.,-0.));
#4290 = ORIENTED_EDGE('',*,*,#4238,.F.);
#4291 = PLANE('',#4292);
#4292 = AXIS2_PLACEMENT_3D('',#4293,#4294,#4295);
#4293 = CARTESIAN_POINT('',(1.1,-0.1,0.));
#4294 = DIRECTION('',(-0.,1.,0.));
#4295 = DIRECTION('',(0.,0.,1.));
#4296 = ADVANCED_FACE('',(#4297),#4313,.T.);
#4297 = FACE_BOUND('',#4298,.T.);
#4298 = EDGE_LOOP('',(#4299,#4305,#4306,#4312));
#4299 = ORIENTED_EDGE('',*,*,#4300,.F.);
#4300 = EDGE_CURVE('',#4209,#4249,#4301,.T.);
#4301 = LINE('',#4302,#4303);
#4302 = CARTESIAN_POINT('',(1.1,0.1,0.));
#4303 = VECTOR('',#4304,1.);
#4304 = DIRECTION('',(1.,0.,-0.));
#4305 = ORIENTED_EDGE('',*,*,#4216,.T.);
#4306 = ORIENTED_EDGE('',*,*,#4307,.T.);
#4307 = EDGE_CURVE('',#4217,#4257,#4308,.T.);
#4308 = LINE('',#4309,#4310);
#4309 = CARTESIAN_POINT('',(1.1,0.1,8.5E-02));
#4310 = VECTOR('',#4311,1.);
#4311 = DIRECTION('',(1.,0.,-0.));
#4312 = ORIENTED_EDGE('',*,*,#4256,.F.);
#4313 = PLANE('',#4314);
#4314 = AXIS2_PLACEMENT_3D('',#4315,#4316,#4317);
#4315 = CARTESIAN_POINT('',(1.1,0.1,0.));
#4316 = DIRECTION('',(-0.,1.,0.));
#4317 = DIRECTION('',(0.,0.,1.));
#4318 = ADVANCED_FACE('',(#4319),#4325,.F.);
#4319 = FACE_BOUND('',#4320,.F.);
#4320 = EDGE_LOOP('',(#4321,#4322,#4323,#4324));
#4321 = ORIENTED_EDGE('',*,*,#4208,.F.);
#4322 = ORIENTED_EDGE('',*,*,#4278,.T.);
#4323 = ORIENTED_EDGE('',*,*,#4248,.T.);
#4324 = ORIENTED_EDGE('',*,*,#4300,.F.);
#4325 = PLANE('',#4326);
#4326 = AXIS2_PLACEMENT_3D('',#4327,#4328,#4329);
#4327 = CARTESIAN_POINT('',(1.1,-0.1,0.));
#4328 = DIRECTION('',(0.,0.,1.));
#4329 = DIRECTION('',(1.,0.,-0.));
#4330 = ADVANCED_FACE('',(#4331),#4337,.T.);
#4331 = FACE_BOUND('',#4332,.T.);
#4332 = EDGE_LOOP('',(#4333,#4334,#4335,#4336));
#4333 = ORIENTED_EDGE('',*,*,#4224,.F.);
#4334 = ORIENTED_EDGE('',*,*,#4285,.T.);
#4335 = ORIENTED_EDGE('',*,*,#4264,.T.);
#4336 = ORIENTED_EDGE('',*,*,#4307,.F.);
#4337 = PLANE('',#4338);
#4338 = AXIS2_PLACEMENT_3D('',#4339,#4340,#4341);
#4339 = CARTESIAN_POINT('',(1.1,-0.1,8.5E-02));
#4340 = DIRECTION('',(0.,0.,1.));
#4341 = DIRECTION('',(1.,0.,-0.));
#4342 = MANIFOLD_SOLID_BREP('',#4343);
#4343 = CLOSED_SHELL('',(#4344,#4384,#4424,#4446,#4468,#4480));
#4344 = ADVANCED_FACE('',(#4345),#4379,.F.);
#4345 = FACE_BOUND('',#4346,.F.);
#4346 = EDGE_LOOP('',(#4347,#4357,#4365,#4373));
#4347 = ORIENTED_EDGE('',*,*,#4348,.F.);
#4348 = EDGE_CURVE('',#4349,#4351,#4353,.T.);
#4349 = VERTEX_POINT('',#4350);
#4350 = CARTESIAN_POINT('',(-1.5,-0.1,0.));
#4351 = VERTEX_POINT('',#4352);
#4352 = CARTESIAN_POINT('',(-1.5,-0.1,8.5E-02));
#4353 = LINE('',#4354,#4355);
#4354 = CARTESIAN_POINT('',(-1.5,-0.1,0.));
#4355 = VECTOR('',#4356,1.);
#4356 = DIRECTION('',(0.,0.,1.));
#4357 = ORIENTED_EDGE('',*,*,#4358,.T.);
#4358 = EDGE_CURVE('',#4349,#4359,#4361,.T.);
#4359 = VERTEX_POINT('',#4360);
#4360 = CARTESIAN_POINT('',(-1.5,0.1,0.));
#4361 = LINE('',#4362,#4363);
#4362 = CARTESIAN_POINT('',(-1.5,-0.1,0.));
#4363 = VECTOR('',#4364,1.);
#4364 = DIRECTION('',(-0.,1.,0.));
#4365 = ORIENTED_EDGE('',*,*,#4366,.T.);
#4366 = EDGE_CURVE('',#4359,#4367,#4369,.T.);
#4367 = VERTEX_POINT('',#4368);
#4368 = CARTESIAN_POINT('',(-1.5,0.1,8.5E-02));
#4369 = LINE('',#4370,#4371);
#4370 = CARTESIAN_POINT('',(-1.5,0.1,0.));
#4371 = VECTOR('',#4372,1.);
#4372 = DIRECTION('',(0.,0.,1.));
#4373 = ORIENTED_EDGE('',*,*,#4374,.F.);
#4374 = EDGE_CURVE('',#4351,#4367,#4375,.T.);
#4375 = LINE('',#4376,#4377);
#4376 = CARTESIAN_POINT('',(-1.5,-0.1,8.5E-02));
#4377 = VECTOR('',#4378,1.);
#4378 = DIRECTION('',(-0.,1.,0.));
#4379 = PLANE('',#4380);
#4380 = AXIS2_PLACEMENT_3D('',#4381,#4382,#4383);
#4381 = CARTESIAN_POINT('',(-1.5,-0.1,0.));
#4382 = DIRECTION('',(1.,0.,-0.));
#4383 = DIRECTION('',(0.,0.,1.));
#4384 = ADVANCED_FACE('',(#4385),#4419,.T.);
#4385 = FACE_BOUND('',#4386,.T.);
#4386 = EDGE_LOOP('',(#4387,#4397,#4405,#4413));
#4387 = ORIENTED_EDGE('',*,*,#4388,.F.);
#4388 = EDGE_CURVE('',#4389,#4391,#4393,.T.);
#4389 = VERTEX_POINT('',#4390);
#4390 = CARTESIAN_POINT('',(-1.1,-0.1,0.));
#4391 = VERTEX_POINT('',#4392);
#4392 = CARTESIAN_POINT('',(-1.1,-0.1,8.5E-02));
#4393 = LINE('',#4394,#4395);
#4394 = CARTESIAN_POINT('',(-1.1,-0.1,0.));
#4395 = VECTOR('',#4396,1.);
#4396 = DIRECTION('',(0.,0.,1.));
#4397 = ORIENTED_EDGE('',*,*,#4398,.T.);
#4398 = EDGE_CURVE('',#4389,#4399,#4401,.T.);
#4399 = VERTEX_POINT('',#4400);
#4400 = CARTESIAN_POINT('',(-1.1,0.1,0.));
#4401 = LINE('',#4402,#4403);
#4402 = CARTESIAN_POINT('',(-1.1,-0.1,0.));
#4403 = VECTOR('',#4404,1.);
#4404 = DIRECTION('',(-0.,1.,0.));
#4405 = ORIENTED_EDGE('',*,*,#4406,.T.);
#4406 = EDGE_CURVE('',#4399,#4407,#4409,.T.);
#4407 = VERTEX_POINT('',#4408);
#4408 = CARTESIAN_POINT('',(-1.1,0.1,8.5E-02));
#4409 = LINE('',#4410,#4411);
#4410 = CARTESIAN_POINT('',(-1.1,0.1,0.));
#4411 = VECTOR('',#4412,1.);
#4412 = DIRECTION('',(0.,0.,1.));
#4413 = ORIENTED_EDGE('',*,*,#4414,.F.);
#4414 = EDGE_CURVE('',#4391,#4407,#4415,.T.);
#4415 = LINE('',#4416,#4417);
#4416 = CARTESIAN_POINT('',(-1.1,-0.1,8.5E-02));
#4417 = VECTOR('',#4418,1.);
#4418 = DIRECTION('',(-0.,1.,0.));
#4419 = PLANE('',#4420);
#4420 = AXIS2_PLACEMENT_3D('',#4421,#4422,#4423);
#4421 = CARTESIAN_POINT('',(-1.1,-0.1,0.));
#4422 = DIRECTION('',(1.,0.,-0.));
#4423 = DIRECTION('',(0.,0.,1.));
#4424 = ADVANCED_FACE('',(#4425),#4441,.F.);
#4425 = FACE_BOUND('',#4426,.F.);
#4426 = EDGE_LOOP('',(#4427,#4433,#4434,#4440));
#4427 = ORIENTED_EDGE('',*,*,#4428,.F.);
#4428 = EDGE_CURVE('',#4349,#4389,#4429,.T.);
#4429 = LINE('',#4430,#4431);
#4430 = CARTESIAN_POINT('',(-1.5,-0.1,0.));
#4431 = VECTOR('',#4432,1.);
#4432 = DIRECTION('',(1.,0.,-0.));
#4433 = ORIENTED_EDGE('',*,*,#4348,.T.);
#4434 = ORIENTED_EDGE('',*,*,#4435,.T.);
#4435 = EDGE_CURVE('',#4351,#4391,#4436,.T.);
#4436 = LINE('',#4437,#4438);
#4437 = CARTESIAN_POINT('',(-1.5,-0.1,8.5E-02));
#4438 = VECTOR('',#4439,1.);
#4439 = DIRECTION('',(1.,0.,-0.));
#4440 = ORIENTED_EDGE('',*,*,#4388,.F.);
#4441 = PLANE('',#4442);
#4442 = AXIS2_PLACEMENT_3D('',#4443,#4444,#4445);
#4443 = CARTESIAN_POINT('',(-1.5,-0.1,0.));
#4444 = DIRECTION('',(-0.,1.,0.));
#4445 = DIRECTION('',(0.,0.,1.));
#4446 = ADVANCED_FACE('',(#4447),#4463,.T.);
#4447 = FACE_BOUND('',#4448,.T.);
#4448 = EDGE_LOOP('',(#4449,#4455,#4456,#4462));
#4449 = ORIENTED_EDGE('',*,*,#4450,.F.);
#4450 = EDGE_CURVE('',#4359,#4399,#4451,.T.);
#4451 = LINE('',#4452,#4453);
#4452 = CARTESIAN_POINT('',(-1.5,0.1,0.));
#4453 = VECTOR('',#4454,1.);
#4454 = DIRECTION('',(1.,0.,-0.));
#4455 = ORIENTED_EDGE('',*,*,#4366,.T.);
#4456 = ORIENTED_EDGE('',*,*,#4457,.T.);
#4457 = EDGE_CURVE('',#4367,#4407,#4458,.T.);
#4458 = LINE('',#4459,#4460);
#4459 = CARTESIAN_POINT('',(-1.5,0.1,8.5E-02));
#4460 = VECTOR('',#4461,1.);
#4461 = DIRECTION('',(1.,0.,-0.));
#4462 = ORIENTED_EDGE('',*,*,#4406,.F.);
#4463 = PLANE('',#4464);
#4464 = AXIS2_PLACEMENT_3D('',#4465,#4466,#4467);
#4465 = CARTESIAN_POINT('',(-1.5,0.1,0.));
#4466 = DIRECTION('',(-0.,1.,0.));
#4467 = DIRECTION('',(0.,0.,1.));
#4468 = ADVANCED_FACE('',(#4469),#4475,.F.);
#4469 = FACE_BOUND('',#4470,.F.);
#4470 = EDGE_LOOP('',(#4471,#4472,#4473,#4474));
#4471 = ORIENTED_EDGE('',*,*,#4358,.F.);
#4472 = ORIENTED_EDGE('',*,*,#4428,.T.);
#4473 = ORIENTED_EDGE('',*,*,#4398,.T.);
#4474 = ORIENTED_EDGE('',*,*,#4450,.F.);
#4475 = PLANE('',#4476);
#4476 = AXIS2_PLACEMENT_3D('',#4477,#4478,#4479);
#4477 = CARTESIAN_POINT('',(-1.5,-0.1,0.));
#4478 = DIRECTION('',(0.,0.,1.));
#4479 = DIRECTION('',(1.,0.,-0.));
#4480 = ADVANCED_FACE('',(#4481),#4487,.T.);
#4481 = FACE_BOUND('',#4482,.T.);
#4482 = EDGE_LOOP('',(#4483,#4484,#4485,#4486));
#4483 = ORIENTED_EDGE('',*,*,#4374,.F.);
#4484 = ORIENTED_EDGE('',*,*,#4435,.T.);
#4485 = ORIENTED_EDGE('',*,*,#4414,.T.);
#4486 = ORIENTED_EDGE('',*,*,#4457,.F.);
#4487 = PLANE('',#4488);
#4488 = AXIS2_PLACEMENT_3D('',#4489,#4490,#4491);
#4489 = CARTESIAN_POINT('',(-1.5,-0.1,8.5E-02));
#4490 = DIRECTION('',(0.,0.,1.));
#4491 = DIRECTION('',(1.,0.,-0.));
#4492 = MANIFOLD_SOLID_BREP('',#4493);
#4493 = CLOSED_SHELL('',(#4494,#4534,#4574,#4596,#4618,#4630));
#4494 = ADVANCED_FACE('',(#4495),#4529,.F.);
#4495 = FACE_BOUND('',#4496,.F.);
#4496 = EDGE_LOOP('',(#4497,#4507,#4515,#4523));
#4497 = ORIENTED_EDGE('',*,*,#4498,.F.);
#4498 = EDGE_CURVE('',#4499,#4501,#4503,.T.);
#4499 = VERTEX_POINT('',#4500);
#4500 = CARTESIAN_POINT('',(-0.1,1.1,0.));
#4501 = VERTEX_POINT('',#4502);
#4502 = CARTESIAN_POINT('',(-0.1,1.1,8.5E-02));
#4503 = LINE('',#4504,#4505);
#4504 = CARTESIAN_POINT('',(-0.1,1.1,0.));
#4505 = VECTOR('',#4506,1.);
#4506 = DIRECTION('',(0.,0.,1.));
#4507 = ORIENTED_EDGE('',*,*,#4508,.T.);
#4508 = EDGE_CURVE('',#4499,#4509,#4511,.T.);
#4509 = VERTEX_POINT('',#4510);
#4510 = CARTESIAN_POINT('',(-0.1,1.5,0.));
#4511 = LINE('',#4512,#4513);
#4512 = CARTESIAN_POINT('',(-0.1,1.1,0.));
#4513 = VECTOR('',#4514,1.);
#4514 = DIRECTION('',(-0.,1.,0.));
#4515 = ORIENTED_EDGE('',*,*,#4516,.T.);
#4516 = EDGE_CURVE('',#4509,#4517,#4519,.T.);
#4517 = VERTEX_POINT('',#4518);
#4518 = CARTESIAN_POINT('',(-0.1,1.5,8.5E-02));
#4519 = LINE('',#4520,#4521);
#4520 = CARTESIAN_POINT('',(-0.1,1.5,0.));
#4521 = VECTOR('',#4522,1.);
#4522 = DIRECTION('',(0.,0.,1.));
#4523 = ORIENTED_EDGE('',*,*,#4524,.F.);
#4524 = EDGE_CURVE('',#4501,#4517,#4525,.T.);
#4525 = LINE('',#4526,#4527);
#4526 = CARTESIAN_POINT('',(-0.1,1.1,8.5E-02));
#4527 = VECTOR('',#4528,1.);
#4528 = DIRECTION('',(-0.,1.,0.));
#4529 = PLANE('',#4530);
#4530 = AXIS2_PLACEMENT_3D('',#4531,#4532,#4533);
#4531 = CARTESIAN_POINT('',(-0.1,1.1,0.));
#4532 = DIRECTION('',(1.,0.,-0.));
#4533 = DIRECTION('',(0.,0.,1.));
#4534 = ADVANCED_FACE('',(#4535),#4569,.T.);
#4535 = FACE_BOUND('',#4536,.T.);
#4536 = EDGE_LOOP('',(#4537,#4547,#4555,#4563));
#4537 = ORIENTED_EDGE('',*,*,#4538,.F.);
#4538 = EDGE_CURVE('',#4539,#4541,#4543,.T.);
#4539 = VERTEX_POINT('',#4540);
#4540 = CARTESIAN_POINT('',(0.1,1.1,0.));
#4541 = VERTEX_POINT('',#4542);
#4542 = CARTESIAN_POINT('',(0.1,1.1,8.5E-02));
#4543 = LINE('',#4544,#4545);
#4544 = CARTESIAN_POINT('',(0.1,1.1,0.));
#4545 = VECTOR('',#4546,1.);
#4546 = DIRECTION('',(0.,0.,1.));
#4547 = ORIENTED_EDGE('',*,*,#4548,.T.);
#4548 = EDGE_CURVE('',#4539,#4549,#4551,.T.);
#4549 = VERTEX_POINT('',#4550);
#4550 = CARTESIAN_POINT('',(0.1,1.5,0.));
#4551 = LINE('',#4552,#4553);
#4552 = CARTESIAN_POINT('',(0.1,1.1,0.));
#4553 = VECTOR('',#4554,1.);
#4554 = DIRECTION('',(-0.,1.,0.));
#4555 = ORIENTED_EDGE('',*,*,#4556,.T.);
#4556 = EDGE_CURVE('',#4549,#4557,#4559,.T.);
#4557 = VERTEX_POINT('',#4558);
#4558 = CARTESIAN_POINT('',(0.1,1.5,8.5E-02));
#4559 = LINE('',#4560,#4561);
#4560 = CARTESIAN_POINT('',(0.1,1.5,0.));
#4561 = VECTOR('',#4562,1.);
#4562 = DIRECTION('',(0.,0.,1.));
#4563 = ORIENTED_EDGE('',*,*,#4564,.F.);
#4564 = EDGE_CURVE('',#4541,#4557,#4565,.T.);
#4565 = LINE('',#4566,#4567);
#4566 = CARTESIAN_POINT('',(0.1,1.1,8.5E-02));
#4567 = VECTOR('',#4568,1.);
#4568 = DIRECTION('',(-0.,1.,0.));
#4569 = PLANE('',#4570);
#4570 = AXIS2_PLACEMENT_3D('',#4571,#4572,#4573);
#4571 = CARTESIAN_POINT('',(0.1,1.1,0.));
#4572 = DIRECTION('',(1.,0.,-0.));
#4573 = DIRECTION('',(0.,0.,1.));
#4574 = ADVANCED_FACE('',(#4575),#4591,.F.);
#4575 = FACE_BOUND('',#4576,.F.);
#4576 = EDGE_LOOP('',(#4577,#4583,#4584,#4590));
#4577 = ORIENTED_EDGE('',*,*,#4578,.F.);
#4578 = EDGE_CURVE('',#4499,#4539,#4579,.T.);
#4579 = LINE('',#4580,#4581);
#4580 = CARTESIAN_POINT('',(-0.1,1.1,0.));
#4581 = VECTOR('',#4582,1.);
#4582 = DIRECTION('',(1.,0.,-0.));
#4583 = ORIENTED_EDGE('',*,*,#4498,.T.);
#4584 = ORIENTED_EDGE('',*,*,#4585,.T.);
#4585 = EDGE_CURVE('',#4501,#4541,#4586,.T.);
#4586 = LINE('',#4587,#4588);
#4587 = CARTESIAN_POINT('',(-0.1,1.1,8.5E-02));
#4588 = VECTOR('',#4589,1.);
#4589 = DIRECTION('',(1.,0.,-0.));
#4590 = ORIENTED_EDGE('',*,*,#4538,.F.);
#4591 = PLANE('',#4592);
#4592 = AXIS2_PLACEMENT_3D('',#4593,#4594,#4595);
#4593 = CARTESIAN_POINT('',(-0.1,1.1,0.));
#4594 = DIRECTION('',(-0.,1.,0.));
#4595 = DIRECTION('',(0.,0.,1.));
#4596 = ADVANCED_FACE('',(#4597),#4613,.T.);
#4597 = FACE_BOUND('',#4598,.T.);
#4598 = EDGE_LOOP('',(#4599,#4605,#4606,#4612));
#4599 = ORIENTED_EDGE('',*,*,#4600,.F.);
#4600 = EDGE_CURVE('',#4509,#4549,#4601,.T.);
#4601 = LINE('',#4602,#4603);
#4602 = CARTESIAN_POINT('',(-0.1,1.5,0.));
#4603 = VECTOR('',#4604,1.);
#4604 = DIRECTION('',(1.,0.,-0.));
#4605 = ORIENTED_EDGE('',*,*,#4516,.T.);
#4606 = ORIENTED_EDGE('',*,*,#4607,.T.);
#4607 = EDGE_CURVE('',#4517,#4557,#4608,.T.);
#4608 = LINE('',#4609,#4610);
#4609 = CARTESIAN_POINT('',(-0.1,1.5,8.5E-02));
#4610 = VECTOR('',#4611,1.);
#4611 = DIRECTION('',(1.,0.,-0.));
#4612 = ORIENTED_EDGE('',*,*,#4556,.F.);
#4613 = PLANE('',#4614);
#4614 = AXIS2_PLACEMENT_3D('',#4615,#4616,#4617);
#4615 = CARTESIAN_POINT('',(-0.1,1.5,0.));
#4616 = DIRECTION('',(-0.,1.,0.));
#4617 = DIRECTION('',(0.,0.,1.));
#4618 = ADVANCED_FACE('',(#4619),#4625,.F.);
#4619 = FACE_BOUND('',#4620,.F.);
#4620 = EDGE_LOOP('',(#4621,#4622,#4623,#4624));
#4621 = ORIENTED_EDGE('',*,*,#4508,.F.);
#4622 = ORIENTED_EDGE('',*,*,#4578,.T.);
#4623 = ORIENTED_EDGE('',*,*,#4548,.T.);
#4624 = ORIENTED_EDGE('',*,*,#4600,.F.);
#4625 = PLANE('',#4626);
#4626 = AXIS2_PLACEMENT_3D('',#4627,#4628,#4629);
#4627 = CARTESIAN_POINT('',(-0.1,1.1,0.));
#4628 = DIRECTION('',(0.,0.,1.));
#4629 = DIRECTION('',(1.,0.,-0.));
#4630 = ADVANCED_FACE('',(#4631),#4637,.T.);
#4631 = FACE_BOUND('',#4632,.T.);
#4632 = EDGE_LOOP('',(#4633,#4634,#4635,#4636));
#4633 = ORIENTED_EDGE('',*,*,#4524,.F.);
#4634 = ORIENTED_EDGE('',*,*,#4585,.T.);
#4635 = ORIENTED_EDGE('',*,*,#4564,.T.);
#4636 = ORIENTED_EDGE('',*,*,#4607,.F.);
#4637 = PLANE('',#4638);
#4638 = AXIS2_PLACEMENT_3D('',#4639,#4640,#4641);
#4639 = CARTESIAN_POINT('',(-0.1,1.1,8.5E-02));
#4640 = DIRECTION('',(0.,0.,1.));
#4641 = DIRECTION('',(1.,0.,-0.));
#4642 = MANIFOLD_SOLID_BREP('',#4643);
#4643 = CLOSED_SHELL('',(#4644,#4684,#4724,#4746,#4768,#4780));
#4644 = ADVANCED_FACE('',(#4645),#4679,.F.);
#4645 = FACE_BOUND('',#4646,.F.);
#4646 = EDGE_LOOP('',(#4647,#4657,#4665,#4673));
#4647 = ORIENTED_EDGE('',*,*,#4648,.F.);
#4648 = EDGE_CURVE('',#4649,#4651,#4653,.T.);
#4649 = VERTEX_POINT('',#4650);
#4650 = CARTESIAN_POINT('',(-0.1,-1.5,0.));
#4651 = VERTEX_POINT('',#4652);
#4652 = CARTESIAN_POINT('',(-0.1,-1.5,8.5E-02));
#4653 = LINE('',#4654,#4655);
#4654 = CARTESIAN_POINT('',(-0.1,-1.5,0.));
#4655 = VECTOR('',#4656,1.);
#4656 = DIRECTION('',(0.,0.,1.));
#4657 = ORIENTED_EDGE('',*,*,#4658,.T.);
#4658 = EDGE_CURVE('',#4649,#4659,#4661,.T.);
#4659 = VERTEX_POINT('',#4660);
#4660 = CARTESIAN_POINT('',(-0.1,-1.1,0.));
#4661 = LINE('',#4662,#4663);
#4662 = CARTESIAN_POINT('',(-0.1,-1.5,0.));
#4663 = VECTOR('',#4664,1.);
#4664 = DIRECTION('',(-0.,1.,0.));
#4665 = ORIENTED_EDGE('',*,*,#4666,.T.);
#4666 = EDGE_CURVE('',#4659,#4667,#4669,.T.);
#4667 = VERTEX_POINT('',#4668);
#4668 = CARTESIAN_POINT('',(-0.1,-1.1,8.5E-02));
#4669 = LINE('',#4670,#4671);
#4670 = CARTESIAN_POINT('',(-0.1,-1.1,0.));
#4671 = VECTOR('',#4672,1.);
#4672 = DIRECTION('',(0.,0.,1.));
#4673 = ORIENTED_EDGE('',*,*,#4674,.F.);
#4674 = EDGE_CURVE('',#4651,#4667,#4675,.T.);
#4675 = LINE('',#4676,#4677);
#4676 = CARTESIAN_POINT('',(-0.1,-1.5,8.5E-02));
#4677 = VECTOR('',#4678,1.);
#4678 = DIRECTION('',(-0.,1.,0.));
#4679 = PLANE('',#4680);
#4680 = AXIS2_PLACEMENT_3D('',#4681,#4682,#4683);
#4681 = CARTESIAN_POINT('',(-0.1,-1.5,0.));
#4682 = DIRECTION('',(1.,0.,-0.));
#4683 = DIRECTION('',(0.,0.,1.));
#4684 = ADVANCED_FACE('',(#4685),#4719,.T.);
#4685 = FACE_BOUND('',#4686,.T.);
#4686 = EDGE_LOOP('',(#4687,#4697,#4705,#4713));
#4687 = ORIENTED_EDGE('',*,*,#4688,.F.);
#4688 = EDGE_CURVE('',#4689,#4691,#4693,.T.);
#4689 = VERTEX_POINT('',#4690);
#4690 = CARTESIAN_POINT('',(0.1,-1.5,0.));
#4691 = VERTEX_POINT('',#4692);
#4692 = CARTESIAN_POINT('',(0.1,-1.5,8.5E-02));
#4693 = LINE('',#4694,#4695);
#4694 = CARTESIAN_POINT('',(0.1,-1.5,0.));
#4695 = VECTOR('',#4696,1.);
#4696 = DIRECTION('',(0.,0.,1.));
#4697 = ORIENTED_EDGE('',*,*,#4698,.T.);
#4698 = EDGE_CURVE('',#4689,#4699,#4701,.T.);
#4699 = VERTEX_POINT('',#4700);
#4700 = CARTESIAN_POINT('',(0.1,-1.1,0.));
#4701 = LINE('',#4702,#4703);
#4702 = CARTESIAN_POINT('',(0.1,-1.5,0.));
#4703 = VECTOR('',#4704,1.);
#4704 = DIRECTION('',(-0.,1.,0.));
#4705 = ORIENTED_EDGE('',*,*,#4706,.T.);
#4706 = EDGE_CURVE('',#4699,#4707,#4709,.T.);
#4707 = VERTEX_POINT('',#4708);
#4708 = CARTESIAN_POINT('',(0.1,-1.1,8.5E-02));
#4709 = LINE('',#4710,#4711);
#4710 = CARTESIAN_POINT('',(0.1,-1.1,0.));
#4711 = VECTOR('',#4712,1.);
#4712 = DIRECTION('',(0.,0.,1.));
#4713 = ORIENTED_EDGE('',*,*,#4714,.F.);
#4714 = EDGE_CURVE('',#4691,#4707,#4715,.T.);
#4715 = LINE('',#4716,#4717);
#4716 = CARTESIAN_POINT('',(0.1,-1.5,8.5E-02));
#4717 = VECTOR('',#4718,1.);
#4718 = DIRECTION('',(-0.,1.,0.));
#4719 = PLANE('',#4720);
#4720 = AXIS2_PLACEMENT_3D('',#4721,#4722,#4723);
#4721 = CARTESIAN_POINT('',(0.1,-1.5,0.));
#4722 = DIRECTION('',(1.,0.,-0.));
#4723 = DIRECTION('',(0.,0.,1.));
#4724 = ADVANCED_FACE('',(#4725),#4741,.F.);
#4725 = FACE_BOUND('',#4726,.F.);
#4726 = EDGE_LOOP('',(#4727,#4733,#4734,#4740));
#4727 = ORIENTED_EDGE('',*,*,#4728,.F.);
#4728 = EDGE_CURVE('',#4649,#4689,#4729,.T.);
#4729 = LINE('',#4730,#4731);
#4730 = CARTESIAN_POINT('',(-0.1,-1.5,0.));
#4731 = VECTOR('',#4732,1.);
#4732 = DIRECTION('',(1.,0.,-0.));
#4733 = ORIENTED_EDGE('',*,*,#4648,.T.);
#4734 = ORIENTED_EDGE('',*,*,#4735,.T.);
#4735 = EDGE_CURVE('',#4651,#4691,#4736,.T.);
#4736 = LINE('',#4737,#4738);
#4737 = CARTESIAN_POINT('',(-0.1,-1.5,8.5E-02));
#4738 = VECTOR('',#4739,1.);
#4739 = DIRECTION('',(1.,0.,-0.));
#4740 = ORIENTED_EDGE('',*,*,#4688,.F.);
#4741 = PLANE('',#4742);
#4742 = AXIS2_PLACEMENT_3D('',#4743,#4744,#4745);
#4743 = CARTESIAN_POINT('',(-0.1,-1.5,0.));
#4744 = DIRECTION('',(-0.,1.,0.));
#4745 = DIRECTION('',(0.,0.,1.));
#4746 = ADVANCED_FACE('',(#4747),#4763,.T.);
#4747 = FACE_BOUND('',#4748,.T.);
#4748 = EDGE_LOOP('',(#4749,#4755,#4756,#4762));
#4749 = ORIENTED_EDGE('',*,*,#4750,.F.);
#4750 = EDGE_CURVE('',#4659,#4699,#4751,.T.);
#4751 = LINE('',#4752,#4753);
#4752 = CARTESIAN_POINT('',(-0.1,-1.1,0.));
#4753 = VECTOR('',#4754,1.);
#4754 = DIRECTION('',(1.,0.,-0.));
#4755 = ORIENTED_EDGE('',*,*,#4666,.T.);
#4756 = ORIENTED_EDGE('',*,*,#4757,.T.);
#4757 = EDGE_CURVE('',#4667,#4707,#4758,.T.);
#4758 = LINE('',#4759,#4760);
#4759 = CARTESIAN_POINT('',(-0.1,-1.1,8.5E-02));
#4760 = VECTOR('',#4761,1.);
#4761 = DIRECTION('',(1.,0.,-0.));
#4762 = ORIENTED_EDGE('',*,*,#4706,.F.);
#4763 = PLANE('',#4764);
#4764 = AXIS2_PLACEMENT_3D('',#4765,#4766,#4767);
#4765 = CARTESIAN_POINT('',(-0.1,-1.1,0.));
#4766 = DIRECTION('',(-0.,1.,0.));
#4767 = DIRECTION('',(0.,0.,1.));
#4768 = ADVANCED_FACE('',(#4769),#4775,.F.);
#4769 = FACE_BOUND('',#4770,.F.);
#4770 = EDGE_LOOP('',(#4771,#4772,#4773,#4774));
#4771 = ORIENTED_EDGE('',*,*,#4658,.F.);
#4772 = ORIENTED_EDGE('',*,*,#4728,.T.);
#4773 = ORIENTED_EDGE('',*,*,#4698,.T.);
#4774 = ORIENTED_EDGE('',*,*,#4750,.F.);
#4775 = PLANE('',#4776);
#4776 = AXIS2_PLACEMENT_3D('',#4777,#4778,#4779);
#4777 = CARTESIAN_POINT('',(-0.1,-1.5,0.));
#4778 = DIRECTION('',(0.,0.,1.));
#4779 = DIRECTION('',(1.,0.,-0.));
#4780 = ADVANCED_FACE('',(#4781),#4787,.T.);
#4781 = FACE_BOUND('',#4782,.T.);
#4782 = EDGE_LOOP('',(#4783,#4784,#4785,#4786));
#4783 = ORIENTED_EDGE('',*,*,#4674,.F.);
#4784 = ORIENTED_EDGE('',*,*,#4735,.T.);
#4785 = ORIENTED_EDGE('',*,*,#4714,.T.);
#4786 = ORIENTED_EDGE('',*,*,#4757,.F.);
#4787 = PLANE('',#4788);
#4788 = AXIS2_PLACEMENT_3D('',#4789,#4790,#4791);
#4789 = CARTESIAN_POINT('',(-0.1,-1.5,8.5E-02));
#4790 = DIRECTION('',(0.,0.,1.));
#4791 = DIRECTION('',(1.,0.,-0.));
#4792 = MANIFOLD_SOLID_BREP('',#4793);
#4793 = CLOSED_SHELL('',(#4794,#4834,#4874,#4896,#4918,#4930));
#4794 = ADVANCED_FACE('',(#4795),#4829,.F.);
#4795 = FACE_BOUND('',#4796,.F.);
#4796 = EDGE_LOOP('',(#4797,#4807,#4815,#4823));
#4797 = ORIENTED_EDGE('',*,*,#4798,.F.);
#4798 = EDGE_CURVE('',#4799,#4801,#4803,.T.);
#4799 = VERTEX_POINT('',#4800);
#4800 = CARTESIAN_POINT('',(1.1,0.3,0.));
#4801 = VERTEX_POINT('',#4802);
#4802 = CARTESIAN_POINT('',(1.1,0.3,8.5E-02));
#4803 = LINE('',#4804,#4805);
#4804 = CARTESIAN_POINT('',(1.1,0.3,0.));
#4805 = VECTOR('',#4806,1.);
#4806 = DIRECTION('',(0.,0.,1.));
#4807 = ORIENTED_EDGE('',*,*,#4808,.T.);
#4808 = EDGE_CURVE('',#4799,#4809,#4811,.T.);
#4809 = VERTEX_POINT('',#4810);
#4810 = CARTESIAN_POINT('',(1.1,0.5,0.));
#4811 = LINE('',#4812,#4813);
#4812 = CARTESIAN_POINT('',(1.1,0.3,0.));
#4813 = VECTOR('',#4814,1.);
#4814 = DIRECTION('',(-0.,1.,0.));
#4815 = ORIENTED_EDGE('',*,*,#4816,.T.);
#4816 = EDGE_CURVE('',#4809,#4817,#4819,.T.);
#4817 = VERTEX_POINT('',#4818);
#4818 = CARTESIAN_POINT('',(1.1,0.5,8.5E-02));
#4819 = LINE('',#4820,#4821);
#4820 = CARTESIAN_POINT('',(1.1,0.5,0.));
#4821 = VECTOR('',#4822,1.);
#4822 = DIRECTION('',(0.,0.,1.));
#4823 = ORIENTED_EDGE('',*,*,#4824,.F.);
#4824 = EDGE_CURVE('',#4801,#4817,#4825,.T.);
#4825 = LINE('',#4826,#4827);
#4826 = CARTESIAN_POINT('',(1.1,0.3,8.5E-02));
#4827 = VECTOR('',#4828,1.);
#4828 = DIRECTION('',(-0.,1.,0.));
#4829 = PLANE('',#4830);
#4830 = AXIS2_PLACEMENT_3D('',#4831,#4832,#4833);
#4831 = CARTESIAN_POINT('',(1.1,0.3,0.));
#4832 = DIRECTION('',(1.,0.,-0.));
#4833 = DIRECTION('',(0.,0.,1.));
#4834 = ADVANCED_FACE('',(#4835),#4869,.T.);
#4835 = FACE_BOUND('',#4836,.T.);
#4836 = EDGE_LOOP('',(#4837,#4847,#4855,#4863));
#4837 = ORIENTED_EDGE('',*,*,#4838,.F.);
#4838 = EDGE_CURVE('',#4839,#4841,#4843,.T.);
#4839 = VERTEX_POINT('',#4840);
#4840 = CARTESIAN_POINT('',(1.5,0.3,0.));
#4841 = VERTEX_POINT('',#4842);
#4842 = CARTESIAN_POINT('',(1.5,0.3,8.5E-02));
#4843 = LINE('',#4844,#4845);
#4844 = CARTESIAN_POINT('',(1.5,0.3,0.));
#4845 = VECTOR('',#4846,1.);
#4846 = DIRECTION('',(0.,0.,1.));
#4847 = ORIENTED_EDGE('',*,*,#4848,.T.);
#4848 = EDGE_CURVE('',#4839,#4849,#4851,.T.);
#4849 = VERTEX_POINT('',#4850);
#4850 = CARTESIAN_POINT('',(1.5,0.5,0.));
#4851 = LINE('',#4852,#4853);
#4852 = CARTESIAN_POINT('',(1.5,0.3,0.));
#4853 = VECTOR('',#4854,1.);
#4854 = DIRECTION('',(-0.,1.,0.));
#4855 = ORIENTED_EDGE('',*,*,#4856,.T.);
#4856 = EDGE_CURVE('',#4849,#4857,#4859,.T.);
#4857 = VERTEX_POINT('',#4858);
#4858 = CARTESIAN_POINT('',(1.5,0.5,8.5E-02));
#4859 = LINE('',#4860,#4861);
#4860 = CARTESIAN_POINT('',(1.5,0.5,0.));
#4861 = VECTOR('',#4862,1.);
#4862 = DIRECTION('',(0.,0.,1.));
#4863 = ORIENTED_EDGE('',*,*,#4864,.F.);
#4864 = EDGE_CURVE('',#4841,#4857,#4865,.T.);
#4865 = LINE('',#4866,#4867);
#4866 = CARTESIAN_POINT('',(1.5,0.3,8.5E-02));
#4867 = VECTOR('',#4868,1.);
#4868 = DIRECTION('',(-0.,1.,0.));
#4869 = PLANE('',#4870);
#4870 = AXIS2_PLACEMENT_3D('',#4871,#4872,#4873);
#4871 = CARTESIAN_POINT('',(1.5,0.3,0.));
#4872 = DIRECTION('',(1.,0.,-0.));
#4873 = DIRECTION('',(0.,0.,1.));
#4874 = ADVANCED_FACE('',(#4875),#4891,.F.);
#4875 = FACE_BOUND('',#4876,.F.);
#4876 = EDGE_LOOP('',(#4877,#4883,#4884,#4890));
#4877 = ORIENTED_EDGE('',*,*,#4878,.F.);
#4878 = EDGE_CURVE('',#4799,#4839,#4879,.T.);
#4879 = LINE('',#4880,#4881);
#4880 = CARTESIAN_POINT('',(1.1,0.3,0.));
#4881 = VECTOR('',#4882,1.);
#4882 = DIRECTION('',(1.,0.,-0.));
#4883 = ORIENTED_EDGE('',*,*,#4798,.T.);
#4884 = ORIENTED_EDGE('',*,*,#4885,.T.);
#4885 = EDGE_CURVE('',#4801,#4841,#4886,.T.);
#4886 = LINE('',#4887,#4888);
#4887 = CARTESIAN_POINT('',(1.1,0.3,8.5E-02));
#4888 = VECTOR('',#4889,1.);
#4889 = DIRECTION('',(1.,0.,-0.));
#4890 = ORIENTED_EDGE('',*,*,#4838,.F.);
#4891 = PLANE('',#4892);
#4892 = AXIS2_PLACEMENT_3D('',#4893,#4894,#4895);
#4893 = CARTESIAN_POINT('',(1.1,0.3,0.));
#4894 = DIRECTION('',(-0.,1.,0.));
#4895 = DIRECTION('',(0.,0.,1.));
#4896 = ADVANCED_FACE('',(#4897),#4913,.T.);
#4897 = FACE_BOUND('',#4898,.T.);
#4898 = EDGE_LOOP('',(#4899,#4905,#4906,#4912));
#4899 = ORIENTED_EDGE('',*,*,#4900,.F.);
#4900 = EDGE_CURVE('',#4809,#4849,#4901,.T.);
#4901 = LINE('',#4902,#4903);
#4902 = CARTESIAN_POINT('',(1.1,0.5,0.));
#4903 = VECTOR('',#4904,1.);
#4904 = DIRECTION('',(1.,0.,-0.));
#4905 = ORIENTED_EDGE('',*,*,#4816,.T.);
#4906 = ORIENTED_EDGE('',*,*,#4907,.T.);
#4907 = EDGE_CURVE('',#4817,#4857,#4908,.T.);
#4908 = LINE('',#4909,#4910);
#4909 = CARTESIAN_POINT('',(1.1,0.5,8.5E-02));
#4910 = VECTOR('',#4911,1.);
#4911 = DIRECTION('',(1.,0.,-0.));
#4912 = ORIENTED_EDGE('',*,*,#4856,.F.);
#4913 = PLANE('',#4914);
#4914 = AXIS2_PLACEMENT_3D('',#4915,#4916,#4917);
#4915 = CARTESIAN_POINT('',(1.1,0.5,0.));
#4916 = DIRECTION('',(-0.,1.,0.));
#4917 = DIRECTION('',(0.,0.,1.));
#4918 = ADVANCED_FACE('',(#4919),#4925,.F.);
#4919 = FACE_BOUND('',#4920,.F.);
#4920 = EDGE_LOOP('',(#4921,#4922,#4923,#4924));
#4921 = ORIENTED_EDGE('',*,*,#4808,.F.);
#4922 = ORIENTED_EDGE('',*,*,#4878,.T.);
#4923 = ORIENTED_EDGE('',*,*,#4848,.T.);
#4924 = ORIENTED_EDGE('',*,*,#4900,.F.);
#4925 = PLANE('',#4926);
#4926 = AXIS2_PLACEMENT_3D('',#4927,#4928,#4929);
#4927 = CARTESIAN_POINT('',(1.1,0.3,0.));
#4928 = DIRECTION('',(0.,0.,1.));
#4929 = DIRECTION('',(1.,0.,-0.));
#4930 = ADVANCED_FACE('',(#4931),#4937,.T.);
#4931 = FACE_BOUND('',#4932,.T.);
#4932 = EDGE_LOOP('',(#4933,#4934,#4935,#4936));
#4933 = ORIENTED_EDGE('',*,*,#4824,.F.);
#4934 = ORIENTED_EDGE('',*,*,#4885,.T.);
#4935 = ORIENTED_EDGE('',*,*,#4864,.T.);
#4936 = ORIENTED_EDGE('',*,*,#4907,.F.);
#4937 = PLANE('',#4938);
#4938 = AXIS2_PLACEMENT_3D('',#4939,#4940,#4941);
#4939 = CARTESIAN_POINT('',(1.1,0.3,8.5E-02));
#4940 = DIRECTION('',(0.,0.,1.));
#4941 = DIRECTION('',(1.,0.,-0.));
#4942 = MANIFOLD_SOLID_BREP('',#4943);
#4943 = CLOSED_SHELL('',(#4944,#4984,#5024,#5046,#5068,#5080));
#4944 = ADVANCED_FACE('',(#4945),#4979,.F.);
#4945 = FACE_BOUND('',#4946,.F.);
#4946 = EDGE_LOOP('',(#4947,#4957,#4965,#4973));
#4947 = ORIENTED_EDGE('',*,*,#4948,.F.);
#4948 = EDGE_CURVE('',#4949,#4951,#4953,.T.);
#4949 = VERTEX_POINT('',#4950);
#4950 = CARTESIAN_POINT('',(-1.5,0.3,0.));
#4951 = VERTEX_POINT('',#4952);
#4952 = CARTESIAN_POINT('',(-1.5,0.3,8.5E-02));
#4953 = LINE('',#4954,#4955);
#4954 = CARTESIAN_POINT('',(-1.5,0.3,0.));
#4955 = VECTOR('',#4956,1.);
#4956 = DIRECTION('',(0.,0.,1.));
#4957 = ORIENTED_EDGE('',*,*,#4958,.T.);
#4958 = EDGE_CURVE('',#4949,#4959,#4961,.T.);
#4959 = VERTEX_POINT('',#4960);
#4960 = CARTESIAN_POINT('',(-1.5,0.5,0.));
#4961 = LINE('',#4962,#4963);
#4962 = CARTESIAN_POINT('',(-1.5,0.3,0.));
#4963 = VECTOR('',#4964,1.);
#4964 = DIRECTION('',(-0.,1.,0.));
#4965 = ORIENTED_EDGE('',*,*,#4966,.T.);
#4966 = EDGE_CURVE('',#4959,#4967,#4969,.T.);
#4967 = VERTEX_POINT('',#4968);
#4968 = CARTESIAN_POINT('',(-1.5,0.5,8.5E-02));
#4969 = LINE('',#4970,#4971);
#4970 = CARTESIAN_POINT('',(-1.5,0.5,0.));
#4971 = VECTOR('',#4972,1.);
#4972 = DIRECTION('',(0.,0.,1.));
#4973 = ORIENTED_EDGE('',*,*,#4974,.F.);
#4974 = EDGE_CURVE('',#4951,#4967,#4975,.T.);
#4975 = LINE('',#4976,#4977);
#4976 = CARTESIAN_POINT('',(-1.5,0.3,8.5E-02));
#4977 = VECTOR('',#4978,1.);
#4978 = DIRECTION('',(-0.,1.,0.));
#4979 = PLANE('',#4980);
#4980 = AXIS2_PLACEMENT_3D('',#4981,#4982,#4983);
#4981 = CARTESIAN_POINT('',(-1.5,0.3,0.));
#4982 = DIRECTION('',(1.,0.,-0.));
#4983 = DIRECTION('',(0.,0.,1.));
#4984 = ADVANCED_FACE('',(#4985),#5019,.T.);
#4985 = FACE_BOUND('',#4986,.T.);
#4986 = EDGE_LOOP('',(#4987,#4997,#5005,#5013));
#4987 = ORIENTED_EDGE('',*,*,#4988,.F.);
#4988 = EDGE_CURVE('',#4989,#4991,#4993,.T.);
#4989 = VERTEX_POINT('',#4990);
#4990 = CARTESIAN_POINT('',(-1.1,0.3,0.));
#4991 = VERTEX_POINT('',#4992);
#4992 = CARTESIAN_POINT('',(-1.1,0.3,8.5E-02));
#4993 = LINE('',#4994,#4995);
#4994 = CARTESIAN_POINT('',(-1.1,0.3,0.));
#4995 = VECTOR('',#4996,1.);
#4996 = DIRECTION('',(0.,0.,1.));
#4997 = ORIENTED_EDGE('',*,*,#4998,.T.);
#4998 = EDGE_CURVE('',#4989,#4999,#5001,.T.);
#4999 = VERTEX_POINT('',#5000);
#5000 = CARTESIAN_POINT('',(-1.1,0.5,0.));
#5001 = LINE('',#5002,#5003);
#5002 = CARTESIAN_POINT('',(-1.1,0.3,0.));
#5003 = VECTOR('',#5004,1.);
#5004 = DIRECTION('',(-0.,1.,0.));
#5005 = ORIENTED_EDGE('',*,*,#5006,.T.);
#5006 = EDGE_CURVE('',#4999,#5007,#5009,.T.);
#5007 = VERTEX_POINT('',#5008);
#5008 = CARTESIAN_POINT('',(-1.1,0.5,8.5E-02));
#5009 = LINE('',#5010,#5011);
#5010 = CARTESIAN_POINT('',(-1.1,0.5,0.));
#5011 = VECTOR('',#5012,1.);
#5012 = DIRECTION('',(0.,0.,1.));
#5013 = ORIENTED_EDGE('',*,*,#5014,.F.);
#5014 = EDGE_CURVE('',#4991,#5007,#5015,.T.);
#5015 = LINE('',#5016,#5017);
#5016 = CARTESIAN_POINT('',(-1.1,0.3,8.5E-02));
#5017 = VECTOR('',#5018,1.);
#5018 = DIRECTION('',(-0.,1.,0.));
#5019 = PLANE('',#5020);
#5020 = AXIS2_PLACEMENT_3D('',#5021,#5022,#5023);
#5021 = CARTESIAN_POINT('',(-1.1,0.3,0.));
#5022 = DIRECTION('',(1.,0.,-0.));
#5023 = DIRECTION('',(0.,0.,1.));
#5024 = ADVANCED_FACE('',(#5025),#5041,.F.);
#5025 = FACE_BOUND('',#5026,.F.);
#5026 = EDGE_LOOP('',(#5027,#5033,#5034,#5040));
#5027 = ORIENTED_EDGE('',*,*,#5028,.F.);
#5028 = EDGE_CURVE('',#4949,#4989,#5029,.T.);
#5029 = LINE('',#5030,#5031);
#5030 = CARTESIAN_POINT('',(-1.5,0.3,0.));
#5031 = VECTOR('',#5032,1.);
#5032 = DIRECTION('',(1.,0.,-0.));
#5033 = ORIENTED_EDGE('',*,*,#4948,.T.);
#5034 = ORIENTED_EDGE('',*,*,#5035,.T.);
#5035 = EDGE_CURVE('',#4951,#4991,#5036,.T.);
#5036 = LINE('',#5037,#5038);
#5037 = CARTESIAN_POINT('',(-1.5,0.3,8.5E-02));
#5038 = VECTOR('',#5039,1.);
#5039 = DIRECTION('',(1.,0.,-0.));
#5040 = ORIENTED_EDGE('',*,*,#4988,.F.);
#5041 = PLANE('',#5042);
#5042 = AXIS2_PLACEMENT_3D('',#5043,#5044,#5045);
#5043 = CARTESIAN_POINT('',(-1.5,0.3,0.));
#5044 = DIRECTION('',(-0.,1.,0.));
#5045 = DIRECTION('',(0.,0.,1.));
#5046 = ADVANCED_FACE('',(#5047),#5063,.T.);
#5047 = FACE_BOUND('',#5048,.T.);
#5048 = EDGE_LOOP('',(#5049,#5055,#5056,#5062));
#5049 = ORIENTED_EDGE('',*,*,#5050,.F.);
#5050 = EDGE_CURVE('',#4959,#4999,#5051,.T.);
#5051 = LINE('',#5052,#5053);
#5052 = CARTESIAN_POINT('',(-1.5,0.5,0.));
#5053 = VECTOR('',#5054,1.);
#5054 = DIRECTION('',(1.,0.,-0.));
#5055 = ORIENTED_EDGE('',*,*,#4966,.T.);
#5056 = ORIENTED_EDGE('',*,*,#5057,.T.);
#5057 = EDGE_CURVE('',#4967,#5007,#5058,.T.);
#5058 = LINE('',#5059,#5060);
#5059 = CARTESIAN_POINT('',(-1.5,0.5,8.5E-02));
#5060 = VECTOR('',#5061,1.);
#5061 = DIRECTION('',(1.,0.,-0.));
#5062 = ORIENTED_EDGE('',*,*,#5006,.F.);
#5063 = PLANE('',#5064);
#5064 = AXIS2_PLACEMENT_3D('',#5065,#5066,#5067);
#5065 = CARTESIAN_POINT('',(-1.5,0.5,0.));
#5066 = DIRECTION('',(-0.,1.,0.));
#5067 = DIRECTION('',(0.,0.,1.));
#5068 = ADVANCED_FACE('',(#5069),#5075,.F.);
#5069 = FACE_BOUND('',#5070,.F.);
#5070 = EDGE_LOOP('',(#5071,#5072,#5073,#5074));
#5071 = ORIENTED_EDGE('',*,*,#4958,.F.);
#5072 = ORIENTED_EDGE('',*,*,#5028,.T.);
#5073 = ORIENTED_EDGE('',*,*,#4998,.T.);
#5074 = ORIENTED_EDGE('',*,*,#5050,.F.);
#5075 = PLANE('',#5076);
#5076 = AXIS2_PLACEMENT_3D('',#5077,#5078,#5079);
#5077 = CARTESIAN_POINT('',(-1.5,0.3,0.));
#5078 = DIRECTION('',(0.,0.,1.));
#5079 = DIRECTION('',(1.,0.,-0.));
#5080 = ADVANCED_FACE('',(#5081),#5087,.T.);
#5081 = FACE_BOUND('',#5082,.T.);
#5082 = EDGE_LOOP('',(#5083,#5084,#5085,#5086));
#5083 = ORIENTED_EDGE('',*,*,#4974,.F.);
#5084 = ORIENTED_EDGE('',*,*,#5035,.T.);
#5085 = ORIENTED_EDGE('',*,*,#5014,.T.);
#5086 = ORIENTED_EDGE('',*,*,#5057,.F.);
#5087 = PLANE('',#5088);
#5088 = AXIS2_PLACEMENT_3D('',#5089,#5090,#5091);
#5089 = CARTESIAN_POINT('',(-1.5,0.3,8.5E-02));
#5090 = DIRECTION('',(0.,0.,1.));
#5091 = DIRECTION('',(1.,0.,-0.));
#5092 = MANIFOLD_SOLID_BREP('',#5093);
#5093 = CLOSED_SHELL('',(#5094,#5134,#5174,#5196,#5218,#5230));
#5094 = ADVANCED_FACE('',(#5095),#5129,.F.);
#5095 = FACE_BOUND('',#5096,.F.);
#5096 = EDGE_LOOP('',(#5097,#5107,#5115,#5123));
#5097 = ORIENTED_EDGE('',*,*,#5098,.F.);
#5098 = EDGE_CURVE('',#5099,#5101,#5103,.T.);
#5099 = VERTEX_POINT('',#5100);
#5100 = CARTESIAN_POINT('',(0.3,1.1,0.));
#5101 = VERTEX_POINT('',#5102);
#5102 = CARTESIAN_POINT('',(0.3,1.1,8.5E-02));
#5103 = LINE('',#5104,#5105);
#5104 = CARTESIAN_POINT('',(0.3,1.1,0.));
#5105 = VECTOR('',#5106,1.);
#5106 = DIRECTION('',(0.,0.,1.));
#5107 = ORIENTED_EDGE('',*,*,#5108,.T.);
#5108 = EDGE_CURVE('',#5099,#5109,#5111,.T.);
#5109 = VERTEX_POINT('',#5110);
#5110 = CARTESIAN_POINT('',(0.3,1.5,0.));
#5111 = LINE('',#5112,#5113);
#5112 = CARTESIAN_POINT('',(0.3,1.1,0.));
#5113 = VECTOR('',#5114,1.);
#5114 = DIRECTION('',(-0.,1.,0.));
#5115 = ORIENTED_EDGE('',*,*,#5116,.T.);
#5116 = EDGE_CURVE('',#5109,#5117,#5119,.T.);
#5117 = VERTEX_POINT('',#5118);
#5118 = CARTESIAN_POINT('',(0.3,1.5,8.5E-02));
#5119 = LINE('',#5120,#5121);
#5120 = CARTESIAN_POINT('',(0.3,1.5,0.));
#5121 = VECTOR('',#5122,1.);
#5122 = DIRECTION('',(0.,0.,1.));
#5123 = ORIENTED_EDGE('',*,*,#5124,.F.);
#5124 = EDGE_CURVE('',#5101,#5117,#5125,.T.);
#5125 = LINE('',#5126,#5127);
#5126 = CARTESIAN_POINT('',(0.3,1.1,8.5E-02));
#5127 = VECTOR('',#5128,1.);
#5128 = DIRECTION('',(-0.,1.,0.));
#5129 = PLANE('',#5130);
#5130 = AXIS2_PLACEMENT_3D('',#5131,#5132,#5133);
#5131 = CARTESIAN_POINT('',(0.3,1.1,0.));
#5132 = DIRECTION('',(1.,0.,-0.));
#5133 = DIRECTION('',(0.,0.,1.));
#5134 = ADVANCED_FACE('',(#5135),#5169,.T.);
#5135 = FACE_BOUND('',#5136,.T.);
#5136 = EDGE_LOOP('',(#5137,#5147,#5155,#5163));
#5137 = ORIENTED_EDGE('',*,*,#5138,.F.);
#5138 = EDGE_CURVE('',#5139,#5141,#5143,.T.);
#5139 = VERTEX_POINT('',#5140);
#5140 = CARTESIAN_POINT('',(0.5,1.1,0.));
#5141 = VERTEX_POINT('',#5142);
#5142 = CARTESIAN_POINT('',(0.5,1.1,8.5E-02));
#5143 = LINE('',#5144,#5145);
#5144 = CARTESIAN_POINT('',(0.5,1.1,0.));
#5145 = VECTOR('',#5146,1.);
#5146 = DIRECTION('',(0.,0.,1.));
#5147 = ORIENTED_EDGE('',*,*,#5148,.T.);
#5148 = EDGE_CURVE('',#5139,#5149,#5151,.T.);
#5149 = VERTEX_POINT('',#5150);
#5150 = CARTESIAN_POINT('',(0.5,1.5,0.));
#5151 = LINE('',#5152,#5153);
#5152 = CARTESIAN_POINT('',(0.5,1.1,0.));
#5153 = VECTOR('',#5154,1.);
#5154 = DIRECTION('',(-0.,1.,0.));
#5155 = ORIENTED_EDGE('',*,*,#5156,.T.);
#5156 = EDGE_CURVE('',#5149,#5157,#5159,.T.);
#5157 = VERTEX_POINT('',#5158);
#5158 = CARTESIAN_POINT('',(0.5,1.5,8.5E-02));
#5159 = LINE('',#5160,#5161);
#5160 = CARTESIAN_POINT('',(0.5,1.5,0.));
#5161 = VECTOR('',#5162,1.);
#5162 = DIRECTION('',(0.,0.,1.));
#5163 = ORIENTED_EDGE('',*,*,#5164,.F.);
#5164 = EDGE_CURVE('',#5141,#5157,#5165,.T.);
#5165 = LINE('',#5166,#5167);
#5166 = CARTESIAN_POINT('',(0.5,1.1,8.5E-02));
#5167 = VECTOR('',#5168,1.);
#5168 = DIRECTION('',(-0.,1.,0.));
#5169 = PLANE('',#5170);
#5170 = AXIS2_PLACEMENT_3D('',#5171,#5172,#5173);
#5171 = CARTESIAN_POINT('',(0.5,1.1,0.));
#5172 = DIRECTION('',(1.,0.,-0.));
#5173 = DIRECTION('',(0.,0.,1.));
#5174 = ADVANCED_FACE('',(#5175),#5191,.F.);
#5175 = FACE_BOUND('',#5176,.F.);
#5176 = EDGE_LOOP('',(#5177,#5183,#5184,#5190));
#5177 = ORIENTED_EDGE('',*,*,#5178,.F.);
#5178 = EDGE_CURVE('',#5099,#5139,#5179,.T.);
#5179 = LINE('',#5180,#5181);
#5180 = CARTESIAN_POINT('',(0.3,1.1,0.));
#5181 = VECTOR('',#5182,1.);
#5182 = DIRECTION('',(1.,0.,-0.));
#5183 = ORIENTED_EDGE('',*,*,#5098,.T.);
#5184 = ORIENTED_EDGE('',*,*,#5185,.T.);
#5185 = EDGE_CURVE('',#5101,#5141,#5186,.T.);
#5186 = LINE('',#5187,#5188);
#5187 = CARTESIAN_POINT('',(0.3,1.1,8.5E-02));
#5188 = VECTOR('',#5189,1.);
#5189 = DIRECTION('',(1.,0.,-0.));
#5190 = ORIENTED_EDGE('',*,*,#5138,.F.);
#5191 = PLANE('',#5192);
#5192 = AXIS2_PLACEMENT_3D('',#5193,#5194,#5195);
#5193 = CARTESIAN_POINT('',(0.3,1.1,0.));
#5194 = DIRECTION('',(-0.,1.,0.));
#5195 = DIRECTION('',(0.,0.,1.));
#5196 = ADVANCED_FACE('',(#5197),#5213,.T.);
#5197 = FACE_BOUND('',#5198,.T.);
#5198 = EDGE_LOOP('',(#5199,#5205,#5206,#5212));
#5199 = ORIENTED_EDGE('',*,*,#5200,.F.);
#5200 = EDGE_CURVE('',#5109,#5149,#5201,.T.);
#5201 = LINE('',#5202,#5203);
#5202 = CARTESIAN_POINT('',(0.3,1.5,0.));
#5203 = VECTOR('',#5204,1.);
#5204 = DIRECTION('',(1.,0.,-0.));
#5205 = ORIENTED_EDGE('',*,*,#5116,.T.);
#5206 = ORIENTED_EDGE('',*,*,#5207,.T.);
#5207 = EDGE_CURVE('',#5117,#5157,#5208,.T.);
#5208 = LINE('',#5209,#5210);
#5209 = CARTESIAN_POINT('',(0.3,1.5,8.5E-02));
#5210 = VECTOR('',#5211,1.);
#5211 = DIRECTION('',(1.,0.,-0.));
#5212 = ORIENTED_EDGE('',*,*,#5156,.F.);
#5213 = PLANE('',#5214);
#5214 = AXIS2_PLACEMENT_3D('',#5215,#5216,#5217);
#5215 = CARTESIAN_POINT('',(0.3,1.5,0.));
#5216 = DIRECTION('',(-0.,1.,0.));
#5217 = DIRECTION('',(0.,0.,1.));
#5218 = ADVANCED_FACE('',(#5219),#5225,.F.);
#5219 = FACE_BOUND('',#5220,.F.);
#5220 = EDGE_LOOP('',(#5221,#5222,#5223,#5224));
#5221 = ORIENTED_EDGE('',*,*,#5108,.F.);
#5222 = ORIENTED_EDGE('',*,*,#5178,.T.);
#5223 = ORIENTED_EDGE('',*,*,#5148,.T.);
#5224 = ORIENTED_EDGE('',*,*,#5200,.F.);
#5225 = PLANE('',#5226);
#5226 = AXIS2_PLACEMENT_3D('',#5227,#5228,#5229);
#5227 = CARTESIAN_POINT('',(0.3,1.1,0.));
#5228 = DIRECTION('',(0.,0.,1.));
#5229 = DIRECTION('',(1.,0.,-0.));
#5230 = ADVANCED_FACE('',(#5231),#5237,.T.);
#5231 = FACE_BOUND('',#5232,.T.);
#5232 = EDGE_LOOP('',(#5233,#5234,#5235,#5236));
#5233 = ORIENTED_EDGE('',*,*,#5124,.F.);
#5234 = ORIENTED_EDGE('',*,*,#5185,.T.);
#5235 = ORIENTED_EDGE('',*,*,#5164,.T.);
#5236 = ORIENTED_EDGE('',*,*,#5207,.F.);
#5237 = PLANE('',#5238);
#5238 = AXIS2_PLACEMENT_3D('',#5239,#5240,#5241);
#5239 = CARTESIAN_POINT('',(0.3,1.1,8.5E-02));
#5240 = DIRECTION('',(0.,0.,1.));
#5241 = DIRECTION('',(1.,0.,-0.));
#5242 = MANIFOLD_SOLID_BREP('',#5243);
#5243 = CLOSED_SHELL('',(#5244,#5284,#5324,#5346,#5368,#5380));
#5244 = ADVANCED_FACE('',(#5245),#5279,.F.);
#5245 = FACE_BOUND('',#5246,.F.);
#5246 = EDGE_LOOP('',(#5247,#5257,#5265,#5273));
#5247 = ORIENTED_EDGE('',*,*,#5248,.F.);
#5248 = EDGE_CURVE('',#5249,#5251,#5253,.T.);
#5249 = VERTEX_POINT('',#5250);
#5250 = CARTESIAN_POINT('',(0.3,-1.5,0.));
#5251 = VERTEX_POINT('',#5252);
#5252 = CARTESIAN_POINT('',(0.3,-1.5,8.5E-02));
#5253 = LINE('',#5254,#5255);
#5254 = CARTESIAN_POINT('',(0.3,-1.5,0.));
#5255 = VECTOR('',#5256,1.);
#5256 = DIRECTION('',(0.,0.,1.));
#5257 = ORIENTED_EDGE('',*,*,#5258,.T.);
#5258 = EDGE_CURVE('',#5249,#5259,#5261,.T.);
#5259 = VERTEX_POINT('',#5260);
#5260 = CARTESIAN_POINT('',(0.3,-1.1,0.));
#5261 = LINE('',#5262,#5263);
#5262 = CARTESIAN_POINT('',(0.3,-1.5,0.));
#5263 = VECTOR('',#5264,1.);
#5264 = DIRECTION('',(-0.,1.,0.));
#5265 = ORIENTED_EDGE('',*,*,#5266,.T.);
#5266 = EDGE_CURVE('',#5259,#5267,#5269,.T.);
#5267 = VERTEX_POINT('',#5268);
#5268 = CARTESIAN_POINT('',(0.3,-1.1,8.5E-02));
#5269 = LINE('',#5270,#5271);
#5270 = CARTESIAN_POINT('',(0.3,-1.1,0.));
#5271 = VECTOR('',#5272,1.);
#5272 = DIRECTION('',(0.,0.,1.));
#5273 = ORIENTED_EDGE('',*,*,#5274,.F.);
#5274 = EDGE_CURVE('',#5251,#5267,#5275,.T.);
#5275 = LINE('',#5276,#5277);
#5276 = CARTESIAN_POINT('',(0.3,-1.5,8.5E-02));
#5277 = VECTOR('',#5278,1.);
#5278 = DIRECTION('',(-0.,1.,0.));
#5279 = PLANE('',#5280);
#5280 = AXIS2_PLACEMENT_3D('',#5281,#5282,#5283);
#5281 = CARTESIAN_POINT('',(0.3,-1.5,0.));
#5282 = DIRECTION('',(1.,0.,-0.));
#5283 = DIRECTION('',(0.,0.,1.));
#5284 = ADVANCED_FACE('',(#5285),#5319,.T.);
#5285 = FACE_BOUND('',#5286,.T.);
#5286 = EDGE_LOOP('',(#5287,#5297,#5305,#5313));
#5287 = ORIENTED_EDGE('',*,*,#5288,.F.);
#5288 = EDGE_CURVE('',#5289,#5291,#5293,.T.);
#5289 = VERTEX_POINT('',#5290);
#5290 = CARTESIAN_POINT('',(0.5,-1.5,0.));
#5291 = VERTEX_POINT('',#5292);
#5292 = CARTESIAN_POINT('',(0.5,-1.5,8.5E-02));
#5293 = LINE('',#5294,#5295);
#5294 = CARTESIAN_POINT('',(0.5,-1.5,0.));
#5295 = VECTOR('',#5296,1.);
#5296 = DIRECTION('',(0.,0.,1.));
#5297 = ORIENTED_EDGE('',*,*,#5298,.T.);
#5298 = EDGE_CURVE('',#5289,#5299,#5301,.T.);
#5299 = VERTEX_POINT('',#5300);
#5300 = CARTESIAN_POINT('',(0.5,-1.1,0.));
#5301 = LINE('',#5302,#5303);
#5302 = CARTESIAN_POINT('',(0.5,-1.5,0.));
#5303 = VECTOR('',#5304,1.);
#5304 = DIRECTION('',(-0.,1.,0.));
#5305 = ORIENTED_EDGE('',*,*,#5306,.T.);
#5306 = EDGE_CURVE('',#5299,#5307,#5309,.T.);
#5307 = VERTEX_POINT('',#5308);
#5308 = CARTESIAN_POINT('',(0.5,-1.1,8.5E-02));
#5309 = LINE('',#5310,#5311);
#5310 = CARTESIAN_POINT('',(0.5,-1.1,0.));
#5311 = VECTOR('',#5312,1.);
#5312 = DIRECTION('',(0.,0.,1.));
#5313 = ORIENTED_EDGE('',*,*,#5314,.F.);
#5314 = EDGE_CURVE('',#5291,#5307,#5315,.T.);
#5315 = LINE('',#5316,#5317);
#5316 = CARTESIAN_POINT('',(0.5,-1.5,8.5E-02));
#5317 = VECTOR('',#5318,1.);
#5318 = DIRECTION('',(-0.,1.,0.));
#5319 = PLANE('',#5320);
#5320 = AXIS2_PLACEMENT_3D('',#5321,#5322,#5323);
#5321 = CARTESIAN_POINT('',(0.5,-1.5,0.));
#5322 = DIRECTION('',(1.,0.,-0.));
#5323 = DIRECTION('',(0.,0.,1.));
#5324 = ADVANCED_FACE('',(#5325),#5341,.F.);
#5325 = FACE_BOUND('',#5326,.F.);
#5326 = EDGE_LOOP('',(#5327,#5333,#5334,#5340));
#5327 = ORIENTED_EDGE('',*,*,#5328,.F.);
#5328 = EDGE_CURVE('',#5249,#5289,#5329,.T.);
#5329 = LINE('',#5330,#5331);
#5330 = CARTESIAN_POINT('',(0.3,-1.5,0.));
#5331 = VECTOR('',#5332,1.);
#5332 = DIRECTION('',(1.,0.,-0.));
#5333 = ORIENTED_EDGE('',*,*,#5248,.T.);
#5334 = ORIENTED_EDGE('',*,*,#5335,.T.);
#5335 = EDGE_CURVE('',#5251,#5291,#5336,.T.);
#5336 = LINE('',#5337,#5338);
#5337 = CARTESIAN_POINT('',(0.3,-1.5,8.5E-02));
#5338 = VECTOR('',#5339,1.);
#5339 = DIRECTION('',(1.,0.,-0.));
#5340 = ORIENTED_EDGE('',*,*,#5288,.F.);
#5341 = PLANE('',#5342);
#5342 = AXIS2_PLACEMENT_3D('',#5343,#5344,#5345);
#5343 = CARTESIAN_POINT('',(0.3,-1.5,0.));
#5344 = DIRECTION('',(-0.,1.,0.));
#5345 = DIRECTION('',(0.,0.,1.));
#5346 = ADVANCED_FACE('',(#5347),#5363,.T.);
#5347 = FACE_BOUND('',#5348,.T.);
#5348 = EDGE_LOOP('',(#5349,#5355,#5356,#5362));
#5349 = ORIENTED_EDGE('',*,*,#5350,.F.);
#5350 = EDGE_CURVE('',#5259,#5299,#5351,.T.);
#5351 = LINE('',#5352,#5353);
#5352 = CARTESIAN_POINT('',(0.3,-1.1,0.));
#5353 = VECTOR('',#5354,1.);
#5354 = DIRECTION('',(1.,0.,-0.));
#5355 = ORIENTED_EDGE('',*,*,#5266,.T.);
#5356 = ORIENTED_EDGE('',*,*,#5357,.T.);
#5357 = EDGE_CURVE('',#5267,#5307,#5358,.T.);
#5358 = LINE('',#5359,#5360);
#5359 = CARTESIAN_POINT('',(0.3,-1.1,8.5E-02));
#5360 = VECTOR('',#5361,1.);
#5361 = DIRECTION('',(1.,0.,-0.));
#5362 = ORIENTED_EDGE('',*,*,#5306,.F.);
#5363 = PLANE('',#5364);
#5364 = AXIS2_PLACEMENT_3D('',#5365,#5366,#5367);
#5365 = CARTESIAN_POINT('',(0.3,-1.1,0.));
#5366 = DIRECTION('',(-0.,1.,0.));
#5367 = DIRECTION('',(0.,0.,1.));
#5368 = ADVANCED_FACE('',(#5369),#5375,.F.);
#5369 = FACE_BOUND('',#5370,.F.);
#5370 = EDGE_LOOP('',(#5371,#5372,#5373,#5374));
#5371 = ORIENTED_EDGE('',*,*,#5258,.F.);
#5372 = ORIENTED_EDGE('',*,*,#5328,.T.);
#5373 = ORIENTED_EDGE('',*,*,#5298,.T.);
#5374 = ORIENTED_EDGE('',*,*,#5350,.F.);
#5375 = PLANE('',#5376);
#5376 = AXIS2_PLACEMENT_3D('',#5377,#5378,#5379);
#5377 = CARTESIAN_POINT('',(0.3,-1.5,0.));
#5378 = DIRECTION('',(0.,0.,1.));
#5379 = DIRECTION('',(1.,0.,-0.));
#5380 = ADVANCED_FACE('',(#5381),#5387,.T.);
#5381 = FACE_BOUND('',#5382,.T.);
#5382 = EDGE_LOOP('',(#5383,#5384,#5385,#5386));
#5383 = ORIENTED_EDGE('',*,*,#5274,.F.);
#5384 = ORIENTED_EDGE('',*,*,#5335,.T.);
#5385 = ORIENTED_EDGE('',*,*,#5314,.T.);
#5386 = ORIENTED_EDGE('',*,*,#5357,.F.);
#5387 = PLANE('',#5388);
#5388 = AXIS2_PLACEMENT_3D('',#5389,#5390,#5391);
#5389 = CARTESIAN_POINT('',(0.3,-1.5,8.5E-02));
#5390 = DIRECTION('',(0.,0.,1.));
#5391 = DIRECTION('',(1.,0.,-0.));
#5392 = MANIFOLD_SOLID_BREP('',#5393);
#5393 = CLOSED_SHELL('',(#5394,#5434,#5474,#5496,#5518,#5530));
#5394 = ADVANCED_FACE('',(#5395),#5429,.F.);
#5395 = FACE_BOUND('',#5396,.F.);
#5396 = EDGE_LOOP('',(#5397,#5407,#5415,#5423));
#5397 = ORIENTED_EDGE('',*,*,#5398,.F.);
#5398 = EDGE_CURVE('',#5399,#5401,#5403,.T.);
#5399 = VERTEX_POINT('',#5400);
#5400 = CARTESIAN_POINT('',(1.1,0.7,0.));
#5401 = VERTEX_POINT('',#5402);
#5402 = CARTESIAN_POINT('',(1.1,0.7,8.5E-02));
#5403 = LINE('',#5404,#5405);
#5404 = CARTESIAN_POINT('',(1.1,0.7,0.));
#5405 = VECTOR('',#5406,1.);
#5406 = DIRECTION('',(0.,0.,1.));
#5407 = ORIENTED_EDGE('',*,*,#5408,.T.);
#5408 = EDGE_CURVE('',#5399,#5409,#5411,.T.);
#5409 = VERTEX_POINT('',#5410);
#5410 = CARTESIAN_POINT('',(1.1,0.9,0.));
#5411 = LINE('',#5412,#5413);
#5412 = CARTESIAN_POINT('',(1.1,0.7,0.));
#5413 = VECTOR('',#5414,1.);
#5414 = DIRECTION('',(-0.,1.,0.));
#5415 = ORIENTED_EDGE('',*,*,#5416,.T.);
#5416 = EDGE_CURVE('',#5409,#5417,#5419,.T.);
#5417 = VERTEX_POINT('',#5418);
#5418 = CARTESIAN_POINT('',(1.1,0.9,8.5E-02));
#5419 = LINE('',#5420,#5421);
#5420 = CARTESIAN_POINT('',(1.1,0.9,0.));
#5421 = VECTOR('',#5422,1.);
#5422 = DIRECTION('',(0.,0.,1.));
#5423 = ORIENTED_EDGE('',*,*,#5424,.F.);
#5424 = EDGE_CURVE('',#5401,#5417,#5425,.T.);
#5425 = LINE('',#5426,#5427);
#5426 = CARTESIAN_POINT('',(1.1,0.7,8.5E-02));
#5427 = VECTOR('',#5428,1.);
#5428 = DIRECTION('',(-0.,1.,0.));
#5429 = PLANE('',#5430);
#5430 = AXIS2_PLACEMENT_3D('',#5431,#5432,#5433);
#5431 = CARTESIAN_POINT('',(1.1,0.7,0.));
#5432 = DIRECTION('',(1.,0.,-0.));
#5433 = DIRECTION('',(0.,0.,1.));
#5434 = ADVANCED_FACE('',(#5435),#5469,.T.);
#5435 = FACE_BOUND('',#5436,.T.);
#5436 = EDGE_LOOP('',(#5437,#5447,#5455,#5463));
#5437 = ORIENTED_EDGE('',*,*,#5438,.F.);
#5438 = EDGE_CURVE('',#5439,#5441,#5443,.T.);
#5439 = VERTEX_POINT('',#5440);
#5440 = CARTESIAN_POINT('',(1.5,0.7,0.));
#5441 = VERTEX_POINT('',#5442);
#5442 = CARTESIAN_POINT('',(1.5,0.7,8.5E-02));
#5443 = LINE('',#5444,#5445);
#5444 = CARTESIAN_POINT('',(1.5,0.7,0.));
#5445 = VECTOR('',#5446,1.);
#5446 = DIRECTION('',(0.,0.,1.));
#5447 = ORIENTED_EDGE('',*,*,#5448,.T.);
#5448 = EDGE_CURVE('',#5439,#5449,#5451,.T.);
#5449 = VERTEX_POINT('',#5450);
#5450 = CARTESIAN_POINT('',(1.5,0.9,0.));
#5451 = LINE('',#5452,#5453);
#5452 = CARTESIAN_POINT('',(1.5,0.7,0.));
#5453 = VECTOR('',#5454,1.);
#5454 = DIRECTION('',(-0.,1.,0.));
#5455 = ORIENTED_EDGE('',*,*,#5456,.T.);
#5456 = EDGE_CURVE('',#5449,#5457,#5459,.T.);
#5457 = VERTEX_POINT('',#5458);
#5458 = CARTESIAN_POINT('',(1.5,0.9,8.5E-02));
#5459 = LINE('',#5460,#5461);
#5460 = CARTESIAN_POINT('',(1.5,0.9,0.));
#5461 = VECTOR('',#5462,1.);
#5462 = DIRECTION('',(0.,0.,1.));
#5463 = ORIENTED_EDGE('',*,*,#5464,.F.);
#5464 = EDGE_CURVE('',#5441,#5457,#5465,.T.);
#5465 = LINE('',#5466,#5467);
#5466 = CARTESIAN_POINT('',(1.5,0.7,8.5E-02));
#5467 = VECTOR('',#5468,1.);
#5468 = DIRECTION('',(-0.,1.,0.));
#5469 = PLANE('',#5470);
#5470 = AXIS2_PLACEMENT_3D('',#5471,#5472,#5473);
#5471 = CARTESIAN_POINT('',(1.5,0.7,0.));
#5472 = DIRECTION('',(1.,0.,-0.));
#5473 = DIRECTION('',(0.,0.,1.));
#5474 = ADVANCED_FACE('',(#5475),#5491,.F.);
#5475 = FACE_BOUND('',#5476,.F.);
#5476 = EDGE_LOOP('',(#5477,#5483,#5484,#5490));
#5477 = ORIENTED_EDGE('',*,*,#5478,.F.);
#5478 = EDGE_CURVE('',#5399,#5439,#5479,.T.);
#5479 = LINE('',#5480,#5481);
#5480 = CARTESIAN_POINT('',(1.1,0.7,0.));
#5481 = VECTOR('',#5482,1.);
#5482 = DIRECTION('',(1.,0.,-0.));
#5483 = ORIENTED_EDGE('',*,*,#5398,.T.);
#5484 = ORIENTED_EDGE('',*,*,#5485,.T.);
#5485 = EDGE_CURVE('',#5401,#5441,#5486,.T.);
#5486 = LINE('',#5487,#5488);
#5487 = CARTESIAN_POINT('',(1.1,0.7,8.5E-02));
#5488 = VECTOR('',#5489,1.);
#5489 = DIRECTION('',(1.,0.,-0.));
#5490 = ORIENTED_EDGE('',*,*,#5438,.F.);
#5491 = PLANE('',#5492);
#5492 = AXIS2_PLACEMENT_3D('',#5493,#5494,#5495);
#5493 = CARTESIAN_POINT('',(1.1,0.7,0.));
#5494 = DIRECTION('',(-0.,1.,0.));
#5495 = DIRECTION('',(0.,0.,1.));
#5496 = ADVANCED_FACE('',(#5497),#5513,.T.);
#5497 = FACE_BOUND('',#5498,.T.);
#5498 = EDGE_LOOP('',(#5499,#5505,#5506,#5512));
#5499 = ORIENTED_EDGE('',*,*,#5500,.F.);
#5500 = EDGE_CURVE('',#5409,#5449,#5501,.T.);
#5501 = LINE('',#5502,#5503);
#5502 = CARTESIAN_POINT('',(1.1,0.9,0.));
#5503 = VECTOR('',#5504,1.);
#5504 = DIRECTION('',(1.,0.,-0.));
#5505 = ORIENTED_EDGE('',*,*,#5416,.T.);
#5506 = ORIENTED_EDGE('',*,*,#5507,.T.);
#5507 = EDGE_CURVE('',#5417,#5457,#5508,.T.);
#5508 = LINE('',#5509,#5510);
#5509 = CARTESIAN_POINT('',(1.1,0.9,8.5E-02));
#5510 = VECTOR('',#5511,1.);
#5511 = DIRECTION('',(1.,0.,-0.));
#5512 = ORIENTED_EDGE('',*,*,#5456,.F.);
#5513 = PLANE('',#5514);
#5514 = AXIS2_PLACEMENT_3D('',#5515,#5516,#5517);
#5515 = CARTESIAN_POINT('',(1.1,0.9,0.));
#5516 = DIRECTION('',(-0.,1.,0.));
#5517 = DIRECTION('',(0.,0.,1.));
#5518 = ADVANCED_FACE('',(#5519),#5525,.F.);
#5519 = FACE_BOUND('',#5520,.F.);
#5520 = EDGE_LOOP('',(#5521,#5522,#5523,#5524));
#5521 = ORIENTED_EDGE('',*,*,#5408,.F.);
#5522 = ORIENTED_EDGE('',*,*,#5478,.T.);
#5523 = ORIENTED_EDGE('',*,*,#5448,.T.);
#5524 = ORIENTED_EDGE('',*,*,#5500,.F.);
#5525 = PLANE('',#5526);
#5526 = AXIS2_PLACEMENT_3D('',#5527,#5528,#5529);
#5527 = CARTESIAN_POINT('',(1.1,0.7,0.));
#5528 = DIRECTION('',(0.,0.,1.));
#5529 = DIRECTION('',(1.,0.,-0.));
#5530 = ADVANCED_FACE('',(#5531),#5537,.T.);
#5531 = FACE_BOUND('',#5532,.T.);
#5532 = EDGE_LOOP('',(#5533,#5534,#5535,#5536));
#5533 = ORIENTED_EDGE('',*,*,#5424,.F.);
#5534 = ORIENTED_EDGE('',*,*,#5485,.T.);
#5535 = ORIENTED_EDGE('',*,*,#5464,.T.);
#5536 = ORIENTED_EDGE('',*,*,#5507,.F.);
#5537 = PLANE('',#5538);
#5538 = AXIS2_PLACEMENT_3D('',#5539,#5540,#5541);
#5539 = CARTESIAN_POINT('',(1.1,0.7,8.5E-02));
#5540 = DIRECTION('',(0.,0.,1.));
#5541 = DIRECTION('',(1.,0.,-0.));
#5542 = MANIFOLD_SOLID_BREP('',#5543);
#5543 = CLOSED_SHELL('',(#5544,#5584,#5624,#5646,#5668,#5680));
#5544 = ADVANCED_FACE('',(#5545),#5579,.F.);
#5545 = FACE_BOUND('',#5546,.F.);
#5546 = EDGE_LOOP('',(#5547,#5557,#5565,#5573));
#5547 = ORIENTED_EDGE('',*,*,#5548,.F.);
#5548 = EDGE_CURVE('',#5549,#5551,#5553,.T.);
#5549 = VERTEX_POINT('',#5550);
#5550 = CARTESIAN_POINT('',(-1.5,0.7,0.));
#5551 = VERTEX_POINT('',#5552);
#5552 = CARTESIAN_POINT('',(-1.5,0.7,8.5E-02));
#5553 = LINE('',#5554,#5555);
#5554 = CARTESIAN_POINT('',(-1.5,0.7,0.));
#5555 = VECTOR('',#5556,1.);
#5556 = DIRECTION('',(0.,0.,1.));
#5557 = ORIENTED_EDGE('',*,*,#5558,.T.);
#5558 = EDGE_CURVE('',#5549,#5559,#5561,.T.);
#5559 = VERTEX_POINT('',#5560);
#5560 = CARTESIAN_POINT('',(-1.5,0.9,0.));
#5561 = LINE('',#5562,#5563);
#5562 = CARTESIAN_POINT('',(-1.5,0.7,0.));
#5563 = VECTOR('',#5564,1.);
#5564 = DIRECTION('',(-0.,1.,0.));
#5565 = ORIENTED_EDGE('',*,*,#5566,.T.);
#5566 = EDGE_CURVE('',#5559,#5567,#5569,.T.);
#5567 = VERTEX_POINT('',#5568);
#5568 = CARTESIAN_POINT('',(-1.5,0.9,8.5E-02));
#5569 = LINE('',#5570,#5571);
#5570 = CARTESIAN_POINT('',(-1.5,0.9,0.));
#5571 = VECTOR('',#5572,1.);
#5572 = DIRECTION('',(0.,0.,1.));
#5573 = ORIENTED_EDGE('',*,*,#5574,.F.);
#5574 = EDGE_CURVE('',#5551,#5567,#5575,.T.);
#5575 = LINE('',#5576,#5577);
#5576 = CARTESIAN_POINT('',(-1.5,0.7,8.5E-02));
#5577 = VECTOR('',#5578,1.);
#5578 = DIRECTION('',(-0.,1.,0.));
#5579 = PLANE('',#5580);
#5580 = AXIS2_PLACEMENT_3D('',#5581,#5582,#5583);
#5581 = CARTESIAN_POINT('',(-1.5,0.7,0.));
#5582 = DIRECTION('',(1.,0.,-0.));
#5583 = DIRECTION('',(0.,0.,1.));
#5584 = ADVANCED_FACE('',(#5585),#5619,.T.);
#5585 = FACE_BOUND('',#5586,.T.);
#5586 = EDGE_LOOP('',(#5587,#5597,#5605,#5613));
#5587 = ORIENTED_EDGE('',*,*,#5588,.F.);
#5588 = EDGE_CURVE('',#5589,#5591,#5593,.T.);
#5589 = VERTEX_POINT('',#5590);
#5590 = CARTESIAN_POINT('',(-1.1,0.7,0.));
#5591 = VERTEX_POINT('',#5592);
#5592 = CARTESIAN_POINT('',(-1.1,0.7,8.5E-02));
#5593 = LINE('',#5594,#5595);
#5594 = CARTESIAN_POINT('',(-1.1,0.7,0.));
#5595 = VECTOR('',#5596,1.);
#5596 = DIRECTION('',(0.,0.,1.));
#5597 = ORIENTED_EDGE('',*,*,#5598,.T.);
#5598 = EDGE_CURVE('',#5589,#5599,#5601,.T.);
#5599 = VERTEX_POINT('',#5600);
#5600 = CARTESIAN_POINT('',(-1.1,0.9,0.));
#5601 = LINE('',#5602,#5603);
#5602 = CARTESIAN_POINT('',(-1.1,0.7,0.));
#5603 = VECTOR('',#5604,1.);
#5604 = DIRECTION('',(-0.,1.,0.));
#5605 = ORIENTED_EDGE('',*,*,#5606,.T.);
#5606 = EDGE_CURVE('',#5599,#5607,#5609,.T.);
#5607 = VERTEX_POINT('',#5608);
#5608 = CARTESIAN_POINT('',(-1.1,0.9,8.5E-02));
#5609 = LINE('',#5610,#5611);
#5610 = CARTESIAN_POINT('',(-1.1,0.9,0.));
#5611 = VECTOR('',#5612,1.);
#5612 = DIRECTION('',(0.,0.,1.));
#5613 = ORIENTED_EDGE('',*,*,#5614,.F.);
#5614 = EDGE_CURVE('',#5591,#5607,#5615,.T.);
#5615 = LINE('',#5616,#5617);
#5616 = CARTESIAN_POINT('',(-1.1,0.7,8.5E-02));
#5617 = VECTOR('',#5618,1.);
#5618 = DIRECTION('',(-0.,1.,0.));
#5619 = PLANE('',#5620);
#5620 = AXIS2_PLACEMENT_3D('',#5621,#5622,#5623);
#5621 = CARTESIAN_POINT('',(-1.1,0.7,0.));
#5622 = DIRECTION('',(1.,0.,-0.));
#5623 = DIRECTION('',(0.,0.,1.));
#5624 = ADVANCED_FACE('',(#5625),#5641,.F.);
#5625 = FACE_BOUND('',#5626,.F.);
#5626 = EDGE_LOOP('',(#5627,#5633,#5634,#5640));
#5627 = ORIENTED_EDGE('',*,*,#5628,.F.);
#5628 = EDGE_CURVE('',#5549,#5589,#5629,.T.);
#5629 = LINE('',#5630,#5631);
#5630 = CARTESIAN_POINT('',(-1.5,0.7,0.));
#5631 = VECTOR('',#5632,1.);
#5632 = DIRECTION('',(1.,0.,-0.));
#5633 = ORIENTED_EDGE('',*,*,#5548,.T.);
#5634 = ORIENTED_EDGE('',*,*,#5635,.T.);
#5635 = EDGE_CURVE('',#5551,#5591,#5636,.T.);
#5636 = LINE('',#5637,#5638);
#5637 = CARTESIAN_POINT('',(-1.5,0.7,8.5E-02));
#5638 = VECTOR('',#5639,1.);
#5639 = DIRECTION('',(1.,0.,-0.));
#5640 = ORIENTED_EDGE('',*,*,#5588,.F.);
#5641 = PLANE('',#5642);
#5642 = AXIS2_PLACEMENT_3D('',#5643,#5644,#5645);
#5643 = CARTESIAN_POINT('',(-1.5,0.7,0.));
#5644 = DIRECTION('',(-0.,1.,0.));
#5645 = DIRECTION('',(0.,0.,1.));
#5646 = ADVANCED_FACE('',(#5647),#5663,.T.);
#5647 = FACE_BOUND('',#5648,.T.);
#5648 = EDGE_LOOP('',(#5649,#5655,#5656,#5662));
#5649 = ORIENTED_EDGE('',*,*,#5650,.F.);
#5650 = EDGE_CURVE('',#5559,#5599,#5651,.T.);
#5651 = LINE('',#5652,#5653);
#5652 = CARTESIAN_POINT('',(-1.5,0.9,0.));
#5653 = VECTOR('',#5654,1.);
#5654 = DIRECTION('',(1.,0.,-0.));
#5655 = ORIENTED_EDGE('',*,*,#5566,.T.);
#5656 = ORIENTED_EDGE('',*,*,#5657,.T.);
#5657 = EDGE_CURVE('',#5567,#5607,#5658,.T.);
#5658 = LINE('',#5659,#5660);
#5659 = CARTESIAN_POINT('',(-1.5,0.9,8.5E-02));
#5660 = VECTOR('',#5661,1.);
#5661 = DIRECTION('',(1.,0.,-0.));
#5662 = ORIENTED_EDGE('',*,*,#5606,.F.);
#5663 = PLANE('',#5664);
#5664 = AXIS2_PLACEMENT_3D('',#5665,#5666,#5667);
#5665 = CARTESIAN_POINT('',(-1.5,0.9,0.));
#5666 = DIRECTION('',(-0.,1.,0.));
#5667 = DIRECTION('',(0.,0.,1.));
#5668 = ADVANCED_FACE('',(#5669),#5675,.F.);
#5669 = FACE_BOUND('',#5670,.F.);
#5670 = EDGE_LOOP('',(#5671,#5672,#5673,#5674));
#5671 = ORIENTED_EDGE('',*,*,#5558,.F.);
#5672 = ORIENTED_EDGE('',*,*,#5628,.T.);
#5673 = ORIENTED_EDGE('',*,*,#5598,.T.);
#5674 = ORIENTED_EDGE('',*,*,#5650,.F.);
#5675 = PLANE('',#5676);
#5676 = AXIS2_PLACEMENT_3D('',#5677,#5678,#5679);
#5677 = CARTESIAN_POINT('',(-1.5,0.7,0.));
#5678 = DIRECTION('',(0.,0.,1.));
#5679 = DIRECTION('',(1.,0.,-0.));
#5680 = ADVANCED_FACE('',(#5681),#5687,.T.);
#5681 = FACE_BOUND('',#5682,.T.);
#5682 = EDGE_LOOP('',(#5683,#5684,#5685,#5686));
#5683 = ORIENTED_EDGE('',*,*,#5574,.F.);
#5684 = ORIENTED_EDGE('',*,*,#5635,.T.);
#5685 = ORIENTED_EDGE('',*,*,#5614,.T.);
#5686 = ORIENTED_EDGE('',*,*,#5657,.F.);
#5687 = PLANE('',#5688);
#5688 = AXIS2_PLACEMENT_3D('',#5689,#5690,#5691);
#5689 = CARTESIAN_POINT('',(-1.5,0.7,8.5E-02));
#5690 = DIRECTION('',(0.,0.,1.));
#5691 = DIRECTION('',(1.,0.,-0.));
#5692 = MANIFOLD_SOLID_BREP('',#5693);
#5693 = CLOSED_SHELL('',(#5694,#5734,#5774,#5796,#5818,#5830));
#5694 = ADVANCED_FACE('',(#5695),#5729,.F.);
#5695 = FACE_BOUND('',#5696,.F.);
#5696 = EDGE_LOOP('',(#5697,#5707,#5715,#5723));
#5697 = ORIENTED_EDGE('',*,*,#5698,.F.);
#5698 = EDGE_CURVE('',#5699,#5701,#5703,.T.);
#5699 = VERTEX_POINT('',#5700);
#5700 = CARTESIAN_POINT('',(0.7,1.1,0.));
#5701 = VERTEX_POINT('',#5702);
#5702 = CARTESIAN_POINT('',(0.7,1.1,8.5E-02));
#5703 = LINE('',#5704,#5705);
#5704 = CARTESIAN_POINT('',(0.7,1.1,0.));
#5705 = VECTOR('',#5706,1.);
#5706 = DIRECTION('',(0.,0.,1.));
#5707 = ORIENTED_EDGE('',*,*,#5708,.T.);
#5708 = EDGE_CURVE('',#5699,#5709,#5711,.T.);
#5709 = VERTEX_POINT('',#5710);
#5710 = CARTESIAN_POINT('',(0.7,1.5,0.));
#5711 = LINE('',#5712,#5713);
#5712 = CARTESIAN_POINT('',(0.7,1.1,0.));
#5713 = VECTOR('',#5714,1.);
#5714 = DIRECTION('',(-0.,1.,0.));
#5715 = ORIENTED_EDGE('',*,*,#5716,.T.);
#5716 = EDGE_CURVE('',#5709,#5717,#5719,.T.);
#5717 = VERTEX_POINT('',#5718);
#5718 = CARTESIAN_POINT('',(0.7,1.5,8.5E-02));
#5719 = LINE('',#5720,#5721);
#5720 = CARTESIAN_POINT('',(0.7,1.5,0.));
#5721 = VECTOR('',#5722,1.);
#5722 = DIRECTION('',(0.,0.,1.));
#5723 = ORIENTED_EDGE('',*,*,#5724,.F.);
#5724 = EDGE_CURVE('',#5701,#5717,#5725,.T.);
#5725 = LINE('',#5726,#5727);
#5726 = CARTESIAN_POINT('',(0.7,1.1,8.5E-02));
#5727 = VECTOR('',#5728,1.);
#5728 = DIRECTION('',(-0.,1.,0.));
#5729 = PLANE('',#5730);
#5730 = AXIS2_PLACEMENT_3D('',#5731,#5732,#5733);
#5731 = CARTESIAN_POINT('',(0.7,1.1,0.));
#5732 = DIRECTION('',(1.,0.,-0.));
#5733 = DIRECTION('',(0.,0.,1.));
#5734 = ADVANCED_FACE('',(#5735),#5769,.T.);
#5735 = FACE_BOUND('',#5736,.T.);
#5736 = EDGE_LOOP('',(#5737,#5747,#5755,#5763));
#5737 = ORIENTED_EDGE('',*,*,#5738,.F.);
#5738 = EDGE_CURVE('',#5739,#5741,#5743,.T.);
#5739 = VERTEX_POINT('',#5740);
#5740 = CARTESIAN_POINT('',(0.9,1.1,0.));
#5741 = VERTEX_POINT('',#5742);
#5742 = CARTESIAN_POINT('',(0.9,1.1,8.5E-02));
#5743 = LINE('',#5744,#5745);
#5744 = CARTESIAN_POINT('',(0.9,1.1,0.));
#5745 = VECTOR('',#5746,1.);
#5746 = DIRECTION('',(0.,0.,1.));
#5747 = ORIENTED_EDGE('',*,*,#5748,.T.);
#5748 = EDGE_CURVE('',#5739,#5749,#5751,.T.);
#5749 = VERTEX_POINT('',#5750);
#5750 = CARTESIAN_POINT('',(0.9,1.5,0.));
#5751 = LINE('',#5752,#5753);
#5752 = CARTESIAN_POINT('',(0.9,1.1,0.));
#5753 = VECTOR('',#5754,1.);
#5754 = DIRECTION('',(-0.,1.,0.));
#5755 = ORIENTED_EDGE('',*,*,#5756,.T.);
#5756 = EDGE_CURVE('',#5749,#5757,#5759,.T.);
#5757 = VERTEX_POINT('',#5758);
#5758 = CARTESIAN_POINT('',(0.9,1.5,8.5E-02));
#5759 = LINE('',#5760,#5761);
#5760 = CARTESIAN_POINT('',(0.9,1.5,0.));
#5761 = VECTOR('',#5762,1.);
#5762 = DIRECTION('',(0.,0.,1.));
#5763 = ORIENTED_EDGE('',*,*,#5764,.F.);
#5764 = EDGE_CURVE('',#5741,#5757,#5765,.T.);
#5765 = LINE('',#5766,#5767);
#5766 = CARTESIAN_POINT('',(0.9,1.1,8.5E-02));
#5767 = VECTOR('',#5768,1.);
#5768 = DIRECTION('',(-0.,1.,0.));
#5769 = PLANE('',#5770);
#5770 = AXIS2_PLACEMENT_3D('',#5771,#5772,#5773);
#5771 = CARTESIAN_POINT('',(0.9,1.1,0.));
#5772 = DIRECTION('',(1.,0.,-0.));
#5773 = DIRECTION('',(0.,0.,1.));
#5774 = ADVANCED_FACE('',(#5775),#5791,.F.);
#5775 = FACE_BOUND('',#5776,.F.);
#5776 = EDGE_LOOP('',(#5777,#5783,#5784,#5790));
#5777 = ORIENTED_EDGE('',*,*,#5778,.F.);
#5778 = EDGE_CURVE('',#5699,#5739,#5779,.T.);
#5779 = LINE('',#5780,#5781);
#5780 = CARTESIAN_POINT('',(0.7,1.1,0.));
#5781 = VECTOR('',#5782,1.);
#5782 = DIRECTION('',(1.,0.,-0.));
#5783 = ORIENTED_EDGE('',*,*,#5698,.T.);
#5784 = ORIENTED_EDGE('',*,*,#5785,.T.);
#5785 = EDGE_CURVE('',#5701,#5741,#5786,.T.);
#5786 = LINE('',#5787,#5788);
#5787 = CARTESIAN_POINT('',(0.7,1.1,8.5E-02));
#5788 = VECTOR('',#5789,1.);
#5789 = DIRECTION('',(1.,0.,-0.));
#5790 = ORIENTED_EDGE('',*,*,#5738,.F.);
#5791 = PLANE('',#5792);
#5792 = AXIS2_PLACEMENT_3D('',#5793,#5794,#5795);
#5793 = CARTESIAN_POINT('',(0.7,1.1,0.));
#5794 = DIRECTION('',(-0.,1.,0.));
#5795 = DIRECTION('',(0.,0.,1.));
#5796 = ADVANCED_FACE('',(#5797),#5813,.T.);
#5797 = FACE_BOUND('',#5798,.T.);
#5798 = EDGE_LOOP('',(#5799,#5805,#5806,#5812));
#5799 = ORIENTED_EDGE('',*,*,#5800,.F.);
#5800 = EDGE_CURVE('',#5709,#5749,#5801,.T.);
#5801 = LINE('',#5802,#5803);
#5802 = CARTESIAN_POINT('',(0.7,1.5,0.));
#5803 = VECTOR('',#5804,1.);
#5804 = DIRECTION('',(1.,0.,-0.));
#5805 = ORIENTED_EDGE('',*,*,#5716,.T.);
#5806 = ORIENTED_EDGE('',*,*,#5807,.T.);
#5807 = EDGE_CURVE('',#5717,#5757,#5808,.T.);
#5808 = LINE('',#5809,#5810);
#5809 = CARTESIAN_POINT('',(0.7,1.5,8.5E-02));
#5810 = VECTOR('',#5811,1.);
#5811 = DIRECTION('',(1.,0.,-0.));
#5812 = ORIENTED_EDGE('',*,*,#5756,.F.);
#5813 = PLANE('',#5814);
#5814 = AXIS2_PLACEMENT_3D('',#5815,#5816,#5817);
#5815 = CARTESIAN_POINT('',(0.7,1.5,0.));
#5816 = DIRECTION('',(-0.,1.,0.));
#5817 = DIRECTION('',(0.,0.,1.));
#5818 = ADVANCED_FACE('',(#5819),#5825,.F.);
#5819 = FACE_BOUND('',#5820,.F.);
#5820 = EDGE_LOOP('',(#5821,#5822,#5823,#5824));
#5821 = ORIENTED_EDGE('',*,*,#5708,.F.);
#5822 = ORIENTED_EDGE('',*,*,#5778,.T.);
#5823 = ORIENTED_EDGE('',*,*,#5748,.T.);
#5824 = ORIENTED_EDGE('',*,*,#5800,.F.);
#5825 = PLANE('',#5826);
#5826 = AXIS2_PLACEMENT_3D('',#5827,#5828,#5829);
#5827 = CARTESIAN_POINT('',(0.7,1.1,0.));
#5828 = DIRECTION('',(0.,0.,1.));
#5829 = DIRECTION('',(1.,0.,-0.));
#5830 = ADVANCED_FACE('',(#5831),#5837,.T.);
#5831 = FACE_BOUND('',#5832,.T.);
#5832 = EDGE_LOOP('',(#5833,#5834,#5835,#5836));
#5833 = ORIENTED_EDGE('',*,*,#5724,.F.);
#5834 = ORIENTED_EDGE('',*,*,#5785,.T.);
#5835 = ORIENTED_EDGE('',*,*,#5764,.T.);
#5836 = ORIENTED_EDGE('',*,*,#5807,.F.);
#5837 = PLANE('',#5838);
#5838 = AXIS2_PLACEMENT_3D('',#5839,#5840,#5841);
#5839 = CARTESIAN_POINT('',(0.7,1.1,8.5E-02));
#5840 = DIRECTION('',(0.,0.,1.));
#5841 = DIRECTION('',(1.,0.,-0.));
#5842 = MANIFOLD_SOLID_BREP('',#5843);
#5843 = CLOSED_SHELL('',(#5844,#5884,#5924,#5946,#5968,#5980));
#5844 = ADVANCED_FACE('',(#5845),#5879,.F.);
#5845 = FACE_BOUND('',#5846,.F.);
#5846 = EDGE_LOOP('',(#5847,#5857,#5865,#5873));
#5847 = ORIENTED_EDGE('',*,*,#5848,.F.);
#5848 = EDGE_CURVE('',#5849,#5851,#5853,.T.);
#5849 = VERTEX_POINT('',#5850);
#5850 = CARTESIAN_POINT('',(0.7,-1.5,0.));
#5851 = VERTEX_POINT('',#5852);
#5852 = CARTESIAN_POINT('',(0.7,-1.5,8.5E-02));
#5853 = LINE('',#5854,#5855);
#5854 = CARTESIAN_POINT('',(0.7,-1.5,0.));
#5855 = VECTOR('',#5856,1.);
#5856 = DIRECTION('',(0.,0.,1.));
#5857 = ORIENTED_EDGE('',*,*,#5858,.T.);
#5858 = EDGE_CURVE('',#5849,#5859,#5861,.T.);
#5859 = VERTEX_POINT('',#5860);
#5860 = CARTESIAN_POINT('',(0.7,-1.1,0.));
#5861 = LINE('',#5862,#5863);
#5862 = CARTESIAN_POINT('',(0.7,-1.5,0.));
#5863 = VECTOR('',#5864,1.);
#5864 = DIRECTION('',(-0.,1.,0.));
#5865 = ORIENTED_EDGE('',*,*,#5866,.T.);
#5866 = EDGE_CURVE('',#5859,#5867,#5869,.T.);
#5867 = VERTEX_POINT('',#5868);
#5868 = CARTESIAN_POINT('',(0.7,-1.1,8.5E-02));
#5869 = LINE('',#5870,#5871);
#5870 = CARTESIAN_POINT('',(0.7,-1.1,0.));
#5871 = VECTOR('',#5872,1.);
#5872 = DIRECTION('',(0.,0.,1.));
#5873 = ORIENTED_EDGE('',*,*,#5874,.F.);
#5874 = EDGE_CURVE('',#5851,#5867,#5875,.T.);
#5875 = LINE('',#5876,#5877);
#5876 = CARTESIAN_POINT('',(0.7,-1.5,8.5E-02));
#5877 = VECTOR('',#5878,1.);
#5878 = DIRECTION('',(-0.,1.,0.));
#5879 = PLANE('',#5880);
#5880 = AXIS2_PLACEMENT_3D('',#5881,#5882,#5883);
#5881 = CARTESIAN_POINT('',(0.7,-1.5,0.));
#5882 = DIRECTION('',(1.,0.,-0.));
#5883 = DIRECTION('',(0.,0.,1.));
#5884 = ADVANCED_FACE('',(#5885),#5919,.T.);
#5885 = FACE_BOUND('',#5886,.T.);
#5886 = EDGE_LOOP('',(#5887,#5897,#5905,#5913));
#5887 = ORIENTED_EDGE('',*,*,#5888,.F.);
#5888 = EDGE_CURVE('',#5889,#5891,#5893,.T.);
#5889 = VERTEX_POINT('',#5890);
#5890 = CARTESIAN_POINT('',(0.9,-1.5,0.));
#5891 = VERTEX_POINT('',#5892);
#5892 = CARTESIAN_POINT('',(0.9,-1.5,8.5E-02));
#5893 = LINE('',#5894,#5895);
#5894 = CARTESIAN_POINT('',(0.9,-1.5,0.));
#5895 = VECTOR('',#5896,1.);
#5896 = DIRECTION('',(0.,0.,1.));
#5897 = ORIENTED_EDGE('',*,*,#5898,.T.);
#5898 = EDGE_CURVE('',#5889,#5899,#5901,.T.);
#5899 = VERTEX_POINT('',#5900);
#5900 = CARTESIAN_POINT('',(0.9,-1.1,0.));
#5901 = LINE('',#5902,#5903);
#5902 = CARTESIAN_POINT('',(0.9,-1.5,0.));
#5903 = VECTOR('',#5904,1.);
#5904 = DIRECTION('',(-0.,1.,0.));
#5905 = ORIENTED_EDGE('',*,*,#5906,.T.);
#5906 = EDGE_CURVE('',#5899,#5907,#5909,.T.);
#5907 = VERTEX_POINT('',#5908);
#5908 = CARTESIAN_POINT('',(0.9,-1.1,8.5E-02));
#5909 = LINE('',#5910,#5911);
#5910 = CARTESIAN_POINT('',(0.9,-1.1,0.));
#5911 = VECTOR('',#5912,1.);
#5912 = DIRECTION('',(0.,0.,1.));
#5913 = ORIENTED_EDGE('',*,*,#5914,.F.);
#5914 = EDGE_CURVE('',#5891,#5907,#5915,.T.);
#5915 = LINE('',#5916,#5917);
#5916 = CARTESIAN_POINT('',(0.9,-1.5,8.5E-02));
#5917 = VECTOR('',#5918,1.);
#5918 = DIRECTION('',(-0.,1.,0.));
#5919 = PLANE('',#5920);
#5920 = AXIS2_PLACEMENT_3D('',#5921,#5922,#5923);
#5921 = CARTESIAN_POINT('',(0.9,-1.5,0.));
#5922 = DIRECTION('',(1.,0.,-0.));
#5923 = DIRECTION('',(0.,0.,1.));
#5924 = ADVANCED_FACE('',(#5925),#5941,.F.);
#5925 = FACE_BOUND('',#5926,.F.);
#5926 = EDGE_LOOP('',(#5927,#5933,#5934,#5940));
#5927 = ORIENTED_EDGE('',*,*,#5928,.F.);
#5928 = EDGE_CURVE('',#5849,#5889,#5929,.T.);
#5929 = LINE('',#5930,#5931);
#5930 = CARTESIAN_POINT('',(0.7,-1.5,0.));
#5931 = VECTOR('',#5932,1.);
#5932 = DIRECTION('',(1.,0.,-0.));
#5933 = ORIENTED_EDGE('',*,*,#5848,.T.);
#5934 = ORIENTED_EDGE('',*,*,#5935,.T.);
#5935 = EDGE_CURVE('',#5851,#5891,#5936,.T.);
#5936 = LINE('',#5937,#5938);
#5937 = CARTESIAN_POINT('',(0.7,-1.5,8.5E-02));
#5938 = VECTOR('',#5939,1.);
#5939 = DIRECTION('',(1.,0.,-0.));
#5940 = ORIENTED_EDGE('',*,*,#5888,.F.);
#5941 = PLANE('',#5942);
#5942 = AXIS2_PLACEMENT_3D('',#5943,#5944,#5945);
#5943 = CARTESIAN_POINT('',(0.7,-1.5,0.));
#5944 = DIRECTION('',(-0.,1.,0.));
#5945 = DIRECTION('',(0.,0.,1.));
#5946 = ADVANCED_FACE('',(#5947),#5963,.T.);
#5947 = FACE_BOUND('',#5948,.T.);
#5948 = EDGE_LOOP('',(#5949,#5955,#5956,#5962));
#5949 = ORIENTED_EDGE('',*,*,#5950,.F.);
#5950 = EDGE_CURVE('',#5859,#5899,#5951,.T.);
#5951 = LINE('',#5952,#5953);
#5952 = CARTESIAN_POINT('',(0.7,-1.1,0.));
#5953 = VECTOR('',#5954,1.);
#5954 = DIRECTION('',(1.,0.,-0.));
#5955 = ORIENTED_EDGE('',*,*,#5866,.T.);
#5956 = ORIENTED_EDGE('',*,*,#5957,.T.);
#5957 = EDGE_CURVE('',#5867,#5907,#5958,.T.);
#5958 = LINE('',#5959,#5960);
#5959 = CARTESIAN_POINT('',(0.7,-1.1,8.5E-02));
#5960 = VECTOR('',#5961,1.);
#5961 = DIRECTION('',(1.,0.,-0.));
#5962 = ORIENTED_EDGE('',*,*,#5906,.F.);
#5963 = PLANE('',#5964);
#5964 = AXIS2_PLACEMENT_3D('',#5965,#5966,#5967);
#5965 = CARTESIAN_POINT('',(0.7,-1.1,0.));
#5966 = DIRECTION('',(-0.,1.,0.));
#5967 = DIRECTION('',(0.,0.,1.));
#5968 = ADVANCED_FACE('',(#5969),#5975,.F.);
#5969 = FACE_BOUND('',#5970,.F.);
#5970 = EDGE_LOOP('',(#5971,#5972,#5973,#5974));
#5971 = ORIENTED_EDGE('',*,*,#5858,.F.);
#5972 = ORIENTED_EDGE('',*,*,#5928,.T.);
#5973 = ORIENTED_EDGE('',*,*,#5898,.T.);
#5974 = ORIENTED_EDGE('',*,*,#5950,.F.);
#5975 = PLANE('',#5976);
#5976 = AXIS2_PLACEMENT_3D('',#5977,#5978,#5979);
#5977 = CARTESIAN_POINT('',(0.7,-1.5,0.));
#5978 = DIRECTION('',(0.,0.,1.));
#5979 = DIRECTION('',(1.,0.,-0.));
#5980 = ADVANCED_FACE('',(#5981),#5987,.T.);
#5981 = FACE_BOUND('',#5982,.T.);
#5982 = EDGE_LOOP('',(#5983,#5984,#5985,#5986));
#5983 = ORIENTED_EDGE('',*,*,#5874,.F.);
#5984 = ORIENTED_EDGE('',*,*,#5935,.T.);
#5985 = ORIENTED_EDGE('',*,*,#5914,.T.);
#5986 = ORIENTED_EDGE('',*,*,#5957,.F.);
#5987 = PLANE('',#5988);
#5988 = AXIS2_PLACEMENT_3D('',#5989,#5990,#5991);
#5989 = CARTESIAN_POINT('',(0.7,-1.5,8.5E-02));
#5990 = DIRECTION('',(0.,0.,1.));
#5991 = DIRECTION('',(1.,0.,-0.));
#5992 = ( GEOMETRIC_REPRESENTATION_CONTEXT(3) 
GLOBAL_UNCERTAINTY_ASSIGNED_CONTEXT((#5996)) 
GLOBAL_UNIT_ASSIGNED_CONTEXT((#5993,#5994,#5995)) REPRESENTATION_CONTEXT
('Context #1','3D Context with UNIT and UNCERTAINTY') );
#5993 = ( LENGTH_UNIT() NAMED_UNIT(*) SI_UNIT(.MILLI.,.METRE.) );
#5994 = ( NAMED_UNIT(*) PLANE_ANGLE_UNIT() SI_UNIT($,.RADIAN.) );
#5995 = ( NAMED_UNIT(*) SI_UNIT($,.STERADIAN.) SOLID_ANGLE_UNIT() );
#5996 = UNCERTAINTY_MEASURE_WITH_UNIT(LENGTH_MEASURE(1.E-07),#5993,
  'distance_accuracy_value','confusion accuracy');
#5997 = CONTEXT_DEPENDENT_SHAPE_REPRESENTATION(#5998,#6000);
#5998 = ( REPRESENTATION_RELATIONSHIP('','',#2991,#10) 
REPRESENTATION_RELATIONSHIP_WITH_TRANSFORMATION(#5999) 
SHAPE_REPRESENTATION_RELATIONSHIP() );
#5999 = ITEM_DEFINED_TRANSFORMATION('','',#11,#19);
#6000 = PRODUCT_DEFINITION_SHAPE('Placement','Placement of an item',
  #6001);
#6001 = NEXT_ASSEMBLY_USAGE_OCCURRENCE('38','leads_20x','',#5,#2986,$);
#6002 = PRODUCT_RELATED_PRODUCT_CATEGORY('part',$,(#2988));
#6003 = SHAPE_DEFINITION_REPRESENTATION(#6004,#6010);
#6004 = PRODUCT_DEFINITION_SHAPE('','',#6005);
#6005 = PRODUCT_DEFINITION('design','',#6006,#6009);
#6006 = PRODUCT_DEFINITION_FORMATION('','',#6007);
#6007 = PRODUCT('thermal_pad','thermal_pad','',(#6008));
#6008 = PRODUCT_CONTEXT('',#2,'mechanical');
#6009 = PRODUCT_DEFINITION_CONTEXT('part definition',#2,'design');
#6010 = ADVANCED_BREP_SHAPE_REPRESENTATION('',(#11,#6011),#6161);
#6011 = MANIFOLD_SOLID_BREP('',#6012);
#6012 = CLOSED_SHELL('',(#6013,#6053,#6093,#6115,#6137,#6149));
#6013 = ADVANCED_FACE('',(#6014),#6048,.F.);
#6014 = FACE_BOUND('',#6015,.F.);
#6015 = EDGE_LOOP('',(#6016,#6026,#6034,#6042));
#6016 = ORIENTED_EDGE('',*,*,#6017,.F.);
#6017 = EDGE_CURVE('',#6018,#6020,#6022,.T.);
#6018 = VERTEX_POINT('',#6019);
#6019 = CARTESIAN_POINT('',(-0.85,-0.85,0.));
#6020 = VERTEX_POINT('',#6021);
#6021 = CARTESIAN_POINT('',(-0.85,-0.85,8.5E-02));
#6022 = LINE('',#6023,#6024);
#6023 = CARTESIAN_POINT('',(-0.85,-0.85,0.));
#6024 = VECTOR('',#6025,1.);
#6025 = DIRECTION('',(0.,0.,1.));
#6026 = ORIENTED_EDGE('',*,*,#6027,.T.);
#6027 = EDGE_CURVE('',#6018,#6028,#6030,.T.);
#6028 = VERTEX_POINT('',#6029);
#6029 = CARTESIAN_POINT('',(-0.85,0.85,0.));
#6030 = LINE('',#6031,#6032);
#6031 = CARTESIAN_POINT('',(-0.85,-0.85,0.));
#6032 = VECTOR('',#6033,1.);
#6033 = DIRECTION('',(-0.,1.,0.));
#6034 = ORIENTED_EDGE('',*,*,#6035,.T.);
#6035 = EDGE_CURVE('',#6028,#6036,#6038,.T.);
#6036 = VERTEX_POINT('',#6037);
#6037 = CARTESIAN_POINT('',(-0.85,0.85,8.5E-02));
#6038 = LINE('',#6039,#6040);
#6039 = CARTESIAN_POINT('',(-0.85,0.85,0.));
#6040 = VECTOR('',#6041,1.);
#6041 = DIRECTION('',(0.,0.,1.));
#6042 = ORIENTED_EDGE('',*,*,#6043,.F.);
#6043 = EDGE_CURVE('',#6020,#6036,#6044,.T.);
#6044 = LINE('',#6045,#6046);
#6045 = CARTESIAN_POINT('',(-0.85,-0.85,8.5E-02));
#6046 = VECTOR('',#6047,1.);
#6047 = DIRECTION('',(-0.,1.,0.));
#6048 = PLANE('',#6049);
#6049 = AXIS2_PLACEMENT_3D('',#6050,#6051,#6052);
#6050 = CARTESIAN_POINT('',(-0.85,-0.85,0.));
#6051 = DIRECTION('',(1.,0.,-0.));
#6052 = DIRECTION('',(0.,0.,1.));
#6053 = ADVANCED_FACE('',(#6054),#6088,.T.);
#6054 = FACE_BOUND('',#6055,.T.);
#6055 = EDGE_LOOP('',(#6056,#6066,#6074,#6082));
#6056 = ORIENTED_EDGE('',*,*,#6057,.F.);
#6057 = EDGE_CURVE('',#6058,#6060,#6062,.T.);
#6058 = VERTEX_POINT('',#6059);
#6059 = CARTESIAN_POINT('',(0.85,-0.85,0.));
#6060 = VERTEX_POINT('',#6061);
#6061 = CARTESIAN_POINT('',(0.85,-0.85,8.5E-02));
#6062 = LINE('',#6063,#6064);
#6063 = CARTESIAN_POINT('',(0.85,-0.85,0.));
#6064 = VECTOR('',#6065,1.);
#6065 = DIRECTION('',(0.,0.,1.));
#6066 = ORIENTED_EDGE('',*,*,#6067,.T.);
#6067 = EDGE_CURVE('',#6058,#6068,#6070,.T.);
#6068 = VERTEX_POINT('',#6069);
#6069 = CARTESIAN_POINT('',(0.85,0.85,0.));
#6070 = LINE('',#6071,#6072);
#6071 = CARTESIAN_POINT('',(0.85,-0.85,0.));
#6072 = VECTOR('',#6073,1.);
#6073 = DIRECTION('',(-0.,1.,0.));
#6074 = ORIENTED_EDGE('',*,*,#6075,.T.);
#6075 = EDGE_CURVE('',#6068,#6076,#6078,.T.);
#6076 = VERTEX_POINT('',#6077);
#6077 = CARTESIAN_POINT('',(0.85,0.85,8.5E-02));
#6078 = LINE('',#6079,#6080);
#6079 = CARTESIAN_POINT('',(0.85,0.85,0.));
#6080 = VECTOR('',#6081,1.);
#6081 = DIRECTION('',(0.,0.,1.));
#6082 = ORIENTED_EDGE('',*,*,#6083,.F.);
#6083 = EDGE_CURVE('',#6060,#6076,#6084,.T.);
#6084 = LINE('',#6085,#6086);
#6085 = CARTESIAN_POINT('',(0.85,-0.85,8.5E-02));
#6086 = VECTOR('',#6087,1.);
#6087 = DIRECTION('',(-0.,1.,0.));
#6088 = PLANE('',#6089);
#6089 = AXIS2_PLACEMENT_3D('',#6090,#6091,#6092);
#6090 = CARTESIAN_POINT('',(0.85,-0.85,0.));
#6091 = DIRECTION('',(1.,0.,-0.));
#6092 = DIRECTION('',(0.,0.,1.));
#6093 = ADVANCED_FACE('',(#6094),#6110,.F.);
#6094 = FACE_BOUND('',#6095,.F.);
#6095 = EDGE_LOOP('',(#6096,#6102,#6103,#6109));
#6096 = ORIENTED_EDGE('',*,*,#6097,.F.);
#6097 = EDGE_CURVE('',#6018,#6058,#6098,.T.);
#6098 = LINE('',#6099,#6100);
#6099 = CARTESIAN_POINT('',(-0.85,-0.85,0.));
#6100 = VECTOR('',#6101,1.);
#6101 = DIRECTION('',(1.,0.,-0.));
#6102 = ORIENTED_EDGE('',*,*,#6017,.T.);
#6103 = ORIENTED_EDGE('',*,*,#6104,.T.);
#6104 = EDGE_CURVE('',#6020,#6060,#6105,.T.);
#6105 = LINE('',#6106,#6107);
#6106 = CARTESIAN_POINT('',(-0.85,-0.85,8.5E-02));
#6107 = VECTOR('',#6108,1.);
#6108 = DIRECTION('',(1.,0.,-0.));
#6109 = ORIENTED_EDGE('',*,*,#6057,.F.);
#6110 = PLANE('',#6111);
#6111 = AXIS2_PLACEMENT_3D('',#6112,#6113,#6114);
#6112 = CARTESIAN_POINT('',(-0.85,-0.85,0.));
#6113 = DIRECTION('',(-0.,1.,0.));
#6114 = DIRECTION('',(0.,0.,1.));
#6115 = ADVANCED_FACE('',(#6116),#6132,.T.);
#6116 = FACE_BOUND('',#6117,.T.);
#6117 = EDGE_LOOP('',(#6118,#6124,#6125,#6131));
#6118 = ORIENTED_EDGE('',*,*,#6119,.F.);
#6119 = EDGE_CURVE('',#6028,#6068,#6120,.T.);
#6120 = LINE('',#6121,#6122);
#6121 = CARTESIAN_POINT('',(-0.85,0.85,0.));
#6122 = VECTOR('',#6123,1.);
#6123 = DIRECTION('',(1.,0.,-0.));
#6124 = ORIENTED_EDGE('',*,*,#6035,.T.);
#6125 = ORIENTED_EDGE('',*,*,#6126,.T.);
#6126 = EDGE_CURVE('',#6036,#6076,#6127,.T.);
#6127 = LINE('',#6128,#6129);
#6128 = CARTESIAN_POINT('',(-0.85,0.85,8.5E-02));
#6129 = VECTOR('',#6130,1.);
#6130 = DIRECTION('',(1.,0.,-0.));
#6131 = ORIENTED_EDGE('',*,*,#6075,.F.);
#6132 = PLANE('',#6133);
#6133 = AXIS2_PLACEMENT_3D('',#6134,#6135,#6136);
#6134 = CARTESIAN_POINT('',(-0.85,0.85,0.));
#6135 = DIRECTION('',(-0.,1.,0.));
#6136 = DIRECTION('',(0.,0.,1.));
#6137 = ADVANCED_FACE('',(#6138),#6144,.F.);
#6138 = FACE_BOUND('',#6139,.F.);
#6139 = EDGE_LOOP('',(#6140,#6141,#6142,#6143));
#6140 = ORIENTED_EDGE('',*,*,#6027,.F.);
#6141 = ORIENTED_EDGE('',*,*,#6097,.T.);
#6142 = ORIENTED_EDGE('',*,*,#6067,.T.);
#6143 = ORIENTED_EDGE('',*,*,#6119,.F.);
#6144 = PLANE('',#6145);
#6145 = AXIS2_PLACEMENT_3D('',#6146,#6147,#6148);
#6146 = CARTESIAN_POINT('',(-0.85,-0.85,0.));
#6147 = DIRECTION('',(0.,0.,1.));
#6148 = DIRECTION('',(1.,0.,-0.));
#6149 = ADVANCED_FACE('',(#6150),#6156,.T.);
#6150 = FACE_BOUND('',#6151,.T.);
#6151 = EDGE_LOOP('',(#6152,#6153,#6154,#6155));
#6152 = ORIENTED_EDGE('',*,*,#6043,.F.);
#6153 = ORIENTED_EDGE('',*,*,#6104,.T.);
#6154 = ORIENTED_EDGE('',*,*,#6083,.T.);
#6155 = ORIENTED_EDGE('',*,*,#6126,.F.);
#6156 = PLANE('',#6157);
#6157 = AXIS2_PLACEMENT_3D('',#6158,#6159,#6160);
#6158 = CARTESIAN_POINT('',(-0.85,-0.85,8.5E-02));
#6159 = DIRECTION('',(0.,0.,1.));
#6160 = DIRECTION('',(1.,0.,-0.));
#6161 = ( GEOMETRIC_REPRESENTATION_CONTEXT(3) 
GLOBAL_UNCERTAINTY_ASSIGNED_CONTEXT((#6165)) 
GLOBAL_UNIT_ASSIGNED_CONTEXT((#6162,#6163,#6164)) REPRESENTATION_CONTEXT
('Context #1','3D Context with UNIT and UNCERTAINTY') );
#6162 = ( LENGTH_UNIT() NAMED_UNIT(*) SI_UNIT(.MILLI.,.METRE.) );
#6163 = ( NAMED_UNIT(*) PLANE_ANGLE_UNIT() SI_UNIT($,.RADIAN.) );
#6164 = ( NAMED_UNIT(*) SI_UNIT($,.STERADIAN.) SOLID_ANGLE_UNIT() );
#6165 = UNCERTAINTY_MEASURE_WITH_UNIT(LENGTH_MEASURE(1.E-07),#6162,
  'distance_accuracy_value','confusion accuracy');
#6166 = CONTEXT_DEPENDENT_SHAPE_REPRESENTATION(#6167,#6169);
#6167 = ( REPRESENTATION_RELATIONSHIP('','',#6010,#10) 
REPRESENTATION_RELATIONSHIP_WITH_TRANSFORMATION(#6168) 
SHAPE_REPRESENTATION_RELATIONSHIP() );
#6168 = ITEM_DEFINED_TRANSFORMATION('','',#11,#23);
#6169 = PRODUCT_DEFINITION_SHAPE('Placement','Placement of an item',
  #6170);
#6170 = NEXT_ASSEMBLY_USAGE_OCCURRENCE('39','thermal_pad','',#5,#6005,$
  );
#6171 = PRODUCT_RELATED_PRODUCT_CATEGORY('part',$,(#6007));
ENDSEC;
END-ISO-10303-21;
