ISO-10303-21;
HEADER;
FILE_DESCRIPTION(('Open CASCADE Model'),'2;1');
FILE_NAME('Open CASCADE Shape Model','2026-09-04T11:00:41',('Author'),(
    'Open CASCADE'),'Open CASCADE STEP processor 7.9','build123d',
  'Unknown');
FILE_SCHEMA(('AUTOMOTIVE_DESIGN { 1 0 10303 214 1 1 1 1 }'));
ENDSEC;
DATA;
#1 = APPLICATION_PROTOCOL_DEFINITION('international standard',
  'automotive_design',2000,#2);
#2 = APPLICATION_CONTEXT(
  'core data for automotive mechanical design processes');
#3 = SHAPE_DEFINITION_REPRESENTATION(#4,#10);
#4 = PRODUCT_DEFINITION_SHAPE('','',#5);
#5 = PRODUCT_DEFINITION('design','',#6,#9);
#6 = PRODUCT_DEFINITION_FORMATION('','',#7);
#7 = PRODUCT('=>[0:1:1:2]','=>[0:1:1:2]','',(#8));
#8 = PRODUCT_CONTEXT('',#2,'mechanical');
#9 = PRODUCT_DEFINITION_CONTEXT('part definition',#2,'design');
#10 = SHAPE_REPRESENTATION('',(#11,#15),#19);
#11 = AXIS2_PLACEMENT_3D('',#12,#13,#14);
#12 = CARTESIAN_POINT('',(0.,0.,0.));
#13 = DIRECTION('',(0.,0.,1.));
#14 = DIRECTION('',(1.,0.,-0.));
#15 = AXIS2_PLACEMENT_3D('',#16,#17,#18);
#16 = CARTESIAN_POINT('',(0.,0.,-5.));
#17 = DIRECTION('',(0.,0.,1.));
#18 = DIRECTION('',(1.,0.,-0.));
#19 = ( GEOMETRIC_REPRESENTATION_CONTEXT(3) 
GLOBAL_UNCERTAINTY_ASSIGNED_CONTEXT((#23)) GLOBAL_UNIT_ASSIGNED_CONTEXT(
(#20,#21,#22)) REPRESENTATION_CONTEXT('Context #1',
  '3D Context with UNIT and UNCERTAINTY') );
#20 = ( LENGTH_UNIT() NAMED_UNIT(*) SI_UNIT(.MILLI.,.METRE.) );
#21 = ( NAMED_UNIT(*) PLANE_ANGLE_UNIT() SI_UNIT($,.RADIAN.) );
#22 = ( NAMED_UNIT(*) SI_UNIT($,.STERADIAN.) SOLID_ANGLE_UNIT() );
#23 = UNCERTAINTY_MEASURE_WITH_UNIT(LENGTH_MEASURE(2.E-07),#20,
  'distance_accuracy_value','confusion accuracy');
#24 = PRODUCT_RELATED_PRODUCT_CATEGORY('part',$,(#7));
#25 = SHAPE_DEFINITION_REPRESENTATION(#26,#32);
#26 = PRODUCT_DEFINITION_SHAPE('','',#27);
#27 = PRODUCT_DEFINITION('design','',#28,#31);
#28 = PRODUCT_DEFINITION_FORMATION('','',#29);
#29 = PRODUCT('COMPOUND','COMPOUND','',(#30));
#30 = PRODUCT_CONTEXT('',#2,'mechanical');
#31 = PRODUCT_DEFINITION_CONTEXT('part definition',#2,'design');
#32 = ADVANCED_BREP_SHAPE_REPRESENTATION('',(#11,#33),#8314);
#33 = MANIFOLD_SOLID_BREP('',#34);
#34 = CLOSED_SHELL('',(#35,#1237,#1522,#1598,#1619,#1736,#1808,#1880,
    #1952,#2024,#2096,#2168,#2240,#2357,#2464,#2559,#2631,#2703,#2775,
    #2847,#2919,#2991,#3063,#3135,#3207,#3297,#3332,#3367,#3402,#3465,
    #3521,#3577,#3594,#3657,#3713,#3769,#3786,#3817,#3841,#3865,#3916,
    #3979,#4035,#4091,#4108,#4171,#4227,#4283,#4300,#4334,#4668,#4713,
    #4738,#4762,#4780,#4852,#4876,#4894,#4966,#4976,#4986,#4996,#5016,
    #5036,#5056,#5098,#5138,#5154,#5187,#5204,#5237,#5286,#5321,#5332,
    #5365,#5407,#5447,#5496,#5531,#5542,#5582,#5599,#5639,#5655,#5674,
    #5686,#5749,#5773,#5829,#5846,#5888,#5928,#5977,#6012,#6023,#6063,
    #6080,#6120,#6136,#6155,#6197,#6237,#6253,#6286,#6303,#6336,#6385,
    #6420,#6431,#6464,#6482,#6623,#6671,#6688,#6756,#6766,#6782,#6823,
    #6869,#6915,#6926,#6937,#6953,#6969,#7010,#7051,#7082,#7106,#7130,
    #7147,#7164,#7181,#7198,#7218,#7234,#7251,#7303,#7320,#7331,#7347,
    #7364,#7416,#7433,#7444,#7469,#7486,#7517,#7534,#7546,#7570,#7588,
    #7619,#7636,#7648,#7665,#7682,#7699,#7716,#7728,#7752,#7770,#7801,
    #7818,#7830,#7855,#7872,#7903,#7920,#7932,#7949,#7973,#7998,#8015,
    #8032,#8049,#8061,#8078,#8095,#8107,#8144,#8161,#8172,#8188,#8200,
    #8212,#8237,#8262,#8287,#8296,#8305));
#35 = ADVANCED_FACE('',(#36,#72,#130,#188,#246,#304,#362,#420,#478,#536,
    #594,#652,#710,#768,#826,#884,#942,#1000,#1058,#1116,#1174),#1232,
  .T.);
#36 = FACE_BOUND('',#37,.T.);
#37 = EDGE_LOOP('',(#38,#49,#57,#66));
#38 = ORIENTED_EDGE('',*,*,#39,.T.);
#39 = EDGE_CURVE('',#40,#42,#44,.T.);
#40 = VERTEX_POINT('',#41);
#41 = CARTESIAN_POINT('',(11.124386735767,56.515555555556,17.4));
#42 = VERTEX_POINT('',#43);
#43 = CARTESIAN_POINT('',(-11.12438673576,56.515555555556,17.4));
#44 = CIRCLE('',#45,57.6);
#45 = AXIS2_PLACEMENT_3D('',#46,#47,#48);
#46 = CARTESIAN_POINT('',(0.,0.,17.4));
#47 = DIRECTION('',(0.,0.,-1.));
#48 = DIRECTION('',(0.193131714163,0.981172839506,0.));
#49 = ORIENTED_EDGE('',*,*,#50,.F.);
#50 = EDGE_CURVE('',#51,#42,#53,.T.);
#51 = VERTEX_POINT('',#52);
#52 = CARTESIAN_POINT('',(-11.12438673576,56.515555555556,8.4));
#53 = LINE('',#54,#55);
#54 = CARTESIAN_POINT('',(-11.12438673576,56.515555555556,5.));
#55 = VECTOR('',#56,1.);
#56 = DIRECTION('',(0.,0.,1.));
#57 = ORIENTED_EDGE('',*,*,#58,.T.);
#58 = EDGE_CURVE('',#51,#59,#61,.T.);
#59 = VERTEX_POINT('',#60);
#60 = CARTESIAN_POINT('',(11.124386735767,56.515555555556,8.4));
#61 = CIRCLE('',#62,57.6);
#62 = AXIS2_PLACEMENT_3D('',#63,#64,#65);
#63 = CARTESIAN_POINT('',(0.,0.,8.4));
#64 = DIRECTION('',(0.,0.,1.));
#65 = DIRECTION('',(-0.193131714163,0.981172839506,0.));
#66 = ORIENTED_EDGE('',*,*,#67,.T.);
#67 = EDGE_CURVE('',#59,#40,#68,.T.);
#68 = LINE('',#69,#70);
#69 = CARTESIAN_POINT('',(11.124386735767,56.515555555556,5.));
#70 = VECTOR('',#71,1.);
#71 = DIRECTION('',(0.,0.,1.));
#72 = FACE_BOUND('',#73,.T.);
#73 = EDGE_LOOP('',(#74));
#74 = ORIENTED_EDGE('',*,*,#75,.F.);
#75 = EDGE_CURVE('',#76,#76,#78,.T.);
#76 = VERTEX_POINT('',#77);
#77 = CARTESIAN_POINT('',(-35.0646583109,45.697152400775,11.));
#78 = B_SPLINE_CURVE_WITH_KNOTS('',8,(#79,#80,#81,#82,#83,#84,#85,#86,
    #87,#88,#89,#90,#91,#92,#93,#94,#95,#96,#97,#98,#99,#100,#101,#102,
    #103,#104,#105,#106,#107,#108,#109,#110,#111,#112,#113,#114,#115,
    #116,#117,#118,#119,#120,#121,#122,#123,#124,#125,#126,#127,#128,
    #129),.UNSPECIFIED.,.T.,.F.,(9,7,7,7,7,7,7,9),(0.,9.746360850857E-02
    ,0.174780283359,0.369662931065,0.501186018772,0.632709106479,
    0.827470542453,1.),.UNSPECIFIED.);
#79 = CARTESIAN_POINT('',(-35.0646583109,45.697152400775,11.));
#80 = CARTESIAN_POINT('',(-35.13244446166,45.645138257881,11.));
#81 = CARTESIAN_POINT('',(-35.1997797198,45.59328755955,11.008343504143)
  );
#82 = CARTESIAN_POINT('',(-35.26577579819,45.542285144343,
    11.024873534261));
#83 = CARTESIAN_POINT('',(-35.32958295127,45.492800156783,
    11.049212800013));
#84 = CARTESIAN_POINT('',(-35.39041853786,45.445462178894,11.08077132799
    ));
#85 = CARTESIAN_POINT('',(-35.4475973388,45.400834492596,11.118754529079
    ));
#86 = CARTESIAN_POINT('',(-35.50056362932,45.359384472926,
    11.162171704088));
#87 = CARTESIAN_POINT('',(-35.5872894881,45.291359046247,11.247663613659
    ));
#88 = CARTESIAN_POINT('',(-35.62293149327,45.263342440926,
    11.288333261293));
#89 = CARTESIAN_POINT('',(-35.65580738882,45.237450340523,
    11.331506174065));
#90 = CARTESIAN_POINT('',(-35.6858894688,45.213718131176,11.376856763561
    ));
#91 = CARTESIAN_POINT('',(-35.71316410177,45.192168828126,
    11.424080193453));
#92 = CARTESIAN_POINT('',(-35.73762987813,45.172814363089,
    11.472890963543));
#93 = CARTESIAN_POINT('',(-35.75929575769,45.155656871613,
    11.523021493806));
#94 = CARTESIAN_POINT('',(-35.82577643422,45.102964775844,11.70327228142
    ));
#95 = CARTESIAN_POINT('',(-35.85592565512,45.078975340394,11.83973867356
    ));
#96 = CARTESIAN_POINT('',(-35.86873781743,45.06875321728,11.980089007558
    ));
#97 = CARTESIAN_POINT('',(-35.86434084293,45.072254912158,12.12133241964
    ));
#98 = CARTESIAN_POINT('',(-35.84278696394,45.089434780826,
    12.260708285788));
#99 = CARTESIAN_POINT('',(-35.80395889556,45.120325785336,
    12.395447437899));
#100 = CARTESIAN_POINT('',(-35.74748614891,45.165100246712,
    12.522463808352));
#101 = CARTESIAN_POINT('',(-35.62241252203,45.263758641891,
    12.715008721887));
#102 = CARTESIAN_POINT('',(-35.56305695412,45.310474049912,
    12.788128368399));
#103 = CARTESIAN_POINT('',(-35.49501263955,45.363875680549,
    12.853927195713));
#104 = CARTESIAN_POINT('',(-35.41906553207,45.423264407042,
    12.909906515597));
#105 = CARTESIAN_POINT('',(-35.33641484138,45.487618354599,
    12.953959207632));
#106 = CARTESIAN_POINT('',(-35.24858380757,45.555680312924,
    12.984401213062));
#107 = CARTESIAN_POINT('',(-35.1573447386,45.626031603378,13.));
#108 = CARTESIAN_POINT('',(-34.97197188319,45.768273198173,13.));
#109 = CARTESIAN_POINT('',(-34.88040334613,45.838195117434,
    12.984401213062));
#110 = CARTESIAN_POINT('',(-34.79192819849,45.905417650285,
    12.953959207632));
#111 = CARTESIAN_POINT('',(-34.70837548568,45.968596059726,
    12.909906515597));
#112 = CARTESIAN_POINT('',(-34.63135382313,46.026584398787,
    12.853927195713));
#113 = CARTESIAN_POINT('',(-34.56216064441,46.078488800517,
    12.788128368399));
#114 = CARTESIAN_POINT('',(-34.50167467391,46.123731039198,
    12.715008721887));
#115 = CARTESIAN_POINT('',(-34.37405395529,46.218972832506,
    12.522535310473));
#116 = CARTESIAN_POINT('',(-34.31618389027,46.261936869402,
    12.395560778971));
#117 = CARTESIAN_POINT('',(-34.27626106088,46.291472714802,
    12.260804553971));
#118 = CARTESIAN_POINT('',(-34.25405705554,46.307868412372,
    12.121351131381));
#119 = CARTESIAN_POINT('',(-34.24953801807,46.311208242309,
    11.980001540509));
#120 = CARTESIAN_POINT('',(-34.26276588101,46.301450428374,
    11.839573010789));
#121 = CARTESIAN_POINT('',(-34.29378072285,46.278507798262,
    11.703125518947));
#122 = CARTESIAN_POINT('',(-34.38562797417,46.210296221364,
    11.460030355906));
#123 = CARTESIAN_POINT('',(-34.44396709869,46.166898518104,
    11.348279382129));
#124 = CARTESIAN_POINT('',(-34.5180507337,46.11164839174,11.244361498504
    ));
#125 = CARTESIAN_POINT('',(-34.60707760404,46.045003722253,
    11.153316319283));
#126 = CARTESIAN_POINT('',(-34.70921744639,45.968147835262,
    11.079695821155));
#127 = CARTESIAN_POINT('',(-34.8218424842,45.88287030482,11.027473821083
    ));
#128 = CARTESIAN_POINT('',(-34.94165014059,45.791539889594,11.));
#129 = CARTESIAN_POINT('',(-35.0646583109,45.697152400775,11.));
#130 = FACE_BOUND('',#131,.T.);
#131 = EDGE_LOOP('',(#132));
#132 = ORIENTED_EDGE('',*,*,#133,.F.);
#133 = EDGE_CURVE('',#134,#134,#136,.T.);
#134 = VERTEX_POINT('',#135);
#135 = CARTESIAN_POINT('',(-45.69715240077,35.064658310902,11.));
#136 = B_SPLINE_CURVE_WITH_KNOTS('',8,(#137,#138,#139,#140,#141,#142,
    #143,#144,#145,#146,#147,#148,#149,#150,#151,#152,#153,#154,#155,
    #156,#157,#158,#159,#160,#161,#162,#163,#164,#165,#166,#167,#168,
    #169,#170,#171,#172,#173,#174,#175,#176,#177,#178,#179,#180,#181,
    #182,#183,#184,#185,#186,#187),.UNSPECIFIED.,.T.,.F.,(9,7,7,7,7,7,7,
    9),(0.,9.746360851346E-02,0.174780283368,0.369662931084,
    0.501186018798,0.632709106512,0.827470542497,1.),.UNSPECIFIED.);
#137 = CARTESIAN_POINT('',(-45.69715240077,35.064658310902,11.));
#138 = CARTESIAN_POINT('',(-45.74916654366,34.996872160137,11.));
#139 = CARTESIAN_POINT('',(-45.80078746029,34.929360584294,
    11.008343504143));
#140 = CARTESIAN_POINT('',(-45.85133438044,34.863014992254,
    11.024873534261));
#141 = CARTESIAN_POINT('',(-45.90015970027,34.798701658326,
    11.049212800013));
#142 = CARTESIAN_POINT('',(-45.94667039428,34.737231274489,
    11.08077132799));
#143 = CARTESIAN_POINT('',(-45.99035037968,34.679325277066,
    11.118754529079));
#144 = CARTESIAN_POINT('',(-46.0307838331,34.62557894783,11.162171704088
    ));
#145 = CARTESIAN_POINT('',(-46.09694830392,34.537425127405,
    11.247663613659));
#146 = CARTESIAN_POINT('',(-46.12412460619,34.501138335013,
    11.288333261293));
#147 = CARTESIAN_POINT('',(-46.14917891405,34.467619578647,
    11.331506174065));
#148 = CARTESIAN_POINT('',(-46.17209362426,34.436910209506,
    11.376856763561));
#149 = CARTESIAN_POINT('',(-46.1928615266,34.409035986693,
    11.424080193453));
#150 = CARTESIAN_POINT('',(-46.21148434769,34.384008800183,
    11.472890963543));
#151 = CARTESIAN_POINT('',(-46.22797129475,34.361828393795,
    11.523021493806));
#152 = CARTESIAN_POINT('',(-46.27854897925,34.293725272431,
    11.70327228142));
#153 = CARTESIAN_POINT('',(-46.30146196758,34.262750064607,
    11.839738673559));
#154 = CARTESIAN_POINT('',(-46.3111918859,34.249560220279,
    11.980089007559));
#155 = CARTESIAN_POINT('',(-46.30785104,34.254080618538,12.121332419639)
  );
#156 = CARTESIAN_POINT('',(-46.29147806883,34.276253651756,
    12.260708285789));
#157 = CARTESIAN_POINT('',(-46.26196821509,34.316141514392,
    12.395447437898));
#158 = CARTESIAN_POINT('',(-46.21900821396,34.374006545355,
    12.522463808352));
#159 = CARTESIAN_POINT('',(-46.12373103919,34.501674673917,
    12.715008721887));
#160 = CARTESIAN_POINT('',(-46.07848880051,34.562160644418,
    12.788128368399));
#161 = CARTESIAN_POINT('',(-46.02658439878,34.631353823139,
    12.853927195713));
#162 = CARTESIAN_POINT('',(-45.96859605972,34.708375485684,
    12.909906515597));
#163 = CARTESIAN_POINT('',(-45.90541765028,34.791928198494,
    12.953959207632));
#164 = CARTESIAN_POINT('',(-45.83819511743,34.88040334613,
    12.984401213062));
#165 = CARTESIAN_POINT('',(-45.76827319817,34.971971883197,13.));
#166 = CARTESIAN_POINT('',(-45.62603160337,35.157344738607,13.));
#167 = CARTESIAN_POINT('',(-45.55568031292,35.248583807571,
    12.984401213062));
#168 = CARTESIAN_POINT('',(-45.48761835459,35.336414841387,
    12.953959207632));
#169 = CARTESIAN_POINT('',(-45.42326440704,35.419065532075,
    12.909906515597));
#170 = CARTESIAN_POINT('',(-45.36387568054,35.49501263955,
    12.853927195713));
#171 = CARTESIAN_POINT('',(-45.31047404991,35.563056954123,
    12.788128368399));
#172 = CARTESIAN_POINT('',(-45.26375864189,35.622412522031,
    12.715008721887));
#173 = CARTESIAN_POINT('',(-45.16513688379,35.747439702459,
    12.522535310473));
#174 = CARTESIAN_POINT('',(-45.12035860443,35.803917650267,
    12.395560778972));
#175 = CARTESIAN_POINT('',(-45.08944055176,35.84277987472,
    12.260804553971));
#176 = CARTESIAN_POINT('',(-45.07223664835,35.864363721903,
    12.121351131382));
#177 = CARTESIAN_POINT('',(-45.06873600494,35.868759362857,
    11.980001540509));
#178 = CARTESIAN_POINT('',(-45.0789876313,35.855910415515,
    11.839573010789));
#179 = CARTESIAN_POINT('',(-45.10300767841,35.825722304817,
    11.703125518947));
#180 = CARTESIAN_POINT('',(-45.17407085533,35.736063163169,
    11.460030355942));
#181 = CARTESIAN_POINT('',(-45.21918997026,35.679044924289,
    11.348279382133));
#182 = CARTESIAN_POINT('',(-45.27644948169,35.606503144637,
    11.244361498481));
#183 = CARTESIAN_POINT('',(-45.34519392529,35.519087487608,
    11.153316319263));
#184 = CARTESIAN_POINT('',(-45.42396166961,35.418414665006,
    11.079695821157));
#185 = CARTESIAN_POINT('',(-45.5106776533,35.306893391238,
    11.027473821096));
#186 = CARTESIAN_POINT('',(-45.60276491193,35.18766648124,11.));
#187 = CARTESIAN_POINT('',(-45.69715240077,35.064658310902,11.));
#188 = FACE_BOUND('',#189,.T.);
#189 = EDGE_LOOP('',(#190));
#190 = ORIENTED_EDGE('',*,*,#191,.F.);
#191 = EDGE_CURVE('',#192,#192,#194,.T.);
#192 = VERTEX_POINT('',#193);
#193 = CARTESIAN_POINT('',(-53.21546107265,22.042565704229,11.));
#194 = B_SPLINE_CURVE_WITH_KNOTS('',8,(#195,#196,#197,#198,#199,#200,
    #201,#202,#203,#204,#205,#206,#207,#208,#209,#210,#211,#212,#213,
    #214,#215,#216,#217,#218,#219,#220,#221,#222,#223,#224,#225,#226,
    #227,#228,#229,#230,#231,#232,#233,#234,#235,#236,#237,#238,#239,
    #240,#241,#242,#243,#244,#245),.UNSPECIFIED.,.T.,.F.,(9,7,7,7,7,7,7,
    9),(0.,9.746360851325E-02,0.174780283368,0.369662931084,
    0.501186018798,0.632709106512,0.827470542495,1.),.UNSPECIFIED.);
#195 = CARTESIAN_POINT('',(-53.21546107265,22.042565704229,11.));
#196 = CARTESIAN_POINT('',(-53.24815852979,21.963627059744,11.));
#197 = CARTESIAN_POINT('',(-53.28054722474,21.885055408717,
    11.008343504143));
#198 = CARTESIAN_POINT('',(-53.31220029757,21.807887982298,
    11.024873534261));
#199 = CARTESIAN_POINT('',(-53.3427164193,21.733129149427,
    11.049212800013));
#200 = CARTESIAN_POINT('',(-53.37173259379,21.661715464717,
    11.08077132799));
#201 = CARTESIAN_POINT('',(-53.39893704482,21.594477354198,
    11.118754529079));
#202 = CARTESIAN_POINT('',(-53.42408218812,21.532097438915,
    11.162171704088));
#203 = CARTESIAN_POINT('',(-53.46517627164,21.429822761923,
    11.247663613659));
#204 = CARTESIAN_POINT('',(-53.48203485091,21.387738667396,
    11.288333261293));
#205 = CARTESIAN_POINT('',(-53.49756016142,21.34887750292,
    11.331506174065));
#206 = CARTESIAN_POINT('',(-53.51174590222,21.313283766743,
    11.376856763561));
#207 = CARTESIAN_POINT('',(-53.52459177572,21.280984206387,
    11.424080193453));
#208 = CARTESIAN_POINT('',(-53.53610252705,21.251989859807,
    11.472890963543));
#209 = CARTESIAN_POINT('',(-53.5462869834,21.226298096545,
    11.523021493806));
#210 = CARTESIAN_POINT('',(-53.57751489026,21.147425064763,
    11.70327228142));
#211 = CARTESIAN_POINT('',(-53.59163016374,21.111574993789,
    11.839738673559));
#212 = CARTESIAN_POINT('',(-53.59761476022,21.09631629434,
    11.980089007559));
#213 = CARTESIAN_POINT('',(-53.59555771604,21.101547338309,
    12.121332419638));
#214 = CARTESIAN_POINT('',(-53.58548144362,21.127202480506,
    12.26070828579));
#215 = CARTESIAN_POINT('',(-53.56730085228,21.173368909349,
    12.395447437898));
#216 = CARTESIAN_POINT('',(-53.54078124975,21.240381103664,
    12.522463808352));
#217 = CARTESIAN_POINT('',(-53.48179350911,21.38835859363,
    12.715008721887));
#218 = CARTESIAN_POINT('',(-53.45374778345,21.458493107678,
    12.788128368399));
#219 = CARTESIAN_POINT('',(-53.42152049377,21.538762433699,
    12.853927195713));
#220 = CARTESIAN_POINT('',(-53.3854427326,21.628168133279,
    12.909906515597));
#221 = CARTESIAN_POINT('',(-53.3460421086,21.725225632041,
    12.953959207632));
#222 = CARTESIAN_POINT('',(-53.30400918124,21.828084533889,
    12.984401213062));
#223 = CARTESIAN_POINT('',(-53.26016947493,21.934630073093,13.));
#224 = CARTESIAN_POINT('',(-53.17075267037,22.150501335365,13.));
#225 = CARTESIAN_POINT('',(-53.12641295071,22.256839762261,
    12.984401213062));
#226 = CARTESIAN_POINT('',(-53.08340249168,22.359293757235,
    12.953959207632));
#227 = CARTESIAN_POINT('',(-53.04263292455,22.455784221186,
    12.909906515597));
#228 = CARTESIAN_POINT('',(-53.00492437767,22.544514427209,
    12.853927195713));
#229 = CARTESIAN_POINT('',(-52.970953528,22.624061547035,12.788128368399
    ));
#230 = CARTESIAN_POINT('',(-52.94119226031,22.693485460307,
    12.715008721887));
#231 = CARTESIAN_POINT('',(-52.87829037259,22.839777632127,
    12.522535310473));
#232 = CARTESIAN_POINT('',(-52.84965544461,22.905920612038,
    12.395560778971));
#233 = CARTESIAN_POINT('',(-52.82984918287,22.95146081917,
    12.260804553973));
#234 = CARTESIAN_POINT('',(-52.81881779897,22.976761912448,
    12.121351131379));
#235 = CARTESIAN_POINT('',(-52.81657411268,22.981913808754,
    11.980001540511));
#236 = CARTESIAN_POINT('',(-52.82315087106,22.96684936253,
    11.839573010787));
#237 = CARTESIAN_POINT('',(-52.83853919693,22.931473041104,
    11.703125518947));
#238 = CARTESIAN_POINT('',(-52.88397546139,22.82647645703,11.46003035594
    ));
#239 = CARTESIAN_POINT('',(-52.91279977362,22.759723381283,
    11.348279382132));
#240 = CARTESIAN_POINT('',(-52.94933302037,22.674833550763,
    11.244361498482));
#241 = CARTESIAN_POINT('',(-52.99311021698,22.572604138771,
    11.153316319264));
#242 = CARTESIAN_POINT('',(-53.04313797169,22.454975067042,
    11.079695821157));
#243 = CARTESIAN_POINT('',(-53.0980353503,22.324810040433,
    11.027473821095));
#244 = CARTESIAN_POINT('',(-53.15612661668,22.185811752532,11.));
#245 = CARTESIAN_POINT('',(-53.21546107265,22.042565704229,11.));
#246 = FACE_BOUND('',#247,.T.);
#247 = EDGE_LOOP('',(#248));
#248 = ORIENTED_EDGE('',*,*,#249,.F.);
#249 = EDGE_CURVE('',#250,#250,#252,.T.);
#250 = VERTEX_POINT('',#251);
#251 = CARTESIAN_POINT('',(-57.10722401513,7.518308671875,11.));
#252 = B_SPLINE_CURVE_WITH_KNOTS('',8,(#253,#254,#255,#256,#257,#258,
    #259,#260,#261,#262,#263,#264,#265,#266,#267,#268,#269,#270,#271,
    #272,#273,#274,#275,#276,#277,#278,#279,#280,#281,#282,#283,#284,
    #285,#286,#287,#288,#289,#290,#291,#292,#293,#294,#295,#296,#297,
    #298,#299,#300,#301,#302,#303),.UNSPECIFIED.,.T.,.F.,(9,7,7,7,7,7,7,
    9),(0.,9.746360957198E-02,0.174780285266,0.369662935099,
    0.501186024242,0.632709111653,0.827470544918,1.),.UNSPECIFIED.);
#253 = CARTESIAN_POINT('',(-57.10722401513,7.518308671875,11.));
#254 = CARTESIAN_POINT('',(-57.11837650885,7.43359707184,11.));
#255 = CARTESIAN_POINT('',(-57.12932574609,7.349319873799,
    11.008343504143));
#256 = CARTESIAN_POINT('',(-57.139927867,7.266589445588,11.024873534261)
  );
#257 = CARTESIAN_POINT('',(-57.15005516736,7.186479804689,
    11.049212800013));
#258 = CARTESIAN_POINT('',(-57.159599418,7.109989543701,11.08077132799)
  );
#259 = CARTESIAN_POINT('',(-57.16847439628,7.038001486203,
    11.118754529079));
#260 = CARTESIAN_POINT('',(-57.17661762949,6.971239073011,
    11.162171704088));
#261 = CARTESIAN_POINT('',(-57.18984083184,6.861813389672,
    11.247663613659));
#262 = CARTESIAN_POINT('',(-57.19523280378,6.816799954506,
    11.288333261293));
#263 = CARTESIAN_POINT('',(-57.20017109269,6.775244706058,
    11.331506174065));
#264 = CARTESIAN_POINT('',(-57.20466112928,6.737192257143,
    11.376856763561));
#265 = CARTESIAN_POINT('',(-57.20870954888,6.702668520905,
    11.424080193453));
#266 = CARTESIAN_POINT('',(-57.21232379178,6.671682931058,
    11.472890963543));
#267 = CARTESIAN_POINT('',(-57.21551170356,6.644230662132,
    11.523021493806));
#268 = CARTESIAN_POINT('',(-57.22526170253,6.559962786703,11.70327228142
    ));
#269 = CARTESIAN_POINT('',(-57.22961732859,6.521680975672,
    11.839738673559));
#270 = CARTESIAN_POINT('',(-57.23144876287,6.505393276253,
    11.980089007558));
#271 = CARTESIAN_POINT('',(-57.23081570458,6.51097847893,12.121332419639
    ));
#272 = CARTESIAN_POINT('',(-57.22772281221,6.538367374562,
    12.260708285789));
#273 = CARTESIAN_POINT('',(-57.22211046053,6.587666203779,
    12.395447437898));
#274 = CARTESIAN_POINT('',(-57.21383852369,6.659258791147,
    12.522463808352));
#275 = CARTESIAN_POINT('',(-57.19516013422,6.81746122112,12.715008721887
    ));
#276 = CARTESIAN_POINT('',(-57.18622219145,6.892464727486,
    12.788128368399));
#277 = CARTESIAN_POINT('',(-57.17586825034,6.978339978892,
    12.853927195713));
#278 = CARTESIAN_POINT('',(-57.16415970687,7.074036864828,
    12.909906515597));
#279 = CARTESIAN_POINT('',(-57.15122195572,7.177984841397,
    12.953959207632));
#280 = CARTESIAN_POINT('',(-57.13724310839,7.288217833279,
    12.984401213062));
#281 = CARTESIAN_POINT('',(-57.12247321856,7.402479472198,13.));
#282 = CARTESIAN_POINT('',(-57.0919748119,7.634137870028,13.));
#283 = CARTESIAN_POINT('',(-57.07666834115,7.748328870554,
    12.984401212425));
#284 = CARTESIAN_POINT('',(-57.06164047338,7.858423754353,
    12.953959208056));
#285 = CARTESIAN_POINT('',(-57.04723366561,7.962178323642,
    12.909906516408));
#286 = CARTESIAN_POINT('',(-57.03377507329,8.05764481284,12.853927195323
    ));
#287 = CARTESIAN_POINT('',(-57.02155006154,8.143273735386,
    12.788128367335));
#288 = CARTESIAN_POINT('',(-57.01077111576,8.218034866481,
    12.715008722792));
#289 = CARTESIAN_POINT('',(-56.987875758,8.375622460683,12.522535310473)
  );
#290 = CARTESIAN_POINT('',(-56.97733560443,8.446922937922,
    12.395560778971));
#291 = CARTESIAN_POINT('',(-56.96999089762,8.496037637876,
    12.260804553971));
#292 = CARTESIAN_POINT('',(-56.96588380381,8.523331749555,
    12.121351131382));
#293 = CARTESIAN_POINT('',(-56.96504997816,8.528888807991,
    11.980001540509));
#294 = CARTESIAN_POINT('',(-56.96750367334,8.512635480004,
    11.839573010789));
#295 = CARTESIAN_POINT('',(-56.973211589,8.474481785691,11.703125518947)
  );
#296 = CARTESIAN_POINT('',(-56.98992453466,8.361303102885,
    11.460030355949));
#297 = CARTESIAN_POINT('',(-57.00048971495,8.289364302068,
    11.348279382133));
#298 = CARTESIAN_POINT('',(-57.01380701663,8.197911522336,
    11.244361498477));
#299 = CARTESIAN_POINT('',(-57.02963362264,8.087835120859,
    11.153316319259));
#300 = CARTESIAN_POINT('',(-57.04751207892,7.961266026853,
    11.079695821157));
#301 = CARTESIAN_POINT('',(-57.06684968682,7.821327778871,
    11.027473821098));
#302 = CARTESIAN_POINT('',(-57.08698613716,7.672030616688,11.));
#303 = CARTESIAN_POINT('',(-57.10722401513,7.518308671875,11.));
#304 = FACE_BOUND('',#305,.T.);
#305 = EDGE_LOOP('',(#306));
#306 = ORIENTED_EDGE('',*,*,#307,.F.);
#307 = EDGE_CURVE('',#308,#308,#310,.T.);
#308 = VERTEX_POINT('',#309);
#309 = CARTESIAN_POINT('',(-57.10722401513,-7.518308671875,11.));
#310 = B_SPLINE_CURVE_WITH_KNOTS('',8,(#311,#312,#313,#314,#315,#316,
    #317,#318,#319,#320,#321,#322,#323,#324,#325,#326,#327,#328,#329,
    #330,#331,#332,#333,#334,#335,#336,#337,#338,#339,#340,#341,#342,
    #343,#344,#345,#346,#347,#348,#349,#350,#351,#352,#353,#354,#355,
    #356,#357,#358,#359,#360,#361),.UNSPECIFIED.,.T.,.F.,(9,7,7,7,7,7,7,
    9),(0.,9.7463610227E-02,0.174780286441,0.369662937583,0.50118602761,
    0.632709115905,0.827470545381,1.),.UNSPECIFIED.);
#311 = CARTESIAN_POINT('',(-57.10722401513,-7.518308671875,11.));
#312 = CARTESIAN_POINT('',(-57.09607152141,-7.60302027191,11.));
#313 = CARTESIAN_POINT('',(-57.08483512852,-7.687259665193,
    11.008343504143));
#314 = CARTESIAN_POINT('',(-57.07366378049,-7.769915153232,
    11.024873534261));
#315 = CARTESIAN_POINT('',(-57.06271210069,-7.849916262519,
    11.049212800013));
#316 = CARTESIAN_POINT('',(-57.05213400257,-7.926270414904,
    11.08077132799));
#317 = CARTESIAN_POINT('',(-57.042074693,-7.998102552229,11.118754529079
    ));
#318 = CARTESIAN_POINT('',(-57.03266106824,-8.064697715201,
    11.162171704088));
#319 = CARTESIAN_POINT('',(-57.01711225002,-8.173817225401,
    11.247663613659));
#320 = CARTESIAN_POINT('',(-57.01067016067,-8.21869240999,
    11.288333261293));
#321 = CARTESIAN_POINT('',(-57.00468489174,-8.260109820901,
    11.331506174065));
#322 = CARTESIAN_POINT('',(-56.99917323555,-8.298027771044,
    11.376856763561));
#323 = CARTESIAN_POINT('',(-56.99414830815,-8.332422947594,
    11.424080193453));
#324 = CARTESIAN_POINT('',(-56.98961973794,-8.363288163965,
    11.472890963543));
#325 = CARTESIAN_POINT('',(-56.98559385423,-8.390630111795,
    11.523021493806));
#326 = CARTESIAN_POINT('',(-56.97320149898,-8.474550114419,
    11.70327228142));
#327 = CARTESIAN_POINT('',(-56.96750064891,-8.51265482335,
    11.839738673559));
#328 = CARTESIAN_POINT('',(-56.96505411177,-8.52886154294,
    11.980089007559));
#329 = CARTESIAN_POINT('',(-56.96588818124,-8.523302803887,
    12.121332419639));
#330 = CARTESIAN_POINT('',(-56.96998944444,-8.496046662795,
    12.260708285789));
#331 = CARTESIAN_POINT('',(-56.97732780491,-8.446975066945,
    12.395447437898));
#332 = CARTESIAN_POINT('',(-56.98786725258,-8.37568100304,
    12.522463808352));
#333 = CARTESIAN_POINT('',(-57.01077111566,-8.218034867222,
    12.715008721887));
#334 = CARTESIAN_POINT('',(-57.0215500618,-8.143273733547,
    12.788128368399));
#335 = CARTESIAN_POINT('',(-57.03377507324,-8.057644813226,
    12.853927195713));
#336 = CARTESIAN_POINT('',(-57.04723366535,-7.962178325561,
    12.909906515597));
#337 = CARTESIAN_POINT('',(-57.06164047342,-7.858423754007,
    12.953959207632));
#338 = CARTESIAN_POINT('',(-57.07666834146,-7.748328868319,
    12.984401213062));
#339 = CARTESIAN_POINT('',(-57.0919748117,-7.634137871552,13.));
#340 = CARTESIAN_POINT('',(-57.12247321836,-7.402479473722,13.));
#341 = CARTESIAN_POINT('',(-57.13724310867,-7.288217831043,
    12.984401212425));
#342 = CARTESIAN_POINT('',(-57.15122195577,-7.177984841052,
    12.953959208056));
#343 = CARTESIAN_POINT('',(-57.16415970662,-7.07403686675,
    12.909906516408));
#344 = CARTESIAN_POINT('',(-57.17586825029,-6.978339979276,
    12.853927195323));
#345 = CARTESIAN_POINT('',(-57.18622219168,-6.892464725645,
    12.788128367335));
#346 = CARTESIAN_POINT('',(-57.19516013413,-6.817461221863,
    12.715008722792));
#347 = CARTESIAN_POINT('',(-57.21383158712,-6.659317542557,
    12.52253531348));
#348 = CARTESIAN_POINT('',(-57.22210450326,-6.587718567107,
    12.395560770544));
#349 = CARTESIAN_POINT('',(-57.22772187852,-6.538376481092,
    12.26080456159));
#350 = CARTESIAN_POINT('',(-57.23081896953,-6.510949373507,
    12.121351133838));
#351 = CARTESIAN_POINT('',(-57.23145182577,-6.505365879406,
    11.980001530711));
#352 = CARTESIAN_POINT('',(-57.22961524402,-6.521700438548,
    11.839573018216));
#353 = CARTESIAN_POINT('',(-57.22525376384,-6.56003139968,
    11.703125516795));
#354 = CARTESIAN_POINT('',(-57.21210443119,-6.673679240022,
    11.460030355941));
#355 = CARTESIAN_POINT('',(-57.20369047996,-6.745901255517,
    11.348279382132));
#356 = CARTESIAN_POINT('',(-57.19288428447,-6.837684628645,
    11.244361498481));
#357 = CARTESIAN_POINT('',(-57.17968174284,-6.948106494747,
    11.153316319263));
#358 = CARTESIAN_POINT('',(-57.16419251344,-7.074990136442,
    11.079695821156));
#359 = CARTESIAN_POINT('',(-57.14665252462,-7.215165045474,
    11.027473821096));
#360 = CARTESIAN_POINT('',(-57.12746189309,-7.36458672707,11.));
#361 = CARTESIAN_POINT('',(-57.10722401513,-7.518308671875,11.));
#362 = FACE_BOUND('',#363,.T.);
#363 = EDGE_LOOP('',(#364));
#364 = ORIENTED_EDGE('',*,*,#365,.F.);
#365 = EDGE_CURVE('',#366,#366,#368,.T.);
#366 = VERTEX_POINT('',#367);
#367 = CARTESIAN_POINT('',(-53.21546107265,-22.04256570422,11.));
#368 = B_SPLINE_CURVE_WITH_KNOTS('',8,(#369,#370,#371,#372,#373,#374,
    #375,#376,#377,#378,#379,#380,#381,#382,#383,#384,#385,#386,#387,
    #388,#389,#390,#391,#392,#393,#394,#395,#396,#397,#398,#399,#400,
    #401,#402,#403,#404,#405,#406,#407,#408,#409,#410,#411,#412,#413,
    #414,#415,#416,#417,#418,#419),.UNSPECIFIED.,.T.,.F.,(9,7,7,7,7,7,7,
    9),(0.,9.746360851171E-02,0.174780283365,0.369662931078,
    0.501186018789,0.632709106501,0.827470542481,1.),.UNSPECIFIED.);
#369 = CARTESIAN_POINT('',(-53.21546107265,-22.04256570422,11.));
#370 = CARTESIAN_POINT('',(-53.1827636155,-22.12150434871,11.));
#371 = CARTESIAN_POINT('',(-53.15010733409,-22.19996516179,
    11.008343504143));
#372 = CARTESIAN_POINT('',(-53.11792382603,-22.27691287475,
    11.024873534261));
#373 = CARTESIAN_POINT('',(-53.08663950496,-22.35135350903,
    11.049212800013));
#374 = CARTESIAN_POINT('',(-53.05665993798,-22.42236814351,
    11.08077132799));
#375 = CARTESIAN_POINT('',(-53.02835186588,-22.48914911921,
    11.118754529079));
#376 = CARTESIAN_POINT('',(-53.00202290611,-22.55103868166,
    11.162171704088));
#377 = CARTESIAN_POINT('',(-52.95876169359,-22.65241570443,
    11.247663613659));
#378 = CARTESIAN_POINT('',(-52.94092456069,-22.69409446877,
    11.288333261293));
#379 = CARTESIAN_POINT('',(-52.92442362011,-22.73255151404,
    11.331506174065));
#380 = CARTESIAN_POINT('',(-52.9092858814,-22.76775091977,
    11.376856763561));
#381 = CARTESIAN_POINT('',(-52.89553004751,-22.79967356219,
    11.424080193453));
#382 = CARTESIAN_POINT('',(-52.88316727875,-22.8283149916,
    11.472890963543));
#383 = CARTESIAN_POINT('',(-52.87220195688,-22.85368330977,
    11.523021493806));
#384 = CARTESIAN_POINT('',(-52.83851176595,-22.9315364301,11.70327228142
    ));
#385 = CARTESIAN_POINT('',(-52.82314294326,-22.96686726398,
    11.83973867356));
#386 = CARTESIAN_POINT('',(-52.81658516216,-22.98188854259,
    11.980089007557));
#387 = CARTESIAN_POINT('',(-52.81882951893,-22.97673508604,
    12.121332419641));
#388 = CARTESIAN_POINT('',(-52.82984544339,-22.95146916046,
    12.260708285787));
#389 = CARTESIAN_POINT('',(-52.84963441887,-22.90596894614,
    12.395447437899));
#390 = CARTESIAN_POINT('',(-52.87826700511,-22.83983197833,
    12.522463808352));
#391 = CARTESIAN_POINT('',(-52.94119226031,-22.6934854603,
    12.715008721887));
#392 = CARTESIAN_POINT('',(-52.970953528,-22.62406154703,12.788128368399
    ));
#393 = CARTESIAN_POINT('',(-53.00492437767,-22.5445144272,
    12.853927195713));
#394 = CARTESIAN_POINT('',(-53.04263292455,-22.45578422118,
    12.909906515597));
#395 = CARTESIAN_POINT('',(-53.08340249168,-22.35929375723,
    12.953959207632));
#396 = CARTESIAN_POINT('',(-53.12641295071,-22.25683976226,
    12.984401213062));
#397 = CARTESIAN_POINT('',(-53.17075267037,-22.15050133536,13.));
#398 = CARTESIAN_POINT('',(-53.26016947493,-21.93463007309,13.));
#399 = CARTESIAN_POINT('',(-53.30400918124,-21.82808453388,
    12.984401213062));
#400 = CARTESIAN_POINT('',(-53.3460421086,-21.72522563204,
    12.953959207632));
#401 = CARTESIAN_POINT('',(-53.3854427326,-21.62816813327,
    12.909906515597));
#402 = CARTESIAN_POINT('',(-53.42152049377,-21.53876243369,
    12.853927195713));
#403 = CARTESIAN_POINT('',(-53.45374778345,-21.45849310767,
    12.788128368399));
#404 = CARTESIAN_POINT('',(-53.48179350911,-21.38835859363,
    12.715008721887));
#405 = CARTESIAN_POINT('',(-53.54075934448,-21.24043605554,
    12.522535310473));
#406 = CARTESIAN_POINT('',(-53.56728154235,-21.17341795416,
    12.395560778971));
#407 = CARTESIAN_POINT('',(-53.58547818964,-21.1272110229,
    12.260804553973));
#408 = CARTESIAN_POINT('',(-53.59556839791,-21.1015200819,12.12135113138
    ));
#409 = CARTESIAN_POINT('',(-53.59762481293,-21.09629061531,
    11.98000154051));
#410 = CARTESIAN_POINT('',(-53.5916231113,-21.11159325783,
    11.839573010788));
#411 = CARTESIAN_POINT('',(-53.5774894641,-21.14748928418,
    11.703125518947));
#412 = CARTESIAN_POINT('',(-53.53537395821,-21.25386137149,
    11.460030355929));
#413 = CARTESIAN_POINT('',(-53.50855427233,-21.32144479066,
    11.348279382131));
#414 = CARTESIAN_POINT('',(-53.47436100403,-21.40730387199,
    11.24436149849));
#415 = CARTESIAN_POINT('',(-53.43302904616,-21.51054613502,
    11.15331631927));
#416 = CARTESIAN_POINT('',(-53.38522769647,-21.62909741391,
    11.079695821156));
#417 = CARTESIAN_POINT('',(-53.33200543217,-21.75995629559,
    11.027473821091));
#418 = CARTESIAN_POINT('',(-53.2747955286,-21.89931965593,11.));
#419 = CARTESIAN_POINT('',(-53.21546107265,-22.04256570422,11.));
#420 = FACE_BOUND('',#421,.T.);
#421 = EDGE_LOOP('',(#422));
#422 = ORIENTED_EDGE('',*,*,#423,.F.);
#423 = EDGE_CURVE('',#424,#424,#426,.T.);
#424 = VERTEX_POINT('',#425);
#425 = CARTESIAN_POINT('',(-45.69715240077,-35.0646583109,11.));
#426 = B_SPLINE_CURVE_WITH_KNOTS('',8,(#427,#428,#429,#430,#431,#432,
    #433,#434,#435,#436,#437,#438,#439,#440,#441,#442,#443,#444,#445,
    #446,#447,#448,#449,#450,#451,#452,#453,#454,#455,#456,#457,#458,
    #459,#460,#461,#462,#463,#464,#465,#466,#467,#468,#469,#470,#471,
    #472,#473,#474,#475,#476,#477),.UNSPECIFIED.,.T.,.F.,(9,7,7,7,7,7,7,
    9),(0.,9.74636085137E-02,0.174780283368,0.369662931085,
    0.501186018799,0.632709106513,0.827470542498,1.),.UNSPECIFIED.);
#427 = CARTESIAN_POINT('',(-45.69715240077,-35.0646583109,11.));
#428 = CARTESIAN_POINT('',(-45.64513825788,-35.13244446166,11.));
#429 = CARTESIAN_POINT('',(-45.59328755955,-35.1997797198,
    11.008343504143));
#430 = CARTESIAN_POINT('',(-45.54228514434,-35.26577579819,
    11.024873534261));
#431 = CARTESIAN_POINT('',(-45.49280015678,-35.32958295127,
    11.049212800013));
#432 = CARTESIAN_POINT('',(-45.44546217889,-35.39041853786,
    11.08077132799));
#433 = CARTESIAN_POINT('',(-45.40083449259,-35.4475973388,
    11.118754529079));
#434 = CARTESIAN_POINT('',(-45.35938447292,-35.50056362932,
    11.162171704088));
#435 = CARTESIAN_POINT('',(-45.29135904624,-35.5872894881,
    11.247663613659));
#436 = CARTESIAN_POINT('',(-45.26334244092,-35.62293149327,
    11.288333261293));
#437 = CARTESIAN_POINT('',(-45.23745034052,-35.65580738882,
    11.331506174065));
#438 = CARTESIAN_POINT('',(-45.21371813117,-35.6858894688,
    11.376856763561));
#439 = CARTESIAN_POINT('',(-45.19216882812,-35.71316410177,
    11.424080193453));
#440 = CARTESIAN_POINT('',(-45.17281436308,-35.73762987813,
    11.472890963543));
#441 = CARTESIAN_POINT('',(-45.15565687161,-35.75929575769,
    11.523021493806));
#442 = CARTESIAN_POINT('',(-45.10296477584,-35.82577643422,
    11.70327228142));
#443 = CARTESIAN_POINT('',(-45.07897534039,-35.85592565512,
    11.839738673559));
#444 = CARTESIAN_POINT('',(-45.06875321728,-35.86873781743,
    11.980089007558));
#445 = CARTESIAN_POINT('',(-45.07225491215,-35.86434084293,
    12.12133241964));
#446 = CARTESIAN_POINT('',(-45.08943478082,-35.84278696394,
    12.260708285789));
#447 = CARTESIAN_POINT('',(-45.12032578533,-35.80395889556,
    12.395447437898));
#448 = CARTESIAN_POINT('',(-45.16510024671,-35.74748614891,
    12.522463808352));
#449 = CARTESIAN_POINT('',(-45.26375864189,-35.62241252203,
    12.715008721887));
#450 = CARTESIAN_POINT('',(-45.31047404991,-35.56305695412,
    12.788128368399));
#451 = CARTESIAN_POINT('',(-45.36387568054,-35.49501263955,
    12.853927195713));
#452 = CARTESIAN_POINT('',(-45.42326440704,-35.41906553207,
    12.909906515597));
#453 = CARTESIAN_POINT('',(-45.48761835459,-35.33641484138,
    12.953959207632));
#454 = CARTESIAN_POINT('',(-45.55568031292,-35.24858380757,
    12.984401213062));
#455 = CARTESIAN_POINT('',(-45.62603160337,-35.1573447386,13.));
#456 = CARTESIAN_POINT('',(-45.76827319817,-34.97197188319,13.));
#457 = CARTESIAN_POINT('',(-45.83819511743,-34.88040334613,
    12.984401213062));
#458 = CARTESIAN_POINT('',(-45.90541765028,-34.79192819849,
    12.953959207632));
#459 = CARTESIAN_POINT('',(-45.96859605972,-34.70837548568,
    12.909906515597));
#460 = CARTESIAN_POINT('',(-46.02658439878,-34.63135382313,
    12.853927195713));
#461 = CARTESIAN_POINT('',(-46.07848880051,-34.56216064441,
    12.788128368399));
#462 = CARTESIAN_POINT('',(-46.12373103919,-34.50167467391,
    12.715008721887));
#463 = CARTESIAN_POINT('',(-46.2189728325,-34.37405395529,
    12.522535310472));
#464 = CARTESIAN_POINT('',(-46.2619368694,-34.31618389027,
    12.395560778972));
#465 = CARTESIAN_POINT('',(-46.2914727148,-34.27626106088,
    12.260804553969));
#466 = CARTESIAN_POINT('',(-46.30786841237,-34.25405705554,
    12.121351131384));
#467 = CARTESIAN_POINT('',(-46.3112082423,-34.24953801807,
    11.980001540507));
#468 = CARTESIAN_POINT('',(-46.30145042837,-34.26276588101,
    11.83957301079));
#469 = CARTESIAN_POINT('',(-46.27850779826,-34.29378072285,
    11.703125518947));
#470 = CARTESIAN_POINT('',(-46.21029622137,-34.38562797416,
    11.460030355943));
#471 = CARTESIAN_POINT('',(-46.16689851811,-34.44396709868,
    11.348279382132));
#472 = CARTESIAN_POINT('',(-46.11164839173,-34.51805073371,
    11.24436149848));
#473 = CARTESIAN_POINT('',(-46.04500372223,-34.60707760407,
    11.153316319262));
#474 = CARTESIAN_POINT('',(-45.96814783524,-34.7092174464,
    11.079695821157));
#475 = CARTESIAN_POINT('',(-45.88287030482,-34.82184248418,
    11.027473821096));
#476 = CARTESIAN_POINT('',(-45.79153988961,-34.94165014056,11.));
#477 = CARTESIAN_POINT('',(-45.69715240077,-35.0646583109,11.));
#478 = FACE_BOUND('',#479,.T.);
#479 = EDGE_LOOP('',(#480));
#480 = ORIENTED_EDGE('',*,*,#481,.F.);
#481 = EDGE_CURVE('',#482,#482,#484,.T.);
#482 = VERTEX_POINT('',#483);
#483 = CARTESIAN_POINT('',(-35.0646583109,-45.69715240077,11.));
#484 = B_SPLINE_CURVE_WITH_KNOTS('',8,(#485,#486,#487,#488,#489,#490,
    #491,#492,#493,#494,#495,#496,#497,#498,#499,#500,#501,#502,#503,
    #504,#505,#506,#507,#508,#509,#510,#511,#512,#513,#514,#515,#516,
    #517,#518,#519,#520,#521,#522,#523,#524,#525,#526,#527,#528,#529,
    #530,#531,#532,#533,#534,#535),.UNSPECIFIED.,.T.,.F.,(9,7,7,7,7,7,7,
    9),(0.,9.746361022727E-02,0.174780286441,0.369662937584,
    0.50118602761,0.632709115905,0.827470545381,1.),.UNSPECIFIED.);
#485 = CARTESIAN_POINT('',(-35.0646583109,-45.69715240077,11.));
#486 = CARTESIAN_POINT('',(-34.99687216013,-45.74916654366,11.));
#487 = CARTESIAN_POINT('',(-34.92936058429,-45.80078746029,
    11.008343504143));
#488 = CARTESIAN_POINT('',(-34.86301499225,-45.85133438044,
    11.024873534261));
#489 = CARTESIAN_POINT('',(-34.79870165832,-45.90015970027,
    11.049212800013));
#490 = CARTESIAN_POINT('',(-34.73723127448,-45.94667039428,
    11.08077132799));
#491 = CARTESIAN_POINT('',(-34.67932527706,-45.99035037968,
    11.118754529079));
#492 = CARTESIAN_POINT('',(-34.62557894783,-46.0307838331,
    11.162171704088));
#493 = CARTESIAN_POINT('',(-34.5374251274,-46.09694830392,
    11.247663613659));
#494 = CARTESIAN_POINT('',(-34.50113833501,-46.12412460619,
    11.288333261293));
#495 = CARTESIAN_POINT('',(-34.46761957864,-46.14917891405,
    11.331506174065));
#496 = CARTESIAN_POINT('',(-34.4369102095,-46.17209362426,
    11.376856763561));
#497 = CARTESIAN_POINT('',(-34.40903598669,-46.1928615266,
    11.424080193453));
#498 = CARTESIAN_POINT('',(-34.38400880018,-46.21148434769,
    11.472890963543));
#499 = CARTESIAN_POINT('',(-34.36182839379,-46.22797129475,
    11.523021493806));
#500 = CARTESIAN_POINT('',(-34.29372527243,-46.27854897925,
    11.70327228142));
#501 = CARTESIAN_POINT('',(-34.2627500646,-46.30146196759,11.83973867356
    ));
#502 = CARTESIAN_POINT('',(-34.24956022027,-46.3111918859,
    11.980089007558));
#503 = CARTESIAN_POINT('',(-34.25408061853,-46.30785104,12.12133241964)
  );
#504 = CARTESIAN_POINT('',(-34.27625365175,-46.29147806883,
    12.260708285789));
#505 = CARTESIAN_POINT('',(-34.31614151439,-46.26196821509,
    12.395447437899));
#506 = CARTESIAN_POINT('',(-34.37400654535,-46.21900821396,
    12.522463808352));
#507 = CARTESIAN_POINT('',(-34.50167467391,-46.12373103919,
    12.715008721887));
#508 = CARTESIAN_POINT('',(-34.56216064441,-46.07848880051,
    12.788128368399));
#509 = CARTESIAN_POINT('',(-34.63135382313,-46.02658439878,
    12.853927195713));
#510 = CARTESIAN_POINT('',(-34.70837548568,-45.96859605972,
    12.909906515597));
#511 = CARTESIAN_POINT('',(-34.79192819849,-45.90541765028,
    12.953959207632));
#512 = CARTESIAN_POINT('',(-34.88040334613,-45.83819511743,
    12.984401213062));
#513 = CARTESIAN_POINT('',(-34.97197188319,-45.76827319817,13.));
#514 = CARTESIAN_POINT('',(-35.15734473738,-45.62603160431,13.));
#515 = CARTESIAN_POINT('',(-35.24858380935,-45.55568031154,
    12.984401212425));
#516 = CARTESIAN_POINT('',(-35.33641484166,-45.48761835439,
    12.953959208056));
#517 = CARTESIAN_POINT('',(-35.41906553054,-45.42326440822,
    12.909906516408));
#518 = CARTESIAN_POINT('',(-35.49501263924,-45.36387568078,
    12.853927195323));
#519 = CARTESIAN_POINT('',(-35.56305695558,-45.31047404877,
    12.788128367335));
#520 = CARTESIAN_POINT('',(-35.62241252144,-45.26375864235,
    12.715008722792));
#521 = CARTESIAN_POINT('',(-35.7474397005,-45.16513688533,12.52253531348
    ));
#522 = CARTESIAN_POINT('',(-35.80391765667,-45.12035859937,
    12.395560770544));
#523 = CARTESIAN_POINT('',(-35.84277986443,-45.08944055989,
    12.260804561591));
#524 = CARTESIAN_POINT('',(-35.86436373224,-45.07223664018,
    12.121351133836));
#525 = CARTESIAN_POINT('',(-35.86875935572,-45.06873601058,
    11.980001530712));
#526 = CARTESIAN_POINT('',(-35.85591041878,-45.07898762871,
    11.839573018216));
#527 = CARTESIAN_POINT('',(-35.82572230402,-45.10300767904,
    11.703125516795));
#528 = CARTESIAN_POINT('',(-35.73606316316,-45.17407085533,
    11.460030355941));
#529 = CARTESIAN_POINT('',(-35.67904492428,-45.21918997027,
    11.348279382132));
#530 = CARTESIAN_POINT('',(-35.60650314463,-45.27644948169,
    11.244361498482));
#531 = CARTESIAN_POINT('',(-35.5190874876,-45.34519392529,
    11.153316319264));
#532 = CARTESIAN_POINT('',(-35.418414665,-45.42396166961,11.079695821157
    ));
#533 = CARTESIAN_POINT('',(-35.30689339123,-45.5106776533,
    11.027473821095));
#534 = CARTESIAN_POINT('',(-35.18766648123,-45.60276491193,11.));
#535 = CARTESIAN_POINT('',(-35.0646583109,-45.69715240077,11.));
#536 = FACE_BOUND('',#537,.T.);
#537 = EDGE_LOOP('',(#538));
#538 = ORIENTED_EDGE('',*,*,#539,.F.);
#539 = EDGE_CURVE('',#540,#540,#542,.T.);
#540 = VERTEX_POINT('',#541);
#541 = CARTESIAN_POINT('',(-22.04256570422,-53.21546107265,11.));
#542 = B_SPLINE_CURVE_WITH_KNOTS('',8,(#543,#544,#545,#546,#547,#548,
    #549,#550,#551,#552,#553,#554,#555,#556,#557,#558,#559,#560,#561,
    #562,#563,#564,#565,#566,#567,#568,#569,#570,#571,#572,#573,#574,
    #575,#576,#577,#578,#579,#580,#581,#582,#583,#584,#585,#586,#587,
    #588,#589,#590,#591,#592,#593),.UNSPECIFIED.,.T.,.F.,(9,7,7,7,7,7,7,
    9),(0.,9.746360821318E-02,0.17478028283,0.369662929945,
    0.501186018787,0.63270910763,0.827470543014,1.),.UNSPECIFIED.);
#543 = CARTESIAN_POINT('',(-22.04256570422,-53.21546107265,11.));
#544 = CARTESIAN_POINT('',(-21.96362705974,-53.24815852979,11.));
#545 = CARTESIAN_POINT('',(-21.88505540871,-53.28054722474,
    11.008343504143));
#546 = CARTESIAN_POINT('',(-21.80788798229,-53.31220029757,
    11.024873534261));
#547 = CARTESIAN_POINT('',(-21.73312914942,-53.3427164193,
    11.049212800013));
#548 = CARTESIAN_POINT('',(-21.66171546471,-53.37173259379,
    11.08077132799));
#549 = CARTESIAN_POINT('',(-21.59447735419,-53.39893704482,
    11.118754529079));
#550 = CARTESIAN_POINT('',(-21.53209743891,-53.42408218812,
    11.162171704088));
#551 = CARTESIAN_POINT('',(-21.42982276192,-53.46517627164,
    11.247663613659));
#552 = CARTESIAN_POINT('',(-21.38773866739,-53.48203485091,
    11.288333261293));
#553 = CARTESIAN_POINT('',(-21.34887750292,-53.49756016142,
    11.331506174065));
#554 = CARTESIAN_POINT('',(-21.31328376674,-53.51174590222,
    11.376856763561));
#555 = CARTESIAN_POINT('',(-21.28098420638,-53.52459177572,
    11.424080193453));
#556 = CARTESIAN_POINT('',(-21.2519898598,-53.53610252705,
    11.472890963543));
#557 = CARTESIAN_POINT('',(-21.22629809654,-53.5462869834,
    11.523021493806));
#558 = CARTESIAN_POINT('',(-21.14742506476,-53.57751489026,
    11.70327228142));
#559 = CARTESIAN_POINT('',(-21.11157499378,-53.59163016374,
    11.839738673559));
#560 = CARTESIAN_POINT('',(-21.09631629434,-53.59761476022,
    11.980089007558));
#561 = CARTESIAN_POINT('',(-21.1015473383,-53.59555771604,12.12133241964
    ));
#562 = CARTESIAN_POINT('',(-21.1272024805,-53.58548144362,
    12.260708285789));
#563 = CARTESIAN_POINT('',(-21.17336890934,-53.56730085228,
    12.395447437898));
#564 = CARTESIAN_POINT('',(-21.24038110366,-53.54078124975,
    12.522463808352));
#565 = CARTESIAN_POINT('',(-21.38835859432,-53.48179350883,
    12.715008722792));
#566 = CARTESIAN_POINT('',(-21.45849310595,-53.45374778415,
    12.788128367335));
#567 = CARTESIAN_POINT('',(-21.53876243405,-53.42152049362,
    12.853927195323));
#568 = CARTESIAN_POINT('',(-21.62816813507,-53.38544273187,
    12.909906516408));
#569 = CARTESIAN_POINT('',(-21.72522563172,-53.34604210874,
    12.953959208056));
#570 = CARTESIAN_POINT('',(-21.8280845318,-53.30400918209,
    12.984401212425));
#571 = CARTESIAN_POINT('',(-21.93463007451,-53.26016947434,13.));
#572 = CARTESIAN_POINT('',(-22.15050133394,-53.17075267095,13.));
#573 = CARTESIAN_POINT('',(-22.25683976434,-53.12641294984,
    12.984401212425));
#574 = CARTESIAN_POINT('',(-22.35929375755,-53.08340249155,
    12.953959208056));
#575 = CARTESIAN_POINT('',(-22.4557842194,-53.0426329253,12.909906516408
    ));
#576 = CARTESIAN_POINT('',(-22.54451442684,-53.00492437782,
    12.853927195323));
#577 = CARTESIAN_POINT('',(-22.62406154874,-52.97095352728,
    12.788128367335));
#578 = CARTESIAN_POINT('',(-22.69348545962,-52.94119226061,
    12.715008722792));
#579 = CARTESIAN_POINT('',(-22.83977763212,-52.87829037259,
    12.522535310473));
#580 = CARTESIAN_POINT('',(-22.90592061203,-52.84965544461,
    12.395560778971));
#581 = CARTESIAN_POINT('',(-22.95146081917,-52.82984918287,
    12.260804553972));
#582 = CARTESIAN_POINT('',(-22.97676191244,-52.81881779897,
    12.121351131381));
#583 = CARTESIAN_POINT('',(-22.98191380875,-52.81657411268,
    11.98000154051));
#584 = CARTESIAN_POINT('',(-22.96684936253,-52.82315087106,
    11.839573010789));
#585 = CARTESIAN_POINT('',(-22.9314730411,-52.83853919693,
    11.703125518947));
#586 = CARTESIAN_POINT('',(-22.82647645702,-52.88397546139,
    11.460030355932));
#587 = CARTESIAN_POINT('',(-22.75972338127,-52.91279977363,
    11.348279382131));
#588 = CARTESIAN_POINT('',(-22.67483355076,-52.94933302037,
    11.244361498488));
#589 = CARTESIAN_POINT('',(-22.57260413877,-52.99311021697,
    11.153316319269));
#590 = CARTESIAN_POINT('',(-22.45497506704,-53.04313797168,
    11.079695821156));
#591 = CARTESIAN_POINT('',(-22.32481004043,-53.0980353503,
    11.027473821092));
#592 = CARTESIAN_POINT('',(-22.18581175252,-53.15612661669,11.));
#593 = CARTESIAN_POINT('',(-22.04256570422,-53.21546107265,11.));
#594 = FACE_BOUND('',#595,.T.);
#595 = EDGE_LOOP('',(#596));
#596 = ORIENTED_EDGE('',*,*,#597,.F.);
#597 = EDGE_CURVE('',#598,#598,#600,.T.);
#598 = VERTEX_POINT('',#599);
#599 = CARTESIAN_POINT('',(-7.518308671875,-57.10722401513,11.));
#600 = B_SPLINE_CURVE_WITH_KNOTS('',8,(#601,#602,#603,#604,#605,#606,
    #607,#608,#609,#610,#611,#612,#613,#614,#615,#616,#617,#618,#619,
    #620,#621,#622,#623,#624,#625,#626,#627,#628,#629,#630,#631,#632,
    #633,#634,#635,#636,#637,#638,#639,#640,#641,#642,#643,#644,#645,
    #646,#647,#648,#649,#650,#651),.UNSPECIFIED.,.T.,.F.,(9,7,7,7,7,7,7,
    9),(0.,9.746360851144E-02,0.174780283364,0.369662931077,
    0.501186018789,0.6327091065,0.827470542481,1.),.UNSPECIFIED.);
#601 = CARTESIAN_POINT('',(-7.518308671875,-57.10722401513,11.));
#602 = CARTESIAN_POINT('',(-7.43359707184,-57.11837650885,11.));
#603 = CARTESIAN_POINT('',(-7.349319873799,-57.12932574609,
    11.008343504143));
#604 = CARTESIAN_POINT('',(-7.266589445588,-57.139927867,11.024873534261
    ));
#605 = CARTESIAN_POINT('',(-7.186479804689,-57.15005516736,
    11.049212800013));
#606 = CARTESIAN_POINT('',(-7.109989543701,-57.159599418,11.08077132799)
  );
#607 = CARTESIAN_POINT('',(-7.038001486203,-57.16847439628,
    11.118754529079));
#608 = CARTESIAN_POINT('',(-6.971239073011,-57.17661762949,
    11.162171704088));
#609 = CARTESIAN_POINT('',(-6.861813389672,-57.18984083184,
    11.24766361366));
#610 = CARTESIAN_POINT('',(-6.816799954506,-57.19523280378,
    11.288333261293));
#611 = CARTESIAN_POINT('',(-6.775244706058,-57.20017109269,
    11.331506174065));
#612 = CARTESIAN_POINT('',(-6.737192257143,-57.20466112928,
    11.376856763561));
#613 = CARTESIAN_POINT('',(-6.702668520905,-57.20870954888,
    11.424080193453));
#614 = CARTESIAN_POINT('',(-6.671682931058,-57.21232379178,
    11.472890963543));
#615 = CARTESIAN_POINT('',(-6.644230662132,-57.21551170356,
    11.523021493806));
#616 = CARTESIAN_POINT('',(-6.559962786703,-57.22526170253,
    11.70327228142));
#617 = CARTESIAN_POINT('',(-6.521680975672,-57.22961732859,
    11.839738673559));
#618 = CARTESIAN_POINT('',(-6.505393276253,-57.23144876287,
    11.980089007558));
#619 = CARTESIAN_POINT('',(-6.51097847893,-57.23081570458,12.12133241964
    ));
#620 = CARTESIAN_POINT('',(-6.538367374562,-57.22772281221,
    12.260708285788));
#621 = CARTESIAN_POINT('',(-6.587666203779,-57.22211046053,
    12.395447437898));
#622 = CARTESIAN_POINT('',(-6.659258791147,-57.21383852369,
    12.522463808352));
#623 = CARTESIAN_POINT('',(-6.81746122112,-57.19516013422,
    12.715008721887));
#624 = CARTESIAN_POINT('',(-6.892464727486,-57.18622219145,
    12.788128368399));
#625 = CARTESIAN_POINT('',(-6.978339978892,-57.17586825034,
    12.853927195713));
#626 = CARTESIAN_POINT('',(-7.074036864828,-57.16415970687,
    12.909906515597));
#627 = CARTESIAN_POINT('',(-7.177984841397,-57.15122195572,
    12.953959207632));
#628 = CARTESIAN_POINT('',(-7.288217833279,-57.13724310839,
    12.984401213062));
#629 = CARTESIAN_POINT('',(-7.402479472198,-57.12247321856,13.));
#630 = CARTESIAN_POINT('',(-7.634137871552,-57.0919748117,13.));
#631 = CARTESIAN_POINT('',(-7.748328868319,-57.07666834146,
    12.984401213062));
#632 = CARTESIAN_POINT('',(-7.858423754007,-57.06164047342,
    12.953959207632));
#633 = CARTESIAN_POINT('',(-7.962178325561,-57.04723366535,
    12.909906515597));
#634 = CARTESIAN_POINT('',(-8.057644813226,-57.03377507324,
    12.853927195713));
#635 = CARTESIAN_POINT('',(-8.143273733547,-57.0215500618,
    12.788128368399));
#636 = CARTESIAN_POINT('',(-8.218034867222,-57.01077111566,
    12.715008721887));
#637 = CARTESIAN_POINT('',(-8.375622460683,-56.987875758,12.522535310473
    ));
#638 = CARTESIAN_POINT('',(-8.446922937922,-56.97733560443,
    12.39556077897));
#639 = CARTESIAN_POINT('',(-8.496037637876,-56.96999089762,
    12.260804553975));
#640 = CARTESIAN_POINT('',(-8.523331749555,-56.96588380381,
    12.121351131377));
#641 = CARTESIAN_POINT('',(-8.528888807992,-56.96504997816,
    11.980001540513));
#642 = CARTESIAN_POINT('',(-8.512635480003,-56.96750367334,
    11.839573010787));
#643 = CARTESIAN_POINT('',(-8.474481785691,-56.973211589,11.703125518947
    ));
#644 = CARTESIAN_POINT('',(-8.361303102876,-56.98992453466,
    11.460030355928));
#645 = CARTESIAN_POINT('',(-8.28936430206,-57.00048971495,
    11.348279382131));
#646 = CARTESIAN_POINT('',(-8.197911522342,-57.01380701663,
    11.24436149849));
#647 = CARTESIAN_POINT('',(-8.087835120876,-57.02963362263,
    11.153316319271));
#648 = CARTESIAN_POINT('',(-7.961266026866,-57.04751207892,
    11.079695821156));
#649 = CARTESIAN_POINT('',(-7.821327778862,-57.06684968682,
    11.027473821091));
#650 = CARTESIAN_POINT('',(-7.672030616667,-57.08698613716,11.));
#651 = CARTESIAN_POINT('',(-7.518308671875,-57.10722401513,11.));
#652 = FACE_BOUND('',#653,.T.);
#653 = EDGE_LOOP('',(#654));
#654 = ORIENTED_EDGE('',*,*,#655,.F.);
#655 = EDGE_CURVE('',#656,#656,#658,.T.);
#656 = VERTEX_POINT('',#657);
#657 = CARTESIAN_POINT('',(7.518308671875,-57.10722401513,11.));
#658 = B_SPLINE_CURVE_WITH_KNOTS('',8,(#659,#660,#661,#662,#663,#664,
    #665,#666,#667,#668,#669,#670,#671,#672,#673,#674,#675,#676,#677,
    #678,#679,#680,#681,#682,#683,#684,#685,#686,#687,#688,#689,#690,
    #691,#692,#693,#694,#695,#696,#697,#698,#699,#700,#701,#702,#703,
    #704,#705,#706,#707,#708,#709),.UNSPECIFIED.,.T.,.F.,(9,7,7,7,7,7,7,
    9),(0.,9.746360851369E-02,0.174780283368,0.369662931085,
    0.501186018799,0.632709106513,0.827470542498,1.),.UNSPECIFIED.);
#659 = CARTESIAN_POINT('',(7.518308671875,-57.10722401513,11.));
#660 = CARTESIAN_POINT('',(7.60302027191,-57.09607152141,11.));
#661 = CARTESIAN_POINT('',(7.687259665193,-57.08483512852,
    11.008343504143));
#662 = CARTESIAN_POINT('',(7.769915153232,-57.07366378049,
    11.024873534261));
#663 = CARTESIAN_POINT('',(7.849916262519,-57.06271210069,
    11.049212800013));
#664 = CARTESIAN_POINT('',(7.926270414904,-57.05213400257,11.08077132799
    ));
#665 = CARTESIAN_POINT('',(7.998102552229,-57.042074693,11.118754529079)
  );
#666 = CARTESIAN_POINT('',(8.064697715201,-57.03266106824,
    11.162171704088));
#667 = CARTESIAN_POINT('',(8.173817225401,-57.01711225002,
    11.247663613659));
#668 = CARTESIAN_POINT('',(8.21869240999,-57.01067016067,11.288333261293
    ));
#669 = CARTESIAN_POINT('',(8.260109820901,-57.00468489174,
    11.331506174065));
#670 = CARTESIAN_POINT('',(8.298027771044,-56.99917323555,
    11.376856763561));
#671 = CARTESIAN_POINT('',(8.332422947594,-56.99414830815,
    11.424080193453));
#672 = CARTESIAN_POINT('',(8.363288163965,-56.98961973794,
    11.472890963543));
#673 = CARTESIAN_POINT('',(8.390630111795,-56.98559385423,
    11.523021493806));
#674 = CARTESIAN_POINT('',(8.474550114419,-56.97320149898,11.70327228142
    ));
#675 = CARTESIAN_POINT('',(8.51265482335,-56.96750064891,11.839738673559
    ));
#676 = CARTESIAN_POINT('',(8.528861542939,-56.96505411177,
    11.980089007559));
#677 = CARTESIAN_POINT('',(8.523302803889,-56.96588818124,
    12.121332419639));
#678 = CARTESIAN_POINT('',(8.496046662793,-56.96998944444,12.26070828579
    ));
#679 = CARTESIAN_POINT('',(8.446975066945,-56.97732780491,
    12.395447437898));
#680 = CARTESIAN_POINT('',(8.37568100304,-56.98786725258,12.522463808352
    ));
#681 = CARTESIAN_POINT('',(8.218034867222,-57.01077111566,
    12.715008721887));
#682 = CARTESIAN_POINT('',(8.143273733547,-57.0215500618,12.788128368399
    ));
#683 = CARTESIAN_POINT('',(8.057644813226,-57.03377507324,
    12.853927195713));
#684 = CARTESIAN_POINT('',(7.962178325561,-57.04723366535,
    12.909906515597));
#685 = CARTESIAN_POINT('',(7.858423754007,-57.06164047342,
    12.953959207632));
#686 = CARTESIAN_POINT('',(7.748328868319,-57.07666834146,
    12.984401213062));
#687 = CARTESIAN_POINT('',(7.634137871552,-57.0919748117,13.));
#688 = CARTESIAN_POINT('',(7.402479472198,-57.12247321856,13.));
#689 = CARTESIAN_POINT('',(7.288217833279,-57.13724310839,
    12.984401213062));
#690 = CARTESIAN_POINT('',(7.177984841397,-57.15122195572,
    12.953959207632));
#691 = CARTESIAN_POINT('',(7.074036864828,-57.16415970687,
    12.909906515597));
#692 = CARTESIAN_POINT('',(6.978339978892,-57.17586825034,
    12.853927195713));
#693 = CARTESIAN_POINT('',(6.892464727486,-57.18622219145,
    12.788128368399));
#694 = CARTESIAN_POINT('',(6.81746122112,-57.19516013422,12.715008721887
    ));
#695 = CARTESIAN_POINT('',(6.659317540086,-57.21383158741,
    12.522535310473));
#696 = CARTESIAN_POINT('',(6.587718575214,-57.22210450231,12.39556077897
    ));
#697 = CARTESIAN_POINT('',(6.538376468073,-57.22772188005,
    12.260804553973));
#698 = CARTESIAN_POINT('',(6.510949386599,-57.23081896799,
    12.121351131379));
#699 = CARTESIAN_POINT('',(6.50536587038,-57.23145182682,11.980001540511
    ));
#700 = CARTESIAN_POINT('',(6.52170044269,-57.22961524354,11.839573010788
    ));
#701 = CARTESIAN_POINT('',(6.560031398674,-57.22525376395,
    11.703125518947));
#702 = CARTESIAN_POINT('',(6.673679240021,-57.21210443119,
    11.460030355943));
#703 = CARTESIAN_POINT('',(6.745901255516,-57.20369047996,
    11.348279382132));
#704 = CARTESIAN_POINT('',(6.837684628646,-57.19288428447,
    11.244361498481));
#705 = CARTESIAN_POINT('',(6.948106494748,-57.17968174284,
    11.153316319263));
#706 = CARTESIAN_POINT('',(7.074990136442,-57.16419251344,
    11.079695821156));
#707 = CARTESIAN_POINT('',(7.215165045473,-57.14665252462,
    11.027473821096));
#708 = CARTESIAN_POINT('',(7.364586727069,-57.12746189309,11.));
#709 = CARTESIAN_POINT('',(7.518308671875,-57.10722401513,11.));
#710 = FACE_BOUND('',#711,.T.);
#711 = EDGE_LOOP('',(#712));
#712 = ORIENTED_EDGE('',*,*,#713,.F.);
#713 = EDGE_CURVE('',#714,#714,#716,.T.);
#714 = VERTEX_POINT('',#715);
#715 = CARTESIAN_POINT('',(22.042565704229,-53.21546107265,11.));
#716 = B_SPLINE_CURVE_WITH_KNOTS('',8,(#717,#718,#719,#720,#721,#722,
    #723,#724,#725,#726,#727,#728,#729,#730,#731,#732,#733,#734,#735,
    #736,#737,#738,#739,#740,#741,#742,#743,#744,#745,#746,#747,#748,
    #749,#750,#751,#752,#753,#754,#755,#756,#757,#758,#759,#760,#761,
    #762,#763,#764,#765,#766,#767),.UNSPECIFIED.,.T.,.F.,(9,7,7,7,7,7,7,
    9),(0.,9.746360851317E-02,0.174780283368,0.369662931083,
    0.501186018796,0.63270910651,0.827470542494,1.),.UNSPECIFIED.);
#717 = CARTESIAN_POINT('',(22.042565704229,-53.21546107265,11.));
#718 = CARTESIAN_POINT('',(22.121504348714,-53.1827636155,11.));
#719 = CARTESIAN_POINT('',(22.199965161799,-53.15010733409,
    11.008343504143));
#720 = CARTESIAN_POINT('',(22.276912874751,-53.11792382603,
    11.024873534261));
#721 = CARTESIAN_POINT('',(22.351353509036,-53.08663950496,
    11.049212800013));
#722 = CARTESIAN_POINT('',(22.422368143515,-53.05665993798,
    11.08077132799));
#723 = CARTESIAN_POINT('',(22.489149119217,-53.02835186588,
    11.118754529079));
#724 = CARTESIAN_POINT('',(22.551038681665,-53.00202290611,
    11.162171704088));
#725 = CARTESIAN_POINT('',(22.652415704436,-52.95876169359,
    11.247663613659));
#726 = CARTESIAN_POINT('',(22.694094468776,-52.94092456069,
    11.288333261293));
#727 = CARTESIAN_POINT('',(22.732551514043,-52.92442362011,
    11.331506174065));
#728 = CARTESIAN_POINT('',(22.767750919774,-52.9092858814,
    11.376856763561));
#729 = CARTESIAN_POINT('',(22.799673562193,-52.89553004751,
    11.424080193453));
#730 = CARTESIAN_POINT('',(22.828314991601,-52.88316727875,
    11.472890963543));
#731 = CARTESIAN_POINT('',(22.853683309775,-52.87220195688,
    11.523021493806));
#732 = CARTESIAN_POINT('',(22.9315364301,-52.83851176595,11.70327228142)
  );
#733 = CARTESIAN_POINT('',(22.966867263988,-52.82314294326,
    11.839738673558));
#734 = CARTESIAN_POINT('',(22.981888542593,-52.81658516216,
    11.980089007559));
#735 = CARTESIAN_POINT('',(22.976735086043,-52.81882951893,
    12.121332419638));
#736 = CARTESIAN_POINT('',(22.951469160464,-52.82984544339,
    12.26070828579));
#737 = CARTESIAN_POINT('',(22.905968946142,-52.84963441887,
    12.395447437898));
#738 = CARTESIAN_POINT('',(22.839831978338,-52.87826700511,
    12.522463808352));
#739 = CARTESIAN_POINT('',(22.693485460307,-52.94119226031,
    12.715008721887));
#740 = CARTESIAN_POINT('',(22.624061547035,-52.970953528,12.788128368399
    ));
#741 = CARTESIAN_POINT('',(22.544514427209,-53.00492437767,
    12.853927195713));
#742 = CARTESIAN_POINT('',(22.455784221186,-53.04263292455,
    12.909906515597));
#743 = CARTESIAN_POINT('',(22.359293757234,-53.08340249168,
    12.953959207632));
#744 = CARTESIAN_POINT('',(22.256839762261,-53.12641295071,
    12.984401213062));
#745 = CARTESIAN_POINT('',(22.150501335365,-53.17075267037,13.));
#746 = CARTESIAN_POINT('',(21.934630073093,-53.26016947493,13.));
#747 = CARTESIAN_POINT('',(21.828084533889,-53.30400918124,
    12.984401213062));
#748 = CARTESIAN_POINT('',(21.725225632041,-53.3460421086,
    12.953959207632));
#749 = CARTESIAN_POINT('',(21.628168133279,-53.3854427326,
    12.909906515597));
#750 = CARTESIAN_POINT('',(21.538762433699,-53.42152049377,
    12.853927195713));
#751 = CARTESIAN_POINT('',(21.458493107678,-53.45374778345,
    12.788128368399));
#752 = CARTESIAN_POINT('',(21.38835859363,-53.48179350911,
    12.715008721887));
#753 = CARTESIAN_POINT('',(21.240436055541,-53.54075934448,
    12.522535310473));
#754 = CARTESIAN_POINT('',(21.173417954168,-53.56728154235,
    12.395560778971));
#755 = CARTESIAN_POINT('',(21.1272110229,-53.58547818964,12.26080455397)
  );
#756 = CARTESIAN_POINT('',(21.101520081909,-53.59556839791,
    12.121351131382));
#757 = CARTESIAN_POINT('',(21.09629061531,-53.59762481293,
    11.980001540508));
#758 = CARTESIAN_POINT('',(21.111593257834,-53.5916231113,11.83957301079
    ));
#759 = CARTESIAN_POINT('',(21.147489284184,-53.5774894641,
    11.703125518947));
#760 = CARTESIAN_POINT('',(21.253861371495,-53.53537395821,
    11.460030355939));
#761 = CARTESIAN_POINT('',(21.321444790665,-53.50855427233,
    11.348279382132));
#762 = CARTESIAN_POINT('',(21.407303871994,-53.47436100403,
    11.244361498483));
#763 = CARTESIAN_POINT('',(21.510546135029,-53.43302904615,
    11.153316319265));
#764 = CARTESIAN_POINT('',(21.629097413916,-53.38522769647,
    11.079695821156));
#765 = CARTESIAN_POINT('',(21.75995629559,-53.33200543217,
    11.027473821095));
#766 = CARTESIAN_POINT('',(21.899319655927,-53.27479552861,11.));
#767 = CARTESIAN_POINT('',(22.042565704229,-53.21546107265,11.));
#768 = FACE_BOUND('',#769,.T.);
#769 = EDGE_LOOP('',(#770));
#770 = ORIENTED_EDGE('',*,*,#771,.F.);
#771 = EDGE_CURVE('',#772,#772,#774,.T.);
#772 = VERTEX_POINT('',#773);
#773 = CARTESIAN_POINT('',(45.697152400775,-35.0646583109,11.));
#774 = B_SPLINE_CURVE_WITH_KNOTS('',8,(#775,#776,#777,#778,#779,#780,
    #781,#782,#783,#784,#785,#786,#787,#788,#789,#790,#791,#792,#793,
    #794,#795,#796,#797,#798,#799,#800,#801,#802,#803,#804,#805,#806,
    #807,#808,#809,#810,#811,#812,#813,#814,#815,#816,#817,#818,#819,
    #820,#821,#822,#823,#824,#825),.UNSPECIFIED.,.T.,.F.,(9,7,7,7,7,7,7,
    9),(0.,9.746360851383E-02,0.174780283369,0.369662931086,0.5011860188
    ,0.632709106514,0.827470542498,1.),.UNSPECIFIED.);
#775 = CARTESIAN_POINT('',(45.697152400775,-35.0646583109,11.));
#776 = CARTESIAN_POINT('',(45.749166543669,-34.99687216013,11.));
#777 = CARTESIAN_POINT('',(45.800787460293,-34.92936058429,
    11.008343504143));
#778 = CARTESIAN_POINT('',(45.851334380443,-34.86301499225,
    11.024873534261));
#779 = CARTESIAN_POINT('',(45.900159700273,-34.79870165832,
    11.049212800013));
#780 = CARTESIAN_POINT('',(45.946670394283,-34.73723127448,
    11.08077132799));
#781 = CARTESIAN_POINT('',(45.99035037968,-34.67932527706,
    11.118754529079));
#782 = CARTESIAN_POINT('',(46.030783833107,-34.62557894783,
    11.162171704088));
#783 = CARTESIAN_POINT('',(46.096948303926,-34.5374251274,
    11.247663613659));
#784 = CARTESIAN_POINT('',(46.124124606193,-34.50113833501,
    11.288333261293));
#785 = CARTESIAN_POINT('',(46.149178914057,-34.46761957864,
    11.331506174065));
#786 = CARTESIAN_POINT('',(46.172093624265,-34.4369102095,
    11.376856763561));
#787 = CARTESIAN_POINT('',(46.192861526608,-34.40903598669,
    11.424080193453));
#788 = CARTESIAN_POINT('',(46.211484347697,-34.38400880018,
    11.472890963543));
#789 = CARTESIAN_POINT('',(46.227971294751,-34.36182839379,
    11.523021493806));
#790 = CARTESIAN_POINT('',(46.278548979253,-34.29372527243,
    11.70327228142));
#791 = CARTESIAN_POINT('',(46.301461967589,-34.2627500646,
    11.839738673559));
#792 = CARTESIAN_POINT('',(46.311191885907,-34.24956022027,
    11.980089007559));
#793 = CARTESIAN_POINT('',(46.307851040008,-34.25408061853,
    12.121332419639));
#794 = CARTESIAN_POINT('',(46.291478068835,-34.27625365175,
    12.260708285789));
#795 = CARTESIAN_POINT('',(46.261968215092,-34.31614151439,
    12.395447437898));
#796 = CARTESIAN_POINT('',(46.219008213966,-34.37400654535,
    12.522463808352));
#797 = CARTESIAN_POINT('',(46.123731039198,-34.50167467391,
    12.715008721887));
#798 = CARTESIAN_POINT('',(46.078488800517,-34.56216064441,
    12.788128368399));
#799 = CARTESIAN_POINT('',(46.026584398787,-34.63135382313,
    12.853927195713));
#800 = CARTESIAN_POINT('',(45.968596059726,-34.70837548568,
    12.909906515597));
#801 = CARTESIAN_POINT('',(45.905417650285,-34.79192819849,
    12.953959207632));
#802 = CARTESIAN_POINT('',(45.838195117434,-34.88040334613,
    12.984401213062));
#803 = CARTESIAN_POINT('',(45.768273198173,-34.97197188319,13.));
#804 = CARTESIAN_POINT('',(45.626031603378,-35.1573447386,13.));
#805 = CARTESIAN_POINT('',(45.555680312924,-35.24858380757,
    12.984401213062));
#806 = CARTESIAN_POINT('',(45.487618354599,-35.33641484138,
    12.953959207632));
#807 = CARTESIAN_POINT('',(45.423264407042,-35.41906553207,
    12.909906515597));
#808 = CARTESIAN_POINT('',(45.363875680549,-35.49501263955,
    12.853927195713));
#809 = CARTESIAN_POINT('',(45.310474049912,-35.56305695412,
    12.788128368399));
#810 = CARTESIAN_POINT('',(45.263758641891,-35.62241252203,
    12.715008721887));
#811 = CARTESIAN_POINT('',(45.165136883798,-35.74743970245,
    12.522535310473));
#812 = CARTESIAN_POINT('',(45.120358604432,-35.80391765026,
    12.395560778972));
#813 = CARTESIAN_POINT('',(45.089440551769,-35.84277987472,
    12.260804553972));
#814 = CARTESIAN_POINT('',(45.072236648356,-35.8643637219,12.12135113138
    ));
#815 = CARTESIAN_POINT('',(45.068736004947,-35.86875936285,
    11.980001540509));
#816 = CARTESIAN_POINT('',(45.078987631302,-35.85591041551,
    11.839573010789));
#817 = CARTESIAN_POINT('',(45.103007678416,-35.82572230481,
    11.703125518947));
#818 = CARTESIAN_POINT('',(45.174070855335,-35.73606316316,
    11.460030355943));
#819 = CARTESIAN_POINT('',(45.219189970269,-35.67904492428,
    11.348279382132));
#820 = CARTESIAN_POINT('',(45.276449481698,-35.60650314463,
    11.244361498481));
#821 = CARTESIAN_POINT('',(45.345193925293,-35.5190874876,
    11.153316319263));
#822 = CARTESIAN_POINT('',(45.423961669619,-35.418414665,11.079695821156
    ));
#823 = CARTESIAN_POINT('',(45.510677653306,-35.30689339123,
    11.027473821096));
#824 = CARTESIAN_POINT('',(45.602764911933,-35.18766648124,11.));
#825 = CARTESIAN_POINT('',(45.697152400775,-35.0646583109,11.));
#826 = FACE_BOUND('',#827,.T.);
#827 = EDGE_LOOP('',(#828));
#828 = ORIENTED_EDGE('',*,*,#829,.F.);
#829 = EDGE_CURVE('',#830,#830,#832,.T.);
#830 = VERTEX_POINT('',#831);
#831 = CARTESIAN_POINT('',(53.21546107265,-22.04256570422,11.));
#832 = B_SPLINE_CURVE_WITH_KNOTS('',8,(#833,#834,#835,#836,#837,#838,
    #839,#840,#841,#842,#843,#844,#845,#846,#847,#848,#849,#850,#851,
    #852,#853,#854,#855,#856,#857,#858,#859,#860,#861,#862,#863,#864,
    #865,#866,#867,#868,#869,#870,#871,#872,#873,#874,#875,#876,#877,
    #878,#879,#880,#881,#882,#883),.UNSPECIFIED.,.T.,.F.,(9,7,7,7,7,7,7,
    9),(0.,9.746360821489E-02,0.174780282833,0.369662929951,
    0.501186018796,0.63270910764,0.827470543028,1.),.UNSPECIFIED.);
#833 = CARTESIAN_POINT('',(53.21546107265,-22.04256570422,11.));
#834 = CARTESIAN_POINT('',(53.248158529791,-21.96362705974,11.));
#835 = CARTESIAN_POINT('',(53.280547224742,-21.88505540871,
    11.008343504143));
#836 = CARTESIAN_POINT('',(53.312200297576,-21.80788798229,
    11.024873534261));
#837 = CARTESIAN_POINT('',(53.342716419301,-21.73312914942,
    11.049212800013));
#838 = CARTESIAN_POINT('',(53.371732593798,-21.66171546471,
    11.08077132799));
#839 = CARTESIAN_POINT('',(53.398937044826,-21.59447735419,
    11.118754529079));
#840 = CARTESIAN_POINT('',(53.424082188127,-21.53209743891,
    11.162171704088));
#841 = CARTESIAN_POINT('',(53.465176271649,-21.42982276192,
    11.247663613659));
#842 = CARTESIAN_POINT('',(53.482034850915,-21.38773866739,
    11.288333261293));
#843 = CARTESIAN_POINT('',(53.497560161424,-21.34887750292,
    11.331506174065));
#844 = CARTESIAN_POINT('',(53.51174590222,-21.31328376674,
    11.376856763562));
#845 = CARTESIAN_POINT('',(53.52459177572,-21.28098420638,
    11.424080193453));
#846 = CARTESIAN_POINT('',(53.536102527054,-21.2519898598,
    11.472890963543));
#847 = CARTESIAN_POINT('',(53.546286983408,-21.22629809654,
    11.523021493806));
#848 = CARTESIAN_POINT('',(53.577514890263,-21.14742506476,
    11.70327228142));
#849 = CARTESIAN_POINT('',(53.591630163744,-21.11157499378,
    11.839738673559));
#850 = CARTESIAN_POINT('',(53.59761476022,-21.09631629434,
    11.980089007558));
#851 = CARTESIAN_POINT('',(53.595557716046,-21.1015473383,12.12133241964
    ));
#852 = CARTESIAN_POINT('',(53.58548144362,-21.1272024805,12.260708285789
    ));
#853 = CARTESIAN_POINT('',(53.56730085228,-21.17336890934,
    12.395447437899));
#854 = CARTESIAN_POINT('',(53.540781249752,-21.24038110366,
    12.522463808352));
#855 = CARTESIAN_POINT('',(53.481793508836,-21.38835859432,
    12.715008722792));
#856 = CARTESIAN_POINT('',(53.453747784158,-21.45849310595,
    12.788128367335));
#857 = CARTESIAN_POINT('',(53.421520493622,-21.53876243405,
    12.853927195323));
#858 = CARTESIAN_POINT('',(53.385442731872,-21.62816813507,
    12.909906516408));
#859 = CARTESIAN_POINT('',(53.346042108744,-21.72522563172,
    12.953959208056));
#860 = CARTESIAN_POINT('',(53.304009182098,-21.8280845318,
    12.984401212425));
#861 = CARTESIAN_POINT('',(53.260169474341,-21.93463007451,13.));
#862 = CARTESIAN_POINT('',(53.170752670959,-22.15050133394,13.));
#863 = CARTESIAN_POINT('',(53.126412949843,-22.25683976434,
    12.984401212425));
#864 = CARTESIAN_POINT('',(53.083402491553,-22.35929375755,
    12.953959208056));
#865 = CARTESIAN_POINT('',(53.042632925305,-22.4557842194,
    12.909906516408));
#866 = CARTESIAN_POINT('',(53.004924377824,-22.54451442684,
    12.853927195323));
#867 = CARTESIAN_POINT('',(52.970953527281,-22.62406154874,
    12.788128367335));
#868 = CARTESIAN_POINT('',(52.941192260613,-22.69348545962,
    12.715008722792));
#869 = CARTESIAN_POINT('',(52.878290372592,-22.83977763212,
    12.522535310473));
#870 = CARTESIAN_POINT('',(52.849655444616,-22.90592061203,
    12.39556077897));
#871 = CARTESIAN_POINT('',(52.829849182874,-22.95146081917,
    12.260804553972));
#872 = CARTESIAN_POINT('',(52.818817798972,-22.97676191244,
    12.121351131379));
#873 = CARTESIAN_POINT('',(52.816574112689,-22.98191380875,
    11.98000154051));
#874 = CARTESIAN_POINT('',(52.823150871065,-22.96684936253,
    11.839573010789));
#875 = CARTESIAN_POINT('',(52.838539196936,-22.9314730411,
    11.703125518948));
#876 = CARTESIAN_POINT('',(52.883975461395,-22.82647645703,
    11.460030355942));
#877 = CARTESIAN_POINT('',(52.912799773629,-22.75972338128,
    11.348279382133));
#878 = CARTESIAN_POINT('',(52.949333020379,-22.67483355076,
    11.24436149848));
#879 = CARTESIAN_POINT('',(52.993110216982,-22.57260413876,
    11.153316319263));
#880 = CARTESIAN_POINT('',(53.043137971691,-22.45497506704,
    11.079695821157));
#881 = CARTESIAN_POINT('',(53.098035350303,-22.32481004043,
    11.027473821096));
#882 = CARTESIAN_POINT('',(53.156126616686,-22.18581175253,11.));
#883 = CARTESIAN_POINT('',(53.21546107265,-22.04256570422,11.));
#884 = FACE_BOUND('',#885,.T.);
#885 = EDGE_LOOP('',(#886));
#886 = ORIENTED_EDGE('',*,*,#887,.F.);
#887 = EDGE_CURVE('',#888,#888,#890,.T.);
#888 = VERTEX_POINT('',#889);
#889 = CARTESIAN_POINT('',(57.107224015131,-7.518308671875,11.));
#890 = B_SPLINE_CURVE_WITH_KNOTS('',8,(#891,#892,#893,#894,#895,#896,
    #897,#898,#899,#900,#901,#902,#903,#904,#905,#906,#907,#908,#909,
    #910,#911,#912,#913,#914,#915,#916,#917,#918,#919,#920,#921,#922,
    #923,#924,#925,#926,#927,#928,#929,#930,#931,#932,#933,#934,#935,
    #936,#937,#938,#939,#940,#941),.UNSPECIFIED.,.T.,.F.,(9,7,7,7,7,7,7,
    9),(0.,9.746360821362E-02,0.17478028283,0.369662929946,
    0.501186018789,0.632709107632,0.827470543016,1.),.UNSPECIFIED.);
#891 = CARTESIAN_POINT('',(57.107224015131,-7.518308671875,11.));
#892 = CARTESIAN_POINT('',(57.118376508851,-7.43359707184,11.));
#893 = CARTESIAN_POINT('',(57.129325746093,-7.349319873799,
    11.008343504143));
#894 = CARTESIAN_POINT('',(57.139927867005,-7.266589445588,
    11.024873534261));
#895 = CARTESIAN_POINT('',(57.150055167362,-7.186479804689,
    11.049212800013));
#896 = CARTESIAN_POINT('',(57.159599418004,-7.109989543701,
    11.08077132799));
#897 = CARTESIAN_POINT('',(57.168474396283,-7.038001486203,
    11.118754529079));
#898 = CARTESIAN_POINT('',(57.176617629496,-6.971239073011,
    11.162171704088));
#899 = CARTESIAN_POINT('',(57.18984083184,-6.861813389672,
    11.247663613659));
#900 = CARTESIAN_POINT('',(57.195232803789,-6.816799954506,
    11.288333261293));
#901 = CARTESIAN_POINT('',(57.20017109269,-6.775244706058,
    11.331506174065));
#902 = CARTESIAN_POINT('',(57.20466112928,-6.737192257143,
    11.376856763562));
#903 = CARTESIAN_POINT('',(57.208709548886,-6.702668520905,
    11.424080193453));
#904 = CARTESIAN_POINT('',(57.212323791784,-6.671682931058,
    11.472890963543));
#905 = CARTESIAN_POINT('',(57.215511703569,-6.644230662132,
    11.523021493806));
#906 = CARTESIAN_POINT('',(57.225261702531,-6.559962786703,
    11.703272281419));
#907 = CARTESIAN_POINT('',(57.229617328595,-6.521680975671,
    11.83973867356));
#908 = CARTESIAN_POINT('',(57.231448762871,-6.505393276254,
    11.980089007557));
#909 = CARTESIAN_POINT('',(57.230815704582,-6.510978478928,
    12.121332419641));
#910 = CARTESIAN_POINT('',(57.227722812219,-6.538367374563,
    12.260708285788));
#911 = CARTESIAN_POINT('',(57.222110460535,-6.587666203779,
    12.395447437899));
#912 = CARTESIAN_POINT('',(57.213838523693,-6.659258791147,
    12.522463808352));
#913 = CARTESIAN_POINT('',(57.195160134137,-6.817461221863,
    12.715008722792));
#914 = CARTESIAN_POINT('',(57.186222191683,-6.892464725645,
    12.788128367335));
#915 = CARTESIAN_POINT('',(57.175868250293,-6.978339979276,
    12.853927195323));
#916 = CARTESIAN_POINT('',(57.164159706627,-7.07403686675,
    12.909906516408));
#917 = CARTESIAN_POINT('',(57.151221955778,-7.177984841052,
    12.953959208056));
#918 = CARTESIAN_POINT('',(57.137243108677,-7.288217831043,
    12.984401212425));
#919 = CARTESIAN_POINT('',(57.122473218362,-7.402479473722,13.));
#920 = CARTESIAN_POINT('',(57.091974811901,-7.634137870027,13.));
#921 = CARTESIAN_POINT('',(57.076668341158,-7.748328870554,
    12.984401212425));
#922 = CARTESIAN_POINT('',(57.061640473387,-7.858423754353,
    12.953959208056));
#923 = CARTESIAN_POINT('',(57.047233665616,-7.962178323642,
    12.909906516408));
#924 = CARTESIAN_POINT('',(57.033775073296,-8.05764481284,
    12.853927195323));
#925 = CARTESIAN_POINT('',(57.021550061546,-8.143273735386,
    12.788128367335));
#926 = CARTESIAN_POINT('',(57.010771115768,-8.218034866481,
    12.715008722792));
#927 = CARTESIAN_POINT('',(56.987875758,-8.375622460683,12.522535310473)
  );
#928 = CARTESIAN_POINT('',(56.977335604436,-8.446922937921,
    12.395560778971));
#929 = CARTESIAN_POINT('',(56.96999089762,-8.496037637877,
    12.260804553972));
#930 = CARTESIAN_POINT('',(56.965883803811,-8.523331749554,
    12.12135113138));
#931 = CARTESIAN_POINT('',(56.965049978167,-8.528888807992,
    11.98000154051));
#932 = CARTESIAN_POINT('',(56.967503673349,-8.512635480003,
    11.839573010788));
#933 = CARTESIAN_POINT('',(56.973211589001,-8.474481785691,
    11.703125518947));
#934 = CARTESIAN_POINT('',(56.989924534663,-8.361303102878,
    11.460030355933));
#935 = CARTESIAN_POINT('',(57.000489714953,-8.289364302062,
    11.348279382131));
#936 = CARTESIAN_POINT('',(57.013807016631,-8.19791152234,
    11.244361498487));
#937 = CARTESIAN_POINT('',(57.029633622638,-8.087835120872,
    11.153316319268));
#938 = CARTESIAN_POINT('',(57.047512078923,-7.961266026863,
    11.079695821156));
#939 = CARTESIAN_POINT('',(57.066849686828,-7.821327778864,
    11.027473821093));
#940 = CARTESIAN_POINT('',(57.086986137165,-7.672030616672,11.));
#941 = CARTESIAN_POINT('',(57.107224015131,-7.518308671875,11.));
#942 = FACE_BOUND('',#943,.T.);
#943 = EDGE_LOOP('',(#944));
#944 = ORIENTED_EDGE('',*,*,#945,.F.);
#945 = EDGE_CURVE('',#946,#946,#948,.T.);
#946 = VERTEX_POINT('',#947);
#947 = CARTESIAN_POINT('',(57.107224015131,7.518308671875,11.));
#948 = B_SPLINE_CURVE_WITH_KNOTS('',8,(#949,#950,#951,#952,#953,#954,
    #955,#956,#957,#958,#959,#960,#961,#962,#963,#964,#965,#966,#967,
    #968,#969,#970,#971,#972,#973,#974,#975,#976,#977,#978,#979,#980,
    #981,#982,#983,#984,#985,#986,#987,#988,#989,#990,#991,#992,#993,
    #994,#995,#996,#997,#998,#999),.UNSPECIFIED.,.T.,.F.,(9,7,7,7,7,7,7,
    9),(0.,9.746360851371E-02,0.174780283368,0.369662931085,
    0.501186018799,0.632709106514,0.827470542499,1.),.UNSPECIFIED.);
#949 = CARTESIAN_POINT('',(57.107224015131,7.518308671875,11.));
#950 = CARTESIAN_POINT('',(57.096071521412,7.60302027191,11.));
#951 = CARTESIAN_POINT('',(57.084835128522,7.687259665193,
    11.008343504143));
#952 = CARTESIAN_POINT('',(57.073663780494,7.769915153232,
    11.024873534261));
#953 = CARTESIAN_POINT('',(57.062712100698,7.849916262519,
    11.049212800013));
#954 = CARTESIAN_POINT('',(57.052134002578,7.926270414904,11.08077132799
    ));
#955 = CARTESIAN_POINT('',(57.042074693004,7.998102552229,
    11.118754529079));
#956 = CARTESIAN_POINT('',(57.032661068243,8.064697715201,
    11.162171704088));
#957 = CARTESIAN_POINT('',(57.017112250022,8.173817225401,
    11.247663613659));
#958 = CARTESIAN_POINT('',(57.010670160675,8.21869240999,11.288333261293
    ));
#959 = CARTESIAN_POINT('',(57.00468489174,8.260109820901,11.331506174065
    ));
#960 = CARTESIAN_POINT('',(56.999173235552,8.298027771044,
    11.376856763561));
#961 = CARTESIAN_POINT('',(56.994148308158,8.332422947594,
    11.424080193453));
#962 = CARTESIAN_POINT('',(56.98961973794,8.363288163965,11.472890963543
    ));
#963 = CARTESIAN_POINT('',(56.985593854236,8.390630111795,
    11.523021493806));
#964 = CARTESIAN_POINT('',(56.973201498988,8.474550114419,11.70327228142
    ));
#965 = CARTESIAN_POINT('',(56.967500648917,8.51265482335,11.839738673559
    ));
#966 = CARTESIAN_POINT('',(56.965054111772,8.52886154294,11.980089007558
    ));
#967 = CARTESIAN_POINT('',(56.965888181245,8.523302803887,
    12.121332419639));
#968 = CARTESIAN_POINT('',(56.969989444448,8.496046662795,12.26070828579
    ));
#969 = CARTESIAN_POINT('',(56.977327804913,8.446975066944,
    12.395447437898));
#970 = CARTESIAN_POINT('',(56.987867252583,8.37568100304,12.522463808352
    ));
#971 = CARTESIAN_POINT('',(57.01077111566,8.218034867222,12.715008721887
    ));
#972 = CARTESIAN_POINT('',(57.021550061801,8.143273733547,
    12.788128368399));
#973 = CARTESIAN_POINT('',(57.033775073249,8.057644813226,
    12.853927195713));
#974 = CARTESIAN_POINT('',(57.047233665353,7.962178325562,
    12.909906515597));
#975 = CARTESIAN_POINT('',(57.061640473427,7.858423754007,
    12.953959207632));
#976 = CARTESIAN_POINT('',(57.07666834146,7.748328868319,12.984401213062
    ));
#977 = CARTESIAN_POINT('',(57.0919748117,7.634137871552,13.));
#978 = CARTESIAN_POINT('',(57.122473218563,7.402479472198,13.));
#979 = CARTESIAN_POINT('',(57.13724310839,7.288217833279,12.984401213062
    ));
#980 = CARTESIAN_POINT('',(57.151221955728,7.177984841397,
    12.953959207632));
#981 = CARTESIAN_POINT('',(57.16415970687,7.074036864828,12.909906515597
    ));
#982 = CARTESIAN_POINT('',(57.175868250348,6.978339978892,
    12.853927195713));
#983 = CARTESIAN_POINT('',(57.186222191453,6.892464727486,
    12.788128368399));
#984 = CARTESIAN_POINT('',(57.195160134225,6.81746122112,12.715008721887
    ));
#985 = CARTESIAN_POINT('',(57.213831587418,6.659317540085,
    12.522535310472));
#986 = CARTESIAN_POINT('',(57.222104502311,6.587718575215,
    12.395560778973));
#987 = CARTESIAN_POINT('',(57.227721880055,6.538376468071,
    12.260804553969));
#988 = CARTESIAN_POINT('',(57.230818967995,6.5109493866,12.121351131384)
  );
#989 = CARTESIAN_POINT('',(57.231451826829,6.50536587038,11.980001540507
    ));
#990 = CARTESIAN_POINT('',(57.229615243545,6.52170044269,11.83957301079)
  );
#991 = CARTESIAN_POINT('',(57.225253763959,6.560031398674,
    11.703125518947));
#992 = CARTESIAN_POINT('',(57.212104431196,6.673679240021,
    11.460030355944));
#993 = CARTESIAN_POINT('',(57.203690479964,6.745901255516,
    11.348279382132));
#994 = CARTESIAN_POINT('',(57.192884284472,6.837684628646,11.24436149848
    ));
#995 = CARTESIAN_POINT('',(57.17968174284,6.948106494749,11.153316319262
    ));
#996 = CARTESIAN_POINT('',(57.164192513448,7.074990136443,
    11.079695821156));
#997 = CARTESIAN_POINT('',(57.146652524623,7.215165045473,
    11.027473821096));
#998 = CARTESIAN_POINT('',(57.127461893099,7.364586727067,11.));
#999 = CARTESIAN_POINT('',(57.107224015131,7.518308671875,11.));
#1000 = FACE_BOUND('',#1001,.T.);
#1001 = EDGE_LOOP('',(#1002));
#1002 = ORIENTED_EDGE('',*,*,#1003,.F.);
#1003 = EDGE_CURVE('',#1004,#1004,#1006,.T.);
#1004 = VERTEX_POINT('',#1005);
#1005 = CARTESIAN_POINT('',(53.21546107265,22.042565704229,11.));
#1006 = B_SPLINE_CURVE_WITH_KNOTS('',8,(#1007,#1008,#1009,#1010,#1011,
    #1012,#1013,#1014,#1015,#1016,#1017,#1018,#1019,#1020,#1021,#1022,
    #1023,#1024,#1025,#1026,#1027,#1028,#1029,#1030,#1031,#1032,#1033,
    #1034,#1035,#1036,#1037,#1038,#1039,#1040,#1041,#1042,#1043,#1044,
    #1045,#1046,#1047,#1048,#1049,#1050,#1051,#1052,#1053,#1054,#1055,
    #1056,#1057),.UNSPECIFIED.,.T.,.F.,(9,7,7,7,7,7,7,9),(0.,
    9.746360851354E-02,0.174780283368,0.369662931084,0.501186018798,
    0.632709106512,0.827470542496,1.),.UNSPECIFIED.);
#1007 = CARTESIAN_POINT('',(53.21546107265,22.042565704229,11.));
#1008 = CARTESIAN_POINT('',(53.182763615509,22.121504348714,11.));
#1009 = CARTESIAN_POINT('',(53.150107334092,22.199965161799,
    11.008343504143));
#1010 = CARTESIAN_POINT('',(53.117923826031,22.276912874751,
    11.024873534261));
#1011 = CARTESIAN_POINT('',(53.086639504962,22.351353509036,
    11.049212800013));
#1012 = CARTESIAN_POINT('',(53.056659937985,22.422368143515,
    11.08077132799));
#1013 = CARTESIAN_POINT('',(53.028351865883,22.489149119217,
    11.118754529079));
#1014 = CARTESIAN_POINT('',(53.002022906118,22.551038681665,
    11.162171704088));
#1015 = CARTESIAN_POINT('',(52.958761693598,22.652415704436,
    11.247663613659));
#1016 = CARTESIAN_POINT('',(52.940924560699,22.694094468776,
    11.288333261293));
#1017 = CARTESIAN_POINT('',(52.924423620114,22.732551514043,
    11.331506174065));
#1018 = CARTESIAN_POINT('',(52.909285881408,22.767750919774,
    11.376856763562));
#1019 = CARTESIAN_POINT('',(52.895530047513,22.799673562193,
    11.424080193453));
#1020 = CARTESIAN_POINT('',(52.883167278755,22.828314991601,
    11.472890963543));
#1021 = CARTESIAN_POINT('',(52.872201956883,22.853683309775,
    11.523021493806));
#1022 = CARTESIAN_POINT('',(52.838511765957,22.9315364301,11.70327228142
    ));
#1023 = CARTESIAN_POINT('',(52.823142943261,22.966867263988,
    11.839738673559));
#1024 = CARTESIAN_POINT('',(52.81658516216,22.981888542592,
    11.980089007558));
#1025 = CARTESIAN_POINT('',(52.818829518938,22.976735086043,
    12.12133241964));
#1026 = CARTESIAN_POINT('',(52.829845443397,22.951469160464,
    12.260708285788));
#1027 = CARTESIAN_POINT('',(52.849634418872,22.905968946142,
    12.395447437898));
#1028 = CARTESIAN_POINT('',(52.878267005113,22.839831978338,
    12.522463808352));
#1029 = CARTESIAN_POINT('',(52.941192260318,22.693485460307,
    12.715008721887));
#1030 = CARTESIAN_POINT('',(52.970953528003,22.624061547035,
    12.788128368399));
#1031 = CARTESIAN_POINT('',(53.004924377679,22.544514427209,
    12.853927195713));
#1032 = CARTESIAN_POINT('',(53.042632924554,22.455784221186,
    12.909906515597));
#1033 = CARTESIAN_POINT('',(53.083402491682,22.359293757234,
    12.953959207632));
#1034 = CARTESIAN_POINT('',(53.126412950713,22.256839762261,
    12.984401213062));
#1035 = CARTESIAN_POINT('',(53.17075267037,22.150501335365,13.));
#1036 = CARTESIAN_POINT('',(53.26016947493,21.934630073093,13.));
#1037 = CARTESIAN_POINT('',(53.304009181243,21.828084533889,
    12.984401213062));
#1038 = CARTESIAN_POINT('',(53.346042108606,21.725225632041,
    12.953959207632));
#1039 = CARTESIAN_POINT('',(53.385442732603,21.628168133279,
    12.909906515597));
#1040 = CARTESIAN_POINT('',(53.421520493774,21.538762433699,
    12.853927195713));
#1041 = CARTESIAN_POINT('',(53.453747783459,21.458493107678,
    12.788128368399));
#1042 = CARTESIAN_POINT('',(53.481793509113,21.38835859363,
    12.715008721887));
#1043 = CARTESIAN_POINT('',(53.540759344481,21.240436055541,
    12.522535310473));
#1044 = CARTESIAN_POINT('',(53.567281542353,21.173417954169,
    12.395560778973));
#1045 = CARTESIAN_POINT('',(53.585478189646,21.127211022899,
    12.260804553968));
#1046 = CARTESIAN_POINT('',(53.59556839791,21.10152008191,
    12.121351131385));
#1047 = CARTESIAN_POINT('',(53.597624812938,21.09629061531,
    11.980001540506));
#1048 = CARTESIAN_POINT('',(53.591623111305,21.111593257834,
    11.83957301079));
#1049 = CARTESIAN_POINT('',(53.577489464106,21.147489284184,
    11.703125518947));
#1050 = CARTESIAN_POINT('',(53.535373958217,21.253861371494,
    11.460030355941));
#1051 = CARTESIAN_POINT('',(53.508554272335,21.321444790664,
    11.348279382132));
#1052 = CARTESIAN_POINT('',(53.474361004035,21.407303871994,
    11.244361498482));
#1053 = CARTESIAN_POINT('',(53.433029046158,21.51054613503,
    11.153316319264));
#1054 = CARTESIAN_POINT('',(53.385227696476,21.629097413916,
    11.079695821157));
#1055 = CARTESIAN_POINT('',(53.332005432174,21.75995629559,
    11.027473821095));
#1056 = CARTESIAN_POINT('',(53.274795528614,21.899319655925,11.));
#1057 = CARTESIAN_POINT('',(53.21546107265,22.042565704229,11.));
#1058 = FACE_BOUND('',#1059,.T.);
#1059 = EDGE_LOOP('',(#1060));
#1060 = ORIENTED_EDGE('',*,*,#1061,.F.);
#1061 = EDGE_CURVE('',#1062,#1062,#1064,.T.);
#1062 = VERTEX_POINT('',#1063);
#1063 = CARTESIAN_POINT('',(45.697152400775,35.064658310902,11.));
#1064 = B_SPLINE_CURVE_WITH_KNOTS('',8,(#1065,#1066,#1067,#1068,#1069,
    #1070,#1071,#1072,#1073,#1074,#1075,#1076,#1077,#1078,#1079,#1080,
    #1081,#1082,#1083,#1084,#1085,#1086,#1087,#1088,#1089,#1090,#1091,
    #1092,#1093,#1094,#1095,#1096,#1097,#1098,#1099,#1100,#1101,#1102,
    #1103,#1104,#1105,#1106,#1107,#1108,#1109,#1110,#1111,#1112,#1113,
    #1114,#1115),.UNSPECIFIED.,.T.,.F.,(9,7,7,7,7,7,7,9),(0.,
    9.746360715745E-02,0.174780280936,0.36966292594,0.501186013357,
    0.632709102506,0.827470540616,1.),.UNSPECIFIED.);
#1065 = CARTESIAN_POINT('',(45.697152400775,35.064658310902,11.));
#1066 = CARTESIAN_POINT('',(45.645138257881,35.132444461668,11.));
#1067 = CARTESIAN_POINT('',(45.59328755955,35.199779719805,
    11.008343504143));
#1068 = CARTESIAN_POINT('',(45.542285144343,35.265775798196,
    11.024873534261));
#1069 = CARTESIAN_POINT('',(45.492800156783,35.329582951271,
    11.049212800013));
#1070 = CARTESIAN_POINT('',(45.445462178894,35.390418537861,
    11.08077132799));
#1071 = CARTESIAN_POINT('',(45.400834492596,35.447597338806,
    11.118754529079));
#1072 = CARTESIAN_POINT('',(45.359384472926,35.500563629328,
    11.162171704088));
#1073 = CARTESIAN_POINT('',(45.291359046247,35.5872894881,
    11.247663613659));
#1074 = CARTESIAN_POINT('',(45.263342440926,35.622931493279,
    11.288333261293));
#1075 = CARTESIAN_POINT('',(45.237450340523,35.65580738882,
    11.331506174065));
#1076 = CARTESIAN_POINT('',(45.213718131176,35.685889468809,
    11.376856763562));
#1077 = CARTESIAN_POINT('',(45.192168828126,35.713164101771,
    11.424080193453));
#1078 = CARTESIAN_POINT('',(45.172814363089,35.737629878134,
    11.472890963543));
#1079 = CARTESIAN_POINT('',(45.155656871613,35.759295757691,
    11.523021493806));
#1080 = CARTESIAN_POINT('',(45.102964775844,35.825776434225,
    11.703272281419));
#1081 = CARTESIAN_POINT('',(45.078975340394,35.855925655128,
    11.839738673559));
#1082 = CARTESIAN_POINT('',(45.06875321728,35.868737817433,
    11.980089007558));
#1083 = CARTESIAN_POINT('',(45.072254912159,35.864340842935,
    12.12133241964));
#1084 = CARTESIAN_POINT('',(45.089434780825,35.842786963943,
    12.260708285788));
#1085 = CARTESIAN_POINT('',(45.120325785336,35.803958895563,
    12.395447437899));
#1086 = CARTESIAN_POINT('',(45.165100246712,35.747486148919,
    12.522463808352));
#1087 = CARTESIAN_POINT('',(45.263758642355,35.622412521443,
    12.715008722792));
#1088 = CARTESIAN_POINT('',(45.310474048772,35.563056955587,
    12.788128367335));
#1089 = CARTESIAN_POINT('',(45.363875680782,35.49501263924,
    12.853927195323));
#1090 = CARTESIAN_POINT('',(45.423264408229,35.419065530544,
    12.909906516408));
#1091 = CARTESIAN_POINT('',(45.487618354391,35.336414841666,
    12.953959208056));
#1092 = CARTESIAN_POINT('',(45.555680311545,35.248583809355,
    12.984401212425));
#1093 = CARTESIAN_POINT('',(45.626031604314,35.157344737387,13.));
#1094 = CARTESIAN_POINT('',(45.768273198173,34.971971883197,13.));
#1095 = CARTESIAN_POINT('',(45.838195117434,34.88040334613,
    12.984401213062));
#1096 = CARTESIAN_POINT('',(45.905417650285,34.791928198494,
    12.953959207632));
#1097 = CARTESIAN_POINT('',(45.968596059726,34.708375485684,
    12.909906515597));
#1098 = CARTESIAN_POINT('',(46.026584398787,34.631353823138,
    12.853927195713));
#1099 = CARTESIAN_POINT('',(46.078488800517,34.562160644418,
    12.788128368399));
#1100 = CARTESIAN_POINT('',(46.123731039198,34.501674673917,
    12.715008721887));
#1101 = CARTESIAN_POINT('',(46.218972832506,34.37405395529,
    12.522535310472));
#1102 = CARTESIAN_POINT('',(46.261936869402,34.316183890274,
    12.395560778973));
#1103 = CARTESIAN_POINT('',(46.291472714802,34.276261060883,
    12.260804553968));
#1104 = CARTESIAN_POINT('',(46.307868412373,34.254057055548,
    12.121351131384));
#1105 = CARTESIAN_POINT('',(46.311208242309,34.249538018075,
    11.980001540507));
#1106 = CARTESIAN_POINT('',(46.301450428375,34.262765881015,
    11.83957301079));
#1107 = CARTESIAN_POINT('',(46.278507798262,34.293780722855,
    11.703125518947));
#1108 = CARTESIAN_POINT('',(46.210296221374,34.385627974165,
    11.460030355942));
#1109 = CARTESIAN_POINT('',(46.166898518113,34.44396709868,
    11.348279382132));
#1110 = CARTESIAN_POINT('',(46.111648391733,34.51805073371,
    11.244361498481));
#1111 = CARTESIAN_POINT('',(46.045003722235,34.607077604071,
    11.153316319263));
#1112 = CARTESIAN_POINT('',(45.968147835249,34.709217446407,
    11.079695821157));
#1113 = CARTESIAN_POINT('',(45.882870304829,34.821842484189,
    11.027473821096));
#1114 = CARTESIAN_POINT('',(45.791539889617,34.941650140565,11.));
#1115 = CARTESIAN_POINT('',(45.697152400775,35.064658310902,11.));
#1116 = FACE_BOUND('',#1117,.T.);
#1117 = EDGE_LOOP('',(#1118));
#1118 = ORIENTED_EDGE('',*,*,#1119,.F.);
#1119 = EDGE_CURVE('',#1120,#1120,#1122,.T.);
#1120 = VERTEX_POINT('',#1121);
#1121 = CARTESIAN_POINT('',(35.064658310902,-45.69715240077,11.));
#1122 = B_SPLINE_CURVE_WITH_KNOTS('',8,(#1123,#1124,#1125,#1126,#1127,
    #1128,#1129,#1130,#1131,#1132,#1133,#1134,#1135,#1136,#1137,#1138,
    #1139,#1140,#1141,#1142,#1143,#1144,#1145,#1146,#1147,#1148,#1149,
    #1150,#1151,#1152,#1153,#1154,#1155,#1156,#1157,#1158,#1159,#1160,
    #1161,#1162,#1163,#1164,#1165,#1166,#1167,#1168,#1169,#1170,#1171,
    #1172,#1173),.UNSPECIFIED.,.T.,.F.,(9,7,7,7,7,7,7,9),(0.,
    9.746360851367E-02,0.174780283368,0.369662931085,0.501186018799,
    0.632709106513,0.827470542498,1.),.UNSPECIFIED.);
#1123 = CARTESIAN_POINT('',(35.064658310902,-45.69715240077,11.));
#1124 = CARTESIAN_POINT('',(35.132444461668,-45.64513825788,11.));
#1125 = CARTESIAN_POINT('',(35.199779719805,-45.59328755955,
    11.008343504143));
#1126 = CARTESIAN_POINT('',(35.265775798196,-45.54228514434,
    11.024873534261));
#1127 = CARTESIAN_POINT('',(35.329582951271,-45.49280015678,
    11.049212800013));
#1128 = CARTESIAN_POINT('',(35.390418537861,-45.44546217889,
    11.08077132799));
#1129 = CARTESIAN_POINT('',(35.447597338806,-45.40083449259,
    11.118754529079));
#1130 = CARTESIAN_POINT('',(35.500563629328,-45.35938447292,
    11.162171704088));
#1131 = CARTESIAN_POINT('',(35.5872894881,-45.29135904624,
    11.247663613659));
#1132 = CARTESIAN_POINT('',(35.622931493279,-45.26334244092,
    11.288333261293));
#1133 = CARTESIAN_POINT('',(35.65580738882,-45.23745034052,
    11.331506174065));
#1134 = CARTESIAN_POINT('',(35.685889468809,-45.21371813117,
    11.376856763561));
#1135 = CARTESIAN_POINT('',(35.713164101771,-45.19216882812,
    11.424080193453));
#1136 = CARTESIAN_POINT('',(35.737629878134,-45.17281436308,
    11.472890963543));
#1137 = CARTESIAN_POINT('',(35.759295757691,-45.15565687161,
    11.523021493806));
#1138 = CARTESIAN_POINT('',(35.825776434225,-45.10296477584,
    11.70327228142));
#1139 = CARTESIAN_POINT('',(35.855925655128,-45.07897534039,
    11.839738673559));
#1140 = CARTESIAN_POINT('',(35.868737817433,-45.06875321728,
    11.980089007558));
#1141 = CARTESIAN_POINT('',(35.864340842936,-45.07225491215,
    12.12133241964));
#1142 = CARTESIAN_POINT('',(35.842786963942,-45.08943478082,
    12.260708285789));
#1143 = CARTESIAN_POINT('',(35.803958895564,-45.12032578533,
    12.395447437898));
#1144 = CARTESIAN_POINT('',(35.747486148919,-45.16510024671,
    12.522463808352));
#1145 = CARTESIAN_POINT('',(35.622412522031,-45.26375864189,
    12.715008721887));
#1146 = CARTESIAN_POINT('',(35.563056954123,-45.31047404991,
    12.788128368399));
#1147 = CARTESIAN_POINT('',(35.49501263955,-45.36387568054,
    12.853927195713));
#1148 = CARTESIAN_POINT('',(35.419065532075,-45.42326440704,
    12.909906515597));
#1149 = CARTESIAN_POINT('',(35.336414841387,-45.48761835459,
    12.953959207632));
#1150 = CARTESIAN_POINT('',(35.248583807571,-45.55568031292,
    12.984401213062));
#1151 = CARTESIAN_POINT('',(35.157344738607,-45.62603160337,13.));
#1152 = CARTESIAN_POINT('',(34.971971883197,-45.76827319817,13.));
#1153 = CARTESIAN_POINT('',(34.88040334613,-45.83819511743,
    12.984401213062));
#1154 = CARTESIAN_POINT('',(34.791928198494,-45.90541765028,
    12.953959207632));
#1155 = CARTESIAN_POINT('',(34.708375485684,-45.96859605972,
    12.909906515597));
#1156 = CARTESIAN_POINT('',(34.631353823138,-46.02658439878,
    12.853927195713));
#1157 = CARTESIAN_POINT('',(34.562160644418,-46.07848880051,
    12.788128368399));
#1158 = CARTESIAN_POINT('',(34.501674673917,-46.12373103919,
    12.715008721887));
#1159 = CARTESIAN_POINT('',(34.374053955291,-46.2189728325,
    12.522535310473));
#1160 = CARTESIAN_POINT('',(34.316183890274,-46.2619368694,
    12.395560778971));
#1161 = CARTESIAN_POINT('',(34.276261060885,-46.2914727148,
    12.260804553972));
#1162 = CARTESIAN_POINT('',(34.254057055547,-46.30786841237,
    12.12135113138));
#1163 = CARTESIAN_POINT('',(34.249538018076,-46.3112082423,
    11.98000154051));
#1164 = CARTESIAN_POINT('',(34.262765881015,-46.30145042837,
    11.839573010789));
#1165 = CARTESIAN_POINT('',(34.293780722855,-46.27850779826,
    11.703125518947));
#1166 = CARTESIAN_POINT('',(34.385627974165,-46.21029622137,
    11.460030355942));
#1167 = CARTESIAN_POINT('',(34.44396709868,-46.16689851811,
    11.348279382132));
#1168 = CARTESIAN_POINT('',(34.51805073371,-46.11164839173,
    11.244361498481));
#1169 = CARTESIAN_POINT('',(34.607077604071,-46.04500372223,
    11.153316319263));
#1170 = CARTESIAN_POINT('',(34.709217446407,-45.96814783524,
    11.079695821157));
#1171 = CARTESIAN_POINT('',(34.821842484189,-45.88287030482,
    11.027473821096));
#1172 = CARTESIAN_POINT('',(34.941650140564,-45.79153988961,11.));
#1173 = CARTESIAN_POINT('',(35.064658310902,-45.69715240077,11.));
#1174 = FACE_BOUND('',#1175,.T.);
#1175 = EDGE_LOOP('',(#1176));
#1176 = ORIENTED_EDGE('',*,*,#1177,.F.);
#1177 = EDGE_CURVE('',#1178,#1178,#1180,.T.);
#1178 = VERTEX_POINT('',#1179);
#1179 = CARTESIAN_POINT('',(35.064658310902,45.697152400775,11.));
#1180 = B_SPLINE_CURVE_WITH_KNOTS('',8,(#1181,#1182,#1183,#1184,#1185,
    #1186,#1187,#1188,#1189,#1190,#1191,#1192,#1193,#1194,#1195,#1196,
    #1197,#1198,#1199,#1200,#1201,#1202,#1203,#1204,#1205,#1206,#1207,
    #1208,#1209,#1210,#1211,#1212,#1213,#1214,#1215,#1216,#1217,#1218,
    #1219,#1220,#1221,#1222,#1223,#1224,#1225,#1226,#1227,#1228,#1229,
    #1230,#1231),.UNSPECIFIED.,.T.,.F.,(9,7,7,7,7,7,7,9),(0.,
    9.74636085154E-02,0.174780283372,0.369662931092,0.501186018809,
    0.632709106526,0.827470542516,1.),.UNSPECIFIED.);
#1181 = CARTESIAN_POINT('',(35.064658310902,45.697152400775,11.));
#1182 = CARTESIAN_POINT('',(34.996872160137,45.749166543669,11.));
#1183 = CARTESIAN_POINT('',(34.929360584294,45.800787460293,
    11.008343504143));
#1184 = CARTESIAN_POINT('',(34.863014992254,45.851334380443,
    11.024873534261));
#1185 = CARTESIAN_POINT('',(34.798701658326,45.900159700273,
    11.049212800013));
#1186 = CARTESIAN_POINT('',(34.737231274489,45.946670394283,
    11.08077132799));
#1187 = CARTESIAN_POINT('',(34.679325277066,45.99035037968,
    11.118754529079));
#1188 = CARTESIAN_POINT('',(34.62557894783,46.030783833107,
    11.162171704088));
#1189 = CARTESIAN_POINT('',(34.537425127405,46.096948303926,
    11.247663613659));
#1190 = CARTESIAN_POINT('',(34.501138335013,46.124124606193,
    11.288333261293));
#1191 = CARTESIAN_POINT('',(34.467619578647,46.149178914057,
    11.331506174065));
#1192 = CARTESIAN_POINT('',(34.436910209506,46.172093624265,
    11.376856763561));
#1193 = CARTESIAN_POINT('',(34.409035986693,46.192861526608,
    11.424080193453));
#1194 = CARTESIAN_POINT('',(34.384008800183,46.211484347697,
    11.472890963543));
#1195 = CARTESIAN_POINT('',(34.361828393795,46.227971294751,
    11.523021493806));
#1196 = CARTESIAN_POINT('',(34.293725272431,46.278548979253,
    11.70327228142));
#1197 = CARTESIAN_POINT('',(34.262750064607,46.301461967589,
    11.839738673559));
#1198 = CARTESIAN_POINT('',(34.249560220279,46.311191885907,
    11.980089007559));
#1199 = CARTESIAN_POINT('',(34.254080618538,46.307851040008,
    12.121332419639));
#1200 = CARTESIAN_POINT('',(34.276253651756,46.291478068834,
    12.260708285788));
#1201 = CARTESIAN_POINT('',(34.316141514392,46.261968215093,
    12.395447437898));
#1202 = CARTESIAN_POINT('',(34.374006545355,46.219008213966,
    12.522463808352));
#1203 = CARTESIAN_POINT('',(34.501674673917,46.123731039198,
    12.715008721887));
#1204 = CARTESIAN_POINT('',(34.562160644418,46.078488800517,
    12.788128368399));
#1205 = CARTESIAN_POINT('',(34.631353823138,46.026584398787,
    12.853927195713));
#1206 = CARTESIAN_POINT('',(34.708375485684,45.968596059726,
    12.909906515597));
#1207 = CARTESIAN_POINT('',(34.791928198494,45.905417650285,
    12.953959207632));
#1208 = CARTESIAN_POINT('',(34.88040334613,45.838195117434,
    12.984401213062));
#1209 = CARTESIAN_POINT('',(34.971971883197,45.768273198173,13.));
#1210 = CARTESIAN_POINT('',(35.157344738607,45.626031603378,13.));
#1211 = CARTESIAN_POINT('',(35.248583807571,45.555680312924,
    12.984401213062));
#1212 = CARTESIAN_POINT('',(35.336414841387,45.487618354599,
    12.953959207632));
#1213 = CARTESIAN_POINT('',(35.419065532075,45.423264407042,
    12.909906515597));
#1214 = CARTESIAN_POINT('',(35.49501263955,45.363875680549,
    12.853927195713));
#1215 = CARTESIAN_POINT('',(35.563056954123,45.310474049912,
    12.788128368399));
#1216 = CARTESIAN_POINT('',(35.622412522031,45.263758641891,
    12.715008721887));
#1217 = CARTESIAN_POINT('',(35.74743970246,45.165136883797,
    12.522535310472));
#1218 = CARTESIAN_POINT('',(35.803917650266,45.120358604433,
    12.395560778972));
#1219 = CARTESIAN_POINT('',(35.842779874721,45.089440551768,
    12.260804553968));
#1220 = CARTESIAN_POINT('',(35.864363721901,45.072236648356,
    12.121351131384));
#1221 = CARTESIAN_POINT('',(35.868759362857,45.068736004947,
    11.980001540507));
#1222 = CARTESIAN_POINT('',(35.855910415515,45.078987631301,
    11.839573010791));
#1223 = CARTESIAN_POINT('',(35.825722304817,45.103007678415,
    11.703125518947));
#1224 = CARTESIAN_POINT('',(35.736063163175,45.17407085533,
    11.460030355957));
#1225 = CARTESIAN_POINT('',(35.679044924293,45.219189970266,
    11.348279382133));
#1226 = CARTESIAN_POINT('',(35.606503144634,45.276449481701,
    11.244361498471));
#1227 = CARTESIAN_POINT('',(35.519087487598,45.345193925301,
    11.153316319255));
#1228 = CARTESIAN_POINT('',(35.418414664999,45.423961669624,
    11.079695821157));
#1229 = CARTESIAN_POINT('',(35.306893391243,45.510677653303,
    11.027473821101));
#1230 = CARTESIAN_POINT('',(35.187666481252,45.602764911924,11.));
#1231 = CARTESIAN_POINT('',(35.064658310902,45.697152400775,11.));
#1232 = CYLINDRICAL_SURFACE('',#1233,57.6);
#1233 = AXIS2_PLACEMENT_3D('',#1234,#1235,#1236);
#1234 = CARTESIAN_POINT('',(0.,0.,5.));
#1235 = DIRECTION('',(0.,0.,1.));
#1236 = DIRECTION('',(1.,0.,-0.));
#1237 = ADVANCED_FACE('',(#1238,#1347,#1381,#1415,#1449,#1483),#1517,.T.
  );
#1238 = FACE_BOUND('',#1239,.T.);
#1239 = EDGE_LOOP('',(#1240,#1249,#1250,#1259,#1268,#1277,#1286,#1295,
    #1304,#1313,#1322,#1331,#1340));
#1240 = ORIENTED_EDGE('',*,*,#1241,.F.);
#1241 = EDGE_CURVE('',#42,#1242,#1244,.T.);
#1242 = VERTEX_POINT('',#1243);
#1243 = CARTESIAN_POINT('',(-18.92572861952,45.197530864198,17.4));
#1244 = CIRCLE('',#1245,19.5);
#1245 = AXIS2_PLACEMENT_3D('',#1246,#1247,#1248);
#1246 = CARTESIAN_POINT('',(2.479909768273E-15,40.5,17.4));
#1247 = DIRECTION('',(0.,0.,1.));
#1248 = DIRECTION('',(2.22044604925E-16,1.,-0.));
#1249 = ORIENTED_EDGE('',*,*,#39,.F.);
#1250 = ORIENTED_EDGE('',*,*,#1251,.F.);
#1251 = EDGE_CURVE('',#1252,#40,#1254,.T.);
#1252 = VERTEX_POINT('',#1253);
#1253 = CARTESIAN_POINT('',(18.925728619525,45.197530864198,17.4));
#1254 = CIRCLE('',#1255,19.5);
#1255 = AXIS2_PLACEMENT_3D('',#1256,#1257,#1258);
#1256 = CARTESIAN_POINT('',(2.479909768273E-15,40.5,17.4));
#1257 = DIRECTION('',(0.,0.,1.));
#1258 = DIRECTION('',(2.22044604925E-16,1.,-0.));
#1259 = ORIENTED_EDGE('',*,*,#1260,.F.);
#1260 = EDGE_CURVE('',#1261,#1252,#1263,.T.);
#1261 = VERTEX_POINT('',#1262);
#1262 = CARTESIAN_POINT('',(40.941623315531,26.921803065345,17.4));
#1263 = CIRCLE('',#1264,49.);
#1264 = AXIS2_PLACEMENT_3D('',#1265,#1266,#1267);
#1265 = CARTESIAN_POINT('',(0.,0.,17.4));
#1266 = DIRECTION('',(0.,0.,1.));
#1267 = DIRECTION('',(1.,0.,-0.));
#1268 = ORIENTED_EDGE('',*,*,#1269,.F.);
#1269 = EDGE_CURVE('',#1270,#1261,#1272,.T.);
#1270 = VERTEX_POINT('',#1271);
#1271 = CARTESIAN_POINT('',(48.263595752907,27.865,17.4));
#1272 = CIRCLE('',#1273,4.);
#1273 = AXIS2_PLACEMENT_3D('',#1274,#1275,#1276);
#1274 = CARTESIAN_POINT('',(44.799494137769,25.865,17.4));
#1275 = DIRECTION('',(0.,0.,1.));
#1276 = DIRECTION('',(0.866025403784,0.5,-0.));
#1277 = ORIENTED_EDGE('',*,*,#1278,.F.);
#1278 = EDGE_CURVE('',#1279,#1270,#1281,.T.);
#1279 = VERTEX_POINT('',#1280);
#1280 = CARTESIAN_POINT('',(43.785777028036,21.99558433075,17.4));
#1281 = CIRCLE('',#1282,4.);
#1282 = AXIS2_PLACEMENT_3D('',#1283,#1284,#1285);
#1283 = CARTESIAN_POINT('',(44.799494137769,25.865,17.4));
#1284 = DIRECTION('',(0.,0.,1.));
#1285 = DIRECTION('',(0.866025403784,0.5,-0.));
#1286 = ORIENTED_EDGE('',*,*,#1287,.T.);
#1287 = EDGE_CURVE('',#1279,#1288,#1290,.T.);
#1288 = VERTEX_POINT('',#1289);
#1289 = CARTESIAN_POINT('',(2.844153712505,-48.91738739609,17.4));
#1290 = CIRCLE('',#1291,49.);
#1291 = AXIS2_PLACEMENT_3D('',#1292,#1293,#1294);
#1292 = CARTESIAN_POINT('',(0.,0.,17.4));
#1293 = DIRECTION('',(0.,0.,-1.));
#1294 = DIRECTION('',(0.893587286286,0.448889476138,0.));
#1295 = ORIENTED_EDGE('',*,*,#1296,.F.);
#1296 = EDGE_CURVE('',#1297,#1288,#1299,.T.);
#1297 = VERTEX_POINT('',#1298);
#1298 = CARTESIAN_POINT('',(-1.1370542697E-14,-55.73,17.4));
#1299 = CIRCLE('',#1300,4.);
#1300 = AXIS2_PLACEMENT_3D('',#1301,#1302,#1303);
#1301 = CARTESIAN_POINT('',(-9.502646837984E-15,-51.73,17.4));
#1302 = DIRECTION('',(0.,0.,1.));
#1303 = DIRECTION('',(-2.22044604925E-16,-1.,0.));
#1304 = ORIENTED_EDGE('',*,*,#1305,.F.);
#1305 = EDGE_CURVE('',#1306,#1297,#1308,.T.);
#1306 = VERTEX_POINT('',#1307);
#1307 = CARTESIAN_POINT('',(-2.844153712505,-48.91738739609,17.4));
#1308 = CIRCLE('',#1309,4.);
#1309 = AXIS2_PLACEMENT_3D('',#1310,#1311,#1312);
#1310 = CARTESIAN_POINT('',(-9.502646837984E-15,-51.73,17.4));
#1311 = DIRECTION('',(0.,0.,1.));
#1312 = DIRECTION('',(-2.22044604925E-16,-1.,0.));
#1313 = ORIENTED_EDGE('',*,*,#1314,.F.);
#1314 = EDGE_CURVE('',#1315,#1306,#1317,.T.);
#1315 = VERTEX_POINT('',#1316);
#1316 = CARTESIAN_POINT('',(-43.78577702803,21.995584330751,17.4));
#1317 = CIRCLE('',#1318,49.);
#1318 = AXIS2_PLACEMENT_3D('',#1319,#1320,#1321);
#1319 = CARTESIAN_POINT('',(0.,0.,17.4));
#1320 = DIRECTION('',(0.,0.,1.));
#1321 = DIRECTION('',(1.,0.,-0.));
#1322 = ORIENTED_EDGE('',*,*,#1323,.F.);
#1323 = EDGE_CURVE('',#1324,#1315,#1326,.T.);
#1324 = VERTEX_POINT('',#1325);
#1325 = CARTESIAN_POINT('',(-48.2635957529,27.865,17.4));
#1326 = CIRCLE('',#1327,4.);
#1327 = AXIS2_PLACEMENT_3D('',#1328,#1329,#1330);
#1328 = CARTESIAN_POINT('',(-44.79949413776,25.865,17.4));
#1329 = DIRECTION('',(0.,0.,1.));
#1330 = DIRECTION('',(-0.866025403784,0.5,0.));
#1331 = ORIENTED_EDGE('',*,*,#1332,.F.);
#1332 = EDGE_CURVE('',#1333,#1324,#1335,.T.);
#1333 = VERTEX_POINT('',#1334);
#1334 = CARTESIAN_POINT('',(-40.94162331553,26.921803065345,17.4));
#1335 = CIRCLE('',#1336,4.);
#1336 = AXIS2_PLACEMENT_3D('',#1337,#1338,#1339);
#1337 = CARTESIAN_POINT('',(-44.79949413776,25.865,17.4));
#1338 = DIRECTION('',(0.,0.,1.));
#1339 = DIRECTION('',(-0.866025403784,0.5,0.));
#1340 = ORIENTED_EDGE('',*,*,#1341,.F.);
#1341 = EDGE_CURVE('',#1242,#1333,#1342,.T.);
#1342 = CIRCLE('',#1343,49.);
#1343 = AXIS2_PLACEMENT_3D('',#1344,#1345,#1346);
#1344 = CARTESIAN_POINT('',(0.,0.,17.4));
#1345 = DIRECTION('',(0.,0.,1.));
#1346 = DIRECTION('',(1.,0.,-0.));
#1347 = FACE_BOUND('',#1348,.T.);
#1348 = EDGE_LOOP('',(#1349,#1359,#1367,#1375));
#1349 = ORIENTED_EDGE('',*,*,#1350,.T.);
#1350 = EDGE_CURVE('',#1351,#1353,#1355,.T.);
#1351 = VERTEX_POINT('',#1352);
#1352 = CARTESIAN_POINT('',(-44.06908867766,-36.98872021468,17.4));
#1353 = VERTEX_POINT('',#1354);
#1354 = CARTESIAN_POINT('',(-39.6102197248,-32.97393657652,17.4));
#1355 = LINE('',#1356,#1357);
#1356 = CARTESIAN_POINT('',(-20.47424046876,-15.74382346278,17.4));
#1357 = VECTOR('',#1358,1.);
#1358 = DIRECTION('',(0.743144825477,0.669130606359,-0.));
#1359 = ORIENTED_EDGE('',*,*,#1360,.T.);
#1360 = EDGE_CURVE('',#1353,#1361,#1363,.T.);
#1361 = VERTEX_POINT('',#1362);
#1362 = CARTESIAN_POINT('',(-36.93369729936,-35.94651587843,17.4));
#1363 = LINE('',#1364,#1365);
#1364 = CARTESIAN_POINT('',(-38.94108911844,-33.717081402,17.4));
#1365 = VECTOR('',#1366,1.);
#1366 = DIRECTION('',(0.669130606359,-0.743144825477,0.));
#1367 = ORIENTED_EDGE('',*,*,#1368,.F.);
#1368 = EDGE_CURVE('',#1369,#1361,#1371,.T.);
#1369 = VERTEX_POINT('',#1370);
#1370 = CARTESIAN_POINT('',(-41.39256625223,-39.96129951658,17.4));
#1371 = LINE('',#1372,#1373);
#1372 = CARTESIAN_POINT('',(-17.79771804332,-18.71640276469,17.4));
#1373 = VECTOR('',#1374,1.);
#1374 = DIRECTION('',(0.743144825477,0.669130606359,-0.));
#1375 = ORIENTED_EDGE('',*,*,#1376,.F.);
#1376 = EDGE_CURVE('',#1351,#1369,#1377,.T.);
#1377 = LINE('',#1378,#1379);
#1378 = CARTESIAN_POINT('',(-43.3999580713,-37.73186504015,17.4));
#1379 = VECTOR('',#1380,1.);
#1380 = DIRECTION('',(0.669130606359,-0.743144825477,0.));
#1381 = FACE_BOUND('',#1382,.T.);
#1382 = EDGE_LOOP('',(#1383,#1393,#1401,#1409));
#1383 = ORIENTED_EDGE('',*,*,#1384,.T.);
#1384 = EDGE_CURVE('',#1385,#1387,#1389,.T.);
#1385 = VERTEX_POINT('',#1386);
#1386 = CARTESIAN_POINT('',(41.392566252232,-39.96129951658,17.4));
#1387 = VERTEX_POINT('',#1388);
#1388 = CARTESIAN_POINT('',(36.933697299368,-35.94651587843,17.4));
#1389 = LINE('',#1390,#1391);
#1390 = CARTESIAN_POINT('',(17.797718043325,-18.71640276469,17.4));
#1391 = VECTOR('',#1392,1.);
#1392 = DIRECTION('',(-0.743144825477,0.669130606359,0.));
#1393 = ORIENTED_EDGE('',*,*,#1394,.T.);
#1394 = EDGE_CURVE('',#1387,#1395,#1397,.T.);
#1395 = VERTEX_POINT('',#1396);
#1396 = CARTESIAN_POINT('',(39.610219724804,-32.97393657652,17.4));
#1397 = LINE('',#1398,#1399);
#1398 = CARTESIAN_POINT('',(37.602827905727,-35.20337105295,17.4));
#1399 = VECTOR('',#1400,1.);
#1400 = DIRECTION('',(0.669130606359,0.743144825477,-0.));
#1401 = ORIENTED_EDGE('',*,*,#1402,.F.);
#1402 = EDGE_CURVE('',#1403,#1395,#1405,.T.);
#1403 = VERTEX_POINT('',#1404);
#1404 = CARTESIAN_POINT('',(44.069088677668,-36.98872021468,17.4));
#1405 = LINE('',#1406,#1407);
#1406 = CARTESIAN_POINT('',(20.474240468761,-15.74382346278,17.4));
#1407 = VECTOR('',#1408,1.);
#1408 = DIRECTION('',(-0.743144825477,0.669130606359,0.));
#1409 = ORIENTED_EDGE('',*,*,#1410,.F.);
#1410 = EDGE_CURVE('',#1385,#1403,#1411,.T.);
#1411 = LINE('',#1412,#1413);
#1412 = CARTESIAN_POINT('',(42.061696858591,-39.21815469111,17.4));
#1413 = VECTOR('',#1414,1.);
#1414 = DIRECTION('',(0.669130606359,0.743144825477,-0.));
#1415 = FACE_BOUND('',#1416,.T.);
#1416 = EDGE_LOOP('',(#1417,#1427,#1435,#1443));
#1417 = ORIENTED_EDGE('',*,*,#1418,.T.);
#1418 = EDGE_CURVE('',#1419,#1421,#1423,.T.);
#1419 = VERTEX_POINT('',#1420);
#1420 = CARTESIAN_POINT('',(47.28665309647,-32.49711431703,17.4));
#1421 = VERTEX_POINT('',#1422);
#1422 = CARTESIAN_POINT('',(42.783320996791,-29.89711431703,17.4));
#1423 = LINE('',#1424,#1425);
#1424 = CARTESIAN_POINT('',(20.266660498395,-16.89711431703,17.4));
#1425 = VECTOR('',#1426,1.);
#1426 = DIRECTION('',(-0.866025403784,0.5,0.));
#1427 = ORIENTED_EDGE('',*,*,#1428,.T.);
#1428 = EDGE_CURVE('',#1421,#1429,#1431,.T.);
#1429 = VERTEX_POINT('',#1430);
#1430 = CARTESIAN_POINT('',(47.283320996791,-22.10288568297,17.4));
#1431 = LINE('',#1432,#1433);
#1432 = CARTESIAN_POINT('',(43.908320996791,-27.94855715851,17.4));
#1433 = VECTOR('',#1434,1.);
#1434 = DIRECTION('',(0.5,0.866025403784,-0.));
#1435 = ORIENTED_EDGE('',*,*,#1436,.F.);
#1436 = EDGE_CURVE('',#1437,#1429,#1439,.T.);
#1437 = VERTEX_POINT('',#1438);
#1438 = CARTESIAN_POINT('',(51.78665309647,-24.70288568297,17.4));
#1439 = LINE('',#1440,#1441);
#1440 = CARTESIAN_POINT('',(24.766660498395,-9.10288568297,17.4));
#1441 = VECTOR('',#1442,1.);
#1442 = DIRECTION('',(-0.866025403784,0.5,0.));
#1443 = ORIENTED_EDGE('',*,*,#1444,.F.);
#1444 = EDGE_CURVE('',#1419,#1437,#1445,.T.);
#1445 = LINE('',#1446,#1447);
#1446 = CARTESIAN_POINT('',(48.41165309647,-30.54855715851,17.4));
#1447 = VECTOR('',#1448,1.);
#1448 = DIRECTION('',(0.5,0.866025403784,-0.));
#1449 = FACE_BOUND('',#1450,.T.);
#1450 = EDGE_LOOP('',(#1451,#1461,#1469,#1477));
#1451 = ORIENTED_EDGE('',*,*,#1452,.T.);
#1452 = EDGE_CURVE('',#1453,#1455,#1457,.T.);
#1453 = VERTEX_POINT('',#1454);
#1454 = CARTESIAN_POINT('',(-41.39256625223,39.961299516589,17.4));
#1455 = VERTEX_POINT('',#1456);
#1456 = CARTESIAN_POINT('',(-36.93369729936,35.946515878436,17.4));
#1457 = LINE('',#1458,#1459);
#1458 = CARTESIAN_POINT('',(-17.79771804332,18.716402764695,17.4));
#1459 = VECTOR('',#1460,1.);
#1460 = DIRECTION('',(0.743144825477,-0.669130606359,0.));
#1461 = ORIENTED_EDGE('',*,*,#1462,.T.);
#1462 = EDGE_CURVE('',#1455,#1463,#1465,.T.);
#1463 = VERTEX_POINT('',#1464);
#1464 = CARTESIAN_POINT('',(-39.6102197248,32.973936576526,17.4));
#1465 = LINE('',#1466,#1467);
#1466 = CARTESIAN_POINT('',(-37.60282790572,35.203371052959,17.4));
#1467 = VECTOR('',#1468,1.);
#1468 = DIRECTION('',(-0.669130606359,-0.743144825477,0.));
#1469 = ORIENTED_EDGE('',*,*,#1470,.F.);
#1470 = EDGE_CURVE('',#1471,#1463,#1473,.T.);
#1471 = VERTEX_POINT('',#1472);
#1472 = CARTESIAN_POINT('',(-44.06908867766,36.98872021468,17.4));
#1473 = LINE('',#1474,#1475);
#1474 = CARTESIAN_POINT('',(-20.47424046876,15.743823462786,17.4));
#1475 = VECTOR('',#1476,1.);
#1476 = DIRECTION('',(0.743144825477,-0.669130606359,0.));
#1477 = ORIENTED_EDGE('',*,*,#1478,.F.);
#1478 = EDGE_CURVE('',#1453,#1471,#1479,.T.);
#1479 = LINE('',#1480,#1481);
#1480 = CARTESIAN_POINT('',(-42.06169685859,39.218154691112,17.4));
#1481 = VECTOR('',#1482,1.);
#1482 = DIRECTION('',(-0.669130606359,-0.743144825477,0.));
#1483 = FACE_BOUND('',#1484,.T.);
#1484 = EDGE_LOOP('',(#1485,#1495,#1503,#1511));
#1485 = ORIENTED_EDGE('',*,*,#1486,.T.);
#1486 = EDGE_CURVE('',#1487,#1489,#1491,.T.);
#1487 = VERTEX_POINT('',#1488);
#1488 = CARTESIAN_POINT('',(44.069088677668,36.98872021468,17.4));
#1489 = VERTEX_POINT('',#1490);
#1490 = CARTESIAN_POINT('',(39.610219724804,32.973936576526,17.4));
#1491 = LINE('',#1492,#1493);
#1492 = CARTESIAN_POINT('',(20.474240468761,15.743823462786,17.4));
#1493 = VECTOR('',#1494,1.);
#1494 = DIRECTION('',(-0.743144825477,-0.669130606359,0.));
#1495 = ORIENTED_EDGE('',*,*,#1496,.T.);
#1496 = EDGE_CURVE('',#1489,#1497,#1499,.T.);
#1497 = VERTEX_POINT('',#1498);
#1498 = CARTESIAN_POINT('',(36.933697299368,35.946515878436,17.4));
#1499 = LINE('',#1500,#1501);
#1500 = CARTESIAN_POINT('',(38.941089118445,33.717081402004,17.4));
#1501 = VECTOR('',#1502,1.);
#1502 = DIRECTION('',(-0.669130606359,0.743144825477,0.));
#1503 = ORIENTED_EDGE('',*,*,#1504,.F.);
#1504 = EDGE_CURVE('',#1505,#1497,#1507,.T.);
#1505 = VERTEX_POINT('',#1506);
#1506 = CARTESIAN_POINT('',(41.392566252232,39.961299516589,17.4));
#1507 = LINE('',#1508,#1509);
#1508 = CARTESIAN_POINT('',(17.797718043325,18.716402764695,17.4));
#1509 = VECTOR('',#1510,1.);
#1510 = DIRECTION('',(-0.743144825477,-0.669130606359,0.));
#1511 = ORIENTED_EDGE('',*,*,#1512,.F.);
#1512 = EDGE_CURVE('',#1487,#1505,#1513,.T.);
#1513 = LINE('',#1514,#1515);
#1514 = CARTESIAN_POINT('',(43.399958071309,37.731865040157,17.4));
#1515 = VECTOR('',#1516,1.);
#1516 = DIRECTION('',(-0.669130606359,0.743144825477,0.));
#1517 = PLANE('',#1518);
#1518 = AXIS2_PLACEMENT_3D('',#1519,#1520,#1521);
#1519 = CARTESIAN_POINT('',(0.,0.,17.4));
#1520 = DIRECTION('',(0.,0.,1.));
#1521 = DIRECTION('',(1.,0.,-0.));
#1522 = ADVANCED_FACE('',(#1523),#1593,.F.);
#1523 = FACE_BOUND('',#1524,.F.);
#1524 = EDGE_LOOP('',(#1525,#1536,#1544,#1553,#1559,#1560,#1561,#1568,
    #1569,#1570,#1578,#1587));
#1525 = ORIENTED_EDGE('',*,*,#1526,.F.);
#1526 = EDGE_CURVE('',#1527,#1529,#1531,.T.);
#1527 = VERTEX_POINT('',#1528);
#1528 = CARTESIAN_POINT('',(-14.4594740184,53.583333333333,8.));
#1529 = VERTEX_POINT('',#1530);
#1530 = CARTESIAN_POINT('',(14.459474018404,53.583333333333,8.));
#1531 = CIRCLE('',#1532,19.5);
#1532 = AXIS2_PLACEMENT_3D('',#1533,#1534,#1535);
#1533 = CARTESIAN_POINT('',(2.479909768273E-15,40.5,8.));
#1534 = DIRECTION('',(0.,0.,-1.));
#1535 = DIRECTION('',(-0.741511488123,0.67094017094,0.));
#1536 = ORIENTED_EDGE('',*,*,#1537,.T.);
#1537 = EDGE_CURVE('',#1527,#1538,#1540,.T.);
#1538 = VERTEX_POINT('',#1539);
#1539 = CARTESIAN_POINT('',(-14.4594740184,53.583333333333,15.6));
#1540 = LINE('',#1541,#1542);
#1541 = CARTESIAN_POINT('',(-14.4594740184,53.583333333333,4.99));
#1542 = VECTOR('',#1543,1.);
#1543 = DIRECTION('',(0.,0.,1.));
#1544 = ORIENTED_EDGE('',*,*,#1545,.T.);
#1545 = EDGE_CURVE('',#1538,#1546,#1548,.T.);
#1546 = VERTEX_POINT('',#1547);
#1547 = CARTESIAN_POINT('',(-18.92572861952,45.197530864198,15.6));
#1548 = CIRCLE('',#1549,19.5);
#1549 = AXIS2_PLACEMENT_3D('',#1550,#1551,#1552);
#1550 = CARTESIAN_POINT('',(2.479909768273E-15,40.5,15.6));
#1551 = DIRECTION('',(0.,0.,1.));
#1552 = DIRECTION('',(2.22044604925E-16,1.,-0.));
#1553 = ORIENTED_EDGE('',*,*,#1554,.T.);
#1554 = EDGE_CURVE('',#1546,#1242,#1555,.T.);
#1555 = LINE('',#1556,#1557);
#1556 = CARTESIAN_POINT('',(-18.92572861952,45.197530864198,15.59));
#1557 = VECTOR('',#1558,1.);
#1558 = DIRECTION('',(0.,0.,1.));
#1559 = ORIENTED_EDGE('',*,*,#1241,.F.);
#1560 = ORIENTED_EDGE('',*,*,#50,.F.);
#1561 = ORIENTED_EDGE('',*,*,#1562,.F.);
#1562 = EDGE_CURVE('',#59,#51,#1563,.T.);
#1563 = CIRCLE('',#1564,19.5);
#1564 = AXIS2_PLACEMENT_3D('',#1565,#1566,#1567);
#1565 = CARTESIAN_POINT('',(2.479909768273E-15,40.5,8.4));
#1566 = DIRECTION('',(0.,0.,1.));
#1567 = DIRECTION('',(0.570481371065,0.821310541311,-0.));
#1568 = ORIENTED_EDGE('',*,*,#67,.T.);
#1569 = ORIENTED_EDGE('',*,*,#1251,.F.);
#1570 = ORIENTED_EDGE('',*,*,#1571,.F.);
#1571 = EDGE_CURVE('',#1572,#1252,#1574,.T.);
#1572 = VERTEX_POINT('',#1573);
#1573 = CARTESIAN_POINT('',(18.925728619525,45.197530864198,15.6));
#1574 = LINE('',#1575,#1576);
#1575 = CARTESIAN_POINT('',(18.925728619525,45.197530864198,15.59));
#1576 = VECTOR('',#1577,1.);
#1577 = DIRECTION('',(0.,0.,1.));
#1578 = ORIENTED_EDGE('',*,*,#1579,.T.);
#1579 = EDGE_CURVE('',#1572,#1580,#1582,.T.);
#1580 = VERTEX_POINT('',#1581);
#1581 = CARTESIAN_POINT('',(14.459474018404,53.583333333333,15.6));
#1582 = CIRCLE('',#1583,19.5);
#1583 = AXIS2_PLACEMENT_3D('',#1584,#1585,#1586);
#1584 = CARTESIAN_POINT('',(2.479909768273E-15,40.5,15.6));
#1585 = DIRECTION('',(0.,0.,1.));
#1586 = DIRECTION('',(2.22044604925E-16,1.,-0.));
#1587 = ORIENTED_EDGE('',*,*,#1588,.F.);
#1588 = EDGE_CURVE('',#1529,#1580,#1589,.T.);
#1589 = LINE('',#1590,#1591);
#1590 = CARTESIAN_POINT('',(14.459474018404,53.583333333333,4.99));
#1591 = VECTOR('',#1592,1.);
#1592 = DIRECTION('',(0.,0.,1.));
#1593 = CYLINDRICAL_SURFACE('',#1594,19.5);
#1594 = AXIS2_PLACEMENT_3D('',#1595,#1596,#1597);
#1595 = CARTESIAN_POINT('',(2.479909768273E-15,40.5,8.));
#1596 = DIRECTION('',(0.,0.,1.));
#1597 = DIRECTION('',(2.22044604925E-16,1.,0.));
#1598 = ADVANCED_FACE('',(#1599,#1610),#1614,.T.);
#1599 = FACE_BOUND('',#1600,.T.);
#1600 = EDGE_LOOP('',(#1601));
#1601 = ORIENTED_EDGE('',*,*,#1602,.T.);
#1602 = EDGE_CURVE('',#1603,#1603,#1605,.T.);
#1603 = VERTEX_POINT('',#1604);
#1604 = CARTESIAN_POINT('',(60.5,-1.481822626968E-14,8.4));
#1605 = CIRCLE('',#1606,60.5);
#1606 = AXIS2_PLACEMENT_3D('',#1607,#1608,#1609);
#1607 = CARTESIAN_POINT('',(0.,0.,8.4));
#1608 = DIRECTION('',(0.,0.,1.));
#1609 = DIRECTION('',(1.,0.,-0.));
#1610 = FACE_BOUND('',#1611,.T.);
#1611 = EDGE_LOOP('',(#1612,#1613));
#1612 = ORIENTED_EDGE('',*,*,#1562,.F.);
#1613 = ORIENTED_EDGE('',*,*,#58,.F.);
#1614 = PLANE('',#1615);
#1615 = AXIS2_PLACEMENT_3D('',#1616,#1617,#1618);
#1616 = CARTESIAN_POINT('',(0.,0.,8.4));
#1617 = DIRECTION('',(0.,0.,1.));
#1618 = DIRECTION('',(1.,0.,-0.));
#1619 = ADVANCED_FACE('',(#1620),#1731,.F.);
#1620 = FACE_BOUND('',#1621,.F.);
#1621 = EDGE_LOOP('',(#1622,#1623,#1631,#1640,#1659,#1715,#1723,#1730));
#1622 = ORIENTED_EDGE('',*,*,#75,.F.);
#1623 = ORIENTED_EDGE('',*,*,#1624,.F.);
#1624 = EDGE_CURVE('',#1625,#76,#1627,.T.);
#1625 = VERTEX_POINT('',#1626);
#1626 = CARTESIAN_POINT('',(-33.17749788097,43.237757045872,11.));
#1627 = LINE('',#1628,#1629);
#1628 = CARTESIAN_POINT('',(-33.17749788097,43.237757045872,11.));
#1629 = VECTOR('',#1630,1.);
#1630 = DIRECTION('',(-0.608761429009,0.793353340291,2.22044604925E-16)
  );
#1631 = ORIENTED_EDGE('',*,*,#1632,.T.);
#1632 = EDGE_CURVE('',#1625,#1633,#1635,.T.);
#1633 = VERTEX_POINT('',#1634);
#1634 = CARTESIAN_POINT('',(-33.83282809298,42.734904488159,
    11.436367479266));
#1635 = CIRCLE('',#1636,1.);
#1636 = AXIS2_PLACEMENT_3D('',#1637,#1638,#1639);
#1637 = CARTESIAN_POINT('',(-33.17749788097,43.237757045872,12.));
#1638 = DIRECTION('',(-0.608761429009,0.793353340291,2.22044604925E-16)
  );
#1639 = DIRECTION('',(-1.351721909978E-16,1.761598290109E-16,-1.));
#1640 = ORIENTED_EDGE('',*,*,#1641,.F.);
#1641 = EDGE_CURVE('',#1642,#1633,#1644,.T.);
#1642 = VERTEX_POINT('',#1643);
#1643 = CARTESIAN_POINT('',(-33.85378451009,43.979214116947,
    11.003633035041));
#1644 = B_SPLINE_CURVE_WITH_KNOTS('',7,(#1645,#1646,#1647,#1648,#1649,
    #1650,#1651,#1652,#1653,#1654,#1655,#1656,#1657,#1658),
  .UNSPECIFIED.,.F.,.F.,(8,6,8),(0.,0.760385397584,1.),.UNSPECIFIED.);
#1645 = CARTESIAN_POINT('',(-33.85378451009,43.979214116947,
    11.003633035041));
#1646 = CARTESIAN_POINT('',(-33.87781583155,43.832074271353,
    11.012918827846));
#1647 = CARTESIAN_POINT('',(-33.89423338799,43.685584864643,
    11.035574366484));
#1648 = CARTESIAN_POINT('',(-33.90313459241,43.541231006302,
    11.069109545072));
#1649 = CARTESIAN_POINT('',(-33.90501831214,43.400037911104,
    11.111661359925));
#1650 = CARTESIAN_POINT('',(-33.90051529701,43.262731499351,
    11.161905807069));
#1651 = CARTESIAN_POINT('',(-33.89026694917,43.129952196031,
    11.218963595371));
#1652 = CARTESIAN_POINT('',(-33.87044228758,42.962795852022,
    11.302474379025));
#1653 = CARTESIAN_POINT('',(-33.86521259802,42.923304667847,
    11.323125307131));
#1654 = CARTESIAN_POINT('',(-33.85952715482,42.884369343282,
    11.344427170743));
#1655 = CARTESIAN_POINT('',(-33.85341133486,42.846007599508,
    11.36639068482));
#1656 = CARTESIAN_POINT('',(-33.84689541477,42.808261226125,
    11.38902711005));
#1657 = CARTESIAN_POINT('',(-33.84001775153,42.771196371258,
    11.412348494248));
#1658 = CARTESIAN_POINT('',(-33.83282796293,42.73490383167,
    11.436367913749));
#1659 = ORIENTED_EDGE('',*,*,#1660,.T.);
#1660 = EDGE_CURVE('',#1642,#1661,#1663,.T.);
#1661 = VERTEX_POINT('',#1662);
#1662 = CARTESIAN_POINT('',(-33.0036695882,44.620710367636,12.2));
#1663 = B_SPLINE_CURVE_WITH_KNOTS('',8,(#1664,#1665,#1666,#1667,#1668,
    #1669,#1670,#1671,#1672,#1673,#1674,#1675,#1676,#1677,#1678,#1679,
    #1680,#1681,#1682,#1683,#1684,#1685,#1686,#1687,#1688,#1689,#1690,
    #1691,#1692,#1693,#1694,#1695,#1696,#1697,#1698,#1699,#1700,#1701,
    #1702,#1703,#1704,#1705,#1706,#1707,#1708,#1709,#1710,#1711,#1712,
    #1713,#1714),.UNSPECIFIED.,.T.,.F.,(9,7,7,7,7,7,7,9),(0.,
    9.746379080804E-02,0.174780457902,0.369662637798,0.501185981787,
    0.632709325776,0.827470305808,1.),.UNSPECIFIED.);
#1664 = CARTESIAN_POINT('',(-33.78625930998,44.031110386164,11.));
#1665 = CARTESIAN_POINT('',(-33.85404547626,43.979096231364,11.));
#1666 = CARTESIAN_POINT('',(-33.92137739299,43.927241190062,
    11.008343507949));
#1667 = CARTESIAN_POINT('',(-33.98736684317,43.876230169559,
    11.024873536595));
#1668 = CARTESIAN_POINT('',(-34.05116440412,43.826732713842,
    11.049212794275));
#1669 = CARTESIAN_POINT('',(-34.11198797246,43.779379090603,
    11.080771312015));
#1670 = CARTESIAN_POINT('',(-34.16915301712,43.734733472017,
    11.118754507858));
#1671 = CARTESIAN_POINT('',(-34.22210456032,43.69326420926,
    11.162171688413));
#1672 = CARTESIAN_POINT('',(-34.30880335329,43.625203608049,
    11.247663551563));
#1673 = CARTESIAN_POINT('',(-34.34443312006,43.597171132906,
    11.288333143556));
#1674 = CARTESIAN_POINT('',(-34.37729683532,43.571263192615,
    11.33150601371));
#1675 = CARTESIAN_POINT('',(-34.40736704799,43.547515512345,
    11.376856579439));
#1676 = CARTESIAN_POINT('',(-34.43463035234,43.525951409347,
    11.424080009503));
#1677 = CARTESIAN_POINT('',(-34.459085533,43.506583077117,
    11.472890808054));
#1678 = CARTESIAN_POINT('',(-34.48074170993,43.489412869559,
    11.523021398678));
#1679 = CARTESIAN_POINT('',(-34.54719169758,43.436680749837,
    11.703272224359));
#1680 = CARTESIAN_POINT('',(-34.57732532682,43.412670910994,
    11.839738676826));
#1681 = CARTESIAN_POINT('',(-34.59013036799,43.40243945064,
    11.980089175964));
#1682 = CARTESIAN_POINT('',(-34.58573569795,43.405944214541,
    12.12133279385));
#1683 = CARTESIAN_POINT('',(-34.56419344081,43.423139431575,
    12.260708811312));
#1684 = CARTESIAN_POINT('',(-34.52538531725,43.45405666294,
    12.39544796498));
#1685 = CARTESIAN_POINT('',(-34.46893889736,43.498865475153,
    12.522464137315));
#1686 = CARTESIAN_POINT('',(-34.3439145036,43.597587741978,
    12.715008837294));
#1687 = CARTESIAN_POINT('',(-34.28458026563,43.644331071741,
    12.788128521228));
#1688 = CARTESIAN_POINT('',(-34.21655766042,43.697761053243,
    12.853927325438));
#1689 = CARTESIAN_POINT('',(-34.1406308961,43.757176264851,
    12.909906591678));
#1690 = CARTESIAN_POINT('',(-34.05799731941,43.821552414601,
    12.953959231885));
#1691 = CARTESIAN_POINT('',(-33.97017853441,43.889630204934,
    12.98440121096));
#1692 = CARTESIAN_POINT('',(-33.8789457434,43.95998958438,13.));
#1693 = CARTESIAN_POINT('',(-33.69357287656,44.102231187947,13.));
#1694 = CARTESIAN_POINT('',(-33.60199815098,44.172144949587,
    12.98440121096));
#1695 = CARTESIAN_POINT('',(-33.51351088102,44.239351553366,
    12.953959231885));
#1696 = CARTESIAN_POINT('',(-33.42994115197,44.302507685606,
    12.909906591678));
#1697 = CARTESIAN_POINT('',(-33.35289917196,44.360469519833,
    12.853927325438));
#1698 = CARTESIAN_POINT('',(-33.28368422721,44.412345614184,
    12.788128521228));
#1699 = CARTESIAN_POINT('',(-33.22317680697,44.457560023045,
    12.715008837294));
#1700 = CARTESIAN_POINT('',(-33.09550714911,44.552737756845,
    12.522535632403));
#1701 = CARTESIAN_POINT('',(-33.03761071257,44.595667483578,
    12.395561281039));
#1702 = CARTESIAN_POINT('',(-32.99766771873,44.625177239394,
    12.260805072237));
#1703 = CARTESIAN_POINT('',(-32.97545186071,44.641557726063,
    12.121351504403));
#1704 = CARTESIAN_POINT('',(-32.97093047356,44.64489452316,
    11.980001711702));
#1705 = CARTESIAN_POINT('',(-32.98416551936,44.635146046989,
    11.839573045842));
#1706 = CARTESIAN_POINT('',(-33.01519604663,44.612223777472,
    11.703125480895));
#1707 = CARTESIAN_POINT('',(-33.10708483855,44.5440660651,
    11.460029965666));
#1708 = CARTESIAN_POINT('',(-33.16544912098,44.500700815699,
    11.348278853763));
#1709 = CARTESIAN_POINT('',(-33.2395620442,44.445488627406,11.2443610186
    ));
#1710 = CARTESIAN_POINT('',(-33.32861941939,44.378883671908,
    11.153315995302));
#1711 = CARTESIAN_POINT('',(-33.43078693659,44.302064015182,
    11.07969567128));
#1712 = CARTESIAN_POINT('',(-33.54343271164,44.216813806912,
    11.027473788345));
#1713 = CARTESIAN_POINT('',(-33.66325121275,44.125497818906,11.));
#1714 = CARTESIAN_POINT('',(-33.78625930998,44.031110386164,11.));
#1715 = ORIENTED_EDGE('',*,*,#1716,.F.);
#1716 = EDGE_CURVE('',#1717,#1661,#1719,.T.);
#1717 = VERTEX_POINT('',#1718);
#1718 = CARTESIAN_POINT('',(-32.40017353319,43.834218996336,12.2));
#1719 = LINE('',#1720,#1721);
#1720 = CARTESIAN_POINT('',(-32.40017353319,43.834218996336,12.2));
#1721 = VECTOR('',#1722,1.);
#1722 = DIRECTION('',(-0.608761429009,0.793353340291,2.22044604925E-16)
  );
#1723 = ORIENTED_EDGE('',*,*,#1724,.T.);
#1724 = EDGE_CURVE('',#1717,#1625,#1725,.T.);
#1725 = CIRCLE('',#1726,1.);
#1726 = AXIS2_PLACEMENT_3D('',#1727,#1728,#1729);
#1727 = CARTESIAN_POINT('',(-33.17749788097,43.237757045872,12.));
#1728 = DIRECTION('',(-0.608761429009,0.793353340291,2.22044604925E-16)
  );
#1729 = DIRECTION('',(-1.351721909978E-16,1.761598290109E-16,-1.));
#1730 = ORIENTED_EDGE('',*,*,#1624,.T.);
#1731 = CYLINDRICAL_SURFACE('',#1732,1.);
#1732 = AXIS2_PLACEMENT_3D('',#1733,#1734,#1735);
#1733 = CARTESIAN_POINT('',(-33.17749788097,43.237757045872,12.));
#1734 = DIRECTION('',(-0.608761429009,0.793353340291,2.22044604925E-16)
  );
#1735 = DIRECTION('',(-1.351721909978E-16,1.761598290109E-16,-1.));
#1736 = ADVANCED_FACE('',(#1737),#1803,.F.);
#1737 = FACE_BOUND('',#1738,.F.);
#1738 = EDGE_LOOP('',(#1739,#1740,#1748,#1802));
#1739 = ORIENTED_EDGE('',*,*,#133,.F.);
#1740 = ORIENTED_EDGE('',*,*,#1741,.F.);
#1741 = EDGE_CURVE('',#1742,#134,#1744,.T.);
#1742 = VERTEX_POINT('',#1743);
#1743 = CARTESIAN_POINT('',(-44.03111038616,33.786259309984,11.));
#1744 = LINE('',#1745,#1746);
#1745 = CARTESIAN_POINT('',(-43.23775704587,33.177497880975,11.));
#1746 = VECTOR('',#1747,1.);
#1747 = DIRECTION('',(-0.793353340291,0.608761429009,2.22044604925E-16)
  );
#1748 = ORIENTED_EDGE('',*,*,#1749,.T.);
#1749 = EDGE_CURVE('',#1742,#1742,#1750,.T.);
#1750 = B_SPLINE_CURVE_WITH_KNOTS('',8,(#1751,#1752,#1753,#1754,#1755,
    #1756,#1757,#1758,#1759,#1760,#1761,#1762,#1763,#1764,#1765,#1766,
    #1767,#1768,#1769,#1770,#1771,#1772,#1773,#1774,#1775,#1776,#1777,
    #1778,#1779,#1780,#1781,#1782,#1783,#1784,#1785,#1786,#1787,#1788,
    #1789,#1790,#1791,#1792,#1793,#1794,#1795,#1796,#1797,#1798,#1799,
    #1800,#1801),.UNSPECIFIED.,.T.,.F.,(9,7,7,7,7,7,7,9),(0.,
    9.746379015217E-02,0.174780456726,0.36966263531,0.501185978414,
    0.632709321517,0.827470305336,1.),.UNSPECIFIED.);
#1751 = CARTESIAN_POINT('',(-44.03111038616,33.786259309984,11.));
#1752 = CARTESIAN_POINT('',(-44.08312454096,33.718473143702,11.));
#1753 = CARTESIAN_POINT('',(-44.13474110599,33.650958237693,
    11.008343507949));
#1754 = CARTESIAN_POINT('',(-44.18527939656,33.584606049081,
    11.024873536595));
#1755 = CARTESIAN_POINT('',(-44.23409222411,33.520283154464,
    11.049212794275));
#1756 = CARTESIAN_POINT('',(-44.28058726007,33.458800768932,
    11.080771312015));
#1757 = CARTESIAN_POINT('',(-44.3242493167,33.400881010635,
    11.118754507858));
#1758 = CARTESIAN_POINT('',(-44.36466354483,33.347119910894,
    11.162171688413));
#1759 = CARTESIAN_POINT('',(-44.43079276826,33.258939119623,
    11.247663551563));
#1760 = CARTESIAN_POINT('',(-44.45795314171,33.222640165695,
    11.288333143556));
#1761 = CARTESIAN_POINT('',(-44.48299158466,33.18910926166,
    11.33150601371));
#1762 = CARTESIAN_POINT('',(-44.50589082775,33.158388020245,
    11.376856579439));
#1763 = CARTESIAN_POINT('',(-44.52664395699,33.130502433839,
    11.424080009503));
#1764 = CARTESIAN_POINT('',(-44.54525295432,33.105464595019,
    11.472890808054));
#1765 = CARTESIAN_POINT('',(-44.56172723819,33.083274417064,
    11.523021398678));
#1766 = CARTESIAN_POINT('',(-44.61226492055,33.015140578397,
    11.703272224359));
#1767 = CARTESIAN_POINT('',(-44.63515756771,32.98414969783,
    11.839738676826));
#1768 = CARTESIAN_POINT('',(-44.64487819088,32.970952677505,
    11.980089175963));
#1769 = CARTESIAN_POINT('',(-44.64154036523,32.975475443776,
    12.121332793851));
#1770 = CARTESIAN_POINT('',(-44.62518259236,32.99766029442,
    12.260708811311));
#1771 = CARTESIAN_POINT('',(-44.59569879184,33.037568328156,
    12.395447964981));
#1772 = CARTESIAN_POINT('',(-44.55277311106,33.095459725611,
    12.522464137315));
#1773 = CARTESIAN_POINT('',(-44.45756002304,33.223176806976,
    12.715008837294));
#1774 = CARTESIAN_POINT('',(-44.41234561418,33.283684227213,
    12.788128521228));
#1775 = CARTESIAN_POINT('',(-44.36046951983,33.352899171969,
    12.853927325438));
#1776 = CARTESIAN_POINT('',(-44.3025076856,33.429941151975,
    12.909906591678));
#1777 = CARTESIAN_POINT('',(-44.23935155336,33.513510881027,
    12.953959231885));
#1778 = CARTESIAN_POINT('',(-44.17214494958,33.601998150983,
    12.98440121096));
#1779 = CARTESIAN_POINT('',(-44.10223118794,33.693572876563,13.));
#1780 = CARTESIAN_POINT('',(-43.95998958438,33.878945743405,13.));
#1781 = CARTESIAN_POINT('',(-43.88963020493,33.970178534416,
    12.98440121096));
#1782 = CARTESIAN_POINT('',(-43.8215524146,34.057997319417,
    12.953959231885));
#1783 = CARTESIAN_POINT('',(-43.75717626485,34.140630896109,
    12.909906591678));
#1784 = CARTESIAN_POINT('',(-43.69776105324,34.216557660426,
    12.853927325438));
#1785 = CARTESIAN_POINT('',(-43.64433107174,34.284580265635,
    12.788128521228));
#1786 = CARTESIAN_POINT('',(-43.59758774197,34.343914503602,
    12.715008837294));
#1787 = CARTESIAN_POINT('',(-43.49890213085,34.468892475657,
    12.522535629396));
#1788 = CARTESIAN_POINT('',(-43.45408950503,34.525344099485,
    12.395561289466));
#1789 = CARTESIAN_POINT('',(-43.42314520933,34.564186358968,
    12.260805064619));
#1790 = CARTESIAN_POINT('',(-43.40592593654,34.585758560626,
    12.121351501945));
#1791 = CARTESIAN_POINT('',(-43.40242222474,34.590151897686,
    11.980001721502));
#1792 = CARTESIAN_POINT('',(-43.41268321423,34.577310100477,
    11.839573038414));
#1793 = CARTESIAN_POINT('',(-43.43672367879,34.547137600979,
    11.703125483047));
#1794 = CARTESIAN_POINT('',(-43.50784092265,34.457519736163,
    11.460029965666));
#1795 = CARTESIAN_POINT('',(-43.55299273794,34.400526333957,
    11.348278853763));
#1796 = CARTESIAN_POINT('',(-43.61029035869,34.32801361934,
    11.244361018599));
#1797 = CARTESIAN_POINT('',(-43.67907454643,34.240628427862,
    11.153315995301));
#1798 = CARTESIAN_POINT('',(-43.7578783997,34.13998343822,11.07969567128
    ));
#1799 = CARTESIAN_POINT('',(-43.84462148554,34.028483188424,
    11.027473788345));
#1800 = CARTESIAN_POINT('',(-43.93672295342,33.909267407212,11.));
#1801 = CARTESIAN_POINT('',(-44.03111038616,33.786259309984,11.));
#1802 = ORIENTED_EDGE('',*,*,#1741,.T.);
#1803 = CYLINDRICAL_SURFACE('',#1804,1.);
#1804 = AXIS2_PLACEMENT_3D('',#1805,#1806,#1807);
#1805 = CARTESIAN_POINT('',(-43.23775704587,33.177497880975,12.));
#1806 = DIRECTION('',(-0.793353340291,0.608761429009,2.22044604925E-16)
  );
#1807 = DIRECTION('',(-1.761598290109E-16,1.351721909978E-16,-1.));
#1808 = ADVANCED_FACE('',(#1809),#1875,.F.);
#1809 = FACE_BOUND('',#1810,.F.);
#1810 = EDGE_LOOP('',(#1811,#1812,#1820,#1874));
#1811 = ORIENTED_EDGE('',*,*,#191,.F.);
#1812 = ORIENTED_EDGE('',*,*,#1813,.F.);
#1813 = EDGE_CURVE('',#1814,#192,#1816,.T.);
#1814 = VERTEX_POINT('',#1815);
#1815 = CARTESIAN_POINT('',(-51.27531405437,21.238930496262,11.));
#1816 = LINE('',#1817,#1818);
#1817 = CARTESIAN_POINT('',(-50.35143452186,20.856247063897,11.));
#1818 = VECTOR('',#1819,1.);
#1819 = DIRECTION('',(-0.923879532511,0.382683432365,2.22044604925E-16)
  );
#1820 = ORIENTED_EDGE('',*,*,#1821,.T.);
#1821 = EDGE_CURVE('',#1814,#1814,#1822,.T.);
#1822 = B_SPLINE_CURVE_WITH_KNOTS('',8,(#1823,#1824,#1825,#1826,#1827,
    #1828,#1829,#1830,#1831,#1832,#1833,#1834,#1835,#1836,#1837,#1838,
    #1839,#1840,#1841,#1842,#1843,#1844,#1845,#1846,#1847,#1848,#1849,
    #1850,#1851,#1852,#1853,#1854,#1855,#1856,#1857,#1858,#1859,#1860,
    #1861,#1862,#1863,#1864,#1865,#1866,#1867,#1868,#1869,#1870,#1871,
    #1872,#1873),.UNSPECIFIED.,.T.,.F.,(9,7,7,7,7,7,7,9),(0.,
    9.746379186446E-02,0.174780459796,0.369662641805,0.501185987219,
    0.632709330903,0.827470308215,1.),.UNSPECIFIED.);
#1823 = CARTESIAN_POINT('',(-51.27531405437,21.238930496262,11.));
#1824 = CARTESIAN_POINT('',(-51.308011519,21.159991833708,11.));
#1825 = CARTESIAN_POINT('',(-51.34039514872,21.081418092263,
    11.008343507949));
#1826 = CARTESIAN_POINT('',(-51.37203817871,21.004246527544,
    11.024873536595));
#1827 = CARTESIAN_POINT('',(-51.40253975933,20.929481692997,
    11.049212794275));
#1828 = CARTESIAN_POINT('',(-51.43153770304,20.858060468141,
    11.080771312015));
#1829 = CARTESIAN_POINT('',(-51.45872127464,20.790813705944,
    11.118754507858));
#1830 = CARTESIAN_POINT('',(-51.48384402484,20.728424499321,
    11.162171688413));
#1831 = CARTESIAN_POINT('',(-51.52489708142,20.626132893191,
    11.247663551563));
#1832 = CARTESIAN_POINT('',(-51.541737127,20.584041174201,
    11.288333143556));
#1833 = CARTESIAN_POINT('',(-51.55724396913,20.54517238212,
    11.33150601371));
#1834 = CARTESIAN_POINT('',(-51.57141169706,20.509571181392,
    11.376856579439));
#1835 = CARTESIAN_POINT('',(-51.58424035973,20.477264468209,
    11.424080009503));
#1836 = CARTESIAN_POINT('',(-51.59573500132,20.448263410138,
    11.472890808054));
#1837 = CARTESIAN_POINT('',(-51.60590469691,20.422565485742,
    11.523021398678));
#1838 = CARTESIAN_POINT('',(-51.63708601444,20.34367313664,
    11.703272224359));
#1839 = CARTESIAN_POINT('',(-51.65117758344,20.307813191643,
    11.839738676826));
#1840 = CARTESIAN_POINT('',(-51.65715134421,20.292549966473,
    11.980089175964));
#1841 = CARTESIAN_POINT('',(-51.65509783027,20.297782516067,
    12.12133279385));
#1842 = CARTESIAN_POINT('',(-51.64503929684,20.323445139412,
    12.260708811311));
#1843 = CARTESIAN_POINT('',(-51.62688909165,20.36962430897,
    12.395447964981));
#1844 = CARTESIAN_POINT('',(-51.60040946418,20.436653088602,
    12.522464137315));
#1845 = CARTESIAN_POINT('',(-51.5414962965,20.584661276473,
    12.715008837294));
#1846 = CARTESIAN_POINT('',(-51.51348300399,20.654809306489,
    12.788128521228));
#1847 = CARTESIAN_POINT('',(-51.4812886906,20.735092330398,
    12.853927325438));
#1848 = CARTESIAN_POINT('',(-51.44524178968,20.82451079518,
    12.909906591678));
#1849 = CARTESIAN_POINT('',(-51.40586708793,20.921578964607,
    12.953959231885));
#1850 = CARTESIAN_POINT('',(-51.36385268436,21.02444545297,
    12.98440121096));
#1851 = CARTESIAN_POINT('',(-51.32002245941,21.13099485847,13.));
#1852 = CARTESIAN_POINT('',(-51.23060564992,21.346866132635,13.));
#1853 = CARTESIAN_POINT('',(-51.18625649059,21.453200592578,
    12.984401210324));
#1854 = CARTESIAN_POINT('',(-51.14322756953,21.555646851976,
    12.953959232309));
#1855 = CARTESIAN_POINT('',(-51.10243212818,21.652126529318,
    12.909906592488));
#1856 = CARTESIAN_POINT('',(-51.06469273284,21.740843941636,
    12.853927325048));
#1857 = CARTESIAN_POINT('',(-51.03068887867,21.82037743164,
    12.788128520165));
#1858 = CARTESIAN_POINT('',(-51.00089512108,21.889787966053,
    12.715008838198));
#1859 = CARTESIAN_POINT('',(-50.93791882068,22.036049131018,
    12.522535632402));
#1860 = CARTESIAN_POINT('',(-50.90924389922,22.102175583213,
    12.395561281039));
#1861 = CARTESIAN_POINT('',(-50.88940712976,22.14770327833,
    12.260805072237));
#1862 = CARTESIAN_POINT('',(-50.87835787568,22.172997124923,
    12.121351504402));
#1863 = CARTESIAN_POINT('',(-50.8761106381,22.178147569549,
    11.980001711703));
#1864 = CARTESIAN_POINT('',(-50.88269828589,22.163087618638,
    11.839573045842));
#1865 = CARTESIAN_POINT('',(-50.89811037604,22.12772108729,
    11.703125480895));
#1866 = CARTESIAN_POINT('',(-50.94360954798,22.022750380949,
    11.460029965663));
#1867 = CARTESIAN_POINT('',(-50.97247187454,21.956012832113,
    11.348278853763));
#1868 = CARTESIAN_POINT('',(-51.00904945465,21.871141212843,
    11.244361018602));
#1869 = CARTESIAN_POINT('',(-51.05287292621,21.768930941773,
    11.153315995303));
#1870 = CARTESIAN_POINT('',(-51.10294276318,21.651319408936,
    11.07969567128));
#1871 = CARTESIAN_POINT('',(-51.15787176187,21.521167675372,
    11.027473788344));
#1872 = CARTESIAN_POINT('',(-51.21597963367,21.382176459427,11.));
#1873 = CARTESIAN_POINT('',(-51.27531405437,21.238930496262,11.));
#1874 = ORIENTED_EDGE('',*,*,#1813,.T.);
#1875 = CYLINDRICAL_SURFACE('',#1876,1.);
#1876 = AXIS2_PLACEMENT_3D('',#1877,#1878,#1879);
#1877 = CARTESIAN_POINT('',(-50.35143452186,20.856247063897,12.));
#1878 = DIRECTION('',(-0.923879532511,0.382683432365,2.22044604925E-16)
  );
#1879 = DIRECTION('',(-2.051424657948E-16,8.497279155086E-17,-1.));
#1880 = ADVANCED_FACE('',(#1881),#1947,.F.);
#1881 = FACE_BOUND('',#1882,.F.);
#1882 = EDGE_LOOP('',(#1883,#1884,#1892,#1946));
#1883 = ORIENTED_EDGE('',*,*,#249,.F.);
#1884 = ORIENTED_EDGE('',*,*,#1885,.F.);
#1885 = EDGE_CURVE('',#1886,#250,#1888,.T.);
#1886 = VERTEX_POINT('',#1887);
#1887 = CARTESIAN_POINT('',(-55.02518980624,7.244203668213,11.));
#1888 = LINE('',#1889,#1890);
#1889 = CARTESIAN_POINT('',(-54.03374494487,7.113677475993,11.));
#1890 = VECTOR('',#1891,1.);
#1891 = DIRECTION('',(-0.991444861374,0.13052619222,2.22044604925E-16));
#1892 = ORIENTED_EDGE('',*,*,#1893,.T.);
#1893 = EDGE_CURVE('',#1886,#1886,#1894,.T.);
#1894 = B_SPLINE_CURVE_WITH_KNOTS('',8,(#1895,#1896,#1897,#1898,#1899,
    #1900,#1901,#1902,#1903,#1904,#1905,#1906,#1907,#1908,#1909,#1910,
    #1911,#1912,#1913,#1914,#1915,#1916,#1917,#1918,#1919,#1920,#1921,
    #1922,#1923,#1924,#1925,#1926,#1927,#1928,#1929,#1930,#1931,#1932,
    #1933,#1934,#1935,#1936,#1937,#1938,#1939,#1940,#1941,#1942,#1943,
    #1944,#1945),.UNSPECIFIED.,.T.,.F.,(9,7,7,7,7,7,7,9),(0.,
    9.74637901524E-02,0.174780456726,0.369662635311,0.501185978414,
    0.632709321518,0.827470305337,1.),.UNSPECIFIED.);
#1895 = CARTESIAN_POINT('',(-55.02518980624,7.244203668213,11.));
#1896 = CARTESIAN_POINT('',(-55.03634230251,7.159492048787,11.));
#1897 = CARTESIAN_POINT('',(-55.04728610608,7.075214142535,
    11.008343507949));
#1898 = CARTESIAN_POINT('',(-55.05787745528,6.992482316313,
    11.024873536595));
#1899 = CARTESIAN_POINT('',(-55.06798915666,6.912370641756,
    11.049212794275));
#1900 = CARTESIAN_POINT('',(-55.07751384618,6.835877816021,
    11.080771312015));
#1901 = CARTESIAN_POINT('',(-55.08636641726,6.763886805636,
    11.118754507858));
#1902 = CARTESIAN_POINT('',(-55.09448561562,6.697121213461,
    11.162171688413));
#1903 = CARTESIAN_POINT('',(-55.1076648074,6.587689796384,
    11.247663551563));
#1904 = CARTESIAN_POINT('',(-55.11303690383,6.542673793422,
    11.288333143556));
#1905 = CARTESIAN_POINT('',(-55.11795537948,6.501115957241,
    11.33150601371));
#1906 = CARTESIAN_POINT('',(-55.12242608501,6.463060960196,
    11.376856579439));
#1907 = CARTESIAN_POINT('',(-55.12645602894,6.42853476935,
    11.424080009503));
#1908 = CARTESIAN_POINT('',(-55.13005297396,6.397546866209,
    11.472890808054));
#1909 = CARTESIAN_POINT('',(-55.13322503332,6.370092466451,
    11.523021398678));
#1910 = CARTESIAN_POINT('',(-55.14292503076,6.285817990129,
    11.703272224359));
#1911 = CARTESIAN_POINT('',(-55.14725520447,6.247532776694,
    11.839738676827));
#1912 = CARTESIAN_POINT('',(-55.14907500092,6.231243510251,
    11.980089175962));
#1913 = CARTESIAN_POINT('',(-55.14844574225,6.23682925356,
    12.121332793852));
#1914 = CARTESIAN_POINT('',(-55.14537192071,6.264220784234,
    12.260708811309));
#1915 = CARTESIAN_POINT('',(-55.13979221733,6.313524055524,
    12.395447964982));
#1916 = CARTESIAN_POINT('',(-55.13156318603,6.38512231677,
    12.522464137315));
#1917 = CARTESIAN_POINT('',(-55.11296477371,6.543335097741,
    12.715008837294));
#1918 = CARTESIAN_POINT('',(-55.10406165714,6.618343265214,
    12.788128521228));
#1919 = CARTESIAN_POINT('',(-55.09374311396,6.70422321287,
    12.853927325438));
#1920 = CARTESIAN_POINT('',(-55.08206768307,6.799924441826,
    12.909906591678));
#1921 = CARTESIAN_POINT('',(-55.06915773267,6.903876016293,
    12.953959231885));
#1922 = CARTESIAN_POINT('',(-55.05519874148,7.014111541876,
    12.98440121096));
#1923 = CARTESIAN_POINT('',(-55.04043901061,7.128374461392,13.));
#1924 = CARTESIAN_POINT('',(-55.00994060187,7.360032875034,13.));
#1925 = CARTESIAN_POINT('',(-54.99462398738,7.47422247943,12.98440121096
    ));
#1926 = CARTESIAN_POINT('',(-54.97957628402,7.584314673337,
    12.953959231885));
#1927 = CARTESIAN_POINT('',(-54.96514169128,7.688065524832,
    12.909906591678));
#1928 = CARTESIAN_POINT('',(-54.95164999082,7.783527637362,
    12.853927325438));
#1929 = CARTESIAN_POINT('',(-54.93938957212,7.869151932256,
    12.788128521228));
#1930 = CARTESIAN_POINT('',(-54.92857578007,7.943908554531,
    12.715008837294));
#1931 = CARTESIAN_POINT('',(-54.90560051987,8.101485458808,
    12.522535629395));
#1932 = CARTESIAN_POINT('',(-54.89501745942,8.172780312035,
    12.395561289467));
#1933 = CARTESIAN_POINT('',(-54.88764004298,8.22189084334,
    12.260805064616));
#1934 = CARTESIAN_POINT('',(-54.88351381614,8.249182554385,
    12.121351501949));
#1935 = CARTESIAN_POINT('',(-54.88267618125,8.254739151786,
    11.980001721499));
#1936 = CARTESIAN_POINT('',(-54.88514156021,8.238487334429,
    11.839573038415));
#1937 = CARTESIAN_POINT('',(-54.89087496349,8.200336951086,
    11.703125483047));
#1938 = CARTESIAN_POINT('',(-54.90765537091,8.087166981592,
    11.460029965667));
#1939 = CARTESIAN_POINT('',(-54.91826128888,8.015233339789,
    11.348278853763));
#1940 = CARTESIAN_POINT('',(-54.93162612671,7.923786676458,
    11.244361018599));
#1941 = CARTESIAN_POINT('',(-54.94750238493,7.813716786857,
    11.153315995301));
#1942 = CARTESIAN_POINT('',(-54.96542602896,7.687153742426,
    11.07969567128));
#1943 = CARTESIAN_POINT('',(-54.98479762,7.547220150655,11.027473788346)
  );
#1944 = CARTESIAN_POINT('',(-55.0049519403,7.397925521656,11.));
#1945 = CARTESIAN_POINT('',(-55.02518980624,7.244203668213,11.));
#1946 = ORIENTED_EDGE('',*,*,#1885,.T.);
#1947 = CYLINDRICAL_SURFACE('',#1948,1.);
#1948 = AXIS2_PLACEMENT_3D('',#1949,#1950,#1951);
#1949 = CARTESIAN_POINT('',(-54.03374494487,7.113677475993,12.));
#1950 = DIRECTION('',(-0.991444861374,0.13052619222,2.22044604925E-16));
#1951 = DIRECTION('',(-2.201449825487E-16,2.898263678387E-17,-1.));
#1952 = ADVANCED_FACE('',(#1953),#2019,.F.);
#1953 = FACE_BOUND('',#1954,.F.);
#1954 = EDGE_LOOP('',(#1955,#1956,#1964,#2018));
#1955 = ORIENTED_EDGE('',*,*,#307,.F.);
#1956 = ORIENTED_EDGE('',*,*,#1957,.F.);
#1957 = EDGE_CURVE('',#1958,#308,#1960,.T.);
#1958 = VERTEX_POINT('',#1959);
#1959 = CARTESIAN_POINT('',(-55.02518980624,-7.244203668213,11.));
#1960 = LINE('',#1961,#1962);
#1961 = CARTESIAN_POINT('',(-54.03374494487,-7.113677475993,11.));
#1962 = VECTOR('',#1963,1.);
#1963 = DIRECTION('',(-0.991444861374,-0.13052619222,2.22044604925E-16)
  );
#1964 = ORIENTED_EDGE('',*,*,#1965,.T.);
#1965 = EDGE_CURVE('',#1958,#1958,#1966,.T.);
#1966 = B_SPLINE_CURVE_WITH_KNOTS('',8,(#1967,#1968,#1969,#1970,#1971,
    #1972,#1973,#1974,#1975,#1976,#1977,#1978,#1979,#1980,#1981,#1982,
    #1983,#1984,#1985,#1986,#1987,#1988,#1989,#1990,#1991,#1992,#1993,
    #1994,#1995,#1996,#1997,#1998,#1999,#2000,#2001,#2002,#2003,#2004,
    #2005,#2006,#2007,#2008,#2009,#2010,#2011,#2012,#2013,#2014,#2015,
    #2016,#2017),.UNSPECIFIED.,.T.,.F.,(9,7,7,7,7,7,7,9),(0.,
    9.746379015215E-02,0.174780456726,0.36966263531,0.501185978413,
    0.632709321516,0.827470305335,1.),.UNSPECIFIED.);
#1967 = CARTESIAN_POINT('',(-55.02518980624,-7.244203668213,11.));
#1968 = CARTESIAN_POINT('',(-55.01403730997,-7.328915287638,11.));
#1969 = CARTESIAN_POINT('',(-55.00279548525,-7.413153958662,
    11.008343507949));
#1970 = CARTESIAN_POINT('',(-54.99161337071,-7.495808009151,
    11.024873536595));
#1971 = CARTESIAN_POINT('',(-54.98064609711,-7.575807045489,
    11.049212794275));
#1972 = CARTESIAN_POINT('',(-54.9700484406,-7.652158612439,
    11.080771312015));
#1973 = CARTESIAN_POINT('',(-54.95996672307,-7.723987802623,
    11.118754507858));
#1974 = CARTESIAN_POINT('',(-54.95052905964,-7.79057981558,
    11.162171688413));
#1975 = CARTESIAN_POINT('',(-54.93493624648,-7.899693473374,
    11.247663551563));
#1976 = CARTESIAN_POINT('',(-54.92847429426,-7.9445659941,
    11.288333143556));
#1977 = CARTESIAN_POINT('',(-54.92246921744,-7.985980776522,
    11.33150601371));
#1978 = CARTESIAN_POINT('',(-54.91693822938,-8.023896184724,
    11.376856579439));
#1979 = CARTESIAN_POINT('',(-54.91189482055,-8.058288950384,
    11.424080009503));
#1980 = CARTESIAN_POINT('',(-54.90734894314,-8.089151924206,
    11.472890808054));
#1981 = CARTESIAN_POINT('',(-54.90330719567,-8.116491827352,
    11.523021398678));
#1982 = CARTESIAN_POINT('',(-54.89086483422,-8.200405264603,
    11.703272224359));
#1983 = CARTESIAN_POINT('',(-54.88513851846,-8.23850667245,
    11.839738676827));
#1984 = CARTESIAN_POINT('',(-54.88268033446,-8.254711893578,
    11.980089175962));
#1985 = CARTESIAN_POINT('',(-54.88351821401,-8.249153615729,
    12.121332793852));
#1986 = CARTESIAN_POINT('',(-54.88763858022,-8.221899865274,
    12.26070881131));
#1987 = CARTESIAN_POINT('',(-54.89500962622,-8.172832428714,
    12.395447964982));
#1988 = CARTESIAN_POINT('',(-54.90559198596,-8.101543989036,
    12.522464137315));
#1989 = CARTESIAN_POINT('',(-54.92857578007,-7.943908554531,
    12.715008837294));
#1990 = CARTESIAN_POINT('',(-54.93938957212,-7.869151932256,
    12.788128521228));
#1991 = CARTESIAN_POINT('',(-54.95164999082,-7.783527637362,
    12.853927325438));
#1992 = CARTESIAN_POINT('',(-54.96514169128,-7.688065524832,
    12.909906591678));
#1993 = CARTESIAN_POINT('',(-54.97957628402,-7.584314673337,
    12.953959231885));
#1994 = CARTESIAN_POINT('',(-54.99462398738,-7.47422247943,
    12.98440121096));
#1995 = CARTESIAN_POINT('',(-55.00994060187,-7.360032875034,13.));
#1996 = CARTESIAN_POINT('',(-55.04043901061,-7.128374461392,13.));
#1997 = CARTESIAN_POINT('',(-55.05519874148,-7.014111541876,
    12.98440121096));
#1998 = CARTESIAN_POINT('',(-55.06915773267,-6.903876016293,
    12.953959231885));
#1999 = CARTESIAN_POINT('',(-55.08206768307,-6.799924441826,
    12.909906591678));
#2000 = CARTESIAN_POINT('',(-55.09374311396,-6.70422321287,
    12.853927325438));
#2001 = CARTESIAN_POINT('',(-55.10406165714,-6.618343265214,
    12.788128521228));
#2002 = CARTESIAN_POINT('',(-55.11296477371,-6.543335097741,
    12.715008837294));
#2003 = CARTESIAN_POINT('',(-55.13155628042,-6.385181061367,
    12.522535629396));
#2004 = CARTESIAN_POINT('',(-55.13978629484,-6.313576423751,
    12.395561289465));
#2005 = CARTESIAN_POINT('',(-55.14537099859,-6.264229877347,
    12.260805064621));
#2006 = CARTESIAN_POINT('',(-55.1484489841,-6.236800162711,
    12.121351501943));
#2007 = CARTESIAN_POINT('',(-55.14907804416,-6.231216105913,
    11.980001721503));
#2008 = CARTESIAN_POINT('',(-55.14725313752,-6.24755224305,
    11.839573038414));
#2009 = CARTESIAN_POINT('',(-55.14291713404,-6.285886597566,
    11.703125483048));
#2010 = CARTESIAN_POINT('',(-55.1298352195,-6.399543482888,
    11.460029965665));
#2011 = CARTESIAN_POINT('',(-55.12146195309,-6.471771058844,
    11.348278853763));
#2012 = CARTESIAN_POINT('',(-55.11070325704,-6.563560827249,
    11.2443610186));
#2013 = CARTESIAN_POINT('',(-55.09755036116,-6.673989254302,
    11.153315995302));
#2014 = CARTESIAN_POINT('',(-55.08210634553,-6.800878748004,
    11.07969567128));
#2015 = CARTESIAN_POINT('',(-55.06460038701,-6.941057954959,
    11.027473788345));
#2016 = CARTESIAN_POINT('',(-55.04542767218,-7.090481814772,11.));
#2017 = CARTESIAN_POINT('',(-55.02518980624,-7.244203668213,11.));
#2018 = ORIENTED_EDGE('',*,*,#1957,.T.);
#2019 = CYLINDRICAL_SURFACE('',#2020,1.);
#2020 = AXIS2_PLACEMENT_3D('',#2021,#2022,#2023);
#2021 = CARTESIAN_POINT('',(-54.03374494487,-7.113677475993,12.));
#2022 = DIRECTION('',(-0.991444861374,-0.13052619222,2.22044604925E-16)
  );
#2023 = DIRECTION('',(-2.201449825487E-16,-2.898263678387E-17,-1.));
#2024 = ADVANCED_FACE('',(#2025),#2091,.F.);
#2025 = FACE_BOUND('',#2026,.F.);
#2026 = EDGE_LOOP('',(#2027,#2028,#2036,#2090));
#2027 = ORIENTED_EDGE('',*,*,#365,.F.);
#2028 = ORIENTED_EDGE('',*,*,#2029,.F.);
#2029 = EDGE_CURVE('',#2030,#366,#2032,.T.);
#2030 = VERTEX_POINT('',#2031);
#2031 = CARTESIAN_POINT('',(-51.27531405437,-21.23893049626,11.));
#2032 = LINE('',#2033,#2034);
#2033 = CARTESIAN_POINT('',(-50.35143452186,-20.85624706389,11.));
#2034 = VECTOR('',#2035,1.);
#2035 = DIRECTION('',(-0.923879532511,-0.382683432365,2.22044604925E-16)
  );
#2036 = ORIENTED_EDGE('',*,*,#2037,.T.);
#2037 = EDGE_CURVE('',#2030,#2030,#2038,.T.);
#2038 = B_SPLINE_CURVE_WITH_KNOTS('',8,(#2039,#2040,#2041,#2042,#2043,
    #2044,#2045,#2046,#2047,#2048,#2049,#2050,#2051,#2052,#2053,#2054,
    #2055,#2056,#2057,#2058,#2059,#2060,#2061,#2062,#2063,#2064,#2065,
    #2066,#2067,#2068,#2069,#2070,#2071,#2072,#2073,#2074,#2075,#2076,
    #2077,#2078,#2079,#2080,#2081,#2082,#2083,#2084,#2085,#2086,#2087,
    #2088,#2089),.UNSPECIFIED.,.T.,.F.,(9,7,7,7,7,7,7,9),(0.,
    9.746379080805E-02,0.174780457902,0.369662637798,0.501185981786,
    0.632709325775,0.827470305806,1.),.UNSPECIFIED.);
#2039 = CARTESIAN_POINT('',(-51.27531405437,-21.23893049626,11.));
#2040 = CARTESIAN_POINT('',(-51.24261658975,-21.31786915881,11.));
#2041 = CARTESIAN_POINT('',(-51.20995524852,-21.39632786839,
    11.008343507949));
#2042 = CARTESIAN_POINT('',(-51.17776171288,-21.4732714062,
    11.024873536595));
#2043 = CARTESIAN_POINT('',(-51.14646286587,-21.54770600219,
    11.049212794275));
#2044 = CARTESIAN_POINT('',(-51.11646507609,-21.61871307725,
    11.080771312015));
#2045 = CARTESIAN_POINT('',(-51.08813612234,-21.68548540662,
    11.118754507858));
#2046 = CARTESIAN_POINT('',(-51.06178475829,-21.74736570473,
    11.162171688413));
#2047 = CARTESIAN_POINT('',(-51.01848256464,-21.84872568778,
    11.247663551563));
#2048 = CARTESIAN_POINT('',(-51.00062693514,-21.89039673813,
    11.288333143556));
#2049 = CARTESIAN_POINT('',(-50.98410754191,-21.92884611782,
    11.33150601371));
#2050 = CARTESIAN_POINT('',(-50.96895178795,-21.96403806477,
    11.376856579439));
#2051 = CARTESIAN_POINT('',(-50.95517872634,-21.9959535951,
    11.424080009503));
#2052 = CARTESIAN_POINT('',(-50.94279982053,-22.02458837894,
    11.472890808054));
#2053 = CARTESIAN_POINT('',(-50.93181970464,-22.04995061625,
    11.523021398678));
#2054 = CARTESIAN_POINT('',(-50.89808291068,-22.12778445236,
    11.703272224359));
#2055 = CARTESIAN_POINT('',(-50.8826903444,-22.16310550664,
    11.839738676826));
#2056 = CARTESIAN_POINT('',(-50.87612170113,-22.17812232341,
    11.980089175963));
#2057 = CARTESIAN_POINT('',(-50.8783696188,-22.17297029847,
    12.121332793851));
#2058 = CARTESIAN_POINT('',(-50.88940337659,-22.14771162629,
    12.26070881131));
#2059 = CARTESIAN_POINT('',(-50.90922284737,-22.10222388918,
    12.395447964981));
#2060 = CARTESIAN_POINT('',(-50.93789542783,-22.03610346042,
    12.522464137315));
#2061 = CARTESIAN_POINT('',(-51.00089512078,-21.88978796674,
    12.715008837294));
#2062 = CARTESIAN_POINT('',(-51.03068887939,-21.82037742993,
    12.788128521228));
#2063 = CARTESIAN_POINT('',(-51.0646927327,-21.74084394199,
    12.853927325438));
#2064 = CARTESIAN_POINT('',(-51.10243212743,-21.6521265311,
    12.909906591678));
#2065 = CARTESIAN_POINT('',(-51.14322756965,-21.55564685165,
    12.953959231885));
#2066 = CARTESIAN_POINT('',(-51.18625649146,-21.45320059049,
    12.98440121096));
#2067 = CARTESIAN_POINT('',(-51.23060564933,-21.34686613405,13.));
#2068 = CARTESIAN_POINT('',(-51.32002245941,-21.13099485847,13.));
#2069 = CARTESIAN_POINT('',(-51.36385268436,-21.02444545297,
    12.98440121096));
#2070 = CARTESIAN_POINT('',(-51.40586708793,-20.9215789646,
    12.953959231885));
#2071 = CARTESIAN_POINT('',(-51.44524178968,-20.82451079518,
    12.909906591678));
#2072 = CARTESIAN_POINT('',(-51.4812886906,-20.73509233039,
    12.853927325438));
#2073 = CARTESIAN_POINT('',(-51.51348300399,-20.65480930648,
    12.788128521228));
#2074 = CARTESIAN_POINT('',(-51.5414962965,-20.58466127647,
    12.715008837294));
#2075 = CARTESIAN_POINT('',(-51.60038758873,-20.43670804653,
    12.522535632403));
#2076 = CARTESIAN_POINT('',(-51.62686982008,-20.36967335235,
    12.395561281038));
#2077 = CARTESIAN_POINT('',(-51.64503604783,-20.3234536962,
    12.260805072238));
#2078 = CARTESIAN_POINT('',(-51.65510849579,-20.29775524326,
    12.121351504401));
#2079 = CARTESIAN_POINT('',(-51.65716137318,-20.29252429201,
    11.980001711704));
#2080 = CARTESIAN_POINT('',(-51.65117055019,-20.30783145585,
    11.839573045841));
#2081 = CARTESIAN_POINT('',(-51.63706062951,-20.34373736345,
    11.703125480895));
#2082 = CARTESIAN_POINT('',(-51.59500790425,-20.45013563475,
    11.460029965664));
#2083 = CARTESIAN_POINT('',(-51.56822607773,-20.51773495492,
    11.348278853762));
#2084 = CARTESIAN_POINT('',(-51.53407703515,-20.60361250737,
    11.244361018602));
#2085 = CARTESIAN_POINT('',(-51.49279133328,-20.70687395706,
    11.153315995303));
#2086 = CARTESIAN_POINT('',(-51.44503214213,-20.82544259074,
    11.079695671279));
#2087 = CARTESIAN_POINT('',(-51.39184163619,-20.95631443158,
    11.027473788344));
#2088 = CARTESIAN_POINT('',(-51.33464847507,-21.09568453309,11.));
#2089 = CARTESIAN_POINT('',(-51.27531405437,-21.23893049626,11.));
#2090 = ORIENTED_EDGE('',*,*,#2029,.T.);
#2091 = CYLINDRICAL_SURFACE('',#2092,1.);
#2092 = AXIS2_PLACEMENT_3D('',#2093,#2094,#2095);
#2093 = CARTESIAN_POINT('',(-50.35143452186,-20.85624706389,12.));
#2094 = DIRECTION('',(-0.923879532511,-0.382683432365,2.22044604925E-16)
  );
#2095 = DIRECTION('',(-2.051424657948E-16,-8.497279155086E-17,-1.));
#2096 = ADVANCED_FACE('',(#2097),#2163,.F.);
#2097 = FACE_BOUND('',#2098,.F.);
#2098 = EDGE_LOOP('',(#2099,#2100,#2108,#2162));
#2099 = ORIENTED_EDGE('',*,*,#423,.F.);
#2100 = ORIENTED_EDGE('',*,*,#2101,.F.);
#2101 = EDGE_CURVE('',#2102,#424,#2104,.T.);
#2102 = VERTEX_POINT('',#2103);
#2103 = CARTESIAN_POINT('',(-44.03111038616,-33.78625930998,11.));
#2104 = LINE('',#2105,#2106);
#2105 = CARTESIAN_POINT('',(-43.23775704587,-33.17749788097,11.));
#2106 = VECTOR('',#2107,1.);
#2107 = DIRECTION('',(-0.793353340291,-0.608761429009,2.22044604925E-16)
  );
#2108 = ORIENTED_EDGE('',*,*,#2109,.T.);
#2109 = EDGE_CURVE('',#2102,#2102,#2110,.T.);
#2110 = B_SPLINE_CURVE_WITH_KNOTS('',8,(#2111,#2112,#2113,#2114,#2115,
    #2116,#2117,#2118,#2119,#2120,#2121,#2122,#2123,#2124,#2125,#2126,
    #2127,#2128,#2129,#2130,#2131,#2132,#2133,#2134,#2135,#2136,#2137,
    #2138,#2139,#2140,#2141,#2142,#2143,#2144,#2145,#2146,#2147,#2148,
    #2149,#2150,#2151,#2152,#2153,#2154,#2155,#2156,#2157,#2158,#2159,
    #2160,#2161),.UNSPECIFIED.,.T.,.F.,(9,7,7,7,7,7,7,9),(0.,
    9.746379014938E-02,0.174780456721,0.369662635299,0.501185978399,
    0.632709321498,0.827470305311,1.),.UNSPECIFIED.);
#2111 = CARTESIAN_POINT('',(-44.03111038616,-33.78625930998,11.));
#2112 = CARTESIAN_POINT('',(-43.97909623136,-33.85404547626,11.));
#2113 = CARTESIAN_POINT('',(-43.92724119006,-33.92137739299,
    11.008343507949));
#2114 = CARTESIAN_POINT('',(-43.87623016955,-33.98736684317,
    11.024873536595));
#2115 = CARTESIAN_POINT('',(-43.82673271384,-34.05116440412,
    11.049212794275));
#2116 = CARTESIAN_POINT('',(-43.7793790906,-34.11198797246,
    11.080771312015));
#2117 = CARTESIAN_POINT('',(-43.73473347201,-34.16915301712,
    11.118754507858));
#2118 = CARTESIAN_POINT('',(-43.69326420926,-34.22210456032,
    11.162171688413));
#2119 = CARTESIAN_POINT('',(-43.62520360804,-34.30880335329,
    11.247663551563));
#2120 = CARTESIAN_POINT('',(-43.5971711329,-34.34443312006,
    11.288333143556));
#2121 = CARTESIAN_POINT('',(-43.57126319261,-34.37729683532,
    11.33150601371));
#2122 = CARTESIAN_POINT('',(-43.54751551234,-34.40736704799,
    11.376856579439));
#2123 = CARTESIAN_POINT('',(-43.52595140934,-34.43463035234,
    11.424080009503));
#2124 = CARTESIAN_POINT('',(-43.50658307711,-34.459085533,
    11.472890808054));
#2125 = CARTESIAN_POINT('',(-43.48941286955,-34.48074170993,
    11.523021398678));
#2126 = CARTESIAN_POINT('',(-43.43668074983,-34.54719169758,
    11.703272224359));
#2127 = CARTESIAN_POINT('',(-43.41267091099,-34.57732532682,
    11.839738676827));
#2128 = CARTESIAN_POINT('',(-43.40243945064,-34.59013036799,
    11.980089175961));
#2129 = CARTESIAN_POINT('',(-43.40594421454,-34.58573569795,
    12.121332793854));
#2130 = CARTESIAN_POINT('',(-43.42313943157,-34.56419344081,
    12.260708811309));
#2131 = CARTESIAN_POINT('',(-43.45405666294,-34.52538531725,
    12.395447964982));
#2132 = CARTESIAN_POINT('',(-43.49886547515,-34.46893889736,
    12.522464137315));
#2133 = CARTESIAN_POINT('',(-43.59758774197,-34.3439145036,
    12.715008837294));
#2134 = CARTESIAN_POINT('',(-43.64433107174,-34.28458026563,
    12.788128521228));
#2135 = CARTESIAN_POINT('',(-43.69776105324,-34.21655766042,
    12.853927325438));
#2136 = CARTESIAN_POINT('',(-43.75717626485,-34.1406308961,
    12.909906591678));
#2137 = CARTESIAN_POINT('',(-43.8215524146,-34.05799731941,
    12.953959231885));
#2138 = CARTESIAN_POINT('',(-43.88963020493,-33.97017853441,
    12.98440121096));
#2139 = CARTESIAN_POINT('',(-43.95998958438,-33.8789457434,13.));
#2140 = CARTESIAN_POINT('',(-44.10223118794,-33.69357287656,13.));
#2141 = CARTESIAN_POINT('',(-44.17214494958,-33.60199815098,
    12.98440121096));
#2142 = CARTESIAN_POINT('',(-44.23935155336,-33.51351088102,
    12.953959231885));
#2143 = CARTESIAN_POINT('',(-44.3025076856,-33.42994115197,
    12.909906591678));
#2144 = CARTESIAN_POINT('',(-44.36046951983,-33.35289917196,
    12.853927325438));
#2145 = CARTESIAN_POINT('',(-44.41234561418,-33.28368422721,
    12.788128521228));
#2146 = CARTESIAN_POINT('',(-44.45756002304,-33.22317680697,
    12.715008837294));
#2147 = CARTESIAN_POINT('',(-44.55273775833,-33.09550714711,
    12.522535629395));
#2148 = CARTESIAN_POINT('',(-44.5956674787,-33.03761071912,
    12.395561289467));
#2149 = CARTESIAN_POINT('',(-44.62517724722,-32.99766770822,
    12.260805064617));
#2150 = CARTESIAN_POINT('',(-44.64155771819,-32.97545187128,
    12.121351501948));
#2151 = CARTESIAN_POINT('',(-44.64489452858,-32.97093046627,
    11.9800017215));
#2152 = CARTESIAN_POINT('',(-44.6351460445,-32.98416552271,
    11.839573038415));
#2153 = CARTESIAN_POINT('',(-44.61222377807,-33.01519604582,
    11.703125483047));
#2154 = CARTESIAN_POINT('',(-44.54406606509,-33.10708483856,
    11.460029965647));
#2155 = CARTESIAN_POINT('',(-44.50070081569,-33.16544912099,
    11.348278853761));
#2156 = CARTESIAN_POINT('',(-44.4454886274,-33.2395620442,
    11.244361018613));
#2157 = CARTESIAN_POINT('',(-44.37888367191,-33.32861941937,
    11.153315995312));
#2158 = CARTESIAN_POINT('',(-44.30206401518,-33.43078693658,
    11.079695671279));
#2159 = CARTESIAN_POINT('',(-44.2168138069,-33.54343271164,
    11.027473788338));
#2160 = CARTESIAN_POINT('',(-44.12549781889,-33.66325121277,11.));
#2161 = CARTESIAN_POINT('',(-44.03111038616,-33.78625930998,11.));
#2162 = ORIENTED_EDGE('',*,*,#2101,.T.);
#2163 = CYLINDRICAL_SURFACE('',#2164,1.);
#2164 = AXIS2_PLACEMENT_3D('',#2165,#2166,#2167);
#2165 = CARTESIAN_POINT('',(-43.23775704587,-33.17749788097,12.));
#2166 = DIRECTION('',(-0.793353340291,-0.608761429009,2.22044604925E-16)
  );
#2167 = DIRECTION('',(-1.761598290109E-16,-1.351721909978E-16,-1.));
#2168 = ADVANCED_FACE('',(#2169),#2235,.F.);
#2169 = FACE_BOUND('',#2170,.F.);
#2170 = EDGE_LOOP('',(#2171,#2172,#2180,#2234));
#2171 = ORIENTED_EDGE('',*,*,#481,.F.);
#2172 = ORIENTED_EDGE('',*,*,#2173,.F.);
#2173 = EDGE_CURVE('',#2174,#482,#2176,.T.);
#2174 = VERTEX_POINT('',#2175);
#2175 = CARTESIAN_POINT('',(-33.78625930998,-44.03111038616,11.));
#2176 = LINE('',#2177,#2178);
#2177 = CARTESIAN_POINT('',(-33.17749788097,-43.23775704587,11.));
#2178 = VECTOR('',#2179,1.);
#2179 = DIRECTION('',(-0.608761429009,-0.793353340291,2.22044604925E-16)
  );
#2180 = ORIENTED_EDGE('',*,*,#2181,.T.);
#2181 = EDGE_CURVE('',#2174,#2174,#2182,.T.);
#2182 = B_SPLINE_CURVE_WITH_KNOTS('',8,(#2183,#2184,#2185,#2186,#2187,
    #2188,#2189,#2190,#2191,#2192,#2193,#2194,#2195,#2196,#2197,#2198,
    #2199,#2200,#2201,#2202,#2203,#2204,#2205,#2206,#2207,#2208,#2209,
    #2210,#2211,#2212,#2213,#2214,#2215,#2216,#2217,#2218,#2219,#2220,
    #2221,#2222,#2223,#2224,#2225,#2226,#2227,#2228,#2229,#2230,#2231,
    #2232,#2233),.UNSPECIFIED.,.T.,.F.,(9,7,7,7,7,7,7,9),(0.,
    9.746379186521E-02,0.174780459798,0.369662641808,0.501185987222,
    0.632709330907,0.827470308219,1.),.UNSPECIFIED.);
#2183 = CARTESIAN_POINT('',(-33.78625930998,-44.03111038616,11.));
#2184 = CARTESIAN_POINT('',(-33.7184731437,-44.08312454096,11.));
#2185 = CARTESIAN_POINT('',(-33.65095823769,-44.13474110599,
    11.008343507949));
#2186 = CARTESIAN_POINT('',(-33.58460604908,-44.18527939656,
    11.024873536595));
#2187 = CARTESIAN_POINT('',(-33.52028315446,-44.23409222411,
    11.049212794275));
#2188 = CARTESIAN_POINT('',(-33.45880076893,-44.28058726007,
    11.080771312015));
#2189 = CARTESIAN_POINT('',(-33.40088101063,-44.3242493167,
    11.118754507858));
#2190 = CARTESIAN_POINT('',(-33.34711991089,-44.36466354483,
    11.162171688413));
#2191 = CARTESIAN_POINT('',(-33.25893911962,-44.43079276826,
    11.247663551563));
#2192 = CARTESIAN_POINT('',(-33.22264016569,-44.45795314171,
    11.288333143556));
#2193 = CARTESIAN_POINT('',(-33.18910926166,-44.48299158466,
    11.33150601371));
#2194 = CARTESIAN_POINT('',(-33.15838802024,-44.50589082775,
    11.376856579439));
#2195 = CARTESIAN_POINT('',(-33.13050243383,-44.52664395699,
    11.424080009503));
#2196 = CARTESIAN_POINT('',(-33.10546459501,-44.54525295432,
    11.472890808054));
#2197 = CARTESIAN_POINT('',(-33.08327441706,-44.56172723819,
    11.523021398678));
#2198 = CARTESIAN_POINT('',(-33.01514057839,-44.61226492055,
    11.703272224359));
#2199 = CARTESIAN_POINT('',(-32.98414969783,-44.63515756771,
    11.839738676827));
#2200 = CARTESIAN_POINT('',(-32.9709526775,-44.64487819088,
    11.980089175962));
#2201 = CARTESIAN_POINT('',(-32.97547544377,-44.64154036523,
    12.121332793853));
#2202 = CARTESIAN_POINT('',(-32.99766029441,-44.62518259236,
    12.260708811309));
#2203 = CARTESIAN_POINT('',(-33.03756832815,-44.59569879184,
    12.395447964982));
#2204 = CARTESIAN_POINT('',(-33.09545972561,-44.55277311106,
    12.522464137315));
#2205 = CARTESIAN_POINT('',(-33.22317680697,-44.45756002304,
    12.715008837294));
#2206 = CARTESIAN_POINT('',(-33.28368422721,-44.41234561418,
    12.788128521228));
#2207 = CARTESIAN_POINT('',(-33.35289917196,-44.36046951983,
    12.853927325438));
#2208 = CARTESIAN_POINT('',(-33.42994115197,-44.3025076856,
    12.909906591678));
#2209 = CARTESIAN_POINT('',(-33.51351088102,-44.23935155336,
    12.953959231885));
#2210 = CARTESIAN_POINT('',(-33.60199815098,-44.17214494958,
    12.98440121096));
#2211 = CARTESIAN_POINT('',(-33.69357287656,-44.10223118794,13.));
#2212 = CARTESIAN_POINT('',(-33.87894574218,-43.95998958531,13.));
#2213 = CARTESIAN_POINT('',(-33.97017853619,-43.88963020355,
    12.984401210324));
#2214 = CARTESIAN_POINT('',(-34.05799731969,-43.82155241439,
    12.953959232309));
#2215 = CARTESIAN_POINT('',(-34.14063089457,-43.75717626603,
    12.909906592488));
#2216 = CARTESIAN_POINT('',(-34.21655766011,-43.69776105347,
    12.853927325048));
#2217 = CARTESIAN_POINT('',(-34.28458026709,-43.6443310706,
    12.788128520165));
#2218 = CARTESIAN_POINT('',(-34.34391450301,-43.59758774244,
    12.715008838198));
#2219 = CARTESIAN_POINT('',(-34.4688924737,-43.49890213239,
    12.522535632402));
#2220 = CARTESIAN_POINT('',(-34.52534410588,-43.45408949997,
    12.395561281039));
#2221 = CARTESIAN_POINT('',(-34.56418634868,-43.42314521746,
    12.260805072237));
#2222 = CARTESIAN_POINT('',(-34.58575857096,-43.40592592836,
    12.121351504402));
#2223 = CARTESIAN_POINT('',(-34.59015189056,-43.40242223038,
    11.980001711703));
#2224 = CARTESIAN_POINT('',(-34.57731010374,-43.41268321164,
    11.839573045842));
#2225 = CARTESIAN_POINT('',(-34.54713760018,-43.43672367942,
    11.703125480895));
#2226 = CARTESIAN_POINT('',(-34.45751973616,-43.50784092265,
    11.460029965666));
#2227 = CARTESIAN_POINT('',(-34.40052633395,-43.55299273794,
    11.348278853763));
#2228 = CARTESIAN_POINT('',(-34.32801361934,-43.61029035869,
    11.2443610186));
#2229 = CARTESIAN_POINT('',(-34.24062842786,-43.67907454642,
    11.153315995302));
#2230 = CARTESIAN_POINT('',(-34.13998343822,-43.7578783997,
    11.07969567128));
#2231 = CARTESIAN_POINT('',(-34.02848318842,-43.84462148554,
    11.027473788345));
#2232 = CARTESIAN_POINT('',(-33.90926740721,-43.93672295342,11.));
#2233 = CARTESIAN_POINT('',(-33.78625930998,-44.03111038616,11.));
#2234 = ORIENTED_EDGE('',*,*,#2173,.T.);
#2235 = CYLINDRICAL_SURFACE('',#2236,1.);
#2236 = AXIS2_PLACEMENT_3D('',#2237,#2238,#2239);
#2237 = CARTESIAN_POINT('',(-33.17749788097,-43.23775704587,12.));
#2238 = DIRECTION('',(-0.608761429009,-0.793353340291,2.22044604925E-16)
  );
#2239 = DIRECTION('',(-1.351721909978E-16,-1.761598290109E-16,-1.));
#2240 = ADVANCED_FACE('',(#2241),#2352,.F.);
#2241 = FACE_BOUND('',#2242,.F.);
#2242 = EDGE_LOOP('',(#2243,#2244,#2252,#2261,#2280,#2336,#2344,#2351));
#2243 = ORIENTED_EDGE('',*,*,#539,.F.);
#2244 = ORIENTED_EDGE('',*,*,#2245,.F.);
#2245 = EDGE_CURVE('',#2246,#540,#2248,.T.);
#2246 = VERTEX_POINT('',#2247);
#2247 = CARTESIAN_POINT('',(-20.85624706389,-50.35143452186,11.));
#2248 = LINE('',#2249,#2250);
#2249 = CARTESIAN_POINT('',(-20.85624706389,-50.35143452186,11.));
#2250 = VECTOR('',#2251,1.);
#2251 = DIRECTION('',(-0.382683432365,-0.923879532511,2.22044604925E-16)
  );
#2252 = ORIENTED_EDGE('',*,*,#2253,.T.);
#2253 = EDGE_CURVE('',#2246,#2254,#2256,.T.);
#2254 = VERTEX_POINT('',#2255);
#2255 = CARTESIAN_POINT('',(-20.09309886855,-50.66754085447,
    11.436367479267));
#2256 = CIRCLE('',#2257,1.);
#2257 = AXIS2_PLACEMENT_3D('',#2258,#2259,#2260);
#2258 = CARTESIAN_POINT('',(-20.85624706389,-50.35143452186,12.));
#2259 = DIRECTION('',(-0.382683432365,-0.923879532511,2.22044604925E-16)
  );
#2260 = DIRECTION('',(-8.497279155086E-17,-2.051424657948E-16,-1.));
#2261 = ORIENTED_EDGE('',*,*,#2262,.F.);
#2262 = EDGE_CURVE('',#2263,#2254,#2265,.T.);
#2263 = VERTEX_POINT('',#2264);
#2264 = CARTESIAN_POINT('',(-21.1602244087,-51.30784445845,
    11.003633035041));
#2265 = B_SPLINE_CURVE_WITH_KNOTS('',7,(#2266,#2267,#2268,#2269,#2270,
    #2271,#2272,#2273,#2274,#2275,#2276,#2277,#2278,#2279),
  .UNSPECIFIED.,.F.,.F.,(8,6,8),(0.,0.760385397585,1.),.UNSPECIFIED.);
#2266 = CARTESIAN_POINT('',(-21.1602244087,-51.30784445845,
    11.003633035041));
#2267 = CARTESIAN_POINT('',(-21.02078190378,-51.25508627053,
    11.012918827846));
#2268 = CARTESIAN_POINT('',(-20.88570957796,-51.19605958812,
    11.035574366484));
#2269 = CARTESIAN_POINT('',(-20.75624486729,-51.1315913281,
    11.069109545072));
#2270 = CARTESIAN_POINT('',(-20.63302620015,-51.06262612964,
    11.111661359925));
#2271 = CARTESIAN_POINT('',(-20.51636686703,-50.99007319827,
    11.161905807069));
#2272 = CARTESIAN_POINT('',(-20.40650079118,-50.91480821703,
    11.218963595371));
#2273 = CARTESIAN_POINT('',(-20.27165148166,-50.81406138447,
    11.302474379025));
#2274 = CARTESIAN_POINT('',(-20.24006595772,-50.78978674837,
    11.323125307131));
#2275 = CARTESIAN_POINT('',(-20.20918969914,-50.76539534785,
    11.344427170743));
#2276 = CARTESIAN_POINT('',(-20.17902536448,-50.7409180205,
    11.36639068482));
#2277 = CARTESIAN_POINT('',(-20.14959400627,-50.71640188149,
    11.38902711005));
#2278 = CARTESIAN_POINT('',(-20.12093373199,-50.69191322297,
    11.412348494248));
#2279 = CARTESIAN_POINT('',(-20.09309836504,-50.6675404136,
    11.436367913749));
#2280 = ORIENTED_EDGE('',*,*,#2281,.T.);
#2281 = EDGE_CURVE('',#2263,#2282,#2284,.T.);
#2282 = VERTEX_POINT('',#2283);
#2283 = CARTESIAN_POINT('',(-22.14083391917,-50.89237146531,12.2));
#2284 = B_SPLINE_CURVE_WITH_KNOTS('',8,(#2285,#2286,#2287,#2288,#2289,
    #2290,#2291,#2292,#2293,#2294,#2295,#2296,#2297,#2298,#2299,#2300,
    #2301,#2302,#2303,#2304,#2305,#2306,#2307,#2308,#2309,#2310,#2311,
    #2312,#2313,#2314,#2315,#2316,#2317,#2318,#2319,#2320,#2321,#2322,
    #2323,#2324,#2325,#2326,#2327,#2328,#2329,#2330,#2331,#2332,#2333,
    #2334,#2335),.UNSPECIFIED.,.T.,.F.,(9,7,7,7,7,7,7,9),(0.,
    9.746379120168E-02,0.174780458608,0.369662639291,0.50118598381,
    0.6327093266,0.827470307684,1.),.UNSPECIFIED.);
#2285 = CARTESIAN_POINT('',(-21.23893049626,-51.27531405437,11.));
#2286 = CARTESIAN_POINT('',(-21.1599918337,-51.308011519,11.));
#2287 = CARTESIAN_POINT('',(-21.08141809226,-51.34039514872,
    11.008343507949));
#2288 = CARTESIAN_POINT('',(-21.00424652754,-51.37203817871,
    11.024873536595));
#2289 = CARTESIAN_POINT('',(-20.92948169299,-51.40253975933,
    11.049212794275));
#2290 = CARTESIAN_POINT('',(-20.85806046814,-51.43153770304,
    11.080771312015));
#2291 = CARTESIAN_POINT('',(-20.79081370594,-51.45872127464,
    11.118754507858));
#2292 = CARTESIAN_POINT('',(-20.72842449932,-51.48384402484,
    11.162171688413));
#2293 = CARTESIAN_POINT('',(-20.62613289319,-51.52489708142,
    11.247663551563));
#2294 = CARTESIAN_POINT('',(-20.5840411742,-51.541737127,11.288333143556
    ));
#2295 = CARTESIAN_POINT('',(-20.54517238212,-51.55724396913,
    11.33150601371));
#2296 = CARTESIAN_POINT('',(-20.50957118139,-51.57141169706,
    11.376856579439));
#2297 = CARTESIAN_POINT('',(-20.4772644682,-51.58424035973,
    11.424080009503));
#2298 = CARTESIAN_POINT('',(-20.44826341013,-51.59573500132,
    11.472890808054));
#2299 = CARTESIAN_POINT('',(-20.42256548574,-51.60590469691,
    11.523021398678));
#2300 = CARTESIAN_POINT('',(-20.34367313664,-51.63708601444,
    11.703272224359));
#2301 = CARTESIAN_POINT('',(-20.30781319164,-51.65117758344,
    11.839738676826));
#2302 = CARTESIAN_POINT('',(-20.29254996647,-51.65715134421,
    11.980089175963));
#2303 = CARTESIAN_POINT('',(-20.29778251606,-51.65509783027,
    12.121332793851));
#2304 = CARTESIAN_POINT('',(-20.32344513941,-51.64503929684,
    12.260708811311));
#2305 = CARTESIAN_POINT('',(-20.36962430897,-51.62688909165,
    12.395447964981));
#2306 = CARTESIAN_POINT('',(-20.4366530886,-51.60040946418,
    12.522464137315));
#2307 = CARTESIAN_POINT('',(-20.58466127647,-51.5414962965,
    12.715008837294));
#2308 = CARTESIAN_POINT('',(-20.65480930648,-51.51348300399,
    12.788128521228));
#2309 = CARTESIAN_POINT('',(-20.73509233039,-51.4812886906,
    12.853927325438));
#2310 = CARTESIAN_POINT('',(-20.82451079518,-51.44524178968,
    12.909906591678));
#2311 = CARTESIAN_POINT('',(-20.9215789646,-51.40586708793,
    12.953959231885));
#2312 = CARTESIAN_POINT('',(-21.02444545297,-51.36385268436,
    12.98440121096));
#2313 = CARTESIAN_POINT('',(-21.13099485847,-51.32002245941,13.));
#2314 = CARTESIAN_POINT('',(-21.34686613263,-51.23060564992,13.));
#2315 = CARTESIAN_POINT('',(-21.45320059257,-51.18625649059,
    12.984401210324));
#2316 = CARTESIAN_POINT('',(-21.55564685197,-51.14322756953,
    12.953959232309));
#2317 = CARTESIAN_POINT('',(-21.65212652931,-51.10243212818,
    12.909906592488));
#2318 = CARTESIAN_POINT('',(-21.74084394163,-51.06469273284,
    12.853927325048));
#2319 = CARTESIAN_POINT('',(-21.82037743164,-51.03068887867,
    12.788128520165));
#2320 = CARTESIAN_POINT('',(-21.88978796605,-51.00089512108,
    12.715008838198));
#2321 = CARTESIAN_POINT('',(-22.0360491333,-50.9379188197,
    12.522535629395));
#2322 = CARTESIAN_POINT('',(-22.10217557571,-50.90924390245,
    12.395561289468));
#2323 = CARTESIAN_POINT('',(-22.14770329036,-50.88940712457,
    12.260805064616));
#2324 = CARTESIAN_POINT('',(-22.17299711281,-50.8783578809,
    12.121351501949));
#2325 = CARTESIAN_POINT('',(-22.17814757789,-50.87611063449,
    11.980001721499));
#2326 = CARTESIAN_POINT('',(-22.16308761481,-50.88269828755,
    11.839573038415));
#2327 = CARTESIAN_POINT('',(-22.12772108821,-50.89811037564,
    11.703125483047));
#2328 = CARTESIAN_POINT('',(-22.02275038092,-50.94360954799,
    11.460029965617));
#2329 = CARTESIAN_POINT('',(-21.95601283209,-50.97247187455,
    11.348278853758));
#2330 = CARTESIAN_POINT('',(-21.87114121285,-51.00904945464,
    11.244361018632));
#2331 = CARTESIAN_POINT('',(-21.7689309418,-51.05287292619,
    11.153315995328));
#2332 = CARTESIAN_POINT('',(-21.65131940896,-51.10294276317,
    11.079695671277));
#2333 = CARTESIAN_POINT('',(-21.52116767535,-51.15787176187,
    11.027473788328));
#2334 = CARTESIAN_POINT('',(-21.38217645938,-51.21597963369,11.));
#2335 = CARTESIAN_POINT('',(-21.23893049626,-51.27531405437,11.));
#2336 = ORIENTED_EDGE('',*,*,#2337,.F.);
#2337 = EDGE_CURVE('',#2338,#2282,#2340,.T.);
#2338 = VERTEX_POINT('',#2339);
#2339 = CARTESIAN_POINT('',(-21.76146043927,-49.97648286494,12.2));
#2340 = LINE('',#2341,#2342);
#2341 = CARTESIAN_POINT('',(-21.76146043927,-49.97648286494,12.2));
#2342 = VECTOR('',#2343,1.);
#2343 = DIRECTION('',(-0.382683432365,-0.923879532511,2.22044604925E-16)
  );
#2344 = ORIENTED_EDGE('',*,*,#2345,.T.);
#2345 = EDGE_CURVE('',#2338,#2246,#2346,.T.);
#2346 = CIRCLE('',#2347,1.);
#2347 = AXIS2_PLACEMENT_3D('',#2348,#2349,#2350);
#2348 = CARTESIAN_POINT('',(-20.85624706389,-50.35143452186,12.));
#2349 = DIRECTION('',(-0.382683432365,-0.923879532511,2.22044604925E-16)
  );
#2350 = DIRECTION('',(-8.497279155086E-17,-2.051424657948E-16,-1.));
#2351 = ORIENTED_EDGE('',*,*,#2245,.T.);
#2352 = CYLINDRICAL_SURFACE('',#2353,1.);
#2353 = AXIS2_PLACEMENT_3D('',#2354,#2355,#2356);
#2354 = CARTESIAN_POINT('',(-20.85624706389,-50.35143452186,12.));
#2355 = DIRECTION('',(-0.382683432365,-0.923879532511,2.22044604925E-16)
  );
#2356 = DIRECTION('',(-8.497279155086E-17,-2.051424657948E-16,-1.));
#2357 = ADVANCED_FACE('',(#2358),#2459,.F.);
#2358 = FACE_BOUND('',#2359,.F.);
#2359 = EDGE_LOOP('',(#2360,#2361,#2369,#2458));
#2360 = ORIENTED_EDGE('',*,*,#597,.F.);
#2361 = ORIENTED_EDGE('',*,*,#2362,.F.);
#2362 = EDGE_CURVE('',#2363,#598,#2365,.T.);
#2363 = VERTEX_POINT('',#2364);
#2364 = CARTESIAN_POINT('',(-7.244203668213,-55.02518980624,11.));
#2365 = LINE('',#2366,#2367);
#2366 = CARTESIAN_POINT('',(-7.113677475993,-54.03374494487,11.));
#2367 = VECTOR('',#2368,1.);
#2368 = DIRECTION('',(-0.13052619222,-0.991444861374,2.22044604925E-16)
  );
#2369 = ORIENTED_EDGE('',*,*,#2370,.T.);
#2370 = EDGE_CURVE('',#2363,#2363,#2371,.T.);
#2371 = B_SPLINE_CURVE_WITH_KNOTS('',7,(#2372,#2373,#2374,#2375,#2376,
    #2377,#2378,#2379,#2380,#2381,#2382,#2383,#2384,#2385,#2386,#2387,
    #2388,#2389,#2390,#2391,#2392,#2393,#2394,#2395,#2396,#2397,#2398,
    #2399,#2400,#2401,#2402,#2403,#2404,#2405,#2406,#2407,#2408,#2409,
    #2410,#2411,#2412,#2413,#2414,#2415,#2416,#2417,#2418,#2419,#2420,
    #2421,#2422,#2423,#2424,#2425,#2426,#2427,#2428,#2429,#2430,#2431,
    #2432,#2433,#2434,#2435,#2436,#2437,#2438,#2439,#2440,#2441,#2442,
    #2443,#2444,#2445,#2446,#2447,#2448,#2449,#2450,#2451,#2452,#2453,
    #2454,#2455,#2456,#2457),.UNSPECIFIED.,.T.,.F.,(8,6,6,6,6,6,6,6,6,6,
    6,6,6,6,8),(0.,9.702290371216E-02,0.173989821216,0.250337804568,
    0.403517701408,0.500320722249,0.597123743091,0.640724632012,
    0.672170981833,0.749998719344,0.82877141971,0.859752566269,
    0.902004403401,0.937851719753,1.),.UNSPECIFIED.);
#2372 = CARTESIAN_POINT('',(-7.244203668213,-55.02518980624,11.));
#2373 = CARTESIAN_POINT('',(-7.147390388869,-55.03793551627,11.));
#2374 = CARTESIAN_POINT('',(-7.051155393757,-55.05040296935,
    11.011124677265));
#2375 = CARTESIAN_POINT('',(-6.957278469846,-55.06236214683,
    11.033122852193));
#2376 = CARTESIAN_POINT('',(-6.867462813665,-55.07361616648,
    11.065302736357));
#2377 = CARTESIAN_POINT('',(-6.78323615328,-55.08400997901,
    11.106552271445));
#2378 = CARTESIAN_POINT('',(-6.705838762706,-55.09343573199,
    11.155361217097));
#2379 = CARTESIAN_POINT('',(-6.580774286047,-55.10849766546,
    11.253066203554));
#2380 = CARTESIAN_POINT('',(-6.529973629213,-55.11454998329,
    11.300088790223));
#2381 = CARTESIAN_POINT('',(-6.483801354057,-55.11999861719,
    11.350356347803));
#2382 = CARTESIAN_POINT('',(-6.442320566335,-55.12485355283,
    11.403356811075));
#2383 = CARTESIAN_POINT('',(-6.405558441043,-55.12912682245,
    11.458618673549));
#2384 = CARTESIAN_POINT('',(-6.373512141706,-55.13283142848,
    11.51570721157));
#2385 = CARTESIAN_POINT('',(-6.319017333841,-55.13910378424,
    11.632263665453));
#2386 = CARTESIAN_POINT('',(-6.296475650897,-55.14168254916,
    11.691747986006));
#2387 = CARTESIAN_POINT('',(-6.278490951584,-55.14373063216,
    11.752337903121));
#2388 = CARTESIAN_POINT('',(-6.265029321494,-55.14525899903,
    11.813730999215));
#2389 = CARTESIAN_POINT('',(-6.256064848425,-55.1462752465,
    11.875648423883));
#2390 = CARTESIAN_POINT('',(-6.251582799742,-55.14678333772,
    11.937825111698));
#2391 = CARTESIAN_POINT('',(-6.251582799742,-55.14678333772,
    12.124743870865));
#2392 = CARTESIAN_POINT('',(-6.269624518628,-55.14473806766,
    12.249685967356));
#2393 = CARTESIAN_POINT('',(-6.30581264888,-55.1406357587,
    12.372655159859));
#2394 = CARTESIAN_POINT('',(-6.360420096276,-55.13440746864,
    12.491295581298));
#2395 = CARTESIAN_POINT('',(-6.433695725326,-55.12594921694,
    12.602842630883));
#2396 = CARTESIAN_POINT('',(-6.525742036272,-55.11512538347,
    12.703940571171));
#2397 = CARTESIAN_POINT('',(-6.705838762706,-55.09343573199,
    12.844638782903));
#2398 = CARTESIAN_POINT('',(-6.78323615328,-55.08400997901,
    12.893447728555));
#2399 = CARTESIAN_POINT('',(-6.867462813665,-55.07361616648,
    12.934697263643));
#2400 = CARTESIAN_POINT('',(-6.957278469846,-55.06236214683,
    12.966877147807));
#2401 = CARTESIAN_POINT('',(-7.051155393757,-55.05040296935,
    12.988875322735));
#2402 = CARTESIAN_POINT('',(-7.147390388869,-55.03793551627,13.));
#2403 = CARTESIAN_POINT('',(-7.341016947556,-55.01244409622,13.));
#2404 = CARTESIAN_POINT('',(-7.43719962903,-54.9995792816,
    12.988875322735));
#2405 = CARTESIAN_POINT('',(-7.530973037224,-54.98683382418,
    12.966877147807));
#2406 = CARTESIAN_POINT('',(-7.620641053753,-54.97445837004,
    12.934697263643));
#2407 = CARTESIAN_POINT('',(-7.704687876916,-54.96269855819,
    12.893447728555));
#2408 = CARTESIAN_POINT('',(-7.781887579744,-54.9517712177,
    12.844638782903));
#2409 = CARTESIAN_POINT('',(-7.882745911261,-54.93735812634,
    12.765615067174));
#2410 = CARTESIAN_POINT('',(-7.912619699804,-54.93306777547,
    12.739839488786));
#2411 = CARTESIAN_POINT('',(-7.941021883674,-54.92896999863,
    12.712932211198));
#2412 = CARTESIAN_POINT('',(-7.967932976097,-54.92507096096,
    12.684993666288));
#2413 = CARTESIAN_POINT('',(-7.993338640164,-54.92137589651,
    12.656120941658));
#2414 = CARTESIAN_POINT('',(-8.017229377081,-54.91788910998,
    12.626407938457));
#2415 = CARTESIAN_POINT('',(-8.055734774857,-54.91225184911,
    12.573975069417));
#2416 = CARTESIAN_POINT('',(-8.071081294885,-54.90999944054,
    12.551611128939));
#2417 = CARTESIAN_POINT('',(-8.085639800131,-54.90785774305,
    12.52888469006));
#2418 = CARTESIAN_POINT('',(-8.099410957015,-54.90582757821,
    12.50582514207));
#2419 = CARTESIAN_POINT('',(-8.11239607276,-54.90390959874,
    12.48246028127));
#2420 = CARTESIAN_POINT('',(-8.124597095389,-54.90210428851,
    12.458816310977));
#2421 = CARTESIAN_POINT('',(-8.164279203211,-54.89622356236,
    12.375770633065));
#2422 = CARTESIAN_POINT('',(-8.187748967287,-54.8927280971,
    12.315075441087));
#2423 = CARTESIAN_POINT('',(-8.206469716796,-54.88992964041,
    12.253194897713));
#2424 = CARTESIAN_POINT('',(-8.220479784866,-54.88783026888,
    12.190454438858));
#2425 = CARTESIAN_POINT('',(-8.229808477223,-54.88643070387,
    12.127153257302));
#2426 = CARTESIAN_POINT('',(-8.23447252249,-54.88573095328,
    12.063575255769));
#2427 = CARTESIAN_POINT('',(-8.23447252249,-54.88573095328,
    11.935652831066));
#2428 = CARTESIAN_POINT('',(-8.229694532079,-54.88644779908,
    11.871303036986));
#2429 = CARTESIAN_POINT('',(-8.220137971505,-54.8878815503,
    11.807240236609));
#2430 = CARTESIAN_POINT('',(-8.205785239499,-54.89003220587,
    11.74375878868));
#2431 = CARTESIAN_POINT('',(-8.186605591079,-54.8928990062,
    11.681169391111));
#2432 = CARTESIAN_POINT('',(-8.162559015368,-54.89647973545,
    11.619810680249));
#2433 = CARTESIAN_POINT('',(-8.122210634792,-54.90245738554,
    11.5365613328));
#2434 = CARTESIAN_POINT('',(-8.11006225844,-54.90425436227,
    11.513312471236));
#2435 = CARTESIAN_POINT('',(-8.097152554214,-54.9061606372,
    11.490337961619));
#2436 = CARTESIAN_POINT('',(-8.083479707752,-54.90817573287,
    11.46766301954));
#2437 = CARTESIAN_POINT('',(-8.069042520466,-54.91029901106,
    11.445314360005));
#2438 = CARTESIAN_POINT('',(-8.053840409545,-54.91252967278,
    11.423320197443));
#2439 = CARTESIAN_POINT('',(-8.016097740297,-54.91805405653,
    11.372238768277));
#2440 = CARTESIAN_POINT('',(-7.992894745297,-54.92143998147,
    11.343475291665));
#2441 = CARTESIAN_POINT('',(-7.968269199352,-54.92502141249,
    11.315502866946));
#2442 = CARTESIAN_POINT('',(-7.942229921493,-54.92879440446,
    11.288407180127));
#2443 = CARTESIAN_POINT('',(-7.914790034069,-54.93275418757,
    11.262276683984));
#2444 = CARTESIAN_POINT('',(-7.885967223447,-54.93689516712,
    11.237202729901));
#2445 = CARTESIAN_POINT('',(-7.830175941803,-54.94487249871,
    11.192982915267));
#2446 = CARTESIAN_POINT('',(-7.803586492625,-54.94866021198,
    11.173512927278));
#2447 = CARTESIAN_POINT('',(-7.776043150795,-54.95256811916,
    11.154938683537));
#2448 = CARTESIAN_POINT('',(-7.747577751875,-54.95658970418,
    11.137327150919));
#2449 = CARTESIAN_POINT('',(-7.718226469364,-54.96071787898,
    11.120743315395));
#2450 = CARTESIAN_POINT('',(-7.688029814698,-54.96494498347,
    11.105250182028));
#2451 = CARTESIAN_POINT('',(-7.603293014127,-54.97674853358,
    11.06604516243));
#2452 = CARTESIAN_POINT('',(-7.547064635559,-54.98451851951,
    11.044605458191));
#2453 = CARTESIAN_POINT('',(-7.488747939786,-54.99250641232,
    11.027008623107));
#2454 = CARTESIAN_POINT('',(-7.428797437705,-55.00064078994,
    11.01357658356));
#2455 = CARTESIAN_POINT('',(-7.367707635525,-55.00884788024,
    11.004532660754));
#2456 = CARTESIAN_POINT('',(-7.305998957425,-55.01705430208,11.));
#2457 = CARTESIAN_POINT('',(-7.244203668213,-55.02518980624,11.));
#2458 = ORIENTED_EDGE('',*,*,#2362,.T.);
#2459 = CYLINDRICAL_SURFACE('',#2460,1.);
#2460 = AXIS2_PLACEMENT_3D('',#2461,#2462,#2463);
#2461 = CARTESIAN_POINT('',(-7.113677475993,-54.03374494487,12.));
#2462 = DIRECTION('',(-0.13052619222,-0.991444861374,2.22044604925E-16)
  );
#2463 = DIRECTION('',(-2.898263678387E-17,-2.201449825487E-16,-1.));
#2464 = ADVANCED_FACE('',(#2465),#2554,.F.);
#2465 = FACE_BOUND('',#2466,.F.);
#2466 = EDGE_LOOP('',(#2467,#2468,#2476,#2553));
#2467 = ORIENTED_EDGE('',*,*,#655,.F.);
#2468 = ORIENTED_EDGE('',*,*,#2469,.F.);
#2469 = EDGE_CURVE('',#2470,#656,#2472,.T.);
#2470 = VERTEX_POINT('',#2471);
#2471 = CARTESIAN_POINT('',(7.244203668213,-55.02518980624,11.));
#2472 = LINE('',#2473,#2474);
#2473 = CARTESIAN_POINT('',(7.113677475993,-54.03374494487,11.));
#2474 = VECTOR('',#2475,1.);
#2475 = DIRECTION('',(0.13052619222,-0.991444861374,2.22044604925E-16));
#2476 = ORIENTED_EDGE('',*,*,#2477,.T.);
#2477 = EDGE_CURVE('',#2470,#2470,#2478,.T.);
#2478 = B_SPLINE_CURVE_WITH_KNOTS('',7,(#2479,#2480,#2481,#2482,#2483,
    #2484,#2485,#2486,#2487,#2488,#2489,#2490,#2491,#2492,#2493,#2494,
    #2495,#2496,#2497,#2498,#2499,#2500,#2501,#2502,#2503,#2504,#2505,
    #2506,#2507,#2508,#2509,#2510,#2511,#2512,#2513,#2514,#2515,#2516,
    #2517,#2518,#2519,#2520,#2521,#2522,#2523,#2524,#2525,#2526,#2527,
    #2528,#2529,#2530,#2531,#2532,#2533,#2534,#2535,#2536,#2537,#2538,
    #2539,#2540,#2541,#2542,#2543,#2544,#2545,#2546,#2547,#2548,#2549,
    #2550,#2551,#2552),.UNSPECIFIED.,.T.,.F.,(8,6,6,6,6,6,6,6,6,6,6,6,8)
  ,(0.,6.153957266272E-02,9.74740974137E-02,0.141229753526,
    0.172787626664,0.250891380494,0.331275636635,0.363180093911,
    0.457790807676,0.561930901676,0.672155098878,0.827440637556,1.),
  .UNSPECIFIED.);
#2479 = CARTESIAN_POINT('',(7.244203668213,-55.02518980624,11.));
#2480 = CARTESIAN_POINT('',(7.305175582849,-55.0171627014,11.));
#2481 = CARTESIAN_POINT('',(7.366062840446,-55.00906659988,
    11.004412668147));
#2482 = CARTESIAN_POINT('',(7.42635411051,-55.00096899266,
    11.013217395264));
#2483 = CARTESIAN_POINT('',(7.485549157331,-54.99294035113,
    11.026297053714));
#2484 = CARTESIAN_POINT('',(7.543172044983,-54.98505156383,
    11.04343943357));
#2485 = CARTESIAN_POINT('',(7.598784342332,-54.97737137331,
    11.064338678786));
#2486 = CARTESIAN_POINT('',(7.683071330393,-54.96563834954,
    11.102761613785));
#2487 = CARTESIAN_POINT('',(7.713351982723,-54.96140227017,
    11.118083208231));
#2488 = CARTESIAN_POINT('',(7.742794652076,-54.95726389709,
    11.134500831969));
#2489 = CARTESIAN_POINT('',(7.771358066235,-54.95323098235,
    11.151951720623));
#2490 = CARTESIAN_POINT('',(7.799005313722,-54.94931070762,
    11.170371020168));
#2491 = CARTESIAN_POINT('',(7.825703843791,-54.94550968425,
    11.18969178694));
#2492 = CARTESIAN_POINT('',(7.882745387395,-54.9373582012,11.23438452237
    ));
#2493 = CARTESIAN_POINT('',(7.912619007242,-54.93306787521,
    11.260159889801));
#2494 = CARTESIAN_POINT('',(7.941021253686,-54.92897008986,
    11.287067145214));
#2495 = CARTESIAN_POINT('',(7.967932529503,-54.92507102586,
    11.315005817464));
#2496 = CARTESIAN_POINT('',(7.993338404319,-54.92137593086,11.3438787539
    ));
#2497 = CARTESIAN_POINT('',(8.017229306398,-54.91788912032,
    11.373591965294));
#2498 = CARTESIAN_POINT('',(8.055734774857,-54.91225184911,
    11.426024930583));
#2499 = CARTESIAN_POINT('',(8.071081294885,-54.90999944054,
    11.448388871061));
#2500 = CARTESIAN_POINT('',(8.085639800131,-54.90785774305,
    11.47111530994));
#2501 = CARTESIAN_POINT('',(8.099410957015,-54.90582757821,
    11.49417485793));
#2502 = CARTESIAN_POINT('',(8.11239607276,-54.90390959874,11.51753971873
    ));
#2503 = CARTESIAN_POINT('',(8.124597095389,-54.90210428851,
    11.541183689023));
#2504 = CARTESIAN_POINT('',(8.164279204342,-54.89622356219,
    11.624229369304));
#2505 = CARTESIAN_POINT('',(8.187748966778,-54.89272809717,
    11.684924556328));
#2506 = CARTESIAN_POINT('',(8.20646971592,-54.88992964054,
    11.746805100432));
#2507 = CARTESIAN_POINT('',(8.220479784937,-54.88783026887,
    11.809545563383));
#2508 = CARTESIAN_POINT('',(8.229808477914,-54.88643070377,
    11.872846745152));
#2509 = CARTESIAN_POINT('',(8.23447252249,-54.88573095328,
    11.936424741241));
#2510 = CARTESIAN_POINT('',(8.23447252249,-54.88573095328,
    12.065431552694));
#2511 = CARTESIAN_POINT('',(8.22953213248,-54.88647216433,12.1308660189)
  );
#2512 = CARTESIAN_POINT('',(8.219650705096,-54.88795465397,
    12.19599885924));
#2513 = CARTESIAN_POINT('',(8.204809375415,-54.89017842881,
    12.260520403622));
#2514 = CARTESIAN_POINT('',(8.184975358915,-54.8931426628,
    12.324103233206));
#2515 = CARTESIAN_POINT('',(8.160106249436,-54.89684492563,
    12.38638956237));
#2516 = CARTESIAN_POINT('',(8.118266415329,-54.90304085231,
    12.471026377219));
#2517 = CARTESIAN_POINT('',(8.105578912755,-54.90491663565,
    12.494804792059));
#2518 = CARTESIAN_POINT('',(8.092089205042,-54.90690740226,
    12.518287997853));
#2519 = CARTESIAN_POINT('',(8.077795423577,-54.90901260749,
    12.541448442653));
#2520 = CARTESIAN_POINT('',(8.062696435506,-54.91123152091,
    12.564256889901));
#2521 = CARTESIAN_POINT('',(8.046791843742,-54.91356322633,
    12.58668241843));
#2522 = CARTESIAN_POINT('',(7.980529930222,-54.92325236127,
    12.673961741203));
#2523 = CARTESIAN_POINT('',(7.923674689001,-54.93151272193,
    12.73587056153));
#2524 = CARTESIAN_POINT('',(7.859640210217,-54.94074137449,
    12.793216851563));
#2525 = CARTESIAN_POINT('',(7.788751875909,-54.9508570067,
    12.844829069856));
#2526 = CARTESIAN_POINT('',(7.711515670965,-54.96174945642,
    12.889574340996));
#2527 = CARTESIAN_POINT('',(7.628612816313,-54.97328535732,
    12.926361103638));
#2528 = CARTESIAN_POINT('',(7.444373302528,-54.9985527148,
    12.984708924607));
#2529 = CARTESIAN_POINT('',(7.342490630855,-55.01232387524,
    13.004214236192));
#2530 = CARTESIAN_POINT('',(7.237601091242,-55.02626598386,
    13.01109698237));
#2531 = CARTESIAN_POINT('',(7.132388240784,-55.03999698142,
    13.004731811474));
#2532 = CARTESIAN_POINT('',(7.02960841662,-55.05316697354,
    12.985415743448));
#2533 = CARTESIAN_POINT('',(6.931813447712,-55.06549122798,
    12.954360826552));
#2534 = CARTESIAN_POINT('',(6.745020206223,-55.08869275857,
    12.870636731633));
#2535 = CARTESIAN_POINT('',(6.656857457755,-55.09944498806,
    12.816805515803));
#2536 = CARTESIAN_POINT('',(6.577450871705,-55.10897006666,
    12.753991432246));
#2537 = CARTESIAN_POINT('',(6.50736986991,-55.11725937628,
    12.683863022817));
#2538 = CARTESIAN_POINT('',(6.446945604148,-55.12432702882,
    12.607993423621));
#2539 = CARTESIAN_POINT('',(6.396303580773,-55.13020042345,
    12.527879626536));
#2540 = CARTESIAN_POINT('',(6.297690344486,-55.14156750492,
    12.328109716799));
#2541 = CARTESIAN_POINT('',(6.258469263146,-55.14601717109,
    12.20404650236));
#2542 = CARTESIAN_POINT('',(6.238020582049,-55.14831381958,
    12.075590584906));
#2543 = CARTESIAN_POINT('',(6.236649964112,-55.14846724416,
    11.945439989057));
#2544 = CARTESIAN_POINT('',(6.254476153532,-55.14646784052,
    11.816449379531));
#2545 = CARTESIAN_POINT('',(6.291246928677,-55.14230015959,
    11.691660515826));
#2546 = CARTESIAN_POINT('',(6.407170446205,-55.12895735555,
    11.443717002415));
#2547 = CARTESIAN_POINT('',(6.49330459639,-55.11896348561,
    11.316466137545));
#2548 = CARTESIAN_POINT('',(6.605714565765,-55.10574711991,
    11.201097947232));
#2549 = CARTESIAN_POINT('',(6.742263942842,-55.08935360241,
    11.105534043371));
#2550 = CARTESIAN_POINT('',(6.898570089946,-55.07002758405,
    11.036631717794));
#2551 = CARTESIAN_POINT('',(7.068521549993,-55.04831879589,11.));
#2552 = CARTESIAN_POINT('',(7.244203668213,-55.02518980624,11.));
#2553 = ORIENTED_EDGE('',*,*,#2469,.T.);
#2554 = CYLINDRICAL_SURFACE('',#2555,1.);
#2555 = AXIS2_PLACEMENT_3D('',#2556,#2557,#2558);
#2556 = CARTESIAN_POINT('',(7.113677475993,-54.03374494487,12.));
#2557 = DIRECTION('',(0.13052619222,-0.991444861374,2.22044604925E-16));
#2558 = DIRECTION('',(2.898263678387E-17,-2.201449825487E-16,-1.));
#2559 = ADVANCED_FACE('',(#2560),#2626,.F.);
#2560 = FACE_BOUND('',#2561,.F.);
#2561 = EDGE_LOOP('',(#2562,#2563,#2571,#2625));
#2562 = ORIENTED_EDGE('',*,*,#713,.F.);
#2563 = ORIENTED_EDGE('',*,*,#2564,.F.);
#2564 = EDGE_CURVE('',#2565,#714,#2567,.T.);
#2565 = VERTEX_POINT('',#2566);
#2566 = CARTESIAN_POINT('',(21.238930496262,-51.27531405437,11.));
#2567 = LINE('',#2568,#2569);
#2568 = CARTESIAN_POINT('',(20.856247063897,-50.35143452186,11.));
#2569 = VECTOR('',#2570,1.);
#2570 = DIRECTION('',(0.382683432365,-0.923879532511,2.22044604925E-16)
  );
#2571 = ORIENTED_EDGE('',*,*,#2572,.T.);
#2572 = EDGE_CURVE('',#2565,#2565,#2573,.T.);
#2573 = B_SPLINE_CURVE_WITH_KNOTS('',8,(#2574,#2575,#2576,#2577,#2578,
    #2579,#2580,#2581,#2582,#2583,#2584,#2585,#2586,#2587,#2588,#2589,
    #2590,#2591,#2592,#2593,#2594,#2595,#2596,#2597,#2598,#2599,#2600,
    #2601,#2602,#2603,#2604,#2605,#2606,#2607,#2608,#2609,#2610,#2611,
    #2612,#2613,#2614,#2615,#2616,#2617,#2618,#2619,#2620,#2621,#2622,
    #2623,#2624),.UNSPECIFIED.,.T.,.F.,(9,7,7,7,7,7,7,9),(0.,
    9.746379080982E-02,0.174780457905,0.369662637804,0.501185981794,
    0.632709325785,0.827470305819,1.),.UNSPECIFIED.);
#2574 = CARTESIAN_POINT('',(21.238930496262,-51.27531405437,11.));
#2575 = CARTESIAN_POINT('',(21.317869158817,-51.24261658975,11.));
#2576 = CARTESIAN_POINT('',(21.396327868392,-51.20995524852,
    11.008343507949));
#2577 = CARTESIAN_POINT('',(21.4732714062,-51.17776171288,
    11.024873536595));
#2578 = CARTESIAN_POINT('',(21.547706002196,-51.14646286587,
    11.049212794275));
#2579 = CARTESIAN_POINT('',(21.618713077251,-51.11646507609,
    11.080771312015));
#2580 = CARTESIAN_POINT('',(21.685485406627,-51.08813612234,
    11.118754507858));
#2581 = CARTESIAN_POINT('',(21.747365704731,-51.06178475829,
    11.162171688413));
#2582 = CARTESIAN_POINT('',(21.848725687783,-51.01848256464,
    11.247663551563));
#2583 = CARTESIAN_POINT('',(21.890396738139,-51.00062693514,
    11.288333143556));
#2584 = CARTESIAN_POINT('',(21.928846117823,-50.98410754191,
    11.33150601371));
#2585 = CARTESIAN_POINT('',(21.964038064771,-50.96895178795,
    11.376856579439));
#2586 = CARTESIAN_POINT('',(21.995953595101,-50.95517872634,
    11.424080009503));
#2587 = CARTESIAN_POINT('',(22.024588378942,-50.94279982053,
    11.472890808054));
#2588 = CARTESIAN_POINT('',(22.049950616258,-50.93181970464,
    11.523021398678));
#2589 = CARTESIAN_POINT('',(22.127784452363,-50.89808291068,
    11.703272224359));
#2590 = CARTESIAN_POINT('',(22.163105506644,-50.8826903444,
    11.839738676827));
#2591 = CARTESIAN_POINT('',(22.178122323416,-50.87612170113,
    11.980089175962));
#2592 = CARTESIAN_POINT('',(22.172970298478,-50.87836961879,
    12.121332793853));
#2593 = CARTESIAN_POINT('',(22.147711626297,-50.88940337659,
    12.260708811309));
#2594 = CARTESIAN_POINT('',(22.102223889179,-50.90922284737,
    12.395447964982));
#2595 = CARTESIAN_POINT('',(22.036103460423,-50.93789542783,
    12.522464137315));
#2596 = CARTESIAN_POINT('',(21.88978796674,-51.00089512078,
    12.715008837294));
#2597 = CARTESIAN_POINT('',(21.820377429931,-51.03068887939,
    12.788128521228));
#2598 = CARTESIAN_POINT('',(21.740843941996,-51.0646927327,
    12.853927325438));
#2599 = CARTESIAN_POINT('',(21.652126531103,-51.10243212743,
    12.909906591678));
#2600 = CARTESIAN_POINT('',(21.555646851652,-51.14322756965,
    12.953959231885));
#2601 = CARTESIAN_POINT('',(21.453200590499,-51.18625649146,
    12.98440121096));
#2602 = CARTESIAN_POINT('',(21.346866134055,-51.23060564933,13.));
#2603 = CARTESIAN_POINT('',(21.13099485847,-51.32002245941,13.));
#2604 = CARTESIAN_POINT('',(21.02444545297,-51.36385268436,
    12.98440121096));
#2605 = CARTESIAN_POINT('',(20.921578964607,-51.40586708793,
    12.953959231885));
#2606 = CARTESIAN_POINT('',(20.82451079518,-51.44524178968,
    12.909906591678));
#2607 = CARTESIAN_POINT('',(20.735092330398,-51.4812886906,
    12.853927325438));
#2608 = CARTESIAN_POINT('',(20.654809306489,-51.51348300399,
    12.788128521228));
#2609 = CARTESIAN_POINT('',(20.584661276473,-51.5414962965,
    12.715008837294));
#2610 = CARTESIAN_POINT('',(20.436708046533,-51.60038758873,
    12.522535632403));
#2611 = CARTESIAN_POINT('',(20.369673352355,-51.62686982008,
    12.39556128104));
#2612 = CARTESIAN_POINT('',(20.323453696202,-51.64503604783,
    12.260805072236));
#2613 = CARTESIAN_POINT('',(20.297755243268,-51.65510849579,
    12.121351504404));
#2614 = CARTESIAN_POINT('',(20.292524292014,-51.65716137318,
    11.980001711701));
#2615 = CARTESIAN_POINT('',(20.307831455855,-51.65117055019,
    11.839573045842));
#2616 = CARTESIAN_POINT('',(20.343737363456,-51.63706062951,
    11.703125480894));
#2617 = CARTESIAN_POINT('',(20.45013563475,-51.59500790425,
    11.460029965675));
#2618 = CARTESIAN_POINT('',(20.51773495492,-51.56822607773,
    11.348278853764));
#2619 = CARTESIAN_POINT('',(20.60361250738,-51.53407703515,
    11.244361018594));
#2620 = CARTESIAN_POINT('',(20.706873957078,-51.49279133328,
    11.153315995297));
#2621 = CARTESIAN_POINT('',(20.825442590749,-51.44503214212,
    11.07969567128));
#2622 = CARTESIAN_POINT('',(20.956314431579,-51.3918416362,
    11.027473788349));
#2623 = CARTESIAN_POINT('',(21.095684533087,-51.33464847507,11.));
#2624 = CARTESIAN_POINT('',(21.238930496262,-51.27531405437,11.));
#2625 = ORIENTED_EDGE('',*,*,#2564,.T.);
#2626 = CYLINDRICAL_SURFACE('',#2627,1.);
#2627 = AXIS2_PLACEMENT_3D('',#2628,#2629,#2630);
#2628 = CARTESIAN_POINT('',(20.856247063897,-50.35143452186,12.));
#2629 = DIRECTION('',(0.382683432365,-0.923879532511,2.22044604925E-16)
  );
#2630 = DIRECTION('',(8.497279155086E-17,-2.051424657948E-16,-1.));
#2631 = ADVANCED_FACE('',(#2632),#2698,.F.);
#2632 = FACE_BOUND('',#2633,.F.);
#2633 = EDGE_LOOP('',(#2634,#2635,#2643,#2697));
#2634 = ORIENTED_EDGE('',*,*,#771,.F.);
#2635 = ORIENTED_EDGE('',*,*,#2636,.F.);
#2636 = EDGE_CURVE('',#2637,#772,#2639,.T.);
#2637 = VERTEX_POINT('',#2638);
#2638 = CARTESIAN_POINT('',(44.031110386164,-33.78625930998,11.));
#2639 = LINE('',#2640,#2641);
#2640 = CARTESIAN_POINT('',(43.237757045872,-33.17749788097,11.));
#2641 = VECTOR('',#2642,1.);
#2642 = DIRECTION('',(0.793353340291,-0.608761429009,2.22044604925E-16)
  );
#2643 = ORIENTED_EDGE('',*,*,#2644,.T.);
#2644 = EDGE_CURVE('',#2637,#2637,#2645,.T.);
#2645 = B_SPLINE_CURVE_WITH_KNOTS('',8,(#2646,#2647,#2648,#2649,#2650,
    #2651,#2652,#2653,#2654,#2655,#2656,#2657,#2658,#2659,#2660,#2661,
    #2662,#2663,#2664,#2665,#2666,#2667,#2668,#2669,#2670,#2671,#2672,
    #2673,#2674,#2675,#2676,#2677,#2678,#2679,#2680,#2681,#2682,#2683,
    #2684,#2685,#2686,#2687,#2688,#2689,#2690,#2691,#2692,#2693,#2694,
    #2695,#2696),.UNSPECIFIED.,.T.,.F.,(9,7,7,7,7,7,7,9),(0.,
    9.746379015218E-02,0.174780456726,0.36966263531,0.501185978414,
    0.632709321517,0.827470305335,1.),.UNSPECIFIED.);
#2646 = CARTESIAN_POINT('',(44.031110386164,-33.78625930998,11.));
#2647 = CARTESIAN_POINT('',(44.083124540964,-33.7184731437,11.));
#2648 = CARTESIAN_POINT('',(44.134741105992,-33.65095823769,
    11.008343507949));
#2649 = CARTESIAN_POINT('',(44.185279396568,-33.58460604908,
    11.024873536595));
#2650 = CARTESIAN_POINT('',(44.234092224116,-33.52028315446,
    11.049212794275));
#2651 = CARTESIAN_POINT('',(44.280587260074,-33.45880076893,
    11.080771312015));
#2652 = CARTESIAN_POINT('',(44.324249316709,-33.40088101063,
    11.118754507858));
#2653 = CARTESIAN_POINT('',(44.364663544837,-33.34711991089,
    11.162171688413));
#2654 = CARTESIAN_POINT('',(44.43079276826,-33.25893911962,
    11.247663551563));
#2655 = CARTESIAN_POINT('',(44.457953141719,-33.22264016569,
    11.288333143556));
#2656 = CARTESIAN_POINT('',(44.482991584669,-33.18910926166,
    11.33150601371));
#2657 = CARTESIAN_POINT('',(44.505890827755,-33.15838802024,
    11.376856579439));
#2658 = CARTESIAN_POINT('',(44.526643956993,-33.13050243383,
    11.424080009503));
#2659 = CARTESIAN_POINT('',(44.545252954328,-33.10546459501,
    11.472890808054));
#2660 = CARTESIAN_POINT('',(44.561727238195,-33.08327441706,
    11.523021398678));
#2661 = CARTESIAN_POINT('',(44.612264920555,-33.01514057839,
    11.703272224359));
#2662 = CARTESIAN_POINT('',(44.63515756771,-32.98414969783,
    11.839738676827));
#2663 = CARTESIAN_POINT('',(44.644878190886,-32.9709526775,
    11.980089175963));
#2664 = CARTESIAN_POINT('',(44.641540365239,-32.97547544377,
    12.121332793851));
#2665 = CARTESIAN_POINT('',(44.625182592364,-32.99766029442,
    12.26070881131));
#2666 = CARTESIAN_POINT('',(44.595698791846,-33.03756832815,
    12.395447964981));
#2667 = CARTESIAN_POINT('',(44.552773111067,-33.09545972561,
    12.522464137315));
#2668 = CARTESIAN_POINT('',(44.457560023045,-33.22317680697,
    12.715008837294));
#2669 = CARTESIAN_POINT('',(44.412345614184,-33.28368422721,
    12.788128521228));
#2670 = CARTESIAN_POINT('',(44.360469519833,-33.35289917196,
    12.853927325438));
#2671 = CARTESIAN_POINT('',(44.302507685606,-33.42994115197,
    12.909906591678));
#2672 = CARTESIAN_POINT('',(44.239351553366,-33.51351088102,
    12.953959231885));
#2673 = CARTESIAN_POINT('',(44.172144949587,-33.60199815098,
    12.98440121096));
#2674 = CARTESIAN_POINT('',(44.102231187947,-33.69357287656,13.));
#2675 = CARTESIAN_POINT('',(43.95998958438,-33.8789457434,13.));
#2676 = CARTESIAN_POINT('',(43.889630204934,-33.97017853441,
    12.98440121096));
#2677 = CARTESIAN_POINT('',(43.821552414601,-34.05799731941,
    12.953959231885));
#2678 = CARTESIAN_POINT('',(43.757176264851,-34.1406308961,
    12.909906591678));
#2679 = CARTESIAN_POINT('',(43.697761053243,-34.21655766042,
    12.853927325438));
#2680 = CARTESIAN_POINT('',(43.644331071741,-34.28458026563,
    12.788128521228));
#2681 = CARTESIAN_POINT('',(43.597587741978,-34.3439145036,
    12.715008837294));
#2682 = CARTESIAN_POINT('',(43.49890213085,-34.46889247565,
    12.522535629396));
#2683 = CARTESIAN_POINT('',(43.454089505033,-34.52534409948,
    12.395561289466));
#2684 = CARTESIAN_POINT('',(43.423145209335,-34.56418635896,
    12.26080506462));
#2685 = CARTESIAN_POINT('',(43.405925936541,-34.58575856062,
    12.121351501945));
#2686 = CARTESIAN_POINT('',(43.402422224748,-34.59015189768,
    11.980001721502));
#2687 = CARTESIAN_POINT('',(43.412683214232,-34.57731010047,
    11.839573038414));
#2688 = CARTESIAN_POINT('',(43.436723678796,-34.54713760097,
    11.703125483047));
#2689 = CARTESIAN_POINT('',(43.50784092266,-34.45751973616,
    11.460029965665));
#2690 = CARTESIAN_POINT('',(43.552992737948,-34.40052633395,
    11.348278853763));
#2691 = CARTESIAN_POINT('',(43.610290358697,-34.32801361934,
    11.2443610186));
#2692 = CARTESIAN_POINT('',(43.679074546429,-34.24062842786,
    11.153315995302));
#2693 = CARTESIAN_POINT('',(43.757878399704,-34.13998343822,
    11.07969567128));
#2694 = CARTESIAN_POINT('',(43.844621485545,-34.02848318842,
    11.027473788345));
#2695 = CARTESIAN_POINT('',(43.936722953421,-33.90926740721,11.));
#2696 = CARTESIAN_POINT('',(44.031110386164,-33.78625930998,11.));
#2697 = ORIENTED_EDGE('',*,*,#2636,.T.);
#2698 = CYLINDRICAL_SURFACE('',#2699,1.);
#2699 = AXIS2_PLACEMENT_3D('',#2700,#2701,#2702);
#2700 = CARTESIAN_POINT('',(43.237757045872,-33.17749788097,12.));
#2701 = DIRECTION('',(0.793353340291,-0.608761429009,2.22044604925E-16)
  );
#2702 = DIRECTION('',(1.761598290109E-16,-1.351721909978E-16,-1.));
#2703 = ADVANCED_FACE('',(#2704),#2770,.F.);
#2704 = FACE_BOUND('',#2705,.F.);
#2705 = EDGE_LOOP('',(#2706,#2707,#2715,#2769));
#2706 = ORIENTED_EDGE('',*,*,#829,.F.);
#2707 = ORIENTED_EDGE('',*,*,#2708,.F.);
#2708 = EDGE_CURVE('',#2709,#830,#2711,.T.);
#2709 = VERTEX_POINT('',#2710);
#2710 = CARTESIAN_POINT('',(51.275314054376,-21.23893049626,11.));
#2711 = LINE('',#2712,#2713);
#2712 = CARTESIAN_POINT('',(50.351434521865,-20.85624706389,11.));
#2713 = VECTOR('',#2714,1.);
#2714 = DIRECTION('',(0.923879532511,-0.382683432365,2.22044604925E-16)
  );
#2715 = ORIENTED_EDGE('',*,*,#2716,.T.);
#2716 = EDGE_CURVE('',#2709,#2709,#2717,.T.);
#2717 = B_SPLINE_CURVE_WITH_KNOTS('',8,(#2718,#2719,#2720,#2721,#2722,
    #2723,#2724,#2725,#2726,#2727,#2728,#2729,#2730,#2731,#2732,#2733,
    #2734,#2735,#2736,#2737,#2738,#2739,#2740,#2741,#2742,#2743,#2744,
    #2745,#2746,#2747,#2748,#2749,#2750,#2751,#2752,#2753,#2754,#2755,
    #2756,#2757,#2758,#2759,#2760,#2761,#2762,#2763,#2764,#2765,#2766,
    #2767,#2768),.UNSPECIFIED.,.T.,.F.,(9,7,7,7,7,7,7,9),(0.,
    9.74637908076E-02,0.174780457901,0.369662637797,0.501185981785,
    0.632709325774,0.827470305806,1.),.UNSPECIFIED.);
#2718 = CARTESIAN_POINT('',(51.275314054376,-21.23893049626,11.));
#2719 = CARTESIAN_POINT('',(51.308011519002,-21.1599918337,11.));
#2720 = CARTESIAN_POINT('',(51.340395148724,-21.08141809226,
    11.008343507949));
#2721 = CARTESIAN_POINT('',(51.372038178711,-21.00424652754,
    11.024873536595));
#2722 = CARTESIAN_POINT('',(51.40253975933,-20.92948169299,
    11.049212794275));
#2723 = CARTESIAN_POINT('',(51.431537703043,-20.85806046814,
    11.080771312015));
#2724 = CARTESIAN_POINT('',(51.45872127464,-20.79081370594,
    11.118754507858));
#2725 = CARTESIAN_POINT('',(51.48384402484,-20.72842449932,
    11.162171688413));
#2726 = CARTESIAN_POINT('',(51.524897081423,-20.62613289319,
    11.247663551563));
#2727 = CARTESIAN_POINT('',(51.541737127006,-20.5840411742,
    11.288333143556));
#2728 = CARTESIAN_POINT('',(51.557243969137,-20.54517238212,
    11.33150601371));
#2729 = CARTESIAN_POINT('',(51.571411697069,-20.50957118139,
    11.376856579439));
#2730 = CARTESIAN_POINT('',(51.584240359731,-20.4772644682,
    11.424080009503));
#2731 = CARTESIAN_POINT('',(51.595735001323,-20.44826341013,
    11.472890808054));
#2732 = CARTESIAN_POINT('',(51.605904696911,-20.42256548574,
    11.523021398678));
#2733 = CARTESIAN_POINT('',(51.63708601444,-20.34367313664,
    11.703272224359));
#2734 = CARTESIAN_POINT('',(51.651177583444,-20.30781319164,
    11.839738676825));
#2735 = CARTESIAN_POINT('',(51.657151344218,-20.29254996647,
    11.980089175965));
#2736 = CARTESIAN_POINT('',(51.65509783027,-20.29778251606,
    12.121332793849));
#2737 = CARTESIAN_POINT('',(51.645039296848,-20.32344513941,
    12.260708811312));
#2738 = CARTESIAN_POINT('',(51.626889091655,-20.36962430896,
    12.39544796498));
#2739 = CARTESIAN_POINT('',(51.600409464189,-20.4366530886,
    12.522464137316));
#2740 = CARTESIAN_POINT('',(51.541496296509,-20.58466127647,
    12.715008837294));
#2741 = CARTESIAN_POINT('',(51.513483003998,-20.65480930648,
    12.788128521228));
#2742 = CARTESIAN_POINT('',(51.481288690605,-20.73509233039,
    12.853927325438));
#2743 = CARTESIAN_POINT('',(51.445241789684,-20.82451079518,
    12.909906591678));
#2744 = CARTESIAN_POINT('',(51.405867087938,-20.9215789646,
    12.953959231885));
#2745 = CARTESIAN_POINT('',(51.363852684364,-21.02444545297,
    12.98440121096));
#2746 = CARTESIAN_POINT('',(51.320022459414,-21.13099485847,13.));
#2747 = CARTESIAN_POINT('',(51.230605649339,-21.34686613405,13.));
#2748 = CARTESIAN_POINT('',(51.186256491462,-21.45320059049,
    12.98440121096));
#2749 = CARTESIAN_POINT('',(51.143227569659,-21.55564685165,
    12.953959231885));
#2750 = CARTESIAN_POINT('',(51.102432127432,-21.6521265311,
    12.909906591678));
#2751 = CARTESIAN_POINT('',(51.064692732703,-21.74084394199,
    12.853927325438));
#2752 = CARTESIAN_POINT('',(51.030688879398,-21.82037742993,
    12.788128521228));
#2753 = CARTESIAN_POINT('',(51.000895120785,-21.88978796674,
    12.715008837294));
#2754 = CARTESIAN_POINT('',(50.937918820684,-22.03604913101,
    12.522535632402));
#2755 = CARTESIAN_POINT('',(50.909243899223,-22.10217558321,
    12.395561281041));
#2756 = CARTESIAN_POINT('',(50.88940712976,-22.14770327833,
    12.260805072234));
#2757 = CARTESIAN_POINT('',(50.878357875681,-22.17299712492,
    12.121351504406));
#2758 = CARTESIAN_POINT('',(50.876110638101,-22.17814756955,
    11.980001711701));
#2759 = CARTESIAN_POINT('',(50.882698285896,-22.16308761863,
    11.839573045842));
#2760 = CARTESIAN_POINT('',(50.898110376045,-22.12772108728,
    11.703125480894));
#2761 = CARTESIAN_POINT('',(50.943609547988,-22.02275038095,
    11.460029965665));
#2762 = CARTESIAN_POINT('',(50.972471874543,-21.95601283211,
    11.348278853763));
#2763 = CARTESIAN_POINT('',(51.009049454655,-21.87114121284,
    11.244361018601));
#2764 = CARTESIAN_POINT('',(51.052872926211,-21.76893094177,
    11.153315995302));
#2765 = CARTESIAN_POINT('',(51.102942763187,-21.65131940893,
    11.07969567128));
#2766 = CARTESIAN_POINT('',(51.157871761871,-21.52116767537,
    11.027473788345));
#2767 = CARTESIAN_POINT('',(51.215979633678,-21.38217645942,11.));
#2768 = CARTESIAN_POINT('',(51.275314054376,-21.23893049626,11.));
#2769 = ORIENTED_EDGE('',*,*,#2708,.T.);
#2770 = CYLINDRICAL_SURFACE('',#2771,1.);
#2771 = AXIS2_PLACEMENT_3D('',#2772,#2773,#2774);
#2772 = CARTESIAN_POINT('',(50.351434521865,-20.85624706389,12.));
#2773 = DIRECTION('',(0.923879532511,-0.382683432365,2.22044604925E-16)
  );
#2774 = DIRECTION('',(2.051424657948E-16,-8.497279155086E-17,-1.));
#2775 = ADVANCED_FACE('',(#2776),#2842,.F.);
#2776 = FACE_BOUND('',#2777,.F.);
#2777 = EDGE_LOOP('',(#2778,#2779,#2787,#2841));
#2778 = ORIENTED_EDGE('',*,*,#887,.F.);
#2779 = ORIENTED_EDGE('',*,*,#2780,.F.);
#2780 = EDGE_CURVE('',#2781,#888,#2783,.T.);
#2781 = VERTEX_POINT('',#2782);
#2782 = CARTESIAN_POINT('',(55.025189806246,-7.244203668213,11.));
#2783 = LINE('',#2784,#2785);
#2784 = CARTESIAN_POINT('',(54.033744944873,-7.113677475993,11.));
#2785 = VECTOR('',#2786,1.);
#2786 = DIRECTION('',(0.991444861374,-0.13052619222,2.22044604925E-16));
#2787 = ORIENTED_EDGE('',*,*,#2788,.T.);
#2788 = EDGE_CURVE('',#2781,#2781,#2789,.T.);
#2789 = B_SPLINE_CURVE_WITH_KNOTS('',8,(#2790,#2791,#2792,#2793,#2794,
    #2795,#2796,#2797,#2798,#2799,#2800,#2801,#2802,#2803,#2804,#2805,
    #2806,#2807,#2808,#2809,#2810,#2811,#2812,#2813,#2814,#2815,#2816,
    #2817,#2818,#2819,#2820,#2821,#2822,#2823,#2824,#2825,#2826,#2827,
    #2828,#2829,#2830,#2831,#2832,#2833,#2834,#2835,#2836,#2837,#2838,
    #2839,#2840),.UNSPECIFIED.,.T.,.F.,(9,7,7,7,7,7,7,9),(0.,
    9.746379120944E-02,0.174780458622,0.36966263932,0.50118598385,
    0.632709326649,0.827470307747,1.),.UNSPECIFIED.);
#2790 = CARTESIAN_POINT('',(55.025189806246,-7.244203668213,11.));
#2791 = CARTESIAN_POINT('',(55.036342302519,-7.159492048787,11.));
#2792 = CARTESIAN_POINT('',(55.047286106085,-7.075214142535,
    11.008343507949));
#2793 = CARTESIAN_POINT('',(55.057877455282,-6.992482316313,
    11.024873536595));
#2794 = CARTESIAN_POINT('',(55.06798915666,-6.912370641756,
    11.049212794275));
#2795 = CARTESIAN_POINT('',(55.077513846184,-6.835877816021,
    11.080771312015));
#2796 = CARTESIAN_POINT('',(55.086366417262,-6.763886805637,
    11.118754507858));
#2797 = CARTESIAN_POINT('',(55.094485615625,-6.697121213461,
    11.162171688413));
#2798 = CARTESIAN_POINT('',(55.107664807407,-6.587689796384,
    11.247663551563));
#2799 = CARTESIAN_POINT('',(55.113036903835,-6.542673793422,
    11.288333143556));
#2800 = CARTESIAN_POINT('',(55.117955379483,-6.501115957241,
    11.33150601371));
#2801 = CARTESIAN_POINT('',(55.122426085015,-6.463060960196,
    11.376856579439));
#2802 = CARTESIAN_POINT('',(55.126456028941,-6.42853476935,
    11.424080009503));
#2803 = CARTESIAN_POINT('',(55.130052973961,-6.397546866209,
    11.472890808054));
#2804 = CARTESIAN_POINT('',(55.133225033322,-6.370092466451,
    11.523021398678));
#2805 = CARTESIAN_POINT('',(55.14292503076,-6.285817990129,
    11.703272224359));
#2806 = CARTESIAN_POINT('',(55.147255204473,-6.247532776694,
    11.839738676827));
#2807 = CARTESIAN_POINT('',(55.149075000921,-6.23124351025,
    11.980089175963));
#2808 = CARTESIAN_POINT('',(55.148445742253,-6.236829253561,
    12.121332793851));
#2809 = CARTESIAN_POINT('',(55.145371920716,-6.264220784234,
    12.260708811311));
#2810 = CARTESIAN_POINT('',(55.139792217335,-6.313524055524,
    12.395447964981));
#2811 = CARTESIAN_POINT('',(55.131563186034,-6.38512231677,
    12.522464137315));
#2812 = CARTESIAN_POINT('',(55.112964773716,-6.543335097741,
    12.715008837294));
#2813 = CARTESIAN_POINT('',(55.104061657144,-6.618343265214,
    12.788128521228));
#2814 = CARTESIAN_POINT('',(55.093743113965,-6.70422321287,
    12.853927325438));
#2815 = CARTESIAN_POINT('',(55.082067683077,-6.799924441826,
    12.909906591678));
#2816 = CARTESIAN_POINT('',(55.069157732679,-6.903876016293,
    12.953959231885));
#2817 = CARTESIAN_POINT('',(55.055198741482,-7.014111541876,
    12.98440121096));
#2818 = CARTESIAN_POINT('',(55.040439010618,-7.128374461392,13.));
#2819 = CARTESIAN_POINT('',(55.009940602076,-7.36003287351,13.));
#2820 = CARTESIAN_POINT('',(54.994623987083,-7.474222481663,
    12.984401210324));
#2821 = CARTESIAN_POINT('',(54.979576283984,-7.584314673683,
    12.953959232309));
#2822 = CARTESIAN_POINT('',(54.965141691552,-7.688065522914,
    12.909906592488));
#2823 = CARTESIAN_POINT('',(54.95164999087,-7.783527636977,
    12.853927325048));
#2824 = CARTESIAN_POINT('',(54.939389571869,-7.869151934094,
    12.788128520165));
#2825 = CARTESIAN_POINT('',(54.928575780183,-7.94390855379,
    12.715008838198));
#2826 = CARTESIAN_POINT('',(54.905600519878,-8.101485458807,
    12.522535629396));
#2827 = CARTESIAN_POINT('',(54.895017459423,-8.172780312036,
    12.395561289468));
#2828 = CARTESIAN_POINT('',(54.887640042989,-8.221890843339,
    12.260805064617));
#2829 = CARTESIAN_POINT('',(54.883513816142,-8.249182554386,
    12.121351501949));
#2830 = CARTESIAN_POINT('',(54.882676181254,-8.254739151786,
    11.980001721499));
#2831 = CARTESIAN_POINT('',(54.88514156021,-8.238487334429,
    11.839573038414));
#2832 = CARTESIAN_POINT('',(54.890874963492,-8.200336951086,
    11.703125483047));
#2833 = CARTESIAN_POINT('',(54.907655370917,-8.087166981592,
    11.460029965667));
#2834 = CARTESIAN_POINT('',(54.918261288881,-8.015233339789,
    11.348278853763));
#2835 = CARTESIAN_POINT('',(54.931626126718,-7.923786676458,
    11.244361018599));
#2836 = CARTESIAN_POINT('',(54.947502384933,-7.813716786856,
    11.153315995301));
#2837 = CARTESIAN_POINT('',(54.965426028965,-7.687153742425,
    11.07969567128));
#2838 = CARTESIAN_POINT('',(54.984797620007,-7.547220150656,
    11.027473788346));
#2839 = CARTESIAN_POINT('',(55.004951940307,-7.397925521656,11.));
#2840 = CARTESIAN_POINT('',(55.025189806246,-7.244203668213,11.));
#2841 = ORIENTED_EDGE('',*,*,#2780,.T.);
#2842 = CYLINDRICAL_SURFACE('',#2843,1.);
#2843 = AXIS2_PLACEMENT_3D('',#2844,#2845,#2846);
#2844 = CARTESIAN_POINT('',(54.033744944873,-7.113677475993,12.));
#2845 = DIRECTION('',(0.991444861374,-0.13052619222,2.22044604925E-16));
#2846 = DIRECTION('',(2.201449825487E-16,-2.898263678387E-17,-1.));
#2847 = ADVANCED_FACE('',(#2848),#2914,.F.);
#2848 = FACE_BOUND('',#2849,.F.);
#2849 = EDGE_LOOP('',(#2850,#2851,#2859,#2913));
#2850 = ORIENTED_EDGE('',*,*,#945,.F.);
#2851 = ORIENTED_EDGE('',*,*,#2852,.F.);
#2852 = EDGE_CURVE('',#2853,#946,#2855,.T.);
#2853 = VERTEX_POINT('',#2854);
#2854 = CARTESIAN_POINT('',(55.025189806246,7.244203668213,11.));
#2855 = LINE('',#2856,#2857);
#2856 = CARTESIAN_POINT('',(54.033744944873,7.113677475993,11.));
#2857 = VECTOR('',#2858,1.);
#2858 = DIRECTION('',(0.991444861374,0.13052619222,2.22044604925E-16));
#2859 = ORIENTED_EDGE('',*,*,#2860,.T.);
#2860 = EDGE_CURVE('',#2853,#2853,#2861,.T.);
#2861 = B_SPLINE_CURVE_WITH_KNOTS('',8,(#2862,#2863,#2864,#2865,#2866,
    #2867,#2868,#2869,#2870,#2871,#2872,#2873,#2874,#2875,#2876,#2877,
    #2878,#2879,#2880,#2881,#2882,#2883,#2884,#2885,#2886,#2887,#2888,
    #2889,#2890,#2891,#2892,#2893,#2894,#2895,#2896,#2897,#2898,#2899,
    #2900,#2901,#2902,#2903,#2904,#2905,#2906,#2907,#2908,#2909,#2910,
    #2911,#2912),.UNSPECIFIED.,.T.,.F.,(9,7,7,7,7,7,7,9),(0.,
    9.746379015284E-02,0.174780456727,0.369662635312,0.501185978415,
    0.632709321519,0.827470305337,1.),.UNSPECIFIED.);
#2862 = CARTESIAN_POINT('',(55.025189806246,7.244203668213,11.));
#2863 = CARTESIAN_POINT('',(55.014037309974,7.328915287638,11.));
#2864 = CARTESIAN_POINT('',(55.002795485258,7.413153958662,
    11.008343507949));
#2865 = CARTESIAN_POINT('',(54.991613370719,7.495808009151,
    11.024873536595));
#2866 = CARTESIAN_POINT('',(54.980646097118,7.575807045489,
    11.049212794275));
#2867 = CARTESIAN_POINT('',(54.970048440602,7.652158612439,
    11.080771312015));
#2868 = CARTESIAN_POINT('',(54.959966723073,7.723987802623,
    11.118754507858));
#2869 = CARTESIAN_POINT('',(54.950529059648,7.79057981558,
    11.162171688413));
#2870 = CARTESIAN_POINT('',(54.934936246487,7.899693473374,
    11.247663551563));
#2871 = CARTESIAN_POINT('',(54.928474294267,7.9445659941,11.288333143556
    ));
#2872 = CARTESIAN_POINT('',(54.922469217445,7.985980776523,
    11.33150601371));
#2873 = CARTESIAN_POINT('',(54.916938229384,8.023896184724,
    11.376856579439));
#2874 = CARTESIAN_POINT('',(54.911894820554,8.058288950384,
    11.424080009503));
#2875 = CARTESIAN_POINT('',(54.907348943145,8.089151924206,
    11.472890808054));
#2876 = CARTESIAN_POINT('',(54.903307195674,8.116491827352,
    11.523021398678));
#2877 = CARTESIAN_POINT('',(54.890864834227,8.200405264603,
    11.703272224358));
#2878 = CARTESIAN_POINT('',(54.885138518466,8.238506672451,
    11.839738676828));
#2879 = CARTESIAN_POINT('',(54.882680334467,8.254711893579,
    11.980089175961));
#2880 = CARTESIAN_POINT('',(54.883518214018,8.249153615727,
    12.121332793854));
#2881 = CARTESIAN_POINT('',(54.887638580222,8.221899865276,
    12.260708811308));
#2882 = CARTESIAN_POINT('',(54.89500962622,8.172832428713,
    12.395447964982));
#2883 = CARTESIAN_POINT('',(54.905591985967,8.101543989036,
    12.522464137315));
#2884 = CARTESIAN_POINT('',(54.928575780075,7.943908554531,
    12.715008837294));
#2885 = CARTESIAN_POINT('',(54.939389572124,7.869151932256,
    12.788128521228));
#2886 = CARTESIAN_POINT('',(54.951649990824,7.783527637362,
    12.853927325438));
#2887 = CARTESIAN_POINT('',(54.965141691289,7.688065524833,
    12.909906591678));
#2888 = CARTESIAN_POINT('',(54.979576284024,7.584314673337,
    12.953959231885));
#2889 = CARTESIAN_POINT('',(54.994623987385,7.47422247943,12.98440121096
    ));
#2890 = CARTESIAN_POINT('',(55.009940601875,7.360032875034,13.));
#2891 = CARTESIAN_POINT('',(55.040439010618,7.128374461392,13.));
#2892 = CARTESIAN_POINT('',(55.055198741482,7.014111541876,
    12.98440121096));
#2893 = CARTESIAN_POINT('',(55.069157732679,6.903876016293,
    12.953959231885));
#2894 = CARTESIAN_POINT('',(55.082067683077,6.799924441826,
    12.909906591678));
#2895 = CARTESIAN_POINT('',(55.093743113965,6.70422321287,
    12.853927325438));
#2896 = CARTESIAN_POINT('',(55.104061657144,6.618343265214,
    12.788128521228));
#2897 = CARTESIAN_POINT('',(55.112964773716,6.543335097741,
    12.715008837294));
#2898 = CARTESIAN_POINT('',(55.131556280421,6.385181061368,
    12.522535629396));
#2899 = CARTESIAN_POINT('',(55.13978629484,6.313576423752,
    12.395561289468));
#2900 = CARTESIAN_POINT('',(55.145370998592,6.264229877347,
    12.260805064618));
#2901 = CARTESIAN_POINT('',(55.148448984107,6.236800162711,
    12.121351501948));
#2902 = CARTESIAN_POINT('',(55.149078044168,6.231216105913,11.9800017215
    ));
#2903 = CARTESIAN_POINT('',(55.147253137524,6.24755224305,
    11.839573038414));
#2904 = CARTESIAN_POINT('',(55.14291713404,6.285886597567,
    11.703125483047));
#2905 = CARTESIAN_POINT('',(55.129835219508,6.399543482887,
    11.460029965667));
#2906 = CARTESIAN_POINT('',(55.121461953099,6.471771058843,
    11.348278853763));
#2907 = CARTESIAN_POINT('',(55.110703257049,6.56356082725,
    11.244361018599));
#2908 = CARTESIAN_POINT('',(55.097550361163,6.673989254304,
    11.153315995301));
#2909 = CARTESIAN_POINT('',(55.08210634553,6.800878748006,11.07969567128
    ));
#2910 = CARTESIAN_POINT('',(55.064600387013,6.941057954958,
    11.027473788346));
#2911 = CARTESIAN_POINT('',(55.045427672186,7.09048181477,11.));
#2912 = CARTESIAN_POINT('',(55.025189806246,7.244203668213,11.));
#2913 = ORIENTED_EDGE('',*,*,#2852,.T.);
#2914 = CYLINDRICAL_SURFACE('',#2915,1.);
#2915 = AXIS2_PLACEMENT_3D('',#2916,#2917,#2918);
#2916 = CARTESIAN_POINT('',(54.033744944873,7.113677475993,12.));
#2917 = DIRECTION('',(0.991444861374,0.13052619222,2.22044604925E-16));
#2918 = DIRECTION('',(2.201449825487E-16,2.898263678387E-17,-1.));
#2919 = ADVANCED_FACE('',(#2920),#2986,.F.);
#2920 = FACE_BOUND('',#2921,.F.);
#2921 = EDGE_LOOP('',(#2922,#2923,#2931,#2985));
#2922 = ORIENTED_EDGE('',*,*,#1003,.F.);
#2923 = ORIENTED_EDGE('',*,*,#2924,.F.);
#2924 = EDGE_CURVE('',#2925,#1004,#2927,.T.);
#2925 = VERTEX_POINT('',#2926);
#2926 = CARTESIAN_POINT('',(51.275314054376,21.238930496262,11.));
#2927 = LINE('',#2928,#2929);
#2928 = CARTESIAN_POINT('',(50.351434521865,20.856247063897,11.));
#2929 = VECTOR('',#2930,1.);
#2930 = DIRECTION('',(0.923879532511,0.382683432365,2.22044604925E-16));
#2931 = ORIENTED_EDGE('',*,*,#2932,.T.);
#2932 = EDGE_CURVE('',#2925,#2925,#2933,.T.);
#2933 = B_SPLINE_CURVE_WITH_KNOTS('',8,(#2934,#2935,#2936,#2937,#2938,
    #2939,#2940,#2941,#2942,#2943,#2944,#2945,#2946,#2947,#2948,#2949,
    #2950,#2951,#2952,#2953,#2954,#2955,#2956,#2957,#2958,#2959,#2960,
    #2961,#2962,#2963,#2964,#2965,#2966,#2967,#2968,#2969,#2970,#2971,
    #2972,#2973,#2974,#2975,#2976,#2977,#2978,#2979,#2980,#2981,#2982,
    #2983,#2984),.UNSPECIFIED.,.T.,.F.,(9,7,7,7,7,7,7,9),(0.,
    9.746379015172E-02,0.174780456725,0.369662635309,0.501185978412,
    0.632709321515,0.827470305333,1.),.UNSPECIFIED.);
#2934 = CARTESIAN_POINT('',(51.275314054376,21.238930496262,11.));
#2935 = CARTESIAN_POINT('',(51.242616589751,21.317869158817,11.));
#2936 = CARTESIAN_POINT('',(51.209955248527,21.396327868392,
    11.008343507949));
#2937 = CARTESIAN_POINT('',(51.177761712881,21.4732714062,
    11.024873536595));
#2938 = CARTESIAN_POINT('',(51.146462865871,21.547706002196,
    11.049212794275));
#2939 = CARTESIAN_POINT('',(51.116465076094,21.618713077251,
    11.080771312015));
#2940 = CARTESIAN_POINT('',(51.088136122345,21.685485406628,
    11.118754507858));
#2941 = CARTESIAN_POINT('',(51.061784758298,21.747365704731,
    11.162171688413));
#2942 = CARTESIAN_POINT('',(51.018482564644,21.848725687783,
    11.247663551563));
#2943 = CARTESIAN_POINT('',(51.000626935141,21.890396738139,
    11.288333143556));
#2944 = CARTESIAN_POINT('',(50.98410754191,21.928846117823,
    11.33150601371));
#2945 = CARTESIAN_POINT('',(50.968951787951,21.964038064771,
    11.376856579439));
#2946 = CARTESIAN_POINT('',(50.955178726344,21.995953595101,
    11.424080009503));
#2947 = CARTESIAN_POINT('',(50.942799820537,22.024588378942,
    11.472890808054));
#2948 = CARTESIAN_POINT('',(50.931819704647,22.049950616258,
    11.523021398678));
#2949 = CARTESIAN_POINT('',(50.898082910684,22.127784452363,
    11.703272224359));
#2950 = CARTESIAN_POINT('',(50.882690344405,22.163105506644,
    11.839738676827));
#2951 = CARTESIAN_POINT('',(50.876121701137,22.178122323416,
    11.980089175962));
#2952 = CARTESIAN_POINT('',(50.878369618799,22.172970298478,
    12.121332793852));
#2953 = CARTESIAN_POINT('',(50.889403376598,22.147711626296,
    12.26070881131));
#2954 = CARTESIAN_POINT('',(50.90922284737,22.10222388918,
    12.395447964981));
#2955 = CARTESIAN_POINT('',(50.937895427837,22.036103460423,
    12.522464137315));
#2956 = CARTESIAN_POINT('',(51.000895120785,21.88978796674,
    12.715008837294));
#2957 = CARTESIAN_POINT('',(51.030688879398,21.820377429931,
    12.788128521228));
#2958 = CARTESIAN_POINT('',(51.064692732703,21.740843941996,
    12.853927325438));
#2959 = CARTESIAN_POINT('',(51.102432127432,21.652126531103,
    12.909906591678));
#2960 = CARTESIAN_POINT('',(51.143227569659,21.555646851652,
    12.953959231885));
#2961 = CARTESIAN_POINT('',(51.186256491462,21.453200590499,
    12.98440121096));
#2962 = CARTESIAN_POINT('',(51.230605649339,21.346866134055,13.));
#2963 = CARTESIAN_POINT('',(51.320022459414,21.13099485847,13.));
#2964 = CARTESIAN_POINT('',(51.363852684364,21.02444545297,
    12.98440121096));
#2965 = CARTESIAN_POINT('',(51.405867087938,20.921578964607,
    12.953959231885));
#2966 = CARTESIAN_POINT('',(51.445241789684,20.82451079518,
    12.909906591678));
#2967 = CARTESIAN_POINT('',(51.481288690605,20.735092330398,
    12.853927325438));
#2968 = CARTESIAN_POINT('',(51.513483003998,20.654809306489,
    12.788128521228));
#2969 = CARTESIAN_POINT('',(51.541496296509,20.584661276473,
    12.715008837294));
#2970 = CARTESIAN_POINT('',(51.600387589658,20.436708044221,
    12.522535629395));
#2971 = CARTESIAN_POINT('',(51.626869817069,20.36967335994,
    12.395561289467));
#2972 = CARTESIAN_POINT('',(51.645036052674,20.32345368402,
    12.260805064617));
#2973 = CARTESIAN_POINT('',(51.655108490926,20.297755255518,
    12.121351501947));
#2974 = CARTESIAN_POINT('',(51.657161376533,20.292524283567,
    11.9800017215));
#2975 = CARTESIAN_POINT('',(51.651170548662,20.307831459732,
    11.839573038416));
#2976 = CARTESIAN_POINT('',(51.637060629882,20.343737362514,
    11.703125483047));
#2977 = CARTESIAN_POINT('',(51.59500790425,20.450135634754,
    11.460029965665));
#2978 = CARTESIAN_POINT('',(51.568226077736,20.517734954924,
    11.348278853763));
#2979 = CARTESIAN_POINT('',(51.534077035156,20.603612507377,
    11.2443610186));
#2980 = CARTESIAN_POINT('',(51.492791333287,20.70687395707,
    11.153315995302));
#2981 = CARTESIAN_POINT('',(51.445032142131,20.825442590744,
    11.07969567128));
#2982 = CARTESIAN_POINT('',(51.391841636199,20.956314431583,
    11.027473788345));
#2983 = CARTESIAN_POINT('',(51.334648475075,21.095684533096,11.));
#2984 = CARTESIAN_POINT('',(51.275314054376,21.238930496262,11.));
#2985 = ORIENTED_EDGE('',*,*,#2924,.T.);
#2986 = CYLINDRICAL_SURFACE('',#2987,1.);
#2987 = AXIS2_PLACEMENT_3D('',#2988,#2989,#2990);
#2988 = CARTESIAN_POINT('',(50.351434521865,20.856247063897,12.));
#2989 = DIRECTION('',(0.923879532511,0.382683432365,2.22044604925E-16));
#2990 = DIRECTION('',(2.051424657948E-16,8.497279155086E-17,-1.));
#2991 = ADVANCED_FACE('',(#2992),#3058,.F.);
#2992 = FACE_BOUND('',#2993,.F.);
#2993 = EDGE_LOOP('',(#2994,#2995,#3003,#3057));
#2994 = ORIENTED_EDGE('',*,*,#1061,.F.);
#2995 = ORIENTED_EDGE('',*,*,#2996,.F.);
#2996 = EDGE_CURVE('',#2997,#1062,#2999,.T.);
#2997 = VERTEX_POINT('',#2998);
#2998 = CARTESIAN_POINT('',(44.031110386164,33.786259309984,11.));
#2999 = LINE('',#3000,#3001);
#3000 = CARTESIAN_POINT('',(43.237757045872,33.177497880975,11.));
#3001 = VECTOR('',#3002,1.);
#3002 = DIRECTION('',(0.793353340291,0.608761429009,2.22044604925E-16));
#3003 = ORIENTED_EDGE('',*,*,#3004,.T.);
#3004 = EDGE_CURVE('',#2997,#2997,#3005,.T.);
#3005 = B_SPLINE_CURVE_WITH_KNOTS('',8,(#3006,#3007,#3008,#3009,#3010,
    #3011,#3012,#3013,#3014,#3015,#3016,#3017,#3018,#3019,#3020,#3021,
    #3022,#3023,#3024,#3025,#3026,#3027,#3028,#3029,#3030,#3031,#3032,
    #3033,#3034,#3035,#3036,#3037,#3038,#3039,#3040,#3041,#3042,#3043,
    #3044,#3045,#3046,#3047,#3048,#3049,#3050,#3051,#3052,#3053,#3054,
    #3055,#3056),.UNSPECIFIED.,.T.,.F.,(9,7,7,7,7,7,7,9),(0.,
    9.746379187142E-02,0.174780459809,0.369662641831,0.501185987255,
    0.632709330948,0.827470308273,1.),.UNSPECIFIED.);
#3006 = CARTESIAN_POINT('',(44.031110386164,33.786259309984,11.));
#3007 = CARTESIAN_POINT('',(43.979096231364,33.854045476266,11.));
#3008 = CARTESIAN_POINT('',(43.927241190062,33.921377392995,
    11.008343507949));
#3009 = CARTESIAN_POINT('',(43.876230169559,33.987366843176,
    11.024873536595));
#3010 = CARTESIAN_POINT('',(43.826732713842,34.051164404121,
    11.049212794275));
#3011 = CARTESIAN_POINT('',(43.779379090603,34.111987972462,
    11.080771312015));
#3012 = CARTESIAN_POINT('',(43.734733472017,34.169153017129,
    11.118754507858));
#3013 = CARTESIAN_POINT('',(43.69326420926,34.222104560326,
    11.162171688413));
#3014 = CARTESIAN_POINT('',(43.625203608049,34.308803353296,
    11.247663551563));
#3015 = CARTESIAN_POINT('',(43.597171132906,34.344433120066,
    11.288333143556));
#3016 = CARTESIAN_POINT('',(43.571263192615,34.377296835325,
    11.33150601371));
#3017 = CARTESIAN_POINT('',(43.547515512345,34.407367047992,
    11.376856579439));
#3018 = CARTESIAN_POINT('',(43.525951409347,34.434630352345,
    11.424080009503));
#3019 = CARTESIAN_POINT('',(43.506583077117,34.459085533007,
    11.472890808054));
#3020 = CARTESIAN_POINT('',(43.489412869559,34.480741709933,
    11.523021398678));
#3021 = CARTESIAN_POINT('',(43.436680749837,34.547191697587,
    11.703272224359));
#3022 = CARTESIAN_POINT('',(43.412670910994,34.577325326823,
    11.839738676826));
#3023 = CARTESIAN_POINT('',(43.40243945064,34.590130367993,
    11.980089175964));
#3024 = CARTESIAN_POINT('',(43.405944214541,34.585735697952,
    12.121332793849));
#3025 = CARTESIAN_POINT('',(43.423139431575,34.564193440809,
    12.260708811312));
#3026 = CARTESIAN_POINT('',(43.45405666294,34.52538531725,12.39544796498
    ));
#3027 = CARTESIAN_POINT('',(43.498865475153,34.468938897366,
    12.522464137315));
#3028 = CARTESIAN_POINT('',(43.597587741978,34.343914503602,
    12.715008837294));
#3029 = CARTESIAN_POINT('',(43.644331071741,34.284580265635,
    12.788128521228));
#3030 = CARTESIAN_POINT('',(43.697761053243,34.216557660426,
    12.853927325438));
#3031 = CARTESIAN_POINT('',(43.757176264851,34.140630896109,
    12.909906591678));
#3032 = CARTESIAN_POINT('',(43.821552414601,34.057997319417,
    12.953959231885));
#3033 = CARTESIAN_POINT('',(43.889630204934,33.970178534416,
    12.98440121096));
#3034 = CARTESIAN_POINT('',(43.95998958438,33.878945743405,13.));
#3035 = CARTESIAN_POINT('',(44.102231187012,33.693572877782,13.));
#3036 = CARTESIAN_POINT('',(44.172144950952,33.60199814919,
    12.984401210324));
#3037 = CARTESIAN_POINT('',(44.239351553582,33.513510880754,
    12.953959232309));
#3038 = CARTESIAN_POINT('',(44.302507684435,33.429941153517,
    12.909906592488));
#3039 = CARTESIAN_POINT('',(44.360469519594,33.352899172274,
    12.853927325048));
#3040 = CARTESIAN_POINT('',(44.412345615303,33.283684225733,
    12.788128520165));
#3041 = CARTESIAN_POINT('',(44.457560022598,33.223176807576,
    12.715008838198));
#3042 = CARTESIAN_POINT('',(44.552737756845,33.095507149113,
    12.522535632403));
#3043 = CARTESIAN_POINT('',(44.595667483578,33.037610712578,
    12.395561281039));
#3044 = CARTESIAN_POINT('',(44.625177239394,32.997667718737,
    12.260805072239));
#3045 = CARTESIAN_POINT('',(44.641557726063,32.975451860715,
    12.1213515044));
#3046 = CARTESIAN_POINT('',(44.64489452316,32.970930473568,
    11.980001711705));
#3047 = CARTESIAN_POINT('',(44.635146046989,32.984165519366,
    11.839573045841));
#3048 = CARTESIAN_POINT('',(44.612223777472,33.015196046634,
    11.703125480895));
#3049 = CARTESIAN_POINT('',(44.544066065113,33.107084838542,
    11.46002996571));
#3050 = CARTESIAN_POINT('',(44.500700815709,33.165449120971,
    11.348278853767));
#3051 = CARTESIAN_POINT('',(44.445488627397,33.239562044218,
    11.244361018571));
#3052 = CARTESIAN_POINT('',(44.378883671886,33.328619419422,
    11.153315995278));
#3053 = CARTESIAN_POINT('',(44.302064015167,33.430786936615,
    11.079695671282));
#3054 = CARTESIAN_POINT('',(44.216813806923,33.543432711627,
    11.027473788361));
#3055 = CARTESIAN_POINT('',(44.125497818934,33.66325121272,11.));
#3056 = CARTESIAN_POINT('',(44.031110386164,33.786259309984,11.));
#3057 = ORIENTED_EDGE('',*,*,#2996,.T.);
#3058 = CYLINDRICAL_SURFACE('',#3059,1.);
#3059 = AXIS2_PLACEMENT_3D('',#3060,#3061,#3062);
#3060 = CARTESIAN_POINT('',(43.237757045872,33.177497880975,12.));
#3061 = DIRECTION('',(0.793353340291,0.608761429009,2.22044604925E-16));
#3062 = DIRECTION('',(1.761598290109E-16,1.351721909978E-16,-1.));
#3063 = ADVANCED_FACE('',(#3064),#3130,.F.);
#3064 = FACE_BOUND('',#3065,.F.);
#3065 = EDGE_LOOP('',(#3066,#3067,#3075,#3129));
#3066 = ORIENTED_EDGE('',*,*,#1119,.F.);
#3067 = ORIENTED_EDGE('',*,*,#3068,.F.);
#3068 = EDGE_CURVE('',#3069,#1120,#3071,.T.);
#3069 = VERTEX_POINT('',#3070);
#3070 = CARTESIAN_POINT('',(33.786259309984,-44.03111038616,11.));
#3071 = LINE('',#3072,#3073);
#3072 = CARTESIAN_POINT('',(33.177497880975,-43.23775704587,11.));
#3073 = VECTOR('',#3074,1.);
#3074 = DIRECTION('',(0.608761429009,-0.793353340291,2.22044604925E-16)
  );
#3075 = ORIENTED_EDGE('',*,*,#3076,.T.);
#3076 = EDGE_CURVE('',#3069,#3069,#3077,.T.);
#3077 = B_SPLINE_CURVE_WITH_KNOTS('',8,(#3078,#3079,#3080,#3081,#3082,
    #3083,#3084,#3085,#3086,#3087,#3088,#3089,#3090,#3091,#3092,#3093,
    #3094,#3095,#3096,#3097,#3098,#3099,#3100,#3101,#3102,#3103,#3104,
    #3105,#3106,#3107,#3108,#3109,#3110,#3111,#3112,#3113,#3114,#3115,
    #3116,#3117,#3118,#3119,#3120,#3121,#3122,#3123,#3124,#3125,#3126,
    #3127,#3128),.UNSPECIFIED.,.T.,.F.,(9,7,7,7,7,7,7,9),(0.,
    9.746379015249E-02,0.174780456726,0.369662635311,0.501185978414,
    0.632709321518,0.827470305336,1.),.UNSPECIFIED.);
#3078 = CARTESIAN_POINT('',(33.786259309984,-44.03111038616,11.));
#3079 = CARTESIAN_POINT('',(33.854045476266,-43.97909623136,11.));
#3080 = CARTESIAN_POINT('',(33.921377392995,-43.92724119006,
    11.008343507949));
#3081 = CARTESIAN_POINT('',(33.987366843176,-43.87623016955,
    11.024873536595));
#3082 = CARTESIAN_POINT('',(34.051164404121,-43.82673271384,
    11.049212794275));
#3083 = CARTESIAN_POINT('',(34.111987972462,-43.7793790906,
    11.080771312015));
#3084 = CARTESIAN_POINT('',(34.169153017129,-43.73473347201,
    11.118754507858));
#3085 = CARTESIAN_POINT('',(34.222104560326,-43.69326420926,
    11.162171688413));
#3086 = CARTESIAN_POINT('',(34.308803353296,-43.62520360804,
    11.247663551563));
#3087 = CARTESIAN_POINT('',(34.344433120066,-43.5971711329,
    11.288333143556));
#3088 = CARTESIAN_POINT('',(34.377296835325,-43.57126319261,
    11.33150601371));
#3089 = CARTESIAN_POINT('',(34.407367047992,-43.54751551234,
    11.376856579439));
#3090 = CARTESIAN_POINT('',(34.434630352345,-43.52595140934,
    11.424080009503));
#3091 = CARTESIAN_POINT('',(34.459085533007,-43.50658307711,
    11.472890808054));
#3092 = CARTESIAN_POINT('',(34.480741709933,-43.48941286955,
    11.523021398678));
#3093 = CARTESIAN_POINT('',(34.547191697587,-43.43668074983,
    11.703272224358));
#3094 = CARTESIAN_POINT('',(34.577325326822,-43.41267091099,
    11.839738676826));
#3095 = CARTESIAN_POINT('',(34.590130367994,-43.40243945064,
    11.980089175963));
#3096 = CARTESIAN_POINT('',(34.58573569795,-43.40594421454,
    12.121332793852));
#3097 = CARTESIAN_POINT('',(34.564193440811,-43.42313943157,
    12.26070881131));
#3098 = CARTESIAN_POINT('',(34.525385317249,-43.45405666294,
    12.395447964982));
#3099 = CARTESIAN_POINT('',(34.468938897366,-43.49886547515,
    12.522464137315));
#3100 = CARTESIAN_POINT('',(34.343914503602,-43.59758774197,
    12.715008837294));
#3101 = CARTESIAN_POINT('',(34.284580265635,-43.64433107174,
    12.788128521228));
#3102 = CARTESIAN_POINT('',(34.216557660426,-43.69776105324,
    12.853927325438));
#3103 = CARTESIAN_POINT('',(34.140630896109,-43.75717626485,
    12.909906591678));
#3104 = CARTESIAN_POINT('',(34.057997319417,-43.8215524146,
    12.953959231885));
#3105 = CARTESIAN_POINT('',(33.970178534416,-43.88963020493,
    12.98440121096));
#3106 = CARTESIAN_POINT('',(33.878945743405,-43.95998958438,13.));
#3107 = CARTESIAN_POINT('',(33.693572876563,-44.10223118794,13.));
#3108 = CARTESIAN_POINT('',(33.601998150983,-44.17214494958,
    12.98440121096));
#3109 = CARTESIAN_POINT('',(33.513510881027,-44.23935155336,
    12.953959231885));
#3110 = CARTESIAN_POINT('',(33.429941151975,-44.3025076856,
    12.909906591678));
#3111 = CARTESIAN_POINT('',(33.352899171969,-44.36046951983,
    12.853927325438));
#3112 = CARTESIAN_POINT('',(33.283684227213,-44.41234561418,
    12.788128521228));
#3113 = CARTESIAN_POINT('',(33.223176806976,-44.45756002304,
    12.715008837294));
#3114 = CARTESIAN_POINT('',(33.095507147118,-44.55273775833,
    12.522535629396));
#3115 = CARTESIAN_POINT('',(33.037610719123,-44.5956674787,
    12.395561289466));
#3116 = CARTESIAN_POINT('',(32.997667708224,-44.62517724722,
    12.26080506462));
#3117 = CARTESIAN_POINT('',(32.975451871287,-44.64155771819,
    12.121351501944));
#3118 = CARTESIAN_POINT('',(32.970930466276,-44.64489452858,
    11.980001721502));
#3119 = CARTESIAN_POINT('',(32.984165522713,-44.6351460445,
    11.839573038414));
#3120 = CARTESIAN_POINT('',(33.015196045821,-44.61222377807,
    11.703125483047));
#3121 = CARTESIAN_POINT('',(33.107084838558,-44.5440660651,
    11.460029965666));
#3122 = CARTESIAN_POINT('',(33.165449120985,-44.50070081569,
    11.348278853763));
#3123 = CARTESIAN_POINT('',(33.239562044207,-44.4454886274,
    11.244361018599));
#3124 = CARTESIAN_POINT('',(33.328619419392,-44.3788836719,
    11.153315995302));
#3125 = CARTESIAN_POINT('',(33.430786936595,-44.30206401518,
    11.07969567128));
#3126 = CARTESIAN_POINT('',(33.543432711641,-44.21681380691,
    11.027473788345));
#3127 = CARTESIAN_POINT('',(33.663251212756,-44.1254978189,11.));
#3128 = CARTESIAN_POINT('',(33.786259309984,-44.03111038616,11.));
#3129 = ORIENTED_EDGE('',*,*,#3068,.T.);
#3130 = CYLINDRICAL_SURFACE('',#3131,1.);
#3131 = AXIS2_PLACEMENT_3D('',#3132,#3133,#3134);
#3132 = CARTESIAN_POINT('',(33.177497880975,-43.23775704587,12.));
#3133 = DIRECTION('',(0.608761429009,-0.793353340291,2.22044604925E-16)
  );
#3134 = DIRECTION('',(1.351721909978E-16,-1.761598290109E-16,-1.));
#3135 = ADVANCED_FACE('',(#3136),#3202,.F.);
#3136 = FACE_BOUND('',#3137,.F.);
#3137 = EDGE_LOOP('',(#3138,#3139,#3147,#3201));
#3138 = ORIENTED_EDGE('',*,*,#1177,.F.);
#3139 = ORIENTED_EDGE('',*,*,#3140,.F.);
#3140 = EDGE_CURVE('',#3141,#1178,#3143,.T.);
#3141 = VERTEX_POINT('',#3142);
#3142 = CARTESIAN_POINT('',(33.786259309984,44.031110386164,11.));
#3143 = LINE('',#3144,#3145);
#3144 = CARTESIAN_POINT('',(33.177497880975,43.237757045872,11.));
#3145 = VECTOR('',#3146,1.);
#3146 = DIRECTION('',(0.608761429009,0.793353340291,2.22044604925E-16));
#3147 = ORIENTED_EDGE('',*,*,#3148,.T.);
#3148 = EDGE_CURVE('',#3141,#3141,#3149,.T.);
#3149 = B_SPLINE_CURVE_WITH_KNOTS('',8,(#3150,#3151,#3152,#3153,#3154,
    #3155,#3156,#3157,#3158,#3159,#3160,#3161,#3162,#3163,#3164,#3165,
    #3166,#3167,#3168,#3169,#3170,#3171,#3172,#3173,#3174,#3175,#3176,
    #3177,#3178,#3179,#3180,#3181,#3182,#3183,#3184,#3185,#3186,#3187,
    #3188,#3189,#3190,#3191,#3192,#3193,#3194,#3195,#3196,#3197,#3198,
    #3199,#3200),.UNSPECIFIED.,.T.,.F.,(9,7,7,7,7,7,7,9),(0.,
    9.746378945327E-02,0.174780455472,0.36966263266,0.501185976354,
    0.632709321778,0.827470303935,1.),.UNSPECIFIED.);
#3150 = CARTESIAN_POINT('',(33.786259309984,44.031110386164,11.));
#3151 = CARTESIAN_POINT('',(33.718473143702,44.083124540964,11.));
#3152 = CARTESIAN_POINT('',(33.650958237693,44.134741105992,
    11.008343507949));
#3153 = CARTESIAN_POINT('',(33.584606049081,44.185279396568,
    11.024873536595));
#3154 = CARTESIAN_POINT('',(33.520283154464,44.234092224116,
    11.049212794275));
#3155 = CARTESIAN_POINT('',(33.458800768932,44.280587260074,
    11.080771312015));
#3156 = CARTESIAN_POINT('',(33.400881010635,44.324249316709,
    11.118754507858));
#3157 = CARTESIAN_POINT('',(33.347119910894,44.364663544837,
    11.162171688413));
#3158 = CARTESIAN_POINT('',(33.258939119623,44.43079276826,
    11.247663551563));
#3159 = CARTESIAN_POINT('',(33.222640165695,44.457953141719,
    11.288333143556));
#3160 = CARTESIAN_POINT('',(33.18910926166,44.482991584669,
    11.33150601371));
#3161 = CARTESIAN_POINT('',(33.158388020245,44.505890827755,
    11.376856579439));
#3162 = CARTESIAN_POINT('',(33.130502433839,44.526643956993,
    11.424080009503));
#3163 = CARTESIAN_POINT('',(33.105464595019,44.545252954328,
    11.472890808054));
#3164 = CARTESIAN_POINT('',(33.083274417064,44.561727238196,
    11.523021398678));
#3165 = CARTESIAN_POINT('',(33.015140578397,44.612264920555,
    11.703272224359));
#3166 = CARTESIAN_POINT('',(32.98414969783,44.63515756771,
    11.839738676825));
#3167 = CARTESIAN_POINT('',(32.970952677504,44.644878190886,
    11.980089175965));
#3168 = CARTESIAN_POINT('',(32.975475443776,44.641540365239,
    12.121332793848));
#3169 = CARTESIAN_POINT('',(32.99766029442,44.625182592363,
    12.260708811313));
#3170 = CARTESIAN_POINT('',(33.037568328155,44.595698791847,
    12.39544796498));
#3171 = CARTESIAN_POINT('',(33.095459725611,44.552773111067,
    12.522464137316));
#3172 = CARTESIAN_POINT('',(33.223176807576,44.457560022598,
    12.715008838198));
#3173 = CARTESIAN_POINT('',(33.283684225733,44.412345615303,
    12.788128520165));
#3174 = CARTESIAN_POINT('',(33.352899172274,44.360469519593,
    12.853927325048));
#3175 = CARTESIAN_POINT('',(33.429941153517,44.302507684435,
    12.909906592488));
#3176 = CARTESIAN_POINT('',(33.513510880754,44.239351553582,
    12.953959232309));
#3177 = CARTESIAN_POINT('',(33.60199814919,44.172144950952,
    12.984401210324));
#3178 = CARTESIAN_POINT('',(33.693572877782,44.102231187012,13.));
#3179 = CARTESIAN_POINT('',(33.878945743405,43.95998958438,13.));
#3180 = CARTESIAN_POINT('',(33.970178534416,43.889630204934,
    12.98440121096));
#3181 = CARTESIAN_POINT('',(34.057997319417,43.821552414601,
    12.953959231885));
#3182 = CARTESIAN_POINT('',(34.140630896109,43.757176264851,
    12.909906591678));
#3183 = CARTESIAN_POINT('',(34.216557660426,43.697761053243,
    12.853927325438));
#3184 = CARTESIAN_POINT('',(34.284580265635,43.644331071741,
    12.788128521228));
#3185 = CARTESIAN_POINT('',(34.343914503602,43.597587741978,
    12.715008837294));
#3186 = CARTESIAN_POINT('',(34.468892473704,43.498902132392,
    12.522535632403));
#3187 = CARTESIAN_POINT('',(34.525344105889,43.454089499973,
    12.39556128104));
#3188 = CARTESIAN_POINT('',(34.564186348683,43.423145217464,
    12.260805072237));
#3189 = CARTESIAN_POINT('',(34.585758570965,43.405925928365,
    12.121351504403));
#3190 = CARTESIAN_POINT('',(34.590151890561,43.402422230388,
    11.980001711703));
#3191 = CARTESIAN_POINT('',(34.577310103745,43.412683211642,
    11.839573045841));
#3192 = CARTESIAN_POINT('',(34.547137600185,43.436723679426,
    11.703125480894));
#3193 = CARTESIAN_POINT('',(34.457519736165,43.507840922658,
    11.460029965672));
#3194 = CARTESIAN_POINT('',(34.400526333959,43.552992737946,
    11.348278853764));
#3195 = CARTESIAN_POINT('',(34.328013619339,43.610290358699,
    11.244361018596));
#3196 = CARTESIAN_POINT('',(34.240628427858,43.679074546433,
    11.153315995298));
#3197 = CARTESIAN_POINT('',(34.139983438218,43.757878399707,
    11.07969567128));
#3198 = CARTESIAN_POINT('',(34.028483188427,43.844621485543,
    11.027473788348));
#3199 = CARTESIAN_POINT('',(33.909267407217,43.936722953417,11.));
#3200 = CARTESIAN_POINT('',(33.786259309984,44.031110386164,11.));
#3201 = ORIENTED_EDGE('',*,*,#3140,.T.);
#3202 = CYLINDRICAL_SURFACE('',#3203,1.);
#3203 = AXIS2_PLACEMENT_3D('',#3204,#3205,#3206);
#3204 = CARTESIAN_POINT('',(33.177497880975,43.237757045872,12.));
#3205 = DIRECTION('',(0.608761429009,0.793353340291,2.22044604925E-16));
#3206 = DIRECTION('',(1.351721909978E-16,1.761598290109E-16,-1.));
#3207 = ADVANCED_FACE('',(#3208),#3292,.F.);
#3208 = FACE_BOUND('',#3209,.F.);
#3209 = EDGE_LOOP('',(#3210,#3217,#3218,#3219,#3227,#3236,#3242,#3243,
    #3251,#3260,#3266,#3267,#3275,#3284,#3290,#3291));
#3210 = ORIENTED_EDGE('',*,*,#3211,.F.);
#3211 = EDGE_CURVE('',#1572,#1546,#3212,.T.);
#3212 = CIRCLE('',#3213,49.);
#3213 = AXIS2_PLACEMENT_3D('',#3214,#3215,#3216);
#3214 = CARTESIAN_POINT('',(0.,0.,15.6));
#3215 = DIRECTION('',(0.,0.,-1.));
#3216 = DIRECTION('',(0.386239359582,0.922398589065,0.));
#3217 = ORIENTED_EDGE('',*,*,#1571,.T.);
#3218 = ORIENTED_EDGE('',*,*,#1260,.F.);
#3219 = ORIENTED_EDGE('',*,*,#3220,.F.);
#3220 = EDGE_CURVE('',#3221,#1261,#3223,.T.);
#3221 = VERTEX_POINT('',#3222);
#3222 = CARTESIAN_POINT('',(40.941623315531,26.921803065345,17.39));
#3223 = LINE('',#3224,#3225);
#3224 = CARTESIAN_POINT('',(40.941623315531,26.921803065345,15.59));
#3225 = VECTOR('',#3226,1.);
#3226 = DIRECTION('',(0.,0.,1.));
#3227 = ORIENTED_EDGE('',*,*,#3228,.F.);
#3228 = EDGE_CURVE('',#3229,#3221,#3231,.T.);
#3229 = VERTEX_POINT('',#3230);
#3230 = CARTESIAN_POINT('',(43.785777028036,21.99558433075,17.39));
#3231 = CIRCLE('',#3232,49.);
#3232 = AXIS2_PLACEMENT_3D('',#3233,#3234,#3235);
#3233 = CARTESIAN_POINT('',(0.,0.,17.39));
#3234 = DIRECTION('',(0.,0.,1.));
#3235 = DIRECTION('',(1.,0.,-0.));
#3236 = ORIENTED_EDGE('',*,*,#3237,.T.);
#3237 = EDGE_CURVE('',#3229,#1279,#3238,.T.);
#3238 = LINE('',#3239,#3240);
#3239 = CARTESIAN_POINT('',(43.785777028036,21.99558433075,15.59));
#3240 = VECTOR('',#3241,1.);
#3241 = DIRECTION('',(0.,0.,1.));
#3242 = ORIENTED_EDGE('',*,*,#1287,.T.);
#3243 = ORIENTED_EDGE('',*,*,#3244,.F.);
#3244 = EDGE_CURVE('',#3245,#1288,#3247,.T.);
#3245 = VERTEX_POINT('',#3246);
#3246 = CARTESIAN_POINT('',(2.844153712505,-48.91738739609,17.39));
#3247 = LINE('',#3248,#3249);
#3248 = CARTESIAN_POINT('',(2.844153712505,-48.91738739609,15.59));
#3249 = VECTOR('',#3250,1.);
#3250 = DIRECTION('',(0.,0.,1.));
#3251 = ORIENTED_EDGE('',*,*,#3252,.F.);
#3252 = EDGE_CURVE('',#3253,#3245,#3255,.T.);
#3253 = VERTEX_POINT('',#3254);
#3254 = CARTESIAN_POINT('',(-2.844153712505,-48.91738739609,17.39));
#3255 = CIRCLE('',#3256,49.);
#3256 = AXIS2_PLACEMENT_3D('',#3257,#3258,#3259);
#3257 = CARTESIAN_POINT('',(0.,0.,17.39));
#3258 = DIRECTION('',(0.,0.,1.));
#3259 = DIRECTION('',(1.,0.,-0.));
#3260 = ORIENTED_EDGE('',*,*,#3261,.T.);
#3261 = EDGE_CURVE('',#3253,#1306,#3262,.T.);
#3262 = LINE('',#3263,#3264);
#3263 = CARTESIAN_POINT('',(-2.844153712505,-48.91738739609,15.59));
#3264 = VECTOR('',#3265,1.);
#3265 = DIRECTION('',(0.,0.,1.));
#3266 = ORIENTED_EDGE('',*,*,#1314,.F.);
#3267 = ORIENTED_EDGE('',*,*,#3268,.F.);
#3268 = EDGE_CURVE('',#3269,#1315,#3271,.T.);
#3269 = VERTEX_POINT('',#3270);
#3270 = CARTESIAN_POINT('',(-43.78577702803,21.99558433075,17.39));
#3271 = LINE('',#3272,#3273);
#3272 = CARTESIAN_POINT('',(-43.78577702803,21.99558433075,15.59));
#3273 = VECTOR('',#3274,1.);
#3274 = DIRECTION('',(0.,0.,1.));
#3275 = ORIENTED_EDGE('',*,*,#3276,.F.);
#3276 = EDGE_CURVE('',#3277,#3269,#3279,.T.);
#3277 = VERTEX_POINT('',#3278);
#3278 = CARTESIAN_POINT('',(-40.94162331553,26.921803065345,17.39));
#3279 = CIRCLE('',#3280,49.);
#3280 = AXIS2_PLACEMENT_3D('',#3281,#3282,#3283);
#3281 = CARTESIAN_POINT('',(0.,0.,17.39));
#3282 = DIRECTION('',(0.,0.,1.));
#3283 = DIRECTION('',(1.,0.,-0.));
#3284 = ORIENTED_EDGE('',*,*,#3285,.T.);
#3285 = EDGE_CURVE('',#3277,#1333,#3286,.T.);
#3286 = LINE('',#3287,#3288);
#3287 = CARTESIAN_POINT('',(-40.94162331553,26.921803065345,15.59));
#3288 = VECTOR('',#3289,1.);
#3289 = DIRECTION('',(0.,0.,1.));
#3290 = ORIENTED_EDGE('',*,*,#1341,.F.);
#3291 = ORIENTED_EDGE('',*,*,#1554,.F.);
#3292 = CYLINDRICAL_SURFACE('',#3293,49.);
#3293 = AXIS2_PLACEMENT_3D('',#3294,#3295,#3296);
#3294 = CARTESIAN_POINT('',(0.,0.,15.59));
#3295 = DIRECTION('',(0.,0.,1.));
#3296 = DIRECTION('',(1.,0.,-0.));
#3297 = ADVANCED_FACE('',(#3298),#3327,.T.);
#3298 = FACE_BOUND('',#3299,.T.);
#3299 = EDGE_LOOP('',(#3300,#3308,#3315,#3316,#3317,#3318,#3325,#3326));
#3300 = ORIENTED_EDGE('',*,*,#3301,.T.);
#3301 = EDGE_CURVE('',#1270,#3302,#3304,.T.);
#3302 = VERTEX_POINT('',#3303);
#3303 = CARTESIAN_POINT('',(48.263595752907,27.865,22.8));
#3304 = LINE('',#3305,#3306);
#3305 = CARTESIAN_POINT('',(48.263595752907,27.865,17.39));
#3306 = VECTOR('',#3307,1.);
#3307 = DIRECTION('',(0.,0.,1.));
#3308 = ORIENTED_EDGE('',*,*,#3309,.F.);
#3309 = EDGE_CURVE('',#3302,#3302,#3310,.T.);
#3310 = CIRCLE('',#3311,4.);
#3311 = AXIS2_PLACEMENT_3D('',#3312,#3313,#3314);
#3312 = CARTESIAN_POINT('',(44.799494137769,25.865,22.8));
#3313 = DIRECTION('',(0.,-0.,1.));
#3314 = DIRECTION('',(0.866025403784,0.5,0.));
#3315 = ORIENTED_EDGE('',*,*,#3301,.F.);
#3316 = ORIENTED_EDGE('',*,*,#1269,.T.);
#3317 = ORIENTED_EDGE('',*,*,#3220,.F.);
#3318 = ORIENTED_EDGE('',*,*,#3319,.T.);
#3319 = EDGE_CURVE('',#3221,#3229,#3320,.T.);
#3320 = CIRCLE('',#3321,4.);
#3321 = AXIS2_PLACEMENT_3D('',#3322,#3323,#3324);
#3322 = CARTESIAN_POINT('',(44.799494137769,25.865,17.39));
#3323 = DIRECTION('',(0.,-0.,1.));
#3324 = DIRECTION('',(0.866025403784,0.5,0.));
#3325 = ORIENTED_EDGE('',*,*,#3237,.T.);
#3326 = ORIENTED_EDGE('',*,*,#1278,.T.);
#3327 = CYLINDRICAL_SURFACE('',#3328,4.);
#3328 = AXIS2_PLACEMENT_3D('',#3329,#3330,#3331);
#3329 = CARTESIAN_POINT('',(44.799494137769,25.865,17.39));
#3330 = DIRECTION('',(0.,0.,1.));
#3331 = DIRECTION('',(0.866025403784,0.5,0.));
#3332 = ADVANCED_FACE('',(#3333),#3362,.T.);
#3333 = FACE_BOUND('',#3334,.T.);
#3334 = EDGE_LOOP('',(#3335,#3343,#3350,#3351,#3352,#3353,#3360,#3361));
#3335 = ORIENTED_EDGE('',*,*,#3336,.T.);
#3336 = EDGE_CURVE('',#1297,#3337,#3339,.T.);
#3337 = VERTEX_POINT('',#3338);
#3338 = CARTESIAN_POINT('',(-1.1370542697E-14,-55.73,22.8));
#3339 = LINE('',#3340,#3341);
#3340 = CARTESIAN_POINT('',(-1.1370542697E-14,-55.73,17.39));
#3341 = VECTOR('',#3342,1.);
#3342 = DIRECTION('',(0.,0.,1.));
#3343 = ORIENTED_EDGE('',*,*,#3344,.F.);
#3344 = EDGE_CURVE('',#3337,#3337,#3345,.T.);
#3345 = CIRCLE('',#3346,4.);
#3346 = AXIS2_PLACEMENT_3D('',#3347,#3348,#3349);
#3347 = CARTESIAN_POINT('',(-9.502646837984E-15,-51.73,22.8));
#3348 = DIRECTION('',(0.,0.,1.));
#3349 = DIRECTION('',(-2.22044604925E-16,-1.,0.));
#3350 = ORIENTED_EDGE('',*,*,#3336,.F.);
#3351 = ORIENTED_EDGE('',*,*,#1296,.T.);
#3352 = ORIENTED_EDGE('',*,*,#3244,.F.);
#3353 = ORIENTED_EDGE('',*,*,#3354,.T.);
#3354 = EDGE_CURVE('',#3245,#3253,#3355,.T.);
#3355 = CIRCLE('',#3356,4.);
#3356 = AXIS2_PLACEMENT_3D('',#3357,#3358,#3359);
#3357 = CARTESIAN_POINT('',(-9.502646837984E-15,-51.73,17.39));
#3358 = DIRECTION('',(0.,0.,1.));
#3359 = DIRECTION('',(-2.22044604925E-16,-1.,0.));
#3360 = ORIENTED_EDGE('',*,*,#3261,.T.);
#3361 = ORIENTED_EDGE('',*,*,#1305,.T.);
#3362 = CYLINDRICAL_SURFACE('',#3363,4.);
#3363 = AXIS2_PLACEMENT_3D('',#3364,#3365,#3366);
#3364 = CARTESIAN_POINT('',(-9.502646837984E-15,-51.73,17.39));
#3365 = DIRECTION('',(0.,0.,1.));
#3366 = DIRECTION('',(-2.22044604925E-16,-1.,0.));
#3367 = ADVANCED_FACE('',(#3368),#3397,.T.);
#3368 = FACE_BOUND('',#3369,.T.);
#3369 = EDGE_LOOP('',(#3370,#3378,#3385,#3386,#3387,#3388,#3395,#3396));
#3370 = ORIENTED_EDGE('',*,*,#3371,.T.);
#3371 = EDGE_CURVE('',#1324,#3372,#3374,.T.);
#3372 = VERTEX_POINT('',#3373);
#3373 = CARTESIAN_POINT('',(-48.2635957529,27.865,22.8));
#3374 = LINE('',#3375,#3376);
#3375 = CARTESIAN_POINT('',(-48.2635957529,27.865,17.39));
#3376 = VECTOR('',#3377,1.);
#3377 = DIRECTION('',(0.,0.,1.));
#3378 = ORIENTED_EDGE('',*,*,#3379,.F.);
#3379 = EDGE_CURVE('',#3372,#3372,#3380,.T.);
#3380 = CIRCLE('',#3381,4.);
#3381 = AXIS2_PLACEMENT_3D('',#3382,#3383,#3384);
#3382 = CARTESIAN_POINT('',(-44.79949413776,25.865,22.8));
#3383 = DIRECTION('',(0.,0.,1.));
#3384 = DIRECTION('',(-0.866025403784,0.5,0.));
#3385 = ORIENTED_EDGE('',*,*,#3371,.F.);
#3386 = ORIENTED_EDGE('',*,*,#1323,.T.);
#3387 = ORIENTED_EDGE('',*,*,#3268,.F.);
#3388 = ORIENTED_EDGE('',*,*,#3389,.T.);
#3389 = EDGE_CURVE('',#3269,#3277,#3390,.T.);
#3390 = CIRCLE('',#3391,4.);
#3391 = AXIS2_PLACEMENT_3D('',#3392,#3393,#3394);
#3392 = CARTESIAN_POINT('',(-44.79949413776,25.865,17.39));
#3393 = DIRECTION('',(0.,0.,1.));
#3394 = DIRECTION('',(-0.866025403784,0.5,0.));
#3395 = ORIENTED_EDGE('',*,*,#3285,.T.);
#3396 = ORIENTED_EDGE('',*,*,#1332,.T.);
#3397 = CYLINDRICAL_SURFACE('',#3398,4.);
#3398 = AXIS2_PLACEMENT_3D('',#3399,#3400,#3401);
#3399 = CARTESIAN_POINT('',(-44.79949413776,25.865,17.39));
#3400 = DIRECTION('',(0.,0.,1.));
#3401 = DIRECTION('',(-0.866025403784,0.5,0.));
#3402 = ADVANCED_FACE('',(#3403),#3460,.F.);
#3403 = FACE_BOUND('',#3404,.F.);
#3404 = EDGE_LOOP('',(#3405,#3413,#3414,#3422,#3430,#3438,#3446,#3454));
#3405 = ORIENTED_EDGE('',*,*,#3406,.F.);
#3406 = EDGE_CURVE('',#1351,#3407,#3409,.T.);
#3407 = VERTEX_POINT('',#3408);
#3408 = CARTESIAN_POINT('',(-44.06908867766,-36.98872021468,27.51));
#3409 = LINE('',#3410,#3411);
#3410 = CARTESIAN_POINT('',(-44.06908867766,-36.98872021468,17.39));
#3411 = VECTOR('',#3412,1.);
#3412 = DIRECTION('',(0.,0.,1.));
#3413 = ORIENTED_EDGE('',*,*,#1350,.T.);
#3414 = ORIENTED_EDGE('',*,*,#3415,.T.);
#3415 = EDGE_CURVE('',#1353,#3416,#3418,.T.);
#3416 = VERTEX_POINT('',#3417);
#3417 = CARTESIAN_POINT('',(-39.6102197248,-32.97393657652,27.51));
#3418 = LINE('',#3419,#3420);
#3419 = CARTESIAN_POINT('',(-39.6102197248,-32.97393657652,17.39));
#3420 = VECTOR('',#3421,1.);
#3421 = DIRECTION('',(0.,0.,1.));
#3422 = ORIENTED_EDGE('',*,*,#3423,.T.);
#3423 = EDGE_CURVE('',#3416,#3424,#3426,.T.);
#3424 = VERTEX_POINT('',#3425);
#3425 = CARTESIAN_POINT('',(-40.53913849457,-33.81033879365,27.51));
#3426 = LINE('',#3427,#3428);
#3427 = CARTESIAN_POINT('',(-39.6102197248,-32.97393657652,27.51));
#3428 = VECTOR('',#3429,1.);
#3429 = DIRECTION('',(-0.743144825477,-0.669130606359,0.));
#3430 = ORIENTED_EDGE('',*,*,#3431,.F.);
#3431 = EDGE_CURVE('',#3432,#3424,#3434,.T.);
#3432 = VERTEX_POINT('',#3433);
#3433 = CARTESIAN_POINT('',(-40.53913849457,-33.81033879365,27.5));
#3434 = LINE('',#3435,#3436);
#3435 = CARTESIAN_POINT('',(-40.53913849457,-33.81033879365,22.445));
#3436 = VECTOR('',#3437,1.);
#3437 = DIRECTION('',(-0.,0.,1.));
#3438 = ORIENTED_EDGE('',*,*,#3439,.T.);
#3439 = EDGE_CURVE('',#3432,#3440,#3442,.T.);
#3440 = VERTEX_POINT('',#3441);
#3441 = CARTESIAN_POINT('',(-43.75737179827,-36.70804907579,27.5));
#3442 = LINE('',#3443,#3444);
#3443 = CARTESIAN_POINT('',(-38.74711016777,-32.1967892407,27.5));
#3444 = VECTOR('',#3445,1.);
#3445 = DIRECTION('',(-0.743144825477,-0.669130606359,0.));
#3446 = ORIENTED_EDGE('',*,*,#3447,.T.);
#3447 = EDGE_CURVE('',#3440,#3448,#3450,.T.);
#3448 = VERTEX_POINT('',#3449);
#3449 = CARTESIAN_POINT('',(-43.75737179827,-36.70804907579,27.51));
#3450 = LINE('',#3451,#3452);
#3451 = CARTESIAN_POINT('',(-43.75737179827,-36.70804907579,22.445));
#3452 = VECTOR('',#3453,1.);
#3453 = DIRECTION('',(0.,0.,1.));
#3454 = ORIENTED_EDGE('',*,*,#3455,.T.);
#3455 = EDGE_CURVE('',#3448,#3407,#3456,.T.);
#3456 = LINE('',#3457,#3458);
#3457 = CARTESIAN_POINT('',(-39.6102197248,-32.97393657652,27.51));
#3458 = VECTOR('',#3459,1.);
#3459 = DIRECTION('',(-0.743144825477,-0.669130606359,0.));
#3460 = PLANE('',#3461);
#3461 = AXIS2_PLACEMENT_3D('',#3462,#3463,#3464);
#3462 = CARTESIAN_POINT('',(-39.6102197248,-32.97393657652,17.39));
#3463 = DIRECTION('',(0.669130606359,-0.743144825477,0.));
#3464 = DIRECTION('',(0.,0.,1.));
#3465 = ADVANCED_FACE('',(#3466),#3516,.F.);
#3466 = FACE_BOUND('',#3467,.F.);
#3467 = EDGE_LOOP('',(#3468,#3469,#3470,#3478,#3486,#3494,#3502,#3510));
#3468 = ORIENTED_EDGE('',*,*,#3415,.F.);
#3469 = ORIENTED_EDGE('',*,*,#1360,.T.);
#3470 = ORIENTED_EDGE('',*,*,#3471,.T.);
#3471 = EDGE_CURVE('',#1361,#3472,#3474,.T.);
#3472 = VERTEX_POINT('',#3473);
#3473 = CARTESIAN_POINT('',(-36.93369729936,-35.94651587843,26.5));
#3474 = LINE('',#3475,#3476);
#3475 = CARTESIAN_POINT('',(-36.93369729936,-35.94651587843,17.39));
#3476 = VECTOR('',#3477,1.);
#3477 = DIRECTION('',(0.,0.,1.));
#3478 = ORIENTED_EDGE('',*,*,#3479,.T.);
#3479 = EDGE_CURVE('',#3472,#3480,#3482,.T.);
#3480 = VERTEX_POINT('',#3481);
#3481 = CARTESIAN_POINT('',(-37.4693190847,-35.35164762042,26.5));
#3482 = LINE('',#3483,#3484);
#3483 = CARTESIAN_POINT('',(-38.01245713703,-34.74843170222,26.5));
#3484 = VECTOR('',#3485,1.);
#3485 = DIRECTION('',(-0.669130606359,0.743144825477,0.));
#3486 = ORIENTED_EDGE('',*,*,#3487,.T.);
#3487 = EDGE_CURVE('',#3480,#3488,#3490,.T.);
#3488 = VERTEX_POINT('',#3489);
#3489 = CARTESIAN_POINT('',(-37.4693190847,-35.35164762042,27.5));
#3490 = LINE('',#3491,#3492);
#3491 = CARTESIAN_POINT('',(-37.4693190847,-35.35164762042,26.5));
#3492 = VECTOR('',#3493,1.);
#3493 = DIRECTION('',(0.,0.,1.));
#3494 = ORIENTED_EDGE('',*,*,#3495,.T.);
#3495 = EDGE_CURVE('',#3488,#3496,#3498,.T.);
#3496 = VERTEX_POINT('',#3497);
#3497 = CARTESIAN_POINT('',(-39.14617012218,-33.48931587269,27.5));
#3498 = LINE('',#3499,#3500);
#3499 = CARTESIAN_POINT('',(-39.41892348954,-33.18639256944,27.5));
#3500 = VECTOR('',#3501,1.);
#3501 = DIRECTION('',(-0.669130606359,0.743144825477,0.));
#3502 = ORIENTED_EDGE('',*,*,#3503,.T.);
#3503 = EDGE_CURVE('',#3496,#3504,#3506,.T.);
#3504 = VERTEX_POINT('',#3505);
#3505 = CARTESIAN_POINT('',(-39.14617012218,-33.48931587269,27.51));
#3506 = LINE('',#3507,#3508);
#3507 = CARTESIAN_POINT('',(-39.14617012218,-33.48931587269,22.445));
#3508 = VECTOR('',#3509,1.);
#3509 = DIRECTION('',(0.,0.,1.));
#3510 = ORIENTED_EDGE('',*,*,#3511,.F.);
#3511 = EDGE_CURVE('',#3416,#3504,#3512,.T.);
#3512 = LINE('',#3513,#3514);
#3513 = CARTESIAN_POINT('',(-39.6102197248,-32.97393657652,27.51));
#3514 = VECTOR('',#3515,1.);
#3515 = DIRECTION('',(0.669130606359,-0.743144825477,0.));
#3516 = PLANE('',#3517);
#3517 = AXIS2_PLACEMENT_3D('',#3518,#3519,#3520);
#3518 = CARTESIAN_POINT('',(-39.6102197248,-32.97393657652,17.39));
#3519 = DIRECTION('',(-0.743144825477,-0.669130606359,0.));
#3520 = DIRECTION('',(0.,0.,1.));
#3521 = ADVANCED_FACE('',(#3522),#3572,.T.);
#3522 = FACE_BOUND('',#3523,.T.);
#3523 = EDGE_LOOP('',(#3524,#3532,#3533,#3534,#3542,#3550,#3558,#3566));
#3524 = ORIENTED_EDGE('',*,*,#3525,.F.);
#3525 = EDGE_CURVE('',#1369,#3526,#3528,.T.);
#3526 = VERTEX_POINT('',#3527);
#3527 = CARTESIAN_POINT('',(-41.39256625223,-39.96129951658,27.51));
#3528 = LINE('',#3529,#3530);
#3529 = CARTESIAN_POINT('',(-41.39256625223,-39.96129951658,17.39));
#3530 = VECTOR('',#3531,1.);
#3531 = DIRECTION('',(0.,0.,1.));
#3532 = ORIENTED_EDGE('',*,*,#1368,.T.);
#3533 = ORIENTED_EDGE('',*,*,#3471,.T.);
#3534 = ORIENTED_EDGE('',*,*,#3535,.T.);
#3535 = EDGE_CURVE('',#3472,#3536,#3538,.T.);
#3536 = VERTEX_POINT('',#3537);
#3537 = CARTESIAN_POINT('',(-39.51057592415,-38.26674781385,26.5));
#3538 = LINE('',#3539,#3540);
#3539 = CARTESIAN_POINT('',(-37.47705409485,-36.43575653458,26.5));
#3540 = VECTOR('',#3541,1.);
#3541 = DIRECTION('',(-0.743144825477,-0.669130606359,0.));
#3542 = ORIENTED_EDGE('',*,*,#3543,.T.);
#3543 = EDGE_CURVE('',#3536,#3544,#3546,.T.);
#3544 = VERTEX_POINT('',#3545);
#3545 = CARTESIAN_POINT('',(-39.51057592415,-38.26674781385,27.5));
#3546 = LINE('',#3547,#3548);
#3547 = CARTESIAN_POINT('',(-39.51057592415,-38.26674781385,26.5));
#3548 = VECTOR('',#3549,1.);
#3549 = DIRECTION('',(0.,0.,1.));
#3550 = ORIENTED_EDGE('',*,*,#3551,.T.);
#3551 = EDGE_CURVE('',#3544,#3552,#3554,.T.);
#3552 = VERTEX_POINT('',#3553);
#3553 = CARTESIAN_POINT('',(-41.02727801736,-39.63239251258,27.5));
#3554 = LINE('',#3555,#3556);
#3555 = CARTESIAN_POINT('',(-36.07058774234,-35.16936854261,27.5));
#3556 = VECTOR('',#3557,1.);
#3557 = DIRECTION('',(-0.743144825477,-0.669130606359,0.));
#3558 = ORIENTED_EDGE('',*,*,#3559,.F.);
#3559 = EDGE_CURVE('',#3560,#3552,#3562,.T.);
#3560 = VERTEX_POINT('',#3561);
#3561 = CARTESIAN_POINT('',(-41.02727801736,-39.63239251258,27.51));
#3562 = LINE('',#3563,#3564);
#3563 = CARTESIAN_POINT('',(-41.02727801736,-39.63239251258,22.445));
#3564 = VECTOR('',#3565,1.);
#3565 = DIRECTION('',(0.,-0.,-1.));
#3566 = ORIENTED_EDGE('',*,*,#3567,.T.);
#3567 = EDGE_CURVE('',#3560,#3526,#3568,.T.);
#3568 = LINE('',#3569,#3570);
#3569 = CARTESIAN_POINT('',(-36.93369729936,-35.94651587843,27.51));
#3570 = VECTOR('',#3571,1.);
#3571 = DIRECTION('',(-0.743144825477,-0.669130606359,0.));
#3572 = PLANE('',#3573);
#3573 = AXIS2_PLACEMENT_3D('',#3574,#3575,#3576);
#3574 = CARTESIAN_POINT('',(-36.93369729936,-35.94651587843,17.39));
#3575 = DIRECTION('',(0.669130606359,-0.743144825477,0.));
#3576 = DIRECTION('',(0.,0.,1.));
#3577 = ADVANCED_FACE('',(#3578),#3589,.T.);
#3578 = FACE_BOUND('',#3579,.T.);
#3579 = EDGE_LOOP('',(#3580,#3581,#3582,#3583));
#3580 = ORIENTED_EDGE('',*,*,#3406,.F.);
#3581 = ORIENTED_EDGE('',*,*,#1376,.T.);
#3582 = ORIENTED_EDGE('',*,*,#3525,.T.);
#3583 = ORIENTED_EDGE('',*,*,#3584,.F.);
#3584 = EDGE_CURVE('',#3407,#3526,#3585,.T.);
#3585 = LINE('',#3586,#3587);
#3586 = CARTESIAN_POINT('',(-44.06908867766,-36.98872021468,27.51));
#3587 = VECTOR('',#3588,1.);
#3588 = DIRECTION('',(0.669130606359,-0.743144825477,0.));
#3589 = PLANE('',#3590);
#3590 = AXIS2_PLACEMENT_3D('',#3591,#3592,#3593);
#3591 = CARTESIAN_POINT('',(-44.06908867766,-36.98872021468,17.39));
#3592 = DIRECTION('',(-0.743144825477,-0.669130606359,0.));
#3593 = DIRECTION('',(0.,0.,1.));
#3594 = ADVANCED_FACE('',(#3595),#3652,.F.);
#3595 = FACE_BOUND('',#3596,.F.);
#3596 = EDGE_LOOP('',(#3597,#3605,#3606,#3614,#3622,#3630,#3638,#3646));
#3597 = ORIENTED_EDGE('',*,*,#3598,.F.);
#3598 = EDGE_CURVE('',#1385,#3599,#3601,.T.);
#3599 = VERTEX_POINT('',#3600);
#3600 = CARTESIAN_POINT('',(41.392566252232,-39.96129951658,27.51));
#3601 = LINE('',#3602,#3603);
#3602 = CARTESIAN_POINT('',(41.392566252232,-39.96129951658,17.39));
#3603 = VECTOR('',#3604,1.);
#3604 = DIRECTION('',(0.,0.,1.));
#3605 = ORIENTED_EDGE('',*,*,#1384,.T.);
#3606 = ORIENTED_EDGE('',*,*,#3607,.T.);
#3607 = EDGE_CURVE('',#1387,#3608,#3610,.T.);
#3608 = VERTEX_POINT('',#3609);
#3609 = CARTESIAN_POINT('',(36.933697299368,-35.94651587843,26.5));
#3610 = LINE('',#3611,#3612);
#3611 = CARTESIAN_POINT('',(36.933697299368,-35.94651587843,17.39));
#3612 = VECTOR('',#3613,1.);
#3613 = DIRECTION('',(0.,0.,1.));
#3614 = ORIENTED_EDGE('',*,*,#3615,.T.);
#3615 = EDGE_CURVE('',#3608,#3616,#3618,.T.);
#3616 = VERTEX_POINT('',#3617);
#3617 = CARTESIAN_POINT('',(39.510575924155,-38.26674781385,26.5));
#3618 = LINE('',#3619,#3620);
#3619 = CARTESIAN_POINT('',(37.47705409485,-36.43575653458,26.5));
#3620 = VECTOR('',#3621,1.);
#3621 = DIRECTION('',(0.743144825477,-0.669130606359,0.));
#3622 = ORIENTED_EDGE('',*,*,#3623,.T.);
#3623 = EDGE_CURVE('',#3616,#3624,#3626,.T.);
#3624 = VERTEX_POINT('',#3625);
#3625 = CARTESIAN_POINT('',(39.510575924155,-38.26674781385,27.5));
#3626 = LINE('',#3627,#3628);
#3627 = CARTESIAN_POINT('',(39.510575924155,-38.26674781385,26.5));
#3628 = VECTOR('',#3629,1.);
#3629 = DIRECTION('',(0.,0.,1.));
#3630 = ORIENTED_EDGE('',*,*,#3631,.T.);
#3631 = EDGE_CURVE('',#3624,#3632,#3634,.T.);
#3632 = VERTEX_POINT('',#3633);
#3633 = CARTESIAN_POINT('',(41.027278017367,-39.63239251258,27.5));
#3634 = LINE('',#3635,#3636);
#3635 = CARTESIAN_POINT('',(35.91501496207,-35.02929018207,27.5));
#3636 = VECTOR('',#3637,1.);
#3637 = DIRECTION('',(0.743144825477,-0.669130606359,0.));
#3638 = ORIENTED_EDGE('',*,*,#3639,.F.);
#3639 = EDGE_CURVE('',#3640,#3632,#3642,.T.);
#3640 = VERTEX_POINT('',#3641);
#3641 = CARTESIAN_POINT('',(41.027278017367,-39.63239251258,27.51));
#3642 = LINE('',#3643,#3644);
#3643 = CARTESIAN_POINT('',(41.027278017367,-39.63239251258,22.445));
#3644 = VECTOR('',#3645,1.);
#3645 = DIRECTION('',(0.,0.,-1.));
#3646 = ORIENTED_EDGE('',*,*,#3647,.T.);
#3647 = EDGE_CURVE('',#3640,#3599,#3648,.T.);
#3648 = LINE('',#3649,#3650);
#3649 = CARTESIAN_POINT('',(36.933697299368,-35.94651587843,27.51));
#3650 = VECTOR('',#3651,1.);
#3651 = DIRECTION('',(0.743144825477,-0.669130606359,0.));
#3652 = PLANE('',#3653);
#3653 = AXIS2_PLACEMENT_3D('',#3654,#3655,#3656);
#3654 = CARTESIAN_POINT('',(36.933697299368,-35.94651587843,17.39));
#3655 = DIRECTION('',(0.669130606359,0.743144825477,0.));
#3656 = DIRECTION('',(0.,0.,1.));
#3657 = ADVANCED_FACE('',(#3658),#3708,.F.);
#3658 = FACE_BOUND('',#3659,.F.);
#3659 = EDGE_LOOP('',(#3660,#3661,#3662,#3670,#3678,#3686,#3694,#3702));
#3660 = ORIENTED_EDGE('',*,*,#3607,.F.);
#3661 = ORIENTED_EDGE('',*,*,#1394,.T.);
#3662 = ORIENTED_EDGE('',*,*,#3663,.T.);
#3663 = EDGE_CURVE('',#1395,#3664,#3666,.T.);
#3664 = VERTEX_POINT('',#3665);
#3665 = CARTESIAN_POINT('',(39.610219724804,-32.97393657652,27.51));
#3666 = LINE('',#3667,#3668);
#3667 = CARTESIAN_POINT('',(39.610219724804,-32.97393657652,17.39));
#3668 = VECTOR('',#3669,1.);
#3669 = DIRECTION('',(0.,0.,1.));
#3670 = ORIENTED_EDGE('',*,*,#3671,.F.);
#3671 = EDGE_CURVE('',#3672,#3664,#3674,.T.);
#3672 = VERTEX_POINT('',#3673);
#3673 = CARTESIAN_POINT('',(39.146170122187,-33.48931587269,27.51));
#3674 = LINE('',#3675,#3676);
#3675 = CARTESIAN_POINT('',(36.933697299368,-35.94651587843,27.51));
#3676 = VECTOR('',#3677,1.);
#3677 = DIRECTION('',(0.669130606359,0.743144825477,0.));
#3678 = ORIENTED_EDGE('',*,*,#3679,.F.);
#3679 = EDGE_CURVE('',#3680,#3672,#3682,.T.);
#3680 = VERTEX_POINT('',#3681);
#3681 = CARTESIAN_POINT('',(39.146170122187,-33.48931587269,27.5));
#3682 = LINE('',#3683,#3684);
#3683 = CARTESIAN_POINT('',(39.146170122187,-33.48931587269,22.445));
#3684 = VECTOR('',#3685,1.);
#3685 = DIRECTION('',(-0.,0.,1.));
#3686 = ORIENTED_EDGE('',*,*,#3687,.T.);
#3687 = EDGE_CURVE('',#3680,#3688,#3690,.T.);
#3688 = VERTEX_POINT('',#3689);
#3689 = CARTESIAN_POINT('',(37.469319084708,-35.35164762042,27.5));
#3690 = LINE('',#3691,#3692);
#3691 = CARTESIAN_POINT('',(35.407807932351,-37.64118770569,27.5));
#3692 = VECTOR('',#3693,1.);
#3693 = DIRECTION('',(-0.669130606359,-0.743144825477,0.));
#3694 = ORIENTED_EDGE('',*,*,#3695,.F.);
#3695 = EDGE_CURVE('',#3696,#3688,#3698,.T.);
#3696 = VERTEX_POINT('',#3697);
#3697 = CARTESIAN_POINT('',(37.469319084708,-35.35164762042,26.5));
#3698 = LINE('',#3699,#3700);
#3699 = CARTESIAN_POINT('',(37.469319084708,-35.35164762042,26.5));
#3700 = VECTOR('',#3701,1.);
#3701 = DIRECTION('',(0.,0.,1.));
#3702 = ORIENTED_EDGE('',*,*,#3703,.T.);
#3703 = EDGE_CURVE('',#3696,#3608,#3704,.T.);
#3704 = LINE('',#3705,#3706);
#3705 = CARTESIAN_POINT('',(36.674195924316,-36.23472135318,26.5));
#3706 = VECTOR('',#3707,1.);
#3707 = DIRECTION('',(-0.669130606359,-0.743144825477,0.));
#3708 = PLANE('',#3709);
#3709 = AXIS2_PLACEMENT_3D('',#3710,#3711,#3712);
#3710 = CARTESIAN_POINT('',(36.933697299368,-35.94651587843,17.39));
#3711 = DIRECTION('',(0.743144825477,-0.669130606359,0.));
#3712 = DIRECTION('',(0.,0.,1.));
#3713 = ADVANCED_FACE('',(#3714),#3764,.T.);
#3714 = FACE_BOUND('',#3715,.T.);
#3715 = EDGE_LOOP('',(#3716,#3724,#3725,#3726,#3734,#3742,#3750,#3758));
#3716 = ORIENTED_EDGE('',*,*,#3717,.F.);
#3717 = EDGE_CURVE('',#1403,#3718,#3720,.T.);
#3718 = VERTEX_POINT('',#3719);
#3719 = CARTESIAN_POINT('',(44.069088677668,-36.98872021468,27.51));
#3720 = LINE('',#3721,#3722);
#3721 = CARTESIAN_POINT('',(44.069088677668,-36.98872021468,17.39));
#3722 = VECTOR('',#3723,1.);
#3723 = DIRECTION('',(0.,0.,1.));
#3724 = ORIENTED_EDGE('',*,*,#1402,.T.);
#3725 = ORIENTED_EDGE('',*,*,#3663,.T.);
#3726 = ORIENTED_EDGE('',*,*,#3727,.T.);
#3727 = EDGE_CURVE('',#3664,#3728,#3730,.T.);
#3728 = VERTEX_POINT('',#3729);
#3729 = CARTESIAN_POINT('',(40.539138494576,-33.81033879365,27.51));
#3730 = LINE('',#3731,#3732);
#3731 = CARTESIAN_POINT('',(39.610219724804,-32.97393657652,27.51));
#3732 = VECTOR('',#3733,1.);
#3733 = DIRECTION('',(0.743144825477,-0.669130606359,0.));
#3734 = ORIENTED_EDGE('',*,*,#3735,.T.);
#3735 = EDGE_CURVE('',#3728,#3736,#3738,.T.);
#3736 = VERTEX_POINT('',#3737);
#3737 = CARTESIAN_POINT('',(40.539138494576,-33.81033879365,27.5));
#3738 = LINE('',#3739,#3740);
#3739 = CARTESIAN_POINT('',(40.539138494576,-33.81033879365,22.445));
#3740 = VECTOR('',#3741,1.);
#3741 = DIRECTION('',(0.,0.,-1.));
#3742 = ORIENTED_EDGE('',*,*,#3743,.T.);
#3743 = EDGE_CURVE('',#3736,#3744,#3746,.T.);
#3744 = VERTEX_POINT('',#3745);
#3745 = CARTESIAN_POINT('',(43.75737179827,-36.70804907579,27.5));
#3746 = LINE('',#3747,#3748);
#3747 = CARTESIAN_POINT('',(38.591537387505,-32.05671088016,27.5));
#3748 = VECTOR('',#3749,1.);
#3749 = DIRECTION('',(0.743144825477,-0.669130606359,0.));
#3750 = ORIENTED_EDGE('',*,*,#3751,.T.);
#3751 = EDGE_CURVE('',#3744,#3752,#3754,.T.);
#3752 = VERTEX_POINT('',#3753);
#3753 = CARTESIAN_POINT('',(43.75737179827,-36.70804907579,27.51));
#3754 = LINE('',#3755,#3756);
#3755 = CARTESIAN_POINT('',(43.75737179827,-36.70804907579,22.445));
#3756 = VECTOR('',#3757,1.);
#3757 = DIRECTION('',(0.,-0.,1.));
#3758 = ORIENTED_EDGE('',*,*,#3759,.T.);
#3759 = EDGE_CURVE('',#3752,#3718,#3760,.T.);
#3760 = LINE('',#3761,#3762);
#3761 = CARTESIAN_POINT('',(39.610219724804,-32.97393657652,27.51));
#3762 = VECTOR('',#3763,1.);
#3763 = DIRECTION('',(0.743144825477,-0.669130606359,0.));
#3764 = PLANE('',#3765);
#3765 = AXIS2_PLACEMENT_3D('',#3766,#3767,#3768);
#3766 = CARTESIAN_POINT('',(39.610219724804,-32.97393657652,17.39));
#3767 = DIRECTION('',(0.669130606359,0.743144825477,0.));
#3768 = DIRECTION('',(0.,0.,1.));
#3769 = ADVANCED_FACE('',(#3770),#3781,.T.);
#3770 = FACE_BOUND('',#3771,.T.);
#3771 = EDGE_LOOP('',(#3772,#3773,#3774,#3775));
#3772 = ORIENTED_EDGE('',*,*,#3598,.F.);
#3773 = ORIENTED_EDGE('',*,*,#1410,.T.);
#3774 = ORIENTED_EDGE('',*,*,#3717,.T.);
#3775 = ORIENTED_EDGE('',*,*,#3776,.F.);
#3776 = EDGE_CURVE('',#3599,#3718,#3777,.T.);
#3777 = LINE('',#3778,#3779);
#3778 = CARTESIAN_POINT('',(41.392566252232,-39.96129951658,27.51));
#3779 = VECTOR('',#3780,1.);
#3780 = DIRECTION('',(0.669130606359,0.743144825477,0.));
#3781 = PLANE('',#3782);
#3782 = AXIS2_PLACEMENT_3D('',#3783,#3784,#3785);
#3783 = CARTESIAN_POINT('',(41.392566252232,-39.96129951658,17.39));
#3784 = DIRECTION('',(0.743144825477,-0.669130606359,0.));
#3785 = DIRECTION('',(0.,0.,1.));
#3786 = ADVANCED_FACE('',(#3787),#3812,.F.);
#3787 = FACE_BOUND('',#3788,.F.);
#3788 = EDGE_LOOP('',(#3789,#3797,#3798,#3806));
#3789 = ORIENTED_EDGE('',*,*,#3790,.F.);
#3790 = EDGE_CURVE('',#1419,#3791,#3793,.T.);
#3791 = VERTEX_POINT('',#3792);
#3792 = CARTESIAN_POINT('',(47.28665309647,-32.49711431703,23.3));
#3793 = LINE('',#3794,#3795);
#3794 = CARTESIAN_POINT('',(47.28665309647,-32.49711431703,17.39));
#3795 = VECTOR('',#3796,1.);
#3796 = DIRECTION('',(0.,0.,1.));
#3797 = ORIENTED_EDGE('',*,*,#1418,.T.);
#3798 = ORIENTED_EDGE('',*,*,#3799,.T.);
#3799 = EDGE_CURVE('',#1421,#3800,#3802,.T.);
#3800 = VERTEX_POINT('',#3801);
#3801 = CARTESIAN_POINT('',(42.783320996791,-29.89711431703,23.3));
#3802 = LINE('',#3803,#3804);
#3803 = CARTESIAN_POINT('',(42.783320996791,-29.89711431703,17.39));
#3804 = VECTOR('',#3805,1.);
#3805 = DIRECTION('',(0.,0.,1.));
#3806 = ORIENTED_EDGE('',*,*,#3807,.T.);
#3807 = EDGE_CURVE('',#3800,#3791,#3808,.T.);
#3808 = LINE('',#3809,#3810);
#3809 = CARTESIAN_POINT('',(42.783320996791,-29.89711431703,23.3));
#3810 = VECTOR('',#3811,1.);
#3811 = DIRECTION('',(0.866025403784,-0.5,0.));
#3812 = PLANE('',#3813);
#3813 = AXIS2_PLACEMENT_3D('',#3814,#3815,#3816);
#3814 = CARTESIAN_POINT('',(42.783320996791,-29.89711431703,17.39));
#3815 = DIRECTION('',(0.5,0.866025403784,0.));
#3816 = DIRECTION('',(0.,0.,1.));
#3817 = ADVANCED_FACE('',(#3818),#3836,.F.);
#3818 = FACE_BOUND('',#3819,.F.);
#3819 = EDGE_LOOP('',(#3820,#3821,#3822,#3830));
#3820 = ORIENTED_EDGE('',*,*,#3799,.F.);
#3821 = ORIENTED_EDGE('',*,*,#1428,.T.);
#3822 = ORIENTED_EDGE('',*,*,#3823,.T.);
#3823 = EDGE_CURVE('',#1429,#3824,#3826,.T.);
#3824 = VERTEX_POINT('',#3825);
#3825 = CARTESIAN_POINT('',(47.283320996791,-22.10288568297,23.3));
#3826 = LINE('',#3827,#3828);
#3827 = CARTESIAN_POINT('',(47.283320996791,-22.10288568297,17.39));
#3828 = VECTOR('',#3829,1.);
#3829 = DIRECTION('',(0.,0.,1.));
#3830 = ORIENTED_EDGE('',*,*,#3831,.F.);
#3831 = EDGE_CURVE('',#3800,#3824,#3832,.T.);
#3832 = LINE('',#3833,#3834);
#3833 = CARTESIAN_POINT('',(42.783320996791,-29.89711431703,23.3));
#3834 = VECTOR('',#3835,1.);
#3835 = DIRECTION('',(0.5,0.866025403784,0.));
#3836 = PLANE('',#3837);
#3837 = AXIS2_PLACEMENT_3D('',#3838,#3839,#3840);
#3838 = CARTESIAN_POINT('',(42.783320996791,-29.89711431703,17.39));
#3839 = DIRECTION('',(0.866025403784,-0.5,0.));
#3840 = DIRECTION('',(0.,0.,1.));
#3841 = ADVANCED_FACE('',(#3842),#3860,.T.);
#3842 = FACE_BOUND('',#3843,.T.);
#3843 = EDGE_LOOP('',(#3844,#3852,#3853,#3854));
#3844 = ORIENTED_EDGE('',*,*,#3845,.F.);
#3845 = EDGE_CURVE('',#1437,#3846,#3848,.T.);
#3846 = VERTEX_POINT('',#3847);
#3847 = CARTESIAN_POINT('',(51.78665309647,-24.70288568297,23.3));
#3848 = LINE('',#3849,#3850);
#3849 = CARTESIAN_POINT('',(51.78665309647,-24.70288568297,17.39));
#3850 = VECTOR('',#3851,1.);
#3851 = DIRECTION('',(0.,0.,1.));
#3852 = ORIENTED_EDGE('',*,*,#1436,.T.);
#3853 = ORIENTED_EDGE('',*,*,#3823,.T.);
#3854 = ORIENTED_EDGE('',*,*,#3855,.T.);
#3855 = EDGE_CURVE('',#3824,#3846,#3856,.T.);
#3856 = LINE('',#3857,#3858);
#3857 = CARTESIAN_POINT('',(47.283320996791,-22.10288568297,23.3));
#3858 = VECTOR('',#3859,1.);
#3859 = DIRECTION('',(0.866025403784,-0.5,0.));
#3860 = PLANE('',#3861);
#3861 = AXIS2_PLACEMENT_3D('',#3862,#3863,#3864);
#3862 = CARTESIAN_POINT('',(47.283320996791,-22.10288568297,17.39));
#3863 = DIRECTION('',(0.5,0.866025403784,0.));
#3864 = DIRECTION('',(0.,0.,1.));
#3865 = ADVANCED_FACE('',(#3866,#3877),#3911,.T.);
#3866 = FACE_BOUND('',#3867,.T.);
#3867 = EDGE_LOOP('',(#3868,#3869,#3870,#3871));
#3868 = ORIENTED_EDGE('',*,*,#3790,.F.);
#3869 = ORIENTED_EDGE('',*,*,#1444,.T.);
#3870 = ORIENTED_EDGE('',*,*,#3845,.T.);
#3871 = ORIENTED_EDGE('',*,*,#3872,.F.);
#3872 = EDGE_CURVE('',#3791,#3846,#3873,.T.);
#3873 = LINE('',#3874,#3875);
#3874 = CARTESIAN_POINT('',(47.28665309647,-32.49711431703,23.3));
#3875 = VECTOR('',#3876,1.);
#3876 = DIRECTION('',(0.5,0.866025403784,0.));
#3877 = FACE_BOUND('',#3878,.T.);
#3878 = EDGE_LOOP('',(#3879,#3889,#3897,#3905));
#3879 = ORIENTED_EDGE('',*,*,#3880,.T.);
#3880 = EDGE_CURVE('',#3881,#3883,#3885,.T.);
#3881 = VERTEX_POINT('',#3882);
#3882 = CARTESIAN_POINT('',(50.93665309647,-26.1751288694,18.));
#3883 = VERTEX_POINT('',#3884);
#3884 = CARTESIAN_POINT('',(48.13665309647,-31.02487113059,18.));
#3885 = LINE('',#3886,#3887);
#3886 = CARTESIAN_POINT('',(47.71165309647,-31.76099272381,18.));
#3887 = VECTOR('',#3888,1.);
#3888 = DIRECTION('',(-0.5,-0.866025403784,0.));
#3889 = ORIENTED_EDGE('',*,*,#3890,.T.);
#3890 = EDGE_CURVE('',#3883,#3891,#3893,.T.);
#3891 = VERTEX_POINT('',#3892);
#3892 = CARTESIAN_POINT('',(48.13665309647,-31.02487113059,23.));
#3893 = LINE('',#3894,#3895);
#3894 = CARTESIAN_POINT('',(48.13665309647,-31.02487113059,17.695));
#3895 = VECTOR('',#3896,1.);
#3896 = DIRECTION('',(-0.,0.,1.));
#3897 = ORIENTED_EDGE('',*,*,#3898,.F.);
#3898 = EDGE_CURVE('',#3899,#3891,#3901,.T.);
#3899 = VERTEX_POINT('',#3900);
#3900 = CARTESIAN_POINT('',(50.93665309647,-26.1751288694,23.));
#3901 = LINE('',#3902,#3903);
#3902 = CARTESIAN_POINT('',(47.71165309647,-31.76099272381,23.));
#3903 = VECTOR('',#3904,1.);
#3904 = DIRECTION('',(-0.5,-0.866025403784,0.));
#3905 = ORIENTED_EDGE('',*,*,#3906,.F.);
#3906 = EDGE_CURVE('',#3881,#3899,#3907,.T.);
#3907 = LINE('',#3908,#3909);
#3908 = CARTESIAN_POINT('',(50.93665309647,-26.1751288694,17.695));
#3909 = VECTOR('',#3910,1.);
#3910 = DIRECTION('',(-0.,0.,1.));
#3911 = PLANE('',#3912);
#3912 = AXIS2_PLACEMENT_3D('',#3913,#3914,#3915);
#3913 = CARTESIAN_POINT('',(47.28665309647,-32.49711431703,17.39));
#3914 = DIRECTION('',(0.866025403784,-0.5,0.));
#3915 = DIRECTION('',(0.,0.,1.));
#3916 = ADVANCED_FACE('',(#3917),#3974,.F.);
#3917 = FACE_BOUND('',#3918,.F.);
#3918 = EDGE_LOOP('',(#3919,#3927,#3928,#3936,#3944,#3952,#3960,#3968));
#3919 = ORIENTED_EDGE('',*,*,#3920,.F.);
#3920 = EDGE_CURVE('',#1453,#3921,#3923,.T.);
#3921 = VERTEX_POINT('',#3922);
#3922 = CARTESIAN_POINT('',(-41.39256625223,39.961299516589,27.51));
#3923 = LINE('',#3924,#3925);
#3924 = CARTESIAN_POINT('',(-41.39256625223,39.961299516589,17.39));
#3925 = VECTOR('',#3926,1.);
#3926 = DIRECTION('',(0.,0.,1.));
#3927 = ORIENTED_EDGE('',*,*,#1452,.T.);
#3928 = ORIENTED_EDGE('',*,*,#3929,.T.);
#3929 = EDGE_CURVE('',#1455,#3930,#3932,.T.);
#3930 = VERTEX_POINT('',#3931);
#3931 = CARTESIAN_POINT('',(-36.93369729936,35.946515878436,26.5));
#3932 = LINE('',#3933,#3934);
#3933 = CARTESIAN_POINT('',(-36.93369729936,35.946515878436,17.39));
#3934 = VECTOR('',#3935,1.);
#3935 = DIRECTION('',(0.,0.,1.));
#3936 = ORIENTED_EDGE('',*,*,#3937,.T.);
#3937 = EDGE_CURVE('',#3930,#3938,#3940,.T.);
#3938 = VERTEX_POINT('',#3939);
#3939 = CARTESIAN_POINT('',(-39.51057592415,38.266747813859,26.5));
#3940 = LINE('',#3941,#3942);
#3941 = CARTESIAN_POINT('',(-37.47705409485,36.435756534585,26.5));
#3942 = VECTOR('',#3943,1.);
#3943 = DIRECTION('',(-0.743144825477,0.669130606359,0.));
#3944 = ORIENTED_EDGE('',*,*,#3945,.T.);
#3945 = EDGE_CURVE('',#3938,#3946,#3948,.T.);
#3946 = VERTEX_POINT('',#3947);
#3947 = CARTESIAN_POINT('',(-39.51057592415,38.266747813859,27.5));
#3948 = LINE('',#3949,#3950);
#3949 = CARTESIAN_POINT('',(-39.51057592415,38.266747813859,26.5));
#3950 = VECTOR('',#3951,1.);
#3951 = DIRECTION('',(0.,0.,1.));
#3952 = ORIENTED_EDGE('',*,*,#3953,.T.);
#3953 = EDGE_CURVE('',#3946,#3954,#3956,.T.);
#3954 = VERTEX_POINT('',#3955);
#3955 = CARTESIAN_POINT('',(-41.02727801736,39.632392512582,27.5));
#3956 = LINE('',#3957,#3958);
#3957 = CARTESIAN_POINT('',(-35.91501496207,35.029290182078,27.5));
#3958 = VECTOR('',#3959,1.);
#3959 = DIRECTION('',(-0.743144825477,0.669130606359,0.));
#3960 = ORIENTED_EDGE('',*,*,#3961,.F.);
#3961 = EDGE_CURVE('',#3962,#3954,#3964,.T.);
#3962 = VERTEX_POINT('',#3963);
#3963 = CARTESIAN_POINT('',(-41.02727801736,39.632392512582,27.51));
#3964 = LINE('',#3965,#3966);
#3965 = CARTESIAN_POINT('',(-41.02727801736,39.632392512582,22.445));
#3966 = VECTOR('',#3967,1.);
#3967 = DIRECTION('',(-0.,0.,-1.));
#3968 = ORIENTED_EDGE('',*,*,#3969,.T.);
#3969 = EDGE_CURVE('',#3962,#3921,#3970,.T.);
#3970 = LINE('',#3971,#3972);
#3971 = CARTESIAN_POINT('',(-36.93369729936,35.946515878436,27.51));
#3972 = VECTOR('',#3973,1.);
#3973 = DIRECTION('',(-0.743144825477,0.669130606359,0.));
#3974 = PLANE('',#3975);
#3975 = AXIS2_PLACEMENT_3D('',#3976,#3977,#3978);
#3976 = CARTESIAN_POINT('',(-36.93369729936,35.946515878436,17.39));
#3977 = DIRECTION('',(-0.669130606359,-0.743144825477,0.));
#3978 = DIRECTION('',(0.,0.,1.));
#3979 = ADVANCED_FACE('',(#3980),#4030,.F.);
#3980 = FACE_BOUND('',#3981,.F.);
#3981 = EDGE_LOOP('',(#3982,#3983,#3984,#3992,#4000,#4008,#4016,#4024));
#3982 = ORIENTED_EDGE('',*,*,#3929,.F.);
#3983 = ORIENTED_EDGE('',*,*,#1462,.T.);
#3984 = ORIENTED_EDGE('',*,*,#3985,.T.);
#3985 = EDGE_CURVE('',#1463,#3986,#3988,.T.);
#3986 = VERTEX_POINT('',#3987);
#3987 = CARTESIAN_POINT('',(-39.6102197248,32.973936576526,27.51));
#3988 = LINE('',#3989,#3990);
#3989 = CARTESIAN_POINT('',(-39.6102197248,32.973936576526,17.39));
#3990 = VECTOR('',#3991,1.);
#3991 = DIRECTION('',(0.,0.,1.));
#3992 = ORIENTED_EDGE('',*,*,#3993,.F.);
#3993 = EDGE_CURVE('',#3994,#3986,#3996,.T.);
#3994 = VERTEX_POINT('',#3995);
#3995 = CARTESIAN_POINT('',(-39.14617012218,33.489315872694,27.51));
#3996 = LINE('',#3997,#3998);
#3997 = CARTESIAN_POINT('',(-36.93369729936,35.946515878436,27.51));
#3998 = VECTOR('',#3999,1.);
#3999 = DIRECTION('',(-0.669130606359,-0.743144825477,0.));
#4000 = ORIENTED_EDGE('',*,*,#4001,.F.);
#4001 = EDGE_CURVE('',#4002,#3994,#4004,.T.);
#4002 = VERTEX_POINT('',#4003);
#4003 = CARTESIAN_POINT('',(-39.14617012218,33.489315872694,27.5));
#4004 = LINE('',#4005,#4006);
#4005 = CARTESIAN_POINT('',(-39.14617012218,33.489315872694,22.445));
#4006 = VECTOR('',#4007,1.);
#4007 = DIRECTION('',(0.,0.,1.));
#4008 = ORIENTED_EDGE('',*,*,#4009,.T.);
#4009 = EDGE_CURVE('',#4002,#4010,#4012,.T.);
#4010 = VERTEX_POINT('',#4011);
#4011 = CARTESIAN_POINT('',(-37.4693190847,35.351647620423,27.5));
#4012 = LINE('',#4013,#4014);
#4013 = CARTESIAN_POINT('',(-35.40780793235,37.641187705691,27.5));
#4014 = VECTOR('',#4015,1.);
#4015 = DIRECTION('',(0.669130606359,0.743144825477,-0.));
#4016 = ORIENTED_EDGE('',*,*,#4017,.F.);
#4017 = EDGE_CURVE('',#4018,#4010,#4020,.T.);
#4018 = VERTEX_POINT('',#4019);
#4019 = CARTESIAN_POINT('',(-37.4693190847,35.351647620423,26.5));
#4020 = LINE('',#4021,#4022);
#4021 = CARTESIAN_POINT('',(-37.4693190847,35.351647620423,26.5));
#4022 = VECTOR('',#4023,1.);
#4023 = DIRECTION('',(0.,0.,1.));
#4024 = ORIENTED_EDGE('',*,*,#4025,.T.);
#4025 = EDGE_CURVE('',#4018,#3930,#4026,.T.);
#4026 = LINE('',#4027,#4028);
#4027 = CARTESIAN_POINT('',(-36.67419592431,36.234721353184,26.5));
#4028 = VECTOR('',#4029,1.);
#4029 = DIRECTION('',(0.669130606359,0.743144825477,-0.));
#4030 = PLANE('',#4031);
#4031 = AXIS2_PLACEMENT_3D('',#4032,#4033,#4034);
#4032 = CARTESIAN_POINT('',(-36.93369729936,35.946515878436,17.39));
#4033 = DIRECTION('',(-0.743144825477,0.669130606359,0.));
#4034 = DIRECTION('',(0.,0.,1.));
#4035 = ADVANCED_FACE('',(#4036),#4086,.T.);
#4036 = FACE_BOUND('',#4037,.T.);
#4037 = EDGE_LOOP('',(#4038,#4046,#4047,#4048,#4056,#4064,#4072,#4080));
#4038 = ORIENTED_EDGE('',*,*,#4039,.F.);
#4039 = EDGE_CURVE('',#1471,#4040,#4042,.T.);
#4040 = VERTEX_POINT('',#4041);
#4041 = CARTESIAN_POINT('',(-44.06908867766,36.98872021468,27.51));
#4042 = LINE('',#4043,#4044);
#4043 = CARTESIAN_POINT('',(-44.06908867766,36.98872021468,17.39));
#4044 = VECTOR('',#4045,1.);
#4045 = DIRECTION('',(0.,0.,1.));
#4046 = ORIENTED_EDGE('',*,*,#1470,.T.);
#4047 = ORIENTED_EDGE('',*,*,#3985,.T.);
#4048 = ORIENTED_EDGE('',*,*,#4049,.T.);
#4049 = EDGE_CURVE('',#3986,#4050,#4052,.T.);
#4050 = VERTEX_POINT('',#4051);
#4051 = CARTESIAN_POINT('',(-40.53913849457,33.810338793653,27.51));
#4052 = LINE('',#4053,#4054);
#4053 = CARTESIAN_POINT('',(-39.6102197248,32.973936576526,27.51));
#4054 = VECTOR('',#4055,1.);
#4055 = DIRECTION('',(-0.743144825477,0.669130606359,0.));
#4056 = ORIENTED_EDGE('',*,*,#4057,.T.);
#4057 = EDGE_CURVE('',#4050,#4058,#4060,.T.);
#4058 = VERTEX_POINT('',#4059);
#4059 = CARTESIAN_POINT('',(-40.53913849457,33.810338793653,27.5));
#4060 = LINE('',#4061,#4062);
#4061 = CARTESIAN_POINT('',(-40.53913849457,33.810338793653,22.445));
#4062 = VECTOR('',#4063,1.);
#4063 = DIRECTION('',(-0.,0.,-1.));
#4064 = ORIENTED_EDGE('',*,*,#4065,.T.);
#4065 = EDGE_CURVE('',#4058,#4066,#4068,.T.);
#4066 = VERTEX_POINT('',#4067);
#4067 = CARTESIAN_POINT('',(-43.75737179827,36.708049075794,27.5));
#4068 = LINE('',#4069,#4070);
#4069 = CARTESIAN_POINT('',(-38.5915373875,32.056710880168,27.5));
#4070 = VECTOR('',#4071,1.);
#4071 = DIRECTION('',(-0.743144825477,0.669130606359,0.));
#4072 = ORIENTED_EDGE('',*,*,#4073,.T.);
#4073 = EDGE_CURVE('',#4066,#4074,#4076,.T.);
#4074 = VERTEX_POINT('',#4075);
#4075 = CARTESIAN_POINT('',(-43.75737179827,36.708049075794,27.51));
#4076 = LINE('',#4077,#4078);
#4077 = CARTESIAN_POINT('',(-43.75737179827,36.708049075794,22.445));
#4078 = VECTOR('',#4079,1.);
#4079 = DIRECTION('',(-0.,0.,1.));
#4080 = ORIENTED_EDGE('',*,*,#4081,.T.);
#4081 = EDGE_CURVE('',#4074,#4040,#4082,.T.);
#4082 = LINE('',#4083,#4084);
#4083 = CARTESIAN_POINT('',(-39.6102197248,32.973936576526,27.51));
#4084 = VECTOR('',#4085,1.);
#4085 = DIRECTION('',(-0.743144825477,0.669130606359,0.));
#4086 = PLANE('',#4087);
#4087 = AXIS2_PLACEMENT_3D('',#4088,#4089,#4090);
#4088 = CARTESIAN_POINT('',(-39.6102197248,32.973936576526,17.39));
#4089 = DIRECTION('',(-0.669130606359,-0.743144825477,0.));
#4090 = DIRECTION('',(0.,0.,1.));
#4091 = ADVANCED_FACE('',(#4092),#4103,.T.);
#4092 = FACE_BOUND('',#4093,.T.);
#4093 = EDGE_LOOP('',(#4094,#4095,#4096,#4097));
#4094 = ORIENTED_EDGE('',*,*,#3920,.F.);
#4095 = ORIENTED_EDGE('',*,*,#1478,.T.);
#4096 = ORIENTED_EDGE('',*,*,#4039,.T.);
#4097 = ORIENTED_EDGE('',*,*,#4098,.F.);
#4098 = EDGE_CURVE('',#3921,#4040,#4099,.T.);
#4099 = LINE('',#4100,#4101);
#4100 = CARTESIAN_POINT('',(-41.39256625223,39.961299516589,27.51));
#4101 = VECTOR('',#4102,1.);
#4102 = DIRECTION('',(-0.669130606359,-0.743144825477,0.));
#4103 = PLANE('',#4104);
#4104 = AXIS2_PLACEMENT_3D('',#4105,#4106,#4107);
#4105 = CARTESIAN_POINT('',(-41.39256625223,39.961299516589,17.39));
#4106 = DIRECTION('',(-0.743144825477,0.669130606359,0.));
#4107 = DIRECTION('',(0.,0.,1.));
#4108 = ADVANCED_FACE('',(#4109),#4166,.F.);
#4109 = FACE_BOUND('',#4110,.F.);
#4110 = EDGE_LOOP('',(#4111,#4119,#4120,#4128,#4136,#4144,#4152,#4160));
#4111 = ORIENTED_EDGE('',*,*,#4112,.F.);
#4112 = EDGE_CURVE('',#1487,#4113,#4115,.T.);
#4113 = VERTEX_POINT('',#4114);
#4114 = CARTESIAN_POINT('',(44.069088677668,36.98872021468,27.51));
#4115 = LINE('',#4116,#4117);
#4116 = CARTESIAN_POINT('',(44.069088677668,36.98872021468,17.39));
#4117 = VECTOR('',#4118,1.);
#4118 = DIRECTION('',(0.,0.,1.));
#4119 = ORIENTED_EDGE('',*,*,#1486,.T.);
#4120 = ORIENTED_EDGE('',*,*,#4121,.T.);
#4121 = EDGE_CURVE('',#1489,#4122,#4124,.T.);
#4122 = VERTEX_POINT('',#4123);
#4123 = CARTESIAN_POINT('',(39.610219724804,32.973936576526,27.51));
#4124 = LINE('',#4125,#4126);
#4125 = CARTESIAN_POINT('',(39.610219724804,32.973936576526,17.39));
#4126 = VECTOR('',#4127,1.);
#4127 = DIRECTION('',(0.,0.,1.));
#4128 = ORIENTED_EDGE('',*,*,#4129,.T.);
#4129 = EDGE_CURVE('',#4122,#4130,#4132,.T.);
#4130 = VERTEX_POINT('',#4131);
#4131 = CARTESIAN_POINT('',(40.539138494576,33.810338793653,27.51));
#4132 = LINE('',#4133,#4134);
#4133 = CARTESIAN_POINT('',(39.610219724804,32.973936576526,27.51));
#4134 = VECTOR('',#4135,1.);
#4135 = DIRECTION('',(0.743144825477,0.669130606359,0.));
#4136 = ORIENTED_EDGE('',*,*,#4137,.F.);
#4137 = EDGE_CURVE('',#4138,#4130,#4140,.T.);
#4138 = VERTEX_POINT('',#4139);
#4139 = CARTESIAN_POINT('',(40.539138494576,33.810338793653,27.5));
#4140 = LINE('',#4141,#4142);
#4141 = CARTESIAN_POINT('',(40.539138494576,33.810338793653,22.445));
#4142 = VECTOR('',#4143,1.);
#4143 = DIRECTION('',(0.,0.,1.));
#4144 = ORIENTED_EDGE('',*,*,#4145,.T.);
#4145 = EDGE_CURVE('',#4138,#4146,#4148,.T.);
#4146 = VERTEX_POINT('',#4147);
#4147 = CARTESIAN_POINT('',(43.75737179827,36.708049075794,27.5));
#4148 = LINE('',#4149,#4150);
#4149 = CARTESIAN_POINT('',(38.747110167779,32.196789240709,27.5));
#4150 = VECTOR('',#4151,1.);
#4151 = DIRECTION('',(0.743144825477,0.669130606359,-0.));
#4152 = ORIENTED_EDGE('',*,*,#4153,.T.);
#4153 = EDGE_CURVE('',#4146,#4154,#4156,.T.);
#4154 = VERTEX_POINT('',#4155);
#4155 = CARTESIAN_POINT('',(43.75737179827,36.708049075794,27.51));
#4156 = LINE('',#4157,#4158);
#4157 = CARTESIAN_POINT('',(43.75737179827,36.708049075794,22.445));
#4158 = VECTOR('',#4159,1.);
#4159 = DIRECTION('',(0.,0.,1.));
#4160 = ORIENTED_EDGE('',*,*,#4161,.T.);
#4161 = EDGE_CURVE('',#4154,#4113,#4162,.T.);
#4162 = LINE('',#4163,#4164);
#4163 = CARTESIAN_POINT('',(39.610219724804,32.973936576526,27.51));
#4164 = VECTOR('',#4165,1.);
#4165 = DIRECTION('',(0.743144825477,0.669130606359,0.));
#4166 = PLANE('',#4167);
#4167 = AXIS2_PLACEMENT_3D('',#4168,#4169,#4170);
#4168 = CARTESIAN_POINT('',(39.610219724804,32.973936576526,17.39));
#4169 = DIRECTION('',(-0.669130606359,0.743144825477,0.));
#4170 = DIRECTION('',(0.,0.,1.));
#4171 = ADVANCED_FACE('',(#4172),#4222,.F.);
#4172 = FACE_BOUND('',#4173,.F.);
#4173 = EDGE_LOOP('',(#4174,#4175,#4176,#4184,#4192,#4200,#4208,#4216));
#4174 = ORIENTED_EDGE('',*,*,#4121,.F.);
#4175 = ORIENTED_EDGE('',*,*,#1496,.T.);
#4176 = ORIENTED_EDGE('',*,*,#4177,.T.);
#4177 = EDGE_CURVE('',#1497,#4178,#4180,.T.);
#4178 = VERTEX_POINT('',#4179);
#4179 = CARTESIAN_POINT('',(36.933697299368,35.946515878436,26.5));
#4180 = LINE('',#4181,#4182);
#4181 = CARTESIAN_POINT('',(36.933697299368,35.946515878436,17.39));
#4182 = VECTOR('',#4183,1.);
#4183 = DIRECTION('',(0.,0.,1.));
#4184 = ORIENTED_EDGE('',*,*,#4185,.T.);
#4185 = EDGE_CURVE('',#4178,#4186,#4188,.T.);
#4186 = VERTEX_POINT('',#4187);
#4187 = CARTESIAN_POINT('',(37.469319084708,35.351647620423,26.5));
#4188 = LINE('',#4189,#4190);
#4189 = CARTESIAN_POINT('',(38.012457137034,34.748431702229,26.5));
#4190 = VECTOR('',#4191,1.);
#4191 = DIRECTION('',(0.669130606359,-0.743144825477,0.));
#4192 = ORIENTED_EDGE('',*,*,#4193,.T.);
#4193 = EDGE_CURVE('',#4186,#4194,#4196,.T.);
#4194 = VERTEX_POINT('',#4195);
#4195 = CARTESIAN_POINT('',(37.469319084708,35.351647620423,27.5));
#4196 = LINE('',#4197,#4198);
#4197 = CARTESIAN_POINT('',(37.469319084708,35.351647620423,26.5));
#4198 = VECTOR('',#4199,1.);
#4199 = DIRECTION('',(0.,0.,1.));
#4200 = ORIENTED_EDGE('',*,*,#4201,.T.);
#4201 = EDGE_CURVE('',#4194,#4202,#4204,.T.);
#4202 = VERTEX_POINT('',#4203);
#4203 = CARTESIAN_POINT('',(39.146170122187,33.489315872694,27.5));
#4204 = LINE('',#4205,#4206);
#4205 = CARTESIAN_POINT('',(39.418923489541,33.186392569449,27.5));
#4206 = VECTOR('',#4207,1.);
#4207 = DIRECTION('',(0.669130606359,-0.743144825477,0.));
#4208 = ORIENTED_EDGE('',*,*,#4209,.T.);
#4209 = EDGE_CURVE('',#4202,#4210,#4212,.T.);
#4210 = VERTEX_POINT('',#4211);
#4211 = CARTESIAN_POINT('',(39.146170122187,33.489315872694,27.51));
#4212 = LINE('',#4213,#4214);
#4213 = CARTESIAN_POINT('',(39.146170122187,33.489315872694,22.445));
#4214 = VECTOR('',#4215,1.);
#4215 = DIRECTION('',(0.,-0.,1.));
#4216 = ORIENTED_EDGE('',*,*,#4217,.F.);
#4217 = EDGE_CURVE('',#4122,#4210,#4218,.T.);
#4218 = LINE('',#4219,#4220);
#4219 = CARTESIAN_POINT('',(39.610219724804,32.973936576526,27.51));
#4220 = VECTOR('',#4221,1.);
#4221 = DIRECTION('',(-0.669130606359,0.743144825477,0.));
#4222 = PLANE('',#4223);
#4223 = AXIS2_PLACEMENT_3D('',#4224,#4225,#4226);
#4224 = CARTESIAN_POINT('',(39.610219724804,32.973936576526,17.39));
#4225 = DIRECTION('',(0.743144825477,0.669130606359,0.));
#4226 = DIRECTION('',(0.,0.,1.));
#4227 = ADVANCED_FACE('',(#4228),#4278,.T.);
#4228 = FACE_BOUND('',#4229,.T.);
#4229 = EDGE_LOOP('',(#4230,#4238,#4239,#4240,#4248,#4256,#4264,#4272));
#4230 = ORIENTED_EDGE('',*,*,#4231,.F.);
#4231 = EDGE_CURVE('',#1505,#4232,#4234,.T.);
#4232 = VERTEX_POINT('',#4233);
#4233 = CARTESIAN_POINT('',(41.392566252232,39.961299516589,27.51));
#4234 = LINE('',#4235,#4236);
#4235 = CARTESIAN_POINT('',(41.392566252232,39.961299516589,17.39));
#4236 = VECTOR('',#4237,1.);
#4237 = DIRECTION('',(0.,0.,1.));
#4238 = ORIENTED_EDGE('',*,*,#1504,.T.);
#4239 = ORIENTED_EDGE('',*,*,#4177,.T.);
#4240 = ORIENTED_EDGE('',*,*,#4241,.T.);
#4241 = EDGE_CURVE('',#4178,#4242,#4244,.T.);
#4242 = VERTEX_POINT('',#4243);
#4243 = CARTESIAN_POINT('',(39.510575924155,38.266747813859,26.5));
#4244 = LINE('',#4245,#4246);
#4245 = CARTESIAN_POINT('',(37.47705409485,36.435756534585,26.5));
#4246 = VECTOR('',#4247,1.);
#4247 = DIRECTION('',(0.743144825477,0.669130606359,-0.));
#4248 = ORIENTED_EDGE('',*,*,#4249,.T.);
#4249 = EDGE_CURVE('',#4242,#4250,#4252,.T.);
#4250 = VERTEX_POINT('',#4251);
#4251 = CARTESIAN_POINT('',(39.510575924155,38.266747813859,27.5));
#4252 = LINE('',#4253,#4254);
#4253 = CARTESIAN_POINT('',(39.510575924155,38.266747813859,26.5));
#4254 = VECTOR('',#4255,1.);
#4255 = DIRECTION('',(0.,0.,1.));
#4256 = ORIENTED_EDGE('',*,*,#4257,.T.);
#4257 = EDGE_CURVE('',#4250,#4258,#4260,.T.);
#4258 = VERTEX_POINT('',#4259);
#4259 = CARTESIAN_POINT('',(41.027278017367,39.632392512582,27.5));
#4260 = LINE('',#4261,#4262);
#4261 = CARTESIAN_POINT('',(36.070587742343,35.169368542619,27.5));
#4262 = VECTOR('',#4263,1.);
#4263 = DIRECTION('',(0.743144825477,0.669130606359,-0.));
#4264 = ORIENTED_EDGE('',*,*,#4265,.F.);
#4265 = EDGE_CURVE('',#4266,#4258,#4268,.T.);
#4266 = VERTEX_POINT('',#4267);
#4267 = CARTESIAN_POINT('',(41.027278017367,39.632392512582,27.51));
#4268 = LINE('',#4269,#4270);
#4269 = CARTESIAN_POINT('',(41.027278017367,39.632392512582,22.445));
#4270 = VECTOR('',#4271,1.);
#4271 = DIRECTION('',(0.,0.,-1.));
#4272 = ORIENTED_EDGE('',*,*,#4273,.T.);
#4273 = EDGE_CURVE('',#4266,#4232,#4274,.T.);
#4274 = LINE('',#4275,#4276);
#4275 = CARTESIAN_POINT('',(36.933697299368,35.946515878436,27.51));
#4276 = VECTOR('',#4277,1.);
#4277 = DIRECTION('',(0.743144825477,0.669130606359,0.));
#4278 = PLANE('',#4279);
#4279 = AXIS2_PLACEMENT_3D('',#4280,#4281,#4282);
#4280 = CARTESIAN_POINT('',(36.933697299368,35.946515878436,17.39));
#4281 = DIRECTION('',(-0.669130606359,0.743144825477,0.));
#4282 = DIRECTION('',(0.,0.,1.));
#4283 = ADVANCED_FACE('',(#4284),#4295,.T.);
#4284 = FACE_BOUND('',#4285,.T.);
#4285 = EDGE_LOOP('',(#4286,#4287,#4288,#4289));
#4286 = ORIENTED_EDGE('',*,*,#4112,.F.);
#4287 = ORIENTED_EDGE('',*,*,#1512,.T.);
#4288 = ORIENTED_EDGE('',*,*,#4231,.T.);
#4289 = ORIENTED_EDGE('',*,*,#4290,.F.);
#4290 = EDGE_CURVE('',#4113,#4232,#4291,.T.);
#4291 = LINE('',#4292,#4293);
#4292 = CARTESIAN_POINT('',(44.069088677668,36.98872021468,27.51));
#4293 = VECTOR('',#4294,1.);
#4294 = DIRECTION('',(-0.669130606359,0.743144825477,0.));
#4295 = PLANE('',#4296);
#4296 = AXIS2_PLACEMENT_3D('',#4297,#4298,#4299);
#4297 = CARTESIAN_POINT('',(44.069088677668,36.98872021468,17.39));
#4298 = DIRECTION('',(0.743144825477,0.669130606359,0.));
#4299 = DIRECTION('',(0.,0.,1.));
#4300 = ADVANCED_FACE('',(#4301),#4329,.T.);
#4301 = FACE_BOUND('',#4302,.T.);
#4302 = EDGE_LOOP('',(#4303,#4312,#4313,#4322));
#4303 = ORIENTED_EDGE('',*,*,#4304,.F.);
#4304 = EDGE_CURVE('',#1529,#4305,#4307,.T.);
#4305 = VERTEX_POINT('',#4306);
#4306 = CARTESIAN_POINT('',(6.50653593758,55.117283950617,8.));
#4307 = CIRCLE('',#4308,55.5);
#4308 = AXIS2_PLACEMENT_3D('',#4309,#4310,#4311);
#4309 = CARTESIAN_POINT('',(0.,0.,8.));
#4310 = DIRECTION('',(0.,0.,1.));
#4311 = DIRECTION('',(1.,0.,-0.));
#4312 = ORIENTED_EDGE('',*,*,#1526,.F.);
#4313 = ORIENTED_EDGE('',*,*,#4314,.F.);
#4314 = EDGE_CURVE('',#4315,#1527,#4317,.T.);
#4315 = VERTEX_POINT('',#4316);
#4316 = CARTESIAN_POINT('',(-6.50653593758,55.117283950617,8.));
#4317 = CIRCLE('',#4318,55.5);
#4318 = AXIS2_PLACEMENT_3D('',#4319,#4320,#4321);
#4319 = CARTESIAN_POINT('',(0.,0.,8.));
#4320 = DIRECTION('',(0.,0.,1.));
#4321 = DIRECTION('',(1.,0.,-0.));
#4322 = ORIENTED_EDGE('',*,*,#4323,.T.);
#4323 = EDGE_CURVE('',#4315,#4305,#4324,.T.);
#4324 = CIRCLE('',#4325,16.);
#4325 = AXIS2_PLACEMENT_3D('',#4326,#4327,#4328);
#4326 = CARTESIAN_POINT('',(2.479909768273E-15,40.5,8.));
#4327 = DIRECTION('',(0.,0.,-1.));
#4328 = DIRECTION('',(-0.406658496099,0.913580246914,0.));
#4329 = PLANE('',#4330);
#4330 = AXIS2_PLACEMENT_3D('',#4331,#4332,#4333);
#4331 = CARTESIAN_POINT('',(2.479909768273E-15,40.5,8.));
#4332 = DIRECTION('',(0.,0.,1.));
#4333 = DIRECTION('',(2.22044604925E-16,1.,0.));
#4334 = ADVANCED_FACE('',(#4335,#4573,#4609,#4612,#4615,#4618,#4621,
    #4624,#4627,#4630,#4633,#4636,#4639,#4642,#4645,#4648,#4651,#4654,
    #4657,#4660),#4663,.F.);
#4335 = FACE_BOUND('',#4336,.F.);
#4336 = EDGE_LOOP('',(#4337,#4348,#4354,#4355,#4356,#4363,#4364,#4365,
    #4373,#4382,#4390,#4399,#4407,#4414,#4415,#4423,#4432,#4440,#4449,
    #4457,#4466,#4474,#4481,#4482,#4490,#4499,#4507,#4516,#4524,#4533,
    #4541,#4550,#4558,#4567));
#4337 = ORIENTED_EDGE('',*,*,#4338,.F.);
#4338 = EDGE_CURVE('',#4339,#4341,#4343,.T.);
#4339 = VERTEX_POINT('',#4340);
#4340 = CARTESIAN_POINT('',(6.50653593758,55.117283950617,5.));
#4341 = VERTEX_POINT('',#4342);
#4342 = CARTESIAN_POINT('',(50.549202384868,-22.91349249358,5.));
#4343 = CIRCLE('',#4344,55.5);
#4344 = AXIS2_PLACEMENT_3D('',#4345,#4346,#4347);
#4345 = CARTESIAN_POINT('',(0.,0.,5.));
#4346 = DIRECTION('',(0.,0.,-1.));
#4347 = DIRECTION('',(0.117234881758,0.993104215326,0.));
#4348 = ORIENTED_EDGE('',*,*,#4349,.T.);
#4349 = EDGE_CURVE('',#4339,#4305,#4350,.T.);
#4350 = LINE('',#4351,#4352);
#4351 = CARTESIAN_POINT('',(6.50653593758,55.117283950617,4.99));
#4352 = VECTOR('',#4353,1.);
#4353 = DIRECTION('',(0.,0.,1.));
#4354 = ORIENTED_EDGE('',*,*,#4304,.F.);
#4355 = ORIENTED_EDGE('',*,*,#1588,.T.);
#4356 = ORIENTED_EDGE('',*,*,#4357,.F.);
#4357 = EDGE_CURVE('',#1538,#1580,#4358,.T.);
#4358 = CIRCLE('',#4359,55.5);
#4359 = AXIS2_PLACEMENT_3D('',#4360,#4361,#4362);
#4360 = CARTESIAN_POINT('',(0.,0.,15.6));
#4361 = DIRECTION('',(0.,0.,1.));
#4362 = DIRECTION('',(-0.260531063395,0.965465465465,0.));
#4363 = ORIENTED_EDGE('',*,*,#1537,.F.);
#4364 = ORIENTED_EDGE('',*,*,#4314,.F.);
#4365 = ORIENTED_EDGE('',*,*,#4366,.F.);
#4366 = EDGE_CURVE('',#4367,#4315,#4369,.T.);
#4367 = VERTEX_POINT('',#4368);
#4368 = CARTESIAN_POINT('',(-6.50653593758,55.117283950617,5.));
#4369 = LINE('',#4370,#4371);
#4370 = CARTESIAN_POINT('',(-6.50653593758,55.117283950617,4.99));
#4371 = VECTOR('',#4372,1.);
#4372 = DIRECTION('',(0.,0.,1.));
#4373 = ORIENTED_EDGE('',*,*,#4374,.T.);
#4374 = EDGE_CURVE('',#4367,#4375,#4377,.T.);
#4375 = VERTEX_POINT('',#4376);
#4376 = CARTESIAN_POINT('',(-28.90309689947,47.379964010326,5.));
#4377 = CIRCLE('',#4378,55.5);
#4378 = AXIS2_PLACEMENT_3D('',#4379,#4380,#4381);
#4379 = CARTESIAN_POINT('',(0.,0.,5.));
#4380 = DIRECTION('',(0.,0.,1.));
#4381 = DIRECTION('',(1.,0.,-0.));
#4382 = ORIENTED_EDGE('',*,*,#4383,.T.);
#4383 = EDGE_CURVE('',#4375,#4384,#4386,.T.);
#4384 = VERTEX_POINT('',#4385);
#4385 = CARTESIAN_POINT('',(-28.90309689947,47.379964010326,8.));
#4386 = LINE('',#4387,#4388);
#4387 = CARTESIAN_POINT('',(-28.90309689947,47.379964010326,4.99));
#4388 = VECTOR('',#4389,1.);
#4389 = DIRECTION('',(0.,0.,1.));
#4390 = ORIENTED_EDGE('',*,*,#4391,.T.);
#4391 = EDGE_CURVE('',#4384,#4392,#4394,.T.);
#4392 = VERTEX_POINT('',#4393);
#4393 = CARTESIAN_POINT('',(-29.7482667434,46.853928605438,8.));
#4394 = CIRCLE('',#4395,55.5);
#4395 = AXIS2_PLACEMENT_3D('',#4396,#4397,#4398);
#4396 = CARTESIAN_POINT('',(0.,0.,8.));
#4397 = DIRECTION('',(0.,0.,1.));
#4398 = DIRECTION('',(1.,0.,-0.));
#4399 = ORIENTED_EDGE('',*,*,#4400,.T.);
#4400 = EDGE_CURVE('',#4392,#4401,#4403,.T.);
#4401 = VERTEX_POINT('',#4402);
#4402 = CARTESIAN_POINT('',(-29.7482667434,46.853928605438,12.2));
#4403 = LINE('',#4404,#4405);
#4404 = CARTESIAN_POINT('',(-29.7482667434,46.853928605438,4.99));
#4405 = VECTOR('',#4406,1.);
#4406 = DIRECTION('',(0.,0.,1.));
#4407 = ORIENTED_EDGE('',*,*,#4408,.T.);
#4408 = EDGE_CURVE('',#4401,#1661,#4409,.T.);
#4409 = CIRCLE('',#4410,55.5);
#4410 = AXIS2_PLACEMENT_3D('',#4411,#4412,#4413);
#4411 = CARTESIAN_POINT('',(0.,0.,12.2));
#4412 = DIRECTION('',(0.,0.,1.));
#4413 = DIRECTION('',(1.,0.,-0.));
#4414 = ORIENTED_EDGE('',*,*,#1660,.F.);
#4415 = ORIENTED_EDGE('',*,*,#4416,.F.);
#4416 = EDGE_CURVE('',#4417,#1642,#4419,.T.);
#4417 = VERTEX_POINT('',#4418);
#4418 = CARTESIAN_POINT('',(-33.85378451009,43.979214116947,8.));
#4419 = LINE('',#4420,#4421);
#4420 = CARTESIAN_POINT('',(-33.85378451009,43.979214116947,4.99));
#4421 = VECTOR('',#4422,1.);
#4422 = DIRECTION('',(0.,0.,1.));
#4423 = ORIENTED_EDGE('',*,*,#4424,.T.);
#4424 = EDGE_CURVE('',#4417,#4425,#4427,.T.);
#4425 = VERTEX_POINT('',#4426);
#4426 = CARTESIAN_POINT('',(-34.63716120949,43.364928955869,8.));
#4427 = CIRCLE('',#4428,55.5);
#4428 = AXIS2_PLACEMENT_3D('',#4429,#4430,#4431);
#4429 = CARTESIAN_POINT('',(0.,0.,8.));
#4430 = DIRECTION('',(0.,0.,1.));
#4431 = DIRECTION('',(1.,0.,-0.));
#4432 = ORIENTED_EDGE('',*,*,#4433,.F.);
#4433 = EDGE_CURVE('',#4434,#4425,#4436,.T.);
#4434 = VERTEX_POINT('',#4435);
#4435 = CARTESIAN_POINT('',(-34.63716120949,43.364928955869,5.));
#4436 = LINE('',#4437,#4438);
#4437 = CARTESIAN_POINT('',(-34.63716120949,43.364928955869,4.99));
#4438 = VECTOR('',#4439,1.);
#4439 = DIRECTION('',(0.,0.,1.));
#4440 = ORIENTED_EDGE('',*,*,#4441,.T.);
#4441 = EDGE_CURVE('',#4434,#4442,#4444,.T.);
#4442 = VERTEX_POINT('',#4443);
#4443 = CARTESIAN_POINT('',(-26.5807040136,-48.72079816814,5.));
#4444 = CIRCLE('',#4445,55.5);
#4445 = AXIS2_PLACEMENT_3D('',#4446,#4447,#4448);
#4446 = CARTESIAN_POINT('',(0.,0.,5.));
#4447 = DIRECTION('',(0.,0.,1.));
#4448 = DIRECTION('',(1.,0.,-0.));
#4449 = ORIENTED_EDGE('',*,*,#4450,.T.);
#4450 = EDGE_CURVE('',#4442,#4451,#4453,.T.);
#4451 = VERTEX_POINT('',#4452);
#4452 = CARTESIAN_POINT('',(-26.5807040136,-48.72079816814,8.));
#4453 = LINE('',#4454,#4455);
#4454 = CARTESIAN_POINT('',(-26.5807040136,-48.72079816814,4.99));
#4455 = VECTOR('',#4456,1.);
#4456 = DIRECTION('',(0.,0.,1.));
#4457 = ORIENTED_EDGE('',*,*,#4458,.T.);
#4458 = EDGE_CURVE('',#4451,#4459,#4461,.T.);
#4459 = VERTEX_POINT('',#4460);
#4460 = CARTESIAN_POINT('',(-25.70255906771,-49.18971902106,8.));
#4461 = CIRCLE('',#4462,55.5);
#4462 = AXIS2_PLACEMENT_3D('',#4463,#4464,#4465);
#4463 = CARTESIAN_POINT('',(0.,0.,8.));
#4464 = DIRECTION('',(0.,0.,1.));
#4465 = DIRECTION('',(1.,0.,-0.));
#4466 = ORIENTED_EDGE('',*,*,#4467,.T.);
#4467 = EDGE_CURVE('',#4459,#4468,#4470,.T.);
#4468 = VERTEX_POINT('',#4469);
#4469 = CARTESIAN_POINT('',(-25.70255906771,-49.18971902106,12.2));
#4470 = LINE('',#4471,#4472);
#4471 = CARTESIAN_POINT('',(-25.70255906771,-49.18971902106,4.99));
#4472 = VECTOR('',#4473,1.);
#4473 = DIRECTION('',(0.,0.,1.));
#4474 = ORIENTED_EDGE('',*,*,#4475,.T.);
#4475 = EDGE_CURVE('',#4468,#2282,#4476,.T.);
#4476 = CIRCLE('',#4477,55.5);
#4477 = AXIS2_PLACEMENT_3D('',#4478,#4479,#4480);
#4478 = CARTESIAN_POINT('',(0.,0.,12.2));
#4479 = DIRECTION('',(0.,0.,1.));
#4480 = DIRECTION('',(1.,0.,-0.));
#4481 = ORIENTED_EDGE('',*,*,#2281,.F.);
#4482 = ORIENTED_EDGE('',*,*,#4483,.F.);
#4483 = EDGE_CURVE('',#4484,#2263,#4486,.T.);
#4484 = VERTEX_POINT('',#4485);
#4485 = CARTESIAN_POINT('',(-21.1602244087,-51.30784445845,8.));
#4486 = LINE('',#4487,#4488);
#4487 = CARTESIAN_POINT('',(-21.1602244087,-51.30784445845,4.99));
#4488 = VECTOR('',#4489,1.);
#4489 = DIRECTION('',(0.,0.,1.));
#4490 = ORIENTED_EDGE('',*,*,#4491,.T.);
#4491 = EDGE_CURVE('',#4484,#4492,#4494,.T.);
#4492 = VERTEX_POINT('',#4493);
#4493 = CARTESIAN_POINT('',(-20.23654950434,-51.67912600033,8.));
#4494 = CIRCLE('',#4495,55.5);
#4495 = AXIS2_PLACEMENT_3D('',#4496,#4497,#4498);
#4496 = CARTESIAN_POINT('',(0.,0.,8.));
#4497 = DIRECTION('',(0.,0.,1.));
#4498 = DIRECTION('',(1.,0.,-0.));
#4499 = ORIENTED_EDGE('',*,*,#4500,.F.);
#4500 = EDGE_CURVE('',#4501,#4492,#4503,.T.);
#4501 = VERTEX_POINT('',#4502);
#4502 = CARTESIAN_POINT('',(-20.23654950434,-51.67912600033,5.));
#4503 = LINE('',#4504,#4505);
#4504 = CARTESIAN_POINT('',(-20.23654950434,-51.67912600033,4.99));
#4505 = VECTOR('',#4506,1.);
#4506 = DIRECTION('',(0.,0.,1.));
#4507 = ORIENTED_EDGE('',*,*,#4508,.T.);
#4508 = EDGE_CURVE('',#4501,#4509,#4511,.T.);
#4509 = VERTEX_POINT('',#4510);
#4510 = CARTESIAN_POINT('',(47.262901445366,-29.0941256436,5.));
#4511 = CIRCLE('',#4512,55.5);
#4512 = AXIS2_PLACEMENT_3D('',#4513,#4514,#4515);
#4513 = CARTESIAN_POINT('',(0.,0.,5.));
#4514 = DIRECTION('',(0.,0.,1.));
#4515 = DIRECTION('',(1.,0.,-0.));
#4516 = ORIENTED_EDGE('',*,*,#4517,.T.);
#4517 = EDGE_CURVE('',#4509,#4518,#4520,.T.);
#4518 = VERTEX_POINT('',#4519);
#4519 = CARTESIAN_POINT('',(47.262901445366,-29.0941256436,8.));
#4520 = LINE('',#4521,#4522);
#4521 = CARTESIAN_POINT('',(47.262901445366,-29.0941256436,4.99));
#4522 = VECTOR('',#4523,1.);
#4523 = DIRECTION('',(0.,0.,1.));
#4524 = ORIENTED_EDGE('',*,*,#4525,.T.);
#4525 = EDGE_CURVE('',#4518,#4526,#4528,.T.);
#4526 = VERTEX_POINT('',#4527);
#4527 = CARTESIAN_POINT('',(47.77713821401,-28.24172558608,8.));
#4528 = CIRCLE('',#4529,55.5);
#4529 = AXIS2_PLACEMENT_3D('',#4530,#4531,#4532);
#4530 = CARTESIAN_POINT('',(0.,0.,8.));
#4531 = DIRECTION('',(0.,0.,1.));
#4532 = DIRECTION('',(1.,0.,-0.));
#4533 = ORIENTED_EDGE('',*,*,#4534,.T.);
#4534 = EDGE_CURVE('',#4526,#4535,#4537,.T.);
#4535 = VERTEX_POINT('',#4536);
#4536 = CARTESIAN_POINT('',(47.77713821401,-28.24172558608,12.2));
#4537 = LINE('',#4538,#4539);
#4538 = CARTESIAN_POINT('',(47.77713821401,-28.24172558608,4.99));
#4539 = VECTOR('',#4540,1.);
#4540 = DIRECTION('',(0.,0.,1.));
#4541 = ORIENTED_EDGE('',*,*,#4542,.T.);
#4542 = EDGE_CURVE('',#4535,#4543,#4545,.T.);
#4543 = VERTEX_POINT('',#4544);
#4544 = CARTESIAN_POINT('',(50.130088262064,-23.81647015906,12.2));
#4545 = CIRCLE('',#4546,55.5);
#4546 = AXIS2_PLACEMENT_3D('',#4547,#4548,#4549);
#4547 = CARTESIAN_POINT('',(0.,0.,12.2));
#4548 = DIRECTION('',(0.,0.,1.));
#4549 = DIRECTION('',(1.,0.,-0.));
#4550 = ORIENTED_EDGE('',*,*,#4551,.F.);
#4551 = EDGE_CURVE('',#4552,#4543,#4554,.T.);
#4552 = VERTEX_POINT('',#4553);
#4553 = CARTESIAN_POINT('',(50.130088262064,-23.81647015906,8.));
#4554 = LINE('',#4555,#4556);
#4555 = CARTESIAN_POINT('',(50.130088262064,-23.81647015906,4.99));
#4556 = VECTOR('',#4557,1.);
#4557 = DIRECTION('',(0.,0.,1.));
#4558 = ORIENTED_EDGE('',*,*,#4559,.T.);
#4559 = EDGE_CURVE('',#4552,#4560,#4562,.T.);
#4560 = VERTEX_POINT('',#4561);
#4561 = CARTESIAN_POINT('',(50.549202384868,-22.91349249358,8.));
#4562 = CIRCLE('',#4563,55.5);
#4563 = AXIS2_PLACEMENT_3D('',#4564,#4565,#4566);
#4564 = CARTESIAN_POINT('',(0.,0.,8.));
#4565 = DIRECTION('',(0.,0.,1.));
#4566 = DIRECTION('',(1.,0.,-0.));
#4567 = ORIENTED_EDGE('',*,*,#4568,.F.);
#4568 = EDGE_CURVE('',#4341,#4560,#4569,.T.);
#4569 = LINE('',#4570,#4571);
#4570 = CARTESIAN_POINT('',(50.549202384868,-22.91349249358,4.99));
#4571 = VECTOR('',#4572,1.);
#4572 = DIRECTION('',(0.,0.,1.));
#4573 = FACE_BOUND('',#4574,.F.);
#4574 = EDGE_LOOP('',(#4575,#4586,#4594,#4603));
#4575 = ORIENTED_EDGE('',*,*,#4576,.T.);
#4576 = EDGE_CURVE('',#4577,#4579,#4581,.T.);
#4577 = VERTEX_POINT('',#4578);
#4578 = CARTESIAN_POINT('',(-51.8321866121,19.841230582009,14.5));
#4579 = VERTEX_POINT('',#4580);
#4580 = CARTESIAN_POINT('',(-54.80860563077,8.733083579685,14.5));
#4581 = CIRCLE('',#4582,55.5);
#4582 = AXIS2_PLACEMENT_3D('',#4583,#4584,#4585);
#4583 = CARTESIAN_POINT('',(0.,0.,14.5));
#4584 = DIRECTION('',(0.,0.,1.));
#4585 = DIRECTION('',(1.,0.,-0.));
#4586 = ORIENTED_EDGE('',*,*,#4587,.F.);
#4587 = EDGE_CURVE('',#4588,#4579,#4590,.T.);
#4588 = VERTEX_POINT('',#4589);
#4589 = CARTESIAN_POINT('',(-54.80860563077,8.733083579685,8.5));
#4590 = LINE('',#4591,#4592);
#4591 = CARTESIAN_POINT('',(-54.80860563077,8.733083579685,4.99));
#4592 = VECTOR('',#4593,1.);
#4593 = DIRECTION('',(0.,0.,1.));
#4594 = ORIENTED_EDGE('',*,*,#4595,.F.);
#4595 = EDGE_CURVE('',#4596,#4588,#4598,.T.);
#4596 = VERTEX_POINT('',#4597);
#4597 = CARTESIAN_POINT('',(-51.8321866121,19.841230582009,8.5));
#4598 = CIRCLE('',#4599,55.5);
#4599 = AXIS2_PLACEMENT_3D('',#4600,#4601,#4602);
#4600 = CARTESIAN_POINT('',(0.,0.,8.5));
#4601 = DIRECTION('',(0.,0.,1.));
#4602 = DIRECTION('',(1.,0.,-0.));
#4603 = ORIENTED_EDGE('',*,*,#4604,.T.);
#4604 = EDGE_CURVE('',#4596,#4577,#4605,.T.);
#4605 = LINE('',#4606,#4607);
#4606 = CARTESIAN_POINT('',(-51.8321866121,19.841230582009,4.99));
#4607 = VECTOR('',#4608,1.);
#4608 = DIRECTION('',(0.,0.,1.));
#4609 = FACE_BOUND('',#4610,.F.);
#4610 = EDGE_LOOP('',(#4611));
#4611 = ORIENTED_EDGE('',*,*,#1749,.F.);
#4612 = FACE_BOUND('',#4613,.F.);
#4613 = EDGE_LOOP('',(#4614));
#4614 = ORIENTED_EDGE('',*,*,#1821,.F.);
#4615 = FACE_BOUND('',#4616,.F.);
#4616 = EDGE_LOOP('',(#4617));
#4617 = ORIENTED_EDGE('',*,*,#1893,.F.);
#4618 = FACE_BOUND('',#4619,.F.);
#4619 = EDGE_LOOP('',(#4620));
#4620 = ORIENTED_EDGE('',*,*,#1965,.F.);
#4621 = FACE_BOUND('',#4622,.F.);
#4622 = EDGE_LOOP('',(#4623));
#4623 = ORIENTED_EDGE('',*,*,#2037,.F.);
#4624 = FACE_BOUND('',#4625,.F.);
#4625 = EDGE_LOOP('',(#4626));
#4626 = ORIENTED_EDGE('',*,*,#2109,.F.);
#4627 = FACE_BOUND('',#4628,.F.);
#4628 = EDGE_LOOP('',(#4629));
#4629 = ORIENTED_EDGE('',*,*,#2181,.F.);
#4630 = FACE_BOUND('',#4631,.F.);
#4631 = EDGE_LOOP('',(#4632));
#4632 = ORIENTED_EDGE('',*,*,#2370,.F.);
#4633 = FACE_BOUND('',#4634,.F.);
#4634 = EDGE_LOOP('',(#4635));
#4635 = ORIENTED_EDGE('',*,*,#2477,.F.);
#4636 = FACE_BOUND('',#4637,.F.);
#4637 = EDGE_LOOP('',(#4638));
#4638 = ORIENTED_EDGE('',*,*,#2572,.F.);
#4639 = FACE_BOUND('',#4640,.F.);
#4640 = EDGE_LOOP('',(#4641));
#4641 = ORIENTED_EDGE('',*,*,#3076,.F.);
#4642 = FACE_BOUND('',#4643,.F.);
#4643 = EDGE_LOOP('',(#4644));
#4644 = ORIENTED_EDGE('',*,*,#2644,.F.);
#4645 = FACE_BOUND('',#4646,.F.);
#4646 = EDGE_LOOP('',(#4647));
#4647 = ORIENTED_EDGE('',*,*,#2716,.F.);
#4648 = FACE_BOUND('',#4649,.F.);
#4649 = EDGE_LOOP('',(#4650));
#4650 = ORIENTED_EDGE('',*,*,#2788,.F.);
#4651 = FACE_BOUND('',#4652,.F.);
#4652 = EDGE_LOOP('',(#4653));
#4653 = ORIENTED_EDGE('',*,*,#2860,.F.);
#4654 = FACE_BOUND('',#4655,.F.);
#4655 = EDGE_LOOP('',(#4656));
#4656 = ORIENTED_EDGE('',*,*,#2932,.F.);
#4657 = FACE_BOUND('',#4658,.F.);
#4658 = EDGE_LOOP('',(#4659));
#4659 = ORIENTED_EDGE('',*,*,#3004,.F.);
#4660 = FACE_BOUND('',#4661,.F.);
#4661 = EDGE_LOOP('',(#4662));
#4662 = ORIENTED_EDGE('',*,*,#3148,.F.);
#4663 = CYLINDRICAL_SURFACE('',#4664,55.5);
#4664 = AXIS2_PLACEMENT_3D('',#4665,#4666,#4667);
#4665 = CARTESIAN_POINT('',(0.,0.,4.99));
#4666 = DIRECTION('',(0.,0.,1.));
#4667 = DIRECTION('',(1.,0.,-0.));
#4668 = ADVANCED_FACE('',(#4669,#4675,#4686,#4697),#4708,.F.);
#4669 = FACE_BOUND('',#4670,.F.);
#4670 = EDGE_LOOP('',(#4671,#4672,#4673,#4674));
#4671 = ORIENTED_EDGE('',*,*,#4357,.T.);
#4672 = ORIENTED_EDGE('',*,*,#1579,.F.);
#4673 = ORIENTED_EDGE('',*,*,#3211,.T.);
#4674 = ORIENTED_EDGE('',*,*,#1545,.F.);
#4675 = FACE_BOUND('',#4676,.F.);
#4676 = EDGE_LOOP('',(#4677));
#4677 = ORIENTED_EDGE('',*,*,#4678,.F.);
#4678 = EDGE_CURVE('',#4679,#4679,#4681,.T.);
#4679 = VERTEX_POINT('',#4680);
#4680 = CARTESIAN_POINT('',(-1.069343044811E-14,-54.28,15.6));
#4681 = CIRCLE('',#4682,2.55);
#4682 = AXIS2_PLACEMENT_3D('',#4683,#4684,#4685);
#4683 = CARTESIAN_POINT('',(-9.502646837984E-15,-51.73,15.6));
#4684 = DIRECTION('',(0.,0.,1.));
#4685 = DIRECTION('',(-2.22044604925E-16,-1.,0.));
#4686 = FACE_BOUND('',#4687,.F.);
#4687 = EDGE_LOOP('',(#4688));
#4688 = ORIENTED_EDGE('',*,*,#4689,.F.);
#4689 = EDGE_CURVE('',#4690,#4690,#4692,.T.);
#4690 = VERTEX_POINT('',#4691);
#4691 = CARTESIAN_POINT('',(-47.00785891741,27.14,15.6));
#4692 = CIRCLE('',#4693,2.55);
#4693 = AXIS2_PLACEMENT_3D('',#4694,#4695,#4696);
#4694 = CARTESIAN_POINT('',(-44.79949413776,25.865,15.6));
#4695 = DIRECTION('',(0.,0.,1.));
#4696 = DIRECTION('',(-0.866025403784,0.5,0.));
#4697 = FACE_BOUND('',#4698,.F.);
#4698 = EDGE_LOOP('',(#4699));
#4699 = ORIENTED_EDGE('',*,*,#4700,.F.);
#4700 = EDGE_CURVE('',#4701,#4701,#4703,.T.);
#4701 = VERTEX_POINT('',#4702);
#4702 = CARTESIAN_POINT('',(47.007858917419,27.14,15.6));
#4703 = CIRCLE('',#4704,2.55);
#4704 = AXIS2_PLACEMENT_3D('',#4705,#4706,#4707);
#4705 = CARTESIAN_POINT('',(44.799494137769,25.865,15.6));
#4706 = DIRECTION('',(0.,0.,1.));
#4707 = DIRECTION('',(0.866025403784,0.5,-0.));
#4708 = PLANE('',#4709);
#4709 = AXIS2_PLACEMENT_3D('',#4710,#4711,#4712);
#4710 = CARTESIAN_POINT('',(0.,0.,15.6));
#4711 = DIRECTION('',(0.,0.,1.));
#4712 = DIRECTION('',(1.,0.,-0.));
#4713 = ADVANCED_FACE('',(#4714),#4733,.T.);
#4714 = FACE_BOUND('',#4715,.T.);
#4715 = EDGE_LOOP('',(#4716,#4717,#4725,#4732));
#4716 = ORIENTED_EDGE('',*,*,#1602,.F.);
#4717 = ORIENTED_EDGE('',*,*,#4718,.F.);
#4718 = EDGE_CURVE('',#4719,#1603,#4721,.T.);
#4719 = VERTEX_POINT('',#4720);
#4720 = CARTESIAN_POINT('',(60.5,-1.481822626968E-14,7.6));
#4721 = LINE('',#4722,#4723);
#4722 = CARTESIAN_POINT('',(60.5,-1.481822626968E-14,7.6));
#4723 = VECTOR('',#4724,1.);
#4724 = DIRECTION('',(0.,0.,1.));
#4725 = ORIENTED_EDGE('',*,*,#4726,.T.);
#4726 = EDGE_CURVE('',#4719,#4719,#4727,.T.);
#4727 = CIRCLE('',#4728,60.5);
#4728 = AXIS2_PLACEMENT_3D('',#4729,#4730,#4731);
#4729 = CARTESIAN_POINT('',(0.,0.,7.6));
#4730 = DIRECTION('',(0.,0.,1.));
#4731 = DIRECTION('',(1.,0.,-0.));
#4732 = ORIENTED_EDGE('',*,*,#4718,.T.);
#4733 = CYLINDRICAL_SURFACE('',#4734,60.5);
#4734 = AXIS2_PLACEMENT_3D('',#4735,#4736,#4737);
#4735 = CARTESIAN_POINT('',(0.,0.,7.6));
#4736 = DIRECTION('',(0.,0.,1.));
#4737 = DIRECTION('',(1.,0.,-0.));
#4738 = ADVANCED_FACE('',(#4739),#4757,.T.);
#4739 = FACE_BOUND('',#4740,.T.);
#4740 = EDGE_LOOP('',(#4741,#4742,#4743,#4751));
#4741 = ORIENTED_EDGE('',*,*,#1724,.T.);
#4742 = ORIENTED_EDGE('',*,*,#1632,.T.);
#4743 = ORIENTED_EDGE('',*,*,#4744,.T.);
#4744 = EDGE_CURVE('',#1633,#4745,#4747,.T.);
#4745 = VERTEX_POINT('',#4746);
#4746 = CARTESIAN_POINT('',(-33.83282809298,42.734904488159,12.2));
#4747 = LINE('',#4748,#4749);
#4748 = CARTESIAN_POINT('',(-33.83282809298,42.734904488159,4.99));
#4749 = VECTOR('',#4750,1.);
#4750 = DIRECTION('',(0.,0.,1.));
#4751 = ORIENTED_EDGE('',*,*,#4752,.F.);
#4752 = EDGE_CURVE('',#1717,#4745,#4753,.T.);
#4753 = LINE('',#4754,#4755);
#4754 = CARTESIAN_POINT('',(-32.26044983428,43.941432761375,12.2));
#4755 = VECTOR('',#4756,1.);
#4756 = DIRECTION('',(-0.793353340291,-0.608761429009,0.));
#4757 = PLANE('',#4758);
#4758 = AXIS2_PLACEMENT_3D('',#4759,#4760,#4761);
#4759 = CARTESIAN_POINT('',(-33.17749788097,43.237757045872,12.));
#4760 = DIRECTION('',(-0.608761429009,0.793353340291,2.22044604925E-16)
  );
#4761 = DIRECTION('',(-1.351721909978E-16,1.761598290109E-16,-1.));
#4762 = ADVANCED_FACE('',(#4763),#4775,.T.);
#4763 = FACE_BOUND('',#4764,.T.);
#4764 = EDGE_LOOP('',(#4765,#4772,#4773,#4774));
#4765 = ORIENTED_EDGE('',*,*,#4766,.T.);
#4766 = EDGE_CURVE('',#4745,#4401,#4767,.T.);
#4767 = CIRCLE('',#4768,3.5);
#4768 = AXIS2_PLACEMENT_3D('',#4769,#4770,#4771);
#4769 = CARTESIAN_POINT('',(-30.3995511266,43.415058347317,12.2));
#4770 = DIRECTION('',(0.,0.,1.));
#4771 = DIRECTION('',(-0.573576436351,0.819152044289,0.));
#4772 = ORIENTED_EDGE('',*,*,#4408,.T.);
#4773 = ORIENTED_EDGE('',*,*,#1716,.F.);
#4774 = ORIENTED_EDGE('',*,*,#4752,.T.);
#4775 = PLANE('',#4776);
#4776 = AXIS2_PLACEMENT_3D('',#4777,#4778,#4779);
#4777 = CARTESIAN_POINT('',(-30.3995511266,43.415058347317,12.2));
#4778 = DIRECTION('',(0.,0.,1.));
#4779 = DIRECTION('',(-0.573576436351,0.819152044289,0.));
#4780 = ADVANCED_FACE('',(#4781),#4847,.T.);
#4781 = FACE_BOUND('',#4782,.T.);
#4782 = EDGE_LOOP('',(#4783,#4784,#4785,#4786,#4787,#4796,#4805,#4813,
    #4822,#4830,#4839,#4846));
#4783 = ORIENTED_EDGE('',*,*,#4766,.F.);
#4784 = ORIENTED_EDGE('',*,*,#4744,.F.);
#4785 = ORIENTED_EDGE('',*,*,#1641,.F.);
#4786 = ORIENTED_EDGE('',*,*,#4416,.F.);
#4787 = ORIENTED_EDGE('',*,*,#4788,.T.);
#4788 = EDGE_CURVE('',#4417,#4789,#4791,.T.);
#4789 = VERTEX_POINT('',#4790);
#4790 = CARTESIAN_POINT('',(-33.26658328161,41.407540820088,8.));
#4791 = CIRCLE('',#4792,3.5);
#4792 = AXIS2_PLACEMENT_3D('',#4793,#4794,#4795);
#4793 = CARTESIAN_POINT('',(-30.3995511266,43.415058347317,8.));
#4794 = DIRECTION('',(0.,0.,1.));
#4795 = DIRECTION('',(-0.573576436351,0.819152044289,0.));
#4796 = ORIENTED_EDGE('',*,*,#4797,.T.);
#4797 = EDGE_CURVE('',#4789,#4798,#4800,.T.);
#4798 = VERTEX_POINT('',#4799);
#4799 = CARTESIAN_POINT('',(-32.76980273224,40.839809364022,8.));
#4800 = CIRCLE('',#4801,3.5);
#4801 = AXIS2_PLACEMENT_3D('',#4802,#4803,#4804);
#4802 = CARTESIAN_POINT('',(-30.3995511266,43.415058347317,8.));
#4803 = DIRECTION('',(0.,0.,1.));
#4804 = DIRECTION('',(-0.573576436351,0.819152044289,0.));
#4805 = ORIENTED_EDGE('',*,*,#4806,.F.);
#4806 = EDGE_CURVE('',#4807,#4798,#4809,.T.);
#4807 = VERTEX_POINT('',#4808);
#4808 = CARTESIAN_POINT('',(-32.76980273224,40.839809364022,4.99));
#4809 = LINE('',#4810,#4811);
#4810 = CARTESIAN_POINT('',(-32.76980273224,40.839809364022,4.99));
#4811 = VECTOR('',#4812,1.);
#4812 = DIRECTION('',(0.,0.,1.));
#4813 = ORIENTED_EDGE('',*,*,#4814,.T.);
#4814 = EDGE_CURVE('',#4807,#4815,#4817,.T.);
#4815 = VERTEX_POINT('',#4816);
#4816 = CARTESIAN_POINT('',(-27.16893486643,44.761579264177,4.99));
#4817 = CIRCLE('',#4818,3.5);
#4818 = AXIS2_PLACEMENT_3D('',#4819,#4820,#4821);
#4819 = CARTESIAN_POINT('',(-30.3995511266,43.415058347317,4.99));
#4820 = DIRECTION('',(0.,0.,1.));
#4821 = DIRECTION('',(-0.573576436351,0.819152044289,0.));
#4822 = ORIENTED_EDGE('',*,*,#4823,.T.);
#4823 = EDGE_CURVE('',#4815,#4824,#4826,.T.);
#4824 = VERTEX_POINT('',#4825);
#4825 = CARTESIAN_POINT('',(-27.16893486643,44.761579264177,8.));
#4826 = LINE('',#4827,#4828);
#4827 = CARTESIAN_POINT('',(-27.16893486643,44.761579264177,4.99));
#4828 = VECTOR('',#4829,1.);
#4829 = DIRECTION('',(0.,0.,1.));
#4830 = ORIENTED_EDGE('',*,*,#4831,.T.);
#4831 = EDGE_CURVE('',#4824,#4832,#4834,.T.);
#4832 = VERTEX_POINT('',#4833);
#4833 = CARTESIAN_POINT('',(-27.53251897159,45.422575874545,8.));
#4834 = CIRCLE('',#4835,3.5);
#4835 = AXIS2_PLACEMENT_3D('',#4836,#4837,#4838);
#4836 = CARTESIAN_POINT('',(-30.3995511266,43.415058347317,8.));
#4837 = DIRECTION('',(0.,0.,1.));
#4838 = DIRECTION('',(-0.573576436351,0.819152044289,0.));
#4839 = ORIENTED_EDGE('',*,*,#4840,.T.);
#4840 = EDGE_CURVE('',#4832,#4392,#4841,.T.);
#4841 = CIRCLE('',#4842,3.5);
#4842 = AXIS2_PLACEMENT_3D('',#4843,#4844,#4845);
#4843 = CARTESIAN_POINT('',(-30.3995511266,43.415058347317,8.));
#4844 = DIRECTION('',(0.,0.,1.));
#4845 = DIRECTION('',(-0.573576436351,0.819152044289,0.));
#4846 = ORIENTED_EDGE('',*,*,#4400,.T.);
#4847 = CYLINDRICAL_SURFACE('',#4848,3.5);
#4848 = AXIS2_PLACEMENT_3D('',#4849,#4850,#4851);
#4849 = CARTESIAN_POINT('',(-30.3995511266,43.415058347317,4.99));
#4850 = DIRECTION('',(0.,0.,1.));
#4851 = DIRECTION('',(-0.573576436351,0.819152044289,0.));
#4852 = ADVANCED_FACE('',(#4853),#4871,.T.);
#4853 = FACE_BOUND('',#4854,.T.);
#4854 = EDGE_LOOP('',(#4855,#4856,#4857,#4865));
#4855 = ORIENTED_EDGE('',*,*,#2345,.T.);
#4856 = ORIENTED_EDGE('',*,*,#2253,.T.);
#4857 = ORIENTED_EDGE('',*,*,#4858,.T.);
#4858 = EDGE_CURVE('',#2254,#4859,#4861,.T.);
#4859 = VERTEX_POINT('',#4860);
#4860 = CARTESIAN_POINT('',(-20.09309886855,-50.66754085447,12.2));
#4861 = LINE('',#4862,#4863);
#4862 = CARTESIAN_POINT('',(-20.09309886855,-50.66754085447,4.99));
#4863 = VECTOR('',#4864,1.);
#4864 = DIRECTION('',(0.,0.,1.));
#4865 = ORIENTED_EDGE('',*,*,#4866,.F.);
#4866 = EDGE_CURVE('',#2338,#4859,#4867,.T.);
#4867 = LINE('',#4868,#4869);
#4868 = CARTESIAN_POINT('',(-21.92417213289,-49.90908547468,12.2));
#4869 = VECTOR('',#4870,1.);
#4870 = DIRECTION('',(0.923879532511,-0.382683432365,0.));
#4871 = PLANE('',#4872);
#4872 = AXIS2_PLACEMENT_3D('',#4873,#4874,#4875);
#4873 = CARTESIAN_POINT('',(-20.85624706389,-50.35143452186,12.));
#4874 = DIRECTION('',(-0.382683432365,-0.923879532511,2.22044604925E-16)
  );
#4875 = DIRECTION('',(-8.497279155086E-17,-2.051424657948E-16,-1.));
#4876 = ADVANCED_FACE('',(#4877),#4889,.T.);
#4877 = FACE_BOUND('',#4878,.T.);
#4878 = EDGE_LOOP('',(#4879,#4886,#4887,#4888));
#4879 = ORIENTED_EDGE('',*,*,#4880,.T.);
#4880 = EDGE_CURVE('',#4859,#4468,#4881,.T.);
#4881 = CIRCLE('',#4882,3.5);
#4882 = AXIS2_PLACEMENT_3D('',#4883,#4884,#4885);
#4883 = CARTESIAN_POINT('',(-22.39876787225,-48.03431271294,12.2));
#4884 = DIRECTION('',(0.,0.,1.));
#4885 = DIRECTION('',(-0.422618261741,-0.906307787037,0.));
#4886 = ORIENTED_EDGE('',*,*,#4475,.T.);
#4887 = ORIENTED_EDGE('',*,*,#2337,.F.);
#4888 = ORIENTED_EDGE('',*,*,#4866,.T.);
#4889 = PLANE('',#4890);
#4890 = AXIS2_PLACEMENT_3D('',#4891,#4892,#4893);
#4891 = CARTESIAN_POINT('',(-22.39876787225,-48.03431271294,12.2));
#4892 = DIRECTION('',(0.,0.,1.));
#4893 = DIRECTION('',(-0.422618261741,-0.906307787037,0.));
#4894 = ADVANCED_FACE('',(#4895),#4961,.T.);
#4895 = FACE_BOUND('',#4896,.T.);
#4896 = EDGE_LOOP('',(#4897,#4898,#4899,#4900,#4901,#4910,#4919,#4927,
    #4936,#4944,#4953,#4960));
#4897 = ORIENTED_EDGE('',*,*,#4880,.F.);
#4898 = ORIENTED_EDGE('',*,*,#4858,.F.);
#4899 = ORIENTED_EDGE('',*,*,#2262,.F.);
#4900 = ORIENTED_EDGE('',*,*,#4483,.F.);
#4901 = ORIENTED_EDGE('',*,*,#4902,.T.);
#4902 = EDGE_CURVE('',#4484,#4903,#4905,.T.);
#4903 = VERTEX_POINT('',#4904);
#4904 = CARTESIAN_POINT('',(-19.22669061762,-49.51347662903,8.));
#4905 = CIRCLE('',#4906,3.5);
#4906 = AXIS2_PLACEMENT_3D('',#4907,#4908,#4909);
#4907 = CARTESIAN_POINT('',(-22.39876787225,-48.03431271294,8.));
#4908 = DIRECTION('',(0.,0.,1.));
#4909 = DIRECTION('',(-0.422618261741,-0.906307787037,0.));
#4910 = ORIENTED_EDGE('',*,*,#4911,.T.);
#4911 = EDGE_CURVE('',#4903,#4912,#4914,.T.);
#4912 = VERTEX_POINT('',#4913);
#4913 = CARTESIAN_POINT('',(-18.98341102883,-48.79938632514,8.));
#4914 = CIRCLE('',#4915,3.5);
#4915 = AXIS2_PLACEMENT_3D('',#4916,#4917,#4918);
#4916 = CARTESIAN_POINT('',(-22.39876787225,-48.03431271294,8.));
#4917 = DIRECTION('',(0.,0.,1.));
#4918 = DIRECTION('',(-0.422618261741,-0.906307787037,0.));
#4919 = ORIENTED_EDGE('',*,*,#4920,.F.);
#4920 = EDGE_CURVE('',#4921,#4912,#4923,.T.);
#4921 = VERTEX_POINT('',#4922);
#4922 = CARTESIAN_POINT('',(-18.98341102883,-48.79938632514,4.99));
#4923 = LINE('',#4924,#4925);
#4924 = CARTESIAN_POINT('',(-18.98341102883,-48.79938632514,4.99));
#4925 = VECTOR('',#4926,1.);
#4926 = DIRECTION('',(0.,0.,1.));
#4927 = ORIENTED_EDGE('',*,*,#4928,.T.);
#4928 = EDGE_CURVE('',#4921,#4929,#4931,.T.);
#4929 = VERTEX_POINT('',#4930);
#4930 = CARTESIAN_POINT('',(-25.18019732306,-45.90977742018,4.99));
#4931 = CIRCLE('',#4932,3.5);
#4932 = AXIS2_PLACEMENT_3D('',#4933,#4934,#4935);
#4933 = CARTESIAN_POINT('',(-22.39876787225,-48.03431271294,4.99));
#4934 = DIRECTION('',(0.,0.,1.));
#4935 = DIRECTION('',(-0.422618261741,-0.906307787037,0.));
#4936 = ORIENTED_EDGE('',*,*,#4937,.T.);
#4937 = EDGE_CURVE('',#4929,#4938,#4940,.T.);
#4938 = VERTEX_POINT('',#4939);
#4939 = CARTESIAN_POINT('',(-25.18019732306,-45.90977742018,8.));
#4940 = LINE('',#4941,#4942);
#4941 = CARTESIAN_POINT('',(-25.18019732306,-45.90977742018,4.99));
#4942 = VECTOR('',#4943,1.);
#4943 = DIRECTION('',(0.,0.,1.));
#4944 = ORIENTED_EDGE('',*,*,#4945,.T.);
#4945 = EDGE_CURVE('',#4938,#4946,#4948,.T.);
#4946 = VERTEX_POINT('',#4947);
#4947 = CARTESIAN_POINT('',(-25.57084512688,-46.55514879685,8.));
#4948 = CIRCLE('',#4949,3.5);
#4949 = AXIS2_PLACEMENT_3D('',#4950,#4951,#4952);
#4950 = CARTESIAN_POINT('',(-22.39876787225,-48.03431271294,8.));
#4951 = DIRECTION('',(0.,0.,1.));
#4952 = DIRECTION('',(-0.422618261741,-0.906307787037,0.));
#4953 = ORIENTED_EDGE('',*,*,#4954,.T.);
#4954 = EDGE_CURVE('',#4946,#4459,#4955,.T.);
#4955 = CIRCLE('',#4956,3.5);
#4956 = AXIS2_PLACEMENT_3D('',#4957,#4958,#4959);
#4957 = CARTESIAN_POINT('',(-22.39876787225,-48.03431271294,8.));
#4958 = DIRECTION('',(0.,0.,1.));
#4959 = DIRECTION('',(-0.422618261741,-0.906307787037,0.));
#4960 = ORIENTED_EDGE('',*,*,#4467,.T.);
#4961 = CYLINDRICAL_SURFACE('',#4962,3.5);
#4962 = AXIS2_PLACEMENT_3D('',#4963,#4964,#4965);
#4963 = CARTESIAN_POINT('',(-22.39876787225,-48.03431271294,4.99));
#4964 = DIRECTION('',(0.,0.,1.));
#4965 = DIRECTION('',(-0.422618261741,-0.906307787037,0.));
#4966 = ADVANCED_FACE('',(#4967),#4971,.F.);
#4967 = FACE_BOUND('',#4968,.F.);
#4968 = EDGE_LOOP('',(#4969,#4970));
#4969 = ORIENTED_EDGE('',*,*,#3228,.T.);
#4970 = ORIENTED_EDGE('',*,*,#3319,.T.);
#4971 = PLANE('',#4972);
#4972 = AXIS2_PLACEMENT_3D('',#4973,#4974,#4975);
#4973 = CARTESIAN_POINT('',(44.799494137769,25.865,17.39));
#4974 = DIRECTION('',(0.,0.,1.));
#4975 = DIRECTION('',(0.866025403784,0.5,0.));
#4976 = ADVANCED_FACE('',(#4977),#4981,.F.);
#4977 = FACE_BOUND('',#4978,.F.);
#4978 = EDGE_LOOP('',(#4979,#4980));
#4979 = ORIENTED_EDGE('',*,*,#3252,.T.);
#4980 = ORIENTED_EDGE('',*,*,#3354,.T.);
#4981 = PLANE('',#4982);
#4982 = AXIS2_PLACEMENT_3D('',#4983,#4984,#4985);
#4983 = CARTESIAN_POINT('',(-9.502646837984E-15,-51.73,17.39));
#4984 = DIRECTION('',(0.,0.,1.));
#4985 = DIRECTION('',(-2.22044604925E-16,-1.,0.));
#4986 = ADVANCED_FACE('',(#4987),#4991,.F.);
#4987 = FACE_BOUND('',#4988,.F.);
#4988 = EDGE_LOOP('',(#4989,#4990));
#4989 = ORIENTED_EDGE('',*,*,#3276,.T.);
#4990 = ORIENTED_EDGE('',*,*,#3389,.T.);
#4991 = PLANE('',#4992);
#4992 = AXIS2_PLACEMENT_3D('',#4993,#4994,#4995);
#4993 = CARTESIAN_POINT('',(-44.79949413776,25.865,17.39));
#4994 = DIRECTION('',(0.,0.,1.));
#4995 = DIRECTION('',(-0.866025403784,0.5,0.));
#4996 = ADVANCED_FACE('',(#4997,#5000),#5011,.T.);
#4997 = FACE_BOUND('',#4998,.T.);
#4998 = EDGE_LOOP('',(#4999));
#4999 = ORIENTED_EDGE('',*,*,#3309,.T.);
#5000 = FACE_BOUND('',#5001,.T.);
#5001 = EDGE_LOOP('',(#5002));
#5002 = ORIENTED_EDGE('',*,*,#5003,.F.);
#5003 = EDGE_CURVE('',#5004,#5004,#5006,.T.);
#5004 = VERTEX_POINT('',#5005);
#5005 = CARTESIAN_POINT('',(47.007858917419,27.14,22.8));
#5006 = CIRCLE('',#5007,2.55);
#5007 = AXIS2_PLACEMENT_3D('',#5008,#5009,#5010);
#5008 = CARTESIAN_POINT('',(44.799494137769,25.865,22.8));
#5009 = DIRECTION('',(0.,0.,1.));
#5010 = DIRECTION('',(0.866025403784,0.5,-0.));
#5011 = PLANE('',#5012);
#5012 = AXIS2_PLACEMENT_3D('',#5013,#5014,#5015);
#5013 = CARTESIAN_POINT('',(44.799494137769,25.865,22.8));
#5014 = DIRECTION('',(0.,0.,1.));
#5015 = DIRECTION('',(0.866025403784,0.5,0.));
#5016 = ADVANCED_FACE('',(#5017,#5020),#5031,.T.);
#5017 = FACE_BOUND('',#5018,.T.);
#5018 = EDGE_LOOP('',(#5019));
#5019 = ORIENTED_EDGE('',*,*,#3344,.T.);
#5020 = FACE_BOUND('',#5021,.T.);
#5021 = EDGE_LOOP('',(#5022));
#5022 = ORIENTED_EDGE('',*,*,#5023,.F.);
#5023 = EDGE_CURVE('',#5024,#5024,#5026,.T.);
#5024 = VERTEX_POINT('',#5025);
#5025 = CARTESIAN_POINT('',(-1.069343044811E-14,-54.28,22.8));
#5026 = CIRCLE('',#5027,2.55);
#5027 = AXIS2_PLACEMENT_3D('',#5028,#5029,#5030);
#5028 = CARTESIAN_POINT('',(-9.502646837984E-15,-51.73,22.8));
#5029 = DIRECTION('',(0.,0.,1.));
#5030 = DIRECTION('',(-2.22044604925E-16,-1.,0.));
#5031 = PLANE('',#5032);
#5032 = AXIS2_PLACEMENT_3D('',#5033,#5034,#5035);
#5033 = CARTESIAN_POINT('',(-9.502646837984E-15,-51.73,22.8));
#5034 = DIRECTION('',(0.,0.,1.));
#5035 = DIRECTION('',(-2.22044604925E-16,-1.,0.));
#5036 = ADVANCED_FACE('',(#5037,#5040),#5051,.T.);
#5037 = FACE_BOUND('',#5038,.T.);
#5038 = EDGE_LOOP('',(#5039));
#5039 = ORIENTED_EDGE('',*,*,#3379,.T.);
#5040 = FACE_BOUND('',#5041,.T.);
#5041 = EDGE_LOOP('',(#5042));
#5042 = ORIENTED_EDGE('',*,*,#5043,.F.);
#5043 = EDGE_CURVE('',#5044,#5044,#5046,.T.);
#5044 = VERTEX_POINT('',#5045);
#5045 = CARTESIAN_POINT('',(-47.00785891741,27.14,22.8));
#5046 = CIRCLE('',#5047,2.55);
#5047 = AXIS2_PLACEMENT_3D('',#5048,#5049,#5050);
#5048 = CARTESIAN_POINT('',(-44.79949413776,25.865,22.8));
#5049 = DIRECTION('',(0.,0.,1.));
#5050 = DIRECTION('',(-0.866025403784,0.5,0.));
#5051 = PLANE('',#5052);
#5052 = AXIS2_PLACEMENT_3D('',#5053,#5054,#5055);
#5053 = CARTESIAN_POINT('',(-44.79949413776,25.865,22.8));
#5054 = DIRECTION('',(0.,0.,1.));
#5055 = DIRECTION('',(-0.866025403784,0.5,0.));
#5056 = ADVANCED_FACE('',(#5057),#5093,.T.);
#5057 = FACE_BOUND('',#5058,.T.);
#5058 = EDGE_LOOP('',(#5059,#5067,#5068,#5069,#5070,#5078,#5086));
#5059 = ORIENTED_EDGE('',*,*,#5060,.T.);
#5060 = EDGE_CURVE('',#5061,#3448,#5063,.T.);
#5061 = VERTEX_POINT('',#5062);
#5062 = CARTESIAN_POINT('',(-43.78945109953,-36.80114091168,27.51));
#5063 = LINE('',#5064,#5065);
#5064 = CARTESIAN_POINT('',(-43.15959780255,-34.97335173168,27.51));
#5065 = VECTOR('',#5066,1.);
#5066 = DIRECTION('',(0.32579705386,0.94543972822,-0.));
#5067 = ORIENTED_EDGE('',*,*,#3455,.T.);
#5068 = ORIENTED_EDGE('',*,*,#3584,.T.);
#5069 = ORIENTED_EDGE('',*,*,#3567,.F.);
#5070 = ORIENTED_EDGE('',*,*,#5071,.F.);
#5071 = EDGE_CURVE('',#5072,#3560,#5074,.T.);
#5072 = VERTEX_POINT('',#5073);
#5073 = CARTESIAN_POINT('',(-42.09795202281,-38.56171850713,27.51));
#5074 = LINE('',#5075,#5076);
#5075 = CARTESIAN_POINT('',(-43.40311961441,-37.25655091553,27.51));
#5076 = VECTOR('',#5077,1.);
#5077 = DIRECTION('',(0.707106781187,-0.707106781187,0.));
#5078 = ORIENTED_EDGE('',*,*,#5079,.T.);
#5079 = EDGE_CURVE('',#5072,#5080,#5082,.T.);
#5080 = VERTEX_POINT('',#5081);
#5081 = CARTESIAN_POINT('',(-42.31564446927,-38.48670203005,27.51));
#5082 = LINE('',#5083,#5084);
#5083 = CARTESIAN_POINT('',(-42.87381927159,-38.29435586487,27.51));
#5084 = VECTOR('',#5085,1.);
#5085 = DIRECTION('',(-0.94543972822,0.32579705386,0.));
#5086 = ORIENTED_EDGE('',*,*,#5087,.F.);
#5087 = EDGE_CURVE('',#5061,#5080,#5088,.T.);
#5088 = CIRCLE('',#5089,57.2);
#5089 = AXIS2_PLACEMENT_3D('',#5090,#5091,#5092);
#5090 = CARTESIAN_POINT('',(0.,0.,27.51));
#5091 = DIRECTION('',(0.,0.,1.));
#5092 = DIRECTION('',(1.,0.,-0.));
#5093 = PLANE('',#5094);
#5094 = AXIS2_PLACEMENT_3D('',#5095,#5096,#5097);
#5095 = CARTESIAN_POINT('',(-39.6102197248,-32.97393657652,27.51));
#5096 = DIRECTION('',(0.,0.,1.));
#5097 = DIRECTION('',(-0.743144825477,-0.669130606359,0.));
#5098 = ADVANCED_FACE('',(#5099),#5133,.F.);
#5099 = FACE_BOUND('',#5100,.F.);
#5100 = EDGE_LOOP('',(#5101,#5111,#5117,#5118,#5119,#5127));
#5101 = ORIENTED_EDGE('',*,*,#5102,.F.);
#5102 = EDGE_CURVE('',#5103,#5105,#5107,.T.);
#5103 = VERTEX_POINT('',#5104);
#5104 = CARTESIAN_POINT('',(-43.78945109953,-36.80114091168,28.7));
#5105 = VERTEX_POINT('',#5106);
#5106 = CARTESIAN_POINT('',(-42.52321953852,-33.12662756442,28.7));
#5107 = LINE('',#5108,#5109);
#5108 = CARTESIAN_POINT('',(-44.15220480782,-37.85382620552,28.7));
#5109 = VECTOR('',#5110,1.);
#5110 = DIRECTION('',(0.32579705386,0.94543972822,0.));
#5111 = ORIENTED_EDGE('',*,*,#5112,.F.);
#5112 = EDGE_CURVE('',#5061,#5103,#5113,.T.);
#5113 = LINE('',#5114,#5115);
#5114 = CARTESIAN_POINT('',(-43.78945109953,-36.80114091168,26.5));
#5115 = VECTOR('',#5116,1.);
#5116 = DIRECTION('',(0.,0.,1.));
#5117 = ORIENTED_EDGE('',*,*,#5060,.T.);
#5118 = ORIENTED_EDGE('',*,*,#3447,.F.);
#5119 = ORIENTED_EDGE('',*,*,#5120,.T.);
#5120 = EDGE_CURVE('',#3440,#5121,#5123,.T.);
#5121 = VERTEX_POINT('',#5122);
#5122 = CARTESIAN_POINT('',(-42.52321953852,-33.12662756442,27.5));
#5123 = LINE('',#5124,#5125);
#5124 = CARTESIAN_POINT('',(-44.15220480782,-37.85382620552,27.5));
#5125 = VECTOR('',#5126,1.);
#5126 = DIRECTION('',(0.32579705386,0.94543972822,0.));
#5127 = ORIENTED_EDGE('',*,*,#5128,.T.);
#5128 = EDGE_CURVE('',#5121,#5105,#5129,.T.);
#5129 = LINE('',#5130,#5131);
#5130 = CARTESIAN_POINT('',(-42.52321953852,-33.12662756442,27.5));
#5131 = VECTOR('',#5132,1.);
#5132 = DIRECTION('',(0.,0.,1.));
#5133 = PLANE('',#5134);
#5134 = AXIS2_PLACEMENT_3D('',#5135,#5136,#5137);
#5135 = CARTESIAN_POINT('',(-44.15220480782,-37.85382620552,27.5));
#5136 = DIRECTION('',(0.94543972822,-0.32579705386,0.));
#5137 = DIRECTION('',(0.,0.,1.));
#5138 = ADVANCED_FACE('',(#5139),#5149,.F.);
#5139 = FACE_BOUND('',#5140,.F.);
#5140 = EDGE_LOOP('',(#5141,#5142,#5143));
#5141 = ORIENTED_EDGE('',*,*,#5120,.F.);
#5142 = ORIENTED_EDGE('',*,*,#3439,.F.);
#5143 = ORIENTED_EDGE('',*,*,#5144,.F.);
#5144 = EDGE_CURVE('',#5121,#3432,#5145,.T.);
#5145 = LINE('',#5146,#5147);
#5146 = CARTESIAN_POINT('',(-42.52321953852,-33.12662756442,27.5));
#5147 = VECTOR('',#5148,1.);
#5148 = DIRECTION('',(0.94543972822,-0.32579705386,0.));
#5149 = PLANE('',#5150);
#5150 = AXIS2_PLACEMENT_3D('',#5151,#5152,#5153);
#5151 = CARTESIAN_POINT('',(-37.50140814022,-31.84455389073,27.5));
#5152 = DIRECTION('',(0.,0.,1.));
#5153 = DIRECTION('',(-0.707106781187,-0.707106781187,0.));
#5154 = ADVANCED_FACE('',(#5155),#5182,.T.);
#5155 = FACE_BOUND('',#5156,.T.);
#5156 = EDGE_LOOP('',(#5157,#5158,#5159,#5167,#5175,#5181));
#5157 = ORIENTED_EDGE('',*,*,#5144,.F.);
#5158 = ORIENTED_EDGE('',*,*,#5128,.T.);
#5159 = ORIENTED_EDGE('',*,*,#5160,.T.);
#5160 = EDGE_CURVE('',#5105,#5161,#5163,.T.);
#5161 = VERTEX_POINT('',#5162);
#5162 = CARTESIAN_POINT('',(-39.74191501068,-34.08506076118,28.7));
#5163 = LINE('',#5164,#5165);
#5164 = CARTESIAN_POINT('',(-42.52321953852,-33.12662756442,28.7));
#5165 = VECTOR('',#5166,1.);
#5166 = DIRECTION('',(0.94543972822,-0.32579705386,0.));
#5167 = ORIENTED_EDGE('',*,*,#5168,.F.);
#5168 = EDGE_CURVE('',#5169,#5161,#5171,.T.);
#5169 = VERTEX_POINT('',#5170);
#5170 = CARTESIAN_POINT('',(-39.74191501068,-34.08506076118,27.51));
#5171 = LINE('',#5172,#5173);
#5172 = CARTESIAN_POINT('',(-39.74191501068,-34.08506076118,27.5));
#5173 = VECTOR('',#5174,1.);
#5174 = DIRECTION('',(-0.,0.,1.));
#5175 = ORIENTED_EDGE('',*,*,#5176,.T.);
#5176 = EDGE_CURVE('',#5169,#3424,#5177,.T.);
#5177 = LINE('',#5178,#5179);
#5178 = CARTESIAN_POINT('',(-41.24483400229,-33.56715722377,27.51));
#5179 = VECTOR('',#5180,1.);
#5180 = DIRECTION('',(-0.94543972822,0.32579705386,0.));
#5181 = ORIENTED_EDGE('',*,*,#3431,.F.);
#5182 = PLANE('',#5183);
#5183 = AXIS2_PLACEMENT_3D('',#5184,#5185,#5186);
#5184 = CARTESIAN_POINT('',(-42.52321953852,-33.12662756442,27.5));
#5185 = DIRECTION('',(0.32579705386,0.94543972822,0.));
#5186 = DIRECTION('',(0.,0.,1.));
#5187 = ADVANCED_FACE('',(#5188),#5199,.T.);
#5188 = FACE_BOUND('',#5189,.T.);
#5189 = EDGE_LOOP('',(#5190,#5191,#5192,#5193));
#5190 = ORIENTED_EDGE('',*,*,#3511,.F.);
#5191 = ORIENTED_EDGE('',*,*,#3423,.T.);
#5192 = ORIENTED_EDGE('',*,*,#5176,.F.);
#5193 = ORIENTED_EDGE('',*,*,#5194,.T.);
#5194 = EDGE_CURVE('',#5169,#3504,#5195,.T.);
#5195 = LINE('',#5196,#5197);
#5196 = CARTESIAN_POINT('',(-38.31095670782,-32.65410245832,27.51));
#5197 = VECTOR('',#5198,1.);
#5198 = DIRECTION('',(0.707106781187,0.707106781187,-0.));
#5199 = PLANE('',#5200);
#5200 = AXIS2_PLACEMENT_3D('',#5201,#5202,#5203);
#5201 = CARTESIAN_POINT('',(-39.6102197248,-32.97393657652,27.51));
#5202 = DIRECTION('',(0.,0.,1.));
#5203 = DIRECTION('',(-0.743144825477,-0.669130606359,0.));
#5204 = ADVANCED_FACE('',(#5205),#5232,.F.);
#5205 = FACE_BOUND('',#5206,.F.);
#5206 = EDGE_LOOP('',(#5207,#5215,#5223,#5229,#5230,#5231));
#5207 = ORIENTED_EDGE('',*,*,#5208,.F.);
#5208 = EDGE_CURVE('',#5209,#3496,#5211,.T.);
#5209 = VERTEX_POINT('',#5210);
#5210 = CARTESIAN_POINT('',(-37.50140814022,-31.84455389073,27.5));
#5211 = LINE('',#5212,#5213);
#5212 = CARTESIAN_POINT('',(-37.50140814022,-31.84455389073,27.5));
#5213 = VECTOR('',#5214,1.);
#5214 = DIRECTION('',(-0.707106781187,-0.707106781187,0.));
#5215 = ORIENTED_EDGE('',*,*,#5216,.T.);
#5216 = EDGE_CURVE('',#5209,#5217,#5219,.T.);
#5217 = VERTEX_POINT('',#5218);
#5218 = CARTESIAN_POINT('',(-37.50140814022,-31.84455389073,28.7));
#5219 = LINE('',#5220,#5221);
#5220 = CARTESIAN_POINT('',(-37.50140814022,-31.84455389073,27.5));
#5221 = VECTOR('',#5222,1.);
#5222 = DIRECTION('',(0.,0.,1.));
#5223 = ORIENTED_EDGE('',*,*,#5224,.T.);
#5224 = EDGE_CURVE('',#5217,#5161,#5225,.T.);
#5225 = LINE('',#5226,#5227);
#5226 = CARTESIAN_POINT('',(-37.50140814022,-31.84455389073,28.7));
#5227 = VECTOR('',#5228,1.);
#5228 = DIRECTION('',(-0.707106781187,-0.707106781187,0.));
#5229 = ORIENTED_EDGE('',*,*,#5168,.F.);
#5230 = ORIENTED_EDGE('',*,*,#5194,.T.);
#5231 = ORIENTED_EDGE('',*,*,#3503,.F.);
#5232 = PLANE('',#5233);
#5233 = AXIS2_PLACEMENT_3D('',#5234,#5235,#5236);
#5234 = CARTESIAN_POINT('',(-37.50140814022,-31.84455389073,27.5));
#5235 = DIRECTION('',(0.707106781187,-0.707106781187,0.));
#5236 = DIRECTION('',(0.,0.,1.));
#5237 = ADVANCED_FACE('',(#5238),#5281,.F.);
#5238 = FACE_BOUND('',#5239,.F.);
#5239 = EDGE_LOOP('',(#5240,#5241,#5249,#5257,#5263,#5264,#5265,#5274));
#5240 = ORIENTED_EDGE('',*,*,#3551,.T.);
#5241 = ORIENTED_EDGE('',*,*,#5242,.T.);
#5242 = EDGE_CURVE('',#3552,#5243,#5245,.T.);
#5243 = VERTEX_POINT('',#5244);
#5244 = CARTESIAN_POINT('',(-37.50140814022,-43.15826238972,27.5));
#5245 = LINE('',#5246,#5247);
#5246 = CARTESIAN_POINT('',(-43.15826238972,-37.50140814022,27.5));
#5247 = VECTOR('',#5248,1.);
#5248 = DIRECTION('',(0.707106781187,-0.707106781187,0.));
#5249 = ORIENTED_EDGE('',*,*,#5250,.F.);
#5250 = EDGE_CURVE('',#5251,#5243,#5253,.T.);
#5251 = VERTEX_POINT('',#5252);
#5252 = CARTESIAN_POINT('',(-31.84455389073,-37.50140814022,27.5));
#5253 = LINE('',#5254,#5255);
#5254 = CARTESIAN_POINT('',(-31.84455389073,-37.50140814022,27.5));
#5255 = VECTOR('',#5256,1.);
#5256 = DIRECTION('',(-0.707106781187,-0.707106781187,0.));
#5257 = ORIENTED_EDGE('',*,*,#5258,.F.);
#5258 = EDGE_CURVE('',#5209,#5251,#5259,.T.);
#5259 = LINE('',#5260,#5261);
#5260 = CARTESIAN_POINT('',(-37.50140814022,-31.84455389073,27.5));
#5261 = VECTOR('',#5262,1.);
#5262 = DIRECTION('',(0.707106781187,-0.707106781187,0.));
#5263 = ORIENTED_EDGE('',*,*,#5208,.T.);
#5264 = ORIENTED_EDGE('',*,*,#3495,.F.);
#5265 = ORIENTED_EDGE('',*,*,#5266,.F.);
#5266 = EDGE_CURVE('',#5267,#3488,#5269,.T.);
#5267 = VERTEX_POINT('',#5268);
#5268 = CARTESIAN_POINT('',(-39.02168771978,-39.02168771978,27.5));
#5269 = CIRCLE('',#5270,2.15);
#5270 = AXIS2_PLACEMENT_3D('',#5271,#5272,#5273);
#5271 = CARTESIAN_POINT('',(-37.50140814022,-37.50140814022,27.5));
#5272 = DIRECTION('',(0.,0.,1.));
#5273 = DIRECTION('',(-0.707106781187,-0.707106781187,0.));
#5274 = ORIENTED_EDGE('',*,*,#5275,.F.);
#5275 = EDGE_CURVE('',#3544,#5267,#5276,.T.);
#5276 = CIRCLE('',#5277,2.15);
#5277 = AXIS2_PLACEMENT_3D('',#5278,#5279,#5280);
#5278 = CARTESIAN_POINT('',(-37.50140814022,-37.50140814022,27.5));
#5279 = DIRECTION('',(0.,0.,1.));
#5280 = DIRECTION('',(-0.707106781187,-0.707106781187,0.));
#5281 = PLANE('',#5282);
#5282 = AXIS2_PLACEMENT_3D('',#5283,#5284,#5285);
#5283 = CARTESIAN_POINT('',(-37.50140814022,-31.84455389073,27.5));
#5284 = DIRECTION('',(0.,0.,1.));
#5285 = DIRECTION('',(-0.707106781187,-0.707106781187,0.));
#5286 = ADVANCED_FACE('',(#5287),#5316,.F.);
#5287 = FACE_BOUND('',#5288,.F.);
#5288 = EDGE_LOOP('',(#5289,#5290,#5297,#5298,#5299,#5307,#5314,#5315));
#5289 = ORIENTED_EDGE('',*,*,#3487,.F.);
#5290 = ORIENTED_EDGE('',*,*,#5291,.T.);
#5291 = EDGE_CURVE('',#3480,#3536,#5292,.T.);
#5292 = CIRCLE('',#5293,2.15);
#5293 = AXIS2_PLACEMENT_3D('',#5294,#5295,#5296);
#5294 = CARTESIAN_POINT('',(-37.50140814022,-37.50140814022,26.5));
#5295 = DIRECTION('',(0.,0.,1.));
#5296 = DIRECTION('',(-0.707106781187,-0.707106781187,0.));
#5297 = ORIENTED_EDGE('',*,*,#3543,.T.);
#5298 = ORIENTED_EDGE('',*,*,#5275,.T.);
#5299 = ORIENTED_EDGE('',*,*,#5300,.T.);
#5300 = EDGE_CURVE('',#5267,#5301,#5303,.T.);
#5301 = VERTEX_POINT('',#5302);
#5302 = CARTESIAN_POINT('',(-39.02168771978,-39.02168771978,28.7));
#5303 = LINE('',#5304,#5305);
#5304 = CARTESIAN_POINT('',(-39.02168771978,-39.02168771978,26.5));
#5305 = VECTOR('',#5306,1.);
#5306 = DIRECTION('',(0.,0.,1.));
#5307 = ORIENTED_EDGE('',*,*,#5308,.F.);
#5308 = EDGE_CURVE('',#5301,#5301,#5309,.T.);
#5309 = CIRCLE('',#5310,2.15);
#5310 = AXIS2_PLACEMENT_3D('',#5311,#5312,#5313);
#5311 = CARTESIAN_POINT('',(-37.50140814022,-37.50140814022,28.7));
#5312 = DIRECTION('',(0.,0.,1.));
#5313 = DIRECTION('',(-0.707106781187,-0.707106781187,0.));
#5314 = ORIENTED_EDGE('',*,*,#5300,.F.);
#5315 = ORIENTED_EDGE('',*,*,#5266,.T.);
#5316 = CYLINDRICAL_SURFACE('',#5317,2.15);
#5317 = AXIS2_PLACEMENT_3D('',#5318,#5319,#5320);
#5318 = CARTESIAN_POINT('',(-37.50140814022,-37.50140814022,26.5));
#5319 = DIRECTION('',(0.,0.,1.));
#5320 = DIRECTION('',(-0.707106781187,-0.707106781187,0.));
#5321 = ADVANCED_FACE('',(#5322),#5327,.T.);
#5322 = FACE_BOUND('',#5323,.T.);
#5323 = EDGE_LOOP('',(#5324,#5325,#5326));
#5324 = ORIENTED_EDGE('',*,*,#3479,.T.);
#5325 = ORIENTED_EDGE('',*,*,#5291,.T.);
#5326 = ORIENTED_EDGE('',*,*,#3535,.F.);
#5327 = PLANE('',#5328);
#5328 = AXIS2_PLACEMENT_3D('',#5329,#5330,#5331);
#5329 = CARTESIAN_POINT('',(-37.50140814022,-37.50140814022,26.5));
#5330 = DIRECTION('',(0.,0.,1.));
#5331 = DIRECTION('',(-0.707106781187,-0.707106781187,0.));
#5332 = ADVANCED_FACE('',(#5333),#5360,.T.);
#5333 = FACE_BOUND('',#5334,.T.);
#5334 = EDGE_LOOP('',(#5335,#5345,#5351,#5352,#5353,#5354));
#5335 = ORIENTED_EDGE('',*,*,#5336,.F.);
#5336 = EDGE_CURVE('',#5337,#5339,#5341,.T.);
#5337 = VERTEX_POINT('',#5338);
#5338 = CARTESIAN_POINT('',(-42.09795202281,-38.56171850713,28.7));
#5339 = VERTEX_POINT('',#5340);
#5340 = CARTESIAN_POINT('',(-37.50140814022,-43.15826238972,28.7));
#5341 = LINE('',#5342,#5343);
#5342 = CARTESIAN_POINT('',(-43.15826238972,-37.50140814022,28.7));
#5343 = VECTOR('',#5344,1.);
#5344 = DIRECTION('',(0.707106781187,-0.707106781187,0.));
#5345 = ORIENTED_EDGE('',*,*,#5346,.T.);
#5346 = EDGE_CURVE('',#5337,#5072,#5347,.T.);
#5347 = LINE('',#5348,#5349);
#5348 = CARTESIAN_POINT('',(-42.09795202281,-38.56171850713,27.5));
#5349 = VECTOR('',#5350,1.);
#5350 = DIRECTION('',(-0.,0.,-1.));
#5351 = ORIENTED_EDGE('',*,*,#5071,.T.);
#5352 = ORIENTED_EDGE('',*,*,#3559,.T.);
#5353 = ORIENTED_EDGE('',*,*,#5242,.T.);
#5354 = ORIENTED_EDGE('',*,*,#5355,.T.);
#5355 = EDGE_CURVE('',#5243,#5339,#5356,.T.);
#5356 = LINE('',#5357,#5358);
#5357 = CARTESIAN_POINT('',(-37.50140814022,-43.15826238972,27.5));
#5358 = VECTOR('',#5359,1.);
#5359 = DIRECTION('',(0.,0.,1.));
#5360 = PLANE('',#5361);
#5361 = AXIS2_PLACEMENT_3D('',#5362,#5363,#5364);
#5362 = CARTESIAN_POINT('',(-43.15826238972,-37.50140814022,27.5));
#5363 = DIRECTION('',(-0.707106781187,-0.707106781187,0.));
#5364 = DIRECTION('',(0.,0.,1.));
#5365 = ADVANCED_FACE('',(#5366),#5402,.T.);
#5366 = FACE_BOUND('',#5367,.T.);
#5367 = EDGE_LOOP('',(#5368,#5376,#5377,#5378,#5379,#5387,#5396));
#5368 = ORIENTED_EDGE('',*,*,#5369,.F.);
#5369 = EDGE_CURVE('',#3640,#5370,#5372,.T.);
#5370 = VERTEX_POINT('',#5371);
#5371 = CARTESIAN_POINT('',(42.097952022814,-38.56171850713,27.51));
#5372 = LINE('',#5373,#5374);
#5373 = CARTESIAN_POINT('',(39.162417057835,-41.49725347211,27.51));
#5374 = VECTOR('',#5375,1.);
#5375 = DIRECTION('',(0.707106781187,0.707106781187,-0.));
#5376 = ORIENTED_EDGE('',*,*,#3647,.T.);
#5377 = ORIENTED_EDGE('',*,*,#3776,.T.);
#5378 = ORIENTED_EDGE('',*,*,#3759,.F.);
#5379 = ORIENTED_EDGE('',*,*,#5380,.T.);
#5380 = EDGE_CURVE('',#3752,#5381,#5383,.T.);
#5381 = VERTEX_POINT('',#5382);
#5382 = CARTESIAN_POINT('',(43.789451099536,-36.80114091168,27.51));
#5383 = LINE('',#5384,#5385);
#5384 = CARTESIAN_POINT('',(42.660866279152,-33.52606855232,27.51));
#5385 = VECTOR('',#5386,1.);
#5386 = DIRECTION('',(0.32579705386,-0.94543972822,0.));
#5387 = ORIENTED_EDGE('',*,*,#5388,.F.);
#5388 = EDGE_CURVE('',#5389,#5381,#5391,.T.);
#5389 = VERTEX_POINT('',#5390);
#5390 = CARTESIAN_POINT('',(42.315644469272,-38.48670203005,27.51));
#5391 = CIRCLE('',#5392,57.2);
#5392 = AXIS2_PLACEMENT_3D('',#5393,#5394,#5395);
#5393 = CARTESIAN_POINT('',(0.,0.,27.51));
#5394 = DIRECTION('',(0.,0.,1.));
#5395 = DIRECTION('',(1.,0.,-0.));
#5396 = ORIENTED_EDGE('',*,*,#5397,.F.);
#5397 = EDGE_CURVE('',#5370,#5389,#5398,.T.);
#5398 = LINE('',#5399,#5400);
#5399 = CARTESIAN_POINT('',(41.219796947622,-38.86432937463,27.51));
#5400 = VECTOR('',#5401,1.);
#5401 = DIRECTION('',(0.94543972822,0.32579705386,-0.));
#5402 = PLANE('',#5403);
#5403 = AXIS2_PLACEMENT_3D('',#5404,#5405,#5406);
#5404 = CARTESIAN_POINT('',(36.933697299368,-35.94651587843,27.51));
#5405 = DIRECTION('',(0.,0.,1.));
#5406 = DIRECTION('',(0.743144825477,-0.669130606359,0.));
#5407 = ADVANCED_FACE('',(#5408),#5442,.T.);
#5408 = FACE_BOUND('',#5409,.T.);
#5409 = EDGE_LOOP('',(#5410,#5420,#5428,#5434,#5435,#5436));
#5410 = ORIENTED_EDGE('',*,*,#5411,.F.);
#5411 = EDGE_CURVE('',#5412,#5414,#5416,.T.);
#5412 = VERTEX_POINT('',#5413);
#5413 = CARTESIAN_POINT('',(37.501408140229,-43.15826238972,28.7));
#5414 = VERTEX_POINT('',#5415);
#5415 = CARTESIAN_POINT('',(42.097952022814,-38.56171850713,28.7));
#5416 = LINE('',#5417,#5418);
#5417 = CARTESIAN_POINT('',(37.501408140229,-43.15826238972,28.7));
#5418 = VECTOR('',#5419,1.);
#5419 = DIRECTION('',(0.707106781187,0.707106781187,0.));
#5420 = ORIENTED_EDGE('',*,*,#5421,.F.);
#5421 = EDGE_CURVE('',#5422,#5412,#5424,.T.);
#5422 = VERTEX_POINT('',#5423);
#5423 = CARTESIAN_POINT('',(37.501408140229,-43.15826238972,27.5));
#5424 = LINE('',#5425,#5426);
#5425 = CARTESIAN_POINT('',(37.501408140229,-43.15826238972,27.5));
#5426 = VECTOR('',#5427,1.);
#5427 = DIRECTION('',(0.,0.,1.));
#5428 = ORIENTED_EDGE('',*,*,#5429,.T.);
#5429 = EDGE_CURVE('',#5422,#3632,#5430,.T.);
#5430 = LINE('',#5431,#5432);
#5431 = CARTESIAN_POINT('',(37.501408140229,-43.15826238972,27.5));
#5432 = VECTOR('',#5433,1.);
#5433 = DIRECTION('',(0.707106781187,0.707106781187,0.));
#5434 = ORIENTED_EDGE('',*,*,#3639,.F.);
#5435 = ORIENTED_EDGE('',*,*,#5369,.T.);
#5436 = ORIENTED_EDGE('',*,*,#5437,.F.);
#5437 = EDGE_CURVE('',#5414,#5370,#5438,.T.);
#5438 = LINE('',#5439,#5440);
#5439 = CARTESIAN_POINT('',(42.097952022814,-38.56171850713,27.5));
#5440 = VECTOR('',#5441,1.);
#5441 = DIRECTION('',(0.,0.,-1.));
#5442 = PLANE('',#5443);
#5443 = AXIS2_PLACEMENT_3D('',#5444,#5445,#5446);
#5444 = CARTESIAN_POINT('',(37.501408140229,-43.15826238972,27.5));
#5445 = DIRECTION('',(0.707106781187,-0.707106781187,0.));
#5446 = DIRECTION('',(0.,0.,1.));
#5447 = ADVANCED_FACE('',(#5448),#5491,.F.);
#5448 = FACE_BOUND('',#5449,.F.);
#5449 = EDGE_LOOP('',(#5450,#5458,#5466,#5472,#5473,#5474,#5483,#5490));
#5450 = ORIENTED_EDGE('',*,*,#5451,.F.);
#5451 = EDGE_CURVE('',#5452,#3680,#5454,.T.);
#5452 = VERTEX_POINT('',#5453);
#5453 = CARTESIAN_POINT('',(37.501408140229,-31.84455389073,27.5));
#5454 = LINE('',#5455,#5456);
#5455 = CARTESIAN_POINT('',(37.501408140229,-31.84455389073,27.5));
#5456 = VECTOR('',#5457,1.);
#5457 = DIRECTION('',(0.707106781187,-0.707106781187,0.));
#5458 = ORIENTED_EDGE('',*,*,#5459,.F.);
#5459 = EDGE_CURVE('',#5460,#5452,#5462,.T.);
#5460 = VERTEX_POINT('',#5461);
#5461 = CARTESIAN_POINT('',(31.844553890736,-37.50140814022,27.5));
#5462 = LINE('',#5463,#5464);
#5463 = CARTESIAN_POINT('',(31.844553890736,-37.50140814022,27.5));
#5464 = VECTOR('',#5465,1.);
#5465 = DIRECTION('',(0.707106781187,0.707106781187,0.));
#5466 = ORIENTED_EDGE('',*,*,#5467,.T.);
#5467 = EDGE_CURVE('',#5460,#5422,#5468,.T.);
#5468 = LINE('',#5469,#5470);
#5469 = CARTESIAN_POINT('',(31.844553890736,-37.50140814022,27.5));
#5470 = VECTOR('',#5471,1.);
#5471 = DIRECTION('',(0.707106781187,-0.707106781187,0.));
#5472 = ORIENTED_EDGE('',*,*,#5429,.T.);
#5473 = ORIENTED_EDGE('',*,*,#3631,.F.);
#5474 = ORIENTED_EDGE('',*,*,#5475,.F.);
#5475 = EDGE_CURVE('',#5476,#3624,#5478,.T.);
#5476 = VERTEX_POINT('',#5477);
#5477 = CARTESIAN_POINT('',(39.02168771978,-39.02168771978,27.5));
#5478 = CIRCLE('',#5479,2.15);
#5479 = AXIS2_PLACEMENT_3D('',#5480,#5481,#5482);
#5480 = CARTESIAN_POINT('',(37.501408140229,-37.50140814022,27.5));
#5481 = DIRECTION('',(0.,0.,1.));
#5482 = DIRECTION('',(0.707106781187,-0.707106781187,0.));
#5483 = ORIENTED_EDGE('',*,*,#5484,.F.);
#5484 = EDGE_CURVE('',#3688,#5476,#5485,.T.);
#5485 = CIRCLE('',#5486,2.15);
#5486 = AXIS2_PLACEMENT_3D('',#5487,#5488,#5489);
#5487 = CARTESIAN_POINT('',(37.501408140229,-37.50140814022,27.5));
#5488 = DIRECTION('',(0.,0.,1.));
#5489 = DIRECTION('',(0.707106781187,-0.707106781187,0.));
#5490 = ORIENTED_EDGE('',*,*,#3687,.F.);
#5491 = PLANE('',#5492);
#5492 = AXIS2_PLACEMENT_3D('',#5493,#5494,#5495);
#5493 = CARTESIAN_POINT('',(31.844553890736,-37.50140814022,27.5));
#5494 = DIRECTION('',(0.,0.,1.));
#5495 = DIRECTION('',(0.707106781187,-0.707106781187,0.));
#5496 = ADVANCED_FACE('',(#5497),#5526,.F.);
#5497 = FACE_BOUND('',#5498,.F.);
#5498 = EDGE_LOOP('',(#5499,#5500,#5507,#5508,#5509,#5517,#5524,#5525));
#5499 = ORIENTED_EDGE('',*,*,#3623,.F.);
#5500 = ORIENTED_EDGE('',*,*,#5501,.T.);
#5501 = EDGE_CURVE('',#3616,#3696,#5502,.T.);
#5502 = CIRCLE('',#5503,2.15);
#5503 = AXIS2_PLACEMENT_3D('',#5504,#5505,#5506);
#5504 = CARTESIAN_POINT('',(37.501408140229,-37.50140814022,26.5));
#5505 = DIRECTION('',(-0.,0.,1.));
#5506 = DIRECTION('',(0.707106781187,-0.707106781187,0.));
#5507 = ORIENTED_EDGE('',*,*,#3695,.T.);
#5508 = ORIENTED_EDGE('',*,*,#5484,.T.);
#5509 = ORIENTED_EDGE('',*,*,#5510,.T.);
#5510 = EDGE_CURVE('',#5476,#5511,#5513,.T.);
#5511 = VERTEX_POINT('',#5512);
#5512 = CARTESIAN_POINT('',(39.02168771978,-39.02168771978,28.7));
#5513 = LINE('',#5514,#5515);
#5514 = CARTESIAN_POINT('',(39.02168771978,-39.02168771978,26.5));
#5515 = VECTOR('',#5516,1.);
#5516 = DIRECTION('',(0.,0.,1.));
#5517 = ORIENTED_EDGE('',*,*,#5518,.F.);
#5518 = EDGE_CURVE('',#5511,#5511,#5519,.T.);
#5519 = CIRCLE('',#5520,2.15);
#5520 = AXIS2_PLACEMENT_3D('',#5521,#5522,#5523);
#5521 = CARTESIAN_POINT('',(37.501408140229,-37.50140814022,28.7));
#5522 = DIRECTION('',(0.,0.,1.));
#5523 = DIRECTION('',(0.707106781187,-0.707106781187,0.));
#5524 = ORIENTED_EDGE('',*,*,#5510,.F.);
#5525 = ORIENTED_EDGE('',*,*,#5475,.T.);
#5526 = CYLINDRICAL_SURFACE('',#5527,2.15);
#5527 = AXIS2_PLACEMENT_3D('',#5528,#5529,#5530);
#5528 = CARTESIAN_POINT('',(37.501408140229,-37.50140814022,26.5));
#5529 = DIRECTION('',(0.,0.,1.));
#5530 = DIRECTION('',(0.707106781187,-0.707106781187,0.));
#5531 = ADVANCED_FACE('',(#5532),#5537,.T.);
#5532 = FACE_BOUND('',#5533,.T.);
#5533 = EDGE_LOOP('',(#5534,#5535,#5536));
#5534 = ORIENTED_EDGE('',*,*,#3615,.T.);
#5535 = ORIENTED_EDGE('',*,*,#5501,.T.);
#5536 = ORIENTED_EDGE('',*,*,#3703,.T.);
#5537 = PLANE('',#5538);
#5538 = AXIS2_PLACEMENT_3D('',#5539,#5540,#5541);
#5539 = CARTESIAN_POINT('',(37.501408140229,-37.50140814022,26.5));
#5540 = DIRECTION('',(0.,0.,1.));
#5541 = DIRECTION('',(0.707106781187,-0.707106781187,0.));
#5542 = ADVANCED_FACE('',(#5543),#5577,.T.);
#5543 = FACE_BOUND('',#5544,.T.);
#5544 = EDGE_LOOP('',(#5545,#5546,#5554,#5562,#5570,#5576));
#5545 = ORIENTED_EDGE('',*,*,#5451,.F.);
#5546 = ORIENTED_EDGE('',*,*,#5547,.T.);
#5547 = EDGE_CURVE('',#5452,#5548,#5550,.T.);
#5548 = VERTEX_POINT('',#5549);
#5549 = CARTESIAN_POINT('',(37.501408140229,-31.84455389073,28.7));
#5550 = LINE('',#5551,#5552);
#5551 = CARTESIAN_POINT('',(37.501408140229,-31.84455389073,27.5));
#5552 = VECTOR('',#5553,1.);
#5553 = DIRECTION('',(0.,0.,1.));
#5554 = ORIENTED_EDGE('',*,*,#5555,.T.);
#5555 = EDGE_CURVE('',#5548,#5556,#5558,.T.);
#5556 = VERTEX_POINT('',#5557);
#5557 = CARTESIAN_POINT('',(39.74191501068,-34.08506076118,28.7));
#5558 = LINE('',#5559,#5560);
#5559 = CARTESIAN_POINT('',(37.501408140229,-31.84455389073,28.7));
#5560 = VECTOR('',#5561,1.);
#5561 = DIRECTION('',(0.707106781187,-0.707106781187,0.));
#5562 = ORIENTED_EDGE('',*,*,#5563,.T.);
#5563 = EDGE_CURVE('',#5556,#5564,#5566,.T.);
#5564 = VERTEX_POINT('',#5565);
#5565 = CARTESIAN_POINT('',(39.74191501068,-34.08506076118,27.51));
#5566 = LINE('',#5567,#5568);
#5567 = CARTESIAN_POINT('',(39.74191501068,-34.08506076118,27.5));
#5568 = VECTOR('',#5569,1.);
#5569 = DIRECTION('',(0.,0.,-1.));
#5570 = ORIENTED_EDGE('',*,*,#5571,.T.);
#5571 = EDGE_CURVE('',#5564,#3672,#5572,.T.);
#5572 = LINE('',#5573,#5574);
#5573 = CARTESIAN_POINT('',(38.384970926938,-32.72811667744,27.51));
#5574 = VECTOR('',#5575,1.);
#5575 = DIRECTION('',(-0.707106781187,0.707106781187,0.));
#5576 = ORIENTED_EDGE('',*,*,#3679,.F.);
#5577 = PLANE('',#5578);
#5578 = AXIS2_PLACEMENT_3D('',#5579,#5580,#5581);
#5579 = CARTESIAN_POINT('',(37.501408140229,-31.84455389073,27.5));
#5580 = DIRECTION('',(0.707106781187,0.707106781187,0.));
#5581 = DIRECTION('',(0.,0.,1.));
#5582 = ADVANCED_FACE('',(#5583),#5594,.T.);
#5583 = FACE_BOUND('',#5584,.T.);
#5584 = EDGE_LOOP('',(#5585,#5586,#5587,#5593));
#5585 = ORIENTED_EDGE('',*,*,#3671,.F.);
#5586 = ORIENTED_EDGE('',*,*,#5571,.F.);
#5587 = ORIENTED_EDGE('',*,*,#5588,.T.);
#5588 = EDGE_CURVE('',#5564,#3728,#5589,.T.);
#5589 = LINE('',#5590,#5591);
#5590 = CARTESIAN_POINT('',(39.590811678324,-34.13713073354,27.51));
#5591 = VECTOR('',#5592,1.);
#5592 = DIRECTION('',(0.94543972822,0.32579705386,-0.));
#5593 = ORIENTED_EDGE('',*,*,#3727,.F.);
#5594 = PLANE('',#5595);
#5595 = AXIS2_PLACEMENT_3D('',#5596,#5597,#5598);
#5596 = CARTESIAN_POINT('',(36.933697299368,-35.94651587843,27.51));
#5597 = DIRECTION('',(0.,0.,1.));
#5598 = DIRECTION('',(0.743144825477,-0.669130606359,0.));
#5599 = ADVANCED_FACE('',(#5600),#5634,.F.);
#5600 = FACE_BOUND('',#5601,.F.);
#5601 = EDGE_LOOP('',(#5602,#5612,#5620,#5626,#5627,#5628));
#5602 = ORIENTED_EDGE('',*,*,#5603,.F.);
#5603 = EDGE_CURVE('',#5604,#5606,#5608,.T.);
#5604 = VERTEX_POINT('',#5605);
#5605 = CARTESIAN_POINT('',(42.523219538528,-33.12662756442,28.7));
#5606 = VERTEX_POINT('',#5607);
#5607 = CARTESIAN_POINT('',(43.789451099536,-36.80114091168,28.7));
#5608 = LINE('',#5609,#5610);
#5609 = CARTESIAN_POINT('',(42.523219538528,-33.12662756442,28.7));
#5610 = VECTOR('',#5611,1.);
#5611 = DIRECTION('',(0.32579705386,-0.94543972822,0.));
#5612 = ORIENTED_EDGE('',*,*,#5613,.F.);
#5613 = EDGE_CURVE('',#5614,#5604,#5616,.T.);
#5614 = VERTEX_POINT('',#5615);
#5615 = CARTESIAN_POINT('',(42.523219538528,-33.12662756442,27.5));
#5616 = LINE('',#5617,#5618);
#5617 = CARTESIAN_POINT('',(42.523219538528,-33.12662756442,27.5));
#5618 = VECTOR('',#5619,1.);
#5619 = DIRECTION('',(0.,-0.,1.));
#5620 = ORIENTED_EDGE('',*,*,#5621,.T.);
#5621 = EDGE_CURVE('',#5614,#3744,#5622,.T.);
#5622 = LINE('',#5623,#5624);
#5623 = CARTESIAN_POINT('',(42.523219538528,-33.12662756442,27.5));
#5624 = VECTOR('',#5625,1.);
#5625 = DIRECTION('',(0.32579705386,-0.94543972822,0.));
#5626 = ORIENTED_EDGE('',*,*,#3751,.T.);
#5627 = ORIENTED_EDGE('',*,*,#5380,.T.);
#5628 = ORIENTED_EDGE('',*,*,#5629,.T.);
#5629 = EDGE_CURVE('',#5381,#5606,#5630,.T.);
#5630 = LINE('',#5631,#5632);
#5631 = CARTESIAN_POINT('',(43.789451099536,-36.80114091168,26.5));
#5632 = VECTOR('',#5633,1.);
#5633 = DIRECTION('',(0.,0.,1.));
#5634 = PLANE('',#5635);
#5635 = AXIS2_PLACEMENT_3D('',#5636,#5637,#5638);
#5636 = CARTESIAN_POINT('',(42.523219538528,-33.12662756442,27.5));
#5637 = DIRECTION('',(-0.94543972822,-0.32579705386,0.));
#5638 = DIRECTION('',(0.,-0.,1.));
#5639 = ADVANCED_FACE('',(#5640),#5650,.F.);
#5640 = FACE_BOUND('',#5641,.F.);
#5641 = EDGE_LOOP('',(#5642,#5648,#5649));
#5642 = ORIENTED_EDGE('',*,*,#5643,.T.);
#5643 = EDGE_CURVE('',#5614,#3736,#5644,.T.);
#5644 = LINE('',#5645,#5646);
#5645 = CARTESIAN_POINT('',(42.523219538528,-33.12662756442,27.5));
#5646 = VECTOR('',#5647,1.);
#5647 = DIRECTION('',(-0.94543972822,-0.32579705386,0.));
#5648 = ORIENTED_EDGE('',*,*,#3743,.T.);
#5649 = ORIENTED_EDGE('',*,*,#5621,.F.);
#5650 = PLANE('',#5651);
#5651 = AXIS2_PLACEMENT_3D('',#5652,#5653,#5654);
#5652 = CARTESIAN_POINT('',(31.844553890736,-37.50140814022,27.5));
#5653 = DIRECTION('',(0.,0.,1.));
#5654 = DIRECTION('',(0.707106781187,-0.707106781187,0.));
#5655 = ADVANCED_FACE('',(#5656),#5669,.F.);
#5656 = FACE_BOUND('',#5657,.F.);
#5657 = EDGE_LOOP('',(#5658,#5659,#5660,#5666,#5667,#5668));
#5658 = ORIENTED_EDGE('',*,*,#5643,.F.);
#5659 = ORIENTED_EDGE('',*,*,#5613,.T.);
#5660 = ORIENTED_EDGE('',*,*,#5661,.T.);
#5661 = EDGE_CURVE('',#5604,#5556,#5662,.T.);
#5662 = LINE('',#5663,#5664);
#5663 = CARTESIAN_POINT('',(42.523219538528,-33.12662756442,28.7));
#5664 = VECTOR('',#5665,1.);
#5665 = DIRECTION('',(-0.94543972822,-0.32579705386,0.));
#5666 = ORIENTED_EDGE('',*,*,#5563,.T.);
#5667 = ORIENTED_EDGE('',*,*,#5588,.T.);
#5668 = ORIENTED_EDGE('',*,*,#3735,.T.);
#5669 = PLANE('',#5670);
#5670 = AXIS2_PLACEMENT_3D('',#5671,#5672,#5673);
#5671 = CARTESIAN_POINT('',(42.523219538528,-33.12662756442,27.5));
#5672 = DIRECTION('',(0.32579705386,-0.94543972822,0.));
#5673 = DIRECTION('',(0.,-0.,1.));
#5674 = ADVANCED_FACE('',(#5675),#5681,.T.);
#5675 = FACE_BOUND('',#5676,.T.);
#5676 = EDGE_LOOP('',(#5677,#5678,#5679,#5680));
#5677 = ORIENTED_EDGE('',*,*,#3831,.F.);
#5678 = ORIENTED_EDGE('',*,*,#3807,.T.);
#5679 = ORIENTED_EDGE('',*,*,#3872,.T.);
#5680 = ORIENTED_EDGE('',*,*,#3855,.F.);
#5681 = PLANE('',#5682);
#5682 = AXIS2_PLACEMENT_3D('',#5683,#5684,#5685);
#5683 = CARTESIAN_POINT('',(42.783320996791,-29.89711431703,23.3));
#5684 = DIRECTION('',(0.,0.,1.));
#5685 = DIRECTION('',(0.866025403784,-0.5,0.));
#5686 = ADVANCED_FACE('',(#5687),#5744,.T.);
#5687 = FACE_BOUND('',#5688,.T.);
#5688 = EDGE_LOOP('',(#5689,#5697,#5705,#5713,#5721,#5729,#5737,#5743));
#5689 = ORIENTED_EDGE('',*,*,#5690,.F.);
#5690 = EDGE_CURVE('',#5691,#3881,#5693,.T.);
#5691 = VERTEX_POINT('',#5692);
#5692 = CARTESIAN_POINT('',(48.48580120376,-24.7601288694,18.));
#5693 = LINE('',#5694,#5695);
#5694 = CARTESIAN_POINT('',(48.225993582625,-24.6101288694,18.));
#5695 = VECTOR('',#5696,1.);
#5696 = DIRECTION('',(0.866025403784,-0.5,0.));
#5697 = ORIENTED_EDGE('',*,*,#5698,.T.);
#5698 = EDGE_CURVE('',#5691,#5699,#5701,.T.);
#5699 = VERTEX_POINT('',#5700);
#5700 = CARTESIAN_POINT('',(49.18580120376,-23.5476933041,18.));
#5701 = LINE('',#5702,#5703);
#5702 = CARTESIAN_POINT('',(44.98580120376,-30.82230669589,18.));
#5703 = VECTOR('',#5704,1.);
#5704 = DIRECTION('',(0.5,0.866025403784,0.));
#5705 = ORIENTED_EDGE('',*,*,#5706,.F.);
#5706 = EDGE_CURVE('',#5707,#5699,#5709,.T.);
#5707 = VERTEX_POINT('',#5708);
#5708 = CARTESIAN_POINT('',(48.146570719219,-22.9476933041,18.));
#5709 = LINE('',#5710,#5711);
#5710 = CARTESIAN_POINT('',(48.146570719219,-22.9476933041,18.));
#5711 = VECTOR('',#5712,1.);
#5712 = DIRECTION('',(0.866025403784,-0.5,0.));
#5713 = ORIENTED_EDGE('',*,*,#5714,.F.);
#5714 = EDGE_CURVE('',#5715,#5707,#5717,.T.);
#5715 = VERTEX_POINT('',#5716);
#5716 = CARTESIAN_POINT('',(43.946570719219,-30.22230669589,18.));
#5717 = LINE('',#5718,#5719);
#5718 = CARTESIAN_POINT('',(43.946570719219,-30.22230669589,18.));
#5719 = VECTOR('',#5720,1.);
#5720 = DIRECTION('',(0.5,0.866025403784,0.));
#5721 = ORIENTED_EDGE('',*,*,#5722,.T.);
#5722 = EDGE_CURVE('',#5715,#5723,#5725,.T.);
#5723 = VERTEX_POINT('',#5724);
#5724 = CARTESIAN_POINT('',(44.98580120376,-30.82230669589,18.));
#5725 = LINE('',#5726,#5727);
#5726 = CARTESIAN_POINT('',(43.946570719219,-30.22230669589,18.));
#5727 = VECTOR('',#5728,1.);
#5728 = DIRECTION('',(0.866025403784,-0.5,0.));
#5729 = ORIENTED_EDGE('',*,*,#5730,.T.);
#5730 = EDGE_CURVE('',#5723,#5731,#5733,.T.);
#5731 = VERTEX_POINT('',#5732);
#5732 = CARTESIAN_POINT('',(45.68580120376,-29.60987113059,18.));
#5733 = LINE('',#5734,#5735);
#5734 = CARTESIAN_POINT('',(44.98580120376,-30.82230669589,18.));
#5735 = VECTOR('',#5736,1.);
#5736 = DIRECTION('',(0.5,0.866025403784,0.));
#5737 = ORIENTED_EDGE('',*,*,#5738,.T.);
#5738 = EDGE_CURVE('',#5731,#3883,#5739,.T.);
#5739 = LINE('',#5740,#5741);
#5740 = CARTESIAN_POINT('',(45.425993582625,-29.45987113059,18.));
#5741 = VECTOR('',#5742,1.);
#5742 = DIRECTION('',(0.866025403784,-0.5,0.));
#5743 = ORIENTED_EDGE('',*,*,#3880,.F.);
#5744 = PLANE('',#5745);
#5745 = AXIS2_PLACEMENT_3D('',#5746,#5747,#5748);
#5746 = CARTESIAN_POINT('',(45.425993582625,-29.45987113059,18.));
#5747 = DIRECTION('',(0.,0.,1.));
#5748 = DIRECTION('',(0.866025403784,-0.5,0.));
#5749 = ADVANCED_FACE('',(#5750),#5768,.F.);
#5750 = FACE_BOUND('',#5751,.F.);
#5751 = EDGE_LOOP('',(#5752,#5753,#5761,#5767));
#5752 = ORIENTED_EDGE('',*,*,#5690,.F.);
#5753 = ORIENTED_EDGE('',*,*,#5754,.T.);
#5754 = EDGE_CURVE('',#5691,#5755,#5757,.T.);
#5755 = VERTEX_POINT('',#5756);
#5756 = CARTESIAN_POINT('',(48.48580120376,-24.7601288694,23.));
#5757 = LINE('',#5758,#5759);
#5758 = CARTESIAN_POINT('',(48.48580120376,-24.7601288694,18.));
#5759 = VECTOR('',#5760,1.);
#5760 = DIRECTION('',(-0.,0.,1.));
#5761 = ORIENTED_EDGE('',*,*,#5762,.T.);
#5762 = EDGE_CURVE('',#5755,#3899,#5763,.T.);
#5763 = LINE('',#5764,#5765);
#5764 = CARTESIAN_POINT('',(48.225993582625,-24.6101288694,23.));
#5765 = VECTOR('',#5766,1.);
#5766 = DIRECTION('',(0.866025403784,-0.5,0.));
#5767 = ORIENTED_EDGE('',*,*,#3906,.F.);
#5768 = PLANE('',#5769);
#5769 = AXIS2_PLACEMENT_3D('',#5770,#5771,#5772);
#5770 = CARTESIAN_POINT('',(48.225993582625,-24.6101288694,18.));
#5771 = DIRECTION('',(0.5,0.866025403784,0.));
#5772 = DIRECTION('',(0.,0.,1.));
#5773 = ADVANCED_FACE('',(#5774),#5824,.F.);
#5774 = FACE_BOUND('',#5775,.F.);
#5775 = EDGE_LOOP('',(#5776,#5777,#5785,#5793,#5801,#5809,#5817,#5823));
#5776 = ORIENTED_EDGE('',*,*,#5762,.F.);
#5777 = ORIENTED_EDGE('',*,*,#5778,.T.);
#5778 = EDGE_CURVE('',#5755,#5779,#5781,.T.);
#5779 = VERTEX_POINT('',#5780);
#5780 = CARTESIAN_POINT('',(49.18580120376,-23.5476933041,23.));
#5781 = LINE('',#5782,#5783);
#5782 = CARTESIAN_POINT('',(44.98580120376,-30.82230669589,23.));
#5783 = VECTOR('',#5784,1.);
#5784 = DIRECTION('',(0.5,0.866025403784,0.));
#5785 = ORIENTED_EDGE('',*,*,#5786,.F.);
#5786 = EDGE_CURVE('',#5787,#5779,#5789,.T.);
#5787 = VERTEX_POINT('',#5788);
#5788 = CARTESIAN_POINT('',(48.146570719219,-22.9476933041,23.));
#5789 = LINE('',#5790,#5791);
#5790 = CARTESIAN_POINT('',(48.146570719219,-22.9476933041,23.));
#5791 = VECTOR('',#5792,1.);
#5792 = DIRECTION('',(0.866025403784,-0.5,0.));
#5793 = ORIENTED_EDGE('',*,*,#5794,.F.);
#5794 = EDGE_CURVE('',#5795,#5787,#5797,.T.);
#5795 = VERTEX_POINT('',#5796);
#5796 = CARTESIAN_POINT('',(43.946570719219,-30.22230669589,23.));
#5797 = LINE('',#5798,#5799);
#5798 = CARTESIAN_POINT('',(43.946570719219,-30.22230669589,23.));
#5799 = VECTOR('',#5800,1.);
#5800 = DIRECTION('',(0.5,0.866025403784,0.));
#5801 = ORIENTED_EDGE('',*,*,#5802,.T.);
#5802 = EDGE_CURVE('',#5795,#5803,#5805,.T.);
#5803 = VERTEX_POINT('',#5804);
#5804 = CARTESIAN_POINT('',(44.98580120376,-30.82230669589,23.));
#5805 = LINE('',#5806,#5807);
#5806 = CARTESIAN_POINT('',(43.946570719219,-30.22230669589,23.));
#5807 = VECTOR('',#5808,1.);
#5808 = DIRECTION('',(0.866025403784,-0.5,0.));
#5809 = ORIENTED_EDGE('',*,*,#5810,.T.);
#5810 = EDGE_CURVE('',#5803,#5811,#5813,.T.);
#5811 = VERTEX_POINT('',#5812);
#5812 = CARTESIAN_POINT('',(45.68580120376,-29.60987113059,23.));
#5813 = LINE('',#5814,#5815);
#5814 = CARTESIAN_POINT('',(44.98580120376,-30.82230669589,23.));
#5815 = VECTOR('',#5816,1.);
#5816 = DIRECTION('',(0.5,0.866025403784,0.));
#5817 = ORIENTED_EDGE('',*,*,#5818,.T.);
#5818 = EDGE_CURVE('',#5811,#3891,#5819,.T.);
#5819 = LINE('',#5820,#5821);
#5820 = CARTESIAN_POINT('',(45.425993582625,-29.45987113059,23.));
#5821 = VECTOR('',#5822,1.);
#5822 = DIRECTION('',(0.866025403784,-0.5,0.));
#5823 = ORIENTED_EDGE('',*,*,#3898,.F.);
#5824 = PLANE('',#5825);
#5825 = AXIS2_PLACEMENT_3D('',#5826,#5827,#5828);
#5826 = CARTESIAN_POINT('',(45.425993582625,-29.45987113059,23.));
#5827 = DIRECTION('',(0.,0.,1.));
#5828 = DIRECTION('',(0.866025403784,-0.5,0.));
#5829 = ADVANCED_FACE('',(#5830),#5841,.T.);
#5830 = FACE_BOUND('',#5831,.T.);
#5831 = EDGE_LOOP('',(#5832,#5833,#5839,#5840));
#5832 = ORIENTED_EDGE('',*,*,#5738,.F.);
#5833 = ORIENTED_EDGE('',*,*,#5834,.T.);
#5834 = EDGE_CURVE('',#5731,#5811,#5835,.T.);
#5835 = LINE('',#5836,#5837);
#5836 = CARTESIAN_POINT('',(45.68580120376,-29.60987113059,18.));
#5837 = VECTOR('',#5838,1.);
#5838 = DIRECTION('',(-0.,0.,1.));
#5839 = ORIENTED_EDGE('',*,*,#5818,.T.);
#5840 = ORIENTED_EDGE('',*,*,#3890,.F.);
#5841 = PLANE('',#5842);
#5842 = AXIS2_PLACEMENT_3D('',#5843,#5844,#5845);
#5843 = CARTESIAN_POINT('',(45.425993582625,-29.45987113059,18.));
#5844 = DIRECTION('',(0.5,0.866025403784,0.));
#5845 = DIRECTION('',(0.,0.,1.));
#5846 = ADVANCED_FACE('',(#5847),#5883,.T.);
#5847 = FACE_BOUND('',#5848,.T.);
#5848 = EDGE_LOOP('',(#5849,#5857,#5858,#5859,#5860,#5868,#5877));
#5849 = ORIENTED_EDGE('',*,*,#5850,.F.);
#5850 = EDGE_CURVE('',#3962,#5851,#5853,.T.);
#5851 = VERTEX_POINT('',#5852);
#5852 = CARTESIAN_POINT('',(-42.09795202281,38.561718507135,27.51));
#5853 = LINE('',#5854,#5855);
#5854 = CARTESIAN_POINT('',(-39.16241705783,41.497253472115,27.51));
#5855 = VECTOR('',#5856,1.);
#5856 = DIRECTION('',(-0.707106781187,-0.707106781187,0.));
#5857 = ORIENTED_EDGE('',*,*,#3969,.T.);
#5858 = ORIENTED_EDGE('',*,*,#4098,.T.);
#5859 = ORIENTED_EDGE('',*,*,#4081,.F.);
#5860 = ORIENTED_EDGE('',*,*,#5861,.T.);
#5861 = EDGE_CURVE('',#4074,#5862,#5864,.T.);
#5862 = VERTEX_POINT('',#5863);
#5863 = CARTESIAN_POINT('',(-43.78945109953,36.80114091168,27.51));
#5864 = LINE('',#5865,#5866);
#5865 = CARTESIAN_POINT('',(-42.66086627915,33.526068552322,27.51));
#5866 = VECTOR('',#5867,1.);
#5867 = DIRECTION('',(-0.32579705386,0.94543972822,0.));
#5868 = ORIENTED_EDGE('',*,*,#5869,.F.);
#5869 = EDGE_CURVE('',#5870,#5862,#5872,.T.);
#5870 = VERTEX_POINT('',#5871);
#5871 = CARTESIAN_POINT('',(-42.31564446927,38.486702030054,27.51));
#5872 = CIRCLE('',#5873,57.2);
#5873 = AXIS2_PLACEMENT_3D('',#5874,#5875,#5876);
#5874 = CARTESIAN_POINT('',(0.,0.,27.51));
#5875 = DIRECTION('',(0.,0.,1.));
#5876 = DIRECTION('',(1.,0.,-0.));
#5877 = ORIENTED_EDGE('',*,*,#5878,.F.);
#5878 = EDGE_CURVE('',#5851,#5870,#5879,.T.);
#5879 = LINE('',#5880,#5881);
#5880 = CARTESIAN_POINT('',(-41.21979694762,38.864329374639,27.51));
#5881 = VECTOR('',#5882,1.);
#5882 = DIRECTION('',(-0.94543972822,-0.32579705386,0.));
#5883 = PLANE('',#5884);
#5884 = AXIS2_PLACEMENT_3D('',#5885,#5886,#5887);
#5885 = CARTESIAN_POINT('',(-36.93369729936,35.946515878436,27.51));
#5886 = DIRECTION('',(0.,0.,1.));
#5887 = DIRECTION('',(-0.743144825477,0.669130606359,0.));
#5888 = ADVANCED_FACE('',(#5889),#5923,.T.);
#5889 = FACE_BOUND('',#5890,.T.);
#5890 = EDGE_LOOP('',(#5891,#5901,#5909,#5915,#5916,#5917));
#5891 = ORIENTED_EDGE('',*,*,#5892,.F.);
#5892 = EDGE_CURVE('',#5893,#5895,#5897,.T.);
#5893 = VERTEX_POINT('',#5894);
#5894 = CARTESIAN_POINT('',(-37.50140814022,43.158262389721,28.7));
#5895 = VERTEX_POINT('',#5896);
#5896 = CARTESIAN_POINT('',(-42.09795202281,38.561718507135,28.7));
#5897 = LINE('',#5898,#5899);
#5898 = CARTESIAN_POINT('',(-37.50140814022,43.158262389721,28.7));
#5899 = VECTOR('',#5900,1.);
#5900 = DIRECTION('',(-0.707106781187,-0.707106781187,0.));
#5901 = ORIENTED_EDGE('',*,*,#5902,.F.);
#5902 = EDGE_CURVE('',#5903,#5893,#5905,.T.);
#5903 = VERTEX_POINT('',#5904);
#5904 = CARTESIAN_POINT('',(-37.50140814022,43.158262389721,27.5));
#5905 = LINE('',#5906,#5907);
#5906 = CARTESIAN_POINT('',(-37.50140814022,43.158262389721,27.5));
#5907 = VECTOR('',#5908,1.);
#5908 = DIRECTION('',(0.,0.,1.));
#5909 = ORIENTED_EDGE('',*,*,#5910,.T.);
#5910 = EDGE_CURVE('',#5903,#3954,#5911,.T.);
#5911 = LINE('',#5912,#5913);
#5912 = CARTESIAN_POINT('',(-37.50140814022,43.158262389721,27.5));
#5913 = VECTOR('',#5914,1.);
#5914 = DIRECTION('',(-0.707106781187,-0.707106781187,0.));
#5915 = ORIENTED_EDGE('',*,*,#3961,.F.);
#5916 = ORIENTED_EDGE('',*,*,#5850,.T.);
#5917 = ORIENTED_EDGE('',*,*,#5918,.F.);
#5918 = EDGE_CURVE('',#5895,#5851,#5919,.T.);
#5919 = LINE('',#5920,#5921);
#5920 = CARTESIAN_POINT('',(-42.09795202281,38.561718507135,27.5));
#5921 = VECTOR('',#5922,1.);
#5922 = DIRECTION('',(0.,0.,-1.));
#5923 = PLANE('',#5924);
#5924 = AXIS2_PLACEMENT_3D('',#5925,#5926,#5927);
#5925 = CARTESIAN_POINT('',(-37.50140814022,43.158262389721,27.5));
#5926 = DIRECTION('',(-0.707106781187,0.707106781187,0.));
#5927 = DIRECTION('',(0.,0.,1.));
#5928 = ADVANCED_FACE('',(#5929),#5972,.F.);
#5929 = FACE_BOUND('',#5930,.F.);
#5930 = EDGE_LOOP('',(#5931,#5939,#5947,#5953,#5954,#5955,#5964,#5971));
#5931 = ORIENTED_EDGE('',*,*,#5932,.F.);
#5932 = EDGE_CURVE('',#5933,#4002,#5935,.T.);
#5933 = VERTEX_POINT('',#5934);
#5934 = CARTESIAN_POINT('',(-37.50140814022,31.844553890736,27.5));
#5935 = LINE('',#5936,#5937);
#5936 = CARTESIAN_POINT('',(-37.50140814022,31.844553890736,27.5));
#5937 = VECTOR('',#5938,1.);
#5938 = DIRECTION('',(-0.707106781187,0.707106781187,0.));
#5939 = ORIENTED_EDGE('',*,*,#5940,.F.);
#5940 = EDGE_CURVE('',#5941,#5933,#5943,.T.);
#5941 = VERTEX_POINT('',#5942);
#5942 = CARTESIAN_POINT('',(-31.84455389073,37.501408140229,27.5));
#5943 = LINE('',#5944,#5945);
#5944 = CARTESIAN_POINT('',(-31.84455389073,37.501408140229,27.5));
#5945 = VECTOR('',#5946,1.);
#5946 = DIRECTION('',(-0.707106781187,-0.707106781187,0.));
#5947 = ORIENTED_EDGE('',*,*,#5948,.T.);
#5948 = EDGE_CURVE('',#5941,#5903,#5949,.T.);
#5949 = LINE('',#5950,#5951);
#5950 = CARTESIAN_POINT('',(-31.84455389073,37.501408140229,27.5));
#5951 = VECTOR('',#5952,1.);
#5952 = DIRECTION('',(-0.707106781187,0.707106781187,0.));
#5953 = ORIENTED_EDGE('',*,*,#5910,.T.);
#5954 = ORIENTED_EDGE('',*,*,#3953,.F.);
#5955 = ORIENTED_EDGE('',*,*,#5956,.F.);
#5956 = EDGE_CURVE('',#5957,#3946,#5959,.T.);
#5957 = VERTEX_POINT('',#5958);
#5958 = CARTESIAN_POINT('',(-39.02168771978,39.02168771978,27.5));
#5959 = CIRCLE('',#5960,2.15);
#5960 = AXIS2_PLACEMENT_3D('',#5961,#5962,#5963);
#5961 = CARTESIAN_POINT('',(-37.50140814022,37.501408140229,27.5));
#5962 = DIRECTION('',(0.,0.,1.));
#5963 = DIRECTION('',(-0.707106781187,0.707106781187,0.));
#5964 = ORIENTED_EDGE('',*,*,#5965,.F.);
#5965 = EDGE_CURVE('',#4010,#5957,#5966,.T.);
#5966 = CIRCLE('',#5967,2.15);
#5967 = AXIS2_PLACEMENT_3D('',#5968,#5969,#5970);
#5968 = CARTESIAN_POINT('',(-37.50140814022,37.501408140229,27.5));
#5969 = DIRECTION('',(0.,0.,1.));
#5970 = DIRECTION('',(-0.707106781187,0.707106781187,0.));
#5971 = ORIENTED_EDGE('',*,*,#4009,.F.);
#5972 = PLANE('',#5973);
#5973 = AXIS2_PLACEMENT_3D('',#5974,#5975,#5976);
#5974 = CARTESIAN_POINT('',(-31.84455389073,37.501408140229,27.5));
#5975 = DIRECTION('',(0.,0.,1.));
#5976 = DIRECTION('',(-0.707106781187,0.707106781187,0.));
#5977 = ADVANCED_FACE('',(#5978),#6007,.F.);
#5978 = FACE_BOUND('',#5979,.F.);
#5979 = EDGE_LOOP('',(#5980,#5981,#5988,#5989,#5990,#5998,#6005,#6006));
#5980 = ORIENTED_EDGE('',*,*,#3945,.F.);
#5981 = ORIENTED_EDGE('',*,*,#5982,.T.);
#5982 = EDGE_CURVE('',#3938,#4018,#5983,.T.);
#5983 = CIRCLE('',#5984,2.15);
#5984 = AXIS2_PLACEMENT_3D('',#5985,#5986,#5987);
#5985 = CARTESIAN_POINT('',(-37.50140814022,37.501408140229,26.5));
#5986 = DIRECTION('',(0.,0.,1.));
#5987 = DIRECTION('',(-0.707106781187,0.707106781187,0.));
#5988 = ORIENTED_EDGE('',*,*,#4017,.T.);
#5989 = ORIENTED_EDGE('',*,*,#5965,.T.);
#5990 = ORIENTED_EDGE('',*,*,#5991,.T.);
#5991 = EDGE_CURVE('',#5957,#5992,#5994,.T.);
#5992 = VERTEX_POINT('',#5993);
#5993 = CARTESIAN_POINT('',(-39.02168771978,39.02168771978,28.7));
#5994 = LINE('',#5995,#5996);
#5995 = CARTESIAN_POINT('',(-39.02168771978,39.02168771978,26.5));
#5996 = VECTOR('',#5997,1.);
#5997 = DIRECTION('',(0.,0.,1.));
#5998 = ORIENTED_EDGE('',*,*,#5999,.F.);
#5999 = EDGE_CURVE('',#5992,#5992,#6000,.T.);
#6000 = CIRCLE('',#6001,2.15);
#6001 = AXIS2_PLACEMENT_3D('',#6002,#6003,#6004);
#6002 = CARTESIAN_POINT('',(-37.50140814022,37.501408140229,28.7));
#6003 = DIRECTION('',(0.,0.,1.));
#6004 = DIRECTION('',(-0.707106781187,0.707106781187,0.));
#6005 = ORIENTED_EDGE('',*,*,#5991,.F.);
#6006 = ORIENTED_EDGE('',*,*,#5956,.T.);
#6007 = CYLINDRICAL_SURFACE('',#6008,2.15);
#6008 = AXIS2_PLACEMENT_3D('',#6009,#6010,#6011);
#6009 = CARTESIAN_POINT('',(-37.50140814022,37.501408140229,26.5));
#6010 = DIRECTION('',(0.,0.,1.));
#6011 = DIRECTION('',(-0.707106781187,0.707106781187,0.));
#6012 = ADVANCED_FACE('',(#6013),#6018,.T.);
#6013 = FACE_BOUND('',#6014,.T.);
#6014 = EDGE_LOOP('',(#6015,#6016,#6017));
#6015 = ORIENTED_EDGE('',*,*,#3937,.T.);
#6016 = ORIENTED_EDGE('',*,*,#5982,.T.);
#6017 = ORIENTED_EDGE('',*,*,#4025,.T.);
#6018 = PLANE('',#6019);
#6019 = AXIS2_PLACEMENT_3D('',#6020,#6021,#6022);
#6020 = CARTESIAN_POINT('',(-37.50140814022,37.501408140229,26.5));
#6021 = DIRECTION('',(0.,0.,1.));
#6022 = DIRECTION('',(-0.707106781187,0.707106781187,0.));
#6023 = ADVANCED_FACE('',(#6024),#6058,.T.);
#6024 = FACE_BOUND('',#6025,.T.);
#6025 = EDGE_LOOP('',(#6026,#6027,#6035,#6043,#6051,#6057));
#6026 = ORIENTED_EDGE('',*,*,#5932,.F.);
#6027 = ORIENTED_EDGE('',*,*,#6028,.T.);
#6028 = EDGE_CURVE('',#5933,#6029,#6031,.T.);
#6029 = VERTEX_POINT('',#6030);
#6030 = CARTESIAN_POINT('',(-37.50140814022,31.844553890736,28.7));
#6031 = LINE('',#6032,#6033);
#6032 = CARTESIAN_POINT('',(-37.50140814022,31.844553890736,27.5));
#6033 = VECTOR('',#6034,1.);
#6034 = DIRECTION('',(0.,0.,1.));
#6035 = ORIENTED_EDGE('',*,*,#6036,.T.);
#6036 = EDGE_CURVE('',#6029,#6037,#6039,.T.);
#6037 = VERTEX_POINT('',#6038);
#6038 = CARTESIAN_POINT('',(-39.74191501068,34.085060761187,28.7));
#6039 = LINE('',#6040,#6041);
#6040 = CARTESIAN_POINT('',(-37.50140814022,31.844553890736,28.7));
#6041 = VECTOR('',#6042,1.);
#6042 = DIRECTION('',(-0.707106781187,0.707106781187,0.));
#6043 = ORIENTED_EDGE('',*,*,#6044,.T.);
#6044 = EDGE_CURVE('',#6037,#6045,#6047,.T.);
#6045 = VERTEX_POINT('',#6046);
#6046 = CARTESIAN_POINT('',(-39.74191501068,34.085060761187,27.51));
#6047 = LINE('',#6048,#6049);
#6048 = CARTESIAN_POINT('',(-39.74191501068,34.085060761187,27.5));
#6049 = VECTOR('',#6050,1.);
#6050 = DIRECTION('',(-0.,0.,-1.));
#6051 = ORIENTED_EDGE('',*,*,#6052,.T.);
#6052 = EDGE_CURVE('',#6045,#3994,#6053,.T.);
#6053 = LINE('',#6054,#6055);
#6054 = CARTESIAN_POINT('',(-38.38497092693,32.728116677446,27.51));
#6055 = VECTOR('',#6056,1.);
#6056 = DIRECTION('',(0.707106781187,-0.707106781187,0.));
#6057 = ORIENTED_EDGE('',*,*,#4001,.F.);
#6058 = PLANE('',#6059);
#6059 = AXIS2_PLACEMENT_3D('',#6060,#6061,#6062);
#6060 = CARTESIAN_POINT('',(-37.50140814022,31.844553890736,27.5));
#6061 = DIRECTION('',(-0.707106781187,-0.707106781187,0.));
#6062 = DIRECTION('',(0.,0.,1.));
#6063 = ADVANCED_FACE('',(#6064),#6075,.T.);
#6064 = FACE_BOUND('',#6065,.T.);
#6065 = EDGE_LOOP('',(#6066,#6067,#6068,#6074));
#6066 = ORIENTED_EDGE('',*,*,#3993,.F.);
#6067 = ORIENTED_EDGE('',*,*,#6052,.F.);
#6068 = ORIENTED_EDGE('',*,*,#6069,.T.);
#6069 = EDGE_CURVE('',#6045,#4050,#6070,.T.);
#6070 = LINE('',#6071,#6072);
#6071 = CARTESIAN_POINT('',(-39.59081167832,34.13713073354,27.51));
#6072 = VECTOR('',#6073,1.);
#6073 = DIRECTION('',(-0.94543972822,-0.32579705386,0.));
#6074 = ORIENTED_EDGE('',*,*,#4049,.F.);
#6075 = PLANE('',#6076);
#6076 = AXIS2_PLACEMENT_3D('',#6077,#6078,#6079);
#6077 = CARTESIAN_POINT('',(-36.93369729936,35.946515878436,27.51));
#6078 = DIRECTION('',(0.,0.,1.));
#6079 = DIRECTION('',(-0.743144825477,0.669130606359,0.));
#6080 = ADVANCED_FACE('',(#6081),#6115,.F.);
#6081 = FACE_BOUND('',#6082,.F.);
#6082 = EDGE_LOOP('',(#6083,#6093,#6101,#6107,#6108,#6109));
#6083 = ORIENTED_EDGE('',*,*,#6084,.F.);
#6084 = EDGE_CURVE('',#6085,#6087,#6089,.T.);
#6085 = VERTEX_POINT('',#6086);
#6086 = CARTESIAN_POINT('',(-42.52321953852,33.126627564429,28.7));
#6087 = VERTEX_POINT('',#6088);
#6088 = CARTESIAN_POINT('',(-43.78945109953,36.80114091168,28.7));
#6089 = LINE('',#6090,#6091);
#6090 = CARTESIAN_POINT('',(-42.52321953852,33.126627564429,28.7));
#6091 = VECTOR('',#6092,1.);
#6092 = DIRECTION('',(-0.32579705386,0.94543972822,0.));
#6093 = ORIENTED_EDGE('',*,*,#6094,.F.);
#6094 = EDGE_CURVE('',#6095,#6085,#6097,.T.);
#6095 = VERTEX_POINT('',#6096);
#6096 = CARTESIAN_POINT('',(-42.52321953852,33.126627564429,27.5));
#6097 = LINE('',#6098,#6099);
#6098 = CARTESIAN_POINT('',(-42.52321953852,33.126627564429,27.5));
#6099 = VECTOR('',#6100,1.);
#6100 = DIRECTION('',(0.,0.,1.));
#6101 = ORIENTED_EDGE('',*,*,#6102,.T.);
#6102 = EDGE_CURVE('',#6095,#4066,#6103,.T.);
#6103 = LINE('',#6104,#6105);
#6104 = CARTESIAN_POINT('',(-42.52321953852,33.126627564429,27.5));
#6105 = VECTOR('',#6106,1.);
#6106 = DIRECTION('',(-0.32579705386,0.94543972822,0.));
#6107 = ORIENTED_EDGE('',*,*,#4073,.T.);
#6108 = ORIENTED_EDGE('',*,*,#5861,.T.);
#6109 = ORIENTED_EDGE('',*,*,#6110,.T.);
#6110 = EDGE_CURVE('',#5862,#6087,#6111,.T.);
#6111 = LINE('',#6112,#6113);
#6112 = CARTESIAN_POINT('',(-43.78945109953,36.80114091168,26.5));
#6113 = VECTOR('',#6114,1.);
#6114 = DIRECTION('',(0.,0.,1.));
#6115 = PLANE('',#6116);
#6116 = AXIS2_PLACEMENT_3D('',#6117,#6118,#6119);
#6117 = CARTESIAN_POINT('',(-42.52321953852,33.126627564429,27.5));
#6118 = DIRECTION('',(0.94543972822,0.32579705386,0.));
#6119 = DIRECTION('',(0.,0.,1.));
#6120 = ADVANCED_FACE('',(#6121),#6131,.F.);
#6121 = FACE_BOUND('',#6122,.F.);
#6122 = EDGE_LOOP('',(#6123,#6129,#6130));
#6123 = ORIENTED_EDGE('',*,*,#6124,.T.);
#6124 = EDGE_CURVE('',#6095,#4058,#6125,.T.);
#6125 = LINE('',#6126,#6127);
#6126 = CARTESIAN_POINT('',(-42.52321953852,33.126627564429,27.5));
#6127 = VECTOR('',#6128,1.);
#6128 = DIRECTION('',(0.94543972822,0.32579705386,0.));
#6129 = ORIENTED_EDGE('',*,*,#4065,.T.);
#6130 = ORIENTED_EDGE('',*,*,#6102,.F.);
#6131 = PLANE('',#6132);
#6132 = AXIS2_PLACEMENT_3D('',#6133,#6134,#6135);
#6133 = CARTESIAN_POINT('',(-31.84455389073,37.501408140229,27.5));
#6134 = DIRECTION('',(0.,0.,1.));
#6135 = DIRECTION('',(-0.707106781187,0.707106781187,0.));
#6136 = ADVANCED_FACE('',(#6137),#6150,.F.);
#6137 = FACE_BOUND('',#6138,.F.);
#6138 = EDGE_LOOP('',(#6139,#6140,#6141,#6147,#6148,#6149));
#6139 = ORIENTED_EDGE('',*,*,#6124,.F.);
#6140 = ORIENTED_EDGE('',*,*,#6094,.T.);
#6141 = ORIENTED_EDGE('',*,*,#6142,.T.);
#6142 = EDGE_CURVE('',#6085,#6037,#6143,.T.);
#6143 = LINE('',#6144,#6145);
#6144 = CARTESIAN_POINT('',(-42.52321953852,33.126627564429,28.7));
#6145 = VECTOR('',#6146,1.);
#6146 = DIRECTION('',(0.94543972822,0.32579705386,0.));
#6147 = ORIENTED_EDGE('',*,*,#6044,.T.);
#6148 = ORIENTED_EDGE('',*,*,#6069,.T.);
#6149 = ORIENTED_EDGE('',*,*,#4057,.T.);
#6150 = PLANE('',#6151);
#6151 = AXIS2_PLACEMENT_3D('',#6152,#6153,#6154);
#6152 = CARTESIAN_POINT('',(-42.52321953852,33.126627564429,27.5));
#6153 = DIRECTION('',(-0.32579705386,0.94543972822,0.));
#6154 = DIRECTION('',(0.,0.,1.));
#6155 = ADVANCED_FACE('',(#6156),#6192,.T.);
#6156 = FACE_BOUND('',#6157,.T.);
#6157 = EDGE_LOOP('',(#6158,#6166,#6167,#6168,#6169,#6177,#6185));
#6158 = ORIENTED_EDGE('',*,*,#6159,.T.);
#6159 = EDGE_CURVE('',#6160,#4154,#6162,.T.);
#6160 = VERTEX_POINT('',#6161);
#6161 = CARTESIAN_POINT('',(43.789451099536,36.80114091168,27.51));
#6162 = LINE('',#6163,#6164);
#6163 = CARTESIAN_POINT('',(43.159597802551,34.973351731684,27.51));
#6164 = VECTOR('',#6165,1.);
#6165 = DIRECTION('',(-0.32579705386,-0.94543972822,0.));
#6166 = ORIENTED_EDGE('',*,*,#4161,.T.);
#6167 = ORIENTED_EDGE('',*,*,#4290,.T.);
#6168 = ORIENTED_EDGE('',*,*,#4273,.F.);
#6169 = ORIENTED_EDGE('',*,*,#6170,.F.);
#6170 = EDGE_CURVE('',#6171,#4266,#6173,.T.);
#6171 = VERTEX_POINT('',#6172);
#6172 = CARTESIAN_POINT('',(42.097952022814,38.561718507135,27.51));
#6173 = LINE('',#6174,#6175);
#6174 = CARTESIAN_POINT('',(43.403119614417,37.256550915532,27.51));
#6175 = VECTOR('',#6176,1.);
#6176 = DIRECTION('',(-0.707106781187,0.707106781187,0.));
#6177 = ORIENTED_EDGE('',*,*,#6178,.T.);
#6178 = EDGE_CURVE('',#6171,#6179,#6181,.T.);
#6179 = VERTEX_POINT('',#6180);
#6180 = CARTESIAN_POINT('',(42.315644469272,38.486702030054,27.51));
#6181 = LINE('',#6182,#6183);
#6182 = CARTESIAN_POINT('',(42.87381927159,38.294355864872,27.51));
#6183 = VECTOR('',#6184,1.);
#6184 = DIRECTION('',(0.94543972822,-0.32579705386,0.));
#6185 = ORIENTED_EDGE('',*,*,#6186,.F.);
#6186 = EDGE_CURVE('',#6160,#6179,#6187,.T.);
#6187 = CIRCLE('',#6188,57.2);
#6188 = AXIS2_PLACEMENT_3D('',#6189,#6190,#6191);
#6189 = CARTESIAN_POINT('',(0.,0.,27.51));
#6190 = DIRECTION('',(0.,0.,1.));
#6191 = DIRECTION('',(1.,0.,-0.));
#6192 = PLANE('',#6193);
#6193 = AXIS2_PLACEMENT_3D('',#6194,#6195,#6196);
#6194 = CARTESIAN_POINT('',(39.610219724804,32.973936576526,27.51));
#6195 = DIRECTION('',(0.,0.,1.));
#6196 = DIRECTION('',(0.743144825477,0.669130606359,0.));
#6197 = ADVANCED_FACE('',(#6198),#6232,.F.);
#6198 = FACE_BOUND('',#6199,.F.);
#6199 = EDGE_LOOP('',(#6200,#6210,#6216,#6217,#6218,#6226));
#6200 = ORIENTED_EDGE('',*,*,#6201,.F.);
#6201 = EDGE_CURVE('',#6202,#6204,#6206,.T.);
#6202 = VERTEX_POINT('',#6203);
#6203 = CARTESIAN_POINT('',(43.789451099536,36.80114091168,28.7));
#6204 = VERTEX_POINT('',#6205);
#6205 = CARTESIAN_POINT('',(42.523219538528,33.126627564429,28.7));
#6206 = LINE('',#6207,#6208);
#6207 = CARTESIAN_POINT('',(44.152204807827,37.853826205528,28.7));
#6208 = VECTOR('',#6209,1.);
#6209 = DIRECTION('',(-0.32579705386,-0.94543972822,0.));
#6210 = ORIENTED_EDGE('',*,*,#6211,.F.);
#6211 = EDGE_CURVE('',#6160,#6202,#6212,.T.);
#6212 = LINE('',#6213,#6214);
#6213 = CARTESIAN_POINT('',(43.789451099536,36.80114091168,26.5));
#6214 = VECTOR('',#6215,1.);
#6215 = DIRECTION('',(0.,0.,1.));
#6216 = ORIENTED_EDGE('',*,*,#6159,.T.);
#6217 = ORIENTED_EDGE('',*,*,#4153,.F.);
#6218 = ORIENTED_EDGE('',*,*,#6219,.T.);
#6219 = EDGE_CURVE('',#4146,#6220,#6222,.T.);
#6220 = VERTEX_POINT('',#6221);
#6221 = CARTESIAN_POINT('',(42.523219538528,33.126627564429,27.5));
#6222 = LINE('',#6223,#6224);
#6223 = CARTESIAN_POINT('',(44.152204807827,37.853826205528,27.5));
#6224 = VECTOR('',#6225,1.);
#6225 = DIRECTION('',(-0.32579705386,-0.94543972822,0.));
#6226 = ORIENTED_EDGE('',*,*,#6227,.T.);
#6227 = EDGE_CURVE('',#6220,#6204,#6228,.T.);
#6228 = LINE('',#6229,#6230);
#6229 = CARTESIAN_POINT('',(42.523219538528,33.126627564429,27.5));
#6230 = VECTOR('',#6231,1.);
#6231 = DIRECTION('',(0.,0.,1.));
#6232 = PLANE('',#6233);
#6233 = AXIS2_PLACEMENT_3D('',#6234,#6235,#6236);
#6234 = CARTESIAN_POINT('',(44.152204807827,37.853826205528,27.5));
#6235 = DIRECTION('',(-0.94543972822,0.32579705386,0.));
#6236 = DIRECTION('',(0.,0.,1.));
#6237 = ADVANCED_FACE('',(#6238),#6248,.F.);
#6238 = FACE_BOUND('',#6239,.F.);
#6239 = EDGE_LOOP('',(#6240,#6241,#6242));
#6240 = ORIENTED_EDGE('',*,*,#6219,.F.);
#6241 = ORIENTED_EDGE('',*,*,#4145,.F.);
#6242 = ORIENTED_EDGE('',*,*,#6243,.F.);
#6243 = EDGE_CURVE('',#6220,#4138,#6244,.T.);
#6244 = LINE('',#6245,#6246);
#6245 = CARTESIAN_POINT('',(42.523219538528,33.126627564429,27.5));
#6246 = VECTOR('',#6247,1.);
#6247 = DIRECTION('',(-0.94543972822,0.32579705386,0.));
#6248 = PLANE('',#6249);
#6249 = AXIS2_PLACEMENT_3D('',#6250,#6251,#6252);
#6250 = CARTESIAN_POINT('',(37.501408140229,31.844553890736,27.5));
#6251 = DIRECTION('',(0.,0.,1.));
#6252 = DIRECTION('',(0.707106781187,0.707106781187,0.));
#6253 = ADVANCED_FACE('',(#6254),#6281,.T.);
#6254 = FACE_BOUND('',#6255,.T.);
#6255 = EDGE_LOOP('',(#6256,#6257,#6258,#6266,#6274,#6280));
#6256 = ORIENTED_EDGE('',*,*,#6243,.F.);
#6257 = ORIENTED_EDGE('',*,*,#6227,.T.);
#6258 = ORIENTED_EDGE('',*,*,#6259,.T.);
#6259 = EDGE_CURVE('',#6204,#6260,#6262,.T.);
#6260 = VERTEX_POINT('',#6261);
#6261 = CARTESIAN_POINT('',(39.74191501068,34.085060761187,28.7));
#6262 = LINE('',#6263,#6264);
#6263 = CARTESIAN_POINT('',(42.523219538528,33.126627564429,28.7));
#6264 = VECTOR('',#6265,1.);
#6265 = DIRECTION('',(-0.94543972822,0.32579705386,0.));
#6266 = ORIENTED_EDGE('',*,*,#6267,.F.);
#6267 = EDGE_CURVE('',#6268,#6260,#6270,.T.);
#6268 = VERTEX_POINT('',#6269);
#6269 = CARTESIAN_POINT('',(39.74191501068,34.085060761187,27.51));
#6270 = LINE('',#6271,#6272);
#6271 = CARTESIAN_POINT('',(39.74191501068,34.085060761187,27.5));
#6272 = VECTOR('',#6273,1.);
#6273 = DIRECTION('',(0.,0.,1.));
#6274 = ORIENTED_EDGE('',*,*,#6275,.T.);
#6275 = EDGE_CURVE('',#6268,#4130,#6276,.T.);
#6276 = LINE('',#6277,#6278);
#6277 = CARTESIAN_POINT('',(41.244834002292,33.567157223773,27.51));
#6278 = VECTOR('',#6279,1.);
#6279 = DIRECTION('',(0.94543972822,-0.32579705386,0.));
#6280 = ORIENTED_EDGE('',*,*,#4137,.F.);
#6281 = PLANE('',#6282);
#6282 = AXIS2_PLACEMENT_3D('',#6283,#6284,#6285);
#6283 = CARTESIAN_POINT('',(42.523219538528,33.126627564429,27.5));
#6284 = DIRECTION('',(-0.32579705386,-0.94543972822,0.));
#6285 = DIRECTION('',(0.,0.,1.));
#6286 = ADVANCED_FACE('',(#6287),#6298,.T.);
#6287 = FACE_BOUND('',#6288,.T.);
#6288 = EDGE_LOOP('',(#6289,#6290,#6291,#6292));
#6289 = ORIENTED_EDGE('',*,*,#4217,.F.);
#6290 = ORIENTED_EDGE('',*,*,#4129,.T.);
#6291 = ORIENTED_EDGE('',*,*,#6275,.F.);
#6292 = ORIENTED_EDGE('',*,*,#6293,.T.);
#6293 = EDGE_CURVE('',#6268,#4210,#6294,.T.);
#6294 = LINE('',#6295,#6296);
#6295 = CARTESIAN_POINT('',(38.31095670782,32.654102458327,27.51));
#6296 = VECTOR('',#6297,1.);
#6297 = DIRECTION('',(-0.707106781187,-0.707106781187,0.));
#6298 = PLANE('',#6299);
#6299 = AXIS2_PLACEMENT_3D('',#6300,#6301,#6302);
#6300 = CARTESIAN_POINT('',(39.610219724804,32.973936576526,27.51));
#6301 = DIRECTION('',(0.,0.,1.));
#6302 = DIRECTION('',(0.743144825477,0.669130606359,0.));
#6303 = ADVANCED_FACE('',(#6304),#6331,.F.);
#6304 = FACE_BOUND('',#6305,.F.);
#6305 = EDGE_LOOP('',(#6306,#6314,#6322,#6328,#6329,#6330));
#6306 = ORIENTED_EDGE('',*,*,#6307,.F.);
#6307 = EDGE_CURVE('',#6308,#4202,#6310,.T.);
#6308 = VERTEX_POINT('',#6309);
#6309 = CARTESIAN_POINT('',(37.501408140229,31.844553890736,27.5));
#6310 = LINE('',#6311,#6312);
#6311 = CARTESIAN_POINT('',(37.501408140229,31.844553890736,27.5));
#6312 = VECTOR('',#6313,1.);
#6313 = DIRECTION('',(0.707106781187,0.707106781187,0.));
#6314 = ORIENTED_EDGE('',*,*,#6315,.T.);
#6315 = EDGE_CURVE('',#6308,#6316,#6318,.T.);
#6316 = VERTEX_POINT('',#6317);
#6317 = CARTESIAN_POINT('',(37.501408140229,31.844553890736,28.7));
#6318 = LINE('',#6319,#6320);
#6319 = CARTESIAN_POINT('',(37.501408140229,31.844553890736,27.5));
#6320 = VECTOR('',#6321,1.);
#6321 = DIRECTION('',(0.,0.,1.));
#6322 = ORIENTED_EDGE('',*,*,#6323,.T.);
#6323 = EDGE_CURVE('',#6316,#6260,#6324,.T.);
#6324 = LINE('',#6325,#6326);
#6325 = CARTESIAN_POINT('',(37.501408140229,31.844553890736,28.7));
#6326 = VECTOR('',#6327,1.);
#6327 = DIRECTION('',(0.707106781187,0.707106781187,0.));
#6328 = ORIENTED_EDGE('',*,*,#6267,.F.);
#6329 = ORIENTED_EDGE('',*,*,#6293,.T.);
#6330 = ORIENTED_EDGE('',*,*,#4209,.F.);
#6331 = PLANE('',#6332);
#6332 = AXIS2_PLACEMENT_3D('',#6333,#6334,#6335);
#6333 = CARTESIAN_POINT('',(37.501408140229,31.844553890736,27.5));
#6334 = DIRECTION('',(-0.707106781187,0.707106781187,0.));
#6335 = DIRECTION('',(0.,0.,1.));
#6336 = ADVANCED_FACE('',(#6337),#6380,.F.);
#6337 = FACE_BOUND('',#6338,.F.);
#6338 = EDGE_LOOP('',(#6339,#6340,#6348,#6356,#6362,#6363,#6364,#6373));
#6339 = ORIENTED_EDGE('',*,*,#4257,.T.);
#6340 = ORIENTED_EDGE('',*,*,#6341,.T.);
#6341 = EDGE_CURVE('',#4258,#6342,#6344,.T.);
#6342 = VERTEX_POINT('',#6343);
#6343 = CARTESIAN_POINT('',(37.501408140229,43.158262389721,27.5));
#6344 = LINE('',#6345,#6346);
#6345 = CARTESIAN_POINT('',(43.158262389721,37.501408140229,27.5));
#6346 = VECTOR('',#6347,1.);
#6347 = DIRECTION('',(-0.707106781187,0.707106781187,0.));
#6348 = ORIENTED_EDGE('',*,*,#6349,.F.);
#6349 = EDGE_CURVE('',#6350,#6342,#6352,.T.);
#6350 = VERTEX_POINT('',#6351);
#6351 = CARTESIAN_POINT('',(31.844553890736,37.501408140229,27.5));
#6352 = LINE('',#6353,#6354);
#6353 = CARTESIAN_POINT('',(31.844553890736,37.501408140229,27.5));
#6354 = VECTOR('',#6355,1.);
#6355 = DIRECTION('',(0.707106781187,0.707106781187,0.));
#6356 = ORIENTED_EDGE('',*,*,#6357,.F.);
#6357 = EDGE_CURVE('',#6308,#6350,#6358,.T.);
#6358 = LINE('',#6359,#6360);
#6359 = CARTESIAN_POINT('',(37.501408140229,31.844553890736,27.5));
#6360 = VECTOR('',#6361,1.);
#6361 = DIRECTION('',(-0.707106781187,0.707106781187,0.));
#6362 = ORIENTED_EDGE('',*,*,#6307,.T.);
#6363 = ORIENTED_EDGE('',*,*,#4201,.F.);
#6364 = ORIENTED_EDGE('',*,*,#6365,.F.);
#6365 = EDGE_CURVE('',#6366,#4194,#6368,.T.);
#6366 = VERTEX_POINT('',#6367);
#6367 = CARTESIAN_POINT('',(39.02168771978,39.02168771978,27.5));
#6368 = CIRCLE('',#6369,2.15);
#6369 = AXIS2_PLACEMENT_3D('',#6370,#6371,#6372);
#6370 = CARTESIAN_POINT('',(37.501408140229,37.501408140229,27.5));
#6371 = DIRECTION('',(0.,0.,1.));
#6372 = DIRECTION('',(0.707106781187,0.707106781187,-0.));
#6373 = ORIENTED_EDGE('',*,*,#6374,.F.);
#6374 = EDGE_CURVE('',#4250,#6366,#6375,.T.);
#6375 = CIRCLE('',#6376,2.15);
#6376 = AXIS2_PLACEMENT_3D('',#6377,#6378,#6379);
#6377 = CARTESIAN_POINT('',(37.501408140229,37.501408140229,27.5));
#6378 = DIRECTION('',(0.,0.,1.));
#6379 = DIRECTION('',(0.707106781187,0.707106781187,-0.));
#6380 = PLANE('',#6381);
#6381 = AXIS2_PLACEMENT_3D('',#6382,#6383,#6384);
#6382 = CARTESIAN_POINT('',(37.501408140229,31.844553890736,27.5));
#6383 = DIRECTION('',(0.,0.,1.));
#6384 = DIRECTION('',(0.707106781187,0.707106781187,0.));
#6385 = ADVANCED_FACE('',(#6386),#6415,.F.);
#6386 = FACE_BOUND('',#6387,.F.);
#6387 = EDGE_LOOP('',(#6388,#6389,#6396,#6397,#6398,#6406,#6413,#6414));
#6388 = ORIENTED_EDGE('',*,*,#4193,.F.);
#6389 = ORIENTED_EDGE('',*,*,#6390,.T.);
#6390 = EDGE_CURVE('',#4186,#4242,#6391,.T.);
#6391 = CIRCLE('',#6392,2.15);
#6392 = AXIS2_PLACEMENT_3D('',#6393,#6394,#6395);
#6393 = CARTESIAN_POINT('',(37.501408140229,37.501408140229,26.5));
#6394 = DIRECTION('',(0.,-0.,1.));
#6395 = DIRECTION('',(0.707106781187,0.707106781187,0.));
#6396 = ORIENTED_EDGE('',*,*,#4249,.T.);
#6397 = ORIENTED_EDGE('',*,*,#6374,.T.);
#6398 = ORIENTED_EDGE('',*,*,#6399,.T.);
#6399 = EDGE_CURVE('',#6366,#6400,#6402,.T.);
#6400 = VERTEX_POINT('',#6401);
#6401 = CARTESIAN_POINT('',(39.02168771978,39.02168771978,28.7));
#6402 = LINE('',#6403,#6404);
#6403 = CARTESIAN_POINT('',(39.02168771978,39.02168771978,26.5));
#6404 = VECTOR('',#6405,1.);
#6405 = DIRECTION('',(0.,0.,1.));
#6406 = ORIENTED_EDGE('',*,*,#6407,.F.);
#6407 = EDGE_CURVE('',#6400,#6400,#6408,.T.);
#6408 = CIRCLE('',#6409,2.15);
#6409 = AXIS2_PLACEMENT_3D('',#6410,#6411,#6412);
#6410 = CARTESIAN_POINT('',(37.501408140229,37.501408140229,28.7));
#6411 = DIRECTION('',(0.,0.,1.));
#6412 = DIRECTION('',(0.707106781187,0.707106781187,-0.));
#6413 = ORIENTED_EDGE('',*,*,#6399,.F.);
#6414 = ORIENTED_EDGE('',*,*,#6365,.T.);
#6415 = CYLINDRICAL_SURFACE('',#6416,2.15);
#6416 = AXIS2_PLACEMENT_3D('',#6417,#6418,#6419);
#6417 = CARTESIAN_POINT('',(37.501408140229,37.501408140229,26.5));
#6418 = DIRECTION('',(0.,0.,1.));
#6419 = DIRECTION('',(0.707106781187,0.707106781187,0.));
#6420 = ADVANCED_FACE('',(#6421),#6426,.T.);
#6421 = FACE_BOUND('',#6422,.T.);
#6422 = EDGE_LOOP('',(#6423,#6424,#6425));
#6423 = ORIENTED_EDGE('',*,*,#4185,.T.);
#6424 = ORIENTED_EDGE('',*,*,#6390,.T.);
#6425 = ORIENTED_EDGE('',*,*,#4241,.F.);
#6426 = PLANE('',#6427);
#6427 = AXIS2_PLACEMENT_3D('',#6428,#6429,#6430);
#6428 = CARTESIAN_POINT('',(37.501408140229,37.501408140229,26.5));
#6429 = DIRECTION('',(0.,0.,1.));
#6430 = DIRECTION('',(0.707106781187,0.707106781187,0.));
#6431 = ADVANCED_FACE('',(#6432),#6459,.T.);
#6432 = FACE_BOUND('',#6433,.T.);
#6433 = EDGE_LOOP('',(#6434,#6444,#6450,#6451,#6452,#6453));
#6434 = ORIENTED_EDGE('',*,*,#6435,.F.);
#6435 = EDGE_CURVE('',#6436,#6438,#6440,.T.);
#6436 = VERTEX_POINT('',#6437);
#6437 = CARTESIAN_POINT('',(42.097952022814,38.561718507135,28.7));
#6438 = VERTEX_POINT('',#6439);
#6439 = CARTESIAN_POINT('',(37.501408140229,43.158262389721,28.7));
#6440 = LINE('',#6441,#6442);
#6441 = CARTESIAN_POINT('',(43.158262389721,37.501408140229,28.7));
#6442 = VECTOR('',#6443,1.);
#6443 = DIRECTION('',(-0.707106781187,0.707106781187,0.));
#6444 = ORIENTED_EDGE('',*,*,#6445,.T.);
#6445 = EDGE_CURVE('',#6436,#6171,#6446,.T.);
#6446 = LINE('',#6447,#6448);
#6447 = CARTESIAN_POINT('',(42.097952022814,38.561718507135,27.5));
#6448 = VECTOR('',#6449,1.);
#6449 = DIRECTION('',(0.,-0.,-1.));
#6450 = ORIENTED_EDGE('',*,*,#6170,.T.);
#6451 = ORIENTED_EDGE('',*,*,#4265,.T.);
#6452 = ORIENTED_EDGE('',*,*,#6341,.T.);
#6453 = ORIENTED_EDGE('',*,*,#6454,.T.);
#6454 = EDGE_CURVE('',#6342,#6438,#6455,.T.);
#6455 = LINE('',#6456,#6457);
#6456 = CARTESIAN_POINT('',(37.501408140229,43.158262389721,27.5));
#6457 = VECTOR('',#6458,1.);
#6458 = DIRECTION('',(0.,0.,1.));
#6459 = PLANE('',#6460);
#6460 = AXIS2_PLACEMENT_3D('',#6461,#6462,#6463);
#6461 = CARTESIAN_POINT('',(43.158262389721,37.501408140229,27.5));
#6462 = DIRECTION('',(0.707106781187,0.707106781187,0.));
#6463 = DIRECTION('',(0.,0.,1.));
#6464 = ADVANCED_FACE('',(#6465),#6477,.F.);
#6465 = FACE_BOUND('',#6466,.F.);
#6466 = EDGE_LOOP('',(#6467,#6474,#6475,#6476));
#6467 = ORIENTED_EDGE('',*,*,#6468,.F.);
#6468 = EDGE_CURVE('',#4367,#4339,#6469,.T.);
#6469 = CIRCLE('',#6470,16.);
#6470 = AXIS2_PLACEMENT_3D('',#6471,#6472,#6473);
#6471 = CARTESIAN_POINT('',(2.479909768273E-15,40.5,5.));
#6472 = DIRECTION('',(0.,0.,-1.));
#6473 = DIRECTION('',(-0.406658496099,0.913580246914,0.));
#6474 = ORIENTED_EDGE('',*,*,#4366,.T.);
#6475 = ORIENTED_EDGE('',*,*,#4323,.T.);
#6476 = ORIENTED_EDGE('',*,*,#4349,.F.);
#6477 = CYLINDRICAL_SURFACE('',#6478,16.);
#6478 = AXIS2_PLACEMENT_3D('',#6479,#6480,#6481);
#6479 = CARTESIAN_POINT('',(2.479909768273E-15,40.5,3.7));
#6480 = DIRECTION('',(0.,0.,1.));
#6481 = DIRECTION('',(2.22044604925E-16,1.,0.));
#6482 = ADVANCED_FACE('',(#6483,#6494),#6618,.F.);
#6483 = FACE_BOUND('',#6484,.F.);
#6484 = EDGE_LOOP('',(#6485));
#6485 = ORIENTED_EDGE('',*,*,#6486,.T.);
#6486 = EDGE_CURVE('',#6487,#6487,#6489,.T.);
#6487 = VERTEX_POINT('',#6488);
#6488 = CARTESIAN_POINT('',(57.6,-1.410793112618E-14,5.));
#6489 = CIRCLE('',#6490,57.6);
#6490 = AXIS2_PLACEMENT_3D('',#6491,#6492,#6493);
#6491 = CARTESIAN_POINT('',(0.,0.,5.));
#6492 = DIRECTION('',(0.,0.,1.));
#6493 = DIRECTION('',(1.,0.,-0.));
#6494 = FACE_BOUND('',#6495,.F.);
#6495 = EDGE_LOOP('',(#6496,#6497,#6505,#6513,#6522,#6530,#6536,#6537,
    #6545,#6553,#6562,#6570,#6576,#6577,#6585,#6593,#6602,#6610,#6616,
    #6617));
#6496 = ORIENTED_EDGE('',*,*,#4338,.T.);
#6497 = ORIENTED_EDGE('',*,*,#6498,.F.);
#6498 = EDGE_CURVE('',#6499,#4341,#6501,.T.);
#6499 = VERTEX_POINT('',#6500);
#6500 = CARTESIAN_POINT('',(51.308952568065,-23.3174588317,5.));
#6501 = LINE('',#6502,#6503);
#6502 = CARTESIAN_POINT('',(24.71015633319,-9.174628002775,5.));
#6503 = VECTOR('',#6504,1.);
#6504 = DIRECTION('',(-0.882947592859,0.469471562786,0.));
#6505 = ORIENTED_EDGE('',*,*,#6506,.F.);
#6506 = EDGE_CURVE('',#6507,#6499,#6509,.T.);
#6507 = VERTEX_POINT('',#6508);
#6508 = CARTESIAN_POINT('',(50.275663547905,-25.26079283826,5.));
#6509 = LINE('',#6510,#6511);
#6510 = CARTESIAN_POINT('',(48.844226863439,-27.9529336942,5.));
#6511 = VECTOR('',#6512,1.);
#6512 = DIRECTION('',(0.469471562786,0.882947592859,-0.));
#6513 = ORIENTED_EDGE('',*,*,#6514,.F.);
#6514 = EDGE_CURVE('',#6515,#6507,#6517,.T.);
#6515 = VERTEX_POINT('',#6516);
#6516 = CARTESIAN_POINT('',(49.055940648724,-27.55475797514,5.));
#6517 = CIRCLE('',#6518,3.5);
#6518 = AXIS2_PLACEMENT_3D('',#6519,#6520,#6521);
#6519 = CARTESIAN_POINT('',(46.796222421523,-24.88199282765,5.));
#6520 = DIRECTION('',(0.,0.,1.));
#6521 = DIRECTION('',(0.6456337792,-0.763647184998,0.));
#6522 = ORIENTED_EDGE('',*,*,#6523,.F.);
#6523 = EDGE_CURVE('',#6524,#6515,#6526,.T.);
#6524 = VERTEX_POINT('',#6525);
#6525 = CARTESIAN_POINT('',(48.022651628564,-29.49809198171,5.));
#6526 = LINE('',#6527,#6528);
#6527 = CARTESIAN_POINT('',(48.844226863439,-27.9529336942,5.));
#6528 = VECTOR('',#6529,1.);
#6529 = DIRECTION('',(0.469471562786,0.882947592859,-0.));
#6530 = ORIENTED_EDGE('',*,*,#6531,.T.);
#6531 = EDGE_CURVE('',#6524,#4509,#6532,.T.);
#6532 = LINE('',#6533,#6534);
#6533 = CARTESIAN_POINT('',(21.423855393689,-15.35526115278,5.));
#6534 = VECTOR('',#6535,1.);
#6535 = DIRECTION('',(-0.882947592859,0.469471562786,0.));
#6536 = ORIENTED_EDGE('',*,*,#4508,.F.);
#6537 = ORIENTED_EDGE('',*,*,#6538,.F.);
#6538 = EDGE_CURVE('',#6539,#4501,#6541,.T.);
#6539 = VERTEX_POINT('',#6540);
#6540 = CARTESIAN_POINT('',(-20.60019996828,-52.4589769369,5.));
#6541 = LINE('',#6542,#6543);
#6542 = CARTESIAN_POINT('',(-7.868824833347,-25.15645485242,5.));
#6543 = VECTOR('',#6544,1.);
#6544 = DIRECTION('',(0.422618261741,0.906307787037,-0.));
#6545 = ORIENTED_EDGE('',*,*,#6546,.F.);
#6546 = EDGE_CURVE('',#6547,#6539,#6549,.T.);
#6547 = VERTEX_POINT('',#6548);
#6548 = CARTESIAN_POINT('',(-22.59494887208,-51.52881024696,5.));
#6549 = LINE('',#6550,#6551);
#6550 = CARTESIAN_POINT('',(-25.35831585022,-50.24023106276,5.));
#6551 = VECTOR('',#6552,1.);
#6552 = DIRECTION('',(0.906307787037,-0.422618261741,0.));
#6553 = ORIENTED_EDGE('',*,*,#6554,.F.);
#6554 = EDGE_CURVE('',#6555,#6547,#6557,.T.);
#6555 = VERTEX_POINT('',#6556);
#6556 = CARTESIAN_POINT('',(-24.94960557374,-50.43081579465,5.));
#6557 = CIRCLE('',#6558,3.5);
#6558 = AXIS2_PLACEMENT_3D('',#6559,#6560,#6561);
#6559 = CARTESIAN_POINT('',(-22.39876787225,-48.03431271294,5.));
#6560 = DIRECTION('',(0.,0.,1.));
#6561 = DIRECTION('',(-0.728810771854,-0.684715166204,0.));
#6562 = ORIENTED_EDGE('',*,*,#6563,.F.);
#6563 = EDGE_CURVE('',#6564,#6555,#6566,.T.);
#6564 = VERTEX_POINT('',#6565);
#6565 = CARTESIAN_POINT('',(-26.94435447754,-49.50064910471,5.));
#6566 = LINE('',#6567,#6568);
#6567 = CARTESIAN_POINT('',(-25.35831585022,-50.24023106276,5.));
#6568 = VECTOR('',#6569,1.);
#6569 = DIRECTION('',(0.906307787037,-0.422618261741,0.));
#6570 = ORIENTED_EDGE('',*,*,#6571,.T.);
#6571 = EDGE_CURVE('',#6564,#4442,#6572,.T.);
#6572 = LINE('',#6573,#6574);
#6573 = CARTESIAN_POINT('',(-14.2129793426,-22.19812702024,5.));
#6574 = VECTOR('',#6575,1.);
#6575 = DIRECTION('',(0.422618261741,0.906307787037,-0.));
#6576 = ORIENTED_EDGE('',*,*,#4441,.F.);
#6577 = ORIENTED_EDGE('',*,*,#6578,.F.);
#6578 = EDGE_CURVE('',#6579,#4434,#6581,.T.);
#6579 = VERTEX_POINT('',#6580);
#6580 = CARTESIAN_POINT('',(-35.13070669975,44.069784964027,5.));
#6581 = LINE('',#6582,#6583);
#6582 = CARTESIAN_POINT('',(-17.85171655468,19.392829629821,5.));
#6583 = VECTOR('',#6584,1.);
#6584 = DIRECTION('',(0.573576436351,-0.819152044289,0.));
#6585 = ORIENTED_EDGE('',*,*,#6586,.F.);
#6586 = EDGE_CURVE('',#6587,#6579,#6589,.T.);
#6587 = VERTEX_POINT('',#6588);
#6588 = CARTESIAN_POINT('',(-33.32778426462,45.332204843918,5.));
#6589 = LINE('',#6590,#6591);
#6590 = CARTESIAN_POINT('',(-30.83015846724,47.08106125487,5.));
#6591 = VECTOR('',#6592,1.);
#6592 = DIRECTION('',(-0.819152044289,-0.573576436351,0.));
#6593 = ORIENTED_EDGE('',*,*,#6594,.F.);
#6594 = EDGE_CURVE('',#6595,#6587,#6597,.T.);
#6595 = VERTEX_POINT('',#6596);
#6596 = CARTESIAN_POINT('',(-31.19956482487,46.822400138594,5.));
#6597 = CIRCLE('',#6598,3.5);
#6598 = AXIS2_PLACEMENT_3D('',#6599,#6600,#6601);
#6599 = CARTESIAN_POINT('',(-30.3995511266,43.415058347317,5.));
#6600 = DIRECTION('',(0.,0.,1.));
#6601 = DIRECTION('',(-0.228575342362,0.973526226079,0.));
#6602 = ORIENTED_EDGE('',*,*,#6603,.F.);
#6603 = EDGE_CURVE('',#6604,#6595,#6606,.T.);
#6604 = VERTEX_POINT('',#6605);
#6605 = CARTESIAN_POINT('',(-29.39664238973,48.084820018484,5.));
#6606 = LINE('',#6607,#6608);
#6607 = CARTESIAN_POINT('',(-30.83015846724,47.08106125487,5.));
#6608 = VECTOR('',#6609,1.);
#6609 = DIRECTION('',(-0.819152044289,-0.573576436351,0.));
#6610 = ORIENTED_EDGE('',*,*,#6611,.T.);
#6611 = EDGE_CURVE('',#6604,#4375,#6612,.T.);
#6612 = LINE('',#6613,#6614);
#6613 = CARTESIAN_POINT('',(-12.11765224466,23.407864684279,5.));
#6614 = VECTOR('',#6615,1.);
#6615 = DIRECTION('',(0.573576436351,-0.819152044289,0.));
#6616 = ORIENTED_EDGE('',*,*,#4374,.F.);
#6617 = ORIENTED_EDGE('',*,*,#6468,.T.);
#6618 = PLANE('',#6619);
#6619 = AXIS2_PLACEMENT_3D('',#6620,#6621,#6622);
#6620 = CARTESIAN_POINT('',(0.,0.,5.));
#6621 = DIRECTION('',(0.,0.,1.));
#6622 = DIRECTION('',(1.,0.,-0.));
#6623 = ADVANCED_FACE('',(#6624),#6666,.T.);
#6624 = FACE_BOUND('',#6625,.T.);
#6625 = EDGE_LOOP('',(#6626,#6636,#6644,#6652,#6658,#6659,#6660));
#6626 = ORIENTED_EDGE('',*,*,#6627,.T.);
#6627 = EDGE_CURVE('',#6628,#6630,#6632,.T.);
#6628 = VERTEX_POINT('',#6629);
#6629 = CARTESIAN_POINT('',(51.308952568065,-23.3174588317,4.99));
#6630 = VERTEX_POINT('',#6631);
#6631 = CARTESIAN_POINT('',(47.77716219663,-21.43957258055,4.99));
#6632 = LINE('',#6633,#6634);
#6633 = CARTESIAN_POINT('',(51.308952568065,-23.3174588317,4.99));
#6634 = VECTOR('',#6635,1.);
#6635 = DIRECTION('',(-0.882947592859,0.469471562786,0.));
#6636 = ORIENTED_EDGE('',*,*,#6637,.T.);
#6637 = EDGE_CURVE('',#6630,#6638,#6640,.T.);
#6638 = VERTEX_POINT('',#6639);
#6639 = CARTESIAN_POINT('',(47.77716219663,-21.43957258055,8.));
#6640 = LINE('',#6641,#6642);
#6641 = CARTESIAN_POINT('',(47.77716219663,-21.43957258055,4.99));
#6642 = VECTOR('',#6643,1.);
#6643 = DIRECTION('',(0.,0.,1.));
#6644 = ORIENTED_EDGE('',*,*,#6645,.T.);
#6645 = EDGE_CURVE('',#6638,#6646,#6648,.T.);
#6646 = VERTEX_POINT('',#6647);
#6647 = CARTESIAN_POINT('',(48.439372891274,-21.79167625264,8.));
#6648 = LINE('',#6649,#6650);
#6649 = CARTESIAN_POINT('',(47.77716219663,-21.43957258055,8.));
#6650 = VECTOR('',#6651,1.);
#6651 = DIRECTION('',(0.882947592859,-0.469471562786,0.));
#6652 = ORIENTED_EDGE('',*,*,#6653,.T.);
#6653 = EDGE_CURVE('',#6646,#4560,#6654,.T.);
#6654 = LINE('',#6655,#6656);
#6655 = CARTESIAN_POINT('',(47.77716219663,-21.43957258055,8.));
#6656 = VECTOR('',#6657,1.);
#6657 = DIRECTION('',(0.882947592859,-0.469471562786,0.));
#6658 = ORIENTED_EDGE('',*,*,#4568,.F.);
#6659 = ORIENTED_EDGE('',*,*,#6498,.F.);
#6660 = ORIENTED_EDGE('',*,*,#6661,.F.);
#6661 = EDGE_CURVE('',#6628,#6499,#6662,.T.);
#6662 = LINE('',#6663,#6664);
#6663 = CARTESIAN_POINT('',(51.308952568065,-23.3174588317,4.99));
#6664 = VECTOR('',#6665,1.);
#6665 = DIRECTION('',(0.,0.,1.));
#6666 = PLANE('',#6667);
#6667 = AXIS2_PLACEMENT_3D('',#6668,#6669,#6670);
#6668 = CARTESIAN_POINT('',(47.77716219663,-21.43957258055,4.99));
#6669 = DIRECTION('',(0.469471562786,0.882947592859,0.));
#6670 = DIRECTION('',(0.,0.,1.));
#6671 = ADVANCED_FACE('',(#6672),#6683,.T.);
#6672 = FACE_BOUND('',#6673,.T.);
#6673 = EDGE_LOOP('',(#6674,#6675,#6682));
#6674 = ORIENTED_EDGE('',*,*,#6653,.F.);
#6675 = ORIENTED_EDGE('',*,*,#6676,.F.);
#6676 = EDGE_CURVE('',#4552,#6646,#6677,.T.);
#6677 = CIRCLE('',#6678,3.5);
#6678 = AXIS2_PLACEMENT_3D('',#6679,#6680,#6681);
#6679 = CARTESIAN_POINT('',(46.796222421523,-24.88199282765,8.));
#6680 = DIRECTION('',(0.,0.,1.));
#6681 = DIRECTION('',(0.882947592859,-0.469471562786,0.));
#6682 = ORIENTED_EDGE('',*,*,#4559,.T.);
#6683 = PLANE('',#6684);
#6684 = AXIS2_PLACEMENT_3D('',#6685,#6686,#6687);
#6685 = CARTESIAN_POINT('',(44.490861257128,-27.62020573056,8.));
#6686 = DIRECTION('',(0.,0.,1.));
#6687 = DIRECTION('',(0.882947592859,-0.469471562786,0.));
#6688 = ADVANCED_FACE('',(#6689),#6751,.T.);
#6689 = FACE_BOUND('',#6690,.T.);
#6690 = EDGE_LOOP('',(#6691,#6698,#6699,#6700,#6709,#6717,#6726,#6734,
    #6743,#6750));
#6691 = ORIENTED_EDGE('',*,*,#6692,.F.);
#6692 = EDGE_CURVE('',#4543,#4535,#6693,.T.);
#6693 = CIRCLE('',#6694,3.5);
#6694 = AXIS2_PLACEMENT_3D('',#6695,#6696,#6697);
#6695 = CARTESIAN_POINT('',(46.796222421523,-24.88199282765,12.2));
#6696 = DIRECTION('',(-0.,0.,1.));
#6697 = DIRECTION('',(0.882947592859,-0.469471562786,0.));
#6698 = ORIENTED_EDGE('',*,*,#4551,.F.);
#6699 = ORIENTED_EDGE('',*,*,#6676,.T.);
#6700 = ORIENTED_EDGE('',*,*,#6701,.T.);
#6701 = EDGE_CURVE('',#6646,#6702,#6704,.T.);
#6702 = VERTEX_POINT('',#6703);
#6703 = CARTESIAN_POINT('',(47.738993493237,-21.51135747117,8.));
#6704 = CIRCLE('',#6705,3.5);
#6705 = AXIS2_PLACEMENT_3D('',#6706,#6707,#6708);
#6706 = CARTESIAN_POINT('',(46.796222421523,-24.88199282765,8.));
#6707 = DIRECTION('',(0.,0.,1.));
#6708 = DIRECTION('',(0.882947592859,-0.469471562786,0.));
#6709 = ORIENTED_EDGE('',*,*,#6710,.F.);
#6710 = EDGE_CURVE('',#6711,#6702,#6713,.T.);
#6711 = VERTEX_POINT('',#6712);
#6712 = CARTESIAN_POINT('',(47.738993493237,-21.51135747117,4.99));
#6713 = LINE('',#6714,#6715);
#6714 = CARTESIAN_POINT('',(47.738993493237,-21.51135747117,4.99));
#6715 = VECTOR('',#6716,1.);
#6716 = DIRECTION('',(0.,0.,1.));
#6717 = ORIENTED_EDGE('',*,*,#6718,.T.);
#6718 = EDGE_CURVE('',#6711,#6719,#6721,.T.);
#6719 = VERTEX_POINT('',#6720);
#6720 = CARTESIAN_POINT('',(44.529029960521,-27.54842083995,4.99));
#6721 = CIRCLE('',#6722,3.5);
#6722 = AXIS2_PLACEMENT_3D('',#6723,#6724,#6725);
#6723 = CARTESIAN_POINT('',(46.796222421523,-24.88199282765,4.99));
#6724 = DIRECTION('',(-0.,0.,1.));
#6725 = DIRECTION('',(0.882947592859,-0.469471562786,0.));
#6726 = ORIENTED_EDGE('',*,*,#6727,.T.);
#6727 = EDGE_CURVE('',#6719,#6728,#6730,.T.);
#6728 = VERTEX_POINT('',#6729);
#6729 = CARTESIAN_POINT('',(44.529029960521,-27.54842083995,8.));
#6730 = LINE('',#6731,#6732);
#6731 = CARTESIAN_POINT('',(44.529029960521,-27.54842083995,4.99));
#6732 = VECTOR('',#6733,1.);
#6733 = DIRECTION('',(0.,0.,1.));
#6734 = ORIENTED_EDGE('',*,*,#6735,.T.);
#6735 = EDGE_CURVE('',#6728,#6736,#6738,.T.);
#6736 = VERTEX_POINT('',#6737);
#6737 = CARTESIAN_POINT('',(45.153071951773,-27.97230940265,8.));
#6738 = CIRCLE('',#6739,3.5);
#6739 = AXIS2_PLACEMENT_3D('',#6740,#6741,#6742);
#6740 = CARTESIAN_POINT('',(46.796222421523,-24.88199282765,8.));
#6741 = DIRECTION('',(0.,0.,1.));
#6742 = DIRECTION('',(0.882947592859,-0.469471562786,0.));
#6743 = ORIENTED_EDGE('',*,*,#6744,.T.);
#6744 = EDGE_CURVE('',#6736,#4526,#6745,.T.);
#6745 = CIRCLE('',#6746,3.5);
#6746 = AXIS2_PLACEMENT_3D('',#6747,#6748,#6749);
#6747 = CARTESIAN_POINT('',(46.796222421523,-24.88199282765,8.));
#6748 = DIRECTION('',(0.,0.,1.));
#6749 = DIRECTION('',(0.882947592859,-0.469471562786,0.));
#6750 = ORIENTED_EDGE('',*,*,#4534,.T.);
#6751 = CYLINDRICAL_SURFACE('',#6752,3.5);
#6752 = AXIS2_PLACEMENT_3D('',#6753,#6754,#6755);
#6753 = CARTESIAN_POINT('',(46.796222421523,-24.88199282765,4.99));
#6754 = DIRECTION('',(0.,0.,1.));
#6755 = DIRECTION('',(0.882947592859,-0.469471562786,0.));
#6756 = ADVANCED_FACE('',(#6757),#6761,.T.);
#6757 = FACE_BOUND('',#6758,.T.);
#6758 = EDGE_LOOP('',(#6759,#6760));
#6759 = ORIENTED_EDGE('',*,*,#4542,.T.);
#6760 = ORIENTED_EDGE('',*,*,#6692,.T.);
#6761 = PLANE('',#6762);
#6762 = AXIS2_PLACEMENT_3D('',#6763,#6764,#6765);
#6763 = CARTESIAN_POINT('',(46.796222421523,-24.88199282765,12.2));
#6764 = DIRECTION('',(0.,0.,1.));
#6765 = DIRECTION('',(0.882947592859,-0.469471562786,0.));
#6766 = ADVANCED_FACE('',(#6767),#6777,.T.);
#6767 = FACE_BOUND('',#6768,.T.);
#6768 = EDGE_LOOP('',(#6769,#6770,#6776));
#6769 = ORIENTED_EDGE('',*,*,#6744,.F.);
#6770 = ORIENTED_EDGE('',*,*,#6771,.T.);
#6771 = EDGE_CURVE('',#6736,#4518,#6772,.T.);
#6772 = LINE('',#6773,#6774);
#6773 = CARTESIAN_POINT('',(44.490861257128,-27.62020573056,8.));
#6774 = VECTOR('',#6775,1.);
#6775 = DIRECTION('',(0.882947592859,-0.469471562786,0.));
#6776 = ORIENTED_EDGE('',*,*,#4525,.T.);
#6777 = PLANE('',#6778);
#6778 = AXIS2_PLACEMENT_3D('',#6779,#6780,#6781);
#6779 = CARTESIAN_POINT('',(44.490861257128,-27.62020573056,8.));
#6780 = DIRECTION('',(0.,0.,1.));
#6781 = DIRECTION('',(0.882947592859,-0.469471562786,0.));
#6782 = ADVANCED_FACE('',(#6783),#6818,.F.);
#6783 = FACE_BOUND('',#6784,.F.);
#6784 = EDGE_LOOP('',(#6785,#6795,#6803,#6809,#6810,#6811,#6812));
#6785 = ORIENTED_EDGE('',*,*,#6786,.F.);
#6786 = EDGE_CURVE('',#6787,#6789,#6791,.T.);
#6787 = VERTEX_POINT('',#6788);
#6788 = CARTESIAN_POINT('',(44.490861257128,-27.62020573056,4.99));
#6789 = VERTEX_POINT('',#6790);
#6790 = CARTESIAN_POINT('',(48.022651628564,-29.49809198171,4.99));
#6791 = LINE('',#6792,#6793);
#6792 = CARTESIAN_POINT('',(44.490861257128,-27.62020573056,4.99));
#6793 = VECTOR('',#6794,1.);
#6794 = DIRECTION('',(0.882947592859,-0.469471562786,0.));
#6795 = ORIENTED_EDGE('',*,*,#6796,.T.);
#6796 = EDGE_CURVE('',#6787,#6797,#6799,.T.);
#6797 = VERTEX_POINT('',#6798);
#6798 = CARTESIAN_POINT('',(44.490861257128,-27.62020573056,8.));
#6799 = LINE('',#6800,#6801);
#6800 = CARTESIAN_POINT('',(44.490861257128,-27.62020573056,4.99));
#6801 = VECTOR('',#6802,1.);
#6802 = DIRECTION('',(0.,0.,1.));
#6803 = ORIENTED_EDGE('',*,*,#6804,.T.);
#6804 = EDGE_CURVE('',#6797,#6736,#6805,.T.);
#6805 = LINE('',#6806,#6807);
#6806 = CARTESIAN_POINT('',(44.490861257128,-27.62020573056,8.));
#6807 = VECTOR('',#6808,1.);
#6808 = DIRECTION('',(0.882947592859,-0.469471562786,0.));
#6809 = ORIENTED_EDGE('',*,*,#6771,.T.);
#6810 = ORIENTED_EDGE('',*,*,#4517,.F.);
#6811 = ORIENTED_EDGE('',*,*,#6531,.F.);
#6812 = ORIENTED_EDGE('',*,*,#6813,.F.);
#6813 = EDGE_CURVE('',#6789,#6524,#6814,.T.);
#6814 = LINE('',#6815,#6816);
#6815 = CARTESIAN_POINT('',(48.022651628564,-29.49809198171,4.99));
#6816 = VECTOR('',#6817,1.);
#6817 = DIRECTION('',(0.,0.,1.));
#6818 = PLANE('',#6819);
#6819 = AXIS2_PLACEMENT_3D('',#6820,#6821,#6822);
#6820 = CARTESIAN_POINT('',(44.490861257128,-27.62020573056,4.99));
#6821 = DIRECTION('',(0.469471562786,0.882947592859,0.));
#6822 = DIRECTION('',(0.,0.,1.));
#6823 = ADVANCED_FACE('',(#6824),#6864,.F.);
#6824 = FACE_BOUND('',#6825,.F.);
#6825 = EDGE_LOOP('',(#6826,#6836,#6844,#6850,#6856,#6857,#6858));
#6826 = ORIENTED_EDGE('',*,*,#6827,.F.);
#6827 = EDGE_CURVE('',#6828,#6830,#6832,.T.);
#6828 = VERTEX_POINT('',#6829);
#6829 = CARTESIAN_POINT('',(-27.10233664433,44.808211841328,4.99));
#6830 = VERTEX_POINT('',#6831);
#6831 = CARTESIAN_POINT('',(-29.39664238973,48.084820018484,4.99));
#6832 = LINE('',#6833,#6834);
#6833 = CARTESIAN_POINT('',(-27.10233664433,44.808211841328,4.99));
#6834 = VECTOR('',#6835,1.);
#6835 = DIRECTION('',(-0.573576436351,0.819152044289,0.));
#6836 = ORIENTED_EDGE('',*,*,#6837,.T.);
#6837 = EDGE_CURVE('',#6828,#6838,#6840,.T.);
#6838 = VERTEX_POINT('',#6839);
#6839 = CARTESIAN_POINT('',(-27.10233664433,44.808211841328,8.));
#6840 = LINE('',#6841,#6842);
#6841 = CARTESIAN_POINT('',(-27.10233664433,44.808211841328,4.99));
#6842 = VECTOR('',#6843,1.);
#6843 = DIRECTION('',(0.,0.,1.));
#6844 = ORIENTED_EDGE('',*,*,#6845,.T.);
#6845 = EDGE_CURVE('',#6838,#4832,#6846,.T.);
#6846 = LINE('',#6847,#6848);
#6847 = CARTESIAN_POINT('',(-27.10233664433,44.808211841328,8.));
#6848 = VECTOR('',#6849,1.);
#6849 = DIRECTION('',(-0.573576436351,0.819152044289,0.));
#6850 = ORIENTED_EDGE('',*,*,#6851,.T.);
#6851 = EDGE_CURVE('',#4832,#4384,#6852,.T.);
#6852 = LINE('',#6853,#6854);
#6853 = CARTESIAN_POINT('',(-27.10233664433,44.808211841328,8.));
#6854 = VECTOR('',#6855,1.);
#6855 = DIRECTION('',(-0.573576436351,0.819152044289,0.));
#6856 = ORIENTED_EDGE('',*,*,#4383,.F.);
#6857 = ORIENTED_EDGE('',*,*,#6611,.F.);
#6858 = ORIENTED_EDGE('',*,*,#6859,.F.);
#6859 = EDGE_CURVE('',#6830,#6604,#6860,.T.);
#6860 = LINE('',#6861,#6862);
#6861 = CARTESIAN_POINT('',(-29.39664238973,48.084820018484,4.99));
#6862 = VECTOR('',#6863,1.);
#6863 = DIRECTION('',(0.,0.,1.));
#6864 = PLANE('',#6865);
#6865 = AXIS2_PLACEMENT_3D('',#6866,#6867,#6868);
#6866 = CARTESIAN_POINT('',(-27.10233664433,44.808211841328,4.99));
#6867 = DIRECTION('',(-0.819152044289,-0.573576436351,0.));
#6868 = DIRECTION('',(0.,0.,1.));
#6869 = ADVANCED_FACE('',(#6870),#6910,.T.);
#6870 = FACE_BOUND('',#6871,.T.);
#6871 = EDGE_LOOP('',(#6872,#6882,#6890,#6896,#6902,#6903,#6904));
#6872 = ORIENTED_EDGE('',*,*,#6873,.T.);
#6873 = EDGE_CURVE('',#6874,#6876,#6878,.T.);
#6874 = VERTEX_POINT('',#6875);
#6875 = CARTESIAN_POINT('',(-20.60019996828,-52.4589769369,4.99));
#6876 = VERTEX_POINT('',#6877);
#6877 = CARTESIAN_POINT('',(-18.90972692132,-48.83374578875,4.99));
#6878 = LINE('',#6879,#6880);
#6879 = CARTESIAN_POINT('',(-20.60019996828,-52.4589769369,4.99));
#6880 = VECTOR('',#6881,1.);
#6881 = DIRECTION('',(0.422618261741,0.906307787037,0.));
#6882 = ORIENTED_EDGE('',*,*,#6883,.T.);
#6883 = EDGE_CURVE('',#6876,#6884,#6886,.T.);
#6884 = VERTEX_POINT('',#6885);
#6885 = CARTESIAN_POINT('',(-18.90972692132,-48.83374578875,8.));
#6886 = LINE('',#6887,#6888);
#6887 = CARTESIAN_POINT('',(-18.90972692132,-48.83374578875,4.99));
#6888 = VECTOR('',#6889,1.);
#6889 = DIRECTION('',(0.,0.,1.));
#6890 = ORIENTED_EDGE('',*,*,#6891,.T.);
#6891 = EDGE_CURVE('',#6884,#4903,#6892,.T.);
#6892 = LINE('',#6893,#6894);
#6893 = CARTESIAN_POINT('',(-18.90972692132,-48.83374578875,8.));
#6894 = VECTOR('',#6895,1.);
#6895 = DIRECTION('',(-0.422618261741,-0.906307787037,0.));
#6896 = ORIENTED_EDGE('',*,*,#6897,.T.);
#6897 = EDGE_CURVE('',#4903,#4492,#6898,.T.);
#6898 = LINE('',#6899,#6900);
#6899 = CARTESIAN_POINT('',(-18.90972692132,-48.83374578875,8.));
#6900 = VECTOR('',#6901,1.);
#6901 = DIRECTION('',(-0.422618261741,-0.906307787037,0.));
#6902 = ORIENTED_EDGE('',*,*,#4500,.F.);
#6903 = ORIENTED_EDGE('',*,*,#6538,.F.);
#6904 = ORIENTED_EDGE('',*,*,#6905,.F.);
#6905 = EDGE_CURVE('',#6874,#6539,#6906,.T.);
#6906 = LINE('',#6907,#6908);
#6907 = CARTESIAN_POINT('',(-20.60019996828,-52.4589769369,4.99));
#6908 = VECTOR('',#6909,1.);
#6909 = DIRECTION('',(0.,0.,1.));
#6910 = PLANE('',#6911);
#6911 = AXIS2_PLACEMENT_3D('',#6912,#6913,#6914);
#6912 = CARTESIAN_POINT('',(-18.90972692132,-48.83374578875,4.99));
#6913 = DIRECTION('',(0.906307787037,-0.422618261741,0.));
#6914 = DIRECTION('',(0.,0.,1.));
#6915 = ADVANCED_FACE('',(#6916),#6921,.T.);
#6916 = FACE_BOUND('',#6917,.T.);
#6917 = EDGE_LOOP('',(#6918,#6919,#6920));
#6918 = ORIENTED_EDGE('',*,*,#4840,.F.);
#6919 = ORIENTED_EDGE('',*,*,#6851,.T.);
#6920 = ORIENTED_EDGE('',*,*,#4391,.T.);
#6921 = PLANE('',#6922);
#6922 = AXIS2_PLACEMENT_3D('',#6923,#6924,#6925);
#6923 = CARTESIAN_POINT('',(-27.10233664433,44.808211841328,8.));
#6924 = DIRECTION('',(0.,0.,1.));
#6925 = DIRECTION('',(-0.573576436351,0.819152044289,0.));
#6926 = ADVANCED_FACE('',(#6927),#6932,.T.);
#6927 = FACE_BOUND('',#6928,.T.);
#6928 = EDGE_LOOP('',(#6929,#6930,#6931));
#6929 = ORIENTED_EDGE('',*,*,#6897,.F.);
#6930 = ORIENTED_EDGE('',*,*,#4902,.F.);
#6931 = ORIENTED_EDGE('',*,*,#4491,.T.);
#6932 = PLANE('',#6933);
#6933 = AXIS2_PLACEMENT_3D('',#6934,#6935,#6936);
#6934 = CARTESIAN_POINT('',(-25.25388143058,-45.87541795657,8.));
#6935 = DIRECTION('',(0.,0.,1.));
#6936 = DIRECTION('',(-0.422618261741,-0.906307787037,0.));
#6937 = ADVANCED_FACE('',(#6938),#6948,.T.);
#6938 = FACE_BOUND('',#6939,.T.);
#6939 = EDGE_LOOP('',(#6940,#6946,#6947));
#6940 = ORIENTED_EDGE('',*,*,#6941,.F.);
#6941 = EDGE_CURVE('',#4789,#4425,#6942,.T.);
#6942 = LINE('',#6943,#6944);
#6943 = CARTESIAN_POINT('',(-32.83640095435,40.793176786871,8.));
#6944 = VECTOR('',#6945,1.);
#6945 = DIRECTION('',(-0.573576436351,0.819152044289,0.));
#6946 = ORIENTED_EDGE('',*,*,#4788,.F.);
#6947 = ORIENTED_EDGE('',*,*,#4424,.T.);
#6948 = PLANE('',#6949);
#6949 = AXIS2_PLACEMENT_3D('',#6950,#6951,#6952);
#6950 = CARTESIAN_POINT('',(-27.10233664433,44.808211841328,8.));
#6951 = DIRECTION('',(0.,0.,1.));
#6952 = DIRECTION('',(-0.573576436351,0.819152044289,0.));
#6953 = ADVANCED_FACE('',(#6954),#6964,.T.);
#6954 = FACE_BOUND('',#6955,.T.);
#6955 = EDGE_LOOP('',(#6956,#6957,#6963));
#6956 = ORIENTED_EDGE('',*,*,#4954,.F.);
#6957 = ORIENTED_EDGE('',*,*,#6958,.T.);
#6958 = EDGE_CURVE('',#4946,#4451,#6959,.T.);
#6959 = LINE('',#6960,#6961);
#6960 = CARTESIAN_POINT('',(-25.25388143058,-45.87541795657,8.));
#6961 = VECTOR('',#6962,1.);
#6962 = DIRECTION('',(-0.422618261741,-0.906307787037,0.));
#6963 = ORIENTED_EDGE('',*,*,#4458,.T.);
#6964 = PLANE('',#6965);
#6965 = AXIS2_PLACEMENT_3D('',#6966,#6967,#6968);
#6966 = CARTESIAN_POINT('',(-25.25388143058,-45.87541795657,8.));
#6967 = DIRECTION('',(0.,0.,1.));
#6968 = DIRECTION('',(-0.422618261741,-0.906307787037,0.));
#6969 = ADVANCED_FACE('',(#6970),#7005,.T.);
#6970 = FACE_BOUND('',#6971,.T.);
#6971 = EDGE_LOOP('',(#6972,#6982,#6990,#6996,#6997,#6998,#6999));
#6972 = ORIENTED_EDGE('',*,*,#6973,.T.);
#6973 = EDGE_CURVE('',#6974,#6976,#6978,.T.);
#6974 = VERTEX_POINT('',#6975);
#6975 = CARTESIAN_POINT('',(-35.13070669975,44.069784964027,4.99));
#6976 = VERTEX_POINT('',#6977);
#6977 = CARTESIAN_POINT('',(-32.83640095435,40.793176786871,4.99));
#6978 = LINE('',#6979,#6980);
#6979 = CARTESIAN_POINT('',(-35.13070669975,44.069784964027,4.99));
#6980 = VECTOR('',#6981,1.);
#6981 = DIRECTION('',(0.573576436351,-0.819152044289,0.));
#6982 = ORIENTED_EDGE('',*,*,#6983,.T.);
#6983 = EDGE_CURVE('',#6976,#6984,#6986,.T.);
#6984 = VERTEX_POINT('',#6985);
#6985 = CARTESIAN_POINT('',(-32.83640095435,40.793176786871,8.));
#6986 = LINE('',#6987,#6988);
#6987 = CARTESIAN_POINT('',(-32.83640095435,40.793176786871,4.99));
#6988 = VECTOR('',#6989,1.);
#6989 = DIRECTION('',(0.,0.,1.));
#6990 = ORIENTED_EDGE('',*,*,#6991,.T.);
#6991 = EDGE_CURVE('',#6984,#4789,#6992,.T.);
#6992 = LINE('',#6993,#6994);
#6993 = CARTESIAN_POINT('',(-32.83640095435,40.793176786871,8.));
#6994 = VECTOR('',#6995,1.);
#6995 = DIRECTION('',(-0.573576436351,0.819152044289,0.));
#6996 = ORIENTED_EDGE('',*,*,#6941,.T.);
#6997 = ORIENTED_EDGE('',*,*,#4433,.F.);
#6998 = ORIENTED_EDGE('',*,*,#6578,.F.);
#6999 = ORIENTED_EDGE('',*,*,#7000,.F.);
#7000 = EDGE_CURVE('',#6974,#6579,#7001,.T.);
#7001 = LINE('',#7002,#7003);
#7002 = CARTESIAN_POINT('',(-35.13070669975,44.069784964027,4.99));
#7003 = VECTOR('',#7004,1.);
#7004 = DIRECTION('',(0.,0.,1.));
#7005 = PLANE('',#7006);
#7006 = AXIS2_PLACEMENT_3D('',#7007,#7008,#7009);
#7007 = CARTESIAN_POINT('',(-32.83640095435,40.793176786871,4.99));
#7008 = DIRECTION('',(-0.819152044289,-0.573576436351,0.));
#7009 = DIRECTION('',(0.,0.,1.));
#7010 = ADVANCED_FACE('',(#7011),#7046,.F.);
#7011 = FACE_BOUND('',#7012,.F.);
#7012 = EDGE_LOOP('',(#7013,#7023,#7031,#7037,#7038,#7039,#7040));
#7013 = ORIENTED_EDGE('',*,*,#7014,.F.);
#7014 = EDGE_CURVE('',#7015,#7017,#7019,.T.);
#7015 = VERTEX_POINT('',#7016);
#7016 = CARTESIAN_POINT('',(-25.25388143058,-45.87541795657,4.99));
#7017 = VERTEX_POINT('',#7018);
#7018 = CARTESIAN_POINT('',(-26.94435447754,-49.50064910471,4.99));
#7019 = LINE('',#7020,#7021);
#7020 = CARTESIAN_POINT('',(-25.25388143058,-45.87541795657,4.99));
#7021 = VECTOR('',#7022,1.);
#7022 = DIRECTION('',(-0.422618261741,-0.906307787037,0.));
#7023 = ORIENTED_EDGE('',*,*,#7024,.T.);
#7024 = EDGE_CURVE('',#7015,#7025,#7027,.T.);
#7025 = VERTEX_POINT('',#7026);
#7026 = CARTESIAN_POINT('',(-25.25388143058,-45.87541795657,8.));
#7027 = LINE('',#7028,#7029);
#7028 = CARTESIAN_POINT('',(-25.25388143058,-45.87541795657,4.99));
#7029 = VECTOR('',#7030,1.);
#7030 = DIRECTION('',(0.,0.,1.));
#7031 = ORIENTED_EDGE('',*,*,#7032,.T.);
#7032 = EDGE_CURVE('',#7025,#4946,#7033,.T.);
#7033 = LINE('',#7034,#7035);
#7034 = CARTESIAN_POINT('',(-25.25388143058,-45.87541795657,8.));
#7035 = VECTOR('',#7036,1.);
#7036 = DIRECTION('',(-0.422618261741,-0.906307787037,0.));
#7037 = ORIENTED_EDGE('',*,*,#6958,.T.);
#7038 = ORIENTED_EDGE('',*,*,#4450,.F.);
#7039 = ORIENTED_EDGE('',*,*,#6571,.F.);
#7040 = ORIENTED_EDGE('',*,*,#7041,.F.);
#7041 = EDGE_CURVE('',#7017,#6564,#7042,.T.);
#7042 = LINE('',#7043,#7044);
#7043 = CARTESIAN_POINT('',(-26.94435447754,-49.50064910471,4.99));
#7044 = VECTOR('',#7045,1.);
#7045 = DIRECTION('',(0.,0.,1.));
#7046 = PLANE('',#7047);
#7047 = AXIS2_PLACEMENT_3D('',#7048,#7049,#7050);
#7048 = CARTESIAN_POINT('',(-25.25388143058,-45.87541795657,4.99));
#7049 = DIRECTION('',(0.906307787037,-0.422618261741,0.));
#7050 = DIRECTION('',(0.,0.,1.));
#7051 = ADVANCED_FACE('',(#7052),#7077,.T.);
#7052 = FACE_BOUND('',#7053,.T.);
#7053 = EDGE_LOOP('',(#7054,#7062,#7070,#7076));
#7054 = ORIENTED_EDGE('',*,*,#7055,.F.);
#7055 = EDGE_CURVE('',#7056,#4579,#7058,.T.);
#7056 = VERTEX_POINT('',#7057);
#7057 = CARTESIAN_POINT('',(-53.88968558552,8.48685969565,14.5));
#7058 = LINE('',#7059,#7060);
#7059 = CARTESIAN_POINT('',(-53.88968558552,8.48685969565,14.5));
#7060 = VECTOR('',#7061,1.);
#7061 = DIRECTION('',(-0.965925826289,0.258819045103,0.));
#7062 = ORIENTED_EDGE('',*,*,#7063,.F.);
#7063 = EDGE_CURVE('',#7064,#7056,#7066,.T.);
#7064 = VERTEX_POINT('',#7065);
#7065 = CARTESIAN_POINT('',(-50.91326656684,19.595006697974,14.5));
#7066 = LINE('',#7067,#7068);
#7067 = CARTESIAN_POINT('',(-50.91326656684,19.595006697974,14.5));
#7068 = VECTOR('',#7069,1.);
#7069 = DIRECTION('',(-0.258819045103,-0.965925826289,0.));
#7070 = ORIENTED_EDGE('',*,*,#7071,.T.);
#7071 = EDGE_CURVE('',#7064,#4577,#7072,.T.);
#7072 = LINE('',#7073,#7074);
#7073 = CARTESIAN_POINT('',(-50.91326656684,19.595006697974,14.5));
#7074 = VECTOR('',#7075,1.);
#7075 = DIRECTION('',(-0.965925826289,0.258819045103,0.));
#7076 = ORIENTED_EDGE('',*,*,#4576,.T.);
#7077 = PLANE('',#7078);
#7078 = AXIS2_PLACEMENT_3D('',#7079,#7080,#7081);
#7079 = CARTESIAN_POINT('',(-50.91326656684,19.595006697974,14.5));
#7080 = DIRECTION('',(0.,0.,1.));
#7081 = DIRECTION('',(-0.965925826289,0.258819045103,0.));
#7082 = ADVANCED_FACE('',(#7083),#7101,.F.);
#7083 = FACE_BOUND('',#7084,.F.);
#7084 = EDGE_LOOP('',(#7085,#7093,#7099,#7100));
#7085 = ORIENTED_EDGE('',*,*,#7086,.F.);
#7086 = EDGE_CURVE('',#7087,#4596,#7089,.T.);
#7087 = VERTEX_POINT('',#7088);
#7088 = CARTESIAN_POINT('',(-50.91326656684,19.595006697974,8.5));
#7089 = LINE('',#7090,#7091);
#7090 = CARTESIAN_POINT('',(-50.91326656684,19.595006697974,8.5));
#7091 = VECTOR('',#7092,1.);
#7092 = DIRECTION('',(-0.965925826289,0.258819045103,0.));
#7093 = ORIENTED_EDGE('',*,*,#7094,.T.);
#7094 = EDGE_CURVE('',#7087,#7064,#7095,.T.);
#7095 = LINE('',#7096,#7097);
#7096 = CARTESIAN_POINT('',(-50.91326656684,19.595006697974,8.5));
#7097 = VECTOR('',#7098,1.);
#7098 = DIRECTION('',(0.,0.,1.));
#7099 = ORIENTED_EDGE('',*,*,#7071,.T.);
#7100 = ORIENTED_EDGE('',*,*,#4604,.F.);
#7101 = PLANE('',#7102);
#7102 = AXIS2_PLACEMENT_3D('',#7103,#7104,#7105);
#7103 = CARTESIAN_POINT('',(-50.91326656684,19.595006697974,8.5));
#7104 = DIRECTION('',(-0.258819045103,-0.965925826289,0.));
#7105 = DIRECTION('',(0.,0.,1.));
#7106 = ADVANCED_FACE('',(#7107),#7125,.T.);
#7107 = FACE_BOUND('',#7108,.T.);
#7108 = EDGE_LOOP('',(#7109,#7117,#7123,#7124));
#7109 = ORIENTED_EDGE('',*,*,#7110,.F.);
#7110 = EDGE_CURVE('',#7111,#4588,#7113,.T.);
#7111 = VERTEX_POINT('',#7112);
#7112 = CARTESIAN_POINT('',(-53.88968558552,8.48685969565,8.5));
#7113 = LINE('',#7114,#7115);
#7114 = CARTESIAN_POINT('',(-53.88968558552,8.48685969565,8.5));
#7115 = VECTOR('',#7116,1.);
#7116 = DIRECTION('',(-0.965925826289,0.258819045103,0.));
#7117 = ORIENTED_EDGE('',*,*,#7118,.T.);
#7118 = EDGE_CURVE('',#7111,#7056,#7119,.T.);
#7119 = LINE('',#7120,#7121);
#7120 = CARTESIAN_POINT('',(-53.88968558552,8.48685969565,8.5));
#7121 = VECTOR('',#7122,1.);
#7122 = DIRECTION('',(0.,0.,1.));
#7123 = ORIENTED_EDGE('',*,*,#7055,.T.);
#7124 = ORIENTED_EDGE('',*,*,#4587,.F.);
#7125 = PLANE('',#7126);
#7126 = AXIS2_PLACEMENT_3D('',#7127,#7128,#7129);
#7127 = CARTESIAN_POINT('',(-53.88968558552,8.48685969565,8.5));
#7128 = DIRECTION('',(-0.258819045103,-0.965925826289,0.));
#7129 = DIRECTION('',(0.,0.,1.));
#7130 = ADVANCED_FACE('',(#7131),#7142,.F.);
#7131 = FACE_BOUND('',#7132,.F.);
#7132 = EDGE_LOOP('',(#7133,#7134,#7140,#7141));
#7133 = ORIENTED_EDGE('',*,*,#7110,.F.);
#7134 = ORIENTED_EDGE('',*,*,#7135,.F.);
#7135 = EDGE_CURVE('',#7087,#7111,#7136,.T.);
#7136 = LINE('',#7137,#7138);
#7137 = CARTESIAN_POINT('',(-50.91326656684,19.595006697974,8.5));
#7138 = VECTOR('',#7139,1.);
#7139 = DIRECTION('',(-0.258819045103,-0.965925826289,0.));
#7140 = ORIENTED_EDGE('',*,*,#7086,.T.);
#7141 = ORIENTED_EDGE('',*,*,#4595,.T.);
#7142 = PLANE('',#7143);
#7143 = AXIS2_PLACEMENT_3D('',#7144,#7145,#7146);
#7144 = CARTESIAN_POINT('',(-50.91326656684,19.595006697974,8.5));
#7145 = DIRECTION('',(0.,0.,1.));
#7146 = DIRECTION('',(-0.965925826289,0.258819045103,0.));
#7147 = ADVANCED_FACE('',(#7148),#7159,.F.);
#7148 = FACE_BOUND('',#7149,.F.);
#7149 = EDGE_LOOP('',(#7150,#7151,#7157,#7158));
#7150 = ORIENTED_EDGE('',*,*,#5023,.F.);
#7151 = ORIENTED_EDGE('',*,*,#7152,.F.);
#7152 = EDGE_CURVE('',#4679,#5024,#7153,.T.);
#7153 = LINE('',#7154,#7155);
#7154 = CARTESIAN_POINT('',(-1.069343044811E-14,-54.28,14.6));
#7155 = VECTOR('',#7156,1.);
#7156 = DIRECTION('',(0.,0.,1.));
#7157 = ORIENTED_EDGE('',*,*,#4678,.T.);
#7158 = ORIENTED_EDGE('',*,*,#7152,.T.);
#7159 = CYLINDRICAL_SURFACE('',#7160,2.55);
#7160 = AXIS2_PLACEMENT_3D('',#7161,#7162,#7163);
#7161 = CARTESIAN_POINT('',(-9.502646837984E-15,-51.73,14.6));
#7162 = DIRECTION('',(0.,0.,1.));
#7163 = DIRECTION('',(-2.22044604925E-16,-1.,0.));
#7164 = ADVANCED_FACE('',(#7165),#7176,.F.);
#7165 = FACE_BOUND('',#7166,.F.);
#7166 = EDGE_LOOP('',(#7167,#7168,#7174,#7175));
#7167 = ORIENTED_EDGE('',*,*,#5043,.F.);
#7168 = ORIENTED_EDGE('',*,*,#7169,.F.);
#7169 = EDGE_CURVE('',#4690,#5044,#7170,.T.);
#7170 = LINE('',#7171,#7172);
#7171 = CARTESIAN_POINT('',(-47.00785891741,27.14,14.6));
#7172 = VECTOR('',#7173,1.);
#7173 = DIRECTION('',(0.,0.,1.));
#7174 = ORIENTED_EDGE('',*,*,#4689,.T.);
#7175 = ORIENTED_EDGE('',*,*,#7169,.T.);
#7176 = CYLINDRICAL_SURFACE('',#7177,2.55);
#7177 = AXIS2_PLACEMENT_3D('',#7178,#7179,#7180);
#7178 = CARTESIAN_POINT('',(-44.79949413776,25.865,14.6));
#7179 = DIRECTION('',(0.,0.,1.));
#7180 = DIRECTION('',(-0.866025403784,0.5,0.));
#7181 = ADVANCED_FACE('',(#7182),#7193,.F.);
#7182 = FACE_BOUND('',#7183,.F.);
#7183 = EDGE_LOOP('',(#7184,#7185,#7191,#7192));
#7184 = ORIENTED_EDGE('',*,*,#5003,.F.);
#7185 = ORIENTED_EDGE('',*,*,#7186,.F.);
#7186 = EDGE_CURVE('',#4701,#5004,#7187,.T.);
#7187 = LINE('',#7188,#7189);
#7188 = CARTESIAN_POINT('',(47.007858917419,27.14,14.6));
#7189 = VECTOR('',#7190,1.);
#7190 = DIRECTION('',(0.,0.,1.));
#7191 = ORIENTED_EDGE('',*,*,#4700,.T.);
#7192 = ORIENTED_EDGE('',*,*,#7186,.T.);
#7193 = CYLINDRICAL_SURFACE('',#7194,2.55);
#7194 = AXIS2_PLACEMENT_3D('',#7195,#7196,#7197);
#7195 = CARTESIAN_POINT('',(44.799494137769,25.865,14.6));
#7196 = DIRECTION('',(0.,0.,1.));
#7197 = DIRECTION('',(0.866025403784,0.5,0.));
#7198 = ADVANCED_FACE('',(#7199,#7202),#7213,.F.);
#7199 = FACE_BOUND('',#7200,.F.);
#7200 = EDGE_LOOP('',(#7201));
#7201 = ORIENTED_EDGE('',*,*,#4726,.T.);
#7202 = FACE_BOUND('',#7203,.F.);
#7203 = EDGE_LOOP('',(#7204));
#7204 = ORIENTED_EDGE('',*,*,#7205,.F.);
#7205 = EDGE_CURVE('',#7206,#7206,#7208,.T.);
#7206 = VERTEX_POINT('',#7207);
#7207 = CARTESIAN_POINT('',(57.6,-1.410793112618E-14,7.6));
#7208 = CIRCLE('',#7209,57.6);
#7209 = AXIS2_PLACEMENT_3D('',#7210,#7211,#7212);
#7210 = CARTESIAN_POINT('',(0.,0.,7.6));
#7211 = DIRECTION('',(0.,0.,1.));
#7212 = DIRECTION('',(1.,0.,-0.));
#7213 = PLANE('',#7214);
#7214 = AXIS2_PLACEMENT_3D('',#7215,#7216,#7217);
#7215 = CARTESIAN_POINT('',(0.,0.,7.6));
#7216 = DIRECTION('',(0.,0.,1.));
#7217 = DIRECTION('',(1.,0.,-0.));
#7218 = ADVANCED_FACE('',(#7219),#7229,.T.);
#7219 = FACE_BOUND('',#7220,.T.);
#7220 = EDGE_LOOP('',(#7221,#7227,#7228));
#7221 = ORIENTED_EDGE('',*,*,#7222,.F.);
#7222 = EDGE_CURVE('',#6838,#4824,#7223,.T.);
#7223 = LINE('',#7224,#7225);
#7224 = CARTESIAN_POINT('',(-27.10233664433,44.808211841328,8.));
#7225 = VECTOR('',#7226,1.);
#7226 = DIRECTION('',(-0.819152044289,-0.573576436351,0.));
#7227 = ORIENTED_EDGE('',*,*,#6845,.T.);
#7228 = ORIENTED_EDGE('',*,*,#4831,.F.);
#7229 = PLANE('',#7230);
#7230 = AXIS2_PLACEMENT_3D('',#7231,#7232,#7233);
#7231 = CARTESIAN_POINT('',(-27.10233664433,44.808211841328,8.));
#7232 = DIRECTION('',(0.,0.,1.));
#7233 = DIRECTION('',(-0.573576436351,0.819152044289,0.));
#7234 = ADVANCED_FACE('',(#7235),#7246,.F.);
#7235 = FACE_BOUND('',#7236,.F.);
#7236 = EDGE_LOOP('',(#7237,#7238,#7239,#7245));
#7237 = ORIENTED_EDGE('',*,*,#7222,.F.);
#7238 = ORIENTED_EDGE('',*,*,#6837,.F.);
#7239 = ORIENTED_EDGE('',*,*,#7240,.T.);
#7240 = EDGE_CURVE('',#6828,#4815,#7241,.T.);
#7241 = LINE('',#7242,#7243);
#7242 = CARTESIAN_POINT('',(-27.10233664433,44.808211841328,4.99));
#7243 = VECTOR('',#7244,1.);
#7244 = DIRECTION('',(-0.819152044289,-0.573576436351,0.));
#7245 = ORIENTED_EDGE('',*,*,#4823,.T.);
#7246 = PLANE('',#7247);
#7247 = AXIS2_PLACEMENT_3D('',#7248,#7249,#7250);
#7248 = CARTESIAN_POINT('',(-27.10233664433,44.808211841328,4.99));
#7249 = DIRECTION('',(-0.573576436351,0.819152044289,0.));
#7250 = DIRECTION('',(0.,0.,1.));
#7251 = ADVANCED_FACE('',(#7252,#7287),#7298,.F.);
#7252 = FACE_BOUND('',#7253,.F.);
#7253 = EDGE_LOOP('',(#7254,#7255,#7261,#7262,#7263,#7264,#7272,#7281));
#7254 = ORIENTED_EDGE('',*,*,#6973,.T.);
#7255 = ORIENTED_EDGE('',*,*,#7256,.F.);
#7256 = EDGE_CURVE('',#4807,#6976,#7257,.T.);
#7257 = LINE('',#7258,#7259);
#7258 = CARTESIAN_POINT('',(-27.10233664433,44.808211841328,4.99));
#7259 = VECTOR('',#7260,1.);
#7260 = DIRECTION('',(-0.819152044289,-0.573576436351,0.));
#7261 = ORIENTED_EDGE('',*,*,#4814,.T.);
#7262 = ORIENTED_EDGE('',*,*,#7240,.F.);
#7263 = ORIENTED_EDGE('',*,*,#6827,.T.);
#7264 = ORIENTED_EDGE('',*,*,#7265,.T.);
#7265 = EDGE_CURVE('',#6830,#7266,#7268,.T.);
#7266 = VERTEX_POINT('',#7267);
#7267 = CARTESIAN_POINT('',(-31.19956482487,46.822400138594,4.99));
#7268 = LINE('',#7269,#7270);
#7269 = CARTESIAN_POINT('',(-29.39664238973,48.084820018484,4.99));
#7270 = VECTOR('',#7271,1.);
#7271 = DIRECTION('',(-0.819152044289,-0.573576436351,0.));
#7272 = ORIENTED_EDGE('',*,*,#7273,.T.);
#7273 = EDGE_CURVE('',#7266,#7274,#7276,.T.);
#7274 = VERTEX_POINT('',#7275);
#7275 = CARTESIAN_POINT('',(-33.32778426462,45.332204843918,4.99));
#7276 = CIRCLE('',#7277,3.5);
#7277 = AXIS2_PLACEMENT_3D('',#7278,#7279,#7280);
#7278 = CARTESIAN_POINT('',(-30.3995511266,43.415058347317,4.99));
#7279 = DIRECTION('',(0.,0.,1.));
#7280 = DIRECTION('',(-0.228575342362,0.973526226079,0.));
#7281 = ORIENTED_EDGE('',*,*,#7282,.T.);
#7282 = EDGE_CURVE('',#7274,#6974,#7283,.T.);
#7283 = LINE('',#7284,#7285);
#7284 = CARTESIAN_POINT('',(-29.39664238973,48.084820018484,4.99));
#7285 = VECTOR('',#7286,1.);
#7286 = DIRECTION('',(-0.819152044289,-0.573576436351,0.));
#7287 = FACE_BOUND('',#7288,.F.);
#7288 = EDGE_LOOP('',(#7289));
#7289 = ORIENTED_EDGE('',*,*,#7290,.F.);
#7290 = EDGE_CURVE('',#7291,#7291,#7293,.T.);
#7291 = VERTEX_POINT('',#7292);
#7292 = CARTESIAN_POINT('',(-31.5467039993,45.053362435895,4.99));
#7293 = CIRCLE('',#7294,2.);
#7294 = AXIS2_PLACEMENT_3D('',#7295,#7296,#7297);
#7295 = CARTESIAN_POINT('',(-30.3995511266,43.415058347317,4.99));
#7296 = DIRECTION('',(0.,0.,1.));
#7297 = DIRECTION('',(-0.573576436351,0.819152044289,0.));
#7298 = PLANE('',#7299);
#7299 = AXIS2_PLACEMENT_3D('',#7300,#7301,#7302);
#7300 = CARTESIAN_POINT('',(-27.10233664433,44.808211841328,4.99));
#7301 = DIRECTION('',(0.,0.,1.));
#7302 = DIRECTION('',(-0.573576436351,0.819152044289,0.));
#7303 = ADVANCED_FACE('',(#7304),#7315,.F.);
#7304 = FACE_BOUND('',#7305,.F.);
#7305 = EDGE_LOOP('',(#7306,#7312,#7313,#7314));
#7306 = ORIENTED_EDGE('',*,*,#7307,.F.);
#7307 = EDGE_CURVE('',#4798,#6984,#7308,.T.);
#7308 = LINE('',#7309,#7310);
#7309 = CARTESIAN_POINT('',(-27.10233664433,44.808211841328,8.));
#7310 = VECTOR('',#7311,1.);
#7311 = DIRECTION('',(-0.819152044289,-0.573576436351,0.));
#7312 = ORIENTED_EDGE('',*,*,#4806,.F.);
#7313 = ORIENTED_EDGE('',*,*,#7256,.T.);
#7314 = ORIENTED_EDGE('',*,*,#6983,.T.);
#7315 = PLANE('',#7316);
#7316 = AXIS2_PLACEMENT_3D('',#7317,#7318,#7319);
#7317 = CARTESIAN_POINT('',(-27.10233664433,44.808211841328,4.99));
#7318 = DIRECTION('',(-0.573576436351,0.819152044289,0.));
#7319 = DIRECTION('',(0.,0.,1.));
#7320 = ADVANCED_FACE('',(#7321),#7326,.T.);
#7321 = FACE_BOUND('',#7322,.T.);
#7322 = EDGE_LOOP('',(#7323,#7324,#7325));
#7323 = ORIENTED_EDGE('',*,*,#7307,.F.);
#7324 = ORIENTED_EDGE('',*,*,#4797,.F.);
#7325 = ORIENTED_EDGE('',*,*,#6991,.F.);
#7326 = PLANE('',#7327);
#7327 = AXIS2_PLACEMENT_3D('',#7328,#7329,#7330);
#7328 = CARTESIAN_POINT('',(-27.10233664433,44.808211841328,8.));
#7329 = DIRECTION('',(0.,0.,1.));
#7330 = DIRECTION('',(-0.573576436351,0.819152044289,0.));
#7331 = ADVANCED_FACE('',(#7332),#7342,.T.);
#7332 = FACE_BOUND('',#7333,.T.);
#7333 = EDGE_LOOP('',(#7334,#7340,#7341));
#7334 = ORIENTED_EDGE('',*,*,#7335,.F.);
#7335 = EDGE_CURVE('',#7025,#4938,#7336,.T.);
#7336 = LINE('',#7337,#7338);
#7337 = CARTESIAN_POINT('',(-25.25388143058,-45.87541795657,8.));
#7338 = VECTOR('',#7339,1.);
#7339 = DIRECTION('',(0.906307787037,-0.422618261741,0.));
#7340 = ORIENTED_EDGE('',*,*,#7032,.T.);
#7341 = ORIENTED_EDGE('',*,*,#4945,.F.);
#7342 = PLANE('',#7343);
#7343 = AXIS2_PLACEMENT_3D('',#7344,#7345,#7346);
#7344 = CARTESIAN_POINT('',(-25.25388143058,-45.87541795657,8.));
#7345 = DIRECTION('',(0.,0.,1.));
#7346 = DIRECTION('',(-0.422618261741,-0.906307787037,0.));
#7347 = ADVANCED_FACE('',(#7348),#7359,.F.);
#7348 = FACE_BOUND('',#7349,.F.);
#7349 = EDGE_LOOP('',(#7350,#7351,#7352,#7358));
#7350 = ORIENTED_EDGE('',*,*,#7335,.F.);
#7351 = ORIENTED_EDGE('',*,*,#7024,.F.);
#7352 = ORIENTED_EDGE('',*,*,#7353,.T.);
#7353 = EDGE_CURVE('',#7015,#4929,#7354,.T.);
#7354 = LINE('',#7355,#7356);
#7355 = CARTESIAN_POINT('',(-25.25388143058,-45.87541795657,4.99));
#7356 = VECTOR('',#7357,1.);
#7357 = DIRECTION('',(0.906307787037,-0.422618261741,0.));
#7358 = ORIENTED_EDGE('',*,*,#4937,.T.);
#7359 = PLANE('',#7360);
#7360 = AXIS2_PLACEMENT_3D('',#7361,#7362,#7363);
#7361 = CARTESIAN_POINT('',(-25.25388143058,-45.87541795657,4.99));
#7362 = DIRECTION('',(-0.422618261741,-0.906307787037,0.));
#7363 = DIRECTION('',(0.,0.,1.));
#7364 = ADVANCED_FACE('',(#7365,#7400),#7411,.F.);
#7365 = FACE_BOUND('',#7366,.F.);
#7366 = EDGE_LOOP('',(#7367,#7368,#7374,#7375,#7376,#7377,#7385,#7394));
#7367 = ORIENTED_EDGE('',*,*,#6873,.T.);
#7368 = ORIENTED_EDGE('',*,*,#7369,.F.);
#7369 = EDGE_CURVE('',#4921,#6876,#7370,.T.);
#7370 = LINE('',#7371,#7372);
#7371 = CARTESIAN_POINT('',(-25.25388143058,-45.87541795657,4.99));
#7372 = VECTOR('',#7373,1.);
#7373 = DIRECTION('',(0.906307787037,-0.422618261741,0.));
#7374 = ORIENTED_EDGE('',*,*,#4928,.T.);
#7375 = ORIENTED_EDGE('',*,*,#7353,.F.);
#7376 = ORIENTED_EDGE('',*,*,#7014,.T.);
#7377 = ORIENTED_EDGE('',*,*,#7378,.T.);
#7378 = EDGE_CURVE('',#7017,#7379,#7381,.T.);
#7379 = VERTEX_POINT('',#7380);
#7380 = CARTESIAN_POINT('',(-24.94960557374,-50.43081579465,4.99));
#7381 = LINE('',#7382,#7383);
#7382 = CARTESIAN_POINT('',(-26.94435447754,-49.50064910471,4.99));
#7383 = VECTOR('',#7384,1.);
#7384 = DIRECTION('',(0.906307787037,-0.422618261741,0.));
#7385 = ORIENTED_EDGE('',*,*,#7386,.T.);
#7386 = EDGE_CURVE('',#7379,#7387,#7389,.T.);
#7387 = VERTEX_POINT('',#7388);
#7388 = CARTESIAN_POINT('',(-22.59494887208,-51.52881024696,4.99));
#7389 = CIRCLE('',#7390,3.5);
#7390 = AXIS2_PLACEMENT_3D('',#7391,#7392,#7393);
#7391 = CARTESIAN_POINT('',(-22.39876787225,-48.03431271294,4.99));
#7392 = DIRECTION('',(0.,0.,1.));
#7393 = DIRECTION('',(-0.728810771854,-0.684715166204,0.));
#7394 = ORIENTED_EDGE('',*,*,#7395,.T.);
#7395 = EDGE_CURVE('',#7387,#6874,#7396,.T.);
#7396 = LINE('',#7397,#7398);
#7397 = CARTESIAN_POINT('',(-26.94435447754,-49.50064910471,4.99));
#7398 = VECTOR('',#7399,1.);
#7399 = DIRECTION('',(0.906307787037,-0.422618261741,0.));
#7400 = FACE_BOUND('',#7401,.F.);
#7401 = EDGE_LOOP('',(#7402));
#7402 = ORIENTED_EDGE('',*,*,#7403,.F.);
#7403 = EDGE_CURVE('',#7404,#7404,#7406,.T.);
#7404 = VERTEX_POINT('',#7405);
#7405 = CARTESIAN_POINT('',(-23.24400439573,-49.84692828701,4.99));
#7406 = CIRCLE('',#7407,2.);
#7407 = AXIS2_PLACEMENT_3D('',#7408,#7409,#7410);
#7408 = CARTESIAN_POINT('',(-22.39876787225,-48.03431271294,4.99));
#7409 = DIRECTION('',(0.,0.,1.));
#7410 = DIRECTION('',(-0.422618261741,-0.906307787037,0.));
#7411 = PLANE('',#7412);
#7412 = AXIS2_PLACEMENT_3D('',#7413,#7414,#7415);
#7413 = CARTESIAN_POINT('',(-25.25388143058,-45.87541795657,4.99));
#7414 = DIRECTION('',(0.,0.,1.));
#7415 = DIRECTION('',(-0.422618261741,-0.906307787037,0.));
#7416 = ADVANCED_FACE('',(#7417),#7428,.F.);
#7417 = FACE_BOUND('',#7418,.F.);
#7418 = EDGE_LOOP('',(#7419,#7425,#7426,#7427));
#7419 = ORIENTED_EDGE('',*,*,#7420,.F.);
#7420 = EDGE_CURVE('',#4912,#6884,#7421,.T.);
#7421 = LINE('',#7422,#7423);
#7422 = CARTESIAN_POINT('',(-25.25388143058,-45.87541795657,8.));
#7423 = VECTOR('',#7424,1.);
#7424 = DIRECTION('',(0.906307787037,-0.422618261741,0.));
#7425 = ORIENTED_EDGE('',*,*,#4920,.F.);
#7426 = ORIENTED_EDGE('',*,*,#7369,.T.);
#7427 = ORIENTED_EDGE('',*,*,#6883,.T.);
#7428 = PLANE('',#7429);
#7429 = AXIS2_PLACEMENT_3D('',#7430,#7431,#7432);
#7430 = CARTESIAN_POINT('',(-25.25388143058,-45.87541795657,4.99));
#7431 = DIRECTION('',(-0.422618261741,-0.906307787037,0.));
#7432 = DIRECTION('',(0.,0.,1.));
#7433 = ADVANCED_FACE('',(#7434),#7439,.T.);
#7434 = FACE_BOUND('',#7435,.T.);
#7435 = EDGE_LOOP('',(#7436,#7437,#7438));
#7436 = ORIENTED_EDGE('',*,*,#7420,.F.);
#7437 = ORIENTED_EDGE('',*,*,#4911,.F.);
#7438 = ORIENTED_EDGE('',*,*,#6891,.F.);
#7439 = PLANE('',#7440);
#7440 = AXIS2_PLACEMENT_3D('',#7441,#7442,#7443);
#7441 = CARTESIAN_POINT('',(-25.25388143058,-45.87541795657,8.));
#7442 = DIRECTION('',(0.,0.,1.));
#7443 = DIRECTION('',(-0.422618261741,-0.906307787037,0.));
#7444 = ADVANCED_FACE('',(#7445),#7464,.T.);
#7445 = FACE_BOUND('',#7446,.T.);
#7446 = EDGE_LOOP('',(#7447,#7456,#7457,#7458));
#7447 = ORIENTED_EDGE('',*,*,#7448,.F.);
#7448 = EDGE_CURVE('',#5103,#7449,#7451,.T.);
#7449 = VERTEX_POINT('',#7450);
#7450 = CARTESIAN_POINT('',(-42.31564446927,-38.48670203005,28.7));
#7451 = CIRCLE('',#7452,57.2);
#7452 = AXIS2_PLACEMENT_3D('',#7453,#7454,#7455);
#7453 = CARTESIAN_POINT('',(0.,0.,28.7));
#7454 = DIRECTION('',(0.,0.,1.));
#7455 = DIRECTION('',(1.,0.,-0.));
#7456 = ORIENTED_EDGE('',*,*,#5112,.F.);
#7457 = ORIENTED_EDGE('',*,*,#5087,.T.);
#7458 = ORIENTED_EDGE('',*,*,#7459,.T.);
#7459 = EDGE_CURVE('',#5080,#7449,#7460,.T.);
#7460 = LINE('',#7461,#7462);
#7461 = CARTESIAN_POINT('',(-42.31564446927,-38.48670203005,26.5));
#7462 = VECTOR('',#7463,1.);
#7463 = DIRECTION('',(0.,0.,1.));
#7464 = CYLINDRICAL_SURFACE('',#7465,57.2);
#7465 = AXIS2_PLACEMENT_3D('',#7466,#7467,#7468);
#7466 = CARTESIAN_POINT('',(0.,0.,26.5));
#7467 = DIRECTION('',(0.,0.,1.));
#7468 = DIRECTION('',(1.,0.,-0.));
#7469 = ADVANCED_FACE('',(#7470),#7481,.F.);
#7470 = FACE_BOUND('',#7471,.F.);
#7471 = EDGE_LOOP('',(#7472,#7473,#7474,#7480));
#7472 = ORIENTED_EDGE('',*,*,#5079,.T.);
#7473 = ORIENTED_EDGE('',*,*,#7459,.T.);
#7474 = ORIENTED_EDGE('',*,*,#7475,.T.);
#7475 = EDGE_CURVE('',#7449,#5337,#7476,.T.);
#7476 = LINE('',#7477,#7478);
#7477 = CARTESIAN_POINT('',(-44.15220480782,-37.85382620552,28.7));
#7478 = VECTOR('',#7479,1.);
#7479 = DIRECTION('',(0.94543972822,-0.32579705386,0.));
#7480 = ORIENTED_EDGE('',*,*,#5346,.T.);
#7481 = PLANE('',#7482);
#7482 = AXIS2_PLACEMENT_3D('',#7483,#7484,#7485);
#7483 = CARTESIAN_POINT('',(-44.15220480782,-37.85382620552,27.5));
#7484 = DIRECTION('',(0.32579705386,0.94543972822,0.));
#7485 = DIRECTION('',(0.,0.,1.));
#7486 = ADVANCED_FACE('',(#7487,#7509),#7512,.T.);
#7487 = FACE_BOUND('',#7488,.T.);
#7488 = EDGE_LOOP('',(#7489,#7490,#7498,#7504,#7505,#7506,#7507,#7508));
#7489 = ORIENTED_EDGE('',*,*,#5336,.T.);
#7490 = ORIENTED_EDGE('',*,*,#7491,.F.);
#7491 = EDGE_CURVE('',#7492,#5339,#7494,.T.);
#7492 = VERTEX_POINT('',#7493);
#7493 = CARTESIAN_POINT('',(-31.84455389073,-37.50140814022,28.7));
#7494 = LINE('',#7495,#7496);
#7495 = CARTESIAN_POINT('',(-31.84455389073,-37.50140814022,28.7));
#7496 = VECTOR('',#7497,1.);
#7497 = DIRECTION('',(-0.707106781187,-0.707106781187,0.));
#7498 = ORIENTED_EDGE('',*,*,#7499,.F.);
#7499 = EDGE_CURVE('',#5217,#7492,#7500,.T.);
#7500 = LINE('',#7501,#7502);
#7501 = CARTESIAN_POINT('',(-37.50140814022,-31.84455389073,28.7));
#7502 = VECTOR('',#7503,1.);
#7503 = DIRECTION('',(0.707106781187,-0.707106781187,0.));
#7504 = ORIENTED_EDGE('',*,*,#5224,.T.);
#7505 = ORIENTED_EDGE('',*,*,#5160,.F.);
#7506 = ORIENTED_EDGE('',*,*,#5102,.F.);
#7507 = ORIENTED_EDGE('',*,*,#7448,.T.);
#7508 = ORIENTED_EDGE('',*,*,#7475,.T.);
#7509 = FACE_BOUND('',#7510,.T.);
#7510 = EDGE_LOOP('',(#7511));
#7511 = ORIENTED_EDGE('',*,*,#5308,.F.);
#7512 = PLANE('',#7513);
#7513 = AXIS2_PLACEMENT_3D('',#7514,#7515,#7516);
#7514 = CARTESIAN_POINT('',(-37.50140814022,-31.84455389073,28.7));
#7515 = DIRECTION('',(0.,0.,1.));
#7516 = DIRECTION('',(-0.707106781187,-0.707106781187,0.));
#7517 = ADVANCED_FACE('',(#7518),#7529,.F.);
#7518 = FACE_BOUND('',#7519,.F.);
#7519 = EDGE_LOOP('',(#7520,#7521,#7522,#7528));
#7520 = ORIENTED_EDGE('',*,*,#5216,.F.);
#7521 = ORIENTED_EDGE('',*,*,#5258,.T.);
#7522 = ORIENTED_EDGE('',*,*,#7523,.T.);
#7523 = EDGE_CURVE('',#5251,#7492,#7524,.T.);
#7524 = LINE('',#7525,#7526);
#7525 = CARTESIAN_POINT('',(-31.84455389073,-37.50140814022,27.5));
#7526 = VECTOR('',#7527,1.);
#7527 = DIRECTION('',(0.,0.,1.));
#7528 = ORIENTED_EDGE('',*,*,#7499,.F.);
#7529 = PLANE('',#7530);
#7530 = AXIS2_PLACEMENT_3D('',#7531,#7532,#7533);
#7531 = CARTESIAN_POINT('',(-37.50140814022,-31.84455389073,27.5));
#7532 = DIRECTION('',(-0.707106781187,-0.707106781187,0.));
#7533 = DIRECTION('',(0.,0.,1.));
#7534 = ADVANCED_FACE('',(#7535),#7541,.T.);
#7535 = FACE_BOUND('',#7536,.T.);
#7536 = EDGE_LOOP('',(#7537,#7538,#7539,#7540));
#7537 = ORIENTED_EDGE('',*,*,#5250,.F.);
#7538 = ORIENTED_EDGE('',*,*,#7523,.T.);
#7539 = ORIENTED_EDGE('',*,*,#7491,.T.);
#7540 = ORIENTED_EDGE('',*,*,#5355,.F.);
#7541 = PLANE('',#7542);
#7542 = AXIS2_PLACEMENT_3D('',#7543,#7544,#7545);
#7543 = CARTESIAN_POINT('',(-31.84455389073,-37.50140814022,27.5));
#7544 = DIRECTION('',(0.707106781187,-0.707106781187,0.));
#7545 = DIRECTION('',(0.,0.,1.));
#7546 = ADVANCED_FACE('',(#7547),#7565,.T.);
#7547 = FACE_BOUND('',#7548,.T.);
#7548 = EDGE_LOOP('',(#7549,#7550,#7558,#7564));
#7549 = ORIENTED_EDGE('',*,*,#5397,.T.);
#7550 = ORIENTED_EDGE('',*,*,#7551,.T.);
#7551 = EDGE_CURVE('',#5389,#7552,#7554,.T.);
#7552 = VERTEX_POINT('',#7553);
#7553 = CARTESIAN_POINT('',(42.315644469272,-38.48670203005,28.7));
#7554 = LINE('',#7555,#7556);
#7555 = CARTESIAN_POINT('',(42.315644469272,-38.48670203005,26.5));
#7556 = VECTOR('',#7557,1.);
#7557 = DIRECTION('',(0.,0.,1.));
#7558 = ORIENTED_EDGE('',*,*,#7559,.T.);
#7559 = EDGE_CURVE('',#7552,#5414,#7560,.T.);
#7560 = LINE('',#7561,#7562);
#7561 = CARTESIAN_POINT('',(44.152204807827,-37.85382620552,28.7));
#7562 = VECTOR('',#7563,1.);
#7563 = DIRECTION('',(-0.94543972822,-0.32579705386,0.));
#7564 = ORIENTED_EDGE('',*,*,#5437,.T.);
#7565 = PLANE('',#7566);
#7566 = AXIS2_PLACEMENT_3D('',#7567,#7568,#7569);
#7567 = CARTESIAN_POINT('',(44.152204807827,-37.85382620552,27.5));
#7568 = DIRECTION('',(0.32579705386,-0.94543972822,0.));
#7569 = DIRECTION('',(0.,-0.,1.));
#7570 = ADVANCED_FACE('',(#7571),#7583,.T.);
#7571 = FACE_BOUND('',#7572,.T.);
#7572 = EDGE_LOOP('',(#7573,#7580,#7581,#7582));
#7573 = ORIENTED_EDGE('',*,*,#7574,.F.);
#7574 = EDGE_CURVE('',#7552,#5606,#7575,.T.);
#7575 = CIRCLE('',#7576,57.2);
#7576 = AXIS2_PLACEMENT_3D('',#7577,#7578,#7579);
#7577 = CARTESIAN_POINT('',(0.,0.,28.7));
#7578 = DIRECTION('',(0.,0.,1.));
#7579 = DIRECTION('',(1.,0.,-0.));
#7580 = ORIENTED_EDGE('',*,*,#7551,.F.);
#7581 = ORIENTED_EDGE('',*,*,#5388,.T.);
#7582 = ORIENTED_EDGE('',*,*,#5629,.T.);
#7583 = CYLINDRICAL_SURFACE('',#7584,57.2);
#7584 = AXIS2_PLACEMENT_3D('',#7585,#7586,#7587);
#7585 = CARTESIAN_POINT('',(0.,0.,26.5));
#7586 = DIRECTION('',(0.,0.,1.));
#7587 = DIRECTION('',(1.,0.,-0.));
#7588 = ADVANCED_FACE('',(#7589,#7611),#7614,.T.);
#7589 = FACE_BOUND('',#7590,.T.);
#7590 = EDGE_LOOP('',(#7591,#7592,#7600,#7606,#7607,#7608,#7609,#7610));
#7591 = ORIENTED_EDGE('',*,*,#5555,.F.);
#7592 = ORIENTED_EDGE('',*,*,#7593,.F.);
#7593 = EDGE_CURVE('',#7594,#5548,#7596,.T.);
#7594 = VERTEX_POINT('',#7595);
#7595 = CARTESIAN_POINT('',(31.844553890736,-37.50140814022,28.7));
#7596 = LINE('',#7597,#7598);
#7597 = CARTESIAN_POINT('',(31.844553890736,-37.50140814022,28.7));
#7598 = VECTOR('',#7599,1.);
#7599 = DIRECTION('',(0.707106781187,0.707106781187,0.));
#7600 = ORIENTED_EDGE('',*,*,#7601,.T.);
#7601 = EDGE_CURVE('',#7594,#5412,#7602,.T.);
#7602 = LINE('',#7603,#7604);
#7603 = CARTESIAN_POINT('',(31.844553890736,-37.50140814022,28.7));
#7604 = VECTOR('',#7605,1.);
#7605 = DIRECTION('',(0.707106781187,-0.707106781187,0.));
#7606 = ORIENTED_EDGE('',*,*,#5411,.T.);
#7607 = ORIENTED_EDGE('',*,*,#7559,.F.);
#7608 = ORIENTED_EDGE('',*,*,#7574,.T.);
#7609 = ORIENTED_EDGE('',*,*,#5603,.F.);
#7610 = ORIENTED_EDGE('',*,*,#5661,.T.);
#7611 = FACE_BOUND('',#7612,.T.);
#7612 = EDGE_LOOP('',(#7613));
#7613 = ORIENTED_EDGE('',*,*,#5518,.F.);
#7614 = PLANE('',#7615);
#7615 = AXIS2_PLACEMENT_3D('',#7616,#7617,#7618);
#7616 = CARTESIAN_POINT('',(31.844553890736,-37.50140814022,28.7));
#7617 = DIRECTION('',(0.,0.,1.));
#7618 = DIRECTION('',(0.707106781187,-0.707106781187,0.));
#7619 = ADVANCED_FACE('',(#7620),#7631,.F.);
#7620 = FACE_BOUND('',#7621,.F.);
#7621 = EDGE_LOOP('',(#7622,#7623,#7629,#7630));
#7622 = ORIENTED_EDGE('',*,*,#5467,.F.);
#7623 = ORIENTED_EDGE('',*,*,#7624,.T.);
#7624 = EDGE_CURVE('',#5460,#7594,#7625,.T.);
#7625 = LINE('',#7626,#7627);
#7626 = CARTESIAN_POINT('',(31.844553890736,-37.50140814022,27.5));
#7627 = VECTOR('',#7628,1.);
#7628 = DIRECTION('',(0.,0.,1.));
#7629 = ORIENTED_EDGE('',*,*,#7601,.T.);
#7630 = ORIENTED_EDGE('',*,*,#5421,.F.);
#7631 = PLANE('',#7632);
#7632 = AXIS2_PLACEMENT_3D('',#7633,#7634,#7635);
#7633 = CARTESIAN_POINT('',(31.844553890736,-37.50140814022,27.5));
#7634 = DIRECTION('',(0.707106781187,0.707106781187,0.));
#7635 = DIRECTION('',(0.,0.,1.));
#7636 = ADVANCED_FACE('',(#7637),#7643,.F.);
#7637 = FACE_BOUND('',#7638,.F.);
#7638 = EDGE_LOOP('',(#7639,#7640,#7641,#7642));
#7639 = ORIENTED_EDGE('',*,*,#7624,.F.);
#7640 = ORIENTED_EDGE('',*,*,#5459,.T.);
#7641 = ORIENTED_EDGE('',*,*,#5547,.T.);
#7642 = ORIENTED_EDGE('',*,*,#7593,.F.);
#7643 = PLANE('',#7644);
#7644 = AXIS2_PLACEMENT_3D('',#7645,#7646,#7647);
#7645 = CARTESIAN_POINT('',(31.844553890736,-37.50140814022,27.5));
#7646 = DIRECTION('',(0.707106781187,-0.707106781187,0.));
#7647 = DIRECTION('',(0.,0.,1.));
#7648 = ADVANCED_FACE('',(#7649),#7660,.F.);
#7649 = FACE_BOUND('',#7650,.F.);
#7650 = EDGE_LOOP('',(#7651,#7652,#7653,#7654));
#7651 = ORIENTED_EDGE('',*,*,#5778,.F.);
#7652 = ORIENTED_EDGE('',*,*,#5754,.F.);
#7653 = ORIENTED_EDGE('',*,*,#5698,.T.);
#7654 = ORIENTED_EDGE('',*,*,#7655,.T.);
#7655 = EDGE_CURVE('',#5699,#5779,#7656,.T.);
#7656 = LINE('',#7657,#7658);
#7657 = CARTESIAN_POINT('',(49.18580120376,-23.5476933041,18.));
#7658 = VECTOR('',#7659,1.);
#7659 = DIRECTION('',(0.,0.,1.));
#7660 = PLANE('',#7661);
#7661 = AXIS2_PLACEMENT_3D('',#7662,#7663,#7664);
#7662 = CARTESIAN_POINT('',(44.98580120376,-30.82230669589,18.));
#7663 = DIRECTION('',(0.866025403784,-0.5,0.));
#7664 = DIRECTION('',(0.,0.,1.));
#7665 = ADVANCED_FACE('',(#7666),#7677,.F.);
#7666 = FACE_BOUND('',#7667,.F.);
#7667 = EDGE_LOOP('',(#7668,#7669,#7675,#7676));
#7668 = ORIENTED_EDGE('',*,*,#5706,.F.);
#7669 = ORIENTED_EDGE('',*,*,#7670,.T.);
#7670 = EDGE_CURVE('',#5707,#5787,#7671,.T.);
#7671 = LINE('',#7672,#7673);
#7672 = CARTESIAN_POINT('',(48.146570719219,-22.9476933041,18.));
#7673 = VECTOR('',#7674,1.);
#7674 = DIRECTION('',(0.,0.,1.));
#7675 = ORIENTED_EDGE('',*,*,#5786,.T.);
#7676 = ORIENTED_EDGE('',*,*,#7655,.F.);
#7677 = PLANE('',#7678);
#7678 = AXIS2_PLACEMENT_3D('',#7679,#7680,#7681);
#7679 = CARTESIAN_POINT('',(48.146570719219,-22.9476933041,18.));
#7680 = DIRECTION('',(0.5,0.866025403784,0.));
#7681 = DIRECTION('',(0.,0.,1.));
#7682 = ADVANCED_FACE('',(#7683),#7694,.T.);
#7683 = FACE_BOUND('',#7684,.T.);
#7684 = EDGE_LOOP('',(#7685,#7691,#7692,#7693));
#7685 = ORIENTED_EDGE('',*,*,#7686,.F.);
#7686 = EDGE_CURVE('',#5715,#5795,#7687,.T.);
#7687 = LINE('',#7688,#7689);
#7688 = CARTESIAN_POINT('',(43.946570719219,-30.22230669589,18.));
#7689 = VECTOR('',#7690,1.);
#7690 = DIRECTION('',(0.,0.,1.));
#7691 = ORIENTED_EDGE('',*,*,#5714,.T.);
#7692 = ORIENTED_EDGE('',*,*,#7670,.T.);
#7693 = ORIENTED_EDGE('',*,*,#5794,.F.);
#7694 = PLANE('',#7695);
#7695 = AXIS2_PLACEMENT_3D('',#7696,#7697,#7698);
#7696 = CARTESIAN_POINT('',(43.946570719219,-30.22230669589,18.));
#7697 = DIRECTION('',(0.866025403784,-0.5,0.));
#7698 = DIRECTION('',(0.,0.,1.));
#7699 = ADVANCED_FACE('',(#7700),#7711,.T.);
#7700 = FACE_BOUND('',#7701,.T.);
#7701 = EDGE_LOOP('',(#7702,#7703,#7704,#7705));
#7702 = ORIENTED_EDGE('',*,*,#5722,.F.);
#7703 = ORIENTED_EDGE('',*,*,#7686,.T.);
#7704 = ORIENTED_EDGE('',*,*,#5802,.T.);
#7705 = ORIENTED_EDGE('',*,*,#7706,.F.);
#7706 = EDGE_CURVE('',#5723,#5803,#7707,.T.);
#7707 = LINE('',#7708,#7709);
#7708 = CARTESIAN_POINT('',(44.98580120376,-30.82230669589,18.));
#7709 = VECTOR('',#7710,1.);
#7710 = DIRECTION('',(0.,0.,1.));
#7711 = PLANE('',#7712);
#7712 = AXIS2_PLACEMENT_3D('',#7713,#7714,#7715);
#7713 = CARTESIAN_POINT('',(43.946570719219,-30.22230669589,18.));
#7714 = DIRECTION('',(0.5,0.866025403784,0.));
#7715 = DIRECTION('',(0.,0.,1.));
#7716 = ADVANCED_FACE('',(#7717),#7723,.F.);
#7717 = FACE_BOUND('',#7718,.F.);
#7718 = EDGE_LOOP('',(#7719,#7720,#7721,#7722));
#7719 = ORIENTED_EDGE('',*,*,#5810,.F.);
#7720 = ORIENTED_EDGE('',*,*,#7706,.F.);
#7721 = ORIENTED_EDGE('',*,*,#5730,.T.);
#7722 = ORIENTED_EDGE('',*,*,#5834,.T.);
#7723 = PLANE('',#7724);
#7724 = AXIS2_PLACEMENT_3D('',#7725,#7726,#7727);
#7725 = CARTESIAN_POINT('',(44.98580120376,-30.82230669589,18.));
#7726 = DIRECTION('',(0.866025403784,-0.5,0.));
#7727 = DIRECTION('',(0.,0.,1.));
#7728 = ADVANCED_FACE('',(#7729),#7747,.T.);
#7729 = FACE_BOUND('',#7730,.T.);
#7730 = EDGE_LOOP('',(#7731,#7732,#7740,#7746));
#7731 = ORIENTED_EDGE('',*,*,#5878,.T.);
#7732 = ORIENTED_EDGE('',*,*,#7733,.T.);
#7733 = EDGE_CURVE('',#5870,#7734,#7736,.T.);
#7734 = VERTEX_POINT('',#7735);
#7735 = CARTESIAN_POINT('',(-42.31564446927,38.486702030054,28.7));
#7736 = LINE('',#7737,#7738);
#7737 = CARTESIAN_POINT('',(-42.31564446927,38.486702030054,26.5));
#7738 = VECTOR('',#7739,1.);
#7739 = DIRECTION('',(0.,0.,1.));
#7740 = ORIENTED_EDGE('',*,*,#7741,.T.);
#7741 = EDGE_CURVE('',#7734,#5895,#7742,.T.);
#7742 = LINE('',#7743,#7744);
#7743 = CARTESIAN_POINT('',(-44.15220480782,37.853826205528,28.7));
#7744 = VECTOR('',#7745,1.);
#7745 = DIRECTION('',(0.94543972822,0.32579705386,0.));
#7746 = ORIENTED_EDGE('',*,*,#5918,.T.);
#7747 = PLANE('',#7748);
#7748 = AXIS2_PLACEMENT_3D('',#7749,#7750,#7751);
#7749 = CARTESIAN_POINT('',(-44.15220480782,37.853826205528,27.5));
#7750 = DIRECTION('',(-0.32579705386,0.94543972822,0.));
#7751 = DIRECTION('',(0.,0.,1.));
#7752 = ADVANCED_FACE('',(#7753),#7765,.T.);
#7753 = FACE_BOUND('',#7754,.T.);
#7754 = EDGE_LOOP('',(#7755,#7762,#7763,#7764));
#7755 = ORIENTED_EDGE('',*,*,#7756,.F.);
#7756 = EDGE_CURVE('',#7734,#6087,#7757,.T.);
#7757 = CIRCLE('',#7758,57.2);
#7758 = AXIS2_PLACEMENT_3D('',#7759,#7760,#7761);
#7759 = CARTESIAN_POINT('',(0.,0.,28.7));
#7760 = DIRECTION('',(0.,0.,1.));
#7761 = DIRECTION('',(1.,0.,-0.));
#7762 = ORIENTED_EDGE('',*,*,#7733,.F.);
#7763 = ORIENTED_EDGE('',*,*,#5869,.T.);
#7764 = ORIENTED_EDGE('',*,*,#6110,.T.);
#7765 = CYLINDRICAL_SURFACE('',#7766,57.2);
#7766 = AXIS2_PLACEMENT_3D('',#7767,#7768,#7769);
#7767 = CARTESIAN_POINT('',(0.,0.,26.5));
#7768 = DIRECTION('',(0.,0.,1.));
#7769 = DIRECTION('',(1.,0.,-0.));
#7770 = ADVANCED_FACE('',(#7771,#7793),#7796,.T.);
#7771 = FACE_BOUND('',#7772,.T.);
#7772 = EDGE_LOOP('',(#7773,#7774,#7782,#7788,#7789,#7790,#7791,#7792));
#7773 = ORIENTED_EDGE('',*,*,#6036,.F.);
#7774 = ORIENTED_EDGE('',*,*,#7775,.F.);
#7775 = EDGE_CURVE('',#7776,#6029,#7778,.T.);
#7776 = VERTEX_POINT('',#7777);
#7777 = CARTESIAN_POINT('',(-31.84455389073,37.501408140229,28.7));
#7778 = LINE('',#7779,#7780);
#7779 = CARTESIAN_POINT('',(-31.84455389073,37.501408140229,28.7));
#7780 = VECTOR('',#7781,1.);
#7781 = DIRECTION('',(-0.707106781187,-0.707106781187,0.));
#7782 = ORIENTED_EDGE('',*,*,#7783,.T.);
#7783 = EDGE_CURVE('',#7776,#5893,#7784,.T.);
#7784 = LINE('',#7785,#7786);
#7785 = CARTESIAN_POINT('',(-31.84455389073,37.501408140229,28.7));
#7786 = VECTOR('',#7787,1.);
#7787 = DIRECTION('',(-0.707106781187,0.707106781187,0.));
#7788 = ORIENTED_EDGE('',*,*,#5892,.T.);
#7789 = ORIENTED_EDGE('',*,*,#7741,.F.);
#7790 = ORIENTED_EDGE('',*,*,#7756,.T.);
#7791 = ORIENTED_EDGE('',*,*,#6084,.F.);
#7792 = ORIENTED_EDGE('',*,*,#6142,.T.);
#7793 = FACE_BOUND('',#7794,.T.);
#7794 = EDGE_LOOP('',(#7795));
#7795 = ORIENTED_EDGE('',*,*,#5999,.F.);
#7796 = PLANE('',#7797);
#7797 = AXIS2_PLACEMENT_3D('',#7798,#7799,#7800);
#7798 = CARTESIAN_POINT('',(-31.84455389073,37.501408140229,28.7));
#7799 = DIRECTION('',(0.,0.,1.));
#7800 = DIRECTION('',(-0.707106781187,0.707106781187,0.));
#7801 = ADVANCED_FACE('',(#7802),#7813,.F.);
#7802 = FACE_BOUND('',#7803,.F.);
#7803 = EDGE_LOOP('',(#7804,#7805,#7811,#7812));
#7804 = ORIENTED_EDGE('',*,*,#5948,.F.);
#7805 = ORIENTED_EDGE('',*,*,#7806,.T.);
#7806 = EDGE_CURVE('',#5941,#7776,#7807,.T.);
#7807 = LINE('',#7808,#7809);
#7808 = CARTESIAN_POINT('',(-31.84455389073,37.501408140229,27.5));
#7809 = VECTOR('',#7810,1.);
#7810 = DIRECTION('',(0.,0.,1.));
#7811 = ORIENTED_EDGE('',*,*,#7783,.T.);
#7812 = ORIENTED_EDGE('',*,*,#5902,.F.);
#7813 = PLANE('',#7814);
#7814 = AXIS2_PLACEMENT_3D('',#7815,#7816,#7817);
#7815 = CARTESIAN_POINT('',(-31.84455389073,37.501408140229,27.5));
#7816 = DIRECTION('',(-0.707106781187,-0.707106781187,0.));
#7817 = DIRECTION('',(0.,0.,1.));
#7818 = ADVANCED_FACE('',(#7819),#7825,.F.);
#7819 = FACE_BOUND('',#7820,.F.);
#7820 = EDGE_LOOP('',(#7821,#7822,#7823,#7824));
#7821 = ORIENTED_EDGE('',*,*,#7806,.F.);
#7822 = ORIENTED_EDGE('',*,*,#5940,.T.);
#7823 = ORIENTED_EDGE('',*,*,#6028,.T.);
#7824 = ORIENTED_EDGE('',*,*,#7775,.F.);
#7825 = PLANE('',#7826);
#7826 = AXIS2_PLACEMENT_3D('',#7827,#7828,#7829);
#7827 = CARTESIAN_POINT('',(-31.84455389073,37.501408140229,27.5));
#7828 = DIRECTION('',(-0.707106781187,0.707106781187,0.));
#7829 = DIRECTION('',(0.,0.,1.));
#7830 = ADVANCED_FACE('',(#7831),#7850,.T.);
#7831 = FACE_BOUND('',#7832,.T.);
#7832 = EDGE_LOOP('',(#7833,#7842,#7843,#7844));
#7833 = ORIENTED_EDGE('',*,*,#7834,.F.);
#7834 = EDGE_CURVE('',#6202,#7835,#7837,.T.);
#7835 = VERTEX_POINT('',#7836);
#7836 = CARTESIAN_POINT('',(42.315644469272,38.486702030054,28.7));
#7837 = CIRCLE('',#7838,57.2);
#7838 = AXIS2_PLACEMENT_3D('',#7839,#7840,#7841);
#7839 = CARTESIAN_POINT('',(0.,0.,28.7));
#7840 = DIRECTION('',(0.,0.,1.));
#7841 = DIRECTION('',(1.,0.,-0.));
#7842 = ORIENTED_EDGE('',*,*,#6211,.F.);
#7843 = ORIENTED_EDGE('',*,*,#6186,.T.);
#7844 = ORIENTED_EDGE('',*,*,#7845,.T.);
#7845 = EDGE_CURVE('',#6179,#7835,#7846,.T.);
#7846 = LINE('',#7847,#7848);
#7847 = CARTESIAN_POINT('',(42.315644469272,38.486702030054,26.5));
#7848 = VECTOR('',#7849,1.);
#7849 = DIRECTION('',(0.,0.,1.));
#7850 = CYLINDRICAL_SURFACE('',#7851,57.2);
#7851 = AXIS2_PLACEMENT_3D('',#7852,#7853,#7854);
#7852 = CARTESIAN_POINT('',(0.,0.,26.5));
#7853 = DIRECTION('',(0.,0.,1.));
#7854 = DIRECTION('',(1.,0.,-0.));
#7855 = ADVANCED_FACE('',(#7856),#7867,.F.);
#7856 = FACE_BOUND('',#7857,.F.);
#7857 = EDGE_LOOP('',(#7858,#7859,#7860,#7866));
#7858 = ORIENTED_EDGE('',*,*,#6178,.T.);
#7859 = ORIENTED_EDGE('',*,*,#7845,.T.);
#7860 = ORIENTED_EDGE('',*,*,#7861,.T.);
#7861 = EDGE_CURVE('',#7835,#6436,#7862,.T.);
#7862 = LINE('',#7863,#7864);
#7863 = CARTESIAN_POINT('',(44.152204807827,37.853826205528,28.7));
#7864 = VECTOR('',#7865,1.);
#7865 = DIRECTION('',(-0.94543972822,0.32579705386,0.));
#7866 = ORIENTED_EDGE('',*,*,#6445,.T.);
#7867 = PLANE('',#7868);
#7868 = AXIS2_PLACEMENT_3D('',#7869,#7870,#7871);
#7869 = CARTESIAN_POINT('',(44.152204807827,37.853826205528,27.5));
#7870 = DIRECTION('',(-0.32579705386,-0.94543972822,0.));
#7871 = DIRECTION('',(0.,0.,1.));
#7872 = ADVANCED_FACE('',(#7873,#7895),#7898,.T.);
#7873 = FACE_BOUND('',#7874,.T.);
#7874 = EDGE_LOOP('',(#7875,#7876,#7884,#7890,#7891,#7892,#7893,#7894));
#7875 = ORIENTED_EDGE('',*,*,#6435,.T.);
#7876 = ORIENTED_EDGE('',*,*,#7877,.F.);
#7877 = EDGE_CURVE('',#7878,#6438,#7880,.T.);
#7878 = VERTEX_POINT('',#7879);
#7879 = CARTESIAN_POINT('',(31.844553890736,37.501408140229,28.7));
#7880 = LINE('',#7881,#7882);
#7881 = CARTESIAN_POINT('',(31.844553890736,37.501408140229,28.7));
#7882 = VECTOR('',#7883,1.);
#7883 = DIRECTION('',(0.707106781187,0.707106781187,0.));
#7884 = ORIENTED_EDGE('',*,*,#7885,.F.);
#7885 = EDGE_CURVE('',#6316,#7878,#7886,.T.);
#7886 = LINE('',#7887,#7888);
#7887 = CARTESIAN_POINT('',(37.501408140229,31.844553890736,28.7));
#7888 = VECTOR('',#7889,1.);
#7889 = DIRECTION('',(-0.707106781187,0.707106781187,0.));
#7890 = ORIENTED_EDGE('',*,*,#6323,.T.);
#7891 = ORIENTED_EDGE('',*,*,#6259,.F.);
#7892 = ORIENTED_EDGE('',*,*,#6201,.F.);
#7893 = ORIENTED_EDGE('',*,*,#7834,.T.);
#7894 = ORIENTED_EDGE('',*,*,#7861,.T.);
#7895 = FACE_BOUND('',#7896,.T.);
#7896 = EDGE_LOOP('',(#7897));
#7897 = ORIENTED_EDGE('',*,*,#6407,.F.);
#7898 = PLANE('',#7899);
#7899 = AXIS2_PLACEMENT_3D('',#7900,#7901,#7902);
#7900 = CARTESIAN_POINT('',(37.501408140229,31.844553890736,28.7));
#7901 = DIRECTION('',(0.,0.,1.));
#7902 = DIRECTION('',(0.707106781187,0.707106781187,0.));
#7903 = ADVANCED_FACE('',(#7904),#7915,.F.);
#7904 = FACE_BOUND('',#7905,.F.);
#7905 = EDGE_LOOP('',(#7906,#7907,#7908,#7914));
#7906 = ORIENTED_EDGE('',*,*,#6315,.F.);
#7907 = ORIENTED_EDGE('',*,*,#6357,.T.);
#7908 = ORIENTED_EDGE('',*,*,#7909,.T.);
#7909 = EDGE_CURVE('',#6350,#7878,#7910,.T.);
#7910 = LINE('',#7911,#7912);
#7911 = CARTESIAN_POINT('',(31.844553890736,37.501408140229,27.5));
#7912 = VECTOR('',#7913,1.);
#7913 = DIRECTION('',(0.,0.,1.));
#7914 = ORIENTED_EDGE('',*,*,#7885,.F.);
#7915 = PLANE('',#7916);
#7916 = AXIS2_PLACEMENT_3D('',#7917,#7918,#7919);
#7917 = CARTESIAN_POINT('',(37.501408140229,31.844553890736,27.5));
#7918 = DIRECTION('',(0.707106781187,0.707106781187,0.));
#7919 = DIRECTION('',(0.,0.,1.));
#7920 = ADVANCED_FACE('',(#7921),#7927,.T.);
#7921 = FACE_BOUND('',#7922,.T.);
#7922 = EDGE_LOOP('',(#7923,#7924,#7925,#7926));
#7923 = ORIENTED_EDGE('',*,*,#6349,.F.);
#7924 = ORIENTED_EDGE('',*,*,#7909,.T.);
#7925 = ORIENTED_EDGE('',*,*,#7877,.T.);
#7926 = ORIENTED_EDGE('',*,*,#6454,.F.);
#7927 = PLANE('',#7928);
#7928 = AXIS2_PLACEMENT_3D('',#7929,#7930,#7931);
#7929 = CARTESIAN_POINT('',(31.844553890736,37.501408140229,27.5));
#7930 = DIRECTION('',(-0.707106781187,0.707106781187,0.));
#7931 = DIRECTION('',(0.,0.,1.));
#7932 = ADVANCED_FACE('',(#7933),#7944,.T.);
#7933 = FACE_BOUND('',#7934,.T.);
#7934 = EDGE_LOOP('',(#7935,#7936,#7942,#7943));
#7935 = ORIENTED_EDGE('',*,*,#7205,.F.);
#7936 = ORIENTED_EDGE('',*,*,#7937,.T.);
#7937 = EDGE_CURVE('',#7206,#6487,#7938,.T.);
#7938 = LINE('',#7939,#7940);
#7939 = CARTESIAN_POINT('',(57.6,-1.410793112618E-14,17.4));
#7940 = VECTOR('',#7941,1.);
#7941 = DIRECTION('',(0.,0.,-1.));
#7942 = ORIENTED_EDGE('',*,*,#6486,.T.);
#7943 = ORIENTED_EDGE('',*,*,#7937,.F.);
#7944 = CYLINDRICAL_SURFACE('',#7945,57.6);
#7945 = AXIS2_PLACEMENT_3D('',#7946,#7947,#7948);
#7946 = CARTESIAN_POINT('',(0.,0.,5.));
#7947 = DIRECTION('',(0.,0.,1.));
#7948 = DIRECTION('',(1.,0.,-0.));
#7949 = ADVANCED_FACE('',(#7950),#7968,.T.);
#7950 = FACE_BOUND('',#7951,.T.);
#7951 = EDGE_LOOP('',(#7952,#7960,#7966,#7967));
#7952 = ORIENTED_EDGE('',*,*,#7953,.F.);
#7953 = EDGE_CURVE('',#7954,#6507,#7956,.T.);
#7954 = VERTEX_POINT('',#7955);
#7955 = CARTESIAN_POINT('',(50.275663547905,-25.26079283826,4.99));
#7956 = LINE('',#7957,#7958);
#7957 = CARTESIAN_POINT('',(50.275663547905,-25.26079283826,4.99));
#7958 = VECTOR('',#7959,1.);
#7959 = DIRECTION('',(0.,0.,1.));
#7960 = ORIENTED_EDGE('',*,*,#7961,.T.);
#7961 = EDGE_CURVE('',#7954,#6628,#7962,.T.);
#7962 = LINE('',#7963,#7964);
#7963 = CARTESIAN_POINT('',(48.022651628564,-29.49809198171,4.99));
#7964 = VECTOR('',#7965,1.);
#7965 = DIRECTION('',(0.469471562786,0.882947592859,0.));
#7966 = ORIENTED_EDGE('',*,*,#6661,.T.);
#7967 = ORIENTED_EDGE('',*,*,#6506,.F.);
#7968 = PLANE('',#7969);
#7969 = AXIS2_PLACEMENT_3D('',#7970,#7971,#7972);
#7970 = CARTESIAN_POINT('',(48.022651628564,-29.49809198171,4.99));
#7971 = DIRECTION('',(0.882947592859,-0.469471562786,0.));
#7972 = DIRECTION('',(0.,0.,1.));
#7973 = ADVANCED_FACE('',(#7974),#7993,.T.);
#7974 = FACE_BOUND('',#7975,.T.);
#7975 = EDGE_LOOP('',(#7976,#7977,#7985,#7992));
#7976 = ORIENTED_EDGE('',*,*,#6514,.F.);
#7977 = ORIENTED_EDGE('',*,*,#7978,.F.);
#7978 = EDGE_CURVE('',#7979,#6515,#7981,.T.);
#7979 = VERTEX_POINT('',#7980);
#7980 = CARTESIAN_POINT('',(49.055940648724,-27.55475797514,4.99));
#7981 = LINE('',#7982,#7983);
#7982 = CARTESIAN_POINT('',(49.055940648724,-27.55475797514,4.99));
#7983 = VECTOR('',#7984,1.);
#7984 = DIRECTION('',(0.,0.,1.));
#7985 = ORIENTED_EDGE('',*,*,#7986,.T.);
#7986 = EDGE_CURVE('',#7979,#7954,#7987,.T.);
#7987 = CIRCLE('',#7988,3.5);
#7988 = AXIS2_PLACEMENT_3D('',#7989,#7990,#7991);
#7989 = CARTESIAN_POINT('',(46.796222421523,-24.88199282765,4.99));
#7990 = DIRECTION('',(0.,0.,1.));
#7991 = DIRECTION('',(0.6456337792,-0.763647184998,0.));
#7992 = ORIENTED_EDGE('',*,*,#7953,.T.);
#7993 = CYLINDRICAL_SURFACE('',#7994,3.5);
#7994 = AXIS2_PLACEMENT_3D('',#7995,#7996,#7997);
#7995 = CARTESIAN_POINT('',(46.796222421523,-24.88199282765,4.99));
#7996 = DIRECTION('',(0.,0.,1.));
#7997 = DIRECTION('',(0.882947592859,-0.469471562786,0.));
#7998 = ADVANCED_FACE('',(#7999),#8010,.T.);
#7999 = FACE_BOUND('',#8000,.T.);
#8000 = EDGE_LOOP('',(#8001,#8002,#8008,#8009));
#8001 = ORIENTED_EDGE('',*,*,#6813,.F.);
#8002 = ORIENTED_EDGE('',*,*,#8003,.T.);
#8003 = EDGE_CURVE('',#6789,#7979,#8004,.T.);
#8004 = LINE('',#8005,#8006);
#8005 = CARTESIAN_POINT('',(48.022651628564,-29.49809198171,4.99));
#8006 = VECTOR('',#8007,1.);
#8007 = DIRECTION('',(0.469471562786,0.882947592859,0.));
#8008 = ORIENTED_EDGE('',*,*,#7978,.T.);
#8009 = ORIENTED_EDGE('',*,*,#6523,.F.);
#8010 = PLANE('',#8011);
#8011 = AXIS2_PLACEMENT_3D('',#8012,#8013,#8014);
#8012 = CARTESIAN_POINT('',(48.022651628564,-29.49809198171,4.99));
#8013 = DIRECTION('',(0.882947592859,-0.469471562786,0.));
#8014 = DIRECTION('',(0.,0.,1.));
#8015 = ADVANCED_FACE('',(#8016),#8027,.T.);
#8016 = FACE_BOUND('',#8017,.T.);
#8017 = EDGE_LOOP('',(#8018,#8024,#8025,#8026));
#8018 = ORIENTED_EDGE('',*,*,#8019,.F.);
#8019 = EDGE_CURVE('',#7387,#6547,#8020,.T.);
#8020 = LINE('',#8021,#8022);
#8021 = CARTESIAN_POINT('',(-22.59494887208,-51.52881024696,4.99));
#8022 = VECTOR('',#8023,1.);
#8023 = DIRECTION('',(0.,0.,1.));
#8024 = ORIENTED_EDGE('',*,*,#7395,.T.);
#8025 = ORIENTED_EDGE('',*,*,#6905,.T.);
#8026 = ORIENTED_EDGE('',*,*,#6546,.F.);
#8027 = PLANE('',#8028);
#8028 = AXIS2_PLACEMENT_3D('',#8029,#8030,#8031);
#8029 = CARTESIAN_POINT('',(-26.94435447754,-49.50064910471,4.99));
#8030 = DIRECTION('',(-0.422618261741,-0.906307787037,0.));
#8031 = DIRECTION('',(0.,0.,1.));
#8032 = ADVANCED_FACE('',(#8033),#8044,.T.);
#8033 = FACE_BOUND('',#8034,.T.);
#8034 = EDGE_LOOP('',(#8035,#8036,#8042,#8043));
#8035 = ORIENTED_EDGE('',*,*,#6554,.F.);
#8036 = ORIENTED_EDGE('',*,*,#8037,.F.);
#8037 = EDGE_CURVE('',#7379,#6555,#8038,.T.);
#8038 = LINE('',#8039,#8040);
#8039 = CARTESIAN_POINT('',(-24.94960557374,-50.43081579465,4.99));
#8040 = VECTOR('',#8041,1.);
#8041 = DIRECTION('',(0.,0.,1.));
#8042 = ORIENTED_EDGE('',*,*,#7386,.T.);
#8043 = ORIENTED_EDGE('',*,*,#8019,.T.);
#8044 = CYLINDRICAL_SURFACE('',#8045,3.5);
#8045 = AXIS2_PLACEMENT_3D('',#8046,#8047,#8048);
#8046 = CARTESIAN_POINT('',(-22.39876787225,-48.03431271294,4.99));
#8047 = DIRECTION('',(0.,0.,1.));
#8048 = DIRECTION('',(-0.422618261741,-0.906307787037,0.));
#8049 = ADVANCED_FACE('',(#8050),#8056,.T.);
#8050 = FACE_BOUND('',#8051,.T.);
#8051 = EDGE_LOOP('',(#8052,#8053,#8054,#8055));
#8052 = ORIENTED_EDGE('',*,*,#7041,.F.);
#8053 = ORIENTED_EDGE('',*,*,#7378,.T.);
#8054 = ORIENTED_EDGE('',*,*,#8037,.T.);
#8055 = ORIENTED_EDGE('',*,*,#6563,.F.);
#8056 = PLANE('',#8057);
#8057 = AXIS2_PLACEMENT_3D('',#8058,#8059,#8060);
#8058 = CARTESIAN_POINT('',(-26.94435447754,-49.50064910471,4.99));
#8059 = DIRECTION('',(-0.422618261741,-0.906307787037,0.));
#8060 = DIRECTION('',(0.,0.,1.));
#8061 = ADVANCED_FACE('',(#8062),#8073,.T.);
#8062 = FACE_BOUND('',#8063,.T.);
#8063 = EDGE_LOOP('',(#8064,#8070,#8071,#8072));
#8064 = ORIENTED_EDGE('',*,*,#8065,.F.);
#8065 = EDGE_CURVE('',#7274,#6587,#8066,.T.);
#8066 = LINE('',#8067,#8068);
#8067 = CARTESIAN_POINT('',(-33.32778426462,45.332204843918,4.99));
#8068 = VECTOR('',#8069,1.);
#8069 = DIRECTION('',(0.,0.,1.));
#8070 = ORIENTED_EDGE('',*,*,#7282,.T.);
#8071 = ORIENTED_EDGE('',*,*,#7000,.T.);
#8072 = ORIENTED_EDGE('',*,*,#6586,.F.);
#8073 = PLANE('',#8074);
#8074 = AXIS2_PLACEMENT_3D('',#8075,#8076,#8077);
#8075 = CARTESIAN_POINT('',(-29.39664238973,48.084820018484,4.99));
#8076 = DIRECTION('',(-0.573576436351,0.819152044289,0.));
#8077 = DIRECTION('',(0.,0.,1.));
#8078 = ADVANCED_FACE('',(#8079),#8090,.T.);
#8079 = FACE_BOUND('',#8080,.T.);
#8080 = EDGE_LOOP('',(#8081,#8082,#8088,#8089));
#8081 = ORIENTED_EDGE('',*,*,#6594,.F.);
#8082 = ORIENTED_EDGE('',*,*,#8083,.F.);
#8083 = EDGE_CURVE('',#7266,#6595,#8084,.T.);
#8084 = LINE('',#8085,#8086);
#8085 = CARTESIAN_POINT('',(-31.19956482487,46.822400138594,4.99));
#8086 = VECTOR('',#8087,1.);
#8087 = DIRECTION('',(0.,0.,1.));
#8088 = ORIENTED_EDGE('',*,*,#7273,.T.);
#8089 = ORIENTED_EDGE('',*,*,#8065,.T.);
#8090 = CYLINDRICAL_SURFACE('',#8091,3.5);
#8091 = AXIS2_PLACEMENT_3D('',#8092,#8093,#8094);
#8092 = CARTESIAN_POINT('',(-30.3995511266,43.415058347317,4.99));
#8093 = DIRECTION('',(0.,0.,1.));
#8094 = DIRECTION('',(-0.573576436351,0.819152044289,0.));
#8095 = ADVANCED_FACE('',(#8096),#8102,.T.);
#8096 = FACE_BOUND('',#8097,.T.);
#8097 = EDGE_LOOP('',(#8098,#8099,#8100,#8101));
#8098 = ORIENTED_EDGE('',*,*,#6859,.F.);
#8099 = ORIENTED_EDGE('',*,*,#7265,.T.);
#8100 = ORIENTED_EDGE('',*,*,#8083,.T.);
#8101 = ORIENTED_EDGE('',*,*,#6603,.F.);
#8102 = PLANE('',#8103);
#8103 = AXIS2_PLACEMENT_3D('',#8104,#8105,#8106);
#8104 = CARTESIAN_POINT('',(-29.39664238973,48.084820018484,4.99));
#8105 = DIRECTION('',(-0.573576436351,0.819152044289,0.));
#8106 = DIRECTION('',(0.,0.,1.));
#8107 = ADVANCED_FACE('',(#8108,#8128),#8139,.F.);
#8108 = FACE_BOUND('',#8109,.F.);
#8109 = EDGE_LOOP('',(#8110,#8111,#8117,#8118,#8124,#8125,#8126,#8127));
#8110 = ORIENTED_EDGE('',*,*,#6627,.T.);
#8111 = ORIENTED_EDGE('',*,*,#8112,.F.);
#8112 = EDGE_CURVE('',#6711,#6630,#8113,.T.);
#8113 = LINE('',#8114,#8115);
#8114 = CARTESIAN_POINT('',(44.490861257128,-27.62020573056,4.99));
#8115 = VECTOR('',#8116,1.);
#8116 = DIRECTION('',(0.469471562786,0.882947592859,0.));
#8117 = ORIENTED_EDGE('',*,*,#6718,.T.);
#8118 = ORIENTED_EDGE('',*,*,#8119,.F.);
#8119 = EDGE_CURVE('',#6787,#6719,#8120,.T.);
#8120 = LINE('',#8121,#8122);
#8121 = CARTESIAN_POINT('',(44.490861257128,-27.62020573056,4.99));
#8122 = VECTOR('',#8123,1.);
#8123 = DIRECTION('',(0.469471562786,0.882947592859,0.));
#8124 = ORIENTED_EDGE('',*,*,#6786,.T.);
#8125 = ORIENTED_EDGE('',*,*,#8003,.T.);
#8126 = ORIENTED_EDGE('',*,*,#7986,.T.);
#8127 = ORIENTED_EDGE('',*,*,#7961,.T.);
#8128 = FACE_BOUND('',#8129,.F.);
#8129 = EDGE_LOOP('',(#8130));
#8130 = ORIENTED_EDGE('',*,*,#8131,.F.);
#8131 = EDGE_CURVE('',#8132,#8132,#8134,.T.);
#8132 = VERTEX_POINT('',#8133);
#8133 = CARTESIAN_POINT('',(48.562117607241,-25.82093595322,4.99));
#8134 = CIRCLE('',#8135,2.);
#8135 = AXIS2_PLACEMENT_3D('',#8136,#8137,#8138);
#8136 = CARTESIAN_POINT('',(46.796222421523,-24.88199282765,4.99));
#8137 = DIRECTION('',(0.,0.,1.));
#8138 = DIRECTION('',(0.882947592859,-0.469471562786,0.));
#8139 = PLANE('',#8140);
#8140 = AXIS2_PLACEMENT_3D('',#8141,#8142,#8143);
#8141 = CARTESIAN_POINT('',(44.490861257128,-27.62020573056,4.99));
#8142 = DIRECTION('',(0.,0.,1.));
#8143 = DIRECTION('',(0.882947592859,-0.469471562786,0.));
#8144 = ADVANCED_FACE('',(#8145),#8156,.F.);
#8145 = FACE_BOUND('',#8146,.F.);
#8146 = EDGE_LOOP('',(#8147,#8153,#8154,#8155));
#8147 = ORIENTED_EDGE('',*,*,#8148,.F.);
#8148 = EDGE_CURVE('',#6702,#6638,#8149,.T.);
#8149 = LINE('',#8150,#8151);
#8150 = CARTESIAN_POINT('',(44.490861257128,-27.62020573056,8.));
#8151 = VECTOR('',#8152,1.);
#8152 = DIRECTION('',(0.469471562786,0.882947592859,0.));
#8153 = ORIENTED_EDGE('',*,*,#6710,.F.);
#8154 = ORIENTED_EDGE('',*,*,#8112,.T.);
#8155 = ORIENTED_EDGE('',*,*,#6637,.T.);
#8156 = PLANE('',#8157);
#8157 = AXIS2_PLACEMENT_3D('',#8158,#8159,#8160);
#8158 = CARTESIAN_POINT('',(44.490861257128,-27.62020573056,4.99));
#8159 = DIRECTION('',(0.882947592859,-0.469471562786,0.));
#8160 = DIRECTION('',(0.,0.,1.));
#8161 = ADVANCED_FACE('',(#8162),#8167,.T.);
#8162 = FACE_BOUND('',#8163,.T.);
#8163 = EDGE_LOOP('',(#8164,#8165,#8166));
#8164 = ORIENTED_EDGE('',*,*,#8148,.F.);
#8165 = ORIENTED_EDGE('',*,*,#6701,.F.);
#8166 = ORIENTED_EDGE('',*,*,#6645,.F.);
#8167 = PLANE('',#8168);
#8168 = AXIS2_PLACEMENT_3D('',#8169,#8170,#8171);
#8169 = CARTESIAN_POINT('',(44.490861257128,-27.62020573056,8.));
#8170 = DIRECTION('',(0.,0.,1.));
#8171 = DIRECTION('',(0.882947592859,-0.469471562786,0.));
#8172 = ADVANCED_FACE('',(#8173),#8183,.T.);
#8173 = FACE_BOUND('',#8174,.T.);
#8174 = EDGE_LOOP('',(#8175,#8181,#8182));
#8175 = ORIENTED_EDGE('',*,*,#8176,.F.);
#8176 = EDGE_CURVE('',#6797,#6728,#8177,.T.);
#8177 = LINE('',#8178,#8179);
#8178 = CARTESIAN_POINT('',(44.490861257128,-27.62020573056,8.));
#8179 = VECTOR('',#8180,1.);
#8180 = DIRECTION('',(0.469471562786,0.882947592859,0.));
#8181 = ORIENTED_EDGE('',*,*,#6804,.T.);
#8182 = ORIENTED_EDGE('',*,*,#6735,.F.);
#8183 = PLANE('',#8184);
#8184 = AXIS2_PLACEMENT_3D('',#8185,#8186,#8187);
#8185 = CARTESIAN_POINT('',(44.490861257128,-27.62020573056,8.));
#8186 = DIRECTION('',(0.,0.,1.));
#8187 = DIRECTION('',(0.882947592859,-0.469471562786,0.));
#8188 = ADVANCED_FACE('',(#8189),#8195,.F.);
#8189 = FACE_BOUND('',#8190,.F.);
#8190 = EDGE_LOOP('',(#8191,#8192,#8193,#8194));
#8191 = ORIENTED_EDGE('',*,*,#8176,.F.);
#8192 = ORIENTED_EDGE('',*,*,#6796,.F.);
#8193 = ORIENTED_EDGE('',*,*,#8119,.T.);
#8194 = ORIENTED_EDGE('',*,*,#6727,.T.);
#8195 = PLANE('',#8196);
#8196 = AXIS2_PLACEMENT_3D('',#8197,#8198,#8199);
#8197 = CARTESIAN_POINT('',(44.490861257128,-27.62020573056,4.99));
#8198 = DIRECTION('',(0.882947592859,-0.469471562786,0.));
#8199 = DIRECTION('',(0.,0.,1.));
#8200 = ADVANCED_FACE('',(#8201),#8207,.F.);
#8201 = FACE_BOUND('',#8202,.F.);
#8202 = EDGE_LOOP('',(#8203,#8204,#8205,#8206));
#8203 = ORIENTED_EDGE('',*,*,#7094,.F.);
#8204 = ORIENTED_EDGE('',*,*,#7135,.T.);
#8205 = ORIENTED_EDGE('',*,*,#7118,.T.);
#8206 = ORIENTED_EDGE('',*,*,#7063,.F.);
#8207 = PLANE('',#8208);
#8208 = AXIS2_PLACEMENT_3D('',#8209,#8210,#8211);
#8209 = CARTESIAN_POINT('',(-50.91326656684,19.595006697974,8.5));
#8210 = DIRECTION('',(-0.965925826289,0.258819045103,0.));
#8211 = DIRECTION('',(0.,0.,1.));
#8212 = ADVANCED_FACE('',(#8213),#8232,.F.);
#8213 = FACE_BOUND('',#8214,.F.);
#8214 = EDGE_LOOP('',(#8215,#8223,#8230,#8231));
#8215 = ORIENTED_EDGE('',*,*,#8216,.T.);
#8216 = EDGE_CURVE('',#7291,#8217,#8219,.T.);
#8217 = VERTEX_POINT('',#8218);
#8218 = CARTESIAN_POINT('',(-31.5467039993,45.053362435895,11.));
#8219 = LINE('',#8220,#8221);
#8220 = CARTESIAN_POINT('',(-31.5467039993,45.053362435895,4.));
#8221 = VECTOR('',#8222,1.);
#8222 = DIRECTION('',(0.,0.,1.));
#8223 = ORIENTED_EDGE('',*,*,#8224,.F.);
#8224 = EDGE_CURVE('',#8217,#8217,#8225,.T.);
#8225 = CIRCLE('',#8226,2.);
#8226 = AXIS2_PLACEMENT_3D('',#8227,#8228,#8229);
#8227 = CARTESIAN_POINT('',(-30.3995511266,43.415058347317,11.));
#8228 = DIRECTION('',(0.,0.,1.));
#8229 = DIRECTION('',(-0.573576436351,0.819152044289,0.));
#8230 = ORIENTED_EDGE('',*,*,#8216,.F.);
#8231 = ORIENTED_EDGE('',*,*,#7290,.T.);
#8232 = CYLINDRICAL_SURFACE('',#8233,2.);
#8233 = AXIS2_PLACEMENT_3D('',#8234,#8235,#8236);
#8234 = CARTESIAN_POINT('',(-30.3995511266,43.415058347317,4.));
#8235 = DIRECTION('',(0.,0.,1.));
#8236 = DIRECTION('',(-0.573576436351,0.819152044289,0.));
#8237 = ADVANCED_FACE('',(#8238),#8257,.F.);
#8238 = FACE_BOUND('',#8239,.F.);
#8239 = EDGE_LOOP('',(#8240,#8248,#8255,#8256));
#8240 = ORIENTED_EDGE('',*,*,#8241,.T.);
#8241 = EDGE_CURVE('',#7404,#8242,#8244,.T.);
#8242 = VERTEX_POINT('',#8243);
#8243 = CARTESIAN_POINT('',(-23.24400439573,-49.84692828701,11.));
#8244 = LINE('',#8245,#8246);
#8245 = CARTESIAN_POINT('',(-23.24400439573,-49.84692828701,4.));
#8246 = VECTOR('',#8247,1.);
#8247 = DIRECTION('',(0.,0.,1.));
#8248 = ORIENTED_EDGE('',*,*,#8249,.F.);
#8249 = EDGE_CURVE('',#8242,#8242,#8250,.T.);
#8250 = CIRCLE('',#8251,2.);
#8251 = AXIS2_PLACEMENT_3D('',#8252,#8253,#8254);
#8252 = CARTESIAN_POINT('',(-22.39876787225,-48.03431271294,11.));
#8253 = DIRECTION('',(0.,0.,1.));
#8254 = DIRECTION('',(-0.422618261741,-0.906307787037,0.));
#8255 = ORIENTED_EDGE('',*,*,#8241,.F.);
#8256 = ORIENTED_EDGE('',*,*,#7403,.T.);
#8257 = CYLINDRICAL_SURFACE('',#8258,2.);
#8258 = AXIS2_PLACEMENT_3D('',#8259,#8260,#8261);
#8259 = CARTESIAN_POINT('',(-22.39876787225,-48.03431271294,4.));
#8260 = DIRECTION('',(0.,0.,1.));
#8261 = DIRECTION('',(-0.422618261741,-0.906307787037,0.));
#8262 = ADVANCED_FACE('',(#8263),#8282,.F.);
#8263 = FACE_BOUND('',#8264,.F.);
#8264 = EDGE_LOOP('',(#8265,#8273,#8280,#8281));
#8265 = ORIENTED_EDGE('',*,*,#8266,.T.);
#8266 = EDGE_CURVE('',#8132,#8267,#8269,.T.);
#8267 = VERTEX_POINT('',#8268);
#8268 = CARTESIAN_POINT('',(48.562117607241,-25.82093595322,11.));
#8269 = LINE('',#8270,#8271);
#8270 = CARTESIAN_POINT('',(48.562117607241,-25.82093595322,4.));
#8271 = VECTOR('',#8272,1.);
#8272 = DIRECTION('',(0.,0.,1.));
#8273 = ORIENTED_EDGE('',*,*,#8274,.F.);
#8274 = EDGE_CURVE('',#8267,#8267,#8275,.T.);
#8275 = CIRCLE('',#8276,2.);
#8276 = AXIS2_PLACEMENT_3D('',#8277,#8278,#8279);
#8277 = CARTESIAN_POINT('',(46.796222421523,-24.88199282765,11.));
#8278 = DIRECTION('',(-0.,0.,1.));
#8279 = DIRECTION('',(0.882947592859,-0.469471562786,0.));
#8280 = ORIENTED_EDGE('',*,*,#8266,.F.);
#8281 = ORIENTED_EDGE('',*,*,#8131,.T.);
#8282 = CYLINDRICAL_SURFACE('',#8283,2.);
#8283 = AXIS2_PLACEMENT_3D('',#8284,#8285,#8286);
#8284 = CARTESIAN_POINT('',(46.796222421523,-24.88199282765,4.));
#8285 = DIRECTION('',(0.,0.,1.));
#8286 = DIRECTION('',(0.882947592859,-0.469471562786,0.));
#8287 = ADVANCED_FACE('',(#8288),#8291,.F.);
#8288 = FACE_BOUND('',#8289,.F.);
#8289 = EDGE_LOOP('',(#8290));
#8290 = ORIENTED_EDGE('',*,*,#8224,.T.);
#8291 = PLANE('',#8292);
#8292 = AXIS2_PLACEMENT_3D('',#8293,#8294,#8295);
#8293 = CARTESIAN_POINT('',(-30.3995511266,43.415058347317,11.));
#8294 = DIRECTION('',(0.,0.,1.));
#8295 = DIRECTION('',(-0.573576436351,0.819152044289,0.));
#8296 = ADVANCED_FACE('',(#8297),#8300,.F.);
#8297 = FACE_BOUND('',#8298,.F.);
#8298 = EDGE_LOOP('',(#8299));
#8299 = ORIENTED_EDGE('',*,*,#8249,.T.);
#8300 = PLANE('',#8301);
#8301 = AXIS2_PLACEMENT_3D('',#8302,#8303,#8304);
#8302 = CARTESIAN_POINT('',(-22.39876787225,-48.03431271294,11.));
#8303 = DIRECTION('',(0.,0.,1.));
#8304 = DIRECTION('',(-0.422618261741,-0.906307787037,0.));
#8305 = ADVANCED_FACE('',(#8306),#8309,.F.);
#8306 = FACE_BOUND('',#8307,.F.);
#8307 = EDGE_LOOP('',(#8308));
#8308 = ORIENTED_EDGE('',*,*,#8274,.T.);
#8309 = PLANE('',#8310);
#8310 = AXIS2_PLACEMENT_3D('',#8311,#8312,#8313);
#8311 = CARTESIAN_POINT('',(46.796222421523,-24.88199282765,11.));
#8312 = DIRECTION('',(0.,0.,1.));
#8313 = DIRECTION('',(0.882947592859,-0.469471562786,0.));
#8314 = ( GEOMETRIC_REPRESENTATION_CONTEXT(3) 
GLOBAL_UNCERTAINTY_ASSIGNED_CONTEXT((#8318)) 
GLOBAL_UNIT_ASSIGNED_CONTEXT((#8315,#8316,#8317)) REPRESENTATION_CONTEXT
('Context #1','3D Context with UNIT and UNCERTAINTY') );
#8315 = ( LENGTH_UNIT() NAMED_UNIT(*) SI_UNIT(.MILLI.,.METRE.) );
#8316 = ( NAMED_UNIT(*) PLANE_ANGLE_UNIT() SI_UNIT($,.RADIAN.) );
#8317 = ( NAMED_UNIT(*) SI_UNIT($,.STERADIAN.) SOLID_ANGLE_UNIT() );
#8318 = UNCERTAINTY_MEASURE_WITH_UNIT(LENGTH_MEASURE(2.E-07),#8315,
  'distance_accuracy_value','confusion accuracy');
#8319 = CONTEXT_DEPENDENT_SHAPE_REPRESENTATION(#8320,#8322);
#8320 = ( REPRESENTATION_RELATIONSHIP('','',#32,#10) 
REPRESENTATION_RELATIONSHIP_WITH_TRANSFORMATION(#8321) 
SHAPE_REPRESENTATION_RELATIONSHIP() );
#8321 = ITEM_DEFINED_TRANSFORMATION('','',#11,#15);
#8322 = PRODUCT_DEFINITION_SHAPE('Placement','Placement of an item',
  #8323);
#8323 = NEXT_ASSEMBLY_USAGE_OCCURRENCE('2','=>[0:1:1:2]','',#5,#27,$);
#8324 = PRODUCT_RELATED_PRODUCT_CATEGORY('part',$,(#29));
ENDSEC;
END-ISO-10303-21;
